Timestamp,Regime,Decision,Direction,Conviction,Mode,CapitalProfile,RiskStyle,Lev,Mult,Votes,Rationale,BlockReason,AegeanSlope,AegeanZone,OrionADX,OrionTrend,ExpMove,Cost,SafetyFactor,Score
1688158860.0,CHOP,NO_GO,HOLD,0.00,NORMAL,PRO,DEFENSIVE,1.0,0.50,Aegean:FLAT(0.00)|Orion:FLAT(0.00),Regime: CHOP (Reduced Weights). Score: 0.00. [WARMUP],WARMUP,0.000000,N/A,0.00,False,0.0,0.0,0.00,0.00
1688158920.0,CHOP,NO_GO,HOLD,0.00,NORMAL,PRO,DEFENSIVE,1.0,0.50,Aegean:FLAT(0.00)|Orion:FLAT(0.00),Regime: CHOP (Reduced Weights). Score: 0.00. [WARMUP],WARMUP,0.000000,N/A,0.00,False,0.0,0.0,0.00,0.00
1688158980.0,CHOP,NO_GO,HOLD,0.00,NORMAL,PRO,DEFENSIVE,1.0,0.50,Aegean:FLAT(0.00)|Orion:FLAT(0.00),Regime: CHOP (Reduced Weights). Score: 0.00. [WARMUP],WARMUP,0.000000,N/A,0.00,False,0.0,0.0,0.00,0.00
1688159040.0,CHOP,NO_GO,HOLD,0.00,NORMAL,PRO,DEFENSIVE,1.0,0.50,Aegean:FLAT(0.00)|Orion:FLAT(0.00),Regime: CHOP (Reduced Weights). Score: 0.00. [WARMUP],WARMUP,0.000000,N/A,0.00,False,0.0,0.0,0.00,0.00
1688159100.0,CHOP,NO_GO,HOLD,0.00,NORMAL,PRO,DEFENSIVE,1.0,0.50,Aegean:FLAT(0.00)|Orion:FLAT(0.00),Regime: CHOP (Reduced Weights). Score: 0.00. [WARMUP],WARMUP,0.000000,N/A,0.00,False,0.0,0.0,0.00,0.00
1688159160.0,CHOP,NO_GO,HOLD,0.00,NORMAL,PRO,DEFENSIVE,1.0,0.50,Aegean:FLAT(0.00)|Orion:FLAT(0.00),Regime: CHOP (Reduced Weights). Score: 0.00. [WARMUP],WARMUP,0.000000,N/A,0.00,False,0.0,0.0,0.00,0.00
1688159220.0,CHOP,NO_GO,HOLD,0.00,NORMAL,PRO,DEFENSIVE,1.0,0.50,Aegean:FLAT(0.00)|Orion:FLAT(0.00),Regime: CHOP (Reduced Weights). Score: 0.00. [WARMUP],WARMUP,0.000000,N/A,0.00,False,0.0,0.0,0.00,0.00
1688159280.0,CHOP,NO_GO,HOLD,0.00,NORMAL,PRO,DEFENSIVE,1.0,0.50,Aegean:FLAT(0.00)|Orion:FLAT(0.00),Regime: CHOP (Reduced Weights). Score: 0.00. [WARMUP],WARMUP,0.000000,N/A,0.00,False,0.0,0.0,0.00,0.00
1688159340.0,CHOP,NO_GO,HOLD,0.00,NORMAL,PRO,DEFENSIVE,1.0,0.50,Aegean:FLAT(0.00)|Orion:FLAT(0.00),Regime: CHOP (Reduced Weights). Score: 0.00. [WARMUP],WARMUP,0.000000,N/A,0.00,False,0.0,0.0,0.00,0.00
1688159400.0,CHOP,NO_GO,HOLD,0.00,NORMAL,PRO,DEFENSIVE,1.0,0.50,Aegean:FLAT(0.00)|Orion:FLAT(0.00),Regime: CHOP (Reduced Weights). Score: 0.00. [WARMUP],WARMUP,0.000000,N/A,0.00,False,0.0,0.0,0.00,0.00
1688159460.0,CHOP,NO_GO,HOLD,0.00,NORMAL,PRO,DEFENSIVE,1.0,0.50,Aegean:FLAT(0.00)|Orion:FLAT(0.00),Regime: CHOP (Reduced Weights). Score: 0.00. [WARMUP],WARMUP,0.000000,N/A,0.00,False,0.0,0.0,0.00,0.00
1688159520.0,CHOP,NO_GO,HOLD,0.00,NORMAL,PRO,DEFENSIVE,1.0,0.50,Aegean:FLAT(0.00)|Orion:FLAT(0.00),Regime: CHOP (Reduced Weights). Score: 0.00. [WARMUP],WARMUP,0.000000,N/A,0.00,False,0.0,0.0,0.00,0.00
1688159580.0,CHOP,NO_GO,HOLD,0.00,NORMAL,PRO,DEFENSIVE,1.0,0.50,Aegean:FLAT(0.00)|Orion:FLAT(0.00),Regime: CHOP (Reduced Weights). Score: 0.00. [WARMUP],WARMUP,0.000000,N/A,0.00,False,0.0,0.0,0.00,0.00
1688159640.0,CHOP,NO_GO,HOLD,0.00,NORMAL,PRO,DEFENSIVE,1.0,0.50,Aegean:FLAT(0.00)|Orion:FLAT(0.00),Regime: CHOP (Reduced Weights). Score: 0.00. [WARMUP],WARMUP,0.000000,N/A,0.00,False,0.0,0.0,0.00,0.00
1688159700.0,CHOP,NO_GO,HOLD,0.00,NORMAL,PRO,DEFENSIVE,1.0,0.50,Aegean:FLAT(0.00)|Orion:FLAT(0.00),Regime: CHOP (Reduced Weights). Score: 0.00. [WARMUP],WARMUP,0.000000,N/A,0.00,False,0.0,0.0,0.00,0.00
1688159760.0,CHOP,NO_GO,HOLD,0.00,NORMAL,PRO,DEFENSIVE,1.0,0.50,Aegean:FLAT(0.00)|Orion:FLAT(0.00),Regime: CHOP (Reduced Weights). Score: 0.00. [WARMUP],WARMUP,0.000000,N/A,0.00,False,0.0,0.0,0.00,0.00
1688159820.0,CHOP,NO_GO,HOLD,0.00,NORMAL,PRO,DEFENSIVE,1.0,0.50,Aegean:FLAT(0.00)|Orion:FLAT(0.00),Regime: CHOP (Reduced Weights). Score: 0.00. [WARMUP],WARMUP,0.000000,N/A,0.00,False,0.0,0.0,0.00,0.00
1688159880.0,CHOP,NO_GO,HOLD,0.00,NORMAL,PRO,DEFENSIVE,1.0,0.50,Aegean:FLAT(0.00)|Orion:FLAT(0.00),Regime: CHOP (Reduced Weights). Score: 0.00. [WARMUP],WARMUP,0.000000,N/A,0.00,False,0.0,0.0,0.00,0.00
1688159940.0,CHOP,NO_GO,HOLD,0.00,NORMAL,PRO,DEFENSIVE,1.0,0.50,Aegean:FLAT(0.00)|Orion:FLAT(0.00),Regime: CHOP (Reduced Weights). Score: 0.00. [WARMUP],WARMUP,0.000000,N/A,0.00,False,0.0,0.0,0.00,0.00
1688160000.0,CHOP,NO_GO,HOLD,0.00,NORMAL,PRO,DEFENSIVE,1.0,0.50,Aegean:FLAT(0.00)|Orion:FLAT(0.00),Regime: CHOP (Reduced Weights). Score: 0.00. [WARMUP],WARMUP,0.000000,N/A,0.00,False,0.0,0.0,0.00,0.00
1688160060.0,CHOP,NO_GO,HOLD,0.00,NORMAL,PRO,DEFENSIVE,1.0,0.50,Aegean:FLAT(0.00)|Orion:FLAT(0.00),Regime: CHOP (Reduced Weights). Score: 0.00. [WARMUP],WARMUP,0.000000,N/A,0.00,False,0.0,0.0,0.00,0.00
1688160120.0,CHOP,NO_GO,HOLD,0.00,NORMAL,PRO,DEFENSIVE,1.0,0.50,Aegean:FLAT(0.00)|Orion:FLAT(0.00),Regime: CHOP (Reduced Weights). Score: 0.00. [WARMUP],WARMUP,0.000000,N/A,0.00,False,0.0,0.0,0.00,0.00
1688160180.0,CHOP,NO_GO,HOLD,0.00,NORMAL,PRO,DEFENSIVE,1.0,0.50,Aegean:FLAT(0.00)|Orion:FLAT(0.00),Regime: CHOP (Reduced Weights). Score: 0.00. [WARMUP],WARMUP,0.000000,N/A,0.00,False,0.0,0.0,0.00,0.00
1688160240.0,CHOP,NO_GO,HOLD,0.00,NORMAL,PRO,DEFENSIVE,1.0,0.50,Aegean:FLAT(0.50)|Orion:FLAT(0.00),Regime: CHOP (Reduced Weights). Score: 0.00. [WARMUP],WARMUP,1.085747,MID,0.00,False,0.0,0.0,0.00,0.00
1688160300.0,CHOP,NO_GO,HOLD,0.00,NORMAL,PRO,DEFENSIVE,1.0,0.50,Aegean:FLAT(0.50)|Orion:FLAT(0.00),Regime: CHOP (Reduced Weights). Score: 0.00. [WARMUP],WARMUP,2.799485,TOP,0.00,False,0.0,0.0,0.00,0.00
1688160360.0,CHOP,NO_GO,HOLD,0.00,NORMAL,PRO,DEFENSIVE,1.0,0.50,Aegean:FLAT(0.50)|Orion:FLAT(0.00),Regime: CHOP (Reduced Weights). Score: 0.00. [WARMUP],WARMUP,2.072867,TOP,0.00,False,0.0,0.0,0.00,0.00
1688160420.0,CHOP,NO_GO,HOLD,0.00,NORMAL,PRO,DEFENSIVE,1.0,0.50,Aegean:FLAT(0.50)|Orion:FLAT(0.00),Regime: CHOP (Reduced Weights). Score: 0.00. [WARMUP],WARMUP,1.704975,TOP,0.00,False,0.0,0.0,0.00,0.00
1688160480.0,CHOP,NO_GO,HOLD,0.00,NORMAL,PRO,DEFENSIVE,1.0,0.50,Aegean:FLAT(0.50)|Orion:FLAT(0.00),Regime: CHOP (Reduced Weights). Score: 0.00. [WARMUP],WARMUP,2.011168,TOP,0.00,False,0.0,0.0,0.00,0.00
1688160540.0,CHOP,NO_GO,HOLD,0.00,NORMAL,PRO,DEFENSIVE,1.0,0.50,Aegean:FLAT(0.50)|Orion:FLAT(0.00),Regime: CHOP (Reduced Weights). Score: 0.00. [WARMUP],WARMUP,1.296771,TOP,0.00,False,0.0,0.0,0.00,0.00
1688160600.0,CHOP,NO_GO,HOLD,0.00,NORMAL,PRO,DEFENSIVE,1.0,0.50,Aegean:FLAT(0.50)|Orion:FLAT(0.00),Regime: CHOP (Reduced Weights). Score: 0.00. [WARMUP],WARMUP,0.282793,MID,0.00,False,0.0,0.0,0.00,0.00
1688160660.0,CHOP,NO_GO,HOLD,0.00,NORMAL,PRO,DEFENSIVE,1.0,0.50,Aegean:FLAT(0.50)|Orion:FLAT(0.00),Regime: CHOP (Reduced Weights). Score: 0.00. [WARMUP],WARMUP,-0.224140,MID,0.00,False,0.0,0.0,0.00,0.00
1688160720.0,CHOP,NO_GO,HOLD,0.00,NORMAL,PRO,DEFENSIVE,1.0,0.50,Aegean:FLAT(0.50)|Orion:FLAT(0.00),Regime: CHOP (Reduced Weights). Score: 0.00. [WARMUP],WARMUP,-0.347555,MID,0.00,False,0.0,0.0,0.00,0.00
1688160780.0,CHOP,NO_GO,HOLD,0.00,NORMAL,PRO,DEFENSIVE,1.0,0.50,Aegean:FLAT(0.50)|Orion:FLAT(0.00),Regime: CHOP (Reduced Weights). Score: 0.00. [WARMUP],WARMUP,0.521736,MID,0.00,False,0.0,0.0,0.00,0.00
1688160840.0,CHOP,NO_GO,HOLD,0.00,NORMAL,PRO,DEFENSIVE,1.0,0.50,Aegean:FLAT(0.50)|Orion:FLAT(0.00),Regime: CHOP (Reduced Weights). Score: 0.00. [WARMUP],WARMUP,0.672999,MID,0.00,False,0.0,0.0,0.00,0.00
1688160900.0,CHOP,NO_GO,HOLD,0.00,NORMAL,PRO,DEFENSIVE,1.0,0.50,Aegean:FLAT(0.50)|Orion:FLAT(0.00),Regime: CHOP (Reduced Weights). Score: 0.00. [WARMUP],WARMUP,-0.286334,MID,0.00,False,0.0,0.0,0.00,0.00
1688160960.0,CHOP,NO_GO,HOLD,0.00,NORMAL,PRO,DEFENSIVE,1.0,0.50,Aegean:FLAT(0.50)|Orion:FLAT(0.00),Regime: CHOP (Reduced Weights). Score: 0.00. [WARMUP],WARMUP,1.052364,MID,0.00,False,0.0,0.0,0.00,0.00
1688161020.0,CHOP,NO_GO,HOLD,0.00,NORMAL,PRO,DEFENSIVE,1.0,0.50,Aegean:FLAT(0.50)|Orion:FLAT(0.00),Regime: CHOP (Reduced Weights). Score: 0.00. [WARMUP],WARMUP,1.948330,TOP,0.00,False,0.0,0.0,0.00,0.00
1688161080.0,CHOP,NO_GO,HOLD,0.00,NORMAL,PRO,DEFENSIVE,1.0,0.50,Aegean:FLAT(0.50)|Orion:FLAT(0.00),Regime: CHOP (Reduced Weights). Score: 0.00. [WARMUP],WARMUP,1.552298,MID,0.00,False,0.0,0.0,0.00,0.00
1688161140.0,CHOP,NO_GO,HOLD,0.00,NORMAL,PRO,DEFENSIVE,1.0,0.50,Aegean:FLAT(0.50)|Orion:FLAT(0.00),Regime: CHOP (Reduced Weights). Score: 0.00. [WARMUP],WARMUP,3.023508,TOP,0.00,False,0.0,0.0,0.00,0.00
1688161200.0,CHOP,NO_GO,HOLD,0.00,NORMAL,PRO,DEFENSIVE,1.0,0.50,Aegean:FLAT(0.50)|Orion:FLAT(0.00),Regime: CHOP (Reduced Weights). Score: 0.00. [WARMUP],WARMUP,2.754081,MID,0.00,False,0.0,0.0,0.00,0.00
1688161260.0,CHOP,NO_GO,HOLD,0.00,NORMAL,PRO,DEFENSIVE,1.0,0.50,Aegean:FLAT(0.50)|Orion:FLAT(0.00),Regime: CHOP (Reduced Weights). Score: 0.00. [WARMUP],WARMUP,2.060708,MID,0.00,False,0.0,0.0,0.00,0.00
1688161320.0,CHOP,NO_GO,HOLD,0.00,NORMAL,PRO,DEFENSIVE,1.0,0.50,Aegean:FLAT(0.50)|Orion:FLAT(0.00),Regime: CHOP (Reduced Weights). Score: 0.00. [WARMUP],WARMUP,-0.189446,MID,0.00,False,0.0,0.0,0.00,0.00
1688161380.0,CHOP,NO_GO,HOLD,0.00,NORMAL,PRO,DEFENSIVE,1.0,0.50,Aegean:FLAT(0.50)|Orion:FLAT(0.00),Regime: CHOP (Reduced Weights). Score: 0.00. [WARMUP],WARMUP,1.383892,MID,0.00,False,0.0,0.0,0.00,0.00
1688161440.0,CHOP,NO_GO,HOLD,0.00,NORMAL,PRO,DEFENSIVE,1.0,0.50,Aegean:FLAT(0.50)|Orion:FLAT(0.00),Regime: CHOP (Reduced Weights). Score: 0.00. [WARMUP],WARMUP,0.902825,MID,0.00,False,0.0,0.0,0.00,0.00
1688161500.0,CHOP,NO_GO,HOLD,0.00,NORMAL,PRO,DEFENSIVE,1.0,0.50,Aegean:FLAT(0.50)|Orion:FLAT(0.00),Regime: CHOP (Reduced Weights). Score: 0.00. [WARMUP],WARMUP,0.815793,MID,0.00,False,0.0,0.0,0.00,0.00
1688161560.0,CHOP,NO_GO,HOLD,0.00,NORMAL,PRO,DEFENSIVE,1.0,0.50,Aegean:FLAT(0.50)|Orion:FLAT(0.00),Regime: CHOP (Reduced Weights). Score: 0.00. [WARMUP],WARMUP,0.805314,MID,0.00,False,0.0,0.0,0.00,0.00
1688161620.0,CHOP,NO_GO,HOLD,0.00,NORMAL,PRO,DEFENSIVE,1.0,0.50,Aegean:FLAT(0.50)|Orion:FLAT(0.00),Regime: CHOP (Reduced Weights). Score: 0.00. [WARMUP],WARMUP,0.894143,MID,0.00,False,0.0,0.0,0.00,0.00
1688161680.0,CHOP,NO_GO,HOLD,0.00,NORMAL,PRO,DEFENSIVE,1.0,0.50,Aegean:FLAT(0.50)|Orion:FLAT(0.00),Regime: CHOP (Reduced Weights). Score: 0.00. [WARMUP],WARMUP,1.113030,MID,0.00,False,0.0,0.0,0.00,0.00
1688161740.0,CHOP,NO_GO,HOLD,0.00,NORMAL,PRO,DEFENSIVE,1.0,0.50,Aegean:FLAT(0.50)|Orion:FLAT(0.00),Regime: CHOP (Reduced Weights). Score: 0.00. [WARMUP],WARMUP,0.823404,MID,0.00,False,0.0,0.0,0.00,0.00
1688161800.0,CHOP,NO_GO,HOLD,0.00,NORMAL,PRO,DEFENSIVE,1.0,0.50,Aegean:FLAT(0.50)|Orion:FLAT(0.00),Regime: CHOP (Reduced Weights). Score: 0.00. [WARMUP],WARMUP,0.201408,MID,0.00,False,0.0,0.0,0.00,0.00
1688161860.0,CHOP,NO_GO,HOLD,0.00,NORMAL,PRO,DEFENSIVE,1.0,0.50,Aegean:FLAT(0.50)|Orion:FLAT(0.00),Regime: CHOP (Reduced Weights). Score: 0.00. [WARMUP],WARMUP,0.181926,MID,0.00,False,0.0,0.0,0.00,0.00
1688161920.0,CHOP,NO_GO,HOLD,0.00,NORMAL,PRO,DEFENSIVE,1.0,0.50,Aegean:FLAT(0.50)|Orion:FLAT(0.00),Regime: CHOP (Reduced Weights). Score: 0.00. [WARMUP],WARMUP,0.139929,MID,0.00,False,0.0,0.0,0.00,0.00
1688161980.0,CHOP,NO_GO,HOLD,0.00,NORMAL,PRO,DEFENSIVE,1.0,0.50,Aegean:FLAT(0.50)|Orion:FLAT(0.00),Regime: CHOP (Reduced Weights). Score: 0.00. [WARMUP],WARMUP,0.128396,MID,0.00,False,0.0,0.0,0.00,0.00
1688162040.0,CHOP,NO_GO,HOLD,0.00,NORMAL,PRO,DEFENSIVE,1.0,0.50,Aegean:FLAT(0.50)|Orion:FLAT(0.00),Regime: CHOP (Reduced Weights). Score: 0.00. [WARMUP],WARMUP,1.493299,MID,0.00,False,0.0,0.0,0.00,0.00
1688162100.0,CHOP,NO_GO,HOLD,0.00,NORMAL,PRO,DEFENSIVE,1.0,0.50,Aegean:FLAT(0.50)|Orion:FLAT(0.00),Regime: CHOP (Reduced Weights). Score: 0.00. [WARMUP],WARMUP,1.365030,MID,0.00,False,0.0,0.0,0.00,0.00
1688162160.0,CHOP,NO_GO,HOLD,0.00,NORMAL,PRO,DEFENSIVE,1.0,0.50,Aegean:FLAT(0.50)|Orion:FLAT(0.00),Regime: CHOP (Reduced Weights). Score: 0.00. [WARMUP],WARMUP,1.681708,TOP,0.00,False,0.0,0.0,0.00,0.00
1688162220.0,CHOP,NO_GO,HOLD,0.00,NORMAL,PRO,DEFENSIVE,1.0,0.50,Aegean:FLAT(0.50)|Orion:FLAT(0.00),Regime: CHOP (Reduced Weights). Score: 0.00. [WARMUP],WARMUP,1.766047,TOP,0.00,False,0.0,0.0,0.00,0.00
1688162280.0,CHOP,NO_GO,HOLD,0.00,NORMAL,PRO,DEFENSIVE,1.0,0.50,Aegean:FLAT(0.50)|Orion:FLAT(0.00),Regime: CHOP (Reduced Weights). Score: 0.00. [WARMUP],WARMUP,2.246674,TOP,0.00,False,0.0,0.0,0.00,0.00
1688162340.0,TREND,NO_GO,HOLD,0.00,NORMAL,PRO,DEFENSIVE,1.0,0.50,Aegean:FLAT(0.50)|Orion:FLAT(0.00),Regime: TREND (Orion 2x). Score: 0.00. [WARMUP],WARMUP,2.506770,TOP,0.00,False,0.0,0.0,0.00,0.00
1688162400.0,TREND,NO_GO,HOLD,0.00,NORMAL,PRO,DEFENSIVE,1.0,0.50,Aegean:FLAT(0.50)|Orion:FLAT(0.00),Regime: TREND (Orion 2x). Score: 0.00. [WARMUP],WARMUP,2.251576,TOP,0.00,False,0.0,0.0,0.00,0.00
1688162460.0,TREND,NO_GO,HOLD,0.00,NORMAL,PRO,DEFENSIVE,1.0,0.50,Aegean:FLAT(0.50)|Orion:FLAT(0.00),Regime: TREND (Orion 2x). Score: 0.00. [WARMUP],WARMUP,1.669402,TOP,0.00,False,0.0,0.0,0.00,0.00
1688162520.0,TREND,NO_GO,HOLD,0.00,NORMAL,PRO,DEFENSIVE,1.0,0.50,Aegean:FLAT(0.50)|Orion:FLAT(0.00),Regime: TREND (Orion 2x). Score: 0.00. [WARMUP],WARMUP,1.915417,TOP,0.00,False,0.0,0.0,0.00,0.00
1688162580.0,TREND,NO_GO,HOLD,0.00,NORMAL,PRO,DEFENSIVE,1.0,0.50,Aegean:FLAT(0.50)|Orion:FLAT(0.00),Regime: TREND (Orion 2x). Score: 0.00. [WARMUP],WARMUP,2.494190,TOP,0.00,False,0.0,0.0,0.00,0.00
1688162640.0,TREND,NO_GO,HOLD,0.00,NORMAL,PRO,DEFENSIVE,1.0,0.50,Aegean:FLAT(0.50)|Orion:FLAT(0.00),Regime: TREND (Orion 2x). Score: 0.00. [WARMUP],WARMUP,1.719033,TOP,0.00,False,0.0,0.0,0.00,0.00
1688162700.0,TREND,NO_GO,HOLD,0.00,NORMAL,PRO,DEFENSIVE,1.0,0.50,Aegean:FLAT(0.50)|Orion:FLAT(0.00),Regime: TREND (Orion 2x). Score: 0.00. [WARMUP],WARMUP,1.494120,TOP,0.00,False,0.0,0.0,0.00,0.00
1688162760.0,TREND,NO_GO,HOLD,0.00,NORMAL,PRO,DEFENSIVE,1.0,0.50,Aegean:FLAT(0.50)|Orion:FLAT(0.00),Regime: TREND (Orion 2x). Score: 0.00. [WARMUP],WARMUP,2.522882,TOP,0.00,False,0.0,0.0,0.00,0.00
1688162820.0,TREND,NO_GO,HOLD,0.00,NORMAL,PRO,DEFENSIVE,1.0,0.50,Aegean:FLAT(0.50)|Orion:FLAT(0.00),Regime: TREND (Orion 2x). Score: 0.00. [WARMUP],WARMUP,2.274106,TOP,0.00,False,0.0,0.0,0.00,0.00
1688162880.0,TREND,NO_GO,HOLD,0.00,NORMAL,PRO,DEFENSIVE,1.0,0.50,Aegean:FLAT(0.30)|Orion:FLAT(0.00),Regime: TREND (Orion 2x). Score: 0.00. [WARMUP],WARMUP,3.876645,TOP,0.00,False,0.0,0.0,0.00,0.00
1688162940.0,TREND,NO_GO,HOLD,0.00,NORMAL,PRO,DEFENSIVE,1.0,0.50,Aegean:FLAT(0.30)|Orion:FLAT(0.00),Regime: TREND (Orion 2x). Score: 0.00. [WARMUP],WARMUP,3.619693,TOP,0.00,False,0.0,0.0,0.00,0.00
1688163000.0,TREND,NO_GO,HOLD,0.00,NORMAL,PRO,DEFENSIVE,1.0,0.50,Aegean:FLAT(0.30)|Orion:FLAT(0.00),Regime: TREND (Orion 2x). Score: 0.00. [WARMUP],WARMUP,3.068454,TOP,0.00,False,0.0,0.0,0.00,0.00
1688163060.0,TREND,NO_GO,HOLD,0.00,NORMAL,PRO,DEFENSIVE,1.0,0.50,Aegean:FLAT(0.50)|Orion:FLAT(0.00),Regime: TREND (Orion 2x). Score: 0.00. [WARMUP],WARMUP,2.936284,TOP,0.00,False,0.0,0.0,0.00,0.00
1688163120.0,TREND,NO_GO,HOLD,0.00,NORMAL,PRO,DEFENSIVE,1.0,0.50,Aegean:FLAT(0.50)|Orion:FLAT(0.00),Regime: TREND (Orion 2x). Score: 0.00. [WARMUP],WARMUP,1.748338,MID,0.00,False,0.0,0.0,0.00,0.00
1688163180.0,TREND,NO_GO,HOLD,0.00,NORMAL,PRO,DEFENSIVE,1.0,0.50,Aegean:FLAT(0.50)|Orion:FLAT(0.00),Regime: TREND (Orion 2x). Score: 0.00. [WARMUP],WARMUP,2.207299,TOP,0.00,False,0.0,0.0,0.00,0.00
1688163240.0,TREND,NO_GO,HOLD,0.00,NORMAL,PRO,DEFENSIVE,1.0,0.50,Aegean:FLAT(0.50)|Orion:FLAT(0.00),Regime: TREND (Orion 2x). Score: 0.00. [WARMUP],WARMUP,2.718952,TOP,0.00,False,0.0,0.0,0.00,0.00
1688163300.0,TREND,NO_GO,HOLD,0.00,NORMAL,PRO,DEFENSIVE,1.0,0.50,Aegean:FLAT(0.50)|Orion:FLAT(0.00),Regime: TREND (Orion 2x). Score: 0.00. [WARMUP],WARMUP,3.004021,TOP,0.00,False,0.0,0.0,0.00,0.00
1688163360.0,TREND,NO_GO,HOLD,0.00,NORMAL,PRO,DEFENSIVE,1.0,0.50,Aegean:FLAT(0.30)|Orion:FLAT(0.00),Regime: TREND (Orion 2x). Score: 0.00. [WARMUP],WARMUP,3.267348,TOP,0.00,False,0.0,0.0,0.00,0.00
1688163420.0,TREND,NO_GO,HOLD,0.00,NORMAL,PRO,DEFENSIVE,1.0,0.50,Aegean:FLAT(0.50)|Orion:FLAT(0.00),Regime: TREND (Orion 2x). Score: 0.00. [WARMUP],WARMUP,1.879466,MID,0.00,False,0.0,0.0,0.00,0.00
1688163480.0,TREND,NO_GO,HOLD,0.00,NORMAL,PRO,DEFENSIVE,1.0,0.50,Aegean:FLAT(0.50)|Orion:FLAT(0.00),Regime: TREND (Orion 2x). Score: 0.00. [WARMUP],WARMUP,-0.782673,MID,0.00,False,0.0,0.0,0.00,0.00
1688163540.0,TREND,NO_GO,HOLD,0.00,NORMAL,PRO,DEFENSIVE,1.0,0.50,Aegean:FLAT(0.50)|Orion:FLAT(0.00),Regime: TREND (Orion 2x). Score: 0.00. [WARMUP],WARMUP,1.081353,MID,0.00,False,0.0,0.0,0.00,0.00
1688163600.0,TREND,NO_GO,HOLD,0.00,NORMAL,PRO,DEFENSIVE,1.0,0.50,Aegean:FLAT(0.50)|Orion:FLAT(0.00),Regime: TREND (Orion 2x). Score: 0.00. [WARMUP],WARMUP,-0.506915,MID,0.00,False,0.0,0.0,0.00,0.00
1688163660.0,TREND,NO_GO,HOLD,0.00,NORMAL,PRO,DEFENSIVE,1.0,0.50,Aegean:FLAT(0.50)|Orion:FLAT(0.00),Regime: TREND (Orion 2x). Score: 0.00. [WARMUP],WARMUP,-0.417777,MID,0.00,False,0.0,0.0,0.00,0.00
1688163720.0,TREND,NO_GO,HOLD,0.00,NORMAL,PRO,DEFENSIVE,1.0,0.50,Aegean:FLAT(0.50)|Orion:FLAT(0.00),Regime: TREND (Orion 2x). Score: 0.00. [WARMUP],WARMUP,-0.218584,MID,0.00,False,0.0,0.0,0.00,0.00
1688163780.0,TREND,NO_GO,HOLD,0.00,NORMAL,PRO,DEFENSIVE,1.0,0.50,Aegean:FLAT(0.50)|Orion:FLAT(0.00),Regime: TREND (Orion 2x). Score: 0.00. [WARMUP],WARMUP,-0.550116,MID,0.00,False,0.0,0.0,0.00,0.00
1688163840.0,TREND,NO_GO,HOLD,0.00,NORMAL,PRO,DEFENSIVE,1.0,0.50,Aegean:FLAT(0.50)|Orion:FLAT(0.00),Regime: TREND (Orion 2x). Score: 0.00. [WARMUP],WARMUP,-0.496753,MID,0.00,False,0.0,0.0,0.00,0.00
1688163900.0,TREND,NO_GO,HOLD,0.00,NORMAL,PRO,DEFENSIVE,1.0,0.50,Aegean:FLAT(0.50)|Orion:FLAT(0.00),Regime: TREND (Orion 2x). Score: 0.00. [WARMUP],WARMUP,-0.289443,MID,0.00,False,0.0,0.0,0.00,0.00
1688163960.0,TREND,NO_GO,HOLD,0.00,NORMAL,PRO,DEFENSIVE,1.0,0.50,Aegean:FLAT(0.50)|Orion:FLAT(0.00),Regime: TREND (Orion 2x). Score: 0.00. [WARMUP],WARMUP,-0.265874,MID,0.00,False,0.0,0.0,0.00,0.00
1688164020.0,TREND,NO_GO,HOLD,0.00,NORMAL,PRO,DEFENSIVE,1.0,0.50,Aegean:FLAT(0.50)|Orion:FLAT(0.00),Regime: TREND (Orion 2x). Score: 0.00. [WARMUP],WARMUP,-1.159477,DIP,0.00,False,0.0,0.0,0.00,0.00
1688164080.0,TREND,NO_GO,HOLD,0.00,NORMAL,PRO,DEFENSIVE,1.0,0.50,Aegean:FLAT(0.50)|Orion:FLAT(0.00),Regime: TREND (Orion 2x). Score: 0.00. [WARMUP],WARMUP,-2.411010,DIP,0.00,False,0.0,0.0,0.00,0.00
1688164140.0,TREND,NO_GO,HOLD,0.00,NORMAL,PRO,DEFENSIVE,1.0,0.50,Aegean:FLAT(0.50)|Orion:FLAT(0.00),Regime: TREND (Orion 2x). Score: 0.00. [WARMUP],WARMUP,1.948899,MID,0.00,False,0.0,0.0,0.00,0.00
1688164200.0,TREND,NO_GO,HOLD,0.00,NORMAL,PRO,DEFENSIVE,1.0,0.50,Aegean:FLAT(0.50)|Orion:FLAT(0.00),Regime: TREND (Orion 2x). Score: 0.00. [WARMUP],WARMUP,1.369399,MID,0.00,False,0.0,0.0,0.00,0.00
1688164260.0,TREND,NO_GO,HOLD,0.00,NORMAL,PRO,DEFENSIVE,1.0,0.50,Aegean:FLAT(0.50)|Orion:FLAT(0.00),Regime: TREND (Orion 2x). Score: 0.00. [WARMUP],WARMUP,0.751322,MID,0.00,False,0.0,0.0,0.00,0.00
1688164320.0,TREND,NO_GO,HOLD,0.00,NORMAL,PRO,DEFENSIVE,1.0,0.50,Aegean:FLAT(0.50)|Orion:FLAT(0.00),Regime: TREND (Orion 2x). Score: 0.00. [WARMUP],WARMUP,0.681423,MID,0.00,False,0.0,0.0,0.00,0.00
1688164380.0,CHOP,NO_GO,HOLD,0.00,NORMAL,PRO,DEFENSIVE,1.0,0.50,Aegean:FLAT(0.50)|Orion:FLAT(0.00),Regime: CHOP (Reduced Weights). Score: 0.00. [WARMUP],WARMUP,0.206412,MID,0.00,False,0.0,0.0,0.00,0.00
1688164440.0,TREND,NO_GO,HOLD,0.00,NORMAL,PRO,DEFENSIVE,1.0,0.50,Aegean:FLAT(0.50)|Orion:FLAT(0.00),Regime: TREND (Orion 2x). Score: 0.00. [WARMUP],WARMUP,-1.135151,MID,0.00,False,0.0,0.0,0.00,0.00
1688164500.0,TREND,NO_GO,HOLD,0.00,NORMAL,PRO,DEFENSIVE,1.0,0.50,Aegean:FLAT(0.50)|Orion:FLAT(0.00),Regime: TREND (Orion 2x). Score: 0.00. [WARMUP],WARMUP,-1.239275,MID,0.00,False,0.0,0.0,0.00,0.00
1688164560.0,CHOP,NO_GO,HOLD,0.00,NORMAL,PRO,DEFENSIVE,1.0,0.50,Aegean:FLAT(0.50)|Orion:FLAT(0.00),Regime: CHOP (Reduced Weights). Score: 0.00. [WARMUP],WARMUP,0.207810,MID,0.00,False,0.0,0.0,0.00,0.00
1688164620.0,CHOP,NO_GO,HOLD,0.00,NORMAL,PRO,DEFENSIVE,1.0,0.50,Aegean:FLAT(0.50)|Orion:FLAT(0.00),Regime: CHOP (Reduced Weights). Score: 0.00. [WARMUP],WARMUP,0.174115,MID,0.00,False,0.0,0.0,0.00,0.00
1688164680.0,CHOP,NO_GO,HOLD,0.00,NORMAL,PRO,DEFENSIVE,1.0,0.50,Aegean:FLAT(0.50)|Orion:FLAT(0.00),Regime: CHOP (Reduced Weights). Score: 0.00. [WARMUP],WARMUP,1.099883,MID,0.00,False,0.0,0.0,0.00,0.00
1688164740.0,CHOP,NO_GO,HOLD,13.33,NORMAL,PRO,DEFENSIVE,1.0,0.50,Aegean:FLAT(0.50)|Orion:LONG(0.20),Regime: CHOP (Reduced Weights). Score: 0.13. Low Conviction (<0.35).,LOW_CONVICTION,1.230005,TOP,15.64,False,0.0,0.0,0.00,0.00
1688164800.0,CHOP,NO_GO,HOLD,13.33,NORMAL,PRO,DEFENSIVE,1.0,0.50,Aegean:FLAT(0.50)|Orion:LONG(0.20),Regime: CHOP (Reduced Weights). Score: 0.13. Low Conviction (<0.35).,LOW_CONVICTION,-0.362809,MID,15.19,False,0.0,0.0,0.00,0.00
1688164860.0,CHOP,NO_GO,HOLD,13.33,NORMAL,PRO,DEFENSIVE,1.0,0.50,Aegean:FLAT(0.50)|Orion:LONG(0.20),Regime: CHOP (Reduced Weights). Score: 0.13. Low Conviction (<0.35).,LOW_CONVICTION,-0.230661,MID,14.80,False,0.0,0.0,0.00,0.00
1688164920.0,CHOP,NO_GO,HOLD,13.33,NORMAL,PRO,DEFENSIVE,1.0,0.50,Aegean:FLAT(0.50)|Orion:LONG(0.20),Regime: CHOP (Reduced Weights). Score: 0.13. Low Conviction (<0.35).,LOW_CONVICTION,-0.223113,MID,14.46,False,0.0,0.0,0.00,0.00
1688164980.0,CHOP,NO_GO,HOLD,13.33,NORMAL,PRO,DEFENSIVE,1.0,0.50,Aegean:FLAT(0.50)|Orion:LONG(0.20),Regime: CHOP (Reduced Weights). Score: 0.13. Low Conviction (<0.35).,LOW_CONVICTION,-0.001281,MID,13.96,False,0.0,0.0,0.00,0.00
1688165040.0,CHOP,NO_GO,HOLD,13.33,NORMAL,PRO,DEFENSIVE,1.0,0.50,Aegean:FLAT(0.50)|Orion:LONG(0.20),Regime: CHOP (Reduced Weights). Score: 0.13. Low Conviction (<0.35).,LOW_CONVICTION,0.000263,MID,13.48,False,0.0,0.0,0.00,0.00
1688165100.0,CHOP,NO_GO,HOLD,13.33,NORMAL,PRO,DEFENSIVE,1.0,0.50,Aegean:FLAT(0.50)|Orion:SHORT(0.20),Regime: CHOP (Reduced Weights). Score: -0.13. Low Conviction (<0.35).,LOW_CONVICTION,-0.288082,MID,13.40,False,0.0,0.0,0.00,0.00
1688165160.0,CHOP,NO_GO,HOLD,13.33,NORMAL,PRO,DEFENSIVE,1.0,0.50,Aegean:FLAT(0.50)|Orion:SHORT(0.20),Regime: CHOP (Reduced Weights). Score: -0.13. Low Conviction (<0.35).,LOW_CONVICTION,-0.261617,MID,13.42,False,0.0,0.0,0.00,0.00
1688165220.0,CHOP,NO_GO,HOLD,13.33,NORMAL,PRO,DEFENSIVE,1.0,0.50,Aegean:FLAT(0.50)|Orion:SHORT(0.20),Regime: CHOP (Reduced Weights). Score: -0.13. Low Conviction (<0.35).,LOW_CONVICTION,-1.053191,MID,14.06,False,0.0,0.0,0.00,0.00
1688165280.0,CHOP,NO_GO,HOLD,13.33,NORMAL,PRO,DEFENSIVE,1.0,0.50,Aegean:FLAT(0.50)|Orion:SHORT(0.20),Regime: CHOP (Reduced Weights). Score: -0.13. Low Conviction (<0.35).,LOW_CONVICTION,-1.535742,MID,15.12,False,0.0,0.0,0.00,0.00
1688165340.0,CHOP,NO_GO,HOLD,13.33,NORMAL,PRO,DEFENSIVE,1.0,0.50,Aegean:FLAT(0.50)|Orion:SHORT(0.20),Regime: CHOP (Reduced Weights). Score: -0.13. Low Conviction (<0.35).,LOW_CONVICTION,-1.530833,DIP,16.41,False,0.0,0.0,0.00,0.00
1688165400.0,CHOP,NO_GO,HOLD,13.33,NORMAL,PRO,DEFENSIVE,1.0,0.50,Aegean:FLAT(0.50)|Orion:SHORT(0.20),Regime: CHOP (Reduced Weights). Score: -0.13. Low Conviction (<0.35).,LOW_CONVICTION,-1.388210,DIP,17.67,False,0.0,0.0,0.00,0.00
1688165460.0,CHOP,NO_GO,HOLD,13.33,NORMAL,PRO,DEFENSIVE,1.0,0.50,Aegean:FLAT(0.50)|Orion:SHORT(0.20),Regime: CHOP (Reduced Weights). Score: -0.13. Low Conviction (<0.35).,LOW_CONVICTION,-2.538966,DIP,19.67,False,0.0,0.0,0.00,0.00
1688165520.0,TREND,NO_GO,HOLD,13.33,NORMAL,PRO,DEFENSIVE,1.0,0.50,Aegean:FLAT(0.50)|Orion:SHORT(0.20),Regime: TREND (Orion 2x). Score: -0.13. Low Conviction (<0.35).,LOW_CONVICTION,-2.224147,DIP,21.53,False,0.0,0.0,0.00,0.00
1688165580.0,TREND,NO_GO,HOLD,13.33,NORMAL,PRO,DEFENSIVE,1.0,0.50,Aegean:FLAT(0.50)|Orion:SHORT(0.20),Regime: TREND (Orion 2x). Score: -0.13. Low Conviction (<0.35).,LOW_CONVICTION,-2.026524,DIP,23.26,False,0.0,0.0,0.00,0.00
1688165640.0,TREND,NO_GO,HOLD,13.33,NORMAL,PRO,DEFENSIVE,1.0,0.50,Aegean:FLAT(0.50)|Orion:SHORT(0.20),Regime: TREND (Orion 2x). Score: -0.13. Low Conviction (<0.35).,LOW_CONVICTION,-1.845031,DIP,24.86,False,0.0,0.0,0.00,0.00
1688165700.0,TREND,NO_GO,HOLD,11.33,NORMAL,PRO,DEFENSIVE,1.0,0.50,Aegean:FLAT(0.50)|Orion:SHORT(0.17),Regime: TREND (Orion 2x). Score: -0.11. Low Conviction (<0.35).,LOW_CONVICTION,-1.689376,DIP,26.80,True,0.0,0.0,0.00,0.00
1688165760.0,TREND,NO_GO,HOLD,14.32,NORMAL,PRO,DEFENSIVE,1.0,0.50,Aegean:FLAT(0.50)|Orion:SHORT(0.21),Regime: TREND (Orion 2x). Score: -0.14. Low Conviction (<0.35).,LOW_CONVICTION,-1.506674,DIP,28.59,True,0.0,0.0,0.00,0.00
1688165820.0,TREND,NO_GO,HOLD,17.54,NORMAL,PRO,DEFENSIVE,1.0,0.50,Aegean:FLAT(0.50)|Orion:SHORT(0.26),Regime: TREND (Orion 2x). Score: -0.18. Low Conviction (<0.35).,LOW_CONVICTION,-1.743264,DIP,30.52,True,0.0,0.0,0.00,0.00
1688165880.0,TREND,NO_GO,HOLD,20.13,NORMAL,PRO,DEFENSIVE,1.0,0.50,Aegean:FLAT(0.50)|Orion:SHORT(0.30),Regime: TREND (Orion 2x). Score: -0.20. Low Conviction (<0.35).,LOW_CONVICTION,-1.069535,MID,32.08,True,0.0,0.0,0.00,0.00
1688165940.0,TREND,NO_GO,HOLD,20.41,NORMAL,PRO,DEFENSIVE,1.0,0.50,Aegean:FLAT(0.50)|Orion:SHORT(0.31),Regime: TREND (Orion 2x). Score: -0.20. Low Conviction (<0.35).,LOW_CONVICTION,-0.276592,MID,32.25,True,0.0,0.0,0.00,0.00
1688166000.0,TREND,NO_GO,HOLD,20.60,NORMAL,PRO,DEFENSIVE,1.0,0.50,Aegean:FLAT(0.50)|Orion:SHORT(0.31),Regime: TREND (Orion 2x). Score: -0.21. Low Conviction (<0.35).,LOW_CONVICTION,-0.220707,MID,32.36,True,0.0,0.0,0.00,0.00
1688166060.0,TREND,NO_GO,HOLD,22.28,NORMAL,PRO,DEFENSIVE,1.0,0.50,Aegean:FLAT(0.50)|Orion:SHORT(0.33),Regime: TREND (Orion 2x). Score: -0.22. Low Conviction (<0.35).,LOW_CONVICTION,-1.383531,DIP,33.37,True,0.0,0.0,0.00,0.00
1688166120.0,TREND,NO_GO,HOLD,24.30,NORMAL,PRO,DEFENSIVE,1.0,0.50,Aegean:FLAT(0.50)|Orion:SHORT(0.36),Regime: TREND (Orion 2x). Score: -0.24. Low Conviction (<0.35).,LOW_CONVICTION,-1.573112,DIP,34.58,True,0.0,0.0,0.00,0.00
1688166180.0,TREND,NO_GO,HOLD,26.05,NORMAL,PRO,DEFENSIVE,1.0,0.50,Aegean:FLAT(0.50)|Orion:SHORT(0.39),Regime: TREND (Orion 2x). Score: -0.26. Low Conviction (<0.35).,LOW_CONVICTION,-1.422359,DIP,35.63,True,0.0,0.0,0.00,0.00
1688166240.0,TREND,NO_GO,HOLD,27.71,NORMAL,PRO,DEFENSIVE,1.0,0.50,Aegean:FLAT(0.50)|Orion:SHORT(0.42),Regime: TREND (Orion 2x). Score: -0.28. Low Conviction (<0.35).,LOW_CONVICTION,-1.289172,DIP,36.62,True,0.0,0.0,0.00,0.00
1688166300.0,TREND,NO_GO,HOLD,29.24,NORMAL,PRO,DEFENSIVE,1.0,0.50,Aegean:FLAT(0.50)|Orion:SHORT(0.44),Regime: TREND (Orion 2x). Score: -0.29. Low Conviction (<0.35).,LOW_CONVICTION,-1.166394,DIP,37.55,True,0.0,0.0,0.00,0.00
1688166360.0,TREND,NO_GO,HOLD,28.98,NORMAL,PRO,DEFENSIVE,1.0,0.50,Aegean:FLAT(0.50)|Orion:SHORT(0.43),Regime: TREND (Orion 2x). Score: -0.29. Low Conviction (<0.35).,LOW_CONVICTION,-0.578786,DIP,37.39,True,0.0,0.0,0.00,0.00
1688166420.0,TREND,NO_GO,HOLD,28.79,NORMAL,PRO,DEFENSIVE,1.0,0.50,Aegean:FLAT(0.50)|Orion:SHORT(0.43),Regime: TREND (Orion 2x). Score: -0.29. Low Conviction (<0.35).,LOW_CONVICTION,-0.684661,DIP,37.27,True,0.0,0.0,0.00,0.00
1688166480.0,TREND,NO_GO,HOLD,28.66,NORMAL,PRO,DEFENSIVE,1.0,0.50,Aegean:FLAT(0.50)|Orion:SHORT(0.43),Regime: TREND (Orion 2x). Score: -0.29. Low Conviction (<0.35).,LOW_CONVICTION,-0.761609,DIP,37.20,True,0.0,0.0,0.00,0.00
1688166540.0,TREND,NO_GO,HOLD,28.80,NORMAL,PRO,DEFENSIVE,1.0,0.50,Aegean:FLAT(0.50)|Orion:SHORT(0.43),Regime: TREND (Orion 2x). Score: -0.29. Low Conviction (<0.35).,LOW_CONVICTION,-0.812567,DIP,37.28,True,0.0,0.0,0.00,0.00
1688166600.0,TREND,NO_GO,HOLD,28.96,NORMAL,PRO,DEFENSIVE,1.0,0.50,Aegean:FLAT(0.50)|Orion:SHORT(0.43),Regime: TREND (Orion 2x). Score: -0.29. Low Conviction (<0.35).,LOW_CONVICTION,-0.725342,DIP,37.38,True,0.0,0.0,0.00,0.00
1688166660.0,TREND,NO_GO,HOLD,29.06,NORMAL,PRO,DEFENSIVE,1.0,0.50,Aegean:FLAT(0.50)|Orion:SHORT(0.44),Regime: TREND (Orion 2x). Score: -0.29. Low Conviction (<0.35).,LOW_CONVICTION,-0.655348,DIP,37.44,True,0.0,0.0,0.00,0.00
1688166720.0,TREND,NO_GO,HOLD,29.18,NORMAL,PRO,DEFENSIVE,1.0,0.50,Aegean:FLAT(0.50)|Orion:SHORT(0.44),Regime: TREND (Orion 2x). Score: -0.29. Low Conviction (<0.35).,LOW_CONVICTION,-0.585228,DIP,37.51,True,0.0,0.0,0.00,0.00
1688166780.0,TREND,NO_GO,HOLD,27.45,NORMAL,PRO,DEFENSIVE,1.0,0.50,Aegean:FLAT(0.50)|Orion:SHORT(0.41),Regime: TREND (Orion 2x). Score: -0.27. Low Conviction (<0.35).,LOW_CONVICTION,-0.122821,MID,36.47,True,0.0,0.0,0.00,0.00
1688166840.0,TREND,NO_GO,HOLD,25.15,NORMAL,PRO,DEFENSIVE,1.0,0.50,Aegean:FLAT(0.50)|Orion:SHORT(0.38),Regime: TREND (Orion 2x). Score: -0.25. Low Conviction (<0.35).,LOW_CONVICTION,0.057731,MID,35.09,True,0.0,0.0,0.00,0.00
1688166900.0,TREND,NO_GO,HOLD,24.27,NORMAL,PRO,DEFENSIVE,1.0,0.50,Aegean:FLAT(0.50)|Orion:SHORT(0.36),Regime: TREND (Orion 2x). Score: -0.24. Low Conviction (<0.35).,LOW_CONVICTION,-0.599450,DIP,34.56,True,0.0,0.0,0.00,0.00
1688166960.0,TREND,NO_GO,HOLD,23.50,NORMAL,PRO,DEFENSIVE,1.0,0.50,Aegean:FLAT(0.50)|Orion:SHORT(0.35),Regime: TREND (Orion 2x). Score: -0.24. Low Conviction (<0.35).,LOW_CONVICTION,-0.543293,DIP,34.10,True,0.0,0.0,0.00,0.00
1688167020.0,TREND,NO_GO,HOLD,19.48,NORMAL,PRO,DEFENSIVE,1.0,0.50,Aegean:FLAT(0.50)|Orion:SHORT(0.29),Regime: TREND (Orion 2x). Score: -0.19. Low Conviction (<0.35).,LOW_CONVICTION,0.331139,MID,31.69,True,0.0,0.0,0.00,0.00
1688167080.0,TREND,NO_GO,HOLD,16.17,NORMAL,PRO,DEFENSIVE,1.0,0.50,Aegean:FLAT(0.50)|Orion:SHORT(0.24),Regime: TREND (Orion 2x). Score: -0.16. Low Conviction (<0.35).,LOW_CONVICTION,0.379618,MID,29.70,True,0.0,0.0,0.00,0.00
1688167140.0,TREND,NO_GO,HOLD,15.23,NORMAL,PRO,DEFENSIVE,1.0,0.50,Aegean:FLAT(0.50)|Orion:LONG(0.23),Regime: TREND (Orion 2x). Score: 0.15. Low Conviction (<0.35).,LOW_CONVICTION,1.241001,TOP,29.14,True,0.0,0.0,0.00,0.00
1688167200.0,TREND,NO_GO,HOLD,14.38,NORMAL,PRO,DEFENSIVE,1.0,0.50,Aegean:FLAT(0.50)|Orion:LONG(0.22),Regime: TREND (Orion 2x). Score: 0.14. Low Conviction (<0.35).,LOW_CONVICTION,1.128316,TOP,28.63,True,0.0,0.0,0.00,0.00
1688167260.0,TREND,NO_GO,HOLD,14.02,NORMAL,PRO,DEFENSIVE,1.0,0.50,Aegean:FLAT(0.50)|Orion:LONG(0.21),Regime: TREND (Orion 2x). Score: 0.14. Low Conviction (<0.35).,LOW_CONVICTION,1.184647,TOP,28.41,True,0.0,0.0,0.00,0.00
1688167320.0,TREND,NO_GO,HOLD,13.66,NORMAL,PRO,DEFENSIVE,1.0,0.50,Aegean:FLAT(0.50)|Orion:LONG(0.20),Regime: TREND (Orion 2x). Score: 0.14. Low Conviction (<0.35).,LOW_CONVICTION,0.905124,TOP,28.19,True,0.0,0.0,0.00,0.00
1688167380.0,TREND,NO_GO,HOLD,16.00,NORMAL,PRO,DEFENSIVE,1.0,0.50,Aegean:FLAT(0.50)|Orion:LONG(0.24),Regime: TREND (Orion 2x). Score: 0.16. Low Conviction (<0.35).,LOW_CONVICTION,2.332255,TOP,29.60,True,0.0,0.0,0.00,0.00
1688167440.0,TREND,NO_GO,HOLD,19.70,NORMAL,PRO,DEFENSIVE,1.0,0.50,Aegean:FLAT(0.50)|Orion:LONG(0.30),Regime: TREND (Orion 2x). Score: 0.20. Low Conviction (<0.35).,LOW_CONVICTION,2.689763,MID,31.82,True,0.0,0.0,0.00,0.00
1688167500.0,TREND,NO_GO,HOLD,23.11,NORMAL,PRO,DEFENSIVE,1.0,0.50,Aegean:FLAT(0.50)|Orion:LONG(0.35),Regime: TREND (Orion 2x). Score: 0.23. Low Conviction (<0.35).,LOW_CONVICTION,2.432662,MID,33.86,True,0.0,0.0,0.00,0.00
1688167560.0,TREND,NO_GO,HOLD,27.11,NORMAL,PRO,DEFENSIVE,1.0,0.50,Aegean:FLAT(0.50)|Orion:LONG(0.41),Regime: TREND (Orion 2x). Score: 0.27. Low Conviction (<0.35).,LOW_CONVICTION,2.789098,TOP,36.27,True,0.0,0.0,0.00,0.00
1688167620.0,TREND,NO_GO,HOLD,30.21,NORMAL,PRO,DEFENSIVE,1.0,0.50,Aegean:FLAT(0.50)|Orion:LONG(0.45),Regime: TREND (Orion 2x). Score: 0.30. Low Conviction (<0.35).,LOW_CONVICTION,1.773286,MID,38.13,True,0.0,0.0,0.00,0.00
1688167680.0,TREND,NO_GO,HOLD,33.05,NORMAL,PRO,DEFENSIVE,1.0,0.50,Aegean:FLAT(0.50)|Orion:LONG(0.50),Regime: TREND (Orion 2x). Score: 0.33. Low Conviction (<0.35).,LOW_CONVICTION,1.607342,MID,39.83,True,0.0,0.0,0.00,0.00
1688167740.0,TREND,GO,BUY,36.37,NORMAL,PRO,DEFENSIVE,1.0,0.50,Aegean:FLAT(0.50)|Orion:LONG(0.55),Regime: TREND (Orion 2x). Score: 0.36. Bullish Consensus.,,2.285690,TOP,41.82,True,2.8,20.0,2.00,7.14
1688167800.0,TREND,GO,BUY,39.41,NORMAL,PRO,DEFENSIVE,1.0,0.50,Aegean:FLAT(0.50)|Orion:LONG(0.59),Regime: TREND (Orion 2x). Score: 0.39. Bullish Consensus.,,2.095206,TOP,43.65,True,2.6,20.0,2.00,7.40
1688167860.0,TREND,GO,BUY,42.83,NORMAL,PRO,DEFENSIVE,1.0,0.50,Aegean:FLAT(0.50)|Orion:LONG(0.64),Regime: TREND (Orion 2x). Score: 0.43. Bullish Consensus.,,2.773933,TOP,45.70,True,2.7,20.0,2.00,7.86
1688167920.0,TREND,GO,BUY,46.86,NORMAL,PRO,DEFENSIVE,1.0,0.50,Aegean:FLAT(0.30)|Orion:LONG(0.70),Regime: TREND (Orion 2x). Score: 0.47. Bullish Consensus.,,4.043082,TOP,48.12,True,3.3,20.0,2.00,8.49
1688167980.0,TREND,GO,BUY,50.86,NORMAL,PRO,DEFENSIVE,1.0,0.50,Aegean:FLAT(0.30)|Orion:LONG(0.76),Regime: TREND (Orion 2x). Score: 0.51. Bullish Consensus.,,4.529455,TOP,50.52,True,3.4,20.0,2.00,8.97
1688168040.0,TREND,GO,BUY,53.38,NORMAL,PRO,DEFENSIVE,1.0,0.50,Aegean:FLAT(0.50)|Orion:LONG(0.80),Regime: TREND (Orion 2x). Score: 0.53. Bullish Consensus.,,2.838252,MID,52.03,True,3.7,20.0,2.00,8.88
1688168100.0,TREND,GO,BUY,52.08,NORMAL,PRO,DEFENSIVE,1.0,0.50,Aegean:FLAT(0.50)|Orion:LONG(0.78),Regime: TREND (Orion 2x). Score: 0.52. Bullish Consensus.,,1.164132,MID,51.25,True,4.3,20.0,2.00,8.43
1688168160.0,TREND,GO,SELL,46.40,NORMAL,PRO,DEFENSIVE,1.0,0.50,Aegean:FLAT(0.50)|Orion:SHORT(0.70),Regime: TREND (Orion 2x). Score: -0.46. Bearish Consensus.,,-2.578071,MID,47.84,True,5.3,20.0,2.00,8.16
1688168220.0,TREND,GO,SELL,41.20,NORMAL,PRO,DEFENSIVE,1.0,0.50,Aegean:FLAT(0.50)|Orion:SHORT(0.62),Regime: TREND (Orion 2x). Score: -0.41. Bearish Consensus.,,-2.161608,DIP,44.72,True,5.3,20.0,2.00,7.58
1688168280.0,TREND,GO,BUY,36.04,NORMAL,PRO,DEFENSIVE,1.0,0.50,Aegean:FLAT(0.50)|Orion:LONG(0.54),Regime: TREND (Orion 2x). Score: 0.36. Bullish Consensus.,,-0.846219,MID,41.63,True,5.3,20.0,2.00,6.83
1688168340.0,TREND,NO_GO,HOLD,31.28,NORMAL,PRO,DEFENSIVE,1.0,0.50,Aegean:FLAT(0.50)|Orion:LONG(0.47),Regime: TREND (Orion 2x). Score: 0.31. Low Conviction (<0.35).,LOW_CONVICTION,-1.410984,DIP,38.77,True,0.0,0.0,0.00,0.00
1688168400.0,TREND,NO_GO,HOLD,28.24,NORMAL,PRO,DEFENSIVE,1.0,0.50,Aegean:FLAT(0.50)|Orion:LONG(0.42),Regime: TREND (Orion 2x). Score: 0.28. Low Conviction (<0.35).,LOW_CONVICTION,0.595775,MID,36.95,True,0.0,0.0,0.00,0.00
1688168460.0,TREND,NO_GO,HOLD,26.92,NORMAL,PRO,DEFENSIVE,1.0,0.50,Aegean:FLAT(0.50)|Orion:LONG(0.40),Regime: TREND (Orion 2x). Score: 0.27. Low Conviction (<0.35).,LOW_CONVICTION,2.128521,MID,36.15,True,0.0,0.0,0.00,0.00
1688168520.0,TREND,NO_GO,HOLD,25.76,NORMAL,PRO,DEFENSIVE,1.0,0.50,Aegean:FLAT(0.50)|Orion:LONG(0.39),Regime: TREND (Orion 2x). Score: 0.26. Low Conviction (<0.35).,LOW_CONVICTION,1.925785,MID,35.45,True,0.0,0.0,0.00,0.00
1688168580.0,TREND,NO_GO,HOLD,23.96,NORMAL,PRO,DEFENSIVE,1.0,0.50,Aegean:FLAT(0.50)|Orion:LONG(0.36),Regime: TREND (Orion 2x). Score: 0.24. Low Conviction (<0.35).,LOW_CONVICTION,1.169977,MID,34.38,True,0.0,0.0,0.00,0.00
1688168640.0,TREND,NO_GO,HOLD,22.22,NORMAL,PRO,DEFENSIVE,1.0,0.50,Aegean:FLAT(0.50)|Orion:LONG(0.33),Regime: TREND (Orion 2x). Score: 0.22. Low Conviction (<0.35).,LOW_CONVICTION,1.006170,MID,33.33,True,0.0,0.0,0.00,0.00
1688168700.0,TREND,NO_GO,HOLD,18.56,NORMAL,PRO,DEFENSIVE,1.0,0.50,Aegean:FLAT(0.50)|Orion:LONG(0.28),Regime: TREND (Orion 2x). Score: 0.19. Low Conviction (<0.35).,LOW_CONVICTION,-0.662708,MID,31.13,True,0.0,0.0,0.00,0.00
1688168760.0,TREND,NO_GO,HOLD,16.76,NORMAL,PRO,DEFENSIVE,1.0,0.50,Aegean:FLAT(0.50)|Orion:SHORT(0.25),Regime: TREND (Orion 2x). Score: -0.17. Low Conviction (<0.35).,LOW_CONVICTION,-2.394836,DIP,30.06,True,0.0,0.0,0.00,0.00
1688168820.0,TREND,NO_GO,HOLD,15.86,NORMAL,PRO,DEFENSIVE,1.0,0.50,Aegean:FLAT(0.50)|Orion:SHORT(0.24),Regime: TREND (Orion 2x). Score: -0.16. Low Conviction (<0.35).,LOW_CONVICTION,-2.259851,DIP,29.52,True,0.0,0.0,0.00,0.00
1688168880.0,TREND,NO_GO,HOLD,15.03,NORMAL,PRO,DEFENSIVE,1.0,0.50,Aegean:FLAT(0.50)|Orion:SHORT(0.23),Regime: TREND (Orion 2x). Score: -0.15. Low Conviction (<0.35).,LOW_CONVICTION,-1.884832,DIP,29.02,True,0.0,0.0,0.00,0.00
1688168940.0,TREND,NO_GO,HOLD,14.23,NORMAL,PRO,DEFENSIVE,1.0,0.50,Aegean:FLAT(0.50)|Orion:SHORT(0.21),Regime: TREND (Orion 2x). Score: -0.14. Low Conviction (<0.35).,LOW_CONVICTION,-2.068182,DIP,28.54,True,0.0,0.0,0.00,0.00
1688169000.0,TREND,NO_GO,HOLD,11.44,NORMAL,PRO,DEFENSIVE,1.0,0.50,Aegean:FLAT(0.50)|Orion:LONG(0.17),Regime: TREND (Orion 2x). Score: 0.11. Low Conviction (<0.35).,LOW_CONVICTION,-0.022660,MID,26.86,True,0.0,0.0,0.00,0.00
1688169060.0,TREND,NO_GO,HOLD,13.33,NORMAL,PRO,DEFENSIVE,1.0,0.50,Aegean:FLAT(0.50)|Orion:LONG(0.20),Regime: TREND (Orion 2x). Score: 0.13. Low Conviction (<0.35).,LOW_CONVICTION,0.457594,MID,24.97,False,0.0,0.0,0.00,0.00
1688169120.0,TREND,NO_GO,HOLD,13.33,NORMAL,PRO,DEFENSIVE,1.0,0.50,Aegean:FLAT(0.50)|Orion:LONG(0.20),Regime: TREND (Orion 2x). Score: 0.13. Low Conviction (<0.35).,LOW_CONVICTION,-0.489844,MID,23.28,False,0.0,0.0,0.00,0.00
1688169180.0,TREND,NO_GO,HOLD,13.33,NORMAL,PRO,DEFENSIVE,1.0,0.50,Aegean:FLAT(0.50)|Orion:LONG(0.20),Regime: TREND (Orion 2x). Score: 0.13. Low Conviction (<0.35).,LOW_CONVICTION,-0.256993,MID,21.77,False,0.0,0.0,0.00,0.00
1688169240.0,TREND,NO_GO,HOLD,13.33,NORMAL,PRO,DEFENSIVE,1.0,0.50,Aegean:FLAT(0.50)|Orion:LONG(0.20),Regime: TREND (Orion 2x). Score: 0.13. Low Conviction (<0.35).,LOW_CONVICTION,-0.293245,MID,20.36,False,0.0,0.0,0.00,0.00
1688169300.0,TREND,NO_GO,HOLD,13.33,NORMAL,PRO,DEFENSIVE,1.0,0.50,Aegean:FLAT(0.50)|Orion:SHORT(0.20),Regime: TREND (Orion 2x). Score: -0.13. Low Conviction (<0.35).,LOW_CONVICTION,-1.147203,MID,19.96,False,0.0,0.0,0.00,0.00
1688169360.0,TREND,NO_GO,HOLD,13.33,NORMAL,PRO,DEFENSIVE,1.0,0.50,Aegean:FLAT(0.50)|Orion:SHORT(0.20),Regime: TREND (Orion 2x). Score: -0.13. Low Conviction (<0.35).,LOW_CONVICTION,-2.071122,DIP,20.05,False,0.0,0.0,0.00,0.00
1688169420.0,TREND,NO_GO,HOLD,13.33,NORMAL,PRO,DEFENSIVE,1.0,0.50,Aegean:FLAT(0.50)|Orion:SHORT(0.20),Regime: TREND (Orion 2x). Score: -0.13. Low Conviction (<0.35).,LOW_CONVICTION,-1.427964,MID,20.15,False,0.0,0.0,0.00,0.00
1688169480.0,TREND,NO_GO,HOLD,13.33,NORMAL,PRO,DEFENSIVE,1.0,0.50,Aegean:FLAT(0.50)|Orion:SHORT(0.20),Regime: TREND (Orion 2x). Score: -0.13. Low Conviction (<0.35).,LOW_CONVICTION,-1.928520,DIP,20.45,False,0.0,0.0,0.00,0.00
1688169540.0,TREND,NO_GO,HOLD,13.33,NORMAL,PRO,DEFENSIVE,1.0,0.50,Aegean:FLAT(0.50)|Orion:SHORT(0.20),Regime: TREND (Orion 2x). Score: -0.13. Low Conviction (<0.35).,LOW_CONVICTION,-1.506910,DIP,20.52,False,0.0,0.0,0.00,0.00
1688169600.0,CHOP,NO_GO,HOLD,13.33,NORMAL,PRO,DEFENSIVE,1.0,0.50,Aegean:FLAT(0.50)|Orion:SHORT(0.20),Regime: CHOP (Reduced Weights). Score: -0.13. Low Conviction (<0.35).,LOW_CONVICTION,-0.472414,MID,20.19,False,0.0,0.0,0.00,0.00
1688169660.0,TREND,NO_GO,HOLD,13.33,NORMAL,PRO,DEFENSIVE,1.0,0.50,Aegean:FLAT(0.50)|Orion:SHORT(0.20),Regime: TREND (Orion 2x). Score: -0.13. Low Conviction (<0.35).,LOW_CONVICTION,-2.306041,DIP,20.87,False,0.0,0.0,0.00,0.00
1688169720.0,TREND,NO_GO,HOLD,13.33,NORMAL,PRO,DEFENSIVE,1.0,0.50,Aegean:FLAT(0.50)|Orion:SHORT(0.20),Regime: TREND (Orion 2x). Score: -0.13. Low Conviction (<0.35).,LOW_CONVICTION,-1.242666,MID,21.24,False,0.0,0.0,0.00,0.00
1688169780.0,TREND,NO_GO,HOLD,13.33,NORMAL,PRO,DEFENSIVE,1.0,0.50,Aegean:FLAT(0.50)|Orion:SHORT(0.20),Regime: TREND (Orion 2x). Score: -0.13. Low Conviction (<0.35).,LOW_CONVICTION,0.093620,MID,21.20,False,0.0,0.0,0.00,0.00
1688169840.0,TREND,NO_GO,HOLD,13.33,NORMAL,PRO,DEFENSIVE,1.0,0.50,Aegean:FLAT(0.50)|Orion:LONG(0.20),Regime: TREND (Orion 2x). Score: 0.13. Low Conviction (<0.35).,LOW_CONVICTION,0.941866,MID,20.43,False,0.0,0.0,0.00,0.00
1688169900.0,CHOP,NO_GO,HOLD,13.33,NORMAL,PRO,DEFENSIVE,1.0,0.50,Aegean:FLAT(0.50)|Orion:SHORT(0.20),Regime: CHOP (Reduced Weights). Score: -0.13. Low Conviction (<0.35).,LOW_CONVICTION,0.009188,MID,20.08,False,0.0,0.0,0.00,0.00
1688169960.0,CHOP,NO_GO,HOLD,13.33,NORMAL,PRO,DEFENSIVE,1.0,0.50,Aegean:FLAT(0.50)|Orion:LONG(0.20),Regime: CHOP (Reduced Weights). Score: 0.13. Low Conviction (<0.35).,LOW_CONVICTION,1.472256,TOP,19.10,False,0.0,0.0,0.00,0.00
1688170020.0,CHOP,NO_GO,HOLD,13.33,NORMAL,PRO,DEFENSIVE,1.0,0.50,Aegean:FLAT(0.50)|Orion:LONG(0.20),Regime: CHOP (Reduced Weights). Score: 0.13. Low Conviction (<0.35).,LOW_CONVICTION,2.358708,TOP,18.25,False,0.0,0.0,0.00,0.00
1688170080.0,CHOP,NO_GO,HOLD,13.33,NORMAL,PRO,DEFENSIVE,1.0,0.50,Aegean:FLAT(0.50)|Orion:SHORT(0.20),Regime: CHOP (Reduced Weights). Score: -0.13. Low Conviction (<0.35).,LOW_CONVICTION,-0.165563,MID,17.72,False,0.0,0.0,0.00,0.00
1688170140.0,CHOP,NO_GO,HOLD,13.33,NORMAL,PRO,DEFENSIVE,1.0,0.50,Aegean:FLAT(0.50)|Orion:LONG(0.20),Regime: CHOP (Reduced Weights). Score: 0.13. Low Conviction (<0.35).,LOW_CONVICTION,1.593995,TOP,17.04,False,0.0,0.0,0.00,0.00
1688170200.0,CHOP,NO_GO,HOLD,13.33,NORMAL,PRO,DEFENSIVE,1.0,0.50,Aegean:FLAT(0.50)|Orion:LONG(0.20),Regime: CHOP (Reduced Weights). Score: 0.13. Low Conviction (<0.35).,LOW_CONVICTION,1.210146,MID,16.24,False,0.0,0.0,0.00,0.00
1688170260.0,CHOP,NO_GO,HOLD,13.33,NORMAL,PRO,DEFENSIVE,1.0,0.50,Aegean:FLAT(0.50)|Orion:LONG(0.20),Regime: CHOP (Reduced Weights). Score: 0.13. Low Conviction (<0.35).,LOW_CONVICTION,1.248719,MID,15.59,False,0.0,0.0,0.00,0.00
1688170320.0,CHOP,NO_GO,HOLD,13.33,NORMAL,PRO,DEFENSIVE,1.0,0.50,Aegean:FLAT(0.50)|Orion:LONG(0.20),Regime: CHOP (Reduced Weights). Score: 0.13. Low Conviction (<0.35).,LOW_CONVICTION,0.333163,MID,14.51,False,0.0,0.0,0.00,0.00
1688170380.0,CHOP,NO_GO,HOLD,13.33,NORMAL,PRO,DEFENSIVE,1.0,0.50,Aegean:FLAT(0.30)|Orion:SHORT(0.20),Regime: CHOP (Reduced Weights). Score: -0.13. Low Conviction (<0.35).,LOW_CONVICTION,-4.573144,DIP,16.29,False,0.0,0.0,0.00,0.00
1688170440.0,CHOP,GO,SELL,36.67,NORMAL,PRO,DEFENSIVE,1.0,0.50,Aegean:SHORT(0.70)|Orion:SHORT(0.20),Regime: CHOP (Reduced Weights). Score: -0.37. Bearish Consensus.,,-3.791188,MID,18.67,False,5.5,20.0,2.00,3.73
1688170500.0,CHOP,NO_GO,HOLD,13.33,NORMAL,PRO,DEFENSIVE,1.0,0.50,Aegean:FLAT(0.50)|Orion:SHORT(0.20),Regime: CHOP (Reduced Weights). Score: -0.13. Low Conviction (<0.35).,LOW_CONVICTION,-0.356682,MID,18.93,False,0.0,0.0,0.00,0.00
1688170560.0,CHOP,NO_GO,HOLD,13.33,NORMAL,PRO,DEFENSIVE,1.0,0.50,Aegean:FLAT(0.50)|Orion:SHORT(0.20),Regime: CHOP (Reduced Weights). Score: -0.13. Low Conviction (<0.35).,LOW_CONVICTION,-0.347334,MID,18.80,False,0.0,0.0,0.00,0.00
1688170620.0,CHOP,NO_GO,HOLD,13.33,NORMAL,PRO,DEFENSIVE,1.0,0.50,Aegean:FLAT(0.50)|Orion:SHORT(0.20),Regime: CHOP (Reduced Weights). Score: -0.13. Low Conviction (<0.35).,LOW_CONVICTION,-1.482624,MID,19.28,False,0.0,0.0,0.00,0.00
1688170680.0,CHOP,NO_GO,HOLD,13.33,NORMAL,PRO,DEFENSIVE,1.0,0.50,Aegean:FLAT(0.50)|Orion:SHORT(0.20),Regime: CHOP (Reduced Weights). Score: -0.13. Low Conviction (<0.35).,LOW_CONVICTION,-1.636984,MID,19.61,False,0.0,0.0,0.00,0.00
1688170740.0,CHOP,NO_GO,HOLD,13.33,NORMAL,PRO,DEFENSIVE,1.0,0.50,Aegean:FLAT(0.50)|Orion:SHORT(0.20),Regime: CHOP (Reduced Weights). Score: -0.13. Low Conviction (<0.35).,LOW_CONVICTION,0.072098,MID,19.22,False,0.0,0.0,0.00,0.00
1688170800.0,CHOP,NO_GO,HOLD,13.33,NORMAL,PRO,DEFENSIVE,1.0,0.50,Aegean:FLAT(0.50)|Orion:SHORT(0.20),Regime: CHOP (Reduced Weights). Score: -0.13. Low Conviction (<0.35).,LOW_CONVICTION,-0.609562,MID,18.87,False,0.0,0.0,0.00,0.00
1688170860.0,TREND,NO_GO,HOLD,13.33,NORMAL,PRO,DEFENSIVE,1.0,0.50,Aegean:FLAT(0.50)|Orion:SHORT(0.20),Regime: TREND (Orion 2x). Score: -0.13. Low Conviction (<0.35).,LOW_CONVICTION,-0.196270,MID,19.04,False,0.0,0.0,0.00,0.00
1688170920.0,TREND,NO_GO,HOLD,13.33,NORMAL,PRO,DEFENSIVE,1.0,0.50,Aegean:FLAT(0.50)|Orion:SHORT(0.20),Regime: TREND (Orion 2x). Score: -0.13. Low Conviction (<0.35).,LOW_CONVICTION,0.652066,MID,18.51,False,0.0,0.0,0.00,0.00
1688170980.0,CHOP,NO_GO,HOLD,13.33,NORMAL,PRO,DEFENSIVE,1.0,0.50,Aegean:FLAT(0.50)|Orion:LONG(0.20),Regime: CHOP (Reduced Weights). Score: 0.13. Low Conviction (<0.35).,LOW_CONVICTION,0.944355,MID,17.66,False,0.0,0.0,0.00,0.00
1688171040.0,CHOP,NO_GO,HOLD,13.33,NORMAL,PRO,DEFENSIVE,1.0,0.50,Aegean:FLAT(0.50)|Orion:LONG(0.20),Regime: CHOP (Reduced Weights). Score: 0.13. Low Conviction (<0.35).,LOW_CONVICTION,1.104063,MID,16.76,False,0.0,0.0,0.00,0.00
1688171100.0,CHOP,NO_GO,HOLD,13.33,NORMAL,PRO,DEFENSIVE,1.0,0.50,Aegean:FLAT(0.50)|Orion:SHORT(0.20),Regime: CHOP (Reduced Weights). Score: -0.13. Low Conviction (<0.35).,LOW_CONVICTION,-0.057169,MID,16.40,False,0.0,0.0,0.00,0.00
1688171160.0,CHOP,NO_GO,HOLD,13.33,NORMAL,PRO,DEFENSIVE,1.0,0.50,Aegean:FLAT(0.50)|Orion:LONG(0.20),Regime: CHOP (Reduced Weights). Score: 0.13. Low Conviction (<0.35).,LOW_CONVICTION,1.568273,MID,15.72,False,0.0,0.0,0.00,0.00
1688171220.0,CHOP,NO_GO,HOLD,13.33,NORMAL,PRO,DEFENSIVE,1.0,0.50,Aegean:FLAT(0.50)|Orion:LONG(0.20),Regime: CHOP (Reduced Weights). Score: 0.13. Low Conviction (<0.35).,LOW_CONVICTION,2.446220,TOP,14.80,False,0.0,0.0,0.00,0.00
1688171280.0,CHOP,NO_GO,HOLD,13.33,NORMAL,PRO,DEFENSIVE,1.0,0.50,Aegean:FLAT(0.30)|Orion:LONG(0.20),Regime: CHOP (Reduced Weights). Score: 0.13. Low Conviction (<0.35).,LOW_CONVICTION,3.140567,TOP,14.41,False,0.0,0.0,0.00,0.00
1688171340.0,CHOP,NO_GO,HOLD,13.33,NORMAL,PRO,DEFENSIVE,1.0,0.50,Aegean:FLAT(0.50)|Orion:LONG(0.20),Regime: CHOP (Reduced Weights). Score: 0.13. Low Conviction (<0.35).,LOW_CONVICTION,2.614645,MID,14.78,False,0.0,0.0,0.00,0.00
1688171400.0,CHOP,NO_GO,HOLD,13.33,NORMAL,PRO,DEFENSIVE,1.0,0.50,Aegean:FLAT(0.30)|Orion:LONG(0.20),Regime: CHOP (Reduced Weights). Score: 0.13. Low Conviction (<0.35).,LOW_CONVICTION,3.337890,TOP,14.53,False,0.0,0.0,0.00,0.00
1688171460.0,CHOP,NO_GO,HOLD,13.33,NORMAL,PRO,DEFENSIVE,1.0,0.50,Aegean:FLAT(0.30)|Orion:LONG(0.20),Regime: CHOP (Reduced Weights). Score: 0.13. Low Conviction (<0.35).,LOW_CONVICTION,3.271410,TOP,14.57,False,0.0,0.0,0.00,0.00
1688171520.0,CHOP,NO_GO,HOLD,13.33,NORMAL,PRO,DEFENSIVE,1.0,0.50,Aegean:FLAT(0.50)|Orion:LONG(0.20),Regime: CHOP (Reduced Weights). Score: 0.13. Low Conviction (<0.35).,LOW_CONVICTION,2.692214,TOP,14.61,False,0.0,0.0,0.00,0.00
1688171580.0,CHOP,NO_GO,HOLD,13.33,NORMAL,PRO,DEFENSIVE,1.0,0.50,Aegean:FLAT(0.50)|Orion:LONG(0.20),Regime: CHOP (Reduced Weights). Score: 0.13. Low Conviction (<0.35).,LOW_CONVICTION,1.883959,TOP,14.41,False,0.0,0.0,0.00,0.00
1688171640.0,CHOP,NO_GO,HOLD,13.33,NORMAL,PRO,DEFENSIVE,1.0,0.50,Aegean:FLAT(0.50)|Orion:LONG(0.20),Regime: CHOP (Reduced Weights). Score: 0.13. Low Conviction (<0.35).,LOW_CONVICTION,0.693756,MID,13.52,False,0.0,0.0,0.00,0.00
1688171700.0,CHOP,NO_GO,HOLD,13.33,NORMAL,PRO,DEFENSIVE,1.0,0.50,Aegean:FLAT(0.50)|Orion:LONG(0.20),Regime: CHOP (Reduced Weights). Score: 0.13. Low Conviction (<0.35).,LOW_CONVICTION,0.652949,MID,13.45,False,0.0,0.0,0.00,0.00
1688171760.0,CHOP,NO_GO,HOLD,13.33,NORMAL,PRO,DEFENSIVE,1.0,0.50,Aegean:FLAT(0.50)|Orion:LONG(0.20),Regime: CHOP (Reduced Weights). Score: 0.13. Low Conviction (<0.35).,LOW_CONVICTION,-0.668744,MID,13.39,False,0.0,0.0,0.00,0.00
1688171820.0,CHOP,NO_GO,HOLD,13.33,NORMAL,PRO,DEFENSIVE,1.0,0.50,Aegean:FLAT(0.50)|Orion:LONG(0.20),Regime: CHOP (Reduced Weights). Score: 0.13. Low Conviction (<0.35).,LOW_CONVICTION,-0.288755,MID,13.40,False,0.0,0.0,0.00,0.00
1688171880.0,CHOP,NO_GO,HOLD,13.33,NORMAL,PRO,DEFENSIVE,1.0,0.50,Aegean:FLAT(0.50)|Orion:LONG(0.20),Regime: CHOP (Reduced Weights). Score: 0.13. Low Conviction (<0.35).,LOW_CONVICTION,2.067275,TOP,13.06,False,0.0,0.0,0.00,0.00
1688171940.0,CHOP,NO_GO,HOLD,13.33,NORMAL,PRO,DEFENSIVE,1.0,0.50,Aegean:FLAT(0.50)|Orion:LONG(0.20),Regime: CHOP (Reduced Weights). Score: 0.13. Low Conviction (<0.35).,LOW_CONVICTION,1.812349,TOP,12.80,False,0.0,0.0,0.00,0.00
1688172000.0,CHOP,NO_GO,HOLD,13.33,NORMAL,PRO,DEFENSIVE,1.0,0.50,Aegean:FLAT(0.50)|Orion:LONG(0.20),Regime: CHOP (Reduced Weights). Score: 0.13. Low Conviction (<0.35).,LOW_CONVICTION,1.969142,TOP,12.35,False,0.0,0.0,0.00,0.00
1688172060.0,CHOP,NO_GO,HOLD,13.33,NORMAL,PRO,DEFENSIVE,1.0,0.50,Aegean:FLAT(0.50)|Orion:LONG(0.20),Regime: CHOP (Reduced Weights). Score: 0.13. Low Conviction (<0.35).,LOW_CONVICTION,1.629679,TOP,11.87,False,0.0,0.0,0.00,0.00
1688172120.0,CHOP,NO_GO,HOLD,13.33,NORMAL,PRO,DEFENSIVE,1.0,0.50,Aegean:FLAT(0.50)|Orion:LONG(0.20),Regime: CHOP (Reduced Weights). Score: 0.13. Low Conviction (<0.35).,LOW_CONVICTION,0.856332,MID,11.88,False,0.0,0.0,0.00,0.00
1688172180.0,CHOP,NO_GO,HOLD,13.33,NORMAL,PRO,DEFENSIVE,1.0,0.50,Aegean:FLAT(0.50)|Orion:LONG(0.20),Regime: CHOP (Reduced Weights). Score: 0.13. Low Conviction (<0.35).,LOW_CONVICTION,0.915578,MID,11.88,False,0.0,0.0,0.00,0.00
1688172240.0,CHOP,NO_GO,HOLD,13.33,NORMAL,PRO,DEFENSIVE,1.0,0.50,Aegean:FLAT(0.50)|Orion:LONG(0.20),Regime: CHOP (Reduced Weights). Score: 0.13. Low Conviction (<0.35).,LOW_CONVICTION,0.401345,MID,11.51,False,0.0,0.0,0.00,0.00
1688172300.0,CHOP,NO_GO,HOLD,13.33,NORMAL,PRO,DEFENSIVE,1.0,0.50,Aegean:FLAT(0.30)|Orion:SHORT(0.20),Regime: CHOP (Reduced Weights). Score: -0.13. Low Conviction (<0.35).,LOW_CONVICTION,-3.344200,DIP,12.41,False,0.0,0.0,0.00,0.00
1688172360.0,CHOP,GO,SELL,36.67,NORMAL,PRO,DEFENSIVE,1.0,0.50,Aegean:SHORT(0.70)|Orion:SHORT(0.20),Regime: CHOP (Reduced Weights). Score: -0.37. Bearish Consensus.,,-3.364514,MID,13.85,False,4.7,20.0,2.00,2.88
1688172420.0,CHOP,NO_GO,HOLD,13.33,NORMAL,PRO,DEFENSIVE,1.0,0.50,Aegean:FLAT(0.30)|Orion:SHORT(0.20),Regime: CHOP (Reduced Weights). Score: -0.13. Low Conviction (<0.35).,LOW_CONVICTION,-3.837073,DIP,15.18,False,0.0,0.0,0.00,0.00
1688172480.0,CHOP,NO_GO,HOLD,13.33,NORMAL,PRO,DEFENSIVE,1.0,0.50,Aegean:FLAT(0.50)|Orion:SHORT(0.20),Regime: CHOP (Reduced Weights). Score: -0.13. Low Conviction (<0.35).,LOW_CONVICTION,-2.863011,DIP,16.46,False,0.0,0.0,0.00,0.00
1688172540.0,CHOP,NO_GO,HOLD,13.33,NORMAL,PRO,DEFENSIVE,1.0,0.50,Aegean:FLAT(0.50)|Orion:SHORT(0.20),Regime: CHOP (Reduced Weights). Score: -0.13. Low Conviction (<0.35).,LOW_CONVICTION,-1.733639,MID,16.27,False,0.0,0.0,0.00,0.00
1688172600.0,CHOP,NO_GO,HOLD,13.33,NORMAL,PRO,DEFENSIVE,1.0,0.50,Aegean:FLAT(0.50)|Orion:SHORT(0.20),Regime: CHOP (Reduced Weights). Score: -0.13. Low Conviction (<0.35).,LOW_CONVICTION,-1.939877,MID,16.09,False,0.0,0.0,0.00,0.00
1688172660.0,CHOP,NO_GO,HOLD,13.33,NORMAL,PRO,DEFENSIVE,1.0,0.50,Aegean:FLAT(0.50)|Orion:SHORT(0.20),Regime: CHOP (Reduced Weights). Score: -0.13. Low Conviction (<0.35).,LOW_CONVICTION,-1.650837,MID,15.85,False,0.0,0.0,0.00,0.00
1688172720.0,CHOP,NO_GO,HOLD,13.33,NORMAL,PRO,DEFENSIVE,1.0,0.50,Aegean:FLAT(0.50)|Orion:SHORT(0.20),Regime: CHOP (Reduced Weights). Score: -0.13. Low Conviction (<0.35).,LOW_CONVICTION,-1.315704,MID,15.95,False,0.0,0.0,0.00,0.00
1688172780.0,CHOP,NO_GO,HOLD,13.33,NORMAL,PRO,DEFENSIVE,1.0,0.50,Aegean:FLAT(0.50)|Orion:SHORT(0.20),Regime: CHOP (Reduced Weights). Score: -0.13. Low Conviction (<0.35).,LOW_CONVICTION,-1.467293,MID,15.44,False,0.0,0.0,0.00,0.00
1688172840.0,CHOP,NO_GO,HOLD,13.33,NORMAL,PRO,DEFENSIVE,1.0,0.50,Aegean:FLAT(0.50)|Orion:SHORT(0.20),Regime: CHOP (Reduced Weights). Score: -0.13. Low Conviction (<0.35).,LOW_CONVICTION,-0.617603,MID,14.97,False,0.0,0.0,0.00,0.00
1688172900.0,CHOP,NO_GO,HOLD,13.33,NORMAL,PRO,DEFENSIVE,1.0,0.50,Aegean:FLAT(0.50)|Orion:SHORT(0.20),Regime: CHOP (Reduced Weights). Score: -0.13. Low Conviction (<0.35).,LOW_CONVICTION,-1.329790,MID,14.79,False,0.0,0.0,0.00,0.00
1688172960.0,CHOP,NO_GO,HOLD,13.33,NORMAL,PRO,DEFENSIVE,1.0,0.50,Aegean:FLAT(0.50)|Orion:SHORT(0.20),Regime: CHOP (Reduced Weights). Score: -0.13. Low Conviction (<0.35).,LOW_CONVICTION,-2.511455,DIP,15.25,False,0.0,0.0,0.00,0.00
1688173020.0,CHOP,NO_GO,HOLD,13.33,NORMAL,PRO,DEFENSIVE,1.0,0.50,Aegean:FLAT(0.50)|Orion:SHORT(0.20),Regime: CHOP (Reduced Weights). Score: -0.13. Low Conviction (<0.35).,LOW_CONVICTION,-2.008901,DIP,15.67,False,0.0,0.0,0.00,0.00
1688173080.0,CHOP,NO_GO,HOLD,13.33,NORMAL,PRO,DEFENSIVE,1.0,0.50,Aegean:FLAT(0.50)|Orion:SHORT(0.20),Regime: CHOP (Reduced Weights). Score: -0.13. Low Conviction (<0.35).,LOW_CONVICTION,-0.880143,MID,15.17,False,0.0,0.0,0.00,0.00
1688173140.0,CHOP,NO_GO,HOLD,13.33,NORMAL,PRO,DEFENSIVE,1.0,0.50,Aegean:FLAT(0.50)|Orion:SHORT(0.20),Regime: CHOP (Reduced Weights). Score: -0.13. Low Conviction (<0.35).,LOW_CONVICTION,-1.265254,DIP,14.45,False,0.0,0.0,0.00,0.00
1688173200.0,CHOP,NO_GO,HOLD,13.33,NORMAL,PRO,DEFENSIVE,1.0,0.50,Aegean:FLAT(0.50)|Orion:SHORT(0.20),Regime: CHOP (Reduced Weights). Score: -0.13. Low Conviction (<0.35).,LOW_CONVICTION,-1.291921,DIP,14.34,False,0.0,0.0,0.00,0.00
1688173260.0,CHOP,NO_GO,HOLD,13.33,NORMAL,PRO,DEFENSIVE,1.0,0.50,Aegean:FLAT(0.50)|Orion:SHORT(0.20),Regime: CHOP (Reduced Weights). Score: -0.13. Low Conviction (<0.35).,LOW_CONVICTION,0.210804,MID,13.78,False,0.0,0.0,0.00,0.00
1688173320.0,CHOP,NO_GO,HOLD,13.33,NORMAL,PRO,DEFENSIVE,1.0,0.50,Aegean:FLAT(0.50)|Orion:SHORT(0.20),Regime: CHOP (Reduced Weights). Score: -0.13. Low Conviction (<0.35).,LOW_CONVICTION,-0.675449,MID,13.30,False,0.0,0.0,0.00,0.00
1688173380.0,CHOP,NO_GO,HOLD,13.33,NORMAL,PRO,DEFENSIVE,1.0,0.50,Aegean:FLAT(0.50)|Orion:SHORT(0.20),Regime: CHOP (Reduced Weights). Score: -0.13. Low Conviction (<0.35).,LOW_CONVICTION,-0.424093,MID,13.16,False,0.0,0.0,0.00,0.00
1688173440.0,CHOP,NO_GO,HOLD,13.33,NORMAL,PRO,DEFENSIVE,1.0,0.50,Aegean:FLAT(0.50)|Orion:SHORT(0.20),Regime: CHOP (Reduced Weights). Score: -0.13. Low Conviction (<0.35).,LOW_CONVICTION,-2.486425,DIP,14.20,False,0.0,0.0,0.00,0.00
1688173500.0,CHOP,NO_GO,HOLD,13.33,NORMAL,PRO,DEFENSIVE,1.0,0.50,Aegean:FLAT(0.50)|Orion:SHORT(0.20),Regime: CHOP (Reduced Weights). Score: -0.13. Low Conviction (<0.35).,LOW_CONVICTION,-2.444174,DIP,15.57,False,0.0,0.0,0.00,0.00
1688173560.0,CHOP,NO_GO,HOLD,13.33,NORMAL,PRO,DEFENSIVE,1.0,0.50,Aegean:FLAT(0.30)|Orion:SHORT(0.20),Regime: CHOP (Reduced Weights). Score: -0.13. Low Conviction (<0.35).,LOW_CONVICTION,-3.179806,DIP,16.97,False,0.0,0.0,0.00,0.00
1688173620.0,CHOP,NO_GO,HOLD,13.33,NORMAL,PRO,DEFENSIVE,1.0,0.50,Aegean:FLAT(0.30)|Orion:SHORT(0.20),Regime: CHOP (Reduced Weights). Score: -0.13. Low Conviction (<0.35).,LOW_CONVICTION,-5.619339,DIP,19.42,False,0.0,0.0,0.00,0.00
1688173680.0,TREND,GO,SELL,36.67,NORMAL,PRO,DEFENSIVE,1.0,0.50,Aegean:SHORT(0.70)|Orion:SHORT(0.20),Regime: TREND (Orion 2x). Score: -0.37. Bearish Consensus.,,-4.074625,MID,21.83,False,5.0,20.0,2.00,4.30
1688173740.0,TREND,NO_GO,HOLD,13.33,NORMAL,PRO,DEFENSIVE,1.0,0.50,Aegean:FLAT(0.50)|Orion:SHORT(0.20),Regime: TREND (Orion 2x). Score: -0.13. Low Conviction (<0.35).,LOW_CONVICTION,-2.552091,MID,23.19,False,0.0,0.0,0.00,0.00
1688173800.0,TREND,NO_GO,HOLD,13.33,NORMAL,PRO,DEFENSIVE,1.0,0.50,Aegean:FLAT(0.50)|Orion:SHORT(0.20),Regime: TREND (Orion 2x). Score: -0.13. Low Conviction (<0.35).,LOW_CONVICTION,-0.801362,MID,23.05,False,0.0,0.0,0.00,0.00
1688173860.0,TREND,NO_GO,HOLD,13.33,NORMAL,PRO,DEFENSIVE,1.0,0.50,Aegean:FLAT(0.50)|Orion:SHORT(0.20),Regime: TREND (Orion 2x). Score: -0.13. Low Conviction (<0.35).,LOW_CONVICTION,0.739329,MID,21.99,False,0.0,0.0,0.00,0.00
1688173920.0,TREND,NO_GO,HOLD,13.33,NORMAL,PRO,DEFENSIVE,1.0,0.50,Aegean:FLAT(0.50)|Orion:SHORT(0.20),Regime: TREND (Orion 2x). Score: -0.13. Low Conviction (<0.35).,LOW_CONVICTION,1.545795,TOP,20.50,False,0.0,0.0,0.00,0.00
1688173980.0,CHOP,NO_GO,HOLD,13.33,NORMAL,PRO,DEFENSIVE,1.0,0.50,Aegean:FLAT(0.50)|Orion:SHORT(0.20),Regime: CHOP (Reduced Weights). Score: -0.13. Low Conviction (<0.35).,LOW_CONVICTION,1.685996,TOP,19.25,False,0.0,0.0,0.00,0.00
1688174040.0,CHOP,NO_GO,HOLD,13.33,NORMAL,PRO,DEFENSIVE,1.0,0.50,Aegean:FLAT(0.50)|Orion:SHORT(0.20),Regime: CHOP (Reduced Weights). Score: -0.13. Low Conviction (<0.35).,LOW_CONVICTION,1.298662,TOP,18.07,False,0.0,0.0,0.00,0.00
1688174100.0,CHOP,NO_GO,HOLD,13.33,NORMAL,PRO,DEFENSIVE,1.0,0.50,Aegean:FLAT(0.50)|Orion:SHORT(0.20),Regime: CHOP (Reduced Weights). Score: -0.13. Low Conviction (<0.35).,LOW_CONVICTION,-1.735981,MID,18.15,False,0.0,0.0,0.00,0.00
1688174160.0,CHOP,NO_GO,HOLD,13.33,NORMAL,PRO,DEFENSIVE,1.0,0.50,Aegean:FLAT(0.50)|Orion:SHORT(0.20),Regime: CHOP (Reduced Weights). Score: -0.13. Low Conviction (<0.35).,LOW_CONVICTION,-1.188208,MID,18.91,False,0.0,0.0,0.00,0.00
1688174220.0,TREND,GO,SELL,36.67,NORMAL,PRO,DEFENSIVE,1.0,0.50,Aegean:SHORT(0.70)|Orion:SHORT(0.20),Regime: TREND (Orion 2x). Score: -0.37. Bearish Consensus.,,-4.210694,MID,20.85,False,6.5,20.0,2.00,4.17
1688174280.0,TREND,NO_GO,HOLD,13.33,NORMAL,PRO,DEFENSIVE,1.0,0.50,Aegean:FLAT(0.50)|Orion:SHORT(0.20),Regime: TREND (Orion 2x). Score: -0.13. Low Conviction (<0.35).,LOW_CONVICTION,-1.682202,MID,22.63,False,0.0,0.0,0.00,0.00
1688174340.0,TREND,GO,SELL,36.67,NORMAL,PRO,DEFENSIVE,1.0,0.50,Aegean:SHORT(0.70)|Orion:SHORT(0.20),Regime: TREND (Orion 2x). Score: -0.37. Bearish Consensus.,,-3.328824,MID,24.50,False,7.6,20.0,2.00,4.58
1688174400.0,TREND,NO_GO,HOLD,33.88,NORMAL,PRO,DEFENSIVE,1.0,0.50,Aegean:SHORT(0.70)|Orion:SHORT(0.16),Regime: TREND (Orion 2x). Score: -0.34. Low Conviction (<0.35).,LOW_CONVICTION,-4.130989,MID,26.33,True,0.0,0.0,0.00,0.00
1688174460.0,TREND,NO_GO,HOLD,13.23,NORMAL,PRO,DEFENSIVE,1.0,0.50,Aegean:FLAT(0.50)|Orion:SHORT(0.20),Regime: TREND (Orion 2x). Score: -0.13. Low Conviction (<0.35).,LOW_CONVICTION,-2.515114,MID,27.94,True,0.0,0.0,0.00,0.00
1688174520.0,TREND,NO_GO,HOLD,15.70,NORMAL,PRO,DEFENSIVE,1.0,0.50,Aegean:FLAT(0.50)|Orion:SHORT(0.24),Regime: TREND (Orion 2x). Score: -0.16. Low Conviction (<0.35).,LOW_CONVICTION,-2.284483,MID,29.42,True,0.0,0.0,0.00,0.00
1688174580.0,TREND,GO,SELL,42.70,NORMAL,PRO,DEFENSIVE,1.0,0.50,Aegean:SHORT(0.70)|Orion:SHORT(0.29),Regime: TREND (Orion 2x). Score: -0.43. Bearish Consensus.,,-4.457959,MID,31.62,True,9.8,20.0,2.00,5.94
1688174640.0,TREND,NO_GO,HOLD,22.71,NORMAL,PRO,DEFENSIVE,1.0,0.50,Aegean:FLAT(0.50)|Orion:SHORT(0.34),Regime: TREND (Orion 2x). Score: -0.23. Low Conviction (<0.35).,LOW_CONVICTION,-2.921087,MID,33.63,True,0.0,0.0,0.00,0.00
1688174700.0,TREND,NO_GO,HOLD,22.99,NORMAL,PRO,DEFENSIVE,1.0,0.50,Aegean:FLAT(0.50)|Orion:SHORT(0.34),Regime: TREND (Orion 2x). Score: -0.23. Low Conviction (<0.35).,LOW_CONVICTION,-1.404089,MID,33.80,True,0.0,0.0,0.00,0.00
1688174760.0,TREND,NO_GO,HOLD,23.28,NORMAL,PRO,DEFENSIVE,1.0,0.50,Aegean:FLAT(0.50)|Orion:SHORT(0.35),Regime: TREND (Orion 2x). Score: -0.23. Low Conviction (<0.35).,LOW_CONVICTION,-0.740104,MID,33.97,True,0.0,0.0,0.00,0.00
1688174820.0,TREND,NO_GO,HOLD,22.22,NORMAL,PRO,DEFENSIVE,1.0,0.50,Aegean:FLAT(0.50)|Orion:SHORT(0.33),Regime: TREND (Orion 2x). Score: -0.22. Low Conviction (<0.35).,LOW_CONVICTION,-0.890227,MID,33.33,True,0.0,0.0,0.00,0.00
1688174880.0,TREND,NO_GO,HOLD,21.23,NORMAL,PRO,DEFENSIVE,1.0,0.50,Aegean:FLAT(0.50)|Orion:SHORT(0.32),Regime: TREND (Orion 2x). Score: -0.21. Low Conviction (<0.35).,LOW_CONVICTION,-1.643593,MID,32.74,True,0.0,0.0,0.00,0.00
1688174940.0,TREND,NO_GO,HOLD,20.65,NORMAL,PRO,DEFENSIVE,1.0,0.50,Aegean:FLAT(0.50)|Orion:SHORT(0.31),Regime: TREND (Orion 2x). Score: -0.21. Low Conviction (<0.35).,LOW_CONVICTION,-0.830120,MID,32.39,True,0.0,0.0,0.00,0.00
1688175000.0,TREND,NO_GO,HOLD,20.52,NORMAL,PRO,DEFENSIVE,1.0,0.50,Aegean:FLAT(0.50)|Orion:SHORT(0.31),Regime: TREND (Orion 2x). Score: -0.21. Low Conviction (<0.35).,LOW_CONVICTION,-0.372848,MID,32.31,True,0.0,0.0,0.00,0.00
1688175060.0,TREND,NO_GO,HOLD,20.10,NORMAL,PRO,DEFENSIVE,1.0,0.50,Aegean:FLAT(0.50)|Orion:SHORT(0.30),Regime: TREND (Orion 2x). Score: -0.20. Low Conviction (<0.35).,LOW_CONVICTION,-0.170362,MID,32.06,True,0.0,0.0,0.00,0.00
1688175120.0,TREND,NO_GO,HOLD,19.72,NORMAL,PRO,DEFENSIVE,1.0,0.50,Aegean:FLAT(0.50)|Orion:SHORT(0.30),Regime: TREND (Orion 2x). Score: -0.20. Low Conviction (<0.35).,LOW_CONVICTION,-0.247727,MID,31.83,True,0.0,0.0,0.00,0.00
1688175180.0,TREND,NO_GO,HOLD,16.75,NORMAL,PRO,DEFENSIVE,1.0,0.50,Aegean:FLAT(0.50)|Orion:SHORT(0.25),Regime: TREND (Orion 2x). Score: -0.17. Low Conviction (<0.35).,LOW_CONVICTION,1.786035,MID,30.05,True,0.0,0.0,0.00,0.00
1688175240.0,TREND,NO_GO,HOLD,13.96,NORMAL,PRO,DEFENSIVE,1.0,0.50,Aegean:FLAT(0.50)|Orion:SHORT(0.21),Regime: TREND (Orion 2x). Score: -0.14. Low Conviction (<0.35).,LOW_CONVICTION,1.505786,MID,28.38,True,0.0,0.0,0.00,0.00
1688175300.0,TREND,NO_GO,HOLD,11.39,NORMAL,PRO,DEFENSIVE,1.0,0.50,Aegean:FLAT(0.50)|Orion:SHORT(0.17),Regime: TREND (Orion 2x). Score: -0.11. Low Conviction (<0.35).,LOW_CONVICTION,1.434955,MID,26.83,True,0.0,0.0,0.00,0.00
1688175360.0,TREND,NO_GO,HOLD,9.54,NORMAL,PRO,DEFENSIVE,1.0,0.50,Aegean:FLAT(0.50)|Orion:SHORT(0.14),Regime: TREND (Orion 2x). Score: -0.10. Low Conviction (<0.35).,LOW_CONVICTION,1.373105,MID,25.72,True,0.0,0.0,0.00,0.00
1688175420.0,TREND,NO_GO,HOLD,13.33,NORMAL,PRO,DEFENSIVE,1.0,0.50,Aegean:FLAT(0.50)|Orion:LONG(0.20),Regime: TREND (Orion 2x). Score: 0.13. Low Conviction (<0.35).,LOW_CONVICTION,2.366581,TOP,24.00,False,0.0,0.0,0.00,0.00
1688175480.0,TREND,NO_GO,HOLD,13.33,NORMAL,PRO,DEFENSIVE,1.0,0.50,Aegean:FLAT(0.50)|Orion:LONG(0.20),Regime: TREND (Orion 2x). Score: 0.13. Low Conviction (<0.35).,LOW_CONVICTION,1.829963,TOP,22.39,False,0.0,0.0,0.00,0.00
1688175540.0,CHOP,NO_GO,HOLD,13.33,NORMAL,PRO,DEFENSIVE,1.0,0.50,Aegean:FLAT(0.50)|Orion:LONG(0.20),Regime: CHOP (Reduced Weights). Score: 0.13. Low Conviction (<0.35).,LOW_CONVICTION,1.632791,TOP,20.89,False,0.0,0.0,0.00,0.00
1688175600.0,CHOP,NO_GO,HOLD,13.33,NORMAL,PRO,DEFENSIVE,1.0,0.50,Aegean:FLAT(0.50)|Orion:LONG(0.20),Regime: CHOP (Reduced Weights). Score: 0.13. Low Conviction (<0.35).,LOW_CONVICTION,1.675784,TOP,20.50,False,0.0,0.0,0.00,0.00
1688175660.0,CHOP,NO_GO,HOLD,13.33,NORMAL,PRO,DEFENSIVE,1.0,0.50,Aegean:FLAT(0.50)|Orion:LONG(0.20),Regime: CHOP (Reduced Weights). Score: 0.13. Low Conviction (<0.35).,LOW_CONVICTION,2.299232,TOP,19.46,False,0.0,0.0,0.00,0.00
1688175720.0,CHOP,NO_GO,HOLD,13.33,NORMAL,PRO,DEFENSIVE,1.0,0.50,Aegean:FLAT(0.50)|Orion:LONG(0.20),Regime: CHOP (Reduced Weights). Score: 0.13. Low Conviction (<0.35).,LOW_CONVICTION,1.759253,TOP,18.50,False,0.0,0.0,0.00,0.00
1688175780.0,CHOP,NO_GO,HOLD,13.33,NORMAL,PRO,DEFENSIVE,1.0,0.50,Aegean:FLAT(0.50)|Orion:LONG(0.20),Regime: CHOP (Reduced Weights). Score: 0.13. Low Conviction (<0.35).,LOW_CONVICTION,1.497431,TOP,17.62,False,0.0,0.0,0.00,0.00
1688175840.0,CHOP,NO_GO,HOLD,13.33,NORMAL,PRO,DEFENSIVE,1.0,0.50,Aegean:FLAT(0.50)|Orion:LONG(0.20),Regime: CHOP (Reduced Weights). Score: 0.13. Low Conviction (<0.35).,LOW_CONVICTION,0.586657,MID,17.65,False,0.0,0.0,0.00,0.00
1688175900.0,CHOP,NO_GO,HOLD,13.33,NORMAL,PRO,DEFENSIVE,1.0,0.50,Aegean:FLAT(0.50)|Orion:LONG(0.20),Regime: CHOP (Reduced Weights). Score: 0.13. Low Conviction (<0.35).,LOW_CONVICTION,0.290857,MID,18.68,False,0.0,0.0,0.00,0.00
1688175960.0,CHOP,NO_GO,HOLD,13.33,NORMAL,PRO,DEFENSIVE,1.0,0.50,Aegean:FLAT(0.50)|Orion:LONG(0.20),Regime: CHOP (Reduced Weights). Score: 0.13. Low Conviction (<0.35).,LOW_CONVICTION,0.393350,MID,19.67,False,0.0,0.0,0.00,0.00
1688176020.0,CHOP,NO_GO,HOLD,13.33,NORMAL,PRO,DEFENSIVE,1.0,0.50,Aegean:FLAT(0.50)|Orion:LONG(0.20),Regime: CHOP (Reduced Weights). Score: 0.13. Low Conviction (<0.35).,LOW_CONVICTION,0.544168,MID,20.12,False,0.0,0.0,0.00,0.00
1688176080.0,TREND,NO_GO,HOLD,13.33,NORMAL,PRO,DEFENSIVE,1.0,0.50,Aegean:FLAT(0.50)|Orion:LONG(0.20),Regime: TREND (Orion 2x). Score: 0.13. Low Conviction (<0.35).,LOW_CONVICTION,0.563339,MID,21.00,False,0.0,0.0,0.00,0.00
1688176140.0,TREND,NO_GO,HOLD,13.33,NORMAL,PRO,DEFENSIVE,1.0,0.50,Aegean:FLAT(0.50)|Orion:LONG(0.20),Regime: TREND (Orion 2x). Score: 0.13. Low Conviction (<0.35).,LOW_CONVICTION,-0.012255,MID,21.92,False,0.0,0.0,0.00,0.00
1688176200.0,TREND,NO_GO,HOLD,13.33,NORMAL,PRO,DEFENSIVE,1.0,0.50,Aegean:FLAT(0.50)|Orion:LONG(0.20),Regime: TREND (Orion 2x). Score: 0.13. Low Conviction (<0.35).,LOW_CONVICTION,0.150903,MID,22.82,False,0.0,0.0,0.00,0.00
1688176260.0,TREND,NO_GO,HOLD,13.33,NORMAL,PRO,DEFENSIVE,1.0,0.50,Aegean:FLAT(0.50)|Orion:SHORT(0.20),Regime: TREND (Orion 2x). Score: -0.13. Low Conviction (<0.35).,LOW_CONVICTION,-0.968554,MID,24.11,False,0.0,0.0,0.00,0.00
1688176320.0,TREND,NO_GO,HOLD,8.76,NORMAL,PRO,DEFENSIVE,1.0,0.50,Aegean:FLAT(0.50)|Orion:LONG(0.13),Regime: TREND (Orion 2x). Score: 0.09. Low Conviction (<0.35).,LOW_CONVICTION,-0.366453,MID,25.25,True,0.0,0.0,0.00,0.00
1688176380.0,TREND,NO_GO,HOLD,9.97,NORMAL,PRO,DEFENSIVE,1.0,0.50,Aegean:FLAT(0.50)|Orion:SHORT(0.15),Regime: TREND (Orion 2x). Score: -0.10. Low Conviction (<0.35).,LOW_CONVICTION,-1.000313,MID,25.98,True,0.0,0.0,0.00,0.00
1688176440.0,TREND,NO_GO,HOLD,11.21,NORMAL,PRO,DEFENSIVE,1.0,0.50,Aegean:FLAT(0.50)|Orion:SHORT(0.17),Regime: TREND (Orion 2x). Score: -0.11. Low Conviction (<0.35).,LOW_CONVICTION,-0.778185,MID,26.73,True,0.0,0.0,0.00,0.00
1688176500.0,TREND,NO_GO,HOLD,12.78,NORMAL,PRO,DEFENSIVE,1.0,0.50,Aegean:FLAT(0.50)|Orion:SHORT(0.19),Regime: TREND (Orion 2x). Score: -0.13. Low Conviction (<0.35).,LOW_CONVICTION,-0.678579,MID,27.67,True,0.0,0.0,0.00,0.00
1688176560.0,TREND,NO_GO,HOLD,13.49,NORMAL,PRO,DEFENSIVE,1.0,0.50,Aegean:FLAT(0.50)|Orion:LONG(0.20),Regime: TREND (Orion 2x). Score: 0.13. Low Conviction (<0.35).,LOW_CONVICTION,-0.263065,MID,28.10,True,0.0,0.0,0.00,0.00
1688176620.0,TREND,NO_GO,HOLD,13.71,NORMAL,PRO,DEFENSIVE,1.0,0.50,Aegean:FLAT(0.50)|Orion:SHORT(0.21),Regime: TREND (Orion 2x). Score: -0.14. Low Conviction (<0.35).,LOW_CONVICTION,-0.419015,MID,28.23,True,0.0,0.0,0.00,0.00
1688176680.0,TREND,NO_GO,HOLD,13.39,NORMAL,PRO,DEFENSIVE,1.0,0.50,Aegean:FLAT(0.50)|Orion:LONG(0.20),Regime: TREND (Orion 2x). Score: 0.13. Low Conviction (<0.35).,LOW_CONVICTION,0.171513,MID,28.04,True,0.0,0.0,0.00,0.00
1688176740.0,TREND,NO_GO,HOLD,12.92,NORMAL,PRO,DEFENSIVE,1.0,0.50,Aegean:FLAT(0.50)|Orion:LONG(0.19),Regime: TREND (Orion 2x). Score: 0.13. Low Conviction (<0.35).,LOW_CONVICTION,0.254957,MID,27.75,True,0.0,0.0,0.00,0.00
1688176800.0,TREND,NO_GO,HOLD,11.23,NORMAL,PRO,DEFENSIVE,1.0,0.50,Aegean:FLAT(0.50)|Orion:LONG(0.17),Regime: TREND (Orion 2x). Score: 0.11. Low Conviction (<0.35).,LOW_CONVICTION,0.700539,MID,26.74,True,0.0,0.0,0.00,0.00
1688176860.0,TREND,NO_GO,HOLD,11.84,NORMAL,PRO,DEFENSIVE,1.0,0.50,Aegean:FLAT(0.50)|Orion:SHORT(0.18),Regime: TREND (Orion 2x). Score: -0.12. Low Conviction (<0.35).,LOW_CONVICTION,-1.320350,DIP,27.10,True,0.0,0.0,0.00,0.00
1688176920.0,TREND,NO_GO,HOLD,12.38,NORMAL,PRO,DEFENSIVE,1.0,0.50,Aegean:FLAT(0.50)|Orion:SHORT(0.19),Regime: TREND (Orion 2x). Score: -0.12. Low Conviction (<0.35).,LOW_CONVICTION,-0.951894,DIP,27.43,True,0.0,0.0,0.00,0.00
1688176980.0,TREND,NO_GO,HOLD,11.57,NORMAL,PRO,DEFENSIVE,1.0,0.50,Aegean:FLAT(0.50)|Orion:SHORT(0.17),Regime: TREND (Orion 2x). Score: -0.12. Low Conviction (<0.35).,LOW_CONVICTION,-1.498372,DIP,26.94,True,0.0,0.0,0.00,0.00
1688177040.0,TREND,NO_GO,HOLD,11.83,NORMAL,PRO,DEFENSIVE,1.0,0.50,Aegean:FLAT(0.50)|Orion:SHORT(0.18),Regime: TREND (Orion 2x). Score: -0.12. Low Conviction (<0.35).,LOW_CONVICTION,-2.116725,DIP,27.10,True,0.0,0.0,0.00,0.00
1688177100.0,TREND,NO_GO,HOLD,12.66,NORMAL,PRO,DEFENSIVE,1.0,0.50,Aegean:FLAT(0.50)|Orion:SHORT(0.19),Regime: TREND (Orion 2x). Score: -0.13. Low Conviction (<0.35).,LOW_CONVICTION,-1.635966,MID,27.60,True,0.0,0.0,0.00,0.00
1688177160.0,TREND,NO_GO,HOLD,15.46,NORMAL,PRO,DEFENSIVE,1.0,0.50,Aegean:FLAT(0.30)|Orion:SHORT(0.23),Regime: TREND (Orion 2x). Score: -0.15. Low Conviction (<0.35).,LOW_CONVICTION,-4.267399,DIP,29.27,True,0.0,0.0,0.00,0.00
1688177220.0,TREND,NO_GO,HOLD,18.29,NORMAL,PRO,DEFENSIVE,1.0,0.50,Aegean:FLAT(0.50)|Orion:SHORT(0.27),Regime: TREND (Orion 2x). Score: -0.18. Low Conviction (<0.35).,LOW_CONVICTION,-2.324417,MID,30.98,True,0.0,0.0,0.00,0.00
1688177280.0,TREND,NO_GO,HOLD,15.97,NORMAL,PRO,DEFENSIVE,1.0,0.50,Aegean:FLAT(0.50)|Orion:LONG(0.24),Regime: TREND (Orion 2x). Score: 0.16. Low Conviction (<0.35).,LOW_CONVICTION,0.741947,MID,29.58,True,0.0,0.0,0.00,0.00
1688177340.0,TREND,NO_GO,HOLD,14.59,NORMAL,PRO,DEFENSIVE,1.0,0.50,Aegean:FLAT(0.30)|Orion:LONG(0.22),Regime: TREND (Orion 2x). Score: 0.15. Low Conviction (<0.35).,LOW_CONVICTION,3.999809,TOP,28.76,True,0.0,0.0,0.00,0.00
1688177400.0,TREND,NO_GO,HOLD,13.41,NORMAL,PRO,DEFENSIVE,1.0,0.50,Aegean:FLAT(0.50)|Orion:LONG(0.20),Regime: TREND (Orion 2x). Score: 0.13. Low Conviction (<0.35).,LOW_CONVICTION,2.812616,TOP,28.05,True,0.0,0.0,0.00,0.00
1688177460.0,TREND,NO_GO,HOLD,10.96,NORMAL,PRO,DEFENSIVE,1.0,0.50,Aegean:FLAT(0.50)|Orion:LONG(0.16),Regime: TREND (Orion 2x). Score: 0.11. Low Conviction (<0.35).,LOW_CONVICTION,1.514366,MID,26.57,True,0.0,0.0,0.00,0.00
1688177520.0,TREND,NO_GO,HOLD,8.66,NORMAL,PRO,DEFENSIVE,1.0,0.50,Aegean:FLAT(0.50)|Orion:LONG(0.13),Regime: TREND (Orion 2x). Score: 0.09. Low Conviction (<0.35).,LOW_CONVICTION,1.328317,MID,25.20,True,0.0,0.0,0.00,0.00
1688177580.0,TREND,NO_GO,HOLD,13.33,NORMAL,PRO,DEFENSIVE,1.0,0.50,Aegean:FLAT(0.50)|Orion:LONG(0.20),Regime: TREND (Orion 2x). Score: 0.13. Low Conviction (<0.35).,LOW_CONVICTION,1.420537,MID,24.37,False,0.0,0.0,0.00,0.00
1688177640.0,TREND,NO_GO,HOLD,13.33,NORMAL,PRO,DEFENSIVE,1.0,0.50,Aegean:FLAT(0.50)|Orion:LONG(0.20),Regime: TREND (Orion 2x). Score: 0.13. Low Conviction (<0.35).,LOW_CONVICTION,1.306231,MID,23.59,False,0.0,0.0,0.00,0.00
1688177700.0,TREND,NO_GO,HOLD,13.33,NORMAL,PRO,DEFENSIVE,1.0,0.50,Aegean:FLAT(0.50)|Orion:LONG(0.20),Regime: TREND (Orion 2x). Score: 0.13. Low Conviction (<0.35).,LOW_CONVICTION,1.842118,TOP,23.38,False,0.0,0.0,0.00,0.00
1688177760.0,TREND,NO_GO,HOLD,13.33,NORMAL,PRO,DEFENSIVE,1.0,0.50,Aegean:FLAT(0.50)|Orion:LONG(0.20),Regime: TREND (Orion 2x). Score: 0.13. Low Conviction (<0.35).,LOW_CONVICTION,2.482648,TOP,23.54,False,0.0,0.0,0.00,0.00
1688177820.0,TREND,NO_GO,HOLD,13.33,NORMAL,PRO,DEFENSIVE,1.0,0.50,Aegean:FLAT(0.50)|Orion:LONG(0.20),Regime: TREND (Orion 2x). Score: 0.13. Low Conviction (<0.35).,LOW_CONVICTION,0.919348,MID,23.62,False,0.0,0.0,0.00,0.00
1688177880.0,TREND,NO_GO,HOLD,13.33,NORMAL,PRO,DEFENSIVE,1.0,0.50,Aegean:FLAT(0.50)|Orion:LONG(0.20),Regime: TREND (Orion 2x). Score: 0.13. Low Conviction (<0.35).,LOW_CONVICTION,1.022786,MID,23.42,False,0.0,0.0,0.00,0.00
1688177940.0,TREND,NO_GO,HOLD,13.33,NORMAL,PRO,DEFENSIVE,1.0,0.50,Aegean:FLAT(0.50)|Orion:LONG(0.20),Regime: TREND (Orion 2x). Score: 0.13. Low Conviction (<0.35).,LOW_CONVICTION,1.198900,TOP,23.52,False,0.0,0.0,0.00,0.00
1688178000.0,TREND,NO_GO,HOLD,13.33,NORMAL,PRO,DEFENSIVE,1.0,0.50,Aegean:FLAT(0.50)|Orion:LONG(0.20),Regime: TREND (Orion 2x). Score: 0.13. Low Conviction (<0.35).,LOW_CONVICTION,1.069270,TOP,23.61,False,0.0,0.0,0.00,0.00
1688178060.0,TREND,NO_GO,HOLD,13.33,NORMAL,PRO,DEFENSIVE,1.0,0.50,Aegean:FLAT(0.50)|Orion:LONG(0.20),Regime: TREND (Orion 2x). Score: 0.13. Low Conviction (<0.35).,LOW_CONVICTION,0.972881,TOP,23.23,False,0.0,0.0,0.00,0.00
1688178120.0,TREND,NO_GO,HOLD,13.33,NORMAL,PRO,DEFENSIVE,1.0,0.50,Aegean:FLAT(0.50)|Orion:LONG(0.20),Regime: TREND (Orion 2x). Score: 0.13. Low Conviction (<0.35).,LOW_CONVICTION,0.987754,MID,23.93,False,0.0,0.0,0.00,0.00
1688178180.0,TREND,NO_GO,HOLD,13.33,NORMAL,PRO,DEFENSIVE,1.0,0.50,Aegean:FLAT(0.50)|Orion:LONG(0.20),Regime: TREND (Orion 2x). Score: 0.13. Low Conviction (<0.35).,LOW_CONVICTION,1.097818,MID,24.57,False,0.0,0.0,0.00,0.00
1688178240.0,TREND,NO_GO,HOLD,9.14,NORMAL,PRO,DEFENSIVE,1.0,0.50,Aegean:FLAT(0.50)|Orion:LONG(0.14),Regime: TREND (Orion 2x). Score: 0.09. Low Conviction (<0.35).,LOW_CONVICTION,1.679443,TOP,25.48,True,0.0,0.0,0.00,0.00
1688178300.0,TREND,NO_GO,HOLD,11.57,NORMAL,PRO,DEFENSIVE,1.0,0.50,Aegean:FLAT(0.50)|Orion:LONG(0.17),Regime: TREND (Orion 2x). Score: 0.12. Low Conviction (<0.35).,LOW_CONVICTION,2.680835,TOP,26.94,True,0.0,0.0,0.00,0.00
1688178360.0,TREND,NO_GO,HOLD,14.11,NORMAL,PRO,DEFENSIVE,1.0,0.50,Aegean:FLAT(0.50)|Orion:LONG(0.21),Regime: TREND (Orion 2x). Score: 0.14. Low Conviction (<0.35).,LOW_CONVICTION,2.379405,TOP,28.47,True,0.0,0.0,0.00,0.00
1688178420.0,TREND,NO_GO,HOLD,16.54,NORMAL,PRO,DEFENSIVE,1.0,0.50,Aegean:FLAT(0.50)|Orion:LONG(0.25),Regime: TREND (Orion 2x). Score: 0.17. Low Conviction (<0.35).,LOW_CONVICTION,2.725178,TOP,29.92,True,0.0,0.0,0.00,0.00
1688178480.0,TREND,NO_GO,HOLD,19.34,NORMAL,PRO,DEFENSIVE,1.0,0.50,Aegean:FLAT(0.30)|Orion:LONG(0.29),Regime: TREND (Orion 2x). Score: 0.19. Low Conviction (<0.35).,LOW_CONVICTION,3.110791,TOP,31.60,True,0.0,0.0,0.00,0.00
1688178540.0,TREND,NO_GO,HOLD,21.95,NORMAL,PRO,DEFENSIVE,1.0,0.50,Aegean:FLAT(0.50)|Orion:LONG(0.33),Regime: TREND (Orion 2x). Score: 0.22. Low Conviction (<0.35).,LOW_CONVICTION,2.719234,TOP,33.17,True,0.0,0.0,0.00,0.00
1688178600.0,TREND,NO_GO,HOLD,24.45,NORMAL,PRO,DEFENSIVE,1.0,0.50,Aegean:FLAT(0.50)|Orion:LONG(0.37),Regime: TREND (Orion 2x). Score: 0.24. Low Conviction (<0.35).,LOW_CONVICTION,2.848870,TOP,34.67,True,0.0,0.0,0.00,0.00
1688178660.0,TREND,GO,BUY,51.58,NORMAL,PRO,DEFENSIVE,1.0,0.50,Aegean:LONG(0.70)|Orion:LONG(0.42),Regime: TREND (Orion 2x). Score: 0.52. Bullish Consensus.,,3.758582,MID,36.95,True,4.6,20.0,2.00,6.65
1688178720.0,TREND,NO_GO,HOLD,31.83,NORMAL,PRO,DEFENSIVE,1.0,0.50,Aegean:FLAT(0.50)|Orion:LONG(0.48),Regime: TREND (Orion 2x). Score: 0.32. Low Conviction (<0.35).,LOW_CONVICTION,2.723731,MID,39.10,True,0.0,0.0,0.00,0.00
1688178780.0,TREND,NO_GO,HOLD,33.52,NORMAL,PRO,DEFENSIVE,1.0,0.50,Aegean:FLAT(0.50)|Orion:LONG(0.50),Regime: TREND (Orion 2x). Score: 0.34. Low Conviction (<0.35).,LOW_CONVICTION,1.777249,MID,40.11,True,0.0,0.0,0.00,0.00
1688178840.0,TREND,GO,BUY,35.09,NORMAL,PRO,DEFENSIVE,1.0,0.50,Aegean:FLAT(0.50)|Orion:LONG(0.53),Regime: TREND (Orion 2x). Score: 0.35. Bullish Consensus.,,1.602553,MID,41.05,True,4.5,20.0,2.00,6.88
1688178900.0,TREND,NO_GO,HOLD,32.72,NORMAL,PRO,DEFENSIVE,1.0,0.50,Aegean:FLAT(0.50)|Orion:LONG(0.49),Regime: TREND (Orion 2x). Score: 0.33. Low Conviction (<0.35).,LOW_CONVICTION,-0.610179,MID,39.63,True,0.0,0.0,0.00,0.00
1688178960.0,TREND,NO_GO,HOLD,30.49,NORMAL,PRO,DEFENSIVE,1.0,0.50,Aegean:FLAT(0.50)|Orion:LONG(0.46),Regime: TREND (Orion 2x). Score: 0.30. Low Conviction (<0.35).,LOW_CONVICTION,-0.341661,MID,38.30,True,0.0,0.0,0.00,0.00
1688179020.0,TREND,NO_GO,HOLD,27.58,NORMAL,PRO,DEFENSIVE,1.0,0.50,Aegean:FLAT(0.50)|Orion:LONG(0.41),Regime: TREND (Orion 2x). Score: 0.28. Low Conviction (<0.35).,LOW_CONVICTION,-1.200451,MID,36.55,True,0.0,0.0,0.00,0.00
1688179080.0,TREND,NO_GO,HOLD,24.84,NORMAL,PRO,DEFENSIVE,1.0,0.50,Aegean:FLAT(0.50)|Orion:LONG(0.37),Regime: TREND (Orion 2x). Score: 0.25. Low Conviction (<0.35).,LOW_CONVICTION,-0.314345,MID,34.90,True,0.0,0.0,0.00,0.00
1688179140.0,TREND,NO_GO,HOLD,23.75,NORMAL,PRO,DEFENSIVE,1.0,0.50,Aegean:FLAT(0.50)|Orion:LONG(0.36),Regime: TREND (Orion 2x). Score: 0.24. Low Conviction (<0.35).,LOW_CONVICTION,1.039905,MID,34.25,True,0.0,0.0,0.00,0.00
1688179200.0,TREND,NO_GO,HOLD,22.77,NORMAL,PRO,DEFENSIVE,1.0,0.50,Aegean:FLAT(0.50)|Orion:LONG(0.34),Regime: TREND (Orion 2x). Score: 0.23. Low Conviction (<0.35).,LOW_CONVICTION,0.978392,MID,33.66,True,0.0,0.0,0.00,0.00
1688179260.0,TREND,NO_GO,HOLD,20.37,NORMAL,PRO,DEFENSIVE,1.0,0.50,Aegean:FLAT(0.50)|Orion:LONG(0.31),Regime: TREND (Orion 2x). Score: 0.20. Low Conviction (<0.35).,LOW_CONVICTION,-1.072042,DIP,32.22,True,0.0,0.0,0.00,0.00
1688179320.0,TREND,NO_GO,HOLD,18.14,NORMAL,PRO,DEFENSIVE,1.0,0.50,Aegean:FLAT(0.50)|Orion:LONG(0.27),Regime: TREND (Orion 2x). Score: 0.18. Low Conviction (<0.35).,LOW_CONVICTION,-0.903224,DIP,30.88,True,0.0,0.0,0.00,0.00
1688179380.0,TREND,NO_GO,HOLD,16.08,NORMAL,PRO,DEFENSIVE,1.0,0.50,Aegean:FLAT(0.50)|Orion:LONG(0.24),Regime: TREND (Orion 2x). Score: 0.16. Low Conviction (<0.35).,LOW_CONVICTION,-0.614730,DIP,29.65,True,0.0,0.0,0.00,0.00
1688179440.0,TREND,NO_GO,HOLD,14.16,NORMAL,PRO,DEFENSIVE,1.0,0.50,Aegean:FLAT(0.50)|Orion:LONG(0.21),Regime: TREND (Orion 2x). Score: 0.14. Low Conviction (<0.35).,LOW_CONVICTION,-0.719169,DIP,28.50,True,0.0,0.0,0.00,0.00
1688179500.0,TREND,NO_GO,HOLD,11.41,NORMAL,PRO,DEFENSIVE,1.0,0.50,Aegean:FLAT(0.50)|Orion:LONG(0.17),Regime: TREND (Orion 2x). Score: 0.11. Low Conviction (<0.35).,LOW_CONVICTION,-1.110547,DIP,26.84,True,0.0,0.0,0.00,0.00
1688179560.0,TREND,NO_GO,HOLD,11.30,NORMAL,PRO,DEFENSIVE,1.0,0.50,Aegean:FLAT(0.30)|Orion:SHORT(0.17),Regime: TREND (Orion 2x). Score: -0.11. Low Conviction (<0.35).,LOW_CONVICTION,-3.474496,DIP,26.78,True,0.0,0.0,0.00,0.00
1688179620.0,TREND,NO_GO,HOLD,12.03,NORMAL,PRO,DEFENSIVE,1.0,0.50,Aegean:FLAT(0.30)|Orion:SHORT(0.18),Regime: TREND (Orion 2x). Score: -0.12. Low Conviction (<0.35).,LOW_CONVICTION,-4.469828,DIP,27.22,True,0.0,0.0,0.00,0.00
1688179680.0,TREND,NO_GO,HOLD,12.73,NORMAL,PRO,DEFENSIVE,1.0,0.50,Aegean:FLAT(0.30)|Orion:SHORT(0.19),Regime: TREND (Orion 2x). Score: -0.13. Low Conviction (<0.35).,LOW_CONVICTION,-3.547632,DIP,27.64,True,0.0,0.0,0.00,0.00
1688179740.0,TREND,NO_GO,HOLD,13.42,NORMAL,PRO,DEFENSIVE,1.0,0.50,Aegean:FLAT(0.30)|Orion:SHORT(0.20),Regime: TREND (Orion 2x). Score: -0.13. Low Conviction (<0.35).,LOW_CONVICTION,-3.128802,DIP,28.05,True,0.0,0.0,0.00,0.00
1688179800.0,TREND,NO_GO,HOLD,14.77,NORMAL,PRO,DEFENSIVE,1.0,0.50,Aegean:FLAT(0.50)|Orion:SHORT(0.22),Regime: TREND (Orion 2x). Score: -0.15. Low Conviction (<0.35).,LOW_CONVICTION,-2.791896,DIP,28.86,True,0.0,0.0,0.00,0.00
1688179860.0,TREND,NO_GO,HOLD,16.00,NORMAL,PRO,DEFENSIVE,1.0,0.50,Aegean:FLAT(0.50)|Orion:SHORT(0.24),Regime: TREND (Orion 2x). Score: -0.16. Low Conviction (<0.35).,LOW_CONVICTION,-2.730744,DIP,29.60,True,0.0,0.0,0.00,0.00
1688179920.0,TREND,NO_GO,HOLD,17.91,NORMAL,PRO,DEFENSIVE,1.0,0.50,Aegean:FLAT(0.30)|Orion:SHORT(0.27),Regime: TREND (Orion 2x). Score: -0.18. Low Conviction (<0.35).,LOW_CONVICTION,-3.108368,DIP,30.74,True,0.0,0.0,0.00,0.00
1688179980.0,TREND,NO_GO,HOLD,19.66,NORMAL,PRO,DEFENSIVE,1.0,0.50,Aegean:FLAT(0.50)|Orion:SHORT(0.29),Regime: TREND (Orion 2x). Score: -0.20. Low Conviction (<0.35).,LOW_CONVICTION,-2.897537,DIP,31.79,True,0.0,0.0,0.00,0.00
1688180040.0,TREND,NO_GO,HOLD,21.34,NORMAL,PRO,DEFENSIVE,1.0,0.50,Aegean:FLAT(0.50)|Orion:SHORT(0.32),Regime: TREND (Orion 2x). Score: -0.21. Low Conviction (<0.35).,LOW_CONVICTION,-2.785412,DIP,32.81,True,0.0,0.0,0.00,0.00
1688180100.0,TREND,NO_GO,HOLD,21.76,NORMAL,PRO,DEFENSIVE,1.0,0.50,Aegean:FLAT(0.50)|Orion:SHORT(0.33),Regime: TREND (Orion 2x). Score: -0.22. Low Conviction (<0.35).,LOW_CONVICTION,-2.578016,DIP,33.06,True,0.0,0.0,0.00,0.00
1688180160.0,TREND,NO_GO,HOLD,23.22,NORMAL,PRO,DEFENSIVE,1.0,0.50,Aegean:FLAT(0.30)|Orion:SHORT(0.35),Regime: TREND (Orion 2x). Score: -0.23. Low Conviction (<0.35).,LOW_CONVICTION,-3.118922,DIP,33.93,True,0.0,0.0,0.00,0.00
1688180220.0,TREND,NO_GO,HOLD,24.54,NORMAL,PRO,DEFENSIVE,1.0,0.50,Aegean:FLAT(0.50)|Orion:SHORT(0.37),Regime: TREND (Orion 2x). Score: -0.25. Low Conviction (<0.35).,LOW_CONVICTION,-2.880011,DIP,34.73,True,0.0,0.0,0.00,0.00
1688180280.0,TREND,NO_GO,HOLD,25.97,NORMAL,PRO,DEFENSIVE,1.0,0.50,Aegean:FLAT(0.50)|Orion:SHORT(0.39),Regime: TREND (Orion 2x). Score: -0.26. Low Conviction (<0.35).,LOW_CONVICTION,-2.706573,DIP,35.58,True,0.0,0.0,0.00,0.00
1688180340.0,TREND,NO_GO,HOLD,24.99,NORMAL,PRO,DEFENSIVE,1.0,0.50,Aegean:FLAT(0.50)|Orion:SHORT(0.37),Regime: TREND (Orion 2x). Score: -0.25. Low Conviction (<0.35).,LOW_CONVICTION,-1.890709,DIP,34.99,True,0.0,0.0,0.00,0.00
1688180400.0,TREND,NO_GO,HOLD,24.07,NORMAL,PRO,DEFENSIVE,1.0,0.50,Aegean:FLAT(0.50)|Orion:SHORT(0.36),Regime: TREND (Orion 2x). Score: -0.24. Low Conviction (<0.35).,LOW_CONVICTION,-1.221099,MID,34.44,True,0.0,0.0,0.00,0.00
1688180460.0,TREND,NO_GO,HOLD,23.23,NORMAL,PRO,DEFENSIVE,1.0,0.50,Aegean:FLAT(0.50)|Orion:SHORT(0.35),Regime: TREND (Orion 2x). Score: -0.23. Low Conviction (<0.35).,LOW_CONVICTION,-1.297393,MID,33.94,True,0.0,0.0,0.00,0.00
1688180520.0,TREND,NO_GO,HOLD,22.59,NORMAL,PRO,DEFENSIVE,1.0,0.50,Aegean:FLAT(0.50)|Orion:SHORT(0.34),Regime: TREND (Orion 2x). Score: -0.23. Low Conviction (<0.35).,LOW_CONVICTION,-1.167160,MID,33.56,True,0.0,0.0,0.00,0.00
1688180580.0,TREND,NO_GO,HOLD,21.85,NORMAL,PRO,DEFENSIVE,1.0,0.50,Aegean:FLAT(0.50)|Orion:SHORT(0.33),Regime: TREND (Orion 2x). Score: -0.22. Low Conviction (<0.35).,LOW_CONVICTION,-1.068789,MID,33.11,True,0.0,0.0,0.00,0.00
1688180640.0,TREND,NO_GO,HOLD,22.30,NORMAL,PRO,DEFENSIVE,1.0,0.50,Aegean:FLAT(0.50)|Orion:SHORT(0.33),Regime: TREND (Orion 2x). Score: -0.22. Low Conviction (<0.35).,LOW_CONVICTION,-0.677128,MID,33.38,True,0.0,0.0,0.00,0.00
1688180700.0,TREND,NO_GO,HOLD,18.94,NORMAL,PRO,DEFENSIVE,1.0,0.50,Aegean:FLAT(0.50)|Orion:SHORT(0.28),Regime: TREND (Orion 2x). Score: -0.19. Low Conviction (<0.35).,LOW_CONVICTION,0.968206,MID,31.36,True,0.0,0.0,0.00,0.00
1688180760.0,TREND,NO_GO,HOLD,15.89,NORMAL,PRO,DEFENSIVE,1.0,0.50,Aegean:FLAT(0.50)|Orion:SHORT(0.24),Regime: TREND (Orion 2x). Score: -0.16. Low Conviction (<0.35).,LOW_CONVICTION,0.337742,MID,29.54,True,0.0,0.0,0.00,0.00
1688180820.0,TREND,NO_GO,HOLD,14.30,NORMAL,PRO,DEFENSIVE,1.0,0.50,Aegean:FLAT(0.50)|Orion:SHORT(0.21),Regime: TREND (Orion 2x). Score: -0.14. Low Conviction (<0.35).,LOW_CONVICTION,-0.486288,MID,28.58,True,0.0,0.0,0.00,0.00
1688180880.0,TREND,NO_GO,HOLD,13.26,NORMAL,PRO,DEFENSIVE,1.0,0.50,Aegean:FLAT(0.50)|Orion:SHORT(0.20),Regime: TREND (Orion 2x). Score: -0.13. Low Conviction (<0.35).,LOW_CONVICTION,-0.651464,MID,27.96,True,0.0,0.0,0.00,0.00
1688180940.0,TREND,NO_GO,HOLD,11.54,NORMAL,PRO,DEFENSIVE,1.0,0.50,Aegean:FLAT(0.50)|Orion:SHORT(0.17),Regime: TREND (Orion 2x). Score: -0.12. Low Conviction (<0.35).,LOW_CONVICTION,-0.393008,MID,26.93,True,0.0,0.0,0.00,0.00
1688181000.0,TREND,NO_GO,HOLD,10.57,NORMAL,PRO,DEFENSIVE,1.0,0.50,Aegean:FLAT(0.50)|Orion:SHORT(0.16),Regime: TREND (Orion 2x). Score: -0.11. Low Conviction (<0.35).,LOW_CONVICTION,-0.969141,MID,26.34,True,0.0,0.0,0.00,0.00
1688181060.0,TREND,NO_GO,HOLD,10.90,NORMAL,PRO,DEFENSIVE,1.0,0.50,Aegean:FLAT(0.50)|Orion:SHORT(0.16),Regime: TREND (Orion 2x). Score: -0.11. Low Conviction (<0.35).,LOW_CONVICTION,-1.170530,MID,26.54,True,0.0,0.0,0.00,0.00
1688181120.0,TREND,NO_GO,HOLD,11.33,NORMAL,PRO,DEFENSIVE,1.0,0.50,Aegean:FLAT(0.50)|Orion:SHORT(0.17),Regime: TREND (Orion 2x). Score: -0.11. Low Conviction (<0.35).,LOW_CONVICTION,-1.044263,MID,26.80,True,0.0,0.0,0.00,0.00
1688181180.0,TREND,NO_GO,HOLD,12.62,NORMAL,PRO,DEFENSIVE,1.0,0.50,Aegean:FLAT(0.50)|Orion:SHORT(0.19),Regime: TREND (Orion 2x). Score: -0.13. Low Conviction (<0.35).,LOW_CONVICTION,-1.609475,DIP,27.57,True,0.0,0.0,0.00,0.00
1688181240.0,TREND,NO_GO,HOLD,13.83,NORMAL,PRO,DEFENSIVE,1.0,0.50,Aegean:FLAT(0.50)|Orion:SHORT(0.21),Regime: TREND (Orion 2x). Score: -0.14. Low Conviction (<0.35).,LOW_CONVICTION,-1.413792,DIP,28.30,True,0.0,0.0,0.00,0.00
1688181300.0,TREND,NO_GO,HOLD,14.16,NORMAL,PRO,DEFENSIVE,1.0,0.50,Aegean:FLAT(0.50)|Orion:SHORT(0.21),Regime: TREND (Orion 2x). Score: -0.14. Low Conviction (<0.35).,LOW_CONVICTION,-1.417620,DIP,28.50,True,0.0,0.0,0.00,0.00
1688181360.0,TREND,NO_GO,HOLD,13.03,NORMAL,PRO,DEFENSIVE,1.0,0.50,Aegean:FLAT(0.50)|Orion:SHORT(0.20),Regime: TREND (Orion 2x). Score: -0.13. Low Conviction (<0.35).,LOW_CONVICTION,-0.227691,MID,27.82,True,0.0,0.0,0.00,0.00
1688181420.0,TREND,NO_GO,HOLD,10.61,NORMAL,PRO,DEFENSIVE,1.0,0.50,Aegean:FLAT(0.50)|Orion:SHORT(0.16),Regime: TREND (Orion 2x). Score: -0.11. Low Conviction (<0.35).,LOW_CONVICTION,1.369819,TOP,26.37,True,0.0,0.0,0.00,0.00
1688181480.0,TREND,NO_GO,HOLD,13.33,NORMAL,PRO,DEFENSIVE,1.0,0.50,Aegean:FLAT(0.50)|Orion:SHORT(0.20),Regime: TREND (Orion 2x). Score: -0.13. Low Conviction (<0.35).,LOW_CONVICTION,-0.880894,MID,24.50,False,0.0,0.0,0.00,0.00
1688181540.0,TREND,NO_GO,HOLD,13.33,NORMAL,PRO,DEFENSIVE,1.0,0.50,Aegean:FLAT(0.50)|Orion:SHORT(0.20),Regime: TREND (Orion 2x). Score: -0.13. Low Conviction (<0.35).,LOW_CONVICTION,-1.177913,DIP,23.12,False,0.0,0.0,0.00,0.00
1688181600.0,TREND,NO_GO,HOLD,13.33,NORMAL,PRO,DEFENSIVE,1.0,0.50,Aegean:FLAT(0.50)|Orion:SHORT(0.20),Regime: TREND (Orion 2x). Score: -0.13. Low Conviction (<0.35).,LOW_CONVICTION,-1.396796,DIP,22.24,False,0.0,0.0,0.00,0.00
1688181660.0,TREND,NO_GO,HOLD,13.33,NORMAL,PRO,DEFENSIVE,1.0,0.50,Aegean:FLAT(0.50)|Orion:SHORT(0.20),Regime: TREND (Orion 2x). Score: -0.13. Low Conviction (<0.35).,LOW_CONVICTION,-1.467721,DIP,21.70,False,0.0,0.0,0.00,0.00
1688181720.0,TREND,NO_GO,HOLD,13.33,NORMAL,PRO,DEFENSIVE,1.0,0.50,Aegean:FLAT(0.50)|Orion:SHORT(0.20),Regime: TREND (Orion 2x). Score: -0.13. Low Conviction (<0.35).,LOW_CONVICTION,-1.859342,DIP,21.54,False,0.0,0.0,0.00,0.00
1688181780.0,TREND,NO_GO,HOLD,13.33,NORMAL,PRO,DEFENSIVE,1.0,0.50,Aegean:FLAT(0.50)|Orion:SHORT(0.20),Regime: TREND (Orion 2x). Score: -0.13. Low Conviction (<0.35).,LOW_CONVICTION,-1.440996,DIP,21.39,False,0.0,0.0,0.00,0.00
1688181840.0,TREND,NO_GO,HOLD,13.33,NORMAL,PRO,DEFENSIVE,1.0,0.50,Aegean:FLAT(0.50)|Orion:SHORT(0.20),Regime: TREND (Orion 2x). Score: -0.13. Low Conviction (<0.35).,LOW_CONVICTION,-1.145725,DIP,21.14,False,0.0,0.0,0.00,0.00
1688181900.0,TREND,NO_GO,HOLD,13.33,NORMAL,PRO,DEFENSIVE,1.0,0.50,Aegean:FLAT(0.50)|Orion:SHORT(0.20),Regime: TREND (Orion 2x). Score: -0.13. Low Conviction (<0.35).,LOW_CONVICTION,-0.987397,DIP,20.92,False,0.0,0.0,0.00,0.00
1688181960.0,TREND,NO_GO,HOLD,13.33,NORMAL,PRO,DEFENSIVE,1.0,0.50,Aegean:FLAT(0.50)|Orion:SHORT(0.20),Regime: TREND (Orion 2x). Score: -0.13. Low Conviction (<0.35).,LOW_CONVICTION,-1.483003,DIP,21.37,False,0.0,0.0,0.00,0.00
1688182020.0,TREND,NO_GO,HOLD,13.33,NORMAL,PRO,DEFENSIVE,1.0,0.50,Aegean:FLAT(0.50)|Orion:SHORT(0.20),Regime: TREND (Orion 2x). Score: -0.13. Low Conviction (<0.35).,LOW_CONVICTION,-0.828378,DIP,21.75,False,0.0,0.0,0.00,0.00
1688182080.0,TREND,NO_GO,HOLD,13.33,NORMAL,PRO,DEFENSIVE,1.0,0.50,Aegean:FLAT(0.50)|Orion:SHORT(0.20),Regime: TREND (Orion 2x). Score: -0.13. Low Conviction (<0.35).,LOW_CONVICTION,-0.857458,DIP,21.95,False,0.0,0.0,0.00,0.00
1688182140.0,TREND,NO_GO,HOLD,13.33,NORMAL,PRO,DEFENSIVE,1.0,0.50,Aegean:FLAT(0.50)|Orion:SHORT(0.20),Regime: TREND (Orion 2x). Score: -0.13. Low Conviction (<0.35).,LOW_CONVICTION,-0.681875,DIP,22.58,False,0.0,0.0,0.00,0.00
1688182200.0,TREND,NO_GO,HOLD,13.33,NORMAL,PRO,DEFENSIVE,1.0,0.50,Aegean:FLAT(0.50)|Orion:SHORT(0.20),Regime: TREND (Orion 2x). Score: -0.13. Low Conviction (<0.35).,LOW_CONVICTION,-0.364232,MID,21.06,False,0.0,0.0,0.00,0.00
1688182260.0,TREND,NO_GO,HOLD,13.33,NORMAL,PRO,DEFENSIVE,1.0,0.50,Aegean:FLAT(0.50)|Orion:SHORT(0.20),Regime: TREND (Orion 2x). Score: -0.13. Low Conviction (<0.35).,LOW_CONVICTION,-0.511050,MID,20.24,False,0.0,0.0,0.00,0.00
1688182320.0,TREND,NO_GO,HOLD,13.33,NORMAL,PRO,DEFENSIVE,1.0,0.50,Aegean:FLAT(0.50)|Orion:SHORT(0.20),Regime: TREND (Orion 2x). Score: -0.13. Low Conviction (<0.35).,LOW_CONVICTION,-0.461621,MID,19.49,False,0.0,0.0,0.00,0.00
1688182380.0,TREND,NO_GO,HOLD,13.33,NORMAL,PRO,DEFENSIVE,1.0,0.50,Aegean:FLAT(0.50)|Orion:SHORT(0.20),Regime: TREND (Orion 2x). Score: -0.13. Low Conviction (<0.35).,LOW_CONVICTION,-0.888907,MID,20.03,False,0.0,0.0,0.00,0.00
1688182440.0,TREND,NO_GO,HOLD,13.33,NORMAL,PRO,DEFENSIVE,1.0,0.50,Aegean:FLAT(0.50)|Orion:SHORT(0.20),Regime: TREND (Orion 2x). Score: -0.13. Low Conviction (<0.35).,LOW_CONVICTION,-1.091994,DIP,20.55,False,0.0,0.0,0.00,0.00
1688182500.0,CHOP,NO_GO,HOLD,13.33,NORMAL,PRO,DEFENSIVE,1.0,0.50,Aegean:FLAT(0.50)|Orion:SHORT(0.20),Regime: CHOP (Reduced Weights). Score: -0.13. Low Conviction (<0.35).,LOW_CONVICTION,-0.785871,MID,21.02,False,0.0,0.0,0.00,0.00
1688182560.0,CHOP,NO_GO,HOLD,13.33,NORMAL,PRO,DEFENSIVE,1.0,0.50,Aegean:FLAT(0.50)|Orion:SHORT(0.20),Regime: CHOP (Reduced Weights). Score: -0.13. Low Conviction (<0.35).,LOW_CONVICTION,-0.709931,MID,21.46,False,0.0,0.0,0.00,0.00
1688182620.0,CHOP,NO_GO,HOLD,13.33,NORMAL,PRO,DEFENSIVE,1.0,0.50,Aegean:FLAT(0.50)|Orion:SHORT(0.20),Regime: CHOP (Reduced Weights). Score: -0.13. Low Conviction (<0.35).,LOW_CONVICTION,-1.504206,DIP,22.65,False,0.0,0.0,0.00,0.00
1688182680.0,TREND,NO_GO,HOLD,13.33,NORMAL,PRO,DEFENSIVE,1.0,0.50,Aegean:FLAT(0.50)|Orion:SHORT(0.20),Regime: TREND (Orion 2x). Score: -0.13. Low Conviction (<0.35).,LOW_CONVICTION,-1.099828,MID,23.95,False,0.0,0.0,0.00,0.00
1688182740.0,TREND,NO_GO,HOLD,13.33,NORMAL,PRO,DEFENSIVE,1.0,0.50,Aegean:FLAT(0.50)|Orion:SHORT(0.20),Regime: TREND (Orion 2x). Score: -0.13. Low Conviction (<0.35).,LOW_CONVICTION,-1.167816,DIP,24.46,False,0.0,0.0,0.00,0.00
1688182800.0,TREND,NO_GO,HOLD,8.43,NORMAL,PRO,DEFENSIVE,1.0,0.50,Aegean:FLAT(0.50)|Orion:SHORT(0.13),Regime: TREND (Orion 2x). Score: -0.08. Low Conviction (<0.35).,LOW_CONVICTION,-1.209895,DIP,25.06,True,0.0,0.0,0.00,0.00
1688182860.0,TREND,NO_GO,HOLD,10.08,NORMAL,PRO,DEFENSIVE,1.0,0.50,Aegean:FLAT(0.50)|Orion:SHORT(0.15),Regime: TREND (Orion 2x). Score: -0.10. Low Conviction (<0.35).,LOW_CONVICTION,-1.604402,DIP,26.05,True,0.0,0.0,0.00,0.00
1688182920.0,TREND,NO_GO,HOLD,12.03,NORMAL,PRO,DEFENSIVE,1.0,0.50,Aegean:FLAT(0.50)|Orion:SHORT(0.18),Regime: TREND (Orion 2x). Score: -0.12. Low Conviction (<0.35).,LOW_CONVICTION,-1.724002,DIP,27.22,True,0.0,0.0,0.00,0.00
1688182980.0,TREND,NO_GO,HOLD,13.79,NORMAL,PRO,DEFENSIVE,1.0,0.50,Aegean:FLAT(0.50)|Orion:SHORT(0.21),Regime: TREND (Orion 2x). Score: -0.14. Low Conviction (<0.35).,LOW_CONVICTION,-1.565181,DIP,28.28,True,0.0,0.0,0.00,0.00
1688183040.0,TREND,NO_GO,HOLD,15.43,NORMAL,PRO,DEFENSIVE,1.0,0.50,Aegean:FLAT(0.50)|Orion:SHORT(0.23),Regime: TREND (Orion 2x). Score: -0.15. Low Conviction (<0.35).,LOW_CONVICTION,-1.447042,DIP,29.26,True,0.0,0.0,0.00,0.00
1688183100.0,TREND,NO_GO,HOLD,17.82,NORMAL,PRO,DEFENSIVE,1.0,0.50,Aegean:FLAT(0.50)|Orion:SHORT(0.27),Regime: TREND (Orion 2x). Score: -0.18. Low Conviction (<0.35).,LOW_CONVICTION,-1.398602,DIP,30.69,True,0.0,0.0,0.00,0.00
1688183160.0,TREND,NO_GO,HOLD,16.72,NORMAL,PRO,DEFENSIVE,1.0,0.50,Aegean:FLAT(0.50)|Orion:SHORT(0.25),Regime: TREND (Orion 2x). Score: -0.17. Low Conviction (<0.35).,LOW_CONVICTION,-0.023970,MID,30.03,True,0.0,0.0,0.00,0.00
1688183220.0,TREND,NO_GO,HOLD,14.66,NORMAL,PRO,DEFENSIVE,1.0,0.50,Aegean:FLAT(0.50)|Orion:SHORT(0.22),Regime: TREND (Orion 2x). Score: -0.15. Low Conviction (<0.35).,LOW_CONVICTION,0.479760,MID,28.79,True,0.0,0.0,0.00,0.00
1688183280.0,TREND,NO_GO,HOLD,12.78,NORMAL,PRO,DEFENSIVE,1.0,0.50,Aegean:FLAT(0.50)|Orion:SHORT(0.19),Regime: TREND (Orion 2x). Score: -0.13. Low Conviction (<0.35).,LOW_CONVICTION,0.031861,MID,27.67,True,0.0,0.0,0.00,0.00
1688183340.0,TREND,NO_GO,HOLD,10.79,NORMAL,PRO,DEFENSIVE,1.0,0.50,Aegean:FLAT(0.50)|Orion:SHORT(0.16),Regime: TREND (Orion 2x). Score: -0.11. Low Conviction (<0.35).,LOW_CONVICTION,0.041674,MID,26.47,True,0.0,0.0,0.00,0.00
1688183400.0,TREND,NO_GO,HOLD,8.35,NORMAL,PRO,DEFENSIVE,1.0,0.50,Aegean:FLAT(0.50)|Orion:SHORT(0.13),Regime: TREND (Orion 2x). Score: -0.08. Low Conviction (<0.35).,LOW_CONVICTION,0.272483,MID,25.01,True,0.0,0.0,0.00,0.00
1688183460.0,TREND,NO_GO,HOLD,13.33,NORMAL,PRO,DEFENSIVE,1.0,0.50,Aegean:FLAT(0.50)|Orion:SHORT(0.20),Regime: TREND (Orion 2x). Score: -0.13. Low Conviction (<0.35).,LOW_CONVICTION,0.016037,MID,23.63,False,0.0,0.0,0.00,0.00
1688183520.0,CHOP,NO_GO,HOLD,13.33,NORMAL,PRO,DEFENSIVE,1.0,0.50,Aegean:FLAT(0.50)|Orion:SHORT(0.20),Regime: CHOP (Reduced Weights). Score: -0.13. Low Conviction (<0.35).,LOW_CONVICTION,0.122207,MID,22.38,False,0.0,0.0,0.00,0.00
1688183580.0,CHOP,NO_GO,HOLD,13.33,NORMAL,PRO,DEFENSIVE,1.0,0.50,Aegean:FLAT(0.50)|Orion:SHORT(0.20),Regime: CHOP (Reduced Weights). Score: -0.13. Low Conviction (<0.35).,LOW_CONVICTION,-0.288498,MID,21.68,False,0.0,0.0,0.00,0.00
1688183640.0,TREND,NO_GO,HOLD,13.33,NORMAL,PRO,DEFENSIVE,1.0,0.50,Aegean:FLAT(0.50)|Orion:SHORT(0.20),Regime: TREND (Orion 2x). Score: -0.13. Low Conviction (<0.35).,LOW_CONVICTION,-0.286884,MID,21.16,False,0.0,0.0,0.00,0.00
1688183700.0,CHOP,NO_GO,HOLD,13.33,NORMAL,PRO,DEFENSIVE,1.0,0.50,Aegean:FLAT(0.50)|Orion:SHORT(0.20),Regime: CHOP (Reduced Weights). Score: -0.13. Low Conviction (<0.35).,LOW_CONVICTION,0.186179,TOP,19.81,False,0.0,0.0,0.00,0.00
1688183760.0,CHOP,NO_GO,HOLD,13.33,NORMAL,PRO,DEFENSIVE,1.0,0.50,Aegean:FLAT(0.50)|Orion:SHORT(0.20),Regime: CHOP (Reduced Weights). Score: -0.13. Low Conviction (<0.35).,LOW_CONVICTION,0.286815,TOP,18.56,False,0.0,0.0,0.00,0.00
1688183820.0,CHOP,NO_GO,HOLD,13.33,NORMAL,PRO,DEFENSIVE,1.0,0.50,Aegean:FLAT(0.50)|Orion:SHORT(0.20),Regime: CHOP (Reduced Weights). Score: -0.13. Low Conviction (<0.35).,LOW_CONVICTION,0.304592,TOP,17.41,False,0.0,0.0,0.00,0.00
1688183880.0,CHOP,NO_GO,HOLD,13.33,NORMAL,PRO,DEFENSIVE,1.0,0.50,Aegean:FLAT(0.50)|Orion:SHORT(0.20),Regime: CHOP (Reduced Weights). Score: -0.13. Low Conviction (<0.35).,LOW_CONVICTION,0.282317,TOP,16.37,False,0.0,0.0,0.00,0.00
1688183940.0,CHOP,NO_GO,HOLD,13.33,NORMAL,PRO,DEFENSIVE,1.0,0.50,Aegean:FLAT(0.50)|Orion:SHORT(0.20),Regime: CHOP (Reduced Weights). Score: -0.13. Low Conviction (<0.35).,LOW_CONVICTION,0.262904,TOP,15.37,False,0.0,0.0,0.00,0.00
1688184000.0,CHOP,NO_GO,HOLD,13.33,NORMAL,PRO,DEFENSIVE,1.0,0.50,Aegean:FLAT(0.50)|Orion:LONG(0.20),Regime: CHOP (Reduced Weights). Score: 0.13. Low Conviction (<0.35).,LOW_CONVICTION,1.845768,TOP,17.17,False,0.0,0.0,0.00,0.00
1688184060.0,CHOP,NO_GO,HOLD,13.33,NORMAL,PRO,DEFENSIVE,1.0,0.50,Aegean:FLAT(0.50)|Orion:LONG(0.20),Regime: CHOP (Reduced Weights). Score: 0.13. Low Conviction (<0.35).,LOW_CONVICTION,1.680626,TOP,18.94,False,0.0,0.0,0.00,0.00
1688184120.0,CHOP,NO_GO,HOLD,13.33,NORMAL,PRO,DEFENSIVE,1.0,0.50,Aegean:FLAT(0.50)|Orion:LONG(0.20),Regime: CHOP (Reduced Weights). Score: 0.13. Low Conviction (<0.35).,LOW_CONVICTION,1.530048,TOP,20.49,False,0.0,0.0,0.00,0.00
1688184180.0,CHOP,NO_GO,HOLD,13.33,NORMAL,PRO,DEFENSIVE,1.0,0.50,Aegean:FLAT(0.50)|Orion:LONG(0.20),Regime: CHOP (Reduced Weights). Score: 0.13. Low Conviction (<0.35).,LOW_CONVICTION,0.745161,MID,20.57,False,0.0,0.0,0.00,0.00
1688184240.0,CHOP,NO_GO,HOLD,13.33,NORMAL,PRO,DEFENSIVE,1.0,0.50,Aegean:FLAT(0.50)|Orion:LONG(0.20),Regime: CHOP (Reduced Weights). Score: 0.13. Low Conviction (<0.35).,LOW_CONVICTION,0.674193,MID,20.67,False,0.0,0.0,0.00,0.00
1688184300.0,CHOP,NO_GO,HOLD,13.33,NORMAL,PRO,DEFENSIVE,1.0,0.50,Aegean:FLAT(0.50)|Orion:LONG(0.20),Regime: CHOP (Reduced Weights). Score: 0.13. Low Conviction (<0.35).,LOW_CONVICTION,1.076683,TOP,21.32,False,0.0,0.0,0.00,0.00
1688184360.0,TREND,NO_GO,HOLD,13.33,NORMAL,PRO,DEFENSIVE,1.0,0.50,Aegean:FLAT(0.50)|Orion:LONG(0.20),Regime: TREND (Orion 2x). Score: 0.13. Low Conviction (<0.35).,LOW_CONVICTION,0.853078,MID,21.91,False,0.0,0.0,0.00,0.00
1688184420.0,TREND,NO_GO,HOLD,13.33,NORMAL,PRO,DEFENSIVE,1.0,0.50,Aegean:FLAT(0.50)|Orion:LONG(0.20),Regime: TREND (Orion 2x). Score: 0.13. Low Conviction (<0.35).,LOW_CONVICTION,0.773032,MID,22.48,False,0.0,0.0,0.00,0.00
1688184480.0,TREND,NO_GO,HOLD,13.33,NORMAL,PRO,DEFENSIVE,1.0,0.50,Aegean:FLAT(0.50)|Orion:LONG(0.20),Regime: TREND (Orion 2x). Score: 0.13. Low Conviction (<0.35).,LOW_CONVICTION,0.808936,MID,23.14,False,0.0,0.0,0.00,0.00
1688184540.0,TREND,NO_GO,HOLD,13.33,NORMAL,PRO,DEFENSIVE,1.0,0.50,Aegean:FLAT(0.50)|Orion:LONG(0.20),Regime: TREND (Orion 2x). Score: 0.13. Low Conviction (<0.35).,LOW_CONVICTION,-0.369311,MID,21.59,False,0.0,0.0,0.00,0.00
1688184600.0,TREND,NO_GO,HOLD,13.33,NORMAL,PRO,DEFENSIVE,1.0,0.50,Aegean:FLAT(0.50)|Orion:LONG(0.20),Regime: TREND (Orion 2x). Score: 0.13. Low Conviction (<0.35).,LOW_CONVICTION,-0.330219,MID,20.73,False,0.0,0.0,0.00,0.00
1688184660.0,CHOP,NO_GO,HOLD,13.33,NORMAL,PRO,DEFENSIVE,1.0,0.50,Aegean:FLAT(0.50)|Orion:SHORT(0.20),Regime: CHOP (Reduced Weights). Score: -0.13. Low Conviction (<0.35).,LOW_CONVICTION,-0.539702,MID,19.36,False,0.0,0.0,0.00,0.00
1688184720.0,CHOP,NO_GO,HOLD,13.33,NORMAL,PRO,DEFENSIVE,1.0,0.50,Aegean:FLAT(0.50)|Orion:LONG(0.20),Regime: CHOP (Reduced Weights). Score: 0.13. Low Conviction (<0.35).,LOW_CONVICTION,-0.293971,MID,17.99,False,0.0,0.0,0.00,0.00
1688184780.0,CHOP,NO_GO,HOLD,13.33,NORMAL,PRO,DEFENSIVE,1.0,0.50,Aegean:FLAT(0.50)|Orion:LONG(0.20),Regime: CHOP (Reduced Weights). Score: 0.13. Low Conviction (<0.35).,LOW_CONVICTION,-0.259199,MID,16.75,False,0.0,0.0,0.00,0.00
1688184840.0,CHOP,NO_GO,HOLD,13.33,NORMAL,PRO,DEFENSIVE,1.0,0.50,Aegean:FLAT(0.50)|Orion:SHORT(0.20),Regime: CHOP (Reduced Weights). Score: -0.13. Low Conviction (<0.35).,LOW_CONVICTION,-1.206832,DIP,17.27,False,0.0,0.0,0.00,0.00
1688184900.0,CHOP,NO_GO,HOLD,13.33,NORMAL,PRO,DEFENSIVE,1.0,0.50,Aegean:FLAT(0.50)|Orion:SHORT(0.20),Regime: CHOP (Reduced Weights). Score: -0.13. Low Conviction (<0.35).,LOW_CONVICTION,-3.018562,DIP,19.50,False,0.0,0.0,0.00,0.00
1688184960.0,TREND,GO,SELL,36.67,NORMAL,PRO,DEFENSIVE,1.0,0.50,Aegean:SHORT(0.70)|Orion:SHORT(0.20),Regime: TREND (Orion 2x). Score: -0.37. Bearish Consensus.,,-5.635557,MID,23.17,False,3.2,20.0,2.00,4.82
1688185020.0,TREND,NO_GO,HOLD,34.29,NORMAL,PRO,DEFENSIVE,1.0,0.50,Aegean:SHORT(0.70)|Orion:SHORT(0.16),Regime: TREND (Orion 2x). Score: -0.34. Low Conviction (<0.35).,LOW_CONVICTION,-4.070047,MID,26.57,True,0.0,0.0,0.00,0.00
1688185080.0,TREND,NO_GO,HOLD,14.53,NORMAL,PRO,DEFENSIVE,1.0,0.50,Aegean:FLAT(0.50)|Orion:SHORT(0.22),Regime: TREND (Orion 2x). Score: -0.15. Low Conviction (<0.35).,LOW_CONVICTION,-1.960090,MID,28.72,True,0.0,0.0,0.00,0.00
1688185140.0,TREND,NO_GO,HOLD,17.62,NORMAL,PRO,DEFENSIVE,1.0,0.50,Aegean:FLAT(0.50)|Orion:SHORT(0.26),Regime: TREND (Orion 2x). Score: -0.18. Low Conviction (<0.35).,LOW_CONVICTION,-1.768339,MID,30.57,True,0.0,0.0,0.00,0.00
1688185200.0,TREND,NO_GO,HOLD,17.17,NORMAL,PRO,DEFENSIVE,1.0,0.50,Aegean:FLAT(0.50)|Orion:SHORT(0.26),Regime: TREND (Orion 2x). Score: -0.17. Low Conviction (<0.35).,LOW_CONVICTION,0.228449,MID,30.30,True,0.0,0.0,0.00,0.00
1688185260.0,TREND,NO_GO,HOLD,18.29,NORMAL,PRO,DEFENSIVE,1.0,0.50,Aegean:FLAT(0.50)|Orion:SHORT(0.27),Regime: TREND (Orion 2x). Score: -0.18. Low Conviction (<0.35).,LOW_CONVICTION,-3.022098,MID,30.97,True,0.0,0.0,0.00,0.00
1688185320.0,TREND,GO,SELL,43.14,NORMAL,PRO,DEFENSIVE,1.0,0.50,Aegean:SHORT(0.70)|Orion:SHORT(0.30),Regime: TREND (Orion 2x). Score: -0.43. Bearish Consensus.,,-4.331441,MID,31.88,True,6.0,20.0,2.00,5.96
1688185380.0,TREND,NO_GO,HOLD,21.21,NORMAL,PRO,DEFENSIVE,1.0,0.50,Aegean:FLAT(0.50)|Orion:SHORT(0.32),Regime: TREND (Orion 2x). Score: -0.21. Low Conviction (<0.35).,LOW_CONVICTION,-2.786561,MID,32.72,True,0.0,0.0,0.00,0.00
1688185440.0,TREND,NO_GO,HOLD,21.40,NORMAL,PRO,DEFENSIVE,1.0,0.50,Aegean:FLAT(0.50)|Orion:SHORT(0.32),Regime: TREND (Orion 2x). Score: -0.21. Low Conviction (<0.35).,LOW_CONVICTION,-2.723919,MID,32.84,True,0.0,0.0,0.00,0.00
1688185500.0,TREND,NO_GO,HOLD,21.04,NORMAL,PRO,DEFENSIVE,1.0,0.50,Aegean:FLAT(0.50)|Orion:SHORT(0.32),Regime: TREND (Orion 2x). Score: -0.21. Low Conviction (<0.35).,LOW_CONVICTION,-1.408276,MID,32.62,True,0.0,0.0,0.00,0.00
1688185560.0,TREND,NO_GO,HOLD,22.32,NORMAL,PRO,DEFENSIVE,1.0,0.50,Aegean:FLAT(0.50)|Orion:SHORT(0.33),Regime: TREND (Orion 2x). Score: -0.22. Low Conviction (<0.35).,LOW_CONVICTION,-1.886089,MID,33.39,True,0.0,0.0,0.00,0.00
1688185620.0,TREND,NO_GO,HOLD,23.54,NORMAL,PRO,DEFENSIVE,1.0,0.50,Aegean:FLAT(0.50)|Orion:SHORT(0.35),Regime: TREND (Orion 2x). Score: -0.24. Low Conviction (<0.35).,LOW_CONVICTION,-2.502239,MID,34.12,True,0.0,0.0,0.00,0.00
1688185680.0,TREND,NO_GO,HOLD,25.30,NORMAL,PRO,DEFENSIVE,1.0,0.50,Aegean:FLAT(0.50)|Orion:SHORT(0.38),Regime: TREND (Orion 2x). Score: -0.25. Low Conviction (<0.35).,LOW_CONVICTION,-2.088712,MID,35.18,True,0.0,0.0,0.00,0.00
1688185740.0,TREND,NO_GO,HOLD,25.06,NORMAL,PRO,DEFENSIVE,1.0,0.50,Aegean:FLAT(0.50)|Orion:SHORT(0.38),Regime: TREND (Orion 2x). Score: -0.25. Low Conviction (<0.35).,LOW_CONVICTION,-0.780113,MID,35.04,True,0.0,0.0,0.00,0.00
1688185800.0,TREND,NO_GO,HOLD,25.82,NORMAL,PRO,DEFENSIVE,1.0,0.50,Aegean:FLAT(0.50)|Orion:SHORT(0.39),Regime: TREND (Orion 2x). Score: -0.26. Low Conviction (<0.35).,LOW_CONVICTION,-2.982119,DIP,35.49,True,0.0,0.0,0.00,0.00
1688185860.0,TREND,NO_GO,HOLD,26.69,NORMAL,PRO,DEFENSIVE,1.0,0.50,Aegean:FLAT(0.50)|Orion:SHORT(0.40),Regime: TREND (Orion 2x). Score: -0.27. Low Conviction (<0.35).,LOW_CONVICTION,-1.957153,MID,36.01,True,0.0,0.0,0.00,0.00
1688185920.0,TREND,NO_GO,HOLD,25.36,NORMAL,PRO,DEFENSIVE,1.0,0.50,Aegean:FLAT(0.50)|Orion:SHORT(0.38),Regime: TREND (Orion 2x). Score: -0.25. Low Conviction (<0.35).,LOW_CONVICTION,-0.196039,MID,35.21,True,0.0,0.0,0.00,0.00
1688185980.0,TREND,NO_GO,HOLD,24.12,NORMAL,PRO,DEFENSIVE,1.0,0.50,Aegean:FLAT(0.50)|Orion:SHORT(0.36),Regime: TREND (Orion 2x). Score: -0.24. Low Conviction (<0.35).,LOW_CONVICTION,-0.289173,MID,34.47,True,0.0,0.0,0.00,0.00
1688186040.0,TREND,NO_GO,HOLD,23.18,NORMAL,PRO,DEFENSIVE,1.0,0.50,Aegean:FLAT(0.50)|Orion:SHORT(0.35),Regime: TREND (Orion 2x). Score: -0.23. Low Conviction (<0.35).,LOW_CONVICTION,-0.291048,MID,33.91,True,0.0,0.0,0.00,0.00
1688186100.0,TREND,NO_GO,HOLD,20.46,NORMAL,PRO,DEFENSIVE,1.0,0.50,Aegean:FLAT(0.50)|Orion:SHORT(0.31),Regime: TREND (Orion 2x). Score: -0.20. Low Conviction (<0.35).,LOW_CONVICTION,1.128872,MID,32.28,True,0.0,0.0,0.00,0.00
1688186160.0,TREND,NO_GO,HOLD,17.24,NORMAL,PRO,DEFENSIVE,1.0,0.50,Aegean:FLAT(0.50)|Orion:SHORT(0.26),Regime: TREND (Orion 2x). Score: -0.17. Low Conviction (<0.35).,LOW_CONVICTION,1.610827,MID,30.34,True,0.0,0.0,0.00,0.00
1688186220.0,TREND,NO_GO,HOLD,14.24,NORMAL,PRO,DEFENSIVE,1.0,0.50,Aegean:FLAT(0.50)|Orion:LONG(0.21),Regime: TREND (Orion 2x). Score: 0.14. Low Conviction (<0.35).,LOW_CONVICTION,2.331720,TOP,28.54,True,0.0,0.0,0.00,0.00
1688186280.0,TREND,NO_GO,HOLD,11.85,NORMAL,PRO,DEFENSIVE,1.0,0.50,Aegean:FLAT(0.50)|Orion:LONG(0.18),Regime: TREND (Orion 2x). Score: 0.12. Low Conviction (<0.35).,LOW_CONVICTION,2.667747,TOP,27.11,True,0.0,0.0,0.00,0.00
1688186340.0,TREND,NO_GO,HOLD,9.55,NORMAL,PRO,DEFENSIVE,1.0,0.50,Aegean:FLAT(0.50)|Orion:LONG(0.14),Regime: TREND (Orion 2x). Score: 0.10. Low Conviction (<0.35).,LOW_CONVICTION,1.847031,TOP,25.73,True,0.0,0.0,0.00,0.00
1688186400.0,TREND,NO_GO,HOLD,8.58,NORMAL,PRO,DEFENSIVE,1.0,0.50,Aegean:FLAT(0.30)|Orion:LONG(0.13),Regime: TREND (Orion 2x). Score: 0.09. Low Conviction (<0.35).,LOW_CONVICTION,3.247314,TOP,25.15,True,0.0,0.0,0.00,0.00
1688186460.0,TREND,NO_GO,HOLD,13.33,NORMAL,PRO,DEFENSIVE,1.0,0.50,Aegean:FLAT(0.50)|Orion:LONG(0.20),Regime: TREND (Orion 2x). Score: 0.13. Low Conviction (<0.35).,LOW_CONVICTION,1.052043,MID,24.35,False,0.0,0.0,0.00,0.00
1688186520.0,TREND,NO_GO,HOLD,13.33,NORMAL,PRO,DEFENSIVE,1.0,0.50,Aegean:FLAT(0.50)|Orion:SHORT(0.20),Regime: TREND (Orion 2x). Score: -0.13. Low Conviction (<0.35).,LOW_CONVICTION,0.485637,MID,23.02,False,0.0,0.0,0.00,0.00
1688186580.0,TREND,NO_GO,HOLD,13.33,NORMAL,PRO,DEFENSIVE,1.0,0.50,Aegean:FLAT(0.50)|Orion:SHORT(0.20),Regime: TREND (Orion 2x). Score: -0.13. Low Conviction (<0.35).,LOW_CONVICTION,0.440338,MID,21.79,False,0.0,0.0,0.00,0.00
1688186640.0,TREND,NO_GO,HOLD,13.33,NORMAL,PRO,DEFENSIVE,1.0,0.50,Aegean:FLAT(0.50)|Orion:LONG(0.20),Regime: TREND (Orion 2x). Score: 0.13. Low Conviction (<0.35).,LOW_CONVICTION,0.961616,MID,21.16,False,0.0,0.0,0.00,0.00
1688186700.0,CHOP,NO_GO,HOLD,13.33,NORMAL,PRO,DEFENSIVE,1.0,0.50,Aegean:FLAT(0.50)|Orion:LONG(0.20),Regime: CHOP (Reduced Weights). Score: 0.13. Low Conviction (<0.35).,LOW_CONVICTION,1.958930,TOP,20.00,False,0.0,0.0,0.00,0.00
1688186760.0,CHOP,NO_GO,HOLD,13.33,NORMAL,PRO,DEFENSIVE,1.0,0.50,Aegean:FLAT(0.50)|Orion:LONG(0.20),Regime: CHOP (Reduced Weights). Score: 0.13. Low Conviction (<0.35).,LOW_CONVICTION,2.363813,TOP,18.64,False,0.0,0.0,0.00,0.00
1688186820.0,CHOP,NO_GO,HOLD,13.33,NORMAL,PRO,DEFENSIVE,1.0,0.50,Aegean:FLAT(0.50)|Orion:LONG(0.20),Regime: CHOP (Reduced Weights). Score: 0.13. Low Conviction (<0.35).,LOW_CONVICTION,1.807868,TOP,17.42,False,0.0,0.0,0.00,0.00
1688186880.0,CHOP,NO_GO,HOLD,13.33,NORMAL,PRO,DEFENSIVE,1.0,0.50,Aegean:FLAT(0.50)|Orion:LONG(0.20),Regime: CHOP (Reduced Weights). Score: 0.13. Low Conviction (<0.35).,LOW_CONVICTION,1.454950,TOP,16.31,False,0.0,0.0,0.00,0.00
1688186940.0,CHOP,NO_GO,HOLD,13.33,NORMAL,PRO,DEFENSIVE,1.0,0.50,Aegean:FLAT(0.50)|Orion:LONG(0.20),Regime: CHOP (Reduced Weights). Score: 0.13. Low Conviction (<0.35).,LOW_CONVICTION,1.317336,TOP,15.25,False,0.0,0.0,0.00,0.00
1688187000.0,CHOP,NO_GO,HOLD,13.33,NORMAL,PRO,DEFENSIVE,1.0,0.50,Aegean:FLAT(0.50)|Orion:LONG(0.20),Regime: CHOP (Reduced Weights). Score: 0.13. Low Conviction (<0.35).,LOW_CONVICTION,1.728165,TOP,14.51,False,0.0,0.0,0.00,0.00
1688187060.0,CHOP,NO_GO,HOLD,13.33,NORMAL,PRO,DEFENSIVE,1.0,0.50,Aegean:FLAT(0.50)|Orion:LONG(0.20),Regime: CHOP (Reduced Weights). Score: 0.13. Low Conviction (<0.35).,LOW_CONVICTION,1.405564,TOP,13.84,False,0.0,0.0,0.00,0.00
1688187120.0,CHOP,NO_GO,HOLD,13.33,NORMAL,PRO,DEFENSIVE,1.0,0.50,Aegean:FLAT(0.50)|Orion:LONG(0.20),Regime: CHOP (Reduced Weights). Score: 0.13. Low Conviction (<0.35).,LOW_CONVICTION,1.086920,TOP,13.04,False,0.0,0.0,0.00,0.00
1688187180.0,CHOP,NO_GO,HOLD,13.33,NORMAL,PRO,DEFENSIVE,1.0,0.50,Aegean:FLAT(0.50)|Orion:LONG(0.20),Regime: CHOP (Reduced Weights). Score: 0.13. Low Conviction (<0.35).,LOW_CONVICTION,0.737232,MID,12.21,False,0.0,0.0,0.00,0.00
1688187240.0,CHOP,NO_GO,HOLD,13.33,NORMAL,PRO,DEFENSIVE,1.0,0.50,Aegean:FLAT(0.50)|Orion:LONG(0.20),Regime: CHOP (Reduced Weights). Score: 0.13. Low Conviction (<0.35).,LOW_CONVICTION,0.960177,TOP,11.45,False,0.0,0.0,0.00,0.00
1688187300.0,CHOP,NO_GO,HOLD,13.33,NORMAL,PRO,DEFENSIVE,1.0,0.50,Aegean:FLAT(0.50)|Orion:LONG(0.20),Regime: CHOP (Reduced Weights). Score: 0.13. Low Conviction (<0.35).,LOW_CONVICTION,0.731494,MID,11.95,False,0.0,0.0,0.00,0.00
1688187360.0,CHOP,NO_GO,HOLD,13.33,NORMAL,PRO,DEFENSIVE,1.0,0.50,Aegean:FLAT(0.50)|Orion:LONG(0.20),Regime: CHOP (Reduced Weights). Score: 0.13. Low Conviction (<0.35).,LOW_CONVICTION,0.641913,MID,12.52,False,0.0,0.0,0.00,0.00
1688187420.0,CHOP,NO_GO,HOLD,13.33,NORMAL,PRO,DEFENSIVE,1.0,0.50,Aegean:FLAT(0.50)|Orion:LONG(0.20),Regime: CHOP (Reduced Weights). Score: 0.13. Low Conviction (<0.35).,LOW_CONVICTION,0.414666,MID,13.03,False,0.0,0.0,0.00,0.00
1688187480.0,CHOP,NO_GO,HOLD,13.33,NORMAL,PRO,DEFENSIVE,1.0,0.50,Aegean:FLAT(0.50)|Orion:LONG(0.20),Regime: CHOP (Reduced Weights). Score: 0.13. Low Conviction (<0.35).,LOW_CONVICTION,-0.302960,MID,14.47,False,0.0,0.0,0.00,0.00
1688187540.0,CHOP,NO_GO,HOLD,13.33,NORMAL,PRO,DEFENSIVE,1.0,0.50,Aegean:FLAT(0.50)|Orion:LONG(0.20),Regime: CHOP (Reduced Weights). Score: 0.13. Low Conviction (<0.35).,LOW_CONVICTION,-0.144122,MID,15.80,False,0.0,0.0,0.00,0.00
1688187600.0,CHOP,NO_GO,HOLD,13.33,NORMAL,PRO,DEFENSIVE,1.0,0.50,Aegean:FLAT(0.50)|Orion:LONG(0.20),Regime: CHOP (Reduced Weights). Score: 0.13. Low Conviction (<0.35).,LOW_CONVICTION,0.180574,MID,16.67,False,0.0,0.0,0.00,0.00
1688187660.0,CHOP,NO_GO,HOLD,13.33,NORMAL,PRO,DEFENSIVE,1.0,0.50,Aegean:FLAT(0.50)|Orion:LONG(0.20),Regime: CHOP (Reduced Weights). Score: 0.13. Low Conviction (<0.35).,LOW_CONVICTION,0.602267,TOP,16.90,False,0.0,0.0,0.00,0.00
1688187720.0,CHOP,NO_GO,HOLD,13.33,NORMAL,PRO,DEFENSIVE,1.0,0.50,Aegean:FLAT(0.50)|Orion:LONG(0.20),Regime: CHOP (Reduced Weights). Score: 0.13. Low Conviction (<0.35).,LOW_CONVICTION,0.522061,TOP,17.12,False,0.0,0.0,0.00,0.00
1688187780.0,CHOP,NO_GO,HOLD,13.33,NORMAL,PRO,DEFENSIVE,1.0,0.50,Aegean:FLAT(0.50)|Orion:LONG(0.20),Regime: CHOP (Reduced Weights). Score: 0.13. Low Conviction (<0.35).,LOW_CONVICTION,0.897425,TOP,16.71,False,0.0,0.0,0.00,0.00
1688187840.0,CHOP,NO_GO,HOLD,13.33,NORMAL,PRO,DEFENSIVE,1.0,0.50,Aegean:FLAT(0.50)|Orion:LONG(0.20),Regime: CHOP (Reduced Weights). Score: 0.13. Low Conviction (<0.35).,LOW_CONVICTION,1.087289,TOP,15.91,False,0.0,0.0,0.00,0.00
1688187900.0,CHOP,NO_GO,HOLD,13.33,NORMAL,PRO,DEFENSIVE,1.0,0.50,Aegean:FLAT(0.50)|Orion:LONG(0.20),Regime: CHOP (Reduced Weights). Score: 0.13. Low Conviction (<0.35).,LOW_CONVICTION,1.017787,TOP,15.15,False,0.0,0.0,0.00,0.00
1688187960.0,CHOP,NO_GO,HOLD,13.33,NORMAL,PRO,DEFENSIVE,1.0,0.50,Aegean:FLAT(0.50)|Orion:LONG(0.20),Regime: CHOP (Reduced Weights). Score: 0.13. Low Conviction (<0.35).,LOW_CONVICTION,1.054215,TOP,14.26,False,0.0,0.0,0.00,0.00
1688188020.0,CHOP,NO_GO,HOLD,13.33,NORMAL,PRO,DEFENSIVE,1.0,0.50,Aegean:FLAT(0.50)|Orion:LONG(0.20),Regime: CHOP (Reduced Weights). Score: 0.13. Low Conviction (<0.35).,LOW_CONVICTION,0.671230,TOP,13.67,False,0.0,0.0,0.00,0.00
1688188080.0,CHOP,NO_GO,HOLD,13.33,NORMAL,PRO,DEFENSIVE,1.0,0.50,Aegean:FLAT(0.50)|Orion:LONG(0.20),Regime: CHOP (Reduced Weights). Score: 0.13. Low Conviction (<0.35).,LOW_CONVICTION,0.597203,TOP,13.12,False,0.0,0.0,0.00,0.00
1688188140.0,CHOP,NO_GO,HOLD,13.33,NORMAL,PRO,DEFENSIVE,1.0,0.50,Aegean:FLAT(0.50)|Orion:LONG(0.20),Regime: CHOP (Reduced Weights). Score: 0.13. Low Conviction (<0.35).,LOW_CONVICTION,0.376823,MID,13.26,False,0.0,0.0,0.00,0.00
1688188200.0,CHOP,NO_GO,HOLD,13.33,NORMAL,PRO,DEFENSIVE,1.0,0.50,Aegean:FLAT(0.50)|Orion:LONG(0.20),Regime: CHOP (Reduced Weights). Score: 0.13. Low Conviction (<0.35).,LOW_CONVICTION,0.176424,MID,13.30,False,0.0,0.0,0.00,0.00
1688188260.0,CHOP,NO_GO,HOLD,13.33,NORMAL,PRO,DEFENSIVE,1.0,0.50,Aegean:FLAT(0.50)|Orion:LONG(0.20),Regime: CHOP (Reduced Weights). Score: 0.13. Low Conviction (<0.35).,LOW_CONVICTION,0.429917,TOP,13.04,False,0.0,0.0,0.00,0.00
1688188320.0,CHOP,NO_GO,HOLD,13.33,NORMAL,PRO,DEFENSIVE,1.0,0.50,Aegean:FLAT(0.50)|Orion:LONG(0.20),Regime: CHOP (Reduced Weights). Score: 0.13. Low Conviction (<0.35).,LOW_CONVICTION,0.659811,TOP,12.29,False,0.0,0.0,0.00,0.00
1688188380.0,CHOP,NO_GO,HOLD,13.33,NORMAL,PRO,DEFENSIVE,1.0,0.50,Aegean:FLAT(0.50)|Orion:LONG(0.20),Regime: CHOP (Reduced Weights). Score: 0.13. Low Conviction (<0.35).,LOW_CONVICTION,0.597376,TOP,11.58,False,0.0,0.0,0.00,0.00
1688188440.0,CHOP,NO_GO,HOLD,13.33,NORMAL,PRO,DEFENSIVE,1.0,0.50,Aegean:FLAT(0.50)|Orion:LONG(0.20),Regime: CHOP (Reduced Weights). Score: 0.13. Low Conviction (<0.35).,LOW_CONVICTION,0.566618,TOP,10.82,False,0.0,0.0,0.00,0.00
1688188500.0,CHOP,NO_GO,HOLD,13.33,NORMAL,PRO,DEFENSIVE,1.0,0.50,Aegean:FLAT(0.50)|Orion:LONG(0.20),Regime: CHOP (Reduced Weights). Score: 0.13. Low Conviction (<0.35).,LOW_CONVICTION,0.500760,TOP,10.11,False,0.0,0.0,0.00,0.00
1688188560.0,CHOP,NO_GO,HOLD,13.33,NORMAL,PRO,DEFENSIVE,1.0,0.50,Aegean:FLAT(0.50)|Orion:LONG(0.20),Regime: CHOP (Reduced Weights). Score: 0.13. Low Conviction (<0.35).,LOW_CONVICTION,0.436381,TOP,9.46,False,0.0,0.0,0.00,0.00
1688188620.0,CHOP,NO_GO,HOLD,13.33,NORMAL,PRO,DEFENSIVE,1.0,0.50,Aegean:FLAT(0.50)|Orion:LONG(0.20),Regime: CHOP (Reduced Weights). Score: 0.13. Low Conviction (<0.35).,LOW_CONVICTION,1.877847,TOP,11.37,False,0.0,0.0,0.00,0.00
1688188680.0,CHOP,NO_GO,HOLD,13.33,NORMAL,PRO,DEFENSIVE,1.0,0.50,Aegean:FLAT(0.50)|Orion:LONG(0.20),Regime: CHOP (Reduced Weights). Score: 0.13. Low Conviction (<0.35).,LOW_CONVICTION,2.595498,TOP,13.82,False,0.0,0.0,0.00,0.00
1688188740.0,CHOP,NO_GO,HOLD,13.33,NORMAL,PRO,DEFENSIVE,1.0,0.50,Aegean:FLAT(0.50)|Orion:LONG(0.20),Regime: CHOP (Reduced Weights). Score: 0.13. Low Conviction (<0.35).,LOW_CONVICTION,1.936506,TOP,16.08,False,0.0,0.0,0.00,0.00
1688188800.0,CHOP,NO_GO,HOLD,13.33,NORMAL,PRO,DEFENSIVE,1.0,0.50,Aegean:FLAT(0.50)|Orion:LONG(0.20),Regime: CHOP (Reduced Weights). Score: 0.13. Low Conviction (<0.35).,LOW_CONVICTION,1.658695,TOP,17.35,False,0.0,0.0,0.00,0.00
1688188860.0,CHOP,NO_GO,HOLD,13.33,NORMAL,PRO,DEFENSIVE,1.0,0.50,Aegean:FLAT(0.50)|Orion:LONG(0.20),Regime: CHOP (Reduced Weights). Score: 0.13. Low Conviction (<0.35).,LOW_CONVICTION,-0.069611,MID,16.26,False,0.0,0.0,0.00,0.00
1688188920.0,CHOP,NO_GO,HOLD,13.33,NORMAL,PRO,DEFENSIVE,1.0,0.50,Aegean:FLAT(0.50)|Orion:LONG(0.20),Regime: CHOP (Reduced Weights). Score: 0.13. Low Conviction (<0.35).,LOW_CONVICTION,-0.063953,MID,15.16,False,0.0,0.0,0.00,0.00
1688188980.0,CHOP,NO_GO,HOLD,13.33,NORMAL,PRO,DEFENSIVE,1.0,0.50,Aegean:FLAT(0.50)|Orion:LONG(0.20),Regime: CHOP (Reduced Weights). Score: 0.13. Low Conviction (<0.35).,LOW_CONVICTION,0.268685,MID,14.31,False,0.0,0.0,0.00,0.00
1688189040.0,CHOP,NO_GO,HOLD,13.33,NORMAL,PRO,DEFENSIVE,1.0,0.50,Aegean:FLAT(0.50)|Orion:LONG(0.20),Regime: CHOP (Reduced Weights). Score: 0.13. Low Conviction (<0.35).,LOW_CONVICTION,-0.119781,MID,13.53,False,0.0,0.0,0.00,0.00
1688189100.0,CHOP,NO_GO,HOLD,13.33,NORMAL,PRO,DEFENSIVE,1.0,0.50,Aegean:FLAT(0.50)|Orion:LONG(0.20),Regime: CHOP (Reduced Weights). Score: 0.13. Low Conviction (<0.35).,LOW_CONVICTION,0.058741,MID,12.77,False,0.0,0.0,0.00,0.00
1688189160.0,CHOP,NO_GO,HOLD,13.33,NORMAL,PRO,DEFENSIVE,1.0,0.50,Aegean:FLAT(0.50)|Orion:LONG(0.20),Regime: CHOP (Reduced Weights). Score: 0.13. Low Conviction (<0.35).,LOW_CONVICTION,-0.117367,MID,12.05,False,0.0,0.0,0.00,0.00
1688189220.0,CHOP,NO_GO,HOLD,13.33,NORMAL,PRO,DEFENSIVE,1.0,0.50,Aegean:FLAT(0.50)|Orion:LONG(0.20),Regime: CHOP (Reduced Weights). Score: 0.13. Low Conviction (<0.35).,LOW_CONVICTION,-0.245905,MID,11.63,False,0.0,0.0,0.00,0.00
1688189280.0,CHOP,NO_GO,HOLD,13.33,NORMAL,PRO,DEFENSIVE,1.0,0.50,Aegean:FLAT(0.50)|Orion:LONG(0.20),Regime: CHOP (Reduced Weights). Score: 0.13. Low Conviction (<0.35).,LOW_CONVICTION,-0.221553,MID,11.23,False,0.0,0.0,0.00,0.00
1688189340.0,CHOP,NO_GO,HOLD,13.33,NORMAL,PRO,DEFENSIVE,1.0,0.50,Aegean:FLAT(0.50)|Orion:SHORT(0.20),Regime: CHOP (Reduced Weights). Score: -0.13. Low Conviction (<0.35).,LOW_CONVICTION,-0.830222,DIP,11.87,False,0.0,0.0,0.00,0.00
1688189400.0,CHOP,NO_GO,HOLD,13.33,NORMAL,PRO,DEFENSIVE,1.0,0.50,Aegean:FLAT(0.50)|Orion:LONG(0.20),Regime: CHOP (Reduced Weights). Score: 0.13. Low Conviction (<0.35).,LOW_CONVICTION,-0.178517,MID,12.79,False,0.0,0.0,0.00,0.00
1688189460.0,CHOP,NO_GO,HOLD,13.33,NORMAL,PRO,DEFENSIVE,1.0,0.50,Aegean:FLAT(0.50)|Orion:LONG(0.20),Regime: CHOP (Reduced Weights). Score: 0.13. Low Conviction (<0.35).,LOW_CONVICTION,0.430784,MID,12.48,False,0.0,0.0,0.00,0.00
1688189520.0,CHOP,NO_GO,HOLD,13.33,NORMAL,PRO,DEFENSIVE,1.0,0.50,Aegean:FLAT(0.50)|Orion:LONG(0.20),Regime: CHOP (Reduced Weights). Score: 0.13. Low Conviction (<0.35).,LOW_CONVICTION,-0.182977,MID,12.21,False,0.0,0.0,0.00,0.00
1688189580.0,CHOP,NO_GO,HOLD,13.33,NORMAL,PRO,DEFENSIVE,1.0,0.50,Aegean:FLAT(0.50)|Orion:LONG(0.20),Regime: CHOP (Reduced Weights). Score: 0.13. Low Conviction (<0.35).,LOW_CONVICTION,-0.370681,MID,12.27,False,0.0,0.0,0.00,0.00
1688189640.0,CHOP,NO_GO,HOLD,13.33,NORMAL,PRO,DEFENSIVE,1.0,0.50,Aegean:FLAT(0.50)|Orion:LONG(0.20),Regime: CHOP (Reduced Weights). Score: 0.13. Low Conviction (<0.35).,LOW_CONVICTION,0.120961,MID,11.83,False,0.0,0.0,0.00,0.00
1688189700.0,CHOP,NO_GO,HOLD,13.33,NORMAL,PRO,DEFENSIVE,1.0,0.50,Aegean:FLAT(0.50)|Orion:LONG(0.20),Regime: CHOP (Reduced Weights). Score: 0.13. Low Conviction (<0.35).,LOW_CONVICTION,0.129422,MID,11.37,False,0.0,0.0,0.00,0.00
1688189760.0,CHOP,NO_GO,HOLD,13.33,NORMAL,PRO,DEFENSIVE,1.0,0.50,Aegean:FLAT(0.50)|Orion:LONG(0.20),Regime: CHOP (Reduced Weights). Score: 0.13. Low Conviction (<0.35).,LOW_CONVICTION,0.213081,MID,10.73,False,0.0,0.0,0.00,0.00
1688189820.0,CHOP,NO_GO,HOLD,13.33,NORMAL,PRO,DEFENSIVE,1.0,0.50,Aegean:FLAT(0.50)|Orion:LONG(0.20),Regime: CHOP (Reduced Weights). Score: 0.13. Low Conviction (<0.35).,LOW_CONVICTION,0.267421,MID,10.01,False,0.0,0.0,0.00,0.00
1688189880.0,CHOP,NO_GO,HOLD,13.33,NORMAL,PRO,DEFENSIVE,1.0,0.50,Aegean:FLAT(0.50)|Orion:LONG(0.20),Regime: CHOP (Reduced Weights). Score: 0.13. Low Conviction (<0.35).,LOW_CONVICTION,0.564304,MID,9.93,False,0.0,0.0,0.00,0.00
1688189940.0,CHOP,NO_GO,HOLD,13.33,NORMAL,PRO,DEFENSIVE,1.0,0.50,Aegean:FLAT(0.50)|Orion:LONG(0.20),Regime: CHOP (Reduced Weights). Score: 0.13. Low Conviction (<0.35).,LOW_CONVICTION,0.504651,MID,9.97,False,0.0,0.0,0.00,0.00
1688190000.0,CHOP,NO_GO,HOLD,13.33,NORMAL,PRO,DEFENSIVE,1.0,0.50,Aegean:FLAT(0.50)|Orion:LONG(0.20),Regime: CHOP (Reduced Weights). Score: 0.13. Low Conviction (<0.35).,LOW_CONVICTION,0.566479,MID,10.14,False,0.0,0.0,0.00,0.00
1688190060.0,CHOP,NO_GO,HOLD,13.33,NORMAL,PRO,DEFENSIVE,1.0,0.50,Aegean:FLAT(0.50)|Orion:LONG(0.20),Regime: CHOP (Reduced Weights). Score: 0.13. Low Conviction (<0.35).,LOW_CONVICTION,0.511576,TOP,10.31,False,0.0,0.0,0.00,0.00
1688190120.0,CHOP,NO_GO,HOLD,13.33,NORMAL,PRO,DEFENSIVE,1.0,0.50,Aegean:FLAT(0.50)|Orion:LONG(0.20),Regime: CHOP (Reduced Weights). Score: 0.13. Low Conviction (<0.35).,LOW_CONVICTION,0.455314,TOP,10.46,False,0.0,0.0,0.00,0.00
1688190180.0,CHOP,NO_GO,HOLD,13.33,NORMAL,PRO,DEFENSIVE,1.0,0.50,Aegean:FLAT(0.50)|Orion:LONG(0.20),Regime: CHOP (Reduced Weights). Score: 0.13. Low Conviction (<0.35).,LOW_CONVICTION,0.405003,TOP,10.60,False,0.0,0.0,0.00,0.00
1688190240.0,CHOP,NO_GO,HOLD,13.33,NORMAL,PRO,DEFENSIVE,1.0,0.50,Aegean:FLAT(0.50)|Orion:LONG(0.20),Regime: CHOP (Reduced Weights). Score: 0.13. Low Conviction (<0.35).,LOW_CONVICTION,-0.149249,MID,10.47,False,0.0,0.0,0.00,0.00
1688190300.0,CHOP,NO_GO,HOLD,13.33,NORMAL,PRO,DEFENSIVE,1.0,0.50,Aegean:FLAT(0.50)|Orion:LONG(0.20),Regime: CHOP (Reduced Weights). Score: 0.13. Low Conviction (<0.35).,LOW_CONVICTION,-0.116446,MID,10.32,False,0.0,0.0,0.00,0.00
1688190360.0,CHOP,NO_GO,HOLD,13.33,NORMAL,PRO,DEFENSIVE,1.0,0.50,Aegean:FLAT(0.50)|Orion:LONG(0.20),Regime: CHOP (Reduced Weights). Score: 0.13. Low Conviction (<0.35).,LOW_CONVICTION,0.086941,MID,9.68,False,0.0,0.0,0.00,0.00
1688190420.0,CHOP,NO_GO,HOLD,13.33,NORMAL,PRO,DEFENSIVE,1.0,0.50,Aegean:FLAT(0.50)|Orion:LONG(0.20),Regime: CHOP (Reduced Weights). Score: 0.13. Low Conviction (<0.35).,LOW_CONVICTION,0.300316,TOP,9.79,False,0.0,0.0,0.00,0.00
1688190480.0,CHOP,NO_GO,HOLD,13.33,NORMAL,PRO,DEFENSIVE,1.0,0.50,Aegean:FLAT(0.50)|Orion:LONG(0.20),Regime: CHOP (Reduced Weights). Score: 0.13. Low Conviction (<0.35).,LOW_CONVICTION,0.394037,TOP,9.87,False,0.0,0.0,0.00,0.00
1688190540.0,CHOP,NO_GO,HOLD,13.33,NORMAL,PRO,DEFENSIVE,1.0,0.50,Aegean:FLAT(0.50)|Orion:LONG(0.20),Regime: CHOP (Reduced Weights). Score: 0.13. Low Conviction (<0.35).,LOW_CONVICTION,-0.251902,MID,9.73,False,0.0,0.0,0.00,0.00
1688190600.0,CHOP,NO_GO,HOLD,13.33,NORMAL,PRO,DEFENSIVE,1.0,0.50,Aegean:FLAT(0.50)|Orion:SHORT(0.20),Regime: CHOP (Reduced Weights). Score: -0.13. Low Conviction (<0.35).,LOW_CONVICTION,-0.533050,MID,10.30,False,0.0,0.0,0.00,0.00
1688190660.0,CHOP,NO_GO,HOLD,13.33,NORMAL,PRO,DEFENSIVE,1.0,0.50,Aegean:FLAT(0.50)|Orion:LONG(0.20),Regime: CHOP (Reduced Weights). Score: 0.13. Low Conviction (<0.35).,LOW_CONVICTION,-0.109607,MID,10.55,False,0.0,0.0,0.00,0.00
1688190720.0,CHOP,NO_GO,HOLD,13.33,NORMAL,PRO,DEFENSIVE,1.0,0.50,Aegean:FLAT(0.50)|Orion:LONG(0.20),Regime: CHOP (Reduced Weights). Score: 0.13. Low Conviction (<0.35).,LOW_CONVICTION,0.496070,TOP,10.31,False,0.0,0.0,0.00,0.00
1688190780.0,CHOP,NO_GO,HOLD,13.33,NORMAL,PRO,DEFENSIVE,1.0,0.50,Aegean:FLAT(0.50)|Orion:LONG(0.20),Regime: CHOP (Reduced Weights). Score: 0.13. Low Conviction (<0.35).,LOW_CONVICTION,0.446777,TOP,10.06,False,0.0,0.0,0.00,0.00
1688190840.0,CHOP,NO_GO,HOLD,13.33,NORMAL,PRO,DEFENSIVE,1.0,0.50,Aegean:FLAT(0.50)|Orion:LONG(0.20),Regime: CHOP (Reduced Weights). Score: 0.13. Low Conviction (<0.35).,LOW_CONVICTION,0.443275,TOP,9.92,False,0.0,0.0,0.00,0.00
1688190900.0,CHOP,NO_GO,HOLD,13.33,NORMAL,PRO,DEFENSIVE,1.0,0.50,Aegean:FLAT(0.50)|Orion:LONG(0.20),Regime: CHOP (Reduced Weights). Score: 0.13. Low Conviction (<0.35).,LOW_CONVICTION,1.006753,TOP,11.08,False,0.0,0.0,0.00,0.00
1688190960.0,CHOP,NO_GO,HOLD,13.33,NORMAL,PRO,DEFENSIVE,1.0,0.50,Aegean:FLAT(0.50)|Orion:LONG(0.20),Regime: CHOP (Reduced Weights). Score: 0.13. Low Conviction (<0.35).,LOW_CONVICTION,0.977866,TOP,12.30,False,0.0,0.0,0.00,0.00
1688191020.0,CHOP,NO_GO,HOLD,13.33,NORMAL,PRO,DEFENSIVE,1.0,0.50,Aegean:FLAT(0.50)|Orion:LONG(0.20),Regime: CHOP (Reduced Weights). Score: 0.13. Low Conviction (<0.35).,LOW_CONVICTION,1.056389,TOP,13.77,False,0.0,0.0,0.00,0.00
1688191080.0,CHOP,NO_GO,HOLD,13.33,NORMAL,PRO,DEFENSIVE,1.0,0.50,Aegean:FLAT(0.50)|Orion:LONG(0.20),Regime: CHOP (Reduced Weights). Score: 0.13. Low Conviction (<0.35).,LOW_CONVICTION,1.284400,TOP,15.61,False,0.0,0.0,0.00,0.00
1688191140.0,CHOP,NO_GO,HOLD,13.33,NORMAL,PRO,DEFENSIVE,1.0,0.50,Aegean:FLAT(0.50)|Orion:LONG(0.20),Regime: CHOP (Reduced Weights). Score: 0.13. Low Conviction (<0.35).,LOW_CONVICTION,1.164728,TOP,17.37,False,0.0,0.0,0.00,0.00
1688191200.0,CHOP,NO_GO,HOLD,13.33,NORMAL,PRO,DEFENSIVE,1.0,0.50,Aegean:FLAT(0.50)|Orion:LONG(0.20),Regime: CHOP (Reduced Weights). Score: 0.13. Low Conviction (<0.35).,LOW_CONVICTION,1.194251,TOP,18.04,False,0.0,0.0,0.00,0.00
1688191260.0,CHOP,NO_GO,HOLD,13.33,NORMAL,PRO,DEFENSIVE,1.0,0.50,Aegean:FLAT(0.50)|Orion:LONG(0.20),Regime: CHOP (Reduced Weights). Score: 0.13. Low Conviction (<0.35).,LOW_CONVICTION,1.222437,TOP,18.92,False,0.0,0.0,0.00,0.00
1688191320.0,TREND,NO_GO,HOLD,13.33,NORMAL,PRO,DEFENSIVE,1.0,0.50,Aegean:FLAT(0.50)|Orion:LONG(0.20),Regime: TREND (Orion 2x). Score: 0.13. Low Conviction (<0.35).,LOW_CONVICTION,1.481098,TOP,20.33,False,0.0,0.0,0.00,0.00
1688191380.0,TREND,NO_GO,HOLD,13.33,NORMAL,PRO,DEFENSIVE,1.0,0.50,Aegean:FLAT(0.50)|Orion:LONG(0.20),Regime: TREND (Orion 2x). Score: 0.13. Low Conviction (<0.35).,LOW_CONVICTION,1.486920,TOP,21.85,False,0.0,0.0,0.00,0.00
1688191440.0,TREND,NO_GO,HOLD,13.33,NORMAL,PRO,DEFENSIVE,1.0,0.50,Aegean:FLAT(0.50)|Orion:LONG(0.20),Regime: TREND (Orion 2x). Score: 0.13. Low Conviction (<0.35).,LOW_CONVICTION,1.947410,TOP,24.00,False,0.0,0.0,0.00,0.00
1688191500.0,TREND,NO_GO,HOLD,10.12,NORMAL,PRO,DEFENSIVE,1.0,0.50,Aegean:FLAT(0.50)|Orion:LONG(0.15),Regime: TREND (Orion 2x). Score: 0.10. Low Conviction (<0.35).,LOW_CONVICTION,1.436945,TOP,26.07,True,0.0,0.0,0.00,0.00
1688191560.0,TREND,NO_GO,HOLD,9.12,NORMAL,PRO,DEFENSIVE,1.0,0.50,Aegean:FLAT(0.50)|Orion:LONG(0.14),Regime: TREND (Orion 2x). Score: 0.09. Low Conviction (<0.35).,LOW_CONVICTION,0.465852,MID,25.47,True,0.0,0.0,0.00,0.00
1688191620.0,TREND,NO_GO,HOLD,13.33,NORMAL,PRO,DEFENSIVE,1.0,0.50,Aegean:FLAT(0.50)|Orion:LONG(0.20),Regime: TREND (Orion 2x). Score: 0.13. Low Conviction (<0.35).,LOW_CONVICTION,0.726228,MID,24.97,False,0.0,0.0,0.00,0.00
1688191680.0,TREND,NO_GO,HOLD,13.33,NORMAL,PRO,DEFENSIVE,1.0,0.50,Aegean:FLAT(0.50)|Orion:LONG(0.20),Regime: TREND (Orion 2x). Score: 0.13. Low Conviction (<0.35).,LOW_CONVICTION,0.860029,MID,24.77,False,0.0,0.0,0.00,0.00
1688191740.0,TREND,NO_GO,HOLD,13.33,NORMAL,PRO,DEFENSIVE,1.0,0.50,Aegean:FLAT(0.50)|Orion:LONG(0.20),Regime: TREND (Orion 2x). Score: 0.13. Low Conviction (<0.35).,LOW_CONVICTION,0.766631,MID,24.68,False,0.0,0.0,0.00,0.00
1688191800.0,TREND,NO_GO,HOLD,13.33,NORMAL,PRO,DEFENSIVE,1.0,0.50,Aegean:FLAT(0.50)|Orion:LONG(0.20),Regime: TREND (Orion 2x). Score: 0.13. Low Conviction (<0.35).,LOW_CONVICTION,0.847458,TOP,24.83,False,0.0,0.0,0.00,0.00
1688191860.0,TREND,NO_GO,HOLD,13.33,NORMAL,PRO,DEFENSIVE,1.0,0.50,Aegean:FLAT(0.50)|Orion:LONG(0.20),Regime: TREND (Orion 2x). Score: 0.13. Low Conviction (<0.35).,LOW_CONVICTION,0.778411,MID,24.91,False,0.0,0.0,0.00,0.00
1688191920.0,TREND,NO_GO,HOLD,8.35,NORMAL,PRO,DEFENSIVE,1.0,0.50,Aegean:FLAT(0.50)|Orion:LONG(0.13),Regime: TREND (Orion 2x). Score: 0.08. Low Conviction (<0.35).,LOW_CONVICTION,0.708312,MID,25.01,True,0.0,0.0,0.00,0.00
1688191980.0,TREND,NO_GO,HOLD,8.53,NORMAL,PRO,DEFENSIVE,1.0,0.50,Aegean:FLAT(0.50)|Orion:LONG(0.13),Regime: TREND (Orion 2x). Score: 0.09. Low Conviction (<0.35).,LOW_CONVICTION,0.630774,MID,25.12,True,0.0,0.0,0.00,0.00
1688192040.0,TREND,NO_GO,HOLD,9.27,NORMAL,PRO,DEFENSIVE,1.0,0.50,Aegean:FLAT(0.50)|Orion:LONG(0.14),Regime: TREND (Orion 2x). Score: 0.09. Low Conviction (<0.35).,LOW_CONVICTION,0.570297,MID,25.56,True,0.0,0.0,0.00,0.00
1688192100.0,TREND,NO_GO,HOLD,9.98,NORMAL,PRO,DEFENSIVE,1.0,0.50,Aegean:FLAT(0.50)|Orion:LONG(0.15),Regime: TREND (Orion 2x). Score: 0.10. Low Conviction (<0.35).,LOW_CONVICTION,0.515052,MID,25.99,True,0.0,0.0,0.00,0.00
1688192160.0,TREND,NO_GO,HOLD,13.33,NORMAL,PRO,DEFENSIVE,1.0,0.50,Aegean:FLAT(0.50)|Orion:LONG(0.20),Regime: TREND (Orion 2x). Score: 0.13. Low Conviction (<0.35).,LOW_CONVICTION,-0.325706,MID,24.41,False,0.0,0.0,0.00,0.00
1688192220.0,TREND,NO_GO,HOLD,13.33,NORMAL,PRO,DEFENSIVE,1.0,0.50,Aegean:FLAT(0.50)|Orion:LONG(0.20),Regime: TREND (Orion 2x). Score: 0.13. Low Conviction (<0.35).,LOW_CONVICTION,-1.056496,DIP,24.57,False,0.0,0.0,0.00,0.00
1688192280.0,TREND,NO_GO,HOLD,13.33,NORMAL,PRO,DEFENSIVE,1.0,0.50,Aegean:FLAT(0.50)|Orion:LONG(0.20),Regime: TREND (Orion 2x). Score: 0.13. Low Conviction (<0.35).,LOW_CONVICTION,-0.937763,DIP,24.72,False,0.0,0.0,0.00,0.00
1688192340.0,TREND,NO_GO,HOLD,13.33,NORMAL,PRO,DEFENSIVE,1.0,0.50,Aegean:FLAT(0.50)|Orion:LONG(0.20),Regime: TREND (Orion 2x). Score: 0.13. Low Conviction (<0.35).,LOW_CONVICTION,-0.751788,DIP,24.64,False,0.0,0.0,0.00,0.00
1688192400.0,TREND,NO_GO,HOLD,13.33,NORMAL,PRO,DEFENSIVE,1.0,0.50,Aegean:FLAT(0.50)|Orion:SHORT(0.20),Regime: TREND (Orion 2x). Score: -0.13. Low Conviction (<0.35).,LOW_CONVICTION,-0.786836,DIP,23.74,False,0.0,0.0,0.00,0.00
1688192460.0,TREND,NO_GO,HOLD,13.33,NORMAL,PRO,DEFENSIVE,1.0,0.50,Aegean:FLAT(0.50)|Orion:LONG(0.20),Regime: TREND (Orion 2x). Score: 0.13. Low Conviction (<0.35).,LOW_CONVICTION,-0.324300,MID,22.99,False,0.0,0.0,0.00,0.00
1688192520.0,TREND,NO_GO,HOLD,13.33,NORMAL,PRO,DEFENSIVE,1.0,0.50,Aegean:FLAT(0.50)|Orion:LONG(0.20),Regime: TREND (Orion 2x). Score: 0.13. Low Conviction (<0.35).,LOW_CONVICTION,-0.291490,MID,22.28,False,0.0,0.0,0.00,0.00
1688192580.0,TREND,NO_GO,HOLD,13.33,NORMAL,PRO,DEFENSIVE,1.0,0.50,Aegean:FLAT(0.50)|Orion:SHORT(0.20),Regime: TREND (Orion 2x). Score: -0.13. Low Conviction (<0.35).,LOW_CONVICTION,-0.896191,DIP,22.87,False,0.0,0.0,0.00,0.00
1688192640.0,TREND,NO_GO,HOLD,13.33,NORMAL,PRO,DEFENSIVE,1.0,0.50,Aegean:FLAT(0.50)|Orion:SHORT(0.20),Regime: TREND (Orion 2x). Score: -0.13. Low Conviction (<0.35).,LOW_CONVICTION,-0.811262,DIP,23.40,False,0.0,0.0,0.00,0.00
1688192700.0,TREND,NO_GO,HOLD,13.33,NORMAL,PRO,DEFENSIVE,1.0,0.50,Aegean:FLAT(0.50)|Orion:SHORT(0.20),Regime: TREND (Orion 2x). Score: -0.13. Low Conviction (<0.35).,LOW_CONVICTION,-0.736813,DIP,23.91,False,0.0,0.0,0.00,0.00
1688192760.0,TREND,NO_GO,HOLD,13.33,NORMAL,PRO,DEFENSIVE,1.0,0.50,Aegean:FLAT(0.50)|Orion:SHORT(0.20),Regime: TREND (Orion 2x). Score: -0.13. Low Conviction (<0.35).,LOW_CONVICTION,-0.671117,DIP,24.35,False,0.0,0.0,0.00,0.00
1688192820.0,TREND,NO_GO,HOLD,13.33,NORMAL,PRO,DEFENSIVE,1.0,0.50,Aegean:FLAT(0.50)|Orion:SHORT(0.20),Regime: TREND (Orion 2x). Score: -0.13. Low Conviction (<0.35).,LOW_CONVICTION,-0.596251,DIP,24.70,False,0.0,0.0,0.00,0.00
1688192880.0,TREND,NO_GO,HOLD,13.33,NORMAL,PRO,DEFENSIVE,1.0,0.50,Aegean:FLAT(0.50)|Orion:LONG(0.20),Regime: TREND (Orion 2x). Score: 0.13. Low Conviction (<0.35).,LOW_CONVICTION,0.105252,MID,23.02,False,0.0,0.0,0.00,0.00
1688192940.0,TREND,NO_GO,HOLD,13.33,NORMAL,PRO,DEFENSIVE,1.0,0.50,Aegean:FLAT(0.50)|Orion:LONG(0.20),Regime: TREND (Orion 2x). Score: 0.13. Low Conviction (<0.35).,LOW_CONVICTION,0.240310,MID,21.70,False,0.0,0.0,0.00,0.00
1688193000.0,TREND,NO_GO,HOLD,13.33,NORMAL,PRO,DEFENSIVE,1.0,0.50,Aegean:FLAT(0.50)|Orion:SHORT(0.20),Regime: TREND (Orion 2x). Score: -0.13. Low Conviction (<0.35).,LOW_CONVICTION,-0.574967,DIP,21.34,False,0.0,0.0,0.00,0.00
1688193060.0,TREND,NO_GO,HOLD,13.33,NORMAL,PRO,DEFENSIVE,1.0,0.50,Aegean:FLAT(0.50)|Orion:SHORT(0.20),Regime: TREND (Orion 2x). Score: -0.13. Low Conviction (<0.35).,LOW_CONVICTION,-1.460790,DIP,22.39,False,0.0,0.0,0.00,0.00
1688193120.0,TREND,NO_GO,HOLD,13.33,NORMAL,PRO,DEFENSIVE,1.0,0.50,Aegean:FLAT(0.50)|Orion:SHORT(0.20),Regime: TREND (Orion 2x). Score: -0.13. Low Conviction (<0.35).,LOW_CONVICTION,-1.321648,DIP,23.38,False,0.0,0.0,0.00,0.00
1688193180.0,TREND,NO_GO,HOLD,13.33,NORMAL,PRO,DEFENSIVE,1.0,0.50,Aegean:FLAT(0.50)|Orion:SHORT(0.20),Regime: TREND (Orion 2x). Score: -0.13. Low Conviction (<0.35).,LOW_CONVICTION,-1.207040,DIP,24.30,False,0.0,0.0,0.00,0.00
1688193240.0,TREND,NO_GO,HOLD,10.10,NORMAL,PRO,DEFENSIVE,1.0,0.50,Aegean:FLAT(0.50)|Orion:SHORT(0.15),Regime: TREND (Orion 2x). Score: -0.10. Low Conviction (<0.35).,LOW_CONVICTION,-1.650020,DIP,26.06,True,0.0,0.0,0.00,0.00
1688193300.0,TREND,NO_GO,HOLD,11.05,NORMAL,PRO,DEFENSIVE,1.0,0.50,Aegean:FLAT(0.50)|Orion:SHORT(0.17),Regime: TREND (Orion 2x). Score: -0.11. Low Conviction (<0.35).,LOW_CONVICTION,-0.589120,MID,26.63,True,0.0,0.0,0.00,0.00
1688193360.0,TREND,NO_GO,HOLD,11.94,NORMAL,PRO,DEFENSIVE,1.0,0.50,Aegean:FLAT(0.50)|Orion:SHORT(0.18),Regime: TREND (Orion 2x). Score: -0.12. Low Conviction (<0.35).,LOW_CONVICTION,-0.972076,MID,27.16,True,0.0,0.0,0.00,0.00
1688193420.0,TREND,NO_GO,HOLD,12.97,NORMAL,PRO,DEFENSIVE,1.0,0.50,Aegean:FLAT(0.50)|Orion:SHORT(0.19),Regime: TREND (Orion 2x). Score: -0.13. Low Conviction (<0.35).,LOW_CONVICTION,-0.885973,MID,27.78,True,0.0,0.0,0.00,0.00
1688193480.0,TREND,NO_GO,HOLD,14.05,NORMAL,PRO,DEFENSIVE,1.0,0.50,Aegean:FLAT(0.50)|Orion:SHORT(0.21),Regime: TREND (Orion 2x). Score: -0.14. Low Conviction (<0.35).,LOW_CONVICTION,-0.945404,MID,28.43,True,0.0,0.0,0.00,0.00
1688193540.0,TREND,NO_GO,HOLD,11.13,NORMAL,PRO,DEFENSIVE,1.0,0.50,Aegean:FLAT(0.50)|Orion:SHORT(0.17),Regime: TREND (Orion 2x). Score: -0.11. Low Conviction (<0.35).,LOW_CONVICTION,0.279587,MID,26.68,True,0.0,0.0,0.00,0.00
1688193600.0,TREND,NO_GO,HOLD,8.41,NORMAL,PRO,DEFENSIVE,1.0,0.50,Aegean:FLAT(0.50)|Orion:SHORT(0.13),Regime: TREND (Orion 2x). Score: -0.08. Low Conviction (<0.35).,LOW_CONVICTION,0.251049,MID,25.05,True,0.0,0.0,0.00,0.00
1688193660.0,TREND,NO_GO,HOLD,13.33,NORMAL,PRO,DEFENSIVE,1.0,0.50,Aegean:FLAT(0.50)|Orion:SHORT(0.20),Regime: TREND (Orion 2x). Score: -0.13. Low Conviction (<0.35).,LOW_CONVICTION,0.218482,MID,23.54,False,0.0,0.0,0.00,0.00
1688193720.0,TREND,NO_GO,HOLD,13.33,NORMAL,PRO,DEFENSIVE,1.0,0.50,Aegean:FLAT(0.50)|Orion:SHORT(0.20),Regime: TREND (Orion 2x). Score: -0.13. Low Conviction (<0.35).,LOW_CONVICTION,-0.637532,MID,23.52,False,0.0,0.0,0.00,0.00
1688193780.0,TREND,NO_GO,HOLD,13.33,NORMAL,PRO,DEFENSIVE,1.0,0.50,Aegean:FLAT(0.50)|Orion:SHORT(0.20),Regime: TREND (Orion 2x). Score: -0.13. Low Conviction (<0.35).,LOW_CONVICTION,-0.589988,MID,23.51,False,0.0,0.0,0.00,0.00
1688193840.0,TREND,NO_GO,HOLD,13.33,NORMAL,PRO,DEFENSIVE,1.0,0.50,Aegean:FLAT(0.50)|Orion:SHORT(0.20),Regime: TREND (Orion 2x). Score: -0.13. Low Conviction (<0.35).,LOW_CONVICTION,0.122355,MID,22.14,False,0.0,0.0,0.00,0.00
1688193900.0,TREND,NO_GO,HOLD,13.33,NORMAL,PRO,DEFENSIVE,1.0,0.50,Aegean:FLAT(0.50)|Orion:SHORT(0.20),Regime: TREND (Orion 2x). Score: -0.13. Low Conviction (<0.35).,LOW_CONVICTION,-0.404789,MID,20.88,False,0.0,0.0,0.00,0.00
1688193960.0,CHOP,NO_GO,HOLD,13.33,NORMAL,PRO,DEFENSIVE,1.0,0.50,Aegean:FLAT(0.50)|Orion:SHORT(0.20),Regime: CHOP (Reduced Weights). Score: -0.13. Low Conviction (<0.35).,LOW_CONVICTION,0.472376,MID,19.68,False,0.0,0.0,0.00,0.00
1688194020.0,CHOP,NO_GO,HOLD,13.33,NORMAL,PRO,DEFENSIVE,1.0,0.50,Aegean:FLAT(0.50)|Orion:SHORT(0.20),Regime: CHOP (Reduced Weights). Score: -0.13. Low Conviction (<0.35).,LOW_CONVICTION,0.632116,MID,18.92,False,0.0,0.0,0.00,0.00
1688194080.0,CHOP,NO_GO,HOLD,13.33,NORMAL,PRO,DEFENSIVE,1.0,0.50,Aegean:FLAT(0.50)|Orion:SHORT(0.20),Regime: CHOP (Reduced Weights). Score: -0.13. Low Conviction (<0.35).,LOW_CONVICTION,0.572867,MID,18.64,False,0.0,0.0,0.00,0.00
1688194140.0,CHOP,NO_GO,HOLD,13.33,NORMAL,PRO,DEFENSIVE,1.0,0.50,Aegean:FLAT(0.50)|Orion:SHORT(0.20),Regime: CHOP (Reduced Weights). Score: -0.13. Low Conviction (<0.35).,LOW_CONVICTION,0.395917,MID,18.08,False,0.0,0.0,0.00,0.00
1688194200.0,CHOP,NO_GO,HOLD,13.33,NORMAL,PRO,DEFENSIVE,1.0,0.50,Aegean:FLAT(0.50)|Orion:SHORT(0.20),Regime: CHOP (Reduced Weights). Score: -0.13. Low Conviction (<0.35).,LOW_CONVICTION,0.564877,TOP,17.94,False,0.0,0.0,0.00,0.00
1688194260.0,CHOP,NO_GO,HOLD,13.33,NORMAL,PRO,DEFENSIVE,1.0,0.50,Aegean:FLAT(0.50)|Orion:LONG(0.20),Regime: CHOP (Reduced Weights). Score: 0.13. Low Conviction (<0.35).,LOW_CONVICTION,0.895841,TOP,18.24,False,0.0,0.0,0.00,0.00
1688194320.0,TREND,NO_GO,HOLD,13.33,NORMAL,PRO,DEFENSIVE,1.0,0.50,Aegean:FLAT(0.30)|Orion:LONG(0.20),Regime: TREND (Orion 2x). Score: 0.13. Low Conviction (<0.35).,LOW_CONVICTION,4.468637,TOP,21.47,False,0.0,0.0,0.00,0.00
1688194380.0,TREND,NO_GO,HOLD,13.33,NORMAL,PRO,DEFENSIVE,1.0,0.50,Aegean:FLAT(0.30)|Orion:LONG(0.20),Regime: TREND (Orion 2x). Score: 0.13. Low Conviction (<0.35).,LOW_CONVICTION,3.826862,TOP,24.47,False,0.0,0.0,0.00,0.00
1688194440.0,TREND,NO_GO,HOLD,13.33,NORMAL,PRO,DEFENSIVE,1.0,0.50,Aegean:FLAT(0.50)|Orion:LONG(0.20),Regime: TREND (Orion 2x). Score: 0.13. Low Conviction (<0.35).,LOW_CONVICTION,1.263333,MID,24.82,False,0.0,0.0,0.00,0.00
1688194500.0,TREND,NO_GO,HOLD,13.33,NORMAL,PRO,DEFENSIVE,1.0,0.50,Aegean:FLAT(0.50)|Orion:LONG(0.20),Regime: TREND (Orion 2x). Score: 0.13. Low Conviction (<0.35).,LOW_CONVICTION,1.815154,MID,24.64,False,0.0,0.0,0.00,0.00
1688194560.0,TREND,NO_GO,HOLD,13.33,NORMAL,PRO,DEFENSIVE,1.0,0.50,Aegean:FLAT(0.50)|Orion:LONG(0.20),Regime: TREND (Orion 2x). Score: 0.13. Low Conviction (<0.35).,LOW_CONVICTION,1.779425,MID,24.65,False,0.0,0.0,0.00,0.00
1688194620.0,TREND,NO_GO,HOLD,13.33,NORMAL,PRO,DEFENSIVE,1.0,0.50,Aegean:FLAT(0.50)|Orion:LONG(0.20),Regime: TREND (Orion 2x). Score: 0.13. Low Conviction (<0.35).,LOW_CONVICTION,1.608639,MID,24.65,False,0.0,0.0,0.00,0.00
1688194680.0,TREND,NO_GO,HOLD,8.54,NORMAL,PRO,DEFENSIVE,1.0,0.50,Aegean:FLAT(0.50)|Orion:LONG(0.13),Regime: TREND (Orion 2x). Score: 0.09. Low Conviction (<0.35).,LOW_CONVICTION,1.846770,MID,25.13,True,0.0,0.0,0.00,0.00
1688194740.0,TREND,NO_GO,HOLD,9.29,NORMAL,PRO,DEFENSIVE,1.0,0.50,Aegean:FLAT(0.50)|Orion:LONG(0.14),Regime: TREND (Orion 2x). Score: 0.09. Low Conviction (<0.35).,LOW_CONVICTION,1.374944,MID,25.57,True,0.0,0.0,0.00,0.00
1688194800.0,TREND,NO_GO,HOLD,10.03,NORMAL,PRO,DEFENSIVE,1.0,0.50,Aegean:FLAT(0.50)|Orion:LONG(0.15),Regime: TREND (Orion 2x). Score: 0.10. Low Conviction (<0.35).,LOW_CONVICTION,1.364748,MID,26.02,True,0.0,0.0,0.00,0.00
1688194860.0,TREND,NO_GO,HOLD,10.67,NORMAL,PRO,DEFENSIVE,1.0,0.50,Aegean:FLAT(0.50)|Orion:LONG(0.16),Regime: TREND (Orion 2x). Score: 0.11. Low Conviction (<0.35).,LOW_CONVICTION,1.233781,MID,26.40,True,0.0,0.0,0.00,0.00
1688194920.0,TREND,NO_GO,HOLD,9.23,NORMAL,PRO,DEFENSIVE,1.0,0.50,Aegean:FLAT(0.50)|Orion:LONG(0.14),Regime: TREND (Orion 2x). Score: 0.09. Low Conviction (<0.35).,LOW_CONVICTION,0.347343,MID,25.54,True,0.0,0.0,0.00,0.00
1688194980.0,TREND,NO_GO,HOLD,13.33,NORMAL,PRO,DEFENSIVE,1.0,0.50,Aegean:FLAT(0.50)|Orion:LONG(0.20),Regime: TREND (Orion 2x). Score: 0.13. Low Conviction (<0.35).,LOW_CONVICTION,1.096168,MID,24.81,False,0.0,0.0,0.00,0.00
1688195040.0,TREND,NO_GO,HOLD,13.33,NORMAL,PRO,DEFENSIVE,1.0,0.50,Aegean:FLAT(0.50)|Orion:LONG(0.20),Regime: TREND (Orion 2x). Score: 0.13. Low Conviction (<0.35).,LOW_CONVICTION,0.840323,MID,24.37,False,0.0,0.0,0.00,0.00
1688195100.0,TREND,NO_GO,HOLD,13.33,NORMAL,PRO,DEFENSIVE,1.0,0.50,Aegean:FLAT(0.50)|Orion:LONG(0.20),Regime: TREND (Orion 2x). Score: 0.13. Low Conviction (<0.35).,LOW_CONVICTION,0.759340,MID,23.96,False,0.0,0.0,0.00,0.00
1688195160.0,TREND,NO_GO,HOLD,13.33,NORMAL,PRO,DEFENSIVE,1.0,0.50,Aegean:FLAT(0.50)|Orion:LONG(0.20),Regime: TREND (Orion 2x). Score: 0.13. Low Conviction (<0.35).,LOW_CONVICTION,0.998181,MID,23.95,False,0.0,0.0,0.00,0.00
1688195220.0,TREND,NO_GO,HOLD,13.33,NORMAL,PRO,DEFENSIVE,1.0,0.50,Aegean:FLAT(0.50)|Orion:LONG(0.20),Regime: TREND (Orion 2x). Score: 0.13. Low Conviction (<0.35).,LOW_CONVICTION,0.890358,MID,23.93,False,0.0,0.0,0.00,0.00
1688195280.0,TREND,NO_GO,HOLD,13.33,NORMAL,PRO,DEFENSIVE,1.0,0.50,Aegean:FLAT(0.50)|Orion:LONG(0.20),Regime: TREND (Orion 2x). Score: 0.13. Low Conviction (<0.35).,LOW_CONVICTION,0.802756,MID,23.98,False,0.0,0.0,0.00,0.00
1688195340.0,TREND,NO_GO,HOLD,13.33,NORMAL,PRO,DEFENSIVE,1.0,0.50,Aegean:FLAT(0.50)|Orion:LONG(0.20),Regime: TREND (Orion 2x). Score: 0.13. Low Conviction (<0.35).,LOW_CONVICTION,-0.777863,MID,23.05,False,0.0,0.0,0.00,0.00
1688195400.0,TREND,NO_GO,HOLD,13.33,NORMAL,PRO,DEFENSIVE,1.0,0.50,Aegean:FLAT(0.50)|Orion:SHORT(0.20),Regime: TREND (Orion 2x). Score: -0.13. Low Conviction (<0.35).,LOW_CONVICTION,-1.570760,DIP,23.09,False,0.0,0.0,0.00,0.00
1688195460.0,TREND,NO_GO,HOLD,13.33,NORMAL,PRO,DEFENSIVE,1.0,0.50,Aegean:FLAT(0.50)|Orion:SHORT(0.20),Regime: TREND (Orion 2x). Score: -0.13. Low Conviction (<0.35).,LOW_CONVICTION,-2.064974,DIP,23.69,False,0.0,0.0,0.00,0.00
1688195520.0,TREND,NO_GO,HOLD,13.33,NORMAL,PRO,DEFENSIVE,1.0,0.50,Aegean:FLAT(0.50)|Orion:LONG(0.20),Regime: TREND (Orion 2x). Score: 0.13. Low Conviction (<0.35).,LOW_CONVICTION,-0.935717,MID,23.85,False,0.0,0.0,0.00,0.00
1688195580.0,TREND,NO_GO,HOLD,13.33,NORMAL,PRO,DEFENSIVE,1.0,0.50,Aegean:FLAT(0.50)|Orion:SHORT(0.20),Regime: TREND (Orion 2x). Score: -0.13. Low Conviction (<0.35).,LOW_CONVICTION,-1.569877,DIP,23.96,False,0.0,0.0,0.00,0.00
1688195640.0,TREND,NO_GO,HOLD,13.33,NORMAL,PRO,DEFENSIVE,1.0,0.50,Aegean:FLAT(0.50)|Orion:SHORT(0.20),Regime: TREND (Orion 2x). Score: -0.13. Low Conviction (<0.35).,LOW_CONVICTION,-1.375781,DIP,24.05,False,0.0,0.0,0.00,0.00
1688195700.0,TREND,NO_GO,HOLD,13.33,NORMAL,PRO,DEFENSIVE,1.0,0.50,Aegean:FLAT(0.50)|Orion:SHORT(0.20),Regime: TREND (Orion 2x). Score: -0.13. Low Conviction (<0.35).,LOW_CONVICTION,-1.525497,DIP,24.74,False,0.0,0.0,0.00,0.00
1688195760.0,TREND,NO_GO,HOLD,13.33,NORMAL,PRO,DEFENSIVE,1.0,0.50,Aegean:FLAT(0.50)|Orion:SHORT(0.20),Regime: TREND (Orion 2x). Score: -0.13. Low Conviction (<0.35).,LOW_CONVICTION,-1.660211,DIP,24.92,False,0.0,0.0,0.00,0.00
1688195820.0,TREND,NO_GO,HOLD,8.51,NORMAL,PRO,DEFENSIVE,1.0,0.50,Aegean:FLAT(0.50)|Orion:SHORT(0.13),Regime: TREND (Orion 2x). Score: -0.09. Low Conviction (<0.35).,LOW_CONVICTION,-1.499195,DIP,25.11,True,0.0,0.0,0.00,0.00
1688195880.0,TREND,NO_GO,HOLD,9.70,NORMAL,PRO,DEFENSIVE,1.0,0.50,Aegean:FLAT(0.50)|Orion:SHORT(0.15),Regime: TREND (Orion 2x). Score: -0.10. Low Conviction (<0.35).,LOW_CONVICTION,-1.455548,DIP,25.82,True,0.0,0.0,0.00,0.00
1688195940.0,TREND,NO_GO,HOLD,10.82,NORMAL,PRO,DEFENSIVE,1.0,0.50,Aegean:FLAT(0.50)|Orion:SHORT(0.16),Regime: TREND (Orion 2x). Score: -0.11. Low Conviction (<0.35).,LOW_CONVICTION,-1.316943,DIP,26.49,True,0.0,0.0,0.00,0.00
1688196000.0,TREND,NO_GO,HOLD,11.84,NORMAL,PRO,DEFENSIVE,1.0,0.50,Aegean:FLAT(0.50)|Orion:SHORT(0.18),Regime: TREND (Orion 2x). Score: -0.12. Low Conviction (<0.35).,LOW_CONVICTION,-1.191501,DIP,27.10,True,0.0,0.0,0.00,0.00
1688196060.0,TREND,NO_GO,HOLD,10.68,NORMAL,PRO,DEFENSIVE,1.0,0.50,Aegean:FLAT(0.50)|Orion:SHORT(0.16),Regime: TREND (Orion 2x). Score: -0.11. Low Conviction (<0.35).,LOW_CONVICTION,-0.442183,MID,26.41,True,0.0,0.0,0.00,0.00
1688196120.0,TREND,NO_GO,HOLD,13.33,NORMAL,PRO,DEFENSIVE,1.0,0.50,Aegean:FLAT(0.50)|Orion:LONG(0.20),Regime: TREND (Orion 2x). Score: 0.13. Low Conviction (<0.35).,LOW_CONVICTION,0.297092,MID,24.62,False,0.0,0.0,0.00,0.00
1688196180.0,TREND,NO_GO,HOLD,13.33,NORMAL,PRO,DEFENSIVE,1.0,0.50,Aegean:FLAT(0.50)|Orion:SHORT(0.20),Regime: TREND (Orion 2x). Score: -0.13. Low Conviction (<0.35).,LOW_CONVICTION,-0.411926,MID,22.99,False,0.0,0.0,0.00,0.00
1688196240.0,TREND,NO_GO,HOLD,13.33,NORMAL,PRO,DEFENSIVE,1.0,0.50,Aegean:FLAT(0.50)|Orion:SHORT(0.20),Regime: TREND (Orion 2x). Score: -0.13. Low Conviction (<0.35).,LOW_CONVICTION,-1.254335,DIP,22.88,False,0.0,0.0,0.00,0.00
1688196300.0,TREND,NO_GO,HOLD,13.33,NORMAL,PRO,DEFENSIVE,1.0,0.50,Aegean:FLAT(0.50)|Orion:SHORT(0.20),Regime: TREND (Orion 2x). Score: -0.13. Low Conviction (<0.35).,LOW_CONVICTION,-1.781442,DIP,23.19,False,0.0,0.0,0.00,0.00
1688196360.0,TREND,NO_GO,HOLD,13.33,NORMAL,PRO,DEFENSIVE,1.0,0.50,Aegean:FLAT(0.50)|Orion:SHORT(0.20),Regime: TREND (Orion 2x). Score: -0.13. Low Conviction (<0.35).,LOW_CONVICTION,-1.430275,DIP,23.48,False,0.0,0.0,0.00,0.00
1688196420.0,TREND,NO_GO,HOLD,13.33,NORMAL,PRO,DEFENSIVE,1.0,0.50,Aegean:FLAT(0.50)|Orion:SHORT(0.20),Regime: TREND (Orion 2x). Score: -0.13. Low Conviction (<0.35).,LOW_CONVICTION,-0.721697,MID,22.76,False,0.0,0.0,0.00,0.00
1688196480.0,TREND,NO_GO,HOLD,13.33,NORMAL,PRO,DEFENSIVE,1.0,0.50,Aegean:FLAT(0.50)|Orion:SHORT(0.20),Regime: TREND (Orion 2x). Score: -0.13. Low Conviction (<0.35).,LOW_CONVICTION,-0.651514,MID,22.13,False,0.0,0.0,0.00,0.00
1688196540.0,TREND,NO_GO,HOLD,13.33,NORMAL,PRO,DEFENSIVE,1.0,0.50,Aegean:FLAT(0.50)|Orion:SHORT(0.20),Regime: TREND (Orion 2x). Score: -0.13. Low Conviction (<0.35).,LOW_CONVICTION,0.549222,MID,21.75,False,0.0,0.0,0.00,0.00
1688196600.0,TREND,NO_GO,HOLD,13.33,NORMAL,PRO,DEFENSIVE,1.0,0.50,Aegean:FLAT(0.50)|Orion:SHORT(0.20),Regime: TREND (Orion 2x). Score: -0.13. Low Conviction (<0.35).,LOW_CONVICTION,0.778676,TOP,21.36,False,0.0,0.0,0.00,0.00
1688196660.0,TREND,NO_GO,HOLD,13.33,NORMAL,PRO,DEFENSIVE,1.0,0.50,Aegean:FLAT(0.50)|Orion:LONG(0.20),Regime: TREND (Orion 2x). Score: 0.13. Low Conviction (<0.35).,LOW_CONVICTION,1.065948,TOP,21.47,False,0.0,0.0,0.00,0.00
1688196720.0,TREND,NO_GO,HOLD,13.33,NORMAL,PRO,DEFENSIVE,1.0,0.50,Aegean:FLAT(0.50)|Orion:LONG(0.20),Regime: TREND (Orion 2x). Score: 0.13. Low Conviction (<0.35).,LOW_CONVICTION,1.385934,TOP,21.95,False,0.0,0.0,0.00,0.00
1688196780.0,TREND,NO_GO,HOLD,13.33,NORMAL,PRO,DEFENSIVE,1.0,0.50,Aegean:FLAT(0.50)|Orion:LONG(0.20),Regime: TREND (Orion 2x). Score: 0.13. Low Conviction (<0.35).,LOW_CONVICTION,2.091642,TOP,23.06,False,0.0,0.0,0.00,0.00
1688196840.0,TREND,NO_GO,HOLD,13.33,NORMAL,PRO,DEFENSIVE,1.0,0.50,Aegean:FLAT(0.50)|Orion:LONG(0.20),Regime: TREND (Orion 2x). Score: 0.13. Low Conviction (<0.35).,LOW_CONVICTION,1.717294,TOP,24.10,False,0.0,0.0,0.00,0.00
1688196900.0,TREND,NO_GO,HOLD,8.54,NORMAL,PRO,DEFENSIVE,1.0,0.50,Aegean:FLAT(0.50)|Orion:LONG(0.13),Regime: TREND (Orion 2x). Score: 0.09. Low Conviction (<0.35).,LOW_CONVICTION,1.804616,TOP,25.12,True,0.0,0.0,0.00,0.00
1688196960.0,TREND,NO_GO,HOLD,10.13,NORMAL,PRO,DEFENSIVE,1.0,0.50,Aegean:FLAT(0.50)|Orion:LONG(0.15),Regime: TREND (Orion 2x). Score: 0.10. Low Conviction (<0.35).,LOW_CONVICTION,1.607053,TOP,26.08,True,0.0,0.0,0.00,0.00
1688197020.0,TREND,NO_GO,HOLD,10.68,NORMAL,PRO,DEFENSIVE,1.0,0.50,Aegean:FLAT(0.50)|Orion:LONG(0.16),Regime: TREND (Orion 2x). Score: 0.11. Low Conviction (<0.35).,LOW_CONVICTION,1.160350,TOP,26.41,True,0.0,0.0,0.00,0.00
1688197080.0,TREND,NO_GO,HOLD,13.33,NORMAL,PRO,DEFENSIVE,1.0,0.50,Aegean:FLAT(0.50)|Orion:LONG(0.20),Regime: TREND (Orion 2x). Score: 0.13. Low Conviction (<0.35).,LOW_CONVICTION,1.176807,TOP,24.77,False,0.0,0.0,0.00,0.00
1688197140.0,TREND,NO_GO,HOLD,13.33,NORMAL,PRO,DEFENSIVE,1.0,0.50,Aegean:FLAT(0.50)|Orion:LONG(0.20),Regime: TREND (Orion 2x). Score: 0.13. Low Conviction (<0.35).,LOW_CONVICTION,0.182136,MID,23.27,False,0.0,0.0,0.00,0.00
1688197200.0,TREND,NO_GO,HOLD,13.33,NORMAL,PRO,DEFENSIVE,1.0,0.50,Aegean:FLAT(0.50)|Orion:LONG(0.20),Regime: TREND (Orion 2x). Score: 0.13. Low Conviction (<0.35).,LOW_CONVICTION,0.164809,MID,21.86,False,0.0,0.0,0.00,0.00
1688197260.0,TREND,NO_GO,HOLD,13.33,NORMAL,PRO,DEFENSIVE,1.0,0.50,Aegean:FLAT(0.50)|Orion:SHORT(0.20),Regime: TREND (Orion 2x). Score: -0.13. Low Conviction (<0.35).,LOW_CONVICTION,-0.789397,MID,21.33,False,0.0,0.0,0.00,0.00
1688197320.0,TREND,NO_GO,HOLD,13.33,NORMAL,PRO,DEFENSIVE,1.0,0.50,Aegean:FLAT(0.50)|Orion:SHORT(0.20),Regime: TREND (Orion 2x). Score: -0.13. Low Conviction (<0.35).,LOW_CONVICTION,-0.541421,MID,21.04,False,0.0,0.0,0.00,0.00
1688197380.0,TREND,NO_GO,HOLD,13.33,NORMAL,PRO,DEFENSIVE,1.0,0.50,Aegean:FLAT(0.50)|Orion:SHORT(0.20),Regime: TREND (Orion 2x). Score: -0.13. Low Conviction (<0.35).,LOW_CONVICTION,-0.033468,MID,20.13,False,0.0,0.0,0.00,0.00
1688197440.0,TREND,NO_GO,HOLD,13.33,NORMAL,PRO,DEFENSIVE,1.0,0.50,Aegean:FLAT(0.50)|Orion:SHORT(0.20),Regime: TREND (Orion 2x). Score: -0.13. Low Conviction (<0.35).,LOW_CONVICTION,-0.028357,MID,19.22,False,0.0,0.0,0.00,0.00
1688197500.0,CHOP,NO_GO,HOLD,13.33,NORMAL,PRO,DEFENSIVE,1.0,0.50,Aegean:FLAT(0.50)|Orion:LONG(0.20),Regime: CHOP (Reduced Weights). Score: 0.13. Low Conviction (<0.35).,LOW_CONVICTION,0.052822,MID,18.27,False,0.0,0.0,0.00,0.00
1688197560.0,CHOP,NO_GO,HOLD,13.33,NORMAL,PRO,DEFENSIVE,1.0,0.50,Aegean:FLAT(0.50)|Orion:SHORT(0.20),Regime: CHOP (Reduced Weights). Score: -0.13. Low Conviction (<0.35).,LOW_CONVICTION,-0.627446,MID,18.15,False,0.0,0.0,0.00,0.00
1688197620.0,TREND,NO_GO,HOLD,13.33,NORMAL,PRO,DEFENSIVE,1.0,0.50,Aegean:FLAT(0.50)|Orion:SHORT(0.20),Regime: TREND (Orion 2x). Score: -0.13. Low Conviction (<0.35).,LOW_CONVICTION,-0.566737,MID,18.06,False,0.0,0.0,0.00,0.00
1688197680.0,CHOP,NO_GO,HOLD,13.33,NORMAL,PRO,DEFENSIVE,1.0,0.50,Aegean:FLAT(0.50)|Orion:SHORT(0.20),Regime: CHOP (Reduced Weights). Score: -0.13. Low Conviction (<0.35).,LOW_CONVICTION,-0.023999,MID,17.16,False,0.0,0.0,0.00,0.00
1688197740.0,CHOP,NO_GO,HOLD,13.33,NORMAL,PRO,DEFENSIVE,1.0,0.50,Aegean:FLAT(0.50)|Orion:LONG(0.20),Regime: CHOP (Reduced Weights). Score: 0.13. Low Conviction (<0.35).,LOW_CONVICTION,1.226633,TOP,17.22,False,0.0,0.0,0.00,0.00
1688197800.0,CHOP,NO_GO,HOLD,13.33,NORMAL,PRO,DEFENSIVE,1.0,0.50,Aegean:FLAT(0.50)|Orion:LONG(0.20),Regime: CHOP (Reduced Weights). Score: 0.13. Low Conviction (<0.35).,LOW_CONVICTION,0.264705,MID,17.26,False,0.0,0.0,0.00,0.00
1688197860.0,CHOP,NO_GO,HOLD,13.33,NORMAL,PRO,DEFENSIVE,1.0,0.50,Aegean:FLAT(0.50)|Orion:LONG(0.20),Regime: CHOP (Reduced Weights). Score: 0.13. Low Conviction (<0.35).,LOW_CONVICTION,0.594016,MID,17.29,False,0.0,0.0,0.00,0.00
1688197920.0,CHOP,NO_GO,HOLD,13.33,NORMAL,PRO,DEFENSIVE,1.0,0.50,Aegean:FLAT(0.50)|Orion:LONG(0.20),Regime: CHOP (Reduced Weights). Score: 0.13. Low Conviction (<0.35).,LOW_CONVICTION,0.534163,MID,17.33,False,0.0,0.0,0.00,0.00
1688197980.0,CHOP,NO_GO,HOLD,13.33,NORMAL,PRO,DEFENSIVE,1.0,0.50,Aegean:FLAT(0.50)|Orion:LONG(0.20),Regime: CHOP (Reduced Weights). Score: 0.13. Low Conviction (<0.35).,LOW_CONVICTION,1.049641,TOP,18.05,False,0.0,0.0,0.00,0.00
1688198040.0,CHOP,NO_GO,HOLD,13.33,NORMAL,PRO,DEFENSIVE,1.0,0.50,Aegean:FLAT(0.50)|Orion:LONG(0.20),Regime: CHOP (Reduced Weights). Score: 0.13. Low Conviction (<0.35).,LOW_CONVICTION,0.956469,TOP,18.70,False,0.0,0.0,0.00,0.00
1688198100.0,TREND,NO_GO,HOLD,13.33,NORMAL,PRO,DEFENSIVE,1.0,0.50,Aegean:FLAT(0.50)|Orion:LONG(0.20),Regime: TREND (Orion 2x). Score: 0.13. Low Conviction (<0.35).,LOW_CONVICTION,1.373884,TOP,19.87,False,0.0,0.0,0.00,0.00
1688198160.0,TREND,NO_GO,HOLD,13.33,NORMAL,PRO,DEFENSIVE,1.0,0.50,Aegean:FLAT(0.50)|Orion:LONG(0.20),Regime: TREND (Orion 2x). Score: 0.13. Low Conviction (<0.35).,LOW_CONVICTION,1.627799,TOP,21.65,False,0.0,0.0,0.00,0.00
1688198220.0,TREND,NO_GO,HOLD,13.33,NORMAL,PRO,DEFENSIVE,1.0,0.50,Aegean:FLAT(0.50)|Orion:LONG(0.20),Regime: TREND (Orion 2x). Score: 0.13. Low Conviction (<0.35).,LOW_CONVICTION,1.452403,TOP,23.29,False,0.0,0.0,0.00,0.00
1688198280.0,TREND,NO_GO,HOLD,13.33,NORMAL,PRO,DEFENSIVE,1.0,0.50,Aegean:FLAT(0.50)|Orion:LONG(0.20),Regime: TREND (Orion 2x). Score: 0.13. Low Conviction (<0.35).,LOW_CONVICTION,1.314079,TOP,24.81,False,0.0,0.0,0.00,0.00
1688198340.0,TREND,NO_GO,HOLD,10.95,NORMAL,PRO,DEFENSIVE,1.0,0.50,Aegean:FLAT(0.50)|Orion:LONG(0.16),Regime: TREND (Orion 2x). Score: 0.11. Low Conviction (<0.35).,LOW_CONVICTION,1.549881,TOP,26.57,True,0.0,0.0,0.00,0.00
1688198400.0,TREND,NO_GO,HOLD,13.94,NORMAL,PRO,DEFENSIVE,1.0,0.50,Aegean:FLAT(0.50)|Orion:LONG(0.21),Regime: TREND (Orion 2x). Score: 0.14. Low Conviction (<0.35).,LOW_CONVICTION,1.608831,TOP,28.37,True,0.0,0.0,0.00,0.00
1688198460.0,TREND,NO_GO,HOLD,15.22,NORMAL,PRO,DEFENSIVE,1.0,0.50,Aegean:FLAT(0.50)|Orion:LONG(0.23),Regime: TREND (Orion 2x). Score: 0.15. Low Conviction (<0.35).,LOW_CONVICTION,0.860591,MID,29.13,True,0.0,0.0,0.00,0.00
1688198520.0,TREND,NO_GO,HOLD,16.37,NORMAL,PRO,DEFENSIVE,1.0,0.50,Aegean:FLAT(0.50)|Orion:LONG(0.25),Regime: TREND (Orion 2x). Score: 0.16. Low Conviction (<0.35).,LOW_CONVICTION,1.109243,TOP,29.82,True,0.0,0.0,0.00,0.00
1688198580.0,TREND,NO_GO,HOLD,18.15,NORMAL,PRO,DEFENSIVE,1.0,0.50,Aegean:FLAT(0.50)|Orion:LONG(0.27),Regime: TREND (Orion 2x). Score: 0.18. Low Conviction (<0.35).,LOW_CONVICTION,1.457796,TOP,30.89,True,0.0,0.0,0.00,0.00
1688198640.0,TREND,NO_GO,HOLD,20.15,NORMAL,PRO,DEFENSIVE,1.0,0.50,Aegean:FLAT(0.50)|Orion:LONG(0.30),Regime: TREND (Orion 2x). Score: 0.20. Low Conviction (<0.35).,LOW_CONVICTION,1.544041,TOP,32.09,True,0.0,0.0,0.00,0.00
1688198700.0,TREND,NO_GO,HOLD,22.79,NORMAL,PRO,DEFENSIVE,1.0,0.50,Aegean:FLAT(0.50)|Orion:LONG(0.34),Regime: TREND (Orion 2x). Score: 0.23. Low Conviction (<0.35).,LOW_CONVICTION,1.948480,TOP,33.67,True,0.0,0.0,0.00,0.00
1688198760.0,TREND,NO_GO,HOLD,25.26,NORMAL,PRO,DEFENSIVE,1.0,0.50,Aegean:FLAT(0.50)|Orion:LONG(0.38),Regime: TREND (Orion 2x). Score: 0.25. Low Conviction (<0.35).,LOW_CONVICTION,1.767553,TOP,35.16,True,0.0,0.0,0.00,0.00
1688198820.0,TREND,NO_GO,HOLD,25.93,NORMAL,PRO,DEFENSIVE,1.0,0.50,Aegean:FLAT(0.50)|Orion:LONG(0.39),Regime: TREND (Orion 2x). Score: 0.26. Low Conviction (<0.35).,LOW_CONVICTION,1.205900,TOP,35.56,True,0.0,0.0,0.00,0.00
1688198880.0,TREND,NO_GO,HOLD,24.36,NORMAL,PRO,DEFENSIVE,1.0,0.50,Aegean:FLAT(0.50)|Orion:LONG(0.37),Regime: TREND (Orion 2x). Score: 0.24. Low Conviction (<0.35).,LOW_CONVICTION,0.487994,MID,34.61,True,0.0,0.0,0.00,0.00
1688198940.0,TREND,NO_GO,HOLD,22.65,NORMAL,PRO,DEFENSIVE,1.0,0.50,Aegean:FLAT(0.50)|Orion:LONG(0.34),Regime: TREND (Orion 2x). Score: 0.23. Low Conviction (<0.35).,LOW_CONVICTION,0.356629,MID,33.59,True,0.0,0.0,0.00,0.00
1688199000.0,TREND,NO_GO,HOLD,20.83,NORMAL,PRO,DEFENSIVE,1.0,0.50,Aegean:FLAT(0.50)|Orion:LONG(0.31),Regime: TREND (Orion 2x). Score: 0.21. Low Conviction (<0.35).,LOW_CONVICTION,0.234836,MID,32.50,True,0.0,0.0,0.00,0.00
1688199060.0,TREND,NO_GO,HOLD,20.45,NORMAL,PRO,DEFENSIVE,1.0,0.50,Aegean:FLAT(0.50)|Orion:LONG(0.31),Regime: TREND (Orion 2x). Score: 0.20. Low Conviction (<0.35).,LOW_CONVICTION,-0.856898,MID,32.27,True,0.0,0.0,0.00,0.00
1688199120.0,TREND,NO_GO,HOLD,20.10,NORMAL,PRO,DEFENSIVE,1.0,0.50,Aegean:FLAT(0.50)|Orion:LONG(0.30),Regime: TREND (Orion 2x). Score: 0.20. Low Conviction (<0.35).,LOW_CONVICTION,-0.354153,MID,32.06,True,0.0,0.0,0.00,0.00
1688199180.0,TREND,NO_GO,HOLD,19.89,NORMAL,PRO,DEFENSIVE,1.0,0.50,Aegean:FLAT(0.50)|Orion:LONG(0.30),Regime: TREND (Orion 2x). Score: 0.20. Low Conviction (<0.35).,LOW_CONVICTION,-0.354300,MID,31.93,True,0.0,0.0,0.00,0.00
1688199240.0,TREND,NO_GO,HOLD,20.46,NORMAL,PRO,DEFENSIVE,1.0,0.50,Aegean:FLAT(0.50)|Orion:LONG(0.31),Regime: TREND (Orion 2x). Score: 0.20. Low Conviction (<0.35).,LOW_CONVICTION,-0.679954,MID,32.27,True,0.0,0.0,0.00,0.00
1688199300.0,TREND,NO_GO,HOLD,20.98,NORMAL,PRO,DEFENSIVE,1.0,0.50,Aegean:FLAT(0.50)|Orion:LONG(0.31),Regime: TREND (Orion 2x). Score: 0.21. Low Conviction (<0.35).,LOW_CONVICTION,-0.394678,MID,32.59,True,0.0,0.0,0.00,0.00
1688199360.0,TREND,NO_GO,HOLD,21.81,NORMAL,PRO,DEFENSIVE,1.0,0.50,Aegean:FLAT(0.50)|Orion:LONG(0.33),Regime: TREND (Orion 2x). Score: 0.22. Low Conviction (<0.35).,LOW_CONVICTION,-0.793230,MID,33.09,True,0.0,0.0,0.00,0.00
1688199420.0,TREND,NO_GO,HOLD,23.02,NORMAL,PRO,DEFENSIVE,1.0,0.50,Aegean:FLAT(0.50)|Orion:SHORT(0.35),Regime: TREND (Orion 2x). Score: -0.23. Low Conviction (<0.35).,LOW_CONVICTION,-1.008696,MID,33.81,True,0.0,0.0,0.00,0.00
1688199480.0,TREND,NO_GO,HOLD,24.14,NORMAL,PRO,DEFENSIVE,1.0,0.50,Aegean:FLAT(0.50)|Orion:SHORT(0.36),Regime: TREND (Orion 2x). Score: -0.24. Low Conviction (<0.35).,LOW_CONVICTION,-0.895827,MID,34.48,True,0.0,0.0,0.00,0.00
1688199540.0,TREND,NO_GO,HOLD,26.06,NORMAL,PRO,DEFENSIVE,1.0,0.50,Aegean:FLAT(0.50)|Orion:SHORT(0.39),Regime: TREND (Orion 2x). Score: -0.26. Low Conviction (<0.35).,LOW_CONVICTION,-1.453367,DIP,35.64,True,0.0,0.0,0.00,0.00
1688199600.0,TREND,NO_GO,HOLD,27.84,NORMAL,PRO,DEFENSIVE,1.0,0.50,Aegean:FLAT(0.50)|Orion:SHORT(0.42),Regime: TREND (Orion 2x). Score: -0.28. Low Conviction (<0.35).,LOW_CONVICTION,-0.738555,MID,36.70,True,0.0,0.0,0.00,0.00
1688199660.0,TREND,NO_GO,HOLD,29.61,NORMAL,PRO,DEFENSIVE,1.0,0.50,Aegean:FLAT(0.50)|Orion:SHORT(0.44),Regime: TREND (Orion 2x). Score: -0.30. Low Conviction (<0.35).,LOW_CONVICTION,-0.862497,MID,37.77,True,0.0,0.0,0.00,0.00
1688199720.0,TREND,NO_GO,HOLD,31.14,NORMAL,PRO,DEFENSIVE,1.0,0.50,Aegean:FLAT(0.50)|Orion:SHORT(0.47),Regime: TREND (Orion 2x). Score: -0.31. Low Conviction (<0.35).,LOW_CONVICTION,-0.652358,MID,38.68,True,0.0,0.0,0.00,0.00
1688199780.0,TREND,NO_GO,HOLD,30.24,NORMAL,PRO,DEFENSIVE,1.0,0.50,Aegean:FLAT(0.50)|Orion:LONG(0.45),Regime: TREND (Orion 2x). Score: 0.30. Low Conviction (<0.35).,LOW_CONVICTION,-0.046458,MID,38.14,True,0.0,0.0,0.00,0.00
1688199840.0,TREND,NO_GO,HOLD,29.39,NORMAL,PRO,DEFENSIVE,1.0,0.50,Aegean:FLAT(0.50)|Orion:LONG(0.44),Regime: TREND (Orion 2x). Score: 0.29. Low Conviction (<0.35).,LOW_CONVICTION,-0.043743,MID,37.63,True,0.0,0.0,0.00,0.00
1688199900.0,TREND,NO_GO,HOLD,28.61,NORMAL,PRO,DEFENSIVE,1.0,0.50,Aegean:FLAT(0.50)|Orion:LONG(0.43),Regime: TREND (Orion 2x). Score: 0.29. Low Conviction (<0.35).,LOW_CONVICTION,-0.026906,MID,37.16,True,0.0,0.0,0.00,0.00
1688199960.0,TREND,NO_GO,HOLD,29.57,NORMAL,PRO,DEFENSIVE,1.0,0.50,Aegean:FLAT(0.50)|Orion:SHORT(0.44),Regime: TREND (Orion 2x). Score: -0.30. Low Conviction (<0.35).,LOW_CONVICTION,-0.599601,MID,37.74,True,0.0,0.0,0.00,0.00
1688200020.0,TREND,NO_GO,HOLD,31.18,NORMAL,PRO,DEFENSIVE,1.0,0.50,Aegean:FLAT(0.50)|Orion:SHORT(0.47),Regime: TREND (Orion 2x). Score: -0.31. Low Conviction (<0.35).,LOW_CONVICTION,-1.317453,DIP,38.71,True,0.0,0.0,0.00,0.00
1688200080.0,TREND,NO_GO,HOLD,33.07,NORMAL,PRO,DEFENSIVE,1.0,0.50,Aegean:FLAT(0.50)|Orion:SHORT(0.50),Regime: TREND (Orion 2x). Score: -0.33. Low Conviction (<0.35).,LOW_CONVICTION,-1.507283,DIP,39.84,True,0.0,0.0,0.00,0.00
1688200140.0,TREND,NO_GO,HOLD,34.82,NORMAL,PRO,DEFENSIVE,1.0,0.50,Aegean:FLAT(0.50)|Orion:SHORT(0.52),Regime: TREND (Orion 2x). Score: -0.35. Low Conviction (<0.35).,LOW_CONVICTION,-1.346420,DIP,40.89,True,0.0,0.0,0.00,0.00
1688200200.0,TREND,GO,SELL,36.44,NORMAL,PRO,DEFENSIVE,1.0,0.50,Aegean:FLAT(0.50)|Orion:SHORT(0.55),Regime: TREND (Orion 2x). Score: -0.36. Bearish Consensus.,,-1.225722,DIP,41.87,True,1.8,20.0,2.00,6.94
1688200260.0,TREND,GO,SELL,39.08,NORMAL,PRO,DEFENSIVE,1.0,0.50,Aegean:FLAT(0.50)|Orion:SHORT(0.59),Regime: TREND (Orion 2x). Score: -0.39. Bearish Consensus.,,-1.720050,DIP,43.45,True,1.9,20.0,2.00,7.29
1688200320.0,TREND,GO,SELL,41.65,NORMAL,PRO,DEFENSIVE,1.0,0.50,Aegean:FLAT(0.50)|Orion:SHORT(0.62),Regime: TREND (Orion 2x). Score: -0.42. Bearish Consensus.,,-1.970545,DIP,44.99,True,1.9,20.0,2.00,7.59
1688200380.0,TREND,GO,SELL,43.13,NORMAL,PRO,DEFENSIVE,1.0,0.50,Aegean:FLAT(0.50)|Orion:SHORT(0.65),Regime: TREND (Orion 2x). Score: -0.43. Bearish Consensus.,,-1.189560,MID,45.88,True,2.0,20.0,2.00,7.58
1688200440.0,TREND,GO,SELL,42.94,NORMAL,PRO,DEFENSIVE,1.0,0.50,Aegean:FLAT(0.50)|Orion:SHORT(0.64),Regime: TREND (Orion 2x). Score: -0.43. Bearish Consensus.,,-0.731176,MID,45.77,True,2.0,20.0,2.00,7.47
1688200500.0,TREND,GO,SELL,40.87,NORMAL,PRO,DEFENSIVE,1.0,0.50,Aegean:FLAT(0.50)|Orion:SHORT(0.61),Regime: TREND (Orion 2x). Score: -0.41. Bearish Consensus.,,-0.197875,MID,44.52,True,2.0,20.0,2.00,7.16
1688200560.0,TREND,GO,SELL,38.93,NORMAL,PRO,DEFENSIVE,1.0,0.50,Aegean:FLAT(0.50)|Orion:SHORT(0.58),Regime: TREND (Orion 2x). Score: -0.39. Bearish Consensus.,,-0.310016,MID,43.36,True,1.9,20.0,2.00,7.00
1688200620.0,TREND,GO,SELL,36.33,NORMAL,PRO,DEFENSIVE,1.0,0.50,Aegean:FLAT(0.50)|Orion:SHORT(0.54),Regime: TREND (Orion 2x). Score: -0.36. Bearish Consensus.,,0.083319,MID,41.80,True,1.9,20.0,2.00,6.70
1688200680.0,TREND,NO_GO,HOLD,31.38,NORMAL,PRO,DEFENSIVE,1.0,0.50,Aegean:FLAT(0.50)|Orion:SHORT(0.47),Regime: TREND (Orion 2x). Score: -0.31. Low Conviction (<0.35).,LOW_CONVICTION,0.613815,MID,38.83,True,0.0,0.0,0.00,0.00
1688200740.0,TREND,NO_GO,HOLD,27.59,NORMAL,PRO,DEFENSIVE,1.0,0.50,Aegean:FLAT(0.50)|Orion:SHORT(0.41),Regime: TREND (Orion 2x). Score: -0.28. Low Conviction (<0.35).,LOW_CONVICTION,0.756651,TOP,36.55,True,0.0,0.0,0.00,0.00
1688200800.0,TREND,NO_GO,HOLD,25.14,NORMAL,PRO,DEFENSIVE,1.0,0.50,Aegean:FLAT(0.50)|Orion:LONG(0.38),Regime: TREND (Orion 2x). Score: 0.25. Low Conviction (<0.35).,LOW_CONVICTION,1.463930,TOP,35.09,True,0.0,0.0,0.00,0.00
1688200860.0,TREND,NO_GO,HOLD,22.94,NORMAL,PRO,DEFENSIVE,1.0,0.50,Aegean:FLAT(0.50)|Orion:LONG(0.34),Regime: TREND (Orion 2x). Score: 0.23. Low Conviction (<0.35).,LOW_CONVICTION,1.318109,TOP,33.76,True,0.0,0.0,0.00,0.00
1688200920.0,TREND,NO_GO,HOLD,19.60,NORMAL,PRO,DEFENSIVE,1.0,0.50,Aegean:FLAT(0.50)|Orion:LONG(0.29),Regime: TREND (Orion 2x). Score: 0.20. Low Conviction (<0.35).,LOW_CONVICTION,0.989489,TOP,31.76,True,0.0,0.0,0.00,0.00
1688200980.0,TREND,NO_GO,HOLD,16.52,NORMAL,PRO,DEFENSIVE,1.0,0.50,Aegean:FLAT(0.50)|Orion:LONG(0.25),Regime: TREND (Orion 2x). Score: 0.17. Low Conviction (<0.35).,LOW_CONVICTION,0.890014,TOP,29.91,True,0.0,0.0,0.00,0.00
1688201040.0,TREND,NO_GO,HOLD,13.63,NORMAL,PRO,DEFENSIVE,1.0,0.50,Aegean:FLAT(0.50)|Orion:LONG(0.20),Regime: TREND (Orion 2x). Score: 0.14. Low Conviction (<0.35).,LOW_CONVICTION,0.794048,TOP,28.18,True,0.0,0.0,0.00,0.00
1688201100.0,TREND,NO_GO,HOLD,12.03,NORMAL,PRO,DEFENSIVE,1.0,0.50,Aegean:FLAT(0.50)|Orion:LONG(0.18),Regime: TREND (Orion 2x). Score: 0.12. Low Conviction (<0.35).,LOW_CONVICTION,1.074289,TOP,27.22,True,0.0,0.0,0.00,0.00
1688201160.0,TREND,NO_GO,HOLD,10.51,NORMAL,PRO,DEFENSIVE,1.0,0.50,Aegean:FLAT(0.50)|Orion:LONG(0.16),Regime: TREND (Orion 2x). Score: 0.11. Low Conviction (<0.35).,LOW_CONVICTION,0.978959,TOP,26.31,True,0.0,0.0,0.00,0.00
1688201220.0,TREND,NO_GO,HOLD,11.00,NORMAL,PRO,DEFENSIVE,1.0,0.50,Aegean:FLAT(0.50)|Orion:LONG(0.16),Regime: TREND (Orion 2x). Score: 0.11. Low Conviction (<0.35).,LOW_CONVICTION,1.653617,TOP,26.60,True,0.0,0.0,0.00,0.00
1688201280.0,TREND,NO_GO,HOLD,8.48,NORMAL,PRO,DEFENSIVE,1.0,0.50,Aegean:FLAT(0.50)|Orion:SHORT(0.13),Regime: TREND (Orion 2x). Score: -0.08. Low Conviction (<0.35).,LOW_CONVICTION,-0.166085,MID,25.09,True,0.0,0.0,0.00,0.00
1688201340.0,TREND,NO_GO,HOLD,13.33,NORMAL,PRO,DEFENSIVE,1.0,0.50,Aegean:FLAT(0.50)|Orion:SHORT(0.20),Regime: TREND (Orion 2x). Score: -0.13. Low Conviction (<0.35).,LOW_CONVICTION,-0.297244,MID,23.43,False,0.0,0.0,0.00,0.00
1688201400.0,TREND,NO_GO,HOLD,13.33,NORMAL,PRO,DEFENSIVE,1.0,0.50,Aegean:FLAT(0.50)|Orion:SHORT(0.20),Regime: TREND (Orion 2x). Score: -0.13. Low Conviction (<0.35).,LOW_CONVICTION,0.054376,MID,22.15,False,0.0,0.0,0.00,0.00
1688201460.0,TREND,NO_GO,HOLD,13.33,NORMAL,PRO,DEFENSIVE,1.0,0.50,Aegean:FLAT(0.50)|Orion:SHORT(0.20),Regime: TREND (Orion 2x). Score: -0.13. Low Conviction (<0.35).,LOW_CONVICTION,0.032758,MID,20.59,False,0.0,0.0,0.00,0.00
1688201520.0,TREND,NO_GO,HOLD,13.33,NORMAL,PRO,DEFENSIVE,1.0,0.50,Aegean:FLAT(0.50)|Orion:LONG(0.20),Regime: TREND (Orion 2x). Score: 0.13. Low Conviction (<0.35).,LOW_CONVICTION,0.625626,MID,20.09,False,0.0,0.0,0.00,0.00
1688201580.0,TREND,NO_GO,HOLD,13.33,NORMAL,PRO,DEFENSIVE,1.0,0.50,Aegean:FLAT(0.50)|Orion:SHORT(0.20),Regime: TREND (Orion 2x). Score: -0.13. Low Conviction (<0.35).,LOW_CONVICTION,-0.187762,MID,19.32,False,0.0,0.0,0.00,0.00
1688201640.0,TREND,NO_GO,HOLD,13.33,NORMAL,PRO,DEFENSIVE,1.0,0.50,Aegean:FLAT(0.50)|Orion:SHORT(0.20),Regime: TREND (Orion 2x). Score: -0.13. Low Conviction (<0.35).,LOW_CONVICTION,-0.174318,MID,18.63,False,0.0,0.0,0.00,0.00
1688201700.0,TREND,NO_GO,HOLD,13.33,NORMAL,PRO,DEFENSIVE,1.0,0.50,Aegean:FLAT(0.50)|Orion:LONG(0.20),Regime: TREND (Orion 2x). Score: 0.13. Low Conviction (<0.35).,LOW_CONVICTION,0.233104,MID,19.77,False,0.0,0.0,0.00,0.00
1688201760.0,TREND,NO_GO,HOLD,13.33,NORMAL,PRO,DEFENSIVE,1.0,0.50,Aegean:FLAT(0.50)|Orion:SHORT(0.20),Regime: TREND (Orion 2x). Score: -0.13. Low Conviction (<0.35).,LOW_CONVICTION,-0.946131,MID,18.95,False,0.0,0.0,0.00,0.00
1688201820.0,TREND,NO_GO,HOLD,13.33,NORMAL,PRO,DEFENSIVE,1.0,0.50,Aegean:FLAT(0.50)|Orion:SHORT(0.20),Regime: TREND (Orion 2x). Score: -0.13. Low Conviction (<0.35).,LOW_CONVICTION,-0.647433,MID,18.22,False,0.0,0.0,0.00,0.00
1688201880.0,CHOP,NO_GO,HOLD,13.33,NORMAL,PRO,DEFENSIVE,1.0,0.50,Aegean:FLAT(0.50)|Orion:SHORT(0.20),Regime: CHOP (Reduced Weights). Score: -0.13. Low Conviction (<0.35).,LOW_CONVICTION,-0.590897,MID,17.51,False,0.0,0.0,0.00,0.00
1688201940.0,CHOP,NO_GO,HOLD,13.33,NORMAL,PRO,DEFENSIVE,1.0,0.50,Aegean:FLAT(0.50)|Orion:SHORT(0.20),Regime: CHOP (Reduced Weights). Score: -0.13. Low Conviction (<0.35).,LOW_CONVICTION,-0.365862,MID,16.33,False,0.0,0.0,0.00,0.00
1688202000.0,CHOP,NO_GO,HOLD,13.33,NORMAL,PRO,DEFENSIVE,1.0,0.50,Aegean:FLAT(0.50)|Orion:SHORT(0.20),Regime: CHOP (Reduced Weights). Score: -0.13. Low Conviction (<0.35).,LOW_CONVICTION,-0.443366,MID,15.23,False,0.0,0.0,0.00,0.00
1688202060.0,CHOP,NO_GO,HOLD,13.33,NORMAL,PRO,DEFENSIVE,1.0,0.50,Aegean:FLAT(0.50)|Orion:SHORT(0.20),Regime: CHOP (Reduced Weights). Score: -0.13. Low Conviction (<0.35).,LOW_CONVICTION,-0.617241,MID,14.83,False,0.0,0.0,0.00,0.00
1688202120.0,CHOP,NO_GO,HOLD,13.33,NORMAL,PRO,DEFENSIVE,1.0,0.50,Aegean:FLAT(0.50)|Orion:LONG(0.20),Regime: CHOP (Reduced Weights). Score: 0.13. Low Conviction (<0.35).,LOW_CONVICTION,0.360096,MID,14.01,False,0.0,0.0,0.00,0.00
1688202180.0,CHOP,NO_GO,HOLD,13.33,NORMAL,PRO,DEFENSIVE,1.0,0.50,Aegean:FLAT(0.50)|Orion:LONG(0.20),Regime: CHOP (Reduced Weights). Score: 0.13. Low Conviction (<0.35).,LOW_CONVICTION,0.349611,MID,13.33,False,0.0,0.0,0.00,0.00
1688202240.0,CHOP,NO_GO,HOLD,13.33,NORMAL,PRO,DEFENSIVE,1.0,0.50,Aegean:FLAT(0.50)|Orion:LONG(0.20),Regime: CHOP (Reduced Weights). Score: 0.13. Low Conviction (<0.35).,LOW_CONVICTION,0.039191,MID,12.49,False,0.0,0.0,0.00,0.00
1688202300.0,CHOP,NO_GO,HOLD,13.33,NORMAL,PRO,DEFENSIVE,1.0,0.50,Aegean:FLAT(0.50)|Orion:LONG(0.20),Regime: CHOP (Reduced Weights). Score: 0.13. Low Conviction (<0.35).,LOW_CONVICTION,0.110874,MID,11.66,False,0.0,0.0,0.00,0.00
1688202360.0,CHOP,NO_GO,HOLD,13.33,NORMAL,PRO,DEFENSIVE,1.0,0.50,Aegean:FLAT(0.50)|Orion:LONG(0.20),Regime: CHOP (Reduced Weights). Score: 0.13. Low Conviction (<0.35).,LOW_CONVICTION,0.656716,MID,11.37,False,0.0,0.0,0.00,0.00
1688202420.0,CHOP,NO_GO,HOLD,13.33,NORMAL,PRO,DEFENSIVE,1.0,0.50,Aegean:FLAT(0.50)|Orion:LONG(0.20),Regime: CHOP (Reduced Weights). Score: 0.13. Low Conviction (<0.35).,LOW_CONVICTION,0.880985,MID,11.30,False,0.0,0.0,0.00,0.00
1688202480.0,CHOP,NO_GO,HOLD,13.33,NORMAL,PRO,DEFENSIVE,1.0,0.50,Aegean:FLAT(0.50)|Orion:LONG(0.20),Regime: CHOP (Reduced Weights). Score: 0.13. Low Conviction (<0.35).,LOW_CONVICTION,0.797081,MID,11.28,False,0.0,0.0,0.00,0.00
1688202540.0,CHOP,NO_GO,HOLD,13.33,NORMAL,PRO,DEFENSIVE,1.0,0.50,Aegean:FLAT(0.50)|Orion:LONG(0.20),Regime: CHOP (Reduced Weights). Score: 0.13. Low Conviction (<0.35).,LOW_CONVICTION,0.721169,MID,11.23,False,0.0,0.0,0.00,0.00
1688202600.0,CHOP,NO_GO,HOLD,13.33,NORMAL,PRO,DEFENSIVE,1.0,0.50,Aegean:FLAT(0.50)|Orion:LONG(0.20),Regime: CHOP (Reduced Weights). Score: 0.13. Low Conviction (<0.35).,LOW_CONVICTION,0.223870,MID,10.46,False,0.0,0.0,0.00,0.00
1688202660.0,CHOP,NO_GO,HOLD,13.33,NORMAL,PRO,DEFENSIVE,1.0,0.50,Aegean:FLAT(0.50)|Orion:LONG(0.20),Regime: CHOP (Reduced Weights). Score: 0.13. Low Conviction (<0.35).,LOW_CONVICTION,0.209725,MID,9.75,False,0.0,0.0,0.00,0.00
1688202720.0,CHOP,NO_GO,HOLD,13.33,NORMAL,PRO,DEFENSIVE,1.0,0.50,Aegean:FLAT(0.50)|Orion:SHORT(0.20),Regime: CHOP (Reduced Weights). Score: -0.13. Low Conviction (<0.35).,LOW_CONVICTION,-1.325077,MID,11.10,False,0.0,0.0,0.00,0.00
1688202780.0,CHOP,NO_GO,HOLD,13.33,NORMAL,PRO,DEFENSIVE,1.0,0.50,Aegean:FLAT(0.50)|Orion:SHORT(0.20),Regime: CHOP (Reduced Weights). Score: -0.13. Low Conviction (<0.35).,LOW_CONVICTION,-0.674618,MID,12.31,False,0.0,0.0,0.00,0.00
1688202840.0,CHOP,NO_GO,HOLD,13.33,NORMAL,PRO,DEFENSIVE,1.0,0.50,Aegean:FLAT(0.50)|Orion:SHORT(0.20),Regime: CHOP (Reduced Weights). Score: -0.13. Low Conviction (<0.35).,LOW_CONVICTION,-0.619881,MID,13.44,False,0.0,0.0,0.00,0.00
1688202900.0,CHOP,NO_GO,HOLD,13.33,NORMAL,PRO,DEFENSIVE,1.0,0.50,Aegean:FLAT(0.50)|Orion:SHORT(0.20),Regime: CHOP (Reduced Weights). Score: -0.13. Low Conviction (<0.35).,LOW_CONVICTION,-0.557240,MID,14.49,False,0.0,0.0,0.00,0.00
1688202960.0,CHOP,NO_GO,HOLD,13.33,NORMAL,PRO,DEFENSIVE,1.0,0.50,Aegean:FLAT(0.50)|Orion:LONG(0.20),Regime: CHOP (Reduced Weights). Score: 0.13. Low Conviction (<0.35).,LOW_CONVICTION,-0.030558,MID,14.49,False,0.0,0.0,0.00,0.00
1688203020.0,CHOP,NO_GO,HOLD,13.33,NORMAL,PRO,DEFENSIVE,1.0,0.50,Aegean:FLAT(0.50)|Orion:SHORT(0.20),Regime: CHOP (Reduced Weights). Score: -0.13. Low Conviction (<0.35).,LOW_CONVICTION,-0.430086,MID,14.52,False,0.0,0.0,0.00,0.00
1688203080.0,CHOP,NO_GO,HOLD,13.33,NORMAL,PRO,DEFENSIVE,1.0,0.50,Aegean:FLAT(0.50)|Orion:SHORT(0.20),Regime: CHOP (Reduced Weights). Score: -0.13. Low Conviction (<0.35).,LOW_CONVICTION,-0.392324,MID,14.51,False,0.0,0.0,0.00,0.00
1688203140.0,CHOP,NO_GO,HOLD,13.33,NORMAL,PRO,DEFENSIVE,1.0,0.50,Aegean:FLAT(0.50)|Orion:SHORT(0.20),Regime: CHOP (Reduced Weights). Score: -0.13. Low Conviction (<0.35).,LOW_CONVICTION,-0.146638,MID,14.02,False,0.0,0.0,0.00,0.00
1688203200.0,CHOP,NO_GO,HOLD,13.33,NORMAL,PRO,DEFENSIVE,1.0,0.50,Aegean:FLAT(0.50)|Orion:LONG(0.20),Regime: CHOP (Reduced Weights). Score: 0.13. Low Conviction (<0.35).,LOW_CONVICTION,0.523518,MID,13.72,False,0.0,0.0,0.00,0.00
1688203260.0,CHOP,NO_GO,HOLD,13.33,NORMAL,PRO,DEFENSIVE,1.0,0.50,Aegean:FLAT(0.50)|Orion:LONG(0.20),Regime: CHOP (Reduced Weights). Score: 0.13. Low Conviction (<0.35).,LOW_CONVICTION,0.769960,TOP,13.87,False,0.0,0.0,0.00,0.00
1688203320.0,CHOP,NO_GO,HOLD,13.33,NORMAL,PRO,DEFENSIVE,1.0,0.50,Aegean:FLAT(0.50)|Orion:LONG(0.20),Regime: CHOP (Reduced Weights). Score: 0.13. Low Conviction (<0.35).,LOW_CONVICTION,0.409031,MID,14.00,False,0.0,0.0,0.00,0.00
1688203380.0,CHOP,NO_GO,HOLD,13.33,NORMAL,PRO,DEFENSIVE,1.0,0.50,Aegean:FLAT(0.50)|Orion:LONG(0.20),Regime: CHOP (Reduced Weights). Score: 0.13. Low Conviction (<0.35).,LOW_CONVICTION,0.555790,TOP,14.10,False,0.0,0.0,0.00,0.00
1688203440.0,CHOP,NO_GO,HOLD,13.33,NORMAL,PRO,DEFENSIVE,1.0,0.50,Aegean:FLAT(0.50)|Orion:LONG(0.20),Regime: CHOP (Reduced Weights). Score: 0.13. Low Conviction (<0.35).,LOW_CONVICTION,0.494719,TOP,14.21,False,0.0,0.0,0.00,0.00
1688203500.0,CHOP,NO_GO,HOLD,13.33,NORMAL,PRO,DEFENSIVE,1.0,0.50,Aegean:FLAT(0.50)|Orion:LONG(0.20),Regime: CHOP (Reduced Weights). Score: 0.13. Low Conviction (<0.35).,LOW_CONVICTION,0.566669,TOP,14.57,False,0.0,0.0,0.00,0.00
1688203560.0,CHOP,NO_GO,HOLD,13.33,NORMAL,PRO,DEFENSIVE,1.0,0.50,Aegean:FLAT(0.50)|Orion:LONG(0.20),Regime: CHOP (Reduced Weights). Score: 0.13. Low Conviction (<0.35).,LOW_CONVICTION,0.497444,TOP,14.86,False,0.0,0.0,0.00,0.00
1688203620.0,CHOP,NO_GO,HOLD,13.33,NORMAL,PRO,DEFENSIVE,1.0,0.50,Aegean:FLAT(0.50)|Orion:LONG(0.20),Regime: CHOP (Reduced Weights). Score: 0.13. Low Conviction (<0.35).,LOW_CONVICTION,1.285542,TOP,16.44,False,0.0,0.0,0.00,0.00
1688203680.0,CHOP,NO_GO,HOLD,13.33,NORMAL,PRO,DEFENSIVE,1.0,0.50,Aegean:FLAT(0.50)|Orion:LONG(0.20),Regime: CHOP (Reduced Weights). Score: 0.13. Low Conviction (<0.35).,LOW_CONVICTION,1.296583,TOP,18.09,False,0.0,0.0,0.00,0.00
1688203740.0,CHOP,NO_GO,HOLD,13.33,NORMAL,PRO,DEFENSIVE,1.0,0.50,Aegean:FLAT(0.50)|Orion:LONG(0.20),Regime: CHOP (Reduced Weights). Score: 0.13. Low Conviction (<0.35).,LOW_CONVICTION,1.167008,TOP,19.60,False,0.0,0.0,0.00,0.00
1688203800.0,CHOP,NO_GO,HOLD,13.33,NORMAL,PRO,DEFENSIVE,1.0,0.50,Aegean:FLAT(0.50)|Orion:LONG(0.20),Regime: CHOP (Reduced Weights). Score: 0.13. Low Conviction (<0.35).,LOW_CONVICTION,1.056018,TOP,20.99,False,0.0,0.0,0.00,0.00
1688203860.0,TREND,NO_GO,HOLD,13.33,NORMAL,PRO,DEFENSIVE,1.0,0.50,Aegean:FLAT(0.50)|Orion:LONG(0.20),Regime: TREND (Orion 2x). Score: 0.13. Low Conviction (<0.35).,LOW_CONVICTION,0.941531,TOP,22.28,False,0.0,0.0,0.00,0.00
1688203920.0,TREND,NO_GO,HOLD,13.33,NORMAL,PRO,DEFENSIVE,1.0,0.50,Aegean:FLAT(0.50)|Orion:LONG(0.20),Regime: TREND (Orion 2x). Score: 0.13. Low Conviction (<0.35).,LOW_CONVICTION,1.059595,TOP,23.89,False,0.0,0.0,0.00,0.00
1688203980.0,TREND,NO_GO,HOLD,8.97,NORMAL,PRO,DEFENSIVE,1.0,0.50,Aegean:FLAT(0.50)|Orion:LONG(0.13),Regime: TREND (Orion 2x). Score: 0.09. Low Conviction (<0.35).,LOW_CONVICTION,0.958681,TOP,25.38,True,0.0,0.0,0.00,0.00
1688204040.0,TREND,NO_GO,HOLD,11.30,NORMAL,PRO,DEFENSIVE,1.0,0.50,Aegean:FLAT(0.50)|Orion:LONG(0.17),Regime: TREND (Orion 2x). Score: 0.11. Low Conviction (<0.35).,LOW_CONVICTION,0.858721,TOP,26.78,True,0.0,0.0,0.00,0.00
1688204100.0,TREND,NO_GO,HOLD,13.46,NORMAL,PRO,DEFENSIVE,1.0,0.50,Aegean:FLAT(0.50)|Orion:LONG(0.20),Regime: TREND (Orion 2x). Score: 0.13. Low Conviction (<0.35).,LOW_CONVICTION,0.801352,TOP,28.07,True,0.0,0.0,0.00,0.00
1688204160.0,TREND,NO_GO,HOLD,12.27,NORMAL,PRO,DEFENSIVE,1.0,0.50,Aegean:FLAT(0.50)|Orion:LONG(0.18),Regime: TREND (Orion 2x). Score: 0.12. Low Conviction (<0.35).,LOW_CONVICTION,0.241777,MID,27.36,True,0.0,0.0,0.00,0.00
1688204220.0,TREND,NO_GO,HOLD,11.16,NORMAL,PRO,DEFENSIVE,1.0,0.50,Aegean:FLAT(0.50)|Orion:LONG(0.17),Regime: TREND (Orion 2x). Score: 0.11. Low Conviction (<0.35).,LOW_CONVICTION,0.408639,MID,26.70,True,0.0,0.0,0.00,0.00
1688204280.0,TREND,NO_GO,HOLD,10.15,NORMAL,PRO,DEFENSIVE,1.0,0.50,Aegean:FLAT(0.50)|Orion:LONG(0.15),Regime: TREND (Orion 2x). Score: 0.10. Low Conviction (<0.35).,LOW_CONVICTION,0.245137,MID,26.09,True,0.0,0.0,0.00,0.00
1688204340.0,TREND,NO_GO,HOLD,9.22,NORMAL,PRO,DEFENSIVE,1.0,0.50,Aegean:FLAT(0.50)|Orion:LONG(0.14),Regime: TREND (Orion 2x). Score: 0.09. Low Conviction (<0.35).,LOW_CONVICTION,0.223183,MID,25.53,True,0.0,0.0,0.00,0.00
1688204400.0,TREND,NO_GO,HOLD,13.33,NORMAL,PRO,DEFENSIVE,1.0,0.50,Aegean:FLAT(0.50)|Orion:LONG(0.20),Regime: TREND (Orion 2x). Score: 0.13. Low Conviction (<0.35).,LOW_CONVICTION,-0.302340,MID,24.21,False,0.0,0.0,0.00,0.00
1688204460.0,TREND,NO_GO,HOLD,13.33,NORMAL,PRO,DEFENSIVE,1.0,0.50,Aegean:FLAT(0.50)|Orion:LONG(0.20),Regime: TREND (Orion 2x). Score: 0.13. Low Conviction (<0.35).,LOW_CONVICTION,-0.292300,MID,22.95,False,0.0,0.0,0.00,0.00
1688204520.0,TREND,NO_GO,HOLD,13.33,NORMAL,PRO,DEFENSIVE,1.0,0.50,Aegean:FLAT(0.50)|Orion:LONG(0.20),Regime: TREND (Orion 2x). Score: 0.13. Low Conviction (<0.35).,LOW_CONVICTION,0.511248,TOP,22.91,False,0.0,0.0,0.00,0.00
1688204580.0,TREND,NO_GO,HOLD,13.33,NORMAL,PRO,DEFENSIVE,1.0,0.50,Aegean:FLAT(0.50)|Orion:LONG(0.20),Regime: TREND (Orion 2x). Score: 0.13. Low Conviction (<0.35).,LOW_CONVICTION,0.330054,MID,22.87,False,0.0,0.0,0.00,0.00
1688204640.0,TREND,NO_GO,HOLD,13.33,NORMAL,PRO,DEFENSIVE,1.0,0.50,Aegean:FLAT(0.50)|Orion:LONG(0.20),Regime: TREND (Orion 2x). Score: 0.13. Low Conviction (<0.35).,LOW_CONVICTION,-0.281714,MID,21.34,False,0.0,0.0,0.00,0.00
1688204700.0,TREND,NO_GO,HOLD,13.33,NORMAL,PRO,DEFENSIVE,1.0,0.50,Aegean:FLAT(0.50)|Orion:SHORT(0.20),Regime: TREND (Orion 2x). Score: -0.13. Low Conviction (<0.35).,LOW_CONVICTION,-1.025799,DIP,21.38,False,0.0,0.0,0.00,0.00
1688204760.0,TREND,NO_GO,HOLD,13.33,NORMAL,PRO,DEFENSIVE,1.0,0.50,Aegean:FLAT(0.50)|Orion:SHORT(0.20),Regime: TREND (Orion 2x). Score: -0.13. Low Conviction (<0.35).,LOW_CONVICTION,-1.391867,DIP,22.10,False,0.0,0.0,0.00,0.00
1688204820.0,TREND,NO_GO,HOLD,13.33,NORMAL,PRO,DEFENSIVE,1.0,0.50,Aegean:FLAT(0.50)|Orion:SHORT(0.20),Regime: TREND (Orion 2x). Score: -0.13. Low Conviction (<0.35).,LOW_CONVICTION,-1.258356,DIP,22.78,False,0.0,0.0,0.00,0.00
1688204880.0,TREND,NO_GO,HOLD,13.33,NORMAL,PRO,DEFENSIVE,1.0,0.50,Aegean:FLAT(0.50)|Orion:SHORT(0.20),Regime: TREND (Orion 2x). Score: -0.13. Low Conviction (<0.35).,LOW_CONVICTION,-1.137560,DIP,23.39,False,0.0,0.0,0.00,0.00
1688204940.0,TREND,NO_GO,HOLD,13.33,NORMAL,PRO,DEFENSIVE,1.0,0.50,Aegean:FLAT(0.50)|Orion:SHORT(0.20),Regime: TREND (Orion 2x). Score: -0.13. Low Conviction (<0.35).,LOW_CONVICTION,-1.020325,DIP,23.95,False,0.0,0.0,0.00,0.00
1688205000.0,TREND,NO_GO,HOLD,13.33,NORMAL,PRO,DEFENSIVE,1.0,0.50,Aegean:FLAT(0.50)|Orion:SHORT(0.20),Regime: TREND (Orion 2x). Score: -0.13. Low Conviction (<0.35).,LOW_CONVICTION,-0.923132,DIP,24.58,False,0.0,0.0,0.00,0.00
1688205060.0,TREND,NO_GO,HOLD,8.42,NORMAL,PRO,DEFENSIVE,1.0,0.50,Aegean:FLAT(0.50)|Orion:SHORT(0.13),Regime: TREND (Orion 2x). Score: -0.08. Low Conviction (<0.35).,LOW_CONVICTION,-0.804892,DIP,25.05,True,0.0,0.0,0.00,0.00
1688205120.0,TREND,NO_GO,HOLD,9.15,NORMAL,PRO,DEFENSIVE,1.0,0.50,Aegean:FLAT(0.50)|Orion:SHORT(0.14),Regime: TREND (Orion 2x). Score: -0.09. Low Conviction (<0.35).,LOW_CONVICTION,-0.738958,DIP,25.49,True,0.0,0.0,0.00,0.00
1688205180.0,TREND,NO_GO,HOLD,13.33,NORMAL,PRO,DEFENSIVE,1.0,0.50,Aegean:FLAT(0.50)|Orion:SHORT(0.20),Regime: TREND (Orion 2x). Score: -0.13. Low Conviction (<0.35).,LOW_CONVICTION,-0.422867,DIP,25.00,False,0.0,0.0,0.00,0.00
1688205240.0,TREND,NO_GO,HOLD,13.33,NORMAL,PRO,DEFENSIVE,1.0,0.50,Aegean:FLAT(0.50)|Orion:SHORT(0.20),Regime: TREND (Orion 2x). Score: -0.13. Low Conviction (<0.35).,LOW_CONVICTION,-0.628327,DIP,24.52,False,0.0,0.0,0.00,0.00
1688205300.0,TREND,NO_GO,HOLD,13.33,NORMAL,PRO,DEFENSIVE,1.0,0.50,Aegean:FLAT(0.50)|Orion:SHORT(0.20),Regime: TREND (Orion 2x). Score: -0.13. Low Conviction (<0.35).,LOW_CONVICTION,-0.577238,DIP,24.08,False,0.0,0.0,0.00,0.00
1688205360.0,TREND,NO_GO,HOLD,13.33,NORMAL,PRO,DEFENSIVE,1.0,0.50,Aegean:FLAT(0.50)|Orion:SHORT(0.20),Regime: TREND (Orion 2x). Score: -0.13. Low Conviction (<0.35).,LOW_CONVICTION,-0.515318,DIP,23.68,False,0.0,0.0,0.00,0.00
1688205420.0,TREND,NO_GO,HOLD,13.33,NORMAL,PRO,DEFENSIVE,1.0,0.50,Aegean:FLAT(0.50)|Orion:SHORT(0.20),Regime: TREND (Orion 2x). Score: -0.13. Low Conviction (<0.35).,LOW_CONVICTION,-0.465307,DIP,23.30,False,0.0,0.0,0.00,0.00
1688205480.0,TREND,NO_GO,HOLD,13.33,NORMAL,PRO,DEFENSIVE,1.0,0.50,Aegean:FLAT(0.50)|Orion:SHORT(0.20),Regime: TREND (Orion 2x). Score: -0.13. Low Conviction (<0.35).,LOW_CONVICTION,-0.489317,DIP,23.19,False,0.0,0.0,0.00,0.00
1688205540.0,TREND,NO_GO,HOLD,13.33,NORMAL,PRO,DEFENSIVE,1.0,0.50,Aegean:FLAT(0.50)|Orion:SHORT(0.20),Regime: TREND (Orion 2x). Score: -0.13. Low Conviction (<0.35).,LOW_CONVICTION,-0.582621,DIP,23.44,False,0.0,0.0,0.00,0.00
1688205600.0,TREND,NO_GO,HOLD,13.33,NORMAL,PRO,DEFENSIVE,1.0,0.50,Aegean:FLAT(0.50)|Orion:SHORT(0.20),Regime: TREND (Orion 2x). Score: -0.13. Low Conviction (<0.35).,LOW_CONVICTION,-0.055890,MID,22.10,False,0.0,0.0,0.00,0.00
1688205660.0,TREND,NO_GO,HOLD,13.33,NORMAL,PRO,DEFENSIVE,1.0,0.50,Aegean:FLAT(0.50)|Orion:SHORT(0.20),Regime: TREND (Orion 2x). Score: -0.13. Low Conviction (<0.35).,LOW_CONVICTION,-0.044764,MID,20.86,False,0.0,0.0,0.00,0.00
1688205720.0,TREND,NO_GO,HOLD,13.33,NORMAL,PRO,DEFENSIVE,1.0,0.50,Aegean:FLAT(0.50)|Orion:SHORT(0.20),Regime: TREND (Orion 2x). Score: -0.13. Low Conviction (<0.35).,LOW_CONVICTION,-0.045200,MID,19.74,False,0.0,0.0,0.00,0.00
1688205780.0,TREND,NO_GO,HOLD,13.33,NORMAL,PRO,DEFENSIVE,1.0,0.50,Aegean:FLAT(0.50)|Orion:SHORT(0.20),Regime: TREND (Orion 2x). Score: -0.13. Low Conviction (<0.35).,LOW_CONVICTION,-0.040876,MID,18.67,False,0.0,0.0,0.00,0.00
1688205840.0,TREND,NO_GO,HOLD,13.33,NORMAL,PRO,DEFENSIVE,1.0,0.50,Aegean:FLAT(0.50)|Orion:SHORT(0.20),Regime: TREND (Orion 2x). Score: -0.13. Low Conviction (<0.35).,LOW_CONVICTION,-0.038433,MID,17.67,False,0.0,0.0,0.00,0.00
1688205900.0,TREND,NO_GO,HOLD,13.33,NORMAL,PRO,DEFENSIVE,1.0,0.50,Aegean:FLAT(0.50)|Orion:SHORT(0.20),Regime: TREND (Orion 2x). Score: -0.13. Low Conviction (<0.35).,LOW_CONVICTION,-0.033820,MID,16.77,False,0.0,0.0,0.00,0.00
1688205960.0,CHOP,NO_GO,HOLD,13.33,NORMAL,PRO,DEFENSIVE,1.0,0.50,Aegean:FLAT(0.50)|Orion:SHORT(0.20),Regime: CHOP (Reduced Weights). Score: -0.13. Low Conviction (<0.35).,LOW_CONVICTION,0.041793,TOP,15.74,False,0.0,0.0,0.00,0.00
1688206020.0,CHOP,NO_GO,HOLD,13.33,NORMAL,PRO,DEFENSIVE,1.0,0.50,Aegean:FLAT(0.50)|Orion:LONG(0.20),Regime: CHOP (Reduced Weights). Score: 0.13. Low Conviction (<0.35).,LOW_CONVICTION,0.628513,TOP,16.99,False,0.0,0.0,0.00,0.00
1688206080.0,TREND,NO_GO,HOLD,13.33,NORMAL,PRO,DEFENSIVE,1.0,0.50,Aegean:FLAT(0.50)|Orion:LONG(0.20),Regime: TREND (Orion 2x). Score: 0.13. Low Conviction (<0.35).,LOW_CONVICTION,0.577226,TOP,18.17,False,0.0,0.0,0.00,0.00
1688206140.0,TREND,NO_GO,HOLD,13.33,NORMAL,PRO,DEFENSIVE,1.0,0.50,Aegean:FLAT(0.50)|Orion:SHORT(0.20),Regime: TREND (Orion 2x). Score: -0.13. Low Conviction (<0.35).,LOW_CONVICTION,0.354633,TOP,17.88,False,0.0,0.0,0.00,0.00
1688206200.0,TREND,NO_GO,HOLD,13.33,NORMAL,PRO,DEFENSIVE,1.0,0.50,Aegean:FLAT(0.50)|Orion:LONG(0.20),Regime: TREND (Orion 2x). Score: 0.13. Low Conviction (<0.35).,LOW_CONVICTION,1.022802,TOP,19.16,False,0.0,0.0,0.00,0.00
1688206260.0,TREND,NO_GO,HOLD,13.33,NORMAL,PRO,DEFENSIVE,1.0,0.50,Aegean:FLAT(0.50)|Orion:SHORT(0.20),Regime: TREND (Orion 2x). Score: -0.13. Low Conviction (<0.35).,LOW_CONVICTION,0.122463,MID,19.93,False,0.0,0.0,0.00,0.00
1688206320.0,TREND,NO_GO,HOLD,13.33,NORMAL,PRO,DEFENSIVE,1.0,0.50,Aegean:FLAT(0.50)|Orion:SHORT(0.20),Regime: TREND (Orion 2x). Score: -0.13. Low Conviction (<0.35).,LOW_CONVICTION,0.105086,MID,20.58,False,0.0,0.0,0.00,0.00
1688206380.0,TREND,NO_GO,HOLD,13.33,NORMAL,PRO,DEFENSIVE,1.0,0.50,Aegean:FLAT(0.50)|Orion:SHORT(0.20),Regime: TREND (Orion 2x). Score: -0.13. Low Conviction (<0.35).,LOW_CONVICTION,0.096049,MID,21.18,False,0.0,0.0,0.00,0.00
1688206440.0,TREND,NO_GO,HOLD,13.33,NORMAL,PRO,DEFENSIVE,1.0,0.50,Aegean:FLAT(0.50)|Orion:SHORT(0.20),Regime: TREND (Orion 2x). Score: -0.13. Low Conviction (<0.35).,LOW_CONVICTION,0.213549,MID,22.07,False,0.0,0.0,0.00,0.00
1688206500.0,TREND,NO_GO,HOLD,13.33,NORMAL,PRO,DEFENSIVE,1.0,0.50,Aegean:FLAT(0.50)|Orion:SHORT(0.20),Regime: TREND (Orion 2x). Score: -0.13. Low Conviction (<0.35).,LOW_CONVICTION,-0.177124,MID,21.71,False,0.0,0.0,0.00,0.00
1688206560.0,TREND,NO_GO,HOLD,13.33,NORMAL,PRO,DEFENSIVE,1.0,0.50,Aegean:FLAT(0.50)|Orion:SHORT(0.20),Regime: TREND (Orion 2x). Score: -0.13. Low Conviction (<0.35).,LOW_CONVICTION,-0.857412,DIP,21.17,False,0.0,0.0,0.00,0.00
1688206620.0,TREND,NO_GO,HOLD,13.33,NORMAL,PRO,DEFENSIVE,1.0,0.50,Aegean:FLAT(0.50)|Orion:SHORT(0.20),Regime: TREND (Orion 2x). Score: -0.13. Low Conviction (<0.35).,LOW_CONVICTION,-0.796170,DIP,20.72,False,0.0,0.0,0.00,0.00
1688206680.0,TREND,NO_GO,HOLD,13.33,NORMAL,PRO,DEFENSIVE,1.0,0.50,Aegean:FLAT(0.50)|Orion:SHORT(0.20),Regime: TREND (Orion 2x). Score: -0.13. Low Conviction (<0.35).,LOW_CONVICTION,-1.198421,DIP,21.36,False,0.0,0.0,0.00,0.00
1688206740.0,TREND,NO_GO,HOLD,13.33,NORMAL,PRO,DEFENSIVE,1.0,0.50,Aegean:FLAT(0.50)|Orion:SHORT(0.20),Regime: TREND (Orion 2x). Score: -0.13. Low Conviction (<0.35).,LOW_CONVICTION,-1.458786,DIP,22.86,False,0.0,0.0,0.00,0.00
1688206800.0,TREND,NO_GO,HOLD,13.33,NORMAL,PRO,DEFENSIVE,1.0,0.50,Aegean:FLAT(0.50)|Orion:SHORT(0.20),Regime: TREND (Orion 2x). Score: -0.13. Low Conviction (<0.35).,LOW_CONVICTION,-0.313188,MID,22.41,False,0.0,0.0,0.00,0.00
1688206860.0,TREND,NO_GO,HOLD,13.33,NORMAL,PRO,DEFENSIVE,1.0,0.50,Aegean:FLAT(0.50)|Orion:LONG(0.20),Regime: TREND (Orion 2x). Score: 0.13. Low Conviction (<0.35).,LOW_CONVICTION,0.759075,MID,22.06,False,0.0,0.0,0.00,0.00
1688206920.0,TREND,NO_GO,HOLD,13.33,NORMAL,PRO,DEFENSIVE,1.0,0.50,Aegean:FLAT(0.50)|Orion:LONG(0.20),Regime: TREND (Orion 2x). Score: 0.13. Low Conviction (<0.35).,LOW_CONVICTION,1.209568,TOP,22.05,False,0.0,0.0,0.00,0.00
1688206980.0,TREND,NO_GO,HOLD,13.33,NORMAL,PRO,DEFENSIVE,1.0,0.50,Aegean:FLAT(0.50)|Orion:LONG(0.20),Regime: TREND (Orion 2x). Score: 0.13. Low Conviction (<0.35).,LOW_CONVICTION,1.555578,TOP,22.59,False,0.0,0.0,0.00,0.00
1688207040.0,TREND,NO_GO,HOLD,13.33,NORMAL,PRO,DEFENSIVE,1.0,0.50,Aegean:FLAT(0.50)|Orion:LONG(0.20),Regime: TREND (Orion 2x). Score: 0.13. Low Conviction (<0.35).,LOW_CONVICTION,1.737999,TOP,23.55,False,0.0,0.0,0.00,0.00
1688207100.0,TREND,NO_GO,HOLD,13.33,NORMAL,PRO,DEFENSIVE,1.0,0.50,Aegean:FLAT(0.50)|Orion:LONG(0.20),Regime: TREND (Orion 2x). Score: 0.13. Low Conviction (<0.35).,LOW_CONVICTION,1.298861,TOP,24.43,False,0.0,0.0,0.00,0.00
1688207160.0,TREND,NO_GO,HOLD,9.02,NORMAL,PRO,DEFENSIVE,1.0,0.50,Aegean:FLAT(0.50)|Orion:LONG(0.14),Regime: TREND (Orion 2x). Score: 0.09. Low Conviction (<0.35).,LOW_CONVICTION,1.564665,TOP,25.41,True,0.0,0.0,0.00,0.00
1688207220.0,TREND,NO_GO,HOLD,11.42,NORMAL,PRO,DEFENSIVE,1.0,0.50,Aegean:FLAT(0.50)|Orion:LONG(0.17),Regime: TREND (Orion 2x). Score: 0.11. Low Conviction (<0.35).,LOW_CONVICTION,1.960392,TOP,26.85,True,0.0,0.0,0.00,0.00
1688207280.0,TREND,NO_GO,HOLD,13.71,NORMAL,PRO,DEFENSIVE,1.0,0.50,Aegean:FLAT(0.50)|Orion:LONG(0.21),Regime: TREND (Orion 2x). Score: 0.14. Low Conviction (<0.35).,LOW_CONVICTION,1.792735,TOP,28.22,True,0.0,0.0,0.00,0.00
1688207340.0,TREND,NO_GO,HOLD,17.44,NORMAL,PRO,DEFENSIVE,1.0,0.50,Aegean:FLAT(0.50)|Orion:LONG(0.26),Regime: TREND (Orion 2x). Score: 0.17. Low Conviction (<0.35).,LOW_CONVICTION,2.921046,TOP,30.46,True,0.0,0.0,0.00,0.00
1688207400.0,TREND,NO_GO,HOLD,21.30,NORMAL,PRO,DEFENSIVE,1.0,0.50,Aegean:FLAT(0.50)|Orion:LONG(0.32),Regime: TREND (Orion 2x). Score: 0.21. Low Conviction (<0.35).,LOW_CONVICTION,1.794280,MID,32.78,True,0.0,0.0,0.00,0.00
1688207460.0,TREND,NO_GO,HOLD,24.91,NORMAL,PRO,DEFENSIVE,1.0,0.50,Aegean:FLAT(0.50)|Orion:LONG(0.37),Regime: TREND (Orion 2x). Score: 0.25. Low Conviction (<0.35).,LOW_CONVICTION,1.924349,MID,34.94,True,0.0,0.0,0.00,0.00
1688207520.0,TREND,NO_GO,HOLD,28.22,NORMAL,PRO,DEFENSIVE,1.0,0.50,Aegean:FLAT(0.50)|Orion:LONG(0.42),Regime: TREND (Orion 2x). Score: 0.28. Low Conviction (<0.35).,LOW_CONVICTION,1.492310,MID,36.93,True,0.0,0.0,0.00,0.00
1688207580.0,TREND,NO_GO,HOLD,31.70,NORMAL,PRO,DEFENSIVE,1.0,0.50,Aegean:FLAT(0.50)|Orion:LONG(0.48),Regime: TREND (Orion 2x). Score: 0.32. Low Conviction (<0.35).,LOW_CONVICTION,2.024667,TOP,39.02,True,0.0,0.0,0.00,0.00
1688207640.0,TREND,GO,BUY,35.07,NORMAL,PRO,DEFENSIVE,1.0,0.50,Aegean:FLAT(0.50)|Orion:LONG(0.53),Regime: TREND (Orion 2x). Score: 0.35. Bullish Consensus.,,1.831822,TOP,41.04,True,2.8,20.0,2.00,6.93
1688207700.0,TREND,GO,BUY,38.68,NORMAL,PRO,DEFENSIVE,1.0,0.50,Aegean:FLAT(0.50)|Orion:LONG(0.58),Regime: TREND (Orion 2x). Score: 0.39. Bullish Consensus.,,1.848811,TOP,43.21,True,2.7,20.0,2.00,7.28
1688207760.0,TREND,GO,BUY,41.84,NORMAL,PRO,DEFENSIVE,1.0,0.50,Aegean:FLAT(0.50)|Orion:LONG(0.63),Regime: TREND (Orion 2x). Score: 0.42. Bullish Consensus.,,1.690809,TOP,45.10,True,2.6,20.0,2.00,7.55
1688207820.0,TREND,GO,BUY,43.95,NORMAL,PRO,DEFENSIVE,1.0,0.50,Aegean:FLAT(0.50)|Orion:LONG(0.66),Regime: TREND (Orion 2x). Score: 0.44. Bullish Consensus.,,1.217734,TOP,46.37,True,2.5,20.0,2.00,7.66
1688207880.0,TREND,GO,BUY,46.08,NORMAL,PRO,DEFENSIVE,1.0,0.50,Aegean:FLAT(0.50)|Orion:LONG(0.69),Regime: TREND (Orion 2x). Score: 0.46. Bullish Consensus.,,1.581458,TOP,47.65,True,2.5,20.0,2.00,7.93
1688207940.0,TREND,GO,BUY,48.03,NORMAL,PRO,DEFENSIVE,1.0,0.50,Aegean:FLAT(0.50)|Orion:LONG(0.72),Regime: TREND (Orion 2x). Score: 0.48. Bullish Consensus.,,1.418359,TOP,48.82,True,2.4,20.0,2.00,8.09
1688208000.0,TREND,GO,BUY,49.03,NORMAL,PRO,DEFENSIVE,1.0,0.50,Aegean:FLAT(0.50)|Orion:LONG(0.74),Regime: TREND (Orion 2x). Score: 0.49. Bullish Consensus.,,1.116610,TOP,49.42,True,2.3,20.0,2.00,8.13
1688208060.0,TREND,GO,BUY,43.53,NORMAL,PRO,DEFENSIVE,1.0,0.50,Aegean:FLAT(0.50)|Orion:LONG(0.65),Regime: TREND (Orion 2x). Score: 0.44. Bullish Consensus.,,-0.933524,MID,46.12,True,2.8,20.0,2.00,7.56
1688208120.0,TREND,GO,BUY,40.79,NORMAL,PRO,DEFENSIVE,1.0,0.50,Aegean:FLAT(0.50)|Orion:LONG(0.61),Regime: TREND (Orion 2x). Score: 0.41. Bullish Consensus.,,0.469669,MID,44.48,True,3.6,20.0,2.00,7.21
1688208180.0,TREND,GO,BUY,38.30,NORMAL,PRO,DEFENSIVE,1.0,0.50,Aegean:FLAT(0.50)|Orion:LONG(0.57),Regime: TREND (Orion 2x). Score: 0.38. Bullish Consensus.,,0.424919,MID,42.98,True,3.3,20.0,2.00,6.96
1688208240.0,TREND,NO_GO,HOLD,34.38,NORMAL,PRO,DEFENSIVE,1.0,0.50,Aegean:FLAT(0.50)|Orion:LONG(0.52),Regime: TREND (Orion 2x). Score: 0.34. Low Conviction (<0.35).,LOW_CONVICTION,0.821575,MID,40.63,True,0.0,0.0,0.00,0.00
1688208300.0,TREND,NO_GO,HOLD,30.78,NORMAL,PRO,DEFENSIVE,1.0,0.50,Aegean:FLAT(0.50)|Orion:LONG(0.46),Regime: TREND (Orion 2x). Score: 0.31. Low Conviction (<0.35).,LOW_CONVICTION,0.541542,MID,38.47,True,0.0,0.0,0.00,0.00
1688208360.0,TREND,NO_GO,HOLD,29.24,NORMAL,PRO,DEFENSIVE,1.0,0.50,Aegean:FLAT(0.50)|Orion:LONG(0.44),Regime: TREND (Orion 2x). Score: 0.29. Low Conviction (<0.35).,LOW_CONVICTION,-0.543909,MID,37.54,True,0.0,0.0,0.00,0.00
1688208420.0,TREND,NO_GO,HOLD,29.80,NORMAL,PRO,DEFENSIVE,1.0,0.50,Aegean:FLAT(0.50)|Orion:SHORT(0.45),Regime: TREND (Orion 2x). Score: -0.30. Low Conviction (<0.35).,LOW_CONVICTION,-2.128472,DIP,37.88,True,0.0,0.0,0.00,0.00
1688208480.0,TREND,NO_GO,HOLD,31.02,NORMAL,PRO,DEFENSIVE,1.0,0.50,Aegean:FLAT(0.50)|Orion:SHORT(0.47),Regime: TREND (Orion 2x). Score: -0.31. Low Conviction (<0.35).,LOW_CONVICTION,-2.682378,DIP,38.61,True,0.0,0.0,0.00,0.00
1688208540.0,TREND,NO_GO,HOLD,32.68,NORMAL,PRO,DEFENSIVE,1.0,0.50,Aegean:FLAT(0.50)|Orion:SHORT(0.49),Regime: TREND (Orion 2x). Score: -0.33. Low Conviction (<0.35).,LOW_CONVICTION,-2.953456,DIP,39.61,True,0.0,0.0,0.00,0.00
1688208600.0,TREND,NO_GO,HOLD,34.03,NORMAL,PRO,DEFENSIVE,1.0,0.50,Aegean:FLAT(0.50)|Orion:SHORT(0.51),Regime: TREND (Orion 2x). Score: -0.34. Low Conviction (<0.35).,LOW_CONVICTION,-2.335101,DIP,40.42,True,0.0,0.0,0.00,0.00
1688208660.0,TREND,GO,SELL,35.60,NORMAL,PRO,DEFENSIVE,1.0,0.50,Aegean:FLAT(0.50)|Orion:SHORT(0.53),Regime: TREND (Orion 2x). Score: -0.36. Bearish Consensus.,,-1.570690,MID,41.36,True,3.9,20.0,2.00,6.93
1688208720.0,TREND,GO,SELL,36.75,NORMAL,PRO,DEFENSIVE,1.0,0.50,Aegean:FLAT(0.50)|Orion:SHORT(0.55),Regime: TREND (Orion 2x). Score: -0.37. Bearish Consensus.,,-1.422072,MID,42.05,True,3.7,20.0,2.00,7.01
1688208780.0,TREND,NO_GO,HOLD,33.64,NORMAL,PRO,DEFENSIVE,1.0,0.50,Aegean:FLAT(0.50)|Orion:LONG(0.50),Regime: TREND (Orion 2x). Score: 0.34. Low Conviction (<0.35).,LOW_CONVICTION,0.414617,MID,40.18,True,0.0,0.0,0.00,0.00
1688208840.0,TREND,NO_GO,HOLD,30.70,NORMAL,PRO,DEFENSIVE,1.0,0.50,Aegean:FLAT(0.50)|Orion:LONG(0.46),Regime: TREND (Orion 2x). Score: 0.31. Low Conviction (<0.35).,LOW_CONVICTION,0.351368,MID,38.42,True,0.0,0.0,0.00,0.00
1688208900.0,TREND,NO_GO,HOLD,28.55,NORMAL,PRO,DEFENSIVE,1.0,0.50,Aegean:FLAT(0.50)|Orion:LONG(0.43),Regime: TREND (Orion 2x). Score: 0.29. Low Conviction (<0.35).,LOW_CONVICTION,-0.115726,MID,37.13,True,0.0,0.0,0.00,0.00
1688208960.0,TREND,NO_GO,HOLD,26.88,NORMAL,PRO,DEFENSIVE,1.0,0.50,Aegean:FLAT(0.50)|Orion:SHORT(0.40),Regime: TREND (Orion 2x). Score: -0.27. Low Conviction (<0.35).,LOW_CONVICTION,-0.355672,MID,36.13,True,0.0,0.0,0.00,0.00
1688209020.0,TREND,NO_GO,HOLD,25.34,NORMAL,PRO,DEFENSIVE,1.0,0.50,Aegean:FLAT(0.50)|Orion:SHORT(0.38),Regime: TREND (Orion 2x). Score: -0.25. Low Conviction (<0.35).,LOW_CONVICTION,-0.159771,MID,35.21,True,0.0,0.0,0.00,0.00
1688209080.0,TREND,NO_GO,HOLD,22.49,NORMAL,PRO,DEFENSIVE,1.0,0.50,Aegean:FLAT(0.50)|Orion:LONG(0.34),Regime: TREND (Orion 2x). Score: 0.22. Low Conviction (<0.35).,LOW_CONVICTION,0.469875,MID,33.50,True,0.0,0.0,0.00,0.00
1688209140.0,TREND,NO_GO,HOLD,19.89,NORMAL,PRO,DEFENSIVE,1.0,0.50,Aegean:FLAT(0.50)|Orion:LONG(0.30),Regime: TREND (Orion 2x). Score: 0.20. Low Conviction (<0.35).,LOW_CONVICTION,0.403862,MID,31.93,True,0.0,0.0,0.00,0.00
1688209200.0,TREND,NO_GO,HOLD,16.36,NORMAL,PRO,DEFENSIVE,1.0,0.50,Aegean:FLAT(0.50)|Orion:LONG(0.25),Regime: TREND (Orion 2x). Score: 0.16. Low Conviction (<0.35).,LOW_CONVICTION,0.822146,MID,29.82,True,0.0,0.0,0.00,0.00
1688209260.0,TREND,NO_GO,HOLD,13.39,NORMAL,PRO,DEFENSIVE,1.0,0.50,Aegean:FLAT(0.50)|Orion:LONG(0.20),Regime: TREND (Orion 2x). Score: 0.13. Low Conviction (<0.35).,LOW_CONVICTION,1.099069,MID,28.03,True,0.0,0.0,0.00,0.00
1688209320.0,TREND,NO_GO,HOLD,11.62,NORMAL,PRO,DEFENSIVE,1.0,0.50,Aegean:FLAT(0.50)|Orion:LONG(0.17),Regime: TREND (Orion 2x). Score: 0.12. Low Conviction (<0.35).,LOW_CONVICTION,1.529136,TOP,26.97,True,0.0,0.0,0.00,0.00
1688209380.0,TREND,NO_GO,HOLD,9.98,NORMAL,PRO,DEFENSIVE,1.0,0.50,Aegean:FLAT(0.50)|Orion:LONG(0.15),Regime: TREND (Orion 2x). Score: 0.10. Low Conviction (<0.35).,LOW_CONVICTION,1.377143,TOP,25.99,True,0.0,0.0,0.00,0.00
1688209440.0,TREND,NO_GO,HOLD,8.46,NORMAL,PRO,DEFENSIVE,1.0,0.50,Aegean:FLAT(0.50)|Orion:LONG(0.13),Regime: TREND (Orion 2x). Score: 0.08. Low Conviction (<0.35).,LOW_CONVICTION,1.250741,TOP,25.08,True,0.0,0.0,0.00,0.00
1688209500.0,TREND,NO_GO,HOLD,13.33,NORMAL,PRO,DEFENSIVE,1.0,0.50,Aegean:FLAT(0.50)|Orion:LONG(0.20),Regime: TREND (Orion 2x). Score: 0.13. Low Conviction (<0.35).,LOW_CONVICTION,0.418050,MID,23.40,False,0.0,0.0,0.00,0.00
1688209560.0,TREND,NO_GO,HOLD,13.33,NORMAL,PRO,DEFENSIVE,1.0,0.50,Aegean:FLAT(0.50)|Orion:LONG(0.20),Regime: TREND (Orion 2x). Score: 0.13. Low Conviction (<0.35).,LOW_CONVICTION,0.367244,MID,21.91,False,0.0,0.0,0.00,0.00
1688209620.0,TREND,NO_GO,HOLD,13.33,NORMAL,PRO,DEFENSIVE,1.0,0.50,Aegean:FLAT(0.50)|Orion:LONG(0.20),Regime: TREND (Orion 2x). Score: 0.13. Low Conviction (<0.35).,LOW_CONVICTION,0.331884,MID,20.47,False,0.0,0.0,0.00,0.00
1688209680.0,CHOP,NO_GO,HOLD,13.33,NORMAL,PRO,DEFENSIVE,1.0,0.50,Aegean:FLAT(0.50)|Orion:LONG(0.20),Regime: CHOP (Reduced Weights). Score: 0.13. Low Conviction (<0.35).,LOW_CONVICTION,0.273114,MID,19.12,False,0.0,0.0,0.00,0.00
1688209740.0,CHOP,NO_GO,HOLD,13.33,NORMAL,PRO,DEFENSIVE,1.0,0.50,Aegean:FLAT(0.50)|Orion:LONG(0.20),Regime: CHOP (Reduced Weights). Score: 0.13. Low Conviction (<0.35).,LOW_CONVICTION,0.537558,TOP,18.10,False,0.0,0.0,0.00,0.00
1688209800.0,CHOP,NO_GO,HOLD,13.33,NORMAL,PRO,DEFENSIVE,1.0,0.50,Aegean:FLAT(0.50)|Orion:LONG(0.20),Regime: CHOP (Reduced Weights). Score: 0.13. Low Conviction (<0.35).,LOW_CONVICTION,1.079337,TOP,18.04,False,0.0,0.0,0.00,0.00
1688209860.0,CHOP,NO_GO,HOLD,13.33,NORMAL,PRO,DEFENSIVE,1.0,0.50,Aegean:FLAT(0.50)|Orion:LONG(0.20),Regime: CHOP (Reduced Weights). Score: 0.13. Low Conviction (<0.35).,LOW_CONVICTION,0.981462,TOP,18.03,False,0.0,0.0,0.00,0.00
1688209920.0,CHOP,NO_GO,HOLD,13.33,NORMAL,PRO,DEFENSIVE,1.0,0.50,Aegean:FLAT(0.50)|Orion:LONG(0.20),Regime: CHOP (Reduced Weights). Score: 0.13. Low Conviction (<0.35).,LOW_CONVICTION,1.373529,TOP,18.99,False,0.0,0.0,0.00,0.00
1688209980.0,TREND,NO_GO,HOLD,13.33,NORMAL,PRO,DEFENSIVE,1.0,0.50,Aegean:FLAT(0.50)|Orion:LONG(0.20),Regime: TREND (Orion 2x). Score: 0.13. Low Conviction (<0.35).,LOW_CONVICTION,1.687479,TOP,20.01,False,0.0,0.0,0.00,0.00
1688210040.0,TREND,NO_GO,HOLD,13.33,NORMAL,PRO,DEFENSIVE,1.0,0.50,Aegean:FLAT(0.50)|Orion:LONG(0.20),Regime: TREND (Orion 2x). Score: 0.13. Low Conviction (<0.35).,LOW_CONVICTION,1.505761,TOP,21.26,False,0.0,0.0,0.00,0.00
1688210100.0,TREND,NO_GO,HOLD,13.33,NORMAL,PRO,DEFENSIVE,1.0,0.50,Aegean:FLAT(0.50)|Orion:LONG(0.20),Regime: TREND (Orion 2x). Score: 0.13. Low Conviction (<0.35).,LOW_CONVICTION,1.741990,TOP,22.50,False,0.0,0.0,0.00,0.00
1688210160.0,TREND,NO_GO,HOLD,13.33,NORMAL,PRO,DEFENSIVE,1.0,0.50,Aegean:FLAT(0.50)|Orion:LONG(0.20),Regime: TREND (Orion 2x). Score: 0.13. Low Conviction (<0.35).,LOW_CONVICTION,1.581456,TOP,23.65,False,0.0,0.0,0.00,0.00
1688210220.0,TREND,NO_GO,HOLD,13.33,NORMAL,PRO,DEFENSIVE,1.0,0.50,Aegean:FLAT(0.50)|Orion:LONG(0.20),Regime: TREND (Orion 2x). Score: 0.13. Low Conviction (<0.35).,LOW_CONVICTION,1.042167,TOP,23.80,False,0.0,0.0,0.00,0.00
1688210280.0,TREND,NO_GO,HOLD,13.33,NORMAL,PRO,DEFENSIVE,1.0,0.50,Aegean:FLAT(0.50)|Orion:LONG(0.20),Regime: TREND (Orion 2x). Score: 0.13. Low Conviction (<0.35).,LOW_CONVICTION,1.162970,TOP,23.93,False,0.0,0.0,0.00,0.00
1688210340.0,TREND,NO_GO,HOLD,13.33,NORMAL,PRO,DEFENSIVE,1.0,0.50,Aegean:FLAT(0.50)|Orion:LONG(0.20),Regime: TREND (Orion 2x). Score: 0.13. Low Conviction (<0.35).,LOW_CONVICTION,0.805098,TOP,24.00,False,0.0,0.0,0.00,0.00
1688210400.0,TREND,NO_GO,HOLD,13.33,NORMAL,PRO,DEFENSIVE,1.0,0.50,Aegean:FLAT(0.50)|Orion:LONG(0.20),Regime: TREND (Orion 2x). Score: 0.13. Low Conviction (<0.35).,LOW_CONVICTION,0.606688,MID,23.63,False,0.0,0.0,0.00,0.00
1688210460.0,TREND,NO_GO,HOLD,13.33,NORMAL,PRO,DEFENSIVE,1.0,0.50,Aegean:FLAT(0.50)|Orion:LONG(0.20),Regime: TREND (Orion 2x). Score: 0.13. Low Conviction (<0.35).,LOW_CONVICTION,0.682391,MID,23.37,False,0.0,0.0,0.00,0.00
1688210520.0,TREND,NO_GO,HOLD,13.33,NORMAL,PRO,DEFENSIVE,1.0,0.50,Aegean:FLAT(0.50)|Orion:LONG(0.20),Regime: TREND (Orion 2x). Score: 0.13. Low Conviction (<0.35).,LOW_CONVICTION,0.618354,MID,23.04,False,0.0,0.0,0.00,0.00
1688210580.0,TREND,NO_GO,HOLD,13.33,NORMAL,PRO,DEFENSIVE,1.0,0.50,Aegean:FLAT(0.50)|Orion:LONG(0.20),Regime: TREND (Orion 2x). Score: 0.13. Low Conviction (<0.35).,LOW_CONVICTION,0.550643,MID,22.76,False,0.0,0.0,0.00,0.00
1688210640.0,TREND,NO_GO,HOLD,13.33,NORMAL,PRO,DEFENSIVE,1.0,0.50,Aegean:FLAT(0.50)|Orion:LONG(0.20),Regime: TREND (Orion 2x). Score: 0.13. Low Conviction (<0.35).,LOW_CONVICTION,0.501284,MID,22.53,False,0.0,0.0,0.00,0.00
1688210700.0,CHOP,NO_GO,HOLD,13.33,NORMAL,PRO,DEFENSIVE,1.0,0.50,Aegean:FLAT(0.50)|Orion:LONG(0.20),Regime: CHOP (Reduced Weights). Score: 0.13. Low Conviction (<0.35).,LOW_CONVICTION,0.122732,MID,21.35,False,0.0,0.0,0.00,0.00
1688210760.0,CHOP,NO_GO,HOLD,13.33,NORMAL,PRO,DEFENSIVE,1.0,0.50,Aegean:FLAT(0.50)|Orion:LONG(0.20),Regime: CHOP (Reduced Weights). Score: 0.13. Low Conviction (<0.35).,LOW_CONVICTION,0.145007,MID,20.14,False,0.0,0.0,0.00,0.00
1688210820.0,CHOP,NO_GO,HOLD,13.33,NORMAL,PRO,DEFENSIVE,1.0,0.50,Aegean:FLAT(0.50)|Orion:LONG(0.20),Regime: CHOP (Reduced Weights). Score: 0.13. Low Conviction (<0.35).,LOW_CONVICTION,0.146531,MID,19.02,False,0.0,0.0,0.00,0.00
1688210880.0,CHOP,NO_GO,HOLD,13.33,NORMAL,PRO,DEFENSIVE,1.0,0.50,Aegean:FLAT(0.50)|Orion:LONG(0.20),Regime: CHOP (Reduced Weights). Score: 0.13. Low Conviction (<0.35).,LOW_CONVICTION,-0.808515,MID,19.93,False,0.0,0.0,0.00,0.00
1688210940.0,CHOP,NO_GO,HOLD,13.33,NORMAL,PRO,DEFENSIVE,1.0,0.50,Aegean:FLAT(0.50)|Orion:LONG(0.20),Regime: CHOP (Reduced Weights). Score: 0.13. Low Conviction (<0.35).,LOW_CONVICTION,-0.626561,MID,20.78,False,0.0,0.0,0.00,0.00
1688211000.0,CHOP,NO_GO,HOLD,13.33,NORMAL,PRO,DEFENSIVE,1.0,0.50,Aegean:FLAT(0.50)|Orion:LONG(0.20),Regime: CHOP (Reduced Weights). Score: 0.13. Low Conviction (<0.35).,LOW_CONVICTION,0.065035,MID,19.84,False,0.0,0.0,0.00,0.00
1688211060.0,CHOP,NO_GO,HOLD,13.33,NORMAL,PRO,DEFENSIVE,1.0,0.50,Aegean:FLAT(0.50)|Orion:LONG(0.20),Regime: CHOP (Reduced Weights). Score: 0.13. Low Conviction (<0.35).,LOW_CONVICTION,0.445528,MID,18.69,False,0.0,0.0,0.00,0.00
1688211120.0,CHOP,NO_GO,HOLD,13.33,NORMAL,PRO,DEFENSIVE,1.0,0.50,Aegean:FLAT(0.50)|Orion:LONG(0.20),Regime: CHOP (Reduced Weights). Score: 0.13. Low Conviction (<0.35).,LOW_CONVICTION,-0.008423,MID,17.63,False,0.0,0.0,0.00,0.00
1688211180.0,CHOP,NO_GO,HOLD,13.33,NORMAL,PRO,DEFENSIVE,1.0,0.50,Aegean:FLAT(0.50)|Orion:LONG(0.20),Regime: CHOP (Reduced Weights). Score: 0.13. Low Conviction (<0.35).,LOW_CONVICTION,0.158728,MID,16.64,False,0.0,0.0,0.00,0.00
1688211240.0,CHOP,NO_GO,HOLD,13.33,NORMAL,PRO,DEFENSIVE,1.0,0.50,Aegean:FLAT(0.50)|Orion:LONG(0.20),Regime: CHOP (Reduced Weights). Score: 0.13. Low Conviction (<0.35).,LOW_CONVICTION,0.151690,MID,15.72,False,0.0,0.0,0.00,0.00
1688211300.0,CHOP,NO_GO,HOLD,13.33,NORMAL,PRO,DEFENSIVE,1.0,0.50,Aegean:FLAT(0.50)|Orion:LONG(0.20),Regime: CHOP (Reduced Weights). Score: 0.13. Low Conviction (<0.35).,LOW_CONVICTION,0.143268,MID,14.86,False,0.0,0.0,0.00,0.00
1688211360.0,CHOP,NO_GO,HOLD,13.33,NORMAL,PRO,DEFENSIVE,1.0,0.50,Aegean:FLAT(0.50)|Orion:LONG(0.20),Regime: CHOP (Reduced Weights). Score: 0.13. Low Conviction (<0.35).,LOW_CONVICTION,-0.039165,MID,13.99,False,0.0,0.0,0.00,0.00
1688211420.0,TREND,NO_GO,HOLD,13.33,NORMAL,PRO,DEFENSIVE,1.0,0.50,Aegean:FLAT(0.50)|Orion:LONG(0.20),Regime: TREND (Orion 2x). Score: 0.13. Low Conviction (<0.35).,LOW_CONVICTION,-0.570532,MID,14.50,False,0.0,0.0,0.00,0.00
1688211480.0,TREND,NO_GO,HOLD,13.33,NORMAL,PRO,DEFENSIVE,1.0,0.50,Aegean:FLAT(0.50)|Orion:LONG(0.20),Regime: TREND (Orion 2x). Score: 0.13. Low Conviction (<0.35).,LOW_CONVICTION,-0.215224,MID,14.99,False,0.0,0.0,0.00,0.00
1688211540.0,TREND,NO_GO,HOLD,13.33,NORMAL,PRO,DEFENSIVE,1.0,0.50,Aegean:FLAT(0.50)|Orion:LONG(0.20),Regime: TREND (Orion 2x). Score: 0.13. Low Conviction (<0.35).,LOW_CONVICTION,-0.082468,MID,15.03,False,0.0,0.0,0.00,0.00
1688211600.0,TREND,NO_GO,HOLD,13.33,NORMAL,PRO,DEFENSIVE,1.0,0.50,Aegean:FLAT(0.50)|Orion:LONG(0.20),Regime: TREND (Orion 2x). Score: 0.13. Low Conviction (<0.35).,LOW_CONVICTION,-0.517231,MID,15.73,False,0.0,0.0,0.00,0.00
1688211660.0,TREND,NO_GO,HOLD,13.33,NORMAL,PRO,DEFENSIVE,1.0,0.50,Aegean:FLAT(0.50)|Orion:LONG(0.20),Regime: TREND (Orion 2x). Score: 0.13. Low Conviction (<0.35).,LOW_CONVICTION,-0.138943,MID,16.37,False,0.0,0.0,0.00,0.00
1688211720.0,TREND,NO_GO,HOLD,13.33,NORMAL,PRO,DEFENSIVE,1.0,0.50,Aegean:FLAT(0.50)|Orion:LONG(0.20),Regime: TREND (Orion 2x). Score: 0.13. Low Conviction (<0.35).,LOW_CONVICTION,1.863814,TOP,17.51,False,0.0,0.0,0.00,0.00
1688211780.0,TREND,NO_GO,HOLD,13.33,NORMAL,PRO,DEFENSIVE,1.0,0.50,Aegean:FLAT(0.50)|Orion:LONG(0.20),Regime: TREND (Orion 2x). Score: 0.13. Low Conviction (<0.35).,LOW_CONVICTION,2.269184,TOP,19.06,False,0.0,0.0,0.00,0.00
1688211840.0,TREND,NO_GO,HOLD,13.33,NORMAL,PRO,DEFENSIVE,1.0,0.50,Aegean:FLAT(0.30)|Orion:LONG(0.20),Regime: TREND (Orion 2x). Score: 0.13. Low Conviction (<0.35).,LOW_CONVICTION,4.949215,TOP,22.26,False,0.0,0.0,0.00,0.00
1688211900.0,TREND,NO_GO,HOLD,32.05,NORMAL,PRO,DEFENSIVE,1.0,0.50,Aegean:LONG(0.70)|Orion:LONG(0.13),Regime: TREND (Orion 2x). Score: 0.32. Low Conviction (<0.35).,LOW_CONVICTION,3.453099,MID,25.23,True,0.0,0.0,0.00,0.00
1688211960.0,TREND,GO,BUY,36.12,NORMAL,PRO,DEFENSIVE,1.0,0.50,Aegean:LONG(0.70)|Orion:LONG(0.19),Regime: TREND (Orion 2x). Score: 0.36. Bullish Consensus.,,3.256613,MID,27.67,True,2.8,20.0,2.00,5.07
1688212020.0,TREND,NO_GO,HOLD,17.72,NORMAL,PRO,DEFENSIVE,1.0,0.50,Aegean:FLAT(0.30)|Orion:LONG(0.27),Regime: TREND (Orion 2x). Score: 0.18. Low Conviction (<0.35).,LOW_CONVICTION,4.646479,TOP,30.63,True,0.0,0.0,0.00,0.00
1688212080.0,TREND,NO_GO,HOLD,23.66,NORMAL,PRO,DEFENSIVE,1.0,0.50,Aegean:FLAT(0.30)|Orion:LONG(0.35),Regime: TREND (Orion 2x). Score: 0.24. Low Conviction (<0.35).,LOW_CONVICTION,8.605109,TOP,34.20,True,0.0,0.0,0.00,0.00
1688212140.0,TREND,NO_GO,HOLD,29.18,NORMAL,PRO,DEFENSIVE,1.0,0.50,Aegean:FLAT(0.30)|Orion:LONG(0.44),Regime: TREND (Orion 2x). Score: 0.29. Low Conviction (<0.35).,LOW_CONVICTION,6.574441,TOP,37.51,True,0.0,0.0,0.00,0.00
1688212200.0,TREND,GO,BUY,53.44,NORMAL,PRO,DEFENSIVE,1.0,0.50,Aegean:LONG(0.70)|Orion:LONG(0.45),Regime: TREND (Orion 2x). Score: 0.53. Bullish Consensus.,,4.304494,MID,38.06,True,5.7,20.0,2.00,6.93
1688212260.0,TREND,NO_GO,HOLD,28.68,NORMAL,PRO,DEFENSIVE,1.0,0.50,Aegean:FLAT(0.50)|Orion:LONG(0.43),Regime: TREND (Orion 2x). Score: 0.29. Low Conviction (<0.35).,LOW_CONVICTION,1.902569,MID,37.21,True,0.0,0.0,0.00,0.00
1688212320.0,TREND,NO_GO,HOLD,27.35,NORMAL,PRO,DEFENSIVE,1.0,0.50,Aegean:FLAT(0.50)|Orion:LONG(0.41),Regime: TREND (Orion 2x). Score: 0.27. Low Conviction (<0.35).,LOW_CONVICTION,1.776207,MID,36.41,True,0.0,0.0,0.00,0.00
1688212380.0,TREND,NO_GO,HOLD,24.74,NORMAL,PRO,DEFENSIVE,1.0,0.50,Aegean:FLAT(0.50)|Orion:LONG(0.37),Regime: TREND (Orion 2x). Score: 0.25. Low Conviction (<0.35).,LOW_CONVICTION,0.307391,MID,34.85,True,0.0,0.0,0.00,0.00
1688212440.0,TREND,NO_GO,HOLD,22.33,NORMAL,PRO,DEFENSIVE,1.0,0.50,Aegean:FLAT(0.50)|Orion:LONG(0.33),Regime: TREND (Orion 2x). Score: 0.22. Low Conviction (<0.35).,LOW_CONVICTION,0.743782,MID,33.40,True,0.0,0.0,0.00,0.00
1688212500.0,TREND,NO_GO,HOLD,18.52,NORMAL,PRO,DEFENSIVE,1.0,0.50,Aegean:FLAT(0.50)|Orion:LONG(0.28),Regime: TREND (Orion 2x). Score: 0.19. Low Conviction (<0.35).,LOW_CONVICTION,-0.979416,MID,31.11,True,0.0,0.0,0.00,0.00
1688212560.0,TREND,NO_GO,HOLD,14.93,NORMAL,PRO,DEFENSIVE,1.0,0.50,Aegean:FLAT(0.50)|Orion:LONG(0.22),Regime: TREND (Orion 2x). Score: 0.15. Low Conviction (<0.35).,LOW_CONVICTION,-0.877538,MID,28.96,True,0.0,0.0,0.00,0.00
1688212620.0,TREND,NO_GO,HOLD,12.34,NORMAL,PRO,DEFENSIVE,1.0,0.50,Aegean:FLAT(0.50)|Orion:LONG(0.19),Regime: TREND (Orion 2x). Score: 0.12. Low Conviction (<0.35).,LOW_CONVICTION,-1.681259,MID,27.41,True,0.0,0.0,0.00,0.00
1688212680.0,TREND,NO_GO,HOLD,9.84,NORMAL,PRO,DEFENSIVE,1.0,0.50,Aegean:FLAT(0.50)|Orion:LONG(0.15),Regime: TREND (Orion 2x). Score: 0.10. Low Conviction (<0.35).,LOW_CONVICTION,-0.521800,MID,25.90,True,0.0,0.0,0.00,0.00
1688212740.0,TREND,NO_GO,HOLD,13.33,NORMAL,PRO,DEFENSIVE,1.0,0.50,Aegean:FLAT(0.50)|Orion:LONG(0.20),Regime: TREND (Orion 2x). Score: 0.13. Low Conviction (<0.35).,LOW_CONVICTION,-0.672667,MID,24.47,False,0.0,0.0,0.00,0.00
1688212800.0,TREND,NO_GO,HOLD,13.33,NORMAL,PRO,DEFENSIVE,1.0,0.50,Aegean:FLAT(0.50)|Orion:LONG(0.20),Regime: TREND (Orion 2x). Score: 0.13. Low Conviction (<0.35).,LOW_CONVICTION,-1.212784,MID,23.81,False,0.0,0.0,0.00,0.00
1688212860.0,TREND,NO_GO,HOLD,13.33,NORMAL,PRO,DEFENSIVE,1.0,0.50,Aegean:FLAT(0.50)|Orion:SHORT(0.20),Regime: TREND (Orion 2x). Score: -0.13. Low Conviction (<0.35).,LOW_CONVICTION,-1.924919,MID,23.43,False,0.0,0.0,0.00,0.00
1688212920.0,TREND,NO_GO,HOLD,13.33,NORMAL,PRO,DEFENSIVE,1.0,0.50,Aegean:FLAT(0.50)|Orion:SHORT(0.20),Regime: TREND (Orion 2x). Score: -0.13. Low Conviction (<0.35).,LOW_CONVICTION,-1.741593,DIP,23.09,False,0.0,0.0,0.00,0.00
1688212980.0,TREND,NO_GO,HOLD,13.33,NORMAL,PRO,DEFENSIVE,1.0,0.50,Aegean:FLAT(0.50)|Orion:SHORT(0.20),Regime: TREND (Orion 2x). Score: -0.13. Low Conviction (<0.35).,LOW_CONVICTION,-1.963327,DIP,23.02,False,0.0,0.0,0.00,0.00
1688213040.0,TREND,NO_GO,HOLD,13.33,NORMAL,PRO,DEFENSIVE,1.0,0.50,Aegean:FLAT(0.50)|Orion:SHORT(0.20),Regime: TREND (Orion 2x). Score: -0.13. Low Conviction (<0.35).,LOW_CONVICTION,-1.193063,DIP,22.95,False,0.0,0.0,0.00,0.00
1688213100.0,TREND,NO_GO,HOLD,13.33,NORMAL,PRO,DEFENSIVE,1.0,0.50,Aegean:FLAT(0.50)|Orion:SHORT(0.20),Regime: TREND (Orion 2x). Score: -0.13. Low Conviction (<0.35).,LOW_CONVICTION,-0.967076,DIP,22.76,False,0.0,0.0,0.00,0.00
1688213160.0,TREND,NO_GO,HOLD,13.33,NORMAL,PRO,DEFENSIVE,1.0,0.50,Aegean:FLAT(0.50)|Orion:LONG(0.20),Regime: TREND (Orion 2x). Score: 0.13. Low Conviction (<0.35).,LOW_CONVICTION,1.848836,MID,22.53,False,0.0,0.0,0.00,0.00
1688213220.0,TREND,NO_GO,HOLD,13.33,NORMAL,PRO,DEFENSIVE,1.0,0.50,Aegean:FLAT(0.50)|Orion:LONG(0.20),Regime: TREND (Orion 2x). Score: 0.13. Low Conviction (<0.35).,LOW_CONVICTION,1.713857,MID,22.67,False,0.0,0.0,0.00,0.00
1688213280.0,TREND,GO,BUY,36.67,NORMAL,PRO,DEFENSIVE,1.0,0.50,Aegean:LONG(0.70)|Orion:LONG(0.20),Regime: TREND (Orion 2x). Score: 0.37. Bullish Consensus.,,3.071242,MID,22.82,False,4.2,20.0,2.00,4.25
1688213340.0,TREND,NO_GO,HOLD,13.33,NORMAL,PRO,DEFENSIVE,1.0,0.50,Aegean:FLAT(0.50)|Orion:LONG(0.20),Regime: TREND (Orion 2x). Score: 0.13. Low Conviction (<0.35).,LOW_CONVICTION,2.450534,MID,22.94,False,0.0,0.0,0.00,0.00
1688213400.0,TREND,NO_GO,HOLD,13.33,NORMAL,PRO,DEFENSIVE,1.0,0.50,Aegean:FLAT(0.50)|Orion:LONG(0.20),Regime: TREND (Orion 2x). Score: 0.13. Low Conviction (<0.35).,LOW_CONVICTION,2.207444,MID,23.04,False,0.0,0.0,0.00,0.00
1688213460.0,TREND,GO,BUY,36.67,NORMAL,PRO,DEFENSIVE,1.0,0.50,Aegean:LONG(0.70)|Orion:LONG(0.20),Regime: TREND (Orion 2x). Score: 0.37. Bullish Consensus.,,3.285773,MID,24.46,False,4.3,20.0,2.00,4.56
1688213520.0,TREND,NO_GO,HOLD,9.66,NORMAL,PRO,DEFENSIVE,1.0,0.50,Aegean:FLAT(0.30)|Orion:LONG(0.14),Regime: TREND (Orion 2x). Score: 0.10. Low Conviction (<0.35).,LOW_CONVICTION,3.500927,TOP,25.79,True,0.0,0.0,0.00,0.00
1688213580.0,TREND,NO_GO,HOLD,11.68,NORMAL,PRO,DEFENSIVE,1.0,0.50,Aegean:FLAT(0.50)|Orion:LONG(0.18),Regime: TREND (Orion 2x). Score: 0.12. Low Conviction (<0.35).,LOW_CONVICTION,2.652287,MID,27.01,True,0.0,0.0,0.00,0.00
1688213640.0,TREND,NO_GO,HOLD,13.59,NORMAL,PRO,DEFENSIVE,1.0,0.50,Aegean:FLAT(0.50)|Orion:LONG(0.20),Regime: TREND (Orion 2x). Score: 0.14. Low Conviction (<0.35).,LOW_CONVICTION,2.399669,MID,28.15,True,0.0,0.0,0.00,0.00
1688213700.0,TREND,NO_GO,HOLD,15.89,NORMAL,PRO,DEFENSIVE,1.0,0.50,Aegean:FLAT(0.50)|Orion:LONG(0.24),Regime: TREND (Orion 2x). Score: 0.16. Low Conviction (<0.35).,LOW_CONVICTION,2.879234,TOP,29.53,True,0.0,0.0,0.00,0.00
1688213760.0,TREND,NO_GO,HOLD,19.37,NORMAL,PRO,DEFENSIVE,1.0,0.50,Aegean:FLAT(0.30)|Orion:LONG(0.29),Regime: TREND (Orion 2x). Score: 0.19. Low Conviction (<0.35).,LOW_CONVICTION,4.792713,TOP,31.62,True,0.0,0.0,0.00,0.00
1688213820.0,TREND,NO_GO,HOLD,23.59,NORMAL,PRO,DEFENSIVE,1.0,0.50,Aegean:FLAT(0.30)|Orion:LONG(0.35),Regime: TREND (Orion 2x). Score: 0.24. Low Conviction (<0.35).,LOW_CONVICTION,6.373050,TOP,34.16,True,0.0,0.0,0.00,0.00
1688213880.0,TREND,GO,BUY,51.26,NORMAL,PRO,DEFENSIVE,1.0,0.50,Aegean:LONG(0.70)|Orion:LONG(0.42),Regime: TREND (Orion 2x). Score: 0.51. Bullish Consensus.,,5.192204,MID,36.75,True,6.0,20.0,2.00,6.90
1688213940.0,TREND,GO,BUY,51.68,NORMAL,PRO,DEFENSIVE,1.0,0.50,Aegean:LONG(0.70)|Orion:LONG(0.43),Regime: TREND (Orion 2x). Score: 0.52. Bullish Consensus.,,3.753157,MID,37.01,True,6.4,20.0,2.00,6.66
1688214000.0,TREND,GO,BUY,52.14,NORMAL,PRO,DEFENSIVE,1.0,0.50,Aegean:LONG(0.70)|Orion:LONG(0.43),Regime: TREND (Orion 2x). Score: 0.52. Bullish Consensus.,,3.360282,MID,37.29,True,6.2,20.0,2.00,6.62
1688214060.0,TREND,NO_GO,HOLD,30.14,NORMAL,PRO,DEFENSIVE,1.0,0.50,Aegean:FLAT(0.30)|Orion:LONG(0.45),Regime: TREND (Orion 2x). Score: 0.30. Low Conviction (<0.35).,LOW_CONVICTION,4.742019,TOP,38.08,True,0.0,0.0,0.00,0.00
1688214120.0,TREND,NO_GO,HOLD,31.07,NORMAL,PRO,DEFENSIVE,1.0,0.50,Aegean:FLAT(0.50)|Orion:LONG(0.47),Regime: TREND (Orion 2x). Score: 0.31. Low Conviction (<0.35).,LOW_CONVICTION,2.375781,MID,38.64,True,0.0,0.0,0.00,0.00
1688214180.0,TREND,NO_GO,HOLD,31.41,NORMAL,PRO,DEFENSIVE,1.0,0.50,Aegean:FLAT(0.30)|Orion:LONG(0.47),Regime: TREND (Orion 2x). Score: 0.31. Low Conviction (<0.35).,LOW_CONVICTION,3.925656,TOP,38.85,True,0.0,0.0,0.00,0.00
1688214240.0,TREND,NO_GO,HOLD,32.04,NORMAL,PRO,DEFENSIVE,1.0,0.50,Aegean:FLAT(0.30)|Orion:LONG(0.48),Regime: TREND (Orion 2x). Score: 0.32. Low Conviction (<0.35).,LOW_CONVICTION,4.096270,TOP,39.22,True,0.0,0.0,0.00,0.00
1688214300.0,TREND,NO_GO,HOLD,29.15,NORMAL,PRO,DEFENSIVE,1.0,0.50,Aegean:FLAT(0.50)|Orion:LONG(0.44),Regime: TREND (Orion 2x). Score: 0.29. Low Conviction (<0.35).,LOW_CONVICTION,1.171097,MID,37.49,True,0.0,0.0,0.00,0.00
1688214360.0,TREND,NO_GO,HOLD,26.58,NORMAL,PRO,DEFENSIVE,1.0,0.50,Aegean:FLAT(0.50)|Orion:LONG(0.40),Regime: TREND (Orion 2x). Score: 0.27. Low Conviction (<0.35).,LOW_CONVICTION,0.424312,MID,35.95,True,0.0,0.0,0.00,0.00
1688214420.0,TREND,NO_GO,HOLD,22.67,NORMAL,PRO,DEFENSIVE,1.0,0.50,Aegean:FLAT(0.50)|Orion:LONG(0.34),Regime: TREND (Orion 2x). Score: 0.23. Low Conviction (<0.35).,LOW_CONVICTION,-1.914532,MID,33.60,True,0.0,0.0,0.00,0.00
1688214480.0,TREND,NO_GO,HOLD,19.03,NORMAL,PRO,DEFENSIVE,1.0,0.50,Aegean:FLAT(0.50)|Orion:LONG(0.29),Regime: TREND (Orion 2x). Score: 0.19. Low Conviction (<0.35).,LOW_CONVICTION,-1.198480,MID,31.42,True,0.0,0.0,0.00,0.00
1688214540.0,TREND,NO_GO,HOLD,15.41,NORMAL,PRO,DEFENSIVE,1.0,0.50,Aegean:FLAT(0.50)|Orion:LONG(0.23),Regime: TREND (Orion 2x). Score: 0.15. Low Conviction (<0.35).,LOW_CONVICTION,-0.480697,MID,29.25,True,0.0,0.0,0.00,0.00
1688214600.0,TREND,NO_GO,HOLD,12.60,NORMAL,PRO,DEFENSIVE,1.0,0.50,Aegean:FLAT(0.50)|Orion:LONG(0.19),Regime: TREND (Orion 2x). Score: 0.13. Low Conviction (<0.35).,LOW_CONVICTION,-0.779691,MID,27.56,True,0.0,0.0,0.00,0.00
1688214660.0,TREND,NO_GO,HOLD,9.96,NORMAL,PRO,DEFENSIVE,1.0,0.50,Aegean:FLAT(0.50)|Orion:LONG(0.15),Regime: TREND (Orion 2x). Score: 0.10. Low Conviction (<0.35).,LOW_CONVICTION,-1.526722,DIP,25.98,True,0.0,0.0,0.00,0.00
1688214720.0,TREND,NO_GO,HOLD,13.33,NORMAL,PRO,DEFENSIVE,1.0,0.50,Aegean:FLAT(0.50)|Orion:LONG(0.20),Regime: TREND (Orion 2x). Score: 0.13. Low Conviction (<0.35).,LOW_CONVICTION,-1.958901,DIP,24.52,False,0.0,0.0,0.00,0.00
1688214780.0,TREND,NO_GO,HOLD,13.33,NORMAL,PRO,DEFENSIVE,1.0,0.50,Aegean:FLAT(0.50)|Orion:LONG(0.20),Regime: TREND (Orion 2x). Score: 0.13. Low Conviction (<0.35).,LOW_CONVICTION,-0.821889,DIP,22.97,False,0.0,0.0,0.00,0.00
1688214840.0,CHOP,NO_GO,HOLD,13.33,NORMAL,PRO,DEFENSIVE,1.0,0.50,Aegean:FLAT(0.50)|Orion:SHORT(0.20),Regime: CHOP (Reduced Weights). Score: -0.13. Low Conviction (<0.35).,LOW_CONVICTION,-1.955989,DIP,21.75,False,0.0,0.0,0.00,0.00
1688214900.0,CHOP,NO_GO,HOLD,13.33,NORMAL,PRO,DEFENSIVE,1.0,0.50,Aegean:FLAT(0.50)|Orion:LONG(0.20),Regime: CHOP (Reduced Weights). Score: 0.13. Low Conviction (<0.35).,LOW_CONVICTION,-1.053533,DIP,20.61,False,0.0,0.0,0.00,0.00
1688214960.0,CHOP,NO_GO,HOLD,13.33,NORMAL,PRO,DEFENSIVE,1.0,0.50,Aegean:FLAT(0.50)|Orion:LONG(0.20),Regime: CHOP (Reduced Weights). Score: 0.13. Low Conviction (<0.35).,LOW_CONVICTION,0.890330,MID,19.98,False,0.0,0.0,0.00,0.00
1688215020.0,TREND,NO_GO,HOLD,13.33,NORMAL,PRO,DEFENSIVE,1.0,0.50,Aegean:FLAT(0.50)|Orion:LONG(0.20),Regime: TREND (Orion 2x). Score: 0.13. Low Conviction (<0.35).,LOW_CONVICTION,2.193095,MID,20.16,False,0.0,0.0,0.00,0.00
1688215080.0,TREND,NO_GO,HOLD,13.33,NORMAL,PRO,DEFENSIVE,1.0,0.50,Aegean:FLAT(0.50)|Orion:LONG(0.20),Regime: TREND (Orion 2x). Score: 0.13. Low Conviction (<0.35).,LOW_CONVICTION,2.327389,MID,20.47,False,0.0,0.0,0.00,0.00
1688215140.0,TREND,NO_GO,HOLD,13.33,NORMAL,PRO,DEFENSIVE,1.0,0.50,Aegean:FLAT(0.50)|Orion:LONG(0.20),Regime: TREND (Orion 2x). Score: 0.13. Low Conviction (<0.35).,LOW_CONVICTION,1.775000,MID,20.76,False,0.0,0.0,0.00,0.00
1688215200.0,TREND,NO_GO,HOLD,13.33,NORMAL,PRO,DEFENSIVE,1.0,0.50,Aegean:FLAT(0.50)|Orion:LONG(0.20),Regime: TREND (Orion 2x). Score: 0.13. Low Conviction (<0.35).,LOW_CONVICTION,2.437889,MID,21.57,False,0.0,0.0,0.00,0.00
1688215260.0,TREND,NO_GO,HOLD,13.33,NORMAL,PRO,DEFENSIVE,1.0,0.50,Aegean:FLAT(0.50)|Orion:LONG(0.20),Regime: TREND (Orion 2x). Score: 0.13. Low Conviction (<0.35).,LOW_CONVICTION,2.251423,MID,22.34,False,0.0,0.0,0.00,0.00
1688215320.0,TREND,NO_GO,HOLD,13.33,NORMAL,PRO,DEFENSIVE,1.0,0.50,Aegean:FLAT(0.50)|Orion:LONG(0.20),Regime: TREND (Orion 2x). Score: 0.13. Low Conviction (<0.35).,LOW_CONVICTION,0.093394,MID,20.78,False,0.0,0.0,0.00,0.00
1688215380.0,TREND,NO_GO,HOLD,13.33,NORMAL,PRO,DEFENSIVE,1.0,0.50,Aegean:FLAT(0.50)|Orion:LONG(0.20),Regime: TREND (Orion 2x). Score: 0.13. Low Conviction (<0.35).,LOW_CONVICTION,0.331922,MID,19.32,False,0.0,0.0,0.00,0.00
1688215440.0,CHOP,NO_GO,HOLD,13.33,NORMAL,PRO,DEFENSIVE,1.0,0.50,Aegean:FLAT(0.50)|Orion:LONG(0.20),Regime: CHOP (Reduced Weights). Score: 0.13. Low Conviction (<0.35).,LOW_CONVICTION,1.155186,MID,18.03,False,0.0,0.0,0.00,0.00
1688215500.0,CHOP,NO_GO,HOLD,13.33,NORMAL,PRO,DEFENSIVE,1.0,0.50,Aegean:FLAT(0.50)|Orion:LONG(0.20),Regime: CHOP (Reduced Weights). Score: 0.13. Low Conviction (<0.35).,LOW_CONVICTION,1.590212,MID,17.41,False,0.0,0.0,0.00,0.00
1688215560.0,CHOP,NO_GO,HOLD,13.33,NORMAL,PRO,DEFENSIVE,1.0,0.50,Aegean:FLAT(0.50)|Orion:LONG(0.20),Regime: CHOP (Reduced Weights). Score: 0.13. Low Conviction (<0.35).,LOW_CONVICTION,1.322131,MID,16.83,False,0.0,0.0,0.00,0.00
1688215620.0,CHOP,NO_GO,HOLD,13.33,NORMAL,PRO,DEFENSIVE,1.0,0.50,Aegean:FLAT(0.50)|Orion:LONG(0.20),Regime: CHOP (Reduced Weights). Score: 0.13. Low Conviction (<0.35).,LOW_CONVICTION,1.302631,TOP,16.46,False,0.0,0.0,0.00,0.00
1688215680.0,CHOP,NO_GO,HOLD,13.33,NORMAL,PRO,DEFENSIVE,1.0,0.50,Aegean:FLAT(0.50)|Orion:LONG(0.20),Regime: CHOP (Reduced Weights). Score: 0.13. Low Conviction (<0.35).,LOW_CONVICTION,-0.359831,MID,15.48,False,0.0,0.0,0.00,0.00
1688215740.0,CHOP,NO_GO,HOLD,13.33,NORMAL,PRO,DEFENSIVE,1.0,0.50,Aegean:FLAT(0.50)|Orion:LONG(0.20),Regime: CHOP (Reduced Weights). Score: 0.13. Low Conviction (<0.35).,LOW_CONVICTION,-1.266475,MID,15.18,False,0.0,0.0,0.00,0.00
1688215800.0,CHOP,NO_GO,HOLD,13.33,NORMAL,PRO,DEFENSIVE,1.0,0.50,Aegean:FLAT(0.50)|Orion:LONG(0.20),Regime: CHOP (Reduced Weights). Score: 0.13. Low Conviction (<0.35).,LOW_CONVICTION,0.664487,MID,14.24,False,0.0,0.0,0.00,0.00
1688215860.0,CHOP,NO_GO,HOLD,13.33,NORMAL,PRO,DEFENSIVE,1.0,0.50,Aegean:FLAT(0.50)|Orion:LONG(0.20),Regime: CHOP (Reduced Weights). Score: 0.13. Low Conviction (<0.35).,LOW_CONVICTION,1.122862,MID,13.48,False,0.0,0.0,0.00,0.00
1688215920.0,CHOP,NO_GO,HOLD,13.33,NORMAL,PRO,DEFENSIVE,1.0,0.50,Aegean:FLAT(0.50)|Orion:LONG(0.20),Regime: CHOP (Reduced Weights). Score: 0.13. Low Conviction (<0.35).,LOW_CONVICTION,1.204413,TOP,12.89,False,0.0,0.0,0.00,0.00
1688215980.0,CHOP,NO_GO,HOLD,13.33,NORMAL,PRO,DEFENSIVE,1.0,0.50,Aegean:FLAT(0.50)|Orion:SHORT(0.20),Regime: CHOP (Reduced Weights). Score: -0.13. Low Conviction (<0.35).,LOW_CONVICTION,-1.981721,MID,13.45,False,0.0,0.0,0.00,0.00
1688216040.0,CHOP,NO_GO,HOLD,13.33,NORMAL,PRO,DEFENSIVE,1.0,0.50,Aegean:FLAT(0.50)|Orion:LONG(0.20),Regime: CHOP (Reduced Weights). Score: 0.13. Low Conviction (<0.35).,LOW_CONVICTION,-0.540539,MID,13.95,False,0.0,0.0,0.00,0.00
1688216100.0,CHOP,NO_GO,HOLD,13.33,NORMAL,PRO,DEFENSIVE,1.0,0.50,Aegean:FLAT(0.50)|Orion:SHORT(0.20),Regime: CHOP (Reduced Weights). Score: -0.13. Low Conviction (<0.35).,LOW_CONVICTION,-1.858699,MID,14.52,False,0.0,0.0,0.00,0.00
1688216160.0,CHOP,NO_GO,HOLD,13.33,NORMAL,PRO,DEFENSIVE,1.0,0.50,Aegean:FLAT(0.50)|Orion:SHORT(0.20),Regime: CHOP (Reduced Weights). Score: -0.13. Low Conviction (<0.35).,LOW_CONVICTION,-1.847659,MID,15.73,False,0.0,0.0,0.00,0.00
1688216220.0,CHOP,NO_GO,HOLD,13.33,NORMAL,PRO,DEFENSIVE,1.0,0.50,Aegean:FLAT(0.50)|Orion:SHORT(0.20),Regime: CHOP (Reduced Weights). Score: -0.13. Low Conviction (<0.35).,LOW_CONVICTION,-2.215401,MID,16.21,False,0.0,0.0,0.00,0.00
1688216280.0,CHOP,NO_GO,HOLD,13.33,NORMAL,PRO,DEFENSIVE,1.0,0.50,Aegean:FLAT(0.50)|Orion:SHORT(0.20),Regime: CHOP (Reduced Weights). Score: -0.13. Low Conviction (<0.35).,LOW_CONVICTION,-1.985175,MID,16.90,False,0.0,0.0,0.00,0.00
1688216340.0,CHOP,NO_GO,HOLD,13.33,NORMAL,PRO,DEFENSIVE,1.0,0.50,Aegean:FLAT(0.50)|Orion:SHORT(0.20),Regime: CHOP (Reduced Weights). Score: -0.13. Low Conviction (<0.35).,LOW_CONVICTION,-2.066963,DIP,17.47,False,0.0,0.0,0.00,0.00
1688216400.0,CHOP,NO_GO,HOLD,13.33,NORMAL,PRO,DEFENSIVE,1.0,0.50,Aegean:FLAT(0.50)|Orion:SHORT(0.20),Regime: CHOP (Reduced Weights). Score: -0.13. Low Conviction (<0.35).,LOW_CONVICTION,-0.059540,MID,16.78,False,0.0,0.0,0.00,0.00
1688216460.0,CHOP,NO_GO,HOLD,13.33,NORMAL,PRO,DEFENSIVE,1.0,0.50,Aegean:FLAT(0.50)|Orion:LONG(0.20),Regime: CHOP (Reduced Weights). Score: 0.13. Low Conviction (<0.35).,LOW_CONVICTION,0.805475,MID,15.97,False,0.0,0.0,0.00,0.00
1688216520.0,CHOP,NO_GO,HOLD,13.33,NORMAL,PRO,DEFENSIVE,1.0,0.50,Aegean:FLAT(0.50)|Orion:LONG(0.20),Regime: CHOP (Reduced Weights). Score: 0.13. Low Conviction (<0.35).,LOW_CONVICTION,1.072707,MID,15.31,False,0.0,0.0,0.00,0.00
1688216580.0,CHOP,NO_GO,HOLD,13.33,NORMAL,PRO,DEFENSIVE,1.0,0.50,Aegean:FLAT(0.50)|Orion:SHORT(0.20),Regime: CHOP (Reduced Weights). Score: -0.13. Low Conviction (<0.35).,LOW_CONVICTION,0.197118,MID,14.43,False,0.0,0.0,0.00,0.00
1688216640.0,CHOP,NO_GO,HOLD,13.33,NORMAL,PRO,DEFENSIVE,1.0,0.50,Aegean:FLAT(0.50)|Orion:LONG(0.20),Regime: CHOP (Reduced Weights). Score: 0.13. Low Conviction (<0.35).,LOW_CONVICTION,1.505629,MID,13.93,False,0.0,0.0,0.00,0.00
1688216700.0,CHOP,NO_GO,HOLD,13.33,NORMAL,PRO,DEFENSIVE,1.0,0.50,Aegean:FLAT(0.50)|Orion:LONG(0.20),Regime: CHOP (Reduced Weights). Score: 0.13. Low Conviction (<0.35).,LOW_CONVICTION,1.431504,MID,13.51,False,0.0,0.0,0.00,0.00
1688216760.0,CHOP,NO_GO,HOLD,13.33,NORMAL,PRO,DEFENSIVE,1.0,0.50,Aegean:FLAT(0.50)|Orion:LONG(0.20),Regime: CHOP (Reduced Weights). Score: 0.13. Low Conviction (<0.35).,LOW_CONVICTION,1.815940,TOP,13.47,False,0.0,0.0,0.00,0.00
1688216820.0,CHOP,NO_GO,HOLD,13.33,NORMAL,PRO,DEFENSIVE,1.0,0.50,Aegean:FLAT(0.50)|Orion:LONG(0.20),Regime: CHOP (Reduced Weights). Score: 0.13. Low Conviction (<0.35).,LOW_CONVICTION,2.486999,TOP,14.02,False,0.0,0.0,0.00,0.00
1688216880.0,CHOP,NO_GO,HOLD,13.33,NORMAL,PRO,DEFENSIVE,1.0,0.50,Aegean:FLAT(0.50)|Orion:LONG(0.20),Regime: CHOP (Reduced Weights). Score: 0.13. Low Conviction (<0.35).,LOW_CONVICTION,1.022442,MID,14.15,False,0.0,0.0,0.00,0.00
1688216940.0,CHOP,NO_GO,HOLD,13.33,NORMAL,PRO,DEFENSIVE,1.0,0.50,Aegean:FLAT(0.50)|Orion:LONG(0.20),Regime: CHOP (Reduced Weights). Score: 0.13. Low Conviction (<0.35).,LOW_CONVICTION,1.895686,TOP,14.19,False,0.0,0.0,0.00,0.00
1688217000.0,CHOP,NO_GO,HOLD,13.33,NORMAL,PRO,DEFENSIVE,1.0,0.50,Aegean:FLAT(0.50)|Orion:LONG(0.20),Regime: CHOP (Reduced Weights). Score: 0.13. Low Conviction (<0.35).,LOW_CONVICTION,2.583118,TOP,14.65,False,0.0,0.0,0.00,0.00
1688217060.0,CHOP,NO_GO,HOLD,13.33,NORMAL,PRO,DEFENSIVE,1.0,0.50,Aegean:FLAT(0.50)|Orion:LONG(0.20),Regime: CHOP (Reduced Weights). Score: 0.13. Low Conviction (<0.35).,LOW_CONVICTION,2.654051,TOP,15.35,False,0.0,0.0,0.00,0.00
1688217120.0,CHOP,NO_GO,HOLD,13.33,NORMAL,PRO,DEFENSIVE,1.0,0.50,Aegean:FLAT(0.50)|Orion:LONG(0.20),Regime: CHOP (Reduced Weights). Score: 0.13. Low Conviction (<0.35).,LOW_CONVICTION,2.800010,TOP,16.70,False,0.0,0.0,0.00,0.00
1688217180.0,CHOP,NO_GO,HOLD,13.33,NORMAL,PRO,DEFENSIVE,1.0,0.50,Aegean:FLAT(0.50)|Orion:LONG(0.20),Regime: CHOP (Reduced Weights). Score: 0.13. Low Conviction (<0.35).,LOW_CONVICTION,-1.025333,MID,15.69,False,0.0,0.0,0.00,0.00
1688217240.0,CHOP,NO_GO,HOLD,13.33,NORMAL,PRO,DEFENSIVE,1.0,0.50,Aegean:FLAT(0.30)|Orion:SHORT(0.20),Regime: CHOP (Reduced Weights). Score: -0.13. Low Conviction (<0.35).,LOW_CONVICTION,-3.157370,DIP,15.95,False,0.0,0.0,0.00,0.00
1688217300.0,CHOP,NO_GO,HOLD,13.33,NORMAL,PRO,DEFENSIVE,1.0,0.50,Aegean:FLAT(0.50)|Orion:SHORT(0.20),Regime: CHOP (Reduced Weights). Score: -0.13. Low Conviction (<0.35).,LOW_CONVICTION,-1.876361,MID,16.20,False,0.0,0.0,0.00,0.00
1688217360.0,CHOP,NO_GO,HOLD,13.33,NORMAL,PRO,DEFENSIVE,1.0,0.50,Aegean:FLAT(0.50)|Orion:SHORT(0.20),Regime: CHOP (Reduced Weights). Score: -0.13. Low Conviction (<0.35).,LOW_CONVICTION,-1.012727,MID,16.21,False,0.0,0.0,0.00,0.00
1688217420.0,CHOP,NO_GO,HOLD,13.33,NORMAL,PRO,DEFENSIVE,1.0,0.50,Aegean:FLAT(0.50)|Orion:SHORT(0.20),Regime: CHOP (Reduced Weights). Score: -0.13. Low Conviction (<0.35).,LOW_CONVICTION,-2.608832,DIP,16.70,False,0.0,0.0,0.00,0.00
1688217480.0,CHOP,NO_GO,HOLD,13.33,NORMAL,PRO,DEFENSIVE,1.0,0.50,Aegean:FLAT(0.50)|Orion:SHORT(0.20),Regime: CHOP (Reduced Weights). Score: -0.13. Low Conviction (<0.35).,LOW_CONVICTION,-1.441073,MID,17.15,False,0.0,0.0,0.00,0.00
1688217540.0,CHOP,NO_GO,HOLD,13.33,NORMAL,PRO,DEFENSIVE,1.0,0.50,Aegean:FLAT(0.50)|Orion:SHORT(0.20),Regime: CHOP (Reduced Weights). Score: -0.13. Low Conviction (<0.35).,LOW_CONVICTION,-1.038372,MID,17.35,False,0.0,0.0,0.00,0.00
1688217600.0,CHOP,NO_GO,HOLD,13.33,NORMAL,PRO,DEFENSIVE,1.0,0.50,Aegean:FLAT(0.50)|Orion:SHORT(0.20),Regime: CHOP (Reduced Weights). Score: -0.13. Low Conviction (<0.35).,LOW_CONVICTION,-0.221354,MID,16.92,False,0.0,0.0,0.00,0.00
1688217660.0,CHOP,NO_GO,HOLD,13.33,NORMAL,PRO,DEFENSIVE,1.0,0.50,Aegean:FLAT(0.50)|Orion:LONG(0.20),Regime: CHOP (Reduced Weights). Score: 0.13. Low Conviction (<0.35).,LOW_CONVICTION,0.822909,MID,15.78,False,0.0,0.0,0.00,0.00
1688217720.0,CHOP,NO_GO,HOLD,13.33,NORMAL,PRO,DEFENSIVE,1.0,0.50,Aegean:FLAT(0.50)|Orion:LONG(0.20),Regime: CHOP (Reduced Weights). Score: 0.13. Low Conviction (<0.35).,LOW_CONVICTION,0.265025,MID,14.73,False,0.0,0.0,0.00,0.00
1688217780.0,CHOP,NO_GO,HOLD,13.33,NORMAL,PRO,DEFENSIVE,1.0,0.50,Aegean:FLAT(0.50)|Orion:SHORT(0.20),Regime: CHOP (Reduced Weights). Score: -0.13. Low Conviction (<0.35).,LOW_CONVICTION,-0.563224,MID,14.33,False,0.0,0.0,0.00,0.00
1688217840.0,CHOP,NO_GO,HOLD,13.33,NORMAL,PRO,DEFENSIVE,1.0,0.50,Aegean:FLAT(0.50)|Orion:SHORT(0.20),Regime: CHOP (Reduced Weights). Score: -0.13. Low Conviction (<0.35).,LOW_CONVICTION,-0.932166,MID,14.52,False,0.0,0.0,0.00,0.00
1688217900.0,CHOP,NO_GO,HOLD,13.33,NORMAL,PRO,DEFENSIVE,1.0,0.50,Aegean:FLAT(0.50)|Orion:SHORT(0.20),Regime: CHOP (Reduced Weights). Score: -0.13. Low Conviction (<0.35).,LOW_CONVICTION,-2.503901,DIP,15.49,False,0.0,0.0,0.00,0.00
1688217960.0,CHOP,NO_GO,HOLD,13.33,NORMAL,PRO,DEFENSIVE,1.0,0.50,Aegean:FLAT(0.50)|Orion:SHORT(0.20),Regime: CHOP (Reduced Weights). Score: -0.13. Low Conviction (<0.35).,LOW_CONVICTION,-2.157725,DIP,16.40,False,0.0,0.0,0.00,0.00
1688218020.0,CHOP,NO_GO,HOLD,13.33,NORMAL,PRO,DEFENSIVE,1.0,0.50,Aegean:FLAT(0.50)|Orion:SHORT(0.20),Regime: CHOP (Reduced Weights). Score: -0.13. Low Conviction (<0.35).,LOW_CONVICTION,-2.493441,DIP,17.99,False,0.0,0.0,0.00,0.00
1688218080.0,CHOP,NO_GO,HOLD,13.33,NORMAL,PRO,DEFENSIVE,1.0,0.50,Aegean:FLAT(0.30)|Orion:SHORT(0.20),Regime: CHOP (Reduced Weights). Score: -0.13. Low Conviction (<0.35).,LOW_CONVICTION,-3.187462,DIP,19.38,False,0.0,0.0,0.00,0.00
1688218140.0,TREND,NO_GO,HOLD,13.33,NORMAL,PRO,DEFENSIVE,1.0,0.50,Aegean:FLAT(0.30)|Orion:SHORT(0.20),Regime: TREND (Orion 2x). Score: -0.13. Low Conviction (<0.35).,LOW_CONVICTION,-3.560941,DIP,21.00,False,0.0,0.0,0.00,0.00
1688218200.0,TREND,NO_GO,HOLD,13.33,NORMAL,PRO,DEFENSIVE,1.0,0.50,Aegean:FLAT(0.30)|Orion:SHORT(0.20),Regime: TREND (Orion 2x). Score: -0.13. Low Conviction (<0.35).,LOW_CONVICTION,-3.354450,DIP,22.65,False,0.0,0.0,0.00,0.00
1688218260.0,TREND,NO_GO,HOLD,13.33,NORMAL,PRO,DEFENSIVE,1.0,0.50,Aegean:FLAT(0.50)|Orion:SHORT(0.20),Regime: TREND (Orion 2x). Score: -0.13. Low Conviction (<0.35).,LOW_CONVICTION,-1.135715,MID,22.86,False,0.0,0.0,0.00,0.00
1688218320.0,TREND,NO_GO,HOLD,13.33,NORMAL,PRO,DEFENSIVE,1.0,0.50,Aegean:FLAT(0.50)|Orion:SHORT(0.20),Regime: TREND (Orion 2x). Score: -0.13. Low Conviction (<0.35).,LOW_CONVICTION,-1.508439,MID,23.07,False,0.0,0.0,0.00,0.00
1688218380.0,TREND,NO_GO,HOLD,13.33,NORMAL,PRO,DEFENSIVE,1.0,0.50,Aegean:FLAT(0.50)|Orion:SHORT(0.20),Regime: TREND (Orion 2x). Score: -0.13. Low Conviction (<0.35).,LOW_CONVICTION,-1.363668,MID,23.26,False,0.0,0.0,0.00,0.00
1688218440.0,TREND,NO_GO,HOLD,13.33,NORMAL,PRO,DEFENSIVE,1.0,0.50,Aegean:FLAT(0.50)|Orion:SHORT(0.20),Regime: TREND (Orion 2x). Score: -0.13. Low Conviction (<0.35).,LOW_CONVICTION,-1.071809,MID,23.30,False,0.0,0.0,0.00,0.00
1688218500.0,TREND,NO_GO,HOLD,13.33,NORMAL,PRO,DEFENSIVE,1.0,0.50,Aegean:FLAT(0.50)|Orion:SHORT(0.20),Regime: TREND (Orion 2x). Score: -0.13. Low Conviction (<0.35).,LOW_CONVICTION,-0.877691,MID,22.70,False,0.0,0.0,0.00,0.00
1688218560.0,TREND,NO_GO,HOLD,13.33,NORMAL,PRO,DEFENSIVE,1.0,0.50,Aegean:FLAT(0.50)|Orion:SHORT(0.20),Regime: TREND (Orion 2x). Score: -0.13. Low Conviction (<0.35).,LOW_CONVICTION,-0.491470,MID,22.16,False,0.0,0.0,0.00,0.00
1688218620.0,TREND,NO_GO,HOLD,13.33,NORMAL,PRO,DEFENSIVE,1.0,0.50,Aegean:FLAT(0.50)|Orion:SHORT(0.20),Regime: TREND (Orion 2x). Score: -0.13. Low Conviction (<0.35).,LOW_CONVICTION,-0.900854,MID,22.02,False,0.0,0.0,0.00,0.00
1688218680.0,TREND,NO_GO,HOLD,13.33,NORMAL,PRO,DEFENSIVE,1.0,0.50,Aegean:FLAT(0.50)|Orion:SHORT(0.20),Regime: TREND (Orion 2x). Score: -0.13. Low Conviction (<0.35).,LOW_CONVICTION,-0.809582,MID,21.88,False,0.0,0.0,0.00,0.00
1688218740.0,TREND,NO_GO,HOLD,13.33,NORMAL,PRO,DEFENSIVE,1.0,0.50,Aegean:FLAT(0.50)|Orion:SHORT(0.20),Regime: TREND (Orion 2x). Score: -0.13. Low Conviction (<0.35).,LOW_CONVICTION,-0.768766,MID,21.77,False,0.0,0.0,0.00,0.00
1688218800.0,TREND,NO_GO,HOLD,13.33,NORMAL,PRO,DEFENSIVE,1.0,0.50,Aegean:FLAT(0.50)|Orion:SHORT(0.20),Regime: TREND (Orion 2x). Score: -0.13. Low Conviction (<0.35).,LOW_CONVICTION,-0.132114,MID,20.90,False,0.0,0.0,0.00,0.00
1688218860.0,TREND,NO_GO,HOLD,13.33,NORMAL,PRO,DEFENSIVE,1.0,0.50,Aegean:FLAT(0.50)|Orion:LONG(0.20),Regime: TREND (Orion 2x). Score: 0.13. Low Conviction (<0.35).,LOW_CONVICTION,1.681354,MID,20.51,False,0.0,0.0,0.00,0.00
1688218920.0,TREND,NO_GO,HOLD,13.33,NORMAL,PRO,DEFENSIVE,1.0,0.50,Aegean:FLAT(0.50)|Orion:LONG(0.20),Regime: TREND (Orion 2x). Score: 0.13. Low Conviction (<0.35).,LOW_CONVICTION,2.407093,TOP,20.79,False,0.0,0.0,0.00,0.00
1688218980.0,TREND,NO_GO,HOLD,13.33,NORMAL,PRO,DEFENSIVE,1.0,0.50,Aegean:FLAT(0.50)|Orion:LONG(0.20),Regime: TREND (Orion 2x). Score: 0.13. Low Conviction (<0.35).,LOW_CONVICTION,1.833049,TOP,21.04,False,0.0,0.0,0.00,0.00
1688219040.0,TREND,NO_GO,HOLD,13.33,NORMAL,PRO,DEFENSIVE,1.0,0.50,Aegean:FLAT(0.50)|Orion:LONG(0.20),Regime: TREND (Orion 2x). Score: 0.13. Low Conviction (<0.35).,LOW_CONVICTION,1.299225,TOP,20.85,False,0.0,0.0,0.00,0.00
1688219100.0,TREND,NO_GO,HOLD,13.33,NORMAL,PRO,DEFENSIVE,1.0,0.50,Aegean:FLAT(0.50)|Orion:SHORT(0.20),Regime: TREND (Orion 2x). Score: -0.13. Low Conviction (<0.35).,LOW_CONVICTION,0.488739,MID,19.97,False,0.0,0.0,0.00,0.00
1688219160.0,CHOP,NO_GO,HOLD,13.33,NORMAL,PRO,DEFENSIVE,1.0,0.50,Aegean:FLAT(0.50)|Orion:SHORT(0.20),Regime: CHOP (Reduced Weights). Score: -0.13. Low Conviction (<0.35).,LOW_CONVICTION,-1.002663,MID,19.29,False,0.0,0.0,0.00,0.00
1688219220.0,CHOP,NO_GO,HOLD,13.33,NORMAL,PRO,DEFENSIVE,1.0,0.50,Aegean:FLAT(0.50)|Orion:SHORT(0.20),Regime: CHOP (Reduced Weights). Score: -0.13. Low Conviction (<0.35).,LOW_CONVICTION,-0.714062,MID,18.64,False,0.0,0.0,0.00,0.00
1688219280.0,CHOP,NO_GO,HOLD,13.33,NORMAL,PRO,DEFENSIVE,1.0,0.50,Aegean:FLAT(0.50)|Orion:SHORT(0.20),Regime: CHOP (Reduced Weights). Score: -0.13. Low Conviction (<0.35).,LOW_CONVICTION,-0.674054,MID,18.05,False,0.0,0.0,0.00,0.00
1688219340.0,CHOP,NO_GO,HOLD,13.33,NORMAL,PRO,DEFENSIVE,1.0,0.50,Aegean:FLAT(0.50)|Orion:SHORT(0.20),Regime: CHOP (Reduced Weights). Score: -0.13. Low Conviction (<0.35).,LOW_CONVICTION,-1.569894,MID,18.61,False,0.0,0.0,0.00,0.00
1688219400.0,TREND,NO_GO,HOLD,13.33,NORMAL,PRO,DEFENSIVE,1.0,0.50,Aegean:FLAT(0.50)|Orion:SHORT(0.20),Regime: TREND (Orion 2x). Score: -0.13. Low Conviction (<0.35).,LOW_CONVICTION,-0.912244,MID,19.18,False,0.0,0.0,0.00,0.00
1688219460.0,TREND,NO_GO,HOLD,13.33,NORMAL,PRO,DEFENSIVE,1.0,0.50,Aegean:FLAT(0.50)|Orion:SHORT(0.20),Regime: TREND (Orion 2x). Score: -0.13. Low Conviction (<0.35).,LOW_CONVICTION,-1.157608,MID,19.66,False,0.0,0.0,0.00,0.00
1688219520.0,TREND,NO_GO,HOLD,13.33,NORMAL,PRO,DEFENSIVE,1.0,0.50,Aegean:FLAT(0.50)|Orion:SHORT(0.20),Regime: TREND (Orion 2x). Score: -0.13. Low Conviction (<0.35).,LOW_CONVICTION,-0.298862,MID,19.65,False,0.0,0.0,0.00,0.00
1688219580.0,CHOP,NO_GO,HOLD,13.33,NORMAL,PRO,DEFENSIVE,1.0,0.50,Aegean:FLAT(0.50)|Orion:SHORT(0.20),Regime: CHOP (Reduced Weights). Score: -0.13. Low Conviction (<0.35).,LOW_CONVICTION,0.442867,MID,18.54,False,0.0,0.0,0.00,0.00
1688219640.0,CHOP,NO_GO,HOLD,13.33,NORMAL,PRO,DEFENSIVE,1.0,0.50,Aegean:FLAT(0.50)|Orion:SHORT(0.20),Regime: CHOP (Reduced Weights). Score: -0.13. Low Conviction (<0.35).,LOW_CONVICTION,0.468739,MID,17.52,False,0.0,0.0,0.00,0.00
1688219700.0,CHOP,NO_GO,HOLD,13.33,NORMAL,PRO,DEFENSIVE,1.0,0.50,Aegean:FLAT(0.50)|Orion:SHORT(0.20),Regime: CHOP (Reduced Weights). Score: -0.13. Low Conviction (<0.35).,LOW_CONVICTION,0.119229,MID,16.81,False,0.0,0.0,0.00,0.00
1688219760.0,CHOP,NO_GO,HOLD,13.33,NORMAL,PRO,DEFENSIVE,1.0,0.50,Aegean:FLAT(0.50)|Orion:SHORT(0.20),Regime: CHOP (Reduced Weights). Score: -0.13. Low Conviction (<0.35).,LOW_CONVICTION,-1.000972,MID,17.45,False,0.0,0.0,0.00,0.00
1688219820.0,CHOP,NO_GO,HOLD,13.33,NORMAL,PRO,DEFENSIVE,1.0,0.50,Aegean:FLAT(0.50)|Orion:SHORT(0.20),Regime: CHOP (Reduced Weights). Score: -0.13. Low Conviction (<0.35).,LOW_CONVICTION,-0.044050,MID,18.03,False,0.0,0.0,0.00,0.00
1688219880.0,CHOP,NO_GO,HOLD,13.33,NORMAL,PRO,DEFENSIVE,1.0,0.50,Aegean:FLAT(0.50)|Orion:SHORT(0.20),Regime: CHOP (Reduced Weights). Score: -0.13. Low Conviction (<0.35).,LOW_CONVICTION,0.022077,MID,18.50,False,0.0,0.0,0.00,0.00
1688219940.0,TREND,NO_GO,HOLD,13.33,NORMAL,PRO,DEFENSIVE,1.0,0.50,Aegean:FLAT(0.50)|Orion:SHORT(0.20),Regime: TREND (Orion 2x). Score: -0.13. Low Conviction (<0.35).,LOW_CONVICTION,-0.060248,MID,18.95,False,0.0,0.0,0.00,0.00
1688220000.0,TREND,NO_GO,HOLD,13.33,NORMAL,PRO,DEFENSIVE,1.0,0.50,Aegean:FLAT(0.50)|Orion:SHORT(0.20),Regime: TREND (Orion 2x). Score: -0.13. Low Conviction (<0.35).,LOW_CONVICTION,-0.744836,MID,20.01,False,0.0,0.0,0.00,0.00
1688220060.0,TREND,NO_GO,HOLD,13.33,NORMAL,PRO,DEFENSIVE,1.0,0.50,Aegean:FLAT(0.50)|Orion:SHORT(0.20),Regime: TREND (Orion 2x). Score: -0.13. Low Conviction (<0.35).,LOW_CONVICTION,-0.269092,MID,20.37,False,0.0,0.0,0.00,0.00
1688220120.0,TREND,NO_GO,HOLD,13.33,NORMAL,PRO,DEFENSIVE,1.0,0.50,Aegean:FLAT(0.50)|Orion:SHORT(0.20),Regime: TREND (Orion 2x). Score: -0.13. Low Conviction (<0.35).,LOW_CONVICTION,-1.185706,DIP,21.18,False,0.0,0.0,0.00,0.00
1688220180.0,TREND,NO_GO,HOLD,13.33,NORMAL,PRO,DEFENSIVE,1.0,0.50,Aegean:FLAT(0.50)|Orion:SHORT(0.20),Regime: TREND (Orion 2x). Score: -0.13. Low Conviction (<0.35).,LOW_CONVICTION,-2.536881,DIP,22.93,False,0.0,0.0,0.00,0.00
1688220240.0,TREND,NO_GO,HOLD,13.33,NORMAL,PRO,DEFENSIVE,1.0,0.50,Aegean:FLAT(0.50)|Orion:SHORT(0.20),Regime: TREND (Orion 2x). Score: -0.13. Low Conviction (<0.35).,LOW_CONVICTION,-2.424580,DIP,24.59,False,0.0,0.0,0.00,0.00
1688220300.0,TREND,NO_GO,HOLD,13.33,NORMAL,PRO,DEFENSIVE,1.0,0.50,Aegean:FLAT(0.50)|Orion:LONG(0.20),Regime: TREND (Orion 2x). Score: 0.13. Low Conviction (<0.35).,LOW_CONVICTION,1.315532,TOP,23.26,False,0.0,0.0,0.00,0.00
1688220360.0,TREND,NO_GO,HOLD,13.33,NORMAL,PRO,DEFENSIVE,1.0,0.50,Aegean:FLAT(0.50)|Orion:SHORT(0.20),Regime: TREND (Orion 2x). Score: -0.13. Low Conviction (<0.35).,LOW_CONVICTION,0.324648,MID,22.02,False,0.0,0.0,0.00,0.00
1688220420.0,TREND,NO_GO,HOLD,13.33,NORMAL,PRO,DEFENSIVE,1.0,0.50,Aegean:FLAT(0.50)|Orion:SHORT(0.20),Regime: TREND (Orion 2x). Score: -0.13. Low Conviction (<0.35).,LOW_CONVICTION,-2.621379,DIP,21.96,False,0.0,0.0,0.00,0.00
1688220480.0,TREND,NO_GO,HOLD,13.33,NORMAL,PRO,DEFENSIVE,1.0,0.50,Aegean:FLAT(0.50)|Orion:SHORT(0.20),Regime: TREND (Orion 2x). Score: -0.13. Low Conviction (<0.35).,LOW_CONVICTION,-1.777859,MID,21.91,False,0.0,0.0,0.00,0.00
1688220540.0,TREND,NO_GO,HOLD,13.33,NORMAL,PRO,DEFENSIVE,1.0,0.50,Aegean:FLAT(0.50)|Orion:SHORT(0.20),Regime: TREND (Orion 2x). Score: -0.13. Low Conviction (<0.35).,LOW_CONVICTION,-1.234651,MID,21.58,False,0.0,0.0,0.00,0.00
1688220600.0,TREND,NO_GO,HOLD,13.33,NORMAL,PRO,DEFENSIVE,1.0,0.50,Aegean:FLAT(0.50)|Orion:SHORT(0.20),Regime: TREND (Orion 2x). Score: -0.13. Low Conviction (<0.35).,LOW_CONVICTION,0.371209,MID,20.09,False,0.0,0.0,0.00,0.00
1688220660.0,CHOP,NO_GO,HOLD,13.33,NORMAL,PRO,DEFENSIVE,1.0,0.50,Aegean:FLAT(0.50)|Orion:SHORT(0.20),Regime: CHOP (Reduced Weights). Score: -0.13. Low Conviction (<0.35).,LOW_CONVICTION,0.345856,MID,18.71,False,0.0,0.0,0.00,0.00
1688220720.0,CHOP,NO_GO,HOLD,13.33,NORMAL,PRO,DEFENSIVE,1.0,0.50,Aegean:FLAT(0.50)|Orion:LONG(0.20),Regime: CHOP (Reduced Weights). Score: 0.13. Low Conviction (<0.35).,LOW_CONVICTION,0.645713,MID,17.67,False,0.0,0.0,0.00,0.00
1688220780.0,CHOP,NO_GO,HOLD,13.33,NORMAL,PRO,DEFENSIVE,1.0,0.50,Aegean:FLAT(0.50)|Orion:SHORT(0.20),Regime: CHOP (Reduced Weights). Score: -0.13. Low Conviction (<0.35).,LOW_CONVICTION,0.197678,MID,16.66,False,0.0,0.0,0.00,0.00
1688220840.0,CHOP,NO_GO,HOLD,13.33,NORMAL,PRO,DEFENSIVE,1.0,0.50,Aegean:FLAT(0.50)|Orion:SHORT(0.20),Regime: CHOP (Reduced Weights). Score: -0.13. Low Conviction (<0.35).,LOW_CONVICTION,0.185617,MID,15.71,False,0.0,0.0,0.00,0.00
1688220900.0,CHOP,NO_GO,HOLD,13.33,NORMAL,PRO,DEFENSIVE,1.0,0.50,Aegean:FLAT(0.50)|Orion:LONG(0.20),Regime: CHOP (Reduced Weights). Score: 0.13. Low Conviction (<0.35).,LOW_CONVICTION,0.981107,MID,15.83,False,0.0,0.0,0.00,0.00
1688220960.0,CHOP,NO_GO,HOLD,13.33,NORMAL,PRO,DEFENSIVE,1.0,0.50,Aegean:FLAT(0.50)|Orion:LONG(0.20),Regime: CHOP (Reduced Weights). Score: 0.13. Low Conviction (<0.35).,LOW_CONVICTION,0.895920,MID,15.94,False,0.0,0.0,0.00,0.00
1688221020.0,CHOP,NO_GO,HOLD,13.33,NORMAL,PRO,DEFENSIVE,1.0,0.50,Aegean:FLAT(0.50)|Orion:LONG(0.20),Regime: CHOP (Reduced Weights). Score: 0.13. Low Conviction (<0.35).,LOW_CONVICTION,0.810594,MID,16.00,False,0.0,0.0,0.00,0.00
1688221080.0,CHOP,NO_GO,HOLD,13.33,NORMAL,PRO,DEFENSIVE,1.0,0.50,Aegean:FLAT(0.50)|Orion:SHORT(0.20),Regime: CHOP (Reduced Weights). Score: -0.13. Low Conviction (<0.35).,LOW_CONVICTION,-0.614243,MID,14.92,False,0.0,0.0,0.00,0.00
1688221140.0,CHOP,NO_GO,HOLD,13.33,NORMAL,PRO,DEFENSIVE,1.0,0.50,Aegean:FLAT(0.50)|Orion:SHORT(0.20),Regime: CHOP (Reduced Weights). Score: -0.13. Low Conviction (<0.35).,LOW_CONVICTION,-0.452208,MID,13.98,False,0.0,0.0,0.00,0.00
1688221200.0,CHOP,NO_GO,HOLD,13.33,NORMAL,PRO,DEFENSIVE,1.0,0.50,Aegean:FLAT(0.50)|Orion:LONG(0.20),Regime: CHOP (Reduced Weights). Score: 0.13. Low Conviction (<0.35).,LOW_CONVICTION,0.924846,MID,13.99,False,0.0,0.0,0.00,0.00
1688221260.0,CHOP,NO_GO,HOLD,13.33,NORMAL,PRO,DEFENSIVE,1.0,0.50,Aegean:FLAT(0.50)|Orion:LONG(0.20),Regime: CHOP (Reduced Weights). Score: 0.13. Low Conviction (<0.35).,LOW_CONVICTION,0.666821,MID,13.99,False,0.0,0.0,0.00,0.00
1688221320.0,CHOP,NO_GO,HOLD,13.33,NORMAL,PRO,DEFENSIVE,1.0,0.50,Aegean:FLAT(0.50)|Orion:LONG(0.20),Regime: CHOP (Reduced Weights). Score: 0.13. Low Conviction (<0.35).,LOW_CONVICTION,1.611656,TOP,14.61,False,0.0,0.0,0.00,0.00
1688221380.0,CHOP,NO_GO,HOLD,13.33,NORMAL,PRO,DEFENSIVE,1.0,0.50,Aegean:FLAT(0.50)|Orion:LONG(0.20),Regime: CHOP (Reduced Weights). Score: 0.13. Low Conviction (<0.35).,LOW_CONVICTION,1.487295,TOP,15.65,False,0.0,0.0,0.00,0.00
1688221440.0,CHOP,NO_GO,HOLD,13.33,NORMAL,PRO,DEFENSIVE,1.0,0.50,Aegean:FLAT(0.50)|Orion:LONG(0.20),Regime: CHOP (Reduced Weights). Score: 0.13. Low Conviction (<0.35).,LOW_CONVICTION,1.360262,TOP,16.65,False,0.0,0.0,0.00,0.00
1688221500.0,CHOP,NO_GO,HOLD,13.33,NORMAL,PRO,DEFENSIVE,1.0,0.50,Aegean:FLAT(0.50)|Orion:LONG(0.20),Regime: CHOP (Reduced Weights). Score: 0.13. Low Conviction (<0.35).,LOW_CONVICTION,0.059517,MID,16.28,False,0.0,0.0,0.00,0.00
1688221560.0,CHOP,NO_GO,HOLD,13.33,NORMAL,PRO,DEFENSIVE,1.0,0.50,Aegean:FLAT(0.50)|Orion:SHORT(0.20),Regime: CHOP (Reduced Weights). Score: -0.13. Low Conviction (<0.35).,LOW_CONVICTION,-0.166695,MID,15.75,False,0.0,0.0,0.00,0.00
1688221620.0,CHOP,NO_GO,HOLD,13.33,NORMAL,PRO,DEFENSIVE,1.0,0.50,Aegean:FLAT(0.50)|Orion:SHORT(0.20),Regime: CHOP (Reduced Weights). Score: -0.13. Low Conviction (<0.35).,LOW_CONVICTION,-0.234456,MID,15.15,False,0.0,0.0,0.00,0.00
1688221680.0,CHOP,NO_GO,HOLD,13.33,NORMAL,PRO,DEFENSIVE,1.0,0.50,Aegean:FLAT(0.50)|Orion:LONG(0.20),Regime: CHOP (Reduced Weights). Score: 0.13. Low Conviction (<0.35).,LOW_CONVICTION,0.365944,MID,15.02,False,0.0,0.0,0.00,0.00
1688221740.0,CHOP,NO_GO,HOLD,13.33,NORMAL,PRO,DEFENSIVE,1.0,0.50,Aegean:FLAT(0.50)|Orion:LONG(0.20),Regime: CHOP (Reduced Weights). Score: 0.13. Low Conviction (<0.35).,LOW_CONVICTION,0.344526,MID,14.93,False,0.0,0.0,0.00,0.00
1688221800.0,CHOP,NO_GO,HOLD,13.33,NORMAL,PRO,DEFENSIVE,1.0,0.50,Aegean:FLAT(0.50)|Orion:LONG(0.20),Regime: CHOP (Reduced Weights). Score: 0.13. Low Conviction (<0.35).,LOW_CONVICTION,1.483961,MID,15.75,False,0.0,0.0,0.00,0.00
1688221860.0,CHOP,NO_GO,HOLD,13.33,NORMAL,PRO,DEFENSIVE,1.0,0.50,Aegean:FLAT(0.50)|Orion:LONG(0.20),Regime: CHOP (Reduced Weights). Score: 0.13. Low Conviction (<0.35).,LOW_CONVICTION,1.329941,MID,16.51,False,0.0,0.0,0.00,0.00
1688221920.0,CHOP,NO_GO,HOLD,13.33,NORMAL,PRO,DEFENSIVE,1.0,0.50,Aegean:FLAT(0.50)|Orion:LONG(0.20),Regime: CHOP (Reduced Weights). Score: 0.13. Low Conviction (<0.35).,LOW_CONVICTION,0.945981,MID,16.90,False,0.0,0.0,0.00,0.00
1688221980.0,CHOP,NO_GO,HOLD,13.33,NORMAL,PRO,DEFENSIVE,1.0,0.50,Aegean:FLAT(0.50)|Orion:LONG(0.20),Regime: CHOP (Reduced Weights). Score: 0.13. Low Conviction (<0.35).,LOW_CONVICTION,-0.514471,MID,15.75,False,0.0,0.0,0.00,0.00
1688222040.0,CHOP,NO_GO,HOLD,13.33,NORMAL,PRO,DEFENSIVE,1.0,0.50,Aegean:FLAT(0.50)|Orion:SHORT(0.20),Regime: CHOP (Reduced Weights). Score: -0.13. Low Conviction (<0.35).,LOW_CONVICTION,-0.709137,MID,14.93,False,0.0,0.0,0.00,0.00
1688222100.0,CHOP,NO_GO,HOLD,13.33,NORMAL,PRO,DEFENSIVE,1.0,0.50,Aegean:FLAT(0.50)|Orion:LONG(0.20),Regime: CHOP (Reduced Weights). Score: 0.13. Low Conviction (<0.35).,LOW_CONVICTION,0.350982,MID,14.43,False,0.0,0.0,0.00,0.00
1688222160.0,CHOP,NO_GO,HOLD,13.33,NORMAL,PRO,DEFENSIVE,1.0,0.50,Aegean:FLAT(0.50)|Orion:LONG(0.20),Regime: CHOP (Reduced Weights). Score: 0.13. Low Conviction (<0.35).,LOW_CONVICTION,0.298848,MID,13.96,False,0.0,0.0,0.00,0.00
1688222220.0,CHOP,NO_GO,HOLD,13.33,NORMAL,PRO,DEFENSIVE,1.0,0.50,Aegean:FLAT(0.50)|Orion:LONG(0.20),Regime: CHOP (Reduced Weights). Score: 0.13. Low Conviction (<0.35).,LOW_CONVICTION,-0.490978,MID,14.04,False,0.0,0.0,0.00,0.00
1688222280.0,CHOP,NO_GO,HOLD,13.33,NORMAL,PRO,DEFENSIVE,1.0,0.50,Aegean:FLAT(0.50)|Orion:SHORT(0.20),Regime: CHOP (Reduced Weights). Score: -0.13. Low Conviction (<0.35).,LOW_CONVICTION,-0.634321,MID,14.10,False,0.0,0.0,0.00,0.00
1688222340.0,CHOP,NO_GO,HOLD,13.33,NORMAL,PRO,DEFENSIVE,1.0,0.50,Aegean:FLAT(0.50)|Orion:SHORT(0.20),Regime: CHOP (Reduced Weights). Score: -0.13. Low Conviction (<0.35).,LOW_CONVICTION,-0.560382,MID,14.19,False,0.0,0.0,0.00,0.00
1688222400.0,CHOP,NO_GO,HOLD,13.33,NORMAL,PRO,DEFENSIVE,1.0,0.50,Aegean:FLAT(0.50)|Orion:SHORT(0.20),Regime: CHOP (Reduced Weights). Score: -0.13. Low Conviction (<0.35).,LOW_CONVICTION,-0.519748,MID,13.51,False,0.0,0.0,0.00,0.00
1688222460.0,CHOP,NO_GO,HOLD,13.33,NORMAL,PRO,DEFENSIVE,1.0,0.50,Aegean:FLAT(0.50)|Orion:LONG(0.20),Regime: CHOP (Reduced Weights). Score: 0.13. Low Conviction (<0.35).,LOW_CONVICTION,-0.061394,MID,12.85,False,0.0,0.0,0.00,0.00
1688222520.0,CHOP,NO_GO,HOLD,13.33,NORMAL,PRO,DEFENSIVE,1.0,0.50,Aegean:FLAT(0.50)|Orion:LONG(0.20),Regime: CHOP (Reduced Weights). Score: 0.13. Low Conviction (<0.35).,LOW_CONVICTION,0.281779,MID,12.00,False,0.0,0.0,0.00,0.00
1688222580.0,CHOP,NO_GO,HOLD,13.33,NORMAL,PRO,DEFENSIVE,1.0,0.50,Aegean:FLAT(0.50)|Orion:LONG(0.20),Regime: CHOP (Reduced Weights). Score: 0.13. Low Conviction (<0.35).,LOW_CONVICTION,-0.037009,MID,11.20,False,0.0,0.0,0.00,0.00
1688222640.0,CHOP,NO_GO,HOLD,13.33,NORMAL,PRO,DEFENSIVE,1.0,0.50,Aegean:FLAT(0.50)|Orion:LONG(0.20),Regime: CHOP (Reduced Weights). Score: 0.13. Low Conviction (<0.35).,LOW_CONVICTION,0.068049,MID,10.45,False,0.0,0.0,0.00,0.00
1688222700.0,CHOP,NO_GO,HOLD,13.33,NORMAL,PRO,DEFENSIVE,1.0,0.50,Aegean:FLAT(0.30)|Orion:LONG(0.20),Regime: CHOP (Reduced Weights). Score: 0.13. Low Conviction (<0.35).,LOW_CONVICTION,3.096409,TOP,12.24,False,0.0,0.0,0.00,0.00
1688222760.0,CHOP,NO_GO,HOLD,13.33,NORMAL,PRO,DEFENSIVE,1.0,0.50,Aegean:FLAT(0.50)|Orion:LONG(0.20),Regime: CHOP (Reduced Weights). Score: 0.13. Low Conviction (<0.35).,LOW_CONVICTION,2.861667,TOP,13.92,False,0.0,0.0,0.00,0.00
1688222820.0,CHOP,NO_GO,HOLD,13.33,NORMAL,PRO,DEFENSIVE,1.0,0.50,Aegean:FLAT(0.50)|Orion:LONG(0.20),Regime: CHOP (Reduced Weights). Score: 0.13. Low Conviction (<0.35).,LOW_CONVICTION,2.576454,TOP,15.45,False,0.0,0.0,0.00,0.00
1688222880.0,CHOP,NO_GO,HOLD,13.33,NORMAL,PRO,DEFENSIVE,1.0,0.50,Aegean:FLAT(0.50)|Orion:LONG(0.20),Regime: CHOP (Reduced Weights). Score: 0.13. Low Conviction (<0.35).,LOW_CONVICTION,1.895964,TOP,16.17,False,0.0,0.0,0.00,0.00
1688222940.0,CHOP,NO_GO,HOLD,13.33,NORMAL,PRO,DEFENSIVE,1.0,0.50,Aegean:FLAT(0.50)|Orion:LONG(0.20),Regime: CHOP (Reduced Weights). Score: 0.13. Low Conviction (<0.35).,LOW_CONVICTION,1.683642,TOP,16.86,False,0.0,0.0,0.00,0.00
1688223000.0,CHOP,NO_GO,HOLD,13.33,NORMAL,PRO,DEFENSIVE,1.0,0.50,Aegean:FLAT(0.50)|Orion:LONG(0.20),Regime: CHOP (Reduced Weights). Score: 0.13. Low Conviction (<0.35).,LOW_CONVICTION,1.949028,TOP,17.82,False,0.0,0.0,0.00,0.00
1688223060.0,CHOP,NO_GO,HOLD,13.33,NORMAL,PRO,DEFENSIVE,1.0,0.50,Aegean:FLAT(0.50)|Orion:LONG(0.20),Regime: CHOP (Reduced Weights). Score: 0.13. Low Conviction (<0.35).,LOW_CONVICTION,1.967157,TOP,18.91,False,0.0,0.0,0.00,0.00
1688223120.0,TREND,NO_GO,HOLD,13.33,NORMAL,PRO,DEFENSIVE,1.0,0.50,Aegean:FLAT(0.50)|Orion:LONG(0.20),Regime: TREND (Orion 2x). Score: 0.13. Low Conviction (<0.35).,LOW_CONVICTION,1.789458,TOP,19.89,False,0.0,0.0,0.00,0.00
1688223180.0,TREND,NO_GO,HOLD,13.33,NORMAL,PRO,DEFENSIVE,1.0,0.50,Aegean:FLAT(0.50)|Orion:LONG(0.20),Regime: TREND (Orion 2x). Score: 0.13. Low Conviction (<0.35).,LOW_CONVICTION,1.630289,TOP,20.80,False,0.0,0.0,0.00,0.00
1688223240.0,TREND,NO_GO,HOLD,13.33,NORMAL,PRO,DEFENSIVE,1.0,0.50,Aegean:FLAT(0.50)|Orion:LONG(0.20),Regime: TREND (Orion 2x). Score: 0.13. Low Conviction (<0.35).,LOW_CONVICTION,2.487069,TOP,22.43,False,0.0,0.0,0.00,0.00
1688223300.0,TREND,NO_GO,HOLD,13.33,NORMAL,PRO,DEFENSIVE,1.0,0.50,Aegean:FLAT(0.50)|Orion:LONG(0.20),Regime: TREND (Orion 2x). Score: 0.13. Low Conviction (<0.35).,LOW_CONVICTION,1.215939,MID,24.35,False,0.0,0.0,0.00,0.00
1688223360.0,TREND,NO_GO,HOLD,10.23,NORMAL,PRO,DEFENSIVE,1.0,0.50,Aegean:FLAT(0.50)|Orion:LONG(0.15),Regime: TREND (Orion 2x). Score: 0.10. Low Conviction (<0.35).,LOW_CONVICTION,1.382993,MID,26.14,True,0.0,0.0,0.00,0.00
1688223420.0,TREND,NO_GO,HOLD,12.96,NORMAL,PRO,DEFENSIVE,1.0,0.50,Aegean:FLAT(0.50)|Orion:LONG(0.19),Regime: TREND (Orion 2x). Score: 0.13. Low Conviction (<0.35).,LOW_CONVICTION,1.277516,MID,27.78,True,0.0,0.0,0.00,0.00
1688223480.0,TREND,NO_GO,HOLD,16.52,NORMAL,PRO,DEFENSIVE,1.0,0.50,Aegean:FLAT(0.50)|Orion:LONG(0.25),Regime: TREND (Orion 2x). Score: 0.17. Low Conviction (<0.35).,LOW_CONVICTION,2.195428,TOP,29.91,True,0.0,0.0,0.00,0.00
1688223540.0,TREND,NO_GO,HOLD,19.86,NORMAL,PRO,DEFENSIVE,1.0,0.50,Aegean:FLAT(0.50)|Orion:LONG(0.30),Regime: TREND (Orion 2x). Score: 0.20. Low Conviction (<0.35).,LOW_CONVICTION,1.452974,MID,31.91,True,0.0,0.0,0.00,0.00
1688223600.0,TREND,NO_GO,HOLD,23.11,NORMAL,PRO,DEFENSIVE,1.0,0.50,Aegean:FLAT(0.50)|Orion:LONG(0.35),Regime: TREND (Orion 2x). Score: 0.23. Low Conviction (<0.35).,LOW_CONVICTION,1.719575,TOP,33.86,True,0.0,0.0,0.00,0.00
1688223660.0,TREND,NO_GO,HOLD,28.33,NORMAL,PRO,DEFENSIVE,1.0,0.50,Aegean:FLAT(0.30)|Orion:LONG(0.43),Regime: TREND (Orion 2x). Score: 0.28. Low Conviction (<0.35).,LOW_CONVICTION,5.624163,TOP,37.00,True,0.0,0.0,0.00,0.00
1688223720.0,TREND,GO,BUY,56.55,NORMAL,PRO,DEFENSIVE,1.0,0.50,Aegean:LONG(0.70)|Orion:LONG(0.50),Regime: TREND (Orion 2x). Score: 0.57. Bullish Consensus.,,3.978562,MID,39.93,True,4.7,20.0,2.00,7.17
1688223780.0,TREND,NO_GO,HOLD,32.31,NORMAL,PRO,DEFENSIVE,1.0,0.50,Aegean:FLAT(0.50)|Orion:LONG(0.48),Regime: TREND (Orion 2x). Score: 0.32. Low Conviction (<0.35).,LOW_CONVICTION,0.183442,MID,39.38,True,0.0,0.0,0.00,0.00
1688223840.0,TREND,NO_GO,HOLD,29.57,NORMAL,PRO,DEFENSIVE,1.0,0.50,Aegean:FLAT(0.50)|Orion:LONG(0.44),Regime: TREND (Orion 2x). Score: 0.30. Low Conviction (<0.35).,LOW_CONVICTION,-1.072674,MID,37.74,True,0.0,0.0,0.00,0.00
1688223900.0,TREND,NO_GO,HOLD,26.99,NORMAL,PRO,DEFENSIVE,1.0,0.50,Aegean:FLAT(0.50)|Orion:LONG(0.40),Regime: TREND (Orion 2x). Score: 0.27. Low Conviction (<0.35).,LOW_CONVICTION,-1.129943,DIP,36.19,True,0.0,0.0,0.00,0.00
1688223960.0,TREND,NO_GO,HOLD,24.84,NORMAL,PRO,DEFENSIVE,1.0,0.50,Aegean:FLAT(0.50)|Orion:LONG(0.37),Regime: TREND (Orion 2x). Score: 0.25. Low Conviction (<0.35).,LOW_CONVICTION,-0.693972,DIP,34.90,True,0.0,0.0,0.00,0.00
1688224020.0,TREND,NO_GO,HOLD,23.57,NORMAL,PRO,DEFENSIVE,1.0,0.50,Aegean:FLAT(0.50)|Orion:LONG(0.35),Regime: TREND (Orion 2x). Score: 0.24. Low Conviction (<0.35).,LOW_CONVICTION,-1.774397,DIP,34.14,True,0.0,0.0,0.00,0.00
1688224080.0,TREND,NO_GO,HOLD,22.18,NORMAL,PRO,DEFENSIVE,1.0,0.50,Aegean:FLAT(0.50)|Orion:LONG(0.33),Regime: TREND (Orion 2x). Score: 0.22. Low Conviction (<0.35).,LOW_CONVICTION,-0.719221,DIP,33.31,True,0.0,0.0,0.00,0.00
1688224140.0,TREND,NO_GO,HOLD,20.77,NORMAL,PRO,DEFENSIVE,1.0,0.50,Aegean:FLAT(0.50)|Orion:SHORT(0.31),Regime: TREND (Orion 2x). Score: -0.21. Low Conviction (<0.35).,LOW_CONVICTION,-1.815195,DIP,32.46,True,0.0,0.0,0.00,0.00
1688224200.0,TREND,NO_GO,HOLD,19.10,NORMAL,PRO,DEFENSIVE,1.0,0.50,Aegean:FLAT(0.50)|Orion:LONG(0.29),Regime: TREND (Orion 2x). Score: 0.19. Low Conviction (<0.35).,LOW_CONVICTION,-0.969958,DIP,31.46,True,0.0,0.0,0.00,0.00
1688224260.0,TREND,NO_GO,HOLD,17.53,NORMAL,PRO,DEFENSIVE,1.0,0.50,Aegean:FLAT(0.50)|Orion:SHORT(0.26),Regime: TREND (Orion 2x). Score: -0.18. Low Conviction (<0.35).,LOW_CONVICTION,-1.735519,DIP,30.52,True,0.0,0.0,0.00,0.00
1688224320.0,TREND,NO_GO,HOLD,14.37,NORMAL,PRO,DEFENSIVE,1.0,0.50,Aegean:FLAT(0.50)|Orion:SHORT(0.22),Regime: TREND (Orion 2x). Score: -0.14. Low Conviction (<0.35).,LOW_CONVICTION,-2.577857,DIP,28.62,True,0.0,0.0,0.00,0.00
1688224380.0,TREND,NO_GO,HOLD,11.00,NORMAL,PRO,DEFENSIVE,1.0,0.50,Aegean:FLAT(0.50)|Orion:SHORT(0.16),Regime: TREND (Orion 2x). Score: -0.11. Low Conviction (<0.35).,LOW_CONVICTION,-2.606360,DIP,26.60,True,0.0,0.0,0.00,0.00
1688224440.0,TREND,NO_GO,HOLD,13.33,NORMAL,PRO,DEFENSIVE,1.0,0.50,Aegean:FLAT(0.50)|Orion:SHORT(0.20),Regime: TREND (Orion 2x). Score: -0.13. Low Conviction (<0.35).,LOW_CONVICTION,-2.376744,DIP,24.73,False,0.0,0.0,0.00,0.00
1688224500.0,TREND,NO_GO,HOLD,13.33,NORMAL,PRO,DEFENSIVE,1.0,0.50,Aegean:FLAT(0.50)|Orion:SHORT(0.20),Regime: TREND (Orion 2x). Score: -0.13. Low Conviction (<0.35).,LOW_CONVICTION,-1.999892,DIP,22.99,False,0.0,0.0,0.00,0.00
1688224560.0,TREND,NO_GO,HOLD,13.33,NORMAL,PRO,DEFENSIVE,1.0,0.50,Aegean:FLAT(0.30)|Orion:SHORT(0.20),Regime: TREND (Orion 2x). Score: -0.13. Low Conviction (<0.35).,LOW_CONVICTION,-3.170283,DIP,22.47,False,0.0,0.0,0.00,0.00
1688224620.0,TREND,NO_GO,HOLD,13.33,NORMAL,PRO,DEFENSIVE,1.0,0.50,Aegean:FLAT(0.50)|Orion:SHORT(0.20),Regime: TREND (Orion 2x). Score: -0.13. Low Conviction (<0.35).,LOW_CONVICTION,-2.992108,DIP,22.80,False,0.0,0.0,0.00,0.00
1688224680.0,TREND,NO_GO,HOLD,13.33,NORMAL,PRO,DEFENSIVE,1.0,0.50,Aegean:FLAT(0.50)|Orion:SHORT(0.20),Regime: TREND (Orion 2x). Score: -0.13. Low Conviction (<0.35).,LOW_CONVICTION,-2.495717,DIP,22.82,False,0.0,0.0,0.00,0.00
1688224740.0,TREND,NO_GO,HOLD,13.33,NORMAL,PRO,DEFENSIVE,1.0,0.50,Aegean:FLAT(0.50)|Orion:SHORT(0.20),Regime: TREND (Orion 2x). Score: -0.13. Low Conviction (<0.35).,LOW_CONVICTION,-1.957933,DIP,22.69,False,0.0,0.0,0.00,0.00
1688224800.0,TREND,NO_GO,HOLD,13.33,NORMAL,PRO,DEFENSIVE,1.0,0.50,Aegean:FLAT(0.50)|Orion:SHORT(0.20),Regime: TREND (Orion 2x). Score: -0.13. Low Conviction (<0.35).,LOW_CONVICTION,-0.788846,MID,21.52,False,0.0,0.0,0.00,0.00
1688224860.0,CHOP,NO_GO,HOLD,13.33,NORMAL,PRO,DEFENSIVE,1.0,0.50,Aegean:FLAT(0.50)|Orion:SHORT(0.20),Regime: CHOP (Reduced Weights). Score: -0.13. Low Conviction (<0.35).,LOW_CONVICTION,-0.230401,MID,20.29,False,0.0,0.0,0.00,0.00
1688224920.0,CHOP,NO_GO,HOLD,13.33,NORMAL,PRO,DEFENSIVE,1.0,0.50,Aegean:FLAT(0.50)|Orion:SHORT(0.20),Regime: CHOP (Reduced Weights). Score: -0.13. Low Conviction (<0.35).,LOW_CONVICTION,-0.006311,MID,19.12,False,0.0,0.0,0.00,0.00
1688224980.0,CHOP,NO_GO,HOLD,13.33,NORMAL,PRO,DEFENSIVE,1.0,0.50,Aegean:FLAT(0.50)|Orion:SHORT(0.20),Regime: CHOP (Reduced Weights). Score: -0.13. Low Conviction (<0.35).,LOW_CONVICTION,-0.167283,MID,18.04,False,0.0,0.0,0.00,0.00
1688225040.0,CHOP,NO_GO,HOLD,13.33,NORMAL,PRO,DEFENSIVE,1.0,0.50,Aegean:FLAT(0.50)|Orion:SHORT(0.20),Regime: CHOP (Reduced Weights). Score: -0.13. Low Conviction (<0.35).,LOW_CONVICTION,0.652536,MID,17.71,False,0.0,0.0,0.00,0.00
1688225100.0,CHOP,NO_GO,HOLD,13.33,NORMAL,PRO,DEFENSIVE,1.0,0.50,Aegean:FLAT(0.50)|Orion:SHORT(0.20),Regime: CHOP (Reduced Weights). Score: -0.13. Low Conviction (<0.35).,LOW_CONVICTION,-0.313439,MID,17.38,False,0.0,0.0,0.00,0.00
1688225160.0,TREND,NO_GO,HOLD,13.33,NORMAL,PRO,DEFENSIVE,1.0,0.50,Aegean:FLAT(0.50)|Orion:SHORT(0.20),Regime: TREND (Orion 2x). Score: -0.13. Low Conviction (<0.35).,LOW_CONVICTION,-0.198806,MID,16.78,False,0.0,0.0,0.00,0.00
1688225220.0,CHOP,NO_GO,HOLD,13.33,NORMAL,PRO,DEFENSIVE,1.0,0.50,Aegean:FLAT(0.50)|Orion:SHORT(0.20),Regime: CHOP (Reduced Weights). Score: -0.13. Low Conviction (<0.35).,LOW_CONVICTION,-0.359816,MID,16.23,False,0.0,0.0,0.00,0.00
1688225280.0,TREND,NO_GO,HOLD,13.33,NORMAL,PRO,DEFENSIVE,1.0,0.50,Aegean:FLAT(0.50)|Orion:SHORT(0.20),Regime: TREND (Orion 2x). Score: -0.13. Low Conviction (<0.35).,LOW_CONVICTION,0.710662,MID,17.02,False,0.0,0.0,0.00,0.00
1688225340.0,CHOP,NO_GO,HOLD,13.33,NORMAL,PRO,DEFENSIVE,1.0,0.50,Aegean:FLAT(0.50)|Orion:SHORT(0.20),Regime: CHOP (Reduced Weights). Score: -0.13. Low Conviction (<0.35).,LOW_CONVICTION,-0.110371,MID,17.69,False,0.0,0.0,0.00,0.00
1688225400.0,TREND,NO_GO,HOLD,13.33,NORMAL,PRO,DEFENSIVE,1.0,0.50,Aegean:FLAT(0.50)|Orion:SHORT(0.20),Regime: TREND (Orion 2x). Score: -0.13. Low Conviction (<0.35).,LOW_CONVICTION,0.353036,MID,18.31,False,0.0,0.0,0.00,0.00
1688225460.0,TREND,NO_GO,HOLD,13.33,NORMAL,PRO,DEFENSIVE,1.0,0.50,Aegean:FLAT(0.50)|Orion:SHORT(0.20),Regime: TREND (Orion 2x). Score: -0.13. Low Conviction (<0.35).,LOW_CONVICTION,0.921280,TOP,19.39,False,0.0,0.0,0.00,0.00
1688225520.0,TREND,NO_GO,HOLD,13.33,NORMAL,PRO,DEFENSIVE,1.0,0.50,Aegean:FLAT(0.50)|Orion:LONG(0.20),Regime: TREND (Orion 2x). Score: 0.13. Low Conviction (<0.35).,LOW_CONVICTION,1.275213,TOP,20.75,False,0.0,0.0,0.00,0.00
1688225580.0,TREND,NO_GO,HOLD,13.33,NORMAL,PRO,DEFENSIVE,1.0,0.50,Aegean:FLAT(0.50)|Orion:LONG(0.20),Regime: TREND (Orion 2x). Score: 0.13. Low Conviction (<0.35).,LOW_CONVICTION,1.450155,TOP,22.29,False,0.0,0.0,0.00,0.00
1688225640.0,TREND,NO_GO,HOLD,13.33,NORMAL,PRO,DEFENSIVE,1.0,0.50,Aegean:FLAT(0.50)|Orion:SHORT(0.20),Regime: TREND (Orion 2x). Score: -0.13. Low Conviction (<0.35).,LOW_CONVICTION,0.635770,MID,23.73,False,0.0,0.0,0.00,0.00
1688225700.0,TREND,NO_GO,HOLD,8.55,NORMAL,PRO,DEFENSIVE,1.0,0.50,Aegean:FLAT(0.50)|Orion:LONG(0.13),Regime: TREND (Orion 2x). Score: 0.09. Low Conviction (<0.35).,LOW_CONVICTION,0.788561,TOP,25.13,True,0.0,0.0,0.00,0.00
1688225760.0,TREND,NO_GO,HOLD,10.60,NORMAL,PRO,DEFENSIVE,1.0,0.50,Aegean:FLAT(0.50)|Orion:LONG(0.16),Regime: TREND (Orion 2x). Score: 0.11. Low Conviction (<0.35).,LOW_CONVICTION,0.714432,TOP,26.36,True,0.0,0.0,0.00,0.00
1688225820.0,TREND,NO_GO,HOLD,11.71,NORMAL,PRO,DEFENSIVE,1.0,0.50,Aegean:FLAT(0.50)|Orion:SHORT(0.18),Regime: TREND (Orion 2x). Score: -0.12. Low Conviction (<0.35).,LOW_CONVICTION,0.400607,MID,27.02,True,0.0,0.0,0.00,0.00
1688225880.0,TREND,NO_GO,HOLD,12.74,NORMAL,PRO,DEFENSIVE,1.0,0.50,Aegean:FLAT(0.50)|Orion:SHORT(0.19),Regime: TREND (Orion 2x). Score: -0.13. Low Conviction (<0.35).,LOW_CONVICTION,0.372657,MID,27.64,True,0.0,0.0,0.00,0.00
1688225940.0,TREND,NO_GO,HOLD,15.18,NORMAL,PRO,DEFENSIVE,1.0,0.50,Aegean:FLAT(0.50)|Orion:LONG(0.23),Regime: TREND (Orion 2x). Score: 0.15. Low Conviction (<0.35).,LOW_CONVICTION,1.267152,TOP,29.11,True,0.0,0.0,0.00,0.00
1688226000.0,TREND,NO_GO,HOLD,17.37,NORMAL,PRO,DEFENSIVE,1.0,0.50,Aegean:FLAT(0.50)|Orion:LONG(0.26),Regime: TREND (Orion 2x). Score: 0.17. Low Conviction (<0.35).,LOW_CONVICTION,0.562075,MID,30.42,True,0.0,0.0,0.00,0.00
1688226060.0,TREND,NO_GO,HOLD,19.48,NORMAL,PRO,DEFENSIVE,1.0,0.50,Aegean:FLAT(0.50)|Orion:LONG(0.29),Regime: TREND (Orion 2x). Score: 0.19. Low Conviction (<0.35).,LOW_CONVICTION,0.946168,TOP,31.69,True,0.0,0.0,0.00,0.00
1688226120.0,TREND,NO_GO,HOLD,21.54,NORMAL,PRO,DEFENSIVE,1.0,0.50,Aegean:FLAT(0.50)|Orion:LONG(0.32),Regime: TREND (Orion 2x). Score: 0.22. Low Conviction (<0.35).,LOW_CONVICTION,0.602125,MID,32.93,True,0.0,0.0,0.00,0.00
1688226180.0,TREND,NO_GO,HOLD,23.31,NORMAL,PRO,DEFENSIVE,1.0,0.50,Aegean:FLAT(0.50)|Orion:LONG(0.35),Regime: TREND (Orion 2x). Score: 0.23. Low Conviction (<0.35).,LOW_CONVICTION,0.571212,MID,33.99,True,0.0,0.0,0.00,0.00
1688226240.0,TREND,NO_GO,HOLD,23.78,NORMAL,PRO,DEFENSIVE,1.0,0.50,Aegean:FLAT(0.50)|Orion:LONG(0.36),Regime: TREND (Orion 2x). Score: 0.24. Low Conviction (<0.35).,LOW_CONVICTION,0.314401,MID,34.27,True,0.0,0.0,0.00,0.00
1688226300.0,TREND,NO_GO,HOLD,25.23,NORMAL,PRO,DEFENSIVE,1.0,0.50,Aegean:FLAT(0.50)|Orion:LONG(0.38),Regime: TREND (Orion 2x). Score: 0.25. Low Conviction (<0.35).,LOW_CONVICTION,0.659772,TOP,35.14,True,0.0,0.0,0.00,0.00
1688226360.0,TREND,NO_GO,HOLD,27.02,NORMAL,PRO,DEFENSIVE,1.0,0.50,Aegean:FLAT(0.50)|Orion:LONG(0.41),Regime: TREND (Orion 2x). Score: 0.27. Low Conviction (<0.35).,LOW_CONVICTION,0.465556,MID,36.21,True,0.0,0.0,0.00,0.00
1688226420.0,TREND,NO_GO,HOLD,25.79,NORMAL,PRO,DEFENSIVE,1.0,0.50,Aegean:FLAT(0.50)|Orion:LONG(0.39),Regime: TREND (Orion 2x). Score: 0.26. Low Conviction (<0.35).,LOW_CONVICTION,-0.149053,MID,35.47,True,0.0,0.0,0.00,0.00
1688226480.0,TREND,NO_GO,HOLD,24.61,NORMAL,PRO,DEFENSIVE,1.0,0.50,Aegean:FLAT(0.50)|Orion:LONG(0.37),Regime: TREND (Orion 2x). Score: 0.25. Low Conviction (<0.35).,LOW_CONVICTION,-0.110885,MID,34.77,True,0.0,0.0,0.00,0.00
1688226540.0,TREND,NO_GO,HOLD,23.44,NORMAL,PRO,DEFENSIVE,1.0,0.50,Aegean:FLAT(0.50)|Orion:LONG(0.35),Regime: TREND (Orion 2x). Score: 0.23. Low Conviction (<0.35).,LOW_CONVICTION,-0.114843,MID,34.06,True,0.0,0.0,0.00,0.00
1688226600.0,TREND,NO_GO,HOLD,22.45,NORMAL,PRO,DEFENSIVE,1.0,0.50,Aegean:FLAT(0.50)|Orion:LONG(0.34),Regime: TREND (Orion 2x). Score: 0.22. Low Conviction (<0.35).,LOW_CONVICTION,-0.085544,MID,33.47,True,0.0,0.0,0.00,0.00
1688226660.0,TREND,NO_GO,HOLD,18.59,NORMAL,PRO,DEFENSIVE,1.0,0.50,Aegean:FLAT(0.50)|Orion:SHORT(0.28),Regime: TREND (Orion 2x). Score: -0.19. Low Conviction (<0.35).,LOW_CONVICTION,-0.847939,DIP,31.15,True,0.0,0.0,0.00,0.00
1688226720.0,TREND,NO_GO,HOLD,17.64,NORMAL,PRO,DEFENSIVE,1.0,0.50,Aegean:FLAT(0.50)|Orion:SHORT(0.26),Regime: TREND (Orion 2x). Score: -0.18. Low Conviction (<0.35).,LOW_CONVICTION,-1.552029,DIP,30.58,True,0.0,0.0,0.00,0.00
1688226780.0,TREND,NO_GO,HOLD,16.75,NORMAL,PRO,DEFENSIVE,1.0,0.50,Aegean:FLAT(0.50)|Orion:SHORT(0.25),Regime: TREND (Orion 2x). Score: -0.17. Low Conviction (<0.35).,LOW_CONVICTION,-1.404236,DIP,30.05,True,0.0,0.0,0.00,0.00
1688226840.0,TREND,NO_GO,HOLD,16.98,NORMAL,PRO,DEFENSIVE,1.0,0.50,Aegean:FLAT(0.50)|Orion:SHORT(0.25),Regime: TREND (Orion 2x). Score: -0.17. Low Conviction (<0.35).,LOW_CONVICTION,-1.791630,DIP,30.19,True,0.0,0.0,0.00,0.00
1688226900.0,TREND,NO_GO,HOLD,16.32,NORMAL,PRO,DEFENSIVE,1.0,0.50,Aegean:FLAT(0.50)|Orion:SHORT(0.24),Regime: TREND (Orion 2x). Score: -0.16. Low Conviction (<0.35).,LOW_CONVICTION,-0.827518,MID,29.79,True,0.0,0.0,0.00,0.00
1688226960.0,TREND,NO_GO,HOLD,13.83,NORMAL,PRO,DEFENSIVE,1.0,0.50,Aegean:FLAT(0.50)|Orion:SHORT(0.21),Regime: TREND (Orion 2x). Score: -0.14. Low Conviction (<0.35).,LOW_CONVICTION,-0.171846,MID,28.30,True,0.0,0.0,0.00,0.00
1688227020.0,TREND,NO_GO,HOLD,11.19,NORMAL,PRO,DEFENSIVE,1.0,0.50,Aegean:FLAT(0.50)|Orion:SHORT(0.17),Regime: TREND (Orion 2x). Score: -0.11. Low Conviction (<0.35).,LOW_CONVICTION,-0.256889,MID,26.71,True,0.0,0.0,0.00,0.00
1688227080.0,TREND,NO_GO,HOLD,9.76,NORMAL,PRO,DEFENSIVE,1.0,0.50,Aegean:FLAT(0.50)|Orion:SHORT(0.15),Regime: TREND (Orion 2x). Score: -0.10. Low Conviction (<0.35).,LOW_CONVICTION,-0.716571,MID,25.85,True,0.0,0.0,0.00,0.00
1688227140.0,TREND,NO_GO,HOLD,8.38,NORMAL,PRO,DEFENSIVE,1.0,0.50,Aegean:FLAT(0.50)|Orion:SHORT(0.13),Regime: TREND (Orion 2x). Score: -0.08. Low Conviction (<0.35).,LOW_CONVICTION,-0.668310,MID,25.03,True,0.0,0.0,0.00,0.00
1688227200.0,TREND,NO_GO,HOLD,13.33,NORMAL,PRO,DEFENSIVE,1.0,0.50,Aegean:FLAT(0.50)|Orion:SHORT(0.20),Regime: TREND (Orion 2x). Score: -0.13. Low Conviction (<0.35).,LOW_CONVICTION,-0.778348,MID,24.53,False,0.0,0.0,0.00,0.00
1688227260.0,TREND,NO_GO,HOLD,13.33,NORMAL,PRO,DEFENSIVE,1.0,0.50,Aegean:FLAT(0.50)|Orion:SHORT(0.20),Regime: TREND (Orion 2x). Score: -0.13. Low Conviction (<0.35).,LOW_CONVICTION,-0.708178,MID,24.08,False,0.0,0.0,0.00,0.00
1688227320.0,TREND,NO_GO,HOLD,13.33,NORMAL,PRO,DEFENSIVE,1.0,0.50,Aegean:FLAT(0.50)|Orion:SHORT(0.20),Regime: TREND (Orion 2x). Score: -0.13. Low Conviction (<0.35).,LOW_CONVICTION,-0.637543,MID,23.67,False,0.0,0.0,0.00,0.00
1688227380.0,TREND,NO_GO,HOLD,13.33,NORMAL,PRO,DEFENSIVE,1.0,0.50,Aegean:FLAT(0.50)|Orion:SHORT(0.20),Regime: TREND (Orion 2x). Score: -0.13. Low Conviction (<0.35).,LOW_CONVICTION,0.102871,MID,22.52,False,0.0,0.0,0.00,0.00
1688227440.0,TREND,NO_GO,HOLD,13.33,NORMAL,PRO,DEFENSIVE,1.0,0.50,Aegean:FLAT(0.50)|Orion:SHORT(0.20),Regime: TREND (Orion 2x). Score: -0.13. Low Conviction (<0.35).,LOW_CONVICTION,0.095119,MID,21.52,False,0.0,0.0,0.00,0.00
1688227500.0,TREND,NO_GO,HOLD,13.33,NORMAL,PRO,DEFENSIVE,1.0,0.50,Aegean:FLAT(0.50)|Orion:SHORT(0.20),Regime: TREND (Orion 2x). Score: -0.13. Low Conviction (<0.35).,LOW_CONVICTION,0.084350,MID,20.55,False,0.0,0.0,0.00,0.00
1688227560.0,TREND,NO_GO,HOLD,13.33,NORMAL,PRO,DEFENSIVE,1.0,0.50,Aegean:FLAT(0.50)|Orion:SHORT(0.20),Regime: TREND (Orion 2x). Score: -0.13. Low Conviction (<0.35).,LOW_CONVICTION,-0.154165,MID,19.18,False,0.0,0.0,0.00,0.00
1688227620.0,TREND,NO_GO,HOLD,13.33,NORMAL,PRO,DEFENSIVE,1.0,0.50,Aegean:FLAT(0.50)|Orion:SHORT(0.20),Regime: TREND (Orion 2x). Score: -0.13. Low Conviction (<0.35).,LOW_CONVICTION,0.254849,MID,18.09,False,0.0,0.0,0.00,0.00
1688227680.0,TREND,NO_GO,HOLD,13.33,NORMAL,PRO,DEFENSIVE,1.0,0.50,Aegean:FLAT(0.50)|Orion:LONG(0.20),Regime: TREND (Orion 2x). Score: 0.13. Low Conviction (<0.35).,LOW_CONVICTION,1.280842,MID,19.58,False,0.0,0.0,0.00,0.00
1688227740.0,TREND,NO_GO,HOLD,13.33,NORMAL,PRO,DEFENSIVE,1.0,0.50,Aegean:FLAT(0.50)|Orion:LONG(0.20),Regime: TREND (Orion 2x). Score: 0.13. Low Conviction (<0.35).,LOW_CONVICTION,0.813444,MID,20.99,False,0.0,0.0,0.00,0.00
1688227800.0,TREND,NO_GO,HOLD,13.33,NORMAL,PRO,DEFENSIVE,1.0,0.50,Aegean:FLAT(0.50)|Orion:SHORT(0.20),Regime: TREND (Orion 2x). Score: -0.13. Low Conviction (<0.35).,LOW_CONVICTION,-1.299981,DIP,19.52,False,0.0,0.0,0.00,0.00
1688227860.0,TREND,NO_GO,HOLD,13.33,NORMAL,PRO,DEFENSIVE,1.0,0.50,Aegean:FLAT(0.50)|Orion:SHORT(0.20),Regime: TREND (Orion 2x). Score: -0.13. Low Conviction (<0.35).,LOW_CONVICTION,-0.993660,MID,18.55,False,0.0,0.0,0.00,0.00
1688227920.0,TREND,NO_GO,HOLD,13.33,NORMAL,PRO,DEFENSIVE,1.0,0.50,Aegean:FLAT(0.50)|Orion:SHORT(0.20),Regime: TREND (Orion 2x). Score: -0.13. Low Conviction (<0.35).,LOW_CONVICTION,-2.412092,DIP,18.66,False,0.0,0.0,0.00,0.00
1688227980.0,TREND,NO_GO,HOLD,13.33,NORMAL,PRO,DEFENSIVE,1.0,0.50,Aegean:FLAT(0.50)|Orion:SHORT(0.20),Regime: TREND (Orion 2x). Score: -0.13. Low Conviction (<0.35).,LOW_CONVICTION,-2.121636,DIP,18.71,False,0.0,0.0,0.00,0.00
1688228040.0,TREND,NO_GO,HOLD,13.33,NORMAL,PRO,DEFENSIVE,1.0,0.50,Aegean:FLAT(0.50)|Orion:SHORT(0.20),Regime: TREND (Orion 2x). Score: -0.13. Low Conviction (<0.35).,LOW_CONVICTION,-1.925900,DIP,18.73,False,0.0,0.0,0.00,0.00
1688228100.0,TREND,NO_GO,HOLD,13.33,NORMAL,PRO,DEFENSIVE,1.0,0.50,Aegean:FLAT(0.50)|Orion:SHORT(0.20),Regime: TREND (Orion 2x). Score: -0.13. Low Conviction (<0.35).,LOW_CONVICTION,-0.034881,MID,18.32,False,0.0,0.0,0.00,0.00
1688228160.0,TREND,NO_GO,HOLD,13.33,NORMAL,PRO,DEFENSIVE,1.0,0.50,Aegean:FLAT(0.50)|Orion:SHORT(0.20),Regime: TREND (Orion 2x). Score: -0.13. Low Conviction (<0.35).,LOW_CONVICTION,-0.653691,MID,18.10,False,0.0,0.0,0.00,0.00
1688228220.0,CHOP,NO_GO,HOLD,13.33,NORMAL,PRO,DEFENSIVE,1.0,0.50,Aegean:FLAT(0.50)|Orion:SHORT(0.20),Regime: CHOP (Reduced Weights). Score: -0.13. Low Conviction (<0.35).,LOW_CONVICTION,-1.164768,MID,17.12,False,0.0,0.0,0.00,0.00
1688228280.0,CHOP,NO_GO,HOLD,13.33,NORMAL,PRO,DEFENSIVE,1.0,0.50,Aegean:FLAT(0.50)|Orion:SHORT(0.20),Regime: CHOP (Reduced Weights). Score: -0.13. Low Conviction (<0.35).,LOW_CONVICTION,-2.023241,DIP,16.78,False,0.0,0.0,0.00,0.00
1688228340.0,CHOP,NO_GO,HOLD,13.33,NORMAL,PRO,DEFENSIVE,1.0,0.50,Aegean:FLAT(0.50)|Orion:SHORT(0.20),Regime: CHOP (Reduced Weights). Score: -0.13. Low Conviction (<0.35).,LOW_CONVICTION,-1.822330,DIP,16.45,False,0.0,0.0,0.00,0.00
1688228400.0,CHOP,NO_GO,HOLD,13.33,NORMAL,PRO,DEFENSIVE,1.0,0.50,Aegean:FLAT(0.50)|Orion:SHORT(0.20),Regime: CHOP (Reduced Weights). Score: -0.13. Low Conviction (<0.35).,LOW_CONVICTION,-0.513343,MID,15.76,False,0.0,0.0,0.00,0.00
1688228460.0,CHOP,NO_GO,HOLD,13.33,NORMAL,PRO,DEFENSIVE,1.0,0.50,Aegean:FLAT(0.50)|Orion:SHORT(0.20),Regime: CHOP (Reduced Weights). Score: -0.13. Low Conviction (<0.35).,LOW_CONVICTION,-0.457939,MID,15.12,False,0.0,0.0,0.00,0.00
1688228520.0,CHOP,NO_GO,HOLD,13.33,NORMAL,PRO,DEFENSIVE,1.0,0.50,Aegean:FLAT(0.50)|Orion:SHORT(0.20),Regime: CHOP (Reduced Weights). Score: -0.13. Low Conviction (<0.35).,LOW_CONVICTION,-1.266726,DIP,14.41,False,0.0,0.0,0.00,0.00
1688228580.0,CHOP,NO_GO,HOLD,13.33,NORMAL,PRO,DEFENSIVE,1.0,0.50,Aegean:FLAT(0.50)|Orion:SHORT(0.20),Regime: CHOP (Reduced Weights). Score: -0.13. Low Conviction (<0.35).,LOW_CONVICTION,-1.122887,DIP,13.75,False,0.0,0.0,0.00,0.00
1688228640.0,CHOP,NO_GO,HOLD,13.33,NORMAL,PRO,DEFENSIVE,1.0,0.50,Aegean:FLAT(0.50)|Orion:SHORT(0.20),Regime: CHOP (Reduced Weights). Score: -0.13. Low Conviction (<0.35).,LOW_CONVICTION,-1.334127,DIP,13.52,False,0.0,0.0,0.00,0.00
1688228700.0,CHOP,NO_GO,HOLD,13.33,NORMAL,PRO,DEFENSIVE,1.0,0.50,Aegean:FLAT(0.50)|Orion:SHORT(0.20),Regime: CHOP (Reduced Weights). Score: -0.13. Low Conviction (<0.35).,LOW_CONVICTION,-0.302050,MID,12.67,False,0.0,0.0,0.00,0.00
1688228760.0,CHOP,NO_GO,HOLD,13.33,NORMAL,PRO,DEFENSIVE,1.0,0.50,Aegean:FLAT(0.50)|Orion:SHORT(0.20),Regime: CHOP (Reduced Weights). Score: -0.13. Low Conviction (<0.35).,LOW_CONVICTION,-0.262138,MID,11.88,False,0.0,0.0,0.00,0.00
1688228820.0,CHOP,NO_GO,HOLD,13.33,NORMAL,PRO,DEFENSIVE,1.0,0.50,Aegean:FLAT(0.50)|Orion:SHORT(0.20),Regime: CHOP (Reduced Weights). Score: -0.13. Low Conviction (<0.35).,LOW_CONVICTION,-0.238144,MID,11.20,False,0.0,0.0,0.00,0.00
1688228880.0,CHOP,NO_GO,HOLD,13.33,NORMAL,PRO,DEFENSIVE,1.0,0.50,Aegean:FLAT(0.50)|Orion:SHORT(0.20),Regime: CHOP (Reduced Weights). Score: -0.13. Low Conviction (<0.35).,LOW_CONVICTION,-0.533540,MID,10.89,False,0.0,0.0,0.00,0.00
1688228940.0,CHOP,NO_GO,HOLD,13.33,NORMAL,PRO,DEFENSIVE,1.0,0.50,Aegean:FLAT(0.50)|Orion:SHORT(0.20),Regime: CHOP (Reduced Weights). Score: -0.13. Low Conviction (<0.35).,LOW_CONVICTION,0.077254,MID,10.28,False,0.0,0.0,0.00,0.00
1688229000.0,CHOP,NO_GO,HOLD,13.33,NORMAL,PRO,DEFENSIVE,1.0,0.50,Aegean:FLAT(0.50)|Orion:SHORT(0.20),Regime: CHOP (Reduced Weights). Score: -0.13. Low Conviction (<0.35).,LOW_CONVICTION,-0.282707,MID,9.72,False,0.0,0.0,0.00,0.00
1688229060.0,CHOP,NO_GO,HOLD,13.33,NORMAL,PRO,DEFENSIVE,1.0,0.50,Aegean:FLAT(0.50)|Orion:SHORT(0.20),Regime: CHOP (Reduced Weights). Score: -0.13. Low Conviction (<0.35).,LOW_CONVICTION,-1.011262,DIP,10.13,False,0.0,0.0,0.00,0.00
1688229120.0,CHOP,NO_GO,HOLD,13.33,NORMAL,PRO,DEFENSIVE,1.0,0.50,Aegean:FLAT(0.50)|Orion:SHORT(0.20),Regime: CHOP (Reduced Weights). Score: -0.13. Low Conviction (<0.35).,LOW_CONVICTION,-0.913999,DIP,10.51,False,0.0,0.0,0.00,0.00
1688229180.0,CHOP,NO_GO,HOLD,13.33,NORMAL,PRO,DEFENSIVE,1.0,0.50,Aegean:FLAT(0.50)|Orion:SHORT(0.20),Regime: CHOP (Reduced Weights). Score: -0.13. Low Conviction (<0.35).,LOW_CONVICTION,-0.628879,MID,10.39,False,0.0,0.0,0.00,0.00
1688229240.0,CHOP,NO_GO,HOLD,13.33,NORMAL,PRO,DEFENSIVE,1.0,0.50,Aegean:FLAT(0.50)|Orion:SHORT(0.20),Regime: CHOP (Reduced Weights). Score: -0.13. Low Conviction (<0.35).,LOW_CONVICTION,-0.577769,MID,10.27,False,0.0,0.0,0.00,0.00
1688229300.0,CHOP,NO_GO,HOLD,13.33,NORMAL,PRO,DEFENSIVE,1.0,0.50,Aegean:FLAT(0.50)|Orion:SHORT(0.20),Regime: CHOP (Reduced Weights). Score: -0.13. Low Conviction (<0.35).,LOW_CONVICTION,-1.111473,DIP,10.88,False,0.0,0.0,0.00,0.00
1688229360.0,CHOP,NO_GO,HOLD,13.33,NORMAL,PRO,DEFENSIVE,1.0,0.50,Aegean:FLAT(0.50)|Orion:SHORT(0.20),Regime: CHOP (Reduced Weights). Score: -0.13. Low Conviction (<0.35).,LOW_CONVICTION,-0.835087,DIP,11.45,False,0.0,0.0,0.00,0.00
1688229420.0,CHOP,NO_GO,HOLD,13.33,NORMAL,PRO,DEFENSIVE,1.0,0.50,Aegean:FLAT(0.50)|Orion:SHORT(0.20),Regime: CHOP (Reduced Weights). Score: -0.13. Low Conviction (<0.35).,LOW_CONVICTION,-0.744956,DIP,11.99,False,0.0,0.0,0.00,0.00
1688229480.0,CHOP,NO_GO,HOLD,13.33,NORMAL,PRO,DEFENSIVE,1.0,0.50,Aegean:FLAT(0.50)|Orion:SHORT(0.20),Regime: CHOP (Reduced Weights). Score: -0.13. Low Conviction (<0.35).,LOW_CONVICTION,-0.674960,DIP,12.48,False,0.0,0.0,0.00,0.00
1688229540.0,CHOP,NO_GO,HOLD,13.33,NORMAL,PRO,DEFENSIVE,1.0,0.50,Aegean:FLAT(0.50)|Orion:SHORT(0.20),Regime: CHOP (Reduced Weights). Score: -0.13. Low Conviction (<0.35).,LOW_CONVICTION,-0.587373,DIP,13.18,False,0.0,0.0,0.00,0.00
1688229600.0,CHOP,NO_GO,HOLD,13.33,NORMAL,PRO,DEFENSIVE,1.0,0.50,Aegean:FLAT(0.50)|Orion:SHORT(0.20),Regime: CHOP (Reduced Weights). Score: -0.13. Low Conviction (<0.35).,LOW_CONVICTION,-0.530481,DIP,14.02,False,0.0,0.0,0.00,0.00
1688229660.0,CHOP,NO_GO,HOLD,13.33,NORMAL,PRO,DEFENSIVE,1.0,0.50,Aegean:FLAT(0.50)|Orion:SHORT(0.20),Regime: CHOP (Reduced Weights). Score: -0.13. Low Conviction (<0.35).,LOW_CONVICTION,-0.479959,DIP,14.62,False,0.0,0.0,0.00,0.00
1688229720.0,CHOP,NO_GO,HOLD,13.33,NORMAL,PRO,DEFENSIVE,1.0,0.50,Aegean:FLAT(0.50)|Orion:SHORT(0.20),Regime: CHOP (Reduced Weights). Score: -0.13. Low Conviction (<0.35).,LOW_CONVICTION,0.958353,TOP,14.82,False,0.0,0.0,0.00,0.00
1688229780.0,CHOP,NO_GO,HOLD,13.33,NORMAL,PRO,DEFENSIVE,1.0,0.50,Aegean:FLAT(0.50)|Orion:LONG(0.20),Regime: CHOP (Reduced Weights). Score: 0.13. Low Conviction (<0.35).,LOW_CONVICTION,1.175027,TOP,15.28,False,0.0,0.0,0.00,0.00
1688229840.0,CHOP,NO_GO,HOLD,13.33,NORMAL,PRO,DEFENSIVE,1.0,0.50,Aegean:FLAT(0.50)|Orion:LONG(0.20),Regime: CHOP (Reduced Weights). Score: 0.13. Low Conviction (<0.35).,LOW_CONVICTION,2.017405,TOP,16.81,False,0.0,0.0,0.00,0.00
1688229900.0,CHOP,NO_GO,HOLD,13.33,NORMAL,PRO,DEFENSIVE,1.0,0.50,Aegean:FLAT(0.50)|Orion:LONG(0.20),Regime: CHOP (Reduced Weights). Score: 0.13. Low Conviction (<0.35).,LOW_CONVICTION,1.786189,TOP,18.23,False,0.0,0.0,0.00,0.00
1688229960.0,CHOP,NO_GO,HOLD,13.33,NORMAL,PRO,DEFENSIVE,1.0,0.50,Aegean:FLAT(0.50)|Orion:LONG(0.20),Regime: CHOP (Reduced Weights). Score: 0.13. Low Conviction (<0.35).,LOW_CONVICTION,1.085793,MID,19.23,False,0.0,0.0,0.00,0.00
1688230020.0,CHOP,NO_GO,HOLD,13.33,NORMAL,PRO,DEFENSIVE,1.0,0.50,Aegean:FLAT(0.50)|Orion:SHORT(0.20),Regime: CHOP (Reduced Weights). Score: -0.13. Low Conviction (<0.35).,LOW_CONVICTION,0.198640,MID,18.73,False,0.0,0.0,0.00,0.00
1688230080.0,CHOP,NO_GO,HOLD,13.33,NORMAL,PRO,DEFENSIVE,1.0,0.50,Aegean:FLAT(0.50)|Orion:LONG(0.20),Regime: CHOP (Reduced Weights). Score: 0.13. Low Conviction (<0.35).,LOW_CONVICTION,0.686505,MID,18.24,False,0.0,0.0,0.00,0.00
1688230140.0,CHOP,NO_GO,HOLD,13.33,NORMAL,PRO,DEFENSIVE,1.0,0.50,Aegean:FLAT(0.50)|Orion:SHORT(0.20),Regime: CHOP (Reduced Weights). Score: -0.13. Low Conviction (<0.35).,LOW_CONVICTION,-0.200901,MID,17.21,False,0.0,0.0,0.00,0.00
1688230200.0,CHOP,NO_GO,HOLD,13.33,NORMAL,PRO,DEFENSIVE,1.0,0.50,Aegean:FLAT(0.50)|Orion:SHORT(0.20),Regime: CHOP (Reduced Weights). Score: -0.13. Low Conviction (<0.35).,LOW_CONVICTION,-0.186582,MID,16.20,False,0.0,0.0,0.00,0.00
1688230260.0,CHOP,NO_GO,HOLD,13.33,NORMAL,PRO,DEFENSIVE,1.0,0.50,Aegean:FLAT(0.50)|Orion:LONG(0.20),Regime: CHOP (Reduced Weights). Score: 0.13. Low Conviction (<0.35).,LOW_CONVICTION,0.494919,MID,16.22,False,0.0,0.0,0.00,0.00
1688230320.0,CHOP,NO_GO,HOLD,13.33,NORMAL,PRO,DEFENSIVE,1.0,0.50,Aegean:FLAT(0.50)|Orion:LONG(0.20),Regime: CHOP (Reduced Weights). Score: 0.13. Low Conviction (<0.35).,LOW_CONVICTION,1.597319,TOP,17.43,False,0.0,0.0,0.00,0.00
1688230380.0,CHOP,NO_GO,HOLD,13.33,NORMAL,PRO,DEFENSIVE,1.0,0.50,Aegean:FLAT(0.50)|Orion:LONG(0.20),Regime: CHOP (Reduced Weights). Score: 0.13. Low Conviction (<0.35).,LOW_CONVICTION,1.919517,TOP,18.95,False,0.0,0.0,0.00,0.00
1688230440.0,CHOP,NO_GO,HOLD,13.33,NORMAL,PRO,DEFENSIVE,1.0,0.50,Aegean:FLAT(0.50)|Orion:LONG(0.20),Regime: CHOP (Reduced Weights). Score: 0.13. Low Conviction (<0.35).,LOW_CONVICTION,1.702253,TOP,20.36,False,0.0,0.0,0.00,0.00
1688230500.0,TREND,NO_GO,HOLD,13.33,NORMAL,PRO,DEFENSIVE,1.0,0.50,Aegean:FLAT(0.50)|Orion:LONG(0.20),Regime: TREND (Orion 2x). Score: 0.13. Low Conviction (<0.35).,LOW_CONVICTION,1.551825,TOP,21.74,False,0.0,0.0,0.00,0.00
1688230560.0,TREND,NO_GO,HOLD,13.33,NORMAL,PRO,DEFENSIVE,1.0,0.50,Aegean:FLAT(0.50)|Orion:LONG(0.20),Regime: TREND (Orion 2x). Score: 0.13. Low Conviction (<0.35).,LOW_CONVICTION,0.847981,MID,21.96,False,0.0,0.0,0.00,0.00
1688230620.0,TREND,NO_GO,HOLD,13.33,NORMAL,PRO,DEFENSIVE,1.0,0.50,Aegean:FLAT(0.50)|Orion:LONG(0.20),Regime: TREND (Orion 2x). Score: 0.13. Low Conviction (<0.35).,LOW_CONVICTION,0.598779,MID,21.72,False,0.0,0.0,0.00,0.00
1688230680.0,TREND,NO_GO,HOLD,13.33,NORMAL,PRO,DEFENSIVE,1.0,0.50,Aegean:FLAT(0.50)|Orion:LONG(0.20),Regime: TREND (Orion 2x). Score: 0.13. Low Conviction (<0.35).,LOW_CONVICTION,0.539886,MID,21.50,False,0.0,0.0,0.00,0.00
1688230740.0,TREND,NO_GO,HOLD,13.33,NORMAL,PRO,DEFENSIVE,1.0,0.50,Aegean:FLAT(0.50)|Orion:LONG(0.20),Regime: TREND (Orion 2x). Score: 0.13. Low Conviction (<0.35).,LOW_CONVICTION,0.465390,MID,21.30,False,0.0,0.0,0.00,0.00
1688230800.0,CHOP,NO_GO,HOLD,13.33,NORMAL,PRO,DEFENSIVE,1.0,0.50,Aegean:FLAT(0.50)|Orion:LONG(0.20),Regime: CHOP (Reduced Weights). Score: 0.13. Low Conviction (<0.35).,LOW_CONVICTION,-0.189409,MID,19.98,False,0.0,0.0,0.00,0.00
1688230860.0,CHOP,NO_GO,HOLD,13.33,NORMAL,PRO,DEFENSIVE,1.0,0.50,Aegean:FLAT(0.50)|Orion:LONG(0.20),Regime: CHOP (Reduced Weights). Score: 0.13. Low Conviction (<0.35).,LOW_CONVICTION,-0.298934,MID,18.60,False,0.0,0.0,0.00,0.00
1688230920.0,CHOP,NO_GO,HOLD,13.33,NORMAL,PRO,DEFENSIVE,1.0,0.50,Aegean:FLAT(0.50)|Orion:LONG(0.20),Regime: CHOP (Reduced Weights). Score: 0.13. Low Conviction (<0.35).,LOW_CONVICTION,-0.270848,MID,17.32,False,0.0,0.0,0.00,0.00
1688230980.0,CHOP,NO_GO,HOLD,13.33,NORMAL,PRO,DEFENSIVE,1.0,0.50,Aegean:FLAT(0.50)|Orion:LONG(0.20),Regime: CHOP (Reduced Weights). Score: 0.13. Low Conviction (<0.35).,LOW_CONVICTION,-0.238789,MID,16.14,False,0.0,0.0,0.00,0.00
1688231040.0,CHOP,NO_GO,HOLD,13.33,NORMAL,PRO,DEFENSIVE,1.0,0.50,Aegean:FLAT(0.50)|Orion:LONG(0.20),Regime: CHOP (Reduced Weights). Score: 0.13. Low Conviction (<0.35).,LOW_CONVICTION,0.688613,MID,16.44,False,0.0,0.0,0.00,0.00
1688231100.0,CHOP,NO_GO,HOLD,13.33,NORMAL,PRO,DEFENSIVE,1.0,0.50,Aegean:FLAT(0.50)|Orion:LONG(0.20),Regime: CHOP (Reduced Weights). Score: 0.13. Low Conviction (<0.35).,LOW_CONVICTION,0.332555,MID,16.73,False,0.0,0.0,0.00,0.00
1688231160.0,CHOP,NO_GO,HOLD,13.33,NORMAL,PRO,DEFENSIVE,1.0,0.50,Aegean:FLAT(0.50)|Orion:LONG(0.20),Regime: CHOP (Reduced Weights). Score: 0.13. Low Conviction (<0.35).,LOW_CONVICTION,1.114235,TOP,17.74,False,0.0,0.0,0.00,0.00
1688231220.0,CHOP,NO_GO,HOLD,13.33,NORMAL,PRO,DEFENSIVE,1.0,0.50,Aegean:FLAT(0.50)|Orion:LONG(0.20),Regime: CHOP (Reduced Weights). Score: 0.13. Low Conviction (<0.35).,LOW_CONVICTION,1.056440,TOP,18.69,False,0.0,0.0,0.00,0.00
1688231280.0,TREND,NO_GO,HOLD,13.33,NORMAL,PRO,DEFENSIVE,1.0,0.50,Aegean:FLAT(0.50)|Orion:LONG(0.20),Regime: TREND (Orion 2x). Score: 0.13. Low Conviction (<0.35).,LOW_CONVICTION,0.943576,TOP,19.55,False,0.0,0.0,0.00,0.00
1688231340.0,TREND,NO_GO,HOLD,13.33,NORMAL,PRO,DEFENSIVE,1.0,0.50,Aegean:FLAT(0.50)|Orion:LONG(0.20),Regime: TREND (Orion 2x). Score: 0.13. Low Conviction (<0.35).,LOW_CONVICTION,0.862100,TOP,20.35,False,0.0,0.0,0.00,0.00
1688231400.0,TREND,NO_GO,HOLD,13.33,NORMAL,PRO,DEFENSIVE,1.0,0.50,Aegean:FLAT(0.50)|Orion:LONG(0.20),Regime: TREND (Orion 2x). Score: 0.13. Low Conviction (<0.35).,LOW_CONVICTION,0.485084,TOP,19.61,False,0.0,0.0,0.00,0.00
1688231460.0,TREND,NO_GO,HOLD,13.33,NORMAL,PRO,DEFENSIVE,1.0,0.50,Aegean:FLAT(0.50)|Orion:LONG(0.20),Regime: TREND (Orion 2x). Score: 0.13. Low Conviction (<0.35).,LOW_CONVICTION,0.439818,MID,18.91,False,0.0,0.0,0.00,0.00
1688231520.0,CHOP,NO_GO,HOLD,13.33,NORMAL,PRO,DEFENSIVE,1.0,0.50,Aegean:FLAT(0.50)|Orion:LONG(0.20),Regime: CHOP (Reduced Weights). Score: 0.13. Low Conviction (<0.35).,LOW_CONVICTION,0.394146,MID,18.27,False,0.0,0.0,0.00,0.00
1688231580.0,CHOP,NO_GO,HOLD,13.33,NORMAL,PRO,DEFENSIVE,1.0,0.50,Aegean:FLAT(0.50)|Orion:LONG(0.20),Regime: CHOP (Reduced Weights). Score: 0.13. Low Conviction (<0.35).,LOW_CONVICTION,0.005997,MID,17.06,False,0.0,0.0,0.00,0.00
1688231640.0,CHOP,NO_GO,HOLD,13.33,NORMAL,PRO,DEFENSIVE,1.0,0.50,Aegean:FLAT(0.50)|Orion:LONG(0.20),Regime: CHOP (Reduced Weights). Score: 0.13. Low Conviction (<0.35).,LOW_CONVICTION,0.016118,MID,15.93,False,0.0,0.0,0.00,0.00
1688231700.0,CHOP,NO_GO,HOLD,13.33,NORMAL,PRO,DEFENSIVE,1.0,0.50,Aegean:FLAT(0.50)|Orion:LONG(0.20),Regime: CHOP (Reduced Weights). Score: 0.13. Low Conviction (<0.35).,LOW_CONVICTION,0.011182,MID,15.34,False,0.0,0.0,0.00,0.00
1688231760.0,CHOP,NO_GO,HOLD,13.33,NORMAL,PRO,DEFENSIVE,1.0,0.50,Aegean:FLAT(0.50)|Orion:LONG(0.20),Regime: CHOP (Reduced Weights). Score: 0.13. Low Conviction (<0.35).,LOW_CONVICTION,0.943431,TOP,15.55,False,0.0,0.0,0.00,0.00
1688231820.0,CHOP,NO_GO,HOLD,13.33,NORMAL,PRO,DEFENSIVE,1.0,0.50,Aegean:FLAT(0.50)|Orion:LONG(0.20),Regime: CHOP (Reduced Weights). Score: 0.13. Low Conviction (<0.35).,LOW_CONVICTION,0.853600,TOP,15.73,False,0.0,0.0,0.00,0.00
1688231880.0,CHOP,NO_GO,HOLD,13.33,NORMAL,PRO,DEFENSIVE,1.0,0.50,Aegean:FLAT(0.50)|Orion:LONG(0.20),Regime: CHOP (Reduced Weights). Score: 0.13. Low Conviction (<0.35).,LOW_CONVICTION,0.790949,TOP,15.97,False,0.0,0.0,0.00,0.00
1688231940.0,CHOP,NO_GO,HOLD,13.33,NORMAL,PRO,DEFENSIVE,1.0,0.50,Aegean:FLAT(0.50)|Orion:LONG(0.20),Regime: CHOP (Reduced Weights). Score: 0.13. Low Conviction (<0.35).,LOW_CONVICTION,0.742268,TOP,16.20,False,0.0,0.0,0.00,0.00
1688232000.0,CHOP,NO_GO,HOLD,13.33,NORMAL,PRO,DEFENSIVE,1.0,0.50,Aegean:FLAT(0.50)|Orion:LONG(0.20),Regime: CHOP (Reduced Weights). Score: 0.13. Low Conviction (<0.35).,LOW_CONVICTION,0.383956,MID,15.73,False,0.0,0.0,0.00,0.00
1688232060.0,CHOP,NO_GO,HOLD,13.33,NORMAL,PRO,DEFENSIVE,1.0,0.50,Aegean:FLAT(0.50)|Orion:LONG(0.20),Regime: CHOP (Reduced Weights). Score: 0.13. Low Conviction (<0.35).,LOW_CONVICTION,0.318056,MID,14.96,False,0.0,0.0,0.00,0.00
1688232120.0,CHOP,NO_GO,HOLD,13.33,NORMAL,PRO,DEFENSIVE,1.0,0.50,Aegean:FLAT(0.50)|Orion:LONG(0.20),Regime: CHOP (Reduced Weights). Score: 0.13. Low Conviction (<0.35).,LOW_CONVICTION,0.281558,MID,14.26,False,0.0,0.0,0.00,0.00
1688232180.0,CHOP,NO_GO,HOLD,13.33,NORMAL,PRO,DEFENSIVE,1.0,0.50,Aegean:FLAT(0.50)|Orion:LONG(0.20),Regime: CHOP (Reduced Weights). Score: 0.13. Low Conviction (<0.35).,LOW_CONVICTION,0.638346,TOP,13.78,False,0.0,0.0,0.00,0.00
1688232240.0,CHOP,NO_GO,HOLD,13.33,NORMAL,PRO,DEFENSIVE,1.0,0.50,Aegean:FLAT(0.50)|Orion:LONG(0.20),Regime: CHOP (Reduced Weights). Score: 0.13. Low Conviction (<0.35).,LOW_CONVICTION,0.333674,MID,13.38,False,0.0,0.0,0.00,0.00
1688232300.0,CHOP,NO_GO,HOLD,13.33,NORMAL,PRO,DEFENSIVE,1.0,0.50,Aegean:FLAT(0.50)|Orion:LONG(0.20),Regime: CHOP (Reduced Weights). Score: 0.13. Low Conviction (<0.35).,LOW_CONVICTION,0.440997,TOP,12.96,False,0.0,0.0,0.00,0.00
1688232360.0,CHOP,NO_GO,HOLD,13.33,NORMAL,PRO,DEFENSIVE,1.0,0.50,Aegean:FLAT(0.50)|Orion:LONG(0.20),Regime: CHOP (Reduced Weights). Score: 0.13. Low Conviction (<0.35).,LOW_CONVICTION,0.286769,MID,12.58,False,0.0,0.0,0.00,0.00
1688232420.0,CHOP,NO_GO,HOLD,13.33,NORMAL,PRO,DEFENSIVE,1.0,0.50,Aegean:FLAT(0.50)|Orion:LONG(0.20),Regime: CHOP (Reduced Weights). Score: 0.13. Low Conviction (<0.35).,LOW_CONVICTION,0.248418,MID,12.22,False,0.0,0.0,0.00,0.00
1688232480.0,CHOP,NO_GO,HOLD,13.33,NORMAL,PRO,DEFENSIVE,1.0,0.50,Aegean:FLAT(0.50)|Orion:LONG(0.20),Regime: CHOP (Reduced Weights). Score: 0.13. Low Conviction (<0.35).,LOW_CONVICTION,0.084073,MID,11.40,False,0.0,0.0,0.00,0.00
1688232540.0,CHOP,NO_GO,HOLD,13.33,NORMAL,PRO,DEFENSIVE,1.0,0.50,Aegean:FLAT(0.50)|Orion:LONG(0.20),Regime: CHOP (Reduced Weights). Score: 0.13. Low Conviction (<0.35).,LOW_CONVICTION,0.077037,MID,10.64,False,0.0,0.0,0.00,0.00
1688232600.0,CHOP,NO_GO,HOLD,13.33,NORMAL,PRO,DEFENSIVE,1.0,0.50,Aegean:FLAT(0.50)|Orion:LONG(0.20),Regime: CHOP (Reduced Weights). Score: 0.13. Low Conviction (<0.35).,LOW_CONVICTION,0.056922,MID,9.95,False,0.0,0.0,0.00,0.00
1688232660.0,CHOP,NO_GO,HOLD,13.33,NORMAL,PRO,DEFENSIVE,1.0,0.50,Aegean:FLAT(0.50)|Orion:LONG(0.20),Regime: CHOP (Reduced Weights). Score: 0.13. Low Conviction (<0.35).,LOW_CONVICTION,-0.452664,MID,10.63,False,0.0,0.0,0.00,0.00
1688232720.0,CHOP,NO_GO,HOLD,13.33,NORMAL,PRO,DEFENSIVE,1.0,0.50,Aegean:FLAT(0.50)|Orion:LONG(0.20),Regime: CHOP (Reduced Weights). Score: 0.13. Low Conviction (<0.35).,LOW_CONVICTION,0.060878,MID,11.22,False,0.0,0.0,0.00,0.00
1688232780.0,CHOP,NO_GO,HOLD,13.33,NORMAL,PRO,DEFENSIVE,1.0,0.50,Aegean:FLAT(0.50)|Orion:LONG(0.20),Regime: CHOP (Reduced Weights). Score: 0.13. Low Conviction (<0.35).,LOW_CONVICTION,0.054128,MID,11.81,False,0.0,0.0,0.00,0.00
1688232840.0,CHOP,NO_GO,HOLD,13.33,NORMAL,PRO,DEFENSIVE,1.0,0.50,Aegean:FLAT(0.50)|Orion:LONG(0.20),Regime: CHOP (Reduced Weights). Score: 0.13. Low Conviction (<0.35).,LOW_CONVICTION,0.048992,MID,12.31,False,0.0,0.0,0.00,0.00
1688232900.0,CHOP,NO_GO,HOLD,13.33,NORMAL,PRO,DEFENSIVE,1.0,0.50,Aegean:FLAT(0.50)|Orion:LONG(0.20),Regime: CHOP (Reduced Weights). Score: 0.13. Low Conviction (<0.35).,LOW_CONVICTION,-0.112793,MID,13.28,False,0.0,0.0,0.00,0.00
1688232960.0,CHOP,NO_GO,HOLD,13.33,NORMAL,PRO,DEFENSIVE,1.0,0.50,Aegean:FLAT(0.50)|Orion:LONG(0.20),Regime: CHOP (Reduced Weights). Score: 0.13. Low Conviction (<0.35).,LOW_CONVICTION,0.833163,TOP,13.54,False,0.0,0.0,0.00,0.00
1688233020.0,CHOP,NO_GO,HOLD,13.33,NORMAL,PRO,DEFENSIVE,1.0,0.50,Aegean:FLAT(0.50)|Orion:LONG(0.20),Regime: CHOP (Reduced Weights). Score: 0.13. Low Conviction (<0.35).,LOW_CONVICTION,0.753853,TOP,13.81,False,0.0,0.0,0.00,0.00
1688233080.0,CHOP,NO_GO,HOLD,13.33,NORMAL,PRO,DEFENSIVE,1.0,0.50,Aegean:FLAT(0.50)|Orion:LONG(0.20),Regime: CHOP (Reduced Weights). Score: 0.13. Low Conviction (<0.35).,LOW_CONVICTION,0.435391,MID,14.68,False,0.0,0.0,0.00,0.00
1688233140.0,CHOP,NO_GO,HOLD,13.33,NORMAL,PRO,DEFENSIVE,1.0,0.50,Aegean:FLAT(0.50)|Orion:LONG(0.20),Regime: CHOP (Reduced Weights). Score: 0.13. Low Conviction (<0.35).,LOW_CONVICTION,0.425289,MID,15.51,False,0.0,0.0,0.00,0.00
1688233200.0,CHOP,NO_GO,HOLD,13.33,NORMAL,PRO,DEFENSIVE,1.0,0.50,Aegean:FLAT(0.50)|Orion:LONG(0.20),Regime: CHOP (Reduced Weights). Score: 0.13. Low Conviction (<0.35).,LOW_CONVICTION,0.388659,MID,16.26,False,0.0,0.0,0.00,0.00
1688233260.0,CHOP,NO_GO,HOLD,13.33,NORMAL,PRO,DEFENSIVE,1.0,0.50,Aegean:FLAT(0.50)|Orion:LONG(0.20),Regime: CHOP (Reduced Weights). Score: 0.13. Low Conviction (<0.35).,LOW_CONVICTION,0.350691,MID,16.96,False,0.0,0.0,0.00,0.00
1688233320.0,CHOP,NO_GO,HOLD,13.33,NORMAL,PRO,DEFENSIVE,1.0,0.50,Aegean:FLAT(0.50)|Orion:LONG(0.20),Regime: CHOP (Reduced Weights). Score: 0.13. Low Conviction (<0.35).,LOW_CONVICTION,-0.024613,MID,16.31,False,0.0,0.0,0.00,0.00
1688233380.0,CHOP,NO_GO,HOLD,13.33,NORMAL,PRO,DEFENSIVE,1.0,0.50,Aegean:FLAT(0.50)|Orion:LONG(0.20),Regime: CHOP (Reduced Weights). Score: 0.13. Low Conviction (<0.35).,LOW_CONVICTION,0.830540,TOP,17.30,False,0.0,0.0,0.00,0.00
1688233440.0,CHOP,NO_GO,HOLD,13.33,NORMAL,PRO,DEFENSIVE,1.0,0.50,Aegean:FLAT(0.50)|Orion:LONG(0.20),Regime: CHOP (Reduced Weights). Score: 0.13. Low Conviction (<0.35).,LOW_CONVICTION,0.967778,TOP,18.28,False,0.0,0.0,0.00,0.00
1688233500.0,CHOP,NO_GO,HOLD,13.33,NORMAL,PRO,DEFENSIVE,1.0,0.50,Aegean:FLAT(0.50)|Orion:LONG(0.20),Regime: CHOP (Reduced Weights). Score: 0.13. Low Conviction (<0.35).,LOW_CONVICTION,0.428723,MID,18.47,False,0.0,0.0,0.00,0.00
1688233560.0,CHOP,NO_GO,HOLD,13.33,NORMAL,PRO,DEFENSIVE,1.0,0.50,Aegean:FLAT(0.50)|Orion:LONG(0.20),Regime: CHOP (Reduced Weights). Score: 0.13. Low Conviction (<0.35).,LOW_CONVICTION,0.386094,MID,18.61,False,0.0,0.0,0.00,0.00
1688233620.0,CHOP,NO_GO,HOLD,13.33,NORMAL,PRO,DEFENSIVE,1.0,0.50,Aegean:FLAT(0.50)|Orion:LONG(0.20),Regime: CHOP (Reduced Weights). Score: 0.13. Low Conviction (<0.35).,LOW_CONVICTION,0.078866,MID,17.87,False,0.0,0.0,0.00,0.00
1688233680.0,CHOP,NO_GO,HOLD,13.33,NORMAL,PRO,DEFENSIVE,1.0,0.50,Aegean:FLAT(0.50)|Orion:LONG(0.20),Regime: CHOP (Reduced Weights). Score: 0.13. Low Conviction (<0.35).,LOW_CONVICTION,0.070384,MID,17.18,False,0.0,0.0,0.00,0.00
1688233740.0,CHOP,NO_GO,HOLD,13.33,NORMAL,PRO,DEFENSIVE,1.0,0.50,Aegean:FLAT(0.50)|Orion:LONG(0.20),Regime: CHOP (Reduced Weights). Score: 0.13. Low Conviction (<0.35).,LOW_CONVICTION,0.069945,MID,16.63,False,0.0,0.0,0.00,0.00
1688233800.0,CHOP,NO_GO,HOLD,13.33,NORMAL,PRO,DEFENSIVE,1.0,0.50,Aegean:FLAT(0.50)|Orion:LONG(0.20),Regime: CHOP (Reduced Weights). Score: 0.13. Low Conviction (<0.35).,LOW_CONVICTION,-0.120546,MID,15.49,False,0.0,0.0,0.00,0.00
1688233860.0,CHOP,NO_GO,HOLD,13.33,NORMAL,PRO,DEFENSIVE,1.0,0.50,Aegean:FLAT(0.50)|Orion:SHORT(0.20),Regime: CHOP (Reduced Weights). Score: -0.13. Low Conviction (<0.35).,LOW_CONVICTION,-2.116684,DIP,17.97,False,0.0,0.0,0.00,0.00
1688233920.0,TREND,NO_GO,HOLD,13.33,NORMAL,PRO,DEFENSIVE,1.0,0.50,Aegean:FLAT(0.50)|Orion:SHORT(0.20),Regime: TREND (Orion 2x). Score: -0.13. Low Conviction (<0.35).,LOW_CONVICTION,-2.722310,DIP,20.80,False,0.0,0.0,0.00,0.00
1688233980.0,TREND,NO_GO,HOLD,13.33,NORMAL,PRO,DEFENSIVE,1.0,0.50,Aegean:FLAT(0.50)|Orion:SHORT(0.20),Regime: TREND (Orion 2x). Score: -0.13. Low Conviction (<0.35).,LOW_CONVICTION,-2.749689,DIP,23.70,False,0.0,0.0,0.00,0.00
1688234040.0,TREND,NO_GO,HOLD,10.65,NORMAL,PRO,DEFENSIVE,1.0,0.50,Aegean:FLAT(0.50)|Orion:SHORT(0.16),Regime: TREND (Orion 2x). Score: -0.11. Low Conviction (<0.35).,LOW_CONVICTION,-2.244005,DIP,26.39,True,0.0,0.0,0.00,0.00
1688234100.0,TREND,NO_GO,HOLD,9.15,NORMAL,PRO,DEFENSIVE,1.0,0.50,Aegean:FLAT(0.50)|Orion:SHORT(0.14),Regime: TREND (Orion 2x). Score: -0.09. Low Conviction (<0.35).,LOW_CONVICTION,-0.333883,MID,25.49,True,0.0,0.0,0.00,0.00
1688234160.0,TREND,NO_GO,HOLD,13.33,NORMAL,PRO,DEFENSIVE,1.0,0.50,Aegean:FLAT(0.50)|Orion:SHORT(0.20),Regime: TREND (Orion 2x). Score: -0.13. Low Conviction (<0.35).,LOW_CONVICTION,0.079820,MID,23.98,False,0.0,0.0,0.00,0.00
1688234220.0,TREND,NO_GO,HOLD,13.33,NORMAL,PRO,DEFENSIVE,1.0,0.50,Aegean:FLAT(0.50)|Orion:SHORT(0.20),Regime: TREND (Orion 2x). Score: -0.13. Low Conviction (<0.35).,LOW_CONVICTION,-0.019595,MID,22.62,False,0.0,0.0,0.00,0.00
1688234280.0,TREND,NO_GO,HOLD,13.33,NORMAL,PRO,DEFENSIVE,1.0,0.50,Aegean:FLAT(0.50)|Orion:SHORT(0.20),Regime: TREND (Orion 2x). Score: -0.13. Low Conviction (<0.35).,LOW_CONVICTION,-0.131600,MID,21.44,False,0.0,0.0,0.00,0.00
1688234340.0,TREND,NO_GO,HOLD,13.33,NORMAL,PRO,DEFENSIVE,1.0,0.50,Aegean:FLAT(0.50)|Orion:SHORT(0.20),Regime: TREND (Orion 2x). Score: -0.13. Low Conviction (<0.35).,LOW_CONVICTION,-0.113263,MID,20.37,False,0.0,0.0,0.00,0.00
1688234400.0,CHOP,NO_GO,HOLD,13.33,NORMAL,PRO,DEFENSIVE,1.0,0.50,Aegean:FLAT(0.50)|Orion:LONG(0.20),Regime: CHOP (Reduced Weights). Score: 0.13. Low Conviction (<0.35).,LOW_CONVICTION,0.991828,MID,19.96,False,0.0,0.0,0.00,0.00
1688234460.0,CHOP,NO_GO,HOLD,13.33,NORMAL,PRO,DEFENSIVE,1.0,0.50,Aegean:FLAT(0.50)|Orion:LONG(0.20),Regime: CHOP (Reduced Weights). Score: 0.13. Low Conviction (<0.35).,LOW_CONVICTION,0.897369,MID,19.63,False,0.0,0.0,0.00,0.00
1688234520.0,CHOP,NO_GO,HOLD,13.33,NORMAL,PRO,DEFENSIVE,1.0,0.50,Aegean:FLAT(0.50)|Orion:LONG(0.20),Regime: CHOP (Reduced Weights). Score: 0.13. Low Conviction (<0.35).,LOW_CONVICTION,0.711396,MID,19.13,False,0.0,0.0,0.00,0.00
1688234580.0,CHOP,NO_GO,HOLD,13.33,NORMAL,PRO,DEFENSIVE,1.0,0.50,Aegean:FLAT(0.50)|Orion:LONG(0.20),Regime: CHOP (Reduced Weights). Score: 0.13. Low Conviction (<0.35).,LOW_CONVICTION,0.648582,MID,18.70,False,0.0,0.0,0.00,0.00
1688234640.0,CHOP,NO_GO,HOLD,13.33,NORMAL,PRO,DEFENSIVE,1.0,0.50,Aegean:FLAT(0.50)|Orion:LONG(0.20),Regime: CHOP (Reduced Weights). Score: 0.13. Low Conviction (<0.35).,LOW_CONVICTION,0.575647,MID,18.26,False,0.0,0.0,0.00,0.00
1688234700.0,CHOP,NO_GO,HOLD,13.33,NORMAL,PRO,DEFENSIVE,1.0,0.50,Aegean:FLAT(0.50)|Orion:LONG(0.20),Regime: CHOP (Reduced Weights). Score: 0.13. Low Conviction (<0.35).,LOW_CONVICTION,0.813875,TOP,18.26,False,0.0,0.0,0.00,0.00
1688234760.0,CHOP,NO_GO,HOLD,13.33,NORMAL,PRO,DEFENSIVE,1.0,0.50,Aegean:FLAT(0.50)|Orion:LONG(0.20),Regime: CHOP (Reduced Weights). Score: 0.13. Low Conviction (<0.35).,LOW_CONVICTION,0.735429,TOP,18.25,False,0.0,0.0,0.00,0.00
1688234820.0,CHOP,NO_GO,HOLD,13.33,NORMAL,PRO,DEFENSIVE,1.0,0.50,Aegean:FLAT(0.50)|Orion:LONG(0.20),Regime: CHOP (Reduced Weights). Score: 0.13. Low Conviction (<0.35).,LOW_CONVICTION,0.922864,TOP,18.66,False,0.0,0.0,0.00,0.00
1688234880.0,CHOP,NO_GO,HOLD,13.33,NORMAL,PRO,DEFENSIVE,1.0,0.50,Aegean:FLAT(0.50)|Orion:LONG(0.20),Regime: CHOP (Reduced Weights). Score: 0.13. Low Conviction (<0.35).,LOW_CONVICTION,0.644477,TOP,19.02,False,0.0,0.0,0.00,0.00
1688234940.0,CHOP,NO_GO,HOLD,13.33,NORMAL,PRO,DEFENSIVE,1.0,0.50,Aegean:FLAT(0.50)|Orion:LONG(0.20),Regime: CHOP (Reduced Weights). Score: 0.13. Low Conviction (<0.35).,LOW_CONVICTION,0.591670,TOP,19.34,False,0.0,0.0,0.00,0.00
1688235000.0,TREND,NO_GO,HOLD,13.33,NORMAL,PRO,DEFENSIVE,1.0,0.50,Aegean:FLAT(0.50)|Orion:LONG(0.20),Regime: TREND (Orion 2x). Score: 0.13. Low Conviction (<0.35).,LOW_CONVICTION,0.696452,TOP,19.97,False,0.0,0.0,0.00,0.00
1688235060.0,TREND,NO_GO,HOLD,13.33,NORMAL,PRO,DEFENSIVE,1.0,0.50,Aegean:FLAT(0.50)|Orion:LONG(0.20),Regime: TREND (Orion 2x). Score: 0.13. Low Conviction (<0.35).,LOW_CONVICTION,0.649963,TOP,20.53,False,0.0,0.0,0.00,0.00
1688235120.0,TREND,NO_GO,HOLD,13.33,NORMAL,PRO,DEFENSIVE,1.0,0.50,Aegean:FLAT(0.50)|Orion:LONG(0.20),Regime: TREND (Orion 2x). Score: 0.13. Low Conviction (<0.35).,LOW_CONVICTION,0.901414,TOP,21.58,False,0.0,0.0,0.00,0.00
1688235180.0,TREND,NO_GO,HOLD,13.33,NORMAL,PRO,DEFENSIVE,1.0,0.50,Aegean:FLAT(0.50)|Orion:LONG(0.20),Regime: TREND (Orion 2x). Score: 0.13. Low Conviction (<0.35).,LOW_CONVICTION,0.815565,TOP,22.53,False,0.0,0.0,0.00,0.00
1688235240.0,TREND,NO_GO,HOLD,13.33,NORMAL,PRO,DEFENSIVE,1.0,0.50,Aegean:FLAT(0.50)|Orion:LONG(0.20),Regime: TREND (Orion 2x). Score: 0.13. Low Conviction (<0.35).,LOW_CONVICTION,0.740341,TOP,23.49,False,0.0,0.0,0.00,0.00
1688235300.0,TREND,NO_GO,HOLD,9.94,NORMAL,PRO,DEFENSIVE,1.0,0.50,Aegean:FLAT(0.50)|Orion:LONG(0.15),Regime: TREND (Orion 2x). Score: 0.10. Low Conviction (<0.35).,LOW_CONVICTION,-0.371817,MID,25.97,True,0.0,0.0,0.00,0.00
1688235360.0,TREND,NO_GO,HOLD,13.77,NORMAL,PRO,DEFENSIVE,1.0,0.50,Aegean:FLAT(0.50)|Orion:LONG(0.21),Regime: TREND (Orion 2x). Score: 0.14. Low Conviction (<0.35).,LOW_CONVICTION,0.118832,MID,28.26,True,0.0,0.0,0.00,0.00
1688235420.0,TREND,NO_GO,HOLD,17.33,NORMAL,PRO,DEFENSIVE,1.0,0.50,Aegean:FLAT(0.50)|Orion:LONG(0.26),Regime: TREND (Orion 2x). Score: 0.17. Low Conviction (<0.35).,LOW_CONVICTION,0.112491,MID,30.40,True,0.0,0.0,0.00,0.00
1688235480.0,TREND,NO_GO,HOLD,18.17,NORMAL,PRO,DEFENSIVE,1.0,0.50,Aegean:FLAT(0.50)|Orion:SHORT(0.27),Regime: TREND (Orion 2x). Score: -0.18. Low Conviction (<0.35).,LOW_CONVICTION,-0.380511,MID,30.90,True,0.0,0.0,0.00,0.00
1688235540.0,TREND,NO_GO,HOLD,17.48,NORMAL,PRO,DEFENSIVE,1.0,0.50,Aegean:FLAT(0.50)|Orion:SHORT(0.26),Regime: TREND (Orion 2x). Score: -0.17. Low Conviction (<0.35).,LOW_CONVICTION,-0.667148,DIP,30.49,True,0.0,0.0,0.00,0.00
1688235600.0,TREND,NO_GO,HOLD,16.00,NORMAL,PRO,DEFENSIVE,1.0,0.50,Aegean:FLAT(0.50)|Orion:SHORT(0.24),Regime: TREND (Orion 2x). Score: -0.16. Low Conviction (<0.35).,LOW_CONVICTION,-0.806448,DIP,29.60,True,0.0,0.0,0.00,0.00
1688235660.0,TREND,NO_GO,HOLD,13.03,NORMAL,PRO,DEFENSIVE,1.0,0.50,Aegean:FLAT(0.50)|Orion:SHORT(0.20),Regime: TREND (Orion 2x). Score: -0.13. Low Conviction (<0.35).,LOW_CONVICTION,-1.121793,DIP,27.82,True,0.0,0.0,0.00,0.00
1688235720.0,TREND,NO_GO,HOLD,10.34,NORMAL,PRO,DEFENSIVE,1.0,0.50,Aegean:FLAT(0.50)|Orion:SHORT(0.16),Regime: TREND (Orion 2x). Score: -0.10. Low Conviction (<0.35).,LOW_CONVICTION,-0.917300,DIP,26.21,True,0.0,0.0,0.00,0.00
1688235780.0,TREND,NO_GO,HOLD,13.33,NORMAL,PRO,DEFENSIVE,1.0,0.50,Aegean:FLAT(0.50)|Orion:SHORT(0.20),Regime: TREND (Orion 2x). Score: -0.13. Low Conviction (<0.35).,LOW_CONVICTION,-0.291327,MID,24.98,False,0.0,0.0,0.00,0.00
1688235840.0,TREND,NO_GO,HOLD,13.33,NORMAL,PRO,DEFENSIVE,1.0,0.50,Aegean:FLAT(0.50)|Orion:SHORT(0.20),Regime: TREND (Orion 2x). Score: -0.13. Low Conviction (<0.35).,LOW_CONVICTION,-0.255849,MID,24.34,False,0.0,0.0,0.00,0.00
1688235900.0,TREND,NO_GO,HOLD,13.33,NORMAL,PRO,DEFENSIVE,1.0,0.50,Aegean:FLAT(0.50)|Orion:SHORT(0.20),Regime: TREND (Orion 2x). Score: -0.13. Low Conviction (<0.35).,LOW_CONVICTION,-0.456225,MID,23.30,False,0.0,0.0,0.00,0.00
1688235960.0,TREND,NO_GO,HOLD,13.33,NORMAL,PRO,DEFENSIVE,1.0,0.50,Aegean:FLAT(0.50)|Orion:SHORT(0.20),Regime: TREND (Orion 2x). Score: -0.13. Low Conviction (<0.35).,LOW_CONVICTION,-0.407318,MID,22.40,False,0.0,0.0,0.00,0.00
1688236020.0,TREND,NO_GO,HOLD,13.33,NORMAL,PRO,DEFENSIVE,1.0,0.50,Aegean:FLAT(0.50)|Orion:SHORT(0.20),Regime: TREND (Orion 2x). Score: -0.13. Low Conviction (<0.35).,LOW_CONVICTION,-0.368506,MID,21.49,False,0.0,0.0,0.00,0.00
1688236080.0,CHOP,NO_GO,HOLD,13.33,NORMAL,PRO,DEFENSIVE,1.0,0.50,Aegean:FLAT(0.50)|Orion:SHORT(0.20),Regime: CHOP (Reduced Weights). Score: -0.13. Low Conviction (<0.35).,LOW_CONVICTION,-0.334363,MID,20.68,False,0.0,0.0,0.00,0.00
1688236140.0,CHOP,NO_GO,HOLD,13.33,NORMAL,PRO,DEFENSIVE,1.0,0.50,Aegean:FLAT(0.50)|Orion:SHORT(0.20),Regime: CHOP (Reduced Weights). Score: -0.13. Low Conviction (<0.35).,LOW_CONVICTION,-0.220715,MID,20.06,False,0.0,0.0,0.00,0.00
1688236200.0,CHOP,NO_GO,HOLD,13.33,NORMAL,PRO,DEFENSIVE,1.0,0.50,Aegean:FLAT(0.50)|Orion:LONG(0.20),Regime: CHOP (Reduced Weights). Score: 0.13. Low Conviction (<0.35).,LOW_CONVICTION,0.284621,MID,20.28,False,0.0,0.0,0.00,0.00
1688236260.0,CHOP,NO_GO,HOLD,13.33,NORMAL,PRO,DEFENSIVE,1.0,0.50,Aegean:FLAT(0.50)|Orion:LONG(0.20),Regime: CHOP (Reduced Weights). Score: 0.13. Low Conviction (<0.35).,LOW_CONVICTION,0.345372,MID,20.62,False,0.0,0.0,0.00,0.00
1688236320.0,CHOP,NO_GO,HOLD,13.33,NORMAL,PRO,DEFENSIVE,1.0,0.50,Aegean:FLAT(0.50)|Orion:LONG(0.20),Regime: CHOP (Reduced Weights). Score: 0.13. Low Conviction (<0.35).,LOW_CONVICTION,0.317311,MID,20.96,False,0.0,0.0,0.00,0.00
1688236380.0,TREND,NO_GO,HOLD,13.33,NORMAL,PRO,DEFENSIVE,1.0,0.50,Aegean:FLAT(0.50)|Orion:LONG(0.20),Regime: TREND (Orion 2x). Score: 0.13. Low Conviction (<0.35).,LOW_CONVICTION,0.713600,MID,21.98,False,0.0,0.0,0.00,0.00
1688236440.0,TREND,NO_GO,HOLD,13.33,NORMAL,PRO,DEFENSIVE,1.0,0.50,Aegean:FLAT(0.50)|Orion:LONG(0.20),Regime: TREND (Orion 2x). Score: 0.13. Low Conviction (<0.35).,LOW_CONVICTION,0.611031,MID,22.93,False,0.0,0.0,0.00,0.00
1688236500.0,TREND,NO_GO,HOLD,13.33,NORMAL,PRO,DEFENSIVE,1.0,0.50,Aegean:FLAT(0.50)|Orion:LONG(0.20),Regime: TREND (Orion 2x). Score: 0.13. Low Conviction (<0.35).,LOW_CONVICTION,0.613704,TOP,24.43,False,0.0,0.0,0.00,0.00
1688236560.0,TREND,NO_GO,HOLD,9.65,NORMAL,PRO,DEFENSIVE,1.0,0.50,Aegean:FLAT(0.50)|Orion:LONG(0.14),Regime: TREND (Orion 2x). Score: 0.10. Low Conviction (<0.35).,LOW_CONVICTION,0.556148,TOP,25.79,True,0.0,0.0,0.00,0.00
1688236620.0,TREND,NO_GO,HOLD,11.73,NORMAL,PRO,DEFENSIVE,1.0,0.50,Aegean:FLAT(0.50)|Orion:LONG(0.18),Regime: TREND (Orion 2x). Score: 0.12. Low Conviction (<0.35).,LOW_CONVICTION,0.505468,TOP,27.04,True,0.0,0.0,0.00,0.00
1688236680.0,TREND,NO_GO,HOLD,13.66,NORMAL,PRO,DEFENSIVE,1.0,0.50,Aegean:FLAT(0.50)|Orion:LONG(0.20),Regime: TREND (Orion 2x). Score: 0.14. Low Conviction (<0.35).,LOW_CONVICTION,0.457329,TOP,28.19,True,0.0,0.0,0.00,0.00
1688236740.0,TREND,NO_GO,HOLD,15.58,NORMAL,PRO,DEFENSIVE,1.0,0.50,Aegean:FLAT(0.50)|Orion:LONG(0.23),Regime: TREND (Orion 2x). Score: 0.16. Low Conviction (<0.35).,LOW_CONVICTION,0.392647,TOP,29.35,True,0.0,0.0,0.00,0.00
1688236800.0,TREND,NO_GO,HOLD,17.28,NORMAL,PRO,DEFENSIVE,1.0,0.50,Aegean:FLAT(0.50)|Orion:LONG(0.26),Regime: TREND (Orion 2x). Score: 0.17. Low Conviction (<0.35).,LOW_CONVICTION,0.354300,TOP,30.37,True,0.0,0.0,0.00,0.00
1688236860.0,TREND,NO_GO,HOLD,19.73,NORMAL,PRO,DEFENSIVE,1.0,0.50,Aegean:FLAT(0.50)|Orion:LONG(0.30),Regime: TREND (Orion 2x). Score: 0.20. Low Conviction (<0.35).,LOW_CONVICTION,0.637659,TOP,31.84,True,0.0,0.0,0.00,0.00
1688236920.0,TREND,NO_GO,HOLD,22.01,NORMAL,PRO,DEFENSIVE,1.0,0.50,Aegean:FLAT(0.50)|Orion:LONG(0.33),Regime: TREND (Orion 2x). Score: 0.22. Low Conviction (<0.35).,LOW_CONVICTION,0.577882,TOP,33.20,True,0.0,0.0,0.00,0.00
1688236980.0,TREND,NO_GO,HOLD,24.07,NORMAL,PRO,DEFENSIVE,1.0,0.50,Aegean:FLAT(0.50)|Orion:LONG(0.36),Regime: TREND (Orion 2x). Score: 0.24. Low Conviction (<0.35).,LOW_CONVICTION,0.523019,TOP,34.44,True,0.0,0.0,0.00,0.00
1688237040.0,TREND,NO_GO,HOLD,26.04,NORMAL,PRO,DEFENSIVE,1.0,0.50,Aegean:FLAT(0.50)|Orion:LONG(0.39),Regime: TREND (Orion 2x). Score: 0.26. Low Conviction (<0.35).,LOW_CONVICTION,0.467347,TOP,35.62,True,0.0,0.0,0.00,0.00
1688237100.0,TREND,NO_GO,HOLD,28.98,NORMAL,PRO,DEFENSIVE,1.0,0.50,Aegean:FLAT(0.50)|Orion:LONG(0.43),Regime: TREND (Orion 2x). Score: 0.29. Low Conviction (<0.35).,LOW_CONVICTION,0.818095,TOP,37.39,True,0.0,0.0,0.00,0.00
1688237160.0,TREND,NO_GO,HOLD,31.69,NORMAL,PRO,DEFENSIVE,1.0,0.50,Aegean:FLAT(0.50)|Orion:LONG(0.48),Regime: TREND (Orion 2x). Score: 0.32. Low Conviction (<0.35).,LOW_CONVICTION,0.734098,TOP,39.01,True,0.0,0.0,0.00,0.00
1688237220.0,TREND,NO_GO,HOLD,34.19,NORMAL,PRO,DEFENSIVE,1.0,0.50,Aegean:FLAT(0.50)|Orion:LONG(0.51),Regime: TREND (Orion 2x). Score: 0.34. Low Conviction (<0.35).,LOW_CONVICTION,0.668027,TOP,40.52,True,0.0,0.0,0.00,0.00
1688237280.0,TREND,GO,BUY,38.76,NORMAL,PRO,DEFENSIVE,1.0,0.50,Aegean:FLAT(0.50)|Orion:LONG(0.58),Regime: TREND (Orion 2x). Score: 0.39. Bullish Consensus.,,1.938518,TOP,43.26,True,1.3,20.0,2.00,7.30
1688237340.0,TREND,GO,BUY,43.13,NORMAL,PRO,DEFENSIVE,1.0,0.50,Aegean:FLAT(0.50)|Orion:LONG(0.65),Regime: TREND (Orion 2x). Score: 0.43. Bullish Consensus.,,1.750842,TOP,45.88,True,1.2,20.0,2.00,7.68
1688237400.0,TREND,GO,BUY,46.88,NORMAL,PRO,DEFENSIVE,1.0,0.50,Aegean:FLAT(0.50)|Orion:LONG(0.70),Regime: TREND (Orion 2x). Score: 0.47. Bullish Consensus.,,1.558738,TOP,48.13,True,1.1,20.0,2.00,8.01
1688237460.0,TREND,GO,BUY,50.36,NORMAL,PRO,DEFENSIVE,1.0,0.50,Aegean:FLAT(0.50)|Orion:LONG(0.76),Regime: TREND (Orion 2x). Score: 0.50. Bullish Consensus.,,1.403965,TOP,50.21,True,1.0,20.0,2.00,8.31
1688237520.0,TREND,GO,BUY,53.67,NORMAL,PRO,DEFENSIVE,1.0,0.50,Aegean:FLAT(0.50)|Orion:LONG(0.81),Regime: TREND (Orion 2x). Score: 0.54. Bullish Consensus.,,1.268349,TOP,52.20,True,0.9,20.0,2.00,8.60
1688237580.0,TREND,GO,BUY,54.49,NORMAL,PRO,DEFENSIVE,1.0,0.50,Aegean:FLAT(0.50)|Orion:LONG(0.82),Regime: TREND (Orion 2x). Score: 0.54. Bullish Consensus.,,0.892335,MID,52.70,True,1.0,20.0,2.00,8.61
1688237640.0,TREND,GO,BUY,55.33,NORMAL,PRO,DEFENSIVE,1.0,0.50,Aegean:FLAT(0.50)|Orion:LONG(0.83),Regime: TREND (Orion 2x). Score: 0.55. Bullish Consensus.,,0.828940,MID,53.20,True,0.9,20.0,2.00,8.67
1688237700.0,TREND,GO,BUY,56.37,NORMAL,PRO,DEFENSIVE,1.0,0.50,Aegean:FLAT(0.50)|Orion:LONG(0.85),Regime: TREND (Orion 2x). Score: 0.56. Bullish Consensus.,,0.913190,TOP,53.82,True,0.9,20.0,2.00,8.79
1688237760.0,TREND,GO,BUY,57.37,NORMAL,PRO,DEFENSIVE,1.0,0.50,Aegean:FLAT(0.50)|Orion:LONG(0.86),Regime: TREND (Orion 2x). Score: 0.57. Bullish Consensus.,,0.826219,TOP,54.42,True,0.8,20.0,2.00,8.87
1688237820.0,TREND,GO,BUY,58.29,NORMAL,PRO,DEFENSIVE,1.0,0.50,Aegean:FLAT(0.50)|Orion:LONG(0.87),Regime: TREND (Orion 2x). Score: 0.58. Bullish Consensus.,,0.758207,TOP,54.97,True,0.8,20.0,2.00,8.94
1688237880.0,TREND,GO,BUY,59.15,NORMAL,PRO,DEFENSIVE,1.0,0.50,Aegean:FLAT(0.50)|Orion:LONG(0.89),Regime: TREND (Orion 2x). Score: 0.59. Bullish Consensus.,,0.691558,TOP,55.49,True,0.7,20.0,2.00,9.01
1688237940.0,TREND,GO,BUY,59.99,NORMAL,PRO,DEFENSIVE,1.0,0.50,Aegean:FLAT(0.50)|Orion:LONG(0.90),Regime: TREND (Orion 2x). Score: 0.60. Bullish Consensus.,,0.630741,TOP,56.00,True,0.7,20.0,2.00,9.08
1688238000.0,TREND,GO,BUY,62.92,NORMAL,PRO,DEFENSIVE,1.0,0.50,Aegean:FLAT(0.50)|Orion:LONG(0.94),Regime: TREND (Orion 2x). Score: 0.63. Bullish Consensus.,,1.392055,TOP,57.75,True,1.1,20.0,2.00,9.51
1688238060.0,TREND,GO,BUY,65.46,NORMAL,PRO,DEFENSIVE,1.0,0.50,Aegean:FLAT(0.50)|Orion:LONG(0.98),Regime: TREND (Orion 2x). Score: 0.65. Bullish Consensus.,,1.257153,MID,59.27,True,1.0,20.0,2.00,9.73
1688238120.0,TREND,GO,BUY,66.67,NORMAL,PRO,DEFENSIVE,1.0,0.50,Aegean:FLAT(0.50)|Orion:LONG(1.00),Regime: TREND (Orion 2x). Score: 0.67. Bullish Consensus.,,1.126472,MID,60.25,True,1.0,20.0,2.00,9.86
1688238180.0,TREND,GO,BUY,62.71,NORMAL,PRO,DEFENSIVE,1.0,0.50,Aegean:FLAT(0.50)|Orion:LONG(0.94),Regime: TREND (Orion 2x). Score: 0.63. Bullish Consensus.,,1.074446,TOP,57.63,True,1.3,20.0,2.00,9.43
1688238240.0,TREND,GO,BUY,58.80,NORMAL,PRO,DEFENSIVE,1.0,0.50,Aegean:FLAT(0.50)|Orion:LONG(0.88),Regime: TREND (Orion 2x). Score: 0.59. Bullish Consensus.,,1.024272,TOP,55.28,True,1.2,20.0,2.00,9.05
1688238300.0,TREND,GO,BUY,52.34,NORMAL,PRO,DEFENSIVE,1.0,0.50,Aegean:FLAT(0.50)|Orion:LONG(0.79),Regime: TREND (Orion 2x). Score: 0.52. Bullish Consensus.,,0.260055,MID,51.40,True,1.4,20.0,2.00,8.28
1688238360.0,TREND,GO,BUY,46.34,NORMAL,PRO,DEFENSIVE,1.0,0.50,Aegean:FLAT(0.50)|Orion:LONG(0.70),Regime: TREND (Orion 2x). Score: 0.46. Bullish Consensus.,,0.570526,MID,47.80,True,1.4,20.0,2.00,7.76
1688238420.0,TREND,GO,BUY,44.49,NORMAL,PRO,DEFENSIVE,1.0,0.50,Aegean:FLAT(0.50)|Orion:LONG(0.67),Regime: TREND (Orion 2x). Score: 0.44. Bullish Consensus.,,0.313352,MID,46.70,True,1.9,20.0,2.00,7.53
1688238480.0,TREND,GO,BUY,41.33,NORMAL,PRO,DEFENSIVE,1.0,0.50,Aegean:FLAT(0.50)|Orion:LONG(0.62),Regime: TREND (Orion 2x). Score: 0.41. Bullish Consensus.,,-0.132352,DIP,44.80,True,2.1,20.0,2.00,7.19
1688238540.0,TREND,GO,BUY,38.40,NORMAL,PRO,DEFENSIVE,1.0,0.50,Aegean:FLAT(0.50)|Orion:LONG(0.58),Regime: TREND (Orion 2x). Score: 0.38. Bullish Consensus.,,-0.127749,DIP,43.04,True,1.9,20.0,2.00,6.91
1688238600.0,TREND,GO,BUY,35.84,NORMAL,PRO,DEFENSIVE,1.0,0.50,Aegean:FLAT(0.50)|Orion:LONG(0.54),Regime: TREND (Orion 2x). Score: 0.36. Bullish Consensus.,,-0.117976,DIP,41.51,True,1.8,20.0,2.00,6.66
1688238660.0,TREND,NO_GO,HOLD,31.02,NORMAL,PRO,DEFENSIVE,1.0,0.50,Aegean:FLAT(0.50)|Orion:LONG(0.47),Regime: TREND (Orion 2x). Score: 0.31. Low Conviction (<0.35).,LOW_CONVICTION,-0.811483,DIP,38.61,True,0.0,0.0,0.00,0.00
1688238720.0,TREND,NO_GO,HOLD,26.53,NORMAL,PRO,DEFENSIVE,1.0,0.50,Aegean:FLAT(0.50)|Orion:LONG(0.40),Regime: TREND (Orion 2x). Score: 0.27. Low Conviction (<0.35).,LOW_CONVICTION,-0.619094,DIP,35.92,True,0.0,0.0,0.00,0.00
1688238780.0,TREND,NO_GO,HOLD,22.37,NORMAL,PRO,DEFENSIVE,1.0,0.50,Aegean:FLAT(0.50)|Orion:LONG(0.34),Regime: TREND (Orion 2x). Score: 0.22. Low Conviction (<0.35).,LOW_CONVICTION,-0.559180,DIP,33.42,True,0.0,0.0,0.00,0.00
1688238840.0,TREND,NO_GO,HOLD,18.76,NORMAL,PRO,DEFENSIVE,1.0,0.50,Aegean:FLAT(0.50)|Orion:LONG(0.28),Regime: TREND (Orion 2x). Score: 0.19. Low Conviction (<0.35).,LOW_CONVICTION,-0.420642,DIP,31.25,True,0.0,0.0,0.00,0.00
1688238900.0,TREND,NO_GO,HOLD,15.22,NORMAL,PRO,DEFENSIVE,1.0,0.50,Aegean:FLAT(0.50)|Orion:LONG(0.23),Regime: TREND (Orion 2x). Score: 0.15. Low Conviction (<0.35).,LOW_CONVICTION,-0.379609,DIP,29.13,True,0.0,0.0,0.00,0.00
1688238960.0,TREND,NO_GO,HOLD,13.10,NORMAL,PRO,DEFENSIVE,1.0,0.50,Aegean:FLAT(0.50)|Orion:SHORT(0.20),Regime: TREND (Orion 2x). Score: -0.13. Low Conviction (<0.35).,LOW_CONVICTION,-0.640599,DIP,27.86,True,0.0,0.0,0.00,0.00
1688239020.0,TREND,NO_GO,HOLD,11.11,NORMAL,PRO,DEFENSIVE,1.0,0.50,Aegean:FLAT(0.50)|Orion:SHORT(0.17),Regime: TREND (Orion 2x). Score: -0.11. Low Conviction (<0.35).,LOW_CONVICTION,-0.578637,DIP,26.67,True,0.0,0.0,0.00,0.00
1688239080.0,TREND,NO_GO,HOLD,8.59,NORMAL,PRO,DEFENSIVE,1.0,0.50,Aegean:FLAT(0.50)|Orion:LONG(0.13),Regime: TREND (Orion 2x). Score: 0.09. Low Conviction (<0.35).,LOW_CONVICTION,-0.357834,DIP,25.15,True,0.0,0.0,0.00,0.00
1688239140.0,TREND,NO_GO,HOLD,13.33,NORMAL,PRO,DEFENSIVE,1.0,0.50,Aegean:FLAT(0.50)|Orion:LONG(0.20),Regime: TREND (Orion 2x). Score: 0.13. Low Conviction (<0.35).,LOW_CONVICTION,0.004837,MID,23.73,False,0.0,0.0,0.00,0.00
1688239200.0,TREND,NO_GO,HOLD,13.33,NORMAL,PRO,DEFENSIVE,1.0,0.50,Aegean:FLAT(0.50)|Orion:LONG(0.20),Regime: TREND (Orion 2x). Score: 0.13. Low Conviction (<0.35).,LOW_CONVICTION,-0.196270,DIP,22.40,False,0.0,0.0,0.00,0.00
1688239260.0,TREND,NO_GO,HOLD,13.33,NORMAL,PRO,DEFENSIVE,1.0,0.50,Aegean:FLAT(0.50)|Orion:LONG(0.20),Regime: TREND (Orion 2x). Score: 0.13. Low Conviction (<0.35).,LOW_CONVICTION,0.016689,MID,21.23,False,0.0,0.0,0.00,0.00
1688239320.0,TREND,NO_GO,HOLD,13.33,NORMAL,PRO,DEFENSIVE,1.0,0.50,Aegean:FLAT(0.50)|Orion:LONG(0.20),Regime: TREND (Orion 2x). Score: 0.13. Low Conviction (<0.35).,LOW_CONVICTION,0.253195,MID,20.65,False,0.0,0.0,0.00,0.00
1688239380.0,TREND,NO_GO,HOLD,13.33,NORMAL,PRO,DEFENSIVE,1.0,0.50,Aegean:FLAT(0.50)|Orion:LONG(0.20),Regime: TREND (Orion 2x). Score: 0.13. Low Conviction (<0.35).,LOW_CONVICTION,0.564319,MID,20.81,False,0.0,0.0,0.00,0.00
1688239440.0,TREND,NO_GO,HOLD,13.33,NORMAL,PRO,DEFENSIVE,1.0,0.50,Aegean:FLAT(0.50)|Orion:LONG(0.20),Regime: TREND (Orion 2x). Score: 0.13. Low Conviction (<0.35).,LOW_CONVICTION,0.503552,MID,20.99,False,0.0,0.0,0.00,0.00
1688239500.0,TREND,NO_GO,HOLD,13.33,NORMAL,PRO,DEFENSIVE,1.0,0.50,Aegean:FLAT(0.50)|Orion:LONG(0.20),Regime: TREND (Orion 2x). Score: 0.13. Low Conviction (<0.35).,LOW_CONVICTION,0.455614,MID,21.13,False,0.0,0.0,0.00,0.00
1688239560.0,TREND,NO_GO,HOLD,13.33,NORMAL,PRO,DEFENSIVE,1.0,0.50,Aegean:FLAT(0.50)|Orion:LONG(0.20),Regime: TREND (Orion 2x). Score: 0.13. Low Conviction (<0.35).,LOW_CONVICTION,0.736032,MID,21.99,False,0.0,0.0,0.00,0.00
1688239620.0,TREND,NO_GO,HOLD,13.33,NORMAL,PRO,DEFENSIVE,1.0,0.50,Aegean:FLAT(0.50)|Orion:LONG(0.20),Regime: TREND (Orion 2x). Score: 0.13. Low Conviction (<0.35).,LOW_CONVICTION,1.739013,TOP,24.53,False,0.0,0.0,0.00,0.00
1688239680.0,TREND,NO_GO,HOLD,11.85,NORMAL,PRO,DEFENSIVE,1.0,0.50,Aegean:FLAT(0.50)|Orion:LONG(0.18),Regime: TREND (Orion 2x). Score: 0.12. Low Conviction (<0.35).,LOW_CONVICTION,1.786726,MID,27.11,True,0.0,0.0,0.00,0.00
1688239740.0,TREND,NO_GO,HOLD,15.91,NORMAL,PRO,DEFENSIVE,1.0,0.50,Aegean:FLAT(0.50)|Orion:LONG(0.24),Regime: TREND (Orion 2x). Score: 0.16. Low Conviction (<0.35).,LOW_CONVICTION,2.117061,TOP,29.54,True,0.0,0.0,0.00,0.00
1688239800.0,TREND,NO_GO,HOLD,20.31,NORMAL,PRO,DEFENSIVE,1.0,0.50,Aegean:FLAT(0.50)|Orion:LONG(0.30),Regime: TREND (Orion 2x). Score: 0.20. Low Conviction (<0.35).,LOW_CONVICTION,1.734484,TOP,32.18,True,0.0,0.0,0.00,0.00
1688239860.0,TREND,NO_GO,HOLD,19.02,NORMAL,PRO,DEFENSIVE,1.0,0.50,Aegean:FLAT(0.50)|Orion:LONG(0.29),Regime: TREND (Orion 2x). Score: 0.19. Low Conviction (<0.35).,LOW_CONVICTION,0.426476,MID,31.41,True,0.0,0.0,0.00,0.00
1688239920.0,TREND,NO_GO,HOLD,17.70,NORMAL,PRO,DEFENSIVE,1.0,0.50,Aegean:FLAT(0.50)|Orion:LONG(0.27),Regime: TREND (Orion 2x). Score: 0.18. Low Conviction (<0.35).,LOW_CONVICTION,1.151009,MID,30.62,True,0.0,0.0,0.00,0.00
1688239980.0,TREND,NO_GO,HOLD,17.05,NORMAL,PRO,DEFENSIVE,1.0,0.50,Aegean:FLAT(0.50)|Orion:LONG(0.26),Regime: TREND (Orion 2x). Score: 0.17. Low Conviction (<0.35).,LOW_CONVICTION,1.354703,TOP,30.23,True,0.0,0.0,0.00,0.00
1688240040.0,TREND,NO_GO,HOLD,15.71,NORMAL,PRO,DEFENSIVE,1.0,0.50,Aegean:FLAT(0.50)|Orion:LONG(0.24),Regime: TREND (Orion 2x). Score: 0.16. Low Conviction (<0.35).,LOW_CONVICTION,0.767920,MID,29.43,True,0.0,0.0,0.00,0.00
1688240100.0,TREND,NO_GO,HOLD,14.38,NORMAL,PRO,DEFENSIVE,1.0,0.50,Aegean:FLAT(0.50)|Orion:LONG(0.22),Regime: TREND (Orion 2x). Score: 0.14. Low Conviction (<0.35).,LOW_CONVICTION,0.634785,MID,28.63,True,0.0,0.0,0.00,0.00
1688240160.0,TREND,NO_GO,HOLD,12.71,NORMAL,PRO,DEFENSIVE,1.0,0.50,Aegean:FLAT(0.50)|Orion:LONG(0.19),Regime: TREND (Orion 2x). Score: 0.13. Low Conviction (<0.35).,LOW_CONVICTION,0.451453,MID,27.62,True,0.0,0.0,0.00,0.00
1688240220.0,TREND,NO_GO,HOLD,10.88,NORMAL,PRO,DEFENSIVE,1.0,0.50,Aegean:FLAT(0.50)|Orion:LONG(0.16),Regime: TREND (Orion 2x). Score: 0.11. Low Conviction (<0.35).,LOW_CONVICTION,-0.247714,MID,26.53,True,0.0,0.0,0.00,0.00
1688240280.0,TREND,NO_GO,HOLD,10.22,NORMAL,PRO,DEFENSIVE,1.0,0.50,Aegean:FLAT(0.50)|Orion:SHORT(0.15),Regime: TREND (Orion 2x). Score: -0.10. Low Conviction (<0.35).,LOW_CONVICTION,-1.030808,MID,26.13,True,0.0,0.0,0.00,0.00
1688240340.0,TREND,NO_GO,HOLD,11.22,NORMAL,PRO,DEFENSIVE,1.0,0.50,Aegean:FLAT(0.50)|Orion:SHORT(0.17),Regime: TREND (Orion 2x). Score: -0.11. Low Conviction (<0.35).,LOW_CONVICTION,-1.883331,DIP,26.73,True,0.0,0.0,0.00,0.00
1688240400.0,TREND,NO_GO,HOLD,12.28,NORMAL,PRO,DEFENSIVE,1.0,0.50,Aegean:FLAT(0.50)|Orion:SHORT(0.18),Regime: TREND (Orion 2x). Score: -0.12. Low Conviction (<0.35).,LOW_CONVICTION,-1.124919,MID,27.37,True,0.0,0.0,0.00,0.00
1688240460.0,TREND,NO_GO,HOLD,13.31,NORMAL,PRO,DEFENSIVE,1.0,0.50,Aegean:FLAT(0.50)|Orion:SHORT(0.20),Regime: TREND (Orion 2x). Score: -0.13. Low Conviction (<0.35).,LOW_CONVICTION,-1.395879,DIP,27.99,True,0.0,0.0,0.00,0.00
1688240520.0,TREND,NO_GO,HOLD,14.21,NORMAL,PRO,DEFENSIVE,1.0,0.50,Aegean:FLAT(0.50)|Orion:SHORT(0.21),Regime: TREND (Orion 2x). Score: -0.14. Low Conviction (<0.35).,LOW_CONVICTION,-1.265005,DIP,28.53,True,0.0,0.0,0.00,0.00
1688240580.0,TREND,NO_GO,HOLD,14.22,NORMAL,PRO,DEFENSIVE,1.0,0.50,Aegean:FLAT(0.50)|Orion:SHORT(0.21),Regime: TREND (Orion 2x). Score: -0.14. Low Conviction (<0.35).,LOW_CONVICTION,-0.938822,DIP,28.53,True,0.0,0.0,0.00,0.00
1688240640.0,TREND,NO_GO,HOLD,15.09,NORMAL,PRO,DEFENSIVE,1.0,0.50,Aegean:FLAT(0.50)|Orion:SHORT(0.23),Regime: TREND (Orion 2x). Score: -0.15. Low Conviction (<0.35).,LOW_CONVICTION,-0.996912,DIP,29.05,True,0.0,0.0,0.00,0.00
1688240700.0,TREND,NO_GO,HOLD,15.80,NORMAL,PRO,DEFENSIVE,1.0,0.50,Aegean:FLAT(0.50)|Orion:SHORT(0.24),Regime: TREND (Orion 2x). Score: -0.16. Low Conviction (<0.35).,LOW_CONVICTION,-0.718256,MID,29.48,True,0.0,0.0,0.00,0.00
1688240760.0,TREND,NO_GO,HOLD,16.35,NORMAL,PRO,DEFENSIVE,1.0,0.50,Aegean:FLAT(0.50)|Orion:SHORT(0.25),Regime: TREND (Orion 2x). Score: -0.16. Low Conviction (<0.35).,LOW_CONVICTION,-0.625758,MID,29.81,True,0.0,0.0,0.00,0.00
1688240820.0,TREND,NO_GO,HOLD,16.88,NORMAL,PRO,DEFENSIVE,1.0,0.50,Aegean:FLAT(0.50)|Orion:SHORT(0.25),Regime: TREND (Orion 2x). Score: -0.17. Low Conviction (<0.35).,LOW_CONVICTION,-0.556851,MID,30.13,True,0.0,0.0,0.00,0.00
1688240880.0,TREND,NO_GO,HOLD,17.39,NORMAL,PRO,DEFENSIVE,1.0,0.50,Aegean:FLAT(0.50)|Orion:SHORT(0.26),Regime: TREND (Orion 2x). Score: -0.17. Low Conviction (<0.35).,LOW_CONVICTION,-0.513360,MID,30.44,True,0.0,0.0,0.00,0.00
1688240940.0,TREND,NO_GO,HOLD,17.86,NORMAL,PRO,DEFENSIVE,1.0,0.50,Aegean:FLAT(0.50)|Orion:SHORT(0.27),Regime: TREND (Orion 2x). Score: -0.18. Low Conviction (<0.35).,LOW_CONVICTION,-0.463497,MID,30.72,True,0.0,0.0,0.00,0.00
1688241000.0,TREND,NO_GO,HOLD,18.30,NORMAL,PRO,DEFENSIVE,1.0,0.50,Aegean:FLAT(0.50)|Orion:SHORT(0.27),Regime: TREND (Orion 2x). Score: -0.18. Low Conviction (<0.35).,LOW_CONVICTION,-0.405135,MID,30.98,True,0.0,0.0,0.00,0.00
1688241060.0,TREND,NO_GO,HOLD,18.70,NORMAL,PRO,DEFENSIVE,1.0,0.50,Aegean:FLAT(0.50)|Orion:SHORT(0.28),Regime: TREND (Orion 2x). Score: -0.19. Low Conviction (<0.35).,LOW_CONVICTION,-0.369049,MID,31.22,True,0.0,0.0,0.00,0.00
1688241120.0,TREND,NO_GO,HOLD,20.21,NORMAL,PRO,DEFENSIVE,1.0,0.50,Aegean:FLAT(0.50)|Orion:SHORT(0.30),Regime: TREND (Orion 2x). Score: -0.20. Low Conviction (<0.35).,LOW_CONVICTION,-0.726302,DIP,32.13,True,0.0,0.0,0.00,0.00
1688241180.0,TREND,NO_GO,HOLD,21.61,NORMAL,PRO,DEFENSIVE,1.0,0.50,Aegean:FLAT(0.50)|Orion:SHORT(0.32),Regime: TREND (Orion 2x). Score: -0.22. Low Conviction (<0.35).,LOW_CONVICTION,-0.659831,DIP,32.97,True,0.0,0.0,0.00,0.00
1688241240.0,TREND,NO_GO,HOLD,22.95,NORMAL,PRO,DEFENSIVE,1.0,0.50,Aegean:FLAT(0.50)|Orion:SHORT(0.34),Regime: TREND (Orion 2x). Score: -0.23. Low Conviction (<0.35).,LOW_CONVICTION,-0.596057,DIP,33.77,True,0.0,0.0,0.00,0.00
1688241300.0,TREND,NO_GO,HOLD,24.16,NORMAL,PRO,DEFENSIVE,1.0,0.50,Aegean:FLAT(0.50)|Orion:SHORT(0.36),Regime: TREND (Orion 2x). Score: -0.24. Low Conviction (<0.35).,LOW_CONVICTION,-0.533294,DIP,34.50,True,0.0,0.0,0.00,0.00
1688241360.0,TREND,NO_GO,HOLD,21.52,NORMAL,PRO,DEFENSIVE,1.0,0.50,Aegean:FLAT(0.50)|Orion:SHORT(0.32),Regime: TREND (Orion 2x). Score: -0.22. Low Conviction (<0.35).,LOW_CONVICTION,0.087953,MID,32.91,True,0.0,0.0,0.00,0.00
1688241420.0,TREND,NO_GO,HOLD,20.49,NORMAL,PRO,DEFENSIVE,1.0,0.50,Aegean:FLAT(0.50)|Orion:LONG(0.31),Regime: TREND (Orion 2x). Score: 0.20. Low Conviction (<0.35).,LOW_CONVICTION,1.195280,TOP,32.29,True,0.0,0.0,0.00,0.00
1688241480.0,TREND,NO_GO,HOLD,19.51,NORMAL,PRO,DEFENSIVE,1.0,0.50,Aegean:FLAT(0.50)|Orion:LONG(0.29),Regime: TREND (Orion 2x). Score: 0.20. Low Conviction (<0.35).,LOW_CONVICTION,0.978624,TOP,31.71,True,0.0,0.0,0.00,0.00
1688241540.0,TREND,NO_GO,HOLD,16.52,NORMAL,PRO,DEFENSIVE,1.0,0.50,Aegean:FLAT(0.50)|Orion:SHORT(0.25),Regime: TREND (Orion 2x). Score: -0.17. Low Conviction (<0.35).,LOW_CONVICTION,0.200771,MID,29.91,True,0.0,0.0,0.00,0.00
1688241600.0,TREND,NO_GO,HOLD,13.82,NORMAL,PRO,DEFENSIVE,1.0,0.50,Aegean:FLAT(0.50)|Orion:LONG(0.21),Regime: TREND (Orion 2x). Score: 0.14. Low Conviction (<0.35).,LOW_CONVICTION,0.479634,MID,28.29,True,0.0,0.0,0.00,0.00
1688241660.0,TREND,NO_GO,HOLD,11.34,NORMAL,PRO,DEFENSIVE,1.0,0.50,Aegean:FLAT(0.50)|Orion:LONG(0.17),Regime: TREND (Orion 2x). Score: 0.11. Low Conviction (<0.35).,LOW_CONVICTION,0.429151,MID,26.80,True,0.0,0.0,0.00,0.00
1688241720.0,TREND,NO_GO,HOLD,8.86,NORMAL,PRO,DEFENSIVE,1.0,0.50,Aegean:FLAT(0.50)|Orion:LONG(0.13),Regime: TREND (Orion 2x). Score: 0.09. Low Conviction (<0.35).,LOW_CONVICTION,0.380563,MID,25.31,True,0.0,0.0,0.00,0.00
1688241780.0,TREND,NO_GO,HOLD,13.33,NORMAL,PRO,DEFENSIVE,1.0,0.50,Aegean:FLAT(0.50)|Orion:SHORT(0.20),Regime: TREND (Orion 2x). Score: -0.13. Low Conviction (<0.35).,LOW_CONVICTION,0.043348,MID,24.58,False,0.0,0.0,0.00,0.00
1688241840.0,TREND,NO_GO,HOLD,13.33,NORMAL,PRO,DEFENSIVE,1.0,0.50,Aegean:FLAT(0.50)|Orion:SHORT(0.20),Regime: TREND (Orion 2x). Score: -0.13. Low Conviction (<0.35).,LOW_CONVICTION,-0.064590,MID,24.14,False,0.0,0.0,0.00,0.00
1688241900.0,TREND,NO_GO,HOLD,13.33,NORMAL,PRO,DEFENSIVE,1.0,0.50,Aegean:FLAT(0.50)|Orion:SHORT(0.20),Regime: TREND (Orion 2x). Score: -0.13. Low Conviction (<0.35).,LOW_CONVICTION,-0.064020,MID,23.67,False,0.0,0.0,0.00,0.00
1688241960.0,TREND,NO_GO,HOLD,13.33,NORMAL,PRO,DEFENSIVE,1.0,0.50,Aegean:FLAT(0.50)|Orion:SHORT(0.20),Regime: TREND (Orion 2x). Score: -0.13. Low Conviction (<0.35).,LOW_CONVICTION,-0.080116,MID,23.24,False,0.0,0.0,0.00,0.00
1688242020.0,TREND,NO_GO,HOLD,13.33,NORMAL,PRO,DEFENSIVE,1.0,0.50,Aegean:FLAT(0.50)|Orion:SHORT(0.20),Regime: TREND (Orion 2x). Score: -0.13. Low Conviction (<0.35).,LOW_CONVICTION,-0.076790,MID,22.84,False,0.0,0.0,0.00,0.00
1688242080.0,TREND,NO_GO,HOLD,8.91,NORMAL,PRO,DEFENSIVE,1.0,0.50,Aegean:FLAT(0.50)|Orion:SHORT(0.13),Regime: TREND (Orion 2x). Score: -0.09. Low Conviction (<0.35).,LOW_CONVICTION,-1.757660,MID,25.35,True,0.0,0.0,0.00,0.00
1688242140.0,TREND,NO_GO,HOLD,12.82,NORMAL,PRO,DEFENSIVE,1.0,0.50,Aegean:FLAT(0.50)|Orion:SHORT(0.19),Regime: TREND (Orion 2x). Score: -0.13. Low Conviction (<0.35).,LOW_CONVICTION,-1.586613,MID,27.69,True,0.0,0.0,0.00,0.00
1688242200.0,TREND,NO_GO,HOLD,14.13,NORMAL,PRO,DEFENSIVE,1.0,0.50,Aegean:FLAT(0.50)|Orion:SHORT(0.21),Regime: TREND (Orion 2x). Score: -0.14. Low Conviction (<0.35).,LOW_CONVICTION,-0.860068,MID,28.48,True,0.0,0.0,0.00,0.00
1688242260.0,TREND,NO_GO,HOLD,15.33,NORMAL,PRO,DEFENSIVE,1.0,0.50,Aegean:FLAT(0.50)|Orion:SHORT(0.23),Regime: TREND (Orion 2x). Score: -0.15. Low Conviction (<0.35).,LOW_CONVICTION,-0.792538,MID,29.20,True,0.0,0.0,0.00,0.00
1688242320.0,TREND,NO_GO,HOLD,16.49,NORMAL,PRO,DEFENSIVE,1.0,0.50,Aegean:FLAT(0.50)|Orion:SHORT(0.25),Regime: TREND (Orion 2x). Score: -0.16. Low Conviction (<0.35).,LOW_CONVICTION,-0.723380,MID,29.89,True,0.0,0.0,0.00,0.00
1688242380.0,TREND,NO_GO,HOLD,17.53,NORMAL,PRO,DEFENSIVE,1.0,0.50,Aegean:FLAT(0.50)|Orion:SHORT(0.26),Regime: TREND (Orion 2x). Score: -0.18. Low Conviction (<0.35).,LOW_CONVICTION,-0.645321,MID,30.52,True,0.0,0.0,0.00,0.00
1688242440.0,TREND,NO_GO,HOLD,18.52,NORMAL,PRO,DEFENSIVE,1.0,0.50,Aegean:FLAT(0.50)|Orion:SHORT(0.28),Regime: TREND (Orion 2x). Score: -0.19. Low Conviction (<0.35).,LOW_CONVICTION,-0.582651,MID,31.11,True,0.0,0.0,0.00,0.00
1688242500.0,TREND,NO_GO,HOLD,17.87,NORMAL,PRO,DEFENSIVE,1.0,0.50,Aegean:FLAT(0.50)|Orion:SHORT(0.27),Regime: TREND (Orion 2x). Score: -0.18. Low Conviction (<0.35).,LOW_CONVICTION,-0.203730,MID,30.72,True,0.0,0.0,0.00,0.00
1688242560.0,TREND,NO_GO,HOLD,17.26,NORMAL,PRO,DEFENSIVE,1.0,0.50,Aegean:FLAT(0.50)|Orion:SHORT(0.26),Regime: TREND (Orion 2x). Score: -0.17. Low Conviction (<0.35).,LOW_CONVICTION,-0.170135,MID,30.36,True,0.0,0.0,0.00,0.00
1688242620.0,TREND,NO_GO,HOLD,16.70,NORMAL,PRO,DEFENSIVE,1.0,0.50,Aegean:FLAT(0.50)|Orion:SHORT(0.25),Regime: TREND (Orion 2x). Score: -0.17. Low Conviction (<0.35).,LOW_CONVICTION,-0.138609,MID,30.02,True,0.0,0.0,0.00,0.00
1688242680.0,TREND,NO_GO,HOLD,16.17,NORMAL,PRO,DEFENSIVE,1.0,0.50,Aegean:FLAT(0.50)|Orion:SHORT(0.24),Regime: TREND (Orion 2x). Score: -0.16. Low Conviction (<0.35).,LOW_CONVICTION,-0.106558,MID,29.70,True,0.0,0.0,0.00,0.00
1688242740.0,TREND,NO_GO,HOLD,15.69,NORMAL,PRO,DEFENSIVE,1.0,0.50,Aegean:FLAT(0.50)|Orion:SHORT(0.24),Regime: TREND (Orion 2x). Score: -0.16. Low Conviction (<0.35).,LOW_CONVICTION,-0.107140,MID,29.41,True,0.0,0.0,0.00,0.00
1688242800.0,TREND,NO_GO,HOLD,15.27,NORMAL,PRO,DEFENSIVE,1.0,0.50,Aegean:FLAT(0.50)|Orion:SHORT(0.23),Regime: TREND (Orion 2x). Score: -0.15. Low Conviction (<0.35).,LOW_CONVICTION,-0.090260,MID,29.16,True,0.0,0.0,0.00,0.00
1688242860.0,TREND,NO_GO,HOLD,12.00,NORMAL,PRO,DEFENSIVE,1.0,0.50,Aegean:FLAT(0.50)|Orion:LONG(0.18),Regime: TREND (Orion 2x). Score: 0.12. Low Conviction (<0.35).,LOW_CONVICTION,0.530737,MID,27.20,True,0.0,0.0,0.00,0.00
1688242920.0,TREND,NO_GO,HOLD,10.15,NORMAL,PRO,DEFENSIVE,1.0,0.50,Aegean:FLAT(0.50)|Orion:LONG(0.15),Regime: TREND (Orion 2x). Score: 0.10. Low Conviction (<0.35).,LOW_CONVICTION,0.770306,TOP,26.09,True,0.0,0.0,0.00,0.00
1688242980.0,TREND,NO_GO,HOLD,8.44,NORMAL,PRO,DEFENSIVE,1.0,0.50,Aegean:FLAT(0.50)|Orion:LONG(0.13),Regime: TREND (Orion 2x). Score: 0.08. Low Conviction (<0.35).,LOW_CONVICTION,0.701143,TOP,25.06,True,0.0,0.0,0.00,0.00
1688243040.0,TREND,NO_GO,HOLD,13.33,NORMAL,PRO,DEFENSIVE,1.0,0.50,Aegean:FLAT(0.50)|Orion:LONG(0.20),Regime: TREND (Orion 2x). Score: 0.13. Low Conviction (<0.35).,LOW_CONVICTION,0.629572,TOP,24.13,False,0.0,0.0,0.00,0.00
1688243100.0,TREND,NO_GO,HOLD,13.33,NORMAL,PRO,DEFENSIVE,1.0,0.50,Aegean:FLAT(0.50)|Orion:LONG(0.20),Regime: TREND (Orion 2x). Score: 0.13. Low Conviction (<0.35).,LOW_CONVICTION,0.570162,TOP,23.24,False,0.0,0.0,0.00,0.00
1688243160.0,TREND,NO_GO,HOLD,13.33,NORMAL,PRO,DEFENSIVE,1.0,0.50,Aegean:FLAT(0.50)|Orion:LONG(0.20),Regime: TREND (Orion 2x). Score: 0.13. Low Conviction (<0.35).,LOW_CONVICTION,0.514889,TOP,22.42,False,0.0,0.0,0.00,0.00
1688243220.0,TREND,NO_GO,HOLD,13.33,NORMAL,PRO,DEFENSIVE,1.0,0.50,Aegean:FLAT(0.50)|Orion:LONG(0.20),Regime: TREND (Orion 2x). Score: 0.13. Low Conviction (<0.35).,LOW_CONVICTION,0.466044,TOP,21.72,False,0.0,0.0,0.00,0.00
1688243280.0,TREND,NO_GO,HOLD,13.33,NORMAL,PRO,DEFENSIVE,1.0,0.50,Aegean:FLAT(0.50)|Orion:LONG(0.20),Regime: TREND (Orion 2x). Score: 0.13. Low Conviction (<0.35).,LOW_CONVICTION,0.421640,TOP,21.00,False,0.0,0.0,0.00,0.00
1688243340.0,CHOP,NO_GO,HOLD,13.33,NORMAL,PRO,DEFENSIVE,1.0,0.50,Aegean:FLAT(0.50)|Orion:LONG(0.20),Regime: CHOP (Reduced Weights). Score: 0.13. Low Conviction (<0.35).,LOW_CONVICTION,0.278627,TOP,19.88,False,0.0,0.0,0.00,0.00
1688243400.0,CHOP,NO_GO,HOLD,13.33,NORMAL,PRO,DEFENSIVE,1.0,0.50,Aegean:FLAT(0.50)|Orion:SHORT(0.20),Regime: CHOP (Reduced Weights). Score: -0.13. Low Conviction (<0.35).,LOW_CONVICTION,-0.386004,MID,20.14,False,0.0,0.0,0.00,0.00
1688243460.0,CHOP,NO_GO,HOLD,13.33,NORMAL,PRO,DEFENSIVE,1.0,0.50,Aegean:FLAT(0.50)|Orion:SHORT(0.20),Regime: CHOP (Reduced Weights). Score: -0.13. Low Conviction (<0.35).,LOW_CONVICTION,-0.674659,DIP,21.10,False,0.0,0.0,0.00,0.00
1688243520.0,TREND,NO_GO,HOLD,13.33,NORMAL,PRO,DEFENSIVE,1.0,0.50,Aegean:FLAT(0.50)|Orion:SHORT(0.20),Regime: TREND (Orion 2x). Score: -0.13. Low Conviction (<0.35).,LOW_CONVICTION,-0.725624,DIP,22.24,False,0.0,0.0,0.00,0.00
1688243580.0,TREND,NO_GO,HOLD,13.33,NORMAL,PRO,DEFENSIVE,1.0,0.50,Aegean:FLAT(0.50)|Orion:SHORT(0.20),Regime: TREND (Orion 2x). Score: -0.13. Low Conviction (<0.35).,LOW_CONVICTION,-0.563203,DIP,23.28,False,0.0,0.0,0.00,0.00
1688243640.0,TREND,NO_GO,HOLD,13.33,NORMAL,PRO,DEFENSIVE,1.0,0.50,Aegean:FLAT(0.50)|Orion:SHORT(0.20),Regime: TREND (Orion 2x). Score: -0.13. Low Conviction (<0.35).,LOW_CONVICTION,-0.510517,DIP,24.25,False,0.0,0.0,0.00,0.00
1688243700.0,TREND,NO_GO,HOLD,8.57,NORMAL,PRO,DEFENSIVE,1.0,0.50,Aegean:FLAT(0.50)|Orion:SHORT(0.13),Regime: TREND (Orion 2x). Score: -0.09. Low Conviction (<0.35).,LOW_CONVICTION,-0.472454,DIP,25.14,True,0.0,0.0,0.00,0.00
1688243760.0,TREND,NO_GO,HOLD,9.95,NORMAL,PRO,DEFENSIVE,1.0,0.50,Aegean:FLAT(0.50)|Orion:SHORT(0.15),Regime: TREND (Orion 2x). Score: -0.10. Low Conviction (<0.35).,LOW_CONVICTION,-0.450037,DIP,25.97,True,0.0,0.0,0.00,0.00
1688243820.0,TREND,NO_GO,HOLD,11.62,NORMAL,PRO,DEFENSIVE,1.0,0.50,Aegean:FLAT(0.50)|Orion:SHORT(0.17),Regime: TREND (Orion 2x). Score: -0.12. Low Conviction (<0.35).,LOW_CONVICTION,-0.498569,DIP,26.97,True,0.0,0.0,0.00,0.00
1688243880.0,TREND,NO_GO,HOLD,13.17,NORMAL,PRO,DEFENSIVE,1.0,0.50,Aegean:FLAT(0.50)|Orion:SHORT(0.20),Regime: TREND (Orion 2x). Score: -0.13. Low Conviction (<0.35).,LOW_CONVICTION,-0.437193,DIP,27.90,True,0.0,0.0,0.00,0.00
1688243940.0,TREND,NO_GO,HOLD,15.03,NORMAL,PRO,DEFENSIVE,1.0,0.50,Aegean:FLAT(0.50)|Orion:SHORT(0.23),Regime: TREND (Orion 2x). Score: -0.15. Low Conviction (<0.35).,LOW_CONVICTION,-0.439742,DIP,29.02,True,0.0,0.0,0.00,0.00
1688244000.0,TREND,NO_GO,HOLD,16.52,NORMAL,PRO,DEFENSIVE,1.0,0.50,Aegean:FLAT(0.50)|Orion:SHORT(0.25),Regime: TREND (Orion 2x). Score: -0.17. Low Conviction (<0.35).,LOW_CONVICTION,-0.396910,DIP,29.91,True,0.0,0.0,0.00,0.00
1688244060.0,TREND,NO_GO,HOLD,17.90,NORMAL,PRO,DEFENSIVE,1.0,0.50,Aegean:FLAT(0.50)|Orion:SHORT(0.27),Regime: TREND (Orion 2x). Score: -0.18. Low Conviction (<0.35).,LOW_CONVICTION,-0.359089,DIP,30.74,True,0.0,0.0,0.00,0.00
1688244120.0,TREND,NO_GO,HOLD,19.15,NORMAL,PRO,DEFENSIVE,1.0,0.50,Aegean:FLAT(0.50)|Orion:SHORT(0.29),Regime: TREND (Orion 2x). Score: -0.19. Low Conviction (<0.35).,LOW_CONVICTION,-0.319771,DIP,31.49,True,0.0,0.0,0.00,0.00
1688244180.0,TREND,NO_GO,HOLD,21.59,NORMAL,PRO,DEFENSIVE,1.0,0.50,Aegean:FLAT(0.50)|Orion:SHORT(0.32),Regime: TREND (Orion 2x). Score: -0.22. Low Conviction (<0.35).,LOW_CONVICTION,-0.536746,DIP,32.95,True,0.0,0.0,0.00,0.00
1688244240.0,TREND,NO_GO,HOLD,23.82,NORMAL,PRO,DEFENSIVE,1.0,0.50,Aegean:FLAT(0.50)|Orion:SHORT(0.36),Regime: TREND (Orion 2x). Score: -0.24. Low Conviction (<0.35).,LOW_CONVICTION,-0.484694,DIP,34.29,True,0.0,0.0,0.00,0.00
1688244300.0,TREND,NO_GO,HOLD,21.62,NORMAL,PRO,DEFENSIVE,1.0,0.50,Aegean:FLAT(0.50)|Orion:SHORT(0.32),Regime: TREND (Orion 2x). Score: -0.22. Low Conviction (<0.35).,LOW_CONVICTION,-0.059485,MID,32.97,True,0.0,0.0,0.00,0.00
1688244360.0,TREND,NO_GO,HOLD,19.95,NORMAL,PRO,DEFENSIVE,1.0,0.50,Aegean:FLAT(0.50)|Orion:SHORT(0.30),Regime: TREND (Orion 2x). Score: -0.20. Low Conviction (<0.35).,LOW_CONVICTION,-0.053820,MID,31.97,True,0.0,0.0,0.00,0.00
1688244420.0,TREND,NO_GO,HOLD,18.01,NORMAL,PRO,DEFENSIVE,1.0,0.50,Aegean:FLAT(0.50)|Orion:SHORT(0.27),Regime: TREND (Orion 2x). Score: -0.18. Low Conviction (<0.35).,LOW_CONVICTION,-0.014837,MID,30.81,True,0.0,0.0,0.00,0.00
1688244480.0,TREND,NO_GO,HOLD,17.80,NORMAL,PRO,DEFENSIVE,1.0,0.50,Aegean:FLAT(0.50)|Orion:SHORT(0.27),Regime: TREND (Orion 2x). Score: -0.18. Low Conviction (<0.35).,LOW_CONVICTION,-0.251519,DIP,30.68,True,0.0,0.0,0.00,0.00
1688244540.0,TREND,NO_GO,HOLD,21.92,NORMAL,PRO,DEFENSIVE,1.0,0.50,Aegean:FLAT(0.50)|Orion:SHORT(0.33),Regime: TREND (Orion 2x). Score: -0.22. Low Conviction (<0.35).,LOW_CONVICTION,-1.239662,MID,33.15,True,0.0,0.0,0.00,0.00
1688244600.0,TREND,NO_GO,HOLD,25.75,NORMAL,PRO,DEFENSIVE,1.0,0.50,Aegean:FLAT(0.50)|Orion:SHORT(0.39),Regime: TREND (Orion 2x). Score: -0.26. Low Conviction (<0.35).,LOW_CONVICTION,-1.121618,MID,35.45,True,0.0,0.0,0.00,0.00
1688244660.0,TREND,NO_GO,HOLD,29.30,NORMAL,PRO,DEFENSIVE,1.0,0.50,Aegean:FLAT(0.50)|Orion:SHORT(0.44),Regime: TREND (Orion 2x). Score: -0.29. Low Conviction (<0.35).,LOW_CONVICTION,-1.013845,MID,37.58,True,0.0,0.0,0.00,0.00
1688244720.0,TREND,NO_GO,HOLD,30.44,NORMAL,PRO,DEFENSIVE,1.0,0.50,Aegean:FLAT(0.50)|Orion:SHORT(0.46),Regime: TREND (Orion 2x). Score: -0.30. Low Conviction (<0.35).,LOW_CONVICTION,-0.630622,MID,38.26,True,0.0,0.0,0.00,0.00
1688244780.0,TREND,NO_GO,HOLD,31.49,NORMAL,PRO,DEFENSIVE,1.0,0.50,Aegean:FLAT(0.50)|Orion:SHORT(0.47),Regime: TREND (Orion 2x). Score: -0.31. Low Conviction (<0.35).,LOW_CONVICTION,-0.571515,MID,38.90,True,0.0,0.0,0.00,0.00
1688244840.0,TREND,NO_GO,HOLD,30.97,NORMAL,PRO,DEFENSIVE,1.0,0.50,Aegean:FLAT(0.50)|Orion:SHORT(0.46),Regime: TREND (Orion 2x). Score: -0.31. Low Conviction (<0.35).,LOW_CONVICTION,-0.312132,MID,38.58,True,0.0,0.0,0.00,0.00
1688244900.0,TREND,NO_GO,HOLD,30.52,NORMAL,PRO,DEFENSIVE,1.0,0.50,Aegean:FLAT(0.50)|Orion:SHORT(0.46),Regime: TREND (Orion 2x). Score: -0.31. Low Conviction (<0.35).,LOW_CONVICTION,-0.283377,MID,38.31,True,0.0,0.0,0.00,0.00
1688244960.0,TREND,NO_GO,HOLD,30.06,NORMAL,PRO,DEFENSIVE,1.0,0.50,Aegean:FLAT(0.50)|Orion:SHORT(0.45),Regime: TREND (Orion 2x). Score: -0.30. Low Conviction (<0.35).,LOW_CONVICTION,-0.256369,MID,38.04,True,0.0,0.0,0.00,0.00
1688245020.0,TREND,NO_GO,HOLD,31.90,NORMAL,PRO,DEFENSIVE,1.0,0.50,Aegean:FLAT(0.50)|Orion:SHORT(0.48),Regime: TREND (Orion 2x). Score: -0.32. Low Conviction (<0.35).,LOW_CONVICTION,-1.009096,DIP,39.14,True,0.0,0.0,0.00,0.00
1688245080.0,TREND,NO_GO,HOLD,34.04,NORMAL,PRO,DEFENSIVE,1.0,0.50,Aegean:FLAT(0.50)|Orion:SHORT(0.51),Regime: TREND (Orion 2x). Score: -0.34. Low Conviction (<0.35).,LOW_CONVICTION,-1.106344,DIP,40.42,True,0.0,0.0,0.00,0.00
1688245140.0,TREND,GO,SELL,35.57,NORMAL,PRO,DEFENSIVE,1.0,0.50,Aegean:FLAT(0.50)|Orion:SHORT(0.53),Regime: TREND (Orion 2x). Score: -0.36. Bearish Consensus.,,-0.756197,DIP,41.34,True,1.0,20.0,2.00,6.76
1688245200.0,TREND,GO,SELL,36.03,NORMAL,PRO,DEFENSIVE,1.0,0.50,Aegean:FLAT(0.50)|Orion:SHORT(0.54),Regime: TREND (Orion 2x). Score: -0.36. Bearish Consensus.,,-0.563200,MID,41.62,True,1.0,20.0,2.00,6.77
1688245260.0,TREND,GO,SELL,36.52,NORMAL,PRO,DEFENSIVE,1.0,0.50,Aegean:FLAT(0.50)|Orion:SHORT(0.55),Regime: TREND (Orion 2x). Score: -0.37. Bearish Consensus.,,-0.514547,MID,41.91,True,0.9,20.0,2.00,6.81
1688245320.0,TREND,GO,SELL,37.00,NORMAL,PRO,DEFENSIVE,1.0,0.50,Aegean:FLAT(0.50)|Orion:SHORT(0.56),Regime: TREND (Orion 2x). Score: -0.37. Bearish Consensus.,,-0.465562,MID,42.20,True,0.9,20.0,2.00,6.84
1688245380.0,TREND,GO,SELL,37.36,NORMAL,PRO,DEFENSIVE,1.0,0.50,Aegean:FLAT(0.50)|Orion:SHORT(0.56),Regime: TREND (Orion 2x). Score: -0.37. Bearish Consensus.,,-0.421204,MID,42.41,True,0.8,20.0,2.00,6.87
1688245440.0,TREND,GO,SELL,37.69,NORMAL,PRO,DEFENSIVE,1.0,0.50,Aegean:FLAT(0.50)|Orion:SHORT(0.57),Regime: TREND (Orion 2x). Score: -0.38. Bearish Consensus.,,-0.380156,MID,42.61,True,0.8,20.0,2.00,6.89
1688245500.0,TREND,GO,SELL,38.10,NORMAL,PRO,DEFENSIVE,1.0,0.50,Aegean:FLAT(0.50)|Orion:SHORT(0.57),Regime: TREND (Orion 2x). Score: -0.38. Bearish Consensus.,,-0.343931,MID,42.86,True,0.7,20.0,2.00,6.92
1688245560.0,TREND,GO,SELL,40.61,NORMAL,PRO,DEFENSIVE,1.0,0.50,Aegean:FLAT(0.50)|Orion:SHORT(0.61),Regime: TREND (Orion 2x). Score: -0.41. Bearish Consensus.,,-0.881652,DIP,44.36,True,0.9,20.0,2.00,7.27
1688245620.0,TREND,GO,SELL,43.84,NORMAL,PRO,DEFENSIVE,1.0,0.50,Aegean:FLAT(0.50)|Orion:SHORT(0.66),Regime: TREND (Orion 2x). Score: -0.44. Bearish Consensus.,,-1.361495,DIP,46.30,True,1.1,20.0,2.00,7.68
1688245680.0,TREND,GO,SELL,46.72,NORMAL,PRO,DEFENSIVE,1.0,0.50,Aegean:FLAT(0.50)|Orion:SHORT(0.70),Regime: TREND (Orion 2x). Score: -0.47. Bearish Consensus.,,-1.229753,DIP,48.03,True,1.0,20.0,2.00,7.93
1688245740.0,TREND,GO,SELL,49.40,NORMAL,PRO,DEFENSIVE,1.0,0.50,Aegean:FLAT(0.50)|Orion:SHORT(0.74),Regime: TREND (Orion 2x). Score: -0.49. Bearish Consensus.,,-1.099760,DIP,49.64,True,0.9,20.0,2.00,8.16
1688245800.0,TREND,GO,SELL,45.03,NORMAL,PRO,DEFENSIVE,1.0,0.50,Aegean:FLAT(0.50)|Orion:SHORT(0.68),Regime: TREND (Orion 2x). Score: -0.45. Bearish Consensus.,,0.122181,MID,47.02,True,1.3,20.0,2.00,7.55
1688245860.0,TREND,GO,SELL,41.01,NORMAL,PRO,DEFENSIVE,1.0,0.50,Aegean:FLAT(0.50)|Orion:SHORT(0.62),Regime: TREND (Orion 2x). Score: -0.41. Bearish Consensus.,,0.136679,MID,44.60,True,1.2,20.0,2.00,7.16
1688245920.0,TREND,GO,SELL,36.15,NORMAL,PRO,DEFENSIVE,1.0,0.50,Aegean:FLAT(0.50)|Orion:SHORT(0.54),Regime: TREND (Orion 2x). Score: -0.36. Bearish Consensus.,,0.425589,TOP,41.69,True,1.2,20.0,2.00,6.75
1688245980.0,TREND,NO_GO,HOLD,32.36,NORMAL,PRO,DEFENSIVE,1.0,0.50,Aegean:FLAT(0.50)|Orion:SHORT(0.49),Regime: TREND (Orion 2x). Score: -0.32. Low Conviction (<0.35).,LOW_CONVICTION,0.799361,TOP,39.42,True,0.0,0.0,0.00,0.00
1688246040.0,TREND,NO_GO,HOLD,31.74,NORMAL,PRO,DEFENSIVE,1.0,0.50,Aegean:FLAT(0.50)|Orion:LONG(0.48),Regime: TREND (Orion 2x). Score: 0.32. Low Conviction (<0.35).,LOW_CONVICTION,1.890831,TOP,39.05,True,0.0,0.0,0.00,0.00
1688246100.0,TREND,NO_GO,HOLD,31.16,NORMAL,PRO,DEFENSIVE,1.0,0.50,Aegean:FLAT(0.50)|Orion:LONG(0.47),Regime: TREND (Orion 2x). Score: 0.31. Low Conviction (<0.35).,LOW_CONVICTION,1.066943,MID,38.70,True,0.0,0.0,0.00,0.00
1688246160.0,TREND,NO_GO,HOLD,30.53,NORMAL,PRO,DEFENSIVE,1.0,0.50,Aegean:FLAT(0.50)|Orion:LONG(0.46),Regime: TREND (Orion 2x). Score: 0.31. Low Conviction (<0.35).,LOW_CONVICTION,0.966260,MID,38.32,True,0.0,0.0,0.00,0.00
1688246220.0,TREND,NO_GO,HOLD,28.77,NORMAL,PRO,DEFENSIVE,1.0,0.50,Aegean:FLAT(0.50)|Orion:LONG(0.43),Regime: TREND (Orion 2x). Score: 0.29. Low Conviction (<0.35).,LOW_CONVICTION,0.586616,MID,37.26,True,0.0,0.0,0.00,0.00
1688246280.0,TREND,NO_GO,HOLD,27.09,NORMAL,PRO,DEFENSIVE,1.0,0.50,Aegean:FLAT(0.50)|Orion:LONG(0.41),Regime: TREND (Orion 2x). Score: 0.27. Low Conviction (<0.35).,LOW_CONVICTION,0.531516,MID,36.25,True,0.0,0.0,0.00,0.00
1688246340.0,TREND,NO_GO,HOLD,23.27,NORMAL,PRO,DEFENSIVE,1.0,0.50,Aegean:FLAT(0.50)|Orion:SHORT(0.35),Regime: TREND (Orion 2x). Score: -0.23. Low Conviction (<0.35).,LOW_CONVICTION,-0.471504,MID,33.96,True,0.0,0.0,0.00,0.00
1688246400.0,TREND,NO_GO,HOLD,19.73,NORMAL,PRO,DEFENSIVE,1.0,0.50,Aegean:FLAT(0.50)|Orion:SHORT(0.30),Regime: TREND (Orion 2x). Score: -0.20. Low Conviction (<0.35).,LOW_CONVICTION,-0.426599,MID,31.84,True,0.0,0.0,0.00,0.00
1688246460.0,TREND,NO_GO,HOLD,16.44,NORMAL,PRO,DEFENSIVE,1.0,0.50,Aegean:FLAT(0.50)|Orion:SHORT(0.25),Regime: TREND (Orion 2x). Score: -0.16. Low Conviction (<0.35).,LOW_CONVICTION,-0.386904,MID,29.86,True,0.0,0.0,0.00,0.00
1688246520.0,TREND,NO_GO,HOLD,13.50,NORMAL,PRO,DEFENSIVE,1.0,0.50,Aegean:FLAT(0.50)|Orion:SHORT(0.20),Regime: TREND (Orion 2x). Score: -0.13. Low Conviction (<0.35).,LOW_CONVICTION,-0.345021,MID,28.10,True,0.0,0.0,0.00,0.00
1688246580.0,TREND,NO_GO,HOLD,10.62,NORMAL,PRO,DEFENSIVE,1.0,0.50,Aegean:FLAT(0.50)|Orion:SHORT(0.16),Regime: TREND (Orion 2x). Score: -0.11. Low Conviction (<0.35).,LOW_CONVICTION,-0.312181,MID,26.37,True,0.0,0.0,0.00,0.00
1688246640.0,TREND,NO_GO,HOLD,13.33,NORMAL,PRO,DEFENSIVE,1.0,0.50,Aegean:FLAT(0.50)|Orion:SHORT(0.20),Regime: TREND (Orion 2x). Score: -0.13. Low Conviction (<0.35).,LOW_CONVICTION,-0.291050,MID,24.79,False,0.0,0.0,0.00,0.00
1688246700.0,TREND,NO_GO,HOLD,13.33,NORMAL,PRO,DEFENSIVE,1.0,0.50,Aegean:FLAT(0.50)|Orion:SHORT(0.20),Regime: TREND (Orion 2x). Score: -0.13. Low Conviction (<0.35).,LOW_CONVICTION,-0.528093,MID,23.96,False,0.0,0.0,0.00,0.00
1688246760.0,TREND,NO_GO,HOLD,13.33,NORMAL,PRO,DEFENSIVE,1.0,0.50,Aegean:FLAT(0.50)|Orion:SHORT(0.20),Regime: TREND (Orion 2x). Score: -0.13. Low Conviction (<0.35).,LOW_CONVICTION,-0.477798,MID,23.17,False,0.0,0.0,0.00,0.00
1688246820.0,TREND,NO_GO,HOLD,13.33,NORMAL,PRO,DEFENSIVE,1.0,0.50,Aegean:FLAT(0.50)|Orion:SHORT(0.20),Regime: TREND (Orion 2x). Score: -0.13. Low Conviction (<0.35).,LOW_CONVICTION,-0.427490,MID,22.43,False,0.0,0.0,0.00,0.00
1688246880.0,CHOP,NO_GO,HOLD,13.33,NORMAL,PRO,DEFENSIVE,1.0,0.50,Aegean:FLAT(0.50)|Orion:SHORT(0.20),Regime: CHOP (Reduced Weights). Score: -0.13. Low Conviction (<0.35).,LOW_CONVICTION,-0.089438,MID,20.90,False,0.0,0.0,0.00,0.00
1688246940.0,CHOP,NO_GO,HOLD,13.33,NORMAL,PRO,DEFENSIVE,1.0,0.50,Aegean:FLAT(0.50)|Orion:SHORT(0.20),Regime: CHOP (Reduced Weights). Score: -0.13. Low Conviction (<0.35).,LOW_CONVICTION,-0.071397,MID,19.45,False,0.0,0.0,0.00,0.00
1688247000.0,CHOP,NO_GO,HOLD,13.33,NORMAL,PRO,DEFENSIVE,1.0,0.50,Aegean:FLAT(0.50)|Orion:SHORT(0.20),Regime: CHOP (Reduced Weights). Score: -0.13. Low Conviction (<0.35).,LOW_CONVICTION,-0.063664,DIP,18.10,False,0.0,0.0,0.00,0.00
1688247060.0,CHOP,NO_GO,HOLD,13.33,NORMAL,PRO,DEFENSIVE,1.0,0.50,Aegean:FLAT(0.50)|Orion:SHORT(0.20),Regime: CHOP (Reduced Weights). Score: -0.13. Low Conviction (<0.35).,LOW_CONVICTION,-0.064337,DIP,16.83,False,0.0,0.0,0.00,0.00
1688247120.0,CHOP,NO_GO,HOLD,13.33,NORMAL,PRO,DEFENSIVE,1.0,0.50,Aegean:FLAT(0.50)|Orion:SHORT(0.20),Regime: CHOP (Reduced Weights). Score: -0.13. Low Conviction (<0.35).,LOW_CONVICTION,0.022762,MID,15.87,False,0.0,0.0,0.00,0.00
1688247180.0,CHOP,NO_GO,HOLD,13.33,NORMAL,PRO,DEFENSIVE,1.0,0.50,Aegean:FLAT(0.50)|Orion:SHORT(0.20),Regime: CHOP (Reduced Weights). Score: -0.13. Low Conviction (<0.35).,LOW_CONVICTION,0.016329,MID,14.98,False,0.0,0.0,0.00,0.00
1688247240.0,CHOP,NO_GO,HOLD,13.33,NORMAL,PRO,DEFENSIVE,1.0,0.50,Aegean:FLAT(0.50)|Orion:SHORT(0.20),Regime: CHOP (Reduced Weights). Score: -0.13. Low Conviction (<0.35).,LOW_CONVICTION,0.014793,MID,14.15,False,0.0,0.0,0.00,0.00
1688247300.0,CHOP,NO_GO,HOLD,13.33,NORMAL,PRO,DEFENSIVE,1.0,0.50,Aegean:FLAT(0.50)|Orion:SHORT(0.20),Regime: CHOP (Reduced Weights). Score: -0.13. Low Conviction (<0.35).,LOW_CONVICTION,0.014336,MID,13.49,False,0.0,0.0,0.00,0.00
1688247360.0,CHOP,NO_GO,HOLD,13.33,NORMAL,PRO,DEFENSIVE,1.0,0.50,Aegean:FLAT(0.50)|Orion:SHORT(0.20),Regime: CHOP (Reduced Weights). Score: -0.13. Low Conviction (<0.35).,LOW_CONVICTION,0.029603,MID,13.02,False,0.0,0.0,0.00,0.00
1688247420.0,CHOP,NO_GO,HOLD,13.33,NORMAL,PRO,DEFENSIVE,1.0,0.50,Aegean:FLAT(0.50)|Orion:SHORT(0.20),Regime: CHOP (Reduced Weights). Score: -0.13. Low Conviction (<0.35).,LOW_CONVICTION,-0.063601,MID,12.31,False,0.0,0.0,0.00,0.00
1688247480.0,CHOP,NO_GO,HOLD,13.33,NORMAL,PRO,DEFENSIVE,1.0,0.50,Aegean:FLAT(0.50)|Orion:SHORT(0.20),Regime: CHOP (Reduced Weights). Score: -0.13. Low Conviction (<0.35).,LOW_CONVICTION,-0.130101,MID,11.92,False,0.0,0.0,0.00,0.00
1688247540.0,CHOP,NO_GO,HOLD,13.33,NORMAL,PRO,DEFENSIVE,1.0,0.50,Aegean:FLAT(0.50)|Orion:LONG(0.20),Regime: CHOP (Reduced Weights). Score: 0.13. Low Conviction (<0.35).,LOW_CONVICTION,0.408170,TOP,12.47,False,0.0,0.0,0.00,0.00
1688247600.0,CHOP,NO_GO,HOLD,13.33,NORMAL,PRO,DEFENSIVE,1.0,0.50,Aegean:FLAT(0.50)|Orion:LONG(0.20),Regime: CHOP (Reduced Weights). Score: 0.13. Low Conviction (<0.35).,LOW_CONVICTION,0.369278,TOP,12.99,False,0.0,0.0,0.00,0.00
1688247660.0,CHOP,NO_GO,HOLD,13.33,NORMAL,PRO,DEFENSIVE,1.0,0.50,Aegean:FLAT(0.50)|Orion:LONG(0.20),Regime: CHOP (Reduced Weights). Score: 0.13. Low Conviction (<0.35).,LOW_CONVICTION,0.334109,TOP,13.47,False,0.0,0.0,0.00,0.00
1688247720.0,CHOP,NO_GO,HOLD,13.33,NORMAL,PRO,DEFENSIVE,1.0,0.50,Aegean:FLAT(0.50)|Orion:LONG(0.20),Regime: CHOP (Reduced Weights). Score: 0.13. Low Conviction (<0.35).,LOW_CONVICTION,0.302289,TOP,13.90,False,0.0,0.0,0.00,0.00
1688247780.0,CHOP,NO_GO,HOLD,13.33,NORMAL,PRO,DEFENSIVE,1.0,0.50,Aegean:FLAT(0.50)|Orion:LONG(0.20),Regime: CHOP (Reduced Weights). Score: 0.13. Low Conviction (<0.35).,LOW_CONVICTION,0.273480,TOP,14.32,False,0.0,0.0,0.00,0.00
1688247840.0,CHOP,NO_GO,HOLD,13.33,NORMAL,PRO,DEFENSIVE,1.0,0.50,Aegean:FLAT(0.50)|Orion:SHORT(0.20),Regime: CHOP (Reduced Weights). Score: -0.13. Low Conviction (<0.35).,LOW_CONVICTION,-0.548756,DIP,15.20,False,0.0,0.0,0.00,0.00
1688247900.0,CHOP,NO_GO,HOLD,13.33,NORMAL,PRO,DEFENSIVE,1.0,0.50,Aegean:FLAT(0.50)|Orion:SHORT(0.20),Regime: CHOP (Reduced Weights). Score: -0.13. Low Conviction (<0.35).,LOW_CONVICTION,-0.138317,MID,16.02,False,0.0,0.0,0.00,0.00
1688247960.0,CHOP,NO_GO,HOLD,13.33,NORMAL,PRO,DEFENSIVE,1.0,0.50,Aegean:FLAT(0.50)|Orion:SHORT(0.20),Regime: CHOP (Reduced Weights). Score: -0.13. Low Conviction (<0.35).,LOW_CONVICTION,-0.112816,MID,16.78,False,0.0,0.0,0.00,0.00
1688248020.0,CHOP,NO_GO,HOLD,13.33,NORMAL,PRO,DEFENSIVE,1.0,0.50,Aegean:FLAT(0.50)|Orion:SHORT(0.20),Regime: CHOP (Reduced Weights). Score: -0.13. Low Conviction (<0.35).,LOW_CONVICTION,-0.102072,MID,17.51,False,0.0,0.0,0.00,0.00
1688248080.0,CHOP,NO_GO,HOLD,13.33,NORMAL,PRO,DEFENSIVE,1.0,0.50,Aegean:FLAT(0.50)|Orion:SHORT(0.20),Regime: CHOP (Reduced Weights). Score: -0.13. Low Conviction (<0.35).,LOW_CONVICTION,-0.092351,MID,18.16,False,0.0,0.0,0.00,0.00
1688248140.0,CHOP,NO_GO,HOLD,13.33,NORMAL,PRO,DEFENSIVE,1.0,0.50,Aegean:FLAT(0.50)|Orion:SHORT(0.20),Regime: CHOP (Reduced Weights). Score: -0.13. Low Conviction (<0.35).,LOW_CONVICTION,-0.105960,MID,18.86,False,0.0,0.0,0.00,0.00
1688248200.0,CHOP,NO_GO,HOLD,13.33,NORMAL,PRO,DEFENSIVE,1.0,0.50,Aegean:FLAT(0.50)|Orion:LONG(0.20),Regime: CHOP (Reduced Weights). Score: 0.13. Low Conviction (<0.35).,LOW_CONVICTION,0.353175,TOP,17.91,False,0.0,0.0,0.00,0.00
1688248260.0,CHOP,NO_GO,HOLD,13.33,NORMAL,PRO,DEFENSIVE,1.0,0.50,Aegean:FLAT(0.50)|Orion:LONG(0.20),Regime: CHOP (Reduced Weights). Score: 0.13. Low Conviction (<0.35).,LOW_CONVICTION,0.314362,TOP,17.04,False,0.0,0.0,0.00,0.00
1688248320.0,CHOP,NO_GO,HOLD,13.33,NORMAL,PRO,DEFENSIVE,1.0,0.50,Aegean:FLAT(0.50)|Orion:LONG(0.20),Regime: CHOP (Reduced Weights). Score: 0.13. Low Conviction (<0.35).,LOW_CONVICTION,0.277016,TOP,16.23,False,0.0,0.0,0.00,0.00
1688248380.0,CHOP,NO_GO,HOLD,13.33,NORMAL,PRO,DEFENSIVE,1.0,0.50,Aegean:FLAT(0.50)|Orion:SHORT(0.20),Regime: CHOP (Reduced Weights). Score: -0.13. Low Conviction (<0.35).,LOW_CONVICTION,-0.225305,MID,16.49,False,0.0,0.0,0.00,0.00
1688248440.0,CHOP,NO_GO,HOLD,13.33,NORMAL,PRO,DEFENSIVE,1.0,0.50,Aegean:FLAT(0.50)|Orion:LONG(0.20),Regime: CHOP (Reduced Weights). Score: 0.13. Low Conviction (<0.35).,LOW_CONVICTION,0.122475,MID,16.79,False,0.0,0.0,0.00,0.00
1688248500.0,CHOP,NO_GO,HOLD,13.33,NORMAL,PRO,DEFENSIVE,1.0,0.50,Aegean:FLAT(0.50)|Orion:LONG(0.20),Regime: CHOP (Reduced Weights). Score: 0.13. Low Conviction (<0.35).,LOW_CONVICTION,0.110830,MID,17.01,False,0.0,0.0,0.00,0.00
1688248560.0,TREND,NO_GO,HOLD,13.33,NORMAL,PRO,DEFENSIVE,1.0,0.50,Aegean:FLAT(0.50)|Orion:SHORT(0.20),Regime: TREND (Orion 2x). Score: -0.13. Low Conviction (<0.35).,LOW_CONVICTION,-0.165351,MID,18.10,False,0.0,0.0,0.00,0.00
1688248620.0,TREND,NO_GO,HOLD,13.33,NORMAL,PRO,DEFENSIVE,1.0,0.50,Aegean:FLAT(0.50)|Orion:SHORT(0.20),Regime: TREND (Orion 2x). Score: -0.13. Low Conviction (<0.35).,LOW_CONVICTION,-0.150555,MID,19.11,False,0.0,0.0,0.00,0.00
1688248680.0,TREND,NO_GO,HOLD,13.33,NORMAL,PRO,DEFENSIVE,1.0,0.50,Aegean:FLAT(0.50)|Orion:SHORT(0.20),Regime: TREND (Orion 2x). Score: -0.13. Low Conviction (<0.35).,LOW_CONVICTION,-0.117001,MID,20.04,False,0.0,0.0,0.00,0.00
1688248740.0,TREND,NO_GO,HOLD,13.33,NORMAL,PRO,DEFENSIVE,1.0,0.50,Aegean:FLAT(0.50)|Orion:SHORT(0.20),Regime: TREND (Orion 2x). Score: -0.13. Low Conviction (<0.35).,LOW_CONVICTION,-0.105858,MID,20.91,False,0.0,0.0,0.00,0.00
1688248800.0,TREND,NO_GO,HOLD,13.33,NORMAL,PRO,DEFENSIVE,1.0,0.50,Aegean:FLAT(0.50)|Orion:SHORT(0.20),Regime: TREND (Orion 2x). Score: -0.13. Low Conviction (<0.35).,LOW_CONVICTION,0.030909,MID,21.04,False,0.0,0.0,0.00,0.00
1688248860.0,TREND,NO_GO,HOLD,13.33,NORMAL,PRO,DEFENSIVE,1.0,0.50,Aegean:FLAT(0.50)|Orion:SHORT(0.20),Regime: TREND (Orion 2x). Score: -0.13. Low Conviction (<0.35).,LOW_CONVICTION,0.028918,MID,21.10,False,0.0,0.0,0.00,0.00
1688248920.0,TREND,NO_GO,HOLD,13.33,NORMAL,PRO,DEFENSIVE,1.0,0.50,Aegean:FLAT(0.50)|Orion:LONG(0.20),Regime: TREND (Orion 2x). Score: 0.13. Low Conviction (<0.35).,LOW_CONVICTION,0.216640,MID,22.49,False,0.0,0.0,0.00,0.00
1688248980.0,TREND,NO_GO,HOLD,13.33,NORMAL,PRO,DEFENSIVE,1.0,0.50,Aegean:FLAT(0.50)|Orion:LONG(0.20),Regime: TREND (Orion 2x). Score: 0.13. Low Conviction (<0.35).,LOW_CONVICTION,0.196027,MID,23.78,False,0.0,0.0,0.00,0.00
1688249040.0,TREND,NO_GO,HOLD,13.33,NORMAL,PRO,DEFENSIVE,1.0,0.50,Aegean:FLAT(0.50)|Orion:LONG(0.20),Regime: TREND (Orion 2x). Score: 0.13. Low Conviction (<0.35).,LOW_CONVICTION,0.183652,MID,24.98,False,0.0,0.0,0.00,0.00
1688249100.0,TREND,NO_GO,HOLD,10.16,NORMAL,PRO,DEFENSIVE,1.0,0.50,Aegean:FLAT(0.50)|Orion:LONG(0.15),Regime: TREND (Orion 2x). Score: 0.10. Low Conviction (<0.35).,LOW_CONVICTION,0.165209,MID,26.10,True,0.0,0.0,0.00,0.00
1688249160.0,TREND,NO_GO,HOLD,12.90,NORMAL,PRO,DEFENSIVE,1.0,0.50,Aegean:FLAT(0.50)|Orion:LONG(0.19),Regime: TREND (Orion 2x). Score: 0.13. Low Conviction (<0.35).,LOW_CONVICTION,0.464713,MID,27.74,True,0.0,0.0,0.00,0.00
1688249220.0,TREND,NO_GO,HOLD,17.18,NORMAL,PRO,DEFENSIVE,1.0,0.50,Aegean:FLAT(0.50)|Orion:LONG(0.26),Regime: TREND (Orion 2x). Score: 0.17. Low Conviction (<0.35).,LOW_CONVICTION,1.233910,TOP,30.31,True,0.0,0.0,0.00,0.00
1688249280.0,TREND,NO_GO,HOLD,21.16,NORMAL,PRO,DEFENSIVE,1.0,0.50,Aegean:FLAT(0.50)|Orion:LONG(0.32),Regime: TREND (Orion 2x). Score: 0.21. Low Conviction (<0.35).,LOW_CONVICTION,0.695251,MID,32.69,True,0.0,0.0,0.00,0.00
1688249340.0,TREND,NO_GO,HOLD,24.82,NORMAL,PRO,DEFENSIVE,1.0,0.50,Aegean:FLAT(0.50)|Orion:LONG(0.37),Regime: TREND (Orion 2x). Score: 0.25. Low Conviction (<0.35).,LOW_CONVICTION,0.628065,MID,34.89,True,0.0,0.0,0.00,0.00
1688249400.0,TREND,NO_GO,HOLD,23.23,NORMAL,PRO,DEFENSIVE,1.0,0.50,Aegean:FLAT(0.50)|Orion:LONG(0.35),Regime: TREND (Orion 2x). Score: 0.23. Low Conviction (<0.35).,LOW_CONVICTION,-0.224113,MID,33.94,True,0.0,0.0,0.00,0.00
1688249460.0,TREND,NO_GO,HOLD,21.76,NORMAL,PRO,DEFENSIVE,1.0,0.50,Aegean:FLAT(0.50)|Orion:LONG(0.33),Regime: TREND (Orion 2x). Score: 0.22. Low Conviction (<0.35).,LOW_CONVICTION,0.143217,MID,33.05,True,0.0,0.0,0.00,0.00
1688249520.0,TREND,NO_GO,HOLD,21.76,NORMAL,PRO,DEFENSIVE,1.0,0.50,Aegean:FLAT(0.50)|Orion:LONG(0.33),Regime: TREND (Orion 2x). Score: 0.22. Low Conviction (<0.35).,LOW_CONVICTION,0.576244,MID,33.06,True,0.0,0.0,0.00,0.00
1688249580.0,TREND,NO_GO,HOLD,22.77,NORMAL,PRO,DEFENSIVE,1.0,0.50,Aegean:FLAT(0.50)|Orion:LONG(0.34),Regime: TREND (Orion 2x). Score: 0.23. Low Conviction (<0.35).,LOW_CONVICTION,0.949935,TOP,33.66,True,0.0,0.0,0.00,0.00
1688249640.0,TREND,NO_GO,HOLD,23.72,NORMAL,PRO,DEFENSIVE,1.0,0.50,Aegean:FLAT(0.50)|Orion:LONG(0.36),Regime: TREND (Orion 2x). Score: 0.24. Low Conviction (<0.35).,LOW_CONVICTION,0.860398,TOP,34.23,True,0.0,0.0,0.00,0.00
1688249700.0,TREND,NO_GO,HOLD,20.96,NORMAL,PRO,DEFENSIVE,1.0,0.50,Aegean:FLAT(0.50)|Orion:LONG(0.31),Regime: TREND (Orion 2x). Score: 0.21. Low Conviction (<0.35).,LOW_CONVICTION,-0.005373,MID,32.57,True,0.0,0.0,0.00,0.00
1688249760.0,TREND,NO_GO,HOLD,18.40,NORMAL,PRO,DEFENSIVE,1.0,0.50,Aegean:FLAT(0.50)|Orion:LONG(0.28),Regime: TREND (Orion 2x). Score: 0.18. Low Conviction (<0.35).,LOW_CONVICTION,0.019898,MID,31.04,True,0.0,0.0,0.00,0.00
1688249820.0,TREND,NO_GO,HOLD,16.02,NORMAL,PRO,DEFENSIVE,1.0,0.50,Aegean:FLAT(0.50)|Orion:LONG(0.24),Regime: TREND (Orion 2x). Score: 0.16. Low Conviction (<0.35).,LOW_CONVICTION,0.018415,MID,29.61,True,0.0,0.0,0.00,0.00
1688249880.0,TREND,NO_GO,HOLD,13.81,NORMAL,PRO,DEFENSIVE,1.0,0.50,Aegean:FLAT(0.50)|Orion:LONG(0.21),Regime: TREND (Orion 2x). Score: 0.14. Low Conviction (<0.35).,LOW_CONVICTION,0.005996,MID,28.29,True,0.0,0.0,0.00,0.00
1688249940.0,TREND,NO_GO,HOLD,11.76,NORMAL,PRO,DEFENSIVE,1.0,0.50,Aegean:FLAT(0.50)|Orion:LONG(0.18),Regime: TREND (Orion 2x). Score: 0.12. Low Conviction (<0.35).,LOW_CONVICTION,0.006378,MID,27.06,True,0.0,0.0,0.00,0.00
1688250000.0,TREND,NO_GO,HOLD,9.86,NORMAL,PRO,DEFENSIVE,1.0,0.50,Aegean:FLAT(0.50)|Orion:LONG(0.15),Regime: TREND (Orion 2x). Score: 0.10. Low Conviction (<0.35).,LOW_CONVICTION,0.004818,MID,25.91,True,0.0,0.0,0.00,0.00
1688250060.0,TREND,NO_GO,HOLD,10.66,NORMAL,PRO,DEFENSIVE,1.0,0.50,Aegean:FLAT(0.50)|Orion:LONG(0.16),Regime: TREND (Orion 2x). Score: 0.11. Low Conviction (<0.35).,LOW_CONVICTION,0.751978,TOP,26.40,True,0.0,0.0,0.00,0.00
1688250120.0,TREND,NO_GO,HOLD,11.44,NORMAL,PRO,DEFENSIVE,1.0,0.50,Aegean:FLAT(0.50)|Orion:LONG(0.17),Regime: TREND (Orion 2x). Score: 0.11. Low Conviction (<0.35).,LOW_CONVICTION,0.505123,MID,26.86,True,0.0,0.0,0.00,0.00
1688250180.0,TREND,NO_GO,HOLD,12.13,NORMAL,PRO,DEFENSIVE,1.0,0.50,Aegean:FLAT(0.50)|Orion:LONG(0.18),Regime: TREND (Orion 2x). Score: 0.12. Low Conviction (<0.35).,LOW_CONVICTION,0.472128,MID,27.28,True,0.0,0.0,0.00,0.00
1688250240.0,TREND,NO_GO,HOLD,13.92,NORMAL,PRO,DEFENSIVE,1.0,0.50,Aegean:FLAT(0.50)|Orion:LONG(0.21),Regime: TREND (Orion 2x). Score: 0.14. Low Conviction (<0.35).,LOW_CONVICTION,0.498264,MID,28.35,True,0.0,0.0,0.00,0.00
1688250300.0,TREND,NO_GO,HOLD,15.51,NORMAL,PRO,DEFENSIVE,1.0,0.50,Aegean:FLAT(0.50)|Orion:LONG(0.23),Regime: TREND (Orion 2x). Score: 0.16. Low Conviction (<0.35).,LOW_CONVICTION,0.449839,MID,29.30,True,0.0,0.0,0.00,0.00
1688250360.0,TREND,NO_GO,HOLD,18.64,NORMAL,PRO,DEFENSIVE,1.0,0.50,Aegean:FLAT(0.50)|Orion:LONG(0.28),Regime: TREND (Orion 2x). Score: 0.19. Low Conviction (<0.35).,LOW_CONVICTION,1.174616,TOP,31.18,True,0.0,0.0,0.00,0.00
1688250420.0,TREND,NO_GO,HOLD,21.56,NORMAL,PRO,DEFENSIVE,1.0,0.50,Aegean:FLAT(0.50)|Orion:LONG(0.32),Regime: TREND (Orion 2x). Score: 0.22. Low Conviction (<0.35).,LOW_CONVICTION,0.929415,TOP,32.93,True,0.0,0.0,0.00,0.00
1688250480.0,TREND,NO_GO,HOLD,24.42,NORMAL,PRO,DEFENSIVE,1.0,0.50,Aegean:FLAT(0.50)|Orion:LONG(0.37),Regime: TREND (Orion 2x). Score: 0.24. Low Conviction (<0.35).,LOW_CONVICTION,0.839946,TOP,34.65,True,0.0,0.0,0.00,0.00
1688250540.0,TREND,NO_GO,HOLD,26.92,NORMAL,PRO,DEFENSIVE,1.0,0.50,Aegean:FLAT(0.50)|Orion:LONG(0.40),Regime: TREND (Orion 2x). Score: 0.27. Low Conviction (<0.35).,LOW_CONVICTION,0.750882,TOP,36.15,True,0.0,0.0,0.00,0.00
1688250600.0,TREND,NO_GO,HOLD,23.92,NORMAL,PRO,DEFENSIVE,1.0,0.50,Aegean:FLAT(0.50)|Orion:LONG(0.36),Regime: TREND (Orion 2x). Score: 0.24. Low Conviction (<0.35).,LOW_CONVICTION,-0.282555,MID,34.35,True,0.0,0.0,0.00,0.00
1688250660.0,TREND,NO_GO,HOLD,21.37,NORMAL,PRO,DEFENSIVE,1.0,0.50,Aegean:FLAT(0.50)|Orion:SHORT(0.32),Regime: TREND (Orion 2x). Score: -0.21. Low Conviction (<0.35).,LOW_CONVICTION,-0.768045,MID,32.82,True,0.0,0.0,0.00,0.00
1688250720.0,TREND,NO_GO,HOLD,18.98,NORMAL,PRO,DEFENSIVE,1.0,0.50,Aegean:FLAT(0.50)|Orion:SHORT(0.28),Regime: TREND (Orion 2x). Score: -0.19. Low Conviction (<0.35).,LOW_CONVICTION,-0.685770,MID,31.39,True,0.0,0.0,0.00,0.00
1688250780.0,TREND,NO_GO,HOLD,15.43,NORMAL,PRO,DEFENSIVE,1.0,0.50,Aegean:FLAT(0.50)|Orion:LONG(0.23),Regime: TREND (Orion 2x). Score: 0.15. Low Conviction (<0.35).,LOW_CONVICTION,-0.242971,MID,29.26,True,0.0,0.0,0.00,0.00
1688250840.0,TREND,NO_GO,HOLD,12.10,NORMAL,PRO,DEFENSIVE,1.0,0.50,Aegean:FLAT(0.50)|Orion:LONG(0.18),Regime: TREND (Orion 2x). Score: 0.12. Low Conviction (<0.35).,LOW_CONVICTION,-0.398879,MID,27.26,True,0.0,0.0,0.00,0.00
1688250900.0,TREND,NO_GO,HOLD,10.70,NORMAL,PRO,DEFENSIVE,1.0,0.50,Aegean:FLAT(0.50)|Orion:SHORT(0.16),Regime: TREND (Orion 2x). Score: -0.11. Low Conviction (<0.35).,LOW_CONVICTION,-0.904938,DIP,26.42,True,0.0,0.0,0.00,0.00
1688250960.0,TREND,NO_GO,HOLD,10.49,NORMAL,PRO,DEFENSIVE,1.0,0.50,Aegean:FLAT(0.50)|Orion:SHORT(0.16),Regime: TREND (Orion 2x). Score: -0.10. Low Conviction (<0.35).,LOW_CONVICTION,-1.220639,DIP,26.29,True,0.0,0.0,0.00,0.00
1688251020.0,TREND,NO_GO,HOLD,12.05,NORMAL,PRO,DEFENSIVE,1.0,0.50,Aegean:FLAT(0.50)|Orion:SHORT(0.18),Regime: TREND (Orion 2x). Score: -0.12. Low Conviction (<0.35).,LOW_CONVICTION,-1.968197,DIP,27.23,True,0.0,0.0,0.00,0.00
1688251080.0,TREND,NO_GO,HOLD,15.06,NORMAL,PRO,DEFENSIVE,1.0,0.50,Aegean:FLAT(0.50)|Orion:SHORT(0.23),Regime: TREND (Orion 2x). Score: -0.15. Low Conviction (<0.35).,LOW_CONVICTION,-2.664559,DIP,29.04,True,0.0,0.0,0.00,0.00
1688251140.0,TREND,NO_GO,HOLD,17.87,NORMAL,PRO,DEFENSIVE,1.0,0.50,Aegean:FLAT(0.50)|Orion:SHORT(0.27),Regime: TREND (Orion 2x). Score: -0.18. Low Conviction (<0.35).,LOW_CONVICTION,-2.653347,DIP,30.72,True,0.0,0.0,0.00,0.00
1688251200.0,TREND,NO_GO,HOLD,16.95,NORMAL,PRO,DEFENSIVE,1.0,0.50,Aegean:FLAT(0.50)|Orion:SHORT(0.25),Regime: TREND (Orion 2x). Score: -0.17. Low Conviction (<0.35).,LOW_CONVICTION,-1.033048,MID,30.17,True,0.0,0.0,0.00,0.00
1688251260.0,TREND,NO_GO,HOLD,16.10,NORMAL,PRO,DEFENSIVE,1.0,0.50,Aegean:FLAT(0.50)|Orion:SHORT(0.24),Regime: TREND (Orion 2x). Score: -0.16. Low Conviction (<0.35).,LOW_CONVICTION,-1.284220,MID,29.66,True,0.0,0.0,0.00,0.00
1688251320.0,TREND,NO_GO,HOLD,15.31,NORMAL,PRO,DEFENSIVE,1.0,0.50,Aegean:FLAT(0.50)|Orion:SHORT(0.23),Regime: TREND (Orion 2x). Score: -0.15. Low Conviction (<0.35).,LOW_CONVICTION,-1.161913,MID,29.19,True,0.0,0.0,0.00,0.00
1688251380.0,TREND,NO_GO,HOLD,15.84,NORMAL,PRO,DEFENSIVE,1.0,0.50,Aegean:FLAT(0.50)|Orion:SHORT(0.24),Regime: TREND (Orion 2x). Score: -0.16. Low Conviction (<0.35).,LOW_CONVICTION,-1.798893,DIP,29.51,True,0.0,0.0,0.00,0.00
1688251440.0,TREND,NO_GO,HOLD,16.34,NORMAL,PRO,DEFENSIVE,1.0,0.50,Aegean:FLAT(0.50)|Orion:SHORT(0.25),Regime: TREND (Orion 2x). Score: -0.16. Low Conviction (<0.35).,LOW_CONVICTION,-1.112312,MID,29.80,True,0.0,0.0,0.00,0.00
1688251500.0,TREND,NO_GO,HOLD,17.08,NORMAL,PRO,DEFENSIVE,1.0,0.50,Aegean:FLAT(0.50)|Orion:SHORT(0.26),Regime: TREND (Orion 2x). Score: -0.17. Low Conviction (<0.35).,LOW_CONVICTION,-1.637500,DIP,30.25,True,0.0,0.0,0.00,0.00
1688251560.0,TREND,NO_GO,HOLD,19.64,NORMAL,PRO,DEFENSIVE,1.0,0.50,Aegean:FLAT(0.50)|Orion:SHORT(0.29),Regime: TREND (Orion 2x). Score: -0.20. Low Conviction (<0.35).,LOW_CONVICTION,-1.975216,MID,31.79,True,0.0,0.0,0.00,0.00
1688251620.0,TREND,NO_GO,HOLD,21.84,NORMAL,PRO,DEFENSIVE,1.0,0.50,Aegean:FLAT(0.50)|Orion:SHORT(0.33),Regime: TREND (Orion 2x). Score: -0.22. Low Conviction (<0.35).,LOW_CONVICTION,-1.714797,MID,33.10,True,0.0,0.0,0.00,0.00
1688251680.0,TREND,NO_GO,HOLD,22.53,NORMAL,PRO,DEFENSIVE,1.0,0.50,Aegean:FLAT(0.50)|Orion:SHORT(0.34),Regime: TREND (Orion 2x). Score: -0.23. Low Conviction (<0.35).,LOW_CONVICTION,-1.143845,MID,33.52,True,0.0,0.0,0.00,0.00
1688251740.0,TREND,NO_GO,HOLD,23.15,NORMAL,PRO,DEFENSIVE,1.0,0.50,Aegean:FLAT(0.50)|Orion:SHORT(0.35),Regime: TREND (Orion 2x). Score: -0.23. Low Conviction (<0.35).,LOW_CONVICTION,-1.018920,MID,33.89,True,0.0,0.0,0.00,0.00
1688251800.0,TREND,NO_GO,HOLD,23.75,NORMAL,PRO,DEFENSIVE,1.0,0.50,Aegean:FLAT(0.50)|Orion:SHORT(0.36),Regime: TREND (Orion 2x). Score: -0.24. Low Conviction (<0.35).,LOW_CONVICTION,-0.929846,MID,34.25,True,0.0,0.0,0.00,0.00
1688251860.0,TREND,NO_GO,HOLD,21.20,NORMAL,PRO,DEFENSIVE,1.0,0.50,Aegean:FLAT(0.50)|Orion:SHORT(0.32),Regime: TREND (Orion 2x). Score: -0.21. Low Conviction (<0.35).,LOW_CONVICTION,0.155413,MID,32.72,True,0.0,0.0,0.00,0.00
1688251920.0,TREND,NO_GO,HOLD,18.33,NORMAL,PRO,DEFENSIVE,1.0,0.50,Aegean:FLAT(0.50)|Orion:SHORT(0.27),Regime: TREND (Orion 2x). Score: -0.18. Low Conviction (<0.35).,LOW_CONVICTION,0.336727,MID,31.00,True,0.0,0.0,0.00,0.00
1688251980.0,TREND,NO_GO,HOLD,15.93,NORMAL,PRO,DEFENSIVE,1.0,0.50,Aegean:FLAT(0.50)|Orion:SHORT(0.24),Regime: TREND (Orion 2x). Score: -0.16. Low Conviction (<0.35).,LOW_CONVICTION,0.303686,MID,29.56,True,0.0,0.0,0.00,0.00
1688252040.0,TREND,NO_GO,HOLD,14.19,NORMAL,PRO,DEFENSIVE,1.0,0.50,Aegean:FLAT(0.50)|Orion:SHORT(0.21),Regime: TREND (Orion 2x). Score: -0.14. Low Conviction (<0.35).,LOW_CONVICTION,0.325816,MID,28.51,True,0.0,0.0,0.00,0.00
1688252100.0,TREND,NO_GO,HOLD,12.58,NORMAL,PRO,DEFENSIVE,1.0,0.50,Aegean:FLAT(0.50)|Orion:SHORT(0.19),Regime: TREND (Orion 2x). Score: -0.13. Low Conviction (<0.35).,LOW_CONVICTION,0.195277,MID,27.55,True,0.0,0.0,0.00,0.00
1688252160.0,TREND,NO_GO,HOLD,11.09,NORMAL,PRO,DEFENSIVE,1.0,0.50,Aegean:FLAT(0.50)|Orion:SHORT(0.17),Regime: TREND (Orion 2x). Score: -0.11. Low Conviction (<0.35).,LOW_CONVICTION,0.175746,MID,26.65,True,0.0,0.0,0.00,0.00
1688252220.0,TREND,NO_GO,HOLD,11.04,NORMAL,PRO,DEFENSIVE,1.0,0.50,Aegean:FLAT(0.50)|Orion:SHORT(0.17),Regime: TREND (Orion 2x). Score: -0.11. Low Conviction (<0.35).,LOW_CONVICTION,-0.424801,MID,26.62,True,0.0,0.0,0.00,0.00
1688252280.0,TREND,NO_GO,HOLD,11.05,NORMAL,PRO,DEFENSIVE,1.0,0.50,Aegean:FLAT(0.50)|Orion:SHORT(0.17),Regime: TREND (Orion 2x). Score: -0.11. Low Conviction (<0.35).,LOW_CONVICTION,-0.168173,MID,26.63,True,0.0,0.0,0.00,0.00
1688252340.0,TREND,NO_GO,HOLD,8.88,NORMAL,PRO,DEFENSIVE,1.0,0.50,Aegean:FLAT(0.50)|Orion:SHORT(0.13),Regime: TREND (Orion 2x). Score: -0.09. Low Conviction (<0.35).,LOW_CONVICTION,0.471672,TOP,25.33,True,0.0,0.0,0.00,0.00
1688252400.0,TREND,NO_GO,HOLD,13.33,NORMAL,PRO,DEFENSIVE,1.0,0.50,Aegean:FLAT(0.50)|Orion:SHORT(0.20),Regime: TREND (Orion 2x). Score: -0.13. Low Conviction (<0.35).,LOW_CONVICTION,0.593572,TOP,23.80,False,0.0,0.0,0.00,0.00
1688252460.0,TREND,NO_GO,HOLD,13.33,NORMAL,PRO,DEFENSIVE,1.0,0.50,Aegean:FLAT(0.50)|Orion:LONG(0.20),Regime: TREND (Orion 2x). Score: 0.13. Low Conviction (<0.35).,LOW_CONVICTION,1.864386,TOP,23.67,False,0.0,0.0,0.00,0.00
1688252520.0,TREND,NO_GO,HOLD,13.33,NORMAL,PRO,DEFENSIVE,1.0,0.50,Aegean:FLAT(0.50)|Orion:LONG(0.20),Regime: TREND (Orion 2x). Score: 0.13. Low Conviction (<0.35).,LOW_CONVICTION,2.119226,TOP,24.00,False,0.0,0.0,0.00,0.00
1688252580.0,TREND,NO_GO,HOLD,13.33,NORMAL,PRO,DEFENSIVE,1.0,0.50,Aegean:FLAT(0.50)|Orion:LONG(0.20),Regime: TREND (Orion 2x). Score: 0.13. Low Conviction (<0.35).,LOW_CONVICTION,1.916772,TOP,24.31,False,0.0,0.0,0.00,0.00
1688252640.0,TREND,NO_GO,HOLD,13.33,NORMAL,PRO,DEFENSIVE,1.0,0.50,Aegean:FLAT(0.50)|Orion:LONG(0.20),Regime: TREND (Orion 2x). Score: 0.13. Low Conviction (<0.35).,LOW_CONVICTION,1.733289,TOP,24.67,False,0.0,0.0,0.00,0.00
1688252700.0,TREND,NO_GO,HOLD,13.33,NORMAL,PRO,DEFENSIVE,1.0,0.50,Aegean:FLAT(0.50)|Orion:LONG(0.20),Regime: TREND (Orion 2x). Score: 0.13. Low Conviction (<0.35).,LOW_CONVICTION,1.552726,TOP,24.93,False,0.0,0.0,0.00,0.00
1688252760.0,TREND,NO_GO,HOLD,8.62,NORMAL,PRO,DEFENSIVE,1.0,0.50,Aegean:FLAT(0.50)|Orion:LONG(0.13),Regime: TREND (Orion 2x). Score: 0.09. Low Conviction (<0.35).,LOW_CONVICTION,1.408490,TOP,25.17,True,0.0,0.0,0.00,0.00
1688252820.0,TREND,NO_GO,HOLD,13.33,NORMAL,PRO,DEFENSIVE,1.0,0.50,Aegean:FLAT(0.50)|Orion:LONG(0.20),Regime: TREND (Orion 2x). Score: 0.13. Low Conviction (<0.35).,LOW_CONVICTION,0.591510,MID,23.99,False,0.0,0.0,0.00,0.00
1688252880.0,TREND,NO_GO,HOLD,13.33,NORMAL,PRO,DEFENSIVE,1.0,0.50,Aegean:FLAT(0.50)|Orion:LONG(0.20),Regime: TREND (Orion 2x). Score: 0.13. Low Conviction (<0.35).,LOW_CONVICTION,0.262795,MID,22.38,False,0.0,0.0,0.00,0.00
1688252940.0,TREND,NO_GO,HOLD,13.33,NORMAL,PRO,DEFENSIVE,1.0,0.50,Aegean:FLAT(0.50)|Orion:LONG(0.20),Regime: TREND (Orion 2x). Score: 0.13. Low Conviction (<0.35).,LOW_CONVICTION,0.107651,MID,20.93,False,0.0,0.0,0.00,0.00
1688253000.0,CHOP,NO_GO,HOLD,13.33,NORMAL,PRO,DEFENSIVE,1.0,0.50,Aegean:FLAT(0.50)|Orion:LONG(0.20),Regime: CHOP (Reduced Weights). Score: 0.13. Low Conviction (<0.35).,LOW_CONVICTION,0.107736,MID,19.58,False,0.0,0.0,0.00,0.00
1688253060.0,TREND,NO_GO,HOLD,13.33,NORMAL,PRO,DEFENSIVE,1.0,0.50,Aegean:FLAT(0.50)|Orion:SHORT(0.20),Regime: TREND (Orion 2x). Score: -0.13. Low Conviction (<0.35).,LOW_CONVICTION,-1.252048,DIP,20.25,False,0.0,0.0,0.00,0.00
1688253120.0,TREND,NO_GO,HOLD,13.33,NORMAL,PRO,DEFENSIVE,1.0,0.50,Aegean:FLAT(0.50)|Orion:SHORT(0.20),Regime: TREND (Orion 2x). Score: -0.13. Low Conviction (<0.35).,LOW_CONVICTION,-1.341502,DIP,21.07,False,0.0,0.0,0.00,0.00
1688253180.0,TREND,NO_GO,HOLD,13.33,NORMAL,PRO,DEFENSIVE,1.0,0.50,Aegean:FLAT(0.50)|Orion:SHORT(0.20),Regime: TREND (Orion 2x). Score: -0.13. Low Conviction (<0.35).,LOW_CONVICTION,-1.210127,DIP,21.83,False,0.0,0.0,0.00,0.00
1688253240.0,TREND,NO_GO,HOLD,13.33,NORMAL,PRO,DEFENSIVE,1.0,0.50,Aegean:FLAT(0.50)|Orion:SHORT(0.20),Regime: TREND (Orion 2x). Score: -0.13. Low Conviction (<0.35).,LOW_CONVICTION,-1.086647,DIP,22.54,False,0.0,0.0,0.00,0.00
1688253300.0,TREND,NO_GO,HOLD,13.33,NORMAL,PRO,DEFENSIVE,1.0,0.50,Aegean:FLAT(0.50)|Orion:SHORT(0.20),Regime: TREND (Orion 2x). Score: -0.13. Low Conviction (<0.35).,LOW_CONVICTION,-0.694096,MID,22.12,False,0.0,0.0,0.00,0.00
1688253360.0,TREND,NO_GO,HOLD,13.33,NORMAL,PRO,DEFENSIVE,1.0,0.50,Aegean:FLAT(0.50)|Orion:SHORT(0.20),Regime: TREND (Orion 2x). Score: -0.13. Low Conviction (<0.35).,LOW_CONVICTION,-0.609610,MID,21.73,False,0.0,0.0,0.00,0.00
1688253420.0,TREND,NO_GO,HOLD,13.33,NORMAL,PRO,DEFENSIVE,1.0,0.50,Aegean:FLAT(0.50)|Orion:SHORT(0.20),Regime: TREND (Orion 2x). Score: -0.13. Low Conviction (<0.35).,LOW_CONVICTION,-1.667054,DIP,22.76,False,0.0,0.0,0.00,0.00
1688253480.0,TREND,NO_GO,HOLD,13.33,NORMAL,PRO,DEFENSIVE,1.0,0.50,Aegean:FLAT(0.50)|Orion:SHORT(0.20),Regime: TREND (Orion 2x). Score: -0.13. Low Conviction (<0.35).,LOW_CONVICTION,-0.660587,MID,23.76,False,0.0,0.0,0.00,0.00
1688253540.0,TREND,NO_GO,HOLD,13.33,NORMAL,PRO,DEFENSIVE,1.0,0.50,Aegean:FLAT(0.50)|Orion:SHORT(0.20),Regime: TREND (Orion 2x). Score: -0.13. Low Conviction (<0.35).,LOW_CONVICTION,-0.315744,MID,23.97,False,0.0,0.0,0.00,0.00
1688253600.0,TREND,NO_GO,HOLD,13.33,NORMAL,PRO,DEFENSIVE,1.0,0.50,Aegean:FLAT(0.50)|Orion:LONG(0.20),Regime: TREND (Orion 2x). Score: 0.13. Low Conviction (<0.35).,LOW_CONVICTION,0.174636,MID,23.28,False,0.0,0.0,0.00,0.00
1688253660.0,TREND,NO_GO,HOLD,13.33,NORMAL,PRO,DEFENSIVE,1.0,0.50,Aegean:FLAT(0.50)|Orion:LONG(0.20),Regime: TREND (Orion 2x). Score: 0.13. Low Conviction (<0.35).,LOW_CONVICTION,0.158004,MID,22.64,False,0.0,0.0,0.00,0.00
1688253720.0,TREND,NO_GO,HOLD,13.33,NORMAL,PRO,DEFENSIVE,1.0,0.50,Aegean:FLAT(0.50)|Orion:SHORT(0.20),Regime: TREND (Orion 2x). Score: -0.13. Low Conviction (<0.35).,LOW_CONVICTION,-0.035294,MID,22.49,False,0.0,0.0,0.00,0.00
1688253780.0,TREND,NO_GO,HOLD,13.33,NORMAL,PRO,DEFENSIVE,1.0,0.50,Aegean:FLAT(0.50)|Orion:LONG(0.20),Regime: TREND (Orion 2x). Score: 0.13. Low Conviction (<0.35).,LOW_CONVICTION,0.129101,MID,22.38,False,0.0,0.0,0.00,0.00
1688253840.0,TREND,NO_GO,HOLD,13.33,NORMAL,PRO,DEFENSIVE,1.0,0.50,Aegean:FLAT(0.50)|Orion:LONG(0.20),Regime: TREND (Orion 2x). Score: 0.13. Low Conviction (<0.35).,LOW_CONVICTION,0.129411,MID,22.25,False,0.0,0.0,0.00,0.00
1688253900.0,TREND,NO_GO,HOLD,13.33,NORMAL,PRO,DEFENSIVE,1.0,0.50,Aegean:FLAT(0.50)|Orion:SHORT(0.20),Regime: TREND (Orion 2x). Score: -0.13. Low Conviction (<0.35).,LOW_CONVICTION,-0.261859,MID,23.47,False,0.0,0.0,0.00,0.00
1688253960.0,TREND,NO_GO,HOLD,13.33,NORMAL,PRO,DEFENSIVE,1.0,0.50,Aegean:FLAT(0.50)|Orion:LONG(0.20),Regime: TREND (Orion 2x). Score: 0.13. Low Conviction (<0.35).,LOW_CONVICTION,0.151317,MID,24.60,False,0.0,0.0,0.00,0.00
1688254020.0,TREND,NO_GO,HOLD,8.56,NORMAL,PRO,DEFENSIVE,1.0,0.50,Aegean:FLAT(0.50)|Orion:LONG(0.13),Regime: TREND (Orion 2x). Score: 0.09. Low Conviction (<0.35).,LOW_CONVICTION,0.339158,MID,25.14,True,0.0,0.0,0.00,0.00
1688254080.0,TREND,NO_GO,HOLD,9.40,NORMAL,PRO,DEFENSIVE,1.0,0.50,Aegean:FLAT(0.50)|Orion:LONG(0.14),Regime: TREND (Orion 2x). Score: 0.09. Low Conviction (<0.35).,LOW_CONVICTION,0.234476,MID,25.64,True,0.0,0.0,0.00,0.00
1688254140.0,TREND,NO_GO,HOLD,10.81,NORMAL,PRO,DEFENSIVE,1.0,0.50,Aegean:FLAT(0.50)|Orion:LONG(0.16),Regime: TREND (Orion 2x). Score: 0.11. Low Conviction (<0.35).,LOW_CONVICTION,-0.040217,MID,26.49,True,0.0,0.0,0.00,0.00
1688254200.0,TREND,NO_GO,HOLD,12.43,NORMAL,PRO,DEFENSIVE,1.0,0.50,Aegean:FLAT(0.50)|Orion:SHORT(0.19),Regime: TREND (Orion 2x). Score: -0.12. Low Conviction (<0.35).,LOW_CONVICTION,-0.252869,MID,27.46,True,0.0,0.0,0.00,0.00
1688254260.0,TREND,NO_GO,HOLD,13.92,NORMAL,PRO,DEFENSIVE,1.0,0.50,Aegean:FLAT(0.50)|Orion:SHORT(0.21),Regime: TREND (Orion 2x). Score: -0.14. Low Conviction (<0.35).,LOW_CONVICTION,-0.232917,MID,28.35,True,0.0,0.0,0.00,0.00
1688254320.0,TREND,NO_GO,HOLD,15.34,NORMAL,PRO,DEFENSIVE,1.0,0.50,Aegean:FLAT(0.50)|Orion:SHORT(0.23),Regime: TREND (Orion 2x). Score: -0.15. Low Conviction (<0.35).,LOW_CONVICTION,-0.210715,MID,29.20,True,0.0,0.0,0.00,0.00
1688254380.0,TREND,NO_GO,HOLD,16.63,NORMAL,PRO,DEFENSIVE,1.0,0.50,Aegean:FLAT(0.50)|Orion:SHORT(0.25),Regime: TREND (Orion 2x). Score: -0.17. Low Conviction (<0.35).,LOW_CONVICTION,-0.191358,MID,29.98,True,0.0,0.0,0.00,0.00
1688254440.0,TREND,NO_GO,HOLD,17.82,NORMAL,PRO,DEFENSIVE,1.0,0.50,Aegean:FLAT(0.50)|Orion:SHORT(0.27),Regime: TREND (Orion 2x). Score: -0.18. Low Conviction (<0.35).,LOW_CONVICTION,-0.171135,MID,30.69,True,0.0,0.0,0.00,0.00
1688254500.0,TREND,NO_GO,HOLD,18.98,NORMAL,PRO,DEFENSIVE,1.0,0.50,Aegean:FLAT(0.50)|Orion:SHORT(0.28),Regime: TREND (Orion 2x). Score: -0.19. Low Conviction (<0.35).,LOW_CONVICTION,-0.153865,MID,31.39,True,0.0,0.0,0.00,0.00
1688254560.0,TREND,NO_GO,HOLD,20.00,NORMAL,PRO,DEFENSIVE,1.0,0.50,Aegean:FLAT(0.50)|Orion:SHORT(0.30),Regime: TREND (Orion 2x). Score: -0.20. Low Conviction (<0.35).,LOW_CONVICTION,-0.128385,MID,32.00,True,0.0,0.0,0.00,0.00
1688254620.0,TREND,NO_GO,HOLD,22.80,NORMAL,PRO,DEFENSIVE,1.0,0.50,Aegean:FLAT(0.50)|Orion:SHORT(0.34),Regime: TREND (Orion 2x). Score: -0.23. Low Conviction (<0.35).,LOW_CONVICTION,-0.893853,MID,33.68,True,0.0,0.0,0.00,0.00
1688254680.0,TREND,NO_GO,HOLD,25.41,NORMAL,PRO,DEFENSIVE,1.0,0.50,Aegean:FLAT(0.50)|Orion:SHORT(0.38),Regime: TREND (Orion 2x). Score: -0.25. Low Conviction (<0.35).,LOW_CONVICTION,-0.178453,MID,35.24,True,0.0,0.0,0.00,0.00
1688254740.0,TREND,NO_GO,HOLD,25.96,NORMAL,PRO,DEFENSIVE,1.0,0.50,Aegean:FLAT(0.50)|Orion:SHORT(0.39),Regime: TREND (Orion 2x). Score: -0.26. Low Conviction (<0.35).,LOW_CONVICTION,0.124396,MID,35.58,True,0.0,0.0,0.00,0.00
1688254800.0,TREND,NO_GO,HOLD,26.40,NORMAL,PRO,DEFENSIVE,1.0,0.50,Aegean:FLAT(0.50)|Orion:SHORT(0.40),Regime: TREND (Orion 2x). Score: -0.26. Low Conviction (<0.35).,LOW_CONVICTION,0.096316,MID,35.84,True,0.0,0.0,0.00,0.00
1688254860.0,TREND,NO_GO,HOLD,27.72,NORMAL,PRO,DEFENSIVE,1.0,0.50,Aegean:FLAT(0.50)|Orion:SHORT(0.42),Regime: TREND (Orion 2x). Score: -0.28. Low Conviction (<0.35).,LOW_CONVICTION,-0.234914,MID,36.63,True,0.0,0.0,0.00,0.00
1688254920.0,TREND,NO_GO,HOLD,28.92,NORMAL,PRO,DEFENSIVE,1.0,0.50,Aegean:FLAT(0.50)|Orion:SHORT(0.43),Regime: TREND (Orion 2x). Score: -0.29. Low Conviction (<0.35).,LOW_CONVICTION,-0.250656,MID,37.35,True,0.0,0.0,0.00,0.00
1688254980.0,TREND,NO_GO,HOLD,30.03,NORMAL,PRO,DEFENSIVE,1.0,0.50,Aegean:FLAT(0.50)|Orion:SHORT(0.45),Regime: TREND (Orion 2x). Score: -0.30. Low Conviction (<0.35).,LOW_CONVICTION,-0.226765,MID,38.02,True,0.0,0.0,0.00,0.00
1688255040.0,TREND,NO_GO,HOLD,32.50,NORMAL,PRO,DEFENSIVE,1.0,0.50,Aegean:FLAT(0.50)|Orion:SHORT(0.49),Regime: TREND (Orion 2x). Score: -0.32. Low Conviction (<0.35).,LOW_CONVICTION,-0.866120,DIP,39.50,True,0.0,0.0,0.00,0.00
1688255100.0,TREND,NO_GO,HOLD,34.84,NORMAL,PRO,DEFENSIVE,1.0,0.50,Aegean:FLAT(0.50)|Orion:SHORT(0.52),Regime: TREND (Orion 2x). Score: -0.35. Low Conviction (<0.35).,LOW_CONVICTION,-0.157938,MID,40.90,True,0.0,0.0,0.00,0.00
1688255160.0,TREND,GO,SELL,37.12,NORMAL,PRO,DEFENSIVE,1.0,0.50,Aegean:FLAT(0.50)|Orion:SHORT(0.56),Regime: TREND (Orion 2x). Score: -0.37. Bearish Consensus.,,-0.443404,MID,42.27,True,1.5,20.0,2.00,6.85
1688255220.0,TREND,GO,SELL,39.08,NORMAL,PRO,DEFENSIVE,1.0,0.50,Aegean:FLAT(0.50)|Orion:SHORT(0.59),Regime: TREND (Orion 2x). Score: -0.39. Bearish Consensus.,,-0.280442,MID,43.45,True,1.4,20.0,2.00,7.01
1688255280.0,TREND,GO,SELL,40.91,NORMAL,PRO,DEFENSIVE,1.0,0.50,Aegean:FLAT(0.50)|Orion:SHORT(0.61),Regime: TREND (Orion 2x). Score: -0.41. Bearish Consensus.,,-0.251668,MID,44.54,True,1.3,20.0,2.00,7.18
1688255340.0,TREND,GO,SELL,42.58,NORMAL,PRO,DEFENSIVE,1.0,0.50,Aegean:FLAT(0.50)|Orion:SHORT(0.64),Regime: TREND (Orion 2x). Score: -0.43. Bearish Consensus.,,-0.226748,MID,45.55,True,1.2,20.0,2.00,7.33
1688255400.0,TREND,GO,BUY,38.22,NORMAL,PRO,DEFENSIVE,1.0,0.50,Aegean:FLAT(0.50)|Orion:LONG(0.57),Regime: TREND (Orion 2x). Score: 0.38. Bullish Consensus.,,1.213504,TOP,42.93,True,1.7,20.0,2.00,7.11
1688255460.0,TREND,GO,BUY,35.01,NORMAL,PRO,DEFENSIVE,1.0,0.50,Aegean:FLAT(0.50)|Orion:LONG(0.53),Regime: TREND (Orion 2x). Score: 0.35. Bullish Consensus.,,1.325796,TOP,41.01,True,1.6,20.0,2.00,6.82
1688255520.0,TREND,NO_GO,HOLD,32.27,NORMAL,PRO,DEFENSIVE,1.0,0.50,Aegean:FLAT(0.50)|Orion:LONG(0.48),Regime: TREND (Orion 2x). Score: 0.32. Low Conviction (<0.35).,LOW_CONVICTION,1.244292,TOP,39.36,True,0.0,0.0,0.00,0.00
1688255580.0,TREND,NO_GO,HOLD,30.27,NORMAL,PRO,DEFENSIVE,1.0,0.50,Aegean:FLAT(0.50)|Orion:LONG(0.45),Regime: TREND (Orion 2x). Score: 0.30. Low Conviction (<0.35).,LOW_CONVICTION,1.355369,TOP,38.16,True,0.0,0.0,0.00,0.00
1688255640.0,TREND,NO_GO,HOLD,28.44,NORMAL,PRO,DEFENSIVE,1.0,0.50,Aegean:FLAT(0.50)|Orion:LONG(0.43),Regime: TREND (Orion 2x). Score: 0.28. Low Conviction (<0.35).,LOW_CONVICTION,1.127285,TOP,37.06,True,0.0,0.0,0.00,0.00
1688255700.0,TREND,NO_GO,HOLD,26.72,NORMAL,PRO,DEFENSIVE,1.0,0.50,Aegean:FLAT(0.50)|Orion:LONG(0.40),Regime: TREND (Orion 2x). Score: 0.27. Low Conviction (<0.35).,LOW_CONVICTION,1.020857,TOP,36.03,True,0.0,0.0,0.00,0.00
1688255760.0,TREND,NO_GO,HOLD,25.12,NORMAL,PRO,DEFENSIVE,1.0,0.50,Aegean:FLAT(0.50)|Orion:LONG(0.38),Regime: TREND (Orion 2x). Score: 0.25. Low Conviction (<0.35).,LOW_CONVICTION,0.945547,TOP,35.07,True,0.0,0.0,0.00,0.00
1688255820.0,TREND,NO_GO,HOLD,21.95,NORMAL,PRO,DEFENSIVE,1.0,0.50,Aegean:FLAT(0.50)|Orion:LONG(0.33),Regime: TREND (Orion 2x). Score: 0.22. Low Conviction (<0.35).,LOW_CONVICTION,0.541346,MID,33.17,True,0.0,0.0,0.00,0.00
1688255880.0,TREND,NO_GO,HOLD,19.00,NORMAL,PRO,DEFENSIVE,1.0,0.50,Aegean:FLAT(0.50)|Orion:LONG(0.29),Regime: TREND (Orion 2x). Score: 0.19. Low Conviction (<0.35).,LOW_CONVICTION,0.482592,MID,31.40,True,0.0,0.0,0.00,0.00
1688255940.0,TREND,NO_GO,HOLD,16.27,NORMAL,PRO,DEFENSIVE,1.0,0.50,Aegean:FLAT(0.50)|Orion:LONG(0.24),Regime: TREND (Orion 2x). Score: 0.16. Low Conviction (<0.35).,LOW_CONVICTION,0.428437,MID,29.76,True,0.0,0.0,0.00,0.00
1688256000.0,TREND,NO_GO,HOLD,15.24,NORMAL,PRO,DEFENSIVE,1.0,0.50,Aegean:FLAT(0.50)|Orion:LONG(0.23),Regime: TREND (Orion 2x). Score: 0.15. Low Conviction (<0.35).,LOW_CONVICTION,0.398109,MID,29.14,True,0.0,0.0,0.00,0.00
1688256060.0,TREND,NO_GO,HOLD,14.14,NORMAL,PRO,DEFENSIVE,1.0,0.50,Aegean:FLAT(0.50)|Orion:LONG(0.21),Regime: TREND (Orion 2x). Score: 0.14. Low Conviction (<0.35).,LOW_CONVICTION,0.377428,MID,28.49,True,0.0,0.0,0.00,0.00
1688256120.0,TREND,NO_GO,HOLD,13.13,NORMAL,PRO,DEFENSIVE,1.0,0.50,Aegean:FLAT(0.50)|Orion:LONG(0.20),Regime: TREND (Orion 2x). Score: 0.13. Low Conviction (<0.35).,LOW_CONVICTION,0.337072,MID,27.88,True,0.0,0.0,0.00,0.00
1688256180.0,TREND,NO_GO,HOLD,11.91,NORMAL,PRO,DEFENSIVE,1.0,0.50,Aegean:FLAT(0.50)|Orion:LONG(0.18),Regime: TREND (Orion 2x). Score: 0.12. Low Conviction (<0.35).,LOW_CONVICTION,0.284017,MID,27.15,True,0.0,0.0,0.00,0.00
1688256240.0,TREND,NO_GO,HOLD,10.72,NORMAL,PRO,DEFENSIVE,1.0,0.50,Aegean:FLAT(0.50)|Orion:LONG(0.16),Regime: TREND (Orion 2x). Score: 0.11. Low Conviction (<0.35).,LOW_CONVICTION,0.026713,MID,26.43,True,0.0,0.0,0.00,0.00
1688256300.0,TREND,NO_GO,HOLD,11.21,NORMAL,PRO,DEFENSIVE,1.0,0.50,Aegean:FLAT(0.50)|Orion:LONG(0.17),Regime: TREND (Orion 2x). Score: 0.11. Low Conviction (<0.35).,LOW_CONVICTION,-0.389405,MID,26.73,True,0.0,0.0,0.00,0.00
1688256360.0,TREND,NO_GO,HOLD,12.90,NORMAL,PRO,DEFENSIVE,1.0,0.50,Aegean:FLAT(0.50)|Orion:SHORT(0.19),Regime: TREND (Orion 2x). Score: -0.13. Low Conviction (<0.35).,LOW_CONVICTION,-0.863232,MID,27.74,True,0.0,0.0,0.00,0.00
1688256420.0,TREND,NO_GO,HOLD,14.47,NORMAL,PRO,DEFENSIVE,1.0,0.50,Aegean:FLAT(0.50)|Orion:SHORT(0.22),Regime: TREND (Orion 2x). Score: -0.14. Low Conviction (<0.35).,LOW_CONVICTION,-0.506226,MID,28.68,True,0.0,0.0,0.00,0.00
1688256480.0,TREND,NO_GO,HOLD,15.92,NORMAL,PRO,DEFENSIVE,1.0,0.50,Aegean:FLAT(0.50)|Orion:SHORT(0.24),Regime: TREND (Orion 2x). Score: -0.16. Low Conviction (<0.35).,LOW_CONVICTION,-0.453874,MID,29.55,True,0.0,0.0,0.00,0.00
1688256540.0,TREND,NO_GO,HOLD,17.23,NORMAL,PRO,DEFENSIVE,1.0,0.50,Aegean:FLAT(0.50)|Orion:SHORT(0.26),Regime: TREND (Orion 2x). Score: -0.17. Low Conviction (<0.35).,LOW_CONVICTION,-0.406690,MID,30.34,True,0.0,0.0,0.00,0.00
1688256600.0,TREND,NO_GO,HOLD,19.82,NORMAL,PRO,DEFENSIVE,1.0,0.50,Aegean:FLAT(0.50)|Orion:SHORT(0.30),Regime: TREND (Orion 2x). Score: -0.20. Low Conviction (<0.35).,LOW_CONVICTION,-0.916529,DIP,31.89,True,0.0,0.0,0.00,0.00
1688256660.0,TREND,NO_GO,HOLD,23.86,NORMAL,PRO,DEFENSIVE,1.0,0.50,Aegean:FLAT(0.50)|Orion:SHORT(0.36),Regime: TREND (Orion 2x). Score: -0.24. Low Conviction (<0.35).,LOW_CONVICTION,-1.714954,DIP,34.32,True,0.0,0.0,0.00,0.00
1688256720.0,TREND,NO_GO,HOLD,27.70,NORMAL,PRO,DEFENSIVE,1.0,0.50,Aegean:FLAT(0.50)|Orion:SHORT(0.42),Regime: TREND (Orion 2x). Score: -0.28. Low Conviction (<0.35).,LOW_CONVICTION,-1.704959,DIP,36.62,True,0.0,0.0,0.00,0.00
1688256780.0,TREND,NO_GO,HOLD,31.18,NORMAL,PRO,DEFENSIVE,1.0,0.50,Aegean:FLAT(0.50)|Orion:SHORT(0.47),Regime: TREND (Orion 2x). Score: -0.31. Low Conviction (<0.35).,LOW_CONVICTION,-1.542582,DIP,38.71,True,0.0,0.0,0.00,0.00
1688256840.0,TREND,GO,SELL,35.27,NORMAL,PRO,DEFENSIVE,1.0,0.50,Aegean:FLAT(0.50)|Orion:SHORT(0.53),Regime: TREND (Orion 2x). Score: -0.35. Bearish Consensus.,,-1.656641,MID,41.16,True,1.7,20.0,2.00,6.91
1688256900.0,TREND,NO_GO,HOLD,34.00,NORMAL,PRO,DEFENSIVE,1.0,0.50,Aegean:FLAT(0.50)|Orion:SHORT(0.51),Regime: TREND (Orion 2x). Score: -0.34. Low Conviction (<0.35).,LOW_CONVICTION,-0.396942,MID,40.40,True,0.0,0.0,0.00,0.00
1688256960.0,TREND,NO_GO,HOLD,32.80,NORMAL,PRO,DEFENSIVE,1.0,0.50,Aegean:FLAT(0.50)|Orion:SHORT(0.49),Regime: TREND (Orion 2x). Score: -0.33. Low Conviction (<0.35).,LOW_CONVICTION,-1.445439,MID,39.68,True,0.0,0.0,0.00,0.00
1688257020.0,TREND,NO_GO,HOLD,32.09,NORMAL,PRO,DEFENSIVE,1.0,0.50,Aegean:FLAT(0.50)|Orion:SHORT(0.48),Regime: TREND (Orion 2x). Score: -0.32. Low Conviction (<0.35).,LOW_CONVICTION,-1.497892,DIP,39.25,True,0.0,0.0,0.00,0.00
1688257080.0,TREND,NO_GO,HOLD,28.66,NORMAL,PRO,DEFENSIVE,1.0,0.50,Aegean:FLAT(0.50)|Orion:SHORT(0.43),Regime: TREND (Orion 2x). Score: -0.29. Low Conviction (<0.35).,LOW_CONVICTION,-0.712505,MID,37.20,True,0.0,0.0,0.00,0.00
1688257140.0,TREND,NO_GO,HOLD,25.69,NORMAL,PRO,DEFENSIVE,1.0,0.50,Aegean:FLAT(0.50)|Orion:SHORT(0.39),Regime: TREND (Orion 2x). Score: -0.26. Low Conviction (<0.35).,LOW_CONVICTION,0.525617,MID,35.42,True,0.0,0.0,0.00,0.00
1688257200.0,TREND,NO_GO,HOLD,22.72,NORMAL,PRO,DEFENSIVE,1.0,0.50,Aegean:FLAT(0.50)|Orion:SHORT(0.34),Regime: TREND (Orion 2x). Score: -0.23. Low Conviction (<0.35).,LOW_CONVICTION,0.270452,MID,33.63,True,0.0,0.0,0.00,0.00
1688257260.0,TREND,NO_GO,HOLD,20.69,NORMAL,PRO,DEFENSIVE,1.0,0.50,Aegean:FLAT(0.50)|Orion:SHORT(0.31),Regime: TREND (Orion 2x). Score: -0.21. Low Conviction (<0.35).,LOW_CONVICTION,-0.711680,MID,32.42,True,0.0,0.0,0.00,0.00
1688257320.0,TREND,NO_GO,HOLD,18.81,NORMAL,PRO,DEFENSIVE,1.0,0.50,Aegean:FLAT(0.50)|Orion:SHORT(0.28),Regime: TREND (Orion 2x). Score: -0.19. Low Conviction (<0.35).,LOW_CONVICTION,-0.860091,MID,31.28,True,0.0,0.0,0.00,0.00
1688257380.0,TREND,NO_GO,HOLD,17.10,NORMAL,PRO,DEFENSIVE,1.0,0.50,Aegean:FLAT(0.50)|Orion:SHORT(0.26),Regime: TREND (Orion 2x). Score: -0.17. Low Conviction (<0.35).,LOW_CONVICTION,-1.090557,DIP,30.26,True,0.0,0.0,0.00,0.00
1688257440.0,TREND,NO_GO,HOLD,16.91,NORMAL,PRO,DEFENSIVE,1.0,0.50,Aegean:FLAT(0.50)|Orion:SHORT(0.25),Regime: TREND (Orion 2x). Score: -0.17. Low Conviction (<0.35).,LOW_CONVICTION,-1.013604,MID,30.15,True,0.0,0.0,0.00,0.00
1688257500.0,TREND,NO_GO,HOLD,15.58,NORMAL,PRO,DEFENSIVE,1.0,0.50,Aegean:FLAT(0.50)|Orion:SHORT(0.23),Regime: TREND (Orion 2x). Score: -0.16. Low Conviction (<0.35).,LOW_CONVICTION,-0.433587,MID,29.35,True,0.0,0.0,0.00,0.00
1688257560.0,TREND,NO_GO,HOLD,12.67,NORMAL,PRO,DEFENSIVE,1.0,0.50,Aegean:FLAT(0.50)|Orion:LONG(0.19),Regime: TREND (Orion 2x). Score: 0.13. Low Conviction (<0.35).,LOW_CONVICTION,0.809192,MID,27.60,True,0.0,0.0,0.00,0.00
1688257620.0,TREND,NO_GO,HOLD,10.79,NORMAL,PRO,DEFENSIVE,1.0,0.50,Aegean:FLAT(0.50)|Orion:LONG(0.16),Regime: TREND (Orion 2x). Score: 0.11. Low Conviction (<0.35).,LOW_CONVICTION,1.295955,TOP,26.47,True,0.0,0.0,0.00,0.00
1688257680.0,TREND,NO_GO,HOLD,10.96,NORMAL,PRO,DEFENSIVE,1.0,0.50,Aegean:FLAT(0.50)|Orion:LONG(0.16),Regime: TREND (Orion 2x). Score: 0.11. Low Conviction (<0.35).,LOW_CONVICTION,2.598225,TOP,26.58,True,0.0,0.0,0.00,0.00
1688257740.0,TREND,NO_GO,HOLD,14.78,NORMAL,PRO,DEFENSIVE,1.0,0.50,Aegean:FLAT(0.30)|Orion:LONG(0.22),Regime: TREND (Orion 2x). Score: 0.15. Low Conviction (<0.35).,LOW_CONVICTION,7.562702,TOP,28.87,True,0.0,0.0,0.00,0.00
1688257800.0,TREND,GO,BUY,41.80,NORMAL,PRO,DEFENSIVE,1.0,0.50,Aegean:LONG(0.70)|Orion:LONG(0.28),Regime: TREND (Orion 2x). Score: 0.42. Bullish Consensus.,,5.316024,MID,31.08,True,4.9,20.0,2.00,6.01
1688257860.0,TREND,NO_GO,HOLD,18.93,NORMAL,PRO,DEFENSIVE,1.0,0.50,Aegean:FLAT(0.50)|Orion:LONG(0.28),Regime: TREND (Orion 2x). Score: 0.19. Low Conviction (<0.35).,LOW_CONVICTION,2.905023,MID,31.36,True,0.0,0.0,0.00,0.00
1688257920.0,TREND,NO_GO,HOLD,16.32,NORMAL,PRO,DEFENSIVE,1.0,0.50,Aegean:FLAT(0.50)|Orion:SHORT(0.24),Regime: TREND (Orion 2x). Score: -0.16. Low Conviction (<0.35).,LOW_CONVICTION,-1.641991,MID,29.79,True,0.0,0.0,0.00,0.00
1688257980.0,TREND,NO_GO,HOLD,13.91,NORMAL,PRO,DEFENSIVE,1.0,0.50,Aegean:FLAT(0.50)|Orion:SHORT(0.21),Regime: TREND (Orion 2x). Score: -0.14. Low Conviction (<0.35).,LOW_CONVICTION,-1.408489,MID,28.35,True,0.0,0.0,0.00,0.00
1688258040.0,TREND,NO_GO,HOLD,11.66,NORMAL,PRO,DEFENSIVE,1.0,0.50,Aegean:FLAT(0.50)|Orion:LONG(0.17),Regime: TREND (Orion 2x). Score: 0.12. Low Conviction (<0.35).,LOW_CONVICTION,-0.163891,MID,27.00,True,0.0,0.0,0.00,0.00
1688258100.0,TREND,NO_GO,HOLD,8.64,NORMAL,PRO,DEFENSIVE,1.0,0.50,Aegean:FLAT(0.50)|Orion:LONG(0.13),Regime: TREND (Orion 2x). Score: 0.09. Low Conviction (<0.35).,LOW_CONVICTION,1.407928,MID,25.19,True,0.0,0.0,0.00,0.00
1688258160.0,TREND,GO,BUY,36.67,NORMAL,PRO,DEFENSIVE,1.0,0.50,Aegean:LONG(0.70)|Orion:LONG(0.20),Regime: TREND (Orion 2x). Score: 0.37. Bullish Consensus.,,4.265549,MID,24.91,False,6.3,20.0,2.00,4.82
1688258220.0,TREND,NO_GO,HOLD,13.33,NORMAL,PRO,DEFENSIVE,1.0,0.50,Aegean:FLAT(0.50)|Orion:LONG(0.20),Regime: TREND (Orion 2x). Score: 0.13. Low Conviction (<0.35).,LOW_CONVICTION,1.936468,MID,24.76,False,0.0,0.0,0.00,0.00
1688258280.0,TREND,NO_GO,HOLD,13.33,NORMAL,PRO,DEFENSIVE,1.0,0.50,Aegean:FLAT(0.50)|Orion:LONG(0.20),Regime: TREND (Orion 2x). Score: 0.13. Low Conviction (<0.35).,LOW_CONVICTION,1.101547,MID,24.34,False,0.0,0.0,0.00,0.00
1688258340.0,TREND,NO_GO,HOLD,13.33,NORMAL,PRO,DEFENSIVE,1.0,0.50,Aegean:FLAT(0.50)|Orion:LONG(0.20),Regime: TREND (Orion 2x). Score: 0.13. Low Conviction (<0.35).,LOW_CONVICTION,0.444998,MID,23.47,False,0.0,0.0,0.00,0.00
1688258400.0,TREND,NO_GO,HOLD,13.33,NORMAL,PRO,DEFENSIVE,1.0,0.50,Aegean:FLAT(0.50)|Orion:LONG(0.20),Regime: TREND (Orion 2x). Score: 0.13. Low Conviction (<0.35).,LOW_CONVICTION,0.401396,MID,22.81,False,0.0,0.0,0.00,0.00
1688258460.0,TREND,NO_GO,HOLD,13.33,NORMAL,PRO,DEFENSIVE,1.0,0.50,Aegean:FLAT(0.50)|Orion:LONG(0.20),Regime: TREND (Orion 2x). Score: 0.13. Low Conviction (<0.35).,LOW_CONVICTION,-0.851099,MID,21.46,False,0.0,0.0,0.00,0.00
1688258520.0,TREND,NO_GO,HOLD,13.33,NORMAL,PRO,DEFENSIVE,1.0,0.50,Aegean:FLAT(0.50)|Orion:LONG(0.20),Regime: TREND (Orion 2x). Score: 0.13. Low Conviction (<0.35).,LOW_CONVICTION,-0.284857,MID,20.04,False,0.0,0.0,0.00,0.00
1688258580.0,CHOP,NO_GO,HOLD,13.33,NORMAL,PRO,DEFENSIVE,1.0,0.50,Aegean:FLAT(0.50)|Orion:LONG(0.20),Regime: CHOP (Reduced Weights). Score: 0.13. Low Conviction (<0.35).,LOW_CONVICTION,0.236600,MID,19.01,False,0.0,0.0,0.00,0.00
1688258640.0,CHOP,NO_GO,HOLD,13.33,NORMAL,PRO,DEFENSIVE,1.0,0.50,Aegean:FLAT(0.50)|Orion:LONG(0.20),Regime: CHOP (Reduced Weights). Score: 0.13. Low Conviction (<0.35).,LOW_CONVICTION,-0.541557,MID,17.90,False,0.0,0.0,0.00,0.00
1688258700.0,CHOP,NO_GO,HOLD,13.33,NORMAL,PRO,DEFENSIVE,1.0,0.50,Aegean:FLAT(0.50)|Orion:SHORT(0.20),Regime: CHOP (Reduced Weights). Score: -0.13. Low Conviction (<0.35).,LOW_CONVICTION,-1.621663,MID,17.02,False,0.0,0.0,0.00,0.00
1688258760.0,CHOP,NO_GO,HOLD,13.33,NORMAL,PRO,DEFENSIVE,1.0,0.50,Aegean:FLAT(0.50)|Orion:SHORT(0.20),Regime: CHOP (Reduced Weights). Score: -0.13. Low Conviction (<0.35).,LOW_CONVICTION,-1.093686,MID,16.19,False,0.0,0.0,0.00,0.00
1688258820.0,CHOP,NO_GO,HOLD,13.33,NORMAL,PRO,DEFENSIVE,1.0,0.50,Aegean:FLAT(0.50)|Orion:LONG(0.20),Regime: CHOP (Reduced Weights). Score: 0.13. Low Conviction (<0.35).,LOW_CONVICTION,-0.417125,MID,15.06,False,0.0,0.0,0.00,0.00
1688258880.0,CHOP,NO_GO,HOLD,13.33,NORMAL,PRO,DEFENSIVE,1.0,0.50,Aegean:FLAT(0.50)|Orion:LONG(0.20),Regime: CHOP (Reduced Weights). Score: 0.13. Low Conviction (<0.35).,LOW_CONVICTION,0.641649,MID,14.59,False,0.0,0.0,0.00,0.00
1688258940.0,CHOP,NO_GO,HOLD,13.33,NORMAL,PRO,DEFENSIVE,1.0,0.50,Aegean:FLAT(0.50)|Orion:LONG(0.20),Regime: CHOP (Reduced Weights). Score: 0.13. Low Conviction (<0.35).,LOW_CONVICTION,-0.069345,MID,14.17,False,0.0,0.0,0.00,0.00
1688259000.0,CHOP,NO_GO,HOLD,13.33,NORMAL,PRO,DEFENSIVE,1.0,0.50,Aegean:FLAT(0.50)|Orion:LONG(0.20),Regime: CHOP (Reduced Weights). Score: 0.13. Low Conviction (<0.35).,LOW_CONVICTION,-0.043918,MID,13.76,False,0.0,0.0,0.00,0.00
1688259060.0,CHOP,NO_GO,HOLD,13.33,NORMAL,PRO,DEFENSIVE,1.0,0.50,Aegean:FLAT(0.50)|Orion:LONG(0.20),Regime: CHOP (Reduced Weights). Score: 0.13. Low Conviction (<0.35).,LOW_CONVICTION,0.175739,MID,14.09,False,0.0,0.0,0.00,0.00
1688259120.0,CHOP,NO_GO,HOLD,13.33,NORMAL,PRO,DEFENSIVE,1.0,0.50,Aegean:FLAT(0.50)|Orion:LONG(0.20),Regime: CHOP (Reduced Weights). Score: 0.13. Low Conviction (<0.35).,LOW_CONVICTION,0.159955,MID,14.40,False,0.0,0.0,0.00,0.00
1688259180.0,CHOP,NO_GO,HOLD,13.33,NORMAL,PRO,DEFENSIVE,1.0,0.50,Aegean:FLAT(0.50)|Orion:SHORT(0.20),Regime: CHOP (Reduced Weights). Score: -0.13. Low Conviction (<0.35).,LOW_CONVICTION,-0.847157,DIP,13.87,False,0.0,0.0,0.00,0.00
1688259240.0,CHOP,NO_GO,HOLD,13.33,NORMAL,PRO,DEFENSIVE,1.0,0.50,Aegean:FLAT(0.50)|Orion:LONG(0.20),Regime: CHOP (Reduced Weights). Score: 0.13. Low Conviction (<0.35).,LOW_CONVICTION,-0.394422,DIP,13.33,False,0.0,0.0,0.00,0.00
1688259300.0,CHOP,NO_GO,HOLD,13.33,NORMAL,PRO,DEFENSIVE,1.0,0.50,Aegean:FLAT(0.50)|Orion:LONG(0.20),Regime: CHOP (Reduced Weights). Score: 0.13. Low Conviction (<0.35).,LOW_CONVICTION,0.457755,MID,13.30,False,0.0,0.0,0.00,0.00
1688259360.0,CHOP,NO_GO,HOLD,13.33,NORMAL,PRO,DEFENSIVE,1.0,0.50,Aegean:FLAT(0.50)|Orion:LONG(0.20),Regime: CHOP (Reduced Weights). Score: 0.13. Low Conviction (<0.35).,LOW_CONVICTION,-0.123219,MID,13.29,False,0.0,0.0,0.00,0.00
1688259420.0,CHOP,NO_GO,HOLD,13.33,NORMAL,PRO,DEFENSIVE,1.0,0.50,Aegean:FLAT(0.50)|Orion:SHORT(0.20),Regime: CHOP (Reduced Weights). Score: -0.13. Low Conviction (<0.35).,LOW_CONVICTION,-1.489331,DIP,12.67,False,0.0,0.0,0.00,0.00
1688259480.0,CHOP,NO_GO,HOLD,13.33,NORMAL,PRO,DEFENSIVE,1.0,0.50,Aegean:FLAT(0.50)|Orion:SHORT(0.20),Regime: CHOP (Reduced Weights). Score: -0.13. Low Conviction (<0.35).,LOW_CONVICTION,-1.371106,DIP,12.13,False,0.0,0.0,0.00,0.00
1688259540.0,CHOP,NO_GO,HOLD,13.33,NORMAL,PRO,DEFENSIVE,1.0,0.50,Aegean:FLAT(0.50)|Orion:SHORT(0.20),Regime: CHOP (Reduced Weights). Score: -0.13. Low Conviction (<0.35).,LOW_CONVICTION,-0.876259,MID,11.37,False,0.0,0.0,0.00,0.00
1688259600.0,CHOP,NO_GO,HOLD,13.33,NORMAL,PRO,DEFENSIVE,1.0,0.50,Aegean:FLAT(0.50)|Orion:SHORT(0.20),Regime: CHOP (Reduced Weights). Score: -0.13. Low Conviction (<0.35).,LOW_CONVICTION,-0.263970,MID,10.93,False,0.0,0.0,0.00,0.00
1688259660.0,CHOP,NO_GO,HOLD,13.33,NORMAL,PRO,DEFENSIVE,1.0,0.50,Aegean:FLAT(0.50)|Orion:LONG(0.20),Regime: CHOP (Reduced Weights). Score: 0.13. Low Conviction (<0.35).,LOW_CONVICTION,-0.031611,MID,10.85,False,0.0,0.0,0.00,0.00
1688259720.0,CHOP,NO_GO,HOLD,13.33,NORMAL,PRO,DEFENSIVE,1.0,0.50,Aegean:FLAT(0.50)|Orion:SHORT(0.20),Regime: CHOP (Reduced Weights). Score: -0.13. Low Conviction (<0.35).,LOW_CONVICTION,-0.393457,MID,10.61,False,0.0,0.0,0.00,0.00
1688259780.0,CHOP,NO_GO,HOLD,13.33,NORMAL,PRO,DEFENSIVE,1.0,0.50,Aegean:FLAT(0.50)|Orion:SHORT(0.20),Regime: CHOP (Reduced Weights). Score: -0.13. Low Conviction (<0.35).,LOW_CONVICTION,-1.728078,DIP,10.48,False,0.0,0.0,0.00,0.00
1688259840.0,CHOP,NO_GO,HOLD,13.33,NORMAL,PRO,DEFENSIVE,1.0,0.50,Aegean:FLAT(0.50)|Orion:SHORT(0.20),Regime: CHOP (Reduced Weights). Score: -0.13. Low Conviction (<0.35).,LOW_CONVICTION,-2.686459,DIP,11.21,False,0.0,0.0,0.00,0.00
1688259900.0,CHOP,NO_GO,HOLD,13.33,NORMAL,PRO,DEFENSIVE,1.0,0.50,Aegean:FLAT(0.50)|Orion:SHORT(0.20),Regime: CHOP (Reduced Weights). Score: -0.13. Low Conviction (<0.35).,LOW_CONVICTION,-0.809180,MID,11.89,False,0.0,0.0,0.00,0.00
1688259960.0,CHOP,NO_GO,HOLD,13.33,NORMAL,PRO,DEFENSIVE,1.0,0.50,Aegean:FLAT(0.50)|Orion:SHORT(0.20),Regime: CHOP (Reduced Weights). Score: -0.13. Low Conviction (<0.35).,LOW_CONVICTION,-0.742538,MID,12.57,False,0.0,0.0,0.00,0.00
1688260020.0,CHOP,NO_GO,HOLD,13.33,NORMAL,PRO,DEFENSIVE,1.0,0.50,Aegean:FLAT(0.50)|Orion:SHORT(0.20),Regime: CHOP (Reduced Weights). Score: -0.13. Low Conviction (<0.35).,LOW_CONVICTION,-0.701538,MID,12.58,False,0.0,0.0,0.00,0.00
1688260080.0,CHOP,NO_GO,HOLD,13.33,NORMAL,PRO,DEFENSIVE,1.0,0.50,Aegean:FLAT(0.50)|Orion:SHORT(0.20),Regime: CHOP (Reduced Weights). Score: -0.13. Low Conviction (<0.35).,LOW_CONVICTION,0.089076,MID,12.31,False,0.0,0.0,0.00,0.00
1688260140.0,CHOP,NO_GO,HOLD,13.33,NORMAL,PRO,DEFENSIVE,1.0,0.50,Aegean:FLAT(0.50)|Orion:LONG(0.20),Regime: CHOP (Reduced Weights). Score: 0.13. Low Conviction (<0.35).,LOW_CONVICTION,0.754156,MID,11.44,False,0.0,0.0,0.00,0.00
1688260200.0,CHOP,NO_GO,HOLD,13.33,NORMAL,PRO,DEFENSIVE,1.0,0.50,Aegean:FLAT(0.50)|Orion:LONG(0.20),Regime: CHOP (Reduced Weights). Score: 0.13. Low Conviction (<0.35).,LOW_CONVICTION,1.195029,MID,11.18,False,0.0,0.0,0.00,0.00
1688260260.0,CHOP,NO_GO,HOLD,13.33,NORMAL,PRO,DEFENSIVE,1.0,0.50,Aegean:FLAT(0.50)|Orion:LONG(0.20),Regime: CHOP (Reduced Weights). Score: 0.13. Low Conviction (<0.35).,LOW_CONVICTION,1.756806,TOP,11.50,False,0.0,0.0,0.00,0.00
1688260320.0,CHOP,NO_GO,HOLD,13.33,NORMAL,PRO,DEFENSIVE,1.0,0.50,Aegean:FLAT(0.50)|Orion:LONG(0.20),Regime: CHOP (Reduced Weights). Score: 0.13. Low Conviction (<0.35).,LOW_CONVICTION,1.361306,TOP,11.79,False,0.0,0.0,0.00,0.00
1688260380.0,CHOP,NO_GO,HOLD,13.33,NORMAL,PRO,DEFENSIVE,1.0,0.50,Aegean:FLAT(0.50)|Orion:LONG(0.20),Regime: CHOP (Reduced Weights). Score: 0.13. Low Conviction (<0.35).,LOW_CONVICTION,1.209253,TOP,12.06,False,0.0,0.0,0.00,0.00
1688260440.0,CHOP,NO_GO,HOLD,13.33,NORMAL,PRO,DEFENSIVE,1.0,0.50,Aegean:FLAT(0.50)|Orion:LONG(0.20),Regime: CHOP (Reduced Weights). Score: 0.13. Low Conviction (<0.35).,LOW_CONVICTION,0.797926,MID,12.00,False,0.0,0.0,0.00,0.00
1688260500.0,CHOP,NO_GO,HOLD,13.33,NORMAL,PRO,DEFENSIVE,1.0,0.50,Aegean:FLAT(0.50)|Orion:LONG(0.20),Regime: CHOP (Reduced Weights). Score: 0.13. Low Conviction (<0.35).,LOW_CONVICTION,0.661693,MID,11.94,False,0.0,0.0,0.00,0.00
1688260560.0,CHOP,NO_GO,HOLD,13.33,NORMAL,PRO,DEFENSIVE,1.0,0.50,Aegean:FLAT(0.50)|Orion:SHORT(0.20),Regime: CHOP (Reduced Weights). Score: -0.13. Low Conviction (<0.35).,LOW_CONVICTION,-0.105387,MID,11.20,False,0.0,0.0,0.00,0.00
1688260620.0,CHOP,NO_GO,HOLD,13.33,NORMAL,PRO,DEFENSIVE,1.0,0.50,Aegean:FLAT(0.50)|Orion:SHORT(0.20),Regime: CHOP (Reduced Weights). Score: -0.13. Low Conviction (<0.35).,LOW_CONVICTION,-0.672702,MID,11.11,False,0.0,0.0,0.00,0.00
1688260680.0,CHOP,NO_GO,HOLD,13.33,NORMAL,PRO,DEFENSIVE,1.0,0.50,Aegean:FLAT(0.50)|Orion:SHORT(0.20),Regime: CHOP (Reduced Weights). Score: -0.13. Low Conviction (<0.35).,LOW_CONVICTION,-0.597509,MID,11.05,False,0.0,0.0,0.00,0.00
1688260740.0,CHOP,NO_GO,HOLD,13.33,NORMAL,PRO,DEFENSIVE,1.0,0.50,Aegean:FLAT(0.50)|Orion:SHORT(0.20),Regime: CHOP (Reduced Weights). Score: -0.13. Low Conviction (<0.35).,LOW_CONVICTION,-0.192013,MID,10.53,False,0.0,0.0,0.00,0.00
1688260800.0,CHOP,NO_GO,HOLD,13.33,NORMAL,PRO,DEFENSIVE,1.0,0.50,Aegean:FLAT(0.50)|Orion:LONG(0.20),Regime: CHOP (Reduced Weights). Score: 0.13. Low Conviction (<0.35).,LOW_CONVICTION,0.351726,MID,10.43,False,0.0,0.0,0.00,0.00
1688260860.0,CHOP,NO_GO,HOLD,13.33,NORMAL,PRO,DEFENSIVE,1.0,0.50,Aegean:FLAT(0.50)|Orion:LONG(0.20),Regime: CHOP (Reduced Weights). Score: 0.13. Low Conviction (<0.35).,LOW_CONVICTION,0.284638,MID,10.32,False,0.0,0.0,0.00,0.00
1688260920.0,CHOP,NO_GO,HOLD,13.33,NORMAL,PRO,DEFENSIVE,1.0,0.50,Aegean:FLAT(0.50)|Orion:LONG(0.20),Regime: CHOP (Reduced Weights). Score: 0.13. Low Conviction (<0.35).,LOW_CONVICTION,0.229558,MID,10.19,False,0.0,0.0,0.00,0.00
1688260980.0,CHOP,NO_GO,HOLD,13.33,NORMAL,PRO,DEFENSIVE,1.0,0.50,Aegean:FLAT(0.50)|Orion:SHORT(0.20),Regime: CHOP (Reduced Weights). Score: -0.13. Low Conviction (<0.35).,LOW_CONVICTION,-0.428323,MID,9.75,False,0.0,0.0,0.00,0.00
1688261040.0,CHOP,NO_GO,HOLD,13.33,NORMAL,PRO,DEFENSIVE,1.0,0.50,Aegean:FLAT(0.50)|Orion:SHORT(0.20),Regime: CHOP (Reduced Weights). Score: -0.13. Low Conviction (<0.35).,LOW_CONVICTION,-0.027348,MID,9.30,False,0.0,0.0,0.00,0.00
1688261100.0,CHOP,NO_GO,HOLD,13.33,NORMAL,PRO,DEFENSIVE,1.0,0.50,Aegean:FLAT(0.50)|Orion:SHORT(0.20),Regime: CHOP (Reduced Weights). Score: -0.13. Low Conviction (<0.35).,LOW_CONVICTION,-0.300963,MID,8.88,False,0.0,0.0,0.00,0.00
1688261160.0,CHOP,NO_GO,HOLD,13.33,NORMAL,PRO,DEFENSIVE,1.0,0.50,Aegean:FLAT(0.50)|Orion:SHORT(0.20),Regime: CHOP (Reduced Weights). Score: -0.13. Low Conviction (<0.35).,LOW_CONVICTION,-0.282896,MID,8.49,False,0.0,0.0,0.00,0.00
1688261220.0,CHOP,NO_GO,HOLD,13.33,NORMAL,PRO,DEFENSIVE,1.0,0.50,Aegean:FLAT(0.50)|Orion:SHORT(0.20),Regime: CHOP (Reduced Weights). Score: -0.13. Low Conviction (<0.35).,LOW_CONVICTION,-1.585085,DIP,9.98,False,0.0,0.0,0.00,0.00
1688261280.0,CHOP,NO_GO,HOLD,13.33,NORMAL,PRO,DEFENSIVE,1.0,0.50,Aegean:FLAT(0.50)|Orion:SHORT(0.20),Regime: CHOP (Reduced Weights). Score: -0.13. Low Conviction (<0.35).,LOW_CONVICTION,-1.319837,DIP,11.36,False,0.0,0.0,0.00,0.00
1688261340.0,CHOP,NO_GO,HOLD,13.33,NORMAL,PRO,DEFENSIVE,1.0,0.50,Aegean:FLAT(0.50)|Orion:SHORT(0.20),Regime: CHOP (Reduced Weights). Score: -0.13. Low Conviction (<0.35).,LOW_CONVICTION,-0.545586,MID,11.65,False,0.0,0.0,0.00,0.00
1688261400.0,CHOP,NO_GO,HOLD,13.33,NORMAL,PRO,DEFENSIVE,1.0,0.50,Aegean:FLAT(0.50)|Orion:SHORT(0.20),Regime: CHOP (Reduced Weights). Score: -0.13. Low Conviction (<0.35).,LOW_CONVICTION,-0.209339,MID,11.48,False,0.0,0.0,0.00,0.00
1688261460.0,CHOP,NO_GO,HOLD,13.33,NORMAL,PRO,DEFENSIVE,1.0,0.50,Aegean:FLAT(0.50)|Orion:SHORT(0.20),Regime: CHOP (Reduced Weights). Score: -0.13. Low Conviction (<0.35).,LOW_CONVICTION,-0.722754,MID,11.81,False,0.0,0.0,0.00,0.00
1688261520.0,CHOP,NO_GO,HOLD,13.33,NORMAL,PRO,DEFENSIVE,1.0,0.50,Aegean:FLAT(0.50)|Orion:SHORT(0.20),Regime: CHOP (Reduced Weights). Score: -0.13. Low Conviction (<0.35).,LOW_CONVICTION,-0.517612,MID,12.14,False,0.0,0.0,0.00,0.00
1688261580.0,CHOP,NO_GO,HOLD,13.33,NORMAL,PRO,DEFENSIVE,1.0,0.50,Aegean:FLAT(0.50)|Orion:SHORT(0.20),Regime: CHOP (Reduced Weights). Score: -0.13. Low Conviction (<0.35).,LOW_CONVICTION,-1.459128,DIP,13.32,False,0.0,0.0,0.00,0.00
1688261640.0,CHOP,NO_GO,HOLD,13.33,NORMAL,PRO,DEFENSIVE,1.0,0.50,Aegean:FLAT(0.50)|Orion:SHORT(0.20),Regime: CHOP (Reduced Weights). Score: -0.13. Low Conviction (<0.35).,LOW_CONVICTION,-1.442817,DIP,14.51,False,0.0,0.0,0.00,0.00
1688261700.0,CHOP,NO_GO,HOLD,13.33,NORMAL,PRO,DEFENSIVE,1.0,0.50,Aegean:FLAT(0.50)|Orion:SHORT(0.20),Regime: CHOP (Reduced Weights). Score: -0.13. Low Conviction (<0.35).,LOW_CONVICTION,-1.077349,DIP,15.42,False,0.0,0.0,0.00,0.00
1688261760.0,CHOP,NO_GO,HOLD,13.33,NORMAL,PRO,DEFENSIVE,1.0,0.50,Aegean:FLAT(0.50)|Orion:SHORT(0.20),Regime: CHOP (Reduced Weights). Score: -0.13. Low Conviction (<0.35).,LOW_CONVICTION,-1.124351,DIP,15.48,False,0.0,0.0,0.00,0.00
1688261820.0,CHOP,NO_GO,HOLD,13.33,NORMAL,PRO,DEFENSIVE,1.0,0.50,Aegean:FLAT(0.50)|Orion:SHORT(0.20),Regime: CHOP (Reduced Weights). Score: -0.13. Low Conviction (<0.35).,LOW_CONVICTION,-1.219175,DIP,15.76,False,0.0,0.0,0.00,0.00
1688261880.0,CHOP,NO_GO,HOLD,13.33,NORMAL,PRO,DEFENSIVE,1.0,0.50,Aegean:FLAT(0.50)|Orion:SHORT(0.20),Regime: CHOP (Reduced Weights). Score: -0.13. Low Conviction (<0.35).,LOW_CONVICTION,-0.382707,MID,15.07,False,0.0,0.0,0.00,0.00
1688261940.0,CHOP,NO_GO,HOLD,13.33,NORMAL,PRO,DEFENSIVE,1.0,0.50,Aegean:FLAT(0.50)|Orion:SHORT(0.20),Regime: CHOP (Reduced Weights). Score: -0.13. Low Conviction (<0.35).,LOW_CONVICTION,-0.843206,MID,14.45,False,0.0,0.0,0.00,0.00
1688262000.0,CHOP,NO_GO,HOLD,13.33,NORMAL,PRO,DEFENSIVE,1.0,0.50,Aegean:FLAT(0.50)|Orion:SHORT(0.20),Regime: CHOP (Reduced Weights). Score: -0.13. Low Conviction (<0.35).,LOW_CONVICTION,-0.767946,MID,13.85,False,0.0,0.0,0.00,0.00
1688262060.0,CHOP,NO_GO,HOLD,13.33,NORMAL,PRO,DEFENSIVE,1.0,0.50,Aegean:FLAT(0.50)|Orion:SHORT(0.20),Regime: CHOP (Reduced Weights). Score: -0.13. Low Conviction (<0.35).,LOW_CONVICTION,0.323162,MID,13.87,False,0.0,0.0,0.00,0.00
1688262120.0,CHOP,NO_GO,HOLD,13.33,NORMAL,PRO,DEFENSIVE,1.0,0.50,Aegean:FLAT(0.50)|Orion:SHORT(0.20),Regime: CHOP (Reduced Weights). Score: -0.13. Low Conviction (<0.35).,LOW_CONVICTION,0.319122,MID,13.89,False,0.0,0.0,0.00,0.00
1688262180.0,CHOP,NO_GO,HOLD,13.33,NORMAL,PRO,DEFENSIVE,1.0,0.50,Aegean:FLAT(0.50)|Orion:SHORT(0.20),Regime: CHOP (Reduced Weights). Score: -0.13. Low Conviction (<0.35).,LOW_CONVICTION,0.311192,MID,13.91,False,0.0,0.0,0.00,0.00
1688262240.0,CHOP,NO_GO,HOLD,13.33,NORMAL,PRO,DEFENSIVE,1.0,0.50,Aegean:FLAT(0.50)|Orion:SHORT(0.20),Regime: CHOP (Reduced Weights). Score: -0.13. Low Conviction (<0.35).,LOW_CONVICTION,0.170255,MID,13.78,False,0.0,0.0,0.00,0.00
1688262300.0,CHOP,NO_GO,HOLD,13.33,NORMAL,PRO,DEFENSIVE,1.0,0.50,Aegean:FLAT(0.50)|Orion:SHORT(0.20),Regime: CHOP (Reduced Weights). Score: -0.13. Low Conviction (<0.35).,LOW_CONVICTION,0.154021,MID,13.66,False,0.0,0.0,0.00,0.00
1688262360.0,CHOP,NO_GO,HOLD,13.33,NORMAL,PRO,DEFENSIVE,1.0,0.50,Aegean:FLAT(0.50)|Orion:SHORT(0.20),Regime: CHOP (Reduced Weights). Score: -0.13. Low Conviction (<0.35).,LOW_CONVICTION,0.139372,MID,13.56,False,0.0,0.0,0.00,0.00
1688262420.0,CHOP,NO_GO,HOLD,13.33,NORMAL,PRO,DEFENSIVE,1.0,0.50,Aegean:FLAT(0.50)|Orion:SHORT(0.20),Regime: CHOP (Reduced Weights). Score: -0.13. Low Conviction (<0.35).,LOW_CONVICTION,0.110314,MID,13.45,False,0.0,0.0,0.00,0.00
1688262480.0,CHOP,NO_GO,HOLD,13.33,NORMAL,PRO,DEFENSIVE,1.0,0.50,Aegean:FLAT(0.50)|Orion:LONG(0.20),Regime: CHOP (Reduced Weights). Score: 0.13. Low Conviction (<0.35).,LOW_CONVICTION,0.626838,TOP,14.26,False,0.0,0.0,0.00,0.00
1688262540.0,CHOP,NO_GO,HOLD,13.33,NORMAL,PRO,DEFENSIVE,1.0,0.50,Aegean:FLAT(0.50)|Orion:LONG(0.20),Regime: CHOP (Reduced Weights). Score: 0.13. Low Conviction (<0.35).,LOW_CONVICTION,0.558522,TOP,15.02,False,0.0,0.0,0.00,0.00
1688262600.0,CHOP,NO_GO,HOLD,13.33,NORMAL,PRO,DEFENSIVE,1.0,0.50,Aegean:FLAT(0.50)|Orion:SHORT(0.20),Regime: CHOP (Reduced Weights). Score: -0.13. Low Conviction (<0.35).,LOW_CONVICTION,-0.932279,MID,14.97,False,0.0,0.0,0.00,0.00
1688262660.0,CHOP,NO_GO,HOLD,13.33,NORMAL,PRO,DEFENSIVE,1.0,0.50,Aegean:FLAT(0.50)|Orion:SHORT(0.20),Regime: CHOP (Reduced Weights). Score: -0.13. Low Conviction (<0.35).,LOW_CONVICTION,-0.872251,MID,15.38,False,0.0,0.0,0.00,0.00
1688262720.0,CHOP,NO_GO,HOLD,13.33,NORMAL,PRO,DEFENSIVE,1.0,0.50,Aegean:FLAT(0.50)|Orion:SHORT(0.20),Regime: CHOP (Reduced Weights). Score: -0.13. Low Conviction (<0.35).,LOW_CONVICTION,-0.662513,MID,15.32,False,0.0,0.0,0.00,0.00
1688262780.0,CHOP,NO_GO,HOLD,13.33,NORMAL,PRO,DEFENSIVE,1.0,0.50,Aegean:FLAT(0.50)|Orion:SHORT(0.20),Regime: CHOP (Reduced Weights). Score: -0.13. Low Conviction (<0.35).,LOW_CONVICTION,-0.815979,MID,15.43,False,0.0,0.0,0.00,0.00
1688262840.0,CHOP,NO_GO,HOLD,13.33,NORMAL,PRO,DEFENSIVE,1.0,0.50,Aegean:FLAT(0.50)|Orion:SHORT(0.20),Regime: CHOP (Reduced Weights). Score: -0.13. Low Conviction (<0.35).,LOW_CONVICTION,-0.517314,MID,15.50,False,0.0,0.0,0.00,0.00
1688262900.0,CHOP,NO_GO,HOLD,13.33,NORMAL,PRO,DEFENSIVE,1.0,0.50,Aegean:FLAT(0.50)|Orion:SHORT(0.20),Regime: CHOP (Reduced Weights). Score: -0.13. Low Conviction (<0.35).,LOW_CONVICTION,-1.025439,DIP,16.26,False,0.0,0.0,0.00,0.00
1688262960.0,CHOP,NO_GO,HOLD,13.33,NORMAL,PRO,DEFENSIVE,1.0,0.50,Aegean:FLAT(0.50)|Orion:SHORT(0.20),Regime: CHOP (Reduced Weights). Score: -0.13. Low Conviction (<0.35).,LOW_CONVICTION,-0.904436,DIP,16.96,False,0.0,0.0,0.00,0.00
1688263020.0,CHOP,NO_GO,HOLD,13.33,NORMAL,PRO,DEFENSIVE,1.0,0.50,Aegean:FLAT(0.50)|Orion:SHORT(0.20),Regime: CHOP (Reduced Weights). Score: -0.13. Low Conviction (<0.35).,LOW_CONVICTION,-0.819252,DIP,17.67,False,0.0,0.0,0.00,0.00
1688263080.0,CHOP,NO_GO,HOLD,13.33,NORMAL,PRO,DEFENSIVE,1.0,0.50,Aegean:FLAT(0.50)|Orion:SHORT(0.20),Regime: CHOP (Reduced Weights). Score: -0.13. Low Conviction (<0.35).,LOW_CONVICTION,-0.187308,MID,17.01,False,0.0,0.0,0.00,0.00
1688263140.0,CHOP,NO_GO,HOLD,13.33,NORMAL,PRO,DEFENSIVE,1.0,0.50,Aegean:FLAT(0.50)|Orion:SHORT(0.20),Regime: CHOP (Reduced Weights). Score: -0.13. Low Conviction (<0.35).,LOW_CONVICTION,0.160423,MID,15.84,False,0.0,0.0,0.00,0.00
1688263200.0,CHOP,NO_GO,HOLD,13.33,NORMAL,PRO,DEFENSIVE,1.0,0.50,Aegean:FLAT(0.50)|Orion:SHORT(0.20),Regime: CHOP (Reduced Weights). Score: -0.13. Low Conviction (<0.35).,LOW_CONVICTION,-0.284851,MID,14.84,False,0.0,0.0,0.00,0.00
1688263260.0,CHOP,NO_GO,HOLD,13.33,NORMAL,PRO,DEFENSIVE,1.0,0.50,Aegean:FLAT(0.50)|Orion:SHORT(0.20),Regime: CHOP (Reduced Weights). Score: -0.13. Low Conviction (<0.35).,LOW_CONVICTION,-0.768786,DIP,14.78,False,0.0,0.0,0.00,0.00
1688263320.0,CHOP,NO_GO,HOLD,13.33,NORMAL,PRO,DEFENSIVE,1.0,0.50,Aegean:FLAT(0.50)|Orion:SHORT(0.20),Regime: CHOP (Reduced Weights). Score: -0.13. Low Conviction (<0.35).,LOW_CONVICTION,-0.170044,MID,14.72,False,0.0,0.0,0.00,0.00
1688263380.0,CHOP,NO_GO,HOLD,13.33,NORMAL,PRO,DEFENSIVE,1.0,0.50,Aegean:FLAT(0.50)|Orion:SHORT(0.20),Regime: CHOP (Reduced Weights). Score: -0.13. Low Conviction (<0.35).,LOW_CONVICTION,-0.160651,MID,14.68,False,0.0,0.0,0.00,0.00
1688263440.0,CHOP,NO_GO,HOLD,13.33,NORMAL,PRO,DEFENSIVE,1.0,0.50,Aegean:FLAT(0.50)|Orion:SHORT(0.20),Regime: CHOP (Reduced Weights). Score: -0.13. Low Conviction (<0.35).,LOW_CONVICTION,-0.239933,MID,14.82,False,0.0,0.0,0.00,0.00
1688263500.0,CHOP,NO_GO,HOLD,13.33,NORMAL,PRO,DEFENSIVE,1.0,0.50,Aegean:FLAT(0.50)|Orion:SHORT(0.20),Regime: CHOP (Reduced Weights). Score: -0.13. Low Conviction (<0.35).,LOW_CONVICTION,-0.765672,DIP,15.86,False,0.0,0.0,0.00,0.00
1688263560.0,CHOP,NO_GO,HOLD,13.33,NORMAL,PRO,DEFENSIVE,1.0,0.50,Aegean:FLAT(0.50)|Orion:SHORT(0.20),Regime: CHOP (Reduced Weights). Score: -0.13. Low Conviction (<0.35).,LOW_CONVICTION,-0.785397,DIP,17.00,False,0.0,0.0,0.00,0.00
1688263620.0,CHOP,NO_GO,HOLD,13.33,NORMAL,PRO,DEFENSIVE,1.0,0.50,Aegean:FLAT(0.50)|Orion:SHORT(0.20),Regime: CHOP (Reduced Weights). Score: -0.13. Low Conviction (<0.35).,LOW_CONVICTION,-0.712634,DIP,18.08,False,0.0,0.0,0.00,0.00
1688263680.0,CHOP,NO_GO,HOLD,13.33,NORMAL,PRO,DEFENSIVE,1.0,0.50,Aegean:FLAT(0.50)|Orion:SHORT(0.20),Regime: CHOP (Reduced Weights). Score: -0.13. Low Conviction (<0.35).,LOW_CONVICTION,-0.656897,DIP,19.28,False,0.0,0.0,0.00,0.00
1688263740.0,TREND,NO_GO,HOLD,13.33,NORMAL,PRO,DEFENSIVE,1.0,0.50,Aegean:FLAT(0.50)|Orion:SHORT(0.20),Regime: TREND (Orion 2x). Score: -0.13. Low Conviction (<0.35).,LOW_CONVICTION,-0.123015,MID,18.38,False,0.0,0.0,0.00,0.00
1688263800.0,CHOP,NO_GO,HOLD,13.33,NORMAL,PRO,DEFENSIVE,1.0,0.50,Aegean:FLAT(0.50)|Orion:SHORT(0.20),Regime: CHOP (Reduced Weights). Score: -0.13. Low Conviction (<0.35).,LOW_CONVICTION,0.227080,MID,17.42,False,0.0,0.0,0.00,0.00
1688263860.0,CHOP,NO_GO,HOLD,13.33,NORMAL,PRO,DEFENSIVE,1.0,0.50,Aegean:FLAT(0.50)|Orion:SHORT(0.20),Regime: CHOP (Reduced Weights). Score: -0.13. Low Conviction (<0.35).,LOW_CONVICTION,0.202157,MID,16.55,False,0.0,0.0,0.00,0.00
1688263920.0,CHOP,NO_GO,HOLD,13.33,NORMAL,PRO,DEFENSIVE,1.0,0.50,Aegean:FLAT(0.50)|Orion:SHORT(0.20),Regime: CHOP (Reduced Weights). Score: -0.13. Low Conviction (<0.35).,LOW_CONVICTION,0.461782,MID,17.27,False,0.0,0.0,0.00,0.00
1688263980.0,CHOP,NO_GO,HOLD,13.33,NORMAL,PRO,DEFENSIVE,1.0,0.50,Aegean:FLAT(0.50)|Orion:SHORT(0.20),Regime: CHOP (Reduced Weights). Score: -0.13. Low Conviction (<0.35).,LOW_CONVICTION,0.419955,MID,17.95,False,0.0,0.0,0.00,0.00
1688264040.0,CHOP,NO_GO,HOLD,13.33,NORMAL,PRO,DEFENSIVE,1.0,0.50,Aegean:FLAT(0.50)|Orion:LONG(0.20),Regime: CHOP (Reduced Weights). Score: 0.13. Low Conviction (<0.35).,LOW_CONVICTION,0.376530,MID,18.61,False,0.0,0.0,0.00,0.00
1688264100.0,CHOP,NO_GO,HOLD,13.33,NORMAL,PRO,DEFENSIVE,1.0,0.50,Aegean:FLAT(0.50)|Orion:SHORT(0.20),Regime: CHOP (Reduced Weights). Score: -0.13. Low Conviction (<0.35).,LOW_CONVICTION,-0.158613,MID,18.11,False,0.0,0.0,0.00,0.00
1688264160.0,CHOP,NO_GO,HOLD,13.33,NORMAL,PRO,DEFENSIVE,1.0,0.50,Aegean:FLAT(0.50)|Orion:SHORT(0.20),Regime: CHOP (Reduced Weights). Score: -0.13. Low Conviction (<0.35).,LOW_CONVICTION,-0.607052,DIP,17.22,False,0.0,0.0,0.00,0.00
1688264220.0,CHOP,NO_GO,HOLD,13.33,NORMAL,PRO,DEFENSIVE,1.0,0.50,Aegean:FLAT(0.50)|Orion:SHORT(0.20),Regime: CHOP (Reduced Weights). Score: -0.13. Low Conviction (<0.35).,LOW_CONVICTION,-0.563918,DIP,16.36,False,0.0,0.0,0.00,0.00
1688264280.0,TREND,GO,SELL,36.67,NORMAL,PRO,DEFENSIVE,1.0,0.50,Aegean:SHORT(0.70)|Orion:SHORT(0.20),Regime: TREND (Orion 2x). Score: -0.37. Bearish Consensus.,,-5.991821,MID,20.22,False,3.0,20.0,2.00,4.41
1688264340.0,TREND,GO,SELL,36.67,NORMAL,PRO,DEFENSIVE,1.0,0.50,Aegean:SHORT(0.70)|Orion:SHORT(0.20),Regime: TREND (Orion 2x). Score: -0.37. Bearish Consensus.,,-3.477343,MID,24.02,False,4.4,20.0,2.00,4.53
1688264400.0,TREND,NO_GO,HOLD,13.33,NORMAL,PRO,DEFENSIVE,1.0,0.50,Aegean:FLAT(0.50)|Orion:LONG(0.20),Regime: TREND (Orion 2x). Score: 0.13. Low Conviction (<0.35).,LOW_CONVICTION,1.225826,TOP,23.95,False,0.0,0.0,0.00,0.00
1688264460.0,TREND,NO_GO,HOLD,13.33,NORMAL,PRO,DEFENSIVE,1.0,0.50,Aegean:FLAT(0.50)|Orion:LONG(0.20),Regime: TREND (Orion 2x). Score: 0.13. Low Conviction (<0.35).,LOW_CONVICTION,2.267195,TOP,23.21,False,0.0,0.0,0.00,0.00
1688264520.0,TREND,NO_GO,HOLD,13.33,NORMAL,PRO,DEFENSIVE,1.0,0.50,Aegean:FLAT(0.50)|Orion:LONG(0.20),Regime: TREND (Orion 2x). Score: 0.13. Low Conviction (<0.35).,LOW_CONVICTION,1.749367,TOP,22.50,False,0.0,0.0,0.00,0.00
1688264580.0,TREND,NO_GO,HOLD,13.33,NORMAL,PRO,DEFENSIVE,1.0,0.50,Aegean:FLAT(0.50)|Orion:SHORT(0.20),Regime: TREND (Orion 2x). Score: -0.13. Low Conviction (<0.35).,LOW_CONVICTION,-0.114711,MID,22.43,False,0.0,0.0,0.00,0.00
1688264640.0,TREND,NO_GO,HOLD,13.33,NORMAL,PRO,DEFENSIVE,1.0,0.50,Aegean:FLAT(0.50)|Orion:LONG(0.20),Regime: TREND (Orion 2x). Score: 0.13. Low Conviction (<0.35).,LOW_CONVICTION,0.540023,TOP,22.39,False,0.0,0.0,0.00,0.00
1688264700.0,TREND,NO_GO,HOLD,13.33,NORMAL,PRO,DEFENSIVE,1.0,0.50,Aegean:FLAT(0.50)|Orion:LONG(0.20),Regime: TREND (Orion 2x). Score: 0.13. Low Conviction (<0.35).,LOW_CONVICTION,1.368592,TOP,21.76,False,0.0,0.0,0.00,0.00
1688264760.0,TREND,NO_GO,HOLD,13.33,NORMAL,PRO,DEFENSIVE,1.0,0.50,Aegean:FLAT(0.50)|Orion:LONG(0.20),Regime: TREND (Orion 2x). Score: 0.13. Low Conviction (<0.35).,LOW_CONVICTION,1.379183,TOP,20.86,False,0.0,0.0,0.00,0.00
1688264820.0,TREND,NO_GO,HOLD,13.33,NORMAL,PRO,DEFENSIVE,1.0,0.50,Aegean:FLAT(0.50)|Orion:LONG(0.20),Regime: TREND (Orion 2x). Score: 0.13. Low Conviction (<0.35).,LOW_CONVICTION,1.549318,TOP,20.13,False,0.0,0.0,0.00,0.00
1688264880.0,TREND,NO_GO,HOLD,13.33,NORMAL,PRO,DEFENSIVE,1.0,0.50,Aegean:FLAT(0.50)|Orion:LONG(0.20),Regime: TREND (Orion 2x). Score: 0.13. Low Conviction (<0.35).,LOW_CONVICTION,1.139840,TOP,19.42,False,0.0,0.0,0.00,0.00
1688264940.0,CHOP,NO_GO,HOLD,13.33,NORMAL,PRO,DEFENSIVE,1.0,0.50,Aegean:FLAT(0.50)|Orion:LONG(0.20),Regime: CHOP (Reduced Weights). Score: 0.13. Low Conviction (<0.35).,LOW_CONVICTION,0.298145,TOP,19.18,False,0.0,0.0,0.00,0.00
1688265000.0,TREND,NO_GO,HOLD,13.33,NORMAL,PRO,DEFENSIVE,1.0,0.50,Aegean:FLAT(0.50)|Orion:LONG(0.20),Regime: TREND (Orion 2x). Score: 0.13. Low Conviction (<0.35).,LOW_CONVICTION,1.286613,TOP,18.84,False,0.0,0.0,0.00,0.00
1688265060.0,CHOP,NO_GO,HOLD,13.33,NORMAL,PRO,DEFENSIVE,1.0,0.50,Aegean:FLAT(0.50)|Orion:LONG(0.20),Regime: CHOP (Reduced Weights). Score: 0.13. Low Conviction (<0.35).,LOW_CONVICTION,1.285332,TOP,18.35,False,0.0,0.0,0.00,0.00
1688265120.0,CHOP,NO_GO,HOLD,13.33,NORMAL,PRO,DEFENSIVE,1.0,0.50,Aegean:FLAT(0.50)|Orion:LONG(0.20),Regime: CHOP (Reduced Weights). Score: 0.13. Low Conviction (<0.35).,LOW_CONVICTION,1.168349,TOP,17.88,False,0.0,0.0,0.00,0.00
1688265180.0,CHOP,NO_GO,HOLD,13.33,NORMAL,PRO,DEFENSIVE,1.0,0.50,Aegean:FLAT(0.50)|Orion:LONG(0.20),Regime: CHOP (Reduced Weights). Score: 0.13. Low Conviction (<0.35).,LOW_CONVICTION,1.052620,TOP,17.46,False,0.0,0.0,0.00,0.00
1688265240.0,CHOP,NO_GO,HOLD,13.33,NORMAL,PRO,DEFENSIVE,1.0,0.50,Aegean:FLAT(0.50)|Orion:LONG(0.20),Regime: CHOP (Reduced Weights). Score: 0.13. Low Conviction (<0.35).,LOW_CONVICTION,1.930586,TOP,16.54,False,0.0,0.0,0.00,0.00
1688265300.0,CHOP,NO_GO,HOLD,13.33,NORMAL,PRO,DEFENSIVE,1.0,0.50,Aegean:FLAT(0.50)|Orion:LONG(0.20),Regime: CHOP (Reduced Weights). Score: 0.13. Low Conviction (<0.35).,LOW_CONVICTION,1.358871,TOP,15.64,False,0.0,0.0,0.00,0.00
1688265360.0,CHOP,NO_GO,HOLD,13.33,NORMAL,PRO,DEFENSIVE,1.0,0.50,Aegean:FLAT(0.50)|Orion:LONG(0.20),Regime: CHOP (Reduced Weights). Score: 0.13. Low Conviction (<0.35).,LOW_CONVICTION,0.758045,TOP,14.64,False,0.0,0.0,0.00,0.00
1688265420.0,CHOP,NO_GO,HOLD,13.33,NORMAL,PRO,DEFENSIVE,1.0,0.50,Aegean:FLAT(0.50)|Orion:LONG(0.20),Regime: CHOP (Reduced Weights). Score: 0.13. Low Conviction (<0.35).,LOW_CONVICTION,0.674532,TOP,13.72,False,0.0,0.0,0.00,0.00
1688265480.0,CHOP,NO_GO,HOLD,13.33,NORMAL,PRO,DEFENSIVE,1.0,0.50,Aegean:FLAT(0.50)|Orion:LONG(0.20),Regime: CHOP (Reduced Weights). Score: 0.13. Low Conviction (<0.35).,LOW_CONVICTION,0.115812,TOP,13.32,False,0.0,0.0,0.00,0.00
1688265540.0,CHOP,NO_GO,HOLD,13.33,NORMAL,PRO,DEFENSIVE,1.0,0.50,Aegean:FLAT(0.50)|Orion:LONG(0.20),Regime: CHOP (Reduced Weights). Score: 0.13. Low Conviction (<0.35).,LOW_CONVICTION,2.078230,TOP,13.36,False,0.0,0.0,0.00,0.00
1688265600.0,CHOP,NO_GO,HOLD,13.33,NORMAL,PRO,DEFENSIVE,1.0,0.50,Aegean:FLAT(0.30)|Orion:LONG(0.20),Regime: CHOP (Reduced Weights). Score: 0.13. Low Conviction (<0.35).,LOW_CONVICTION,3.164908,TOP,14.31,False,0.0,0.0,0.00,0.00
1688265660.0,CHOP,NO_GO,HOLD,13.33,NORMAL,PRO,DEFENSIVE,1.0,0.50,Aegean:FLAT(0.50)|Orion:LONG(0.20),Regime: CHOP (Reduced Weights). Score: 0.13. Low Conviction (<0.35).,LOW_CONVICTION,2.092197,MID,15.16,False,0.0,0.0,0.00,0.00
1688265720.0,CHOP,NO_GO,HOLD,13.33,NORMAL,PRO,DEFENSIVE,1.0,0.50,Aegean:FLAT(0.50)|Orion:LONG(0.20),Regime: CHOP (Reduced Weights). Score: 0.13. Low Conviction (<0.35).,LOW_CONVICTION,2.147226,MID,15.95,False,0.0,0.0,0.00,0.00
1688265780.0,CHOP,NO_GO,HOLD,13.33,NORMAL,PRO,DEFENSIVE,1.0,0.50,Aegean:FLAT(0.50)|Orion:LONG(0.20),Regime: CHOP (Reduced Weights). Score: 0.13. Low Conviction (<0.35).,LOW_CONVICTION,1.944746,MID,16.73,False,0.0,0.0,0.00,0.00
1688265840.0,CHOP,NO_GO,HOLD,13.33,NORMAL,PRO,DEFENSIVE,1.0,0.50,Aegean:FLAT(0.50)|Orion:LONG(0.20),Regime: CHOP (Reduced Weights). Score: 0.13. Low Conviction (<0.35).,LOW_CONVICTION,1.043934,MID,16.60,False,0.0,0.0,0.00,0.00
1688265900.0,CHOP,NO_GO,HOLD,13.33,NORMAL,PRO,DEFENSIVE,1.0,0.50,Aegean:FLAT(0.50)|Orion:LONG(0.20),Regime: CHOP (Reduced Weights). Score: 0.13. Low Conviction (<0.35).,LOW_CONVICTION,0.465009,MID,16.00,False,0.0,0.0,0.00,0.00
1688265960.0,CHOP,NO_GO,HOLD,13.33,NORMAL,PRO,DEFENSIVE,1.0,0.50,Aegean:FLAT(0.50)|Orion:LONG(0.20),Regime: CHOP (Reduced Weights). Score: 0.13. Low Conviction (<0.35).,LOW_CONVICTION,0.558817,MID,15.27,False,0.0,0.0,0.00,0.00
1688266020.0,CHOP,NO_GO,HOLD,13.33,NORMAL,PRO,DEFENSIVE,1.0,0.50,Aegean:FLAT(0.50)|Orion:LONG(0.20),Regime: CHOP (Reduced Weights). Score: 0.13. Low Conviction (<0.35).,LOW_CONVICTION,0.506530,MID,14.57,False,0.0,0.0,0.00,0.00
1688266080.0,CHOP,NO_GO,HOLD,13.33,NORMAL,PRO,DEFENSIVE,1.0,0.50,Aegean:FLAT(0.50)|Orion:LONG(0.20),Regime: CHOP (Reduced Weights). Score: 0.13. Low Conviction (<0.35).,LOW_CONVICTION,0.448662,MID,13.95,False,0.0,0.0,0.00,0.00
1688266140.0,CHOP,NO_GO,HOLD,13.33,NORMAL,PRO,DEFENSIVE,1.0,0.50,Aegean:FLAT(0.50)|Orion:LONG(0.20),Regime: CHOP (Reduced Weights). Score: 0.13. Low Conviction (<0.35).,LOW_CONVICTION,-0.337821,MID,13.40,False,0.0,0.0,0.00,0.00
1688266200.0,CHOP,NO_GO,HOLD,13.33,NORMAL,PRO,DEFENSIVE,1.0,0.50,Aegean:FLAT(0.50)|Orion:LONG(0.20),Regime: CHOP (Reduced Weights). Score: 0.13. Low Conviction (<0.35).,LOW_CONVICTION,-0.093247,MID,12.92,False,0.0,0.0,0.00,0.00
1688266260.0,CHOP,NO_GO,HOLD,13.33,NORMAL,PRO,DEFENSIVE,1.0,0.50,Aegean:FLAT(0.50)|Orion:LONG(0.20),Regime: CHOP (Reduced Weights). Score: 0.13. Low Conviction (<0.35).,LOW_CONVICTION,-0.465784,MID,12.59,False,0.0,0.0,0.00,0.00
1688266320.0,CHOP,NO_GO,HOLD,13.33,NORMAL,PRO,DEFENSIVE,1.0,0.50,Aegean:FLAT(0.50)|Orion:LONG(0.20),Regime: CHOP (Reduced Weights). Score: 0.13. Low Conviction (<0.35).,LOW_CONVICTION,-1.067137,DIP,12.96,False,0.0,0.0,0.00,0.00
1688266380.0,CHOP,NO_GO,HOLD,13.33,NORMAL,PRO,DEFENSIVE,1.0,0.50,Aegean:FLAT(0.50)|Orion:SHORT(0.20),Regime: CHOP (Reduced Weights). Score: -0.13. Low Conviction (<0.35).,LOW_CONVICTION,-1.761715,DIP,14.00,False,0.0,0.0,0.00,0.00
1688266440.0,CHOP,NO_GO,HOLD,13.33,NORMAL,PRO,DEFENSIVE,1.0,0.50,Aegean:FLAT(0.50)|Orion:SHORT(0.20),Regime: CHOP (Reduced Weights). Score: -0.13. Low Conviction (<0.35).,LOW_CONVICTION,-1.583787,DIP,14.97,False,0.0,0.0,0.00,0.00
1688266500.0,CHOP,NO_GO,HOLD,13.33,NORMAL,PRO,DEFENSIVE,1.0,0.50,Aegean:FLAT(0.50)|Orion:SHORT(0.20),Regime: CHOP (Reduced Weights). Score: -0.13. Low Conviction (<0.35).,LOW_CONVICTION,-2.838753,DIP,17.32,False,0.0,0.0,0.00,0.00
1688266560.0,CHOP,NO_GO,HOLD,13.33,NORMAL,PRO,DEFENSIVE,1.0,0.50,Aegean:FLAT(0.50)|Orion:SHORT(0.20),Regime: CHOP (Reduced Weights). Score: -0.13. Low Conviction (<0.35).,LOW_CONVICTION,-1.512205,MID,19.51,False,0.0,0.0,0.00,0.00
1688266620.0,TREND,NO_GO,HOLD,13.33,NORMAL,PRO,DEFENSIVE,1.0,0.50,Aegean:FLAT(0.50)|Orion:SHORT(0.20),Regime: TREND (Orion 2x). Score: -0.13. Low Conviction (<0.35).,LOW_CONVICTION,-1.164057,MID,21.53,False,0.0,0.0,0.00,0.00
1688266680.0,TREND,NO_GO,HOLD,13.33,NORMAL,PRO,DEFENSIVE,1.0,0.50,Aegean:FLAT(0.50)|Orion:SHORT(0.20),Regime: TREND (Orion 2x). Score: -0.13. Low Conviction (<0.35).,LOW_CONVICTION,-2.563841,DIP,24.03,False,0.0,0.0,0.00,0.00
1688266740.0,TREND,NO_GO,HOLD,11.13,NORMAL,PRO,DEFENSIVE,1.0,0.50,Aegean:FLAT(0.50)|Orion:SHORT(0.17),Regime: TREND (Orion 2x). Score: -0.11. Low Conviction (<0.35).,LOW_CONVICTION,-3.038763,DIP,26.68,True,0.0,0.0,0.00,0.00
1688266800.0,TREND,NO_GO,HOLD,15.10,NORMAL,PRO,DEFENSIVE,1.0,0.50,Aegean:FLAT(0.50)|Orion:SHORT(0.23),Regime: TREND (Orion 2x). Score: -0.15. Low Conviction (<0.35).,LOW_CONVICTION,-2.765104,DIP,29.06,True,0.0,0.0,0.00,0.00
1688266860.0,TREND,NO_GO,HOLD,19.58,NORMAL,PRO,DEFENSIVE,1.0,0.50,Aegean:FLAT(0.30)|Orion:SHORT(0.29),Regime: TREND (Orion 2x). Score: -0.20. Low Conviction (<0.35).,LOW_CONVICTION,-3.456622,DIP,31.75,True,0.0,0.0,0.00,0.00
1688266920.0,TREND,NO_GO,HOLD,23.87,NORMAL,PRO,DEFENSIVE,1.0,0.50,Aegean:FLAT(0.30)|Orion:SHORT(0.36),Regime: TREND (Orion 2x). Score: -0.24. Low Conviction (<0.35).,LOW_CONVICTION,-3.946473,DIP,34.32,True,0.0,0.0,0.00,0.00
1688266980.0,TREND,NO_GO,HOLD,27.87,NORMAL,PRO,DEFENSIVE,1.0,0.50,Aegean:FLAT(0.30)|Orion:SHORT(0.42),Regime: TREND (Orion 2x). Score: -0.28. Low Conviction (<0.35).,LOW_CONVICTION,-3.233132,DIP,36.72,True,0.0,0.0,0.00,0.00
1688267040.0,TREND,NO_GO,HOLD,31.58,NORMAL,PRO,DEFENSIVE,1.0,0.50,Aegean:FLAT(0.30)|Orion:SHORT(0.47),Regime: TREND (Orion 2x). Score: -0.32. Low Conviction (<0.35).,LOW_CONVICTION,-3.273446,DIP,38.95,True,0.0,0.0,0.00,0.00
1688267100.0,TREND,NO_GO,HOLD,31.64,NORMAL,PRO,DEFENSIVE,1.0,0.50,Aegean:FLAT(0.50)|Orion:SHORT(0.47),Regime: TREND (Orion 2x). Score: -0.32. Low Conviction (<0.35).,LOW_CONVICTION,-1.368342,MID,38.99,True,0.0,0.0,0.00,0.00
1688267160.0,TREND,NO_GO,HOLD,29.91,NORMAL,PRO,DEFENSIVE,1.0,0.50,Aegean:FLAT(0.50)|Orion:SHORT(0.45),Regime: TREND (Orion 2x). Score: -0.30. Low Conviction (<0.35).,LOW_CONVICTION,-0.404327,MID,37.95,True,0.0,0.0,0.00,0.00
1688267220.0,TREND,NO_GO,HOLD,28.29,NORMAL,PRO,DEFENSIVE,1.0,0.50,Aegean:FLAT(0.50)|Orion:SHORT(0.42),Regime: TREND (Orion 2x). Score: -0.28. Low Conviction (<0.35).,LOW_CONVICTION,-0.359583,MID,36.97,True,0.0,0.0,0.00,0.00
1688267280.0,TREND,NO_GO,HOLD,26.83,NORMAL,PRO,DEFENSIVE,1.0,0.50,Aegean:FLAT(0.50)|Orion:SHORT(0.40),Regime: TREND (Orion 2x). Score: -0.27. Low Conviction (<0.35).,LOW_CONVICTION,-0.310917,MID,36.10,True,0.0,0.0,0.00,0.00
1688267340.0,TREND,NO_GO,HOLD,26.76,NORMAL,PRO,DEFENSIVE,1.0,0.50,Aegean:FLAT(0.50)|Orion:SHORT(0.40),Regime: TREND (Orion 2x). Score: -0.27. Low Conviction (<0.35).,LOW_CONVICTION,-1.331332,MID,36.05,True,0.0,0.0,0.00,0.00
1688267400.0,TREND,NO_GO,HOLD,28.03,NORMAL,PRO,DEFENSIVE,1.0,0.50,Aegean:FLAT(0.50)|Orion:SHORT(0.42),Regime: TREND (Orion 2x). Score: -0.28. Low Conviction (<0.35).,LOW_CONVICTION,-1.357513,MID,36.82,True,0.0,0.0,0.00,0.00
1688267460.0,TREND,NO_GO,HOLD,28.28,NORMAL,PRO,DEFENSIVE,1.0,0.50,Aegean:FLAT(0.50)|Orion:SHORT(0.42),Regime: TREND (Orion 2x). Score: -0.28. Low Conviction (<0.35).,LOW_CONVICTION,-0.899674,MID,36.97,True,0.0,0.0,0.00,0.00
1688267520.0,TREND,NO_GO,HOLD,27.97,NORMAL,PRO,DEFENSIVE,1.0,0.50,Aegean:FLAT(0.50)|Orion:SHORT(0.42),Regime: TREND (Orion 2x). Score: -0.28. Low Conviction (<0.35).,LOW_CONVICTION,-0.296848,MID,36.78,True,0.0,0.0,0.00,0.00
1688267580.0,TREND,NO_GO,HOLD,27.67,NORMAL,PRO,DEFENSIVE,1.0,0.50,Aegean:FLAT(0.50)|Orion:SHORT(0.42),Regime: TREND (Orion 2x). Score: -0.28. Low Conviction (<0.35).,LOW_CONVICTION,-0.555699,MID,36.60,True,0.0,0.0,0.00,0.00
1688267640.0,TREND,NO_GO,HOLD,28.20,NORMAL,PRO,DEFENSIVE,1.0,0.50,Aegean:FLAT(0.50)|Orion:SHORT(0.42),Regime: TREND (Orion 2x). Score: -0.28. Low Conviction (<0.35).,LOW_CONVICTION,-0.370193,MID,36.92,True,0.0,0.0,0.00,0.00
1688267700.0,TREND,NO_GO,HOLD,29.67,NORMAL,PRO,DEFENSIVE,1.0,0.50,Aegean:FLAT(0.50)|Orion:SHORT(0.44),Regime: TREND (Orion 2x). Score: -0.30. Low Conviction (<0.35).,LOW_CONVICTION,-2.148282,DIP,37.80,True,0.0,0.0,0.00,0.00
1688267760.0,TREND,NO_GO,HOLD,31.02,NORMAL,PRO,DEFENSIVE,1.0,0.50,Aegean:FLAT(0.50)|Orion:SHORT(0.47),Regime: TREND (Orion 2x). Score: -0.31. Low Conviction (<0.35).,LOW_CONVICTION,-1.837969,DIP,38.61,True,0.0,0.0,0.00,0.00
1688267820.0,TREND,NO_GO,HOLD,32.40,NORMAL,PRO,DEFENSIVE,1.0,0.50,Aegean:FLAT(0.50)|Orion:SHORT(0.49),Regime: TREND (Orion 2x). Score: -0.32. Low Conviction (<0.35).,LOW_CONVICTION,-1.517848,DIP,39.44,True,0.0,0.0,0.00,0.00
1688267880.0,TREND,NO_GO,HOLD,32.37,NORMAL,PRO,DEFENSIVE,1.0,0.50,Aegean:FLAT(0.50)|Orion:SHORT(0.49),Regime: TREND (Orion 2x). Score: -0.32. Low Conviction (<0.35).,LOW_CONVICTION,-0.927218,MID,39.42,True,0.0,0.0,0.00,0.00
1688267940.0,TREND,NO_GO,HOLD,32.34,NORMAL,PRO,DEFENSIVE,1.0,0.50,Aegean:FLAT(0.50)|Orion:SHORT(0.49),Regime: TREND (Orion 2x). Score: -0.32. Low Conviction (<0.35).,LOW_CONVICTION,-0.863670,MID,39.40,True,0.0,0.0,0.00,0.00
1688268000.0,TREND,NO_GO,HOLD,33.03,NORMAL,PRO,DEFENSIVE,1.0,0.50,Aegean:FLAT(0.50)|Orion:SHORT(0.50),Regime: TREND (Orion 2x). Score: -0.33. Low Conviction (<0.35).,LOW_CONVICTION,-0.796539,MID,39.82,True,0.0,0.0,0.00,0.00
1688268060.0,TREND,NO_GO,HOLD,33.54,NORMAL,PRO,DEFENSIVE,1.0,0.50,Aegean:FLAT(0.50)|Orion:SHORT(0.50),Regime: TREND (Orion 2x). Score: -0.34. Low Conviction (<0.35).,LOW_CONVICTION,-0.423903,MID,40.13,True,0.0,0.0,0.00,0.00
1688268120.0,TREND,NO_GO,HOLD,34.02,NORMAL,PRO,DEFENSIVE,1.0,0.50,Aegean:FLAT(0.50)|Orion:SHORT(0.51),Regime: TREND (Orion 2x). Score: -0.34. Low Conviction (<0.35).,LOW_CONVICTION,-0.382579,MID,40.41,True,0.0,0.0,0.00,0.00
1688268180.0,TREND,NO_GO,HOLD,30.45,NORMAL,PRO,DEFENSIVE,1.0,0.50,Aegean:FLAT(0.50)|Orion:SHORT(0.46),Regime: TREND (Orion 2x). Score: -0.30. Low Conviction (<0.35).,LOW_CONVICTION,1.220899,TOP,38.27,True,0.0,0.0,0.00,0.00
1688268240.0,TREND,NO_GO,HOLD,27.14,NORMAL,PRO,DEFENSIVE,1.0,0.50,Aegean:FLAT(0.50)|Orion:SHORT(0.41),Regime: TREND (Orion 2x). Score: -0.27. Low Conviction (<0.35).,LOW_CONVICTION,0.974346,TOP,36.28,True,0.0,0.0,0.00,0.00
1688268300.0,TREND,NO_GO,HOLD,24.06,NORMAL,PRO,DEFENSIVE,1.0,0.50,Aegean:FLAT(0.50)|Orion:SHORT(0.36),Regime: TREND (Orion 2x). Score: -0.24. Low Conviction (<0.35).,LOW_CONVICTION,0.878765,TOP,34.44,True,0.0,0.0,0.00,0.00
1688268360.0,TREND,NO_GO,HOLD,21.20,NORMAL,PRO,DEFENSIVE,1.0,0.50,Aegean:FLAT(0.50)|Orion:SHORT(0.32),Regime: TREND (Orion 2x). Score: -0.21. Low Conviction (<0.35).,LOW_CONVICTION,0.795054,TOP,32.72,True,0.0,0.0,0.00,0.00
1688268420.0,TREND,NO_GO,HOLD,20.13,NORMAL,PRO,DEFENSIVE,1.0,0.50,Aegean:FLAT(0.50)|Orion:SHORT(0.30),Regime: TREND (Orion 2x). Score: -0.20. Low Conviction (<0.35).,LOW_CONVICTION,-0.108285,MID,32.08,True,0.0,0.0,0.00,0.00
1688268480.0,TREND,NO_GO,HOLD,19.05,NORMAL,PRO,DEFENSIVE,1.0,0.50,Aegean:FLAT(0.50)|Orion:SHORT(0.29),Regime: TREND (Orion 2x). Score: -0.19. Low Conviction (<0.35).,LOW_CONVICTION,-0.084052,MID,31.43,True,0.0,0.0,0.00,0.00
1688268540.0,TREND,NO_GO,HOLD,17.56,NORMAL,PRO,DEFENSIVE,1.0,0.50,Aegean:FLAT(0.50)|Orion:SHORT(0.26),Regime: TREND (Orion 2x). Score: -0.18. Low Conviction (<0.35).,LOW_CONVICTION,0.066335,MID,30.54,True,0.0,0.0,0.00,0.00
1688268600.0,TREND,NO_GO,HOLD,18.08,NORMAL,PRO,DEFENSIVE,1.0,0.50,Aegean:FLAT(0.50)|Orion:SHORT(0.27),Regime: TREND (Orion 2x). Score: -0.18. Low Conviction (<0.35).,LOW_CONVICTION,-1.224773,MID,30.85,True,0.0,0.0,0.00,0.00
1688268660.0,TREND,NO_GO,HOLD,18.60,NORMAL,PRO,DEFENSIVE,1.0,0.50,Aegean:FLAT(0.50)|Orion:SHORT(0.28),Regime: TREND (Orion 2x). Score: -0.19. Low Conviction (<0.35).,LOW_CONVICTION,-0.480815,MID,31.16,True,0.0,0.0,0.00,0.00
1688268720.0,TREND,NO_GO,HOLD,19.04,NORMAL,PRO,DEFENSIVE,1.0,0.50,Aegean:FLAT(0.50)|Orion:SHORT(0.29),Regime: TREND (Orion 2x). Score: -0.19. Low Conviction (<0.35).,LOW_CONVICTION,-0.419911,MID,31.43,True,0.0,0.0,0.00,0.00
1688268780.0,TREND,NO_GO,HOLD,19.45,NORMAL,PRO,DEFENSIVE,1.0,0.50,Aegean:FLAT(0.50)|Orion:SHORT(0.29),Regime: TREND (Orion 2x). Score: -0.19. Low Conviction (<0.35).,LOW_CONVICTION,-0.378967,MID,31.67,True,0.0,0.0,0.00,0.00
1688268840.0,TREND,NO_GO,HOLD,18.07,NORMAL,PRO,DEFENSIVE,1.0,0.50,Aegean:FLAT(0.50)|Orion:SHORT(0.27),Regime: TREND (Orion 2x). Score: -0.18. Low Conviction (<0.35).,LOW_CONVICTION,0.240917,MID,30.84,True,0.0,0.0,0.00,0.00
1688268900.0,TREND,NO_GO,HOLD,16.10,NORMAL,PRO,DEFENSIVE,1.0,0.50,Aegean:FLAT(0.50)|Orion:SHORT(0.24),Regime: TREND (Orion 2x). Score: -0.16. Low Conviction (<0.35).,LOW_CONVICTION,0.008091,MID,29.66,True,0.0,0.0,0.00,0.00
1688268960.0,TREND,NO_GO,HOLD,15.67,NORMAL,PRO,DEFENSIVE,1.0,0.50,Aegean:FLAT(0.50)|Orion:SHORT(0.24),Regime: TREND (Orion 2x). Score: -0.16. Low Conviction (<0.35).,LOW_CONVICTION,-0.346943,MID,29.40,True,0.0,0.0,0.00,0.00
1688269020.0,TREND,NO_GO,HOLD,17.09,NORMAL,PRO,DEFENSIVE,1.0,0.50,Aegean:FLAT(0.50)|Orion:SHORT(0.26),Regime: TREND (Orion 2x). Score: -0.17. Low Conviction (<0.35).,LOW_CONVICTION,-1.875642,DIP,30.26,True,0.0,0.0,0.00,0.00
1688269080.0,TREND,NO_GO,HOLD,19.40,NORMAL,PRO,DEFENSIVE,1.0,0.50,Aegean:FLAT(0.50)|Orion:SHORT(0.29),Regime: TREND (Orion 2x). Score: -0.19. Low Conviction (<0.35).,LOW_CONVICTION,-2.366194,DIP,31.64,True,0.0,0.0,0.00,0.00
1688269140.0,TREND,NO_GO,HOLD,22.52,NORMAL,PRO,DEFENSIVE,1.0,0.50,Aegean:FLAT(0.30)|Orion:SHORT(0.34),Regime: TREND (Orion 2x). Score: -0.23. Low Conviction (<0.35).,LOW_CONVICTION,-3.348615,DIP,33.51,True,0.0,0.0,0.00,0.00
1688269200.0,TREND,NO_GO,HOLD,26.49,NORMAL,PRO,DEFENSIVE,1.0,0.50,Aegean:FLAT(0.30)|Orion:SHORT(0.40),Regime: TREND (Orion 2x). Score: -0.26. Low Conviction (<0.35).,LOW_CONVICTION,-5.219834,DIP,35.89,True,0.0,0.0,0.00,0.00
1688269260.0,TREND,NO_GO,HOLD,27.28,NORMAL,PRO,DEFENSIVE,1.0,0.50,Aegean:FLAT(0.50)|Orion:SHORT(0.41),Regime: TREND (Orion 2x). Score: -0.27. Low Conviction (<0.35).,LOW_CONVICTION,-1.168348,MID,36.37,True,0.0,0.0,0.00,0.00
1688269320.0,TREND,NO_GO,HOLD,28.01,NORMAL,PRO,DEFENSIVE,1.0,0.50,Aegean:FLAT(0.50)|Orion:SHORT(0.42),Regime: TREND (Orion 2x). Score: -0.28. Low Conviction (<0.35).,LOW_CONVICTION,-0.927005,MID,36.80,True,0.0,0.0,0.00,0.00
1688269380.0,TREND,NO_GO,HOLD,28.68,NORMAL,PRO,DEFENSIVE,1.0,0.50,Aegean:FLAT(0.50)|Orion:SHORT(0.43),Regime: TREND (Orion 2x). Score: -0.29. Low Conviction (<0.35).,LOW_CONVICTION,-1.470146,MID,37.21,True,0.0,0.0,0.00,0.00
1688269440.0,TREND,NO_GO,HOLD,28.80,NORMAL,PRO,DEFENSIVE,1.0,0.50,Aegean:FLAT(0.50)|Orion:SHORT(0.43),Regime: TREND (Orion 2x). Score: -0.29. Low Conviction (<0.35).,LOW_CONVICTION,-0.479480,MID,37.28,True,0.0,0.0,0.00,0.00
1688269500.0,TREND,NO_GO,HOLD,29.49,NORMAL,PRO,DEFENSIVE,1.0,0.50,Aegean:FLAT(0.50)|Orion:SHORT(0.44),Regime: TREND (Orion 2x). Score: -0.29. Low Conviction (<0.35).,LOW_CONVICTION,-1.971716,MID,37.69,True,0.0,0.0,0.00,0.00
1688269560.0,TREND,NO_GO,HOLD,30.21,NORMAL,PRO,DEFENSIVE,1.0,0.50,Aegean:FLAT(0.50)|Orion:SHORT(0.45),Regime: TREND (Orion 2x). Score: -0.30. Low Conviction (<0.35).,LOW_CONVICTION,-0.771571,MID,38.13,True,0.0,0.0,0.00,0.00
1688269620.0,TREND,NO_GO,HOLD,32.09,NORMAL,PRO,DEFENSIVE,1.0,0.50,Aegean:FLAT(0.30)|Orion:SHORT(0.48),Regime: TREND (Orion 2x). Score: -0.32. Low Conviction (<0.35).,LOW_CONVICTION,-3.348545,DIP,39.26,True,0.0,0.0,0.00,0.00
1688269680.0,TREND,NO_GO,HOLD,34.32,NORMAL,PRO,DEFENSIVE,1.0,0.50,Aegean:FLAT(0.50)|Orion:SHORT(0.51),Regime: TREND (Orion 2x). Score: -0.34. Low Conviction (<0.35).,LOW_CONVICTION,-2.419341,MID,40.59,True,0.0,0.0,0.00,0.00
1688269740.0,TREND,NO_GO,HOLD,32.92,NORMAL,PRO,DEFENSIVE,1.0,0.50,Aegean:FLAT(0.50)|Orion:SHORT(0.49),Regime: TREND (Orion 2x). Score: -0.33. Low Conviction (<0.35).,LOW_CONVICTION,-0.395415,MID,39.75,True,0.0,0.0,0.00,0.00
1688269800.0,TREND,NO_GO,HOLD,31.20,NORMAL,PRO,DEFENSIVE,1.0,0.50,Aegean:FLAT(0.50)|Orion:SHORT(0.47),Regime: TREND (Orion 2x). Score: -0.31. Low Conviction (<0.35).,LOW_CONVICTION,-0.278671,MID,38.72,True,0.0,0.0,0.00,0.00
1688269860.0,TREND,NO_GO,HOLD,29.71,NORMAL,PRO,DEFENSIVE,1.0,0.50,Aegean:FLAT(0.50)|Orion:SHORT(0.45),Regime: TREND (Orion 2x). Score: -0.30. Low Conviction (<0.35).,LOW_CONVICTION,-0.576851,MID,37.83,True,0.0,0.0,0.00,0.00
1688269920.0,TREND,NO_GO,HOLD,26.90,NORMAL,PRO,DEFENSIVE,1.0,0.50,Aegean:FLAT(0.50)|Orion:SHORT(0.40),Regime: TREND (Orion 2x). Score: -0.27. Low Conviction (<0.35).,LOW_CONVICTION,0.571106,MID,36.14,True,0.0,0.0,0.00,0.00
1688269980.0,TREND,NO_GO,HOLD,23.99,NORMAL,PRO,DEFENSIVE,1.0,0.50,Aegean:FLAT(0.50)|Orion:SHORT(0.36),Regime: TREND (Orion 2x). Score: -0.24. Low Conviction (<0.35).,LOW_CONVICTION,0.067531,MID,34.40,True,0.0,0.0,0.00,0.00
1688270040.0,TREND,NO_GO,HOLD,22.82,NORMAL,PRO,DEFENSIVE,1.0,0.50,Aegean:FLAT(0.50)|Orion:SHORT(0.34),Regime: TREND (Orion 2x). Score: -0.23. Low Conviction (<0.35).,LOW_CONVICTION,-1.368789,MID,33.69,True,0.0,0.0,0.00,0.00
1688270100.0,TREND,NO_GO,HOLD,21.72,NORMAL,PRO,DEFENSIVE,1.0,0.50,Aegean:FLAT(0.50)|Orion:SHORT(0.33),Regime: TREND (Orion 2x). Score: -0.22. Low Conviction (<0.35).,LOW_CONVICTION,-0.289133,MID,33.03,True,0.0,0.0,0.00,0.00
1688270160.0,TREND,NO_GO,HOLD,22.57,NORMAL,PRO,DEFENSIVE,1.0,0.50,Aegean:FLAT(0.50)|Orion:SHORT(0.34),Regime: TREND (Orion 2x). Score: -0.23. Low Conviction (<0.35).,LOW_CONVICTION,-0.484325,MID,33.54,True,0.0,0.0,0.00,0.00
1688270220.0,TREND,NO_GO,HOLD,23.19,NORMAL,PRO,DEFENSIVE,1.0,0.50,Aegean:FLAT(0.50)|Orion:SHORT(0.35),Regime: TREND (Orion 2x). Score: -0.23. Low Conviction (<0.35).,LOW_CONVICTION,-0.393713,MID,33.91,True,0.0,0.0,0.00,0.00
1688270280.0,TREND,NO_GO,HOLD,23.04,NORMAL,PRO,DEFENSIVE,1.0,0.50,Aegean:FLAT(0.50)|Orion:SHORT(0.35),Regime: TREND (Orion 2x). Score: -0.23. Low Conviction (<0.35).,LOW_CONVICTION,0.286622,MID,33.83,True,0.0,0.0,0.00,0.00
1688270340.0,TREND,NO_GO,HOLD,23.34,NORMAL,PRO,DEFENSIVE,1.0,0.50,Aegean:FLAT(0.50)|Orion:SHORT(0.35),Regime: TREND (Orion 2x). Score: -0.23. Low Conviction (<0.35).,LOW_CONVICTION,-0.093394,MID,34.00,True,0.0,0.0,0.00,0.00
1688270400.0,TREND,NO_GO,HOLD,23.40,NORMAL,PRO,DEFENSIVE,1.0,0.50,Aegean:FLAT(0.50)|Orion:SHORT(0.35),Regime: TREND (Orion 2x). Score: -0.23. Low Conviction (<0.35).,LOW_CONVICTION,-0.406781,MID,34.04,True,0.0,0.0,0.00,0.00
1688270460.0,TREND,NO_GO,HOLD,23.75,NORMAL,PRO,DEFENSIVE,1.0,0.50,Aegean:FLAT(0.50)|Orion:SHORT(0.36),Regime: TREND (Orion 2x). Score: -0.24. Low Conviction (<0.35).,LOW_CONVICTION,-0.747107,MID,34.25,True,0.0,0.0,0.00,0.00
1688270520.0,TREND,NO_GO,HOLD,24.96,NORMAL,PRO,DEFENSIVE,1.0,0.50,Aegean:FLAT(0.50)|Orion:SHORT(0.37),Regime: TREND (Orion 2x). Score: -0.25. Low Conviction (<0.35).,LOW_CONVICTION,-1.653942,MID,34.98,True,0.0,0.0,0.00,0.00
1688270580.0,TREND,NO_GO,HOLD,27.20,NORMAL,PRO,DEFENSIVE,1.0,0.50,Aegean:FLAT(0.50)|Orion:SHORT(0.41),Regime: TREND (Orion 2x). Score: -0.27. Low Conviction (<0.35).,LOW_CONVICTION,-0.547884,MID,36.32,True,0.0,0.0,0.00,0.00
1688270640.0,TREND,NO_GO,HOLD,26.60,NORMAL,PRO,DEFENSIVE,1.0,0.50,Aegean:FLAT(0.50)|Orion:SHORT(0.40),Regime: TREND (Orion 2x). Score: -0.27. Low Conviction (<0.35).,LOW_CONVICTION,0.983343,TOP,35.96,True,0.0,0.0,0.00,0.00
1688270700.0,TREND,NO_GO,HOLD,25.83,NORMAL,PRO,DEFENSIVE,1.0,0.50,Aegean:FLAT(0.50)|Orion:SHORT(0.39),Regime: TREND (Orion 2x). Score: -0.26. Low Conviction (<0.35).,LOW_CONVICTION,0.373501,MID,35.50,True,0.0,0.0,0.00,0.00
1688270760.0,TREND,NO_GO,HOLD,26.40,NORMAL,PRO,DEFENSIVE,1.0,0.50,Aegean:FLAT(0.50)|Orion:SHORT(0.40),Regime: TREND (Orion 2x). Score: -0.26. Low Conviction (<0.35).,LOW_CONVICTION,-1.462516,MID,35.84,True,0.0,0.0,0.00,0.00
1688270820.0,TREND,NO_GO,HOLD,27.51,NORMAL,PRO,DEFENSIVE,1.0,0.50,Aegean:FLAT(0.50)|Orion:SHORT(0.41),Regime: TREND (Orion 2x). Score: -0.28. Low Conviction (<0.35).,LOW_CONVICTION,-1.162257,MID,36.50,True,0.0,0.0,0.00,0.00
1688270880.0,TREND,NO_GO,HOLD,27.29,NORMAL,PRO,DEFENSIVE,1.0,0.50,Aegean:FLAT(0.50)|Orion:SHORT(0.41),Regime: TREND (Orion 2x). Score: -0.27. Low Conviction (<0.35).,LOW_CONVICTION,0.015951,MID,36.38,True,0.0,0.0,0.00,0.00
1688270940.0,TREND,NO_GO,HOLD,25.79,NORMAL,PRO,DEFENSIVE,1.0,0.50,Aegean:FLAT(0.50)|Orion:SHORT(0.39),Regime: TREND (Orion 2x). Score: -0.26. Low Conviction (<0.35).,LOW_CONVICTION,0.495745,MID,35.47,True,0.0,0.0,0.00,0.00
1688271000.0,TREND,NO_GO,HOLD,24.40,NORMAL,PRO,DEFENSIVE,1.0,0.50,Aegean:FLAT(0.50)|Orion:SHORT(0.37),Regime: TREND (Orion 2x). Score: -0.24. Low Conviction (<0.35).,LOW_CONVICTION,0.173281,MID,34.64,True,0.0,0.0,0.00,0.00
1688271060.0,TREND,NO_GO,HOLD,23.06,NORMAL,PRO,DEFENSIVE,1.0,0.50,Aegean:FLAT(0.50)|Orion:SHORT(0.35),Regime: TREND (Orion 2x). Score: -0.23. Low Conviction (<0.35).,LOW_CONVICTION,0.448225,MID,33.84,True,0.0,0.0,0.00,0.00
1688271120.0,TREND,NO_GO,HOLD,21.82,NORMAL,PRO,DEFENSIVE,1.0,0.50,Aegean:FLAT(0.50)|Orion:SHORT(0.33),Regime: TREND (Orion 2x). Score: -0.22. Low Conviction (<0.35).,LOW_CONVICTION,0.235042,MID,33.09,True,0.0,0.0,0.00,0.00
1688271180.0,TREND,NO_GO,HOLD,20.85,NORMAL,PRO,DEFENSIVE,1.0,0.50,Aegean:FLAT(0.50)|Orion:SHORT(0.31),Regime: TREND (Orion 2x). Score: -0.21. Low Conviction (<0.35).,LOW_CONVICTION,0.201454,MID,32.51,True,0.0,0.0,0.00,0.00
1688271240.0,TREND,NO_GO,HOLD,19.76,NORMAL,PRO,DEFENSIVE,1.0,0.50,Aegean:FLAT(0.50)|Orion:SHORT(0.30),Regime: TREND (Orion 2x). Score: -0.20. Low Conviction (<0.35).,LOW_CONVICTION,0.185121,MID,31.86,True,0.0,0.0,0.00,0.00
1688271300.0,TREND,NO_GO,HOLD,19.36,NORMAL,PRO,DEFENSIVE,1.0,0.50,Aegean:FLAT(0.50)|Orion:SHORT(0.29),Regime: TREND (Orion 2x). Score: -0.19. Low Conviction (<0.35).,LOW_CONVICTION,0.056504,MID,31.62,True,0.0,0.0,0.00,0.00
1688271360.0,TREND,NO_GO,HOLD,19.01,NORMAL,PRO,DEFENSIVE,1.0,0.50,Aegean:FLAT(0.50)|Orion:SHORT(0.29),Regime: TREND (Orion 2x). Score: -0.19. Low Conviction (<0.35).,LOW_CONVICTION,-0.069149,MID,31.40,True,0.0,0.0,0.00,0.00
1688271420.0,TREND,NO_GO,HOLD,17.99,NORMAL,PRO,DEFENSIVE,1.0,0.50,Aegean:FLAT(0.50)|Orion:SHORT(0.27),Regime: TREND (Orion 2x). Score: -0.18. Low Conviction (<0.35).,LOW_CONVICTION,0.392147,MID,30.79,True,0.0,0.0,0.00,0.00
1688271480.0,TREND,NO_GO,HOLD,14.93,NORMAL,PRO,DEFENSIVE,1.0,0.50,Aegean:FLAT(0.50)|Orion:LONG(0.22),Regime: TREND (Orion 2x). Score: 0.15. Low Conviction (<0.35).,LOW_CONVICTION,1.994403,TOP,28.96,True,0.0,0.0,0.00,0.00
1688271540.0,TREND,NO_GO,HOLD,12.12,NORMAL,PRO,DEFENSIVE,1.0,0.50,Aegean:FLAT(0.50)|Orion:LONG(0.18),Regime: TREND (Orion 2x). Score: 0.12. Low Conviction (<0.35).,LOW_CONVICTION,1.355706,TOP,27.27,True,0.0,0.0,0.00,0.00
1688271600.0,TREND,NO_GO,HOLD,9.04,NORMAL,PRO,DEFENSIVE,1.0,0.50,Aegean:FLAT(0.50)|Orion:LONG(0.14),Regime: TREND (Orion 2x). Score: 0.09. Low Conviction (<0.35).,LOW_CONVICTION,0.899987,MID,25.42,True,0.0,0.0,0.00,0.00
1688271660.0,TREND,NO_GO,HOLD,13.33,NORMAL,PRO,DEFENSIVE,1.0,0.50,Aegean:FLAT(0.50)|Orion:LONG(0.20),Regime: TREND (Orion 2x). Score: 0.13. Low Conviction (<0.35).,LOW_CONVICTION,0.810555,MID,23.71,False,0.0,0.0,0.00,0.00
1688271720.0,CHOP,NO_GO,HOLD,13.33,NORMAL,PRO,DEFENSIVE,1.0,0.50,Aegean:FLAT(0.50)|Orion:LONG(0.20),Regime: CHOP (Reduced Weights). Score: 0.13. Low Conviction (<0.35).,LOW_CONVICTION,0.747186,MID,22.12,False,0.0,0.0,0.00,0.00
1688271780.0,CHOP,NO_GO,HOLD,13.33,NORMAL,PRO,DEFENSIVE,1.0,0.50,Aegean:FLAT(0.50)|Orion:LONG(0.20),Regime: CHOP (Reduced Weights). Score: 0.13. Low Conviction (<0.35).,LOW_CONVICTION,0.503927,MID,20.62,False,0.0,0.0,0.00,0.00
1688271840.0,CHOP,NO_GO,HOLD,13.33,NORMAL,PRO,DEFENSIVE,1.0,0.50,Aegean:FLAT(0.50)|Orion:LONG(0.20),Regime: CHOP (Reduced Weights). Score: 0.13. Low Conviction (<0.35).,LOW_CONVICTION,-0.055284,MID,19.90,False,0.0,0.0,0.00,0.00
1688271900.0,CHOP,NO_GO,HOLD,13.33,NORMAL,PRO,DEFENSIVE,1.0,0.50,Aegean:FLAT(0.50)|Orion:LONG(0.20),Regime: CHOP (Reduced Weights). Score: 0.13. Low Conviction (<0.35).,LOW_CONVICTION,0.804793,TOP,18.53,False,0.0,0.0,0.00,0.00
1688271960.0,CHOP,NO_GO,HOLD,13.33,NORMAL,PRO,DEFENSIVE,1.0,0.50,Aegean:FLAT(0.50)|Orion:LONG(0.20),Regime: CHOP (Reduced Weights). Score: 0.13. Low Conviction (<0.35).,LOW_CONVICTION,0.591147,MID,17.26,False,0.0,0.0,0.00,0.00
1688272020.0,CHOP,NO_GO,HOLD,13.33,NORMAL,PRO,DEFENSIVE,1.0,0.50,Aegean:FLAT(0.50)|Orion:LONG(0.20),Regime: CHOP (Reduced Weights). Score: 0.13. Low Conviction (<0.35).,LOW_CONVICTION,0.570572,MID,16.09,False,0.0,0.0,0.00,0.00
1688272080.0,CHOP,NO_GO,HOLD,13.33,NORMAL,PRO,DEFENSIVE,1.0,0.50,Aegean:FLAT(0.50)|Orion:LONG(0.20),Regime: CHOP (Reduced Weights). Score: 0.13. Low Conviction (<0.35).,LOW_CONVICTION,1.764868,TOP,16.42,False,0.0,0.0,0.00,0.00
1688272140.0,CHOP,NO_GO,HOLD,13.33,NORMAL,PRO,DEFENSIVE,1.0,0.50,Aegean:FLAT(0.50)|Orion:LONG(0.20),Regime: CHOP (Reduced Weights). Score: 0.13. Low Conviction (<0.35).,LOW_CONVICTION,1.771247,TOP,16.92,False,0.0,0.0,0.00,0.00
1688272200.0,CHOP,NO_GO,HOLD,13.33,NORMAL,PRO,DEFENSIVE,1.0,0.50,Aegean:FLAT(0.50)|Orion:LONG(0.20),Regime: CHOP (Reduced Weights). Score: 0.13. Low Conviction (<0.35).,LOW_CONVICTION,0.721279,MID,16.34,False,0.0,0.0,0.00,0.00
1688272260.0,CHOP,NO_GO,HOLD,13.33,NORMAL,PRO,DEFENSIVE,1.0,0.50,Aegean:FLAT(0.50)|Orion:LONG(0.20),Regime: CHOP (Reduced Weights). Score: 0.13. Low Conviction (<0.35).,LOW_CONVICTION,0.425880,MID,15.50,False,0.0,0.0,0.00,0.00
1688272320.0,CHOP,NO_GO,HOLD,13.33,NORMAL,PRO,DEFENSIVE,1.0,0.50,Aegean:FLAT(0.50)|Orion:LONG(0.20),Regime: CHOP (Reduced Weights). Score: 0.13. Low Conviction (<0.35).,LOW_CONVICTION,0.545760,MID,14.73,False,0.0,0.0,0.00,0.00
1688272380.0,CHOP,NO_GO,HOLD,13.33,NORMAL,PRO,DEFENSIVE,1.0,0.50,Aegean:FLAT(0.50)|Orion:LONG(0.20),Regime: CHOP (Reduced Weights). Score: 0.13. Low Conviction (<0.35).,LOW_CONVICTION,-0.587101,MID,14.53,False,0.0,0.0,0.00,0.00
1688272440.0,CHOP,NO_GO,HOLD,13.33,NORMAL,PRO,DEFENSIVE,1.0,0.50,Aegean:FLAT(0.50)|Orion:LONG(0.20),Regime: CHOP (Reduced Weights). Score: 0.13. Low Conviction (<0.35).,LOW_CONVICTION,-0.550383,MID,14.28,False,0.0,0.0,0.00,0.00
1688272500.0,CHOP,NO_GO,HOLD,13.33,NORMAL,PRO,DEFENSIVE,1.0,0.50,Aegean:FLAT(0.50)|Orion:LONG(0.20),Regime: CHOP (Reduced Weights). Score: 0.13. Low Conviction (<0.35).,LOW_CONVICTION,-0.095432,MID,13.54,False,0.0,0.0,0.00,0.00
1688272560.0,CHOP,NO_GO,HOLD,13.33,NORMAL,PRO,DEFENSIVE,1.0,0.50,Aegean:FLAT(0.50)|Orion:LONG(0.20),Regime: CHOP (Reduced Weights). Score: 0.13. Low Conviction (<0.35).,LOW_CONVICTION,-0.090295,MID,12.85,False,0.0,0.0,0.00,0.00
1688272620.0,CHOP,NO_GO,HOLD,13.33,NORMAL,PRO,DEFENSIVE,1.0,0.50,Aegean:FLAT(0.50)|Orion:SHORT(0.20),Regime: CHOP (Reduced Weights). Score: -0.13. Low Conviction (<0.35).,LOW_CONVICTION,-0.802285,DIP,13.06,False,0.0,0.0,0.00,0.00
1688272680.0,CHOP,NO_GO,HOLD,13.33,NORMAL,PRO,DEFENSIVE,1.0,0.50,Aegean:FLAT(0.50)|Orion:SHORT(0.20),Regime: CHOP (Reduced Weights). Score: -0.13. Low Conviction (<0.35).,LOW_CONVICTION,-1.414939,DIP,14.00,False,0.0,0.0,0.00,0.00
1688272740.0,CHOP,NO_GO,HOLD,13.33,NORMAL,PRO,DEFENSIVE,1.0,0.50,Aegean:FLAT(0.50)|Orion:SHORT(0.20),Regime: CHOP (Reduced Weights). Score: -0.13. Low Conviction (<0.35).,LOW_CONVICTION,-1.091898,DIP,14.89,False,0.0,0.0,0.00,0.00
1688272800.0,CHOP,NO_GO,HOLD,13.33,NORMAL,PRO,DEFENSIVE,1.0,0.50,Aegean:FLAT(0.50)|Orion:SHORT(0.20),Regime: CHOP (Reduced Weights). Score: -0.13. Low Conviction (<0.35).,LOW_CONVICTION,-0.921213,DIP,15.30,False,0.0,0.0,0.00,0.00
1688272860.0,CHOP,NO_GO,HOLD,13.33,NORMAL,PRO,DEFENSIVE,1.0,0.50,Aegean:FLAT(0.50)|Orion:SHORT(0.20),Regime: CHOP (Reduced Weights). Score: -0.13. Low Conviction (<0.35).,LOW_CONVICTION,-1.235330,DIP,16.27,False,0.0,0.0,0.00,0.00
1688272920.0,CHOP,NO_GO,HOLD,13.33,NORMAL,PRO,DEFENSIVE,1.0,0.50,Aegean:FLAT(0.50)|Orion:SHORT(0.20),Regime: CHOP (Reduced Weights). Score: -0.13. Low Conviction (<0.35).,LOW_CONVICTION,-1.147237,DIP,17.17,False,0.0,0.0,0.00,0.00
1688272980.0,CHOP,NO_GO,HOLD,13.33,NORMAL,PRO,DEFENSIVE,1.0,0.50,Aegean:FLAT(0.50)|Orion:SHORT(0.20),Regime: CHOP (Reduced Weights). Score: -0.13. Low Conviction (<0.35).,LOW_CONVICTION,-1.066865,DIP,18.00,False,0.0,0.0,0.00,0.00
1688273040.0,CHOP,NO_GO,HOLD,13.33,NORMAL,PRO,DEFENSIVE,1.0,0.50,Aegean:FLAT(0.50)|Orion:SHORT(0.20),Regime: CHOP (Reduced Weights). Score: -0.13. Low Conviction (<0.35).,LOW_CONVICTION,-1.200559,DIP,19.24,False,0.0,0.0,0.00,0.00
1688273100.0,CHOP,NO_GO,HOLD,13.33,NORMAL,PRO,DEFENSIVE,1.0,0.50,Aegean:FLAT(0.50)|Orion:SHORT(0.20),Regime: CHOP (Reduced Weights). Score: -0.13. Low Conviction (<0.35).,LOW_CONVICTION,-0.398128,MID,19.55,False,0.0,0.0,0.00,0.00
1688273160.0,CHOP,NO_GO,HOLD,13.33,NORMAL,PRO,DEFENSIVE,1.0,0.50,Aegean:FLAT(0.50)|Orion:SHORT(0.20),Regime: CHOP (Reduced Weights). Score: -0.13. Low Conviction (<0.35).,LOW_CONVICTION,-0.363459,MID,19.76,False,0.0,0.0,0.00,0.00
1688273220.0,CHOP,NO_GO,HOLD,13.33,NORMAL,PRO,DEFENSIVE,1.0,0.50,Aegean:FLAT(0.50)|Orion:SHORT(0.20),Regime: CHOP (Reduced Weights). Score: -0.13. Low Conviction (<0.35).,LOW_CONVICTION,-0.748537,DIP,18.55,False,0.0,0.0,0.00,0.00
1688273280.0,CHOP,NO_GO,HOLD,13.33,NORMAL,PRO,DEFENSIVE,1.0,0.50,Aegean:FLAT(0.50)|Orion:SHORT(0.20),Regime: CHOP (Reduced Weights). Score: -0.13. Low Conviction (<0.35).,LOW_CONVICTION,-0.135004,MID,17.39,False,0.0,0.0,0.00,0.00
1688273340.0,CHOP,NO_GO,HOLD,13.33,NORMAL,PRO,DEFENSIVE,1.0,0.50,Aegean:FLAT(0.50)|Orion:LONG(0.20),Regime: CHOP (Reduced Weights). Score: 0.13. Low Conviction (<0.35).,LOW_CONVICTION,1.022205,MID,17.48,False,0.0,0.0,0.00,0.00
1688273400.0,CHOP,NO_GO,HOLD,13.33,NORMAL,PRO,DEFENSIVE,1.0,0.50,Aegean:FLAT(0.50)|Orion:LONG(0.20),Regime: CHOP (Reduced Weights). Score: 0.13. Low Conviction (<0.35).,LOW_CONVICTION,0.268496,MID,17.65,False,0.0,0.0,0.00,0.00
1688273460.0,CHOP,NO_GO,HOLD,13.33,NORMAL,PRO,DEFENSIVE,1.0,0.50,Aegean:FLAT(0.50)|Orion:LONG(0.20),Regime: CHOP (Reduced Weights). Score: 0.13. Low Conviction (<0.35).,LOW_CONVICTION,0.874936,MID,17.79,False,0.0,0.0,0.00,0.00
1688273520.0,CHOP,NO_GO,HOLD,13.33,NORMAL,PRO,DEFENSIVE,1.0,0.50,Aegean:FLAT(0.50)|Orion:LONG(0.20),Regime: CHOP (Reduced Weights). Score: 0.13. Low Conviction (<0.35).,LOW_CONVICTION,0.671608,MID,17.90,False,0.0,0.0,0.00,0.00
1688273580.0,CHOP,NO_GO,HOLD,13.33,NORMAL,PRO,DEFENSIVE,1.0,0.50,Aegean:FLAT(0.50)|Orion:LONG(0.20),Regime: CHOP (Reduced Weights). Score: 0.13. Low Conviction (<0.35).,LOW_CONVICTION,0.410522,MID,17.13,False,0.0,0.0,0.00,0.00
1688273640.0,CHOP,NO_GO,HOLD,13.33,NORMAL,PRO,DEFENSIVE,1.0,0.50,Aegean:FLAT(0.50)|Orion:SHORT(0.20),Regime: CHOP (Reduced Weights). Score: -0.13. Low Conviction (<0.35).,LOW_CONVICTION,-0.309050,MID,16.11,False,0.0,0.0,0.00,0.00
1688273700.0,CHOP,NO_GO,HOLD,13.33,NORMAL,PRO,DEFENSIVE,1.0,0.50,Aegean:FLAT(0.50)|Orion:LONG(0.20),Regime: CHOP (Reduced Weights). Score: 0.13. Low Conviction (<0.35).,LOW_CONVICTION,0.723458,TOP,15.26,False,0.0,0.0,0.00,0.00
1688273760.0,CHOP,NO_GO,HOLD,13.33,NORMAL,PRO,DEFENSIVE,1.0,0.50,Aegean:FLAT(0.50)|Orion:LONG(0.20),Regime: CHOP (Reduced Weights). Score: 0.13. Low Conviction (<0.35).,LOW_CONVICTION,2.103756,TOP,16.23,False,0.0,0.0,0.00,0.00
1688273820.0,CHOP,NO_GO,HOLD,13.33,NORMAL,PRO,DEFENSIVE,1.0,0.50,Aegean:FLAT(0.50)|Orion:LONG(0.20),Regime: CHOP (Reduced Weights). Score: 0.13. Low Conviction (<0.35).,LOW_CONVICTION,2.311761,TOP,17.57,False,0.0,0.0,0.00,0.00
1688273880.0,CHOP,NO_GO,HOLD,13.33,NORMAL,PRO,DEFENSIVE,1.0,0.50,Aegean:FLAT(0.50)|Orion:LONG(0.20),Regime: CHOP (Reduced Weights). Score: 0.13. Low Conviction (<0.35).,LOW_CONVICTION,1.117738,MID,17.86,False,0.0,0.0,0.00,0.00
1688273940.0,CHOP,NO_GO,HOLD,13.33,NORMAL,PRO,DEFENSIVE,1.0,0.50,Aegean:FLAT(0.50)|Orion:LONG(0.20),Regime: CHOP (Reduced Weights). Score: 0.13. Low Conviction (<0.35).,LOW_CONVICTION,0.895484,MID,17.96,False,0.0,0.0,0.00,0.00
1688274000.0,TREND,NO_GO,HOLD,13.33,NORMAL,PRO,DEFENSIVE,1.0,0.50,Aegean:FLAT(0.30)|Orion:LONG(0.20),Regime: TREND (Orion 2x). Score: 0.13. Low Conviction (<0.35).,LOW_CONVICTION,3.171171,TOP,19.81,False,0.0,0.0,0.00,0.00
1688274060.0,TREND,NO_GO,HOLD,13.33,NORMAL,PRO,DEFENSIVE,1.0,0.50,Aegean:FLAT(0.50)|Orion:LONG(0.20),Regime: TREND (Orion 2x). Score: 0.13. Low Conviction (<0.35).,LOW_CONVICTION,2.622469,TOP,21.52,False,0.0,0.0,0.00,0.00
1688274120.0,TREND,NO_GO,HOLD,13.33,NORMAL,PRO,DEFENSIVE,1.0,0.50,Aegean:FLAT(0.50)|Orion:LONG(0.20),Regime: TREND (Orion 2x). Score: 0.13. Low Conviction (<0.35).,LOW_CONVICTION,2.689156,TOP,23.27,False,0.0,0.0,0.00,0.00
1688274180.0,TREND,NO_GO,HOLD,13.33,NORMAL,PRO,DEFENSIVE,1.0,0.50,Aegean:FLAT(0.50)|Orion:LONG(0.20),Regime: TREND (Orion 2x). Score: 0.13. Low Conviction (<0.35).,LOW_CONVICTION,2.443980,TOP,24.78,False,0.0,0.0,0.00,0.00
1688274240.0,TREND,NO_GO,HOLD,10.29,NORMAL,PRO,DEFENSIVE,1.0,0.50,Aegean:FLAT(0.50)|Orion:LONG(0.15),Regime: TREND (Orion 2x). Score: 0.10. Low Conviction (<0.35).,LOW_CONVICTION,2.192608,TOP,26.17,True,0.0,0.0,0.00,0.00
1688274300.0,TREND,NO_GO,HOLD,10.65,NORMAL,PRO,DEFENSIVE,1.0,0.50,Aegean:FLAT(0.50)|Orion:LONG(0.16),Regime: TREND (Orion 2x). Score: 0.11. Low Conviction (<0.35).,LOW_CONVICTION,1.685727,TOP,26.39,True,0.0,0.0,0.00,0.00
1688274360.0,TREND,NO_GO,HOLD,10.96,NORMAL,PRO,DEFENSIVE,1.0,0.50,Aegean:FLAT(0.50)|Orion:LONG(0.16),Regime: TREND (Orion 2x). Score: 0.11. Low Conviction (<0.35).,LOW_CONVICTION,1.716602,TOP,26.58,True,0.0,0.0,0.00,0.00
1688274420.0,TREND,NO_GO,HOLD,9.84,NORMAL,PRO,DEFENSIVE,1.0,0.50,Aegean:FLAT(0.50)|Orion:LONG(0.15),Regime: TREND (Orion 2x). Score: 0.10. Low Conviction (<0.35).,LOW_CONVICTION,0.825289,MID,25.90,True,0.0,0.0,0.00,0.00
1688274480.0,TREND,NO_GO,HOLD,8.35,NORMAL,PRO,DEFENSIVE,1.0,0.50,Aegean:FLAT(0.50)|Orion:LONG(0.13),Regime: TREND (Orion 2x). Score: 0.08. Low Conviction (<0.35).,LOW_CONVICTION,-1.030198,MID,25.01,True,0.0,0.0,0.00,0.00
1688274540.0,TREND,NO_GO,HOLD,13.33,NORMAL,PRO,DEFENSIVE,1.0,0.50,Aegean:FLAT(0.50)|Orion:LONG(0.20),Regime: TREND (Orion 2x). Score: 0.13. Low Conviction (<0.35).,LOW_CONVICTION,-1.057984,MID,24.31,False,0.0,0.0,0.00,0.00
1688274600.0,TREND,NO_GO,HOLD,13.33,NORMAL,PRO,DEFENSIVE,1.0,0.50,Aegean:FLAT(0.50)|Orion:LONG(0.20),Regime: TREND (Orion 2x). Score: 0.13. Low Conviction (<0.35).,LOW_CONVICTION,-0.966426,MID,23.67,False,0.0,0.0,0.00,0.00
1688274660.0,TREND,NO_GO,HOLD,13.33,NORMAL,PRO,DEFENSIVE,1.0,0.50,Aegean:FLAT(0.50)|Orion:LONG(0.20),Regime: TREND (Orion 2x). Score: 0.13. Low Conviction (<0.35).,LOW_CONVICTION,-0.876488,MID,23.07,False,0.0,0.0,0.00,0.00
1688274720.0,TREND,NO_GO,HOLD,13.33,NORMAL,PRO,DEFENSIVE,1.0,0.50,Aegean:FLAT(0.50)|Orion:LONG(0.20),Regime: TREND (Orion 2x). Score: 0.13. Low Conviction (<0.35).,LOW_CONVICTION,-0.630608,MID,22.01,False,0.0,0.0,0.00,0.00
1688274780.0,TREND,NO_GO,HOLD,13.33,NORMAL,PRO,DEFENSIVE,1.0,0.50,Aegean:FLAT(0.50)|Orion:SHORT(0.20),Regime: TREND (Orion 2x). Score: -0.13. Low Conviction (<0.35).,LOW_CONVICTION,-0.938169,MID,21.61,False,0.0,0.0,0.00,0.00
1688274840.0,TREND,NO_GO,HOLD,13.33,NORMAL,PRO,DEFENSIVE,1.0,0.50,Aegean:FLAT(0.50)|Orion:SHORT(0.20),Regime: TREND (Orion 2x). Score: -0.13. Low Conviction (<0.35).,LOW_CONVICTION,-0.855899,MID,21.23,False,0.0,0.0,0.00,0.00
1688274900.0,TREND,NO_GO,HOLD,13.33,NORMAL,PRO,DEFENSIVE,1.0,0.50,Aegean:FLAT(0.50)|Orion:SHORT(0.20),Regime: TREND (Orion 2x). Score: -0.13. Low Conviction (<0.35).,LOW_CONVICTION,-1.803851,MID,22.66,False,0.0,0.0,0.00,0.00
1688274960.0,TREND,NO_GO,HOLD,13.33,NORMAL,PRO,DEFENSIVE,1.0,0.50,Aegean:FLAT(0.50)|Orion:SHORT(0.20),Regime: TREND (Orion 2x). Score: -0.13. Low Conviction (<0.35).,LOW_CONVICTION,-1.350160,MID,23.98,False,0.0,0.0,0.00,0.00
1688275020.0,TREND,NO_GO,HOLD,9.02,NORMAL,PRO,DEFENSIVE,1.0,0.50,Aegean:FLAT(0.50)|Orion:SHORT(0.14),Regime: TREND (Orion 2x). Score: -0.09. Low Conviction (<0.35).,LOW_CONVICTION,-1.777051,MID,25.41,True,0.0,0.0,0.00,0.00
1688275080.0,TREND,NO_GO,HOLD,11.24,NORMAL,PRO,DEFENSIVE,1.0,0.50,Aegean:FLAT(0.50)|Orion:SHORT(0.17),Regime: TREND (Orion 2x). Score: -0.11. Low Conviction (<0.35).,LOW_CONVICTION,-1.596240,MID,26.74,True,0.0,0.0,0.00,0.00
1688275140.0,TREND,NO_GO,HOLD,13.34,NORMAL,PRO,DEFENSIVE,1.0,0.50,Aegean:FLAT(0.50)|Orion:SHORT(0.20),Regime: TREND (Orion 2x). Score: -0.13. Low Conviction (<0.35).,LOW_CONVICTION,-1.446361,MID,28.00,True,0.0,0.0,0.00,0.00
1688275200.0,TREND,NO_GO,HOLD,15.34,NORMAL,PRO,DEFENSIVE,1.0,0.50,Aegean:FLAT(0.50)|Orion:SHORT(0.23),Regime: TREND (Orion 2x). Score: -0.15. Low Conviction (<0.35).,LOW_CONVICTION,-1.299166,MID,29.20,True,0.0,0.0,0.00,0.00
1688275260.0,TREND,NO_GO,HOLD,17.33,NORMAL,PRO,DEFENSIVE,1.0,0.50,Aegean:FLAT(0.50)|Orion:SHORT(0.26),Regime: TREND (Orion 2x). Score: -0.17. Low Conviction (<0.35).,LOW_CONVICTION,-1.334273,DIP,30.40,True,0.0,0.0,0.00,0.00
1688275320.0,TREND,NO_GO,HOLD,19.19,NORMAL,PRO,DEFENSIVE,1.0,0.50,Aegean:FLAT(0.50)|Orion:SHORT(0.29),Regime: TREND (Orion 2x). Score: -0.19. Low Conviction (<0.35).,LOW_CONVICTION,-1.207218,DIP,31.51,True,0.0,0.0,0.00,0.00
1688275380.0,TREND,NO_GO,HOLD,20.93,NORMAL,PRO,DEFENSIVE,1.0,0.50,Aegean:FLAT(0.50)|Orion:SHORT(0.31),Regime: TREND (Orion 2x). Score: -0.21. Low Conviction (<0.35).,LOW_CONVICTION,-1.088240,DIP,32.56,True,0.0,0.0,0.00,0.00
1688275440.0,TREND,NO_GO,HOLD,22.53,NORMAL,PRO,DEFENSIVE,1.0,0.50,Aegean:FLAT(0.50)|Orion:SHORT(0.34),Regime: TREND (Orion 2x). Score: -0.23. Low Conviction (<0.35).,LOW_CONVICTION,-0.997741,DIP,33.52,True,0.0,0.0,0.00,0.00
1688275500.0,TREND,NO_GO,HOLD,24.95,NORMAL,PRO,DEFENSIVE,1.0,0.50,Aegean:FLAT(0.50)|Orion:SHORT(0.37),Regime: TREND (Orion 2x). Score: -0.25. Low Conviction (<0.35).,LOW_CONVICTION,-1.520814,DIP,34.97,True,0.0,0.0,0.00,0.00
1688275560.0,TREND,NO_GO,HOLD,27.22,NORMAL,PRO,DEFENSIVE,1.0,0.50,Aegean:FLAT(0.50)|Orion:SHORT(0.41),Regime: TREND (Orion 2x). Score: -0.27. Low Conviction (<0.35).,LOW_CONVICTION,-0.987942,DIP,36.33,True,0.0,0.0,0.00,0.00
1688275620.0,TREND,NO_GO,HOLD,29.32,NORMAL,PRO,DEFENSIVE,1.0,0.50,Aegean:FLAT(0.50)|Orion:SHORT(0.44),Regime: TREND (Orion 2x). Score: -0.29. Low Conviction (<0.35).,LOW_CONVICTION,-0.904978,DIP,37.59,True,0.0,0.0,0.00,0.00
1688275680.0,TREND,NO_GO,HOLD,32.30,NORMAL,PRO,DEFENSIVE,1.0,0.50,Aegean:FLAT(0.50)|Orion:SHORT(0.48),Regime: TREND (Orion 2x). Score: -0.32. Low Conviction (<0.35).,LOW_CONVICTION,-1.506533,DIP,39.38,True,0.0,0.0,0.00,0.00
1688275740.0,TREND,NO_GO,HOLD,34.96,NORMAL,PRO,DEFENSIVE,1.0,0.50,Aegean:FLAT(0.50)|Orion:SHORT(0.52),Regime: TREND (Orion 2x). Score: -0.35. Low Conviction (<0.35).,LOW_CONVICTION,-1.350882,DIP,40.98,True,0.0,0.0,0.00,0.00
1688275800.0,TREND,GO,SELL,37.40,NORMAL,PRO,DEFENSIVE,1.0,0.50,Aegean:FLAT(0.50)|Orion:SHORT(0.56),Regime: TREND (Orion 2x). Score: -0.37. Bearish Consensus.,,-1.233956,DIP,42.44,True,1.7,20.0,2.00,7.03
1688275860.0,TREND,GO,SELL,36.48,NORMAL,PRO,DEFENSIVE,1.0,0.50,Aegean:FLAT(0.50)|Orion:SHORT(0.55),Regime: TREND (Orion 2x). Score: -0.36. Bearish Consensus.,,-0.448301,MID,41.89,True,1.9,20.0,2.00,6.79
1688275920.0,TREND,GO,SELL,35.56,NORMAL,PRO,DEFENSIVE,1.0,0.50,Aegean:FLAT(0.50)|Orion:SHORT(0.53),Regime: TREND (Orion 2x). Score: -0.36. Bearish Consensus.,,-1.011152,DIP,41.34,True,1.9,20.0,2.00,6.81
1688275980.0,TREND,GO,SELL,35.00,NORMAL,PRO,DEFENSIVE,1.0,0.50,Aegean:FLAT(0.50)|Orion:SHORT(0.53),Regime: TREND (Orion 2x). Score: -0.35. Bearish Consensus.,,-1.050598,DIP,41.00,True,1.9,20.0,2.00,6.77
1688276040.0,TREND,NO_GO,HOLD,34.89,NORMAL,PRO,DEFENSIVE,1.0,0.50,Aegean:FLAT(0.50)|Orion:SHORT(0.52),Regime: TREND (Orion 2x). Score: -0.35. Low Conviction (<0.35).,LOW_CONVICTION,-1.145956,DIP,40.93,True,0.0,0.0,0.00,0.00
1688276100.0,TREND,NO_GO,HOLD,34.75,NORMAL,PRO,DEFENSIVE,1.0,0.50,Aegean:FLAT(0.50)|Orion:SHORT(0.52),Regime: TREND (Orion 2x). Score: -0.35. Low Conviction (<0.35).,LOW_CONVICTION,-0.776712,MID,40.85,True,0.0,0.0,0.00,0.00
1688276160.0,TREND,NO_GO,HOLD,34.65,NORMAL,PRO,DEFENSIVE,1.0,0.50,Aegean:FLAT(0.50)|Orion:SHORT(0.52),Regime: TREND (Orion 2x). Score: -0.35. Low Conviction (<0.35).,LOW_CONVICTION,-0.716398,MID,40.79,True,0.0,0.0,0.00,0.00
1688276220.0,TREND,GO,SELL,35.50,NORMAL,PRO,DEFENSIVE,1.0,0.50,Aegean:FLAT(0.50)|Orion:SHORT(0.53),Regime: TREND (Orion 2x). Score: -0.35. Bearish Consensus.,,-1.013082,DIP,41.30,True,1.7,20.0,2.00,6.81
1688276280.0,TREND,GO,SELL,36.44,NORMAL,PRO,DEFENSIVE,1.0,0.50,Aegean:FLAT(0.50)|Orion:SHORT(0.55),Regime: TREND (Orion 2x). Score: -0.36. Bearish Consensus.,,-1.022729,DIP,41.87,True,1.6,20.0,2.00,6.90
1688276340.0,TREND,GO,SELL,37.32,NORMAL,PRO,DEFENSIVE,1.0,0.50,Aegean:FLAT(0.50)|Orion:SHORT(0.56),Regime: TREND (Orion 2x). Score: -0.37. Bearish Consensus.,,-0.972961,DIP,42.39,True,1.5,20.0,2.00,6.97
1688276400.0,TREND,GO,SELL,38.13,NORMAL,PRO,DEFENSIVE,1.0,0.50,Aegean:FLAT(0.50)|Orion:SHORT(0.57),Regime: TREND (Orion 2x). Score: -0.38. Bearish Consensus.,,-0.874369,DIP,42.88,True,1.4,20.0,2.00,7.03
1688276460.0,TREND,GO,SELL,38.23,NORMAL,PRO,DEFENSIVE,1.0,0.50,Aegean:FLAT(0.50)|Orion:SHORT(0.57),Regime: TREND (Orion 2x). Score: -0.38. Bearish Consensus.,,-0.706942,DIP,42.94,True,1.3,20.0,2.00,7.01
1688276520.0,TREND,GO,SELL,36.64,NORMAL,PRO,DEFENSIVE,1.0,0.50,Aegean:FLAT(0.50)|Orion:SHORT(0.55),Regime: TREND (Orion 2x). Score: -0.37. Bearish Consensus.,,-0.376757,MID,41.98,True,1.4,20.0,2.00,6.79
1688276580.0,TREND,GO,SELL,35.26,NORMAL,PRO,DEFENSIVE,1.0,0.50,Aegean:FLAT(0.50)|Orion:SHORT(0.53),Regime: TREND (Orion 2x). Score: -0.35. Bearish Consensus.,,-0.340856,MID,41.16,True,1.3,20.0,2.00,6.65
1688276640.0,TREND,NO_GO,HOLD,33.87,NORMAL,PRO,DEFENSIVE,1.0,0.50,Aegean:FLAT(0.50)|Orion:SHORT(0.51),Regime: TREND (Orion 2x). Score: -0.34. Low Conviction (<0.35).,LOW_CONVICTION,-0.303254,MID,40.32,True,0.0,0.0,0.00,0.00
1688276700.0,TREND,NO_GO,HOLD,33.91,NORMAL,PRO,DEFENSIVE,1.0,0.50,Aegean:FLAT(0.50)|Orion:SHORT(0.51),Regime: TREND (Orion 2x). Score: -0.34. Low Conviction (<0.35).,LOW_CONVICTION,-0.662064,DIP,40.35,True,0.0,0.0,0.00,0.00
1688276760.0,TREND,NO_GO,HOLD,33.99,NORMAL,PRO,DEFENSIVE,1.0,0.50,Aegean:FLAT(0.50)|Orion:SHORT(0.51),Regime: TREND (Orion 2x). Score: -0.34. Low Conviction (<0.35).,LOW_CONVICTION,-0.584849,DIP,40.40,True,0.0,0.0,0.00,0.00
1688276820.0,TREND,NO_GO,HOLD,32.47,NORMAL,PRO,DEFENSIVE,1.0,0.50,Aegean:FLAT(0.50)|Orion:SHORT(0.49),Regime: TREND (Orion 2x). Score: -0.32. Low Conviction (<0.35).,LOW_CONVICTION,-0.272417,MID,39.48,True,0.0,0.0,0.00,0.00
1688276880.0,TREND,NO_GO,HOLD,31.07,NORMAL,PRO,DEFENSIVE,1.0,0.50,Aegean:FLAT(0.50)|Orion:SHORT(0.47),Regime: TREND (Orion 2x). Score: -0.31. Low Conviction (<0.35).,LOW_CONVICTION,-0.400714,DIP,38.64,True,0.0,0.0,0.00,0.00
1688276940.0,TREND,NO_GO,HOLD,29.73,NORMAL,PRO,DEFENSIVE,1.0,0.50,Aegean:FLAT(0.50)|Orion:SHORT(0.45),Regime: TREND (Orion 2x). Score: -0.30. Low Conviction (<0.35).,LOW_CONVICTION,-0.363234,DIP,37.84,True,0.0,0.0,0.00,0.00
1688277000.0,TREND,NO_GO,HOLD,27.29,NORMAL,PRO,DEFENSIVE,1.0,0.50,Aegean:FLAT(0.50)|Orion:SHORT(0.41),Regime: TREND (Orion 2x). Score: -0.27. Low Conviction (<0.35).,LOW_CONVICTION,-0.170565,MID,36.37,True,0.0,0.0,0.00,0.00
1688277060.0,TREND,NO_GO,HOLD,27.14,NORMAL,PRO,DEFENSIVE,1.0,0.50,Aegean:FLAT(0.50)|Orion:LONG(0.41),Regime: TREND (Orion 2x). Score: 0.27. Low Conviction (<0.35).,LOW_CONVICTION,1.365712,TOP,36.29,True,0.0,0.0,0.00,0.00
1688277120.0,TREND,NO_GO,HOLD,28.14,NORMAL,PRO,DEFENSIVE,1.0,0.50,Aegean:FLAT(0.50)|Orion:LONG(0.42),Regime: TREND (Orion 2x). Score: 0.28. Low Conviction (<0.35).,LOW_CONVICTION,1.785919,TOP,36.88,True,0.0,0.0,0.00,0.00
1688277180.0,TREND,NO_GO,HOLD,29.06,NORMAL,PRO,DEFENSIVE,1.0,0.50,Aegean:FLAT(0.50)|Orion:LONG(0.44),Regime: TREND (Orion 2x). Score: 0.29. Low Conviction (<0.35).,LOW_CONVICTION,1.615812,TOP,37.44,True,0.0,0.0,0.00,0.00
1688277240.0,TREND,NO_GO,HOLD,25.60,NORMAL,PRO,DEFENSIVE,1.0,0.50,Aegean:FLAT(0.50)|Orion:SHORT(0.38),Regime: TREND (Orion 2x). Score: -0.26. Low Conviction (<0.35).,LOW_CONVICTION,0.559840,MID,35.36,True,0.0,0.0,0.00,0.00
1688277300.0,TREND,NO_GO,HOLD,22.78,NORMAL,PRO,DEFENSIVE,1.0,0.50,Aegean:FLAT(0.50)|Orion:SHORT(0.34),Regime: TREND (Orion 2x). Score: -0.23. Low Conviction (<0.35).,LOW_CONVICTION,-0.545545,DIP,33.67,True,0.0,0.0,0.00,0.00
1688277360.0,TREND,NO_GO,HOLD,20.19,NORMAL,PRO,DEFENSIVE,1.0,0.50,Aegean:FLAT(0.50)|Orion:SHORT(0.30),Regime: TREND (Orion 2x). Score: -0.20. Low Conviction (<0.35).,LOW_CONVICTION,-0.482097,DIP,32.11,True,0.0,0.0,0.00,0.00
1688277420.0,TREND,NO_GO,HOLD,18.67,NORMAL,PRO,DEFENSIVE,1.0,0.50,Aegean:FLAT(0.50)|Orion:SHORT(0.28),Regime: TREND (Orion 2x). Score: -0.19. Low Conviction (<0.35).,LOW_CONVICTION,-0.726967,DIP,31.20,True,0.0,0.0,0.00,0.00
1688277480.0,TREND,NO_GO,HOLD,17.72,NORMAL,PRO,DEFENSIVE,1.0,0.50,Aegean:FLAT(0.50)|Orion:SHORT(0.27),Regime: TREND (Orion 2x). Score: -0.18. Low Conviction (<0.35).,LOW_CONVICTION,-0.970094,DIP,30.63,True,0.0,0.0,0.00,0.00
1688277540.0,TREND,NO_GO,HOLD,18.16,NORMAL,PRO,DEFENSIVE,1.0,0.50,Aegean:FLAT(0.50)|Orion:SHORT(0.27),Regime: TREND (Orion 2x). Score: -0.18. Low Conviction (<0.35).,LOW_CONVICTION,-1.583437,DIP,30.90,True,0.0,0.0,0.00,0.00
1688277600.0,TREND,NO_GO,HOLD,20.07,NORMAL,PRO,DEFENSIVE,1.0,0.50,Aegean:FLAT(0.50)|Orion:SHORT(0.30),Regime: TREND (Orion 2x). Score: -0.20. Low Conviction (<0.35).,LOW_CONVICTION,-2.281806,DIP,32.04,True,0.0,0.0,0.00,0.00
1688277660.0,TREND,NO_GO,HOLD,19.47,NORMAL,PRO,DEFENSIVE,1.0,0.50,Aegean:FLAT(0.50)|Orion:SHORT(0.29),Regime: TREND (Orion 2x). Score: -0.19. Low Conviction (<0.35).,LOW_CONVICTION,-0.394967,MID,31.68,True,0.0,0.0,0.00,0.00
1688277720.0,TREND,NO_GO,HOLD,18.37,NORMAL,PRO,DEFENSIVE,1.0,0.50,Aegean:FLAT(0.50)|Orion:SHORT(0.28),Regime: TREND (Orion 2x). Score: -0.18. Low Conviction (<0.35).,LOW_CONVICTION,-0.156379,MID,31.02,True,0.0,0.0,0.00,0.00
1688277780.0,TREND,NO_GO,HOLD,16.87,NORMAL,PRO,DEFENSIVE,1.0,0.50,Aegean:FLAT(0.50)|Orion:SHORT(0.25),Regime: TREND (Orion 2x). Score: -0.17. Low Conviction (<0.35).,LOW_CONVICTION,0.052800,MID,30.12,True,0.0,0.0,0.00,0.00
1688277840.0,TREND,NO_GO,HOLD,15.28,NORMAL,PRO,DEFENSIVE,1.0,0.50,Aegean:FLAT(0.50)|Orion:SHORT(0.23),Regime: TREND (Orion 2x). Score: -0.15. Low Conviction (<0.35).,LOW_CONVICTION,0.156432,MID,29.17,True,0.0,0.0,0.00,0.00
1688277900.0,TREND,NO_GO,HOLD,12.50,NORMAL,PRO,DEFENSIVE,1.0,0.50,Aegean:FLAT(0.50)|Orion:SHORT(0.19),Regime: TREND (Orion 2x). Score: -0.12. Low Conviction (<0.35).,LOW_CONVICTION,0.317677,MID,27.50,True,0.0,0.0,0.00,0.00
1688277960.0,TREND,NO_GO,HOLD,9.91,NORMAL,PRO,DEFENSIVE,1.0,0.50,Aegean:FLAT(0.50)|Orion:SHORT(0.15),Regime: TREND (Orion 2x). Score: -0.10. Low Conviction (<0.35).,LOW_CONVICTION,0.288374,MID,25.95,True,0.0,0.0,0.00,0.00
1688278020.0,TREND,NO_GO,HOLD,9.27,NORMAL,PRO,DEFENSIVE,1.0,0.50,Aegean:FLAT(0.50)|Orion:SHORT(0.14),Regime: TREND (Orion 2x). Score: -0.09. Low Conviction (<0.35).,LOW_CONVICTION,-0.434249,MID,25.56,True,0.0,0.0,0.00,0.00
1688278080.0,TREND,NO_GO,HOLD,9.04,NORMAL,PRO,DEFENSIVE,1.0,0.50,Aegean:FLAT(0.50)|Orion:SHORT(0.14),Regime: TREND (Orion 2x). Score: -0.09. Low Conviction (<0.35).,LOW_CONVICTION,-0.707159,MID,25.42,True,0.0,0.0,0.00,0.00
1688278140.0,TREND,NO_GO,HOLD,8.74,NORMAL,PRO,DEFENSIVE,1.0,0.50,Aegean:FLAT(0.50)|Orion:SHORT(0.13),Regime: TREND (Orion 2x). Score: -0.09. Low Conviction (<0.35).,LOW_CONVICTION,-0.639829,MID,25.24,True,0.0,0.0,0.00,0.00
1688278200.0,TREND,NO_GO,HOLD,9.85,NORMAL,PRO,DEFENSIVE,1.0,0.50,Aegean:FLAT(0.50)|Orion:SHORT(0.15),Regime: TREND (Orion 2x). Score: -0.10. Low Conviction (<0.35).,LOW_CONVICTION,-0.995182,MID,25.91,True,0.0,0.0,0.00,0.00
1688278260.0,TREND,NO_GO,HOLD,9.79,NORMAL,PRO,DEFENSIVE,1.0,0.50,Aegean:FLAT(0.50)|Orion:SHORT(0.15),Regime: TREND (Orion 2x). Score: -0.10. Low Conviction (<0.35).,LOW_CONVICTION,-0.124295,MID,25.88,True,0.0,0.0,0.00,0.00
1688278320.0,TREND,NO_GO,HOLD,9.71,NORMAL,PRO,DEFENSIVE,1.0,0.50,Aegean:FLAT(0.50)|Orion:SHORT(0.15),Regime: TREND (Orion 2x). Score: -0.10. Low Conviction (<0.35).,LOW_CONVICTION,-0.109441,MID,25.83,True,0.0,0.0,0.00,0.00
1688278380.0,TREND,NO_GO,HOLD,9.67,NORMAL,PRO,DEFENSIVE,1.0,0.50,Aegean:FLAT(0.50)|Orion:SHORT(0.15),Regime: TREND (Orion 2x). Score: -0.10. Low Conviction (<0.35).,LOW_CONVICTION,-0.096435,MID,25.80,True,0.0,0.0,0.00,0.00
1688278440.0,TREND,NO_GO,HOLD,10.69,NORMAL,PRO,DEFENSIVE,1.0,0.50,Aegean:FLAT(0.50)|Orion:SHORT(0.16),Regime: TREND (Orion 2x). Score: -0.11. Low Conviction (<0.35).,LOW_CONVICTION,-0.617854,MID,26.42,True,0.0,0.0,0.00,0.00
1688278500.0,TREND,NO_GO,HOLD,11.56,NORMAL,PRO,DEFENSIVE,1.0,0.50,Aegean:FLAT(0.50)|Orion:SHORT(0.17),Regime: TREND (Orion 2x). Score: -0.12. Low Conviction (<0.35).,LOW_CONVICTION,-0.244629,MID,26.93,True,0.0,0.0,0.00,0.00
1688278560.0,TREND,NO_GO,HOLD,12.33,NORMAL,PRO,DEFENSIVE,1.0,0.50,Aegean:FLAT(0.50)|Orion:SHORT(0.18),Regime: TREND (Orion 2x). Score: -0.12. Low Conviction (<0.35).,LOW_CONVICTION,-0.212615,MID,27.40,True,0.0,0.0,0.00,0.00
1688278620.0,TREND,NO_GO,HOLD,11.55,NORMAL,PRO,DEFENSIVE,1.0,0.50,Aegean:FLAT(0.50)|Orion:SHORT(0.17),Regime: TREND (Orion 2x). Score: -0.12. Low Conviction (<0.35).,LOW_CONVICTION,-0.359700,MID,26.93,True,0.0,0.0,0.00,0.00
1688278680.0,TREND,NO_GO,HOLD,10.96,NORMAL,PRO,DEFENSIVE,1.0,0.50,Aegean:FLAT(0.50)|Orion:SHORT(0.16),Regime: TREND (Orion 2x). Score: -0.11. Low Conviction (<0.35).,LOW_CONVICTION,-0.136871,MID,26.58,True,0.0,0.0,0.00,0.00
1688278740.0,CHOP,NO_GO,HOLD,8.52,NORMAL,PRO,DEFENSIVE,1.0,0.50,Aegean:FLAT(0.50)|Orion:LONG(0.13),Regime: CHOP (Reduced Weights). Score: 0.09. Low Conviction (<0.35).,LOW_CONVICTION,0.448526,MID,25.11,True,0.0,0.0,0.00,0.00
1688278800.0,TREND,NO_GO,HOLD,13.33,NORMAL,PRO,DEFENSIVE,1.0,0.50,Aegean:FLAT(0.50)|Orion:LONG(0.20),Regime: TREND (Orion 2x). Score: 0.13. Low Conviction (<0.35).,LOW_CONVICTION,0.795412,TOP,23.59,False,0.0,0.0,0.00,0.00
1688278860.0,CHOP,NO_GO,HOLD,13.33,NORMAL,PRO,DEFENSIVE,1.0,0.50,Aegean:FLAT(0.50)|Orion:LONG(0.20),Regime: CHOP (Reduced Weights). Score: 0.13. Low Conviction (<0.35).,LOW_CONVICTION,0.713403,TOP,22.19,False,0.0,0.0,0.00,0.00
1688278920.0,CHOP,NO_GO,HOLD,13.33,NORMAL,PRO,DEFENSIVE,1.0,0.50,Aegean:FLAT(0.50)|Orion:LONG(0.20),Regime: CHOP (Reduced Weights). Score: 0.13. Low Conviction (<0.35).,LOW_CONVICTION,0.263555,MID,21.01,False,0.0,0.0,0.00,0.00
1688278980.0,CHOP,NO_GO,HOLD,13.33,NORMAL,PRO,DEFENSIVE,1.0,0.50,Aegean:FLAT(0.50)|Orion:SHORT(0.20),Regime: CHOP (Reduced Weights). Score: -0.13. Low Conviction (<0.35).,LOW_CONVICTION,0.040379,MID,20.26,False,0.0,0.0,0.00,0.00
1688279040.0,CHOP,NO_GO,HOLD,13.33,NORMAL,PRO,DEFENSIVE,1.0,0.50,Aegean:FLAT(0.50)|Orion:LONG(0.20),Regime: CHOP (Reduced Weights). Score: 0.13. Low Conviction (<0.35).,LOW_CONVICTION,0.156658,MID,19.59,False,0.0,0.0,0.00,0.00
1688279100.0,CHOP,NO_GO,HOLD,13.33,NORMAL,PRO,DEFENSIVE,1.0,0.50,Aegean:FLAT(0.50)|Orion:LONG(0.20),Regime: CHOP (Reduced Weights). Score: 0.13. Low Conviction (<0.35).,LOW_CONVICTION,1.279833,TOP,19.40,False,0.0,0.0,0.00,0.00
1688279160.0,CHOP,NO_GO,HOLD,13.33,NORMAL,PRO,DEFENSIVE,1.0,0.50,Aegean:FLAT(0.50)|Orion:LONG(0.20),Regime: CHOP (Reduced Weights). Score: 0.13. Low Conviction (<0.35).,LOW_CONVICTION,1.047772,TOP,19.65,False,0.0,0.0,0.00,0.00
1688279220.0,CHOP,NO_GO,HOLD,13.33,NORMAL,PRO,DEFENSIVE,1.0,0.50,Aegean:FLAT(0.50)|Orion:LONG(0.20),Regime: CHOP (Reduced Weights). Score: 0.13. Low Conviction (<0.35).,LOW_CONVICTION,1.153060,TOP,19.80,False,0.0,0.0,0.00,0.00
1688279280.0,CHOP,NO_GO,HOLD,13.33,NORMAL,PRO,DEFENSIVE,1.0,0.50,Aegean:FLAT(0.50)|Orion:LONG(0.20),Regime: CHOP (Reduced Weights). Score: 0.13. Low Conviction (<0.35).,LOW_CONVICTION,1.564216,TOP,20.73,False,0.0,0.0,0.00,0.00
1688279340.0,CHOP,NO_GO,HOLD,13.33,NORMAL,PRO,DEFENSIVE,1.0,0.50,Aegean:FLAT(0.50)|Orion:LONG(0.20),Regime: CHOP (Reduced Weights). Score: 0.13. Low Conviction (<0.35).,LOW_CONVICTION,1.746339,TOP,21.83,False,0.0,0.0,0.00,0.00
1688279400.0,CHOP,NO_GO,HOLD,13.33,NORMAL,PRO,DEFENSIVE,1.0,0.50,Aegean:FLAT(0.50)|Orion:LONG(0.20),Regime: CHOP (Reduced Weights). Score: 0.13. Low Conviction (<0.35).,LOW_CONVICTION,1.031200,MID,22.11,False,0.0,0.0,0.00,0.00
1688279460.0,CHOP,NO_GO,HOLD,13.33,NORMAL,PRO,DEFENSIVE,1.0,0.50,Aegean:FLAT(0.50)|Orion:LONG(0.20),Regime: CHOP (Reduced Weights). Score: 0.13. Low Conviction (<0.35).,LOW_CONVICTION,0.381086,MID,21.62,False,0.0,0.0,0.00,0.00
1688279520.0,CHOP,NO_GO,HOLD,13.33,NORMAL,PRO,DEFENSIVE,1.0,0.50,Aegean:FLAT(0.50)|Orion:LONG(0.20),Regime: CHOP (Reduced Weights). Score: 0.13. Low Conviction (<0.35).,LOW_CONVICTION,0.343839,MID,21.16,False,0.0,0.0,0.00,0.00
1688279580.0,CHOP,NO_GO,HOLD,13.33,NORMAL,PRO,DEFENSIVE,1.0,0.50,Aegean:FLAT(0.50)|Orion:LONG(0.20),Regime: CHOP (Reduced Weights). Score: 0.13. Low Conviction (<0.35).,LOW_CONVICTION,0.330665,MID,20.74,False,0.0,0.0,0.00,0.00
1688279640.0,CHOP,NO_GO,HOLD,13.33,NORMAL,PRO,DEFENSIVE,1.0,0.50,Aegean:FLAT(0.50)|Orion:LONG(0.20),Regime: CHOP (Reduced Weights). Score: 0.13. Low Conviction (<0.35).,LOW_CONVICTION,0.254576,MID,20.23,False,0.0,0.0,0.00,0.00
1688279700.0,CHOP,NO_GO,HOLD,13.33,NORMAL,PRO,DEFENSIVE,1.0,0.50,Aegean:FLAT(0.50)|Orion:LONG(0.20),Regime: CHOP (Reduced Weights). Score: 0.13. Low Conviction (<0.35).,LOW_CONVICTION,0.139855,MID,19.68,False,0.0,0.0,0.00,0.00
1688279760.0,CHOP,NO_GO,HOLD,13.33,NORMAL,PRO,DEFENSIVE,1.0,0.50,Aegean:FLAT(0.50)|Orion:LONG(0.20),Regime: CHOP (Reduced Weights). Score: 0.13. Low Conviction (<0.35).,LOW_CONVICTION,0.018110,MID,18.80,False,0.0,0.0,0.00,0.00
1688279820.0,CHOP,NO_GO,HOLD,13.33,NORMAL,PRO,DEFENSIVE,1.0,0.50,Aegean:FLAT(0.50)|Orion:LONG(0.20),Regime: CHOP (Reduced Weights). Score: 0.13. Low Conviction (<0.35).,LOW_CONVICTION,-0.365883,MID,17.82,False,0.0,0.0,0.00,0.00
1688279880.0,CHOP,NO_GO,HOLD,13.33,NORMAL,PRO,DEFENSIVE,1.0,0.50,Aegean:FLAT(0.50)|Orion:SHORT(0.20),Regime: CHOP (Reduced Weights). Score: -0.13. Low Conviction (<0.35).,LOW_CONVICTION,-0.858703,DIP,17.87,False,0.0,0.0,0.00,0.00
1688279940.0,CHOP,NO_GO,HOLD,13.33,NORMAL,PRO,DEFENSIVE,1.0,0.50,Aegean:FLAT(0.50)|Orion:SHORT(0.20),Regime: CHOP (Reduced Weights). Score: -0.13. Low Conviction (<0.35).,LOW_CONVICTION,-0.344486,MID,18.22,False,0.0,0.0,0.00,0.00
1688280000.0,CHOP,NO_GO,HOLD,13.33,NORMAL,PRO,DEFENSIVE,1.0,0.50,Aegean:FLAT(0.50)|Orion:LONG(0.20),Regime: CHOP (Reduced Weights). Score: 0.13. Low Conviction (<0.35).,LOW_CONVICTION,-0.189172,MID,17.86,False,0.0,0.0,0.00,0.00
1688280060.0,CHOP,NO_GO,HOLD,13.33,NORMAL,PRO,DEFENSIVE,1.0,0.50,Aegean:FLAT(0.50)|Orion:LONG(0.20),Regime: CHOP (Reduced Weights). Score: 0.13. Low Conviction (<0.35).,LOW_CONVICTION,-0.174258,MID,17.54,False,0.0,0.0,0.00,0.00
1688280120.0,CHOP,NO_GO,HOLD,13.33,NORMAL,PRO,DEFENSIVE,1.0,0.50,Aegean:FLAT(0.50)|Orion:LONG(0.20),Regime: CHOP (Reduced Weights). Score: 0.13. Low Conviction (<0.35).,LOW_CONVICTION,-0.161582,MID,17.23,False,0.0,0.0,0.00,0.00
1688280180.0,CHOP,NO_GO,HOLD,13.33,NORMAL,PRO,DEFENSIVE,1.0,0.50,Aegean:FLAT(0.50)|Orion:LONG(0.20),Regime: CHOP (Reduced Weights). Score: 0.13. Low Conviction (<0.35).,LOW_CONVICTION,0.819485,MID,17.15,False,0.0,0.0,0.00,0.00
1688280240.0,CHOP,NO_GO,HOLD,13.33,NORMAL,PRO,DEFENSIVE,1.0,0.50,Aegean:FLAT(0.50)|Orion:LONG(0.20),Regime: CHOP (Reduced Weights). Score: 0.13. Low Conviction (<0.35).,LOW_CONVICTION,0.737730,MID,17.06,False,0.0,0.0,0.00,0.00
1688280300.0,CHOP,NO_GO,HOLD,13.33,NORMAL,PRO,DEFENSIVE,1.0,0.50,Aegean:FLAT(0.50)|Orion:LONG(0.20),Regime: CHOP (Reduced Weights). Score: 0.13. Low Conviction (<0.35).,LOW_CONVICTION,0.667451,MID,16.99,False,0.0,0.0,0.00,0.00
1688280360.0,CHOP,NO_GO,HOLD,13.33,NORMAL,PRO,DEFENSIVE,1.0,0.50,Aegean:FLAT(0.50)|Orion:LONG(0.20),Regime: CHOP (Reduced Weights). Score: 0.13. Low Conviction (<0.35).,LOW_CONVICTION,-0.482772,MID,16.85,False,0.0,0.0,0.00,0.00
1688280420.0,CHOP,NO_GO,HOLD,13.33,NORMAL,PRO,DEFENSIVE,1.0,0.50,Aegean:FLAT(0.50)|Orion:LONG(0.20),Regime: CHOP (Reduced Weights). Score: 0.13. Low Conviction (<0.35).,LOW_CONVICTION,-0.431405,MID,16.66,False,0.0,0.0,0.00,0.00
1688280480.0,CHOP,NO_GO,HOLD,13.33,NORMAL,PRO,DEFENSIVE,1.0,0.50,Aegean:FLAT(0.50)|Orion:LONG(0.20),Regime: CHOP (Reduced Weights). Score: 0.13. Low Conviction (<0.35).,LOW_CONVICTION,-0.076033,MID,15.87,False,0.0,0.0,0.00,0.00
1688280540.0,CHOP,NO_GO,HOLD,13.33,NORMAL,PRO,DEFENSIVE,1.0,0.50,Aegean:FLAT(0.50)|Orion:LONG(0.20),Regime: CHOP (Reduced Weights). Score: 0.13. Low Conviction (<0.35).,LOW_CONVICTION,-0.059711,MID,15.14,False,0.0,0.0,0.00,0.00
1688280600.0,CHOP,NO_GO,HOLD,13.33,NORMAL,PRO,DEFENSIVE,1.0,0.50,Aegean:FLAT(0.50)|Orion:SHORT(0.20),Regime: CHOP (Reduced Weights). Score: -0.13. Low Conviction (<0.35).,LOW_CONVICTION,-1.291340,DIP,16.29,False,0.0,0.0,0.00,0.00
1688280660.0,CHOP,NO_GO,HOLD,13.33,NORMAL,PRO,DEFENSIVE,1.0,0.50,Aegean:FLAT(0.50)|Orion:SHORT(0.20),Regime: CHOP (Reduced Weights). Score: -0.13. Low Conviction (<0.35).,LOW_CONVICTION,-1.404546,DIP,17.91,False,0.0,0.0,0.00,0.00
1688280720.0,CHOP,NO_GO,HOLD,13.33,NORMAL,PRO,DEFENSIVE,1.0,0.50,Aegean:FLAT(0.50)|Orion:SHORT(0.20),Regime: CHOP (Reduced Weights). Score: -0.13. Low Conviction (<0.35).,LOW_CONVICTION,-0.323141,MID,17.96,False,0.0,0.0,0.00,0.00
1688280780.0,CHOP,NO_GO,HOLD,13.33,NORMAL,PRO,DEFENSIVE,1.0,0.50,Aegean:FLAT(0.50)|Orion:SHORT(0.20),Regime: CHOP (Reduced Weights). Score: -0.13. Low Conviction (<0.35).,LOW_CONVICTION,-0.281778,MID,18.01,False,0.0,0.0,0.00,0.00
1688280840.0,CHOP,NO_GO,HOLD,13.33,NORMAL,PRO,DEFENSIVE,1.0,0.50,Aegean:FLAT(0.50)|Orion:SHORT(0.20),Regime: CHOP (Reduced Weights). Score: -0.13. Low Conviction (<0.35).,LOW_CONVICTION,-0.261283,MID,17.98,False,0.0,0.0,0.00,0.00
1688280900.0,CHOP,NO_GO,HOLD,13.33,NORMAL,PRO,DEFENSIVE,1.0,0.50,Aegean:FLAT(0.50)|Orion:SHORT(0.20),Regime: CHOP (Reduced Weights). Score: -0.13. Low Conviction (<0.35).,LOW_CONVICTION,-0.800228,MID,18.74,False,0.0,0.0,0.00,0.00
1688280960.0,TREND,NO_GO,HOLD,13.33,NORMAL,PRO,DEFENSIVE,1.0,0.50,Aegean:FLAT(0.50)|Orion:SHORT(0.20),Regime: TREND (Orion 2x). Score: -0.13. Low Conviction (<0.35).,LOW_CONVICTION,-1.518691,DIP,20.43,False,0.0,0.0,0.00,0.00
1688281020.0,TREND,NO_GO,HOLD,13.33,NORMAL,PRO,DEFENSIVE,1.0,0.50,Aegean:FLAT(0.50)|Orion:SHORT(0.20),Regime: TREND (Orion 2x). Score: -0.13. Low Conviction (<0.35).,LOW_CONVICTION,-1.630239,DIP,22.02,False,0.0,0.0,0.00,0.00
1688281080.0,TREND,NO_GO,HOLD,13.33,NORMAL,PRO,DEFENSIVE,1.0,0.50,Aegean:FLAT(0.50)|Orion:SHORT(0.20),Regime: TREND (Orion 2x). Score: -0.13. Low Conviction (<0.35).,LOW_CONVICTION,-1.317003,DIP,23.50,False,0.0,0.0,0.00,0.00
1688281140.0,TREND,NO_GO,HOLD,13.33,NORMAL,PRO,DEFENSIVE,1.0,0.50,Aegean:FLAT(0.50)|Orion:SHORT(0.20),Regime: TREND (Orion 2x). Score: -0.13. Low Conviction (<0.35).,LOW_CONVICTION,-1.083281,DIP,24.87,False,0.0,0.0,0.00,0.00
1688281200.0,TREND,NO_GO,HOLD,9.44,NORMAL,PRO,DEFENSIVE,1.0,0.50,Aegean:FLAT(0.50)|Orion:SHORT(0.14),Regime: TREND (Orion 2x). Score: -0.09. Low Conviction (<0.35).,LOW_CONVICTION,-0.789616,MID,25.66,True,0.0,0.0,0.00,0.00
1688281260.0,TREND,NO_GO,HOLD,10.68,NORMAL,PRO,DEFENSIVE,1.0,0.50,Aegean:FLAT(0.50)|Orion:SHORT(0.16),Regime: TREND (Orion 2x). Score: -0.11. Low Conviction (<0.35).,LOW_CONVICTION,-0.897185,DIP,26.41,True,0.0,0.0,0.00,0.00
1688281320.0,TREND,NO_GO,HOLD,11.84,NORMAL,PRO,DEFENSIVE,1.0,0.50,Aegean:FLAT(0.50)|Orion:SHORT(0.18),Regime: TREND (Orion 2x). Score: -0.12. Low Conviction (<0.35).,LOW_CONVICTION,-0.808695,DIP,27.11,True,0.0,0.0,0.00,0.00
1688281380.0,TREND,NO_GO,HOLD,12.92,NORMAL,PRO,DEFENSIVE,1.0,0.50,Aegean:FLAT(0.50)|Orion:SHORT(0.19),Regime: TREND (Orion 2x). Score: -0.13. Low Conviction (<0.35).,LOW_CONVICTION,-0.733943,DIP,27.75,True,0.0,0.0,0.00,0.00
1688281440.0,TREND,NO_GO,HOLD,13.24,NORMAL,PRO,DEFENSIVE,1.0,0.50,Aegean:FLAT(0.50)|Orion:SHORT(0.20),Regime: TREND (Orion 2x). Score: -0.13. Low Conviction (<0.35).,LOW_CONVICTION,-0.565102,DIP,27.94,True,0.0,0.0,0.00,0.00
1688281500.0,TREND,NO_GO,HOLD,11.92,NORMAL,PRO,DEFENSIVE,1.0,0.50,Aegean:FLAT(0.50)|Orion:SHORT(0.18),Regime: TREND (Orion 2x). Score: -0.12. Low Conviction (<0.35).,LOW_CONVICTION,-0.148197,MID,27.15,True,0.0,0.0,0.00,0.00
1688281560.0,TREND,NO_GO,HOLD,9.56,NORMAL,PRO,DEFENSIVE,1.0,0.50,Aegean:FLAT(0.50)|Orion:SHORT(0.14),Regime: TREND (Orion 2x). Score: -0.10. Low Conviction (<0.35).,LOW_CONVICTION,0.135177,MID,25.74,True,0.0,0.0,0.00,0.00
1688281620.0,TREND,NO_GO,HOLD,13.33,NORMAL,PRO,DEFENSIVE,1.0,0.50,Aegean:FLAT(0.50)|Orion:SHORT(0.20),Regime: TREND (Orion 2x). Score: -0.13. Low Conviction (<0.35).,LOW_CONVICTION,0.112744,MID,24.41,False,0.0,0.0,0.00,0.00
1688281680.0,TREND,NO_GO,HOLD,13.33,NORMAL,PRO,DEFENSIVE,1.0,0.50,Aegean:FLAT(0.50)|Orion:SHORT(0.20),Regime: TREND (Orion 2x). Score: -0.13. Low Conviction (<0.35).,LOW_CONVICTION,0.094310,MID,23.20,False,0.0,0.0,0.00,0.00
1688281740.0,TREND,NO_GO,HOLD,13.33,NORMAL,PRO,DEFENSIVE,1.0,0.50,Aegean:FLAT(0.50)|Orion:SHORT(0.20),Regime: TREND (Orion 2x). Score: -0.13. Low Conviction (<0.35).,LOW_CONVICTION,0.095781,MID,22.07,False,0.0,0.0,0.00,0.00
1688281800.0,TREND,NO_GO,HOLD,13.33,NORMAL,PRO,DEFENSIVE,1.0,0.50,Aegean:FLAT(0.50)|Orion:SHORT(0.20),Regime: TREND (Orion 2x). Score: -0.13. Low Conviction (<0.35).,LOW_CONVICTION,0.096621,MID,21.13,False,0.0,0.0,0.00,0.00
1688281860.0,TREND,NO_GO,HOLD,13.33,NORMAL,PRO,DEFENSIVE,1.0,0.50,Aegean:FLAT(0.50)|Orion:SHORT(0.20),Regime: TREND (Orion 2x). Score: -0.13. Low Conviction (<0.35).,LOW_CONVICTION,-0.070657,MID,21.03,False,0.0,0.0,0.00,0.00
1688281920.0,TREND,NO_GO,HOLD,13.33,NORMAL,PRO,DEFENSIVE,1.0,0.50,Aegean:FLAT(0.50)|Orion:SHORT(0.20),Regime: TREND (Orion 2x). Score: -0.13. Low Conviction (<0.35).,LOW_CONVICTION,0.203672,MID,20.56,False,0.0,0.0,0.00,0.00
1688281980.0,CHOP,NO_GO,HOLD,13.33,NORMAL,PRO,DEFENSIVE,1.0,0.50,Aegean:FLAT(0.50)|Orion:SHORT(0.20),Regime: CHOP (Reduced Weights). Score: -0.13. Low Conviction (<0.35).,LOW_CONVICTION,-0.082971,MID,20.13,False,0.0,0.0,0.00,0.00
1688282040.0,TREND,NO_GO,HOLD,13.33,NORMAL,PRO,DEFENSIVE,1.0,0.50,Aegean:FLAT(0.50)|Orion:SHORT(0.20),Regime: TREND (Orion 2x). Score: -0.13. Low Conviction (<0.35).,LOW_CONVICTION,-0.072291,MID,19.75,False,0.0,0.0,0.00,0.00
1688282100.0,TREND,NO_GO,HOLD,13.33,NORMAL,PRO,DEFENSIVE,1.0,0.50,Aegean:FLAT(0.50)|Orion:SHORT(0.20),Regime: TREND (Orion 2x). Score: -0.13. Low Conviction (<0.35).,LOW_CONVICTION,0.239757,TOP,18.35,False,0.0,0.0,0.00,0.00
1688282160.0,TREND,NO_GO,HOLD,13.33,NORMAL,PRO,DEFENSIVE,1.0,0.50,Aegean:FLAT(0.50)|Orion:LONG(0.20),Regime: TREND (Orion 2x). Score: 0.13. Low Conviction (<0.35).,LOW_CONVICTION,1.238096,TOP,19.26,False,0.0,0.0,0.00,0.00
1688282220.0,TREND,NO_GO,HOLD,13.33,NORMAL,PRO,DEFENSIVE,1.0,0.50,Aegean:FLAT(0.50)|Orion:LONG(0.20),Regime: TREND (Orion 2x). Score: 0.13. Low Conviction (<0.35).,LOW_CONVICTION,1.124449,TOP,20.13,False,0.0,0.0,0.00,0.00
1688282280.0,TREND,NO_GO,HOLD,13.33,NORMAL,PRO,DEFENSIVE,1.0,0.50,Aegean:FLAT(0.50)|Orion:LONG(0.20),Regime: TREND (Orion 2x). Score: 0.13. Low Conviction (<0.35).,LOW_CONVICTION,0.753743,TOP,20.13,False,0.0,0.0,0.00,0.00
1688282340.0,TREND,NO_GO,HOLD,13.33,NORMAL,PRO,DEFENSIVE,1.0,0.50,Aegean:FLAT(0.50)|Orion:LONG(0.20),Regime: TREND (Orion 2x). Score: 0.13. Low Conviction (<0.35).,LOW_CONVICTION,0.678806,TOP,20.14,False,0.0,0.0,0.00,0.00
1688282400.0,TREND,NO_GO,HOLD,13.33,NORMAL,PRO,DEFENSIVE,1.0,0.50,Aegean:FLAT(0.50)|Orion:LONG(0.20),Regime: TREND (Orion 2x). Score: 0.13. Low Conviction (<0.35).,LOW_CONVICTION,0.614139,TOP,20.15,False,0.0,0.0,0.00,0.00
1688282460.0,TREND,NO_GO,HOLD,13.33,NORMAL,PRO,DEFENSIVE,1.0,0.50,Aegean:FLAT(0.50)|Orion:LONG(0.20),Regime: TREND (Orion 2x). Score: 0.13. Low Conviction (<0.35).,LOW_CONVICTION,0.557554,TOP,20.19,False,0.0,0.0,0.00,0.00
1688282520.0,TREND,NO_GO,HOLD,13.33,NORMAL,PRO,DEFENSIVE,1.0,0.50,Aegean:FLAT(0.50)|Orion:LONG(0.20),Regime: TREND (Orion 2x). Score: 0.13. Low Conviction (<0.35).,LOW_CONVICTION,0.483979,TOP,20.19,False,0.0,0.0,0.00,0.00
1688282580.0,TREND,NO_GO,HOLD,13.33,NORMAL,PRO,DEFENSIVE,1.0,0.50,Aegean:FLAT(0.50)|Orion:LONG(0.20),Regime: TREND (Orion 2x). Score: 0.13. Low Conviction (<0.35).,LOW_CONVICTION,0.501695,TOP,20.36,False,0.0,0.0,0.00,0.00
1688282640.0,TREND,NO_GO,HOLD,13.33,NORMAL,PRO,DEFENSIVE,1.0,0.50,Aegean:FLAT(0.50)|Orion:LONG(0.20),Regime: TREND (Orion 2x). Score: 0.13. Low Conviction (<0.35).,LOW_CONVICTION,0.453914,TOP,20.54,False,0.0,0.0,0.00,0.00
1688282700.0,TREND,NO_GO,HOLD,13.33,NORMAL,PRO,DEFENSIVE,1.0,0.50,Aegean:FLAT(0.50)|Orion:LONG(0.20),Regime: TREND (Orion 2x). Score: 0.13. Low Conviction (<0.35).,LOW_CONVICTION,0.432897,TOP,20.68,False,0.0,0.0,0.00,0.00
1688282760.0,TREND,NO_GO,HOLD,13.33,NORMAL,PRO,DEFENSIVE,1.0,0.50,Aegean:FLAT(0.50)|Orion:LONG(0.20),Regime: TREND (Orion 2x). Score: 0.13. Low Conviction (<0.35).,LOW_CONVICTION,0.580260,TOP,21.38,False,0.0,0.0,0.00,0.00
1688282820.0,TREND,NO_GO,HOLD,13.33,NORMAL,PRO,DEFENSIVE,1.0,0.50,Aegean:FLAT(0.50)|Orion:LONG(0.20),Regime: TREND (Orion 2x). Score: 0.13. Low Conviction (<0.35).,LOW_CONVICTION,1.057703,TOP,23.16,False,0.0,0.0,0.00,0.00
1688282880.0,TREND,NO_GO,HOLD,8.64,NORMAL,PRO,DEFENSIVE,1.0,0.50,Aegean:FLAT(0.50)|Orion:LONG(0.13),Regime: TREND (Orion 2x). Score: 0.09. Low Conviction (<0.35).,LOW_CONVICTION,0.818855,MID,25.18,True,0.0,0.0,0.00,0.00
1688282940.0,TREND,NO_GO,HOLD,11.77,NORMAL,PRO,DEFENSIVE,1.0,0.50,Aegean:FLAT(0.50)|Orion:LONG(0.18),Regime: TREND (Orion 2x). Score: 0.12. Low Conviction (<0.35).,LOW_CONVICTION,0.881713,TOP,27.06,True,0.0,0.0,0.00,0.00
1688283000.0,TREND,NO_GO,HOLD,15.92,NORMAL,PRO,DEFENSIVE,1.0,0.50,Aegean:FLAT(0.50)|Orion:LONG(0.24),Regime: TREND (Orion 2x). Score: 0.16. Low Conviction (<0.35).,LOW_CONVICTION,0.692982,MID,29.55,True,0.0,0.0,0.00,0.00
1688283060.0,TREND,NO_GO,HOLD,19.67,NORMAL,PRO,DEFENSIVE,1.0,0.50,Aegean:FLAT(0.50)|Orion:LONG(0.30),Regime: TREND (Orion 2x). Score: 0.20. Low Conviction (<0.35).,LOW_CONVICTION,0.610721,MID,31.80,True,0.0,0.0,0.00,0.00
1688283120.0,TREND,NO_GO,HOLD,21.36,NORMAL,PRO,DEFENSIVE,1.0,0.50,Aegean:FLAT(0.50)|Orion:LONG(0.32),Regime: TREND (Orion 2x). Score: 0.21. Low Conviction (<0.35).,LOW_CONVICTION,0.334462,MID,32.81,True,0.0,0.0,0.00,0.00
1688283180.0,TREND,NO_GO,HOLD,22.94,NORMAL,PRO,DEFENSIVE,1.0,0.50,Aegean:FLAT(0.50)|Orion:LONG(0.34),Regime: TREND (Orion 2x). Score: 0.23. Low Conviction (<0.35).,LOW_CONVICTION,0.302609,MID,33.76,True,0.0,0.0,0.00,0.00
1688283240.0,TREND,NO_GO,HOLD,24.42,NORMAL,PRO,DEFENSIVE,1.0,0.50,Aegean:FLAT(0.50)|Orion:LONG(0.37),Regime: TREND (Orion 2x). Score: 0.24. Low Conviction (<0.35).,LOW_CONVICTION,0.285164,MID,34.65,True,0.0,0.0,0.00,0.00
1688283300.0,TREND,NO_GO,HOLD,22.94,NORMAL,PRO,DEFENSIVE,1.0,0.50,Aegean:FLAT(0.50)|Orion:LONG(0.34),Regime: TREND (Orion 2x). Score: 0.23. Low Conviction (<0.35).,LOW_CONVICTION,-0.099225,MID,33.76,True,0.0,0.0,0.00,0.00
1688283360.0,TREND,NO_GO,HOLD,21.58,NORMAL,PRO,DEFENSIVE,1.0,0.50,Aegean:FLAT(0.50)|Orion:LONG(0.32),Regime: TREND (Orion 2x). Score: 0.22. Low Conviction (<0.35).,LOW_CONVICTION,0.286746,MID,32.95,True,0.0,0.0,0.00,0.00
1688283420.0,TREND,NO_GO,HOLD,20.95,NORMAL,PRO,DEFENSIVE,1.0,0.50,Aegean:FLAT(0.50)|Orion:LONG(0.31),Regime: TREND (Orion 2x). Score: 0.21. Low Conviction (<0.35).,LOW_CONVICTION,0.401730,MID,32.57,True,0.0,0.0,0.00,0.00
1688283480.0,TREND,NO_GO,HOLD,20.41,NORMAL,PRO,DEFENSIVE,1.0,0.50,Aegean:FLAT(0.50)|Orion:LONG(0.31),Regime: TREND (Orion 2x). Score: 0.20. Low Conviction (<0.35).,LOW_CONVICTION,0.217317,MID,32.25,True,0.0,0.0,0.00,0.00
1688283540.0,TREND,NO_GO,HOLD,20.00,NORMAL,PRO,DEFENSIVE,1.0,0.50,Aegean:FLAT(0.50)|Orion:LONG(0.30),Regime: TREND (Orion 2x). Score: 0.20. Low Conviction (<0.35).,LOW_CONVICTION,0.192777,MID,32.00,True,0.0,0.0,0.00,0.00
1688283600.0,TREND,NO_GO,HOLD,20.19,NORMAL,PRO,DEFENSIVE,1.0,0.50,Aegean:FLAT(0.50)|Orion:LONG(0.30),Regime: TREND (Orion 2x). Score: 0.20. Low Conviction (<0.35).,LOW_CONVICTION,0.322070,MID,32.11,True,0.0,0.0,0.00,0.00
1688283660.0,TREND,NO_GO,HOLD,20.34,NORMAL,PRO,DEFENSIVE,1.0,0.50,Aegean:FLAT(0.50)|Orion:LONG(0.31),Regime: TREND (Orion 2x). Score: 0.20. Low Conviction (<0.35).,LOW_CONVICTION,0.291416,MID,32.21,True,0.0,0.0,0.00,0.00
1688283720.0,TREND,NO_GO,HOLD,20.49,NORMAL,PRO,DEFENSIVE,1.0,0.50,Aegean:FLAT(0.50)|Orion:LONG(0.31),Regime: TREND (Orion 2x). Score: 0.20. Low Conviction (<0.35).,LOW_CONVICTION,0.262709,MID,32.29,True,0.0,0.0,0.00,0.00
1688283780.0,TREND,NO_GO,HOLD,23.29,NORMAL,PRO,DEFENSIVE,1.0,0.50,Aegean:FLAT(0.50)|Orion:LONG(0.35),Regime: TREND (Orion 2x). Score: 0.23. Low Conviction (<0.35).,LOW_CONVICTION,0.979992,TOP,33.97,True,0.0,0.0,0.00,0.00
1688283840.0,TREND,NO_GO,HOLD,26.57,NORMAL,PRO,DEFENSIVE,1.0,0.50,Aegean:FLAT(0.50)|Orion:LONG(0.40),Regime: TREND (Orion 2x). Score: 0.27. Low Conviction (<0.35).,LOW_CONVICTION,1.166043,TOP,35.94,True,0.0,0.0,0.00,0.00
1688283900.0,TREND,NO_GO,HOLD,25.95,NORMAL,PRO,DEFENSIVE,1.0,0.50,Aegean:FLAT(0.50)|Orion:LONG(0.39),Regime: TREND (Orion 2x). Score: 0.26. Low Conviction (<0.35).,LOW_CONVICTION,0.255191,MID,35.57,True,0.0,0.0,0.00,0.00
1688283960.0,TREND,NO_GO,HOLD,25.45,NORMAL,PRO,DEFENSIVE,1.0,0.50,Aegean:FLAT(0.50)|Orion:LONG(0.38),Regime: TREND (Orion 2x). Score: 0.25. Low Conviction (<0.35).,LOW_CONVICTION,0.420392,MID,35.27,True,0.0,0.0,0.00,0.00
1688284020.0,TREND,NO_GO,HOLD,25.57,NORMAL,PRO,DEFENSIVE,1.0,0.50,Aegean:FLAT(0.50)|Orion:LONG(0.38),Regime: TREND (Orion 2x). Score: 0.26. Low Conviction (<0.35).,LOW_CONVICTION,0.570850,MID,35.34,True,0.0,0.0,0.00,0.00
1688284080.0,TREND,NO_GO,HOLD,27.14,NORMAL,PRO,DEFENSIVE,1.0,0.50,Aegean:FLAT(0.50)|Orion:LONG(0.41),Regime: TREND (Orion 2x). Score: 0.27. Low Conviction (<0.35).,LOW_CONVICTION,1.079340,TOP,36.28,True,0.0,0.0,0.00,0.00
1688284140.0,TREND,NO_GO,HOLD,28.91,NORMAL,PRO,DEFENSIVE,1.0,0.50,Aegean:FLAT(0.50)|Orion:LONG(0.43),Regime: TREND (Orion 2x). Score: 0.29. Low Conviction (<0.35).,LOW_CONVICTION,1.049898,TOP,37.34,True,0.0,0.0,0.00,0.00
1688284200.0,TREND,NO_GO,HOLD,29.79,NORMAL,PRO,DEFENSIVE,1.0,0.50,Aegean:FLAT(0.50)|Orion:LONG(0.45),Regime: TREND (Orion 2x). Score: 0.30. Low Conviction (<0.35).,LOW_CONVICTION,0.794050,TOP,37.87,True,0.0,0.0,0.00,0.00
1688284260.0,TREND,NO_GO,HOLD,30.59,NORMAL,PRO,DEFENSIVE,1.0,0.50,Aegean:FLAT(0.50)|Orion:LONG(0.46),Regime: TREND (Orion 2x). Score: 0.31. Low Conviction (<0.35).,LOW_CONVICTION,0.713979,TOP,38.36,True,0.0,0.0,0.00,0.00
1688284320.0,TREND,NO_GO,HOLD,31.38,NORMAL,PRO,DEFENSIVE,1.0,0.50,Aegean:FLAT(0.50)|Orion:LONG(0.47),Regime: TREND (Orion 2x). Score: 0.31. Low Conviction (<0.35).,LOW_CONVICTION,0.662829,TOP,38.83,True,0.0,0.0,0.00,0.00
1688284380.0,TREND,NO_GO,HOLD,32.53,NORMAL,PRO,DEFENSIVE,1.0,0.50,Aegean:FLAT(0.50)|Orion:LONG(0.49),Regime: TREND (Orion 2x). Score: 0.33. Low Conviction (<0.35).,LOW_CONVICTION,0.696826,TOP,39.52,True,0.0,0.0,0.00,0.00
1688284440.0,TREND,NO_GO,HOLD,31.90,NORMAL,PRO,DEFENSIVE,1.0,0.50,Aegean:FLAT(0.50)|Orion:LONG(0.48),Regime: TREND (Orion 2x). Score: 0.32. Low Conviction (<0.35).,LOW_CONVICTION,0.324351,MID,39.14,True,0.0,0.0,0.00,0.00
1688284500.0,TREND,NO_GO,HOLD,31.31,NORMAL,PRO,DEFENSIVE,1.0,0.50,Aegean:FLAT(0.50)|Orion:LONG(0.47),Regime: TREND (Orion 2x). Score: 0.31. Low Conviction (<0.35).,LOW_CONVICTION,0.273968,MID,38.79,True,0.0,0.0,0.00,0.00
1688284560.0,TREND,NO_GO,HOLD,30.76,NORMAL,PRO,DEFENSIVE,1.0,0.50,Aegean:FLAT(0.50)|Orion:LONG(0.46),Regime: TREND (Orion 2x). Score: 0.31. Low Conviction (<0.35).,LOW_CONVICTION,0.247058,MID,38.45,True,0.0,0.0,0.00,0.00
1688284620.0,TREND,NO_GO,HOLD,30.27,NORMAL,PRO,DEFENSIVE,1.0,0.50,Aegean:FLAT(0.50)|Orion:LONG(0.45),Regime: TREND (Orion 2x). Score: 0.30. Low Conviction (<0.35).,LOW_CONVICTION,0.229630,MID,38.16,True,0.0,0.0,0.00,0.00
1688284680.0,TREND,NO_GO,HOLD,29.78,NORMAL,PRO,DEFENSIVE,1.0,0.50,Aegean:FLAT(0.50)|Orion:LONG(0.45),Regime: TREND (Orion 2x). Score: 0.30. Low Conviction (<0.35).,LOW_CONVICTION,0.206808,MID,37.87,True,0.0,0.0,0.00,0.00
1688284740.0,TREND,NO_GO,HOLD,29.36,NORMAL,PRO,DEFENSIVE,1.0,0.50,Aegean:FLAT(0.50)|Orion:LONG(0.44),Regime: TREND (Orion 2x). Score: 0.29. Low Conviction (<0.35).,LOW_CONVICTION,0.188065,MID,37.62,True,0.0,0.0,0.00,0.00
1688284800.0,TREND,NO_GO,HOLD,27.14,NORMAL,PRO,DEFENSIVE,1.0,0.50,Aegean:FLAT(0.50)|Orion:LONG(0.41),Regime: TREND (Orion 2x). Score: 0.27. Low Conviction (<0.35).,LOW_CONVICTION,-0.016551,MID,36.28,True,0.0,0.0,0.00,0.00
1688284860.0,TREND,NO_GO,HOLD,23.78,NORMAL,PRO,DEFENSIVE,1.0,0.50,Aegean:FLAT(0.50)|Orion:LONG(0.36),Regime: TREND (Orion 2x). Score: 0.24. Low Conviction (<0.35).,LOW_CONVICTION,-0.448289,MID,34.27,True,0.0,0.0,0.00,0.00
1688284920.0,TREND,NO_GO,HOLD,20.62,NORMAL,PRO,DEFENSIVE,1.0,0.50,Aegean:FLAT(0.50)|Orion:LONG(0.31),Regime: TREND (Orion 2x). Score: 0.21. Low Conviction (<0.35).,LOW_CONVICTION,-0.264025,MID,32.37,True,0.0,0.0,0.00,0.00
1688284980.0,TREND,NO_GO,HOLD,17.64,NORMAL,PRO,DEFENSIVE,1.0,0.50,Aegean:FLAT(0.50)|Orion:LONG(0.26),Regime: TREND (Orion 2x). Score: 0.18. Low Conviction (<0.35).,LOW_CONVICTION,-0.381737,DIP,30.59,True,0.0,0.0,0.00,0.00
1688285040.0,TREND,NO_GO,HOLD,18.00,NORMAL,PRO,DEFENSIVE,1.0,0.50,Aegean:FLAT(0.50)|Orion:SHORT(0.27),Regime: TREND (Orion 2x). Score: -0.18. Low Conviction (<0.35).,LOW_CONVICTION,-0.658714,MID,30.80,True,0.0,0.0,0.00,0.00
1688285100.0,TREND,NO_GO,HOLD,18.25,NORMAL,PRO,DEFENSIVE,1.0,0.50,Aegean:FLAT(0.50)|Orion:LONG(0.27),Regime: TREND (Orion 2x). Score: 0.18. Low Conviction (<0.35).,LOW_CONVICTION,-0.272165,MID,30.95,True,0.0,0.0,0.00,0.00
1688285160.0,TREND,NO_GO,HOLD,17.49,NORMAL,PRO,DEFENSIVE,1.0,0.50,Aegean:FLAT(0.50)|Orion:LONG(0.26),Regime: TREND (Orion 2x). Score: 0.17. Low Conviction (<0.35).,LOW_CONVICTION,-0.132359,MID,30.49,True,0.0,0.0,0.00,0.00
1688285220.0,TREND,NO_GO,HOLD,19.10,NORMAL,PRO,DEFENSIVE,1.0,0.50,Aegean:FLAT(0.50)|Orion:SHORT(0.29),Regime: TREND (Orion 2x). Score: -0.19. Low Conviction (<0.35).,LOW_CONVICTION,-0.296967,MID,31.46,True,0.0,0.0,0.00,0.00
1688285280.0,TREND,NO_GO,HOLD,17.76,NORMAL,PRO,DEFENSIVE,1.0,0.50,Aegean:FLAT(0.50)|Orion:LONG(0.27),Regime: TREND (Orion 2x). Score: 0.18. Low Conviction (<0.35).,LOW_CONVICTION,0.375638,MID,30.66,True,0.0,0.0,0.00,0.00
1688285340.0,TREND,NO_GO,HOLD,14.57,NORMAL,PRO,DEFENSIVE,1.0,0.50,Aegean:FLAT(0.50)|Orion:LONG(0.22),Regime: TREND (Orion 2x). Score: 0.15. Low Conviction (<0.35).,LOW_CONVICTION,0.963025,TOP,28.74,True,0.0,0.0,0.00,0.00
1688285400.0,TREND,NO_GO,HOLD,14.09,NORMAL,PRO,DEFENSIVE,1.0,0.50,Aegean:FLAT(0.50)|Orion:LONG(0.21),Regime: TREND (Orion 2x). Score: 0.14. Low Conviction (<0.35).,LOW_CONVICTION,1.690298,TOP,28.46,True,0.0,0.0,0.00,0.00
1688285460.0,TREND,NO_GO,HOLD,13.59,NORMAL,PRO,DEFENSIVE,1.0,0.50,Aegean:FLAT(0.50)|Orion:LONG(0.20),Regime: TREND (Orion 2x). Score: 0.14. Low Conviction (<0.35).,LOW_CONVICTION,1.534670,TOP,28.16,True,0.0,0.0,0.00,0.00
1688285520.0,TREND,NO_GO,HOLD,12.61,NORMAL,PRO,DEFENSIVE,1.0,0.50,Aegean:FLAT(0.50)|Orion:LONG(0.19),Regime: TREND (Orion 2x). Score: 0.13. Low Conviction (<0.35).,LOW_CONVICTION,1.195178,TOP,27.57,True,0.0,0.0,0.00,0.00
1688285580.0,TREND,NO_GO,HOLD,11.71,NORMAL,PRO,DEFENSIVE,1.0,0.50,Aegean:FLAT(0.50)|Orion:LONG(0.18),Regime: TREND (Orion 2x). Score: 0.12. Low Conviction (<0.35).,LOW_CONVICTION,1.081351,TOP,27.03,True,0.0,0.0,0.00,0.00
1688285640.0,TREND,NO_GO,HOLD,9.43,NORMAL,PRO,DEFENSIVE,1.0,0.50,Aegean:FLAT(0.50)|Orion:LONG(0.14),Regime: TREND (Orion 2x). Score: 0.09. Low Conviction (<0.35).,LOW_CONVICTION,1.068755,TOP,25.66,True,0.0,0.0,0.00,0.00
1688285700.0,TREND,NO_GO,HOLD,13.33,NORMAL,PRO,DEFENSIVE,1.0,0.50,Aegean:FLAT(0.50)|Orion:LONG(0.20),Regime: TREND (Orion 2x). Score: 0.13. Low Conviction (<0.35).,LOW_CONVICTION,1.142332,TOP,24.76,False,0.0,0.0,0.00,0.00
1688285760.0,TREND,NO_GO,HOLD,13.33,NORMAL,PRO,DEFENSIVE,1.0,0.50,Aegean:FLAT(0.50)|Orion:LONG(0.20),Regime: TREND (Orion 2x). Score: 0.13. Low Conviction (<0.35).,LOW_CONVICTION,1.149646,TOP,24.20,False,0.0,0.0,0.00,0.00
1688285820.0,TREND,NO_GO,HOLD,8.77,NORMAL,PRO,DEFENSIVE,1.0,0.50,Aegean:FLAT(0.50)|Orion:LONG(0.13),Regime: TREND (Orion 2x). Score: 0.09. Low Conviction (<0.35).,LOW_CONVICTION,1.995439,TOP,25.26,True,0.0,0.0,0.00,0.00
1688285880.0,TREND,NO_GO,HOLD,12.00,NORMAL,PRO,DEFENSIVE,1.0,0.50,Aegean:FLAT(0.50)|Orion:LONG(0.18),Regime: TREND (Orion 2x). Score: 0.12. Low Conviction (<0.35).,LOW_CONVICTION,2.388254,TOP,27.20,True,0.0,0.0,0.00,0.00
1688285940.0,TREND,NO_GO,HOLD,14.99,NORMAL,PRO,DEFENSIVE,1.0,0.50,Aegean:FLAT(0.50)|Orion:LONG(0.22),Regime: TREND (Orion 2x). Score: 0.15. Low Conviction (<0.35).,LOW_CONVICTION,2.080757,TOP,29.00,True,0.0,0.0,0.00,0.00
1688286000.0,TREND,NO_GO,HOLD,17.23,NORMAL,PRO,DEFENSIVE,1.0,0.50,Aegean:FLAT(0.50)|Orion:LONG(0.26),Regime: TREND (Orion 2x). Score: 0.17. Low Conviction (<0.35).,LOW_CONVICTION,1.757828,MID,30.34,True,0.0,0.0,0.00,0.00
1688286060.0,TREND,NO_GO,HOLD,14.56,NORMAL,PRO,DEFENSIVE,1.0,0.50,Aegean:FLAT(0.50)|Orion:LONG(0.22),Regime: TREND (Orion 2x). Score: 0.15. Low Conviction (<0.35).,LOW_CONVICTION,0.158054,MID,28.74,True,0.0,0.0,0.00,0.00
1688286120.0,TREND,NO_GO,HOLD,11.24,NORMAL,PRO,DEFENSIVE,1.0,0.50,Aegean:FLAT(0.50)|Orion:LONG(0.17),Regime: TREND (Orion 2x). Score: 0.11. Low Conviction (<0.35).,LOW_CONVICTION,-0.235835,MID,26.74,True,0.0,0.0,0.00,0.00
1688286180.0,TREND,NO_GO,HOLD,13.33,NORMAL,PRO,DEFENSIVE,1.0,0.50,Aegean:FLAT(0.50)|Orion:LONG(0.20),Regime: TREND (Orion 2x). Score: 0.13. Low Conviction (<0.35).,LOW_CONVICTION,-0.220111,MID,24.87,False,0.0,0.0,0.00,0.00
1688286240.0,TREND,NO_GO,HOLD,13.33,NORMAL,PRO,DEFENSIVE,1.0,0.50,Aegean:FLAT(0.50)|Orion:LONG(0.20),Regime: TREND (Orion 2x). Score: 0.13. Low Conviction (<0.35).,LOW_CONVICTION,0.278783,MID,23.78,False,0.0,0.0,0.00,0.00
1688286300.0,TREND,NO_GO,HOLD,13.33,NORMAL,PRO,DEFENSIVE,1.0,0.50,Aegean:FLAT(0.50)|Orion:LONG(0.20),Regime: TREND (Orion 2x). Score: 0.13. Low Conviction (<0.35).,LOW_CONVICTION,0.438884,MID,23.15,False,0.0,0.0,0.00,0.00
1688286360.0,TREND,NO_GO,HOLD,13.33,NORMAL,PRO,DEFENSIVE,1.0,0.50,Aegean:FLAT(0.50)|Orion:LONG(0.20),Regime: TREND (Orion 2x). Score: 0.13. Low Conviction (<0.35).,LOW_CONVICTION,0.204671,MID,22.44,False,0.0,0.0,0.00,0.00
1688286420.0,TREND,NO_GO,HOLD,13.33,NORMAL,PRO,DEFENSIVE,1.0,0.50,Aegean:FLAT(0.50)|Orion:LONG(0.20),Regime: TREND (Orion 2x). Score: 0.13. Low Conviction (<0.35).,LOW_CONVICTION,0.174775,MID,21.79,False,0.0,0.0,0.00,0.00
1688286480.0,CHOP,NO_GO,HOLD,13.33,NORMAL,PRO,DEFENSIVE,1.0,0.50,Aegean:FLAT(0.50)|Orion:LONG(0.20),Regime: CHOP (Reduced Weights). Score: 0.13. Low Conviction (<0.35).,LOW_CONVICTION,0.156650,MID,21.17,False,0.0,0.0,0.00,0.00
1688286540.0,CHOP,NO_GO,HOLD,13.33,NORMAL,PRO,DEFENSIVE,1.0,0.50,Aegean:FLAT(0.50)|Orion:LONG(0.20),Regime: CHOP (Reduced Weights). Score: 0.13. Low Conviction (<0.35).,LOW_CONVICTION,0.310654,MID,21.05,False,0.0,0.0,0.00,0.00
1688286600.0,CHOP,NO_GO,HOLD,13.33,NORMAL,PRO,DEFENSIVE,1.0,0.50,Aegean:FLAT(0.50)|Orion:LONG(0.20),Regime: CHOP (Reduced Weights). Score: 0.13. Low Conviction (<0.35).,LOW_CONVICTION,0.281049,MID,20.84,False,0.0,0.0,0.00,0.00
1688286660.0,CHOP,NO_GO,HOLD,13.33,NORMAL,PRO,DEFENSIVE,1.0,0.50,Aegean:FLAT(0.50)|Orion:LONG(0.20),Regime: CHOP (Reduced Weights). Score: 0.13. Low Conviction (<0.35).,LOW_CONVICTION,0.254052,MID,20.57,False,0.0,0.0,0.00,0.00
1688286720.0,CHOP,NO_GO,HOLD,13.33,NORMAL,PRO,DEFENSIVE,1.0,0.50,Aegean:FLAT(0.50)|Orion:LONG(0.20),Regime: CHOP (Reduced Weights). Score: 0.13. Low Conviction (<0.35).,LOW_CONVICTION,-0.499723,DIP,19.50,False,0.0,0.0,0.00,0.00
1688286780.0,CHOP,NO_GO,HOLD,13.33,NORMAL,PRO,DEFENSIVE,1.0,0.50,Aegean:FLAT(0.50)|Orion:SHORT(0.20),Regime: CHOP (Reduced Weights). Score: -0.13. Low Conviction (<0.35).,LOW_CONVICTION,-1.013696,DIP,19.46,False,0.0,0.0,0.00,0.00
1688286840.0,CHOP,NO_GO,HOLD,13.33,NORMAL,PRO,DEFENSIVE,1.0,0.50,Aegean:FLAT(0.50)|Orion:SHORT(0.20),Regime: CHOP (Reduced Weights). Score: -0.13. Low Conviction (<0.35).,LOW_CONVICTION,-1.209554,DIP,19.93,False,0.0,0.0,0.00,0.00
1688286900.0,CHOP,NO_GO,HOLD,13.33,NORMAL,PRO,DEFENSIVE,1.0,0.50,Aegean:FLAT(0.50)|Orion:SHORT(0.20),Regime: CHOP (Reduced Weights). Score: -0.13. Low Conviction (<0.35).,LOW_CONVICTION,-1.094339,DIP,20.55,False,0.0,0.0,0.00,0.00
1688286960.0,CHOP,NO_GO,HOLD,13.33,NORMAL,PRO,DEFENSIVE,1.0,0.50,Aegean:FLAT(0.50)|Orion:SHORT(0.20),Regime: CHOP (Reduced Weights). Score: -0.13. Low Conviction (<0.35).,LOW_CONVICTION,-0.991088,DIP,20.85,False,0.0,0.0,0.00,0.00
1688287020.0,TREND,NO_GO,HOLD,13.33,NORMAL,PRO,DEFENSIVE,1.0,0.50,Aegean:FLAT(0.50)|Orion:SHORT(0.20),Regime: TREND (Orion 2x). Score: -0.13. Low Conviction (<0.35).,LOW_CONVICTION,-2.015727,DIP,22.51,False,0.0,0.0,0.00,0.00
1688287080.0,TREND,NO_GO,HOLD,13.33,NORMAL,PRO,DEFENSIVE,1.0,0.50,Aegean:FLAT(0.50)|Orion:SHORT(0.20),Regime: TREND (Orion 2x). Score: -0.13. Low Conviction (<0.35).,LOW_CONVICTION,-2.139010,DIP,24.33,False,0.0,0.0,0.00,0.00
1688287140.0,TREND,NO_GO,HOLD,10.53,NORMAL,PRO,DEFENSIVE,1.0,0.50,Aegean:FLAT(0.50)|Orion:SHORT(0.16),Regime: TREND (Orion 2x). Score: -0.11. Low Conviction (<0.35).,LOW_CONVICTION,-2.290576,DIP,26.32,True,0.0,0.0,0.00,0.00
1688287200.0,TREND,NO_GO,HOLD,14.35,NORMAL,PRO,DEFENSIVE,1.0,0.50,Aegean:FLAT(0.50)|Orion:SHORT(0.22),Regime: TREND (Orion 2x). Score: -0.14. Low Conviction (<0.35).,LOW_CONVICTION,-2.020826,DIP,28.61,True,0.0,0.0,0.00,0.00
1688287260.0,TREND,NO_GO,HOLD,16.70,NORMAL,PRO,DEFENSIVE,1.0,0.50,Aegean:FLAT(0.50)|Orion:SHORT(0.25),Regime: TREND (Orion 2x). Score: -0.17. Low Conviction (<0.35).,LOW_CONVICTION,-1.538868,MID,30.02,True,0.0,0.0,0.00,0.00
1688287320.0,TREND,NO_GO,HOLD,19.23,NORMAL,PRO,DEFENSIVE,1.0,0.50,Aegean:FLAT(0.50)|Orion:SHORT(0.29),Regime: TREND (Orion 2x). Score: -0.19. Low Conviction (<0.35).,LOW_CONVICTION,-1.937998,DIP,31.54,True,0.0,0.0,0.00,0.00
1688287380.0,TREND,NO_GO,HOLD,21.83,NORMAL,PRO,DEFENSIVE,1.0,0.50,Aegean:FLAT(0.50)|Orion:SHORT(0.33),Regime: TREND (Orion 2x). Score: -0.22. Low Conviction (<0.35).,LOW_CONVICTION,-1.431867,MID,33.10,True,0.0,0.0,0.00,0.00
1688287440.0,TREND,NO_GO,HOLD,24.22,NORMAL,PRO,DEFENSIVE,1.0,0.50,Aegean:FLAT(0.50)|Orion:SHORT(0.36),Regime: TREND (Orion 2x). Score: -0.24. Low Conviction (<0.35).,LOW_CONVICTION,-1.426871,DIP,34.53,True,0.0,0.0,0.00,0.00
1688287500.0,TREND,NO_GO,HOLD,25.24,NORMAL,PRO,DEFENSIVE,1.0,0.50,Aegean:FLAT(0.50)|Orion:SHORT(0.38),Regime: TREND (Orion 2x). Score: -0.25. Low Conviction (<0.35).,LOW_CONVICTION,-0.888734,MID,35.14,True,0.0,0.0,0.00,0.00
1688287560.0,TREND,NO_GO,HOLD,24.69,NORMAL,PRO,DEFENSIVE,1.0,0.50,Aegean:FLAT(0.50)|Orion:SHORT(0.37),Regime: TREND (Orion 2x). Score: -0.25. Low Conviction (<0.35).,LOW_CONVICTION,-0.918556,MID,34.81,True,0.0,0.0,0.00,0.00
1688287620.0,TREND,NO_GO,HOLD,23.49,NORMAL,PRO,DEFENSIVE,1.0,0.50,Aegean:FLAT(0.50)|Orion:SHORT(0.35),Regime: TREND (Orion 2x). Score: -0.23. Low Conviction (<0.35).,LOW_CONVICTION,-0.178407,MID,34.09,True,0.0,0.0,0.00,0.00
1688287680.0,TREND,NO_GO,HOLD,22.37,NORMAL,PRO,DEFENSIVE,1.0,0.50,Aegean:FLAT(0.50)|Orion:SHORT(0.34),Regime: TREND (Orion 2x). Score: -0.22. Low Conviction (<0.35).,LOW_CONVICTION,-0.174897,MID,33.42,True,0.0,0.0,0.00,0.00
1688287740.0,TREND,NO_GO,HOLD,22.04,NORMAL,PRO,DEFENSIVE,1.0,0.50,Aegean:FLAT(0.50)|Orion:SHORT(0.33),Regime: TREND (Orion 2x). Score: -0.22. Low Conviction (<0.35).,LOW_CONVICTION,-0.475718,MID,33.23,True,0.0,0.0,0.00,0.00
1688287800.0,TREND,NO_GO,HOLD,22.27,NORMAL,PRO,DEFENSIVE,1.0,0.50,Aegean:FLAT(0.50)|Orion:SHORT(0.33),Regime: TREND (Orion 2x). Score: -0.22. Low Conviction (<0.35).,LOW_CONVICTION,-0.319002,MID,33.36,True,0.0,0.0,0.00,0.00
1688287860.0,TREND,NO_GO,HOLD,22.33,NORMAL,PRO,DEFENSIVE,1.0,0.50,Aegean:FLAT(0.50)|Orion:SHORT(0.33),Regime: TREND (Orion 2x). Score: -0.22. Low Conviction (<0.35).,LOW_CONVICTION,-0.284720,MID,33.40,True,0.0,0.0,0.00,0.00
1688287920.0,TREND,NO_GO,HOLD,22.83,NORMAL,PRO,DEFENSIVE,1.0,0.50,Aegean:FLAT(0.50)|Orion:SHORT(0.34),Regime: TREND (Orion 2x). Score: -0.23. Low Conviction (<0.35).,LOW_CONVICTION,-0.448080,MID,33.70,True,0.0,0.0,0.00,0.00
1688287980.0,TREND,NO_GO,HOLD,23.29,NORMAL,PRO,DEFENSIVE,1.0,0.50,Aegean:FLAT(0.50)|Orion:SHORT(0.35),Regime: TREND (Orion 2x). Score: -0.23. Low Conviction (<0.35).,LOW_CONVICTION,-0.406125,MID,33.98,True,0.0,0.0,0.00,0.00
1688288040.0,TREND,NO_GO,HOLD,22.72,NORMAL,PRO,DEFENSIVE,1.0,0.50,Aegean:FLAT(0.50)|Orion:SHORT(0.34),Regime: TREND (Orion 2x). Score: -0.23. Low Conviction (<0.35).,LOW_CONVICTION,-0.181612,MID,33.63,True,0.0,0.0,0.00,0.00
1688288100.0,TREND,NO_GO,HOLD,22.38,NORMAL,PRO,DEFENSIVE,1.0,0.50,Aegean:FLAT(0.50)|Orion:SHORT(0.34),Regime: TREND (Orion 2x). Score: -0.22. Low Conviction (<0.35).,LOW_CONVICTION,-0.422908,MID,33.43,True,0.0,0.0,0.00,0.00
1688288160.0,TREND,NO_GO,HOLD,24.33,NORMAL,PRO,DEFENSIVE,1.0,0.50,Aegean:FLAT(0.50)|Orion:SHORT(0.37),Regime: TREND (Orion 2x). Score: -0.24. Low Conviction (<0.35).,LOW_CONVICTION,-1.202799,DIP,34.60,True,0.0,0.0,0.00,0.00
1688288220.0,TREND,NO_GO,HOLD,26.25,NORMAL,PRO,DEFENSIVE,1.0,0.50,Aegean:FLAT(0.50)|Orion:SHORT(0.39),Regime: TREND (Orion 2x). Score: -0.26. Low Conviction (<0.35).,LOW_CONVICTION,-0.996197,MID,35.75,True,0.0,0.0,0.00,0.00
1688288280.0,TREND,NO_GO,HOLD,28.34,NORMAL,PRO,DEFENSIVE,1.0,0.50,Aegean:FLAT(0.50)|Orion:SHORT(0.43),Regime: TREND (Orion 2x). Score: -0.28. Low Conviction (<0.35).,LOW_CONVICTION,-1.243574,DIP,37.00,True,0.0,0.0,0.00,0.00
1688288340.0,TREND,NO_GO,HOLD,31.15,NORMAL,PRO,DEFENSIVE,1.0,0.50,Aegean:FLAT(0.50)|Orion:SHORT(0.47),Regime: TREND (Orion 2x). Score: -0.31. Low Conviction (<0.35).,LOW_CONVICTION,-1.729288,DIP,38.69,True,0.0,0.0,0.00,0.00
1688288400.0,TREND,NO_GO,HOLD,32.09,NORMAL,PRO,DEFENSIVE,1.0,0.50,Aegean:FLAT(0.50)|Orion:SHORT(0.48),Regime: TREND (Orion 2x). Score: -0.32. Low Conviction (<0.35).,LOW_CONVICTION,-0.584265,MID,39.25,True,0.0,0.0,0.00,0.00
1688288460.0,TREND,NO_GO,HOLD,30.60,NORMAL,PRO,DEFENSIVE,1.0,0.50,Aegean:FLAT(0.50)|Orion:SHORT(0.46),Regime: TREND (Orion 2x). Score: -0.31. Low Conviction (<0.35).,LOW_CONVICTION,0.050148,MID,38.36,True,0.0,0.0,0.00,0.00
1688288520.0,TREND,NO_GO,HOLD,29.22,NORMAL,PRO,DEFENSIVE,1.0,0.50,Aegean:FLAT(0.50)|Orion:SHORT(0.44),Regime: TREND (Orion 2x). Score: -0.29. Low Conviction (<0.35).,LOW_CONVICTION,0.045391,MID,37.53,True,0.0,0.0,0.00,0.00
1688288580.0,TREND,NO_GO,HOLD,27.43,NORMAL,PRO,DEFENSIVE,1.0,0.50,Aegean:FLAT(0.50)|Orion:SHORT(0.41),Regime: TREND (Orion 2x). Score: -0.27. Low Conviction (<0.35).,LOW_CONVICTION,0.155558,MID,36.46,True,0.0,0.0,0.00,0.00
1688288640.0,TREND,NO_GO,HOLD,25.00,NORMAL,PRO,DEFENSIVE,1.0,0.50,Aegean:FLAT(0.50)|Orion:SHORT(0.37),Regime: TREND (Orion 2x). Score: -0.25. Low Conviction (<0.35).,LOW_CONVICTION,0.334043,TOP,35.00,True,0.0,0.0,0.00,0.00
1688288700.0,TREND,NO_GO,HOLD,21.08,NORMAL,PRO,DEFENSIVE,1.0,0.50,Aegean:FLAT(0.50)|Orion:SHORT(0.32),Regime: TREND (Orion 2x). Score: -0.21. Low Conviction (<0.35).,LOW_CONVICTION,0.940320,TOP,32.65,True,0.0,0.0,0.00,0.00
1688288760.0,TREND,NO_GO,HOLD,17.45,NORMAL,PRO,DEFENSIVE,1.0,0.50,Aegean:FLAT(0.50)|Orion:SHORT(0.26),Regime: TREND (Orion 2x). Score: -0.17. Low Conviction (<0.35).,LOW_CONVICTION,0.850746,TOP,30.47,True,0.0,0.0,0.00,0.00
1688288820.0,TREND,NO_GO,HOLD,14.07,NORMAL,PRO,DEFENSIVE,1.0,0.50,Aegean:FLAT(0.50)|Orion:SHORT(0.21),Regime: TREND (Orion 2x). Score: -0.14. Low Conviction (<0.35).,LOW_CONVICTION,0.770675,TOP,28.44,True,0.0,0.0,0.00,0.00
1688288880.0,TREND,NO_GO,HOLD,11.57,NORMAL,PRO,DEFENSIVE,1.0,0.50,Aegean:FLAT(0.50)|Orion:LONG(0.17),Regime: TREND (Orion 2x). Score: 0.12. Low Conviction (<0.35).,LOW_CONVICTION,0.880601,TOP,26.94,True,0.0,0.0,0.00,0.00
1688288940.0,TREND,NO_GO,HOLD,9.32,NORMAL,PRO,DEFENSIVE,1.0,0.50,Aegean:FLAT(0.50)|Orion:LONG(0.14),Regime: TREND (Orion 2x). Score: 0.09. Low Conviction (<0.35).,LOW_CONVICTION,0.796734,TOP,25.59,True,0.0,0.0,0.00,0.00
1688289000.0,TREND,NO_GO,HOLD,13.33,NORMAL,PRO,DEFENSIVE,1.0,0.50,Aegean:FLAT(0.50)|Orion:LONG(0.20),Regime: TREND (Orion 2x). Score: 0.13. Low Conviction (<0.35).,LOW_CONVICTION,0.720855,TOP,24.30,False,0.0,0.0,0.00,0.00
1688289060.0,TREND,NO_GO,HOLD,13.33,NORMAL,PRO,DEFENSIVE,1.0,0.50,Aegean:FLAT(0.50)|Orion:LONG(0.20),Regime: TREND (Orion 2x). Score: 0.13. Low Conviction (<0.35).,LOW_CONVICTION,0.666882,TOP,23.10,False,0.0,0.0,0.00,0.00
1688289120.0,TREND,NO_GO,HOLD,13.33,NORMAL,PRO,DEFENSIVE,1.0,0.50,Aegean:FLAT(0.50)|Orion:LONG(0.20),Regime: TREND (Orion 2x). Score: 0.13. Low Conviction (<0.35).,LOW_CONVICTION,1.376727,TOP,23.50,False,0.0,0.0,0.00,0.00
1688289180.0,TREND,NO_GO,HOLD,13.33,NORMAL,PRO,DEFENSIVE,1.0,0.50,Aegean:FLAT(0.50)|Orion:LONG(0.20),Regime: TREND (Orion 2x). Score: 0.13. Low Conviction (<0.35).,LOW_CONVICTION,1.599128,TOP,24.39,False,0.0,0.0,0.00,0.00
1688289240.0,TREND,NO_GO,HOLD,8.79,NORMAL,PRO,DEFENSIVE,1.0,0.50,Aegean:FLAT(0.50)|Orion:LONG(0.13),Regime: TREND (Orion 2x). Score: 0.09. Low Conviction (<0.35).,LOW_CONVICTION,1.446830,TOP,25.28,True,0.0,0.0,0.00,0.00
1688289300.0,TREND,NO_GO,HOLD,10.56,NORMAL,PRO,DEFENSIVE,1.0,0.50,Aegean:FLAT(0.50)|Orion:LONG(0.16),Regime: TREND (Orion 2x). Score: 0.11. Low Conviction (<0.35).,LOW_CONVICTION,1.309056,TOP,26.34,True,0.0,0.0,0.00,0.00
1688289360.0,TREND,NO_GO,HOLD,9.62,NORMAL,PRO,DEFENSIVE,1.0,0.50,Aegean:FLAT(0.50)|Orion:LONG(0.14),Regime: TREND (Orion 2x). Score: 0.10. Low Conviction (<0.35).,LOW_CONVICTION,0.668867,MID,25.77,True,0.0,0.0,0.00,0.00
1688289420.0,TREND,NO_GO,HOLD,8.75,NORMAL,PRO,DEFENSIVE,1.0,0.50,Aegean:FLAT(0.50)|Orion:LONG(0.13),Regime: TREND (Orion 2x). Score: 0.09. Low Conviction (<0.35).,LOW_CONVICTION,1.041049,TOP,25.25,True,0.0,0.0,0.00,0.00
1688289480.0,TREND,NO_GO,HOLD,9.71,NORMAL,PRO,DEFENSIVE,1.0,0.50,Aegean:FLAT(0.50)|Orion:LONG(0.15),Regime: TREND (Orion 2x). Score: 0.10. Low Conviction (<0.35).,LOW_CONVICTION,1.618670,TOP,25.83,True,0.0,0.0,0.00,0.00
1688289540.0,TREND,NO_GO,HOLD,11.07,NORMAL,PRO,DEFENSIVE,1.0,0.50,Aegean:FLAT(0.50)|Orion:LONG(0.17),Regime: TREND (Orion 2x). Score: 0.11. Low Conviction (<0.35).,LOW_CONVICTION,1.358884,TOP,26.64,True,0.0,0.0,0.00,0.00
1688289600.0,TREND,NO_GO,HOLD,12.33,NORMAL,PRO,DEFENSIVE,1.0,0.50,Aegean:FLAT(0.50)|Orion:LONG(0.18),Regime: TREND (Orion 2x). Score: 0.12. Low Conviction (<0.35).,LOW_CONVICTION,1.337853,TOP,27.40,True,0.0,0.0,0.00,0.00
1688289660.0,TREND,NO_GO,HOLD,13.53,NORMAL,PRO,DEFENSIVE,1.0,0.50,Aegean:FLAT(0.50)|Orion:LONG(0.20),Regime: TREND (Orion 2x). Score: 0.14. Low Conviction (<0.35).,LOW_CONVICTION,1.236745,TOP,28.12,True,0.0,0.0,0.00,0.00
1688289720.0,TREND,NO_GO,HOLD,14.66,NORMAL,PRO,DEFENSIVE,1.0,0.50,Aegean:FLAT(0.50)|Orion:LONG(0.22),Regime: TREND (Orion 2x). Score: 0.15. Low Conviction (<0.35).,LOW_CONVICTION,1.111647,TOP,28.80,True,0.0,0.0,0.00,0.00
1688289780.0,TREND,NO_GO,HOLD,14.75,NORMAL,PRO,DEFENSIVE,1.0,0.50,Aegean:FLAT(0.50)|Orion:LONG(0.22),Regime: TREND (Orion 2x). Score: 0.15. Low Conviction (<0.35).,LOW_CONVICTION,0.837817,TOP,28.85,True,0.0,0.0,0.00,0.00
1688289840.0,TREND,NO_GO,HOLD,14.23,NORMAL,PRO,DEFENSIVE,1.0,0.50,Aegean:FLAT(0.50)|Orion:LONG(0.21),Regime: TREND (Orion 2x). Score: 0.14. Low Conviction (<0.35).,LOW_CONVICTION,0.628906,MID,28.54,True,0.0,0.0,0.00,0.00
1688289900.0,TREND,NO_GO,HOLD,14.19,NORMAL,PRO,DEFENSIVE,1.0,0.50,Aegean:FLAT(0.50)|Orion:LONG(0.21),Regime: TREND (Orion 2x). Score: 0.14. Low Conviction (<0.35).,LOW_CONVICTION,0.854250,TOP,28.51,True,0.0,0.0,0.00,0.00
1688289960.0,TREND,NO_GO,HOLD,14.78,NORMAL,PRO,DEFENSIVE,1.0,0.50,Aegean:FLAT(0.50)|Orion:LONG(0.22),Regime: TREND (Orion 2x). Score: 0.15. Low Conviction (<0.35).,LOW_CONVICTION,0.959461,TOP,28.87,True,0.0,0.0,0.00,0.00
1688290020.0,TREND,NO_GO,HOLD,15.89,NORMAL,PRO,DEFENSIVE,1.0,0.50,Aegean:FLAT(0.50)|Orion:LONG(0.24),Regime: TREND (Orion 2x). Score: 0.16. Low Conviction (<0.35).,LOW_CONVICTION,1.048103,TOP,29.53,True,0.0,0.0,0.00,0.00
1688290080.0,TREND,NO_GO,HOLD,16.92,NORMAL,PRO,DEFENSIVE,1.0,0.50,Aegean:FLAT(0.50)|Orion:LONG(0.25),Regime: TREND (Orion 2x). Score: 0.17. Low Conviction (<0.35).,LOW_CONVICTION,0.955308,TOP,30.15,True,0.0,0.0,0.00,0.00
1688290140.0,TREND,NO_GO,HOLD,18.08,NORMAL,PRO,DEFENSIVE,1.0,0.50,Aegean:FLAT(0.50)|Orion:LONG(0.27),Regime: TREND (Orion 2x). Score: 0.18. Low Conviction (<0.35).,LOW_CONVICTION,0.942078,TOP,30.85,True,0.0,0.0,0.00,0.00
1688290200.0,TREND,NO_GO,HOLD,19.15,NORMAL,PRO,DEFENSIVE,1.0,0.50,Aegean:FLAT(0.50)|Orion:LONG(0.29),Regime: TREND (Orion 2x). Score: 0.19. Low Conviction (<0.35).,LOW_CONVICTION,0.853309,TOP,31.49,True,0.0,0.0,0.00,0.00
1688290260.0,TREND,NO_GO,HOLD,20.15,NORMAL,PRO,DEFENSIVE,1.0,0.50,Aegean:FLAT(0.50)|Orion:LONG(0.30),Regime: TREND (Orion 2x). Score: 0.20. Low Conviction (<0.35).,LOW_CONVICTION,0.775884,TOP,32.09,True,0.0,0.0,0.00,0.00
1688290320.0,TREND,NO_GO,HOLD,21.13,NORMAL,PRO,DEFENSIVE,1.0,0.50,Aegean:FLAT(0.50)|Orion:LONG(0.32),Regime: TREND (Orion 2x). Score: 0.21. Low Conviction (<0.35).,LOW_CONVICTION,0.701972,TOP,32.68,True,0.0,0.0,0.00,0.00
1688290380.0,TREND,NO_GO,HOLD,22.37,NORMAL,PRO,DEFENSIVE,1.0,0.50,Aegean:FLAT(0.50)|Orion:LONG(0.34),Regime: TREND (Orion 2x). Score: 0.22. Low Conviction (<0.35).,LOW_CONVICTION,0.720817,TOP,33.42,True,0.0,0.0,0.00,0.00
1688290440.0,TREND,NO_GO,HOLD,20.16,NORMAL,PRO,DEFENSIVE,1.0,0.50,Aegean:FLAT(0.50)|Orion:LONG(0.30),Regime: TREND (Orion 2x). Score: 0.20. Low Conviction (<0.35).,LOW_CONVICTION,0.136384,MID,32.10,True,0.0,0.0,0.00,0.00
1688290500.0,TREND,NO_GO,HOLD,18.11,NORMAL,PRO,DEFENSIVE,1.0,0.50,Aegean:FLAT(0.50)|Orion:LONG(0.27),Regime: TREND (Orion 2x). Score: 0.18. Low Conviction (<0.35).,LOW_CONVICTION,0.328127,MID,30.87,True,0.0,0.0,0.00,0.00
1688290560.0,TREND,NO_GO,HOLD,16.21,NORMAL,PRO,DEFENSIVE,1.0,0.50,Aegean:FLAT(0.50)|Orion:LONG(0.24),Regime: TREND (Orion 2x). Score: 0.16. Low Conviction (<0.35).,LOW_CONVICTION,0.295735,MID,29.73,True,0.0,0.0,0.00,0.00
1688290620.0,TREND,NO_GO,HOLD,14.45,NORMAL,PRO,DEFENSIVE,1.0,0.50,Aegean:FLAT(0.50)|Orion:LONG(0.22),Regime: TREND (Orion 2x). Score: 0.14. Low Conviction (<0.35).,LOW_CONVICTION,0.273554,MID,28.67,True,0.0,0.0,0.00,0.00
1688290680.0,TREND,NO_GO,HOLD,12.81,NORMAL,PRO,DEFENSIVE,1.0,0.50,Aegean:FLAT(0.50)|Orion:LONG(0.19),Regime: TREND (Orion 2x). Score: 0.13. Low Conviction (<0.35).,LOW_CONVICTION,0.259741,MID,27.68,True,0.0,0.0,0.00,0.00
1688290740.0,TREND,NO_GO,HOLD,12.08,NORMAL,PRO,DEFENSIVE,1.0,0.50,Aegean:FLAT(0.50)|Orion:LONG(0.18),Regime: TREND (Orion 2x). Score: 0.12. Low Conviction (<0.35).,LOW_CONVICTION,0.340570,MID,27.25,True,0.0,0.0,0.00,0.00
1688290800.0,TREND,NO_GO,HOLD,9.85,NORMAL,PRO,DEFENSIVE,1.0,0.50,Aegean:FLAT(0.50)|Orion:LONG(0.15),Regime: TREND (Orion 2x). Score: 0.10. Low Conviction (<0.35).,LOW_CONVICTION,-0.015776,MID,25.91,True,0.0,0.0,0.00,0.00
1688290860.0,TREND,NO_GO,HOLD,13.33,NORMAL,PRO,DEFENSIVE,1.0,0.50,Aegean:FLAT(0.50)|Orion:LONG(0.20),Regime: TREND (Orion 2x). Score: 0.13. Low Conviction (<0.35).,LOW_CONVICTION,-0.206654,DIP,24.32,False,0.0,0.0,0.00,0.00
1688290920.0,TREND,NO_GO,HOLD,13.33,NORMAL,PRO,DEFENSIVE,1.0,0.50,Aegean:FLAT(0.50)|Orion:LONG(0.20),Regime: TREND (Orion 2x). Score: 0.13. Low Conviction (<0.35).,LOW_CONVICTION,-0.190423,DIP,22.84,False,0.0,0.0,0.00,0.00
1688290980.0,TREND,NO_GO,HOLD,13.33,NORMAL,PRO,DEFENSIVE,1.0,0.50,Aegean:FLAT(0.50)|Orion:LONG(0.20),Regime: TREND (Orion 2x). Score: 0.13. Low Conviction (<0.35).,LOW_CONVICTION,0.014211,MID,21.82,False,0.0,0.0,0.00,0.00
1688291040.0,TREND,NO_GO,HOLD,13.33,NORMAL,PRO,DEFENSIVE,1.0,0.50,Aegean:FLAT(0.50)|Orion:LONG(0.20),Regime: TREND (Orion 2x). Score: 0.13. Low Conviction (<0.35).,LOW_CONVICTION,0.682917,MID,24.17,False,0.0,0.0,0.00,0.00
1688291100.0,TREND,NO_GO,HOLD,10.58,NORMAL,PRO,DEFENSIVE,1.0,0.50,Aegean:FLAT(0.50)|Orion:LONG(0.16),Regime: TREND (Orion 2x). Score: 0.11. Low Conviction (<0.35).,LOW_CONVICTION,1.151211,MID,26.35,True,0.0,0.0,0.00,0.00
1688291160.0,TREND,NO_GO,HOLD,14.08,NORMAL,PRO,DEFENSIVE,1.0,0.50,Aegean:FLAT(0.50)|Orion:LONG(0.21),Regime: TREND (Orion 2x). Score: 0.14. Low Conviction (<0.35).,LOW_CONVICTION,1.041553,MID,28.45,True,0.0,0.0,0.00,0.00
1688291220.0,TREND,NO_GO,HOLD,14.73,NORMAL,PRO,DEFENSIVE,1.0,0.50,Aegean:FLAT(0.50)|Orion:LONG(0.22),Regime: TREND (Orion 2x). Score: 0.15. Low Conviction (<0.35).,LOW_CONVICTION,0.673829,MID,28.84,True,0.0,0.0,0.00,0.00
1688291280.0,TREND,NO_GO,HOLD,15.32,NORMAL,PRO,DEFENSIVE,1.0,0.50,Aegean:FLAT(0.50)|Orion:LONG(0.23),Regime: TREND (Orion 2x). Score: 0.15. Low Conviction (<0.35).,LOW_CONVICTION,0.468702,MID,29.19,True,0.0,0.0,0.00,0.00
1688291340.0,TREND,NO_GO,HOLD,15.61,NORMAL,PRO,DEFENSIVE,1.0,0.50,Aegean:FLAT(0.50)|Orion:LONG(0.23),Regime: TREND (Orion 2x). Score: 0.16. Low Conviction (<0.35).,LOW_CONVICTION,0.376445,MID,29.37,True,0.0,0.0,0.00,0.00
1688291400.0,TREND,NO_GO,HOLD,15.87,NORMAL,PRO,DEFENSIVE,1.0,0.50,Aegean:FLAT(0.50)|Orion:LONG(0.24),Regime: TREND (Orion 2x). Score: 0.16. Low Conviction (<0.35).,LOW_CONVICTION,0.341545,MID,29.52,True,0.0,0.0,0.00,0.00
1688291460.0,TREND,NO_GO,HOLD,14.03,NORMAL,PRO,DEFENSIVE,1.0,0.50,Aegean:FLAT(0.50)|Orion:LONG(0.21),Regime: TREND (Orion 2x). Score: 0.14. Low Conviction (<0.35).,LOW_CONVICTION,-0.059688,MID,28.42,True,0.0,0.0,0.00,0.00
1688291520.0,TREND,NO_GO,HOLD,12.21,NORMAL,PRO,DEFENSIVE,1.0,0.50,Aegean:FLAT(0.50)|Orion:LONG(0.18),Regime: TREND (Orion 2x). Score: 0.12. Low Conviction (<0.35).,LOW_CONVICTION,-0.078160,MID,27.33,True,0.0,0.0,0.00,0.00
1688291580.0,TREND,NO_GO,HOLD,12.47,NORMAL,PRO,DEFENSIVE,1.0,0.50,Aegean:FLAT(0.50)|Orion:LONG(0.19),Regime: TREND (Orion 2x). Score: 0.12. Low Conviction (<0.35).,LOW_CONVICTION,0.107379,MID,27.48,True,0.0,0.0,0.00,0.00
1688291640.0,TREND,NO_GO,HOLD,12.64,NORMAL,PRO,DEFENSIVE,1.0,0.50,Aegean:FLAT(0.50)|Orion:LONG(0.19),Regime: TREND (Orion 2x). Score: 0.13. Low Conviction (<0.35).,LOW_CONVICTION,0.082867,MID,27.58,True,0.0,0.0,0.00,0.00
1688291700.0,TREND,NO_GO,HOLD,11.82,NORMAL,PRO,DEFENSIVE,1.0,0.50,Aegean:FLAT(0.50)|Orion:SHORT(0.18),Regime: TREND (Orion 2x). Score: -0.12. Low Conviction (<0.35).,LOW_CONVICTION,-1.417026,DIP,27.09,True,0.0,0.0,0.00,0.00
1688291760.0,TREND,NO_GO,HOLD,11.63,NORMAL,PRO,DEFENSIVE,1.0,0.50,Aegean:FLAT(0.50)|Orion:SHORT(0.17),Regime: TREND (Orion 2x). Score: -0.12. Low Conviction (<0.35).,LOW_CONVICTION,-1.524071,DIP,26.98,True,0.0,0.0,0.00,0.00
1688291820.0,TREND,NO_GO,HOLD,11.53,NORMAL,PRO,DEFENSIVE,1.0,0.50,Aegean:FLAT(0.50)|Orion:SHORT(0.17),Regime: TREND (Orion 2x). Score: -0.12. Low Conviction (<0.35).,LOW_CONVICTION,-1.392429,DIP,26.92,True,0.0,0.0,0.00,0.00
1688291880.0,TREND,NO_GO,HOLD,10.39,NORMAL,PRO,DEFENSIVE,1.0,0.50,Aegean:FLAT(0.50)|Orion:SHORT(0.16),Regime: TREND (Orion 2x). Score: -0.10. Low Conviction (<0.35).,LOW_CONVICTION,-1.378656,DIP,26.23,True,0.0,0.0,0.00,0.00
1688291940.0,TREND,NO_GO,HOLD,9.33,NORMAL,PRO,DEFENSIVE,1.0,0.50,Aegean:FLAT(0.50)|Orion:SHORT(0.14),Regime: TREND (Orion 2x). Score: -0.09. Low Conviction (<0.35).,LOW_CONVICTION,-1.205851,DIP,25.60,True,0.0,0.0,0.00,0.00
1688292000.0,TREND,NO_GO,HOLD,13.33,NORMAL,PRO,DEFENSIVE,1.0,0.50,Aegean:FLAT(0.50)|Orion:SHORT(0.20),Regime: TREND (Orion 2x). Score: -0.13. Low Conviction (<0.35).,LOW_CONVICTION,-0.548459,MID,23.91,False,0.0,0.0,0.00,0.00
1688292060.0,TREND,NO_GO,HOLD,13.33,NORMAL,PRO,DEFENSIVE,1.0,0.50,Aegean:FLAT(0.50)|Orion:SHORT(0.20),Regime: TREND (Orion 2x). Score: -0.13. Low Conviction (<0.35).,LOW_CONVICTION,-1.083824,DIP,22.33,False,0.0,0.0,0.00,0.00
1688292120.0,CHOP,NO_GO,HOLD,13.33,NORMAL,PRO,DEFENSIVE,1.0,0.50,Aegean:FLAT(0.50)|Orion:SHORT(0.20),Regime: CHOP (Reduced Weights). Score: -0.13. Low Conviction (<0.35).,LOW_CONVICTION,-0.465735,MID,20.81,False,0.0,0.0,0.00,0.00
1688292180.0,CHOP,NO_GO,HOLD,13.33,NORMAL,PRO,DEFENSIVE,1.0,0.50,Aegean:FLAT(0.50)|Orion:SHORT(0.20),Regime: CHOP (Reduced Weights). Score: -0.13. Low Conviction (<0.35).,LOW_CONVICTION,-0.250367,MID,19.66,False,0.0,0.0,0.00,0.00
1688292240.0,CHOP,NO_GO,HOLD,13.33,NORMAL,PRO,DEFENSIVE,1.0,0.50,Aegean:FLAT(0.50)|Orion:SHORT(0.20),Regime: CHOP (Reduced Weights). Score: -0.13. Low Conviction (<0.35).,LOW_CONVICTION,0.007770,MID,19.11,False,0.0,0.0,0.00,0.00
1688292300.0,CHOP,NO_GO,HOLD,13.33,NORMAL,PRO,DEFENSIVE,1.0,0.50,Aegean:FLAT(0.50)|Orion:SHORT(0.20),Regime: CHOP (Reduced Weights). Score: -0.13. Low Conviction (<0.35).,LOW_CONVICTION,0.002042,MID,18.59,False,0.0,0.0,0.00,0.00
1688292360.0,CHOP,NO_GO,HOLD,13.33,NORMAL,PRO,DEFENSIVE,1.0,0.50,Aegean:FLAT(0.50)|Orion:SHORT(0.20),Regime: CHOP (Reduced Weights). Score: -0.13. Low Conviction (<0.35).,LOW_CONVICTION,0.381073,MID,19.38,False,0.0,0.0,0.00,0.00
1688292420.0,CHOP,NO_GO,HOLD,13.33,NORMAL,PRO,DEFENSIVE,1.0,0.50,Aegean:FLAT(0.50)|Orion:SHORT(0.20),Regime: CHOP (Reduced Weights). Score: -0.13. Low Conviction (<0.35).,LOW_CONVICTION,0.344761,MID,20.11,False,0.0,0.0,0.00,0.00
1688292480.0,CHOP,NO_GO,HOLD,13.33,NORMAL,PRO,DEFENSIVE,1.0,0.50,Aegean:FLAT(0.50)|Orion:LONG(0.20),Regime: CHOP (Reduced Weights). Score: 0.13. Low Conviction (<0.35).,LOW_CONVICTION,0.777932,MID,21.50,False,0.0,0.0,0.00,0.00
1688292540.0,TREND,NO_GO,HOLD,13.33,NORMAL,PRO,DEFENSIVE,1.0,0.50,Aegean:FLAT(0.50)|Orion:LONG(0.20),Regime: TREND (Orion 2x). Score: 0.13. Low Conviction (<0.35).,LOW_CONVICTION,0.426681,MID,22.78,False,0.0,0.0,0.00,0.00
1688292600.0,TREND,NO_GO,HOLD,13.33,NORMAL,PRO,DEFENSIVE,1.0,0.50,Aegean:FLAT(0.50)|Orion:SHORT(0.20),Regime: TREND (Orion 2x). Score: -0.13. Low Conviction (<0.35).,LOW_CONVICTION,0.129854,MID,23.16,False,0.0,0.0,0.00,0.00
1688292660.0,TREND,NO_GO,HOLD,13.33,NORMAL,PRO,DEFENSIVE,1.0,0.50,Aegean:FLAT(0.50)|Orion:SHORT(0.20),Regime: TREND (Orion 2x). Score: -0.13. Low Conviction (<0.35).,LOW_CONVICTION,-0.145370,MID,22.84,False,0.0,0.0,0.00,0.00
1688292720.0,TREND,NO_GO,HOLD,13.33,NORMAL,PRO,DEFENSIVE,1.0,0.50,Aegean:FLAT(0.50)|Orion:LONG(0.20),Regime: TREND (Orion 2x). Score: 0.13. Low Conviction (<0.35).,LOW_CONVICTION,0.865716,TOP,23.69,False,0.0,0.0,0.00,0.00
1688292780.0,TREND,NO_GO,HOLD,13.33,NORMAL,PRO,DEFENSIVE,1.0,0.50,Aegean:FLAT(0.50)|Orion:LONG(0.20),Regime: TREND (Orion 2x). Score: 0.13. Low Conviction (<0.35).,LOW_CONVICTION,0.191873,MID,24.46,False,0.0,0.0,0.00,0.00
1688292840.0,TREND,NO_GO,HOLD,8.57,NORMAL,PRO,DEFENSIVE,1.0,0.50,Aegean:FLAT(0.50)|Orion:LONG(0.13),Regime: TREND (Orion 2x). Score: 0.09. Low Conviction (<0.35).,LOW_CONVICTION,0.168842,MID,25.14,True,0.0,0.0,0.00,0.00
1688292900.0,TREND,NO_GO,HOLD,13.33,NORMAL,PRO,DEFENSIVE,1.0,0.50,Aegean:FLAT(0.50)|Orion:SHORT(0.20),Regime: TREND (Orion 2x). Score: -0.13. Low Conviction (<0.35).,LOW_CONVICTION,-1.010114,DIP,23.61,False,0.0,0.0,0.00,0.00
1688292960.0,TREND,NO_GO,HOLD,13.33,NORMAL,PRO,DEFENSIVE,1.0,0.50,Aegean:FLAT(0.50)|Orion:SHORT(0.20),Regime: TREND (Orion 2x). Score: -0.13. Low Conviction (<0.35).,LOW_CONVICTION,-0.631036,MID,23.63,False,0.0,0.0,0.00,0.00
1688293020.0,TREND,NO_GO,HOLD,13.33,NORMAL,PRO,DEFENSIVE,1.0,0.50,Aegean:FLAT(0.50)|Orion:SHORT(0.20),Regime: TREND (Orion 2x). Score: -0.13. Low Conviction (<0.35).,LOW_CONVICTION,-1.143319,MID,23.57,False,0.0,0.0,0.00,0.00
1688293080.0,TREND,NO_GO,HOLD,13.33,NORMAL,PRO,DEFENSIVE,1.0,0.50,Aegean:FLAT(0.50)|Orion:SHORT(0.20),Regime: TREND (Orion 2x). Score: -0.13. Low Conviction (<0.35).,LOW_CONVICTION,-0.319806,MID,23.22,False,0.0,0.0,0.00,0.00
1688293140.0,TREND,NO_GO,HOLD,13.33,NORMAL,PRO,DEFENSIVE,1.0,0.50,Aegean:FLAT(0.50)|Orion:SHORT(0.20),Regime: TREND (Orion 2x). Score: -0.13. Low Conviction (<0.35).,LOW_CONVICTION,-0.567807,MID,21.73,False,0.0,0.0,0.00,0.00
1688293200.0,CHOP,NO_GO,HOLD,13.33,NORMAL,PRO,DEFENSIVE,1.0,0.50,Aegean:FLAT(0.50)|Orion:SHORT(0.20),Regime: CHOP (Reduced Weights). Score: -0.13. Low Conviction (<0.35).,LOW_CONVICTION,-0.509849,MID,20.28,False,0.0,0.0,0.00,0.00
1688293260.0,CHOP,NO_GO,HOLD,13.33,NORMAL,PRO,DEFENSIVE,1.0,0.50,Aegean:FLAT(0.50)|Orion:SHORT(0.20),Regime: CHOP (Reduced Weights). Score: -0.13. Low Conviction (<0.35).,LOW_CONVICTION,-0.337463,MID,19.29,False,0.0,0.0,0.00,0.00
1688293320.0,CHOP,NO_GO,HOLD,13.33,NORMAL,PRO,DEFENSIVE,1.0,0.50,Aegean:FLAT(0.50)|Orion:SHORT(0.20),Regime: CHOP (Reduced Weights). Score: -0.13. Low Conviction (<0.35).,LOW_CONVICTION,-0.434881,MID,18.69,False,0.0,0.0,0.00,0.00
1688293380.0,CHOP,NO_GO,HOLD,13.33,NORMAL,PRO,DEFENSIVE,1.0,0.50,Aegean:FLAT(0.50)|Orion:SHORT(0.20),Regime: CHOP (Reduced Weights). Score: -0.13. Low Conviction (<0.35).,LOW_CONVICTION,-0.406289,MID,18.09,False,0.0,0.0,0.00,0.00
1688293440.0,CHOP,NO_GO,HOLD,13.33,NORMAL,PRO,DEFENSIVE,1.0,0.50,Aegean:FLAT(0.50)|Orion:SHORT(0.20),Regime: CHOP (Reduced Weights). Score: -0.13. Low Conviction (<0.35).,LOW_CONVICTION,-0.379308,MID,17.53,False,0.0,0.0,0.00,0.00
1688293500.0,CHOP,NO_GO,HOLD,13.33,NORMAL,PRO,DEFENSIVE,1.0,0.50,Aegean:FLAT(0.50)|Orion:SHORT(0.20),Regime: CHOP (Reduced Weights). Score: -0.13. Low Conviction (<0.35).,LOW_CONVICTION,-0.342231,MID,17.02,False,0.0,0.0,0.00,0.00
1688293560.0,CHOP,NO_GO,HOLD,13.33,NORMAL,PRO,DEFENSIVE,1.0,0.50,Aegean:FLAT(0.50)|Orion:SHORT(0.20),Regime: CHOP (Reduced Weights). Score: -0.13. Low Conviction (<0.35).,LOW_CONVICTION,-0.236676,MID,16.39,False,0.0,0.0,0.00,0.00
1688293620.0,CHOP,NO_GO,HOLD,13.33,NORMAL,PRO,DEFENSIVE,1.0,0.50,Aegean:FLAT(0.50)|Orion:LONG(0.20),Regime: CHOP (Reduced Weights). Score: 0.13. Low Conviction (<0.35).,LOW_CONVICTION,0.587756,MID,16.47,False,0.0,0.0,0.00,0.00
1688293680.0,CHOP,NO_GO,HOLD,13.33,NORMAL,PRO,DEFENSIVE,1.0,0.50,Aegean:FLAT(0.50)|Orion:SHORT(0.20),Regime: CHOP (Reduced Weights). Score: -0.13. Low Conviction (<0.35).,LOW_CONVICTION,0.120359,MID,16.58,False,0.0,0.0,0.00,0.00
1688293740.0,CHOP,NO_GO,HOLD,13.33,NORMAL,PRO,DEFENSIVE,1.0,0.50,Aegean:FLAT(0.50)|Orion:SHORT(0.20),Regime: CHOP (Reduced Weights). Score: -0.13. Low Conviction (<0.35).,LOW_CONVICTION,0.107924,MID,16.68,False,0.0,0.0,0.00,0.00
1688293800.0,CHOP,NO_GO,HOLD,13.33,NORMAL,PRO,DEFENSIVE,1.0,0.50,Aegean:FLAT(0.50)|Orion:SHORT(0.20),Regime: CHOP (Reduced Weights). Score: -0.13. Low Conviction (<0.35).,LOW_CONVICTION,0.163822,MID,16.86,False,0.0,0.0,0.00,0.00
1688293860.0,CHOP,NO_GO,HOLD,13.33,NORMAL,PRO,DEFENSIVE,1.0,0.50,Aegean:FLAT(0.50)|Orion:SHORT(0.20),Regime: CHOP (Reduced Weights). Score: -0.13. Low Conviction (<0.35).,LOW_CONVICTION,-0.462862,MID,15.70,False,0.0,0.0,0.00,0.00
1688293920.0,CHOP,NO_GO,HOLD,13.33,NORMAL,PRO,DEFENSIVE,1.0,0.50,Aegean:FLAT(0.50)|Orion:SHORT(0.20),Regime: CHOP (Reduced Weights). Score: -0.13. Low Conviction (<0.35).,LOW_CONVICTION,-0.641421,MID,15.06,False,0.0,0.0,0.00,0.00
1688293980.0,CHOP,NO_GO,HOLD,13.33,NORMAL,PRO,DEFENSIVE,1.0,0.50,Aegean:FLAT(0.50)|Orion:SHORT(0.20),Regime: CHOP (Reduced Weights). Score: -0.13. Low Conviction (<0.35).,LOW_CONVICTION,-0.581950,MID,14.47,False,0.0,0.0,0.00,0.00
1688294040.0,CHOP,NO_GO,HOLD,13.33,NORMAL,PRO,DEFENSIVE,1.0,0.50,Aegean:FLAT(0.50)|Orion:SHORT(0.20),Regime: CHOP (Reduced Weights). Score: -0.13. Low Conviction (<0.35).,LOW_CONVICTION,-0.554300,MID,14.06,False,0.0,0.0,0.00,0.00
1688294100.0,CHOP,NO_GO,HOLD,13.33,NORMAL,PRO,DEFENSIVE,1.0,0.50,Aegean:FLAT(0.50)|Orion:SHORT(0.20),Regime: CHOP (Reduced Weights). Score: -0.13. Low Conviction (<0.35).,LOW_CONVICTION,-0.374897,MID,13.64,False,0.0,0.0,0.00,0.00
1688294160.0,CHOP,NO_GO,HOLD,13.33,NORMAL,PRO,DEFENSIVE,1.0,0.50,Aegean:FLAT(0.50)|Orion:SHORT(0.20),Regime: CHOP (Reduced Weights). Score: -0.13. Low Conviction (<0.35).,LOW_CONVICTION,-0.463954,DIP,13.10,False,0.0,0.0,0.00,0.00
1688294220.0,CHOP,NO_GO,HOLD,13.33,NORMAL,PRO,DEFENSIVE,1.0,0.50,Aegean:FLAT(0.50)|Orion:SHORT(0.20),Regime: CHOP (Reduced Weights). Score: -0.13. Low Conviction (<0.35).,LOW_CONVICTION,-0.467804,DIP,12.79,False,0.0,0.0,0.00,0.00
1688294280.0,CHOP,NO_GO,HOLD,13.33,NORMAL,PRO,DEFENSIVE,1.0,0.50,Aegean:FLAT(0.50)|Orion:SHORT(0.20),Regime: CHOP (Reduced Weights). Score: -0.13. Low Conviction (<0.35).,LOW_CONVICTION,-0.424135,DIP,12.58,False,0.0,0.0,0.00,0.00
1688294340.0,CHOP,NO_GO,HOLD,13.33,NORMAL,PRO,DEFENSIVE,1.0,0.50,Aegean:FLAT(0.50)|Orion:SHORT(0.20),Regime: CHOP (Reduced Weights). Score: -0.13. Low Conviction (<0.35).,LOW_CONVICTION,-0.394694,DIP,12.24,False,0.0,0.0,0.00,0.00
1688294400.0,CHOP,NO_GO,HOLD,13.33,NORMAL,PRO,DEFENSIVE,1.0,0.50,Aegean:FLAT(0.50)|Orion:SHORT(0.20),Regime: CHOP (Reduced Weights). Score: -0.13. Low Conviction (<0.35).,LOW_CONVICTION,-0.030010,MID,11.83,False,0.0,0.0,0.00,0.00
1688294460.0,CHOP,NO_GO,HOLD,13.33,NORMAL,PRO,DEFENSIVE,1.0,0.50,Aegean:FLAT(0.50)|Orion:SHORT(0.20),Regime: CHOP (Reduced Weights). Score: -0.13. Low Conviction (<0.35).,LOW_CONVICTION,-0.038423,MID,11.46,False,0.0,0.0,0.00,0.00
1688294520.0,CHOP,NO_GO,HOLD,13.33,NORMAL,PRO,DEFENSIVE,1.0,0.50,Aegean:FLAT(0.50)|Orion:SHORT(0.20),Regime: CHOP (Reduced Weights). Score: -0.13. Low Conviction (<0.35).,LOW_CONVICTION,-0.038165,MID,11.12,False,0.0,0.0,0.00,0.00
1688294580.0,CHOP,NO_GO,HOLD,13.33,NORMAL,PRO,DEFENSIVE,1.0,0.50,Aegean:FLAT(0.50)|Orion:SHORT(0.20),Regime: CHOP (Reduced Weights). Score: -0.13. Low Conviction (<0.35).,LOW_CONVICTION,0.229199,MID,11.64,False,0.0,0.0,0.00,0.00
1688294640.0,CHOP,NO_GO,HOLD,13.33,NORMAL,PRO,DEFENSIVE,1.0,0.50,Aegean:FLAT(0.50)|Orion:SHORT(0.20),Regime: CHOP (Reduced Weights). Score: -0.13. Low Conviction (<0.35).,LOW_CONVICTION,0.207390,MID,12.11,False,0.0,0.0,0.00,0.00
1688294700.0,CHOP,NO_GO,HOLD,13.33,NORMAL,PRO,DEFENSIVE,1.0,0.50,Aegean:FLAT(0.50)|Orion:SHORT(0.20),Regime: CHOP (Reduced Weights). Score: -0.13. Low Conviction (<0.35).,LOW_CONVICTION,0.178961,MID,12.57,False,0.0,0.0,0.00,0.00
1688294760.0,CHOP,NO_GO,HOLD,13.33,NORMAL,PRO,DEFENSIVE,1.0,0.50,Aegean:FLAT(0.50)|Orion:SHORT(0.20),Regime: CHOP (Reduced Weights). Score: -0.13. Low Conviction (<0.35).,LOW_CONVICTION,0.162870,MID,12.99,False,0.0,0.0,0.00,0.00
1688294820.0,CHOP,NO_GO,HOLD,13.33,NORMAL,PRO,DEFENSIVE,1.0,0.50,Aegean:FLAT(0.50)|Orion:SHORT(0.20),Regime: CHOP (Reduced Weights). Score: -0.13. Low Conviction (<0.35).,LOW_CONVICTION,-0.755410,DIP,13.81,False,0.0,0.0,0.00,0.00
1688294880.0,CHOP,NO_GO,HOLD,13.33,NORMAL,PRO,DEFENSIVE,1.0,0.50,Aegean:FLAT(0.50)|Orion:SHORT(0.20),Regime: CHOP (Reduced Weights). Score: -0.13. Low Conviction (<0.35).,LOW_CONVICTION,-0.301684,MID,14.57,False,0.0,0.0,0.00,0.00
1688294940.0,CHOP,NO_GO,HOLD,13.33,NORMAL,PRO,DEFENSIVE,1.0,0.50,Aegean:FLAT(0.50)|Orion:SHORT(0.20),Regime: CHOP (Reduced Weights). Score: -0.13. Low Conviction (<0.35).,LOW_CONVICTION,-0.267783,MID,15.29,False,0.0,0.0,0.00,0.00
1688295000.0,CHOP,NO_GO,HOLD,13.33,NORMAL,PRO,DEFENSIVE,1.0,0.50,Aegean:FLAT(0.50)|Orion:SHORT(0.20),Regime: CHOP (Reduced Weights). Score: -0.13. Low Conviction (<0.35).,LOW_CONVICTION,-0.236976,MID,15.95,False,0.0,0.0,0.00,0.00
1688295060.0,CHOP,NO_GO,HOLD,13.33,NORMAL,PRO,DEFENSIVE,1.0,0.50,Aegean:FLAT(0.50)|Orion:SHORT(0.20),Regime: CHOP (Reduced Weights). Score: -0.13. Low Conviction (<0.35).,LOW_CONVICTION,-0.233612,MID,16.53,False,0.0,0.0,0.00,0.00
1688295120.0,CHOP,NO_GO,HOLD,13.33,NORMAL,PRO,DEFENSIVE,1.0,0.50,Aegean:FLAT(0.50)|Orion:SHORT(0.20),Regime: CHOP (Reduced Weights). Score: -0.13. Low Conviction (<0.35).,LOW_CONVICTION,-0.577314,DIP,18.08,False,0.0,0.0,0.00,0.00
1688295180.0,TREND,NO_GO,HOLD,13.33,NORMAL,PRO,DEFENSIVE,1.0,0.50,Aegean:FLAT(0.50)|Orion:SHORT(0.20),Regime: TREND (Orion 2x). Score: -0.13. Low Conviction (<0.35).,LOW_CONVICTION,-1.190884,DIP,20.66,False,0.0,0.0,0.00,0.00
1688295240.0,TREND,NO_GO,HOLD,13.33,NORMAL,PRO,DEFENSIVE,1.0,0.50,Aegean:FLAT(0.50)|Orion:SHORT(0.20),Regime: TREND (Orion 2x). Score: -0.13. Low Conviction (<0.35).,LOW_CONVICTION,-0.449243,MID,22.26,False,0.0,0.0,0.00,0.00
1688295300.0,TREND,NO_GO,HOLD,13.33,NORMAL,PRO,DEFENSIVE,1.0,0.50,Aegean:FLAT(0.50)|Orion:SHORT(0.20),Regime: TREND (Orion 2x). Score: -0.13. Low Conviction (<0.35).,LOW_CONVICTION,-0.656926,MID,23.84,False,0.0,0.0,0.00,0.00
1688295360.0,TREND,NO_GO,HOLD,8.69,NORMAL,PRO,DEFENSIVE,1.0,0.50,Aegean:FLAT(0.50)|Orion:SHORT(0.13),Regime: TREND (Orion 2x). Score: -0.09. Low Conviction (<0.35).,LOW_CONVICTION,-0.583766,MID,25.21,True,0.0,0.0,0.00,0.00
1688295420.0,TREND,NO_GO,HOLD,10.04,NORMAL,PRO,DEFENSIVE,1.0,0.50,Aegean:FLAT(0.50)|Orion:SHORT(0.15),Regime: TREND (Orion 2x). Score: -0.10. Low Conviction (<0.35).,LOW_CONVICTION,-0.443591,MID,26.02,True,0.0,0.0,0.00,0.00
1688295480.0,TREND,NO_GO,HOLD,11.34,NORMAL,PRO,DEFENSIVE,1.0,0.50,Aegean:FLAT(0.50)|Orion:SHORT(0.17),Regime: TREND (Orion 2x). Score: -0.11. Low Conviction (<0.35).,LOW_CONVICTION,-0.394646,MID,26.80,True,0.0,0.0,0.00,0.00
1688295540.0,TREND,NO_GO,HOLD,12.51,NORMAL,PRO,DEFENSIVE,1.0,0.50,Aegean:FLAT(0.50)|Orion:SHORT(0.19),Regime: TREND (Orion 2x). Score: -0.13. Low Conviction (<0.35).,LOW_CONVICTION,-0.358013,MID,27.50,True,0.0,0.0,0.00,0.00
1688295600.0,TREND,NO_GO,HOLD,15.17,NORMAL,PRO,DEFENSIVE,1.0,0.50,Aegean:FLAT(0.50)|Orion:SHORT(0.23),Regime: TREND (Orion 2x). Score: -0.15. Low Conviction (<0.35).,LOW_CONVICTION,-0.406415,MID,29.10,True,0.0,0.0,0.00,0.00
1688295660.0,TREND,NO_GO,HOLD,15.11,NORMAL,PRO,DEFENSIVE,1.0,0.50,Aegean:FLAT(0.50)|Orion:SHORT(0.23),Regime: TREND (Orion 2x). Score: -0.15. Low Conviction (<0.35).,LOW_CONVICTION,0.052923,MID,29.07,True,0.0,0.0,0.00,0.00
1688295720.0,TREND,NO_GO,HOLD,15.08,NORMAL,PRO,DEFENSIVE,1.0,0.50,Aegean:FLAT(0.50)|Orion:SHORT(0.23),Regime: TREND (Orion 2x). Score: -0.15. Low Conviction (<0.35).,LOW_CONVICTION,0.046911,MID,29.05,True,0.0,0.0,0.00,0.00
1688295780.0,TREND,NO_GO,HOLD,15.06,NORMAL,PRO,DEFENSIVE,1.0,0.50,Aegean:FLAT(0.50)|Orion:SHORT(0.23),Regime: TREND (Orion 2x). Score: -0.15. Low Conviction (<0.35).,LOW_CONVICTION,0.043415,MID,29.03,True,0.0,0.0,0.00,0.00
1688295840.0,TREND,NO_GO,HOLD,16.31,NORMAL,PRO,DEFENSIVE,1.0,0.50,Aegean:FLAT(0.50)|Orion:SHORT(0.24),Regime: TREND (Orion 2x). Score: -0.16. Low Conviction (<0.35).,LOW_CONVICTION,-0.297882,MID,29.78,True,0.0,0.0,0.00,0.00
1688295900.0,TREND,NO_GO,HOLD,17.48,NORMAL,PRO,DEFENSIVE,1.0,0.50,Aegean:FLAT(0.50)|Orion:SHORT(0.26),Regime: TREND (Orion 2x). Score: -0.17. Low Conviction (<0.35).,LOW_CONVICTION,-0.126115,MID,30.49,True,0.0,0.0,0.00,0.00
1688295960.0,TREND,NO_GO,HOLD,18.58,NORMAL,PRO,DEFENSIVE,1.0,0.50,Aegean:FLAT(0.50)|Orion:SHORT(0.28),Regime: TREND (Orion 2x). Score: -0.19. Low Conviction (<0.35).,LOW_CONVICTION,-0.129273,MID,31.15,True,0.0,0.0,0.00,0.00
1688296020.0,TREND,NO_GO,HOLD,17.96,NORMAL,PRO,DEFENSIVE,1.0,0.50,Aegean:FLAT(0.50)|Orion:SHORT(0.27),Regime: TREND (Orion 2x). Score: -0.18. Low Conviction (<0.35).,LOW_CONVICTION,0.080883,MID,30.78,True,0.0,0.0,0.00,0.00
1688296080.0,TREND,NO_GO,HOLD,17.41,NORMAL,PRO,DEFENSIVE,1.0,0.50,Aegean:FLAT(0.50)|Orion:SHORT(0.26),Regime: TREND (Orion 2x). Score: -0.17. Low Conviction (<0.35).,LOW_CONVICTION,0.073199,MID,30.45,True,0.0,0.0,0.00,0.00
1688296140.0,TREND,NO_GO,HOLD,16.88,NORMAL,PRO,DEFENSIVE,1.0,0.50,Aegean:FLAT(0.50)|Orion:SHORT(0.25),Regime: TREND (Orion 2x). Score: -0.17. Low Conviction (<0.35).,LOW_CONVICTION,0.065989,MID,30.13,True,0.0,0.0,0.00,0.00
1688296200.0,TREND,NO_GO,HOLD,16.38,NORMAL,PRO,DEFENSIVE,1.0,0.50,Aegean:FLAT(0.50)|Orion:SHORT(0.25),Regime: TREND (Orion 2x). Score: -0.16. Low Conviction (<0.35).,LOW_CONVICTION,0.071088,MID,29.83,True,0.0,0.0,0.00,0.00
1688296260.0,TREND,NO_GO,HOLD,15.92,NORMAL,PRO,DEFENSIVE,1.0,0.50,Aegean:FLAT(0.50)|Orion:SHORT(0.24),Regime: TREND (Orion 2x). Score: -0.16. Low Conviction (<0.35).,LOW_CONVICTION,0.068737,MID,29.55,True,0.0,0.0,0.00,0.00
1688296320.0,TREND,NO_GO,HOLD,15.53,NORMAL,PRO,DEFENSIVE,1.0,0.50,Aegean:FLAT(0.50)|Orion:SHORT(0.23),Regime: TREND (Orion 2x). Score: -0.16. Low Conviction (<0.35).,LOW_CONVICTION,0.062229,TOP,29.32,True,0.0,0.0,0.00,0.00
1688296380.0,TREND,NO_GO,HOLD,15.13,NORMAL,PRO,DEFENSIVE,1.0,0.50,Aegean:FLAT(0.50)|Orion:SHORT(0.23),Regime: TREND (Orion 2x). Score: -0.15. Low Conviction (<0.35).,LOW_CONVICTION,0.058427,TOP,29.08,True,0.0,0.0,0.00,0.00
1688296440.0,TREND,NO_GO,HOLD,14.76,NORMAL,PRO,DEFENSIVE,1.0,0.50,Aegean:FLAT(0.50)|Orion:SHORT(0.22),Regime: TREND (Orion 2x). Score: -0.15. Low Conviction (<0.35).,LOW_CONVICTION,0.050403,TOP,28.85,True,0.0,0.0,0.00,0.00
1688296500.0,TREND,NO_GO,HOLD,13.20,NORMAL,PRO,DEFENSIVE,1.0,0.50,Aegean:FLAT(0.50)|Orion:LONG(0.20),Regime: TREND (Orion 2x). Score: 0.13. Low Conviction (<0.35).,LOW_CONVICTION,0.590977,TOP,27.92,True,0.0,0.0,0.00,0.00
1688296560.0,TREND,NO_GO,HOLD,13.23,NORMAL,PRO,DEFENSIVE,1.0,0.50,Aegean:FLAT(0.50)|Orion:LONG(0.20),Regime: TREND (Orion 2x). Score: 0.13. Low Conviction (<0.35).,LOW_CONVICTION,0.799522,TOP,27.94,True,0.0,0.0,0.00,0.00
1688296620.0,TREND,NO_GO,HOLD,12.27,NORMAL,PRO,DEFENSIVE,1.0,0.50,Aegean:FLAT(0.50)|Orion:LONG(0.18),Regime: TREND (Orion 2x). Score: 0.12. Low Conviction (<0.35).,LOW_CONVICTION,0.343377,MID,27.36,True,0.0,0.0,0.00,0.00
1688296680.0,TREND,NO_GO,HOLD,9.97,NORMAL,PRO,DEFENSIVE,1.0,0.50,Aegean:FLAT(0.50)|Orion:SHORT(0.15),Regime: TREND (Orion 2x). Score: -0.10. Low Conviction (<0.35).,LOW_CONVICTION,0.021150,MID,25.98,True,0.0,0.0,0.00,0.00
1688296740.0,TREND,NO_GO,HOLD,13.33,NORMAL,PRO,DEFENSIVE,1.0,0.50,Aegean:FLAT(0.50)|Orion:LONG(0.20),Regime: TREND (Orion 2x). Score: 0.13. Low Conviction (<0.35).,LOW_CONVICTION,0.491823,MID,24.24,False,0.0,0.0,0.00,0.00
1688296800.0,TREND,NO_GO,HOLD,13.33,NORMAL,PRO,DEFENSIVE,1.0,0.50,Aegean:FLAT(0.50)|Orion:LONG(0.20),Regime: TREND (Orion 2x). Score: 0.13. Low Conviction (<0.35).,LOW_CONVICTION,0.445002,MID,22.63,False,0.0,0.0,0.00,0.00
1688296860.0,TREND,NO_GO,HOLD,13.33,NORMAL,PRO,DEFENSIVE,1.0,0.50,Aegean:FLAT(0.50)|Orion:LONG(0.20),Regime: TREND (Orion 2x). Score: 0.13. Low Conviction (<0.35).,LOW_CONVICTION,0.685478,TOP,22.04,False,0.0,0.0,0.00,0.00
1688296920.0,TREND,NO_GO,HOLD,13.33,NORMAL,PRO,DEFENSIVE,1.0,0.50,Aegean:FLAT(0.50)|Orion:LONG(0.20),Regime: TREND (Orion 2x). Score: 0.13. Low Conviction (<0.35).,LOW_CONVICTION,1.397633,TOP,23.23,False,0.0,0.0,0.00,0.00
1688296980.0,TREND,NO_GO,HOLD,13.33,NORMAL,PRO,DEFENSIVE,1.0,0.50,Aegean:FLAT(0.50)|Orion:LONG(0.20),Regime: TREND (Orion 2x). Score: 0.13. Low Conviction (<0.35).,LOW_CONVICTION,1.263573,TOP,24.50,False,0.0,0.0,0.00,0.00
1688297040.0,TREND,NO_GO,HOLD,9.41,NORMAL,PRO,DEFENSIVE,1.0,0.50,Aegean:FLAT(0.50)|Orion:LONG(0.14),Regime: TREND (Orion 2x). Score: 0.09. Low Conviction (<0.35).,LOW_CONVICTION,1.229918,TOP,25.64,True,0.0,0.0,0.00,0.00
1688297100.0,TREND,NO_GO,HOLD,11.18,NORMAL,PRO,DEFENSIVE,1.0,0.50,Aegean:FLAT(0.50)|Orion:LONG(0.17),Regime: TREND (Orion 2x). Score: 0.11. Low Conviction (<0.35).,LOW_CONVICTION,1.111812,TOP,26.71,True,0.0,0.0,0.00,0.00
1688297160.0,TREND,NO_GO,HOLD,10.63,NORMAL,PRO,DEFENSIVE,1.0,0.50,Aegean:FLAT(0.50)|Orion:LONG(0.16),Regime: TREND (Orion 2x). Score: 0.11. Low Conviction (<0.35).,LOW_CONVICTION,0.699187,TOP,26.38,True,0.0,0.0,0.00,0.00
1688297220.0,TREND,NO_GO,HOLD,8.66,NORMAL,PRO,DEFENSIVE,1.0,0.50,Aegean:FLAT(0.50)|Orion:LONG(0.13),Regime: TREND (Orion 2x). Score: 0.09. Low Conviction (<0.35).,LOW_CONVICTION,0.726912,TOP,25.20,True,0.0,0.0,0.00,0.00
1688297280.0,TREND,NO_GO,HOLD,13.33,NORMAL,PRO,DEFENSIVE,1.0,0.50,Aegean:FLAT(0.50)|Orion:LONG(0.20),Regime: TREND (Orion 2x). Score: 0.13. Low Conviction (<0.35).,LOW_CONVICTION,0.783397,TOP,24.43,False,0.0,0.0,0.00,0.00
1688297340.0,TREND,NO_GO,HOLD,13.33,NORMAL,PRO,DEFENSIVE,1.0,0.50,Aegean:FLAT(0.50)|Orion:LONG(0.20),Regime: TREND (Orion 2x). Score: 0.13. Low Conviction (<0.35).,LOW_CONVICTION,0.708788,TOP,23.71,False,0.0,0.0,0.00,0.00
1688297400.0,TREND,NO_GO,HOLD,13.33,NORMAL,PRO,DEFENSIVE,1.0,0.50,Aegean:FLAT(0.50)|Orion:LONG(0.20),Regime: TREND (Orion 2x). Score: 0.13. Low Conviction (<0.35).,LOW_CONVICTION,0.524122,TOP,22.64,False,0.0,0.0,0.00,0.00
1688297460.0,TREND,NO_GO,HOLD,13.33,NORMAL,PRO,DEFENSIVE,1.0,0.50,Aegean:FLAT(0.50)|Orion:LONG(0.20),Regime: TREND (Orion 2x). Score: 0.13. Low Conviction (<0.35).,LOW_CONVICTION,0.482787,TOP,21.63,False,0.0,0.0,0.00,0.00
1688297520.0,TREND,NO_GO,HOLD,13.33,NORMAL,PRO,DEFENSIVE,1.0,0.50,Aegean:FLAT(0.50)|Orion:LONG(0.20),Regime: TREND (Orion 2x). Score: 0.13. Low Conviction (<0.35).,LOW_CONVICTION,0.449344,TOP,20.75,False,0.0,0.0,0.00,0.00
1688297580.0,TREND,NO_GO,HOLD,13.33,NORMAL,PRO,DEFENSIVE,1.0,0.50,Aegean:FLAT(0.50)|Orion:LONG(0.20),Regime: TREND (Orion 2x). Score: 0.13. Low Conviction (<0.35).,LOW_CONVICTION,0.409585,TOP,19.93,False,0.0,0.0,0.00,0.00
1688297640.0,TREND,NO_GO,HOLD,13.33,NORMAL,PRO,DEFENSIVE,1.0,0.50,Aegean:FLAT(0.50)|Orion:LONG(0.20),Regime: TREND (Orion 2x). Score: 0.13. Low Conviction (<0.35).,LOW_CONVICTION,0.375516,TOP,19.23,False,0.0,0.0,0.00,0.00
1688297700.0,CHOP,NO_GO,HOLD,13.33,NORMAL,PRO,DEFENSIVE,1.0,0.50,Aegean:FLAT(0.50)|Orion:LONG(0.20),Regime: CHOP (Reduced Weights). Score: 0.13. Low Conviction (<0.35).,LOW_CONVICTION,0.340724,TOP,18.56,False,0.0,0.0,0.00,0.00
1688297760.0,CHOP,NO_GO,HOLD,13.33,NORMAL,PRO,DEFENSIVE,1.0,0.50,Aegean:FLAT(0.50)|Orion:LONG(0.20),Regime: CHOP (Reduced Weights). Score: 0.13. Low Conviction (<0.35).,LOW_CONVICTION,0.305323,TOP,17.91,False,0.0,0.0,0.00,0.00
1688297820.0,CHOP,NO_GO,HOLD,13.33,NORMAL,PRO,DEFENSIVE,1.0,0.50,Aegean:FLAT(0.50)|Orion:LONG(0.20),Regime: CHOP (Reduced Weights). Score: 0.13. Low Conviction (<0.35).,LOW_CONVICTION,-0.259013,MID,18.21,False,0.0,0.0,0.00,0.00
1688297880.0,CHOP,NO_GO,HOLD,13.33,NORMAL,PRO,DEFENSIVE,1.0,0.50,Aegean:FLAT(0.50)|Orion:LONG(0.20),Regime: CHOP (Reduced Weights). Score: 0.13. Low Conviction (<0.35).,LOW_CONVICTION,-0.235278,MID,18.49,False,0.0,0.0,0.00,0.00
1688297940.0,CHOP,NO_GO,HOLD,13.33,NORMAL,PRO,DEFENSIVE,1.0,0.50,Aegean:FLAT(0.50)|Orion:LONG(0.20),Regime: CHOP (Reduced Weights). Score: 0.13. Low Conviction (<0.35).,LOW_CONVICTION,-0.211256,MID,18.78,False,0.0,0.0,0.00,0.00
1688298000.0,CHOP,NO_GO,HOLD,13.33,NORMAL,PRO,DEFENSIVE,1.0,0.50,Aegean:FLAT(0.50)|Orion:LONG(0.20),Regime: CHOP (Reduced Weights). Score: 0.13. Low Conviction (<0.35).,LOW_CONVICTION,-0.198620,MID,19.02,False,0.0,0.0,0.00,0.00
1688298060.0,CHOP,NO_GO,HOLD,13.33,NORMAL,PRO,DEFENSIVE,1.0,0.50,Aegean:FLAT(0.50)|Orion:LONG(0.20),Regime: CHOP (Reduced Weights). Score: 0.13. Low Conviction (<0.35).,LOW_CONVICTION,-0.179684,MID,19.23,False,0.0,0.0,0.00,0.00
1688298120.0,CHOP,NO_GO,HOLD,13.33,NORMAL,PRO,DEFENSIVE,1.0,0.50,Aegean:FLAT(0.50)|Orion:LONG(0.20),Regime: CHOP (Reduced Weights). Score: 0.13. Low Conviction (<0.35).,LOW_CONVICTION,-0.163543,DIP,19.45,False,0.0,0.0,0.00,0.00
1688298180.0,CHOP,NO_GO,HOLD,13.33,NORMAL,PRO,DEFENSIVE,1.0,0.50,Aegean:FLAT(0.50)|Orion:LONG(0.20),Regime: CHOP (Reduced Weights). Score: 0.13. Low Conviction (<0.35).,LOW_CONVICTION,0.203596,MID,18.42,False,0.0,0.0,0.00,0.00
1688298240.0,CHOP,NO_GO,HOLD,13.33,NORMAL,PRO,DEFENSIVE,1.0,0.50,Aegean:FLAT(0.50)|Orion:LONG(0.20),Regime: CHOP (Reduced Weights). Score: 0.13. Low Conviction (<0.35).,LOW_CONVICTION,0.371762,MID,18.24,False,0.0,0.0,0.00,0.00
1688298300.0,CHOP,NO_GO,HOLD,13.33,NORMAL,PRO,DEFENSIVE,1.0,0.50,Aegean:FLAT(0.50)|Orion:LONG(0.20),Regime: CHOP (Reduced Weights). Score: 0.13. Low Conviction (<0.35).,LOW_CONVICTION,0.337289,MID,18.12,False,0.0,0.0,0.00,0.00
1688298360.0,CHOP,NO_GO,HOLD,13.33,NORMAL,PRO,DEFENSIVE,1.0,0.50,Aegean:FLAT(0.50)|Orion:LONG(0.20),Regime: CHOP (Reduced Weights). Score: 0.13. Low Conviction (<0.35).,LOW_CONVICTION,0.301342,MID,17.96,False,0.0,0.0,0.00,0.00
1688298420.0,CHOP,NO_GO,HOLD,13.33,NORMAL,PRO,DEFENSIVE,1.0,0.50,Aegean:FLAT(0.50)|Orion:LONG(0.20),Regime: CHOP (Reduced Weights). Score: 0.13. Low Conviction (<0.35).,LOW_CONVICTION,1.120262,TOP,20.21,False,0.0,0.0,0.00,0.00
1688298480.0,TREND,NO_GO,HOLD,13.33,NORMAL,PRO,DEFENSIVE,1.0,0.50,Aegean:FLAT(0.50)|Orion:LONG(0.20),Regime: TREND (Orion 2x). Score: 0.13. Low Conviction (<0.35).,LOW_CONVICTION,1.120218,TOP,22.73,False,0.0,0.0,0.00,0.00
1688298540.0,TREND,NO_GO,HOLD,8.44,NORMAL,PRO,DEFENSIVE,1.0,0.50,Aegean:FLAT(0.50)|Orion:LONG(0.13),Regime: TREND (Orion 2x). Score: 0.08. Low Conviction (<0.35).,LOW_CONVICTION,1.013550,TOP,25.07,True,0.0,0.0,0.00,0.00
1688298600.0,TREND,NO_GO,HOLD,12.08,NORMAL,PRO,DEFENSIVE,1.0,0.50,Aegean:FLAT(0.50)|Orion:LONG(0.18),Regime: TREND (Orion 2x). Score: 0.12. Low Conviction (<0.35).,LOW_CONVICTION,0.917021,TOP,27.25,True,0.0,0.0,0.00,0.00
1688298660.0,TREND,NO_GO,HOLD,13.82,NORMAL,PRO,DEFENSIVE,1.0,0.50,Aegean:FLAT(0.50)|Orion:LONG(0.21),Regime: TREND (Orion 2x). Score: 0.14. Low Conviction (<0.35).,LOW_CONVICTION,0.638257,MID,28.29,True,0.0,0.0,0.00,0.00
1688298720.0,TREND,NO_GO,HOLD,15.32,NORMAL,PRO,DEFENSIVE,1.0,0.50,Aegean:FLAT(0.50)|Orion:LONG(0.23),Regime: TREND (Orion 2x). Score: 0.15. Low Conviction (<0.35).,LOW_CONVICTION,0.577452,MID,29.19,True,0.0,0.0,0.00,0.00
1688298780.0,TREND,NO_GO,HOLD,16.70,NORMAL,PRO,DEFENSIVE,1.0,0.50,Aegean:FLAT(0.50)|Orion:LONG(0.25),Regime: TREND (Orion 2x). Score: 0.17. Low Conviction (<0.35).,LOW_CONVICTION,0.522456,MID,30.02,True,0.0,0.0,0.00,0.00
1688298840.0,TREND,NO_GO,HOLD,18.80,NORMAL,PRO,DEFENSIVE,1.0,0.50,Aegean:FLAT(0.50)|Orion:LONG(0.28),Regime: TREND (Orion 2x). Score: 0.19. Low Conviction (<0.35).,LOW_CONVICTION,0.652222,TOP,31.28,True,0.0,0.0,0.00,0.00
1688298900.0,TREND,NO_GO,HOLD,20.83,NORMAL,PRO,DEFENSIVE,1.0,0.50,Aegean:FLAT(0.50)|Orion:LONG(0.31),Regime: TREND (Orion 2x). Score: 0.21. Low Conviction (<0.35).,LOW_CONVICTION,0.584783,TOP,32.50,True,0.0,0.0,0.00,0.00
1688298960.0,TREND,NO_GO,HOLD,22.57,NORMAL,PRO,DEFENSIVE,1.0,0.50,Aegean:FLAT(0.50)|Orion:LONG(0.34),Regime: TREND (Orion 2x). Score: 0.23. Low Conviction (<0.35).,LOW_CONVICTION,0.536756,TOP,33.54,True,0.0,0.0,0.00,0.00
1688299020.0,TREND,NO_GO,HOLD,24.19,NORMAL,PRO,DEFENSIVE,1.0,0.50,Aegean:FLAT(0.50)|Orion:LONG(0.36),Regime: TREND (Orion 2x). Score: 0.24. Low Conviction (<0.35).,LOW_CONVICTION,0.492430,TOP,34.52,True,0.0,0.0,0.00,0.00
1688299080.0,TREND,NO_GO,HOLD,27.38,NORMAL,PRO,DEFENSIVE,1.0,0.50,Aegean:FLAT(0.50)|Orion:LONG(0.41),Regime: TREND (Orion 2x). Score: 0.27. Low Conviction (<0.35).,LOW_CONVICTION,0.886343,TOP,36.43,True,0.0,0.0,0.00,0.00
1688299140.0,TREND,NO_GO,HOLD,30.22,NORMAL,PRO,DEFENSIVE,1.0,0.50,Aegean:FLAT(0.50)|Orion:LONG(0.45),Regime: TREND (Orion 2x). Score: 0.30. Low Conviction (<0.35).,LOW_CONVICTION,0.801930,TOP,38.13,True,0.0,0.0,0.00,0.00
1688299200.0,TREND,NO_GO,HOLD,34.05,NORMAL,PRO,DEFENSIVE,1.0,0.50,Aegean:FLAT(0.50)|Orion:LONG(0.51),Regime: TREND (Orion 2x). Score: 0.34. Low Conviction (<0.35).,LOW_CONVICTION,0.915086,TOP,40.43,True,0.0,0.0,0.00,0.00
1688299260.0,TREND,GO,BUY,37.61,NORMAL,PRO,DEFENSIVE,1.0,0.50,Aegean:FLAT(0.50)|Orion:LONG(0.56),Regime: TREND (Orion 2x). Score: 0.38. Bullish Consensus.,,0.813093,TOP,42.57,True,0.8,20.0,2.00,6.97
1688299320.0,TREND,GO,BUY,41.23,NORMAL,PRO,DEFENSIVE,1.0,0.50,Aegean:FLAT(0.50)|Orion:LONG(0.62),Regime: TREND (Orion 2x). Score: 0.41. Bullish Consensus.,,0.925198,TOP,44.74,True,0.8,20.0,2.00,7.34
1688299380.0,TREND,GO,BUY,45.83,NORMAL,PRO,DEFENSIVE,1.0,0.50,Aegean:FLAT(0.50)|Orion:LONG(0.69),Regime: TREND (Orion 2x). Score: 0.46. Bullish Consensus.,,1.985812,TOP,47.50,True,1.1,20.0,2.00,7.99
1688299440.0,TREND,GO,BUY,50.75,NORMAL,PRO,DEFENSIVE,1.0,0.50,Aegean:FLAT(0.30)|Orion:LONG(0.76),Regime: TREND (Orion 2x). Score: 0.51. Bullish Consensus.,,3.117658,TOP,50.45,True,1.5,20.0,2.00,8.68
1688299500.0,TREND,GO,BUY,55.32,NORMAL,PRO,DEFENSIVE,1.0,0.50,Aegean:FLAT(0.50)|Orion:LONG(0.83),Regime: TREND (Orion 2x). Score: 0.55. Bullish Consensus.,,2.827291,TOP,53.19,True,1.4,20.0,2.00,9.07
1688299560.0,TREND,GO,BUY,59.72,NORMAL,PRO,DEFENSIVE,1.0,0.50,Aegean:FLAT(0.50)|Orion:LONG(0.90),Regime: TREND (Orion 2x). Score: 0.60. Bullish Consensus.,,2.556922,TOP,55.83,True,1.3,20.0,2.00,9.43
1688299620.0,TREND,GO,BUY,60.85,NORMAL,PRO,DEFENSIVE,1.0,0.50,Aegean:FLAT(0.50)|Orion:LONG(0.91),Regime: TREND (Orion 2x). Score: 0.61. Bullish Consensus.,,1.848012,TOP,56.51,True,1.4,20.0,2.00,9.40
1688299680.0,TREND,GO,BUY,55.92,NORMAL,PRO,DEFENSIVE,1.0,0.50,Aegean:FLAT(0.50)|Orion:LONG(0.84),Regime: TREND (Orion 2x). Score: 0.56. Bullish Consensus.,,0.158677,MID,53.55,True,1.9,20.0,2.00,8.60
1688299740.0,TREND,GO,BUY,50.10,NORMAL,PRO,DEFENSIVE,1.0,0.50,Aegean:FLAT(0.50)|Orion:LONG(0.75),Regime: TREND (Orion 2x). Score: 0.50. Bullish Consensus.,,-0.800738,MID,50.06,True,2.1,20.0,2.00,8.17
1688299800.0,TREND,GO,SELL,49.60,NORMAL,PRO,DEFENSIVE,1.0,0.50,Aegean:FLAT(0.50)|Orion:SHORT(0.74),Regime: TREND (Orion 2x). Score: -0.50. Bearish Consensus.,,-2.544497,MID,49.76,True,3.3,20.0,2.00,8.46
1688299860.0,TREND,GO,SELL,49.08,NORMAL,PRO,DEFENSIVE,1.0,0.50,Aegean:FLAT(0.50)|Orion:SHORT(0.74),Regime: TREND (Orion 2x). Score: -0.49. Bearish Consensus.,,-1.245954,MID,49.45,True,3.6,20.0,2.00,8.16
1688299920.0,TREND,GO,SELL,48.56,NORMAL,PRO,DEFENSIVE,1.0,0.50,Aegean:FLAT(0.50)|Orion:SHORT(0.73),Regime: TREND (Orion 2x). Score: -0.49. Bearish Consensus.,,-1.146647,MID,49.13,True,3.4,20.0,2.00,8.09
1688299980.0,TREND,GO,BUY,45.19,NORMAL,PRO,DEFENSIVE,1.0,0.50,Aegean:FLAT(0.50)|Orion:LONG(0.68),Regime: TREND (Orion 2x). Score: 0.45. Bullish Consensus.,,0.439701,MID,47.11,True,3.7,20.0,2.00,7.62
1688300040.0,TREND,GO,BUY,42.07,NORMAL,PRO,DEFENSIVE,1.0,0.50,Aegean:FLAT(0.50)|Orion:LONG(0.63),Regime: TREND (Orion 2x). Score: 0.42. Bullish Consensus.,,0.397805,MID,45.24,True,3.4,20.0,2.00,7.32
1688300100.0,TREND,GO,BUY,38.07,NORMAL,PRO,DEFENSIVE,1.0,0.50,Aegean:FLAT(0.50)|Orion:LONG(0.57),Regime: TREND (Orion 2x). Score: 0.38. Bullish Consensus.,,0.956129,MID,42.84,True,3.5,20.0,2.00,7.04
1688300160.0,TREND,NO_GO,HOLD,34.38,NORMAL,PRO,DEFENSIVE,1.0,0.50,Aegean:FLAT(0.50)|Orion:LONG(0.52),Regime: TREND (Orion 2x). Score: 0.34. Low Conviction (<0.35).,LOW_CONVICTION,0.781582,MID,40.63,True,0.0,0.0,0.00,0.00
1688300220.0,TREND,NO_GO,HOLD,30.87,NORMAL,PRO,DEFENSIVE,1.0,0.50,Aegean:FLAT(0.50)|Orion:LONG(0.46),Regime: TREND (Orion 2x). Score: 0.31. Low Conviction (<0.35).,LOW_CONVICTION,0.650974,MID,38.52,True,0.0,0.0,0.00,0.00
1688300280.0,TREND,NO_GO,HOLD,28.19,NORMAL,PRO,DEFENSIVE,1.0,0.50,Aegean:FLAT(0.50)|Orion:LONG(0.42),Regime: TREND (Orion 2x). Score: 0.28. Low Conviction (<0.35).,LOW_CONVICTION,0.205167,MID,36.91,True,0.0,0.0,0.00,0.00
1688300340.0,TREND,NO_GO,HOLD,26.04,NORMAL,PRO,DEFENSIVE,1.0,0.50,Aegean:FLAT(0.50)|Orion:LONG(0.39),Regime: TREND (Orion 2x). Score: 0.26. Low Conviction (<0.35).,LOW_CONVICTION,-0.002963,MID,35.63,True,0.0,0.0,0.00,0.00
1688300400.0,TREND,NO_GO,HOLD,24.67,NORMAL,PRO,DEFENSIVE,1.0,0.50,Aegean:FLAT(0.50)|Orion:LONG(0.37),Regime: TREND (Orion 2x). Score: 0.25. Low Conviction (<0.35).,LOW_CONVICTION,-0.457919,MID,34.80,True,0.0,0.0,0.00,0.00
1688300460.0,TREND,NO_GO,HOLD,23.40,NORMAL,PRO,DEFENSIVE,1.0,0.50,Aegean:FLAT(0.50)|Orion:LONG(0.35),Regime: TREND (Orion 2x). Score: 0.23. Low Conviction (<0.35).,LOW_CONVICTION,-0.414288,MID,34.04,True,0.0,0.0,0.00,0.00
1688300520.0,TREND,NO_GO,HOLD,23.12,NORMAL,PRO,DEFENSIVE,1.0,0.50,Aegean:FLAT(0.50)|Orion:SHORT(0.35),Regime: TREND (Orion 2x). Score: -0.23. Low Conviction (<0.35).,LOW_CONVICTION,-0.967503,MID,33.87,True,0.0,0.0,0.00,0.00
1688300580.0,TREND,NO_GO,HOLD,22.81,NORMAL,PRO,DEFENSIVE,1.0,0.50,Aegean:FLAT(0.50)|Orion:LONG(0.34),Regime: TREND (Orion 2x). Score: 0.23. Low Conviction (<0.35).,LOW_CONVICTION,-0.444917,MID,33.69,True,0.0,0.0,0.00,0.00
1688300640.0,TREND,NO_GO,HOLD,22.52,NORMAL,PRO,DEFENSIVE,1.0,0.50,Aegean:FLAT(0.50)|Orion:LONG(0.34),Regime: TREND (Orion 2x). Score: 0.23. Low Conviction (<0.35).,LOW_CONVICTION,-0.402563,MID,33.51,True,0.0,0.0,0.00,0.00
1688300700.0,TREND,NO_GO,HOLD,22.27,NORMAL,PRO,DEFENSIVE,1.0,0.50,Aegean:FLAT(0.50)|Orion:LONG(0.33),Regime: TREND (Orion 2x). Score: 0.22. Low Conviction (<0.35).,LOW_CONVICTION,-0.373747,MID,33.36,True,0.0,0.0,0.00,0.00
1688300760.0,TREND,NO_GO,HOLD,22.16,NORMAL,PRO,DEFENSIVE,1.0,0.50,Aegean:FLAT(0.50)|Orion:LONG(0.33),Regime: TREND (Orion 2x). Score: 0.22. Low Conviction (<0.35).,LOW_CONVICTION,-0.355254,MID,33.29,True,0.0,0.0,0.00,0.00
1688300820.0,TREND,NO_GO,HOLD,21.93,NORMAL,PRO,DEFENSIVE,1.0,0.50,Aegean:FLAT(0.50)|Orion:LONG(0.33),Regime: TREND (Orion 2x). Score: 0.22. Low Conviction (<0.35).,LOW_CONVICTION,-0.322620,MID,33.16,True,0.0,0.0,0.00,0.00
1688300880.0,TREND,NO_GO,HOLD,22.00,NORMAL,PRO,DEFENSIVE,1.0,0.50,Aegean:FLAT(0.50)|Orion:SHORT(0.33),Regime: TREND (Orion 2x). Score: -0.22. Low Conviction (<0.35).,LOW_CONVICTION,-0.439513,MID,33.20,True,0.0,0.0,0.00,0.00
1688300940.0,TREND,NO_GO,HOLD,22.19,NORMAL,PRO,DEFENSIVE,1.0,0.50,Aegean:FLAT(0.50)|Orion:SHORT(0.33),Regime: TREND (Orion 2x). Score: -0.22. Low Conviction (<0.35).,LOW_CONVICTION,-0.454798,MID,33.31,True,0.0,0.0,0.00,0.00
1688301000.0,TREND,NO_GO,HOLD,22.38,NORMAL,PRO,DEFENSIVE,1.0,0.50,Aegean:FLAT(0.50)|Orion:SHORT(0.34),Regime: TREND (Orion 2x). Score: -0.22. Low Conviction (<0.35).,LOW_CONVICTION,-0.415241,MID,33.43,True,0.0,0.0,0.00,0.00
1688301060.0,TREND,NO_GO,HOLD,22.59,NORMAL,PRO,DEFENSIVE,1.0,0.50,Aegean:FLAT(0.50)|Orion:SHORT(0.34),Regime: TREND (Orion 2x). Score: -0.23. Low Conviction (<0.35).,LOW_CONVICTION,-0.374741,MID,33.56,True,0.0,0.0,0.00,0.00
1688301120.0,TREND,NO_GO,HOLD,22.83,NORMAL,PRO,DEFENSIVE,1.0,0.50,Aegean:FLAT(0.50)|Orion:SHORT(0.34),Regime: TREND (Orion 2x). Score: -0.23. Low Conviction (<0.35).,LOW_CONVICTION,-0.332385,MID,33.70,True,0.0,0.0,0.00,0.00
1688301180.0,TREND,NO_GO,HOLD,22.82,NORMAL,PRO,DEFENSIVE,1.0,0.50,Aegean:FLAT(0.50)|Orion:SHORT(0.34),Regime: TREND (Orion 2x). Score: -0.23. Low Conviction (<0.35).,LOW_CONVICTION,-0.279811,DIP,33.69,True,0.0,0.0,0.00,0.00
1688301240.0,TREND,NO_GO,HOLD,21.60,NORMAL,PRO,DEFENSIVE,1.0,0.50,Aegean:FLAT(0.50)|Orion:SHORT(0.32),Regime: TREND (Orion 2x). Score: -0.22. Low Conviction (<0.35).,LOW_CONVICTION,-0.031257,MID,32.96,True,0.0,0.0,0.00,0.00
1688301300.0,TREND,NO_GO,HOLD,20.47,NORMAL,PRO,DEFENSIVE,1.0,0.50,Aegean:FLAT(0.50)|Orion:SHORT(0.31),Regime: TREND (Orion 2x). Score: -0.20. Low Conviction (<0.35).,LOW_CONVICTION,-0.029233,MID,32.28,True,0.0,0.0,0.00,0.00
1688301360.0,TREND,NO_GO,HOLD,19.43,NORMAL,PRO,DEFENSIVE,1.0,0.50,Aegean:FLAT(0.50)|Orion:SHORT(0.29),Regime: TREND (Orion 2x). Score: -0.19. Low Conviction (<0.35).,LOW_CONVICTION,-0.026468,MID,31.66,True,0.0,0.0,0.00,0.00
1688301420.0,TREND,NO_GO,HOLD,19.31,NORMAL,PRO,DEFENSIVE,1.0,0.50,Aegean:FLAT(0.50)|Orion:SHORT(0.29),Regime: TREND (Orion 2x). Score: -0.19. Low Conviction (<0.35).,LOW_CONVICTION,-0.277798,DIP,31.59,True,0.0,0.0,0.00,0.00
1688301480.0,TREND,NO_GO,HOLD,19.20,NORMAL,PRO,DEFENSIVE,1.0,0.50,Aegean:FLAT(0.50)|Orion:SHORT(0.29),Regime: TREND (Orion 2x). Score: -0.19. Low Conviction (<0.35).,LOW_CONVICTION,-0.252293,MID,31.52,True,0.0,0.0,0.00,0.00
1688301540.0,TREND,NO_GO,HOLD,19.22,NORMAL,PRO,DEFENSIVE,1.0,0.50,Aegean:FLAT(0.50)|Orion:SHORT(0.29),Regime: TREND (Orion 2x). Score: -0.19. Low Conviction (<0.35).,LOW_CONVICTION,-0.232205,MID,31.53,True,0.0,0.0,0.00,0.00
1688301600.0,TREND,NO_GO,HOLD,17.35,NORMAL,PRO,DEFENSIVE,1.0,0.50,Aegean:FLAT(0.50)|Orion:SHORT(0.26),Regime: TREND (Orion 2x). Score: -0.17. Low Conviction (<0.35).,LOW_CONVICTION,0.062272,MID,30.41,True,0.0,0.0,0.00,0.00
1688301660.0,TREND,NO_GO,HOLD,15.05,NORMAL,PRO,DEFENSIVE,1.0,0.50,Aegean:FLAT(0.50)|Orion:LONG(0.23),Regime: TREND (Orion 2x). Score: 0.15. Low Conviction (<0.35).,LOW_CONVICTION,0.711565,TOP,29.03,True,0.0,0.0,0.00,0.00
1688301720.0,TREND,NO_GO,HOLD,14.72,NORMAL,PRO,DEFENSIVE,1.0,0.50,Aegean:FLAT(0.50)|Orion:LONG(0.22),Regime: TREND (Orion 2x). Score: 0.15. Low Conviction (<0.35).,LOW_CONVICTION,1.163442,TOP,28.83,True,0.0,0.0,0.00,0.00
1688301780.0,TREND,NO_GO,HOLD,14.81,NORMAL,PRO,DEFENSIVE,1.0,0.50,Aegean:FLAT(0.50)|Orion:LONG(0.22),Regime: TREND (Orion 2x). Score: 0.15. Low Conviction (<0.35).,LOW_CONVICTION,1.107891,TOP,28.89,True,0.0,0.0,0.00,0.00
1688301840.0,TREND,NO_GO,HOLD,14.73,NORMAL,PRO,DEFENSIVE,1.0,0.50,Aegean:FLAT(0.50)|Orion:LONG(0.22),Regime: TREND (Orion 2x). Score: 0.15. Low Conviction (<0.35).,LOW_CONVICTION,0.921425,TOP,28.84,True,0.0,0.0,0.00,0.00
1688301900.0,TREND,NO_GO,HOLD,14.98,NORMAL,PRO,DEFENSIVE,1.0,0.50,Aegean:FLAT(0.50)|Orion:LONG(0.22),Regime: TREND (Orion 2x). Score: 0.15. Low Conviction (<0.35).,LOW_CONVICTION,1.017461,TOP,28.99,True,0.0,0.0,0.00,0.00
1688301960.0,TREND,NO_GO,HOLD,16.11,NORMAL,PRO,DEFENSIVE,1.0,0.50,Aegean:FLAT(0.50)|Orion:LONG(0.24),Regime: TREND (Orion 2x). Score: 0.16. Low Conviction (<0.35).,LOW_CONVICTION,0.554660,MID,29.67,True,0.0,0.0,0.00,0.00
1688302020.0,TREND,NO_GO,HOLD,13.22,NORMAL,PRO,DEFENSIVE,1.0,0.50,Aegean:FLAT(0.50)|Orion:SHORT(0.20),Regime: TREND (Orion 2x). Score: -0.13. Low Conviction (<0.35).,LOW_CONVICTION,-0.694298,DIP,27.93,True,0.0,0.0,0.00,0.00
1688302080.0,TREND,NO_GO,HOLD,11.10,NORMAL,PRO,DEFENSIVE,1.0,0.50,Aegean:FLAT(0.50)|Orion:SHORT(0.17),Regime: TREND (Orion 2x). Score: -0.11. Low Conviction (<0.35).,LOW_CONVICTION,-0.800503,DIP,26.66,True,0.0,0.0,0.00,0.00
1688302140.0,TREND,NO_GO,HOLD,9.82,NORMAL,PRO,DEFENSIVE,1.0,0.50,Aegean:FLAT(0.50)|Orion:SHORT(0.15),Regime: TREND (Orion 2x). Score: -0.10. Low Conviction (<0.35).,LOW_CONVICTION,-0.925639,DIP,25.89,True,0.0,0.0,0.00,0.00
1688302200.0,TREND,NO_GO,HOLD,8.62,NORMAL,PRO,DEFENSIVE,1.0,0.50,Aegean:FLAT(0.50)|Orion:SHORT(0.13),Regime: TREND (Orion 2x). Score: -0.09. Low Conviction (<0.35).,LOW_CONVICTION,-0.793079,DIP,25.17,True,0.0,0.0,0.00,0.00
1688302260.0,TREND,NO_GO,HOLD,13.33,NORMAL,PRO,DEFENSIVE,1.0,0.50,Aegean:FLAT(0.50)|Orion:SHORT(0.20),Regime: TREND (Orion 2x). Score: -0.13. Low Conviction (<0.35).,LOW_CONVICTION,-0.523830,DIP,24.04,False,0.0,0.0,0.00,0.00
1688302320.0,TREND,NO_GO,HOLD,13.33,NORMAL,PRO,DEFENSIVE,1.0,0.50,Aegean:FLAT(0.50)|Orion:SHORT(0.20),Regime: TREND (Orion 2x). Score: -0.13. Low Conviction (<0.35).,LOW_CONVICTION,-0.619935,DIP,23.00,False,0.0,0.0,0.00,0.00
1688302380.0,TREND,NO_GO,HOLD,13.33,NORMAL,PRO,DEFENSIVE,1.0,0.50,Aegean:FLAT(0.50)|Orion:SHORT(0.20),Regime: TREND (Orion 2x). Score: -0.13. Low Conviction (<0.35).,LOW_CONVICTION,-0.487560,DIP,22.02,False,0.0,0.0,0.00,0.00
1688302440.0,TREND,NO_GO,HOLD,13.33,NORMAL,PRO,DEFENSIVE,1.0,0.50,Aegean:FLAT(0.50)|Orion:SHORT(0.20),Regime: TREND (Orion 2x). Score: -0.13. Low Conviction (<0.35).,LOW_CONVICTION,-0.454107,DIP,21.12,False,0.0,0.0,0.00,0.00
1688302500.0,TREND,NO_GO,HOLD,13.33,NORMAL,PRO,DEFENSIVE,1.0,0.50,Aegean:FLAT(0.50)|Orion:SHORT(0.20),Regime: TREND (Orion 2x). Score: -0.13. Low Conviction (<0.35).,LOW_CONVICTION,-0.947051,DIP,21.42,False,0.0,0.0,0.00,0.00
1688302560.0,TREND,NO_GO,HOLD,13.33,NORMAL,PRO,DEFENSIVE,1.0,0.50,Aegean:FLAT(0.50)|Orion:SHORT(0.20),Regime: TREND (Orion 2x). Score: -0.13. Low Conviction (<0.35).,LOW_CONVICTION,-0.856675,DIP,21.71,False,0.0,0.0,0.00,0.00
1688302620.0,TREND,NO_GO,HOLD,13.33,NORMAL,PRO,DEFENSIVE,1.0,0.50,Aegean:FLAT(0.50)|Orion:SHORT(0.20),Regime: TREND (Orion 2x). Score: -0.13. Low Conviction (<0.35).,LOW_CONVICTION,-0.766391,DIP,22.03,False,0.0,0.0,0.00,0.00
1688302680.0,TREND,NO_GO,HOLD,13.33,NORMAL,PRO,DEFENSIVE,1.0,0.50,Aegean:FLAT(0.50)|Orion:SHORT(0.20),Regime: TREND (Orion 2x). Score: -0.13. Low Conviction (<0.35).,LOW_CONVICTION,-1.270549,DIP,23.28,False,0.0,0.0,0.00,0.00
1688302740.0,TREND,NO_GO,HOLD,8.50,NORMAL,PRO,DEFENSIVE,1.0,0.50,Aegean:FLAT(0.50)|Orion:SHORT(0.13),Regime: TREND (Orion 2x). Score: -0.09. Low Conviction (<0.35).,LOW_CONVICTION,-1.332740,DIP,25.10,True,0.0,0.0,0.00,0.00
1688302800.0,TREND,NO_GO,HOLD,11.34,NORMAL,PRO,DEFENSIVE,1.0,0.50,Aegean:FLAT(0.50)|Orion:SHORT(0.17),Regime: TREND (Orion 2x). Score: -0.11. Low Conviction (<0.35).,LOW_CONVICTION,-1.211527,DIP,26.80,True,0.0,0.0,0.00,0.00
1688302860.0,TREND,NO_GO,HOLD,14.82,NORMAL,PRO,DEFENSIVE,1.0,0.50,Aegean:FLAT(0.50)|Orion:SHORT(0.22),Regime: TREND (Orion 2x). Score: -0.15. Low Conviction (<0.35).,LOW_CONVICTION,-1.441469,DIP,28.89,True,0.0,0.0,0.00,0.00
1688302920.0,TREND,NO_GO,HOLD,18.66,NORMAL,PRO,DEFENSIVE,1.0,0.50,Aegean:FLAT(0.50)|Orion:SHORT(0.28),Regime: TREND (Orion 2x). Score: -0.19. Low Conviction (<0.35).,LOW_CONVICTION,-1.835805,DIP,31.20,True,0.0,0.0,0.00,0.00
1688302980.0,TREND,NO_GO,HOLD,22.27,NORMAL,PRO,DEFENSIVE,1.0,0.50,Aegean:FLAT(0.50)|Orion:SHORT(0.33),Regime: TREND (Orion 2x). Score: -0.22. Low Conviction (<0.35).,LOW_CONVICTION,-1.050490,DIP,33.36,True,0.0,0.0,0.00,0.00
1688303040.0,TREND,NO_GO,HOLD,25.58,NORMAL,PRO,DEFENSIVE,1.0,0.50,Aegean:FLAT(0.50)|Orion:SHORT(0.38),Regime: TREND (Orion 2x). Score: -0.26. Low Conviction (<0.35).,LOW_CONVICTION,-0.950252,DIP,35.35,True,0.0,0.0,0.00,0.00
1688303100.0,TREND,NO_GO,HOLD,28.67,NORMAL,PRO,DEFENSIVE,1.0,0.50,Aegean:FLAT(0.50)|Orion:SHORT(0.43),Regime: TREND (Orion 2x). Score: -0.29. Low Conviction (<0.35).,LOW_CONVICTION,-0.859751,DIP,37.20,True,0.0,0.0,0.00,0.00
1688303160.0,TREND,NO_GO,HOLD,27.84,NORMAL,PRO,DEFENSIVE,1.0,0.50,Aegean:FLAT(0.50)|Orion:SHORT(0.42),Regime: TREND (Orion 2x). Score: -0.28. Low Conviction (<0.35).,LOW_CONVICTION,-0.152175,MID,36.70,True,0.0,0.0,0.00,0.00
1688303220.0,TREND,NO_GO,HOLD,27.15,NORMAL,PRO,DEFENSIVE,1.0,0.50,Aegean:FLAT(0.50)|Orion:SHORT(0.41),Regime: TREND (Orion 2x). Score: -0.27. Low Conviction (<0.35).,LOW_CONVICTION,-0.505180,MID,36.29,True,0.0,0.0,0.00,0.00
1688303280.0,TREND,NO_GO,HOLD,26.43,NORMAL,PRO,DEFENSIVE,1.0,0.50,Aegean:FLAT(0.50)|Orion:SHORT(0.40),Regime: TREND (Orion 2x). Score: -0.26. Low Conviction (<0.35).,LOW_CONVICTION,-0.455915,MID,35.86,True,0.0,0.0,0.00,0.00
1688303340.0,TREND,NO_GO,HOLD,23.93,NORMAL,PRO,DEFENSIVE,1.0,0.50,Aegean:FLAT(0.50)|Orion:SHORT(0.36),Regime: TREND (Orion 2x). Score: -0.24. Low Conviction (<0.35).,LOW_CONVICTION,-0.058055,MID,34.36,True,0.0,0.0,0.00,0.00
1688303400.0,TREND,NO_GO,HOLD,21.58,NORMAL,PRO,DEFENSIVE,1.0,0.50,Aegean:FLAT(0.50)|Orion:SHORT(0.32),Regime: TREND (Orion 2x). Score: -0.22. Low Conviction (<0.35).,LOW_CONVICTION,-0.052545,MID,32.95,True,0.0,0.0,0.00,0.00
1688303460.0,TREND,NO_GO,HOLD,22.12,NORMAL,PRO,DEFENSIVE,1.0,0.50,Aegean:FLAT(0.50)|Orion:SHORT(0.33),Regime: TREND (Orion 2x). Score: -0.22. Low Conviction (<0.35).,LOW_CONVICTION,-0.761961,MID,33.27,True,0.0,0.0,0.00,0.00
1688303520.0,TREND,NO_GO,HOLD,21.84,NORMAL,PRO,DEFENSIVE,1.0,0.50,Aegean:FLAT(0.50)|Orion:SHORT(0.33),Regime: TREND (Orion 2x). Score: -0.22. Low Conviction (<0.35).,LOW_CONVICTION,-0.851798,MID,33.10,True,0.0,0.0,0.00,0.00
1688303580.0,TREND,NO_GO,HOLD,21.58,NORMAL,PRO,DEFENSIVE,1.0,0.50,Aegean:FLAT(0.50)|Orion:SHORT(0.32),Regime: TREND (Orion 2x). Score: -0.22. Low Conviction (<0.35).,LOW_CONVICTION,-0.108485,MID,32.95,True,0.0,0.0,0.00,0.00
1688303640.0,TREND,NO_GO,HOLD,21.34,NORMAL,PRO,DEFENSIVE,1.0,0.50,Aegean:FLAT(0.50)|Orion:SHORT(0.32),Regime: TREND (Orion 2x). Score: -0.21. Low Conviction (<0.35).,LOW_CONVICTION,-0.343848,MID,32.80,True,0.0,0.0,0.00,0.00
1688303700.0,TREND,NO_GO,HOLD,21.57,NORMAL,PRO,DEFENSIVE,1.0,0.50,Aegean:FLAT(0.50)|Orion:SHORT(0.32),Regime: TREND (Orion 2x). Score: -0.22. Low Conviction (<0.35).,LOW_CONVICTION,-0.469196,MID,32.94,True,0.0,0.0,0.00,0.00
1688303760.0,TREND,NO_GO,HOLD,21.88,NORMAL,PRO,DEFENSIVE,1.0,0.50,Aegean:FLAT(0.50)|Orion:SHORT(0.33),Regime: TREND (Orion 2x). Score: -0.22. Low Conviction (<0.35).,LOW_CONVICTION,-0.419572,MID,33.13,True,0.0,0.0,0.00,0.00
1688303820.0,TREND,NO_GO,HOLD,22.07,NORMAL,PRO,DEFENSIVE,1.0,0.50,Aegean:FLAT(0.50)|Orion:SHORT(0.33),Regime: TREND (Orion 2x). Score: -0.22. Low Conviction (<0.35).,LOW_CONVICTION,-0.379594,MID,33.24,True,0.0,0.0,0.00,0.00
1688303880.0,TREND,NO_GO,HOLD,21.64,NORMAL,PRO,DEFENSIVE,1.0,0.50,Aegean:FLAT(0.50)|Orion:SHORT(0.32),Regime: TREND (Orion 2x). Score: -0.22. Low Conviction (<0.35).,LOW_CONVICTION,-0.253918,MID,32.99,True,0.0,0.0,0.00,0.00
1688303940.0,TREND,NO_GO,HOLD,21.25,NORMAL,PRO,DEFENSIVE,1.0,0.50,Aegean:FLAT(0.50)|Orion:SHORT(0.32),Regime: TREND (Orion 2x). Score: -0.21. Low Conviction (<0.35).,LOW_CONVICTION,-0.235231,MID,32.75,True,0.0,0.0,0.00,0.00
1688304000.0,TREND,NO_GO,HOLD,22.81,NORMAL,PRO,DEFENSIVE,1.0,0.50,Aegean:FLAT(0.50)|Orion:SHORT(0.34),Regime: TREND (Orion 2x). Score: -0.23. Low Conviction (<0.35).,LOW_CONVICTION,-0.808030,DIP,33.69,True,0.0,0.0,0.00,0.00
1688304060.0,TREND,NO_GO,HOLD,22.70,NORMAL,PRO,DEFENSIVE,1.0,0.50,Aegean:FLAT(0.50)|Orion:SHORT(0.34),Regime: TREND (Orion 2x). Score: -0.23. Low Conviction (<0.35).,LOW_CONVICTION,0.019877,MID,33.62,True,0.0,0.0,0.00,0.00
1688304120.0,TREND,NO_GO,HOLD,24.10,NORMAL,PRO,DEFENSIVE,1.0,0.50,Aegean:FLAT(0.50)|Orion:SHORT(0.36),Regime: TREND (Orion 2x). Score: -0.24. Low Conviction (<0.35).,LOW_CONVICTION,-1.037954,DIP,34.46,True,0.0,0.0,0.00,0.00
1688304180.0,TREND,NO_GO,HOLD,27.86,NORMAL,PRO,DEFENSIVE,1.0,0.50,Aegean:FLAT(0.50)|Orion:SHORT(0.42),Regime: TREND (Orion 2x). Score: -0.28. Low Conviction (<0.35).,LOW_CONVICTION,-2.239373,MID,36.72,True,0.0,0.0,0.00,0.00
1688304240.0,TREND,NO_GO,HOLD,31.32,NORMAL,PRO,DEFENSIVE,1.0,0.50,Aegean:FLAT(0.50)|Orion:SHORT(0.47),Regime: TREND (Orion 2x). Score: -0.31. Low Conviction (<0.35).,LOW_CONVICTION,-1.377427,MID,38.79,True,0.0,0.0,0.00,0.00
1688304300.0,TREND,NO_GO,HOLD,34.53,NORMAL,PRO,DEFENSIVE,1.0,0.50,Aegean:FLAT(0.50)|Orion:SHORT(0.52),Regime: TREND (Orion 2x). Score: -0.35. Low Conviction (<0.35).,LOW_CONVICTION,-1.543434,MID,40.72,True,0.0,0.0,0.00,0.00
1688304360.0,TREND,GO,SELL,37.63,NORMAL,PRO,DEFENSIVE,1.0,0.50,Aegean:FLAT(0.50)|Orion:SHORT(0.56),Regime: TREND (Orion 2x). Score: -0.38. Bearish Consensus.,,-1.265024,MID,42.58,True,2.5,20.0,2.00,7.06
1688304420.0,TREND,GO,SELL,40.46,NORMAL,PRO,DEFENSIVE,1.0,0.50,Aegean:FLAT(0.50)|Orion:SHORT(0.61),Regime: TREND (Orion 2x). Score: -0.40. Bearish Consensus.,,-1.140684,MID,44.28,True,2.3,20.0,2.00,7.31
1688304480.0,TREND,GO,SELL,43.40,NORMAL,PRO,DEFENSIVE,1.0,0.50,Aegean:FLAT(0.50)|Orion:SHORT(0.65),Regime: TREND (Orion 2x). Score: -0.43. Bearish Consensus.,,-1.349148,MID,46.04,True,2.3,20.0,2.00,7.63
1688304540.0,TREND,GO,SELL,46.66,NORMAL,PRO,DEFENSIVE,1.0,0.50,Aegean:FLAT(0.50)|Orion:SHORT(0.70),Regime: TREND (Orion 2x). Score: -0.47. Bearish Consensus.,,-1.769603,DIP,48.00,True,2.3,20.0,2.00,8.03
1688304600.0,TREND,GO,SELL,49.82,NORMAL,PRO,DEFENSIVE,1.0,0.50,Aegean:FLAT(0.50)|Orion:SHORT(0.75),Regime: TREND (Orion 2x). Score: -0.50. Bearish Consensus.,,-1.317351,MID,49.89,True,2.3,20.0,2.00,8.24
1688304660.0,TREND,GO,SELL,50.15,NORMAL,PRO,DEFENSIVE,1.0,0.50,Aegean:FLAT(0.50)|Orion:SHORT(0.75),Regime: TREND (Orion 2x). Score: -0.50. Bearish Consensus.,,-0.715259,MID,50.09,True,2.3,20.0,2.00,8.16
1688304720.0,TREND,GO,SELL,49.94,NORMAL,PRO,DEFENSIVE,1.0,0.50,Aegean:FLAT(0.50)|Orion:SHORT(0.75),Regime: TREND (Orion 2x). Score: -0.50. Bearish Consensus.,,-0.540999,MID,49.96,True,2.2,20.0,2.00,8.10
1688304780.0,TREND,GO,SELL,50.15,NORMAL,PRO,DEFENSIVE,1.0,0.50,Aegean:FLAT(0.50)|Orion:SHORT(0.75),Regime: TREND (Orion 2x). Score: -0.50. Bearish Consensus.,,-0.818980,MID,50.09,True,2.2,20.0,2.00,8.18
1688304840.0,TREND,GO,SELL,50.31,NORMAL,PRO,DEFENSIVE,1.0,0.50,Aegean:FLAT(0.50)|Orion:SHORT(0.75),Regime: TREND (Orion 2x). Score: -0.50. Bearish Consensus.,,-0.730125,MID,50.19,True,2.0,20.0,2.00,8.17
1688304900.0,TREND,GO,SELL,48.75,NORMAL,PRO,DEFENSIVE,1.0,0.50,Aegean:FLAT(0.50)|Orion:SHORT(0.73),Regime: TREND (Orion 2x). Score: -0.49. Bearish Consensus.,,-0.331047,MID,49.25,True,2.0,20.0,2.00,7.94
1688304960.0,TREND,GO,SELL,47.29,NORMAL,PRO,DEFENSIVE,1.0,0.50,Aegean:FLAT(0.50)|Orion:SHORT(0.71),Regime: TREND (Orion 2x). Score: -0.47. Bearish Consensus.,,-0.299538,MID,48.38,True,1.8,20.0,2.00,7.80
1688305020.0,TREND,GO,SELL,46.05,NORMAL,PRO,DEFENSIVE,1.0,0.50,Aegean:FLAT(0.50)|Orion:SHORT(0.69),Regime: TREND (Orion 2x). Score: -0.46. Bearish Consensus.,,-0.259289,MID,47.63,True,1.7,20.0,2.00,7.67
1688305080.0,TREND,GO,SELL,46.56,NORMAL,PRO,DEFENSIVE,1.0,0.50,Aegean:FLAT(0.50)|Orion:SHORT(0.70),Regime: TREND (Orion 2x). Score: -0.47. Bearish Consensus.,,-1.088808,DIP,47.94,True,1.9,20.0,2.00,7.88
1688305140.0,TREND,GO,SELL,47.48,NORMAL,PRO,DEFENSIVE,1.0,0.50,Aegean:FLAT(0.50)|Orion:SHORT(0.71),Regime: TREND (Orion 2x). Score: -0.47. Bearish Consensus.,,-0.361188,MID,48.49,True,2.1,20.0,2.00,7.83
1688305200.0,TREND,GO,SELL,43.95,NORMAL,PRO,DEFENSIVE,1.0,0.50,Aegean:FLAT(0.50)|Orion:SHORT(0.66),Regime: TREND (Orion 2x). Score: -0.44. Bearish Consensus.,,0.681369,MID,46.37,True,2.3,20.0,2.00,7.55
1688305260.0,TREND,GO,SELL,40.72,NORMAL,PRO,DEFENSIVE,1.0,0.50,Aegean:FLAT(0.50)|Orion:SHORT(0.61),Regime: TREND (Orion 2x). Score: -0.41. Bearish Consensus.,,0.627979,MID,44.43,True,2.1,20.0,2.00,7.23
1688305320.0,TREND,GO,BUY,36.66,NORMAL,PRO,DEFENSIVE,1.0,0.50,Aegean:FLAT(0.50)|Orion:LONG(0.55),Regime: TREND (Orion 2x). Score: 0.37. Bullish Consensus.,,0.938711,TOP,42.00,True,2.1,20.0,2.00,6.90
1688305380.0,TREND,NO_GO,HOLD,32.97,NORMAL,PRO,DEFENSIVE,1.0,0.50,Aegean:FLAT(0.50)|Orion:LONG(0.49),Regime: TREND (Orion 2x). Score: 0.33. Low Conviction (<0.35).,LOW_CONVICTION,0.848358,TOP,39.78,True,0.0,0.0,0.00,0.00
1688305440.0,TREND,NO_GO,HOLD,28.46,NORMAL,PRO,DEFENSIVE,1.0,0.50,Aegean:FLAT(0.50)|Orion:LONG(0.43),Regime: TREND (Orion 2x). Score: 0.28. Low Conviction (<0.35).,LOW_CONVICTION,1.119943,TOP,37.08,True,0.0,0.0,0.00,0.00
1688305500.0,TREND,NO_GO,HOLD,24.65,NORMAL,PRO,DEFENSIVE,1.0,0.50,Aegean:FLAT(0.50)|Orion:SHORT(0.37),Regime: TREND (Orion 2x). Score: -0.25. Low Conviction (<0.35).,LOW_CONVICTION,0.382562,MID,34.79,True,0.0,0.0,0.00,0.00
1688305560.0,TREND,NO_GO,HOLD,21.07,NORMAL,PRO,DEFENSIVE,1.0,0.50,Aegean:FLAT(0.50)|Orion:SHORT(0.32),Regime: TREND (Orion 2x). Score: -0.21. Low Conviction (<0.35).,LOW_CONVICTION,0.353602,MID,32.64,True,0.0,0.0,0.00,0.00
1688305620.0,TREND,NO_GO,HOLD,17.63,NORMAL,PRO,DEFENSIVE,1.0,0.50,Aegean:FLAT(0.50)|Orion:SHORT(0.26),Regime: TREND (Orion 2x). Score: -0.18. Low Conviction (<0.35).,LOW_CONVICTION,0.320878,MID,30.58,True,0.0,0.0,0.00,0.00
1688305680.0,TREND,NO_GO,HOLD,14.48,NORMAL,PRO,DEFENSIVE,1.0,0.50,Aegean:FLAT(0.50)|Orion:SHORT(0.22),Regime: TREND (Orion 2x). Score: -0.14. Low Conviction (<0.35).,LOW_CONVICTION,0.282218,MID,28.69,True,0.0,0.0,0.00,0.00
1688305740.0,TREND,NO_GO,HOLD,12.65,NORMAL,PRO,DEFENSIVE,1.0,0.50,Aegean:FLAT(0.50)|Orion:SHORT(0.19),Regime: TREND (Orion 2x). Score: -0.13. Low Conviction (<0.35).,LOW_CONVICTION,-0.153231,MID,27.59,True,0.0,0.0,0.00,0.00
1688305800.0,TREND,NO_GO,HOLD,11.36,NORMAL,PRO,DEFENSIVE,1.0,0.50,Aegean:FLAT(0.50)|Orion:SHORT(0.17),Regime: TREND (Orion 2x). Score: -0.11. Low Conviction (<0.35).,LOW_CONVICTION,-0.124226,MID,26.82,True,0.0,0.0,0.00,0.00
1688305860.0,TREND,NO_GO,HOLD,10.16,NORMAL,PRO,DEFENSIVE,1.0,0.50,Aegean:FLAT(0.50)|Orion:SHORT(0.15),Regime: TREND (Orion 2x). Score: -0.10. Low Conviction (<0.35).,LOW_CONVICTION,-0.110081,MID,26.10,True,0.0,0.0,0.00,0.00
1688305920.0,TREND,NO_GO,HOLD,13.33,NORMAL,PRO,DEFENSIVE,1.0,0.50,Aegean:FLAT(0.50)|Orion:SHORT(0.20),Regime: TREND (Orion 2x). Score: -0.13. Low Conviction (<0.35).,LOW_CONVICTION,0.178381,MID,24.90,False,0.0,0.0,0.00,0.00
1688305980.0,CHOP,NO_GO,HOLD,13.33,NORMAL,PRO,DEFENSIVE,1.0,0.50,Aegean:FLAT(0.50)|Orion:SHORT(0.20),Regime: CHOP (Reduced Weights). Score: -0.13. Low Conviction (<0.35).,LOW_CONVICTION,0.166350,MID,23.49,False,0.0,0.0,0.00,0.00
1688306040.0,CHOP,NO_GO,HOLD,13.33,NORMAL,PRO,DEFENSIVE,1.0,0.50,Aegean:FLAT(0.50)|Orion:LONG(0.20),Regime: CHOP (Reduced Weights). Score: 0.13. Low Conviction (<0.35).,LOW_CONVICTION,0.676554,TOP,22.90,False,0.0,0.0,0.00,0.00
1688306100.0,TREND,NO_GO,HOLD,13.33,NORMAL,PRO,DEFENSIVE,1.0,0.50,Aegean:FLAT(0.50)|Orion:LONG(0.20),Regime: TREND (Orion 2x). Score: 0.13. Low Conviction (<0.35).,LOW_CONVICTION,0.612120,TOP,22.18,False,0.0,0.0,0.00,0.00
1688306160.0,TREND,NO_GO,HOLD,13.33,NORMAL,PRO,DEFENSIVE,1.0,0.50,Aegean:FLAT(0.50)|Orion:LONG(0.20),Regime: TREND (Orion 2x). Score: 0.13. Low Conviction (<0.35).,LOW_CONVICTION,0.899537,TOP,22.25,False,0.0,0.0,0.00,0.00
1688306220.0,CHOP,NO_GO,HOLD,13.33,NORMAL,PRO,DEFENSIVE,1.0,0.50,Aegean:FLAT(0.50)|Orion:LONG(0.20),Regime: CHOP (Reduced Weights). Score: 0.13. Low Conviction (<0.35).,LOW_CONVICTION,0.812061,TOP,22.28,False,0.0,0.0,0.00,0.00
1688306280.0,TREND,NO_GO,HOLD,13.33,NORMAL,PRO,DEFENSIVE,1.0,0.50,Aegean:FLAT(0.50)|Orion:LONG(0.20),Regime: TREND (Orion 2x). Score: 0.13. Low Conviction (<0.35).,LOW_CONVICTION,0.321388,MID,21.10,False,0.0,0.0,0.00,0.00
1688306340.0,CHOP,NO_GO,HOLD,13.33,NORMAL,PRO,DEFENSIVE,1.0,0.50,Aegean:FLAT(0.50)|Orion:LONG(0.20),Regime: CHOP (Reduced Weights). Score: 0.13. Low Conviction (<0.35).,LOW_CONVICTION,0.228235,MID,19.79,False,0.0,0.0,0.00,0.00
1688306400.0,CHOP,NO_GO,HOLD,13.33,NORMAL,PRO,DEFENSIVE,1.0,0.50,Aegean:FLAT(0.50)|Orion:SHORT(0.20),Regime: CHOP (Reduced Weights). Score: -0.13. Low Conviction (<0.35).,LOW_CONVICTION,-0.262208,MID,19.23,False,0.0,0.0,0.00,0.00
1688306460.0,CHOP,NO_GO,HOLD,13.33,NORMAL,PRO,DEFENSIVE,1.0,0.50,Aegean:FLAT(0.50)|Orion:SHORT(0.20),Regime: CHOP (Reduced Weights). Score: -0.13. Low Conviction (<0.35).,LOW_CONVICTION,-0.259774,MID,18.78,False,0.0,0.0,0.00,0.00
1688306520.0,CHOP,NO_GO,HOLD,13.33,NORMAL,PRO,DEFENSIVE,1.0,0.50,Aegean:FLAT(0.50)|Orion:SHORT(0.20),Regime: CHOP (Reduced Weights). Score: -0.13. Low Conviction (<0.35).,LOW_CONVICTION,-0.208766,MID,18.39,False,0.0,0.0,0.00,0.00
1688306580.0,CHOP,NO_GO,HOLD,13.33,NORMAL,PRO,DEFENSIVE,1.0,0.50,Aegean:FLAT(0.50)|Orion:SHORT(0.20),Regime: CHOP (Reduced Weights). Score: -0.13. Low Conviction (<0.35).,LOW_CONVICTION,-0.202046,MID,18.03,False,0.0,0.0,0.00,0.00
1688306640.0,CHOP,NO_GO,HOLD,13.33,NORMAL,PRO,DEFENSIVE,1.0,0.50,Aegean:FLAT(0.50)|Orion:LONG(0.20),Regime: CHOP (Reduced Weights). Score: 0.13. Low Conviction (<0.35).,LOW_CONVICTION,-0.176655,MID,17.69,False,0.0,0.0,0.00,0.00
1688306700.0,CHOP,NO_GO,HOLD,13.33,NORMAL,PRO,DEFENSIVE,1.0,0.50,Aegean:FLAT(0.50)|Orion:LONG(0.20),Regime: CHOP (Reduced Weights). Score: 0.13. Low Conviction (<0.35).,LOW_CONVICTION,-0.046744,MID,16.97,False,0.0,0.0,0.00,0.00
1688306760.0,CHOP,NO_GO,HOLD,13.33,NORMAL,PRO,DEFENSIVE,1.0,0.50,Aegean:FLAT(0.50)|Orion:LONG(0.20),Regime: CHOP (Reduced Weights). Score: 0.13. Low Conviction (<0.35).,LOW_CONVICTION,-0.042292,MID,16.30,False,0.0,0.0,0.00,0.00
1688306820.0,CHOP,NO_GO,HOLD,13.33,NORMAL,PRO,DEFENSIVE,1.0,0.50,Aegean:FLAT(0.50)|Orion:LONG(0.20),Regime: CHOP (Reduced Weights). Score: 0.13. Low Conviction (<0.35).,LOW_CONVICTION,-0.031770,MID,15.68,False,0.0,0.0,0.00,0.00
1688306880.0,CHOP,NO_GO,HOLD,13.33,NORMAL,PRO,DEFENSIVE,1.0,0.50,Aegean:FLAT(0.50)|Orion:LONG(0.20),Regime: CHOP (Reduced Weights). Score: 0.13. Low Conviction (<0.35).,LOW_CONVICTION,-0.018648,MID,15.10,False,0.0,0.0,0.00,0.00
1688306940.0,CHOP,NO_GO,HOLD,13.33,NORMAL,PRO,DEFENSIVE,1.0,0.50,Aegean:FLAT(0.50)|Orion:LONG(0.20),Regime: CHOP (Reduced Weights). Score: 0.13. Low Conviction (<0.35).,LOW_CONVICTION,0.553516,MID,15.44,False,0.0,0.0,0.00,0.00
1688307000.0,CHOP,NO_GO,HOLD,13.33,NORMAL,PRO,DEFENSIVE,1.0,0.50,Aegean:FLAT(0.50)|Orion:LONG(0.20),Regime: CHOP (Reduced Weights). Score: 0.13. Low Conviction (<0.35).,LOW_CONVICTION,0.492183,MID,15.74,False,0.0,0.0,0.00,0.00
1688307060.0,CHOP,NO_GO,HOLD,13.33,NORMAL,PRO,DEFENSIVE,1.0,0.50,Aegean:FLAT(0.50)|Orion:LONG(0.20),Regime: CHOP (Reduced Weights). Score: 0.13. Low Conviction (<0.35).,LOW_CONVICTION,0.824090,TOP,16.96,False,0.0,0.0,0.00,0.00
1688307120.0,CHOP,NO_GO,HOLD,13.33,NORMAL,PRO,DEFENSIVE,1.0,0.50,Aegean:FLAT(0.50)|Orion:LONG(0.20),Regime: CHOP (Reduced Weights). Score: 0.13. Low Conviction (<0.35).,LOW_CONVICTION,0.598920,TOP,18.10,False,0.0,0.0,0.00,0.00
1688307180.0,CHOP,NO_GO,HOLD,13.33,NORMAL,PRO,DEFENSIVE,1.0,0.50,Aegean:FLAT(0.50)|Orion:LONG(0.20),Regime: CHOP (Reduced Weights). Score: 0.13. Low Conviction (<0.35).,LOW_CONVICTION,0.507594,MID,19.03,False,0.0,0.0,0.00,0.00
1688307240.0,CHOP,NO_GO,HOLD,13.33,NORMAL,PRO,DEFENSIVE,1.0,0.50,Aegean:FLAT(0.50)|Orion:LONG(0.20),Regime: CHOP (Reduced Weights). Score: 0.13. Low Conviction (<0.35).,LOW_CONVICTION,0.336413,MID,19.33,False,0.0,0.0,0.00,0.00
1688307300.0,CHOP,NO_GO,HOLD,13.33,NORMAL,PRO,DEFENSIVE,1.0,0.50,Aegean:FLAT(0.50)|Orion:LONG(0.20),Regime: CHOP (Reduced Weights). Score: 0.13. Low Conviction (<0.35).,LOW_CONVICTION,0.305326,MID,19.60,False,0.0,0.0,0.00,0.00
1688307360.0,CHOP,NO_GO,HOLD,13.33,NORMAL,PRO,DEFENSIVE,1.0,0.50,Aegean:FLAT(0.50)|Orion:LONG(0.20),Regime: CHOP (Reduced Weights). Score: 0.13. Low Conviction (<0.35).,LOW_CONVICTION,0.390533,MID,20.19,False,0.0,0.0,0.00,0.00
1688307420.0,TREND,NO_GO,HOLD,13.33,NORMAL,PRO,DEFENSIVE,1.0,0.50,Aegean:FLAT(0.50)|Orion:LONG(0.20),Regime: TREND (Orion 2x). Score: 0.13. Low Conviction (<0.35).,LOW_CONVICTION,1.037319,TOP,22.18,False,0.0,0.0,0.00,0.00
1688307480.0,TREND,NO_GO,HOLD,13.33,NORMAL,PRO,DEFENSIVE,1.0,0.50,Aegean:FLAT(0.50)|Orion:LONG(0.20),Regime: TREND (Orion 2x). Score: 0.13. Low Conviction (<0.35).,LOW_CONVICTION,1.019274,TOP,24.17,False,0.0,0.0,0.00,0.00
1688307540.0,TREND,NO_GO,HOLD,13.33,NORMAL,PRO,DEFENSIVE,1.0,0.50,Aegean:FLAT(0.50)|Orion:LONG(0.20),Regime: TREND (Orion 2x). Score: 0.13. Low Conviction (<0.35).,LOW_CONVICTION,0.382957,MID,24.29,False,0.0,0.0,0.00,0.00
1688307600.0,TREND,NO_GO,HOLD,13.33,NORMAL,PRO,DEFENSIVE,1.0,0.50,Aegean:FLAT(0.50)|Orion:LONG(0.20),Regime: TREND (Orion 2x). Score: 0.13. Low Conviction (<0.35).,LOW_CONVICTION,0.175038,MID,23.70,False,0.0,0.0,0.00,0.00
1688307660.0,TREND,NO_GO,HOLD,13.33,NORMAL,PRO,DEFENSIVE,1.0,0.50,Aegean:FLAT(0.50)|Orion:LONG(0.20),Regime: TREND (Orion 2x). Score: 0.13. Low Conviction (<0.35).,LOW_CONVICTION,-0.226500,MID,22.15,False,0.0,0.0,0.00,0.00
1688307720.0,TREND,NO_GO,HOLD,13.33,NORMAL,PRO,DEFENSIVE,1.0,0.50,Aegean:FLAT(0.50)|Orion:LONG(0.20),Regime: TREND (Orion 2x). Score: 0.13. Low Conviction (<0.35).,LOW_CONVICTION,-0.209671,MID,20.64,False,0.0,0.0,0.00,0.00
1688307780.0,CHOP,NO_GO,HOLD,13.33,NORMAL,PRO,DEFENSIVE,1.0,0.50,Aegean:FLAT(0.50)|Orion:LONG(0.20),Regime: CHOP (Reduced Weights). Score: 0.13. Low Conviction (<0.35).,LOW_CONVICTION,-0.195860,MID,19.22,False,0.0,0.0,0.00,0.00
1688307840.0,CHOP,NO_GO,HOLD,13.33,NORMAL,PRO,DEFENSIVE,1.0,0.50,Aegean:FLAT(0.50)|Orion:SHORT(0.20),Regime: CHOP (Reduced Weights). Score: -0.13. Low Conviction (<0.35).,LOW_CONVICTION,-0.789498,DIP,19.39,False,0.0,0.0,0.00,0.00
1688307900.0,TREND,NO_GO,HOLD,13.33,NORMAL,PRO,DEFENSIVE,1.0,0.50,Aegean:FLAT(0.50)|Orion:SHORT(0.20),Regime: TREND (Orion 2x). Score: -0.13. Low Conviction (<0.35).,LOW_CONVICTION,-2.257165,DIP,21.88,False,0.0,0.0,0.00,0.00
1688307960.0,TREND,NO_GO,HOLD,13.33,NORMAL,PRO,DEFENSIVE,1.0,0.50,Aegean:FLAT(0.50)|Orion:SHORT(0.20),Regime: TREND (Orion 2x). Score: -0.13. Low Conviction (<0.35).,LOW_CONVICTION,-2.232692,DIP,24.33,False,0.0,0.0,0.00,0.00
1688308020.0,TREND,NO_GO,HOLD,11.05,NORMAL,PRO,DEFENSIVE,1.0,0.50,Aegean:FLAT(0.50)|Orion:SHORT(0.17),Regime: TREND (Orion 2x). Score: -0.11. Low Conviction (<0.35).,LOW_CONVICTION,-2.019083,DIP,26.63,True,0.0,0.0,0.00,0.00
1688308080.0,TREND,NO_GO,HOLD,15.30,NORMAL,PRO,DEFENSIVE,1.0,0.50,Aegean:FLAT(0.50)|Orion:SHORT(0.23),Regime: TREND (Orion 2x). Score: -0.15. Low Conviction (<0.35).,LOW_CONVICTION,-2.324260,DIP,29.18,True,0.0,0.0,0.00,0.00
1688308140.0,TREND,NO_GO,HOLD,15.37,NORMAL,PRO,DEFENSIVE,1.0,0.50,Aegean:FLAT(0.50)|Orion:LONG(0.23),Regime: TREND (Orion 2x). Score: 0.15. Low Conviction (<0.35).,LOW_CONVICTION,1.949479,MID,29.22,True,0.0,0.0,0.00,0.00
1688308200.0,TREND,NO_GO,HOLD,15.50,NORMAL,PRO,DEFENSIVE,1.0,0.50,Aegean:FLAT(0.50)|Orion:SHORT(0.23),Regime: TREND (Orion 2x). Score: -0.16. Low Conviction (<0.35).,LOW_CONVICTION,0.041929,MID,29.30,True,0.0,0.0,0.00,0.00
1688308260.0,TREND,NO_GO,HOLD,14.19,NORMAL,PRO,DEFENSIVE,1.0,0.50,Aegean:FLAT(0.50)|Orion:LONG(0.21),Regime: TREND (Orion 2x). Score: 0.14. Low Conviction (<0.35).,LOW_CONVICTION,0.494913,MID,28.51,True,0.0,0.0,0.00,0.00
1688308320.0,TREND,NO_GO,HOLD,13.25,NORMAL,PRO,DEFENSIVE,1.0,0.50,Aegean:FLAT(0.50)|Orion:LONG(0.20),Regime: TREND (Orion 2x). Score: 0.13. Low Conviction (<0.35).,LOW_CONVICTION,1.018254,MID,27.95,True,0.0,0.0,0.00,0.00
1688308380.0,TREND,NO_GO,HOLD,10.79,NORMAL,PRO,DEFENSIVE,1.0,0.50,Aegean:FLAT(0.50)|Orion:SHORT(0.16),Regime: TREND (Orion 2x). Score: -0.11. Low Conviction (<0.35).,LOW_CONVICTION,-0.799748,MID,26.48,True,0.0,0.0,0.00,0.00
1688308440.0,TREND,NO_GO,HOLD,13.33,NORMAL,PRO,DEFENSIVE,1.0,0.50,Aegean:FLAT(0.50)|Orion:LONG(0.20),Regime: TREND (Orion 2x). Score: 0.13. Low Conviction (<0.35).,LOW_CONVICTION,0.224038,MID,24.85,False,0.0,0.0,0.00,0.00
1688308500.0,TREND,NO_GO,HOLD,13.33,NORMAL,PRO,DEFENSIVE,1.0,0.50,Aegean:FLAT(0.50)|Orion:LONG(0.20),Regime: TREND (Orion 2x). Score: 0.13. Low Conviction (<0.35).,LOW_CONVICTION,1.527154,MID,24.34,False,0.0,0.0,0.00,0.00
1688308560.0,TREND,NO_GO,HOLD,13.33,NORMAL,PRO,DEFENSIVE,1.0,0.50,Aegean:FLAT(0.50)|Orion:SHORT(0.20),Regime: TREND (Orion 2x). Score: -0.13. Low Conviction (<0.35).,LOW_CONVICTION,0.035044,MID,23.85,False,0.0,0.0,0.00,0.00
1688308620.0,TREND,NO_GO,HOLD,13.33,NORMAL,PRO,DEFENSIVE,1.0,0.50,Aegean:FLAT(0.50)|Orion:LONG(0.20),Regime: TREND (Orion 2x). Score: 0.13. Low Conviction (<0.35).,LOW_CONVICTION,0.251475,MID,23.39,False,0.0,0.0,0.00,0.00
1688308680.0,TREND,NO_GO,HOLD,13.33,NORMAL,PRO,DEFENSIVE,1.0,0.50,Aegean:FLAT(0.50)|Orion:LONG(0.20),Regime: TREND (Orion 2x). Score: 0.13. Low Conviction (<0.35).,LOW_CONVICTION,1.348071,MID,23.74,False,0.0,0.0,0.00,0.00
1688308740.0,TREND,NO_GO,HOLD,13.33,NORMAL,PRO,DEFENSIVE,1.0,0.50,Aegean:FLAT(0.50)|Orion:LONG(0.20),Regime: TREND (Orion 2x). Score: 0.13. Low Conviction (<0.35).,LOW_CONVICTION,1.229782,MID,24.08,False,0.0,0.0,0.00,0.00
1688308800.0,TREND,NO_GO,HOLD,9.09,NORMAL,PRO,DEFENSIVE,1.0,0.50,Aegean:FLAT(0.50)|Orion:LONG(0.14),Regime: TREND (Orion 2x). Score: 0.09. Low Conviction (<0.35).,LOW_CONVICTION,2.931639,TOP,25.45,True,0.0,0.0,0.00,0.00
1688308860.0,TREND,NO_GO,HOLD,13.25,NORMAL,PRO,DEFENSIVE,1.0,0.50,Aegean:FLAT(0.30)|Orion:LONG(0.20),Regime: TREND (Orion 2x). Score: 0.13. Low Conviction (<0.35).,LOW_CONVICTION,6.013388,TOP,27.95,True,0.0,0.0,0.00,0.00
1688308920.0,TREND,NO_GO,HOLD,17.09,NORMAL,PRO,DEFENSIVE,1.0,0.50,Aegean:FLAT(0.30)|Orion:LONG(0.26),Regime: TREND (Orion 2x). Score: 0.17. Low Conviction (<0.35).,LOW_CONVICTION,5.041637,TOP,30.26,True,0.0,0.0,0.00,0.00
1688308980.0,TREND,NO_GO,HOLD,21.42,NORMAL,PRO,DEFENSIVE,1.0,0.50,Aegean:FLAT(0.30)|Orion:LONG(0.32),Regime: TREND (Orion 2x). Score: 0.21. Low Conviction (<0.35).,LOW_CONVICTION,7.332909,TOP,32.85,True,0.0,0.0,0.00,0.00
1688309040.0,TREND,NO_GO,HOLD,25.72,NORMAL,PRO,DEFENSIVE,1.0,0.50,Aegean:FLAT(0.30)|Orion:LONG(0.39),Regime: TREND (Orion 2x). Score: 0.26. Low Conviction (<0.35).,LOW_CONVICTION,6.906498,TOP,35.43,True,0.0,0.0,0.00,0.00
1688309100.0,TREND,NO_GO,HOLD,30.08,NORMAL,PRO,DEFENSIVE,1.0,0.50,Aegean:FLAT(0.30)|Orion:LONG(0.45),Regime: TREND (Orion 2x). Score: 0.30. Low Conviction (<0.35).,LOW_CONVICTION,7.771593,TOP,38.05,True,0.0,0.0,0.00,0.00
1688309160.0,TREND,NO_GO,HOLD,28.54,NORMAL,PRO,DEFENSIVE,1.0,0.50,Aegean:FLAT(0.50)|Orion:LONG(0.43),Regime: TREND (Orion 2x). Score: 0.29. Low Conviction (<0.35).,LOW_CONVICTION,1.598108,MID,37.12,True,0.0,0.0,0.00,0.00
1688309220.0,TREND,NO_GO,HOLD,27.10,NORMAL,PRO,DEFENSIVE,1.0,0.50,Aegean:FLAT(0.50)|Orion:LONG(0.41),Regime: TREND (Orion 2x). Score: 0.27. Low Conviction (<0.35).,LOW_CONVICTION,1.358308,MID,36.26,True,0.0,0.0,0.00,0.00
1688309280.0,TREND,NO_GO,HOLD,24.75,NORMAL,PRO,DEFENSIVE,1.0,0.50,Aegean:FLAT(0.50)|Orion:LONG(0.37),Regime: TREND (Orion 2x). Score: 0.25. Low Conviction (<0.35).,LOW_CONVICTION,-0.066490,MID,34.85,True,0.0,0.0,0.00,0.00
1688309340.0,TREND,NO_GO,HOLD,21.88,NORMAL,PRO,DEFENSIVE,1.0,0.50,Aegean:FLAT(0.50)|Orion:LONG(0.33),Regime: TREND (Orion 2x). Score: 0.22. Low Conviction (<0.35).,LOW_CONVICTION,0.254109,MID,33.13,True,0.0,0.0,0.00,0.00
1688309400.0,TREND,GO,BUY,45.58,NORMAL,PRO,DEFENSIVE,1.0,0.50,Aegean:LONG(0.70)|Orion:LONG(0.33),Regime: TREND (Orion 2x). Score: 0.46. Bullish Consensus.,,4.605079,MID,33.35,True,8.5,20.0,2.00,6.24
1688309460.0,TREND,GO,BUY,45.97,NORMAL,PRO,DEFENSIVE,1.0,0.50,Aegean:LONG(0.70)|Orion:LONG(0.34),Regime: TREND (Orion 2x). Score: 0.46. Bullish Consensus.,,3.279118,MID,33.58,True,8.4,20.0,2.00,6.02
1688309520.0,TREND,GO,BUY,46.31,NORMAL,PRO,DEFENSIVE,1.0,0.50,Aegean:LONG(0.70)|Orion:LONG(0.34),Regime: TREND (Orion 2x). Score: 0.46. Bullish Consensus.,,3.283703,MID,33.78,True,8.3,20.0,2.00,6.05
1688309580.0,TREND,NO_GO,HOLD,23.29,NORMAL,PRO,DEFENSIVE,1.0,0.50,Aegean:FLAT(0.50)|Orion:LONG(0.35),Regime: TREND (Orion 2x). Score: 0.23. Low Conviction (<0.35).,LOW_CONVICTION,2.739980,MID,33.97,True,0.0,0.0,0.00,0.00
1688309640.0,TREND,NO_GO,HOLD,21.95,NORMAL,PRO,DEFENSIVE,1.0,0.50,Aegean:FLAT(0.50)|Orion:LONG(0.33),Regime: TREND (Orion 2x). Score: 0.22. Low Conviction (<0.35).,LOW_CONVICTION,1.202820,MID,33.17,True,0.0,0.0,0.00,0.00
1688309700.0,TREND,NO_GO,HOLD,21.34,NORMAL,PRO,DEFENSIVE,1.0,0.50,Aegean:FLAT(0.50)|Orion:LONG(0.32),Regime: TREND (Orion 2x). Score: 0.21. Low Conviction (<0.35).,LOW_CONVICTION,1.279293,MID,32.80,True,0.0,0.0,0.00,0.00
1688309760.0,TREND,NO_GO,HOLD,20.77,NORMAL,PRO,DEFENSIVE,1.0,0.50,Aegean:FLAT(0.50)|Orion:LONG(0.31),Regime: TREND (Orion 2x). Score: 0.21. Low Conviction (<0.35).,LOW_CONVICTION,1.715434,MID,32.46,True,0.0,0.0,0.00,0.00
1688309820.0,TREND,NO_GO,HOLD,20.60,NORMAL,PRO,DEFENSIVE,1.0,0.50,Aegean:FLAT(0.50)|Orion:LONG(0.31),Regime: TREND (Orion 2x). Score: 0.21. Low Conviction (<0.35).,LOW_CONVICTION,2.120652,MID,32.36,True,0.0,0.0,0.00,0.00
1688309880.0,TREND,NO_GO,HOLD,20.61,NORMAL,PRO,DEFENSIVE,1.0,0.50,Aegean:FLAT(0.50)|Orion:LONG(0.31),Regime: TREND (Orion 2x). Score: 0.21. Low Conviction (<0.35).,LOW_CONVICTION,1.389158,MID,32.37,True,0.0,0.0,0.00,0.00
1688309940.0,TREND,NO_GO,HOLD,20.40,NORMAL,PRO,DEFENSIVE,1.0,0.50,Aegean:FLAT(0.50)|Orion:LONG(0.31),Regime: TREND (Orion 2x). Score: 0.20. Low Conviction (<0.35).,LOW_CONVICTION,1.061268,MID,32.24,True,0.0,0.0,0.00,0.00
1688310000.0,TREND,NO_GO,HOLD,20.93,NORMAL,PRO,DEFENSIVE,1.0,0.50,Aegean:FLAT(0.50)|Orion:LONG(0.31),Regime: TREND (Orion 2x). Score: 0.21. Low Conviction (<0.35).,LOW_CONVICTION,2.248757,MID,32.56,True,0.0,0.0,0.00,0.00
1688310060.0,TREND,NO_GO,HOLD,21.95,NORMAL,PRO,DEFENSIVE,1.0,0.50,Aegean:FLAT(0.50)|Orion:LONG(0.33),Regime: TREND (Orion 2x). Score: 0.22. Low Conviction (<0.35).,LOW_CONVICTION,0.554685,MID,33.17,True,0.0,0.0,0.00,0.00
1688310120.0,TREND,NO_GO,HOLD,22.20,NORMAL,PRO,DEFENSIVE,1.0,0.50,Aegean:FLAT(0.50)|Orion:LONG(0.33),Regime: TREND (Orion 2x). Score: 0.22. Low Conviction (<0.35).,LOW_CONVICTION,0.107553,MID,33.32,True,0.0,0.0,0.00,0.00
1688310180.0,TREND,NO_GO,HOLD,23.21,NORMAL,PRO,DEFENSIVE,1.0,0.50,Aegean:FLAT(0.50)|Orion:LONG(0.35),Regime: TREND (Orion 2x). Score: 0.23. Low Conviction (<0.35).,LOW_CONVICTION,1.590868,MID,33.93,True,0.0,0.0,0.00,0.00
1688310240.0,TREND,NO_GO,HOLD,24.16,NORMAL,PRO,DEFENSIVE,1.0,0.50,Aegean:FLAT(0.50)|Orion:LONG(0.36),Regime: TREND (Orion 2x). Score: 0.24. Low Conviction (<0.35).,LOW_CONVICTION,1.558104,MID,34.49,True,0.0,0.0,0.00,0.00
1688310300.0,TREND,NO_GO,HOLD,25.38,NORMAL,PRO,DEFENSIVE,1.0,0.50,Aegean:FLAT(0.50)|Orion:LONG(0.38),Regime: TREND (Orion 2x). Score: 0.25. Low Conviction (<0.35).,LOW_CONVICTION,1.368795,MID,35.23,True,0.0,0.0,0.00,0.00
1688310360.0,TREND,NO_GO,HOLD,24.19,NORMAL,PRO,DEFENSIVE,1.0,0.50,Aegean:FLAT(0.50)|Orion:LONG(0.36),Regime: TREND (Orion 2x). Score: 0.24. Low Conviction (<0.35).,LOW_CONVICTION,-0.473967,MID,34.52,True,0.0,0.0,0.00,0.00
1688310420.0,TREND,NO_GO,HOLD,23.03,NORMAL,PRO,DEFENSIVE,1.0,0.50,Aegean:FLAT(0.50)|Orion:LONG(0.35),Regime: TREND (Orion 2x). Score: 0.23. Low Conviction (<0.35).,LOW_CONVICTION,-0.494814,MID,33.82,True,0.0,0.0,0.00,0.00
1688310480.0,TREND,NO_GO,HOLD,21.27,NORMAL,PRO,DEFENSIVE,1.0,0.50,Aegean:FLAT(0.50)|Orion:LONG(0.32),Regime: TREND (Orion 2x). Score: 0.21. Low Conviction (<0.35).,LOW_CONVICTION,-0.818974,MID,32.76,True,0.0,0.0,0.00,0.00
1688310540.0,TREND,NO_GO,HOLD,19.55,NORMAL,PRO,DEFENSIVE,1.0,0.50,Aegean:FLAT(0.50)|Orion:LONG(0.29),Regime: TREND (Orion 2x). Score: 0.20. Low Conviction (<0.35).,LOW_CONVICTION,-0.707188,MID,31.73,True,0.0,0.0,0.00,0.00
1688310600.0,TREND,NO_GO,HOLD,18.23,NORMAL,PRO,DEFENSIVE,1.0,0.50,Aegean:FLAT(0.50)|Orion:LONG(0.27),Regime: TREND (Orion 2x). Score: 0.18. Low Conviction (<0.35).,LOW_CONVICTION,-0.291080,MID,30.94,True,0.0,0.0,0.00,0.00
1688310660.0,TREND,NO_GO,HOLD,17.04,NORMAL,PRO,DEFENSIVE,1.0,0.50,Aegean:FLAT(0.50)|Orion:LONG(0.26),Regime: TREND (Orion 2x). Score: 0.17. Low Conviction (<0.35).,LOW_CONVICTION,-0.273916,MID,30.22,True,0.0,0.0,0.00,0.00
1688310720.0,TREND,NO_GO,HOLD,15.70,NORMAL,PRO,DEFENSIVE,1.0,0.50,Aegean:FLAT(0.50)|Orion:LONG(0.24),Regime: TREND (Orion 2x). Score: 0.16. Low Conviction (<0.35).,LOW_CONVICTION,-0.215222,MID,29.42,True,0.0,0.0,0.00,0.00
1688310780.0,TREND,NO_GO,HOLD,14.40,NORMAL,PRO,DEFENSIVE,1.0,0.50,Aegean:FLAT(0.50)|Orion:LONG(0.22),Regime: TREND (Orion 2x). Score: 0.14. Low Conviction (<0.35).,LOW_CONVICTION,-0.213844,MID,28.64,True,0.0,0.0,0.00,0.00
1688310840.0,TREND,NO_GO,HOLD,12.02,NORMAL,PRO,DEFENSIVE,1.0,0.50,Aegean:FLAT(0.50)|Orion:LONG(0.18),Regime: TREND (Orion 2x). Score: 0.12. Low Conviction (<0.35).,LOW_CONVICTION,-0.221294,MID,27.21,True,0.0,0.0,0.00,0.00
1688310900.0,TREND,NO_GO,HOLD,10.21,NORMAL,PRO,DEFENSIVE,1.0,0.50,Aegean:FLAT(0.50)|Orion:LONG(0.15),Regime: TREND (Orion 2x). Score: 0.10. Low Conviction (<0.35).,LOW_CONVICTION,-0.065429,MID,26.13,True,0.0,0.0,0.00,0.00
1688310960.0,TREND,NO_GO,HOLD,13.33,NORMAL,PRO,DEFENSIVE,1.0,0.50,Aegean:FLAT(0.50)|Orion:LONG(0.20),Regime: TREND (Orion 2x). Score: 0.13. Low Conviction (<0.35).,LOW_CONVICTION,-0.874892,DIP,24.45,False,0.0,0.0,0.00,0.00
1688311020.0,TREND,NO_GO,HOLD,13.33,NORMAL,PRO,DEFENSIVE,1.0,0.50,Aegean:FLAT(0.50)|Orion:LONG(0.20),Regime: TREND (Orion 2x). Score: 0.13. Low Conviction (<0.35).,LOW_CONVICTION,-0.499861,DIP,23.00,False,0.0,0.0,0.00,0.00
1688311080.0,CHOP,NO_GO,HOLD,13.33,NORMAL,PRO,DEFENSIVE,1.0,0.50,Aegean:FLAT(0.50)|Orion:SHORT(0.20),Regime: CHOP (Reduced Weights). Score: -0.13. Low Conviction (<0.35).,LOW_CONVICTION,-1.017036,DIP,21.45,False,0.0,0.0,0.00,0.00
1688311140.0,CHOP,NO_GO,HOLD,13.33,NORMAL,PRO,DEFENSIVE,1.0,0.50,Aegean:FLAT(0.50)|Orion:SHORT(0.20),Regime: CHOP (Reduced Weights). Score: -0.13. Low Conviction (<0.35).,LOW_CONVICTION,-2.317810,DIP,21.12,False,0.0,0.0,0.00,0.00
1688311200.0,CHOP,NO_GO,HOLD,13.33,NORMAL,PRO,DEFENSIVE,1.0,0.50,Aegean:FLAT(0.50)|Orion:SHORT(0.20),Regime: CHOP (Reduced Weights). Score: -0.13. Low Conviction (<0.35).,LOW_CONVICTION,-1.175354,MID,20.86,False,0.0,0.0,0.00,0.00
1688311260.0,CHOP,NO_GO,HOLD,13.33,NORMAL,PRO,DEFENSIVE,1.0,0.50,Aegean:FLAT(0.50)|Orion:SHORT(0.20),Regime: CHOP (Reduced Weights). Score: -0.13. Low Conviction (<0.35).,LOW_CONVICTION,-1.048697,MID,20.60,False,0.0,0.0,0.00,0.00
1688311320.0,TREND,NO_GO,HOLD,13.33,NORMAL,PRO,DEFENSIVE,1.0,0.50,Aegean:FLAT(0.30)|Orion:SHORT(0.20),Regime: TREND (Orion 2x). Score: -0.13. Low Conviction (<0.35).,LOW_CONVICTION,-5.371405,DIP,22.71,False,0.0,0.0,0.00,0.00
1688311380.0,TREND,NO_GO,HOLD,12.14,NORMAL,PRO,DEFENSIVE,1.0,0.50,Aegean:FLAT(0.30)|Orion:SHORT(0.18),Regime: TREND (Orion 2x). Score: -0.12. Low Conviction (<0.35).,LOW_CONVICTION,-31.458710,DIP,27.28,True,0.0,0.0,0.00,0.00
1688311440.0,TREND,GO,SELL,42.83,NORMAL,PRO,DEFENSIVE,1.0,0.50,Aegean:SHORT(0.70)|Orion:SHORT(0.29),Regime: TREND (Orion 2x). Score: -0.43. Bearish Consensus.,,-24.634320,MID,31.70,True,18.9,20.0,2.00,9.95
1688311500.0,TREND,GO,SELL,48.89,NORMAL,PRO,DEFENSIVE,1.0,0.50,Aegean:SHORT(0.70)|Orion:SHORT(0.38),Regime: TREND (Orion 2x). Score: -0.49. Bearish Consensus.,,-12.174761,MID,35.33,True,23.3,20.0,2.00,8.06
1688311560.0,TREND,GO,SELL,53.05,NORMAL,PRO,DEFENSIVE,1.0,0.50,Aegean:SHORT(0.70)|Orion:SHORT(0.45),Regime: TREND (Orion 2x). Score: -0.53. Bearish Consensus.,,-10.696349,MID,37.83,True,23.9,20.0,2.00,8.16
1688311620.0,TREND,GO,SELL,54.86,NORMAL,PRO,DEFENSIVE,1.0,0.50,Aegean:SHORT(0.70)|Orion:SHORT(0.47),Regime: TREND (Orion 2x). Score: -0.55. Bearish Consensus.,,-6.614604,MID,38.91,True,25.0,20.0,2.00,7.53
1688311680.0,TREND,NO_GO,HOLD,33.28,NORMAL,PRO,DEFENSIVE,1.0,0.50,Aegean:FLAT(0.50)|Orion:SHORT(0.50),Regime: TREND (Orion 2x). Score: -0.33. Low Conviction (<0.35).,LOW_CONVICTION,-2.922411,MID,39.97,True,0.0,0.0,0.00,0.00
1688311740.0,TREND,NO_GO,HOLD,34.27,NORMAL,PRO,DEFENSIVE,1.0,0.50,Aegean:FLAT(0.50)|Orion:SHORT(0.51),Regime: TREND (Orion 2x). Score: -0.34. Low Conviction (<0.35).,LOW_CONVICTION,-1.392516,MID,40.56,True,0.0,0.0,0.00,0.00
1688311800.0,TREND,GO,SELL,58.91,NORMAL,PRO,DEFENSIVE,1.0,0.50,Aegean:SHORT(0.70)|Orion:SHORT(0.53),Regime: TREND (Orion 2x). Score: -0.59. Bearish Consensus.,,-3.703834,MID,41.35,True,24.6,20.0,2.00,7.35
1688311860.0,TREND,GO,SELL,60.13,NORMAL,PRO,DEFENSIVE,1.0,0.50,Aegean:SHORT(0.70)|Orion:SHORT(0.55),Regime: TREND (Orion 2x). Score: -0.60. Bearish Consensus.,,-5.943181,MID,42.08,True,24.0,20.0,2.00,7.91
1688311920.0,TREND,GO,SELL,60.48,NORMAL,PRO,DEFENSIVE,1.0,0.50,Aegean:SHORT(0.70)|Orion:SHORT(0.56),Regime: TREND (Orion 2x). Score: -0.60. Bearish Consensus.,,-3.757218,MID,42.29,True,23.7,20.0,2.00,7.51
1688311980.0,TREND,GO,SELL,37.23,NORMAL,PRO,DEFENSIVE,1.0,0.50,Aegean:FLAT(0.50)|Orion:SHORT(0.56),Regime: TREND (Orion 2x). Score: -0.37. Bearish Consensus.,,-0.898401,MID,42.34,True,23.2,20.0,2.00,6.95
1688312040.0,TREND,GO,SELL,37.28,NORMAL,PRO,DEFENSIVE,1.0,0.50,Aegean:FLAT(0.50)|Orion:SHORT(0.56),Regime: TREND (Orion 2x). Score: -0.37. Bearish Consensus.,,-2.490073,MID,42.37,True,22.5,20.0,2.00,7.27
1688312100.0,TREND,GO,SELL,36.00,NORMAL,PRO,DEFENSIVE,1.0,0.50,Aegean:FLAT(0.50)|Orion:SHORT(0.54),Regime: TREND (Orion 2x). Score: -0.36. Bearish Consensus.,,1.502214,MID,41.60,True,22.3,20.0,2.00,6.95
1688312160.0,TREND,NO_GO,HOLD,33.73,NORMAL,PRO,DEFENSIVE,1.0,0.50,Aegean:FLAT(0.50)|Orion:SHORT(0.51),Regime: TREND (Orion 2x). Score: -0.34. Low Conviction (<0.35).,LOW_CONVICTION,2.898112,MID,40.24,True,0.0,0.0,0.00,0.00
1688312220.0,TREND,NO_GO,HOLD,31.67,NORMAL,PRO,DEFENSIVE,1.0,0.50,Aegean:FLAT(0.50)|Orion:SHORT(0.48),Regime: TREND (Orion 2x). Score: -0.32. Low Conviction (<0.35).,LOW_CONVICTION,2.415854,MID,39.00,True,0.0,0.0,0.00,0.00
1688312280.0,TREND,NO_GO,HOLD,29.79,NORMAL,PRO,DEFENSIVE,1.0,0.50,Aegean:FLAT(0.50)|Orion:SHORT(0.45),Regime: TREND (Orion 2x). Score: -0.30. Low Conviction (<0.35).,LOW_CONVICTION,2.789789,MID,37.87,True,0.0,0.0,0.00,0.00
1688312340.0,TREND,NO_GO,HOLD,26.58,NORMAL,PRO,DEFENSIVE,1.0,0.50,Aegean:FLAT(0.30)|Orion:SHORT(0.40),Regime: TREND (Orion 2x). Score: -0.27. Low Conviction (<0.35).,LOW_CONVICTION,4.604916,TOP,35.95,True,0.0,0.0,0.00,0.00
1688312400.0,TREND,NO_GO,HOLD,24.15,NORMAL,PRO,DEFENSIVE,1.0,0.50,Aegean:FLAT(0.50)|Orion:SHORT(0.36),Regime: TREND (Orion 2x). Score: -0.24. Low Conviction (<0.35).,LOW_CONVICTION,0.730499,MID,34.49,True,0.0,0.0,0.00,0.00
1688312460.0,TREND,NO_GO,HOLD,22.21,NORMAL,PRO,DEFENSIVE,1.0,0.50,Aegean:FLAT(0.50)|Orion:SHORT(0.33),Regime: TREND (Orion 2x). Score: -0.22. Low Conviction (<0.35).,LOW_CONVICTION,1.429835,MID,33.33,True,0.0,0.0,0.00,0.00
1688312520.0,TREND,NO_GO,HOLD,20.56,NORMAL,PRO,DEFENSIVE,1.0,0.50,Aegean:FLAT(0.50)|Orion:SHORT(0.31),Regime: TREND (Orion 2x). Score: -0.21. Low Conviction (<0.35).,LOW_CONVICTION,-0.831457,MID,32.34,True,0.0,0.0,0.00,0.00
1688312580.0,TREND,NO_GO,HOLD,20.45,NORMAL,PRO,DEFENSIVE,1.0,0.50,Aegean:FLAT(0.50)|Orion:SHORT(0.31),Regime: TREND (Orion 2x). Score: -0.20. Low Conviction (<0.35).,LOW_CONVICTION,-2.131182,MID,32.27,True,0.0,0.0,0.00,0.00
1688312640.0,TREND,NO_GO,HOLD,20.34,NORMAL,PRO,DEFENSIVE,1.0,0.50,Aegean:FLAT(0.50)|Orion:SHORT(0.31),Regime: TREND (Orion 2x). Score: -0.20. Low Conviction (<0.35).,LOW_CONVICTION,-0.741594,MID,32.21,True,0.0,0.0,0.00,0.00
1688312700.0,TREND,NO_GO,HOLD,18.77,NORMAL,PRO,DEFENSIVE,1.0,0.50,Aegean:FLAT(0.50)|Orion:SHORT(0.28),Regime: TREND (Orion 2x). Score: -0.19. Low Conviction (<0.35).,LOW_CONVICTION,1.015011,MID,31.26,True,0.0,0.0,0.00,0.00
1688312760.0,TREND,NO_GO,HOLD,16.51,NORMAL,PRO,DEFENSIVE,1.0,0.50,Aegean:FLAT(0.50)|Orion:SHORT(0.25),Regime: TREND (Orion 2x). Score: -0.17. Low Conviction (<0.35).,LOW_CONVICTION,1.961786,MID,29.90,True,0.0,0.0,0.00,0.00
1688312820.0,TREND,NO_GO,HOLD,14.12,NORMAL,PRO,DEFENSIVE,1.0,0.50,Aegean:FLAT(0.50)|Orion:SHORT(0.21),Regime: TREND (Orion 2x). Score: -0.14. Low Conviction (<0.35).,LOW_CONVICTION,2.136028,MID,28.47,True,0.0,0.0,0.00,0.00
1688312880.0,TREND,NO_GO,HOLD,12.11,NORMAL,PRO,DEFENSIVE,1.0,0.50,Aegean:FLAT(0.50)|Orion:SHORT(0.18),Regime: TREND (Orion 2x). Score: -0.12. Low Conviction (<0.35).,LOW_CONVICTION,0.790712,MID,27.27,True,0.0,0.0,0.00,0.00
1688312940.0,TREND,NO_GO,HOLD,10.59,NORMAL,PRO,DEFENSIVE,1.0,0.50,Aegean:FLAT(0.50)|Orion:SHORT(0.16),Regime: TREND (Orion 2x). Score: -0.11. Low Conviction (<0.35).,LOW_CONVICTION,1.752943,MID,26.35,True,0.0,0.0,0.00,0.00
1688313000.0,TREND,NO_GO,HOLD,9.41,NORMAL,PRO,DEFENSIVE,1.0,0.50,Aegean:FLAT(0.50)|Orion:SHORT(0.14),Regime: TREND (Orion 2x). Score: -0.09. Low Conviction (<0.35).,LOW_CONVICTION,0.768834,MID,25.65,True,0.0,0.0,0.00,0.00
1688313060.0,TREND,NO_GO,HOLD,13.33,NORMAL,PRO,DEFENSIVE,1.0,0.50,Aegean:FLAT(0.50)|Orion:SHORT(0.20),Regime: TREND (Orion 2x). Score: -0.13. Low Conviction (<0.35).,LOW_CONVICTION,-0.627207,MID,24.98,False,0.0,0.0,0.00,0.00
1688313120.0,TREND,NO_GO,HOLD,13.33,NORMAL,PRO,DEFENSIVE,1.0,0.50,Aegean:FLAT(0.50)|Orion:SHORT(0.20),Regime: TREND (Orion 2x). Score: -0.13. Low Conviction (<0.35).,LOW_CONVICTION,-1.375092,MID,24.64,False,0.0,0.0,0.00,0.00
1688313180.0,TREND,NO_GO,HOLD,13.33,NORMAL,PRO,DEFENSIVE,1.0,0.50,Aegean:FLAT(0.50)|Orion:SHORT(0.20),Regime: TREND (Orion 2x). Score: -0.13. Low Conviction (<0.35).,LOW_CONVICTION,-2.582207,MID,24.81,False,0.0,0.0,0.00,0.00
1688313240.0,TREND,NO_GO,HOLD,13.33,NORMAL,PRO,DEFENSIVE,1.0,0.50,Aegean:FLAT(0.50)|Orion:SHORT(0.20),Regime: TREND (Orion 2x). Score: -0.13. Low Conviction (<0.35).,LOW_CONVICTION,-0.431787,MID,24.71,False,0.0,0.0,0.00,0.00
1688313300.0,TREND,NO_GO,HOLD,13.33,NORMAL,PRO,DEFENSIVE,1.0,0.50,Aegean:FLAT(0.50)|Orion:SHORT(0.20),Regime: TREND (Orion 2x). Score: -0.13. Low Conviction (<0.35).,LOW_CONVICTION,0.222850,MID,24.56,False,0.0,0.0,0.00,0.00
1688313360.0,TREND,NO_GO,HOLD,13.33,NORMAL,PRO,DEFENSIVE,1.0,0.50,Aegean:FLAT(0.50)|Orion:SHORT(0.20),Regime: TREND (Orion 2x). Score: -0.13. Low Conviction (<0.35).,LOW_CONVICTION,-0.210430,MID,23.74,False,0.0,0.0,0.00,0.00
1688313420.0,TREND,NO_GO,HOLD,13.33,NORMAL,PRO,DEFENSIVE,1.0,0.50,Aegean:FLAT(0.50)|Orion:SHORT(0.20),Regime: TREND (Orion 2x). Score: -0.13. Low Conviction (<0.35).,LOW_CONVICTION,0.250530,MID,22.96,False,0.0,0.0,0.00,0.00
1688313480.0,TREND,NO_GO,HOLD,13.33,NORMAL,PRO,DEFENSIVE,1.0,0.50,Aegean:FLAT(0.50)|Orion:LONG(0.20),Regime: TREND (Orion 2x). Score: 0.13. Low Conviction (<0.35).,LOW_CONVICTION,1.156986,MID,22.00,False,0.0,0.0,0.00,0.00
1688313540.0,TREND,NO_GO,HOLD,13.33,NORMAL,PRO,DEFENSIVE,1.0,0.50,Aegean:FLAT(0.50)|Orion:LONG(0.20),Regime: TREND (Orion 2x). Score: 0.13. Low Conviction (<0.35).,LOW_CONVICTION,1.408737,MID,20.60,False,0.0,0.0,0.00,0.00
1688313600.0,CHOP,NO_GO,HOLD,13.33,NORMAL,PRO,DEFENSIVE,1.0,0.50,Aegean:FLAT(0.50)|Orion:LONG(0.20),Regime: CHOP (Reduced Weights). Score: 0.13. Low Conviction (<0.35).,LOW_CONVICTION,0.862056,MID,19.32,False,0.0,0.0,0.00,0.00
1688313660.0,CHOP,NO_GO,HOLD,13.33,NORMAL,PRO,DEFENSIVE,1.0,0.50,Aegean:FLAT(0.50)|Orion:LONG(0.20),Regime: CHOP (Reduced Weights). Score: 0.13. Low Conviction (<0.35).,LOW_CONVICTION,1.201391,MID,18.13,False,0.0,0.0,0.00,0.00
1688313720.0,CHOP,NO_GO,HOLD,13.33,NORMAL,PRO,DEFENSIVE,1.0,0.50,Aegean:FLAT(0.50)|Orion:LONG(0.20),Regime: CHOP (Reduced Weights). Score: 0.13. Low Conviction (<0.35).,LOW_CONVICTION,1.958762,MID,16.95,False,0.0,0.0,0.00,0.00
1688313780.0,CHOP,NO_GO,HOLD,13.33,NORMAL,PRO,DEFENSIVE,1.0,0.50,Aegean:FLAT(0.50)|Orion:LONG(0.20),Regime: CHOP (Reduced Weights). Score: 0.13. Low Conviction (<0.35).,LOW_CONVICTION,0.295305,MID,16.27,False,0.0,0.0,0.00,0.00
1688313840.0,CHOP,NO_GO,HOLD,13.33,NORMAL,PRO,DEFENSIVE,1.0,0.50,Aegean:FLAT(0.50)|Orion:LONG(0.20),Regime: CHOP (Reduced Weights). Score: 0.13. Low Conviction (<0.35).,LOW_CONVICTION,1.016771,MID,16.06,False,0.0,0.0,0.00,0.00
1688313900.0,CHOP,NO_GO,HOLD,13.33,NORMAL,PRO,DEFENSIVE,1.0,0.50,Aegean:FLAT(0.50)|Orion:LONG(0.20),Regime: CHOP (Reduced Weights). Score: 0.13. Low Conviction (<0.35).,LOW_CONVICTION,2.437346,TOP,14.97,False,0.0,0.0,0.00,0.00
1688313960.0,CHOP,NO_GO,HOLD,13.33,NORMAL,PRO,DEFENSIVE,1.0,0.50,Aegean:FLAT(0.50)|Orion:LONG(0.20),Regime: CHOP (Reduced Weights). Score: 0.13. Low Conviction (<0.35).,LOW_CONVICTION,1.633464,MID,13.95,False,0.0,0.0,0.00,0.00
1688314020.0,CHOP,NO_GO,HOLD,13.33,NORMAL,PRO,DEFENSIVE,1.0,0.50,Aegean:FLAT(0.50)|Orion:LONG(0.20),Regime: CHOP (Reduced Weights). Score: 0.13. Low Conviction (<0.35).,LOW_CONVICTION,1.444556,TOP,13.85,False,0.0,0.0,0.00,0.00
1688314080.0,CHOP,NO_GO,HOLD,13.33,NORMAL,PRO,DEFENSIVE,1.0,0.50,Aegean:FLAT(0.50)|Orion:LONG(0.20),Regime: CHOP (Reduced Weights). Score: 0.13. Low Conviction (<0.35).,LOW_CONVICTION,0.809467,MID,13.76,False,0.0,0.0,0.00,0.00
1688314140.0,CHOP,NO_GO,HOLD,13.33,NORMAL,PRO,DEFENSIVE,1.0,0.50,Aegean:FLAT(0.50)|Orion:LONG(0.20),Regime: CHOP (Reduced Weights). Score: 0.13. Low Conviction (<0.35).,LOW_CONVICTION,0.662999,MID,13.98,False,0.0,0.0,0.00,0.00
1688314200.0,CHOP,NO_GO,HOLD,13.33,NORMAL,PRO,DEFENSIVE,1.0,0.50,Aegean:FLAT(0.50)|Orion:LONG(0.20),Regime: CHOP (Reduced Weights). Score: 0.13. Low Conviction (<0.35).,LOW_CONVICTION,1.943454,TOP,13.29,False,0.0,0.0,0.00,0.00
1688314260.0,CHOP,NO_GO,HOLD,13.33,NORMAL,PRO,DEFENSIVE,1.0,0.50,Aegean:FLAT(0.50)|Orion:LONG(0.20),Regime: CHOP (Reduced Weights). Score: 0.13. Low Conviction (<0.35).,LOW_CONVICTION,1.314346,TOP,12.63,False,0.0,0.0,0.00,0.00
1688314320.0,CHOP,NO_GO,HOLD,13.33,NORMAL,PRO,DEFENSIVE,1.0,0.50,Aegean:FLAT(0.50)|Orion:LONG(0.20),Regime: CHOP (Reduced Weights). Score: 0.13. Low Conviction (<0.35).,LOW_CONVICTION,1.305896,TOP,12.05,False,0.0,0.0,0.00,0.00
1688314380.0,CHOP,NO_GO,HOLD,13.33,NORMAL,PRO,DEFENSIVE,1.0,0.50,Aegean:FLAT(0.50)|Orion:LONG(0.20),Regime: CHOP (Reduced Weights). Score: 0.13. Low Conviction (<0.35).,LOW_CONVICTION,1.678143,TOP,11.25,False,0.0,0.0,0.00,0.00
1688314440.0,CHOP,NO_GO,HOLD,13.33,NORMAL,PRO,DEFENSIVE,1.0,0.50,Aegean:FLAT(0.30)|Orion:LONG(0.20),Regime: CHOP (Reduced Weights). Score: 0.13. Low Conviction (<0.35).,LOW_CONVICTION,4.814704,TOP,12.44,False,0.0,0.0,0.00,0.00
1688314500.0,CHOP,NO_GO,HOLD,13.33,NORMAL,PRO,DEFENSIVE,1.0,0.50,Aegean:FLAT(0.30)|Orion:LONG(0.20),Regime: CHOP (Reduced Weights). Score: 0.13. Low Conviction (<0.35).,LOW_CONVICTION,6.599164,TOP,14.42,False,0.0,0.0,0.00,0.00
1688314560.0,CHOP,GO,BUY,36.67,NORMAL,PRO,DEFENSIVE,1.0,0.50,Aegean:LONG(0.70)|Orion:LONG(0.20),Regime: CHOP (Reduced Weights). Score: 0.37. Bullish Consensus.,,4.463625,MID,16.27,False,5.6,20.0,2.00,3.48
1688314620.0,CHOP,NO_GO,HOLD,13.33,NORMAL,PRO,DEFENSIVE,1.0,0.50,Aegean:FLAT(0.30)|Orion:LONG(0.20),Regime: CHOP (Reduced Weights). Score: 0.13. Low Conviction (<0.35).,LOW_CONVICTION,10.674983,TOP,19.27,False,0.0,0.0,0.00,0.00
1688314680.0,TREND,GO,BUY,36.67,NORMAL,PRO,DEFENSIVE,1.0,0.50,Aegean:LONG(0.70)|Orion:LONG(0.20),Regime: TREND (Orion 2x). Score: 0.37. Bullish Consensus.,,11.536766,MID,22.83,False,9.4,20.0,2.00,5.91
1688314740.0,TREND,NO_GO,HOLD,33.57,NORMAL,PRO,DEFENSIVE,1.0,0.50,Aegean:LONG(0.70)|Orion:LONG(0.15),Regime: TREND (Orion 2x). Score: 0.34. Low Conviction (<0.35).,LOW_CONVICTION,7.971761,MID,26.14,True,0.0,0.0,0.00,0.00
1688314800.0,TREND,GO,BUY,36.82,NORMAL,PRO,DEFENSIVE,1.0,0.50,Aegean:LONG(0.70)|Orion:LONG(0.20),Regime: TREND (Orion 2x). Score: 0.37. Bullish Consensus.,,5.922907,MID,28.09,True,11.0,20.0,2.00,5.66
1688314860.0,TREND,GO,BUY,39.79,NORMAL,PRO,DEFENSIVE,1.0,0.50,Aegean:LONG(0.70)|Orion:LONG(0.25),Regime: TREND (Orion 2x). Score: 0.40. Bullish Consensus.,,5.211570,MID,29.87,True,11.2,20.0,2.00,5.80
1688314920.0,TREND,GO,BUY,41.68,NORMAL,PRO,DEFENSIVE,1.0,0.50,Aegean:LONG(0.70)|Orion:LONG(0.28),Regime: TREND (Orion 2x). Score: 0.42. Bullish Consensus.,,3.790635,MID,31.01,True,11.1,20.0,2.00,5.70
1688314980.0,TREND,GO,BUY,42.47,NORMAL,PRO,DEFENSIVE,1.0,0.50,Aegean:LONG(0.70)|Orion:LONG(0.29),Regime: TREND (Orion 2x). Score: 0.42. Bullish Consensus.,,4.344746,MID,31.48,True,11.2,20.0,2.00,5.89
1688315040.0,TREND,GO,BUY,43.21,NORMAL,PRO,DEFENSIVE,1.0,0.50,Aegean:LONG(0.70)|Orion:LONG(0.30),Regime: TREND (Orion 2x). Score: 0.43. Bullish Consensus.,,3.670023,MID,31.93,True,10.6,20.0,2.00,5.83
1688315100.0,TREND,GO,BUY,44.30,NORMAL,PRO,DEFENSIVE,1.0,0.50,Aegean:LONG(0.70)|Orion:LONG(0.31),Regime: TREND (Orion 2x). Score: 0.44. Bullish Consensus.,,4.113761,MID,32.58,True,10.3,20.0,2.00,6.02
1688315160.0,TREND,NO_GO,HOLD,20.03,NORMAL,PRO,DEFENSIVE,1.0,0.50,Aegean:FLAT(0.50)|Orion:LONG(0.30),Regime: TREND (Orion 2x). Score: 0.20. Low Conviction (<0.35).,LOW_CONVICTION,0.909092,MID,32.02,True,0.0,0.0,0.00,0.00
1688315220.0,TREND,NO_GO,HOLD,18.66,NORMAL,PRO,DEFENSIVE,1.0,0.50,Aegean:FLAT(0.50)|Orion:LONG(0.28),Regime: TREND (Orion 2x). Score: 0.19. Low Conviction (<0.35).,LOW_CONVICTION,0.218885,MID,31.19,True,0.0,0.0,0.00,0.00
1688315280.0,TREND,NO_GO,HOLD,15.70,NORMAL,PRO,DEFENSIVE,1.0,0.50,Aegean:FLAT(0.50)|Orion:LONG(0.24),Regime: TREND (Orion 2x). Score: 0.16. Low Conviction (<0.35).,LOW_CONVICTION,-2.781136,MID,29.42,True,0.0,0.0,0.00,0.00
1688315340.0,TREND,NO_GO,HOLD,12.98,NORMAL,PRO,DEFENSIVE,1.0,0.50,Aegean:FLAT(0.50)|Orion:LONG(0.19),Regime: TREND (Orion 2x). Score: 0.13. Low Conviction (<0.35).,LOW_CONVICTION,-1.446446,MID,27.79,True,0.0,0.0,0.00,0.00
1688315400.0,TREND,NO_GO,HOLD,10.37,NORMAL,PRO,DEFENSIVE,1.0,0.50,Aegean:FLAT(0.50)|Orion:LONG(0.16),Regime: TREND (Orion 2x). Score: 0.10. Low Conviction (<0.35).,LOW_CONVICTION,-1.019142,MID,26.22,True,0.0,0.0,0.00,0.00
1688315460.0,TREND,NO_GO,HOLD,13.33,NORMAL,PRO,DEFENSIVE,1.0,0.50,Aegean:FLAT(0.50)|Orion:LONG(0.20),Regime: TREND (Orion 2x). Score: 0.13. Low Conviction (<0.35).,LOW_CONVICTION,0.353262,MID,24.51,False,0.0,0.0,0.00,0.00
1688315520.0,TREND,NO_GO,HOLD,13.33,NORMAL,PRO,DEFENSIVE,1.0,0.50,Aegean:FLAT(0.50)|Orion:LONG(0.20),Regime: TREND (Orion 2x). Score: 0.13. Low Conviction (<0.35).,LOW_CONVICTION,0.192330,MID,22.92,False,0.0,0.0,0.00,0.00
1688315580.0,TREND,NO_GO,HOLD,13.33,NORMAL,PRO,DEFENSIVE,1.0,0.50,Aegean:FLAT(0.50)|Orion:LONG(0.20),Regime: TREND (Orion 2x). Score: 0.13. Low Conviction (<0.35).,LOW_CONVICTION,-0.775885,MID,22.31,False,0.0,0.0,0.00,0.00
1688315640.0,TREND,NO_GO,HOLD,13.33,NORMAL,PRO,DEFENSIVE,1.0,0.50,Aegean:FLAT(0.50)|Orion:LONG(0.20),Regime: TREND (Orion 2x). Score: 0.13. Low Conviction (<0.35).,LOW_CONVICTION,1.120246,MID,21.13,False,0.0,0.0,0.00,0.00
1688315700.0,TREND,NO_GO,HOLD,13.33,NORMAL,PRO,DEFENSIVE,1.0,0.50,Aegean:FLAT(0.50)|Orion:LONG(0.20),Regime: TREND (Orion 2x). Score: 0.13. Low Conviction (<0.35).,LOW_CONVICTION,1.780789,MID,19.79,False,0.0,0.0,0.00,0.00
1688315760.0,CHOP,NO_GO,HOLD,13.33,NORMAL,PRO,DEFENSIVE,1.0,0.50,Aegean:FLAT(0.50)|Orion:LONG(0.20),Regime: CHOP (Reduced Weights). Score: 0.13. Low Conviction (<0.35).,LOW_CONVICTION,0.136810,MID,19.04,False,0.0,0.0,0.00,0.00
1688315820.0,CHOP,NO_GO,HOLD,13.33,NORMAL,PRO,DEFENSIVE,1.0,0.50,Aegean:FLAT(0.50)|Orion:LONG(0.20),Regime: CHOP (Reduced Weights). Score: 0.13. Low Conviction (<0.35).,LOW_CONVICTION,-0.428721,MID,18.45,False,0.0,0.0,0.00,0.00
1688315880.0,CHOP,NO_GO,HOLD,13.33,NORMAL,PRO,DEFENSIVE,1.0,0.50,Aegean:FLAT(0.50)|Orion:LONG(0.20),Regime: CHOP (Reduced Weights). Score: 0.13. Low Conviction (<0.35).,LOW_CONVICTION,-0.491787,MID,18.24,False,0.0,0.0,0.00,0.00
1688315940.0,CHOP,NO_GO,HOLD,13.33,NORMAL,PRO,DEFENSIVE,1.0,0.50,Aegean:FLAT(0.50)|Orion:LONG(0.20),Regime: CHOP (Reduced Weights). Score: 0.13. Low Conviction (<0.35).,LOW_CONVICTION,-0.334725,MID,17.85,False,0.0,0.0,0.00,0.00
1688316000.0,CHOP,NO_GO,HOLD,13.33,NORMAL,PRO,DEFENSIVE,1.0,0.50,Aegean:FLAT(0.50)|Orion:LONG(0.20),Regime: CHOP (Reduced Weights). Score: 0.13. Low Conviction (<0.35).,LOW_CONVICTION,0.819000,MID,17.22,False,0.0,0.0,0.00,0.00
1688316060.0,CHOP,NO_GO,HOLD,13.33,NORMAL,PRO,DEFENSIVE,1.0,0.50,Aegean:FLAT(0.50)|Orion:LONG(0.20),Regime: CHOP (Reduced Weights). Score: 0.13. Low Conviction (<0.35).,LOW_CONVICTION,1.457093,MID,15.99,False,0.0,0.0,0.00,0.00
1688316120.0,CHOP,NO_GO,HOLD,13.33,NORMAL,PRO,DEFENSIVE,1.0,0.50,Aegean:FLAT(0.50)|Orion:LONG(0.20),Regime: CHOP (Reduced Weights). Score: 0.13. Low Conviction (<0.35).,LOW_CONVICTION,1.431312,MID,14.93,False,0.0,0.0,0.00,0.00
1688316180.0,CHOP,NO_GO,HOLD,13.33,NORMAL,PRO,DEFENSIVE,1.0,0.50,Aegean:FLAT(0.50)|Orion:LONG(0.20),Regime: CHOP (Reduced Weights). Score: 0.13. Low Conviction (<0.35).,LOW_CONVICTION,1.714848,MID,14.11,False,0.0,0.0,0.00,0.00
1688316240.0,CHOP,NO_GO,HOLD,13.33,NORMAL,PRO,DEFENSIVE,1.0,0.50,Aegean:FLAT(0.50)|Orion:LONG(0.20),Regime: CHOP (Reduced Weights). Score: 0.13. Low Conviction (<0.35).,LOW_CONVICTION,1.563641,MID,13.42,False,0.0,0.0,0.00,0.00
1688316300.0,CHOP,NO_GO,HOLD,13.33,NORMAL,PRO,DEFENSIVE,1.0,0.50,Aegean:FLAT(0.50)|Orion:LONG(0.20),Regime: CHOP (Reduced Weights). Score: 0.13. Low Conviction (<0.35).,LOW_CONVICTION,-0.810215,MID,13.43,False,0.0,0.0,0.00,0.00
1688316360.0,CHOP,NO_GO,HOLD,13.33,NORMAL,PRO,DEFENSIVE,1.0,0.50,Aegean:FLAT(0.50)|Orion:LONG(0.20),Regime: CHOP (Reduced Weights). Score: 0.13. Low Conviction (<0.35).,LOW_CONVICTION,-0.711724,MID,13.71,False,0.0,0.0,0.00,0.00
1688316420.0,CHOP,NO_GO,HOLD,13.33,NORMAL,PRO,DEFENSIVE,1.0,0.50,Aegean:FLAT(0.50)|Orion:LONG(0.20),Regime: CHOP (Reduced Weights). Score: 0.13. Low Conviction (<0.35).,LOW_CONVICTION,-0.794448,MID,13.97,False,0.0,0.0,0.00,0.00
1688316480.0,CHOP,NO_GO,HOLD,13.33,NORMAL,PRO,DEFENSIVE,1.0,0.50,Aegean:FLAT(0.50)|Orion:SHORT(0.20),Regime: CHOP (Reduced Weights). Score: -0.13. Low Conviction (<0.35).,LOW_CONVICTION,-1.814480,MID,14.66,False,0.0,0.0,0.00,0.00
1688316540.0,CHOP,NO_GO,HOLD,13.33,NORMAL,PRO,DEFENSIVE,1.0,0.50,Aegean:FLAT(0.50)|Orion:LONG(0.20),Regime: CHOP (Reduced Weights). Score: 0.13. Low Conviction (<0.35).,LOW_CONVICTION,-0.524871,MID,15.42,False,0.0,0.0,0.00,0.00
1688316600.0,CHOP,NO_GO,HOLD,13.33,NORMAL,PRO,DEFENSIVE,1.0,0.50,Aegean:FLAT(0.50)|Orion:LONG(0.20),Regime: CHOP (Reduced Weights). Score: 0.13. Low Conviction (<0.35).,LOW_CONVICTION,-0.581820,MID,16.09,False,0.0,0.0,0.00,0.00
1688316660.0,CHOP,NO_GO,HOLD,13.33,NORMAL,PRO,DEFENSIVE,1.0,0.50,Aegean:FLAT(0.50)|Orion:LONG(0.20),Regime: CHOP (Reduced Weights). Score: 0.13. Low Conviction (<0.35).,LOW_CONVICTION,1.034038,MID,15.51,False,0.0,0.0,0.00,0.00
1688316720.0,CHOP,NO_GO,HOLD,13.33,NORMAL,PRO,DEFENSIVE,1.0,0.50,Aegean:FLAT(0.50)|Orion:LONG(0.20),Regime: CHOP (Reduced Weights). Score: 0.13. Low Conviction (<0.35).,LOW_CONVICTION,0.383362,MID,14.98,False,0.0,0.0,0.00,0.00
1688316780.0,CHOP,NO_GO,HOLD,13.33,NORMAL,PRO,DEFENSIVE,1.0,0.50,Aegean:FLAT(0.50)|Orion:LONG(0.20),Regime: CHOP (Reduced Weights). Score: 0.13. Low Conviction (<0.35).,LOW_CONVICTION,0.029286,MID,14.85,False,0.0,0.0,0.00,0.00
1688316840.0,CHOP,NO_GO,HOLD,13.33,NORMAL,PRO,DEFENSIVE,1.0,0.50,Aegean:FLAT(0.50)|Orion:LONG(0.20),Regime: CHOP (Reduced Weights). Score: 0.13. Low Conviction (<0.35).,LOW_CONVICTION,0.272039,MID,14.72,False,0.0,0.0,0.00,0.00
1688316900.0,CHOP,NO_GO,HOLD,13.33,NORMAL,PRO,DEFENSIVE,1.0,0.50,Aegean:FLAT(0.50)|Orion:LONG(0.20),Regime: CHOP (Reduced Weights). Score: 0.13. Low Conviction (<0.35).,LOW_CONVICTION,0.275673,MID,14.57,False,0.0,0.0,0.00,0.00
1688316960.0,CHOP,NO_GO,HOLD,13.33,NORMAL,PRO,DEFENSIVE,1.0,0.50,Aegean:FLAT(0.50)|Orion:SHORT(0.20),Regime: CHOP (Reduced Weights). Score: -0.13. Low Conviction (<0.35).,LOW_CONVICTION,-0.831391,MID,15.10,False,0.0,0.0,0.00,0.00
1688317020.0,CHOP,NO_GO,HOLD,13.33,NORMAL,PRO,DEFENSIVE,1.0,0.50,Aegean:FLAT(0.50)|Orion:SHORT(0.20),Regime: CHOP (Reduced Weights). Score: -0.13. Low Conviction (<0.35).,LOW_CONVICTION,-1.074777,MID,15.78,False,0.0,0.0,0.00,0.00
1688317080.0,CHOP,NO_GO,HOLD,13.33,NORMAL,PRO,DEFENSIVE,1.0,0.50,Aegean:FLAT(0.50)|Orion:SHORT(0.20),Regime: CHOP (Reduced Weights). Score: -0.13. Low Conviction (<0.35).,LOW_CONVICTION,-1.148866,MID,16.80,False,0.0,0.0,0.00,0.00
1688317140.0,CHOP,NO_GO,HOLD,13.33,NORMAL,PRO,DEFENSIVE,1.0,0.50,Aegean:FLAT(0.50)|Orion:SHORT(0.20),Regime: CHOP (Reduced Weights). Score: -0.13. Low Conviction (<0.35).,LOW_CONVICTION,-1.304216,DIP,17.77,False,0.0,0.0,0.00,0.00
1688317200.0,CHOP,NO_GO,HOLD,13.33,NORMAL,PRO,DEFENSIVE,1.0,0.50,Aegean:FLAT(0.50)|Orion:SHORT(0.20),Regime: CHOP (Reduced Weights). Score: -0.13. Low Conviction (<0.35).,LOW_CONVICTION,-0.580943,MID,18.30,False,0.0,0.0,0.00,0.00
1688317260.0,CHOP,NO_GO,HOLD,13.33,NORMAL,PRO,DEFENSIVE,1.0,0.50,Aegean:FLAT(0.50)|Orion:SHORT(0.20),Regime: CHOP (Reduced Weights). Score: -0.13. Low Conviction (<0.35).,LOW_CONVICTION,-0.301638,MID,18.48,False,0.0,0.0,0.00,0.00
1688317320.0,CHOP,NO_GO,HOLD,13.33,NORMAL,PRO,DEFENSIVE,1.0,0.50,Aegean:FLAT(0.50)|Orion:SHORT(0.20),Regime: CHOP (Reduced Weights). Score: -0.13. Low Conviction (<0.35).,LOW_CONVICTION,-0.291857,MID,18.61,False,0.0,0.0,0.00,0.00
1688317380.0,CHOP,NO_GO,HOLD,13.33,NORMAL,PRO,DEFENSIVE,1.0,0.50,Aegean:FLAT(0.50)|Orion:SHORT(0.20),Regime: CHOP (Reduced Weights). Score: -0.13. Low Conviction (<0.35).,LOW_CONVICTION,-0.029945,MID,18.43,False,0.0,0.0,0.00,0.00
1688317440.0,TREND,NO_GO,HOLD,13.33,NORMAL,PRO,DEFENSIVE,1.0,0.50,Aegean:FLAT(0.50)|Orion:SHORT(0.20),Regime: TREND (Orion 2x). Score: -0.13. Low Conviction (<0.35).,LOW_CONVICTION,0.121240,MID,18.13,False,0.0,0.0,0.00,0.00
1688317500.0,TREND,NO_GO,HOLD,13.33,NORMAL,PRO,DEFENSIVE,1.0,0.50,Aegean:FLAT(0.50)|Orion:SHORT(0.20),Regime: TREND (Orion 2x). Score: -0.13. Low Conviction (<0.35).,LOW_CONVICTION,0.200587,MID,17.82,False,0.0,0.0,0.00,0.00
1688317560.0,TREND,NO_GO,HOLD,13.33,NORMAL,PRO,DEFENSIVE,1.0,0.50,Aegean:FLAT(0.50)|Orion:SHORT(0.20),Regime: TREND (Orion 2x). Score: -0.13. Low Conviction (<0.35).,LOW_CONVICTION,0.272223,MID,17.43,False,0.0,0.0,0.00,0.00
1688317620.0,TREND,NO_GO,HOLD,13.33,NORMAL,PRO,DEFENSIVE,1.0,0.50,Aegean:FLAT(0.50)|Orion:SHORT(0.20),Regime: TREND (Orion 2x). Score: -0.13. Low Conviction (<0.35).,LOW_CONVICTION,-0.174973,MID,17.50,False,0.0,0.0,0.00,0.00
1688317680.0,TREND,NO_GO,HOLD,13.33,NORMAL,PRO,DEFENSIVE,1.0,0.50,Aegean:FLAT(0.50)|Orion:SHORT(0.20),Regime: TREND (Orion 2x). Score: -0.13. Low Conviction (<0.35).,LOW_CONVICTION,0.512820,MID,17.25,False,0.0,0.0,0.00,0.00
1688317740.0,TREND,NO_GO,HOLD,13.33,NORMAL,PRO,DEFENSIVE,1.0,0.50,Aegean:FLAT(0.50)|Orion:SHORT(0.20),Regime: TREND (Orion 2x). Score: -0.13. Low Conviction (<0.35).,LOW_CONVICTION,0.459629,MID,17.03,False,0.0,0.0,0.00,0.00
1688317800.0,TREND,NO_GO,HOLD,13.33,NORMAL,PRO,DEFENSIVE,1.0,0.50,Aegean:FLAT(0.50)|Orion:LONG(0.20),Regime: TREND (Orion 2x). Score: 0.13. Low Conviction (<0.35).,LOW_CONVICTION,0.389500,MID,16.79,False,0.0,0.0,0.00,0.00
1688317860.0,TREND,NO_GO,HOLD,13.33,NORMAL,PRO,DEFENSIVE,1.0,0.50,Aegean:FLAT(0.50)|Orion:LONG(0.20),Regime: TREND (Orion 2x). Score: 0.13. Low Conviction (<0.35).,LOW_CONVICTION,0.672660,MID,16.03,False,0.0,0.0,0.00,0.00
1688317920.0,TREND,NO_GO,HOLD,13.33,NORMAL,PRO,DEFENSIVE,1.0,0.50,Aegean:FLAT(0.50)|Orion:SHORT(0.20),Regime: TREND (Orion 2x). Score: -0.13. Low Conviction (<0.35).,LOW_CONVICTION,-0.787299,MID,16.70,False,0.0,0.0,0.00,0.00
1688317980.0,TREND,NO_GO,HOLD,13.33,NORMAL,PRO,DEFENSIVE,1.0,0.50,Aegean:FLAT(0.50)|Orion:LONG(0.20),Regime: TREND (Orion 2x). Score: 0.13. Low Conviction (<0.35).,LOW_CONVICTION,0.392578,TOP,17.46,False,0.0,0.0,0.00,0.00
1688318040.0,TREND,NO_GO,HOLD,13.33,NORMAL,PRO,DEFENSIVE,1.0,0.50,Aegean:FLAT(0.50)|Orion:SHORT(0.20),Regime: TREND (Orion 2x). Score: -0.13. Low Conviction (<0.35).,LOW_CONVICTION,-0.003935,MID,18.21,False,0.0,0.0,0.00,0.00
1688318100.0,TREND,NO_GO,HOLD,13.33,NORMAL,PRO,DEFENSIVE,1.0,0.50,Aegean:FLAT(0.50)|Orion:LONG(0.20),Regime: TREND (Orion 2x). Score: 0.13. Low Conviction (<0.35).,LOW_CONVICTION,0.186965,MID,18.92,False,0.0,0.0,0.00,0.00
1688318160.0,TREND,NO_GO,HOLD,13.33,NORMAL,PRO,DEFENSIVE,1.0,0.50,Aegean:FLAT(0.50)|Orion:LONG(0.20),Regime: TREND (Orion 2x). Score: 0.13. Low Conviction (<0.35).,LOW_CONVICTION,0.179938,MID,19.53,False,0.0,0.0,0.00,0.00
1688318220.0,TREND,NO_GO,HOLD,13.33,NORMAL,PRO,DEFENSIVE,1.0,0.50,Aegean:FLAT(0.50)|Orion:LONG(0.20),Regime: TREND (Orion 2x). Score: 0.13. Low Conviction (<0.35).,LOW_CONVICTION,0.163790,MID,20.09,False,0.0,0.0,0.00,0.00
1688318280.0,TREND,NO_GO,HOLD,13.33,NORMAL,PRO,DEFENSIVE,1.0,0.50,Aegean:FLAT(0.50)|Orion:SHORT(0.20),Regime: TREND (Orion 2x). Score: -0.13. Low Conviction (<0.35).,LOW_CONVICTION,-0.622437,MID,22.55,False,0.0,0.0,0.00,0.00
1688318340.0,TREND,NO_GO,HOLD,13.33,NORMAL,PRO,DEFENSIVE,1.0,0.50,Aegean:FLAT(0.50)|Orion:SHORT(0.20),Regime: TREND (Orion 2x). Score: -0.13. Low Conviction (<0.35).,LOW_CONVICTION,-0.789737,MID,24.67,False,0.0,0.0,0.00,0.00
1688318400.0,TREND,NO_GO,HOLD,11.88,NORMAL,PRO,DEFENSIVE,1.0,0.50,Aegean:FLAT(0.50)|Orion:SHORT(0.18),Regime: TREND (Orion 2x). Score: -0.12. Low Conviction (<0.35).,LOW_CONVICTION,-1.630061,DIP,27.13,True,0.0,0.0,0.00,0.00
1688318460.0,TREND,NO_GO,HOLD,16.81,NORMAL,PRO,DEFENSIVE,1.0,0.50,Aegean:FLAT(0.50)|Orion:SHORT(0.25),Regime: TREND (Orion 2x). Score: -0.17. Low Conviction (<0.35).,LOW_CONVICTION,-2.089860,MID,30.09,True,0.0,0.0,0.00,0.00
1688318520.0,TREND,NO_GO,HOLD,21.37,NORMAL,PRO,DEFENSIVE,1.0,0.50,Aegean:FLAT(0.50)|Orion:SHORT(0.32),Regime: TREND (Orion 2x). Score: -0.21. Low Conviction (<0.35).,LOW_CONVICTION,-2.086351,MID,32.82,True,0.0,0.0,0.00,0.00
1688318580.0,TREND,GO,SELL,51.03,NORMAL,PRO,DEFENSIVE,1.0,0.50,Aegean:SHORT(0.70)|Orion:SHORT(0.42),Regime: TREND (Orion 2x). Score: -0.51. Bearish Consensus.,,-5.192325,MID,36.62,True,5.4,20.0,2.00,6.88
1688318640.0,TREND,GO,SELL,57.02,NORMAL,PRO,DEFENSIVE,1.0,0.50,Aegean:SHORT(0.70)|Orion:SHORT(0.51),Regime: TREND (Orion 2x). Score: -0.57. Bearish Consensus.,,-4.481291,MID,40.21,True,5.9,20.0,2.00,7.31
1688318700.0,TREND,GO,SELL,37.11,NORMAL,PRO,DEFENSIVE,1.0,0.50,Aegean:FLAT(0.50)|Orion:SHORT(0.56),Regime: TREND (Orion 2x). Score: -0.37. Bearish Consensus.,,-2.636848,MID,42.27,True,6.1,20.0,2.00,7.28
1688318760.0,TREND,GO,SELL,40.26,NORMAL,PRO,DEFENSIVE,1.0,0.50,Aegean:FLAT(0.50)|Orion:SHORT(0.60),Regime: TREND (Orion 2x). Score: -0.40. Bearish Consensus.,,-2.296777,MID,44.15,True,5.7,20.0,2.00,7.52
1688318820.0,TREND,GO,SELL,43.10,NORMAL,PRO,DEFENSIVE,1.0,0.50,Aegean:FLAT(0.50)|Orion:SHORT(0.65),Regime: TREND (Orion 2x). Score: -0.43. Bearish Consensus.,,-2.055881,MID,45.86,True,5.3,20.0,2.00,7.74
1688318880.0,TREND,GO,SELL,43.96,NORMAL,PRO,DEFENSIVE,1.0,0.50,Aegean:FLAT(0.50)|Orion:SHORT(0.66),Regime: TREND (Orion 2x). Score: -0.44. Bearish Consensus.,,-0.948856,MID,46.37,True,5.3,20.0,2.00,7.61
1688318940.0,TREND,GO,SELL,42.57,NORMAL,PRO,DEFENSIVE,1.0,0.50,Aegean:FLAT(0.50)|Orion:SHORT(0.64),Regime: TREND (Orion 2x). Score: -0.43. Bearish Consensus.,,-0.416163,MID,45.54,True,5.4,20.0,2.00,7.37
1688319000.0,TREND,GO,SELL,41.98,NORMAL,PRO,DEFENSIVE,1.0,0.50,Aegean:FLAT(0.50)|Orion:SHORT(0.63),Regime: TREND (Orion 2x). Score: -0.42. Bearish Consensus.,,-1.866176,MID,45.19,True,5.5,20.0,2.00,7.60
1688319060.0,TREND,GO,SELL,41.93,NORMAL,PRO,DEFENSIVE,1.0,0.50,Aegean:FLAT(0.50)|Orion:SHORT(0.63),Regime: TREND (Orion 2x). Score: -0.42. Bearish Consensus.,,-2.411778,MID,45.16,True,5.4,20.0,2.00,7.70
1688319120.0,TREND,GO,SELL,42.17,NORMAL,PRO,DEFENSIVE,1.0,0.50,Aegean:FLAT(0.50)|Orion:SHORT(0.63),Regime: TREND (Orion 2x). Score: -0.42. Bearish Consensus.,,-2.655145,MID,45.30,True,5.2,20.0,2.00,7.77
1688319180.0,TREND,GO,SELL,66.58,NORMAL,PRO,DEFENSIVE,1.0,0.50,Aegean:SHORT(0.70)|Orion:SHORT(0.65),Regime: TREND (Orion 2x). Score: -0.67. Bearish Consensus.,,-3.969107,MID,45.95,True,5.4,20.0,2.00,8.13
1688319240.0,TREND,GO,SELL,44.12,NORMAL,PRO,DEFENSIVE,1.0,0.50,Aegean:FLAT(0.50)|Orion:SHORT(0.66),Regime: TREND (Orion 2x). Score: -0.44. Bearish Consensus.,,-1.975839,MID,46.47,True,5.6,20.0,2.00,7.82
1688319300.0,TREND,GO,SELL,43.67,NORMAL,PRO,DEFENSIVE,1.0,0.50,Aegean:FLAT(0.50)|Orion:SHORT(0.65),Regime: TREND (Orion 2x). Score: -0.44. Bearish Consensus.,,-0.954278,MID,46.20,True,5.5,20.0,2.00,7.58
1688319360.0,TREND,GO,SELL,41.87,NORMAL,PRO,DEFENSIVE,1.0,0.50,Aegean:FLAT(0.50)|Orion:SHORT(0.63),Regime: TREND (Orion 2x). Score: -0.42. Bearish Consensus.,,-0.024335,MID,45.12,True,5.4,20.0,2.00,7.22
1688319420.0,TREND,GO,SELL,40.23,NORMAL,PRO,DEFENSIVE,1.0,0.50,Aegean:FLAT(0.50)|Orion:SHORT(0.60),Regime: TREND (Orion 2x). Score: -0.40. Bearish Consensus.,,-0.721234,MID,44.14,True,5.3,20.0,2.00,7.20
1688319480.0,TREND,GO,SELL,39.09,NORMAL,PRO,DEFENSIVE,1.0,0.50,Aegean:FLAT(0.50)|Orion:SHORT(0.59),Regime: TREND (Orion 2x). Score: -0.39. Bearish Consensus.,,-1.084780,MID,43.46,True,5.1,20.0,2.00,7.17
1688319540.0,TREND,GO,SELL,38.51,NORMAL,PRO,DEFENSIVE,1.0,0.50,Aegean:FLAT(0.50)|Orion:SHORT(0.58),Regime: TREND (Orion 2x). Score: -0.39. Bearish Consensus.,,-1.132525,MID,43.10,True,5.0,20.0,2.00,7.12
1688319600.0,TREND,NO_GO,HOLD,34.72,NORMAL,PRO,DEFENSIVE,1.0,0.50,Aegean:FLAT(0.50)|Orion:SHORT(0.52),Regime: TREND (Orion 2x). Score: -0.35. Low Conviction (<0.35).,LOW_CONVICTION,0.094060,MID,40.83,True,0.0,0.0,0.00,0.00
1688319660.0,TREND,NO_GO,HOLD,31.26,NORMAL,PRO,DEFENSIVE,1.0,0.50,Aegean:FLAT(0.50)|Orion:SHORT(0.47),Regime: TREND (Orion 2x). Score: -0.31. Low Conviction (<0.35).,LOW_CONVICTION,-0.414898,MID,38.75,True,0.0,0.0,0.00,0.00
1688319720.0,TREND,NO_GO,HOLD,28.91,NORMAL,PRO,DEFENSIVE,1.0,0.50,Aegean:FLAT(0.50)|Orion:SHORT(0.43),Regime: TREND (Orion 2x). Score: -0.29. Low Conviction (<0.35).,LOW_CONVICTION,-1.188586,MID,37.34,True,0.0,0.0,0.00,0.00
1688319780.0,TREND,NO_GO,HOLD,28.15,NORMAL,PRO,DEFENSIVE,1.0,0.50,Aegean:FLAT(0.50)|Orion:SHORT(0.42),Regime: TREND (Orion 2x). Score: -0.28. Low Conviction (<0.35).,LOW_CONVICTION,-2.873950,DIP,36.89,True,0.0,0.0,0.00,0.00
1688319840.0,TREND,NO_GO,HOLD,27.80,NORMAL,PRO,DEFENSIVE,1.0,0.50,Aegean:FLAT(0.50)|Orion:SHORT(0.42),Regime: TREND (Orion 2x). Score: -0.28. Low Conviction (<0.35).,LOW_CONVICTION,-1.735218,MID,36.68,True,0.0,0.0,0.00,0.00
1688319900.0,TREND,NO_GO,HOLD,27.04,NORMAL,PRO,DEFENSIVE,1.0,0.50,Aegean:FLAT(0.50)|Orion:SHORT(0.41),Regime: TREND (Orion 2x). Score: -0.27. Low Conviction (<0.35).,LOW_CONVICTION,-1.380106,MID,36.22,True,0.0,0.0,0.00,0.00
1688319960.0,TREND,NO_GO,HOLD,24.30,NORMAL,PRO,DEFENSIVE,1.0,0.50,Aegean:FLAT(0.50)|Orion:SHORT(0.36),Regime: TREND (Orion 2x). Score: -0.24. Low Conviction (<0.35).,LOW_CONVICTION,-0.378011,MID,34.58,True,0.0,0.0,0.00,0.00
1688320020.0,TREND,NO_GO,HOLD,21.80,NORMAL,PRO,DEFENSIVE,1.0,0.50,Aegean:FLAT(0.50)|Orion:SHORT(0.33),Regime: TREND (Orion 2x). Score: -0.22. Low Conviction (<0.35).,LOW_CONVICTION,-0.396932,MID,33.08,True,0.0,0.0,0.00,0.00
1688320080.0,TREND,NO_GO,HOLD,19.48,NORMAL,PRO,DEFENSIVE,1.0,0.50,Aegean:FLAT(0.50)|Orion:SHORT(0.29),Regime: TREND (Orion 2x). Score: -0.19. Low Conviction (<0.35).,LOW_CONVICTION,-0.359148,MID,31.69,True,0.0,0.0,0.00,0.00
1688320140.0,TREND,NO_GO,HOLD,17.43,NORMAL,PRO,DEFENSIVE,1.0,0.50,Aegean:FLAT(0.50)|Orion:SHORT(0.26),Regime: TREND (Orion 2x). Score: -0.17. Low Conviction (<0.35).,LOW_CONVICTION,-0.323972,MID,30.46,True,0.0,0.0,0.00,0.00
1688320200.0,TREND,NO_GO,HOLD,14.78,NORMAL,PRO,DEFENSIVE,1.0,0.50,Aegean:FLAT(0.50)|Orion:SHORT(0.22),Regime: TREND (Orion 2x). Score: -0.15. Low Conviction (<0.35).,LOW_CONVICTION,0.116674,MID,28.87,True,0.0,0.0,0.00,0.00
1688320260.0,TREND,NO_GO,HOLD,13.18,NORMAL,PRO,DEFENSIVE,1.0,0.50,Aegean:FLAT(0.50)|Orion:SHORT(0.20),Regime: TREND (Orion 2x). Score: -0.13. Low Conviction (<0.35).,LOW_CONVICTION,-1.226855,MID,27.91,True,0.0,0.0,0.00,0.00
1688320320.0,TREND,NO_GO,HOLD,13.73,NORMAL,PRO,DEFENSIVE,1.0,0.50,Aegean:FLAT(0.50)|Orion:SHORT(0.21),Regime: TREND (Orion 2x). Score: -0.14. Low Conviction (<0.35).,LOW_CONVICTION,-2.829241,DIP,28.24,True,0.0,0.0,0.00,0.00
1688320380.0,TREND,NO_GO,HOLD,14.55,NORMAL,PRO,DEFENSIVE,1.0,0.50,Aegean:FLAT(0.50)|Orion:SHORT(0.22),Regime: TREND (Orion 2x). Score: -0.15. Low Conviction (<0.35).,LOW_CONVICTION,-2.257615,DIP,28.73,True,0.0,0.0,0.00,0.00
1688320440.0,TREND,NO_GO,HOLD,15.22,NORMAL,PRO,DEFENSIVE,1.0,0.50,Aegean:FLAT(0.50)|Orion:SHORT(0.23),Regime: TREND (Orion 2x). Score: -0.15. Low Conviction (<0.35).,LOW_CONVICTION,-2.045852,DIP,29.13,True,0.0,0.0,0.00,0.00
1688320500.0,TREND,NO_GO,HOLD,17.11,NORMAL,PRO,DEFENSIVE,1.0,0.50,Aegean:FLAT(0.30)|Orion:SHORT(0.26),Regime: TREND (Orion 2x). Score: -0.17. Low Conviction (<0.35).,LOW_CONVICTION,-3.746247,DIP,30.27,True,0.0,0.0,0.00,0.00
1688320560.0,TREND,NO_GO,HOLD,21.66,NORMAL,PRO,DEFENSIVE,1.0,0.50,Aegean:FLAT(0.30)|Orion:SHORT(0.32),Regime: TREND (Orion 2x). Score: -0.22. Low Conviction (<0.35).,LOW_CONVICTION,-7.213252,DIP,33.00,True,0.0,0.0,0.00,0.00
1688320620.0,TREND,NO_GO,HOLD,26.12,NORMAL,PRO,DEFENSIVE,1.0,0.50,Aegean:FLAT(0.30)|Orion:SHORT(0.39),Regime: TREND (Orion 2x). Score: -0.26. Low Conviction (<0.35).,LOW_CONVICTION,-6.122197,DIP,35.67,True,0.0,0.0,0.00,0.00
1688320680.0,TREND,GO,SELL,51.47,NORMAL,PRO,DEFENSIVE,1.0,0.50,Aegean:SHORT(0.70)|Orion:SHORT(0.42),Regime: TREND (Orion 2x). Score: -0.51. Bearish Consensus.,,-4.966447,MID,36.88,True,6.6,20.0,2.00,6.88
1688320740.0,TREND,NO_GO,HOLD,29.90,NORMAL,PRO,DEFENSIVE,1.0,0.50,Aegean:FLAT(0.30)|Orion:SHORT(0.45),Regime: TREND (Orion 2x). Score: -0.30. Low Conviction (<0.35).,LOW_CONVICTION,-4.931465,DIP,37.94,True,0.0,0.0,0.00,0.00
1688320800.0,TREND,NO_GO,HOLD,32.79,NORMAL,PRO,DEFENSIVE,1.0,0.50,Aegean:FLAT(0.30)|Orion:SHORT(0.49),Regime: TREND (Orion 2x). Score: -0.33. Low Conviction (<0.35).,LOW_CONVICTION,-7.419903,DIP,39.67,True,0.0,0.0,0.00,0.00
1688320860.0,TREND,GO,SELL,35.71,NORMAL,PRO,DEFENSIVE,1.0,0.50,Aegean:FLAT(0.30)|Orion:SHORT(0.54),Regime: TREND (Orion 2x). Score: -0.36. Bearish Consensus.,,-6.330432,DIP,41.43,True,7.4,20.0,2.00,7.88
1688320920.0,TREND,GO,SELL,38.76,NORMAL,PRO,DEFENSIVE,1.0,0.50,Aegean:FLAT(0.30)|Orion:SHORT(0.58),Regime: TREND (Orion 2x). Score: -0.39. Bearish Consensus.,,-8.134209,DIP,43.26,True,7.9,20.0,2.00,8.53
1688320980.0,TREND,GO,SELL,41.98,NORMAL,PRO,DEFENSIVE,1.0,0.50,Aegean:FLAT(0.30)|Orion:SHORT(0.63),Regime: TREND (Orion 2x). Score: -0.42. Bearish Consensus.,,-8.602981,DIP,45.19,True,8.0,20.0,2.00,8.93
1688321040.0,TREND,GO,SELL,39.73,NORMAL,PRO,DEFENSIVE,1.0,0.50,Aegean:FLAT(0.50)|Orion:SHORT(0.60),Regime: TREND (Orion 2x). Score: -0.40. Bearish Consensus.,,-2.763690,MID,43.84,True,10.1,20.0,2.00,7.56
1688321100.0,TREND,GO,SELL,36.67,NORMAL,PRO,DEFENSIVE,1.0,0.50,Aegean:FLAT(0.50)|Orion:SHORT(0.55),Regime: TREND (Orion 2x). Score: -0.37. Bearish Consensus.,,-0.117449,MID,42.00,True,10.8,20.0,2.00,6.74
1688321160.0,TREND,NO_GO,HOLD,33.23,NORMAL,PRO,DEFENSIVE,1.0,0.50,Aegean:FLAT(0.50)|Orion:SHORT(0.50),Regime: TREND (Orion 2x). Score: -0.33. Low Conviction (<0.35).,LOW_CONVICTION,0.728975,MID,39.94,True,0.0,0.0,0.00,0.00
1688321220.0,TREND,NO_GO,HOLD,29.82,NORMAL,PRO,DEFENSIVE,1.0,0.50,Aegean:FLAT(0.50)|Orion:SHORT(0.45),Regime: TREND (Orion 2x). Score: -0.30. Low Conviction (<0.35).,LOW_CONVICTION,0.466413,MID,37.89,True,0.0,0.0,0.00,0.00
1688321280.0,TREND,NO_GO,HOLD,26.30,NORMAL,PRO,DEFENSIVE,1.0,0.50,Aegean:FLAT(0.50)|Orion:SHORT(0.39),Regime: TREND (Orion 2x). Score: -0.26. Low Conviction (<0.35).,LOW_CONVICTION,0.446448,MID,35.78,True,0.0,0.0,0.00,0.00
1688321340.0,TREND,NO_GO,HOLD,22.84,NORMAL,PRO,DEFENSIVE,1.0,0.50,Aegean:FLAT(0.50)|Orion:SHORT(0.34),Regime: TREND (Orion 2x). Score: -0.23. Low Conviction (<0.35).,LOW_CONVICTION,1.211444,MID,33.70,True,0.0,0.0,0.00,0.00
1688321400.0,TREND,NO_GO,HOLD,19.03,NORMAL,PRO,DEFENSIVE,1.0,0.50,Aegean:FLAT(0.50)|Orion:SHORT(0.29),Regime: TREND (Orion 2x). Score: -0.19. Low Conviction (<0.35).,LOW_CONVICTION,2.211835,MID,31.42,True,0.0,0.0,0.00,0.00
1688321460.0,TREND,NO_GO,HOLD,15.41,NORMAL,PRO,DEFENSIVE,1.0,0.50,Aegean:FLAT(0.50)|Orion:SHORT(0.23),Regime: TREND (Orion 2x). Score: -0.15. Low Conviction (<0.35).,LOW_CONVICTION,2.132735,MID,29.25,True,0.0,0.0,0.00,0.00
1688321520.0,TREND,NO_GO,HOLD,11.96,NORMAL,PRO,DEFENSIVE,1.0,0.50,Aegean:FLAT(0.50)|Orion:SHORT(0.18),Regime: TREND (Orion 2x). Score: -0.12. Low Conviction (<0.35).,LOW_CONVICTION,1.418254,MID,27.17,True,0.0,0.0,0.00,0.00
1688321580.0,CHOP,NO_GO,HOLD,9.01,NORMAL,PRO,DEFENSIVE,1.0,0.50,Aegean:FLAT(0.50)|Orion:SHORT(0.14),Regime: CHOP (Reduced Weights). Score: -0.09. Low Conviction (<0.35).,LOW_CONVICTION,1.295355,MID,25.41,True,0.0,0.0,0.00,0.00
1688321640.0,CHOP,NO_GO,HOLD,13.33,NORMAL,PRO,DEFENSIVE,1.0,0.50,Aegean:FLAT(0.50)|Orion:SHORT(0.20),Regime: CHOP (Reduced Weights). Score: -0.13. Low Conviction (<0.35).,LOW_CONVICTION,1.109845,MID,23.72,False,0.0,0.0,0.00,0.00
1688321700.0,CHOP,NO_GO,HOLD,13.33,NORMAL,PRO,DEFENSIVE,1.0,0.50,Aegean:FLAT(0.50)|Orion:SHORT(0.20),Regime: CHOP (Reduced Weights). Score: -0.13. Low Conviction (<0.35).,LOW_CONVICTION,1.322570,TOP,22.10,False,0.0,0.0,0.00,0.00
1688321760.0,CHOP,NO_GO,HOLD,13.33,NORMAL,PRO,DEFENSIVE,1.0,0.50,Aegean:FLAT(0.50)|Orion:SHORT(0.20),Regime: CHOP (Reduced Weights). Score: -0.13. Low Conviction (<0.35).,LOW_CONVICTION,1.809859,TOP,21.02,False,0.0,0.0,0.00,0.00
1688321820.0,CHOP,NO_GO,HOLD,13.33,NORMAL,PRO,DEFENSIVE,1.0,0.50,Aegean:FLAT(0.30)|Orion:LONG(0.20),Regime: CHOP (Reduced Weights). Score: 0.13. Low Conviction (<0.35).,LOW_CONVICTION,4.076806,TOP,21.32,False,0.0,0.0,0.00,0.00
1688321880.0,CHOP,NO_GO,HOLD,13.33,NORMAL,PRO,DEFENSIVE,1.0,0.50,Aegean:FLAT(0.50)|Orion:LONG(0.20),Regime: CHOP (Reduced Weights). Score: 0.13. Low Conviction (<0.35).,LOW_CONVICTION,2.457059,TOP,21.65,False,0.0,0.0,0.00,0.00
1688321940.0,CHOP,NO_GO,HOLD,13.33,NORMAL,PRO,DEFENSIVE,1.0,0.50,Aegean:FLAT(0.50)|Orion:LONG(0.20),Regime: CHOP (Reduced Weights). Score: 0.13. Low Conviction (<0.35).,LOW_CONVICTION,1.782303,TOP,21.62,False,0.0,0.0,0.00,0.00
1688322000.0,CHOP,NO_GO,HOLD,13.33,NORMAL,PRO,DEFENSIVE,1.0,0.50,Aegean:FLAT(0.50)|Orion:SHORT(0.20),Regime: CHOP (Reduced Weights). Score: -0.13. Low Conviction (<0.35).,LOW_CONVICTION,-0.245923,MID,20.32,False,0.0,0.0,0.00,0.00
1688322060.0,CHOP,NO_GO,HOLD,13.33,NORMAL,PRO,DEFENSIVE,1.0,0.50,Aegean:FLAT(0.50)|Orion:SHORT(0.20),Regime: CHOP (Reduced Weights). Score: -0.13. Low Conviction (<0.35).,LOW_CONVICTION,-0.684284,MID,19.02,False,0.0,0.0,0.00,0.00
1688322120.0,CHOP,NO_GO,HOLD,13.33,NORMAL,PRO,DEFENSIVE,1.0,0.50,Aegean:FLAT(0.50)|Orion:SHORT(0.20),Regime: CHOP (Reduced Weights). Score: -0.13. Low Conviction (<0.35).,LOW_CONVICTION,-1.057178,MID,18.36,False,0.0,0.0,0.00,0.00
1688322180.0,CHOP,NO_GO,HOLD,13.33,NORMAL,PRO,DEFENSIVE,1.0,0.50,Aegean:FLAT(0.50)|Orion:SHORT(0.20),Regime: CHOP (Reduced Weights). Score: -0.13. Low Conviction (<0.35).,LOW_CONVICTION,-1.354914,MID,17.71,False,0.0,0.0,0.00,0.00
1688322240.0,CHOP,NO_GO,HOLD,13.33,NORMAL,PRO,DEFENSIVE,1.0,0.50,Aegean:FLAT(0.50)|Orion:SHORT(0.20),Regime: CHOP (Reduced Weights). Score: -0.13. Low Conviction (<0.35).,LOW_CONVICTION,-0.939261,MID,17.02,False,0.0,0.0,0.00,0.00
1688322300.0,CHOP,NO_GO,HOLD,13.33,NORMAL,PRO,DEFENSIVE,1.0,0.50,Aegean:FLAT(0.50)|Orion:SHORT(0.20),Regime: CHOP (Reduced Weights). Score: -0.13. Low Conviction (<0.35).,LOW_CONVICTION,-0.868130,MID,16.45,False,0.0,0.0,0.00,0.00
1688322360.0,CHOP,NO_GO,HOLD,13.33,NORMAL,PRO,DEFENSIVE,1.0,0.50,Aegean:FLAT(0.50)|Orion:SHORT(0.20),Regime: CHOP (Reduced Weights). Score: -0.13. Low Conviction (<0.35).,LOW_CONVICTION,0.371566,MID,15.53,False,0.0,0.0,0.00,0.00
1688322420.0,CHOP,NO_GO,HOLD,13.33,NORMAL,PRO,DEFENSIVE,1.0,0.50,Aegean:FLAT(0.50)|Orion:SHORT(0.20),Regime: CHOP (Reduced Weights). Score: -0.13. Low Conviction (<0.35).,LOW_CONVICTION,-0.460965,MID,14.48,False,0.0,0.0,0.00,0.00
1688322480.0,CHOP,NO_GO,HOLD,13.33,NORMAL,PRO,DEFENSIVE,1.0,0.50,Aegean:FLAT(0.50)|Orion:SHORT(0.20),Regime: CHOP (Reduced Weights). Score: -0.13. Low Conviction (<0.35).,LOW_CONVICTION,-0.878035,DIP,13.52,False,0.0,0.0,0.00,0.00
1688322540.0,CHOP,NO_GO,HOLD,13.33,NORMAL,PRO,DEFENSIVE,1.0,0.50,Aegean:FLAT(0.50)|Orion:SHORT(0.20),Regime: CHOP (Reduced Weights). Score: -0.13. Low Conviction (<0.35).,LOW_CONVICTION,-0.305667,MID,12.89,False,0.0,0.0,0.00,0.00
1688322600.0,CHOP,NO_GO,HOLD,13.33,NORMAL,PRO,DEFENSIVE,1.0,0.50,Aegean:FLAT(0.50)|Orion:SHORT(0.20),Regime: CHOP (Reduced Weights). Score: -0.13. Low Conviction (<0.35).,LOW_CONVICTION,-0.951002,DIP,12.36,False,0.0,0.0,0.00,0.00
1688322660.0,CHOP,NO_GO,HOLD,13.33,NORMAL,PRO,DEFENSIVE,1.0,0.50,Aegean:FLAT(0.50)|Orion:SHORT(0.20),Regime: CHOP (Reduced Weights). Score: -0.13. Low Conviction (<0.35).,LOW_CONVICTION,-0.117636,MID,12.22,False,0.0,0.0,0.00,0.00
1688322720.0,CHOP,NO_GO,HOLD,13.33,NORMAL,PRO,DEFENSIVE,1.0,0.50,Aegean:FLAT(0.50)|Orion:LONG(0.20),Regime: CHOP (Reduced Weights). Score: 0.13. Low Conviction (<0.35).,LOW_CONVICTION,0.495230,MID,11.48,False,0.0,0.0,0.00,0.00
1688322780.0,CHOP,NO_GO,HOLD,13.33,NORMAL,PRO,DEFENSIVE,1.0,0.50,Aegean:FLAT(0.50)|Orion:SHORT(0.20),Regime: CHOP (Reduced Weights). Score: -0.13. Low Conviction (<0.35).,LOW_CONVICTION,-0.158602,MID,10.81,False,0.0,0.0,0.00,0.00
1688322840.0,CHOP,NO_GO,HOLD,13.33,NORMAL,PRO,DEFENSIVE,1.0,0.50,Aegean:FLAT(0.50)|Orion:LONG(0.20),Regime: CHOP (Reduced Weights). Score: 0.13. Low Conviction (<0.35).,LOW_CONVICTION,0.534742,MID,10.39,False,0.0,0.0,0.00,0.00
1688322900.0,CHOP,NO_GO,HOLD,13.33,NORMAL,PRO,DEFENSIVE,1.0,0.50,Aegean:FLAT(0.50)|Orion:LONG(0.20),Regime: CHOP (Reduced Weights). Score: 0.13. Low Conviction (<0.35).,LOW_CONVICTION,0.643821,MID,11.15,False,0.0,0.0,0.00,0.00
1688322960.0,CHOP,NO_GO,HOLD,13.33,NORMAL,PRO,DEFENSIVE,1.0,0.50,Aegean:FLAT(0.50)|Orion:SHORT(0.20),Regime: CHOP (Reduced Weights). Score: -0.13. Low Conviction (<0.35).,LOW_CONVICTION,-0.018669,MID,11.55,False,0.0,0.0,0.00,0.00
1688323020.0,CHOP,NO_GO,HOLD,13.33,NORMAL,PRO,DEFENSIVE,1.0,0.50,Aegean:FLAT(0.50)|Orion:LONG(0.20),Regime: CHOP (Reduced Weights). Score: 0.13. Low Conviction (<0.35).,LOW_CONVICTION,0.203066,MID,11.95,False,0.0,0.0,0.00,0.00
1688323080.0,CHOP,NO_GO,HOLD,13.33,NORMAL,PRO,DEFENSIVE,1.0,0.50,Aegean:FLAT(0.50)|Orion:LONG(0.20),Regime: CHOP (Reduced Weights). Score: 0.13. Low Conviction (<0.35).,LOW_CONVICTION,0.473883,MID,12.69,False,0.0,0.0,0.00,0.00
1688323140.0,CHOP,NO_GO,HOLD,13.33,NORMAL,PRO,DEFENSIVE,1.0,0.50,Aegean:FLAT(0.50)|Orion:LONG(0.20),Regime: CHOP (Reduced Weights). Score: 0.13. Low Conviction (<0.35).,LOW_CONVICTION,0.488684,MID,13.40,False,0.0,0.0,0.00,0.00
1688323200.0,CHOP,NO_GO,HOLD,13.33,NORMAL,PRO,DEFENSIVE,1.0,0.50,Aegean:FLAT(0.50)|Orion:LONG(0.20),Regime: CHOP (Reduced Weights). Score: 0.13. Low Conviction (<0.35).,LOW_CONVICTION,0.506876,MID,14.10,False,0.0,0.0,0.00,0.00
1688323260.0,CHOP,NO_GO,HOLD,13.33,NORMAL,PRO,DEFENSIVE,1.0,0.50,Aegean:FLAT(0.50)|Orion:LONG(0.20),Regime: CHOP (Reduced Weights). Score: 0.13. Low Conviction (<0.35).,LOW_CONVICTION,0.508504,MID,14.75,False,0.0,0.0,0.00,0.00
1688323320.0,CHOP,NO_GO,HOLD,13.33,NORMAL,PRO,DEFENSIVE,1.0,0.50,Aegean:FLAT(0.50)|Orion:LONG(0.20),Regime: CHOP (Reduced Weights). Score: 0.13. Low Conviction (<0.35).,LOW_CONVICTION,0.222237,MID,15.00,False,0.0,0.0,0.00,0.00
1688323380.0,CHOP,NO_GO,HOLD,13.33,NORMAL,PRO,DEFENSIVE,1.0,0.50,Aegean:FLAT(0.50)|Orion:LONG(0.20),Regime: CHOP (Reduced Weights). Score: 0.13. Low Conviction (<0.35).,LOW_CONVICTION,1.812544,TOP,16.39,False,0.0,0.0,0.00,0.00
1688323440.0,CHOP,NO_GO,HOLD,13.33,NORMAL,PRO,DEFENSIVE,1.0,0.50,Aegean:FLAT(0.50)|Orion:LONG(0.20),Regime: CHOP (Reduced Weights). Score: 0.13. Low Conviction (<0.35).,LOW_CONVICTION,1.021329,MID,17.68,False,0.0,0.0,0.00,0.00
1688323500.0,TREND,NO_GO,HOLD,13.33,NORMAL,PRO,DEFENSIVE,1.0,0.50,Aegean:FLAT(0.50)|Orion:LONG(0.20),Regime: TREND (Orion 2x). Score: 0.13. Low Conviction (<0.35).,LOW_CONVICTION,0.892922,MID,18.86,False,0.0,0.0,0.00,0.00
1688323560.0,TREND,NO_GO,HOLD,13.33,NORMAL,PRO,DEFENSIVE,1.0,0.50,Aegean:FLAT(0.50)|Orion:LONG(0.20),Regime: TREND (Orion 2x). Score: 0.13. Low Conviction (<0.35).,LOW_CONVICTION,0.483779,MID,19.45,False,0.0,0.0,0.00,0.00
1688323620.0,TREND,NO_GO,HOLD,13.33,NORMAL,PRO,DEFENSIVE,1.0,0.50,Aegean:FLAT(0.50)|Orion:LONG(0.20),Regime: TREND (Orion 2x). Score: 0.13. Low Conviction (<0.35).,LOW_CONVICTION,0.566556,MID,20.00,False,0.0,0.0,0.00,0.00
1688323680.0,TREND,NO_GO,HOLD,13.33,NORMAL,PRO,DEFENSIVE,1.0,0.50,Aegean:FLAT(0.50)|Orion:LONG(0.20),Regime: TREND (Orion 2x). Score: 0.13. Low Conviction (<0.35).,LOW_CONVICTION,-0.302148,MID,19.48,False,0.0,0.0,0.00,0.00
1688323740.0,TREND,NO_GO,HOLD,13.33,NORMAL,PRO,DEFENSIVE,1.0,0.50,Aegean:FLAT(0.50)|Orion:LONG(0.20),Regime: TREND (Orion 2x). Score: 0.13. Low Conviction (<0.35).,LOW_CONVICTION,-0.296537,MID,18.99,False,0.0,0.0,0.00,0.00
1688323800.0,TREND,NO_GO,HOLD,13.33,NORMAL,PRO,DEFENSIVE,1.0,0.50,Aegean:FLAT(0.50)|Orion:LONG(0.20),Regime: TREND (Orion 2x). Score: 0.13. Low Conviction (<0.35).,LOW_CONVICTION,1.859721,TOP,20.39,False,0.0,0.0,0.00,0.00
1688323860.0,TREND,NO_GO,HOLD,13.33,NORMAL,PRO,DEFENSIVE,1.0,0.50,Aegean:FLAT(0.50)|Orion:LONG(0.20),Regime: TREND (Orion 2x). Score: 0.13. Low Conviction (<0.35).,LOW_CONVICTION,1.527843,TOP,21.68,False,0.0,0.0,0.00,0.00
1688323920.0,TREND,NO_GO,HOLD,13.33,NORMAL,PRO,DEFENSIVE,1.0,0.50,Aegean:FLAT(0.50)|Orion:LONG(0.20),Regime: TREND (Orion 2x). Score: 0.13. Low Conviction (<0.35).,LOW_CONVICTION,1.381431,TOP,22.87,False,0.0,0.0,0.00,0.00
1688323980.0,TREND,NO_GO,HOLD,13.33,NORMAL,PRO,DEFENSIVE,1.0,0.50,Aegean:FLAT(0.50)|Orion:LONG(0.20),Regime: TREND (Orion 2x). Score: 0.13. Low Conviction (<0.35).,LOW_CONVICTION,1.417455,TOP,24.09,False,0.0,0.0,0.00,0.00
1688324040.0,TREND,NO_GO,HOLD,9.80,NORMAL,PRO,DEFENSIVE,1.0,0.50,Aegean:FLAT(0.50)|Orion:LONG(0.15),Regime: TREND (Orion 2x). Score: 0.10. Low Conviction (<0.35).,LOW_CONVICTION,2.269029,TOP,25.88,True,0.0,0.0,0.00,0.00
1688324100.0,TREND,NO_GO,HOLD,12.57,NORMAL,PRO,DEFENSIVE,1.0,0.50,Aegean:FLAT(0.50)|Orion:LONG(0.19),Regime: TREND (Orion 2x). Score: 0.13. Low Conviction (<0.35).,LOW_CONVICTION,1.500845,MID,27.54,True,0.0,0.0,0.00,0.00
1688324160.0,TREND,NO_GO,HOLD,15.13,NORMAL,PRO,DEFENSIVE,1.0,0.50,Aegean:FLAT(0.50)|Orion:LONG(0.23),Regime: TREND (Orion 2x). Score: 0.15. Low Conviction (<0.35).,LOW_CONVICTION,1.522203,TOP,29.08,True,0.0,0.0,0.00,0.00
1688324220.0,TREND,NO_GO,HOLD,18.22,NORMAL,PRO,DEFENSIVE,1.0,0.50,Aegean:FLAT(0.50)|Orion:LONG(0.27),Regime: TREND (Orion 2x). Score: 0.18. Low Conviction (<0.35).,LOW_CONVICTION,2.047848,TOP,30.93,True,0.0,0.0,0.00,0.00
1688324280.0,TREND,NO_GO,HOLD,22.24,NORMAL,PRO,DEFENSIVE,1.0,0.50,Aegean:FLAT(0.50)|Orion:LONG(0.33),Regime: TREND (Orion 2x). Score: 0.22. Low Conviction (<0.35).,LOW_CONVICTION,2.880298,TOP,33.34,True,0.0,0.0,0.00,0.00
1688324340.0,TREND,NO_GO,HOLD,25.99,NORMAL,PRO,DEFENSIVE,1.0,0.50,Aegean:FLAT(0.50)|Orion:LONG(0.39),Regime: TREND (Orion 2x). Score: 0.26. Low Conviction (<0.35).,LOW_CONVICTION,2.913209,TOP,35.59,True,0.0,0.0,0.00,0.00
1688324400.0,TREND,NO_GO,HOLD,29.72,NORMAL,PRO,DEFENSIVE,1.0,0.50,Aegean:FLAT(0.50)|Orion:LONG(0.45),Regime: TREND (Orion 2x). Score: 0.30. Low Conviction (<0.35).,LOW_CONVICTION,2.494930,TOP,37.83,True,0.0,0.0,0.00,0.00
1688324460.0,TREND,NO_GO,HOLD,33.79,NORMAL,PRO,DEFENSIVE,1.0,0.50,Aegean:FLAT(0.30)|Orion:LONG(0.51),Regime: TREND (Orion 2x). Score: 0.34. Low Conviction (<0.35).,LOW_CONVICTION,3.837363,TOP,40.28,True,0.0,0.0,0.00,0.00
1688324520.0,TREND,GO,BUY,37.88,NORMAL,PRO,DEFENSIVE,1.0,0.50,Aegean:FLAT(0.30)|Orion:LONG(0.57),Regime: TREND (Orion 2x). Score: 0.38. Bullish Consensus.,,3.291015,TOP,42.73,True,3.7,20.0,2.00,7.48
1688324580.0,TREND,GO,BUY,41.39,NORMAL,PRO,DEFENSIVE,1.0,0.50,Aegean:FLAT(0.50)|Orion:LONG(0.62),Regime: TREND (Orion 2x). Score: 0.41. Bullish Consensus.,,2.973629,TOP,44.83,True,3.4,20.0,2.00,7.76
1688324640.0,TREND,GO,BUY,44.73,NORMAL,PRO,DEFENSIVE,1.0,0.50,Aegean:FLAT(0.50)|Orion:LONG(0.67),Regime: TREND (Orion 2x). Score: 0.45. Bullish Consensus.,,2.861874,TOP,46.84,True,3.2,20.0,2.00,8.06
1688324700.0,TREND,GO,BUY,45.70,NORMAL,PRO,DEFENSIVE,1.0,0.50,Aegean:FLAT(0.50)|Orion:LONG(0.69),Regime: TREND (Orion 2x). Score: 0.46. Bullish Consensus.,,1.765035,TOP,47.42,True,3.3,20.0,2.00,7.93
1688324760.0,TREND,GO,BUY,46.75,NORMAL,PRO,DEFENSIVE,1.0,0.50,Aegean:FLAT(0.50)|Orion:LONG(0.70),Regime: TREND (Orion 2x). Score: 0.47. Bullish Consensus.,,2.575877,TOP,48.05,True,3.4,20.0,2.00,8.19
1688324820.0,TREND,GO,BUY,47.73,NORMAL,PRO,DEFENSIVE,1.0,0.50,Aegean:FLAT(0.50)|Orion:LONG(0.72),Regime: TREND (Orion 2x). Score: 0.48. Bullish Consensus.,,2.338903,TOP,48.64,True,3.2,20.0,2.00,8.24
1688324880.0,TREND,GO,BUY,48.68,NORMAL,PRO,DEFENSIVE,1.0,0.50,Aegean:FLAT(0.50)|Orion:LONG(0.73),Regime: TREND (Orion 2x). Score: 0.49. Bullish Consensus.,,2.107072,TOP,49.21,True,3.0,20.0,2.00,8.29
1688324940.0,TREND,GO,BUY,49.58,NORMAL,PRO,DEFENSIVE,1.0,0.50,Aegean:FLAT(0.50)|Orion:LONG(0.74),Regime: TREND (Orion 2x). Score: 0.50. Bullish Consensus.,,1.920560,TOP,49.75,True,2.7,20.0,2.00,8.34
1688325000.0,TREND,GO,BUY,49.26,NORMAL,PRO,DEFENSIVE,1.0,0.50,Aegean:FLAT(0.50)|Orion:LONG(0.74),Regime: TREND (Orion 2x). Score: 0.49. Bullish Consensus.,,1.441449,TOP,49.56,True,2.7,20.0,2.00,8.21
1688325060.0,TREND,GO,BUY,48.09,NORMAL,PRO,DEFENSIVE,1.0,0.50,Aegean:FLAT(0.50)|Orion:LONG(0.72),Regime: TREND (Orion 2x). Score: 0.48. Bullish Consensus.,,1.069051,TOP,48.85,True,2.5,20.0,2.00,8.03
1688325120.0,TREND,GO,BUY,45.79,NORMAL,PRO,DEFENSIVE,1.0,0.50,Aegean:FLAT(0.50)|Orion:LONG(0.69),Regime: TREND (Orion 2x). Score: 0.46. Bullish Consensus.,,1.482334,TOP,47.47,True,2.7,20.0,2.00,7.89
1688325180.0,TREND,GO,BUY,43.50,NORMAL,PRO,DEFENSIVE,1.0,0.50,Aegean:FLAT(0.50)|Orion:LONG(0.65),Regime: TREND (Orion 2x). Score: 0.43. Bullish Consensus.,,1.329199,TOP,46.10,True,2.5,20.0,2.00,7.64
1688325240.0,TREND,GO,BUY,41.36,NORMAL,PRO,DEFENSIVE,1.0,0.50,Aegean:FLAT(0.50)|Orion:LONG(0.62),Regime: TREND (Orion 2x). Score: 0.41. Bullish Consensus.,,1.200937,TOP,44.81,True,2.3,20.0,2.00,7.41
1688325300.0,TREND,GO,BUY,41.74,NORMAL,PRO,DEFENSIVE,1.0,0.50,Aegean:FLAT(0.50)|Orion:LONG(0.63),Regime: TREND (Orion 2x). Score: 0.42. Bullish Consensus.,,0.216629,MID,45.04,True,3.0,20.0,2.00,7.25
1688325360.0,TREND,GO,BUY,41.32,NORMAL,PRO,DEFENSIVE,1.0,0.50,Aegean:FLAT(0.50)|Orion:LONG(0.62),Regime: TREND (Orion 2x). Score: 0.41. Bullish Consensus.,,0.357042,MID,44.79,True,2.9,20.0,2.00,7.24
1688325420.0,TREND,GO,BUY,40.53,NORMAL,PRO,DEFENSIVE,1.0,0.50,Aegean:FLAT(0.50)|Orion:LONG(0.61),Regime: TREND (Orion 2x). Score: 0.41. Bullish Consensus.,,-0.185487,MID,44.32,True,2.9,20.0,2.00,7.13
1688325480.0,TREND,GO,BUY,39.83,NORMAL,PRO,DEFENSIVE,1.0,0.50,Aegean:FLAT(0.50)|Orion:LONG(0.60),Regime: TREND (Orion 2x). Score: 0.40. Bullish Consensus.,,-0.157346,MID,43.90,True,2.7,20.0,2.00,7.05
1688325540.0,TREND,GO,BUY,39.88,NORMAL,PRO,DEFENSIVE,1.0,0.50,Aegean:FLAT(0.50)|Orion:LONG(0.60),Regime: TREND (Orion 2x). Score: 0.40. Bullish Consensus.,,0.332370,MID,43.93,True,2.7,20.0,2.00,7.09
1688325600.0,TREND,GO,BUY,39.94,NORMAL,PRO,DEFENSIVE,1.0,0.50,Aegean:FLAT(0.50)|Orion:LONG(0.60),Regime: TREND (Orion 2x). Score: 0.40. Bullish Consensus.,,0.300715,MID,43.96,True,2.5,20.0,2.00,7.09
1688325660.0,TREND,GO,BUY,40.96,NORMAL,PRO,DEFENSIVE,1.0,0.50,Aegean:FLAT(0.50)|Orion:LONG(0.61),Regime: TREND (Orion 2x). Score: 0.41. Bullish Consensus.,,0.874522,MID,44.58,True,2.5,20.0,2.00,7.30
1688325720.0,TREND,GO,BUY,42.07,NORMAL,PRO,DEFENSIVE,1.0,0.50,Aegean:FLAT(0.50)|Orion:LONG(0.63),Regime: TREND (Orion 2x). Score: 0.42. Bullish Consensus.,,0.782380,MID,45.24,True,2.4,20.0,2.00,7.39
1688325780.0,TREND,GO,BUY,42.95,NORMAL,PRO,DEFENSIVE,1.0,0.50,Aegean:FLAT(0.50)|Orion:LONG(0.64),Regime: TREND (Orion 2x). Score: 0.43. Bullish Consensus.,,0.719378,MID,45.77,True,2.2,20.0,2.00,7.46
1688325840.0,TREND,GO,BUY,43.72,NORMAL,PRO,DEFENSIVE,1.0,0.50,Aegean:FLAT(0.50)|Orion:LONG(0.66),Regime: TREND (Orion 2x). Score: 0.44. Bullish Consensus.,,0.651154,MID,46.23,True,2.0,20.0,2.00,7.53
1688325900.0,TREND,GO,BUY,44.41,NORMAL,PRO,DEFENSIVE,1.0,0.50,Aegean:FLAT(0.50)|Orion:LONG(0.67),Regime: TREND (Orion 2x). Score: 0.44. Bullish Consensus.,,0.595749,MID,46.65,True,1.9,20.0,2.00,7.58
1688325960.0,TREND,GO,BUY,45.08,NORMAL,PRO,DEFENSIVE,1.0,0.50,Aegean:FLAT(0.50)|Orion:LONG(0.68),Regime: TREND (Orion 2x). Score: 0.45. Bullish Consensus.,,0.535446,MID,47.05,True,1.7,20.0,2.00,7.63
1688326020.0,TREND,GO,BUY,47.72,NORMAL,PRO,DEFENSIVE,1.0,0.50,Aegean:FLAT(0.50)|Orion:LONG(0.72),Regime: TREND (Orion 2x). Score: 0.48. Bullish Consensus.,,2.086287,TOP,48.63,True,2.2,20.0,2.00,8.19
1688326080.0,TREND,GO,BUY,50.18,NORMAL,PRO,DEFENSIVE,1.0,0.50,Aegean:FLAT(0.50)|Orion:LONG(0.75),Regime: TREND (Orion 2x). Score: 0.50. Bullish Consensus.,,1.887612,TOP,50.11,True,2.0,20.0,2.00,8.39
1688326140.0,TREND,GO,BUY,52.47,NORMAL,PRO,DEFENSIVE,1.0,0.50,Aegean:FLAT(0.50)|Orion:LONG(0.79),Regime: TREND (Orion 2x). Score: 0.52. Bullish Consensus.,,1.680093,TOP,51.48,True,1.9,20.0,2.00,8.57
1688326200.0,TREND,GO,BUY,54.94,NORMAL,PRO,DEFENSIVE,1.0,0.50,Aegean:FLAT(0.50)|Orion:LONG(0.82),Regime: TREND (Orion 2x). Score: 0.55. Bullish Consensus.,,1.792951,TOP,52.97,True,1.9,20.0,2.00,8.83
1688326260.0,TREND,GO,BUY,57.42,NORMAL,PRO,DEFENSIVE,1.0,0.50,Aegean:FLAT(0.50)|Orion:LONG(0.86),Regime: TREND (Orion 2x). Score: 0.57. Bullish Consensus.,,1.623146,TOP,54.45,True,1.7,20.0,2.00,9.03
1688326320.0,TREND,GO,BUY,53.61,NORMAL,PRO,DEFENSIVE,1.0,0.50,Aegean:FLAT(0.50)|Orion:LONG(0.80),Regime: TREND (Orion 2x). Score: 0.54. Bullish Consensus.,,0.132817,MID,52.17,True,2.1,20.0,2.00,8.37
1688326380.0,TREND,GO,BUY,49.84,NORMAL,PRO,DEFENSIVE,1.0,0.50,Aegean:FLAT(0.50)|Orion:LONG(0.75),Regime: TREND (Orion 2x). Score: 0.50. Bullish Consensus.,,0.027745,MID,49.90,True,2.0,20.0,2.00,7.99
1688326440.0,TREND,GO,BUY,45.58,NORMAL,PRO,DEFENSIVE,1.0,0.50,Aegean:FLAT(0.50)|Orion:LONG(0.68),Regime: TREND (Orion 2x). Score: 0.46. Bullish Consensus.,,-0.273526,MID,47.35,True,2.0,20.0,2.00,7.63
1688326500.0,TREND,GO,BUY,42.13,NORMAL,PRO,DEFENSIVE,1.0,0.50,Aegean:FLAT(0.50)|Orion:LONG(0.63),Regime: TREND (Orion 2x). Score: 0.42. Bullish Consensus.,,-0.061304,MID,45.28,True,1.9,20.0,2.00,7.26
1688326560.0,TREND,GO,BUY,37.51,NORMAL,PRO,DEFENSIVE,1.0,0.50,Aegean:FLAT(0.50)|Orion:LONG(0.56),Regime: TREND (Orion 2x). Score: 0.38. Bullish Consensus.,,-1.001827,MID,42.51,True,2.1,20.0,2.00,7.00
1688326620.0,TREND,NO_GO,HOLD,33.16,NORMAL,PRO,DEFENSIVE,1.0,0.50,Aegean:FLAT(0.50)|Orion:LONG(0.50),Regime: TREND (Orion 2x). Score: 0.33. Low Conviction (<0.35).,LOW_CONVICTION,-0.926975,MID,39.90,True,0.0,0.0,0.00,0.00
1688326680.0,TREND,NO_GO,HOLD,28.42,NORMAL,PRO,DEFENSIVE,1.0,0.50,Aegean:FLAT(0.50)|Orion:LONG(0.43),Regime: TREND (Orion 2x). Score: 0.28. Low Conviction (<0.35).,LOW_CONVICTION,-0.590796,MID,37.05,True,0.0,0.0,0.00,0.00
1688326740.0,TREND,NO_GO,HOLD,24.63,NORMAL,PRO,DEFENSIVE,1.0,0.50,Aegean:FLAT(0.50)|Orion:LONG(0.37),Regime: TREND (Orion 2x). Score: 0.25. Low Conviction (<0.35).,LOW_CONVICTION,-0.831494,DIP,34.78,True,0.0,0.0,0.00,0.00
1688326800.0,TREND,NO_GO,HOLD,20.78,NORMAL,PRO,DEFENSIVE,1.0,0.50,Aegean:FLAT(0.50)|Orion:LONG(0.31),Regime: TREND (Orion 2x). Score: 0.21. Low Conviction (<0.35).,LOW_CONVICTION,-0.602085,DIP,32.47,True,0.0,0.0,0.00,0.00
1688326860.0,TREND,NO_GO,HOLD,21.09,NORMAL,PRO,DEFENSIVE,1.0,0.50,Aegean:FLAT(0.50)|Orion:LONG(0.32),Regime: TREND (Orion 2x). Score: 0.21. Low Conviction (<0.35).,LOW_CONVICTION,1.186680,MID,32.65,True,0.0,0.0,0.00,0.00
1688326920.0,TREND,NO_GO,HOLD,21.41,NORMAL,PRO,DEFENSIVE,1.0,0.50,Aegean:FLAT(0.50)|Orion:LONG(0.32),Regime: TREND (Orion 2x). Score: 0.21. Low Conviction (<0.35).,LOW_CONVICTION,1.072672,MID,32.85,True,0.0,0.0,0.00,0.00
1688326980.0,TREND,NO_GO,HOLD,21.16,NORMAL,PRO,DEFENSIVE,1.0,0.50,Aegean:FLAT(0.50)|Orion:LONG(0.32),Regime: TREND (Orion 2x). Score: 0.21. Low Conviction (<0.35).,LOW_CONVICTION,0.968006,MID,32.70,True,0.0,0.0,0.00,0.00
1688327040.0,TREND,NO_GO,HOLD,21.17,NORMAL,PRO,DEFENSIVE,1.0,0.50,Aegean:FLAT(0.50)|Orion:LONG(0.32),Regime: TREND (Orion 2x). Score: 0.21. Low Conviction (<0.35).,LOW_CONVICTION,0.891975,MID,32.70,True,0.0,0.0,0.00,0.00
1688327100.0,TREND,NO_GO,HOLD,21.19,NORMAL,PRO,DEFENSIVE,1.0,0.50,Aegean:FLAT(0.50)|Orion:LONG(0.32),Regime: TREND (Orion 2x). Score: 0.21. Low Conviction (<0.35).,LOW_CONVICTION,0.786646,MID,32.71,True,0.0,0.0,0.00,0.00
1688327160.0,TREND,NO_GO,HOLD,21.26,NORMAL,PRO,DEFENSIVE,1.0,0.50,Aegean:FLAT(0.50)|Orion:LONG(0.32),Regime: TREND (Orion 2x). Score: 0.21. Low Conviction (<0.35).,LOW_CONVICTION,0.711747,MID,32.76,True,0.0,0.0,0.00,0.00
1688327220.0,TREND,NO_GO,HOLD,21.27,NORMAL,PRO,DEFENSIVE,1.0,0.50,Aegean:FLAT(0.50)|Orion:LONG(0.32),Regime: TREND (Orion 2x). Score: 0.21. Low Conviction (<0.35).,LOW_CONVICTION,0.643942,MID,32.76,True,0.0,0.0,0.00,0.00
1688327280.0,TREND,NO_GO,HOLD,21.71,NORMAL,PRO,DEFENSIVE,1.0,0.50,Aegean:FLAT(0.50)|Orion:LONG(0.33),Regime: TREND (Orion 2x). Score: 0.22. Low Conviction (<0.35).,LOW_CONVICTION,0.741662,MID,33.02,True,0.0,0.0,0.00,0.00
1688327340.0,TREND,NO_GO,HOLD,21.07,NORMAL,PRO,DEFENSIVE,1.0,0.50,Aegean:FLAT(0.50)|Orion:LONG(0.32),Regime: TREND (Orion 2x). Score: 0.21. Low Conviction (<0.35).,LOW_CONVICTION,0.322429,MID,32.64,True,0.0,0.0,0.00,0.00
1688327400.0,TREND,NO_GO,HOLD,18.03,NORMAL,PRO,DEFENSIVE,1.0,0.50,Aegean:FLAT(0.50)|Orion:LONG(0.27),Regime: TREND (Orion 2x). Score: 0.18. Low Conviction (<0.35).,LOW_CONVICTION,0.515266,MID,30.82,True,0.0,0.0,0.00,0.00
1688327460.0,TREND,NO_GO,HOLD,14.98,NORMAL,PRO,DEFENSIVE,1.0,0.50,Aegean:FLAT(0.50)|Orion:LONG(0.22),Regime: TREND (Orion 2x). Score: 0.15. Low Conviction (<0.35).,LOW_CONVICTION,0.946523,TOP,28.99,True,0.0,0.0,0.00,0.00
1688327520.0,TREND,NO_GO,HOLD,12.14,NORMAL,PRO,DEFENSIVE,1.0,0.50,Aegean:FLAT(0.50)|Orion:LONG(0.18),Regime: TREND (Orion 2x). Score: 0.12. Low Conviction (<0.35).,LOW_CONVICTION,0.558264,TOP,27.29,True,0.0,0.0,0.00,0.00
1688327580.0,TREND,NO_GO,HOLD,9.73,NORMAL,PRO,DEFENSIVE,1.0,0.50,Aegean:FLAT(0.50)|Orion:LONG(0.15),Regime: TREND (Orion 2x). Score: 0.10. Low Conviction (<0.35).,LOW_CONVICTION,0.858429,TOP,25.84,True,0.0,0.0,0.00,0.00
1688327640.0,TREND,NO_GO,HOLD,13.33,NORMAL,PRO,DEFENSIVE,1.0,0.50,Aegean:FLAT(0.50)|Orion:LONG(0.20),Regime: TREND (Orion 2x). Score: 0.13. Low Conviction (<0.35).,LOW_CONVICTION,0.794467,TOP,24.45,False,0.0,0.0,0.00,0.00
1688327700.0,CHOP,NO_GO,HOLD,13.33,NORMAL,PRO,DEFENSIVE,1.0,0.50,Aegean:FLAT(0.50)|Orion:LONG(0.20),Regime: CHOP (Reduced Weights). Score: 0.13. Low Conviction (<0.35).,LOW_CONVICTION,0.922127,TOP,23.56,False,0.0,0.0,0.00,0.00
1688327760.0,CHOP,NO_GO,HOLD,13.33,NORMAL,PRO,DEFENSIVE,1.0,0.50,Aegean:FLAT(0.50)|Orion:LONG(0.20),Regime: CHOP (Reduced Weights). Score: 0.13. Low Conviction (<0.35).,LOW_CONVICTION,0.736832,TOP,22.71,False,0.0,0.0,0.00,0.00
1688327820.0,CHOP,NO_GO,HOLD,13.33,NORMAL,PRO,DEFENSIVE,1.0,0.50,Aegean:FLAT(0.50)|Orion:LONG(0.20),Regime: CHOP (Reduced Weights). Score: 0.13. Low Conviction (<0.35).,LOW_CONVICTION,0.567399,TOP,21.69,False,0.0,0.0,0.00,0.00
1688327880.0,CHOP,NO_GO,HOLD,13.33,NORMAL,PRO,DEFENSIVE,1.0,0.50,Aegean:FLAT(0.50)|Orion:LONG(0.20),Regime: CHOP (Reduced Weights). Score: 0.13. Low Conviction (<0.35).,LOW_CONVICTION,0.504705,TOP,20.80,False,0.0,0.0,0.00,0.00
1688327940.0,CHOP,NO_GO,HOLD,13.33,NORMAL,PRO,DEFENSIVE,1.0,0.50,Aegean:FLAT(0.50)|Orion:LONG(0.20),Regime: CHOP (Reduced Weights). Score: 0.13. Low Conviction (<0.35).,LOW_CONVICTION,0.456638,TOP,20.12,False,0.0,0.0,0.00,0.00
1688328000.0,CHOP,NO_GO,HOLD,13.33,NORMAL,PRO,DEFENSIVE,1.0,0.50,Aegean:FLAT(0.50)|Orion:LONG(0.20),Regime: CHOP (Reduced Weights). Score: 0.13. Low Conviction (<0.35).,LOW_CONVICTION,0.423958,TOP,19.42,False,0.0,0.0,0.00,0.00
1688328060.0,CHOP,NO_GO,HOLD,13.33,NORMAL,PRO,DEFENSIVE,1.0,0.50,Aegean:FLAT(0.50)|Orion:LONG(0.20),Regime: CHOP (Reduced Weights). Score: 0.13. Low Conviction (<0.35).,LOW_CONVICTION,0.383062,TOP,18.83,False,0.0,0.0,0.00,0.00
1688328120.0,CHOP,NO_GO,HOLD,13.33,NORMAL,PRO,DEFENSIVE,1.0,0.50,Aegean:FLAT(0.50)|Orion:LONG(0.20),Regime: CHOP (Reduced Weights). Score: 0.13. Low Conviction (<0.35).,LOW_CONVICTION,-0.086753,MID,18.14,False,0.0,0.0,0.00,0.00
1688328180.0,CHOP,NO_GO,HOLD,13.33,NORMAL,PRO,DEFENSIVE,1.0,0.50,Aegean:FLAT(0.50)|Orion:LONG(0.20),Regime: CHOP (Reduced Weights). Score: 0.13. Low Conviction (<0.35).,LOW_CONVICTION,-0.078491,MID,17.50,False,0.0,0.0,0.00,0.00
1688328240.0,CHOP,NO_GO,HOLD,13.33,NORMAL,PRO,DEFENSIVE,1.0,0.50,Aegean:FLAT(0.50)|Orion:LONG(0.20),Regime: CHOP (Reduced Weights). Score: 0.13. Low Conviction (<0.35).,LOW_CONVICTION,-0.071968,MID,16.90,False,0.0,0.0,0.00,0.00
1688328300.0,CHOP,NO_GO,HOLD,13.33,NORMAL,PRO,DEFENSIVE,1.0,0.50,Aegean:FLAT(0.50)|Orion:LONG(0.20),Regime: CHOP (Reduced Weights). Score: 0.13. Low Conviction (<0.35).,LOW_CONVICTION,-0.316523,MID,17.02,False,0.0,0.0,0.00,0.00
1688328360.0,CHOP,NO_GO,HOLD,13.33,NORMAL,PRO,DEFENSIVE,1.0,0.50,Aegean:FLAT(0.50)|Orion:LONG(0.20),Regime: CHOP (Reduced Weights). Score: 0.13. Low Conviction (<0.35).,LOW_CONVICTION,0.392104,TOP,15.98,False,0.0,0.0,0.00,0.00
1688328420.0,CHOP,NO_GO,HOLD,13.33,NORMAL,PRO,DEFENSIVE,1.0,0.50,Aegean:FLAT(0.50)|Orion:SHORT(0.20),Regime: CHOP (Reduced Weights). Score: -0.13. Low Conviction (<0.35).,LOW_CONVICTION,-0.808096,MID,19.64,False,0.0,0.0,0.00,0.00
1688328480.0,TREND,NO_GO,HOLD,13.33,NORMAL,PRO,DEFENSIVE,1.0,0.50,Aegean:FLAT(0.50)|Orion:SHORT(0.20),Regime: TREND (Orion 2x). Score: -0.13. Low Conviction (<0.35).,LOW_CONVICTION,-2.610490,MID,23.04,False,0.0,0.0,0.00,0.00
1688328540.0,TREND,NO_GO,HOLD,10.49,NORMAL,PRO,DEFENSIVE,1.0,0.50,Aegean:FLAT(0.50)|Orion:SHORT(0.16),Regime: TREND (Orion 2x). Score: -0.10. Low Conviction (<0.35).,LOW_CONVICTION,-1.081595,MID,26.29,True,0.0,0.0,0.00,0.00
1688328600.0,TREND,NO_GO,HOLD,15.53,NORMAL,PRO,DEFENSIVE,1.0,0.50,Aegean:FLAT(0.50)|Orion:SHORT(0.23),Regime: TREND (Orion 2x). Score: -0.16. Low Conviction (<0.35).,LOW_CONVICTION,-0.977653,MID,29.32,True,0.0,0.0,0.00,0.00
1688328660.0,TREND,NO_GO,HOLD,16.56,NORMAL,PRO,DEFENSIVE,1.0,0.50,Aegean:FLAT(0.50)|Orion:LONG(0.25),Regime: TREND (Orion 2x). Score: 0.17. Low Conviction (<0.35).,LOW_CONVICTION,0.302339,TOP,29.94,True,0.0,0.0,0.00,0.00
1688328720.0,TREND,NO_GO,HOLD,16.99,NORMAL,PRO,DEFENSIVE,1.0,0.50,Aegean:FLAT(0.50)|Orion:LONG(0.25),Regime: TREND (Orion 2x). Score: 0.17. Low Conviction (<0.35).,LOW_CONVICTION,0.507386,TOP,30.19,True,0.0,0.0,0.00,0.00
1688328780.0,TREND,NO_GO,HOLD,17.37,NORMAL,PRO,DEFENSIVE,1.0,0.50,Aegean:FLAT(0.50)|Orion:LONG(0.26),Regime: TREND (Orion 2x). Score: 0.17. Low Conviction (<0.35).,LOW_CONVICTION,0.465309,TOP,30.42,True,0.0,0.0,0.00,0.00
1688328840.0,TREND,NO_GO,HOLD,17.65,NORMAL,PRO,DEFENSIVE,1.0,0.50,Aegean:FLAT(0.50)|Orion:LONG(0.26),Regime: TREND (Orion 2x). Score: 0.18. Low Conviction (<0.35).,LOW_CONVICTION,0.417151,TOP,30.59,True,0.0,0.0,0.00,0.00
1688328900.0,TREND,NO_GO,HOLD,18.10,NORMAL,PRO,DEFENSIVE,1.0,0.50,Aegean:FLAT(0.50)|Orion:LONG(0.27),Regime: TREND (Orion 2x). Score: 0.18. Low Conviction (<0.35).,LOW_CONVICTION,0.396253,TOP,30.86,True,0.0,0.0,0.00,0.00
1688328960.0,TREND,NO_GO,HOLD,19.35,NORMAL,PRO,DEFENSIVE,1.0,0.50,Aegean:FLAT(0.50)|Orion:SHORT(0.29),Regime: TREND (Orion 2x). Score: -0.19. Low Conviction (<0.35).,LOW_CONVICTION,-0.276723,MID,31.61,True,0.0,0.0,0.00,0.00
1688329020.0,TREND,NO_GO,HOLD,20.80,NORMAL,PRO,DEFENSIVE,1.0,0.50,Aegean:FLAT(0.50)|Orion:SHORT(0.31),Regime: TREND (Orion 2x). Score: -0.21. Low Conviction (<0.35).,LOW_CONVICTION,-0.496433,MID,32.48,True,0.0,0.0,0.00,0.00
1688329080.0,TREND,NO_GO,HOLD,22.17,NORMAL,PRO,DEFENSIVE,1.0,0.50,Aegean:FLAT(0.50)|Orion:SHORT(0.33),Regime: TREND (Orion 2x). Score: -0.22. Low Conviction (<0.35).,LOW_CONVICTION,-0.443100,MID,33.30,True,0.0,0.0,0.00,0.00
1688329140.0,TREND,NO_GO,HOLD,22.58,NORMAL,PRO,DEFENSIVE,1.0,0.50,Aegean:FLAT(0.50)|Orion:SHORT(0.34),Regime: TREND (Orion 2x). Score: -0.23. Low Conviction (<0.35).,LOW_CONVICTION,-0.163618,MID,33.55,True,0.0,0.0,0.00,0.00
1688329200.0,TREND,NO_GO,HOLD,20.79,NORMAL,PRO,DEFENSIVE,1.0,0.50,Aegean:FLAT(0.50)|Orion:LONG(0.31),Regime: TREND (Orion 2x). Score: 0.21. Low Conviction (<0.35).,LOW_CONVICTION,0.506632,TOP,32.47,True,0.0,0.0,0.00,0.00
1688329260.0,TREND,NO_GO,HOLD,18.51,NORMAL,PRO,DEFENSIVE,1.0,0.50,Aegean:FLAT(0.50)|Orion:LONG(0.28),Regime: TREND (Orion 2x). Score: 0.19. Low Conviction (<0.35).,LOW_CONVICTION,0.696496,TOP,31.11,True,0.0,0.0,0.00,0.00
1688329320.0,TREND,NO_GO,HOLD,17.84,NORMAL,PRO,DEFENSIVE,1.0,0.50,Aegean:FLAT(0.50)|Orion:SHORT(0.27),Regime: TREND (Orion 2x). Score: -0.18. Low Conviction (<0.35).,LOW_CONVICTION,-0.403190,MID,30.71,True,0.0,0.0,0.00,0.00
1688329380.0,TREND,NO_GO,HOLD,17.30,NORMAL,PRO,DEFENSIVE,1.0,0.50,Aegean:FLAT(0.50)|Orion:SHORT(0.26),Regime: TREND (Orion 2x). Score: -0.17. Low Conviction (<0.35).,LOW_CONVICTION,-0.305743,MID,30.38,True,0.0,0.0,0.00,0.00
1688329440.0,TREND,NO_GO,HOLD,16.02,NORMAL,PRO,DEFENSIVE,1.0,0.50,Aegean:FLAT(0.50)|Orion:LONG(0.24),Regime: TREND (Orion 2x). Score: 0.16. Low Conviction (<0.35).,LOW_CONVICTION,-0.016606,TOP,29.61,True,0.0,0.0,0.00,0.00
1688329500.0,TREND,NO_GO,HOLD,14.36,NORMAL,PRO,DEFENSIVE,1.0,0.50,Aegean:FLAT(0.50)|Orion:LONG(0.22),Regime: TREND (Orion 2x). Score: 0.14. Low Conviction (<0.35).,LOW_CONVICTION,0.162119,TOP,28.62,True,0.0,0.0,0.00,0.00
1688329560.0,TREND,NO_GO,HOLD,10.96,NORMAL,PRO,DEFENSIVE,1.0,0.50,Aegean:FLAT(0.50)|Orion:LONG(0.16),Regime: TREND (Orion 2x). Score: 0.11. Low Conviction (<0.35).,LOW_CONVICTION,0.826679,TOP,26.58,True,0.0,0.0,0.00,0.00
1688329620.0,TREND,NO_GO,HOLD,13.33,NORMAL,PRO,DEFENSIVE,1.0,0.50,Aegean:FLAT(0.50)|Orion:LONG(0.20),Regime: TREND (Orion 2x). Score: 0.13. Low Conviction (<0.35).,LOW_CONVICTION,0.767596,TOP,24.78,False,0.0,0.0,0.00,0.00
1688329680.0,TREND,NO_GO,HOLD,13.33,NORMAL,PRO,DEFENSIVE,1.0,0.50,Aegean:FLAT(0.50)|Orion:LONG(0.20),Regime: TREND (Orion 2x). Score: 0.13. Low Conviction (<0.35).,LOW_CONVICTION,0.701639,TOP,23.05,False,0.0,0.0,0.00,0.00
1688329740.0,TREND,NO_GO,HOLD,13.33,NORMAL,PRO,DEFENSIVE,1.0,0.50,Aegean:FLAT(0.50)|Orion:LONG(0.20),Regime: TREND (Orion 2x). Score: 0.13. Low Conviction (<0.35).,LOW_CONVICTION,0.630397,TOP,21.41,False,0.0,0.0,0.00,0.00
1688329800.0,TREND,NO_GO,HOLD,13.33,NORMAL,PRO,DEFENSIVE,1.0,0.50,Aegean:FLAT(0.50)|Orion:LONG(0.20),Regime: TREND (Orion 2x). Score: 0.13. Low Conviction (<0.35).,LOW_CONVICTION,0.560463,TOP,19.91,False,0.0,0.0,0.00,0.00
1688329860.0,TREND,NO_GO,HOLD,13.33,NORMAL,PRO,DEFENSIVE,1.0,0.50,Aegean:FLAT(0.50)|Orion:LONG(0.20),Regime: TREND (Orion 2x). Score: 0.13. Low Conviction (<0.35).,LOW_CONVICTION,1.091196,TOP,19.51,False,0.0,0.0,0.00,0.00
1688329920.0,TREND,NO_GO,HOLD,13.33,NORMAL,PRO,DEFENSIVE,1.0,0.50,Aegean:FLAT(0.50)|Orion:LONG(0.20),Regime: TREND (Orion 2x). Score: 0.13. Low Conviction (<0.35).,LOW_CONVICTION,1.042048,TOP,19.23,False,0.0,0.0,0.00,0.00
1688329980.0,TREND,NO_GO,HOLD,13.33,NORMAL,PRO,DEFENSIVE,1.0,0.50,Aegean:FLAT(0.50)|Orion:LONG(0.20),Regime: TREND (Orion 2x). Score: 0.13. Low Conviction (<0.35).,LOW_CONVICTION,1.230424,TOP,19.40,False,0.0,0.0,0.00,0.00
1688330040.0,TREND,NO_GO,HOLD,13.33,NORMAL,PRO,DEFENSIVE,1.0,0.50,Aegean:FLAT(0.50)|Orion:LONG(0.20),Regime: TREND (Orion 2x). Score: 0.13. Low Conviction (<0.35).,LOW_CONVICTION,1.138595,TOP,19.61,False,0.0,0.0,0.00,0.00
1688330100.0,TREND,NO_GO,HOLD,13.33,NORMAL,PRO,DEFENSIVE,1.0,0.50,Aegean:FLAT(0.50)|Orion:LONG(0.20),Regime: TREND (Orion 2x). Score: 0.13. Low Conviction (<0.35).,LOW_CONVICTION,1.766615,TOP,20.79,False,0.0,0.0,0.00,0.00
1688330160.0,TREND,NO_GO,HOLD,13.33,NORMAL,PRO,DEFENSIVE,1.0,0.50,Aegean:FLAT(0.50)|Orion:LONG(0.20),Regime: TREND (Orion 2x). Score: 0.13. Low Conviction (<0.35).,LOW_CONVICTION,1.723221,TOP,22.02,False,0.0,0.0,0.00,0.00
1688330220.0,TREND,NO_GO,HOLD,13.33,NORMAL,PRO,DEFENSIVE,1.0,0.50,Aegean:FLAT(0.50)|Orion:LONG(0.20),Regime: TREND (Orion 2x). Score: 0.13. Low Conviction (<0.35).,LOW_CONVICTION,2.006705,TOP,23.61,False,0.0,0.0,0.00,0.00
1688330280.0,TREND,NO_GO,HOLD,8.55,NORMAL,PRO,DEFENSIVE,1.0,0.50,Aegean:FLAT(0.50)|Orion:LONG(0.13),Regime: TREND (Orion 2x). Score: 0.09. Low Conviction (<0.35).,LOW_CONVICTION,1.815590,TOP,25.13,True,0.0,0.0,0.00,0.00
1688330340.0,TREND,NO_GO,HOLD,8.96,NORMAL,PRO,DEFENSIVE,1.0,0.50,Aegean:FLAT(0.50)|Orion:LONG(0.13),Regime: TREND (Orion 2x). Score: 0.09. Low Conviction (<0.35).,LOW_CONVICTION,1.196501,TOP,25.38,True,0.0,0.0,0.00,0.00
1688330400.0,TREND,NO_GO,HOLD,9.37,NORMAL,PRO,DEFENSIVE,1.0,0.50,Aegean:FLAT(0.50)|Orion:LONG(0.14),Regime: TREND (Orion 2x). Score: 0.09. Low Conviction (<0.35).,LOW_CONVICTION,1.242549,TOP,25.62,True,0.0,0.0,0.00,0.00
1688330460.0,TREND,NO_GO,HOLD,10.94,NORMAL,PRO,DEFENSIVE,1.0,0.50,Aegean:FLAT(0.50)|Orion:LONG(0.16),Regime: TREND (Orion 2x). Score: 0.11. Low Conviction (<0.35).,LOW_CONVICTION,1.704382,TOP,26.56,True,0.0,0.0,0.00,0.00
1688330520.0,TREND,NO_GO,HOLD,12.39,NORMAL,PRO,DEFENSIVE,1.0,0.50,Aegean:FLAT(0.50)|Orion:LONG(0.19),Regime: TREND (Orion 2x). Score: 0.12. Low Conviction (<0.35).,LOW_CONVICTION,1.495393,TOP,27.44,True,0.0,0.0,0.00,0.00
1688330580.0,TREND,NO_GO,HOLD,13.76,NORMAL,PRO,DEFENSIVE,1.0,0.50,Aegean:FLAT(0.50)|Orion:LONG(0.21),Regime: TREND (Orion 2x). Score: 0.14. Low Conviction (<0.35).,LOW_CONVICTION,1.352042,TOP,28.26,True,0.0,0.0,0.00,0.00
1688330640.0,TREND,NO_GO,HOLD,15.12,NORMAL,PRO,DEFENSIVE,1.0,0.50,Aegean:FLAT(0.50)|Orion:LONG(0.23),Regime: TREND (Orion 2x). Score: 0.15. Low Conviction (<0.35).,LOW_CONVICTION,1.228349,TOP,29.07,True,0.0,0.0,0.00,0.00
1688330700.0,TREND,NO_GO,HOLD,17.84,NORMAL,PRO,DEFENSIVE,1.0,0.50,Aegean:FLAT(0.50)|Orion:LONG(0.27),Regime: TREND (Orion 2x). Score: 0.18. Low Conviction (<0.35).,LOW_CONVICTION,1.907505,TOP,30.71,True,0.0,0.0,0.00,0.00
1688330760.0,TREND,NO_GO,HOLD,21.96,NORMAL,PRO,DEFENSIVE,1.0,0.50,Aegean:FLAT(0.50)|Orion:LONG(0.33),Regime: TREND (Orion 2x). Score: 0.22. Low Conviction (<0.35).,LOW_CONVICTION,2.461681,TOP,33.17,True,0.0,0.0,0.00,0.00
1688330820.0,TREND,NO_GO,HOLD,25.92,NORMAL,PRO,DEFENSIVE,1.0,0.50,Aegean:FLAT(0.30)|Orion:LONG(0.39),Regime: TREND (Orion 2x). Score: 0.26. Low Conviction (<0.35).,LOW_CONVICTION,3.076575,TOP,35.55,True,0.0,0.0,0.00,0.00
1688330880.0,TREND,NO_GO,HOLD,30.05,NORMAL,PRO,DEFENSIVE,1.0,0.50,Aegean:FLAT(0.30)|Orion:LONG(0.45),Regime: TREND (Orion 2x). Score: 0.30. Low Conviction (<0.35).,LOW_CONVICTION,3.328104,TOP,38.03,True,0.0,0.0,0.00,0.00
1688330940.0,TREND,NO_GO,HOLD,34.28,NORMAL,PRO,DEFENSIVE,1.0,0.50,Aegean:FLAT(0.50)|Orion:LONG(0.51),Regime: TREND (Orion 2x). Score: 0.34. Low Conviction (<0.35).,LOW_CONVICTION,2.301598,MID,40.57,True,0.0,0.0,0.00,0.00
1688331000.0,TREND,GO,BUY,36.84,NORMAL,PRO,DEFENSIVE,1.0,0.50,Aegean:FLAT(0.50)|Orion:LONG(0.55),Regime: TREND (Orion 2x). Score: 0.37. Bullish Consensus.,,2.659947,TOP,42.11,True,2.6,20.0,2.00,7.26
1688331060.0,TREND,GO,BUY,39.25,NORMAL,PRO,DEFENSIVE,1.0,0.50,Aegean:FLAT(0.50)|Orion:LONG(0.59),Regime: TREND (Orion 2x). Score: 0.39. Bullish Consensus.,,1.759073,MID,43.55,True,2.7,20.0,2.00,7.31
1688331120.0,TREND,GO,BUY,41.19,NORMAL,PRO,DEFENSIVE,1.0,0.50,Aegean:FLAT(0.50)|Orion:LONG(0.62),Regime: TREND (Orion 2x). Score: 0.41. Bullish Consensus.,,1.540113,MID,44.71,True,2.7,20.0,2.00,7.46
1688331180.0,TREND,GO,BUY,40.81,NORMAL,PRO,DEFENSIVE,1.0,0.50,Aegean:FLAT(0.50)|Orion:LONG(0.61),Regime: TREND (Orion 2x). Score: 0.41. Bullish Consensus.,,0.864864,MID,44.48,True,2.7,20.0,2.00,7.29
1688331240.0,TREND,GO,BUY,39.05,NORMAL,PRO,DEFENSIVE,1.0,0.50,Aegean:FLAT(0.50)|Orion:LONG(0.59),Regime: TREND (Orion 2x). Score: 0.39. Bullish Consensus.,,0.401544,MID,43.43,True,2.6,20.0,2.00,7.03
1688331300.0,TREND,NO_GO,HOLD,34.36,NORMAL,PRO,DEFENSIVE,1.0,0.50,Aegean:FLAT(0.50)|Orion:LONG(0.52),Regime: TREND (Orion 2x). Score: 0.34. Low Conviction (<0.35).,LOW_CONVICTION,-0.722929,MID,40.62,True,0.0,0.0,0.00,0.00
1688331360.0,TREND,NO_GO,HOLD,30.47,NORMAL,PRO,DEFENSIVE,1.0,0.50,Aegean:FLAT(0.50)|Orion:LONG(0.46),Regime: TREND (Orion 2x). Score: 0.30. Low Conviction (<0.35).,LOW_CONVICTION,-0.885408,DIP,38.28,True,0.0,0.0,0.00,0.00
1688331420.0,TREND,NO_GO,HOLD,26.12,NORMAL,PRO,DEFENSIVE,1.0,0.50,Aegean:FLAT(0.50)|Orion:LONG(0.39),Regime: TREND (Orion 2x). Score: 0.26. Low Conviction (<0.35).,LOW_CONVICTION,-0.137274,MID,35.67,True,0.0,0.0,0.00,0.00
1688331480.0,TREND,NO_GO,HOLD,22.08,NORMAL,PRO,DEFENSIVE,1.0,0.50,Aegean:FLAT(0.50)|Orion:LONG(0.33),Regime: TREND (Orion 2x). Score: 0.22. Low Conviction (<0.35).,LOW_CONVICTION,-0.204300,MID,33.25,True,0.0,0.0,0.00,0.00
1688331540.0,TREND,NO_GO,HOLD,18.72,NORMAL,PRO,DEFENSIVE,1.0,0.50,Aegean:FLAT(0.50)|Orion:LONG(0.28),Regime: TREND (Orion 2x). Score: 0.19. Low Conviction (<0.35).,LOW_CONVICTION,-0.360659,MID,31.23,True,0.0,0.0,0.00,0.00
1688331600.0,TREND,NO_GO,HOLD,18.54,NORMAL,PRO,DEFENSIVE,1.0,0.50,Aegean:FLAT(0.50)|Orion:LONG(0.28),Regime: TREND (Orion 2x). Score: 0.19. Low Conviction (<0.35).,LOW_CONVICTION,0.505076,MID,31.12,True,0.0,0.0,0.00,0.00
1688331660.0,TREND,NO_GO,HOLD,18.37,NORMAL,PRO,DEFENSIVE,1.0,0.50,Aegean:FLAT(0.50)|Orion:LONG(0.28),Regime: TREND (Orion 2x). Score: 0.18. Low Conviction (<0.35).,LOW_CONVICTION,-0.096464,MID,31.02,True,0.0,0.0,0.00,0.00
1688331720.0,TREND,NO_GO,HOLD,16.02,NORMAL,PRO,DEFENSIVE,1.0,0.50,Aegean:FLAT(0.50)|Orion:LONG(0.24),Regime: TREND (Orion 2x). Score: 0.16. Low Conviction (<0.35).,LOW_CONVICTION,-0.604658,DIP,29.61,True,0.0,0.0,0.00,0.00
1688331780.0,TREND,NO_GO,HOLD,13.65,NORMAL,PRO,DEFENSIVE,1.0,0.50,Aegean:FLAT(0.50)|Orion:LONG(0.20),Regime: TREND (Orion 2x). Score: 0.14. Low Conviction (<0.35).,LOW_CONVICTION,-1.103746,DIP,28.19,True,0.0,0.0,0.00,0.00
1688331840.0,TREND,NO_GO,HOLD,11.82,NORMAL,PRO,DEFENSIVE,1.0,0.50,Aegean:FLAT(0.50)|Orion:LONG(0.18),Regime: TREND (Orion 2x). Score: 0.12. Low Conviction (<0.35).,LOW_CONVICTION,-0.241249,MID,27.09,True,0.0,0.0,0.00,0.00
1688331900.0,TREND,NO_GO,HOLD,10.57,NORMAL,PRO,DEFENSIVE,1.0,0.50,Aegean:FLAT(0.50)|Orion:LONG(0.16),Regime: TREND (Orion 2x). Score: 0.11. Low Conviction (<0.35).,LOW_CONVICTION,0.032769,MID,26.34,True,0.0,0.0,0.00,0.00
1688331960.0,TREND,NO_GO,HOLD,13.33,NORMAL,PRO,DEFENSIVE,1.0,0.50,Aegean:FLAT(0.50)|Orion:SHORT(0.20),Regime: TREND (Orion 2x). Score: -0.13. Low Conviction (<0.35).,LOW_CONVICTION,-1.319384,DIP,24.68,False,0.0,0.0,0.00,0.00
1688332020.0,TREND,NO_GO,HOLD,13.33,NORMAL,PRO,DEFENSIVE,1.0,0.50,Aegean:FLAT(0.50)|Orion:SHORT(0.20),Regime: TREND (Orion 2x). Score: -0.13. Low Conviction (<0.35).,LOW_CONVICTION,-1.356586,DIP,23.25,False,0.0,0.0,0.00,0.00
1688332080.0,TREND,NO_GO,HOLD,13.33,NORMAL,PRO,DEFENSIVE,1.0,0.50,Aegean:FLAT(0.50)|Orion:LONG(0.20),Regime: TREND (Orion 2x). Score: 0.13. Low Conviction (<0.35).,LOW_CONVICTION,-0.609292,DIP,21.79,False,0.0,0.0,0.00,0.00
1688332140.0,TREND,NO_GO,HOLD,13.33,NORMAL,PRO,DEFENSIVE,1.0,0.50,Aegean:FLAT(0.50)|Orion:LONG(0.20),Regime: TREND (Orion 2x). Score: 0.13. Low Conviction (<0.35).,LOW_CONVICTION,-0.551264,MID,20.45,False,0.0,0.0,0.00,0.00
1688332200.0,TREND,NO_GO,HOLD,13.33,NORMAL,PRO,DEFENSIVE,1.0,0.50,Aegean:FLAT(0.50)|Orion:LONG(0.20),Regime: TREND (Orion 2x). Score: 0.13. Low Conviction (<0.35).,LOW_CONVICTION,0.794335,MID,20.51,False,0.0,0.0,0.00,0.00
1688332260.0,TREND,NO_GO,HOLD,13.33,NORMAL,PRO,DEFENSIVE,1.0,0.50,Aegean:FLAT(0.50)|Orion:LONG(0.20),Regime: TREND (Orion 2x). Score: 0.13. Low Conviction (<0.35).,LOW_CONVICTION,1.065054,MID,20.91,False,0.0,0.0,0.00,0.00
1688332320.0,TREND,NO_GO,HOLD,13.33,NORMAL,PRO,DEFENSIVE,1.0,0.50,Aegean:FLAT(0.50)|Orion:LONG(0.20),Regime: TREND (Orion 2x). Score: 0.13. Low Conviction (<0.35).,LOW_CONVICTION,0.522579,MID,21.24,False,0.0,0.0,0.00,0.00
1688332380.0,TREND,NO_GO,HOLD,13.33,NORMAL,PRO,DEFENSIVE,1.0,0.50,Aegean:FLAT(0.50)|Orion:LONG(0.20),Regime: TREND (Orion 2x). Score: 0.13. Low Conviction (<0.35).,LOW_CONVICTION,0.836024,MID,21.57,False,0.0,0.0,0.00,0.00
1688332440.0,TREND,NO_GO,HOLD,13.33,NORMAL,PRO,DEFENSIVE,1.0,0.50,Aegean:FLAT(0.50)|Orion:LONG(0.20),Regime: TREND (Orion 2x). Score: 0.13. Low Conviction (<0.35).,LOW_CONVICTION,1.656826,MID,22.91,False,0.0,0.0,0.00,0.00
1688332500.0,TREND,NO_GO,HOLD,13.33,NORMAL,PRO,DEFENSIVE,1.0,0.50,Aegean:FLAT(0.50)|Orion:LONG(0.20),Regime: TREND (Orion 2x). Score: 0.13. Low Conviction (<0.35).,LOW_CONVICTION,-0.182494,MID,22.59,False,0.0,0.0,0.00,0.00
1688332560.0,TREND,NO_GO,HOLD,13.33,NORMAL,PRO,DEFENSIVE,1.0,0.50,Aegean:FLAT(0.50)|Orion:LONG(0.20),Regime: TREND (Orion 2x). Score: 0.13. Low Conviction (<0.35).,LOW_CONVICTION,0.920141,MID,22.22,False,0.0,0.0,0.00,0.00
1688332620.0,TREND,NO_GO,HOLD,13.33,NORMAL,PRO,DEFENSIVE,1.0,0.50,Aegean:FLAT(0.50)|Orion:SHORT(0.20),Regime: TREND (Orion 2x). Score: -0.13. Low Conviction (<0.35).,LOW_CONVICTION,-0.870349,MID,22.60,False,0.0,0.0,0.00,0.00
1688332680.0,TREND,NO_GO,HOLD,13.33,NORMAL,PRO,DEFENSIVE,1.0,0.50,Aegean:FLAT(0.50)|Orion:LONG(0.20),Regime: TREND (Orion 2x). Score: 0.13. Low Conviction (<0.35).,LOW_CONVICTION,0.592011,MID,22.96,False,0.0,0.0,0.00,0.00
1688332740.0,TREND,NO_GO,HOLD,13.33,NORMAL,PRO,DEFENSIVE,1.0,0.50,Aegean:FLAT(0.50)|Orion:SHORT(0.20),Regime: TREND (Orion 2x). Score: -0.13. Low Conviction (<0.35).,LOW_CONVICTION,-0.819028,MID,23.29,False,0.0,0.0,0.00,0.00
1688332800.0,TREND,NO_GO,HOLD,13.33,NORMAL,PRO,DEFENSIVE,1.0,0.50,Aegean:FLAT(0.50)|Orion:LONG(0.20),Regime: TREND (Orion 2x). Score: 0.13. Low Conviction (<0.35).,LOW_CONVICTION,0.521731,MID,23.64,False,0.0,0.0,0.00,0.00
1688332860.0,TREND,NO_GO,HOLD,13.33,NORMAL,PRO,DEFENSIVE,1.0,0.50,Aegean:FLAT(0.50)|Orion:SHORT(0.20),Regime: TREND (Orion 2x). Score: -0.13. Low Conviction (<0.35).,LOW_CONVICTION,-0.800349,MID,23.42,False,0.0,0.0,0.00,0.00
1688332920.0,TREND,NO_GO,HOLD,13.33,NORMAL,PRO,DEFENSIVE,1.0,0.50,Aegean:FLAT(0.50)|Orion:SHORT(0.20),Regime: TREND (Orion 2x). Score: -0.13. Low Conviction (<0.35).,LOW_CONVICTION,-0.531725,MID,23.21,False,0.0,0.0,0.00,0.00
1688332980.0,TREND,NO_GO,HOLD,13.33,NORMAL,PRO,DEFENSIVE,1.0,0.50,Aegean:FLAT(0.50)|Orion:SHORT(0.20),Regime: TREND (Orion 2x). Score: -0.13. Low Conviction (<0.35).,LOW_CONVICTION,-0.083942,MID,21.68,False,0.0,0.0,0.00,0.00
1688333040.0,CHOP,NO_GO,HOLD,13.33,NORMAL,PRO,DEFENSIVE,1.0,0.50,Aegean:FLAT(0.50)|Orion:SHORT(0.20),Regime: CHOP (Reduced Weights). Score: -0.13. Low Conviction (<0.35).,LOW_CONVICTION,-0.325633,MID,20.84,False,0.0,0.0,0.00,0.00
1688333100.0,CHOP,NO_GO,HOLD,13.33,NORMAL,PRO,DEFENSIVE,1.0,0.50,Aegean:FLAT(0.50)|Orion:LONG(0.20),Regime: CHOP (Reduced Weights). Score: 0.13. Low Conviction (<0.35).,LOW_CONVICTION,1.014816,MID,20.69,False,0.0,0.0,0.00,0.00
1688333160.0,CHOP,NO_GO,HOLD,13.33,NORMAL,PRO,DEFENSIVE,1.0,0.50,Aegean:FLAT(0.50)|Orion:LONG(0.20),Regime: CHOP (Reduced Weights). Score: 0.13. Low Conviction (<0.35).,LOW_CONVICTION,0.465605,MID,20.75,False,0.0,0.0,0.00,0.00
1688333220.0,CHOP,NO_GO,HOLD,13.33,NORMAL,PRO,DEFENSIVE,1.0,0.50,Aegean:FLAT(0.50)|Orion:LONG(0.20),Regime: CHOP (Reduced Weights). Score: 0.13. Low Conviction (<0.35).,LOW_CONVICTION,0.567847,MID,21.09,False,0.0,0.0,0.00,0.00
1688333280.0,CHOP,NO_GO,HOLD,13.33,NORMAL,PRO,DEFENSIVE,1.0,0.50,Aegean:FLAT(0.50)|Orion:LONG(0.20),Regime: CHOP (Reduced Weights). Score: 0.13. Low Conviction (<0.35).,LOW_CONVICTION,0.287129,MID,21.26,False,0.0,0.0,0.00,0.00
1688333340.0,CHOP,NO_GO,HOLD,13.33,NORMAL,PRO,DEFENSIVE,1.0,0.50,Aegean:FLAT(0.50)|Orion:LONG(0.20),Regime: CHOP (Reduced Weights). Score: 0.13. Low Conviction (<0.35).,LOW_CONVICTION,0.701944,MID,21.51,False,0.0,0.0,0.00,0.00
1688333400.0,CHOP,NO_GO,HOLD,13.33,NORMAL,PRO,DEFENSIVE,1.0,0.50,Aegean:FLAT(0.50)|Orion:SHORT(0.20),Regime: CHOP (Reduced Weights). Score: -0.13. Low Conviction (<0.35).,LOW_CONVICTION,-0.511937,MID,20.49,False,0.0,0.0,0.00,0.00
1688333460.0,CHOP,NO_GO,HOLD,13.33,NORMAL,PRO,DEFENSIVE,1.0,0.50,Aegean:FLAT(0.50)|Orion:LONG(0.20),Regime: CHOP (Reduced Weights). Score: 0.13. Low Conviction (<0.35).,LOW_CONVICTION,0.143571,MID,19.44,False,0.0,0.0,0.00,0.00
1688333520.0,CHOP,NO_GO,HOLD,13.33,NORMAL,PRO,DEFENSIVE,1.0,0.50,Aegean:FLAT(0.50)|Orion:LONG(0.20),Regime: CHOP (Reduced Weights). Score: 0.13. Low Conviction (<0.35).,LOW_CONVICTION,0.153895,MID,18.48,False,0.0,0.0,0.00,0.00
1688333580.0,CHOP,NO_GO,HOLD,13.33,NORMAL,PRO,DEFENSIVE,1.0,0.50,Aegean:FLAT(0.50)|Orion:SHORT(0.20),Regime: CHOP (Reduced Weights). Score: -0.13. Low Conviction (<0.35).,LOW_CONVICTION,-0.485456,MID,17.67,False,0.0,0.0,0.00,0.00
1688333640.0,CHOP,NO_GO,HOLD,13.33,NORMAL,PRO,DEFENSIVE,1.0,0.50,Aegean:FLAT(0.50)|Orion:SHORT(0.20),Regime: CHOP (Reduced Weights). Score: -0.13. Low Conviction (<0.35).,LOW_CONVICTION,-0.417048,MID,16.94,False,0.0,0.0,0.00,0.00
1688333700.0,CHOP,NO_GO,HOLD,13.33,NORMAL,PRO,DEFENSIVE,1.0,0.50,Aegean:FLAT(0.50)|Orion:LONG(0.20),Regime: CHOP (Reduced Weights). Score: 0.13. Low Conviction (<0.35).,LOW_CONVICTION,0.890294,MID,16.96,False,0.0,0.0,0.00,0.00
1688333760.0,CHOP,NO_GO,HOLD,13.33,NORMAL,PRO,DEFENSIVE,1.0,0.50,Aegean:FLAT(0.50)|Orion:LONG(0.20),Regime: CHOP (Reduced Weights). Score: 0.13. Low Conviction (<0.35).,LOW_CONVICTION,0.792111,MID,16.98,False,0.0,0.0,0.00,0.00
1688333820.0,CHOP,NO_GO,HOLD,13.33,NORMAL,PRO,DEFENSIVE,1.0,0.50,Aegean:FLAT(0.50)|Orion:LONG(0.20),Regime: CHOP (Reduced Weights). Score: 0.13. Low Conviction (<0.35).,LOW_CONVICTION,0.461047,MID,16.57,False,0.0,0.0,0.00,0.00
1688333880.0,CHOP,NO_GO,HOLD,13.33,NORMAL,PRO,DEFENSIVE,1.0,0.50,Aegean:FLAT(0.50)|Orion:SHORT(0.20),Regime: CHOP (Reduced Weights). Score: -0.13. Low Conviction (<0.35).,LOW_CONVICTION,-0.833882,MID,16.26,False,0.0,0.0,0.00,0.00
1688333940.0,CHOP,NO_GO,HOLD,13.33,NORMAL,PRO,DEFENSIVE,1.0,0.50,Aegean:FLAT(0.50)|Orion:SHORT(0.20),Regime: CHOP (Reduced Weights). Score: -0.13. Low Conviction (<0.35).,LOW_CONVICTION,-0.229431,MID,15.97,False,0.0,0.0,0.00,0.00
1688334000.0,CHOP,NO_GO,HOLD,13.33,NORMAL,PRO,DEFENSIVE,1.0,0.50,Aegean:FLAT(0.50)|Orion:SHORT(0.20),Regime: CHOP (Reduced Weights). Score: -0.13. Low Conviction (<0.35).,LOW_CONVICTION,-1.007422,MID,16.02,False,0.0,0.0,0.00,0.00
1688334060.0,CHOP,NO_GO,HOLD,13.33,NORMAL,PRO,DEFENSIVE,1.0,0.50,Aegean:FLAT(0.50)|Orion:SHORT(0.20),Regime: CHOP (Reduced Weights). Score: -0.13. Low Conviction (<0.35).,LOW_CONVICTION,-2.505824,DIP,17.53,False,0.0,0.0,0.00,0.00
1688334120.0,CHOP,NO_GO,HOLD,13.33,NORMAL,PRO,DEFENSIVE,1.0,0.50,Aegean:FLAT(0.30)|Orion:SHORT(0.20),Regime: CHOP (Reduced Weights). Score: -0.13. Low Conviction (<0.35).,LOW_CONVICTION,-3.693191,DIP,19.76,False,0.0,0.0,0.00,0.00
1688334180.0,CHOP,NO_GO,HOLD,13.33,NORMAL,PRO,DEFENSIVE,1.0,0.50,Aegean:FLAT(0.50)|Orion:SHORT(0.20),Regime: CHOP (Reduced Weights). Score: -0.13. Low Conviction (<0.35).,LOW_CONVICTION,-0.429193,MID,19.99,False,0.0,0.0,0.00,0.00
1688334240.0,CHOP,NO_GO,HOLD,13.33,NORMAL,PRO,DEFENSIVE,1.0,0.50,Aegean:FLAT(0.50)|Orion:LONG(0.20),Regime: CHOP (Reduced Weights). Score: 0.13. Low Conviction (<0.35).,LOW_CONVICTION,0.527293,MID,19.37,False,0.0,0.0,0.00,0.00
1688334300.0,CHOP,NO_GO,HOLD,13.33,NORMAL,PRO,DEFENSIVE,1.0,0.50,Aegean:FLAT(0.50)|Orion:LONG(0.20),Regime: CHOP (Reduced Weights). Score: 0.13. Low Conviction (<0.35).,LOW_CONVICTION,0.504284,MID,18.78,False,0.0,0.0,0.00,0.00
1688334360.0,CHOP,NO_GO,HOLD,13.33,NORMAL,PRO,DEFENSIVE,1.0,0.50,Aegean:FLAT(0.50)|Orion:SHORT(0.20),Regime: CHOP (Reduced Weights). Score: -0.13. Low Conviction (<0.35).,LOW_CONVICTION,-0.027124,MID,19.01,False,0.0,0.0,0.00,0.00
1688334420.0,CHOP,NO_GO,HOLD,13.33,NORMAL,PRO,DEFENSIVE,1.0,0.50,Aegean:FLAT(0.50)|Orion:SHORT(0.20),Regime: CHOP (Reduced Weights). Score: -0.13. Low Conviction (<0.35).,LOW_CONVICTION,-0.990345,MID,19.51,False,0.0,0.0,0.00,0.00
1688334480.0,CHOP,NO_GO,HOLD,13.33,NORMAL,PRO,DEFENSIVE,1.0,0.50,Aegean:FLAT(0.50)|Orion:SHORT(0.20),Regime: CHOP (Reduced Weights). Score: -0.13. Low Conviction (<0.35).,LOW_CONVICTION,-2.215074,MID,20.73,False,0.0,0.0,0.00,0.00
1688334540.0,TREND,NO_GO,HOLD,13.33,NORMAL,PRO,DEFENSIVE,1.0,0.50,Aegean:FLAT(0.50)|Orion:SHORT(0.20),Regime: TREND (Orion 2x). Score: -0.13. Low Conviction (<0.35).,LOW_CONVICTION,-0.839963,MID,21.64,False,0.0,0.0,0.00,0.00
1688334600.0,TREND,NO_GO,HOLD,13.33,NORMAL,PRO,DEFENSIVE,1.0,0.50,Aegean:FLAT(0.50)|Orion:SHORT(0.20),Regime: TREND (Orion 2x). Score: -0.13. Low Conviction (<0.35).,LOW_CONVICTION,-1.325076,MID,22.46,False,0.0,0.0,0.00,0.00
1688334660.0,TREND,NO_GO,HOLD,13.33,NORMAL,PRO,DEFENSIVE,1.0,0.50,Aegean:FLAT(0.50)|Orion:SHORT(0.20),Regime: TREND (Orion 2x). Score: -0.13. Low Conviction (<0.35).,LOW_CONVICTION,-0.234859,MID,22.77,False,0.0,0.0,0.00,0.00
1688334720.0,TREND,NO_GO,HOLD,13.33,NORMAL,PRO,DEFENSIVE,1.0,0.50,Aegean:FLAT(0.50)|Orion:SHORT(0.20),Regime: TREND (Orion 2x). Score: -0.13. Low Conviction (<0.35).,LOW_CONVICTION,-1.135069,MID,23.06,False,0.0,0.0,0.00,0.00
1688334780.0,TREND,NO_GO,HOLD,13.33,NORMAL,PRO,DEFENSIVE,1.0,0.50,Aegean:FLAT(0.50)|Orion:SHORT(0.20),Regime: TREND (Orion 2x). Score: -0.13. Low Conviction (<0.35).,LOW_CONVICTION,-1.501624,MID,23.65,False,0.0,0.0,0.00,0.00
1688334840.0,TREND,NO_GO,HOLD,10.91,NORMAL,PRO,DEFENSIVE,1.0,0.50,Aegean:FLAT(0.50)|Orion:SHORT(0.16),Regime: TREND (Orion 2x). Score: -0.11. Low Conviction (<0.35).,LOW_CONVICTION,-2.144736,MID,26.54,True,0.0,0.0,0.00,0.00
1688334900.0,TREND,NO_GO,HOLD,15.49,NORMAL,PRO,DEFENSIVE,1.0,0.50,Aegean:FLAT(0.50)|Orion:SHORT(0.23),Regime: TREND (Orion 2x). Score: -0.15. Low Conviction (<0.35).,LOW_CONVICTION,-1.961601,MID,29.29,True,0.0,0.0,0.00,0.00
1688334960.0,TREND,NO_GO,HOLD,19.73,NORMAL,PRO,DEFENSIVE,1.0,0.50,Aegean:FLAT(0.50)|Orion:SHORT(0.30),Regime: TREND (Orion 2x). Score: -0.20. Low Conviction (<0.35).,LOW_CONVICTION,-1.838520,MID,31.84,True,0.0,0.0,0.00,0.00
1688335020.0,TREND,NO_GO,HOLD,23.43,NORMAL,PRO,DEFENSIVE,1.0,0.50,Aegean:FLAT(0.50)|Orion:SHORT(0.35),Regime: TREND (Orion 2x). Score: -0.23. Low Conviction (<0.35).,LOW_CONVICTION,-1.490121,MID,34.06,True,0.0,0.0,0.00,0.00
1688335080.0,TREND,NO_GO,HOLD,26.87,NORMAL,PRO,DEFENSIVE,1.0,0.50,Aegean:FLAT(0.50)|Orion:SHORT(0.40),Regime: TREND (Orion 2x). Score: -0.27. Low Conviction (<0.35).,LOW_CONVICTION,-1.569510,MID,36.12,True,0.0,0.0,0.00,0.00
1688335140.0,TREND,NO_GO,HOLD,30.02,NORMAL,PRO,DEFENSIVE,1.0,0.50,Aegean:FLAT(0.50)|Orion:SHORT(0.45),Regime: TREND (Orion 2x). Score: -0.30. Low Conviction (<0.35).,LOW_CONVICTION,-1.179076,MID,38.01,True,0.0,0.0,0.00,0.00
1688335200.0,TREND,NO_GO,HOLD,29.35,NORMAL,PRO,DEFENSIVE,1.0,0.50,Aegean:FLAT(0.50)|Orion:SHORT(0.44),Regime: TREND (Orion 2x). Score: -0.29. Low Conviction (<0.35).,LOW_CONVICTION,0.908431,MID,37.61,True,0.0,0.0,0.00,0.00
1688335260.0,TREND,NO_GO,HOLD,29.11,NORMAL,PRO,DEFENSIVE,1.0,0.50,Aegean:FLAT(0.50)|Orion:SHORT(0.44),Regime: TREND (Orion 2x). Score: -0.29. Low Conviction (<0.35).,LOW_CONVICTION,-1.150539,MID,37.47,True,0.0,0.0,0.00,0.00
1688335320.0,TREND,NO_GO,HOLD,28.73,NORMAL,PRO,DEFENSIVE,1.0,0.50,Aegean:FLAT(0.50)|Orion:SHORT(0.43),Regime: TREND (Orion 2x). Score: -0.29. Low Conviction (<0.35).,LOW_CONVICTION,-0.163262,MID,37.24,True,0.0,0.0,0.00,0.00
1688335380.0,TREND,NO_GO,HOLD,27.57,NORMAL,PRO,DEFENSIVE,1.0,0.50,Aegean:FLAT(0.50)|Orion:SHORT(0.41),Regime: TREND (Orion 2x). Score: -0.28. Low Conviction (<0.35).,LOW_CONVICTION,0.014137,MID,36.54,True,0.0,0.0,0.00,0.00
1688335440.0,TREND,NO_GO,HOLD,26.49,NORMAL,PRO,DEFENSIVE,1.0,0.50,Aegean:FLAT(0.50)|Orion:SHORT(0.40),Regime: TREND (Orion 2x). Score: -0.26. Low Conviction (<0.35).,LOW_CONVICTION,-0.055823,MID,35.89,True,0.0,0.0,0.00,0.00
1688335500.0,TREND,NO_GO,HOLD,23.57,NORMAL,PRO,DEFENSIVE,1.0,0.50,Aegean:FLAT(0.50)|Orion:SHORT(0.35),Regime: TREND (Orion 2x). Score: -0.24. Low Conviction (<0.35).,LOW_CONVICTION,-0.170278,MID,34.14,True,0.0,0.0,0.00,0.00
1688335560.0,TREND,NO_GO,HOLD,19.76,NORMAL,PRO,DEFENSIVE,1.0,0.50,Aegean:FLAT(0.50)|Orion:LONG(0.30),Regime: TREND (Orion 2x). Score: 0.20. Low Conviction (<0.35).,LOW_CONVICTION,1.973226,TOP,31.85,True,0.0,0.0,0.00,0.00
1688335620.0,TREND,NO_GO,HOLD,16.38,NORMAL,PRO,DEFENSIVE,1.0,0.50,Aegean:FLAT(0.50)|Orion:LONG(0.25),Regime: TREND (Orion 2x). Score: 0.16. Low Conviction (<0.35).,LOW_CONVICTION,1.956828,TOP,29.83,True,0.0,0.0,0.00,0.00
1688335680.0,TREND,NO_GO,HOLD,13.18,NORMAL,PRO,DEFENSIVE,1.0,0.50,Aegean:FLAT(0.50)|Orion:SHORT(0.20),Regime: TREND (Orion 2x). Score: -0.13. Low Conviction (<0.35).,LOW_CONVICTION,0.718440,TOP,27.91,True,0.0,0.0,0.00,0.00
1688335740.0,TREND,NO_GO,HOLD,10.20,NORMAL,PRO,DEFENSIVE,1.0,0.50,Aegean:FLAT(0.50)|Orion:LONG(0.15),Regime: TREND (Orion 2x). Score: 0.10. Low Conviction (<0.35).,LOW_CONVICTION,0.783898,TOP,26.12,True,0.0,0.0,0.00,0.00
1688335800.0,TREND,NO_GO,HOLD,8.68,NORMAL,PRO,DEFENSIVE,1.0,0.50,Aegean:FLAT(0.50)|Orion:SHORT(0.13),Regime: TREND (Orion 2x). Score: -0.09. Low Conviction (<0.35).,LOW_CONVICTION,-0.324885,MID,25.21,True,0.0,0.0,0.00,0.00
1688335860.0,TREND,NO_GO,HOLD,13.33,NORMAL,PRO,DEFENSIVE,1.0,0.50,Aegean:FLAT(0.50)|Orion:SHORT(0.20),Regime: TREND (Orion 2x). Score: -0.13. Low Conviction (<0.35).,LOW_CONVICTION,-0.291355,MID,24.36,False,0.0,0.0,0.00,0.00
1688335920.0,TREND,NO_GO,HOLD,13.33,NORMAL,PRO,DEFENSIVE,1.0,0.50,Aegean:FLAT(0.50)|Orion:SHORT(0.20),Regime: TREND (Orion 2x). Score: -0.13. Low Conviction (<0.35).,LOW_CONVICTION,0.201533,MID,23.15,False,0.0,0.0,0.00,0.00
1688335980.0,TREND,NO_GO,HOLD,13.33,NORMAL,PRO,DEFENSIVE,1.0,0.50,Aegean:FLAT(0.50)|Orion:SHORT(0.20),Regime: TREND (Orion 2x). Score: -0.13. Low Conviction (<0.35).,LOW_CONVICTION,0.497577,MID,22.02,False,0.0,0.0,0.00,0.00
1688336040.0,TREND,NO_GO,HOLD,13.33,NORMAL,PRO,DEFENSIVE,1.0,0.50,Aegean:FLAT(0.50)|Orion:LONG(0.20),Regime: TREND (Orion 2x). Score: 0.13. Low Conviction (<0.35).,LOW_CONVICTION,0.653281,MID,21.15,False,0.0,0.0,0.00,0.00
1688336100.0,TREND,NO_GO,HOLD,13.33,NORMAL,PRO,DEFENSIVE,1.0,0.50,Aegean:FLAT(0.50)|Orion:LONG(0.20),Regime: TREND (Orion 2x). Score: 0.13. Low Conviction (<0.35).,LOW_CONVICTION,1.879635,TOP,21.48,False,0.0,0.0,0.00,0.00
1688336160.0,TREND,NO_GO,HOLD,13.33,NORMAL,PRO,DEFENSIVE,1.0,0.50,Aegean:FLAT(0.50)|Orion:LONG(0.20),Regime: TREND (Orion 2x). Score: 0.13. Low Conviction (<0.35).,LOW_CONVICTION,2.369620,MID,22.58,False,0.0,0.0,0.00,0.00
1688336220.0,TREND,NO_GO,HOLD,13.33,NORMAL,PRO,DEFENSIVE,1.0,0.50,Aegean:FLAT(0.50)|Orion:LONG(0.20),Regime: TREND (Orion 2x). Score: 0.13. Low Conviction (<0.35).,LOW_CONVICTION,2.562582,TOP,23.59,False,0.0,0.0,0.00,0.00
1688336280.0,TREND,NO_GO,HOLD,13.33,NORMAL,PRO,DEFENSIVE,1.0,0.50,Aegean:FLAT(0.50)|Orion:LONG(0.20),Regime: TREND (Orion 2x). Score: 0.13. Low Conviction (<0.35).,LOW_CONVICTION,2.302831,TOP,24.89,False,0.0,0.0,0.00,0.00
1688336340.0,TREND,NO_GO,HOLD,10.11,NORMAL,PRO,DEFENSIVE,1.0,0.50,Aegean:FLAT(0.50)|Orion:LONG(0.15),Regime: TREND (Orion 2x). Score: 0.10. Low Conviction (<0.35).,LOW_CONVICTION,2.415123,TOP,26.06,True,0.0,0.0,0.00,0.00
1688336400.0,TREND,NO_GO,HOLD,13.17,NORMAL,PRO,DEFENSIVE,1.0,0.50,Aegean:FLAT(0.30)|Orion:LONG(0.20),Regime: TREND (Orion 2x). Score: 0.13. Low Conviction (<0.35).,LOW_CONVICTION,3.420347,TOP,27.90,True,0.0,0.0,0.00,0.00
1688336460.0,TREND,NO_GO,HOLD,16.19,NORMAL,PRO,DEFENSIVE,1.0,0.50,Aegean:FLAT(0.30)|Orion:LONG(0.24),Regime: TREND (Orion 2x). Score: 0.16. Low Conviction (<0.35).,LOW_CONVICTION,3.893119,TOP,29.71,True,0.0,0.0,0.00,0.00
1688336520.0,TREND,NO_GO,HOLD,19.10,NORMAL,PRO,DEFENSIVE,1.0,0.50,Aegean:FLAT(0.30)|Orion:LONG(0.29),Regime: TREND (Orion 2x). Score: 0.19. Low Conviction (<0.35).,LOW_CONVICTION,3.640421,TOP,31.46,True,0.0,0.0,0.00,0.00
1688336580.0,TREND,NO_GO,HOLD,21.85,NORMAL,PRO,DEFENSIVE,1.0,0.50,Aegean:FLAT(0.50)|Orion:LONG(0.33),Regime: TREND (Orion 2x). Score: 0.22. Low Conviction (<0.35).,LOW_CONVICTION,2.954180,TOP,33.11,True,0.0,0.0,0.00,0.00
1688336640.0,TREND,NO_GO,HOLD,24.75,NORMAL,PRO,DEFENSIVE,1.0,0.50,Aegean:FLAT(0.30)|Orion:LONG(0.37),Regime: TREND (Orion 2x). Score: 0.25. Low Conviction (<0.35).,LOW_CONVICTION,3.475687,TOP,34.85,True,0.0,0.0,0.00,0.00
1688336700.0,TREND,NO_GO,HOLD,29.24,NORMAL,PRO,DEFENSIVE,1.0,0.50,Aegean:FLAT(0.30)|Orion:LONG(0.44),Regime: TREND (Orion 2x). Score: 0.29. Low Conviction (<0.35).,LOW_CONVICTION,6.974488,TOP,37.54,True,0.0,0.0,0.00,0.00
1688336760.0,TREND,GO,BUY,56.72,NORMAL,PRO,DEFENSIVE,1.0,0.50,Aegean:LONG(0.70)|Orion:LONG(0.50),Regime: TREND (Orion 2x). Score: 0.57. Bullish Consensus.,,4.452343,MID,40.03,True,6.7,20.0,2.00,7.28
1688336820.0,TREND,GO,BUY,62.31,NORMAL,PRO,DEFENSIVE,1.0,0.50,Aegean:LONG(0.70)|Orion:LONG(0.58),Regime: TREND (Orion 2x). Score: 0.62. Bullish Consensus.,,10.855876,MID,43.39,True,10.9,20.0,2.00,9.06
1688336880.0,TREND,GO,BUY,44.21,NORMAL,PRO,DEFENSIVE,1.0,0.50,Aegean:FLAT(0.30)|Orion:LONG(0.66),Regime: TREND (Orion 2x). Score: 0.44. Bullish Consensus.,,13.187488,TOP,46.52,True,11.6,20.0,2.00,10.02
1688336940.0,TREND,GO,BUY,68.95,NORMAL,PRO,DEFENSIVE,1.0,0.50,Aegean:LONG(0.70)|Orion:LONG(0.68),Regime: TREND (Orion 2x). Score: 0.69. Bullish Consensus.,,5.332320,MID,47.37,True,13.2,20.0,2.00,8.62
1688337000.0,TREND,GO,BUY,70.08,NORMAL,PRO,DEFENSIVE,1.0,0.50,Aegean:LONG(0.70)|Orion:LONG(0.70),Regime: TREND (Orion 2x). Score: 0.70. Bullish Consensus.,,7.618541,MID,48.05,True,13.6,20.0,2.00,9.18
1688337060.0,TREND,GO,BUY,71.30,NORMAL,PRO,DEFENSIVE,1.0,0.50,Aegean:LONG(0.70)|Orion:LONG(0.72),Regime: TREND (Orion 2x). Score: 0.71. Bullish Consensus.,,8.084765,MID,48.78,True,13.4,20.0,2.00,9.38
1688337120.0,TREND,GO,BUY,73.21,NORMAL,PRO,DEFENSIVE,1.0,0.50,Aegean:LONG(0.70)|Orion:LONG(0.75),Regime: TREND (Orion 2x). Score: 0.73. Bullish Consensus.,,6.764944,MID,49.93,True,14.0,20.0,2.00,9.31
1688337180.0,TREND,GO,BUY,73.92,NORMAL,PRO,DEFENSIVE,1.0,0.50,Aegean:LONG(0.70)|Orion:LONG(0.76),Regime: TREND (Orion 2x). Score: 0.74. Bullish Consensus.,,7.305779,MID,50.35,True,14.1,20.0,2.00,9.48
1688337240.0,TREND,GO,BUY,51.75,NORMAL,PRO,DEFENSIVE,1.0,0.50,Aegean:FLAT(0.30)|Orion:LONG(0.78),Regime: TREND (Orion 2x). Score: 0.52. Bullish Consensus.,,8.617590,TOP,51.05,True,13.8,20.0,2.00,9.85
1688337300.0,TREND,GO,BUY,76.73,NORMAL,PRO,DEFENSIVE,1.0,0.50,Aegean:LONG(0.70)|Orion:LONG(0.80),Regime: TREND (Orion 2x). Score: 0.77. Bullish Consensus.,,3.486466,MID,52.04,True,15.4,20.0,2.00,9.01
1688337360.0,TREND,GO,BUY,78.20,NORMAL,PRO,DEFENSIVE,1.0,0.50,Aegean:LONG(0.70)|Orion:LONG(0.82),Regime: TREND (Orion 2x). Score: 0.78. Bullish Consensus.,,5.447510,MID,52.92,True,15.5,20.0,2.00,9.53
1688337420.0,TREND,GO,BUY,79.97,NORMAL,PRO,DEFENSIVE,1.0,0.50,Aegean:LONG(0.70)|Orion:LONG(0.85),Regime: TREND (Orion 2x). Score: 0.80. Bullish Consensus.,,6.097524,MID,53.98,True,15.5,20.0,2.00,9.83
1688337480.0,TREND,GO,BUY,80.80,NORMAL,PRO,DEFENSIVE,1.0,0.50,Aegean:LONG(0.70)|Orion:LONG(0.86),Regime: TREND (Orion 2x). Score: 0.81. Bullish Consensus.,,4.330475,MID,54.48,True,15.1,20.0,2.00,9.56
1688337540.0,TREND,GO,BUY,81.59,NORMAL,PRO,DEFENSIVE,1.0,0.50,Aegean:LONG(0.70)|Orion:LONG(0.87),Regime: TREND (Orion 2x). Score: 0.82. Bullish Consensus.,,3.517762,MID,54.96,True,14.6,20.0,2.00,9.48
1688337600.0,TREND,GO,BUY,57.70,NORMAL,PRO,DEFENSIVE,1.0,0.50,Aegean:FLAT(0.50)|Orion:LONG(0.87),Regime: TREND (Orion 2x). Score: 0.58. Bullish Consensus.,,2.003408,MID,54.62,True,14.2,20.0,2.00,9.13
1688337660.0,TREND,GO,SELL,52.91,NORMAL,PRO,DEFENSIVE,1.0,0.50,Aegean:FLAT(0.30)|Orion:SHORT(0.79),Regime: TREND (Orion 2x). Score: -0.53. Bearish Consensus.,,-10.148120,DIP,51.75,True,18.0,20.0,2.00,10.27
1688337720.0,TREND,GO,SELL,49.38,NORMAL,PRO,DEFENSIVE,1.0,0.50,Aegean:FLAT(0.30)|Orion:SHORT(0.74),Regime: TREND (Orion 2x). Score: -0.49. Bearish Consensus.,,-10.102898,DIP,49.63,True,19.0,20.0,2.00,9.92
1688337780.0,TREND,GO,SELL,72.29,NORMAL,PRO,DEFENSIVE,1.0,0.50,Aegean:SHORT(0.70)|Orion:SHORT(0.73),Regime: TREND (Orion 2x). Score: -0.72. Bearish Consensus.,,-14.180824,MID,49.37,True,23.6,20.0,2.00,10.69
1688337840.0,TREND,GO,SELL,71.91,NORMAL,PRO,DEFENSIVE,1.0,0.50,Aegean:SHORT(0.70)|Orion:SHORT(0.73),Regime: TREND (Orion 2x). Score: -0.72. Bearish Consensus.,,-9.555295,MID,49.14,True,23.6,20.0,2.00,9.74
1688337900.0,TREND,GO,SELL,69.94,NORMAL,PRO,DEFENSIVE,1.0,0.50,Aegean:SHORT(0.70)|Orion:SHORT(0.70),Regime: TREND (Orion 2x). Score: -0.70. Bearish Consensus.,,-5.386347,MID,47.96,True,23.5,20.0,2.00,8.73
1688337960.0,TREND,GO,SELL,68.05,NORMAL,PRO,DEFENSIVE,1.0,0.50,Aegean:SHORT(0.70)|Orion:SHORT(0.67),Regime: TREND (Orion 2x). Score: -0.68. Bearish Consensus.,,-7.206248,MID,46.83,True,22.9,20.0,2.00,8.91
1688338020.0,TREND,GO,SELL,66.99,NORMAL,PRO,DEFENSIVE,1.0,0.50,Aegean:SHORT(0.70)|Orion:SHORT(0.65),Regime: TREND (Orion 2x). Score: -0.67. Bearish Consensus.,,-8.500802,MID,46.19,True,22.8,20.0,2.00,9.06
1688338080.0,TREND,GO,SELL,65.99,NORMAL,PRO,DEFENSIVE,1.0,0.50,Aegean:SHORT(0.70)|Orion:SHORT(0.64),Regime: TREND (Orion 2x). Score: -0.66. Bearish Consensus.,,-6.057241,MID,45.59,True,22.1,20.0,2.00,8.48
1688338140.0,TREND,GO,SELL,64.13,NORMAL,PRO,DEFENSIVE,1.0,0.50,Aegean:SHORT(0.70)|Orion:SHORT(0.61),Regime: TREND (Orion 2x). Score: -0.64. Bearish Consensus.,,-4.035933,MID,44.48,True,21.7,20.0,2.00,7.91
1688338200.0,TREND,GO,SELL,38.52,NORMAL,PRO,DEFENSIVE,1.0,0.50,Aegean:FLAT(0.50)|Orion:SHORT(0.58),Regime: TREND (Orion 2x). Score: -0.39. Bearish Consensus.,,-1.283997,MID,43.11,True,21.0,20.0,2.00,7.15
1688338260.0,TREND,GO,BUY,35.41,NORMAL,PRO,DEFENSIVE,1.0,0.50,Aegean:FLAT(0.50)|Orion:LONG(0.53),Regime: TREND (Orion 2x). Score: 0.35. Bullish Consensus.,,1.007256,MID,41.25,True,20.3,20.0,2.00,6.80
1688338320.0,TREND,NO_GO,HOLD,32.17,NORMAL,PRO,DEFENSIVE,1.0,0.50,Aegean:FLAT(0.50)|Orion:SHORT(0.48),Regime: TREND (Orion 2x). Score: -0.32. Low Conviction (<0.35).,LOW_CONVICTION,-0.817890,MID,39.30,True,0.0,0.0,0.00,0.00
1688338380.0,TREND,NO_GO,HOLD,29.21,NORMAL,PRO,DEFENSIVE,1.0,0.50,Aegean:FLAT(0.50)|Orion:SHORT(0.44),Regime: TREND (Orion 2x). Score: -0.29. Low Conviction (<0.35).,LOW_CONVICTION,-0.305560,MID,37.53,True,0.0,0.0,0.00,0.00
1688338440.0,TREND,NO_GO,HOLD,26.14,NORMAL,PRO,DEFENSIVE,1.0,0.50,Aegean:FLAT(0.50)|Orion:LONG(0.39),Regime: TREND (Orion 2x). Score: 0.26. Low Conviction (<0.35).,LOW_CONVICTION,1.811828,MID,35.68,True,0.0,0.0,0.00,0.00
1688338500.0,TREND,NO_GO,HOLD,23.52,NORMAL,PRO,DEFENSIVE,1.0,0.50,Aegean:FLAT(0.50)|Orion:SHORT(0.35),Regime: TREND (Orion 2x). Score: -0.24. Low Conviction (<0.35).,LOW_CONVICTION,0.577309,MID,34.11,True,0.0,0.0,0.00,0.00
1688338560.0,TREND,NO_GO,HOLD,21.14,NORMAL,PRO,DEFENSIVE,1.0,0.50,Aegean:FLAT(0.50)|Orion:SHORT(0.32),Regime: TREND (Orion 2x). Score: -0.21. Low Conviction (<0.35).,LOW_CONVICTION,-0.151323,MID,32.69,True,0.0,0.0,0.00,0.00
1688338620.0,TREND,NO_GO,HOLD,18.68,NORMAL,PRO,DEFENSIVE,1.0,0.50,Aegean:FLAT(0.50)|Orion:SHORT(0.28),Regime: TREND (Orion 2x). Score: -0.19. Low Conviction (<0.35).,LOW_CONVICTION,0.858423,MID,31.21,True,0.0,0.0,0.00,0.00
1688338680.0,TREND,NO_GO,HOLD,15.79,NORMAL,PRO,DEFENSIVE,1.0,0.50,Aegean:FLAT(0.50)|Orion:LONG(0.24),Regime: TREND (Orion 2x). Score: 0.16. Low Conviction (<0.35).,LOW_CONVICTION,1.797927,MID,29.47,True,0.0,0.0,0.00,0.00
1688338740.0,TREND,NO_GO,HOLD,13.10,NORMAL,PRO,DEFENSIVE,1.0,0.50,Aegean:FLAT(0.50)|Orion:LONG(0.20),Regime: TREND (Orion 2x). Score: 0.13. Low Conviction (<0.35).,LOW_CONVICTION,1.457665,MID,27.86,True,0.0,0.0,0.00,0.00
1688338800.0,TREND,NO_GO,HOLD,11.41,NORMAL,PRO,DEFENSIVE,1.0,0.50,Aegean:FLAT(0.50)|Orion:SHORT(0.17),Regime: TREND (Orion 2x). Score: -0.11. Low Conviction (<0.35).,LOW_CONVICTION,-0.571925,MID,26.85,True,0.0,0.0,0.00,0.00
1688338860.0,TREND,NO_GO,HOLD,9.84,NORMAL,PRO,DEFENSIVE,1.0,0.50,Aegean:FLAT(0.50)|Orion:SHORT(0.15),Regime: TREND (Orion 2x). Score: -0.10. Low Conviction (<0.35).,LOW_CONVICTION,0.471351,TOP,25.91,True,0.0,0.0,0.00,0.00
1688338920.0,TREND,NO_GO,HOLD,9.19,NORMAL,PRO,DEFENSIVE,1.0,0.50,Aegean:FLAT(0.50)|Orion:SHORT(0.14),Regime: TREND (Orion 2x). Score: -0.09. Low Conviction (<0.35).,LOW_CONVICTION,-0.903254,TOP,25.51,True,0.0,0.0,0.00,0.00
1688338980.0,TREND,NO_GO,HOLD,8.55,NORMAL,PRO,DEFENSIVE,1.0,0.50,Aegean:FLAT(0.50)|Orion:SHORT(0.13),Regime: TREND (Orion 2x). Score: -0.09. Low Conviction (<0.35).,LOW_CONVICTION,-0.679143,MID,25.13,True,0.0,0.0,0.00,0.00
1688339040.0,TREND,NO_GO,HOLD,13.33,NORMAL,PRO,DEFENSIVE,1.0,0.50,Aegean:FLAT(0.50)|Orion:SHORT(0.20),Regime: TREND (Orion 2x). Score: -0.13. Low Conviction (<0.35).,LOW_CONVICTION,-1.321059,MID,24.88,False,0.0,0.0,0.00,0.00
1688339100.0,TREND,NO_GO,HOLD,33.21,NORMAL,PRO,DEFENSIVE,1.0,0.50,Aegean:SHORT(0.70)|Orion:SHORT(0.15),Regime: TREND (Orion 2x). Score: -0.33. Low Conviction (<0.35).,LOW_CONVICTION,-3.344990,MID,25.92,True,0.0,0.0,0.00,0.00
1688339160.0,TREND,NO_GO,HOLD,11.52,NORMAL,PRO,DEFENSIVE,1.0,0.50,Aegean:FLAT(0.50)|Orion:SHORT(0.17),Regime: TREND (Orion 2x). Score: -0.12. Low Conviction (<0.35).,LOW_CONVICTION,-2.405541,MID,26.91,True,0.0,0.0,0.00,0.00
1688339220.0,TREND,NO_GO,HOLD,13.56,NORMAL,PRO,DEFENSIVE,1.0,0.50,Aegean:FLAT(0.50)|Orion:SHORT(0.20),Regime: TREND (Orion 2x). Score: -0.14. Low Conviction (<0.35).,LOW_CONVICTION,-2.460067,MID,28.14,True,0.0,0.0,0.00,0.00
1688339280.0,TREND,NO_GO,HOLD,13.29,NORMAL,PRO,DEFENSIVE,1.0,0.50,Aegean:FLAT(0.50)|Orion:SHORT(0.20),Regime: TREND (Orion 2x). Score: -0.13. Low Conviction (<0.35).,LOW_CONVICTION,-2.020020,MID,27.97,True,0.0,0.0,0.00,0.00
1688339340.0,TREND,NO_GO,HOLD,13.17,NORMAL,PRO,DEFENSIVE,1.0,0.50,Aegean:FLAT(0.50)|Orion:SHORT(0.20),Regime: TREND (Orion 2x). Score: -0.13. Low Conviction (<0.35).,LOW_CONVICTION,-1.931066,MID,27.90,True,0.0,0.0,0.00,0.00
1688339400.0,TREND,NO_GO,HOLD,13.06,NORMAL,PRO,DEFENSIVE,1.0,0.50,Aegean:FLAT(0.50)|Orion:SHORT(0.20),Regime: TREND (Orion 2x). Score: -0.13. Low Conviction (<0.35).,LOW_CONVICTION,-0.860352,MID,27.83,True,0.0,0.0,0.00,0.00
1688339460.0,TREND,NO_GO,HOLD,12.32,NORMAL,PRO,DEFENSIVE,1.0,0.50,Aegean:FLAT(0.50)|Orion:SHORT(0.18),Regime: TREND (Orion 2x). Score: -0.12. Low Conviction (<0.35).,LOW_CONVICTION,-1.867135,MID,27.39,True,0.0,0.0,0.00,0.00
1688339520.0,TREND,NO_GO,HOLD,11.65,NORMAL,PRO,DEFENSIVE,1.0,0.50,Aegean:FLAT(0.50)|Orion:SHORT(0.17),Regime: TREND (Orion 2x). Score: -0.12. Low Conviction (<0.35).,LOW_CONVICTION,-0.532890,MID,26.99,True,0.0,0.0,0.00,0.00
1688339580.0,TREND,NO_GO,HOLD,10.52,NORMAL,PRO,DEFENSIVE,1.0,0.50,Aegean:FLAT(0.50)|Orion:SHORT(0.16),Regime: TREND (Orion 2x). Score: -0.11. Low Conviction (<0.35).,LOW_CONVICTION,-1.159787,MID,26.31,True,0.0,0.0,0.00,0.00
1688339640.0,TREND,NO_GO,HOLD,9.55,NORMAL,PRO,DEFENSIVE,1.0,0.50,Aegean:FLAT(0.50)|Orion:SHORT(0.14),Regime: TREND (Orion 2x). Score: -0.10. Low Conviction (<0.35).,LOW_CONVICTION,-1.017562,MID,25.73,True,0.0,0.0,0.00,0.00
1688339700.0,TREND,NO_GO,HOLD,9.00,NORMAL,PRO,DEFENSIVE,1.0,0.50,Aegean:FLAT(0.50)|Orion:SHORT(0.13),Regime: TREND (Orion 2x). Score: -0.09. Low Conviction (<0.35).,LOW_CONVICTION,-1.530808,MID,25.40,True,0.0,0.0,0.00,0.00
1688339760.0,TREND,NO_GO,HOLD,10.34,NORMAL,PRO,DEFENSIVE,1.0,0.50,Aegean:FLAT(0.30)|Orion:SHORT(0.16),Regime: TREND (Orion 2x). Score: -0.10. Low Conviction (<0.35).,LOW_CONVICTION,-4.541832,DIP,26.20,True,0.0,0.0,0.00,0.00
1688339820.0,TREND,NO_GO,HOLD,11.58,NORMAL,PRO,DEFENSIVE,1.0,0.50,Aegean:FLAT(0.30)|Orion:SHORT(0.17),Regime: TREND (Orion 2x). Score: -0.12. Low Conviction (<0.35).,LOW_CONVICTION,-3.924497,DIP,26.95,True,0.0,0.0,0.00,0.00
1688339880.0,TREND,NO_GO,HOLD,13.49,NORMAL,PRO,DEFENSIVE,1.0,0.50,Aegean:FLAT(0.30)|Orion:SHORT(0.20),Regime: TREND (Orion 2x). Score: -0.13. Low Conviction (<0.35).,LOW_CONVICTION,-4.676786,DIP,28.09,True,0.0,0.0,0.00,0.00
1688339940.0,TREND,NO_GO,HOLD,14.97,NORMAL,PRO,DEFENSIVE,1.0,0.50,Aegean:FLAT(0.50)|Orion:SHORT(0.22),Regime: TREND (Orion 2x). Score: -0.15. Low Conviction (<0.35).,LOW_CONVICTION,-2.886782,MID,28.98,True,0.0,0.0,0.00,0.00
1688340000.0,TREND,NO_GO,HOLD,15.21,NORMAL,PRO,DEFENSIVE,1.0,0.50,Aegean:FLAT(0.50)|Orion:SHORT(0.23),Regime: TREND (Orion 2x). Score: -0.15. Low Conviction (<0.35).,LOW_CONVICTION,-1.318509,MID,29.12,True,0.0,0.0,0.00,0.00
1688340060.0,TREND,NO_GO,HOLD,15.71,NORMAL,PRO,DEFENSIVE,1.0,0.50,Aegean:FLAT(0.50)|Orion:SHORT(0.24),Regime: TREND (Orion 2x). Score: -0.16. Low Conviction (<0.35).,LOW_CONVICTION,-2.956318,DIP,29.43,True,0.0,0.0,0.00,0.00
1688340120.0,TREND,NO_GO,HOLD,15.88,NORMAL,PRO,DEFENSIVE,1.0,0.50,Aegean:FLAT(0.50)|Orion:SHORT(0.24),Regime: TREND (Orion 2x). Score: -0.16. Low Conviction (<0.35).,LOW_CONVICTION,-1.639723,MID,29.53,True,0.0,0.0,0.00,0.00
1688340180.0,TREND,NO_GO,HOLD,16.03,NORMAL,PRO,DEFENSIVE,1.0,0.50,Aegean:FLAT(0.50)|Orion:SHORT(0.24),Regime: TREND (Orion 2x). Score: -0.16. Low Conviction (<0.35).,LOW_CONVICTION,-2.278155,MID,29.62,True,0.0,0.0,0.00,0.00
1688340240.0,TREND,NO_GO,HOLD,16.78,NORMAL,PRO,DEFENSIVE,1.0,0.50,Aegean:FLAT(0.50)|Orion:SHORT(0.25),Regime: TREND (Orion 2x). Score: -0.17. Low Conviction (<0.35).,LOW_CONVICTION,-2.454474,DIP,30.07,True,0.0,0.0,0.00,0.00
1688340300.0,TREND,NO_GO,HOLD,15.49,NORMAL,PRO,DEFENSIVE,1.0,0.50,Aegean:FLAT(0.50)|Orion:SHORT(0.23),Regime: TREND (Orion 2x). Score: -0.15. Low Conviction (<0.35).,LOW_CONVICTION,-0.244190,MID,29.29,True,0.0,0.0,0.00,0.00
1688340360.0,TREND,NO_GO,HOLD,14.30,NORMAL,PRO,DEFENSIVE,1.0,0.50,Aegean:FLAT(0.50)|Orion:SHORT(0.21),Regime: TREND (Orion 2x). Score: -0.14. Low Conviction (<0.35).,LOW_CONVICTION,-0.448162,MID,28.58,True,0.0,0.0,0.00,0.00
1688340420.0,TREND,NO_GO,HOLD,13.22,NORMAL,PRO,DEFENSIVE,1.0,0.50,Aegean:FLAT(0.50)|Orion:SHORT(0.20),Regime: TREND (Orion 2x). Score: -0.13. Low Conviction (<0.35).,LOW_CONVICTION,-0.438492,MID,27.93,True,0.0,0.0,0.00,0.00
1688340480.0,TREND,NO_GO,HOLD,10.20,NORMAL,PRO,DEFENSIVE,1.0,0.50,Aegean:FLAT(0.50)|Orion:SHORT(0.15),Regime: TREND (Orion 2x). Score: -0.10. Low Conviction (<0.35).,LOW_CONVICTION,1.907876,MID,26.12,True,0.0,0.0,0.00,0.00
1688340540.0,TREND,NO_GO,HOLD,13.33,NORMAL,PRO,DEFENSIVE,1.0,0.50,Aegean:FLAT(0.50)|Orion:SHORT(0.20),Regime: TREND (Orion 2x). Score: -0.13. Low Conviction (<0.35).,LOW_CONVICTION,1.205070,MID,24.43,False,0.0,0.0,0.00,0.00
1688340600.0,TREND,NO_GO,HOLD,13.33,NORMAL,PRO,DEFENSIVE,1.0,0.50,Aegean:FLAT(0.50)|Orion:SHORT(0.20),Regime: TREND (Orion 2x). Score: -0.13. Low Conviction (<0.35).,LOW_CONVICTION,0.386356,MID,23.17,False,0.0,0.0,0.00,0.00
1688340660.0,CHOP,NO_GO,HOLD,13.33,NORMAL,PRO,DEFENSIVE,1.0,0.50,Aegean:FLAT(0.50)|Orion:SHORT(0.20),Regime: CHOP (Reduced Weights). Score: -0.13. Low Conviction (<0.35).,LOW_CONVICTION,-0.470917,MID,21.53,False,0.0,0.0,0.00,0.00
1688340720.0,CHOP,NO_GO,HOLD,13.33,NORMAL,PRO,DEFENSIVE,1.0,0.50,Aegean:FLAT(0.50)|Orion:SHORT(0.20),Regime: CHOP (Reduced Weights). Score: -0.13. Low Conviction (<0.35).,LOW_CONVICTION,-0.761593,MID,20.34,False,0.0,0.0,0.00,0.00
1688340780.0,CHOP,NO_GO,HOLD,13.33,NORMAL,PRO,DEFENSIVE,1.0,0.50,Aegean:FLAT(0.50)|Orion:SHORT(0.20),Regime: CHOP (Reduced Weights). Score: -0.13. Low Conviction (<0.35).,LOW_CONVICTION,-2.947909,DIP,20.52,False,0.0,0.0,0.00,0.00
1688340840.0,CHOP,NO_GO,HOLD,13.33,NORMAL,PRO,DEFENSIVE,1.0,0.50,Aegean:FLAT(0.50)|Orion:SHORT(0.20),Regime: CHOP (Reduced Weights). Score: -0.13. Low Conviction (<0.35).,LOW_CONVICTION,-1.064095,MID,20.56,False,0.0,0.0,0.00,0.00
1688340900.0,CHOP,NO_GO,HOLD,13.33,NORMAL,PRO,DEFENSIVE,1.0,0.50,Aegean:FLAT(0.50)|Orion:SHORT(0.20),Regime: CHOP (Reduced Weights). Score: -0.13. Low Conviction (<0.35).,LOW_CONVICTION,-1.879797,MID,20.61,False,0.0,0.0,0.00,0.00
1688340960.0,CHOP,NO_GO,HOLD,13.33,NORMAL,PRO,DEFENSIVE,1.0,0.50,Aegean:FLAT(0.50)|Orion:SHORT(0.20),Regime: CHOP (Reduced Weights). Score: -0.13. Low Conviction (<0.35).,LOW_CONVICTION,-1.536087,MID,20.64,False,0.0,0.0,0.00,0.00
1688341020.0,CHOP,NO_GO,HOLD,13.33,NORMAL,PRO,DEFENSIVE,1.0,0.50,Aegean:FLAT(0.50)|Orion:SHORT(0.20),Regime: CHOP (Reduced Weights). Score: -0.13. Low Conviction (<0.35).,LOW_CONVICTION,-2.466717,DIP,21.14,False,0.0,0.0,0.00,0.00
1688341080.0,CHOP,NO_GO,HOLD,13.33,NORMAL,PRO,DEFENSIVE,1.0,0.50,Aegean:FLAT(0.50)|Orion:SHORT(0.20),Regime: CHOP (Reduced Weights). Score: -0.13. Low Conviction (<0.35).,LOW_CONVICTION,-1.989823,DIP,21.70,False,0.0,0.0,0.00,0.00
1688341140.0,TREND,NO_GO,HOLD,13.33,NORMAL,PRO,DEFENSIVE,1.0,0.50,Aegean:FLAT(0.50)|Orion:SHORT(0.20),Regime: TREND (Orion 2x). Score: -0.13. Low Conviction (<0.35).,LOW_CONVICTION,-1.562481,DIP,21.44,False,0.0,0.0,0.00,0.00
1688341200.0,CHOP,NO_GO,HOLD,13.33,NORMAL,PRO,DEFENSIVE,1.0,0.50,Aegean:FLAT(0.50)|Orion:SHORT(0.20),Regime: CHOP (Reduced Weights). Score: -0.13. Low Conviction (<0.35).,LOW_CONVICTION,0.111066,MID,20.29,False,0.0,0.0,0.00,0.00
1688341260.0,CHOP,NO_GO,HOLD,13.33,NORMAL,PRO,DEFENSIVE,1.0,0.50,Aegean:FLAT(0.50)|Orion:SHORT(0.20),Regime: CHOP (Reduced Weights). Score: -0.13. Low Conviction (<0.35).,LOW_CONVICTION,2.039829,MID,19.55,False,0.0,0.0,0.00,0.00
1688341320.0,CHOP,NO_GO,HOLD,13.33,NORMAL,PRO,DEFENSIVE,1.0,0.50,Aegean:FLAT(0.50)|Orion:SHORT(0.20),Regime: CHOP (Reduced Weights). Score: -0.13. Low Conviction (<0.35).,LOW_CONVICTION,0.796732,MID,18.97,False,0.0,0.0,0.00,0.00
1688341380.0,CHOP,NO_GO,HOLD,13.33,NORMAL,PRO,DEFENSIVE,1.0,0.50,Aegean:FLAT(0.50)|Orion:SHORT(0.20),Regime: CHOP (Reduced Weights). Score: -0.13. Low Conviction (<0.35).,LOW_CONVICTION,1.402126,MID,18.42,False,0.0,0.0,0.00,0.00
1688341440.0,CHOP,NO_GO,HOLD,13.33,NORMAL,PRO,DEFENSIVE,1.0,0.50,Aegean:FLAT(0.50)|Orion:LONG(0.20),Regime: CHOP (Reduced Weights). Score: 0.13. Low Conviction (<0.35).,LOW_CONVICTION,1.734632,MID,18.19,False,0.0,0.0,0.00,0.00
1688341500.0,CHOP,NO_GO,HOLD,13.33,NORMAL,PRO,DEFENSIVE,1.0,0.50,Aegean:FLAT(0.50)|Orion:LONG(0.20),Regime: CHOP (Reduced Weights). Score: 0.13. Low Conviction (<0.35).,LOW_CONVICTION,1.554134,MID,17.99,False,0.0,0.0,0.00,0.00
1688341560.0,CHOP,NO_GO,HOLD,13.33,NORMAL,PRO,DEFENSIVE,1.0,0.50,Aegean:FLAT(0.50)|Orion:LONG(0.20),Regime: CHOP (Reduced Weights). Score: 0.13. Low Conviction (<0.35).,LOW_CONVICTION,1.366654,MID,17.75,False,0.0,0.0,0.00,0.00
1688341620.0,CHOP,NO_GO,HOLD,13.33,NORMAL,PRO,DEFENSIVE,1.0,0.50,Aegean:FLAT(0.50)|Orion:SHORT(0.20),Regime: CHOP (Reduced Weights). Score: -0.13. Low Conviction (<0.35).,LOW_CONVICTION,0.108370,MID,16.51,False,0.0,0.0,0.00,0.00
1688341680.0,CHOP,NO_GO,HOLD,13.33,NORMAL,PRO,DEFENSIVE,1.0,0.50,Aegean:FLAT(0.50)|Orion:SHORT(0.20),Regime: CHOP (Reduced Weights). Score: -0.13. Low Conviction (<0.35).,LOW_CONVICTION,-1.440057,MID,16.43,False,0.0,0.0,0.00,0.00
1688341740.0,CHOP,NO_GO,HOLD,13.33,NORMAL,PRO,DEFENSIVE,1.0,0.50,Aegean:FLAT(0.50)|Orion:SHORT(0.20),Regime: CHOP (Reduced Weights). Score: -0.13. Low Conviction (<0.35).,LOW_CONVICTION,-0.981279,MID,16.38,False,0.0,0.0,0.00,0.00
1688341800.0,CHOP,NO_GO,HOLD,13.33,NORMAL,PRO,DEFENSIVE,1.0,0.50,Aegean:FLAT(0.50)|Orion:SHORT(0.20),Regime: CHOP (Reduced Weights). Score: -0.13. Low Conviction (<0.35).,LOW_CONVICTION,-0.636106,MID,16.31,False,0.0,0.0,0.00,0.00
1688341860.0,CHOP,NO_GO,HOLD,13.33,NORMAL,PRO,DEFENSIVE,1.0,0.50,Aegean:FLAT(0.50)|Orion:LONG(0.20),Regime: CHOP (Reduced Weights). Score: 0.13. Low Conviction (<0.35).,LOW_CONVICTION,2.185429,TOP,16.21,False,0.0,0.0,0.00,0.00
1688341920.0,CHOP,NO_GO,HOLD,13.33,NORMAL,PRO,DEFENSIVE,1.0,0.50,Aegean:FLAT(0.50)|Orion:LONG(0.20),Regime: CHOP (Reduced Weights). Score: 0.13. Low Conviction (<0.35).,LOW_CONVICTION,1.872053,TOP,16.09,False,0.0,0.0,0.00,0.00
1688341980.0,CHOP,NO_GO,HOLD,13.33,NORMAL,PRO,DEFENSIVE,1.0,0.50,Aegean:FLAT(0.30)|Orion:LONG(0.20),Regime: CHOP (Reduced Weights). Score: 0.13. Low Conviction (<0.35).,LOW_CONVICTION,4.233924,TOP,17.45,False,0.0,0.0,0.00,0.00
1688342040.0,CHOP,GO,BUY,36.67,NORMAL,PRO,DEFENSIVE,1.0,0.50,Aegean:LONG(0.70)|Orion:LONG(0.20),Regime: CHOP (Reduced Weights). Score: 0.37. Bullish Consensus.,,3.107783,MID,18.72,False,4.5,20.0,2.00,3.60
1688342100.0,CHOP,NO_GO,HOLD,13.33,NORMAL,PRO,DEFENSIVE,1.0,0.50,Aegean:FLAT(0.30)|Orion:LONG(0.20),Regime: CHOP (Reduced Weights). Score: 0.13. Low Conviction (<0.35).,LOW_CONVICTION,3.599784,TOP,20.23,False,0.0,0.0,0.00,0.00
1688342160.0,TREND,NO_GO,HOLD,13.33,NORMAL,PRO,DEFENSIVE,1.0,0.50,Aegean:FLAT(0.50)|Orion:LONG(0.20),Regime: TREND (Orion 2x). Score: 0.13. Low Conviction (<0.35).,LOW_CONVICTION,2.606081,MID,21.61,False,0.0,0.0,0.00,0.00
1688342220.0,TREND,NO_GO,HOLD,13.33,NORMAL,PRO,DEFENSIVE,1.0,0.50,Aegean:FLAT(0.50)|Orion:LONG(0.20),Regime: TREND (Orion 2x). Score: 0.13. Low Conviction (<0.35).,LOW_CONVICTION,1.505511,MID,22.11,False,0.0,0.0,0.00,0.00
1688342280.0,TREND,NO_GO,HOLD,13.33,NORMAL,PRO,DEFENSIVE,1.0,0.50,Aegean:FLAT(0.50)|Orion:LONG(0.20),Regime: TREND (Orion 2x). Score: 0.13. Low Conviction (<0.35).,LOW_CONVICTION,1.569783,MID,22.57,False,0.0,0.0,0.00,0.00
1688342340.0,TREND,NO_GO,HOLD,13.33,NORMAL,PRO,DEFENSIVE,1.0,0.50,Aegean:FLAT(0.50)|Orion:LONG(0.20),Regime: TREND (Orion 2x). Score: 0.13. Low Conviction (<0.35).,LOW_CONVICTION,1.399999,MID,23.02,False,0.0,0.0,0.00,0.00
1688342400.0,TREND,NO_GO,HOLD,13.33,NORMAL,PRO,DEFENSIVE,1.0,0.50,Aegean:FLAT(0.50)|Orion:LONG(0.20),Regime: TREND (Orion 2x). Score: 0.13. Low Conviction (<0.35).,LOW_CONVICTION,1.723570,MID,23.77,False,0.0,0.0,0.00,0.00
1688342460.0,TREND,NO_GO,HOLD,13.33,NORMAL,PRO,DEFENSIVE,1.0,0.50,Aegean:FLAT(0.50)|Orion:LONG(0.20),Regime: TREND (Orion 2x). Score: 0.13. Low Conviction (<0.35).,LOW_CONVICTION,0.257732,MID,23.39,False,0.0,0.0,0.00,0.00
1688342520.0,TREND,NO_GO,HOLD,13.33,NORMAL,PRO,DEFENSIVE,1.0,0.50,Aegean:FLAT(0.50)|Orion:LONG(0.20),Regime: TREND (Orion 2x). Score: 0.13. Low Conviction (<0.35).,LOW_CONVICTION,2.051696,MID,23.79,False,0.0,0.0,0.00,0.00
1688342580.0,TREND,NO_GO,HOLD,13.33,NORMAL,PRO,DEFENSIVE,1.0,0.50,Aegean:FLAT(0.50)|Orion:LONG(0.20),Regime: TREND (Orion 2x). Score: 0.13. Low Conviction (<0.35).,LOW_CONVICTION,0.320982,MID,24.17,False,0.0,0.0,0.00,0.00
1688342640.0,TREND,NO_GO,HOLD,8.44,NORMAL,PRO,DEFENSIVE,1.0,0.50,Aegean:FLAT(0.50)|Orion:LONG(0.13),Regime: TREND (Orion 2x). Score: 0.08. Low Conviction (<0.35).,LOW_CONVICTION,1.632434,MID,25.06,True,0.0,0.0,0.00,0.00
1688342700.0,TREND,NO_GO,HOLD,9.28,NORMAL,PRO,DEFENSIVE,1.0,0.50,Aegean:FLAT(0.50)|Orion:LONG(0.14),Regime: TREND (Orion 2x). Score: 0.09. Low Conviction (<0.35).,LOW_CONVICTION,-0.155731,MID,25.57,True,0.0,0.0,0.00,0.00
1688342760.0,TREND,NO_GO,HOLD,10.31,NORMAL,PRO,DEFENSIVE,1.0,0.50,Aegean:FLAT(0.50)|Orion:LONG(0.15),Regime: TREND (Orion 2x). Score: 0.10. Low Conviction (<0.35).,LOW_CONVICTION,0.950529,MID,26.19,True,0.0,0.0,0.00,0.00
1688342820.0,TREND,NO_GO,HOLD,11.07,NORMAL,PRO,DEFENSIVE,1.0,0.50,Aegean:FLAT(0.50)|Orion:LONG(0.17),Regime: TREND (Orion 2x). Score: 0.11. Low Conviction (<0.35).,LOW_CONVICTION,0.481496,MID,26.64,True,0.0,0.0,0.00,0.00
1688342880.0,TREND,NO_GO,HOLD,13.17,NORMAL,PRO,DEFENSIVE,1.0,0.50,Aegean:FLAT(0.50)|Orion:LONG(0.20),Regime: TREND (Orion 2x). Score: 0.13. Low Conviction (<0.35).,LOW_CONVICTION,1.797570,TOP,27.90,True,0.0,0.0,0.00,0.00
1688342940.0,TREND,NO_GO,HOLD,15.08,NORMAL,PRO,DEFENSIVE,1.0,0.50,Aegean:FLAT(0.50)|Orion:LONG(0.23),Regime: TREND (Orion 2x). Score: 0.15. Low Conviction (<0.35).,LOW_CONVICTION,2.168261,TOP,29.05,True,0.0,0.0,0.00,0.00
1688343000.0,TREND,NO_GO,HOLD,16.86,NORMAL,PRO,DEFENSIVE,1.0,0.50,Aegean:FLAT(0.50)|Orion:LONG(0.25),Regime: TREND (Orion 2x). Score: 0.17. Low Conviction (<0.35).,LOW_CONVICTION,1.654253,TOP,30.11,True,0.0,0.0,0.00,0.00
1688343060.0,TREND,NO_GO,HOLD,18.92,NORMAL,PRO,DEFENSIVE,1.0,0.50,Aegean:FLAT(0.50)|Orion:LONG(0.28),Regime: TREND (Orion 2x). Score: 0.19. Low Conviction (<0.35).,LOW_CONVICTION,2.231868,TOP,31.35,True,0.0,0.0,0.00,0.00
1688343120.0,TREND,NO_GO,HOLD,21.12,NORMAL,PRO,DEFENSIVE,1.0,0.50,Aegean:FLAT(0.50)|Orion:LONG(0.32),Regime: TREND (Orion 2x). Score: 0.21. Low Conviction (<0.35).,LOW_CONVICTION,2.189737,TOP,32.67,True,0.0,0.0,0.00,0.00
1688343180.0,TREND,NO_GO,HOLD,23.93,NORMAL,PRO,DEFENSIVE,1.0,0.50,Aegean:FLAT(0.50)|Orion:LONG(0.36),Regime: TREND (Orion 2x). Score: 0.24. Low Conviction (<0.35).,LOW_CONVICTION,2.495941,MID,34.36,True,0.0,0.0,0.00,0.00
1688343240.0,TREND,NO_GO,HOLD,26.55,NORMAL,PRO,DEFENSIVE,1.0,0.50,Aegean:FLAT(0.50)|Orion:LONG(0.40),Regime: TREND (Orion 2x). Score: 0.27. Low Conviction (<0.35).,LOW_CONVICTION,2.937006,TOP,35.93,True,0.0,0.0,0.00,0.00
1688343300.0,TREND,NO_GO,HOLD,29.94,NORMAL,PRO,DEFENSIVE,1.0,0.50,Aegean:FLAT(0.30)|Orion:LONG(0.45),Regime: TREND (Orion 2x). Score: 0.30. Low Conviction (<0.35).,LOW_CONVICTION,3.906896,TOP,37.97,True,0.0,0.0,0.00,0.00
1688343360.0,TREND,NO_GO,HOLD,33.68,NORMAL,PRO,DEFENSIVE,1.0,0.50,Aegean:FLAT(0.30)|Orion:LONG(0.51),Regime: TREND (Orion 2x). Score: 0.34. Low Conviction (<0.35).,LOW_CONVICTION,5.015168,TOP,40.21,True,0.0,0.0,0.00,0.00
1688343420.0,TREND,GO,BUY,37.09,NORMAL,PRO,DEFENSIVE,1.0,0.50,Aegean:FLAT(0.30)|Orion:LONG(0.56),Regime: TREND (Orion 2x). Score: 0.37. Bullish Consensus.,,4.520329,TOP,42.26,True,5.7,20.0,2.00,7.64
1688343480.0,TREND,GO,BUY,40.52,NORMAL,PRO,DEFENSIVE,1.0,0.50,Aegean:FLAT(0.30)|Orion:LONG(0.61),Regime: TREND (Orion 2x). Score: 0.41. Bullish Consensus.,,3.690548,TOP,44.31,True,5.6,20.0,2.00,7.81
1688343540.0,TREND,GO,BUY,40.00,NORMAL,PRO,DEFENSIVE,1.0,0.50,Aegean:FLAT(0.30)|Orion:LONG(0.60),Regime: TREND (Orion 2x). Score: 0.40. Bullish Consensus.,,3.720281,TOP,44.00,True,6.0,20.0,2.00,7.77
1688343600.0,TREND,GO,BUY,39.75,NORMAL,PRO,DEFENSIVE,1.0,0.50,Aegean:FLAT(0.50)|Orion:LONG(0.60),Regime: TREND (Orion 2x). Score: 0.40. Bullish Consensus.,,2.222622,MID,43.85,True,6.0,20.0,2.00,7.45
1688343660.0,TREND,GO,BUY,36.35,NORMAL,PRO,DEFENSIVE,1.0,0.50,Aegean:FLAT(0.50)|Orion:LONG(0.55),Regime: TREND (Orion 2x). Score: 0.36. Bullish Consensus.,,-1.398434,MID,41.81,True,7.7,20.0,2.00,6.96
1688343720.0,TREND,NO_GO,HOLD,33.54,NORMAL,PRO,DEFENSIVE,1.0,0.50,Aegean:FLAT(0.50)|Orion:LONG(0.50),Regime: TREND (Orion 2x). Score: 0.34. Low Conviction (<0.35).,LOW_CONVICTION,-0.447310,MID,40.12,True,0.0,0.0,0.00,0.00
1688343780.0,TREND,NO_GO,HOLD,30.52,NORMAL,PRO,DEFENSIVE,1.0,0.50,Aegean:FLAT(0.50)|Orion:LONG(0.46),Regime: TREND (Orion 2x). Score: 0.31. Low Conviction (<0.35).,LOW_CONVICTION,0.439159,MID,38.31,True,0.0,0.0,0.00,0.00
1688343840.0,TREND,NO_GO,HOLD,27.29,NORMAL,PRO,DEFENSIVE,1.0,0.50,Aegean:FLAT(0.50)|Orion:LONG(0.41),Regime: TREND (Orion 2x). Score: 0.27. Low Conviction (<0.35).,LOW_CONVICTION,1.103049,MID,36.37,True,0.0,0.0,0.00,0.00
1688343900.0,TREND,NO_GO,HOLD,24.05,NORMAL,PRO,DEFENSIVE,1.0,0.50,Aegean:FLAT(0.50)|Orion:LONG(0.36),Regime: TREND (Orion 2x). Score: 0.24. Low Conviction (<0.35).,LOW_CONVICTION,0.293166,MID,34.43,True,0.0,0.0,0.00,0.00
1688343960.0,TREND,NO_GO,HOLD,22.23,NORMAL,PRO,DEFENSIVE,1.0,0.50,Aegean:FLAT(0.50)|Orion:LONG(0.33),Regime: TREND (Orion 2x). Score: 0.22. Low Conviction (<0.35).,LOW_CONVICTION,-0.179642,MID,33.34,True,0.0,0.0,0.00,0.00
1688344020.0,TREND,NO_GO,HOLD,19.47,NORMAL,PRO,DEFENSIVE,1.0,0.50,Aegean:FLAT(0.50)|Orion:LONG(0.29),Regime: TREND (Orion 2x). Score: 0.19. Low Conviction (<0.35).,LOW_CONVICTION,0.704710,MID,31.68,True,0.0,0.0,0.00,0.00
1688344080.0,TREND,NO_GO,HOLD,16.43,NORMAL,PRO,DEFENSIVE,1.0,0.50,Aegean:FLAT(0.50)|Orion:LONG(0.25),Regime: TREND (Orion 2x). Score: 0.16. Low Conviction (<0.35).,LOW_CONVICTION,1.338354,MID,29.86,True,0.0,0.0,0.00,0.00
1688344140.0,TREND,NO_GO,HOLD,13.38,NORMAL,PRO,DEFENSIVE,1.0,0.50,Aegean:FLAT(0.50)|Orion:LONG(0.20),Regime: TREND (Orion 2x). Score: 0.13. Low Conviction (<0.35).,LOW_CONVICTION,1.374832,MID,28.03,True,0.0,0.0,0.00,0.00
1688344200.0,TREND,NO_GO,HOLD,10.40,NORMAL,PRO,DEFENSIVE,1.0,0.50,Aegean:FLAT(0.50)|Orion:LONG(0.16),Regime: TREND (Orion 2x). Score: 0.10. Low Conviction (<0.35).,LOW_CONVICTION,1.032472,MID,26.24,True,0.0,0.0,0.00,0.00
1688344260.0,TREND,NO_GO,HOLD,10.03,NORMAL,PRO,DEFENSIVE,1.0,0.50,Aegean:FLAT(0.50)|Orion:LONG(0.15),Regime: TREND (Orion 2x). Score: 0.10. Low Conviction (<0.35).,LOW_CONVICTION,-1.016810,MID,26.02,True,0.0,0.0,0.00,0.00
1688344320.0,TREND,NO_GO,HOLD,10.09,NORMAL,PRO,DEFENSIVE,1.0,0.50,Aegean:FLAT(0.50)|Orion:LONG(0.15),Regime: TREND (Orion 2x). Score: 0.10. Low Conviction (<0.35).,LOW_CONVICTION,-1.695008,MID,26.06,True,0.0,0.0,0.00,0.00
1688344380.0,TREND,NO_GO,HOLD,10.59,NORMAL,PRO,DEFENSIVE,1.0,0.50,Aegean:FLAT(0.50)|Orion:LONG(0.16),Regime: TREND (Orion 2x). Score: 0.11. Low Conviction (<0.35).,LOW_CONVICTION,-0.749240,MID,26.35,True,0.0,0.0,0.00,0.00
1688344440.0,TREND,NO_GO,HOLD,10.90,NORMAL,PRO,DEFENSIVE,1.0,0.50,Aegean:FLAT(0.50)|Orion:LONG(0.16),Regime: TREND (Orion 2x). Score: 0.11. Low Conviction (<0.35).,LOW_CONVICTION,-1.341078,MID,26.54,True,0.0,0.0,0.00,0.00
1688344500.0,TREND,NO_GO,HOLD,12.74,NORMAL,PRO,DEFENSIVE,1.0,0.50,Aegean:FLAT(0.30)|Orion:SHORT(0.19),Regime: TREND (Orion 2x). Score: -0.13. Low Conviction (<0.35).,LOW_CONVICTION,-3.217433,DIP,27.64,True,0.0,0.0,0.00,0.00
1688344560.0,TREND,NO_GO,HOLD,15.36,NORMAL,PRO,DEFENSIVE,1.0,0.50,Aegean:FLAT(0.30)|Orion:SHORT(0.23),Regime: TREND (Orion 2x). Score: -0.15. Low Conviction (<0.35).,LOW_CONVICTION,-4.310495,DIP,29.21,True,0.0,0.0,0.00,0.00
1688344620.0,TREND,NO_GO,HOLD,17.84,NORMAL,PRO,DEFENSIVE,1.0,0.50,Aegean:FLAT(0.30)|Orion:SHORT(0.27),Regime: TREND (Orion 2x). Score: -0.18. Low Conviction (<0.35).,LOW_CONVICTION,-3.657079,DIP,30.70,True,0.0,0.0,0.00,0.00
1688344680.0,TREND,NO_GO,HOLD,19.65,NORMAL,PRO,DEFENSIVE,1.0,0.50,Aegean:FLAT(0.30)|Orion:SHORT(0.29),Regime: TREND (Orion 2x). Score: -0.20. Low Conviction (<0.35).,LOW_CONVICTION,-3.470710,DIP,31.79,True,0.0,0.0,0.00,0.00
1688344740.0,TREND,NO_GO,HOLD,20.98,NORMAL,PRO,DEFENSIVE,1.0,0.50,Aegean:FLAT(0.50)|Orion:SHORT(0.31),Regime: TREND (Orion 2x). Score: -0.21. Low Conviction (<0.35).,LOW_CONVICTION,-2.238183,DIP,32.59,True,0.0,0.0,0.00,0.00
1688344800.0,TREND,NO_GO,HOLD,22.73,NORMAL,PRO,DEFENSIVE,1.0,0.50,Aegean:FLAT(0.30)|Orion:SHORT(0.34),Regime: TREND (Orion 2x). Score: -0.23. Low Conviction (<0.35).,LOW_CONVICTION,-3.666759,DIP,33.64,True,0.0,0.0,0.00,0.00
1688344860.0,TREND,NO_GO,HOLD,24.59,NORMAL,PRO,DEFENSIVE,1.0,0.50,Aegean:FLAT(0.50)|Orion:SHORT(0.37),Regime: TREND (Orion 2x). Score: -0.25. Low Conviction (<0.35).,LOW_CONVICTION,-2.571080,MID,34.75,True,0.0,0.0,0.00,0.00
1688344920.0,TREND,NO_GO,HOLD,22.86,NORMAL,PRO,DEFENSIVE,1.0,0.50,Aegean:FLAT(0.50)|Orion:SHORT(0.34),Regime: TREND (Orion 2x). Score: -0.23. Low Conviction (<0.35).,LOW_CONVICTION,-0.217011,MID,33.72,True,0.0,0.0,0.00,0.00
1688344980.0,TREND,NO_GO,HOLD,21.26,NORMAL,PRO,DEFENSIVE,1.0,0.50,Aegean:FLAT(0.50)|Orion:SHORT(0.32),Regime: TREND (Orion 2x). Score: -0.21. Low Conviction (<0.35).,LOW_CONVICTION,-1.947062,MID,32.76,True,0.0,0.0,0.00,0.00
1688345040.0,TREND,NO_GO,HOLD,20.76,NORMAL,PRO,DEFENSIVE,1.0,0.50,Aegean:FLAT(0.50)|Orion:SHORT(0.31),Regime: TREND (Orion 2x). Score: -0.21. Low Conviction (<0.35).,LOW_CONVICTION,-1.924768,MID,32.46,True,0.0,0.0,0.00,0.00
1688345100.0,TREND,NO_GO,HOLD,18.85,NORMAL,PRO,DEFENSIVE,1.0,0.50,Aegean:FLAT(0.50)|Orion:SHORT(0.28),Regime: TREND (Orion 2x). Score: -0.19. Low Conviction (<0.35).,LOW_CONVICTION,-2.824430,DIP,31.31,True,0.0,0.0,0.00,0.00
1688345160.0,TREND,NO_GO,HOLD,17.14,NORMAL,PRO,DEFENSIVE,1.0,0.50,Aegean:FLAT(0.50)|Orion:SHORT(0.26),Regime: TREND (Orion 2x). Score: -0.17. Low Conviction (<0.35).,LOW_CONVICTION,-2.286845,DIP,30.28,True,0.0,0.0,0.00,0.00
1688345220.0,TREND,NO_GO,HOLD,15.32,NORMAL,PRO,DEFENSIVE,1.0,0.50,Aegean:FLAT(0.50)|Orion:SHORT(0.23),Regime: TREND (Orion 2x). Score: -0.15. Low Conviction (<0.35).,LOW_CONVICTION,-1.623955,MID,29.19,True,0.0,0.0,0.00,0.00
1688345280.0,TREND,NO_GO,HOLD,13.59,NORMAL,PRO,DEFENSIVE,1.0,0.50,Aegean:FLAT(0.50)|Orion:SHORT(0.20),Regime: TREND (Orion 2x). Score: -0.14. Low Conviction (<0.35).,LOW_CONVICTION,-1.479957,MID,28.15,True,0.0,0.0,0.00,0.00
1688345340.0,TREND,NO_GO,HOLD,10.24,NORMAL,PRO,DEFENSIVE,1.0,0.50,Aegean:FLAT(0.50)|Orion:SHORT(0.15),Regime: TREND (Orion 2x). Score: -0.10. Low Conviction (<0.35).,LOW_CONVICTION,-0.201028,MID,26.15,True,0.0,0.0,0.00,0.00
1688345400.0,TREND,NO_GO,HOLD,8.44,NORMAL,PRO,DEFENSIVE,1.0,0.50,Aegean:FLAT(0.50)|Orion:SHORT(0.13),Regime: TREND (Orion 2x). Score: -0.08. Low Conviction (<0.35).,LOW_CONVICTION,0.816751,MID,25.06,True,0.0,0.0,0.00,0.00
1688345460.0,TREND,NO_GO,HOLD,13.33,NORMAL,PRO,DEFENSIVE,1.0,0.50,Aegean:FLAT(0.50)|Orion:SHORT(0.20),Regime: TREND (Orion 2x). Score: -0.13. Low Conviction (<0.35).,LOW_CONVICTION,0.736429,MID,24.04,False,0.0,0.0,0.00,0.00
1688345520.0,TREND,NO_GO,HOLD,13.33,NORMAL,PRO,DEFENSIVE,1.0,0.50,Aegean:FLAT(0.50)|Orion:SHORT(0.20),Regime: TREND (Orion 2x). Score: -0.13. Low Conviction (<0.35).,LOW_CONVICTION,0.887644,MID,23.29,False,0.0,0.0,0.00,0.00
1688345580.0,TREND,NO_GO,HOLD,13.33,NORMAL,PRO,DEFENSIVE,1.0,0.50,Aegean:FLAT(0.50)|Orion:SHORT(0.20),Regime: TREND (Orion 2x). Score: -0.13. Low Conviction (<0.35).,LOW_CONVICTION,1.252648,MID,23.21,False,0.0,0.0,0.00,0.00
1688345640.0,TREND,NO_GO,HOLD,13.33,NORMAL,PRO,DEFENSIVE,1.0,0.50,Aegean:FLAT(0.50)|Orion:SHORT(0.20),Regime: TREND (Orion 2x). Score: -0.13. Low Conviction (<0.35).,LOW_CONVICTION,1.107108,TOP,23.14,False,0.0,0.0,0.00,0.00
1688345700.0,TREND,NO_GO,HOLD,13.33,NORMAL,PRO,DEFENSIVE,1.0,0.50,Aegean:FLAT(0.50)|Orion:SHORT(0.20),Regime: TREND (Orion 2x). Score: -0.13. Low Conviction (<0.35).,LOW_CONVICTION,0.178898,MID,22.28,False,0.0,0.0,0.00,0.00
1688345760.0,TREND,NO_GO,HOLD,13.33,NORMAL,PRO,DEFENSIVE,1.0,0.50,Aegean:FLAT(0.50)|Orion:SHORT(0.20),Regime: TREND (Orion 2x). Score: -0.13. Low Conviction (<0.35).,LOW_CONVICTION,0.491634,MID,21.43,False,0.0,0.0,0.00,0.00
1688345820.0,TREND,NO_GO,HOLD,13.33,NORMAL,PRO,DEFENSIVE,1.0,0.50,Aegean:FLAT(0.50)|Orion:SHORT(0.20),Regime: TREND (Orion 2x). Score: -0.13. Low Conviction (<0.35).,LOW_CONVICTION,1.218500,TOP,21.74,False,0.0,0.0,0.00,0.00
1688345880.0,TREND,NO_GO,HOLD,13.33,NORMAL,PRO,DEFENSIVE,1.0,0.50,Aegean:FLAT(0.50)|Orion:SHORT(0.20),Regime: TREND (Orion 2x). Score: -0.13. Low Conviction (<0.35).,LOW_CONVICTION,0.332227,MID,21.97,False,0.0,0.0,0.00,0.00
1688345940.0,TREND,NO_GO,HOLD,13.33,NORMAL,PRO,DEFENSIVE,1.0,0.50,Aegean:FLAT(0.50)|Orion:LONG(0.20),Regime: TREND (Orion 2x). Score: 0.13. Low Conviction (<0.35).,LOW_CONVICTION,1.511448,TOP,22.49,False,0.0,0.0,0.00,0.00
1688346000.0,TREND,NO_GO,HOLD,13.33,NORMAL,PRO,DEFENSIVE,1.0,0.50,Aegean:FLAT(0.50)|Orion:LONG(0.20),Regime: TREND (Orion 2x). Score: 0.13. Low Conviction (<0.35).,LOW_CONVICTION,1.715762,TOP,23.36,False,0.0,0.0,0.00,0.00
1688346060.0,TREND,NO_GO,HOLD,13.33,NORMAL,PRO,DEFENSIVE,1.0,0.50,Aegean:FLAT(0.50)|Orion:LONG(0.20),Regime: TREND (Orion 2x). Score: 0.13. Low Conviction (<0.35).,LOW_CONVICTION,1.899390,TOP,24.20,False,0.0,0.0,0.00,0.00
1688346120.0,TREND,NO_GO,HOLD,9.35,NORMAL,PRO,DEFENSIVE,1.0,0.50,Aegean:FLAT(0.50)|Orion:LONG(0.14),Regime: TREND (Orion 2x). Score: 0.09. Low Conviction (<0.35).,LOW_CONVICTION,2.771775,TOP,25.61,True,0.0,0.0,0.00,0.00
1688346180.0,TREND,NO_GO,HOLD,11.69,NORMAL,PRO,DEFENSIVE,1.0,0.50,Aegean:FLAT(0.50)|Orion:LONG(0.18),Regime: TREND (Orion 2x). Score: 0.12. Low Conviction (<0.35).,LOW_CONVICTION,2.400224,TOP,27.01,True,0.0,0.0,0.00,0.00
1688346240.0,TREND,NO_GO,HOLD,10.81,NORMAL,PRO,DEFENSIVE,1.0,0.50,Aegean:FLAT(0.50)|Orion:LONG(0.16),Regime: TREND (Orion 2x). Score: 0.11. Low Conviction (<0.35).,LOW_CONVICTION,1.138251,MID,26.49,True,0.0,0.0,0.00,0.00
1688346300.0,TREND,NO_GO,HOLD,9.99,NORMAL,PRO,DEFENSIVE,1.0,0.50,Aegean:FLAT(0.50)|Orion:LONG(0.15),Regime: TREND (Orion 2x). Score: 0.10. Low Conviction (<0.35).,LOW_CONVICTION,1.229757,MID,25.99,True,0.0,0.0,0.00,0.00
1688346360.0,TREND,NO_GO,HOLD,9.88,NORMAL,PRO,DEFENSIVE,1.0,0.50,Aegean:FLAT(0.50)|Orion:LONG(0.15),Regime: TREND (Orion 2x). Score: 0.10. Low Conviction (<0.35).,LOW_CONVICTION,0.583385,MID,25.93,True,0.0,0.0,0.00,0.00
1688346420.0,TREND,NO_GO,HOLD,8.77,NORMAL,PRO,DEFENSIVE,1.0,0.50,Aegean:FLAT(0.50)|Orion:LONG(0.13),Regime: TREND (Orion 2x). Score: 0.09. Low Conviction (<0.35).,LOW_CONVICTION,0.263072,MID,25.26,True,0.0,0.0,0.00,0.00
1688346480.0,TREND,NO_GO,HOLD,8.37,NORMAL,PRO,DEFENSIVE,1.0,0.50,Aegean:FLAT(0.50)|Orion:LONG(0.13),Regime: TREND (Orion 2x). Score: 0.08. Low Conviction (<0.35).,LOW_CONVICTION,0.997473,MID,25.02,True,0.0,0.0,0.00,0.00
1688346540.0,TREND,NO_GO,HOLD,8.75,NORMAL,PRO,DEFENSIVE,1.0,0.50,Aegean:FLAT(0.50)|Orion:LONG(0.13),Regime: TREND (Orion 2x). Score: 0.09. Low Conviction (<0.35).,LOW_CONVICTION,1.477036,TOP,25.25,True,0.0,0.0,0.00,0.00
1688346600.0,TREND,NO_GO,HOLD,10.10,NORMAL,PRO,DEFENSIVE,1.0,0.50,Aegean:FLAT(0.50)|Orion:LONG(0.15),Regime: TREND (Orion 2x). Score: 0.10. Low Conviction (<0.35).,LOW_CONVICTION,2.328158,TOP,26.06,True,0.0,0.0,0.00,0.00
1688346660.0,TREND,NO_GO,HOLD,9.95,NORMAL,PRO,DEFENSIVE,1.0,0.50,Aegean:FLAT(0.50)|Orion:LONG(0.15),Regime: TREND (Orion 2x). Score: 0.10. Low Conviction (<0.35).,LOW_CONVICTION,0.638175,MID,25.97,True,0.0,0.0,0.00,0.00
1688346720.0,TREND,NO_GO,HOLD,9.47,NORMAL,PRO,DEFENSIVE,1.0,0.50,Aegean:FLAT(0.50)|Orion:LONG(0.14),Regime: TREND (Orion 2x). Score: 0.09. Low Conviction (<0.35).,LOW_CONVICTION,0.519966,MID,25.68,True,0.0,0.0,0.00,0.00
1688346780.0,TREND,NO_GO,HOLD,8.88,NORMAL,PRO,DEFENSIVE,1.0,0.50,Aegean:FLAT(0.50)|Orion:LONG(0.13),Regime: TREND (Orion 2x). Score: 0.09. Low Conviction (<0.35).,LOW_CONVICTION,0.483531,MID,25.33,True,0.0,0.0,0.00,0.00
1688346840.0,TREND,NO_GO,HOLD,8.99,NORMAL,PRO,DEFENSIVE,1.0,0.50,Aegean:FLAT(0.50)|Orion:LONG(0.13),Regime: TREND (Orion 2x). Score: 0.09. Low Conviction (<0.35).,LOW_CONVICTION,0.994369,MID,25.40,True,0.0,0.0,0.00,0.00
1688346900.0,TREND,NO_GO,HOLD,9.35,NORMAL,PRO,DEFENSIVE,1.0,0.50,Aegean:FLAT(0.50)|Orion:LONG(0.14),Regime: TREND (Orion 2x). Score: 0.09. Low Conviction (<0.35).,LOW_CONVICTION,1.124450,MID,25.61,True,0.0,0.0,0.00,0.00
1688346960.0,TREND,NO_GO,HOLD,10.72,NORMAL,PRO,DEFENSIVE,1.0,0.50,Aegean:FLAT(0.50)|Orion:LONG(0.16),Regime: TREND (Orion 2x). Score: 0.11. Low Conviction (<0.35).,LOW_CONVICTION,0.492364,MID,26.43,True,0.0,0.0,0.00,0.00
1688347020.0,TREND,NO_GO,HOLD,11.94,NORMAL,PRO,DEFENSIVE,1.0,0.50,Aegean:FLAT(0.50)|Orion:LONG(0.18),Regime: TREND (Orion 2x). Score: 0.12. Low Conviction (<0.35).,LOW_CONVICTION,0.448738,MID,27.16,True,0.0,0.0,0.00,0.00
1688347080.0,TREND,NO_GO,HOLD,13.03,NORMAL,PRO,DEFENSIVE,1.0,0.50,Aegean:FLAT(0.50)|Orion:LONG(0.20),Regime: TREND (Orion 2x). Score: 0.13. Low Conviction (<0.35).,LOW_CONVICTION,0.387632,MID,27.82,True,0.0,0.0,0.00,0.00
1688347140.0,TREND,NO_GO,HOLD,14.62,NORMAL,PRO,DEFENSIVE,1.0,0.50,Aegean:FLAT(0.50)|Orion:LONG(0.22),Regime: TREND (Orion 2x). Score: 0.15. Low Conviction (<0.35).,LOW_CONVICTION,0.857694,MID,28.77,True,0.0,0.0,0.00,0.00
1688347200.0,TREND,NO_GO,HOLD,16.27,NORMAL,PRO,DEFENSIVE,1.0,0.50,Aegean:FLAT(0.50)|Orion:LONG(0.24),Regime: TREND (Orion 2x). Score: 0.16. Low Conviction (<0.35).,LOW_CONVICTION,0.905928,MID,29.76,True,0.0,0.0,0.00,0.00
1688347260.0,TREND,NO_GO,HOLD,15.95,NORMAL,PRO,DEFENSIVE,1.0,0.50,Aegean:FLAT(0.50)|Orion:LONG(0.24),Regime: TREND (Orion 2x). Score: 0.16. Low Conviction (<0.35).,LOW_CONVICTION,0.142483,MID,29.57,True,0.0,0.0,0.00,0.00
1688347320.0,TREND,NO_GO,HOLD,15.92,NORMAL,PRO,DEFENSIVE,1.0,0.50,Aegean:FLAT(0.50)|Orion:LONG(0.24),Regime: TREND (Orion 2x). Score: 0.16. Low Conviction (<0.35).,LOW_CONVICTION,1.017007,MID,29.55,True,0.0,0.0,0.00,0.00
1688347380.0,TREND,NO_GO,HOLD,15.90,NORMAL,PRO,DEFENSIVE,1.0,0.50,Aegean:FLAT(0.50)|Orion:LONG(0.24),Regime: TREND (Orion 2x). Score: 0.16. Low Conviction (<0.35).,LOW_CONVICTION,0.923155,MID,29.54,True,0.0,0.0,0.00,0.00
1688347440.0,TREND,NO_GO,HOLD,18.19,NORMAL,PRO,DEFENSIVE,1.0,0.50,Aegean:FLAT(0.50)|Orion:LONG(0.27),Regime: TREND (Orion 2x). Score: 0.18. Low Conviction (<0.35).,LOW_CONVICTION,2.812832,TOP,30.91,True,0.0,0.0,0.00,0.00
1688347500.0,TREND,NO_GO,HOLD,20.54,NORMAL,PRO,DEFENSIVE,1.0,0.50,Aegean:FLAT(0.50)|Orion:LONG(0.31),Regime: TREND (Orion 2x). Score: 0.21. Low Conviction (<0.35).,LOW_CONVICTION,2.793945,TOP,32.33,True,0.0,0.0,0.00,0.00
1688347560.0,TREND,NO_GO,HOLD,24.17,NORMAL,PRO,DEFENSIVE,1.0,0.50,Aegean:FLAT(0.30)|Orion:LONG(0.36),Regime: TREND (Orion 2x). Score: 0.24. Low Conviction (<0.35).,LOW_CONVICTION,3.928800,TOP,34.50,True,0.0,0.0,0.00,0.00
1688347620.0,TREND,GO,BUY,51.59,NORMAL,PRO,DEFENSIVE,1.0,0.50,Aegean:LONG(0.70)|Orion:LONG(0.42),Regime: TREND (Orion 2x). Score: 0.52. Bullish Consensus.,,3.768914,MID,36.96,True,4.3,20.0,2.00,6.65
1688347680.0,TREND,NO_GO,HOLD,29.54,NORMAL,PRO,DEFENSIVE,1.0,0.50,Aegean:FLAT(0.50)|Orion:LONG(0.44),Regime: TREND (Orion 2x). Score: 0.30. Low Conviction (<0.35).,LOW_CONVICTION,2.053809,MID,37.73,True,0.0,0.0,0.00,0.00
1688347740.0,TREND,NO_GO,HOLD,30.73,NORMAL,PRO,DEFENSIVE,1.0,0.50,Aegean:FLAT(0.50)|Orion:LONG(0.46),Regime: TREND (Orion 2x). Score: 0.31. Low Conviction (<0.35).,LOW_CONVICTION,2.493954,MID,38.44,True,0.0,0.0,0.00,0.00
1688347800.0,TREND,NO_GO,HOLD,32.61,NORMAL,PRO,DEFENSIVE,1.0,0.50,Aegean:FLAT(0.30)|Orion:LONG(0.49),Regime: TREND (Orion 2x). Score: 0.33. Low Conviction (<0.35).,LOW_CONVICTION,3.777387,TOP,39.56,True,0.0,0.0,0.00,0.00
1688347860.0,TREND,NO_GO,HOLD,34.61,NORMAL,PRO,DEFENSIVE,1.0,0.50,Aegean:FLAT(0.30)|Orion:LONG(0.52),Regime: TREND (Orion 2x). Score: 0.35. Low Conviction (<0.35).,LOW_CONVICTION,3.801518,TOP,40.77,True,0.0,0.0,0.00,0.00
1688347920.0,TREND,GO,BUY,60.43,NORMAL,PRO,DEFENSIVE,1.0,0.50,Aegean:LONG(0.70)|Orion:LONG(0.56),Regime: TREND (Orion 2x). Score: 0.60. Bullish Consensus.,,3.519654,MID,42.26,True,4.8,20.0,2.00,7.45
1688347980.0,TREND,GO,BUY,36.96,NORMAL,PRO,DEFENSIVE,1.0,0.50,Aegean:FLAT(0.30)|Orion:LONG(0.55),Regime: TREND (Orion 2x). Score: 0.37. Bullish Consensus.,,3.456849,TOP,42.18,True,5.1,20.0,2.00,7.42
1688348040.0,TREND,GO,BUY,38.11,NORMAL,PRO,DEFENSIVE,1.0,0.50,Aegean:FLAT(0.30)|Orion:LONG(0.57),Regime: TREND (Orion 2x). Score: 0.38. Bullish Consensus.,,5.260775,TOP,42.87,True,5.6,20.0,2.00,7.89
1688348100.0,TREND,GO,BUY,63.38,NORMAL,PRO,DEFENSIVE,1.0,0.50,Aegean:LONG(0.70)|Orion:LONG(0.60),Regime: TREND (Orion 2x). Score: 0.63. Bullish Consensus.,,3.623576,MID,44.03,True,6.4,20.0,2.00,7.75
1688348160.0,TREND,GO,BUY,39.26,NORMAL,PRO,DEFENSIVE,1.0,0.50,Aegean:FLAT(0.50)|Orion:LONG(0.59),Regime: TREND (Orion 2x). Score: 0.39. Bullish Consensus.,,1.914453,MID,43.55,True,6.6,20.0,2.00,7.34
1688348220.0,TREND,GO,BUY,36.77,NORMAL,PRO,DEFENSIVE,1.0,0.50,Aegean:FLAT(0.50)|Orion:LONG(0.55),Regime: TREND (Orion 2x). Score: 0.37. Bullish Consensus.,,-0.222980,MID,42.06,True,6.9,20.0,2.00,6.77
1688348280.0,TREND,NO_GO,HOLD,34.44,NORMAL,PRO,DEFENSIVE,1.0,0.50,Aegean:FLAT(0.50)|Orion:LONG(0.52),Regime: TREND (Orion 2x). Score: 0.34. Low Conviction (<0.35).,LOW_CONVICTION,0.440942,MID,40.67,True,0.0,0.0,0.00,0.00
1688348340.0,TREND,NO_GO,HOLD,33.04,NORMAL,PRO,DEFENSIVE,1.0,0.50,Aegean:FLAT(0.50)|Orion:LONG(0.50),Regime: TREND (Orion 2x). Score: 0.33. Low Conviction (<0.35).,LOW_CONVICTION,1.093318,MID,39.82,True,0.0,0.0,0.00,0.00
1688348400.0,TREND,NO_GO,HOLD,31.93,NORMAL,PRO,DEFENSIVE,1.0,0.50,Aegean:FLAT(0.50)|Orion:LONG(0.48),Regime: TREND (Orion 2x). Score: 0.32. Low Conviction (<0.35).,LOW_CONVICTION,1.584709,MID,39.16,True,0.0,0.0,0.00,0.00
1688348460.0,TREND,NO_GO,HOLD,29.86,NORMAL,PRO,DEFENSIVE,1.0,0.50,Aegean:FLAT(0.50)|Orion:LONG(0.45),Regime: TREND (Orion 2x). Score: 0.30. Low Conviction (<0.35).,LOW_CONVICTION,0.078853,MID,37.91,True,0.0,0.0,0.00,0.00
1688348520.0,TREND,NO_GO,HOLD,26.95,NORMAL,PRO,DEFENSIVE,1.0,0.50,Aegean:FLAT(0.50)|Orion:LONG(0.40),Regime: TREND (Orion 2x). Score: 0.27. Low Conviction (<0.35).,LOW_CONVICTION,-0.777250,MID,36.17,True,0.0,0.0,0.00,0.00
1688348580.0,TREND,NO_GO,HOLD,24.26,NORMAL,PRO,DEFENSIVE,1.0,0.50,Aegean:FLAT(0.50)|Orion:LONG(0.36),Regime: TREND (Orion 2x). Score: 0.24. Low Conviction (<0.35).,LOW_CONVICTION,-0.403042,MID,34.55,True,0.0,0.0,0.00,0.00
1688348640.0,TREND,NO_GO,HOLD,21.86,NORMAL,PRO,DEFENSIVE,1.0,0.50,Aegean:FLAT(0.50)|Orion:LONG(0.33),Regime: TREND (Orion 2x). Score: 0.22. Low Conviction (<0.35).,LOW_CONVICTION,-0.295166,MID,33.11,True,0.0,0.0,0.00,0.00
1688348700.0,TREND,NO_GO,HOLD,20.69,NORMAL,PRO,DEFENSIVE,1.0,0.50,Aegean:FLAT(0.50)|Orion:LONG(0.31),Regime: TREND (Orion 2x). Score: 0.21. Low Conviction (<0.35).,LOW_CONVICTION,-0.619575,DIP,32.41,True,0.0,0.0,0.00,0.00
1688348760.0,TREND,NO_GO,HOLD,18.49,NORMAL,PRO,DEFENSIVE,1.0,0.50,Aegean:FLAT(0.50)|Orion:LONG(0.28),Regime: TREND (Orion 2x). Score: 0.18. Low Conviction (<0.35).,LOW_CONVICTION,-1.433609,DIP,31.10,True,0.0,0.0,0.00,0.00
1688348820.0,TREND,NO_GO,HOLD,15.20,NORMAL,PRO,DEFENSIVE,1.0,0.50,Aegean:FLAT(0.50)|Orion:SHORT(0.23),Regime: TREND (Orion 2x). Score: -0.15. Low Conviction (<0.35).,LOW_CONVICTION,-2.092466,DIP,29.12,True,0.0,0.0,0.00,0.00
1688348880.0,TREND,NO_GO,HOLD,12.15,NORMAL,PRO,DEFENSIVE,1.0,0.50,Aegean:FLAT(0.50)|Orion:SHORT(0.18),Regime: TREND (Orion 2x). Score: -0.12. Low Conviction (<0.35).,LOW_CONVICTION,-1.904713,DIP,27.29,True,0.0,0.0,0.00,0.00
1688348940.0,TREND,NO_GO,HOLD,10.18,NORMAL,PRO,DEFENSIVE,1.0,0.50,Aegean:FLAT(0.50)|Orion:LONG(0.15),Regime: TREND (Orion 2x). Score: 0.10. Low Conviction (<0.35).,LOW_CONVICTION,-1.128241,DIP,26.11,True,0.0,0.0,0.00,0.00
1688349000.0,TREND,NO_GO,HOLD,8.35,NORMAL,PRO,DEFENSIVE,1.0,0.50,Aegean:FLAT(0.50)|Orion:SHORT(0.13),Regime: TREND (Orion 2x). Score: -0.08. Low Conviction (<0.35).,LOW_CONVICTION,-1.412776,DIP,25.01,True,0.0,0.0,0.00,0.00
1688349060.0,TREND,NO_GO,HOLD,13.33,NORMAL,PRO,DEFENSIVE,1.0,0.50,Aegean:FLAT(0.50)|Orion:SHORT(0.20),Regime: TREND (Orion 2x). Score: -0.13. Low Conviction (<0.35).,LOW_CONVICTION,-1.045952,DIP,23.99,False,0.0,0.0,0.00,0.00
1688349120.0,CHOP,NO_GO,HOLD,13.33,NORMAL,PRO,DEFENSIVE,1.0,0.50,Aegean:FLAT(0.50)|Orion:SHORT(0.20),Regime: CHOP (Reduced Weights). Score: -0.13. Low Conviction (<0.35).,LOW_CONVICTION,-1.205385,DIP,22.74,False,0.0,0.0,0.00,0.00
1688349180.0,TREND,NO_GO,HOLD,13.33,NORMAL,PRO,DEFENSIVE,1.0,0.50,Aegean:FLAT(0.50)|Orion:SHORT(0.20),Regime: TREND (Orion 2x). Score: -0.13. Low Conviction (<0.35).,LOW_CONVICTION,-1.401001,DIP,21.60,False,0.0,0.0,0.00,0.00
1688349240.0,CHOP,NO_GO,HOLD,13.33,NORMAL,PRO,DEFENSIVE,1.0,0.50,Aegean:FLAT(0.50)|Orion:SHORT(0.20),Regime: CHOP (Reduced Weights). Score: -0.13. Low Conviction (<0.35).,LOW_CONVICTION,-1.260103,DIP,20.52,False,0.0,0.0,0.00,0.00
1688349300.0,CHOP,NO_GO,HOLD,13.33,NORMAL,PRO,DEFENSIVE,1.0,0.50,Aegean:FLAT(0.50)|Orion:SHORT(0.20),Regime: CHOP (Reduced Weights). Score: -0.13. Low Conviction (<0.35).,LOW_CONVICTION,-1.023887,DIP,19.94,False,0.0,0.0,0.00,0.00
1688349360.0,CHOP,NO_GO,HOLD,13.33,NORMAL,PRO,DEFENSIVE,1.0,0.50,Aegean:FLAT(0.50)|Orion:SHORT(0.20),Regime: CHOP (Reduced Weights). Score: -0.13. Low Conviction (<0.35).,LOW_CONVICTION,-1.618755,DIP,18.59,False,0.0,0.0,0.00,0.00
1688349420.0,CHOP,NO_GO,HOLD,13.33,NORMAL,PRO,DEFENSIVE,1.0,0.50,Aegean:FLAT(0.50)|Orion:SHORT(0.20),Regime: CHOP (Reduced Weights). Score: -0.13. Low Conviction (<0.35).,LOW_CONVICTION,-1.092207,DIP,17.35,False,0.0,0.0,0.00,0.00
1688349480.0,CHOP,NO_GO,HOLD,13.33,NORMAL,PRO,DEFENSIVE,1.0,0.50,Aegean:FLAT(0.50)|Orion:SHORT(0.20),Regime: CHOP (Reduced Weights). Score: -0.13. Low Conviction (<0.35).,LOW_CONVICTION,-0.997737,DIP,16.26,False,0.0,0.0,0.00,0.00
1688349540.0,CHOP,NO_GO,HOLD,13.33,NORMAL,PRO,DEFENSIVE,1.0,0.50,Aegean:FLAT(0.50)|Orion:SHORT(0.20),Regime: CHOP (Reduced Weights). Score: -0.13. Low Conviction (<0.35).,LOW_CONVICTION,-1.395178,DIP,16.17,False,0.0,0.0,0.00,0.00
1688349600.0,CHOP,NO_GO,HOLD,13.33,NORMAL,PRO,DEFENSIVE,1.0,0.50,Aegean:FLAT(0.50)|Orion:SHORT(0.20),Regime: CHOP (Reduced Weights). Score: -0.13. Low Conviction (<0.35).,LOW_CONVICTION,-0.527583,MID,15.75,False,0.0,0.0,0.00,0.00
1688349660.0,CHOP,NO_GO,HOLD,13.33,NORMAL,PRO,DEFENSIVE,1.0,0.50,Aegean:FLAT(0.50)|Orion:SHORT(0.20),Regime: CHOP (Reduced Weights). Score: -0.13. Low Conviction (<0.35).,LOW_CONVICTION,0.224494,MID,14.66,False,0.0,0.0,0.00,0.00
1688349720.0,CHOP,NO_GO,HOLD,13.33,NORMAL,PRO,DEFENSIVE,1.0,0.50,Aegean:FLAT(0.50)|Orion:SHORT(0.20),Regime: CHOP (Reduced Weights). Score: -0.13. Low Conviction (<0.35).,LOW_CONVICTION,0.204085,MID,13.65,False,0.0,0.0,0.00,0.00
1688349780.0,CHOP,NO_GO,HOLD,13.33,NORMAL,PRO,DEFENSIVE,1.0,0.50,Aegean:FLAT(0.50)|Orion:LONG(0.20),Regime: CHOP (Reduced Weights). Score: 0.13. Low Conviction (<0.35).,LOW_CONVICTION,0.536609,MID,13.05,False,0.0,0.0,0.00,0.00
1688349840.0,CHOP,NO_GO,HOLD,13.33,NORMAL,PRO,DEFENSIVE,1.0,0.50,Aegean:FLAT(0.50)|Orion:LONG(0.20),Regime: CHOP (Reduced Weights). Score: 0.13. Low Conviction (<0.35).,LOW_CONVICTION,0.973706,MID,13.00,False,0.0,0.0,0.00,0.00
1688349900.0,CHOP,NO_GO,HOLD,13.33,NORMAL,PRO,DEFENSIVE,1.0,0.50,Aegean:FLAT(0.50)|Orion:LONG(0.20),Regime: CHOP (Reduced Weights). Score: 0.13. Low Conviction (<0.35).,LOW_CONVICTION,2.576324,TOP,14.36,False,0.0,0.0,0.00,0.00
1688349960.0,CHOP,NO_GO,HOLD,13.33,NORMAL,PRO,DEFENSIVE,1.0,0.50,Aegean:FLAT(0.30)|Orion:LONG(0.20),Regime: CHOP (Reduced Weights). Score: 0.13. Low Conviction (<0.35).,LOW_CONVICTION,3.264731,TOP,16.11,False,0.0,0.0,0.00,0.00
1688350020.0,CHOP,NO_GO,HOLD,13.33,NORMAL,PRO,DEFENSIVE,1.0,0.50,Aegean:FLAT(0.30)|Orion:LONG(0.20),Regime: CHOP (Reduced Weights). Score: 0.13. Low Conviction (<0.35).,LOW_CONVICTION,4.021658,TOP,18.26,False,0.0,0.0,0.00,0.00
1688350080.0,CHOP,NO_GO,HOLD,13.33,NORMAL,PRO,DEFENSIVE,1.0,0.50,Aegean:FLAT(0.30)|Orion:LONG(0.20),Regime: CHOP (Reduced Weights). Score: 0.13. Low Conviction (<0.35).,LOW_CONVICTION,3.253975,TOP,20.25,False,0.0,0.0,0.00,0.00
1688350140.0,CHOP,NO_GO,HOLD,13.33,NORMAL,PRO,DEFENSIVE,1.0,0.50,Aegean:FLAT(0.30)|Orion:LONG(0.20),Regime: CHOP (Reduced Weights). Score: 0.13. Low Conviction (<0.35).,LOW_CONVICTION,4.953386,TOP,22.80,False,0.0,0.0,0.00,0.00
1688350200.0,TREND,NO_GO,HOLD,9.12,NORMAL,PRO,DEFENSIVE,1.0,0.50,Aegean:FLAT(0.30)|Orion:LONG(0.14),Regime: TREND (Orion 2x). Score: 0.09. Low Conviction (<0.35).,LOW_CONVICTION,3.728081,TOP,25.47,True,0.0,0.0,0.00,0.00
1688350260.0,TREND,NO_GO,HOLD,9.66,NORMAL,PRO,DEFENSIVE,1.0,0.50,Aegean:FLAT(0.50)|Orion:LONG(0.14),Regime: TREND (Orion 2x). Score: 0.10. Low Conviction (<0.35).,LOW_CONVICTION,1.860743,MID,25.79,True,0.0,0.0,0.00,0.00
1688350320.0,TREND,NO_GO,HOLD,9.16,NORMAL,PRO,DEFENSIVE,1.0,0.50,Aegean:FLAT(0.50)|Orion:LONG(0.14),Regime: TREND (Orion 2x). Score: 0.09. Low Conviction (<0.35).,LOW_CONVICTION,0.914224,MID,25.49,True,0.0,0.0,0.00,0.00
1688350380.0,TREND,NO_GO,HOLD,9.42,NORMAL,PRO,DEFENSIVE,1.0,0.50,Aegean:FLAT(0.50)|Orion:LONG(0.14),Regime: TREND (Orion 2x). Score: 0.09. Low Conviction (<0.35).,LOW_CONVICTION,1.739678,MID,25.65,True,0.0,0.0,0.00,0.00
1688350440.0,TREND,NO_GO,HOLD,9.86,NORMAL,PRO,DEFENSIVE,1.0,0.50,Aegean:FLAT(0.50)|Orion:LONG(0.15),Regime: TREND (Orion 2x). Score: 0.10. Low Conviction (<0.35).,LOW_CONVICTION,0.924403,MID,25.92,True,0.0,0.0,0.00,0.00
1688350500.0,TREND,NO_GO,HOLD,11.16,NORMAL,PRO,DEFENSIVE,1.0,0.50,Aegean:FLAT(0.50)|Orion:LONG(0.17),Regime: TREND (Orion 2x). Score: 0.11. Low Conviction (<0.35).,LOW_CONVICTION,2.130240,MID,26.70,True,0.0,0.0,0.00,0.00
1688350560.0,TREND,NO_GO,HOLD,12.82,NORMAL,PRO,DEFENSIVE,1.0,0.50,Aegean:FLAT(0.50)|Orion:LONG(0.19),Regime: TREND (Orion 2x). Score: 0.13. Low Conviction (<0.35).,LOW_CONVICTION,2.130926,MID,27.69,True,0.0,0.0,0.00,0.00
1688350620.0,TREND,NO_GO,HOLD,13.37,NORMAL,PRO,DEFENSIVE,1.0,0.50,Aegean:FLAT(0.50)|Orion:LONG(0.20),Regime: TREND (Orion 2x). Score: 0.13. Low Conviction (<0.35).,LOW_CONVICTION,1.156435,MID,28.02,True,0.0,0.0,0.00,0.00
1688350680.0,TREND,NO_GO,HOLD,14.04,NORMAL,PRO,DEFENSIVE,1.0,0.50,Aegean:FLAT(0.50)|Orion:LONG(0.21),Regime: TREND (Orion 2x). Score: 0.14. Low Conviction (<0.35).,LOW_CONVICTION,1.982651,MID,28.42,True,0.0,0.0,0.00,0.00
1688350740.0,TREND,NO_GO,HOLD,14.78,NORMAL,PRO,DEFENSIVE,1.0,0.50,Aegean:FLAT(0.50)|Orion:LONG(0.22),Regime: TREND (Orion 2x). Score: 0.15. Low Conviction (<0.35).,LOW_CONVICTION,1.401664,MID,28.87,True,0.0,0.0,0.00,0.00
1688350800.0,TREND,NO_GO,HOLD,16.02,NORMAL,PRO,DEFENSIVE,1.0,0.50,Aegean:FLAT(0.50)|Orion:LONG(0.24),Regime: TREND (Orion 2x). Score: 0.16. Low Conviction (<0.35).,LOW_CONVICTION,2.357931,TOP,29.61,True,0.0,0.0,0.00,0.00
1688350860.0,TREND,NO_GO,HOLD,16.99,NORMAL,PRO,DEFENSIVE,1.0,0.50,Aegean:FLAT(0.50)|Orion:LONG(0.25),Regime: TREND (Orion 2x). Score: 0.17. Low Conviction (<0.35).,LOW_CONVICTION,1.472430,MID,30.20,True,0.0,0.0,0.00,0.00
1688350920.0,TREND,NO_GO,HOLD,16.48,NORMAL,PRO,DEFENSIVE,1.0,0.50,Aegean:FLAT(0.50)|Orion:LONG(0.25),Regime: TREND (Orion 2x). Score: 0.16. Low Conviction (<0.35).,LOW_CONVICTION,1.757997,MID,29.89,True,0.0,0.0,0.00,0.00
1688350980.0,TREND,NO_GO,HOLD,17.20,NORMAL,PRO,DEFENSIVE,1.0,0.50,Aegean:FLAT(0.50)|Orion:LONG(0.26),Regime: TREND (Orion 2x). Score: 0.17. Low Conviction (<0.35).,LOW_CONVICTION,2.310994,TOP,30.32,True,0.0,0.0,0.00,0.00
1688351040.0,TREND,NO_GO,HOLD,17.35,NORMAL,PRO,DEFENSIVE,1.0,0.50,Aegean:FLAT(0.50)|Orion:LONG(0.26),Regime: TREND (Orion 2x). Score: 0.17. Low Conviction (<0.35).,LOW_CONVICTION,1.371554,MID,30.41,True,0.0,0.0,0.00,0.00
1688351100.0,TREND,NO_GO,HOLD,17.81,NORMAL,PRO,DEFENSIVE,1.0,0.50,Aegean:FLAT(0.50)|Orion:LONG(0.27),Regime: TREND (Orion 2x). Score: 0.18. Low Conviction (<0.35).,LOW_CONVICTION,2.162455,TOP,30.69,True,0.0,0.0,0.00,0.00
1688351160.0,TREND,NO_GO,HOLD,18.39,NORMAL,PRO,DEFENSIVE,1.0,0.50,Aegean:FLAT(0.50)|Orion:LONG(0.28),Regime: TREND (Orion 2x). Score: 0.18. Low Conviction (<0.35).,LOW_CONVICTION,1.274149,MID,31.03,True,0.0,0.0,0.00,0.00
1688351220.0,TREND,NO_GO,HOLD,18.93,NORMAL,PRO,DEFENSIVE,1.0,0.50,Aegean:FLAT(0.50)|Orion:LONG(0.28),Regime: TREND (Orion 2x). Score: 0.19. Low Conviction (<0.35).,LOW_CONVICTION,1.564230,MID,31.36,True,0.0,0.0,0.00,0.00
1688351280.0,TREND,NO_GO,HOLD,19.37,NORMAL,PRO,DEFENSIVE,1.0,0.50,Aegean:FLAT(0.50)|Orion:LONG(0.29),Regime: TREND (Orion 2x). Score: 0.19. Low Conviction (<0.35).,LOW_CONVICTION,1.470481,TOP,31.62,True,0.0,0.0,0.00,0.00
1688351340.0,TREND,NO_GO,HOLD,21.09,NORMAL,PRO,DEFENSIVE,1.0,0.50,Aegean:FLAT(0.50)|Orion:LONG(0.32),Regime: TREND (Orion 2x). Score: 0.21. Low Conviction (<0.35).,LOW_CONVICTION,2.603710,TOP,32.66,True,0.0,0.0,0.00,0.00
1688351400.0,TREND,NO_GO,HOLD,24.07,NORMAL,PRO,DEFENSIVE,1.0,0.50,Aegean:FLAT(0.30)|Orion:LONG(0.36),Regime: TREND (Orion 2x). Score: 0.24. Low Conviction (<0.35).,LOW_CONVICTION,4.132973,TOP,34.44,True,0.0,0.0,0.00,0.00
1688351460.0,TREND,NO_GO,HOLD,27.04,NORMAL,PRO,DEFENSIVE,1.0,0.50,Aegean:FLAT(0.30)|Orion:LONG(0.41),Regime: TREND (Orion 2x). Score: 0.27. Low Conviction (<0.35).,LOW_CONVICTION,4.129345,TOP,36.23,True,0.0,0.0,0.00,0.00
1688351520.0,TREND,NO_GO,HOLD,26.43,NORMAL,PRO,DEFENSIVE,1.0,0.50,Aegean:FLAT(0.50)|Orion:LONG(0.40),Regime: TREND (Orion 2x). Score: 0.26. Low Conviction (<0.35).,LOW_CONVICTION,1.180222,MID,35.86,True,0.0,0.0,0.00,0.00
1688351580.0,TREND,NO_GO,HOLD,24.11,NORMAL,PRO,DEFENSIVE,1.0,0.50,Aegean:FLAT(0.50)|Orion:LONG(0.36),Regime: TREND (Orion 2x). Score: 0.24. Low Conviction (<0.35).,LOW_CONVICTION,2.101875,MID,34.47,True,0.0,0.0,0.00,0.00
1688351640.0,TREND,NO_GO,HOLD,23.45,NORMAL,PRO,DEFENSIVE,1.0,0.50,Aegean:FLAT(0.50)|Orion:LONG(0.35),Regime: TREND (Orion 2x). Score: 0.23. Low Conviction (<0.35).,LOW_CONVICTION,1.890040,MID,34.07,True,0.0,0.0,0.00,0.00
1688351700.0,TREND,NO_GO,HOLD,21.14,NORMAL,PRO,DEFENSIVE,1.0,0.50,Aegean:FLAT(0.50)|Orion:LONG(0.32),Regime: TREND (Orion 2x). Score: 0.21. Low Conviction (<0.35).,LOW_CONVICTION,1.199244,MID,32.68,True,0.0,0.0,0.00,0.00
1688351760.0,TREND,NO_GO,HOLD,19.61,NORMAL,PRO,DEFENSIVE,1.0,0.50,Aegean:FLAT(0.50)|Orion:LONG(0.29),Regime: TREND (Orion 2x). Score: 0.20. Low Conviction (<0.35).,LOW_CONVICTION,2.161326,MID,31.76,True,0.0,0.0,0.00,0.00
1688351820.0,TREND,NO_GO,HOLD,18.12,NORMAL,PRO,DEFENSIVE,1.0,0.50,Aegean:FLAT(0.50)|Orion:LONG(0.27),Regime: TREND (Orion 2x). Score: 0.18. Low Conviction (<0.35).,LOW_CONVICTION,0.767867,MID,30.87,True,0.0,0.0,0.00,0.00
1688351880.0,TREND,NO_GO,HOLD,16.72,NORMAL,PRO,DEFENSIVE,1.0,0.50,Aegean:FLAT(0.50)|Orion:LONG(0.25),Regime: TREND (Orion 2x). Score: 0.17. Low Conviction (<0.35).,LOW_CONVICTION,1.365566,MID,30.03,True,0.0,0.0,0.00,0.00
1688351940.0,TREND,NO_GO,HOLD,15.41,NORMAL,PRO,DEFENSIVE,1.0,0.50,Aegean:FLAT(0.50)|Orion:LONG(0.23),Regime: TREND (Orion 2x). Score: 0.15. Low Conviction (<0.35).,LOW_CONVICTION,0.973327,MID,29.24,True,0.0,0.0,0.00,0.00
1688352000.0,TREND,NO_GO,HOLD,12.51,NORMAL,PRO,DEFENSIVE,1.0,0.50,Aegean:FLAT(0.50)|Orion:LONG(0.19),Regime: TREND (Orion 2x). Score: 0.13. Low Conviction (<0.35).,LOW_CONVICTION,-0.269116,MID,27.51,True,0.0,0.0,0.00,0.00
1688352060.0,TREND,NO_GO,HOLD,9.69,NORMAL,PRO,DEFENSIVE,1.0,0.50,Aegean:FLAT(0.50)|Orion:LONG(0.15),Regime: TREND (Orion 2x). Score: 0.10. Low Conviction (<0.35).,LOW_CONVICTION,-0.308267,MID,25.81,True,0.0,0.0,0.00,0.00
1688352120.0,TREND,NO_GO,HOLD,8.36,NORMAL,PRO,DEFENSIVE,1.0,0.50,Aegean:FLAT(0.50)|Orion:LONG(0.13),Regime: TREND (Orion 2x). Score: 0.08. Low Conviction (<0.35).,LOW_CONVICTION,0.785575,MID,25.01,True,0.0,0.0,0.00,0.00
1688352180.0,TREND,NO_GO,HOLD,13.33,NORMAL,PRO,DEFENSIVE,1.0,0.50,Aegean:FLAT(0.50)|Orion:LONG(0.20),Regime: TREND (Orion 2x). Score: 0.13. Low Conviction (<0.35).,LOW_CONVICTION,0.699852,MID,24.38,False,0.0,0.0,0.00,0.00
1688352240.0,TREND,NO_GO,HOLD,13.33,NORMAL,PRO,DEFENSIVE,1.0,0.50,Aegean:FLAT(0.50)|Orion:LONG(0.20),Regime: TREND (Orion 2x). Score: 0.13. Low Conviction (<0.35).,LOW_CONVICTION,0.226991,MID,23.32,False,0.0,0.0,0.00,0.00
1688352300.0,TREND,NO_GO,HOLD,13.33,NORMAL,PRO,DEFENSIVE,1.0,0.50,Aegean:FLAT(0.50)|Orion:LONG(0.20),Regime: TREND (Orion 2x). Score: 0.13. Low Conviction (<0.35).,LOW_CONVICTION,1.063589,MID,23.15,False,0.0,0.0,0.00,0.00
1688352360.0,TREND,NO_GO,HOLD,13.33,NORMAL,PRO,DEFENSIVE,1.0,0.50,Aegean:FLAT(0.50)|Orion:LONG(0.20),Regime: TREND (Orion 2x). Score: 0.13. Low Conviction (<0.35).,LOW_CONVICTION,0.938435,MID,23.06,False,0.0,0.0,0.00,0.00
1688352420.0,TREND,NO_GO,HOLD,13.33,NORMAL,PRO,DEFENSIVE,1.0,0.50,Aegean:FLAT(0.50)|Orion:LONG(0.20),Regime: TREND (Orion 2x). Score: 0.13. Low Conviction (<0.35).,LOW_CONVICTION,0.735602,MID,22.35,False,0.0,0.0,0.00,0.00
1688352480.0,TREND,NO_GO,HOLD,13.33,NORMAL,PRO,DEFENSIVE,1.0,0.50,Aegean:FLAT(0.50)|Orion:LONG(0.20),Regime: TREND (Orion 2x). Score: 0.13. Low Conviction (<0.35).,LOW_CONVICTION,-0.517519,MID,20.97,False,0.0,0.0,0.00,0.00
1688352540.0,TREND,NO_GO,HOLD,13.33,NORMAL,PRO,DEFENSIVE,1.0,0.50,Aegean:FLAT(0.50)|Orion:LONG(0.20),Regime: TREND (Orion 2x). Score: 0.13. Low Conviction (<0.35).,LOW_CONVICTION,-1.520805,DIP,20.25,False,0.0,0.0,0.00,0.00
1688352600.0,TREND,NO_GO,HOLD,13.33,NORMAL,PRO,DEFENSIVE,1.0,0.50,Aegean:FLAT(0.50)|Orion:LONG(0.20),Regime: TREND (Orion 2x). Score: 0.13. Low Conviction (<0.35).,LOW_CONVICTION,-1.231205,DIP,19.67,False,0.0,0.0,0.00,0.00
1688352660.0,CHOP,NO_GO,HOLD,13.33,NORMAL,PRO,DEFENSIVE,1.0,0.50,Aegean:FLAT(0.50)|Orion:LONG(0.20),Regime: CHOP (Reduced Weights). Score: 0.13. Low Conviction (<0.35).,LOW_CONVICTION,-1.097585,DIP,19.10,False,0.0,0.0,0.00,0.00
1688352720.0,CHOP,NO_GO,HOLD,13.33,NORMAL,PRO,DEFENSIVE,1.0,0.50,Aegean:FLAT(0.50)|Orion:LONG(0.20),Regime: CHOP (Reduced Weights). Score: 0.13. Low Conviction (<0.35).,LOW_CONVICTION,-0.641850,MID,18.11,False,0.0,0.0,0.00,0.00
1688352780.0,CHOP,NO_GO,HOLD,13.33,NORMAL,PRO,DEFENSIVE,1.0,0.50,Aegean:FLAT(0.50)|Orion:LONG(0.20),Regime: CHOP (Reduced Weights). Score: 0.13. Low Conviction (<0.35).,LOW_CONVICTION,-0.090012,MID,17.26,False,0.0,0.0,0.00,0.00
1688352840.0,CHOP,NO_GO,HOLD,13.33,NORMAL,PRO,DEFENSIVE,1.0,0.50,Aegean:FLAT(0.50)|Orion:LONG(0.20),Regime: CHOP (Reduced Weights). Score: 0.13. Low Conviction (<0.35).,LOW_CONVICTION,-0.098425,MID,16.48,False,0.0,0.0,0.00,0.00
1688352900.0,CHOP,NO_GO,HOLD,13.33,NORMAL,PRO,DEFENSIVE,1.0,0.50,Aegean:FLAT(0.50)|Orion:LONG(0.20),Regime: CHOP (Reduced Weights). Score: 0.13. Low Conviction (<0.35).,LOW_CONVICTION,1.143835,MID,16.76,False,0.0,0.0,0.00,0.00
1688352960.0,CHOP,NO_GO,HOLD,13.33,NORMAL,PRO,DEFENSIVE,1.0,0.50,Aegean:FLAT(0.50)|Orion:LONG(0.20),Regime: CHOP (Reduced Weights). Score: 0.13. Low Conviction (<0.35).,LOW_CONVICTION,0.121622,MID,17.14,False,0.0,0.0,0.00,0.00
1688353020.0,CHOP,NO_GO,HOLD,13.33,NORMAL,PRO,DEFENSIVE,1.0,0.50,Aegean:FLAT(0.50)|Orion:LONG(0.20),Regime: CHOP (Reduced Weights). Score: 0.13. Low Conviction (<0.35).,LOW_CONVICTION,0.674672,MID,17.49,False,0.0,0.0,0.00,0.00
1688353080.0,CHOP,NO_GO,HOLD,13.33,NORMAL,PRO,DEFENSIVE,1.0,0.50,Aegean:FLAT(0.50)|Orion:LONG(0.20),Regime: CHOP (Reduced Weights). Score: 0.13. Low Conviction (<0.35).,LOW_CONVICTION,0.202846,MID,17.53,False,0.0,0.0,0.00,0.00
1688353140.0,CHOP,NO_GO,HOLD,13.33,NORMAL,PRO,DEFENSIVE,1.0,0.50,Aegean:FLAT(0.50)|Orion:LONG(0.20),Regime: CHOP (Reduced Weights). Score: 0.13. Low Conviction (<0.35).,LOW_CONVICTION,0.257321,MID,17.57,False,0.0,0.0,0.00,0.00
1688353200.0,CHOP,NO_GO,HOLD,13.33,NORMAL,PRO,DEFENSIVE,1.0,0.50,Aegean:FLAT(0.50)|Orion:LONG(0.20),Regime: CHOP (Reduced Weights). Score: 0.13. Low Conviction (<0.35).,LOW_CONVICTION,1.865543,TOP,19.23,False,0.0,0.0,0.00,0.00
1688353260.0,TREND,GO,BUY,36.67,NORMAL,PRO,DEFENSIVE,1.0,0.50,Aegean:LONG(0.70)|Orion:LONG(0.20),Regime: TREND (Orion 2x). Score: 0.37. Bullish Consensus.,,3.394406,MID,21.67,False,3.5,20.0,2.00,4.13
1688353320.0,TREND,NO_GO,HOLD,13.33,NORMAL,PRO,DEFENSIVE,1.0,0.50,Aegean:FLAT(0.50)|Orion:LONG(0.20),Regime: TREND (Orion 2x). Score: 0.13. Low Conviction (<0.35).,LOW_CONVICTION,2.631802,MID,23.94,False,0.0,0.0,0.00,0.00
1688353380.0,TREND,NO_GO,HOLD,13.33,NORMAL,PRO,DEFENSIVE,1.0,0.50,Aegean:FLAT(0.50)|Orion:LONG(0.20),Regime: TREND (Orion 2x). Score: 0.13. Low Conviction (<0.35).,LOW_CONVICTION,1.392958,MID,24.81,False,0.0,0.0,0.00,0.00
1688353440.0,TREND,NO_GO,HOLD,9.44,NORMAL,PRO,DEFENSIVE,1.0,0.50,Aegean:FLAT(0.50)|Orion:LONG(0.14),Regime: TREND (Orion 2x). Score: 0.09. Low Conviction (<0.35).,LOW_CONVICTION,1.742060,MID,25.66,True,0.0,0.0,0.00,0.00
1688353500.0,TREND,NO_GO,HOLD,10.68,NORMAL,PRO,DEFENSIVE,1.0,0.50,Aegean:FLAT(0.50)|Orion:LONG(0.16),Regime: TREND (Orion 2x). Score: 0.11. Low Conviction (<0.35).,LOW_CONVICTION,1.589282,MID,26.41,True,0.0,0.0,0.00,0.00
1688353560.0,TREND,NO_GO,HOLD,8.40,NORMAL,PRO,DEFENSIVE,1.0,0.50,Aegean:FLAT(0.50)|Orion:LONG(0.13),Regime: TREND (Orion 2x). Score: 0.08. Low Conviction (<0.35).,LOW_CONVICTION,-0.384665,MID,25.04,True,0.0,0.0,0.00,0.00
1688353620.0,TREND,NO_GO,HOLD,13.33,NORMAL,PRO,DEFENSIVE,1.0,0.50,Aegean:FLAT(0.50)|Orion:LONG(0.20),Regime: TREND (Orion 2x). Score: 0.13. Low Conviction (<0.35).,LOW_CONVICTION,-0.128442,MID,23.85,False,0.0,0.0,0.00,0.00
1688353680.0,CHOP,NO_GO,HOLD,13.33,NORMAL,PRO,DEFENSIVE,1.0,0.50,Aegean:FLAT(0.50)|Orion:LONG(0.20),Regime: CHOP (Reduced Weights). Score: 0.13. Low Conviction (<0.35).,LOW_CONVICTION,-0.288394,MID,22.21,False,0.0,0.0,0.00,0.00
1688353740.0,CHOP,NO_GO,HOLD,13.33,NORMAL,PRO,DEFENSIVE,1.0,0.50,Aegean:FLAT(0.50)|Orion:LONG(0.20),Regime: CHOP (Reduced Weights). Score: 0.13. Low Conviction (<0.35).,LOW_CONVICTION,-0.487356,MID,20.67,False,0.0,0.0,0.00,0.00
1688353800.0,CHOP,NO_GO,HOLD,13.33,NORMAL,PRO,DEFENSIVE,1.0,0.50,Aegean:FLAT(0.50)|Orion:LONG(0.20),Regime: CHOP (Reduced Weights). Score: 0.13. Low Conviction (<0.35).,LOW_CONVICTION,-0.056323,MID,19.31,False,0.0,0.0,0.00,0.00
1688353860.0,CHOP,NO_GO,HOLD,13.33,NORMAL,PRO,DEFENSIVE,1.0,0.50,Aegean:FLAT(0.50)|Orion:LONG(0.20),Regime: CHOP (Reduced Weights). Score: 0.13. Low Conviction (<0.35).,LOW_CONVICTION,1.220730,MID,19.25,False,0.0,0.0,0.00,0.00
1688353920.0,CHOP,NO_GO,HOLD,13.33,NORMAL,PRO,DEFENSIVE,1.0,0.50,Aegean:FLAT(0.50)|Orion:LONG(0.20),Regime: CHOP (Reduced Weights). Score: 0.13. Low Conviction (<0.35).,LOW_CONVICTION,0.900745,MID,19.25,False,0.0,0.0,0.00,0.00
1688353980.0,CHOP,NO_GO,HOLD,13.33,NORMAL,PRO,DEFENSIVE,1.0,0.50,Aegean:FLAT(0.50)|Orion:SHORT(0.20),Regime: CHOP (Reduced Weights). Score: -0.13. Low Conviction (<0.35).,LOW_CONVICTION,-0.908657,MID,18.35,False,0.0,0.0,0.00,0.00
1688354040.0,CHOP,NO_GO,HOLD,13.33,NORMAL,PRO,DEFENSIVE,1.0,0.50,Aegean:FLAT(0.50)|Orion:SHORT(0.20),Regime: CHOP (Reduced Weights). Score: -0.13. Low Conviction (<0.35).,LOW_CONVICTION,-0.708674,MID,17.54,False,0.0,0.0,0.00,0.00
1688354100.0,CHOP,NO_GO,HOLD,13.33,NORMAL,PRO,DEFENSIVE,1.0,0.50,Aegean:FLAT(0.50)|Orion:LONG(0.20),Regime: CHOP (Reduced Weights). Score: 0.13. Low Conviction (<0.35).,LOW_CONVICTION,0.546476,MID,17.04,False,0.0,0.0,0.00,0.00
1688354160.0,CHOP,NO_GO,HOLD,13.33,NORMAL,PRO,DEFENSIVE,1.0,0.50,Aegean:FLAT(0.50)|Orion:LONG(0.20),Regime: CHOP (Reduced Weights). Score: 0.13. Low Conviction (<0.35).,LOW_CONVICTION,0.834582,MID,16.58,False,0.0,0.0,0.00,0.00
1688354220.0,CHOP,NO_GO,HOLD,13.33,NORMAL,PRO,DEFENSIVE,1.0,0.50,Aegean:FLAT(0.50)|Orion:LONG(0.20),Regime: CHOP (Reduced Weights). Score: 0.13. Low Conviction (<0.35).,LOW_CONVICTION,0.268430,MID,16.10,False,0.0,0.0,0.00,0.00
1688354280.0,CHOP,NO_GO,HOLD,13.33,NORMAL,PRO,DEFENSIVE,1.0,0.50,Aegean:FLAT(0.50)|Orion:SHORT(0.20),Regime: CHOP (Reduced Weights). Score: -0.13. Low Conviction (<0.35).,LOW_CONVICTION,-0.557853,MID,14.98,False,0.0,0.0,0.00,0.00
1688354340.0,CHOP,NO_GO,HOLD,13.33,NORMAL,PRO,DEFENSIVE,1.0,0.50,Aegean:FLAT(0.50)|Orion:SHORT(0.20),Regime: CHOP (Reduced Weights). Score: -0.13. Low Conviction (<0.35).,LOW_CONVICTION,-0.480867,MID,13.94,False,0.0,0.0,0.00,0.00
1688354400.0,CHOP,NO_GO,HOLD,13.33,NORMAL,PRO,DEFENSIVE,1.0,0.50,Aegean:FLAT(0.50)|Orion:LONG(0.20),Regime: CHOP (Reduced Weights). Score: 0.13. Low Conviction (<0.35).,LOW_CONVICTION,1.433855,MID,14.42,False,0.0,0.0,0.00,0.00
1688354460.0,CHOP,NO_GO,HOLD,13.33,NORMAL,PRO,DEFENSIVE,1.0,0.50,Aegean:FLAT(0.50)|Orion:LONG(0.20),Regime: CHOP (Reduced Weights). Score: 0.13. Low Conviction (<0.35).,LOW_CONVICTION,0.305185,MID,14.88,False,0.0,0.0,0.00,0.00
1688354520.0,CHOP,NO_GO,HOLD,13.33,NORMAL,PRO,DEFENSIVE,1.0,0.50,Aegean:FLAT(0.50)|Orion:LONG(0.20),Regime: CHOP (Reduced Weights). Score: 0.13. Low Conviction (<0.35).,LOW_CONVICTION,0.585663,MID,14.50,False,0.0,0.0,0.00,0.00
1688354580.0,CHOP,NO_GO,HOLD,13.33,NORMAL,PRO,DEFENSIVE,1.0,0.50,Aegean:FLAT(0.50)|Orion:LONG(0.20),Regime: CHOP (Reduced Weights). Score: 0.13. Low Conviction (<0.35).,LOW_CONVICTION,-0.023573,MID,14.14,False,0.0,0.0,0.00,0.00
1688354640.0,CHOP,NO_GO,HOLD,13.33,NORMAL,PRO,DEFENSIVE,1.0,0.50,Aegean:FLAT(0.50)|Orion:LONG(0.20),Regime: CHOP (Reduced Weights). Score: 0.13. Low Conviction (<0.35).,LOW_CONVICTION,-0.257121,MID,13.55,False,0.0,0.0,0.00,0.00
1688354700.0,CHOP,NO_GO,HOLD,13.33,NORMAL,PRO,DEFENSIVE,1.0,0.50,Aegean:FLAT(0.50)|Orion:LONG(0.20),Regime: CHOP (Reduced Weights). Score: 0.13. Low Conviction (<0.35).,LOW_CONVICTION,0.541710,MID,13.48,False,0.0,0.0,0.00,0.00
1688354760.0,CHOP,NO_GO,HOLD,13.33,NORMAL,PRO,DEFENSIVE,1.0,0.50,Aegean:FLAT(0.50)|Orion:LONG(0.20),Regime: CHOP (Reduced Weights). Score: 0.13. Low Conviction (<0.35).,LOW_CONVICTION,0.305893,MID,13.46,False,0.0,0.0,0.00,0.00
1688354820.0,CHOP,NO_GO,HOLD,13.33,NORMAL,PRO,DEFENSIVE,1.0,0.50,Aegean:FLAT(0.50)|Orion:LONG(0.20),Regime: CHOP (Reduced Weights). Score: 0.13. Low Conviction (<0.35).,LOW_CONVICTION,0.581704,MID,13.45,False,0.0,0.0,0.00,0.00
1688354880.0,CHOP,NO_GO,HOLD,13.33,NORMAL,PRO,DEFENSIVE,1.0,0.50,Aegean:FLAT(0.50)|Orion:LONG(0.20),Regime: CHOP (Reduced Weights). Score: 0.13. Low Conviction (<0.35).,LOW_CONVICTION,0.546892,MID,13.46,False,0.0,0.0,0.00,0.00
1688354940.0,CHOP,NO_GO,HOLD,13.33,NORMAL,PRO,DEFENSIVE,1.0,0.50,Aegean:FLAT(0.50)|Orion:LONG(0.20),Regime: CHOP (Reduced Weights). Score: 0.13. Low Conviction (<0.35).,LOW_CONVICTION,0.492501,MID,13.46,False,0.0,0.0,0.00,0.00
1688355000.0,CHOP,NO_GO,HOLD,13.33,NORMAL,PRO,DEFENSIVE,1.0,0.50,Aegean:FLAT(0.50)|Orion:LONG(0.20),Regime: CHOP (Reduced Weights). Score: 0.13. Low Conviction (<0.35).,LOW_CONVICTION,0.446529,MID,13.46,False,0.0,0.0,0.00,0.00
1688355060.0,CHOP,NO_GO,HOLD,13.33,NORMAL,PRO,DEFENSIVE,1.0,0.50,Aegean:FLAT(0.50)|Orion:SHORT(0.20),Regime: CHOP (Reduced Weights). Score: -0.13. Low Conviction (<0.35).,LOW_CONVICTION,-0.732044,MID,13.01,False,0.0,0.0,0.00,0.00
1688355120.0,CHOP,NO_GO,HOLD,13.33,NORMAL,PRO,DEFENSIVE,1.0,0.50,Aegean:FLAT(0.50)|Orion:LONG(0.20),Regime: CHOP (Reduced Weights). Score: 0.13. Low Conviction (<0.35).,LOW_CONVICTION,-0.471000,MID,12.57,False,0.0,0.0,0.00,0.00
1688355180.0,CHOP,NO_GO,HOLD,13.33,NORMAL,PRO,DEFENSIVE,1.0,0.50,Aegean:FLAT(0.50)|Orion:SHORT(0.20),Regime: CHOP (Reduced Weights). Score: -0.13. Low Conviction (<0.35).,LOW_CONVICTION,-0.627268,MID,12.16,False,0.0,0.0,0.00,0.00
1688355240.0,CHOP,NO_GO,HOLD,13.33,NORMAL,PRO,DEFENSIVE,1.0,0.50,Aegean:FLAT(0.50)|Orion:SHORT(0.20),Regime: CHOP (Reduced Weights). Score: -0.13. Low Conviction (<0.35).,LOW_CONVICTION,-0.593422,MID,11.79,False,0.0,0.0,0.00,0.00
1688355300.0,CHOP,NO_GO,HOLD,13.33,NORMAL,PRO,DEFENSIVE,1.0,0.50,Aegean:FLAT(0.50)|Orion:SHORT(0.20),Regime: CHOP (Reduced Weights). Score: -0.13. Low Conviction (<0.35).,LOW_CONVICTION,-0.902933,DIP,12.26,False,0.0,0.0,0.00,0.00
1688355360.0,CHOP,NO_GO,HOLD,13.33,NORMAL,PRO,DEFENSIVE,1.0,0.50,Aegean:FLAT(0.50)|Orion:SHORT(0.20),Regime: CHOP (Reduced Weights). Score: -0.13. Low Conviction (<0.35).,LOW_CONVICTION,-0.828718,DIP,12.65,False,0.0,0.0,0.00,0.00
1688355420.0,CHOP,NO_GO,HOLD,13.33,NORMAL,PRO,DEFENSIVE,1.0,0.50,Aegean:FLAT(0.50)|Orion:SHORT(0.20),Regime: CHOP (Reduced Weights). Score: -0.13. Low Conviction (<0.35).,LOW_CONVICTION,-0.649034,DIP,12.84,False,0.0,0.0,0.00,0.00
1688355480.0,CHOP,NO_GO,HOLD,13.33,NORMAL,PRO,DEFENSIVE,1.0,0.50,Aegean:FLAT(0.50)|Orion:SHORT(0.20),Regime: CHOP (Reduced Weights). Score: -0.13. Low Conviction (<0.35).,LOW_CONVICTION,-0.881523,DIP,13.37,False,0.0,0.0,0.00,0.00
1688355540.0,CHOP,NO_GO,HOLD,13.33,NORMAL,PRO,DEFENSIVE,1.0,0.50,Aegean:FLAT(0.50)|Orion:SHORT(0.20),Regime: CHOP (Reduced Weights). Score: -0.13. Low Conviction (<0.35).,LOW_CONVICTION,-0.537854,DIP,13.77,False,0.0,0.0,0.00,0.00
1688355600.0,CHOP,NO_GO,HOLD,13.33,NORMAL,PRO,DEFENSIVE,1.0,0.50,Aegean:FLAT(0.50)|Orion:LONG(0.20),Regime: CHOP (Reduced Weights). Score: 0.13. Low Conviction (<0.35).,LOW_CONVICTION,0.899716,MID,13.69,False,0.0,0.0,0.00,0.00
1688355660.0,CHOP,NO_GO,HOLD,13.33,NORMAL,PRO,DEFENSIVE,1.0,0.50,Aegean:FLAT(0.50)|Orion:LONG(0.20),Regime: CHOP (Reduced Weights). Score: 0.13. Low Conviction (<0.35).,LOW_CONVICTION,0.874980,TOP,13.68,False,0.0,0.0,0.00,0.00
1688355720.0,CHOP,NO_GO,HOLD,13.33,NORMAL,PRO,DEFENSIVE,1.0,0.50,Aegean:FLAT(0.50)|Orion:LONG(0.20),Regime: CHOP (Reduced Weights). Score: 0.13. Low Conviction (<0.35).,LOW_CONVICTION,0.476644,MID,14.82,False,0.0,0.0,0.00,0.00
1688355780.0,CHOP,NO_GO,HOLD,13.33,NORMAL,PRO,DEFENSIVE,1.0,0.50,Aegean:FLAT(0.50)|Orion:LONG(0.20),Regime: CHOP (Reduced Weights). Score: 0.13. Low Conviction (<0.35).,LOW_CONVICTION,0.672590,MID,15.87,False,0.0,0.0,0.00,0.00
1688355840.0,CHOP,NO_GO,HOLD,13.33,NORMAL,PRO,DEFENSIVE,1.0,0.50,Aegean:FLAT(0.50)|Orion:LONG(0.20),Regime: CHOP (Reduced Weights). Score: 0.13. Low Conviction (<0.35).,LOW_CONVICTION,1.076172,MID,17.25,False,0.0,0.0,0.00,0.00
1688355900.0,CHOP,NO_GO,HOLD,13.33,NORMAL,PRO,DEFENSIVE,1.0,0.50,Aegean:FLAT(0.50)|Orion:LONG(0.20),Regime: CHOP (Reduced Weights). Score: 0.13. Low Conviction (<0.35).,LOW_CONVICTION,1.365523,TOP,18.86,False,0.0,0.0,0.00,0.00
1688355960.0,CHOP,NO_GO,HOLD,13.33,NORMAL,PRO,DEFENSIVE,1.0,0.50,Aegean:FLAT(0.50)|Orion:LONG(0.20),Regime: CHOP (Reduced Weights). Score: 0.13. Low Conviction (<0.35).,LOW_CONVICTION,0.455777,MID,20.04,False,0.0,0.0,0.00,0.00
1688356020.0,CHOP,NO_GO,HOLD,13.33,NORMAL,PRO,DEFENSIVE,1.0,0.50,Aegean:FLAT(0.50)|Orion:LONG(0.20),Regime: CHOP (Reduced Weights). Score: 0.13. Low Conviction (<0.35).,LOW_CONVICTION,0.410567,MID,20.59,False,0.0,0.0,0.00,0.00
1688356080.0,CHOP,NO_GO,HOLD,13.33,NORMAL,PRO,DEFENSIVE,1.0,0.50,Aegean:FLAT(0.50)|Orion:LONG(0.20),Regime: CHOP (Reduced Weights). Score: 0.13. Low Conviction (<0.35).,LOW_CONVICTION,0.040070,MID,20.99,False,0.0,0.0,0.00,0.00
1688356140.0,TREND,NO_GO,HOLD,13.33,NORMAL,PRO,DEFENSIVE,1.0,0.50,Aegean:FLAT(0.50)|Orion:LONG(0.20),Regime: TREND (Orion 2x). Score: 0.13. Low Conviction (<0.35).,LOW_CONVICTION,0.980718,MID,21.74,False,0.0,0.0,0.00,0.00
1688356200.0,TREND,NO_GO,HOLD,13.33,NORMAL,PRO,DEFENSIVE,1.0,0.50,Aegean:FLAT(0.50)|Orion:LONG(0.20),Regime: TREND (Orion 2x). Score: 0.13. Low Conviction (<0.35).,LOW_CONVICTION,1.025559,TOP,22.73,False,0.0,0.0,0.00,0.00
1688356260.0,TREND,NO_GO,HOLD,13.33,NORMAL,PRO,DEFENSIVE,1.0,0.50,Aegean:FLAT(0.50)|Orion:LONG(0.20),Regime: TREND (Orion 2x). Score: 0.13. Low Conviction (<0.35).,LOW_CONVICTION,0.931576,TOP,23.60,False,0.0,0.0,0.00,0.00
1688356320.0,TREND,NO_GO,HOLD,13.33,NORMAL,PRO,DEFENSIVE,1.0,0.50,Aegean:FLAT(0.50)|Orion:LONG(0.20),Regime: TREND (Orion 2x). Score: 0.13. Low Conviction (<0.35).,LOW_CONVICTION,1.399539,TOP,24.89,False,0.0,0.0,0.00,0.00
1688356380.0,TREND,NO_GO,HOLD,10.90,NORMAL,PRO,DEFENSIVE,1.0,0.50,Aegean:FLAT(0.50)|Orion:LONG(0.16),Regime: TREND (Orion 2x). Score: 0.11. Low Conviction (<0.35).,LOW_CONVICTION,1.531793,TOP,26.54,True,0.0,0.0,0.00,0.00
1688356440.0,TREND,NO_GO,HOLD,9.99,NORMAL,PRO,DEFENSIVE,1.0,0.50,Aegean:FLAT(0.50)|Orion:LONG(0.15),Regime: TREND (Orion 2x). Score: 0.10. Low Conviction (<0.35).,LOW_CONVICTION,0.067219,MID,25.99,True,0.0,0.0,0.00,0.00
1688356500.0,TREND,NO_GO,HOLD,9.41,NORMAL,PRO,DEFENSIVE,1.0,0.50,Aegean:FLAT(0.50)|Orion:SHORT(0.14),Regime: TREND (Orion 2x). Score: -0.09. Low Conviction (<0.35).,LOW_CONVICTION,-2.491277,DIP,25.65,True,0.0,0.0,0.00,0.00
1688356560.0,TREND,NO_GO,HOLD,8.97,NORMAL,PRO,DEFENSIVE,1.0,0.50,Aegean:FLAT(0.50)|Orion:SHORT(0.13),Regime: TREND (Orion 2x). Score: -0.09. Low Conviction (<0.35).,LOW_CONVICTION,-0.666367,MID,25.38,True,0.0,0.0,0.00,0.00
1688356620.0,TREND,NO_GO,HOLD,8.48,NORMAL,PRO,DEFENSIVE,1.0,0.50,Aegean:FLAT(0.50)|Orion:SHORT(0.13),Regime: TREND (Orion 2x). Score: -0.08. Low Conviction (<0.35).,LOW_CONVICTION,-0.991409,MID,25.09,True,0.0,0.0,0.00,0.00
1688356680.0,TREND,NO_GO,HOLD,13.33,NORMAL,PRO,DEFENSIVE,1.0,0.50,Aegean:FLAT(0.50)|Orion:SHORT(0.20),Regime: TREND (Orion 2x). Score: -0.13. Low Conviction (<0.35).,LOW_CONVICTION,-0.827485,MID,24.82,False,0.0,0.0,0.00,0.00
1688356740.0,TREND,NO_GO,HOLD,8.49,NORMAL,PRO,DEFENSIVE,1.0,0.50,Aegean:FLAT(0.50)|Orion:SHORT(0.13),Regime: TREND (Orion 2x). Score: -0.08. Low Conviction (<0.35).,LOW_CONVICTION,-1.440644,DIP,25.09,True,0.0,0.0,0.00,0.00
1688356800.0,TREND,NO_GO,HOLD,13.33,NORMAL,PRO,DEFENSIVE,1.0,0.50,Aegean:FLAT(0.50)|Orion:LONG(0.20),Regime: TREND (Orion 2x). Score: 0.13. Low Conviction (<0.35).,LOW_CONVICTION,0.012331,MID,24.39,False,0.0,0.0,0.00,0.00
1688356860.0,TREND,NO_GO,HOLD,13.33,NORMAL,PRO,DEFENSIVE,1.0,0.50,Aegean:FLAT(0.50)|Orion:LONG(0.20),Regime: TREND (Orion 2x). Score: 0.13. Low Conviction (<0.35).,LOW_CONVICTION,0.125864,MID,23.67,False,0.0,0.0,0.00,0.00
1688356920.0,TREND,NO_GO,HOLD,13.33,NORMAL,PRO,DEFENSIVE,1.0,0.50,Aegean:FLAT(0.50)|Orion:LONG(0.20),Regime: TREND (Orion 2x). Score: 0.13. Low Conviction (<0.35).,LOW_CONVICTION,0.646148,MID,22.23,False,0.0,0.0,0.00,0.00
1688356980.0,TREND,NO_GO,HOLD,13.33,NORMAL,PRO,DEFENSIVE,1.0,0.50,Aegean:FLAT(0.50)|Orion:LONG(0.20),Regime: TREND (Orion 2x). Score: 0.13. Low Conviction (<0.35).,LOW_CONVICTION,0.786153,MID,20.69,False,0.0,0.0,0.00,0.00
1688357040.0,TREND,NO_GO,HOLD,13.33,NORMAL,PRO,DEFENSIVE,1.0,0.50,Aegean:FLAT(0.50)|Orion:LONG(0.20),Regime: TREND (Orion 2x). Score: 0.13. Low Conviction (<0.35).,LOW_CONVICTION,0.987088,MID,19.55,False,0.0,0.0,0.00,0.00
1688357100.0,TREND,NO_GO,HOLD,13.33,NORMAL,PRO,DEFENSIVE,1.0,0.50,Aegean:FLAT(0.50)|Orion:LONG(0.20),Regime: TREND (Orion 2x). Score: 0.13. Low Conviction (<0.35).,LOW_CONVICTION,1.549226,TOP,19.23,False,0.0,0.0,0.00,0.00
1688357160.0,TREND,NO_GO,HOLD,13.33,NORMAL,PRO,DEFENSIVE,1.0,0.50,Aegean:FLAT(0.50)|Orion:LONG(0.20),Regime: TREND (Orion 2x). Score: 0.13. Low Conviction (<0.35).,LOW_CONVICTION,1.561708,TOP,19.58,False,0.0,0.0,0.00,0.00
1688357220.0,TREND,NO_GO,HOLD,13.33,NORMAL,PRO,DEFENSIVE,1.0,0.50,Aegean:FLAT(0.50)|Orion:LONG(0.20),Regime: TREND (Orion 2x). Score: 0.13. Low Conviction (<0.35).,LOW_CONVICTION,0.582517,MID,18.98,False,0.0,0.0,0.00,0.00
1688357280.0,CHOP,NO_GO,HOLD,13.33,NORMAL,PRO,DEFENSIVE,1.0,0.50,Aegean:FLAT(0.50)|Orion:LONG(0.20),Regime: CHOP (Reduced Weights). Score: 0.13. Low Conviction (<0.35).,LOW_CONVICTION,1.179420,MID,18.42,False,0.0,0.0,0.00,0.00
1688357340.0,TREND,NO_GO,HOLD,13.33,NORMAL,PRO,DEFENSIVE,1.0,0.50,Aegean:FLAT(0.50)|Orion:LONG(0.20),Regime: TREND (Orion 2x). Score: 0.13. Low Conviction (<0.35).,LOW_CONVICTION,1.175646,TOP,18.04,False,0.0,0.0,0.00,0.00
1688357400.0,TREND,GO,SELL,36.67,NORMAL,PRO,DEFENSIVE,1.0,0.50,Aegean:SHORT(0.70)|Orion:SHORT(0.20),Regime: TREND (Orion 2x). Score: -0.37. Bearish Consensus.,,-7.621169,MID,21.22,False,4.8,20.0,2.00,4.88
1688357460.0,TREND,GO,SELL,36.67,NORMAL,PRO,DEFENSIVE,1.0,0.50,Aegean:SHORT(0.70)|Orion:SHORT(0.20),Regime: TREND (Orion 2x). Score: -0.37. Bearish Consensus.,,-3.364160,MID,24.29,False,6.4,20.0,2.00,4.54
1688357520.0,TREND,NO_GO,HOLD,11.63,NORMAL,PRO,DEFENSIVE,1.0,0.50,Aegean:FLAT(0.50)|Orion:SHORT(0.17),Regime: TREND (Orion 2x). Score: -0.12. Low Conviction (<0.35).,LOW_CONVICTION,-2.819709,MID,26.98,True,0.0,0.0,0.00,0.00
1688357580.0,TREND,NO_GO,HOLD,15.45,NORMAL,PRO,DEFENSIVE,1.0,0.50,Aegean:FLAT(0.50)|Orion:SHORT(0.23),Regime: TREND (Orion 2x). Score: -0.15. Low Conviction (<0.35).,LOW_CONVICTION,-2.360670,MID,29.27,True,0.0,0.0,0.00,0.00
1688357640.0,TREND,NO_GO,HOLD,18.39,NORMAL,PRO,DEFENSIVE,1.0,0.50,Aegean:FLAT(0.50)|Orion:SHORT(0.28),Regime: TREND (Orion 2x). Score: -0.18. Low Conviction (<0.35).,LOW_CONVICTION,-1.957605,MID,31.03,True,0.0,0.0,0.00,0.00
1688357700.0,TREND,GO,SELL,45.22,NORMAL,PRO,DEFENSIVE,1.0,0.50,Aegean:SHORT(0.70)|Orion:SHORT(0.33),Regime: TREND (Orion 2x). Score: -0.45. Bearish Consensus.,,-3.846405,MID,33.13,True,7.6,20.0,2.00,6.05
1688357760.0,TREND,NO_GO,HOLD,25.13,NORMAL,PRO,DEFENSIVE,1.0,0.50,Aegean:FLAT(0.50)|Orion:SHORT(0.38),Regime: TREND (Orion 2x). Score: -0.25. Low Conviction (<0.35).,LOW_CONVICTION,-1.383849,MID,35.08,True,0.0,0.0,0.00,0.00
1688357820.0,TREND,NO_GO,HOLD,28.13,NORMAL,PRO,DEFENSIVE,1.0,0.50,Aegean:FLAT(0.50)|Orion:SHORT(0.42),Regime: TREND (Orion 2x). Score: -0.28. Low Conviction (<0.35).,LOW_CONVICTION,-1.126155,MID,36.88,True,0.0,0.0,0.00,0.00
1688357880.0,TREND,NO_GO,HOLD,30.99,NORMAL,PRO,DEFENSIVE,1.0,0.50,Aegean:FLAT(0.50)|Orion:SHORT(0.46),Regime: TREND (Orion 2x). Score: -0.31. Low Conviction (<0.35).,LOW_CONVICTION,-1.718134,MID,38.60,True,0.0,0.0,0.00,0.00
1688357940.0,TREND,NO_GO,HOLD,33.74,NORMAL,PRO,DEFENSIVE,1.0,0.50,Aegean:FLAT(0.50)|Orion:SHORT(0.51),Regime: TREND (Orion 2x). Score: -0.34. Low Conviction (<0.35).,LOW_CONVICTION,-1.583172,MID,40.24,True,0.0,0.0,0.00,0.00
1688358000.0,TREND,GO,SELL,36.76,NORMAL,PRO,DEFENSIVE,1.0,0.50,Aegean:FLAT(0.50)|Orion:SHORT(0.55),Regime: TREND (Orion 2x). Score: -0.37. Bearish Consensus.,,-2.766784,MID,42.06,True,7.8,20.0,2.00,7.27
1688358060.0,TREND,GO,SELL,39.74,NORMAL,PRO,DEFENSIVE,1.0,0.50,Aegean:FLAT(0.50)|Orion:SHORT(0.60),Regime: TREND (Orion 2x). Score: -0.40. Bearish Consensus.,,-2.136517,MID,43.85,True,7.6,20.0,2.00,7.43
1688358120.0,TREND,GO,SELL,42.50,NORMAL,PRO,DEFENSIVE,1.0,0.50,Aegean:FLAT(0.50)|Orion:SHORT(0.64),Regime: TREND (Orion 2x). Score: -0.43. Bearish Consensus.,,-2.449540,MID,45.50,True,7.3,20.0,2.00,7.76
1688358180.0,TREND,GO,SELL,68.83,NORMAL,PRO,DEFENSIVE,1.0,0.50,Aegean:SHORT(0.70)|Orion:SHORT(0.68),Regime: TREND (Orion 2x). Score: -0.69. Bearish Consensus.,,-3.122828,MID,47.30,True,7.2,20.0,2.00,8.18
1688358240.0,TREND,GO,SELL,48.29,NORMAL,PRO,DEFENSIVE,1.0,0.50,Aegean:FLAT(0.50)|Orion:SHORT(0.72),Regime: TREND (Orion 2x). Score: -0.48. Bearish Consensus.,,-2.165917,MID,48.98,True,6.9,20.0,2.00,8.26
1688358300.0,TREND,GO,SELL,49.46,NORMAL,PRO,DEFENSIVE,1.0,0.50,Aegean:FLAT(0.50)|Orion:SHORT(0.74),Regime: TREND (Orion 2x). Score: -0.49. Bearish Consensus.,,-1.277331,MID,49.67,True,6.7,20.0,2.00,8.20
1688358360.0,TREND,GO,SELL,50.56,NORMAL,PRO,DEFENSIVE,1.0,0.50,Aegean:FLAT(0.50)|Orion:SHORT(0.76),Regime: TREND (Orion 2x). Score: -0.51. Bearish Consensus.,,-1.439394,MID,50.34,True,6.3,20.0,2.00,8.34
1688358420.0,TREND,GO,SELL,51.61,NORMAL,PRO,DEFENSIVE,1.0,0.50,Aegean:FLAT(0.50)|Orion:SHORT(0.77),Regime: TREND (Orion 2x). Score: -0.52. Bearish Consensus.,,-1.162212,MID,50.97,True,6.0,20.0,2.00,8.38
1688358480.0,TREND,GO,SELL,50.60,NORMAL,PRO,DEFENSIVE,1.0,0.50,Aegean:FLAT(0.50)|Orion:SHORT(0.76),Regime: TREND (Orion 2x). Score: -0.51. Bearish Consensus.,,-0.356454,MID,50.36,True,6.0,20.0,2.00,8.13
1688358540.0,TREND,GO,SELL,48.76,NORMAL,PRO,DEFENSIVE,1.0,0.50,Aegean:FLAT(0.50)|Orion:SHORT(0.73),Regime: TREND (Orion 2x). Score: -0.49. Bearish Consensus.,,-0.391507,MID,49.26,True,5.9,20.0,2.00,7.96
1688358600.0,TREND,GO,SELL,46.76,NORMAL,PRO,DEFENSIVE,1.0,0.50,Aegean:FLAT(0.50)|Orion:SHORT(0.70),Regime: TREND (Orion 2x). Score: -0.47. Bearish Consensus.,,-0.184696,MID,48.06,True,5.8,20.0,2.00,7.73
1688358660.0,TREND,GO,SELL,45.29,NORMAL,PRO,DEFENSIVE,1.0,0.50,Aegean:FLAT(0.50)|Orion:SHORT(0.68),Regime: TREND (Orion 2x). Score: -0.45. Bearish Consensus.,,-0.726208,MID,47.17,True,5.8,20.0,2.00,7.69
1688358720.0,TREND,GO,SELL,44.43,NORMAL,PRO,DEFENSIVE,1.0,0.50,Aegean:FLAT(0.50)|Orion:SHORT(0.67),Regime: TREND (Orion 2x). Score: -0.44. Bearish Consensus.,,-0.072921,MID,46.66,True,5.8,20.0,2.00,7.48
1688358780.0,TREND,GO,SELL,43.94,NORMAL,PRO,DEFENSIVE,1.0,0.50,Aegean:FLAT(0.50)|Orion:SHORT(0.66),Regime: TREND (Orion 2x). Score: -0.44. Bearish Consensus.,,-0.429386,MID,46.36,True,6.0,20.0,2.00,7.50
1688358840.0,TREND,GO,SELL,43.50,NORMAL,PRO,DEFENSIVE,1.0,0.50,Aegean:FLAT(0.50)|Orion:SHORT(0.65),Regime: TREND (Orion 2x). Score: -0.44. Bearish Consensus.,,0.010490,MID,46.10,True,6.0,20.0,2.00,7.38
1688358900.0,TREND,GO,SELL,43.09,NORMAL,PRO,DEFENSIVE,1.0,0.50,Aegean:FLAT(0.50)|Orion:SHORT(0.65),Regime: TREND (Orion 2x). Score: -0.43. Bearish Consensus.,,-0.950921,MID,45.85,True,5.9,20.0,2.00,7.52
1688358960.0,TREND,GO,SELL,43.70,NORMAL,PRO,DEFENSIVE,1.0,0.50,Aegean:FLAT(0.50)|Orion:SHORT(0.66),Regime: TREND (Orion 2x). Score: -0.44. Bearish Consensus.,,-1.896000,DIP,46.22,True,5.9,20.0,2.00,7.77
1688359020.0,TREND,GO,SELL,44.30,NORMAL,PRO,DEFENSIVE,1.0,0.50,Aegean:FLAT(0.50)|Orion:SHORT(0.66),Regime: TREND (Orion 2x). Score: -0.44. Bearish Consensus.,,-1.743498,DIP,46.58,True,5.5,20.0,2.00,7.79
1688359080.0,TREND,GO,SELL,45.50,NORMAL,PRO,DEFENSIVE,1.0,0.50,Aegean:FLAT(0.50)|Orion:SHORT(0.68),Regime: TREND (Orion 2x). Score: -0.46. Bearish Consensus.,,-1.965202,DIP,47.30,True,5.4,20.0,2.00,7.95
1688359140.0,TREND,GO,SELL,43.27,NORMAL,PRO,DEFENSIVE,1.0,0.50,Aegean:FLAT(0.50)|Orion:SHORT(0.65),Regime: TREND (Orion 2x). Score: -0.43. Bearish Consensus.,,-0.027049,MID,45.96,True,5.7,20.0,2.00,7.36
1688359200.0,TREND,GO,SELL,40.46,NORMAL,PRO,DEFENSIVE,1.0,0.50,Aegean:FLAT(0.50)|Orion:SHORT(0.61),Regime: TREND (Orion 2x). Score: -0.40. Bearish Consensus.,,0.469277,MID,44.28,True,5.8,20.0,2.00,7.18
1688359260.0,TREND,GO,SELL,38.00,NORMAL,PRO,DEFENSIVE,1.0,0.50,Aegean:FLAT(0.50)|Orion:SHORT(0.57),Regime: TREND (Orion 2x). Score: -0.38. Bearish Consensus.,,-1.167831,MID,42.80,True,6.1,20.0,2.00,7.08
1688359320.0,TREND,GO,SELL,35.72,NORMAL,PRO,DEFENSIVE,1.0,0.50,Aegean:FLAT(0.50)|Orion:SHORT(0.54),Regime: TREND (Orion 2x). Score: -0.36. Bearish Consensus.,,-0.112968,MID,41.43,True,6.0,20.0,2.00,6.65
1688359380.0,TREND,NO_GO,HOLD,32.18,NORMAL,PRO,DEFENSIVE,1.0,0.50,Aegean:FLAT(0.50)|Orion:SHORT(0.48),Regime: TREND (Orion 2x). Score: -0.32. Low Conviction (<0.35).,LOW_CONVICTION,-1.505232,MID,39.31,True,0.0,0.0,0.00,0.00
1688359440.0,TREND,NO_GO,HOLD,29.76,NORMAL,PRO,DEFENSIVE,1.0,0.50,Aegean:FLAT(0.50)|Orion:SHORT(0.45),Regime: TREND (Orion 2x). Score: -0.30. Low Conviction (<0.35).,LOW_CONVICTION,-1.370277,MID,37.86,True,0.0,0.0,0.00,0.00
1688359500.0,TREND,NO_GO,HOLD,27.79,NORMAL,PRO,DEFENSIVE,1.0,0.50,Aegean:FLAT(0.50)|Orion:SHORT(0.42),Regime: TREND (Orion 2x). Score: -0.28. Low Conviction (<0.35).,LOW_CONVICTION,-2.013594,DIP,36.67,True,0.0,0.0,0.00,0.00
1688359560.0,TREND,NO_GO,HOLD,27.32,NORMAL,PRO,DEFENSIVE,1.0,0.50,Aegean:FLAT(0.50)|Orion:SHORT(0.41),Regime: TREND (Orion 2x). Score: -0.27. Low Conviction (<0.35).,LOW_CONVICTION,-2.288877,DIP,36.39,True,0.0,0.0,0.00,0.00
1688359620.0,TREND,NO_GO,HOLD,26.90,NORMAL,PRO,DEFENSIVE,1.0,0.50,Aegean:FLAT(0.50)|Orion:SHORT(0.40),Regime: TREND (Orion 2x). Score: -0.27. Low Conviction (<0.35).,LOW_CONVICTION,-2.572623,DIP,36.14,True,0.0,0.0,0.00,0.00
1688359680.0,TREND,NO_GO,HOLD,25.80,NORMAL,PRO,DEFENSIVE,1.0,0.50,Aegean:FLAT(0.50)|Orion:SHORT(0.39),Regime: TREND (Orion 2x). Score: -0.26. Low Conviction (<0.35).,LOW_CONVICTION,-1.547897,MID,35.48,True,0.0,0.0,0.00,0.00
1688359740.0,TREND,NO_GO,HOLD,24.34,NORMAL,PRO,DEFENSIVE,1.0,0.50,Aegean:FLAT(0.50)|Orion:SHORT(0.37),Regime: TREND (Orion 2x). Score: -0.24. Low Conviction (<0.35).,LOW_CONVICTION,-1.035268,MID,34.61,True,0.0,0.0,0.00,0.00
1688359800.0,TREND,NO_GO,HOLD,23.07,NORMAL,PRO,DEFENSIVE,1.0,0.50,Aegean:FLAT(0.50)|Orion:SHORT(0.35),Regime: TREND (Orion 2x). Score: -0.23. Low Conviction (<0.35).,LOW_CONVICTION,-1.007999,MID,33.84,True,0.0,0.0,0.00,0.00
1688359860.0,TREND,NO_GO,HOLD,21.80,NORMAL,PRO,DEFENSIVE,1.0,0.50,Aegean:FLAT(0.50)|Orion:SHORT(0.33),Regime: TREND (Orion 2x). Score: -0.22. Low Conviction (<0.35).,LOW_CONVICTION,-0.915485,MID,33.08,True,0.0,0.0,0.00,0.00
1688359920.0,TREND,NO_GO,HOLD,20.74,NORMAL,PRO,DEFENSIVE,1.0,0.50,Aegean:FLAT(0.50)|Orion:SHORT(0.31),Regime: TREND (Orion 2x). Score: -0.21. Low Conviction (<0.35).,LOW_CONVICTION,-0.860711,MID,32.45,True,0.0,0.0,0.00,0.00
1688359980.0,TREND,NO_GO,HOLD,19.68,NORMAL,PRO,DEFENSIVE,1.0,0.50,Aegean:FLAT(0.50)|Orion:SHORT(0.30),Regime: TREND (Orion 2x). Score: -0.20. Low Conviction (<0.35).,LOW_CONVICTION,-0.782178,MID,31.81,True,0.0,0.0,0.00,0.00
1688360040.0,TREND,NO_GO,HOLD,16.78,NORMAL,PRO,DEFENSIVE,1.0,0.50,Aegean:FLAT(0.50)|Orion:SHORT(0.25),Regime: TREND (Orion 2x). Score: -0.17. Low Conviction (<0.35).,LOW_CONVICTION,-0.324862,MID,30.07,True,0.0,0.0,0.00,0.00
1688360100.0,TREND,NO_GO,HOLD,15.19,NORMAL,PRO,DEFENSIVE,1.0,0.50,Aegean:FLAT(0.50)|Orion:SHORT(0.23),Regime: TREND (Orion 2x). Score: -0.15. Low Conviction (<0.35).,LOW_CONVICTION,-1.265778,DIP,29.11,True,0.0,0.0,0.00,0.00
1688360160.0,TREND,NO_GO,HOLD,14.60,NORMAL,PRO,DEFENSIVE,1.0,0.50,Aegean:FLAT(0.50)|Orion:SHORT(0.22),Regime: TREND (Orion 2x). Score: -0.15. Low Conviction (<0.35).,LOW_CONVICTION,-1.638125,DIP,28.76,True,0.0,0.0,0.00,0.00
1688360220.0,TREND,NO_GO,HOLD,14.08,NORMAL,PRO,DEFENSIVE,1.0,0.50,Aegean:FLAT(0.50)|Orion:SHORT(0.21),Regime: TREND (Orion 2x). Score: -0.14. Low Conviction (<0.35).,LOW_CONVICTION,-1.467172,DIP,28.45,True,0.0,0.0,0.00,0.00
1688360280.0,TREND,NO_GO,HOLD,15.03,NORMAL,PRO,DEFENSIVE,1.0,0.50,Aegean:FLAT(0.50)|Orion:SHORT(0.23),Regime: TREND (Orion 2x). Score: -0.15. Low Conviction (<0.35).,LOW_CONVICTION,-2.245536,DIP,29.02,True,0.0,0.0,0.00,0.00
1688360340.0,TREND,NO_GO,HOLD,17.47,NORMAL,PRO,DEFENSIVE,1.0,0.50,Aegean:FLAT(0.50)|Orion:SHORT(0.26),Regime: TREND (Orion 2x). Score: -0.17. Low Conviction (<0.35).,LOW_CONVICTION,-2.008584,MID,30.48,True,0.0,0.0,0.00,0.00
1688360400.0,TREND,NO_GO,HOLD,19.54,NORMAL,PRO,DEFENSIVE,1.0,0.50,Aegean:FLAT(0.50)|Orion:SHORT(0.29),Regime: TREND (Orion 2x). Score: -0.20. Low Conviction (<0.35).,LOW_CONVICTION,-2.205506,DIP,31.72,True,0.0,0.0,0.00,0.00
1688360460.0,TREND,NO_GO,HOLD,18.97,NORMAL,PRO,DEFENSIVE,1.0,0.50,Aegean:FLAT(0.50)|Orion:SHORT(0.28),Regime: TREND (Orion 2x). Score: -0.19. Low Conviction (<0.35).,LOW_CONVICTION,-0.942282,MID,31.38,True,0.0,0.0,0.00,0.00
1688360520.0,TREND,NO_GO,HOLD,18.42,NORMAL,PRO,DEFENSIVE,1.0,0.50,Aegean:FLAT(0.50)|Orion:SHORT(0.28),Regime: TREND (Orion 2x). Score: -0.18. Low Conviction (<0.35).,LOW_CONVICTION,-0.688726,MID,31.05,True,0.0,0.0,0.00,0.00
1688360580.0,TREND,NO_GO,HOLD,18.88,NORMAL,PRO,DEFENSIVE,1.0,0.50,Aegean:FLAT(0.50)|Orion:SHORT(0.28),Regime: TREND (Orion 2x). Score: -0.19. Low Conviction (<0.35).,LOW_CONVICTION,-1.443250,MID,31.33,True,0.0,0.0,0.00,0.00
1688360640.0,TREND,NO_GO,HOLD,19.82,NORMAL,PRO,DEFENSIVE,1.0,0.50,Aegean:FLAT(0.50)|Orion:SHORT(0.30),Regime: TREND (Orion 2x). Score: -0.20. Low Conviction (<0.35).,LOW_CONVICTION,-1.180201,MID,31.89,True,0.0,0.0,0.00,0.00
1688360700.0,TREND,NO_GO,HOLD,20.62,NORMAL,PRO,DEFENSIVE,1.0,0.50,Aegean:FLAT(0.50)|Orion:SHORT(0.31),Regime: TREND (Orion 2x). Score: -0.21. Low Conviction (<0.35).,LOW_CONVICTION,-1.339218,MID,32.37,True,0.0,0.0,0.00,0.00
1688360760.0,TREND,NO_GO,HOLD,22.11,NORMAL,PRO,DEFENSIVE,1.0,0.50,Aegean:FLAT(0.50)|Orion:SHORT(0.33),Regime: TREND (Orion 2x). Score: -0.22. Low Conviction (<0.35).,LOW_CONVICTION,-1.344839,MID,33.26,True,0.0,0.0,0.00,0.00
1688360820.0,TREND,NO_GO,HOLD,23.47,NORMAL,PRO,DEFENSIVE,1.0,0.50,Aegean:FLAT(0.50)|Orion:SHORT(0.35),Regime: TREND (Orion 2x). Score: -0.23. Low Conviction (<0.35).,LOW_CONVICTION,-1.302599,MID,34.08,True,0.0,0.0,0.00,0.00
1688360880.0,TREND,NO_GO,HOLD,25.24,NORMAL,PRO,DEFENSIVE,1.0,0.50,Aegean:FLAT(0.50)|Orion:SHORT(0.38),Regime: TREND (Orion 2x). Score: -0.25. Low Conviction (<0.35).,LOW_CONVICTION,-0.885788,MID,35.14,True,0.0,0.0,0.00,0.00
1688360940.0,TREND,NO_GO,HOLD,26.72,NORMAL,PRO,DEFENSIVE,1.0,0.50,Aegean:FLAT(0.50)|Orion:SHORT(0.40),Regime: TREND (Orion 2x). Score: -0.27. Low Conviction (<0.35).,LOW_CONVICTION,-1.394371,DIP,36.03,True,0.0,0.0,0.00,0.00
1688361000.0,TREND,NO_GO,HOLD,26.46,NORMAL,PRO,DEFENSIVE,1.0,0.50,Aegean:FLAT(0.50)|Orion:SHORT(0.40),Regime: TREND (Orion 2x). Score: -0.26. Low Conviction (<0.35).,LOW_CONVICTION,-0.220982,MID,35.88,True,0.0,0.0,0.00,0.00
1688361060.0,TREND,NO_GO,HOLD,24.47,NORMAL,PRO,DEFENSIVE,1.0,0.50,Aegean:FLAT(0.50)|Orion:SHORT(0.37),Regime: TREND (Orion 2x). Score: -0.24. Low Conviction (<0.35).,LOW_CONVICTION,0.190074,MID,34.68,True,0.0,0.0,0.00,0.00
1688361120.0,TREND,NO_GO,HOLD,22.63,NORMAL,PRO,DEFENSIVE,1.0,0.50,Aegean:FLAT(0.50)|Orion:SHORT(0.34),Regime: TREND (Orion 2x). Score: -0.23. Low Conviction (<0.35).,LOW_CONVICTION,0.056974,MID,33.58,True,0.0,0.0,0.00,0.00
1688361180.0,TREND,NO_GO,HOLD,20.91,NORMAL,PRO,DEFENSIVE,1.0,0.50,Aegean:FLAT(0.50)|Orion:SHORT(0.31),Regime: TREND (Orion 2x). Score: -0.21. Low Conviction (<0.35).,LOW_CONVICTION,0.166439,MID,32.55,True,0.0,0.0,0.00,0.00
1688361240.0,TREND,NO_GO,HOLD,18.43,NORMAL,PRO,DEFENSIVE,1.0,0.50,Aegean:FLAT(0.50)|Orion:SHORT(0.28),Regime: TREND (Orion 2x). Score: -0.18. Low Conviction (<0.35).,LOW_CONVICTION,0.468370,MID,31.06,True,0.0,0.0,0.00,0.00
1688361300.0,TREND,NO_GO,HOLD,15.33,NORMAL,PRO,DEFENSIVE,1.0,0.50,Aegean:FLAT(0.50)|Orion:SHORT(0.23),Regime: TREND (Orion 2x). Score: -0.15. Low Conviction (<0.35).,LOW_CONVICTION,1.205776,TOP,29.20,True,0.0,0.0,0.00,0.00
1688361360.0,TREND,NO_GO,HOLD,12.46,NORMAL,PRO,DEFENSIVE,1.0,0.50,Aegean:FLAT(0.50)|Orion:SHORT(0.19),Regime: TREND (Orion 2x). Score: -0.12. Low Conviction (<0.35).,LOW_CONVICTION,1.091478,TOP,27.48,True,0.0,0.0,0.00,0.00
1688361420.0,TREND,NO_GO,HOLD,9.79,NORMAL,PRO,DEFENSIVE,1.0,0.50,Aegean:FLAT(0.50)|Orion:SHORT(0.15),Regime: TREND (Orion 2x). Score: -0.10. Low Conviction (<0.35).,LOW_CONVICTION,0.995617,TOP,25.88,True,0.0,0.0,0.00,0.00
1688361480.0,TREND,NO_GO,HOLD,13.33,NORMAL,PRO,DEFENSIVE,1.0,0.50,Aegean:FLAT(0.50)|Orion:SHORT(0.20),Regime: TREND (Orion 2x). Score: -0.13. Low Conviction (<0.35).,LOW_CONVICTION,0.917322,TOP,24.47,False,0.0,0.0,0.00,0.00
1688361540.0,TREND,NO_GO,HOLD,13.33,NORMAL,PRO,DEFENSIVE,1.0,0.50,Aegean:FLAT(0.50)|Orion:LONG(0.20),Regime: TREND (Orion 2x). Score: 0.13. Low Conviction (<0.35).,LOW_CONVICTION,0.974232,TOP,23.71,False,0.0,0.0,0.00,0.00
1688361600.0,CHOP,NO_GO,HOLD,13.33,NORMAL,PRO,DEFENSIVE,1.0,0.50,Aegean:FLAT(0.50)|Orion:SHORT(0.20),Regime: CHOP (Reduced Weights). Score: -0.13. Low Conviction (<0.35).,LOW_CONVICTION,0.467651,MID,22.36,False,0.0,0.0,0.00,0.00
1688361660.0,CHOP,NO_GO,HOLD,13.33,NORMAL,PRO,DEFENSIVE,1.0,0.50,Aegean:FLAT(0.50)|Orion:SHORT(0.20),Regime: CHOP (Reduced Weights). Score: -0.13. Low Conviction (<0.35).,LOW_CONVICTION,-0.936007,MID,22.41,False,0.0,0.0,0.00,0.00
1688361720.0,CHOP,NO_GO,HOLD,13.33,NORMAL,PRO,DEFENSIVE,1.0,0.50,Aegean:FLAT(0.50)|Orion:SHORT(0.20),Regime: CHOP (Reduced Weights). Score: -0.13. Low Conviction (<0.35).,LOW_CONVICTION,-1.188198,MID,22.79,False,0.0,0.0,0.00,0.00
1688361780.0,CHOP,NO_GO,HOLD,13.33,NORMAL,PRO,DEFENSIVE,1.0,0.50,Aegean:FLAT(0.50)|Orion:SHORT(0.20),Regime: CHOP (Reduced Weights). Score: -0.13. Low Conviction (<0.35).,LOW_CONVICTION,-1.076085,MID,23.18,False,0.0,0.0,0.00,0.00
1688361840.0,TREND,NO_GO,HOLD,13.33,NORMAL,PRO,DEFENSIVE,1.0,0.50,Aegean:FLAT(0.50)|Orion:SHORT(0.20),Regime: TREND (Orion 2x). Score: -0.13. Low Conviction (<0.35).,LOW_CONVICTION,-1.539960,DIP,24.14,False,0.0,0.0,0.00,0.00
1688361900.0,CHOP,NO_GO,HOLD,13.33,NORMAL,PRO,DEFENSIVE,1.0,0.50,Aegean:FLAT(0.50)|Orion:SHORT(0.20),Regime: CHOP (Reduced Weights). Score: -0.13. Low Conviction (<0.35).,LOW_CONVICTION,-0.509250,MID,24.43,False,0.0,0.0,0.00,0.00
1688361960.0,CHOP,NO_GO,HOLD,13.33,NORMAL,PRO,DEFENSIVE,1.0,0.50,Aegean:FLAT(0.50)|Orion:SHORT(0.20),Regime: CHOP (Reduced Weights). Score: -0.13. Low Conviction (<0.35).,LOW_CONVICTION,0.427203,MID,23.24,False,0.0,0.0,0.00,0.00
1688362020.0,CHOP,NO_GO,HOLD,13.33,NORMAL,PRO,DEFENSIVE,1.0,0.50,Aegean:FLAT(0.50)|Orion:LONG(0.20),Regime: CHOP (Reduced Weights). Score: 0.13. Low Conviction (<0.35).,LOW_CONVICTION,0.799312,MID,21.62,False,0.0,0.0,0.00,0.00
1688362080.0,CHOP,NO_GO,HOLD,13.33,NORMAL,PRO,DEFENSIVE,1.0,0.50,Aegean:FLAT(0.50)|Orion:SHORT(0.20),Regime: CHOP (Reduced Weights). Score: -0.13. Low Conviction (<0.35).,LOW_CONVICTION,0.098411,MID,20.34,False,0.0,0.0,0.00,0.00
1688362140.0,CHOP,NO_GO,HOLD,13.33,NORMAL,PRO,DEFENSIVE,1.0,0.50,Aegean:FLAT(0.50)|Orion:LONG(0.20),Regime: CHOP (Reduced Weights). Score: 0.13. Low Conviction (<0.35).,LOW_CONVICTION,0.709039,MID,19.15,False,0.0,0.0,0.00,0.00
1688362200.0,CHOP,NO_GO,HOLD,13.33,NORMAL,PRO,DEFENSIVE,1.0,0.50,Aegean:FLAT(0.50)|Orion:LONG(0.20),Regime: CHOP (Reduced Weights). Score: 0.13. Low Conviction (<0.35).,LOW_CONVICTION,0.475778,MID,18.02,False,0.0,0.0,0.00,0.00
1688362260.0,CHOP,NO_GO,HOLD,13.33,NORMAL,PRO,DEFENSIVE,1.0,0.50,Aegean:FLAT(0.50)|Orion:LONG(0.20),Regime: CHOP (Reduced Weights). Score: 0.13. Low Conviction (<0.35).,LOW_CONVICTION,0.203423,MID,17.73,False,0.0,0.0,0.00,0.00
1688362320.0,CHOP,NO_GO,HOLD,13.33,NORMAL,PRO,DEFENSIVE,1.0,0.50,Aegean:FLAT(0.50)|Orion:SHORT(0.20),Regime: CHOP (Reduced Weights). Score: -0.13. Low Conviction (<0.35).,LOW_CONVICTION,-0.160713,MID,17.57,False,0.0,0.0,0.00,0.00
1688362380.0,CHOP,NO_GO,HOLD,13.33,NORMAL,PRO,DEFENSIVE,1.0,0.50,Aegean:FLAT(0.50)|Orion:SHORT(0.20),Regime: CHOP (Reduced Weights). Score: -0.13. Low Conviction (<0.35).,LOW_CONVICTION,-0.720857,MID,18.07,False,0.0,0.0,0.00,0.00
1688362440.0,CHOP,NO_GO,HOLD,13.33,NORMAL,PRO,DEFENSIVE,1.0,0.50,Aegean:FLAT(0.50)|Orion:SHORT(0.20),Regime: CHOP (Reduced Weights). Score: -0.13. Low Conviction (<0.35).,LOW_CONVICTION,-0.632498,MID,18.52,False,0.0,0.0,0.00,0.00
1688362500.0,CHOP,NO_GO,HOLD,13.33,NORMAL,PRO,DEFENSIVE,1.0,0.50,Aegean:FLAT(0.50)|Orion:SHORT(0.20),Regime: CHOP (Reduced Weights). Score: -0.13. Low Conviction (<0.35).,LOW_CONVICTION,-0.949030,MID,19.45,False,0.0,0.0,0.00,0.00
1688362560.0,CHOP,NO_GO,HOLD,13.33,NORMAL,PRO,DEFENSIVE,1.0,0.50,Aegean:FLAT(0.50)|Orion:SHORT(0.20),Regime: CHOP (Reduced Weights). Score: -0.13. Low Conviction (<0.35).,LOW_CONVICTION,-0.095809,MID,19.53,False,0.0,0.0,0.00,0.00
1688362620.0,CHOP,NO_GO,HOLD,13.33,NORMAL,PRO,DEFENSIVE,1.0,0.50,Aegean:FLAT(0.50)|Orion:LONG(0.20),Regime: CHOP (Reduced Weights). Score: 0.13. Low Conviction (<0.35).,LOW_CONVICTION,0.228982,MID,19.03,False,0.0,0.0,0.00,0.00
1688362680.0,CHOP,NO_GO,HOLD,13.33,NORMAL,PRO,DEFENSIVE,1.0,0.50,Aegean:FLAT(0.50)|Orion:LONG(0.20),Regime: CHOP (Reduced Weights). Score: 0.13. Low Conviction (<0.35).,LOW_CONVICTION,1.105347,MID,18.20,False,0.0,0.0,0.00,0.00
1688362740.0,CHOP,NO_GO,HOLD,13.33,NORMAL,PRO,DEFENSIVE,1.0,0.50,Aegean:FLAT(0.50)|Orion:LONG(0.20),Regime: CHOP (Reduced Weights). Score: 0.13. Low Conviction (<0.35).,LOW_CONVICTION,1.017286,MID,17.56,False,0.0,0.0,0.00,0.00
1688362800.0,CHOP,NO_GO,HOLD,13.33,NORMAL,PRO,DEFENSIVE,1.0,0.50,Aegean:FLAT(0.50)|Orion:LONG(0.20),Regime: CHOP (Reduced Weights). Score: 0.13. Low Conviction (<0.35).,LOW_CONVICTION,0.898408,TOP,16.92,False,0.0,0.0,0.00,0.00
1688362860.0,CHOP,NO_GO,HOLD,13.33,NORMAL,PRO,DEFENSIVE,1.0,0.50,Aegean:FLAT(0.50)|Orion:LONG(0.20),Regime: CHOP (Reduced Weights). Score: 0.13. Low Conviction (<0.35).,LOW_CONVICTION,0.678477,TOP,16.12,False,0.0,0.0,0.00,0.00
1688362920.0,CHOP,NO_GO,HOLD,13.33,NORMAL,PRO,DEFENSIVE,1.0,0.50,Aegean:FLAT(0.50)|Orion:LONG(0.20),Regime: CHOP (Reduced Weights). Score: 0.13. Low Conviction (<0.35).,LOW_CONVICTION,0.630135,TOP,15.35,False,0.0,0.0,0.00,0.00
1688362980.0,CHOP,NO_GO,HOLD,13.33,NORMAL,PRO,DEFENSIVE,1.0,0.50,Aegean:FLAT(0.50)|Orion:LONG(0.20),Regime: CHOP (Reduced Weights). Score: 0.13. Low Conviction (<0.35).,LOW_CONVICTION,-0.072683,MID,15.01,False,0.0,0.0,0.00,0.00
1688363040.0,CHOP,NO_GO,HOLD,13.33,NORMAL,PRO,DEFENSIVE,1.0,0.50,Aegean:FLAT(0.50)|Orion:LONG(0.20),Regime: CHOP (Reduced Weights). Score: 0.13. Low Conviction (<0.35).,LOW_CONVICTION,-0.202074,MID,14.95,False,0.0,0.0,0.00,0.00
1688363100.0,CHOP,NO_GO,HOLD,13.33,NORMAL,PRO,DEFENSIVE,1.0,0.50,Aegean:FLAT(0.50)|Orion:LONG(0.20),Regime: CHOP (Reduced Weights). Score: 0.13. Low Conviction (<0.35).,LOW_CONVICTION,-0.037339,MID,14.91,False,0.0,0.0,0.00,0.00
1688363160.0,CHOP,NO_GO,HOLD,13.33,NORMAL,PRO,DEFENSIVE,1.0,0.50,Aegean:FLAT(0.50)|Orion:LONG(0.20),Regime: CHOP (Reduced Weights). Score: 0.13. Low Conviction (<0.35).,LOW_CONVICTION,-0.033294,MID,14.79,False,0.0,0.0,0.00,0.00
1688363220.0,CHOP,NO_GO,HOLD,13.33,NORMAL,PRO,DEFENSIVE,1.0,0.50,Aegean:FLAT(0.50)|Orion:SHORT(0.20),Regime: CHOP (Reduced Weights). Score: -0.13. Low Conviction (<0.35).,LOW_CONVICTION,-0.849337,MID,15.91,False,0.0,0.0,0.00,0.00
1688363280.0,CHOP,NO_GO,HOLD,13.33,NORMAL,PRO,DEFENSIVE,1.0,0.50,Aegean:FLAT(0.50)|Orion:SHORT(0.20),Regime: CHOP (Reduced Weights). Score: -0.13. Low Conviction (<0.35).,LOW_CONVICTION,-0.756553,MID,17.18,False,0.0,0.0,0.00,0.00
1688363340.0,CHOP,NO_GO,HOLD,13.33,NORMAL,PRO,DEFENSIVE,1.0,0.50,Aegean:FLAT(0.50)|Orion:SHORT(0.20),Regime: CHOP (Reduced Weights). Score: -0.13. Low Conviction (<0.35).,LOW_CONVICTION,-0.618606,MID,17.74,False,0.0,0.0,0.00,0.00
1688363400.0,CHOP,NO_GO,HOLD,13.33,NORMAL,PRO,DEFENSIVE,1.0,0.50,Aegean:FLAT(0.50)|Orion:SHORT(0.20),Regime: CHOP (Reduced Weights). Score: -0.13. Low Conviction (<0.35).,LOW_CONVICTION,-0.568752,MID,18.64,False,0.0,0.0,0.00,0.00
1688363460.0,CHOP,NO_GO,HOLD,13.33,NORMAL,PRO,DEFENSIVE,1.0,0.50,Aegean:FLAT(0.50)|Orion:SHORT(0.20),Regime: CHOP (Reduced Weights). Score: -0.13. Low Conviction (<0.35).,LOW_CONVICTION,-0.512106,MID,19.50,False,0.0,0.0,0.00,0.00
1688363520.0,TREND,NO_GO,HOLD,13.33,NORMAL,PRO,DEFENSIVE,1.0,0.50,Aegean:FLAT(0.50)|Orion:SHORT(0.20),Regime: TREND (Orion 2x). Score: -0.13. Low Conviction (<0.35).,LOW_CONVICTION,-1.218175,DIP,21.28,False,0.0,0.0,0.00,0.00
1688363580.0,TREND,NO_GO,HOLD,13.33,NORMAL,PRO,DEFENSIVE,1.0,0.50,Aegean:FLAT(0.50)|Orion:SHORT(0.20),Regime: TREND (Orion 2x). Score: -0.13. Low Conviction (<0.35).,LOW_CONVICTION,-0.961525,DIP,22.97,False,0.0,0.0,0.00,0.00
1688363640.0,TREND,NO_GO,HOLD,13.33,NORMAL,PRO,DEFENSIVE,1.0,0.50,Aegean:FLAT(0.50)|Orion:SHORT(0.20),Regime: TREND (Orion 2x). Score: -0.13. Low Conviction (<0.35).,LOW_CONVICTION,-0.627209,MID,23.65,False,0.0,0.0,0.00,0.00
1688363700.0,TREND,NO_GO,HOLD,13.33,NORMAL,PRO,DEFENSIVE,1.0,0.50,Aegean:FLAT(0.50)|Orion:SHORT(0.20),Regime: TREND (Orion 2x). Score: -0.13. Low Conviction (<0.35).,LOW_CONVICTION,-0.715094,DIP,24.36,False,0.0,0.0,0.00,0.00
1688363760.0,TREND,NO_GO,HOLD,9.41,NORMAL,PRO,DEFENSIVE,1.0,0.50,Aegean:FLAT(0.50)|Orion:SHORT(0.14),Regime: TREND (Orion 2x). Score: -0.09. Low Conviction (<0.35).,LOW_CONVICTION,-1.106990,DIP,25.65,True,0.0,0.0,0.00,0.00
1688363820.0,TREND,NO_GO,HOLD,12.46,NORMAL,PRO,DEFENSIVE,1.0,0.50,Aegean:FLAT(0.50)|Orion:SHORT(0.19),Regime: TREND (Orion 2x). Score: -0.12. Low Conviction (<0.35).,LOW_CONVICTION,-0.897857,MID,27.48,True,0.0,0.0,0.00,0.00
1688363880.0,TREND,NO_GO,HOLD,14.11,NORMAL,PRO,DEFENSIVE,1.0,0.50,Aegean:FLAT(0.50)|Orion:SHORT(0.21),Regime: TREND (Orion 2x). Score: -0.14. Low Conviction (<0.35).,LOW_CONVICTION,-0.830698,MID,28.47,True,0.0,0.0,0.00,0.00
1688363940.0,TREND,NO_GO,HOLD,14.56,NORMAL,PRO,DEFENSIVE,1.0,0.50,Aegean:FLAT(0.50)|Orion:SHORT(0.22),Regime: TREND (Orion 2x). Score: -0.15. Low Conviction (<0.35).,LOW_CONVICTION,-0.760686,MID,28.73,True,0.0,0.0,0.00,0.00
1688364000.0,TREND,NO_GO,HOLD,17.30,NORMAL,PRO,DEFENSIVE,1.0,0.50,Aegean:FLAT(0.50)|Orion:SHORT(0.26),Regime: TREND (Orion 2x). Score: -0.17. Low Conviction (<0.35).,LOW_CONVICTION,-0.435490,MID,30.38,True,0.0,0.0,0.00,0.00
1688364060.0,TREND,NO_GO,HOLD,19.01,NORMAL,PRO,DEFENSIVE,1.0,0.50,Aegean:FLAT(0.50)|Orion:SHORT(0.29),Regime: TREND (Orion 2x). Score: -0.19. Low Conviction (<0.35).,LOW_CONVICTION,-0.497035,MID,31.41,True,0.0,0.0,0.00,0.00
1688364120.0,TREND,NO_GO,HOLD,21.31,NORMAL,PRO,DEFENSIVE,1.0,0.50,Aegean:FLAT(0.50)|Orion:SHORT(0.32),Regime: TREND (Orion 2x). Score: -0.21. Low Conviction (<0.35).,LOW_CONVICTION,-0.355393,MID,32.78,True,0.0,0.0,0.00,0.00
1688364180.0,TREND,NO_GO,HOLD,23.44,NORMAL,PRO,DEFENSIVE,1.0,0.50,Aegean:FLAT(0.50)|Orion:SHORT(0.35),Regime: TREND (Orion 2x). Score: -0.23. Low Conviction (<0.35).,LOW_CONVICTION,-0.309806,MID,34.07,True,0.0,0.0,0.00,0.00
1688364240.0,TREND,NO_GO,HOLD,26.58,NORMAL,PRO,DEFENSIVE,1.0,0.50,Aegean:FLAT(0.50)|Orion:SHORT(0.40),Regime: TREND (Orion 2x). Score: -0.27. Low Conviction (<0.35).,LOW_CONVICTION,-1.264607,MID,35.95,True,0.0,0.0,0.00,0.00
1688364300.0,TREND,NO_GO,HOLD,29.42,NORMAL,PRO,DEFENSIVE,1.0,0.50,Aegean:FLAT(0.50)|Orion:SHORT(0.44),Regime: TREND (Orion 2x). Score: -0.29. Low Conviction (<0.35).,LOW_CONVICTION,-1.160932,MID,37.65,True,0.0,0.0,0.00,0.00
1688364360.0,TREND,NO_GO,HOLD,29.19,NORMAL,PRO,DEFENSIVE,1.0,0.50,Aegean:FLAT(0.50)|Orion:SHORT(0.44),Regime: TREND (Orion 2x). Score: -0.29. Low Conviction (<0.35).,LOW_CONVICTION,-0.253300,MID,37.51,True,0.0,0.0,0.00,0.00
1688364420.0,TREND,NO_GO,HOLD,27.97,NORMAL,PRO,DEFENSIVE,1.0,0.50,Aegean:FLAT(0.50)|Orion:SHORT(0.42),Regime: TREND (Orion 2x). Score: -0.28. Low Conviction (<0.35).,LOW_CONVICTION,0.060495,MID,36.78,True,0.0,0.0,0.00,0.00
1688364480.0,TREND,NO_GO,HOLD,27.27,NORMAL,PRO,DEFENSIVE,1.0,0.50,Aegean:FLAT(0.50)|Orion:SHORT(0.41),Regime: TREND (Orion 2x). Score: -0.27. Low Conviction (<0.35).,LOW_CONVICTION,-0.074918,MID,36.36,True,0.0,0.0,0.00,0.00
1688364540.0,TREND,NO_GO,HOLD,27.14,NORMAL,PRO,DEFENSIVE,1.0,0.50,Aegean:FLAT(0.50)|Orion:SHORT(0.41),Regime: TREND (Orion 2x). Score: -0.27. Low Conviction (<0.35).,LOW_CONVICTION,-0.884440,MID,36.28,True,0.0,0.0,0.00,0.00
1688364600.0,TREND,NO_GO,HOLD,26.95,NORMAL,PRO,DEFENSIVE,1.0,0.50,Aegean:FLAT(0.50)|Orion:SHORT(0.40),Regime: TREND (Orion 2x). Score: -0.27. Low Conviction (<0.35).,LOW_CONVICTION,-0.502282,MID,36.17,True,0.0,0.0,0.00,0.00
1688364660.0,TREND,NO_GO,HOLD,26.76,NORMAL,PRO,DEFENSIVE,1.0,0.50,Aegean:FLAT(0.50)|Orion:SHORT(0.40),Regime: TREND (Orion 2x). Score: -0.27. Low Conviction (<0.35).,LOW_CONVICTION,-0.721775,MID,36.06,True,0.0,0.0,0.00,0.00
1688364720.0,TREND,NO_GO,HOLD,26.76,NORMAL,PRO,DEFENSIVE,1.0,0.50,Aegean:FLAT(0.50)|Orion:SHORT(0.40),Regime: TREND (Orion 2x). Score: -0.27. Low Conviction (<0.35).,LOW_CONVICTION,-0.731087,MID,36.06,True,0.0,0.0,0.00,0.00
1688364780.0,TREND,NO_GO,HOLD,27.66,NORMAL,PRO,DEFENSIVE,1.0,0.50,Aegean:FLAT(0.50)|Orion:SHORT(0.41),Regime: TREND (Orion 2x). Score: -0.28. Low Conviction (<0.35).,LOW_CONVICTION,-1.177669,DIP,36.59,True,0.0,0.0,0.00,0.00
1688364840.0,TREND,NO_GO,HOLD,31.51,NORMAL,PRO,DEFENSIVE,1.0,0.50,Aegean:FLAT(0.50)|Orion:SHORT(0.47),Regime: TREND (Orion 2x). Score: -0.32. Low Conviction (<0.35).,LOW_CONVICTION,-2.505328,MID,38.91,True,0.0,0.0,0.00,0.00
1688364900.0,TREND,GO,SELL,35.04,NORMAL,PRO,DEFENSIVE,1.0,0.50,Aegean:FLAT(0.50)|Orion:SHORT(0.53),Regime: TREND (Orion 2x). Score: -0.35. Bearish Consensus.,,-1.675450,MID,41.02,True,3.7,20.0,2.00,6.89
1688364960.0,TREND,GO,SELL,38.37,NORMAL,PRO,DEFENSIVE,1.0,0.50,Aegean:FLAT(0.50)|Orion:SHORT(0.58),Regime: TREND (Orion 2x). Score: -0.38. Bearish Consensus.,,-1.521879,MID,43.02,True,3.4,20.0,2.00,7.18
1688365020.0,TREND,GO,SELL,38.93,NORMAL,PRO,DEFENSIVE,1.0,0.50,Aegean:FLAT(0.50)|Orion:SHORT(0.58),Regime: TREND (Orion 2x). Score: -0.39. Bearish Consensus.,,-1.160772,MID,43.36,True,3.5,20.0,2.00,7.16
1688365080.0,TREND,GO,SELL,39.73,NORMAL,PRO,DEFENSIVE,1.0,0.50,Aegean:FLAT(0.50)|Orion:SHORT(0.60),Regime: TREND (Orion 2x). Score: -0.40. Bearish Consensus.,,-1.260891,MID,43.84,True,3.4,20.0,2.00,7.26
1688365140.0,TREND,GO,SELL,38.85,NORMAL,PRO,DEFENSIVE,1.0,0.50,Aegean:FLAT(0.50)|Orion:SHORT(0.58),Regime: TREND (Orion 2x). Score: -0.39. Bearish Consensus.,,-0.366501,MID,43.31,True,3.4,20.0,2.00,7.00
1688365200.0,TREND,GO,SELL,37.60,NORMAL,PRO,DEFENSIVE,1.0,0.50,Aegean:FLAT(0.50)|Orion:SHORT(0.56),Regime: TREND (Orion 2x). Score: -0.38. Bearish Consensus.,,-0.635611,MID,42.56,True,3.3,20.0,2.00,6.93
1688365260.0,TREND,GO,SELL,38.46,NORMAL,PRO,DEFENSIVE,1.0,0.50,Aegean:FLAT(0.50)|Orion:SHORT(0.58),Regime: TREND (Orion 2x). Score: -0.38. Bearish Consensus.,,-2.538886,MID,43.08,True,3.8,20.0,2.00,7.39
1688365320.0,TREND,GO,SELL,39.76,NORMAL,PRO,DEFENSIVE,1.0,0.50,Aegean:FLAT(0.50)|Orion:SHORT(0.60),Regime: TREND (Orion 2x). Score: -0.40. Bearish Consensus.,,-2.414651,MID,43.86,True,3.8,20.0,2.00,7.49
1688365380.0,TREND,GO,SELL,41.16,NORMAL,PRO,DEFENSIVE,1.0,0.50,Aegean:FLAT(0.50)|Orion:SHORT(0.62),Regime: TREND (Orion 2x). Score: -0.41. Bearish Consensus.,,-1.736107,MID,44.70,True,4.0,20.0,2.00,7.49
1688365440.0,TREND,GO,SELL,42.49,NORMAL,PRO,DEFENSIVE,1.0,0.50,Aegean:FLAT(0.50)|Orion:SHORT(0.64),Regime: TREND (Orion 2x). Score: -0.42. Bearish Consensus.,,-2.531741,DIP,45.50,True,4.0,20.0,2.00,7.78
1688365500.0,TREND,GO,SELL,41.94,NORMAL,PRO,DEFENSIVE,1.0,0.50,Aegean:FLAT(0.50)|Orion:SHORT(0.63),Regime: TREND (Orion 2x). Score: -0.42. Bearish Consensus.,,-0.636318,MID,45.16,True,4.4,20.0,2.00,7.35
1688365560.0,TREND,GO,SELL,41.45,NORMAL,PRO,DEFENSIVE,1.0,0.50,Aegean:FLAT(0.50)|Orion:SHORT(0.62),Regime: TREND (Orion 2x). Score: -0.41. Bearish Consensus.,,-0.645020,MID,44.87,True,4.1,20.0,2.00,7.31
1688365620.0,TREND,GO,SELL,42.11,NORMAL,PRO,DEFENSIVE,1.0,0.50,Aegean:FLAT(0.50)|Orion:SHORT(0.63),Regime: TREND (Orion 2x). Score: -0.42. Bearish Consensus.,,-1.222638,MID,45.27,True,4.2,20.0,2.00,7.48
1688365680.0,TREND,GO,SELL,42.72,NORMAL,PRO,DEFENSIVE,1.0,0.50,Aegean:FLAT(0.50)|Orion:SHORT(0.64),Regime: TREND (Orion 2x). Score: -0.43. Bearish Consensus.,,-0.467944,MID,45.63,True,4.3,20.0,2.00,7.39
1688365740.0,TREND,GO,SELL,43.25,NORMAL,PRO,DEFENSIVE,1.0,0.50,Aegean:FLAT(0.50)|Orion:SHORT(0.65),Regime: TREND (Orion 2x). Score: -0.43. Bearish Consensus.,,-1.035740,MID,45.95,True,4.2,20.0,2.00,7.55
1688365800.0,TREND,GO,SELL,44.46,NORMAL,PRO,DEFENSIVE,1.0,0.50,Aegean:FLAT(0.50)|Orion:SHORT(0.67),Regime: TREND (Orion 2x). Score: -0.44. Bearish Consensus.,,-1.234241,MID,46.68,True,4.2,20.0,2.00,7.71
1688365860.0,TREND,GO,SELL,46.73,NORMAL,PRO,DEFENSIVE,1.0,0.50,Aegean:FLAT(0.50)|Orion:SHORT(0.70),Regime: TREND (Orion 2x). Score: -0.47. Bearish Consensus.,,-2.811038,DIP,48.04,True,4.7,20.0,2.00,8.24
1688365920.0,TREND,GO,SELL,49.16,NORMAL,PRO,DEFENSIVE,1.0,0.50,Aegean:FLAT(0.50)|Orion:SHORT(0.74),Regime: TREND (Orion 2x). Score: -0.49. Bearish Consensus.,,-2.094851,MID,49.50,True,5.0,20.0,2.00,8.33
1688365980.0,TREND,GO,SELL,51.57,NORMAL,PRO,DEFENSIVE,1.0,0.50,Aegean:FLAT(0.50)|Orion:SHORT(0.77),Regime: TREND (Orion 2x). Score: -0.52. Bearish Consensus.,,-1.910072,MID,50.94,True,4.9,20.0,2.00,8.53
1688366040.0,TREND,GO,SELL,51.35,NORMAL,PRO,DEFENSIVE,1.0,0.50,Aegean:FLAT(0.50)|Orion:SHORT(0.77),Regime: TREND (Orion 2x). Score: -0.51. Bearish Consensus.,,-0.814706,MID,50.81,True,4.9,20.0,2.00,8.29
1688366100.0,TREND,GO,SELL,47.65,NORMAL,PRO,DEFENSIVE,1.0,0.50,Aegean:FLAT(0.50)|Orion:SHORT(0.71),Regime: TREND (Orion 2x). Score: -0.48. Bearish Consensus.,,0.943595,MID,48.59,True,5.2,20.0,2.00,7.96
1688366160.0,TREND,GO,SELL,44.25,NORMAL,PRO,DEFENSIVE,1.0,0.50,Aegean:FLAT(0.50)|Orion:SHORT(0.66),Regime: TREND (Orion 2x). Score: -0.44. Bearish Consensus.,,0.915424,MID,46.55,True,4.9,20.0,2.00,7.63
1688366220.0,TREND,GO,SELL,39.61,NORMAL,PRO,DEFENSIVE,1.0,0.50,Aegean:FLAT(0.50)|Orion:SHORT(0.59),Regime: TREND (Orion 2x). Score: -0.40. Bearish Consensus.,,1.119977,TOP,43.77,True,4.9,20.0,2.00,7.22
1688366280.0,TREND,GO,SELL,35.32,NORMAL,PRO,DEFENSIVE,1.0,0.50,Aegean:FLAT(0.50)|Orion:SHORT(0.53),Regime: TREND (Orion 2x). Score: -0.35. Bearish Consensus.,,1.013678,TOP,41.19,True,4.5,20.0,2.00,6.79
1688366340.0,TREND,NO_GO,HOLD,31.89,NORMAL,PRO,DEFENSIVE,1.0,0.50,Aegean:FLAT(0.50)|Orion:SHORT(0.48),Regime: TREND (Orion 2x). Score: -0.32. Low Conviction (<0.35).,LOW_CONVICTION,0.536392,MID,39.14,True,0.0,0.0,0.00,0.00
1688366400.0,TREND,NO_GO,HOLD,28.88,NORMAL,PRO,DEFENSIVE,1.0,0.50,Aegean:FLAT(0.50)|Orion:SHORT(0.43),Regime: TREND (Orion 2x). Score: -0.29. Low Conviction (<0.35).,LOW_CONVICTION,0.778965,TOP,37.33,True,0.0,0.0,0.00,0.00
1688366460.0,TREND,NO_GO,HOLD,25.99,NORMAL,PRO,DEFENSIVE,1.0,0.50,Aegean:FLAT(0.50)|Orion:SHORT(0.39),Regime: TREND (Orion 2x). Score: -0.26. Low Conviction (<0.35).,LOW_CONVICTION,0.361923,MID,35.59,True,0.0,0.0,0.00,0.00
1688366520.0,TREND,NO_GO,HOLD,23.67,NORMAL,PRO,DEFENSIVE,1.0,0.50,Aegean:FLAT(0.50)|Orion:SHORT(0.36),Regime: TREND (Orion 2x). Score: -0.24. Low Conviction (<0.35).,LOW_CONVICTION,0.496026,MID,34.20,True,0.0,0.0,0.00,0.00
1688366580.0,TREND,NO_GO,HOLD,21.54,NORMAL,PRO,DEFENSIVE,1.0,0.50,Aegean:FLAT(0.50)|Orion:SHORT(0.32),Regime: TREND (Orion 2x). Score: -0.22. Low Conviction (<0.35).,LOW_CONVICTION,0.468289,MID,32.92,True,0.0,0.0,0.00,0.00
1688366640.0,TREND,NO_GO,HOLD,17.89,NORMAL,PRO,DEFENSIVE,1.0,0.50,Aegean:FLAT(0.50)|Orion:LONG(0.27),Regime: TREND (Orion 2x). Score: 0.18. Low Conviction (<0.35).,LOW_CONVICTION,1.206528,TOP,30.73,True,0.0,0.0,0.00,0.00
1688366700.0,TREND,NO_GO,HOLD,14.49,NORMAL,PRO,DEFENSIVE,1.0,0.50,Aegean:FLAT(0.50)|Orion:SHORT(0.22),Regime: TREND (Orion 2x). Score: -0.14. Low Conviction (<0.35).,LOW_CONVICTION,0.413459,TOP,28.70,True,0.0,0.0,0.00,0.00
1688366760.0,TREND,NO_GO,HOLD,13.13,NORMAL,PRO,DEFENSIVE,1.0,0.50,Aegean:FLAT(0.50)|Orion:SHORT(0.20),Regime: TREND (Orion 2x). Score: -0.13. Low Conviction (<0.35).,LOW_CONVICTION,-0.318176,MID,27.88,True,0.0,0.0,0.00,0.00
1688366820.0,TREND,NO_GO,HOLD,11.89,NORMAL,PRO,DEFENSIVE,1.0,0.50,Aegean:FLAT(0.50)|Orion:SHORT(0.18),Regime: TREND (Orion 2x). Score: -0.12. Low Conviction (<0.35).,LOW_CONVICTION,-0.458843,MID,27.13,True,0.0,0.0,0.00,0.00
1688366880.0,TREND,NO_GO,HOLD,11.33,NORMAL,PRO,DEFENSIVE,1.0,0.50,Aegean:FLAT(0.50)|Orion:SHORT(0.17),Regime: TREND (Orion 2x). Score: -0.11. Low Conviction (<0.35).,LOW_CONVICTION,-0.772885,MID,26.80,True,0.0,0.0,0.00,0.00
1688366940.0,TREND,NO_GO,HOLD,10.87,NORMAL,PRO,DEFENSIVE,1.0,0.50,Aegean:FLAT(0.50)|Orion:SHORT(0.16),Regime: TREND (Orion 2x). Score: -0.11. Low Conviction (<0.35).,LOW_CONVICTION,-0.332815,MID,26.52,True,0.0,0.0,0.00,0.00
1688367000.0,TREND,NO_GO,HOLD,10.46,NORMAL,PRO,DEFENSIVE,1.0,0.50,Aegean:FLAT(0.50)|Orion:SHORT(0.16),Regime: TREND (Orion 2x). Score: -0.10. Low Conviction (<0.35).,LOW_CONVICTION,-0.619393,MID,26.28,True,0.0,0.0,0.00,0.00
1688367060.0,TREND,NO_GO,HOLD,9.49,NORMAL,PRO,DEFENSIVE,1.0,0.50,Aegean:FLAT(0.50)|Orion:SHORT(0.14),Regime: TREND (Orion 2x). Score: -0.09. Low Conviction (<0.35).,LOW_CONVICTION,-0.138597,MID,25.69,True,0.0,0.0,0.00,0.00
1688367120.0,TREND,NO_GO,HOLD,8.58,NORMAL,PRO,DEFENSIVE,1.0,0.50,Aegean:FLAT(0.50)|Orion:SHORT(0.13),Regime: TREND (Orion 2x). Score: -0.09. Low Conviction (<0.35).,LOW_CONVICTION,-0.115935,MID,25.15,True,0.0,0.0,0.00,0.00
1688367180.0,CHOP,NO_GO,HOLD,13.33,NORMAL,PRO,DEFENSIVE,1.0,0.50,Aegean:FLAT(0.50)|Orion:LONG(0.20),Regime: CHOP (Reduced Weights). Score: 0.13. Low Conviction (<0.35).,LOW_CONVICTION,0.525266,MID,23.60,False,0.0,0.0,0.00,0.00
1688367240.0,CHOP,NO_GO,HOLD,13.33,NORMAL,PRO,DEFENSIVE,1.0,0.50,Aegean:FLAT(0.50)|Orion:LONG(0.20),Regime: CHOP (Reduced Weights). Score: 0.13. Low Conviction (<0.35).,LOW_CONVICTION,0.350619,MID,22.21,False,0.0,0.0,0.00,0.00
1688367300.0,CHOP,NO_GO,HOLD,13.33,NORMAL,PRO,DEFENSIVE,1.0,0.50,Aegean:FLAT(0.50)|Orion:SHORT(0.20),Regime: CHOP (Reduced Weights). Score: -0.13. Low Conviction (<0.35).,LOW_CONVICTION,0.245799,MID,20.73,False,0.0,0.0,0.00,0.00
1688367360.0,CHOP,NO_GO,HOLD,13.33,NORMAL,PRO,DEFENSIVE,1.0,0.50,Aegean:FLAT(0.50)|Orion:LONG(0.20),Regime: CHOP (Reduced Weights). Score: 0.13. Low Conviction (<0.35).,LOW_CONVICTION,0.855757,MID,20.17,False,0.0,0.0,0.00,0.00
1688367420.0,CHOP,NO_GO,HOLD,13.33,NORMAL,PRO,DEFENSIVE,1.0,0.50,Aegean:FLAT(0.50)|Orion:SHORT(0.20),Regime: CHOP (Reduced Weights). Score: -0.13. Low Conviction (<0.35).,LOW_CONVICTION,-0.096735,MID,19.26,False,0.0,0.0,0.00,0.00
1688367480.0,CHOP,NO_GO,HOLD,13.33,NORMAL,PRO,DEFENSIVE,1.0,0.50,Aegean:FLAT(0.50)|Orion:SHORT(0.20),Regime: CHOP (Reduced Weights). Score: -0.13. Low Conviction (<0.35).,LOW_CONVICTION,-0.049811,MID,18.12,False,0.0,0.0,0.00,0.00
1688367540.0,CHOP,NO_GO,HOLD,13.33,NORMAL,PRO,DEFENSIVE,1.0,0.50,Aegean:FLAT(0.50)|Orion:LONG(0.20),Regime: CHOP (Reduced Weights). Score: 0.13. Low Conviction (<0.35).,LOW_CONVICTION,0.323978,MID,17.26,False,0.0,0.0,0.00,0.00
1688367600.0,CHOP,NO_GO,HOLD,13.33,NORMAL,PRO,DEFENSIVE,1.0,0.50,Aegean:FLAT(0.50)|Orion:SHORT(0.20),Regime: CHOP (Reduced Weights). Score: -0.13. Low Conviction (<0.35).,LOW_CONVICTION,-0.548208,DIP,16.30,False,0.0,0.0,0.00,0.00
1688367660.0,CHOP,NO_GO,HOLD,13.33,NORMAL,PRO,DEFENSIVE,1.0,0.50,Aegean:FLAT(0.50)|Orion:LONG(0.20),Regime: CHOP (Reduced Weights). Score: 0.13. Low Conviction (<0.35).,LOW_CONVICTION,0.313302,MID,16.10,False,0.0,0.0,0.00,0.00
1688367720.0,CHOP,NO_GO,HOLD,13.33,NORMAL,PRO,DEFENSIVE,1.0,0.50,Aegean:FLAT(0.50)|Orion:LONG(0.20),Regime: CHOP (Reduced Weights). Score: 0.13. Low Conviction (<0.35).,LOW_CONVICTION,1.182090,TOP,15.24,False,0.0,0.0,0.00,0.00
1688367780.0,CHOP,NO_GO,HOLD,13.33,NORMAL,PRO,DEFENSIVE,1.0,0.50,Aegean:FLAT(0.50)|Orion:LONG(0.20),Regime: CHOP (Reduced Weights). Score: 0.13. Low Conviction (<0.35).,LOW_CONVICTION,1.556460,TOP,14.99,False,0.0,0.0,0.00,0.00
1688367840.0,CHOP,NO_GO,HOLD,13.33,NORMAL,PRO,DEFENSIVE,1.0,0.50,Aegean:FLAT(0.50)|Orion:LONG(0.20),Regime: CHOP (Reduced Weights). Score: 0.13. Low Conviction (<0.35).,LOW_CONVICTION,1.378658,TOP,14.81,False,0.0,0.0,0.00,0.00
1688367900.0,CHOP,NO_GO,HOLD,13.33,NORMAL,PRO,DEFENSIVE,1.0,0.50,Aegean:FLAT(0.50)|Orion:LONG(0.20),Regime: CHOP (Reduced Weights). Score: 0.13. Low Conviction (<0.35).,LOW_CONVICTION,-0.174723,MID,14.72,False,0.0,0.0,0.00,0.00
1688367960.0,CHOP,NO_GO,HOLD,13.33,NORMAL,PRO,DEFENSIVE,1.0,0.50,Aegean:FLAT(0.50)|Orion:LONG(0.20),Regime: CHOP (Reduced Weights). Score: 0.13. Low Conviction (<0.35).,LOW_CONVICTION,0.236715,MID,14.63,False,0.0,0.0,0.00,0.00
1688368020.0,CHOP,NO_GO,HOLD,13.33,NORMAL,PRO,DEFENSIVE,1.0,0.50,Aegean:FLAT(0.50)|Orion:SHORT(0.20),Regime: CHOP (Reduced Weights). Score: -0.13. Low Conviction (<0.35).,LOW_CONVICTION,-0.697789,MID,15.20,False,0.0,0.0,0.00,0.00
1688368080.0,CHOP,NO_GO,HOLD,13.33,NORMAL,PRO,DEFENSIVE,1.0,0.50,Aegean:FLAT(0.50)|Orion:SHORT(0.20),Regime: CHOP (Reduced Weights). Score: -0.13. Low Conviction (<0.35).,LOW_CONVICTION,-0.746597,MID,15.90,False,0.0,0.0,0.00,0.00
1688368140.0,CHOP,NO_GO,HOLD,13.33,NORMAL,PRO,DEFENSIVE,1.0,0.50,Aegean:FLAT(0.50)|Orion:SHORT(0.20),Regime: CHOP (Reduced Weights). Score: -0.13. Low Conviction (<0.35).,LOW_CONVICTION,-0.474259,MID,16.54,False,0.0,0.0,0.00,0.00
1688368200.0,CHOP,NO_GO,HOLD,13.33,NORMAL,PRO,DEFENSIVE,1.0,0.50,Aegean:FLAT(0.50)|Orion:LONG(0.20),Regime: CHOP (Reduced Weights). Score: 0.13. Low Conviction (<0.35).,LOW_CONVICTION,0.054924,MID,16.42,False,0.0,0.0,0.00,0.00
1688368260.0,CHOP,NO_GO,HOLD,13.33,NORMAL,PRO,DEFENSIVE,1.0,0.50,Aegean:FLAT(0.50)|Orion:LONG(0.20),Regime: CHOP (Reduced Weights). Score: 0.13. Low Conviction (<0.35).,LOW_CONVICTION,0.040585,MID,16.32,False,0.0,0.0,0.00,0.00
1688368320.0,CHOP,NO_GO,HOLD,13.33,NORMAL,PRO,DEFENSIVE,1.0,0.50,Aegean:FLAT(0.50)|Orion:LONG(0.20),Regime: CHOP (Reduced Weights). Score: 0.13. Low Conviction (<0.35).,LOW_CONVICTION,-0.193564,MID,16.49,False,0.0,0.0,0.00,0.00
1688368380.0,CHOP,NO_GO,HOLD,13.33,NORMAL,PRO,DEFENSIVE,1.0,0.50,Aegean:FLAT(0.50)|Orion:LONG(0.20),Regime: CHOP (Reduced Weights). Score: 0.13. Low Conviction (<0.35).,LOW_CONVICTION,-0.199214,MID,16.67,False,0.0,0.0,0.00,0.00
1688368440.0,CHOP,NO_GO,HOLD,13.33,NORMAL,PRO,DEFENSIVE,1.0,0.50,Aegean:FLAT(0.50)|Orion:LONG(0.20),Regime: CHOP (Reduced Weights). Score: 0.13. Low Conviction (<0.35).,LOW_CONVICTION,-0.213012,MID,16.84,False,0.0,0.0,0.00,0.00
1688368500.0,CHOP,NO_GO,HOLD,13.33,NORMAL,PRO,DEFENSIVE,1.0,0.50,Aegean:FLAT(0.50)|Orion:LONG(0.20),Regime: CHOP (Reduced Weights). Score: 0.13. Low Conviction (<0.35).,LOW_CONVICTION,0.364083,MID,16.01,False,0.0,0.0,0.00,0.00
1688368560.0,CHOP,NO_GO,HOLD,13.33,NORMAL,PRO,DEFENSIVE,1.0,0.50,Aegean:FLAT(0.50)|Orion:LONG(0.20),Regime: CHOP (Reduced Weights). Score: 0.13. Low Conviction (<0.35).,LOW_CONVICTION,0.691148,MID,15.24,False,0.0,0.0,0.00,0.00
1688368620.0,CHOP,NO_GO,HOLD,13.33,NORMAL,PRO,DEFENSIVE,1.0,0.50,Aegean:FLAT(0.50)|Orion:LONG(0.20),Regime: CHOP (Reduced Weights). Score: 0.13. Low Conviction (<0.35).,LOW_CONVICTION,2.611038,TOP,17.06,False,0.0,0.0,0.00,0.00
1688368680.0,CHOP,NO_GO,HOLD,13.33,NORMAL,PRO,DEFENSIVE,1.0,0.50,Aegean:FLAT(0.50)|Orion:LONG(0.20),Regime: CHOP (Reduced Weights). Score: 0.13. Low Conviction (<0.35).,LOW_CONVICTION,2.549958,TOP,18.64,False,0.0,0.0,0.00,0.00
1688368740.0,CHOP,NO_GO,HOLD,13.33,NORMAL,PRO,DEFENSIVE,1.0,0.50,Aegean:FLAT(0.50)|Orion:LONG(0.20),Regime: CHOP (Reduced Weights). Score: 0.13. Low Conviction (<0.35).,LOW_CONVICTION,2.674558,TOP,20.35,False,0.0,0.0,0.00,0.00
1688368800.0,CHOP,NO_GO,HOLD,13.33,NORMAL,PRO,DEFENSIVE,1.0,0.50,Aegean:FLAT(0.50)|Orion:LONG(0.20),Regime: CHOP (Reduced Weights). Score: 0.13. Low Conviction (<0.35).,LOW_CONVICTION,1.398146,MID,20.15,False,0.0,0.0,0.00,0.00
1688368860.0,TREND,NO_GO,HOLD,13.33,NORMAL,PRO,DEFENSIVE,1.0,0.50,Aegean:FLAT(0.50)|Orion:LONG(0.20),Regime: TREND (Orion 2x). Score: 0.13. Low Conviction (<0.35).,LOW_CONVICTION,1.554922,MID,19.76,False,0.0,0.0,0.00,0.00
1688368920.0,TREND,NO_GO,HOLD,13.33,NORMAL,PRO,DEFENSIVE,1.0,0.50,Aegean:FLAT(0.50)|Orion:LONG(0.20),Regime: TREND (Orion 2x). Score: 0.13. Low Conviction (<0.35).,LOW_CONVICTION,2.061120,TOP,20.08,False,0.0,0.0,0.00,0.00
1688368980.0,TREND,NO_GO,HOLD,13.33,NORMAL,PRO,DEFENSIVE,1.0,0.50,Aegean:FLAT(0.50)|Orion:LONG(0.20),Regime: TREND (Orion 2x). Score: 0.13. Low Conviction (<0.35).,LOW_CONVICTION,1.752837,MID,20.39,False,0.0,0.0,0.00,0.00
1688369040.0,CHOP,NO_GO,HOLD,13.33,NORMAL,PRO,DEFENSIVE,1.0,0.50,Aegean:FLAT(0.50)|Orion:LONG(0.20),Regime: CHOP (Reduced Weights). Score: 0.13. Low Conviction (<0.35).,LOW_CONVICTION,1.205921,MID,20.05,False,0.0,0.0,0.00,0.00
1688369100.0,CHOP,NO_GO,HOLD,13.33,NORMAL,PRO,DEFENSIVE,1.0,0.50,Aegean:FLAT(0.50)|Orion:LONG(0.20),Regime: CHOP (Reduced Weights). Score: 0.13. Low Conviction (<0.35).,LOW_CONVICTION,1.103974,MID,19.72,False,0.0,0.0,0.00,0.00
1688369160.0,TREND,NO_GO,HOLD,13.33,NORMAL,PRO,DEFENSIVE,1.0,0.50,Aegean:FLAT(0.50)|Orion:LONG(0.20),Regime: TREND (Orion 2x). Score: 0.13. Low Conviction (<0.35).,LOW_CONVICTION,1.676616,TOP,20.03,False,0.0,0.0,0.00,0.00
1688369220.0,TREND,NO_GO,HOLD,13.33,NORMAL,PRO,DEFENSIVE,1.0,0.50,Aegean:FLAT(0.50)|Orion:LONG(0.20),Regime: TREND (Orion 2x). Score: 0.13. Low Conviction (<0.35).,LOW_CONVICTION,1.525443,TOP,20.35,False,0.0,0.0,0.00,0.00
1688369280.0,TREND,NO_GO,HOLD,13.33,NORMAL,PRO,DEFENSIVE,1.0,0.50,Aegean:FLAT(0.50)|Orion:LONG(0.20),Regime: TREND (Orion 2x). Score: 0.13. Low Conviction (<0.35).,LOW_CONVICTION,1.679316,TOP,20.95,False,0.0,0.0,0.00,0.00
1688369340.0,TREND,GO,BUY,36.67,NORMAL,PRO,DEFENSIVE,1.0,0.50,Aegean:LONG(0.70)|Orion:LONG(0.20),Regime: TREND (Orion 2x). Score: 0.37. Bullish Consensus.,,3.670676,MID,23.61,False,3.3,20.0,2.00,4.49
1688369400.0,TREND,NO_GO,HOLD,10.14,NORMAL,PRO,DEFENSIVE,1.0,0.50,Aegean:FLAT(0.50)|Orion:LONG(0.15),Regime: TREND (Orion 2x). Score: 0.10. Low Conviction (<0.35).,LOW_CONVICTION,2.090709,MID,26.08,True,0.0,0.0,0.00,0.00
1688369460.0,TREND,NO_GO,HOLD,10.61,NORMAL,PRO,DEFENSIVE,1.0,0.50,Aegean:FLAT(0.50)|Orion:LONG(0.16),Regime: TREND (Orion 2x). Score: 0.11. Low Conviction (<0.35).,LOW_CONVICTION,0.175423,MID,26.36,True,0.0,0.0,0.00,0.00
1688369520.0,TREND,NO_GO,HOLD,10.32,NORMAL,PRO,DEFENSIVE,1.0,0.50,Aegean:FLAT(0.50)|Orion:LONG(0.15),Regime: TREND (Orion 2x). Score: 0.10. Low Conviction (<0.35).,LOW_CONVICTION,0.346591,MID,26.19,True,0.0,0.0,0.00,0.00
1688369580.0,TREND,NO_GO,HOLD,13.33,NORMAL,PRO,DEFENSIVE,1.0,0.50,Aegean:FLAT(0.50)|Orion:LONG(0.20),Regime: TREND (Orion 2x). Score: 0.13. Low Conviction (<0.35).,LOW_CONVICTION,-0.635579,MID,24.84,False,0.0,0.0,0.00,0.00
1688369640.0,TREND,NO_GO,HOLD,13.33,NORMAL,PRO,DEFENSIVE,1.0,0.50,Aegean:FLAT(0.50)|Orion:LONG(0.20),Regime: TREND (Orion 2x). Score: 0.13. Low Conviction (<0.35).,LOW_CONVICTION,0.628298,MID,23.73,False,0.0,0.0,0.00,0.00
1688369700.0,TREND,NO_GO,HOLD,13.33,NORMAL,PRO,DEFENSIVE,1.0,0.50,Aegean:FLAT(0.50)|Orion:LONG(0.20),Regime: TREND (Orion 2x). Score: 0.13. Low Conviction (<0.35).,LOW_CONVICTION,1.468919,MID,23.30,False,0.0,0.0,0.00,0.00
1688369760.0,TREND,NO_GO,HOLD,13.33,NORMAL,PRO,DEFENSIVE,1.0,0.50,Aegean:FLAT(0.30)|Orion:LONG(0.20),Regime: TREND (Orion 2x). Score: 0.13. Low Conviction (<0.35).,LOW_CONVICTION,3.835253,TOP,24.35,False,0.0,0.0,0.00,0.00
1688369820.0,TREND,NO_GO,HOLD,32.96,NORMAL,PRO,DEFENSIVE,1.0,0.50,Aegean:LONG(0.70)|Orion:LONG(0.14),Regime: TREND (Orion 2x). Score: 0.33. Low Conviction (<0.35).,LOW_CONVICTION,3.195581,MID,25.78,True,0.0,0.0,0.00,0.00
1688369880.0,TREND,GO,BUY,35.18,NORMAL,PRO,DEFENSIVE,1.0,0.50,Aegean:LONG(0.70)|Orion:LONG(0.18),Regime: TREND (Orion 2x). Score: 0.35. Bullish Consensus.,,3.620109,MID,27.11,True,5.0,20.0,2.00,5.04
1688369940.0,TREND,NO_GO,HOLD,15.01,NORMAL,PRO,DEFENSIVE,1.0,0.50,Aegean:FLAT(0.30)|Orion:LONG(0.23),Regime: TREND (Orion 2x). Score: 0.15. Low Conviction (<0.35).,LOW_CONVICTION,5.290254,TOP,29.00,True,0.0,0.0,0.00,0.00
1688370000.0,TREND,GO,BUY,41.75,NORMAL,PRO,DEFENSIVE,1.0,0.50,Aegean:LONG(0.70)|Orion:LONG(0.28),Regime: TREND (Orion 2x). Score: 0.42. Bullish Consensus.,,3.711097,MID,31.05,True,6.2,20.0,2.00,5.69
1688370060.0,TREND,GO,BUY,44.38,NORMAL,PRO,DEFENSIVE,1.0,0.50,Aegean:LONG(0.70)|Orion:LONG(0.32),Regime: TREND (Orion 2x). Score: 0.44. Bullish Consensus.,,3.282204,MID,32.63,True,6.1,20.0,2.00,5.86
1688370120.0,TREND,NO_GO,HOLD,22.99,NORMAL,PRO,DEFENSIVE,1.0,0.50,Aegean:FLAT(0.50)|Orion:LONG(0.34),Regime: TREND (Orion 2x). Score: 0.23. Low Conviction (<0.35).,LOW_CONVICTION,2.345893,MID,33.79,True,0.0,0.0,0.00,0.00
1688370180.0,TREND,NO_GO,HOLD,24.16,NORMAL,PRO,DEFENSIVE,1.0,0.50,Aegean:FLAT(0.50)|Orion:LONG(0.36),Regime: TREND (Orion 2x). Score: 0.24. Low Conviction (<0.35).,LOW_CONVICTION,2.459541,MID,34.50,True,0.0,0.0,0.00,0.00
1688370240.0,TREND,NO_GO,HOLD,25.23,NORMAL,PRO,DEFENSIVE,1.0,0.50,Aegean:FLAT(0.50)|Orion:LONG(0.38),Regime: TREND (Orion 2x). Score: 0.25. Low Conviction (<0.35).,LOW_CONVICTION,1.875930,MID,35.14,True,0.0,0.0,0.00,0.00
1688370300.0,TREND,NO_GO,HOLD,24.32,NORMAL,PRO,DEFENSIVE,1.0,0.50,Aegean:FLAT(0.50)|Orion:LONG(0.36),Regime: TREND (Orion 2x). Score: 0.24. Low Conviction (<0.35).,LOW_CONVICTION,0.586708,MID,34.59,True,0.0,0.0,0.00,0.00
1688370360.0,TREND,NO_GO,HOLD,23.63,NORMAL,PRO,DEFENSIVE,1.0,0.50,Aegean:FLAT(0.50)|Orion:LONG(0.35),Regime: TREND (Orion 2x). Score: 0.24. Low Conviction (<0.35).,LOW_CONVICTION,0.788018,MID,34.18,True,0.0,0.0,0.00,0.00
1688370420.0,TREND,NO_GO,HOLD,22.72,NORMAL,PRO,DEFENSIVE,1.0,0.50,Aegean:FLAT(0.50)|Orion:LONG(0.34),Regime: TREND (Orion 2x). Score: 0.23. Low Conviction (<0.35).,LOW_CONVICTION,1.326972,MID,33.63,True,0.0,0.0,0.00,0.00
1688370480.0,TREND,NO_GO,HOLD,22.70,NORMAL,PRO,DEFENSIVE,1.0,0.50,Aegean:FLAT(0.50)|Orion:LONG(0.34),Regime: TREND (Orion 2x). Score: 0.23. Low Conviction (<0.35).,LOW_CONVICTION,0.154750,MID,33.62,True,0.0,0.0,0.00,0.00
1688370540.0,TREND,NO_GO,HOLD,21.24,NORMAL,PRO,DEFENSIVE,1.0,0.50,Aegean:FLAT(0.50)|Orion:LONG(0.32),Regime: TREND (Orion 2x). Score: 0.21. Low Conviction (<0.35).,LOW_CONVICTION,-1.110963,MID,32.75,True,0.0,0.0,0.00,0.00
1688370600.0,TREND,NO_GO,HOLD,17.94,NORMAL,PRO,DEFENSIVE,1.0,0.50,Aegean:FLAT(0.50)|Orion:LONG(0.27),Regime: TREND (Orion 2x). Score: 0.18. Low Conviction (<0.35).,LOW_CONVICTION,-1.533728,MID,30.77,True,0.0,0.0,0.00,0.00
1688370660.0,TREND,NO_GO,HOLD,14.88,NORMAL,PRO,DEFENSIVE,1.0,0.50,Aegean:FLAT(0.50)|Orion:LONG(0.22),Regime: TREND (Orion 2x). Score: 0.15. Low Conviction (<0.35).,LOW_CONVICTION,-2.188723,MID,28.93,True,0.0,0.0,0.00,0.00
1688370720.0,TREND,NO_GO,HOLD,11.96,NORMAL,PRO,DEFENSIVE,1.0,0.50,Aegean:FLAT(0.50)|Orion:SHORT(0.18),Regime: TREND (Orion 2x). Score: -0.12. Low Conviction (<0.35).,LOW_CONVICTION,-2.675396,MID,27.18,True,0.0,0.0,0.00,0.00
1688370780.0,TREND,NO_GO,HOLD,9.65,NORMAL,PRO,DEFENSIVE,1.0,0.50,Aegean:FLAT(0.50)|Orion:SHORT(0.14),Regime: TREND (Orion 2x). Score: -0.10. Low Conviction (<0.35).,LOW_CONVICTION,-2.965377,DIP,25.79,True,0.0,0.0,0.00,0.00
1688370840.0,TREND,NO_GO,HOLD,8.41,NORMAL,PRO,DEFENSIVE,1.0,0.50,Aegean:FLAT(0.30)|Orion:SHORT(0.13),Regime: TREND (Orion 2x). Score: -0.08. Low Conviction (<0.35).,LOW_CONVICTION,-3.628506,DIP,25.05,True,0.0,0.0,0.00,0.00
1688370900.0,TREND,NO_GO,HOLD,13.33,NORMAL,PRO,DEFENSIVE,1.0,0.50,Aegean:FLAT(0.30)|Orion:SHORT(0.20),Regime: TREND (Orion 2x). Score: -0.13. Low Conviction (<0.35).,LOW_CONVICTION,-3.418923,DIP,24.54,False,0.0,0.0,0.00,0.00
1688370960.0,TREND,NO_GO,HOLD,13.33,NORMAL,PRO,DEFENSIVE,1.0,0.50,Aegean:FLAT(0.30)|Orion:SHORT(0.20),Regime: TREND (Orion 2x). Score: -0.13. Low Conviction (<0.35).,LOW_CONVICTION,-3.162899,DIP,24.38,False,0.0,0.0,0.00,0.00
1688371020.0,TREND,NO_GO,HOLD,13.33,NORMAL,PRO,DEFENSIVE,1.0,0.50,Aegean:FLAT(0.50)|Orion:SHORT(0.20),Regime: TREND (Orion 2x). Score: -0.13. Low Conviction (<0.35).,LOW_CONVICTION,-2.716731,DIP,24.21,False,0.0,0.0,0.00,0.00
1688371080.0,TREND,NO_GO,HOLD,13.33,NORMAL,PRO,DEFENSIVE,1.0,0.50,Aegean:FLAT(0.50)|Orion:SHORT(0.20),Regime: TREND (Orion 2x). Score: -0.13. Low Conviction (<0.35).,LOW_CONVICTION,-2.846479,DIP,24.06,False,0.0,0.0,0.00,0.00
1688371140.0,TREND,NO_GO,HOLD,13.33,NORMAL,PRO,DEFENSIVE,1.0,0.50,Aegean:FLAT(0.50)|Orion:SHORT(0.20),Regime: TREND (Orion 2x). Score: -0.13. Low Conviction (<0.35).,LOW_CONVICTION,-1.869872,DIP,23.59,False,0.0,0.0,0.00,0.00
1688371200.0,TREND,NO_GO,HOLD,13.33,NORMAL,PRO,DEFENSIVE,1.0,0.50,Aegean:FLAT(0.50)|Orion:SHORT(0.20),Regime: TREND (Orion 2x). Score: -0.13. Low Conviction (<0.35).,LOW_CONVICTION,-1.430088,MID,22.87,False,0.0,0.0,0.00,0.00
1688371260.0,TREND,NO_GO,HOLD,13.33,NORMAL,PRO,DEFENSIVE,1.0,0.50,Aegean:FLAT(0.30)|Orion:SHORT(0.20),Regime: TREND (Orion 2x). Score: -0.13. Low Conviction (<0.35).,LOW_CONVICTION,-3.168995,DIP,23.32,False,0.0,0.0,0.00,0.00
1688371320.0,TREND,NO_GO,HOLD,13.33,NORMAL,PRO,DEFENSIVE,1.0,0.50,Aegean:FLAT(0.50)|Orion:SHORT(0.20),Regime: TREND (Orion 2x). Score: -0.13. Low Conviction (<0.35).,LOW_CONVICTION,-2.864293,DIP,23.74,False,0.0,0.0,0.00,0.00
1688371380.0,TREND,NO_GO,HOLD,13.33,NORMAL,PRO,DEFENSIVE,1.0,0.50,Aegean:FLAT(0.50)|Orion:SHORT(0.20),Regime: TREND (Orion 2x). Score: -0.13. Low Conviction (<0.35).,LOW_CONVICTION,-1.674995,DIP,23.67,False,0.0,0.0,0.00,0.00
1688371440.0,TREND,NO_GO,HOLD,13.33,NORMAL,PRO,DEFENSIVE,1.0,0.50,Aegean:FLAT(0.50)|Orion:SHORT(0.20),Regime: TREND (Orion 2x). Score: -0.13. Low Conviction (<0.35).,LOW_CONVICTION,-0.665929,MID,22.73,False,0.0,0.0,0.00,0.00
1688371500.0,TREND,NO_GO,HOLD,13.33,NORMAL,PRO,DEFENSIVE,1.0,0.50,Aegean:FLAT(0.50)|Orion:SHORT(0.20),Regime: TREND (Orion 2x). Score: -0.13. Low Conviction (<0.35).,LOW_CONVICTION,-0.920874,MID,21.84,False,0.0,0.0,0.00,0.00
1688371560.0,CHOP,NO_GO,HOLD,13.33,NORMAL,PRO,DEFENSIVE,1.0,0.50,Aegean:FLAT(0.50)|Orion:SHORT(0.20),Regime: CHOP (Reduced Weights). Score: -0.13. Low Conviction (<0.35).,LOW_CONVICTION,-0.385572,MID,20.59,False,0.0,0.0,0.00,0.00
1688371620.0,CHOP,NO_GO,HOLD,13.33,NORMAL,PRO,DEFENSIVE,1.0,0.50,Aegean:FLAT(0.50)|Orion:SHORT(0.20),Regime: CHOP (Reduced Weights). Score: -0.13. Low Conviction (<0.35).,LOW_CONVICTION,0.748772,MID,19.77,False,0.0,0.0,0.00,0.00
1688371680.0,CHOP,NO_GO,HOLD,13.33,NORMAL,PRO,DEFENSIVE,1.0,0.50,Aegean:FLAT(0.50)|Orion:SHORT(0.20),Regime: CHOP (Reduced Weights). Score: -0.13. Low Conviction (<0.35).,LOW_CONVICTION,0.937044,MID,19.11,False,0.0,0.0,0.00,0.00
1688371740.0,CHOP,NO_GO,HOLD,13.33,NORMAL,PRO,DEFENSIVE,1.0,0.50,Aegean:FLAT(0.50)|Orion:SHORT(0.20),Regime: CHOP (Reduced Weights). Score: -0.13. Low Conviction (<0.35).,LOW_CONVICTION,1.068646,MID,18.70,False,0.0,0.0,0.00,0.00
1688371800.0,CHOP,NO_GO,HOLD,13.33,NORMAL,PRO,DEFENSIVE,1.0,0.50,Aegean:FLAT(0.50)|Orion:SHORT(0.20),Regime: CHOP (Reduced Weights). Score: -0.13. Low Conviction (<0.35).,LOW_CONVICTION,0.895782,MID,18.61,False,0.0,0.0,0.00,0.00
1688371860.0,CHOP,NO_GO,HOLD,13.33,NORMAL,PRO,DEFENSIVE,1.0,0.50,Aegean:FLAT(0.50)|Orion:SHORT(0.20),Regime: CHOP (Reduced Weights). Score: -0.13. Low Conviction (<0.35).,LOW_CONVICTION,0.600720,MID,17.63,False,0.0,0.0,0.00,0.00
1688371920.0,CHOP,NO_GO,HOLD,13.33,NORMAL,PRO,DEFENSIVE,1.0,0.50,Aegean:FLAT(0.50)|Orion:SHORT(0.20),Regime: CHOP (Reduced Weights). Score: -0.13. Low Conviction (<0.35).,LOW_CONVICTION,0.754133,TOP,16.67,False,0.0,0.0,0.00,0.00
1688371980.0,CHOP,NO_GO,HOLD,13.33,NORMAL,PRO,DEFENSIVE,1.0,0.50,Aegean:FLAT(0.50)|Orion:SHORT(0.20),Regime: CHOP (Reduced Weights). Score: -0.13. Low Conviction (<0.35).,LOW_CONVICTION,1.020918,TOP,16.13,False,0.0,0.0,0.00,0.00
1688372040.0,CHOP,NO_GO,HOLD,13.33,NORMAL,PRO,DEFENSIVE,1.0,0.50,Aegean:FLAT(0.50)|Orion:SHORT(0.20),Regime: CHOP (Reduced Weights). Score: -0.13. Low Conviction (<0.35).,LOW_CONVICTION,-0.029978,MID,15.38,False,0.0,0.0,0.00,0.00
1688372100.0,CHOP,NO_GO,HOLD,13.33,NORMAL,PRO,DEFENSIVE,1.0,0.50,Aegean:FLAT(0.50)|Orion:SHORT(0.20),Regime: CHOP (Reduced Weights). Score: -0.13. Low Conviction (<0.35).,LOW_CONVICTION,0.211239,MID,14.92,False,0.0,0.0,0.00,0.00
1688372160.0,CHOP,NO_GO,HOLD,13.33,NORMAL,PRO,DEFENSIVE,1.0,0.50,Aegean:FLAT(0.50)|Orion:SHORT(0.20),Regime: CHOP (Reduced Weights). Score: -0.13. Low Conviction (<0.35).,LOW_CONVICTION,0.304255,MID,14.10,False,0.0,0.0,0.00,0.00
1688372220.0,CHOP,NO_GO,HOLD,13.33,NORMAL,PRO,DEFENSIVE,1.0,0.50,Aegean:FLAT(0.50)|Orion:LONG(0.20),Regime: CHOP (Reduced Weights). Score: 0.13. Low Conviction (<0.35).,LOW_CONVICTION,1.208044,TOP,14.16,False,0.0,0.0,0.00,0.00
1688372280.0,CHOP,NO_GO,HOLD,13.33,NORMAL,PRO,DEFENSIVE,1.0,0.50,Aegean:FLAT(0.50)|Orion:SHORT(0.20),Regime: CHOP (Reduced Weights). Score: -0.13. Low Conviction (<0.35).,LOW_CONVICTION,-2.952065,DIP,14.83,False,0.0,0.0,0.00,0.00
1688372340.0,CHOP,NO_GO,HOLD,13.33,NORMAL,PRO,DEFENSIVE,1.0,0.50,Aegean:FLAT(0.30)|Orion:SHORT(0.20),Regime: CHOP (Reduced Weights). Score: -0.13. Low Conviction (<0.35).,LOW_CONVICTION,-3.223834,DIP,15.81,False,0.0,0.0,0.00,0.00
1688372400.0,CHOP,NO_GO,HOLD,13.33,NORMAL,PRO,DEFENSIVE,1.0,0.50,Aegean:FLAT(0.30)|Orion:SHORT(0.20),Regime: CHOP (Reduced Weights). Score: -0.13. Low Conviction (<0.35).,LOW_CONVICTION,-3.535649,DIP,16.75,False,0.0,0.0,0.00,0.00
1688372460.0,CHOP,NO_GO,HOLD,13.33,NORMAL,PRO,DEFENSIVE,1.0,0.50,Aegean:FLAT(0.30)|Orion:SHORT(0.20),Regime: CHOP (Reduced Weights). Score: -0.13. Low Conviction (<0.35).,LOW_CONVICTION,-3.785574,DIP,18.16,False,0.0,0.0,0.00,0.00
1688372520.0,TREND,NO_GO,HOLD,13.33,NORMAL,PRO,DEFENSIVE,1.0,0.50,Aegean:FLAT(0.30)|Orion:SHORT(0.20),Regime: TREND (Orion 2x). Score: -0.13. Low Conviction (<0.35).,LOW_CONVICTION,-5.323274,DIP,20.26,False,0.0,0.0,0.00,0.00
1688372580.0,TREND,GO,SELL,36.67,NORMAL,PRO,DEFENSIVE,1.0,0.50,Aegean:SHORT(0.70)|Orion:SHORT(0.20),Regime: TREND (Orion 2x). Score: -0.37. Bearish Consensus.,,-3.451524,MID,22.23,False,4.5,20.0,2.00,4.23
1688372640.0,TREND,NO_GO,HOLD,13.33,NORMAL,PRO,DEFENSIVE,1.0,0.50,Aegean:FLAT(0.50)|Orion:SHORT(0.20),Regime: TREND (Orion 2x). Score: -0.13. Low Conviction (<0.35).,LOW_CONVICTION,-2.434842,MID,23.03,False,0.0,0.0,0.00,0.00
1688372700.0,TREND,NO_GO,HOLD,13.33,NORMAL,PRO,DEFENSIVE,1.0,0.50,Aegean:FLAT(0.50)|Orion:SHORT(0.20),Regime: TREND (Orion 2x). Score: -0.13. Low Conviction (<0.35).,LOW_CONVICTION,-2.306823,MID,23.48,False,0.0,0.0,0.00,0.00
1688372760.0,TREND,NO_GO,HOLD,13.33,NORMAL,PRO,DEFENSIVE,1.0,0.50,Aegean:FLAT(0.50)|Orion:SHORT(0.20),Regime: TREND (Orion 2x). Score: -0.13. Low Conviction (<0.35).,LOW_CONVICTION,-3.008033,MID,23.99,False,0.0,0.0,0.00,0.00
1688372820.0,TREND,NO_GO,HOLD,13.33,NORMAL,PRO,DEFENSIVE,1.0,0.50,Aegean:FLAT(0.50)|Orion:SHORT(0.20),Regime: TREND (Orion 2x). Score: -0.13. Low Conviction (<0.35).,LOW_CONVICTION,-2.153866,MID,24.75,False,0.0,0.0,0.00,0.00
1688372880.0,TREND,NO_GO,HOLD,9.05,NORMAL,PRO,DEFENSIVE,1.0,0.50,Aegean:FLAT(0.50)|Orion:SHORT(0.14),Regime: TREND (Orion 2x). Score: -0.09. Low Conviction (<0.35).,LOW_CONVICTION,-2.601774,MID,25.43,True,0.0,0.0,0.00,0.00
1688372940.0,TREND,NO_GO,HOLD,10.32,NORMAL,PRO,DEFENSIVE,1.0,0.50,Aegean:FLAT(0.50)|Orion:SHORT(0.15),Regime: TREND (Orion 2x). Score: -0.10. Low Conviction (<0.35).,LOW_CONVICTION,-2.157607,MID,26.19,True,0.0,0.0,0.00,0.00
1688373000.0,TREND,NO_GO,HOLD,10.73,NORMAL,PRO,DEFENSIVE,1.0,0.50,Aegean:FLAT(0.50)|Orion:SHORT(0.16),Regime: TREND (Orion 2x). Score: -0.11. Low Conviction (<0.35).,LOW_CONVICTION,-1.459674,MID,26.44,True,0.0,0.0,0.00,0.00
1688373060.0,TREND,NO_GO,HOLD,8.96,NORMAL,PRO,DEFENSIVE,1.0,0.50,Aegean:FLAT(0.50)|Orion:SHORT(0.13),Regime: TREND (Orion 2x). Score: -0.09. Low Conviction (<0.35).,LOW_CONVICTION,-1.177107,MID,25.38,True,0.0,0.0,0.00,0.00
1688373120.0,TREND,NO_GO,HOLD,10.04,NORMAL,PRO,DEFENSIVE,1.0,0.50,Aegean:FLAT(0.50)|Orion:SHORT(0.15),Regime: TREND (Orion 2x). Score: -0.10. Low Conviction (<0.35).,LOW_CONVICTION,-2.969248,DIP,26.02,True,0.0,0.0,0.00,0.00
1688373180.0,TREND,NO_GO,HOLD,11.02,NORMAL,PRO,DEFENSIVE,1.0,0.50,Aegean:FLAT(0.50)|Orion:SHORT(0.17),Regime: TREND (Orion 2x). Score: -0.11. Low Conviction (<0.35).,LOW_CONVICTION,-2.000946,MID,26.61,True,0.0,0.0,0.00,0.00
1688373240.0,TREND,NO_GO,HOLD,11.94,NORMAL,PRO,DEFENSIVE,1.0,0.50,Aegean:FLAT(0.50)|Orion:SHORT(0.18),Regime: TREND (Orion 2x). Score: -0.12. Low Conviction (<0.35).,LOW_CONVICTION,-1.654452,MID,27.16,True,0.0,0.0,0.00,0.00
1688373300.0,TREND,NO_GO,HOLD,12.82,NORMAL,PRO,DEFENSIVE,1.0,0.50,Aegean:FLAT(0.50)|Orion:SHORT(0.19),Regime: TREND (Orion 2x). Score: -0.13. Low Conviction (<0.35).,LOW_CONVICTION,-1.649623,MID,27.69,True,0.0,0.0,0.00,0.00
1688373360.0,TREND,NO_GO,HOLD,11.03,NORMAL,PRO,DEFENSIVE,1.0,0.50,Aegean:FLAT(0.50)|Orion:SHORT(0.17),Regime: TREND (Orion 2x). Score: -0.11. Low Conviction (<0.35).,LOW_CONVICTION,0.279725,MID,26.62,True,0.0,0.0,0.00,0.00
1688373420.0,TREND,NO_GO,HOLD,13.33,NORMAL,PRO,DEFENSIVE,1.0,0.50,Aegean:FLAT(0.50)|Orion:SHORT(0.20),Regime: TREND (Orion 2x). Score: -0.13. Low Conviction (<0.35).,LOW_CONVICTION,1.169342,MID,24.94,False,0.0,0.0,0.00,0.00
1688373480.0,TREND,NO_GO,HOLD,13.33,NORMAL,PRO,DEFENSIVE,1.0,0.50,Aegean:FLAT(0.50)|Orion:LONG(0.20),Regime: TREND (Orion 2x). Score: 0.13. Low Conviction (<0.35).,LOW_CONVICTION,2.150827,TOP,23.72,False,0.0,0.0,0.00,0.00
1688373540.0,TREND,NO_GO,HOLD,13.33,NORMAL,PRO,DEFENSIVE,1.0,0.50,Aegean:FLAT(0.50)|Orion:LONG(0.20),Regime: TREND (Orion 2x). Score: 0.13. Low Conviction (<0.35).,LOW_CONVICTION,1.940587,TOP,22.59,False,0.0,0.0,0.00,0.00
1688373600.0,TREND,NO_GO,HOLD,13.33,NORMAL,PRO,DEFENSIVE,1.0,0.50,Aegean:FLAT(0.50)|Orion:SHORT(0.20),Regime: TREND (Orion 2x). Score: -0.13. Low Conviction (<0.35).,LOW_CONVICTION,-0.236189,MID,21.84,False,0.0,0.0,0.00,0.00
1688373660.0,TREND,NO_GO,HOLD,13.33,NORMAL,PRO,DEFENSIVE,1.0,0.50,Aegean:FLAT(0.50)|Orion:SHORT(0.20),Regime: TREND (Orion 2x). Score: -0.13. Low Conviction (<0.35).,LOW_CONVICTION,-0.244190,MID,21.39,False,0.0,0.0,0.00,0.00
1688373720.0,TREND,NO_GO,HOLD,13.33,NORMAL,PRO,DEFENSIVE,1.0,0.50,Aegean:FLAT(0.50)|Orion:SHORT(0.20),Regime: TREND (Orion 2x). Score: -0.13. Low Conviction (<0.35).,LOW_CONVICTION,-0.809742,MID,21.09,False,0.0,0.0,0.00,0.00
1688373780.0,TREND,NO_GO,HOLD,13.33,NORMAL,PRO,DEFENSIVE,1.0,0.50,Aegean:FLAT(0.50)|Orion:SHORT(0.20),Regime: TREND (Orion 2x). Score: -0.13. Low Conviction (<0.35).,LOW_CONVICTION,-0.180240,MID,20.79,False,0.0,0.0,0.00,0.00
1688373840.0,CHOP,NO_GO,HOLD,13.33,NORMAL,PRO,DEFENSIVE,1.0,0.50,Aegean:FLAT(0.50)|Orion:SHORT(0.20),Regime: CHOP (Reduced Weights). Score: -0.13. Low Conviction (<0.35).,LOW_CONVICTION,-0.347401,MID,20.53,False,0.0,0.0,0.00,0.00
1688373900.0,CHOP,NO_GO,HOLD,13.33,NORMAL,PRO,DEFENSIVE,1.0,0.50,Aegean:FLAT(0.50)|Orion:SHORT(0.20),Regime: CHOP (Reduced Weights). Score: -0.13. Low Conviction (<0.35).,LOW_CONVICTION,0.279511,MID,19.86,False,0.0,0.0,0.00,0.00
1688373960.0,CHOP,NO_GO,HOLD,13.33,NORMAL,PRO,DEFENSIVE,1.0,0.50,Aegean:FLAT(0.50)|Orion:SHORT(0.20),Regime: CHOP (Reduced Weights). Score: -0.13. Low Conviction (<0.35).,LOW_CONVICTION,0.490620,MID,18.64,False,0.0,0.0,0.00,0.00
1688374020.0,CHOP,NO_GO,HOLD,13.33,NORMAL,PRO,DEFENSIVE,1.0,0.50,Aegean:FLAT(0.50)|Orion:SHORT(0.20),Regime: CHOP (Reduced Weights). Score: -0.13. Low Conviction (<0.35).,LOW_CONVICTION,0.527307,MID,17.50,False,0.0,0.0,0.00,0.00
1688374080.0,CHOP,NO_GO,HOLD,13.33,NORMAL,PRO,DEFENSIVE,1.0,0.50,Aegean:FLAT(0.50)|Orion:SHORT(0.20),Regime: CHOP (Reduced Weights). Score: -0.13. Low Conviction (<0.35).,LOW_CONVICTION,0.109320,MID,16.52,False,0.0,0.0,0.00,0.00
1688374140.0,CHOP,NO_GO,HOLD,13.33,NORMAL,PRO,DEFENSIVE,1.0,0.50,Aegean:FLAT(0.50)|Orion:SHORT(0.20),Regime: CHOP (Reduced Weights). Score: -0.13. Low Conviction (<0.35).,LOW_CONVICTION,0.275327,MID,15.83,False,0.0,0.0,0.00,0.00
1688374200.0,CHOP,NO_GO,HOLD,13.33,NORMAL,PRO,DEFENSIVE,1.0,0.50,Aegean:FLAT(0.50)|Orion:SHORT(0.20),Regime: CHOP (Reduced Weights). Score: -0.13. Low Conviction (<0.35).,LOW_CONVICTION,0.099923,MID,15.17,False,0.0,0.0,0.00,0.00
1688374260.0,CHOP,NO_GO,HOLD,13.33,NORMAL,PRO,DEFENSIVE,1.0,0.50,Aegean:FLAT(0.50)|Orion:SHORT(0.20),Regime: CHOP (Reduced Weights). Score: -0.13. Low Conviction (<0.35).,LOW_CONVICTION,0.087496,MID,14.64,False,0.0,0.0,0.00,0.00
1688374320.0,CHOP,NO_GO,HOLD,13.33,NORMAL,PRO,DEFENSIVE,1.0,0.50,Aegean:FLAT(0.50)|Orion:SHORT(0.20),Regime: CHOP (Reduced Weights). Score: -0.13. Low Conviction (<0.35).,LOW_CONVICTION,-0.156729,MID,14.32,False,0.0,0.0,0.00,0.00
1688374380.0,CHOP,NO_GO,HOLD,13.33,NORMAL,PRO,DEFENSIVE,1.0,0.50,Aegean:FLAT(0.50)|Orion:SHORT(0.20),Regime: CHOP (Reduced Weights). Score: -0.13. Low Conviction (<0.35).,LOW_CONVICTION,-0.282933,MID,14.19,False,0.0,0.0,0.00,0.00
1688374440.0,CHOP,NO_GO,HOLD,13.33,NORMAL,PRO,DEFENSIVE,1.0,0.50,Aegean:FLAT(0.50)|Orion:SHORT(0.20),Regime: CHOP (Reduced Weights). Score: -0.13. Low Conviction (<0.35).,LOW_CONVICTION,-0.911333,MID,14.91,False,0.0,0.0,0.00,0.00
1688374500.0,CHOP,NO_GO,HOLD,13.33,NORMAL,PRO,DEFENSIVE,1.0,0.50,Aegean:FLAT(0.50)|Orion:SHORT(0.20),Regime: CHOP (Reduced Weights). Score: -0.13. Low Conviction (<0.35).,LOW_CONVICTION,-0.302901,MID,15.57,False,0.0,0.0,0.00,0.00
1688374560.0,CHOP,NO_GO,HOLD,13.33,NORMAL,PRO,DEFENSIVE,1.0,0.50,Aegean:FLAT(0.50)|Orion:SHORT(0.20),Regime: CHOP (Reduced Weights). Score: -0.13. Low Conviction (<0.35).,LOW_CONVICTION,0.193494,MID,15.47,False,0.0,0.0,0.00,0.00
1688374620.0,CHOP,NO_GO,HOLD,13.33,NORMAL,PRO,DEFENSIVE,1.0,0.50,Aegean:FLAT(0.50)|Orion:SHORT(0.20),Regime: CHOP (Reduced Weights). Score: -0.13. Low Conviction (<0.35).,LOW_CONVICTION,0.255866,MID,15.34,False,0.0,0.0,0.00,0.00
1688374680.0,CHOP,NO_GO,HOLD,13.33,NORMAL,PRO,DEFENSIVE,1.0,0.50,Aegean:FLAT(0.50)|Orion:SHORT(0.20),Regime: CHOP (Reduced Weights). Score: -0.13. Low Conviction (<0.35).,LOW_CONVICTION,0.243085,MID,15.24,False,0.0,0.0,0.00,0.00
1688374740.0,CHOP,NO_GO,HOLD,13.33,NORMAL,PRO,DEFENSIVE,1.0,0.50,Aegean:FLAT(0.50)|Orion:SHORT(0.20),Regime: CHOP (Reduced Weights). Score: -0.13. Low Conviction (<0.35).,LOW_CONVICTION,0.233396,MID,15.13,False,0.0,0.0,0.00,0.00
1688374800.0,CHOP,NO_GO,HOLD,13.33,NORMAL,PRO,DEFENSIVE,1.0,0.50,Aegean:FLAT(0.50)|Orion:LONG(0.20),Regime: CHOP (Reduced Weights). Score: 0.13. Low Conviction (<0.35).,LOW_CONVICTION,0.921349,TOP,14.22,False,0.0,0.0,0.00,0.00
1688374860.0,CHOP,NO_GO,HOLD,13.33,NORMAL,PRO,DEFENSIVE,1.0,0.50,Aegean:FLAT(0.50)|Orion:LONG(0.20),Regime: CHOP (Reduced Weights). Score: 0.13. Low Conviction (<0.35).,LOW_CONVICTION,0.655573,TOP,13.39,False,0.0,0.0,0.00,0.00
1688374920.0,CHOP,NO_GO,HOLD,13.33,NORMAL,PRO,DEFENSIVE,1.0,0.50,Aegean:FLAT(0.50)|Orion:SHORT(0.20),Regime: CHOP (Reduced Weights). Score: -0.13. Low Conviction (<0.35).,LOW_CONVICTION,0.039089,MID,13.07,False,0.0,0.0,0.00,0.00
1688374980.0,CHOP,NO_GO,HOLD,13.33,NORMAL,PRO,DEFENSIVE,1.0,0.50,Aegean:FLAT(0.50)|Orion:SHORT(0.20),Regime: CHOP (Reduced Weights). Score: -0.13. Low Conviction (<0.35).,LOW_CONVICTION,-0.061875,MID,12.90,False,0.0,0.0,0.00,0.00
1688375040.0,CHOP,NO_GO,HOLD,13.33,NORMAL,PRO,DEFENSIVE,1.0,0.50,Aegean:FLAT(0.50)|Orion:LONG(0.20),Regime: CHOP (Reduced Weights). Score: 0.13. Low Conviction (<0.35).,LOW_CONVICTION,0.950778,TOP,12.64,False,0.0,0.0,0.00,0.00
1688375100.0,CHOP,NO_GO,HOLD,13.33,NORMAL,PRO,DEFENSIVE,1.0,0.50,Aegean:FLAT(0.50)|Orion:LONG(0.20),Regime: CHOP (Reduced Weights). Score: 0.13. Low Conviction (<0.35).,LOW_CONVICTION,0.700464,MID,12.64,False,0.0,0.0,0.00,0.00
1688375160.0,CHOP,NO_GO,HOLD,13.33,NORMAL,PRO,DEFENSIVE,1.0,0.50,Aegean:FLAT(0.50)|Orion:LONG(0.20),Regime: CHOP (Reduced Weights). Score: 0.13. Low Conviction (<0.35).,LOW_CONVICTION,0.675105,TOP,11.74,False,0.0,0.0,0.00,0.00
1688375220.0,CHOP,NO_GO,HOLD,13.33,NORMAL,PRO,DEFENSIVE,1.0,0.50,Aegean:FLAT(0.50)|Orion:LONG(0.20),Regime: CHOP (Reduced Weights). Score: 0.13. Low Conviction (<0.35).,LOW_CONVICTION,1.001633,TOP,11.43,False,0.0,0.0,0.00,0.00
1688375280.0,CHOP,NO_GO,HOLD,13.33,NORMAL,PRO,DEFENSIVE,1.0,0.50,Aegean:FLAT(0.50)|Orion:LONG(0.20),Regime: CHOP (Reduced Weights). Score: 0.13. Low Conviction (<0.35).,LOW_CONVICTION,1.203445,MID,12.99,False,0.0,0.0,0.00,0.00
1688375340.0,CHOP,NO_GO,HOLD,13.33,NORMAL,PRO,DEFENSIVE,1.0,0.50,Aegean:FLAT(0.50)|Orion:LONG(0.20),Regime: CHOP (Reduced Weights). Score: 0.13. Low Conviction (<0.35).,LOW_CONVICTION,1.543033,MID,14.32,False,0.0,0.0,0.00,0.00
1688375400.0,CHOP,NO_GO,HOLD,13.33,NORMAL,PRO,DEFENSIVE,1.0,0.50,Aegean:FLAT(0.50)|Orion:LONG(0.20),Regime: CHOP (Reduced Weights). Score: 0.13. Low Conviction (<0.35).,LOW_CONVICTION,1.583940,MID,15.71,False,0.0,0.0,0.00,0.00
1688375460.0,CHOP,NO_GO,HOLD,13.33,NORMAL,PRO,DEFENSIVE,1.0,0.50,Aegean:FLAT(0.50)|Orion:LONG(0.20),Regime: CHOP (Reduced Weights). Score: 0.13. Low Conviction (<0.35).,LOW_CONVICTION,1.911731,TOP,17.37,False,0.0,0.0,0.00,0.00
1688375520.0,CHOP,NO_GO,HOLD,13.33,NORMAL,PRO,DEFENSIVE,1.0,0.50,Aegean:FLAT(0.50)|Orion:LONG(0.20),Regime: CHOP (Reduced Weights). Score: 0.13. Low Conviction (<0.35).,LOW_CONVICTION,1.717163,TOP,18.92,False,0.0,0.0,0.00,0.00
1688375580.0,CHOP,NO_GO,HOLD,13.33,NORMAL,PRO,DEFENSIVE,1.0,0.50,Aegean:FLAT(0.50)|Orion:LONG(0.20),Regime: CHOP (Reduced Weights). Score: 0.13. Low Conviction (<0.35).,LOW_CONVICTION,1.549578,TOP,19.77,False,0.0,0.0,0.00,0.00
1688375640.0,TREND,NO_GO,HOLD,13.33,NORMAL,PRO,DEFENSIVE,1.0,0.50,Aegean:FLAT(0.50)|Orion:LONG(0.20),Regime: TREND (Orion 2x). Score: 0.13. Low Conviction (<0.35).,LOW_CONVICTION,1.627950,TOP,20.78,False,0.0,0.0,0.00,0.00
1688375700.0,TREND,NO_GO,HOLD,13.33,NORMAL,PRO,DEFENSIVE,1.0,0.50,Aegean:FLAT(0.50)|Orion:LONG(0.20),Regime: TREND (Orion 2x). Score: 0.13. Low Conviction (<0.35).,LOW_CONVICTION,1.135185,TOP,21.88,False,0.0,0.0,0.00,0.00
1688375760.0,TREND,NO_GO,HOLD,13.33,NORMAL,PRO,DEFENSIVE,1.0,0.50,Aegean:FLAT(0.50)|Orion:LONG(0.20),Regime: TREND (Orion 2x). Score: 0.13. Low Conviction (<0.35).,LOW_CONVICTION,0.847788,MID,22.53,False,0.0,0.0,0.00,0.00
1688375820.0,TREND,NO_GO,HOLD,13.33,NORMAL,PRO,DEFENSIVE,1.0,0.50,Aegean:FLAT(0.50)|Orion:LONG(0.20),Regime: TREND (Orion 2x). Score: 0.13. Low Conviction (<0.35).,LOW_CONVICTION,0.567575,MID,22.73,False,0.0,0.0,0.00,0.00
1688375880.0,TREND,NO_GO,HOLD,13.33,NORMAL,PRO,DEFENSIVE,1.0,0.50,Aegean:FLAT(0.50)|Orion:LONG(0.20),Regime: TREND (Orion 2x). Score: 0.13. Low Conviction (<0.35).,LOW_CONVICTION,0.397330,MID,22.77,False,0.0,0.0,0.00,0.00
1688375940.0,TREND,NO_GO,HOLD,13.33,NORMAL,PRO,DEFENSIVE,1.0,0.50,Aegean:FLAT(0.50)|Orion:LONG(0.20),Regime: TREND (Orion 2x). Score: 0.13. Low Conviction (<0.35).,LOW_CONVICTION,0.693770,MID,23.02,False,0.0,0.0,0.00,0.00
1688376000.0,TREND,NO_GO,HOLD,13.33,NORMAL,PRO,DEFENSIVE,1.0,0.50,Aegean:FLAT(0.50)|Orion:LONG(0.20),Regime: TREND (Orion 2x). Score: 0.13. Low Conviction (<0.35).,LOW_CONVICTION,0.335931,MID,23.17,False,0.0,0.0,0.00,0.00
1688376060.0,TREND,NO_GO,HOLD,13.33,NORMAL,PRO,DEFENSIVE,1.0,0.50,Aegean:FLAT(0.50)|Orion:LONG(0.20),Regime: TREND (Orion 2x). Score: 0.13. Low Conviction (<0.35).,LOW_CONVICTION,0.217352,MID,23.00,False,0.0,0.0,0.00,0.00
1688376120.0,TREND,NO_GO,HOLD,13.33,NORMAL,PRO,DEFENSIVE,1.0,0.50,Aegean:FLAT(0.50)|Orion:LONG(0.20),Regime: TREND (Orion 2x). Score: 0.13. Low Conviction (<0.35).,LOW_CONVICTION,0.047066,MID,22.60,False,0.0,0.0,0.00,0.00
1688376180.0,TREND,NO_GO,HOLD,13.33,NORMAL,PRO,DEFENSIVE,1.0,0.50,Aegean:FLAT(0.50)|Orion:LONG(0.20),Regime: TREND (Orion 2x). Score: 0.13. Low Conviction (<0.35).,LOW_CONVICTION,0.185474,MID,21.65,False,0.0,0.0,0.00,0.00
1688376240.0,TREND,NO_GO,HOLD,13.33,NORMAL,PRO,DEFENSIVE,1.0,0.50,Aegean:FLAT(0.50)|Orion:LONG(0.20),Regime: TREND (Orion 2x). Score: 0.13. Low Conviction (<0.35).,LOW_CONVICTION,0.155647,MID,20.76,False,0.0,0.0,0.00,0.00
1688376300.0,TREND,NO_GO,HOLD,13.33,NORMAL,PRO,DEFENSIVE,1.0,0.50,Aegean:FLAT(0.50)|Orion:LONG(0.20),Regime: TREND (Orion 2x). Score: 0.13. Low Conviction (<0.35).,LOW_CONVICTION,0.135577,MID,19.92,False,0.0,0.0,0.00,0.00
1688376360.0,TREND,NO_GO,HOLD,13.33,NORMAL,PRO,DEFENSIVE,1.0,0.50,Aegean:FLAT(0.50)|Orion:LONG(0.20),Regime: TREND (Orion 2x). Score: 0.13. Low Conviction (<0.35).,LOW_CONVICTION,-0.269617,MID,18.77,False,0.0,0.0,0.00,0.00
1688376420.0,TREND,NO_GO,HOLD,13.33,NORMAL,PRO,DEFENSIVE,1.0,0.50,Aegean:FLAT(0.50)|Orion:LONG(0.20),Regime: TREND (Orion 2x). Score: 0.13. Low Conviction (<0.35).,LOW_CONVICTION,0.208163,MID,18.39,False,0.0,0.0,0.00,0.00
1688376480.0,CHOP,NO_GO,HOLD,13.33,NORMAL,PRO,DEFENSIVE,1.0,0.50,Aegean:FLAT(0.50)|Orion:LONG(0.20),Regime: CHOP (Reduced Weights). Score: 0.13. Low Conviction (<0.35).,LOW_CONVICTION,0.421012,MID,17.99,False,0.0,0.0,0.00,0.00
1688376540.0,TREND,NO_GO,HOLD,13.33,NORMAL,PRO,DEFENSIVE,1.0,0.50,Aegean:FLAT(0.50)|Orion:LONG(0.20),Regime: TREND (Orion 2x). Score: 0.13. Low Conviction (<0.35).,LOW_CONVICTION,0.384961,MID,17.63,False,0.0,0.0,0.00,0.00
1688376600.0,TREND,NO_GO,HOLD,13.33,NORMAL,PRO,DEFENSIVE,1.0,0.50,Aegean:FLAT(0.50)|Orion:SHORT(0.20),Regime: TREND (Orion 2x). Score: -0.13. Low Conviction (<0.35).,LOW_CONVICTION,-0.956483,DIP,17.98,False,0.0,0.0,0.00,0.00
1688376660.0,TREND,NO_GO,HOLD,13.33,NORMAL,PRO,DEFENSIVE,1.0,0.50,Aegean:FLAT(0.50)|Orion:SHORT(0.20),Regime: TREND (Orion 2x). Score: -0.13. Low Conviction (<0.35).,LOW_CONVICTION,-0.892206,DIP,18.34,False,0.0,0.0,0.00,0.00
1688376720.0,TREND,NO_GO,HOLD,13.33,NORMAL,PRO,DEFENSIVE,1.0,0.50,Aegean:FLAT(0.50)|Orion:SHORT(0.20),Regime: TREND (Orion 2x). Score: -0.13. Low Conviction (<0.35).,LOW_CONVICTION,-1.577339,DIP,19.64,False,0.0,0.0,0.00,0.00
1688376780.0,TREND,NO_GO,HOLD,13.33,NORMAL,PRO,DEFENSIVE,1.0,0.50,Aegean:FLAT(0.50)|Orion:SHORT(0.20),Regime: TREND (Orion 2x). Score: -0.13. Low Conviction (<0.35).,LOW_CONVICTION,-1.614011,DIP,21.05,False,0.0,0.0,0.00,0.00
1688376840.0,TREND,NO_GO,HOLD,13.33,NORMAL,PRO,DEFENSIVE,1.0,0.50,Aegean:FLAT(0.50)|Orion:SHORT(0.20),Regime: TREND (Orion 2x). Score: -0.13. Low Conviction (<0.35).,LOW_CONVICTION,-1.547055,DIP,22.45,False,0.0,0.0,0.00,0.00
1688376900.0,TREND,NO_GO,HOLD,13.33,NORMAL,PRO,DEFENSIVE,1.0,0.50,Aegean:FLAT(0.50)|Orion:SHORT(0.20),Regime: TREND (Orion 2x). Score: -0.13. Low Conviction (<0.35).,LOW_CONVICTION,-0.750488,MID,21.87,False,0.0,0.0,0.00,0.00
1688376960.0,TREND,NO_GO,HOLD,13.33,NORMAL,PRO,DEFENSIVE,1.0,0.50,Aegean:FLAT(0.50)|Orion:LONG(0.20),Regime: TREND (Orion 2x). Score: 0.13. Low Conviction (<0.35).,LOW_CONVICTION,0.084797,MID,20.51,False,0.0,0.0,0.00,0.00
1688377020.0,TREND,NO_GO,HOLD,13.33,NORMAL,PRO,DEFENSIVE,1.0,0.50,Aegean:FLAT(0.50)|Orion:SHORT(0.20),Regime: TREND (Orion 2x). Score: -0.13. Low Conviction (<0.35).,LOW_CONVICTION,-0.886136,MID,19.66,False,0.0,0.0,0.00,0.00
1688377080.0,TREND,NO_GO,HOLD,13.33,NORMAL,PRO,DEFENSIVE,1.0,0.50,Aegean:FLAT(0.50)|Orion:SHORT(0.20),Regime: TREND (Orion 2x). Score: -0.13. Low Conviction (<0.35).,LOW_CONVICTION,-0.541762,MID,18.87,False,0.0,0.0,0.00,0.00
1688377140.0,CHOP,NO_GO,HOLD,13.33,NORMAL,PRO,DEFENSIVE,1.0,0.50,Aegean:FLAT(0.50)|Orion:SHORT(0.20),Regime: CHOP (Reduced Weights). Score: -0.13. Low Conviction (<0.35).,LOW_CONVICTION,-0.082345,MID,17.64,False,0.0,0.0,0.00,0.00
1688377200.0,CHOP,NO_GO,HOLD,13.33,NORMAL,PRO,DEFENSIVE,1.0,0.50,Aegean:FLAT(0.50)|Orion:SHORT(0.20),Regime: CHOP (Reduced Weights). Score: -0.13. Low Conviction (<0.35).,LOW_CONVICTION,-0.070141,MID,16.56,False,0.0,0.0,0.00,0.00
1688377260.0,CHOP,NO_GO,HOLD,13.33,NORMAL,PRO,DEFENSIVE,1.0,0.50,Aegean:FLAT(0.50)|Orion:SHORT(0.20),Regime: CHOP (Reduced Weights). Score: -0.13. Low Conviction (<0.35).,LOW_CONVICTION,-0.814740,MID,16.45,False,0.0,0.0,0.00,0.00
1688377320.0,CHOP,NO_GO,HOLD,13.33,NORMAL,PRO,DEFENSIVE,1.0,0.50,Aegean:FLAT(0.50)|Orion:SHORT(0.20),Regime: CHOP (Reduced Weights). Score: -0.13. Low Conviction (<0.35).,LOW_CONVICTION,-0.734502,MID,16.36,False,0.0,0.0,0.00,0.00
1688377380.0,CHOP,NO_GO,HOLD,13.33,NORMAL,PRO,DEFENSIVE,1.0,0.50,Aegean:FLAT(0.50)|Orion:SHORT(0.20),Regime: CHOP (Reduced Weights). Score: -0.13. Low Conviction (<0.35).,LOW_CONVICTION,-0.684822,MID,16.28,False,0.0,0.0,0.00,0.00
1688377440.0,CHOP,NO_GO,HOLD,13.33,NORMAL,PRO,DEFENSIVE,1.0,0.50,Aegean:FLAT(0.50)|Orion:SHORT(0.20),Regime: CHOP (Reduced Weights). Score: -0.13. Low Conviction (<0.35).,LOW_CONVICTION,-0.616007,MID,16.20,False,0.0,0.0,0.00,0.00
1688377500.0,CHOP,NO_GO,HOLD,13.33,NORMAL,PRO,DEFENSIVE,1.0,0.50,Aegean:FLAT(0.50)|Orion:SHORT(0.20),Regime: CHOP (Reduced Weights). Score: -0.13. Low Conviction (<0.35).,LOW_CONVICTION,-0.179349,MID,15.31,False,0.0,0.0,0.00,0.00
1688377560.0,CHOP,NO_GO,HOLD,13.33,NORMAL,PRO,DEFENSIVE,1.0,0.50,Aegean:FLAT(0.50)|Orion:SHORT(0.20),Regime: CHOP (Reduced Weights). Score: -0.13. Low Conviction (<0.35).,LOW_CONVICTION,-0.359401,MID,14.51,False,0.0,0.0,0.00,0.00
1688377620.0,CHOP,NO_GO,HOLD,13.33,NORMAL,PRO,DEFENSIVE,1.0,0.50,Aegean:FLAT(0.50)|Orion:SHORT(0.20),Regime: CHOP (Reduced Weights). Score: -0.13. Low Conviction (<0.35).,LOW_CONVICTION,-0.387435,MID,13.86,False,0.0,0.0,0.00,0.00
1688377680.0,CHOP,NO_GO,HOLD,13.33,NORMAL,PRO,DEFENSIVE,1.0,0.50,Aegean:FLAT(0.50)|Orion:SHORT(0.20),Regime: CHOP (Reduced Weights). Score: -0.13. Low Conviction (<0.35).,LOW_CONVICTION,-0.451323,MID,13.45,False,0.0,0.0,0.00,0.00
1688377740.0,CHOP,NO_GO,HOLD,13.33,NORMAL,PRO,DEFENSIVE,1.0,0.50,Aegean:FLAT(0.50)|Orion:SHORT(0.20),Regime: CHOP (Reduced Weights). Score: -0.13. Low Conviction (<0.35).,LOW_CONVICTION,-0.702659,MID,13.67,False,0.0,0.0,0.00,0.00
1688377800.0,CHOP,NO_GO,HOLD,13.33,NORMAL,PRO,DEFENSIVE,1.0,0.50,Aegean:FLAT(0.50)|Orion:SHORT(0.20),Regime: CHOP (Reduced Weights). Score: -0.13. Low Conviction (<0.35).,LOW_CONVICTION,-0.871283,DIP,14.26,False,0.0,0.0,0.00,0.00
1688377860.0,CHOP,NO_GO,HOLD,13.33,NORMAL,PRO,DEFENSIVE,1.0,0.50,Aegean:FLAT(0.50)|Orion:SHORT(0.20),Regime: CHOP (Reduced Weights). Score: -0.13. Low Conviction (<0.35).,LOW_CONVICTION,-1.034990,DIP,15.23,False,0.0,0.0,0.00,0.00
1688377920.0,CHOP,NO_GO,HOLD,13.33,NORMAL,PRO,DEFENSIVE,1.0,0.50,Aegean:FLAT(0.50)|Orion:SHORT(0.20),Regime: CHOP (Reduced Weights). Score: -0.13. Low Conviction (<0.35).,LOW_CONVICTION,-1.767829,DIP,17.26,False,0.0,0.0,0.00,0.00
1688377980.0,TREND,NO_GO,HOLD,13.33,NORMAL,PRO,DEFENSIVE,1.0,0.50,Aegean:FLAT(0.50)|Orion:SHORT(0.20),Regime: TREND (Orion 2x). Score: -0.13. Low Conviction (<0.35).,LOW_CONVICTION,-2.142056,DIP,19.65,False,0.0,0.0,0.00,0.00
1688378040.0,TREND,NO_GO,HOLD,13.33,NORMAL,PRO,DEFENSIVE,1.0,0.50,Aegean:FLAT(0.50)|Orion:SHORT(0.20),Regime: TREND (Orion 2x). Score: -0.13. Low Conviction (<0.35).,LOW_CONVICTION,-2.126245,DIP,22.04,False,0.0,0.0,0.00,0.00
1688378100.0,TREND,NO_GO,HOLD,13.33,NORMAL,PRO,DEFENSIVE,1.0,0.50,Aegean:FLAT(0.50)|Orion:SHORT(0.20),Regime: TREND (Orion 2x). Score: -0.13. Low Conviction (<0.35).,LOW_CONVICTION,-1.687165,DIP,24.30,False,0.0,0.0,0.00,0.00
1688378160.0,TREND,NO_GO,HOLD,11.20,NORMAL,PRO,DEFENSIVE,1.0,0.50,Aegean:FLAT(0.50)|Orion:SHORT(0.17),Regime: TREND (Orion 2x). Score: -0.11. Low Conviction (<0.35).,LOW_CONVICTION,-2.109575,DIP,26.72,True,0.0,0.0,0.00,0.00
1688378220.0,TREND,NO_GO,HOLD,16.06,NORMAL,PRO,DEFENSIVE,1.0,0.50,Aegean:FLAT(0.50)|Orion:SHORT(0.24),Regime: TREND (Orion 2x). Score: -0.16. Low Conviction (<0.35).,LOW_CONVICTION,-2.728224,DIP,29.63,True,0.0,0.0,0.00,0.00
1688378280.0,TREND,NO_GO,HOLD,20.59,NORMAL,PRO,DEFENSIVE,1.0,0.50,Aegean:FLAT(0.50)|Orion:SHORT(0.31),Regime: TREND (Orion 2x). Score: -0.21. Low Conviction (<0.35).,LOW_CONVICTION,-2.357168,DIP,32.36,True,0.0,0.0,0.00,0.00
1688378340.0,TREND,NO_GO,HOLD,23.78,NORMAL,PRO,DEFENSIVE,1.0,0.50,Aegean:FLAT(0.50)|Orion:SHORT(0.36),Regime: TREND (Orion 2x). Score: -0.24. Low Conviction (<0.35).,LOW_CONVICTION,-1.773444,MID,34.27,True,0.0,0.0,0.00,0.00
1688378400.0,TREND,NO_GO,HOLD,26.87,NORMAL,PRO,DEFENSIVE,1.0,0.50,Aegean:FLAT(0.50)|Orion:SHORT(0.40),Regime: TREND (Orion 2x). Score: -0.27. Low Conviction (<0.35).,LOW_CONVICTION,-1.503517,MID,36.12,True,0.0,0.0,0.00,0.00
1688378460.0,TREND,NO_GO,HOLD,25.63,NORMAL,PRO,DEFENSIVE,1.0,0.50,Aegean:FLAT(0.50)|Orion:SHORT(0.38),Regime: TREND (Orion 2x). Score: -0.26. Low Conviction (<0.35).,LOW_CONVICTION,-1.587063,MID,35.38,True,0.0,0.0,0.00,0.00
1688378520.0,TREND,NO_GO,HOLD,24.43,NORMAL,PRO,DEFENSIVE,1.0,0.50,Aegean:FLAT(0.50)|Orion:SHORT(0.37),Regime: TREND (Orion 2x). Score: -0.24. Low Conviction (<0.35).,LOW_CONVICTION,-1.898719,DIP,34.66,True,0.0,0.0,0.00,0.00
1688378580.0,TREND,NO_GO,HOLD,23.02,NORMAL,PRO,DEFENSIVE,1.0,0.50,Aegean:FLAT(0.50)|Orion:SHORT(0.35),Regime: TREND (Orion 2x). Score: -0.23. Low Conviction (<0.35).,LOW_CONVICTION,-1.553127,DIP,33.81,True,0.0,0.0,0.00,0.00
1688378640.0,TREND,NO_GO,HOLD,24.83,NORMAL,PRO,DEFENSIVE,1.0,0.50,Aegean:FLAT(0.30)|Orion:SHORT(0.37),Regime: TREND (Orion 2x). Score: -0.25. Low Conviction (<0.35).,LOW_CONVICTION,-3.608067,DIP,34.90,True,0.0,0.0,0.00,0.00
1688378700.0,TREND,NO_GO,HOLD,26.46,NORMAL,PRO,DEFENSIVE,1.0,0.50,Aegean:FLAT(0.50)|Orion:SHORT(0.40),Regime: TREND (Orion 2x). Score: -0.26. Low Conviction (<0.35).,LOW_CONVICTION,-1.447992,MID,35.88,True,0.0,0.0,0.00,0.00
1688378760.0,TREND,NO_GO,HOLD,23.75,NORMAL,PRO,DEFENSIVE,1.0,0.50,Aegean:FLAT(0.50)|Orion:SHORT(0.36),Regime: TREND (Orion 2x). Score: -0.24. Low Conviction (<0.35).,LOW_CONVICTION,0.313319,MID,34.25,True,0.0,0.0,0.00,0.00
1688378820.0,TREND,NO_GO,HOLD,21.22,NORMAL,PRO,DEFENSIVE,1.0,0.50,Aegean:FLAT(0.50)|Orion:SHORT(0.32),Regime: TREND (Orion 2x). Score: -0.21. Low Conviction (<0.35).,LOW_CONVICTION,0.278714,MID,32.73,True,0.0,0.0,0.00,0.00
1688378880.0,TREND,NO_GO,HOLD,19.38,NORMAL,PRO,DEFENSIVE,1.0,0.50,Aegean:FLAT(0.50)|Orion:SHORT(0.29),Regime: TREND (Orion 2x). Score: -0.19. Low Conviction (<0.35).,LOW_CONVICTION,-0.044992,MID,31.63,True,0.0,0.0,0.00,0.00
1688378940.0,TREND,NO_GO,HOLD,17.93,NORMAL,PRO,DEFENSIVE,1.0,0.50,Aegean:FLAT(0.50)|Orion:SHORT(0.27),Regime: TREND (Orion 2x). Score: -0.18. Low Conviction (<0.35).,LOW_CONVICTION,-0.159144,MID,30.76,True,0.0,0.0,0.00,0.00
1688379000.0,TREND,NO_GO,HOLD,15.58,NORMAL,PRO,DEFENSIVE,1.0,0.50,Aegean:FLAT(0.50)|Orion:SHORT(0.23),Regime: TREND (Orion 2x). Score: -0.16. Low Conviction (<0.35).,LOW_CONVICTION,1.038551,MID,29.35,True,0.0,0.0,0.00,0.00
1688379060.0,TREND,NO_GO,HOLD,13.33,NORMAL,PRO,DEFENSIVE,1.0,0.50,Aegean:FLAT(0.50)|Orion:SHORT(0.20),Regime: TREND (Orion 2x). Score: -0.13. Low Conviction (<0.35).,LOW_CONVICTION,0.954292,MID,28.00,True,0.0,0.0,0.00,0.00
1688379120.0,TREND,NO_GO,HOLD,10.37,NORMAL,PRO,DEFENSIVE,1.0,0.50,Aegean:FLAT(0.50)|Orion:SHORT(0.16),Regime: TREND (Orion 2x). Score: -0.10. Low Conviction (<0.35).,LOW_CONVICTION,-0.006843,MID,26.22,True,0.0,0.0,0.00,0.00
1688379180.0,TREND,NO_GO,HOLD,13.33,NORMAL,PRO,DEFENSIVE,1.0,0.50,Aegean:FLAT(0.50)|Orion:SHORT(0.20),Regime: TREND (Orion 2x). Score: -0.13. Low Conviction (<0.35).,LOW_CONVICTION,-0.003702,MID,24.57,False,0.0,0.0,0.00,0.00
1688379240.0,TREND,NO_GO,HOLD,13.33,NORMAL,PRO,DEFENSIVE,1.0,0.50,Aegean:FLAT(0.50)|Orion:SHORT(0.20),Regime: TREND (Orion 2x). Score: -0.13. Low Conviction (<0.35).,LOW_CONVICTION,-0.017599,MID,23.03,False,0.0,0.0,0.00,0.00
1688379300.0,TREND,NO_GO,HOLD,13.33,NORMAL,PRO,DEFENSIVE,1.0,0.50,Aegean:FLAT(0.50)|Orion:SHORT(0.20),Regime: TREND (Orion 2x). Score: -0.13. Low Conviction (<0.35).,LOW_CONVICTION,0.042000,MID,21.82,False,0.0,0.0,0.00,0.00
1688379360.0,TREND,NO_GO,HOLD,13.33,NORMAL,PRO,DEFENSIVE,1.0,0.50,Aegean:FLAT(0.50)|Orion:SHORT(0.20),Regime: TREND (Orion 2x). Score: -0.13. Low Conviction (<0.35).,LOW_CONVICTION,0.772665,MID,21.52,False,0.0,0.0,0.00,0.00
1688379420.0,TREND,NO_GO,HOLD,13.33,NORMAL,PRO,DEFENSIVE,1.0,0.50,Aegean:FLAT(0.50)|Orion:SHORT(0.20),Regime: TREND (Orion 2x). Score: -0.13. Low Conviction (<0.35).,LOW_CONVICTION,0.693832,MID,21.18,False,0.0,0.0,0.00,0.00
1688379480.0,CHOP,NO_GO,HOLD,13.33,NORMAL,PRO,DEFENSIVE,1.0,0.50,Aegean:FLAT(0.50)|Orion:SHORT(0.20),Regime: CHOP (Reduced Weights). Score: -0.13. Low Conviction (<0.35).,LOW_CONVICTION,-0.055046,MID,19.83,False,0.0,0.0,0.00,0.00
1688379540.0,CHOP,NO_GO,HOLD,13.33,NORMAL,PRO,DEFENSIVE,1.0,0.50,Aegean:FLAT(0.50)|Orion:SHORT(0.20),Regime: CHOP (Reduced Weights). Score: -0.13. Low Conviction (<0.35).,LOW_CONVICTION,0.053054,MID,19.03,False,0.0,0.0,0.00,0.00
1688379600.0,CHOP,NO_GO,HOLD,13.33,NORMAL,PRO,DEFENSIVE,1.0,0.50,Aegean:FLAT(0.50)|Orion:SHORT(0.20),Regime: CHOP (Reduced Weights). Score: -0.13. Low Conviction (<0.35).,LOW_CONVICTION,0.454802,MID,17.88,False,0.0,0.0,0.00,0.00
1688379660.0,CHOP,NO_GO,HOLD,13.33,NORMAL,PRO,DEFENSIVE,1.0,0.50,Aegean:FLAT(0.50)|Orion:SHORT(0.20),Regime: CHOP (Reduced Weights). Score: -0.13. Low Conviction (<0.35).,LOW_CONVICTION,0.411468,MID,16.82,False,0.0,0.0,0.00,0.00
1688379720.0,CHOP,NO_GO,HOLD,13.33,NORMAL,PRO,DEFENSIVE,1.0,0.50,Aegean:FLAT(0.50)|Orion:SHORT(0.20),Regime: CHOP (Reduced Weights). Score: -0.13. Low Conviction (<0.35).,LOW_CONVICTION,0.081805,MID,15.81,False,0.0,0.0,0.00,0.00
1688379780.0,CHOP,NO_GO,HOLD,13.33,NORMAL,PRO,DEFENSIVE,1.0,0.50,Aegean:FLAT(0.50)|Orion:SHORT(0.20),Regime: CHOP (Reduced Weights). Score: -0.13. Low Conviction (<0.35).,LOW_CONVICTION,0.353061,MID,14.87,False,0.0,0.0,0.00,0.00
1688379840.0,CHOP,NO_GO,HOLD,13.33,NORMAL,PRO,DEFENSIVE,1.0,0.50,Aegean:FLAT(0.50)|Orion:SHORT(0.20),Regime: CHOP (Reduced Weights). Score: -0.13. Low Conviction (<0.35).,LOW_CONVICTION,0.122265,MID,14.02,False,0.0,0.0,0.00,0.00
1688379900.0,CHOP,NO_GO,HOLD,13.33,NORMAL,PRO,DEFENSIVE,1.0,0.50,Aegean:FLAT(0.50)|Orion:SHORT(0.20),Regime: CHOP (Reduced Weights). Score: -0.13. Low Conviction (<0.35).,LOW_CONVICTION,0.115397,MID,13.27,False,0.0,0.0,0.00,0.00
1688379960.0,CHOP,NO_GO,HOLD,13.33,NORMAL,PRO,DEFENSIVE,1.0,0.50,Aegean:FLAT(0.50)|Orion:SHORT(0.20),Regime: CHOP (Reduced Weights). Score: -0.13. Low Conviction (<0.35).,LOW_CONVICTION,-0.257317,MID,13.08,False,0.0,0.0,0.00,0.00
1688380020.0,CHOP,NO_GO,HOLD,13.33,NORMAL,PRO,DEFENSIVE,1.0,0.50,Aegean:FLAT(0.50)|Orion:SHORT(0.20),Regime: CHOP (Reduced Weights). Score: -0.13. Low Conviction (<0.35).,LOW_CONVICTION,-0.749061,DIP,13.62,False,0.0,0.0,0.00,0.00
1688380080.0,CHOP,NO_GO,HOLD,13.33,NORMAL,PRO,DEFENSIVE,1.0,0.50,Aegean:FLAT(0.50)|Orion:SHORT(0.20),Regime: CHOP (Reduced Weights). Score: -0.13. Low Conviction (<0.35).,LOW_CONVICTION,-0.671861,DIP,14.12,False,0.0,0.0,0.00,0.00
1688380140.0,CHOP,NO_GO,HOLD,13.33,NORMAL,PRO,DEFENSIVE,1.0,0.50,Aegean:FLAT(0.50)|Orion:SHORT(0.20),Regime: CHOP (Reduced Weights). Score: -0.13. Low Conviction (<0.35).,LOW_CONVICTION,-0.487111,MID,15.10,False,0.0,0.0,0.00,0.00
1688380200.0,CHOP,NO_GO,HOLD,13.33,NORMAL,PRO,DEFENSIVE,1.0,0.50,Aegean:FLAT(0.50)|Orion:LONG(0.20),Regime: CHOP (Reduced Weights). Score: 0.13. Low Conviction (<0.35).,LOW_CONVICTION,0.613782,TOP,14.15,False,0.0,0.0,0.00,0.00
1688380260.0,CHOP,NO_GO,HOLD,13.33,NORMAL,PRO,DEFENSIVE,1.0,0.50,Aegean:FLAT(0.50)|Orion:LONG(0.20),Regime: CHOP (Reduced Weights). Score: 0.13. Low Conviction (<0.35).,LOW_CONVICTION,0.571149,TOP,13.26,False,0.0,0.0,0.00,0.00
1688380320.0,CHOP,NO_GO,HOLD,13.33,NORMAL,PRO,DEFENSIVE,1.0,0.50,Aegean:FLAT(0.50)|Orion:LONG(0.20),Regime: CHOP (Reduced Weights). Score: 0.13. Low Conviction (<0.35).,LOW_CONVICTION,0.599991,TOP,12.72,False,0.0,0.0,0.00,0.00
1688380380.0,CHOP,NO_GO,HOLD,13.33,NORMAL,PRO,DEFENSIVE,1.0,0.50,Aegean:FLAT(0.50)|Orion:LONG(0.20),Regime: CHOP (Reduced Weights). Score: 0.13. Low Conviction (<0.35).,LOW_CONVICTION,0.546769,TOP,12.26,False,0.0,0.0,0.00,0.00
1688380440.0,CHOP,NO_GO,HOLD,13.33,NORMAL,PRO,DEFENSIVE,1.0,0.50,Aegean:FLAT(0.50)|Orion:LONG(0.20),Regime: CHOP (Reduced Weights). Score: 0.13. Low Conviction (<0.35).,LOW_CONVICTION,0.762369,TOP,12.20,False,0.0,0.0,0.00,0.00
1688380500.0,CHOP,NO_GO,HOLD,13.33,NORMAL,PRO,DEFENSIVE,1.0,0.50,Aegean:FLAT(0.50)|Orion:LONG(0.20),Regime: CHOP (Reduced Weights). Score: 0.13. Low Conviction (<0.35).,LOW_CONVICTION,1.406361,TOP,13.17,False,0.0,0.0,0.00,0.00
1688380560.0,CHOP,NO_GO,HOLD,13.33,NORMAL,PRO,DEFENSIVE,1.0,0.50,Aegean:FLAT(0.50)|Orion:LONG(0.20),Regime: CHOP (Reduced Weights). Score: 0.13. Low Conviction (<0.35).,LOW_CONVICTION,1.669957,TOP,14.59,False,0.0,0.0,0.00,0.00
1688380620.0,CHOP,NO_GO,HOLD,13.33,NORMAL,PRO,DEFENSIVE,1.0,0.50,Aegean:FLAT(0.50)|Orion:LONG(0.20),Regime: CHOP (Reduced Weights). Score: 0.13. Low Conviction (<0.35).,LOW_CONVICTION,2.319026,TOP,16.58,False,0.0,0.0,0.00,0.00
1688380680.0,CHOP,NO_GO,HOLD,13.33,NORMAL,PRO,DEFENSIVE,1.0,0.50,Aegean:FLAT(0.50)|Orion:LONG(0.20),Regime: CHOP (Reduced Weights). Score: 0.13. Low Conviction (<0.35).,LOW_CONVICTION,2.091038,TOP,18.43,False,0.0,0.0,0.00,0.00
1688380740.0,CHOP,NO_GO,HOLD,13.33,NORMAL,PRO,DEFENSIVE,1.0,0.50,Aegean:FLAT(0.50)|Orion:LONG(0.20),Regime: CHOP (Reduced Weights). Score: 0.13. Low Conviction (<0.35).,LOW_CONVICTION,1.695607,TOP,19.76,False,0.0,0.0,0.00,0.00
1688380800.0,CHOP,NO_GO,HOLD,13.33,NORMAL,PRO,DEFENSIVE,1.0,0.50,Aegean:FLAT(0.50)|Orion:LONG(0.20),Regime: CHOP (Reduced Weights). Score: 0.13. Low Conviction (<0.35).,LOW_CONVICTION,1.816847,TOP,21.11,False,0.0,0.0,0.00,0.00
1688380860.0,TREND,NO_GO,HOLD,13.33,NORMAL,PRO,DEFENSIVE,1.0,0.50,Aegean:FLAT(0.50)|Orion:LONG(0.20),Regime: TREND (Orion 2x). Score: 0.13. Low Conviction (<0.35).,LOW_CONVICTION,1.535000,TOP,22.39,False,0.0,0.0,0.00,0.00
1688380920.0,TREND,NO_GO,HOLD,13.33,NORMAL,PRO,DEFENSIVE,1.0,0.50,Aegean:FLAT(0.50)|Orion:LONG(0.20),Regime: TREND (Orion 2x). Score: 0.13. Low Conviction (<0.35).,LOW_CONVICTION,1.384533,TOP,23.55,False,0.0,0.0,0.00,0.00
1688380980.0,TREND,NO_GO,HOLD,13.33,NORMAL,PRO,DEFENSIVE,1.0,0.50,Aegean:FLAT(0.50)|Orion:LONG(0.20),Regime: TREND (Orion 2x). Score: 0.13. Low Conviction (<0.35).,LOW_CONVICTION,1.299022,TOP,24.66,False,0.0,0.0,0.00,0.00
1688381040.0,TREND,NO_GO,HOLD,8.82,NORMAL,PRO,DEFENSIVE,1.0,0.50,Aegean:FLAT(0.50)|Orion:LONG(0.13),Regime: TREND (Orion 2x). Score: 0.09. Low Conviction (<0.35).,LOW_CONVICTION,0.999768,TOP,25.29,True,0.0,0.0,0.00,0.00
1688381100.0,TREND,NO_GO,HOLD,9.89,NORMAL,PRO,DEFENSIVE,1.0,0.50,Aegean:FLAT(0.50)|Orion:LONG(0.15),Regime: TREND (Orion 2x). Score: 0.10. Low Conviction (<0.35).,LOW_CONVICTION,1.036379,TOP,25.94,True,0.0,0.0,0.00,0.00
1688381160.0,TREND,NO_GO,HOLD,11.53,NORMAL,PRO,DEFENSIVE,1.0,0.50,Aegean:FLAT(0.50)|Orion:LONG(0.17),Regime: TREND (Orion 2x). Score: 0.12. Low Conviction (<0.35).,LOW_CONVICTION,0.819581,TOP,26.92,True,0.0,0.0,0.00,0.00
1688381220.0,TREND,NO_GO,HOLD,12.23,NORMAL,PRO,DEFENSIVE,1.0,0.50,Aegean:FLAT(0.50)|Orion:LONG(0.18),Regime: TREND (Orion 2x). Score: 0.12. Low Conviction (<0.35).,LOW_CONVICTION,0.562759,TOP,27.34,True,0.0,0.0,0.00,0.00
1688381280.0,TREND,NO_GO,HOLD,13.90,NORMAL,PRO,DEFENSIVE,1.0,0.50,Aegean:FLAT(0.50)|Orion:LONG(0.21),Regime: TREND (Orion 2x). Score: 0.14. Low Conviction (<0.35).,LOW_CONVICTION,1.202560,TOP,28.34,True,0.0,0.0,0.00,0.00
1688381340.0,TREND,NO_GO,HOLD,16.34,NORMAL,PRO,DEFENSIVE,1.0,0.50,Aegean:FLAT(0.50)|Orion:LONG(0.25),Regime: TREND (Orion 2x). Score: 0.16. Low Conviction (<0.35).,LOW_CONVICTION,1.539422,TOP,29.81,True,0.0,0.0,0.00,0.00
1688381400.0,TREND,NO_GO,HOLD,18.67,NORMAL,PRO,DEFENSIVE,1.0,0.50,Aegean:FLAT(0.50)|Orion:LONG(0.28),Regime: TREND (Orion 2x). Score: 0.19. Low Conviction (<0.35).,LOW_CONVICTION,1.393782,TOP,31.20,True,0.0,0.0,0.00,0.00
1688381460.0,TREND,NO_GO,HOLD,21.25,NORMAL,PRO,DEFENSIVE,1.0,0.50,Aegean:FLAT(0.50)|Orion:LONG(0.32),Regime: TREND (Orion 2x). Score: 0.21. Low Conviction (<0.35).,LOW_CONVICTION,1.570109,TOP,32.75,True,0.0,0.0,0.00,0.00
1688381520.0,TREND,NO_GO,HOLD,24.57,NORMAL,PRO,DEFENSIVE,1.0,0.50,Aegean:FLAT(0.50)|Orion:LONG(0.37),Regime: TREND (Orion 2x). Score: 0.25. Low Conviction (<0.35).,LOW_CONVICTION,1.924365,TOP,34.74,True,0.0,0.0,0.00,0.00
1688381580.0,TREND,NO_GO,HOLD,27.71,NORMAL,PRO,DEFENSIVE,1.0,0.50,Aegean:FLAT(0.50)|Orion:LONG(0.42),Regime: TREND (Orion 2x). Score: 0.28. Low Conviction (<0.35).,LOW_CONVICTION,1.740159,TOP,36.63,True,0.0,0.0,0.00,0.00
1688381640.0,TREND,NO_GO,HOLD,31.10,NORMAL,PRO,DEFENSIVE,1.0,0.50,Aegean:FLAT(0.50)|Orion:LONG(0.47),Regime: TREND (Orion 2x). Score: 0.31. Low Conviction (<0.35).,LOW_CONVICTION,1.971998,TOP,38.66,True,0.0,0.0,0.00,0.00
1688381700.0,TREND,NO_GO,HOLD,34.20,NORMAL,PRO,DEFENSIVE,1.0,0.50,Aegean:FLAT(0.50)|Orion:LONG(0.51),Regime: TREND (Orion 2x). Score: 0.34. Low Conviction (<0.35).,LOW_CONVICTION,1.459282,TOP,40.52,True,0.0,0.0,0.00,0.00
1688381760.0,TREND,GO,BUY,37.08,NORMAL,PRO,DEFENSIVE,1.0,0.50,Aegean:FLAT(0.50)|Orion:LONG(0.56),Regime: TREND (Orion 2x). Score: 0.37. Bullish Consensus.,,1.320302,TOP,42.25,True,1.6,20.0,2.00,7.02
1688381820.0,TREND,GO,BUY,35.14,NORMAL,PRO,DEFENSIVE,1.0,0.50,Aegean:FLAT(0.50)|Orion:LONG(0.53),Regime: TREND (Orion 2x). Score: 0.35. Bullish Consensus.,,0.358640,MID,41.09,True,1.8,20.0,2.00,6.64
1688381880.0,TREND,NO_GO,HOLD,30.76,NORMAL,PRO,DEFENSIVE,1.0,0.50,Aegean:FLAT(0.50)|Orion:LONG(0.46),Regime: TREND (Orion 2x). Score: 0.31. Low Conviction (<0.35).,LOW_CONVICTION,-0.582353,DIP,38.45,True,0.0,0.0,0.00,0.00
1688381940.0,TREND,NO_GO,HOLD,27.67,NORMAL,PRO,DEFENSIVE,1.0,0.50,Aegean:FLAT(0.50)|Orion:LONG(0.41),Regime: TREND (Orion 2x). Score: 0.28. Low Conviction (<0.35).,LOW_CONVICTION,-1.322408,DIP,36.60,True,0.0,0.0,0.00,0.00
1688382000.0,TREND,NO_GO,HOLD,26.72,NORMAL,PRO,DEFENSIVE,1.0,0.50,Aegean:FLAT(0.50)|Orion:LONG(0.40),Regime: TREND (Orion 2x). Score: 0.27. Low Conviction (<0.35).,LOW_CONVICTION,-1.299321,MID,36.03,True,0.0,0.0,0.00,0.00
1688382060.0,TREND,NO_GO,HOLD,24.87,NORMAL,PRO,DEFENSIVE,1.0,0.50,Aegean:FLAT(0.50)|Orion:LONG(0.37),Regime: TREND (Orion 2x). Score: 0.25. Low Conviction (<0.35).,LOW_CONVICTION,-0.707811,MID,34.92,True,0.0,0.0,0.00,0.00
1688382120.0,TREND,NO_GO,HOLD,22.16,NORMAL,PRO,DEFENSIVE,1.0,0.50,Aegean:FLAT(0.50)|Orion:LONG(0.33),Regime: TREND (Orion 2x). Score: 0.22. Low Conviction (<0.35).,LOW_CONVICTION,-0.251745,MID,33.29,True,0.0,0.0,0.00,0.00
1688382180.0,TREND,NO_GO,HOLD,18.44,NORMAL,PRO,DEFENSIVE,1.0,0.50,Aegean:FLAT(0.50)|Orion:LONG(0.28),Regime: TREND (Orion 2x). Score: 0.18. Low Conviction (<0.35).,LOW_CONVICTION,0.292245,MID,31.06,True,0.0,0.0,0.00,0.00
1688382240.0,TREND,NO_GO,HOLD,14.86,NORMAL,PRO,DEFENSIVE,1.0,0.50,Aegean:FLAT(0.50)|Orion:LONG(0.22),Regime: TREND (Orion 2x). Score: 0.15. Low Conviction (<0.35).,LOW_CONVICTION,0.318679,MID,28.91,True,0.0,0.0,0.00,0.00
1688382300.0,TREND,NO_GO,HOLD,12.26,NORMAL,PRO,DEFENSIVE,1.0,0.50,Aegean:FLAT(0.50)|Orion:LONG(0.18),Regime: TREND (Orion 2x). Score: 0.12. Low Conviction (<0.35).,LOW_CONVICTION,-0.076731,MID,27.36,True,0.0,0.0,0.00,0.00
1688382360.0,TREND,NO_GO,HOLD,9.89,NORMAL,PRO,DEFENSIVE,1.0,0.50,Aegean:FLAT(0.50)|Orion:LONG(0.15),Regime: TREND (Orion 2x). Score: 0.10. Low Conviction (<0.35).,LOW_CONVICTION,-0.058970,MID,25.93,True,0.0,0.0,0.00,0.00
1688382420.0,TREND,NO_GO,HOLD,13.33,NORMAL,PRO,DEFENSIVE,1.0,0.50,Aegean:FLAT(0.50)|Orion:LONG(0.20),Regime: TREND (Orion 2x). Score: 0.13. Low Conviction (<0.35).,LOW_CONVICTION,-0.052402,MID,24.57,False,0.0,0.0,0.00,0.00
1688382480.0,TREND,NO_GO,HOLD,13.33,NORMAL,PRO,DEFENSIVE,1.0,0.50,Aegean:FLAT(0.50)|Orion:LONG(0.20),Regime: TREND (Orion 2x). Score: 0.13. Low Conviction (<0.35).,LOW_CONVICTION,-0.050708,MID,23.31,False,0.0,0.0,0.00,0.00
1688382540.0,TREND,NO_GO,HOLD,13.33,NORMAL,PRO,DEFENSIVE,1.0,0.50,Aegean:FLAT(0.50)|Orion:LONG(0.20),Regime: TREND (Orion 2x). Score: 0.13. Low Conviction (<0.35).,LOW_CONVICTION,0.053899,MID,21.92,False,0.0,0.0,0.00,0.00
1688382600.0,TREND,NO_GO,HOLD,13.33,NORMAL,PRO,DEFENSIVE,1.0,0.50,Aegean:FLAT(0.50)|Orion:LONG(0.20),Regime: TREND (Orion 2x). Score: 0.13. Low Conviction (<0.35).,LOW_CONVICTION,0.047832,MID,20.61,False,0.0,0.0,0.00,0.00
1688382660.0,TREND,NO_GO,HOLD,13.33,NORMAL,PRO,DEFENSIVE,1.0,0.50,Aegean:FLAT(0.50)|Orion:LONG(0.20),Regime: TREND (Orion 2x). Score: 0.13. Low Conviction (<0.35).,LOW_CONVICTION,-0.078184,MID,19.66,False,0.0,0.0,0.00,0.00
1688382720.0,TREND,NO_GO,HOLD,13.33,NORMAL,PRO,DEFENSIVE,1.0,0.50,Aegean:FLAT(0.50)|Orion:LONG(0.20),Regime: TREND (Orion 2x). Score: 0.13. Low Conviction (<0.35).,LOW_CONVICTION,1.254024,TOP,19.79,False,0.0,0.0,0.00,0.00
1688382780.0,TREND,NO_GO,HOLD,13.33,NORMAL,PRO,DEFENSIVE,1.0,0.50,Aegean:FLAT(0.50)|Orion:LONG(0.20),Regime: TREND (Orion 2x). Score: 0.13. Low Conviction (<0.35).,LOW_CONVICTION,1.129098,TOP,19.90,False,0.0,0.0,0.00,0.00
1688382840.0,TREND,NO_GO,HOLD,13.33,NORMAL,PRO,DEFENSIVE,1.0,0.50,Aegean:FLAT(0.50)|Orion:LONG(0.20),Regime: TREND (Orion 2x). Score: 0.13. Low Conviction (<0.35).,LOW_CONVICTION,1.008298,TOP,20.01,False,0.0,0.0,0.00,0.00
1688382900.0,TREND,NO_GO,HOLD,13.33,NORMAL,PRO,DEFENSIVE,1.0,0.50,Aegean:FLAT(0.50)|Orion:LONG(0.20),Regime: TREND (Orion 2x). Score: 0.13. Low Conviction (<0.35).,LOW_CONVICTION,1.095059,MID,21.32,False,0.0,0.0,0.00,0.00
1688382960.0,TREND,NO_GO,HOLD,13.33,NORMAL,PRO,DEFENSIVE,1.0,0.50,Aegean:FLAT(0.50)|Orion:LONG(0.20),Regime: TREND (Orion 2x). Score: 0.13. Low Conviction (<0.35).,LOW_CONVICTION,0.402987,MID,21.71,False,0.0,0.0,0.00,0.00
1688383020.0,TREND,NO_GO,HOLD,13.33,NORMAL,PRO,DEFENSIVE,1.0,0.50,Aegean:FLAT(0.50)|Orion:LONG(0.20),Regime: TREND (Orion 2x). Score: 0.13. Low Conviction (<0.35).,LOW_CONVICTION,0.364607,MID,22.07,False,0.0,0.0,0.00,0.00
1688383080.0,TREND,NO_GO,HOLD,13.33,NORMAL,PRO,DEFENSIVE,1.0,0.50,Aegean:FLAT(0.50)|Orion:LONG(0.20),Regime: TREND (Orion 2x). Score: 0.13. Low Conviction (<0.35).,LOW_CONVICTION,-0.539530,MID,20.83,False,0.0,0.0,0.00,0.00
1688383140.0,TREND,NO_GO,HOLD,13.33,NORMAL,PRO,DEFENSIVE,1.0,0.50,Aegean:FLAT(0.50)|Orion:SHORT(0.20),Regime: TREND (Orion 2x). Score: -0.13. Low Conviction (<0.35).,LOW_CONVICTION,-1.175662,MID,20.01,False,0.0,0.0,0.00,0.00
1688383200.0,TREND,NO_GO,HOLD,13.33,NORMAL,PRO,DEFENSIVE,1.0,0.50,Aegean:FLAT(0.50)|Orion:LONG(0.20),Regime: TREND (Orion 2x). Score: 0.13. Low Conviction (<0.35).,LOW_CONVICTION,-0.148931,MID,18.92,False,0.0,0.0,0.00,0.00
1688383260.0,CHOP,NO_GO,HOLD,13.33,NORMAL,PRO,DEFENSIVE,1.0,0.50,Aegean:FLAT(0.50)|Orion:LONG(0.20),Regime: CHOP (Reduced Weights). Score: 0.13. Low Conviction (<0.35).,LOW_CONVICTION,-0.133775,MID,17.88,False,0.0,0.0,0.00,0.00
1688383320.0,CHOP,NO_GO,HOLD,13.33,NORMAL,PRO,DEFENSIVE,1.0,0.50,Aegean:FLAT(0.50)|Orion:LONG(0.20),Regime: CHOP (Reduced Weights). Score: 0.13. Low Conviction (<0.35).,LOW_CONVICTION,0.277022,MID,16.91,False,0.0,0.0,0.00,0.00
1688383380.0,CHOP,NO_GO,HOLD,13.33,NORMAL,PRO,DEFENSIVE,1.0,0.50,Aegean:FLAT(0.50)|Orion:LONG(0.20),Regime: CHOP (Reduced Weights). Score: 0.13. Low Conviction (<0.35).,LOW_CONVICTION,1.069635,MID,17.78,False,0.0,0.0,0.00,0.00
1688383440.0,CHOP,NO_GO,HOLD,13.33,NORMAL,PRO,DEFENSIVE,1.0,0.50,Aegean:FLAT(0.50)|Orion:LONG(0.20),Regime: CHOP (Reduced Weights). Score: 0.13. Low Conviction (<0.35).,LOW_CONVICTION,1.985393,TOP,18.86,False,0.0,0.0,0.00,0.00
1688383500.0,CHOP,NO_GO,HOLD,13.33,NORMAL,PRO,DEFENSIVE,1.0,0.50,Aegean:FLAT(0.50)|Orion:LONG(0.20),Regime: CHOP (Reduced Weights). Score: 0.13. Low Conviction (<0.35).,LOW_CONVICTION,1.799643,TOP,19.83,False,0.0,0.0,0.00,0.00
1688383560.0,CHOP,NO_GO,HOLD,13.33,NORMAL,PRO,DEFENSIVE,1.0,0.50,Aegean:FLAT(0.50)|Orion:LONG(0.20),Regime: CHOP (Reduced Weights). Score: 0.13. Low Conviction (<0.35).,LOW_CONVICTION,0.836738,MID,19.45,False,0.0,0.0,0.00,0.00
1688383620.0,CHOP,NO_GO,HOLD,13.33,NORMAL,PRO,DEFENSIVE,1.0,0.50,Aegean:FLAT(0.50)|Orion:LONG(0.20),Regime: CHOP (Reduced Weights). Score: 0.13. Low Conviction (<0.35).,LOW_CONVICTION,0.137403,MID,18.28,False,0.0,0.0,0.00,0.00
1688383680.0,CHOP,NO_GO,HOLD,13.33,NORMAL,PRO,DEFENSIVE,1.0,0.50,Aegean:FLAT(0.50)|Orion:SHORT(0.20),Regime: CHOP (Reduced Weights). Score: -0.13. Low Conviction (<0.35).,LOW_CONVICTION,-0.907176,MID,17.90,False,0.0,0.0,0.00,0.00
1688383740.0,CHOP,NO_GO,HOLD,13.33,NORMAL,PRO,DEFENSIVE,1.0,0.50,Aegean:FLAT(0.50)|Orion:SHORT(0.20),Regime: CHOP (Reduced Weights). Score: -0.13. Low Conviction (<0.35).,LOW_CONVICTION,-0.738893,MID,17.55,False,0.0,0.0,0.00,0.00
1688383800.0,CHOP,NO_GO,HOLD,13.33,NORMAL,PRO,DEFENSIVE,1.0,0.50,Aegean:FLAT(0.50)|Orion:SHORT(0.20),Regime: CHOP (Reduced Weights). Score: -0.13. Low Conviction (<0.35).,LOW_CONVICTION,-0.711545,MID,18.34,False,0.0,0.0,0.00,0.00
1688383860.0,CHOP,NO_GO,HOLD,13.33,NORMAL,PRO,DEFENSIVE,1.0,0.50,Aegean:FLAT(0.50)|Orion:SHORT(0.20),Regime: CHOP (Reduced Weights). Score: -0.13. Low Conviction (<0.35).,LOW_CONVICTION,-0.938705,MID,19.20,False,0.0,0.0,0.00,0.00
1688383920.0,CHOP,NO_GO,HOLD,13.33,NORMAL,PRO,DEFENSIVE,1.0,0.50,Aegean:FLAT(0.50)|Orion:SHORT(0.20),Regime: CHOP (Reduced Weights). Score: -0.13. Low Conviction (<0.35).,LOW_CONVICTION,-0.951190,MID,19.53,False,0.0,0.0,0.00,0.00
1688383980.0,CHOP,NO_GO,HOLD,13.33,NORMAL,PRO,DEFENSIVE,1.0,0.50,Aegean:FLAT(0.50)|Orion:SHORT(0.20),Regime: CHOP (Reduced Weights). Score: -0.13. Low Conviction (<0.35).,LOW_CONVICTION,-1.161033,MID,20.06,False,0.0,0.0,0.00,0.00
1688384040.0,CHOP,NO_GO,HOLD,13.33,NORMAL,PRO,DEFENSIVE,1.0,0.50,Aegean:FLAT(0.50)|Orion:SHORT(0.20),Regime: CHOP (Reduced Weights). Score: -0.13. Low Conviction (<0.35).,LOW_CONVICTION,-1.161337,MID,20.86,False,0.0,0.0,0.00,0.00
1688384100.0,CHOP,NO_GO,HOLD,13.33,NORMAL,PRO,DEFENSIVE,1.0,0.50,Aegean:FLAT(0.50)|Orion:LONG(0.20),Regime: CHOP (Reduced Weights). Score: 0.13. Low Conviction (<0.35).,LOW_CONVICTION,0.608314,MID,20.15,False,0.0,0.0,0.00,0.00
1688384160.0,CHOP,NO_GO,HOLD,13.33,NORMAL,PRO,DEFENSIVE,1.0,0.50,Aegean:FLAT(0.50)|Orion:LONG(0.20),Regime: CHOP (Reduced Weights). Score: 0.13. Low Conviction (<0.35).,LOW_CONVICTION,0.567520,MID,19.54,False,0.0,0.0,0.00,0.00
1688384220.0,CHOP,NO_GO,HOLD,13.33,NORMAL,PRO,DEFENSIVE,1.0,0.50,Aegean:FLAT(0.50)|Orion:LONG(0.20),Regime: CHOP (Reduced Weights). Score: 0.13. Low Conviction (<0.35).,LOW_CONVICTION,0.192677,MID,19.25,False,0.0,0.0,0.00,0.00
1688384280.0,CHOP,NO_GO,HOLD,13.33,NORMAL,PRO,DEFENSIVE,1.0,0.50,Aegean:FLAT(0.50)|Orion:SHORT(0.20),Regime: CHOP (Reduced Weights). Score: -0.13. Low Conviction (<0.35).,LOW_CONVICTION,-0.324068,MID,19.47,False,0.0,0.0,0.00,0.00
1688384340.0,CHOP,NO_GO,HOLD,13.33,NORMAL,PRO,DEFENSIVE,1.0,0.50,Aegean:FLAT(0.50)|Orion:SHORT(0.20),Regime: CHOP (Reduced Weights). Score: -0.13. Low Conviction (<0.35).,LOW_CONVICTION,-0.290177,MID,19.68,False,0.0,0.0,0.00,0.00
1688384400.0,CHOP,NO_GO,HOLD,13.33,NORMAL,PRO,DEFENSIVE,1.0,0.50,Aegean:FLAT(0.50)|Orion:SHORT(0.20),Regime: CHOP (Reduced Weights). Score: -0.13. Low Conviction (<0.35).,LOW_CONVICTION,-1.057574,MID,20.57,False,0.0,0.0,0.00,0.00
1688384460.0,TREND,NO_GO,HOLD,13.33,NORMAL,PRO,DEFENSIVE,1.0,0.50,Aegean:FLAT(0.50)|Orion:SHORT(0.20),Regime: TREND (Orion 2x). Score: -0.13. Low Conviction (<0.35).,LOW_CONVICTION,-1.405761,DIP,21.74,False,0.0,0.0,0.00,0.00
1688384520.0,TREND,NO_GO,HOLD,13.33,NORMAL,PRO,DEFENSIVE,1.0,0.50,Aegean:FLAT(0.50)|Orion:SHORT(0.20),Regime: TREND (Orion 2x). Score: -0.13. Low Conviction (<0.35).,LOW_CONVICTION,-1.573722,DIP,23.04,False,0.0,0.0,0.00,0.00
1688384580.0,TREND,NO_GO,HOLD,13.33,NORMAL,PRO,DEFENSIVE,1.0,0.50,Aegean:FLAT(0.50)|Orion:SHORT(0.20),Regime: TREND (Orion 2x). Score: -0.13. Low Conviction (<0.35).,LOW_CONVICTION,-1.716368,DIP,24.61,False,0.0,0.0,0.00,0.00
1688384640.0,TREND,NO_GO,HOLD,13.33,NORMAL,PRO,DEFENSIVE,1.0,0.50,Aegean:FLAT(0.50)|Orion:SHORT(0.20),Regime: TREND (Orion 2x). Score: -0.13. Low Conviction (<0.35).,LOW_CONVICTION,-0.517772,MID,23.01,False,0.0,0.0,0.00,0.00
1688384700.0,TREND,NO_GO,HOLD,13.33,NORMAL,PRO,DEFENSIVE,1.0,0.50,Aegean:FLAT(0.50)|Orion:SHORT(0.20),Regime: TREND (Orion 2x). Score: -0.13. Low Conviction (<0.35).,LOW_CONVICTION,-1.286555,DIP,21.52,False,0.0,0.0,0.00,0.00
1688384760.0,CHOP,NO_GO,HOLD,13.33,NORMAL,PRO,DEFENSIVE,1.0,0.50,Aegean:FLAT(0.50)|Orion:SHORT(0.20),Regime: CHOP (Reduced Weights). Score: -0.13. Low Conviction (<0.35).,LOW_CONVICTION,-0.547855,MID,20.15,False,0.0,0.0,0.00,0.00
1688384820.0,CHOP,NO_GO,HOLD,13.33,NORMAL,PRO,DEFENSIVE,1.0,0.50,Aegean:FLAT(0.50)|Orion:SHORT(0.20),Regime: CHOP (Reduced Weights). Score: -0.13. Low Conviction (<0.35).,LOW_CONVICTION,-1.022326,MID,18.90,False,0.0,0.0,0.00,0.00
1688384880.0,CHOP,NO_GO,HOLD,13.33,NORMAL,PRO,DEFENSIVE,1.0,0.50,Aegean:FLAT(0.50)|Orion:SHORT(0.20),Regime: CHOP (Reduced Weights). Score: -0.13. Low Conviction (<0.35).,LOW_CONVICTION,-0.442640,MID,17.72,False,0.0,0.0,0.00,0.00
1688384940.0,CHOP,NO_GO,HOLD,13.33,NORMAL,PRO,DEFENSIVE,1.0,0.50,Aegean:FLAT(0.50)|Orion:SHORT(0.20),Regime: CHOP (Reduced Weights). Score: -0.13. Low Conviction (<0.35).,LOW_CONVICTION,-0.386179,MID,16.63,False,0.0,0.0,0.00,0.00
1688385000.0,CHOP,NO_GO,HOLD,13.33,NORMAL,PRO,DEFENSIVE,1.0,0.50,Aegean:FLAT(0.50)|Orion:SHORT(0.20),Regime: CHOP (Reduced Weights). Score: -0.13. Low Conviction (<0.35).,LOW_CONVICTION,-1.603169,MID,18.65,False,0.0,0.0,0.00,0.00
1688385060.0,CHOP,NO_GO,HOLD,13.33,NORMAL,PRO,DEFENSIVE,1.0,0.50,Aegean:FLAT(0.50)|Orion:SHORT(0.20),Regime: CHOP (Reduced Weights). Score: -0.13. Low Conviction (<0.35).,LOW_CONVICTION,-2.054358,MID,20.53,False,0.0,0.0,0.00,0.00
1688385120.0,CHOP,NO_GO,HOLD,13.33,NORMAL,PRO,DEFENSIVE,1.0,0.50,Aegean:FLAT(0.50)|Orion:SHORT(0.20),Regime: CHOP (Reduced Weights). Score: -0.13. Low Conviction (<0.35).,LOW_CONVICTION,-0.907276,MID,19.23,False,0.0,0.0,0.00,0.00
1688385180.0,CHOP,NO_GO,HOLD,13.33,NORMAL,PRO,DEFENSIVE,1.0,0.50,Aegean:FLAT(0.50)|Orion:SHORT(0.20),Regime: CHOP (Reduced Weights). Score: -0.13. Low Conviction (<0.35).,LOW_CONVICTION,-0.034221,MID,18.03,False,0.0,0.0,0.00,0.00
1688385240.0,CHOP,NO_GO,HOLD,13.33,NORMAL,PRO,DEFENSIVE,1.0,0.50,Aegean:FLAT(0.50)|Orion:SHORT(0.20),Regime: CHOP (Reduced Weights). Score: -0.13. Low Conviction (<0.35).,LOW_CONVICTION,-0.812901,MID,17.52,False,0.0,0.0,0.00,0.00
1688385300.0,CHOP,NO_GO,HOLD,13.33,NORMAL,PRO,DEFENSIVE,1.0,0.50,Aegean:FLAT(0.50)|Orion:SHORT(0.20),Regime: CHOP (Reduced Weights). Score: -0.13. Low Conviction (<0.35).,LOW_CONVICTION,-1.642047,MID,17.08,False,0.0,0.0,0.00,0.00
1688385360.0,CHOP,NO_GO,HOLD,13.33,NORMAL,PRO,DEFENSIVE,1.0,0.50,Aegean:FLAT(0.50)|Orion:SHORT(0.20),Regime: CHOP (Reduced Weights). Score: -0.13. Low Conviction (<0.35).,LOW_CONVICTION,-0.158043,MID,16.56,False,0.0,0.0,0.00,0.00
1688385420.0,CHOP,NO_GO,HOLD,13.33,NORMAL,PRO,DEFENSIVE,1.0,0.50,Aegean:FLAT(0.50)|Orion:SHORT(0.20),Regime: CHOP (Reduced Weights). Score: -0.13. Low Conviction (<0.35).,LOW_CONVICTION,0.038439,MID,16.10,False,0.0,0.0,0.00,0.00
1688385480.0,CHOP,NO_GO,HOLD,13.33,NORMAL,PRO,DEFENSIVE,1.0,0.50,Aegean:FLAT(0.50)|Orion:SHORT(0.20),Regime: CHOP (Reduced Weights). Score: -0.13. Low Conviction (<0.35).,LOW_CONVICTION,0.855203,MID,15.81,False,0.0,0.0,0.00,0.00
1688385540.0,CHOP,NO_GO,HOLD,13.33,NORMAL,PRO,DEFENSIVE,1.0,0.50,Aegean:FLAT(0.50)|Orion:SHORT(0.20),Regime: CHOP (Reduced Weights). Score: -0.13. Low Conviction (<0.35).,LOW_CONVICTION,-1.278939,MID,16.08,False,0.0,0.0,0.00,0.00
1688385600.0,CHOP,NO_GO,HOLD,13.33,NORMAL,PRO,DEFENSIVE,1.0,0.50,Aegean:FLAT(0.50)|Orion:SHORT(0.20),Regime: CHOP (Reduced Weights). Score: -0.13. Low Conviction (<0.35).,LOW_CONVICTION,-0.131440,MID,15.36,False,0.0,0.0,0.00,0.00
1688385660.0,CHOP,NO_GO,HOLD,13.33,NORMAL,PRO,DEFENSIVE,1.0,0.50,Aegean:FLAT(0.50)|Orion:SHORT(0.20),Regime: CHOP (Reduced Weights). Score: -0.13. Low Conviction (<0.35).,LOW_CONVICTION,0.327332,MID,14.71,False,0.0,0.0,0.00,0.00
1688385720.0,CHOP,NO_GO,HOLD,13.33,NORMAL,PRO,DEFENSIVE,1.0,0.50,Aegean:FLAT(0.50)|Orion:SHORT(0.20),Regime: CHOP (Reduced Weights). Score: -0.13. Low Conviction (<0.35).,LOW_CONVICTION,-1.125072,MID,14.09,False,0.0,0.0,0.00,0.00
1688385780.0,CHOP,NO_GO,HOLD,13.33,NORMAL,PRO,DEFENSIVE,1.0,0.50,Aegean:FLAT(0.50)|Orion:SHORT(0.20),Regime: CHOP (Reduced Weights). Score: -0.13. Low Conviction (<0.35).,LOW_CONVICTION,-1.769950,MID,13.93,False,0.0,0.0,0.00,0.00
1688385840.0,CHOP,NO_GO,HOLD,13.33,NORMAL,PRO,DEFENSIVE,1.0,0.50,Aegean:FLAT(0.50)|Orion:SHORT(0.20),Regime: CHOP (Reduced Weights). Score: -0.13. Low Conviction (<0.35).,LOW_CONVICTION,-1.601403,MID,13.79,False,0.0,0.0,0.00,0.00
1688385900.0,CHOP,NO_GO,HOLD,13.33,NORMAL,PRO,DEFENSIVE,1.0,0.50,Aegean:FLAT(0.50)|Orion:SHORT(0.20),Regime: CHOP (Reduced Weights). Score: -0.13. Low Conviction (<0.35).,LOW_CONVICTION,-1.083319,MID,13.41,False,0.0,0.0,0.00,0.00
1688385960.0,CHOP,NO_GO,HOLD,13.33,NORMAL,PRO,DEFENSIVE,1.0,0.50,Aegean:FLAT(0.50)|Orion:SHORT(0.20),Regime: CHOP (Reduced Weights). Score: -0.13. Low Conviction (<0.35).,LOW_CONVICTION,-1.540306,MID,13.44,False,0.0,0.0,0.00,0.00
1688386020.0,CHOP,NO_GO,HOLD,13.33,NORMAL,PRO,DEFENSIVE,1.0,0.50,Aegean:FLAT(0.50)|Orion:SHORT(0.20),Regime: CHOP (Reduced Weights). Score: -0.13. Low Conviction (<0.35).,LOW_CONVICTION,-2.894897,DIP,14.10,False,0.0,0.0,0.00,0.00
1688386080.0,CHOP,NO_GO,HOLD,13.33,NORMAL,PRO,DEFENSIVE,1.0,0.50,Aegean:FLAT(0.50)|Orion:SHORT(0.20),Regime: CHOP (Reduced Weights). Score: -0.13. Low Conviction (<0.35).,LOW_CONVICTION,-1.773226,DIP,14.75,False,0.0,0.0,0.00,0.00
1688386140.0,CHOP,GO,SELL,36.67,NORMAL,PRO,DEFENSIVE,1.0,0.50,Aegean:SHORT(0.70)|Orion:SHORT(0.20),Regime: CHOP (Reduced Weights). Score: -0.37. Bearish Consensus.,,-3.316931,MID,16.50,False,5.3,20.0,2.00,3.29
1688386200.0,CHOP,NO_GO,HOLD,13.33,NORMAL,PRO,DEFENSIVE,1.0,0.50,Aegean:FLAT(0.50)|Orion:SHORT(0.20),Regime: CHOP (Reduced Weights). Score: -0.13. Low Conviction (<0.35).,LOW_CONVICTION,-2.731478,MID,18.11,False,0.0,0.0,0.00,0.00
1688386260.0,CHOP,NO_GO,HOLD,13.33,NORMAL,PRO,DEFENSIVE,1.0,0.50,Aegean:FLAT(0.50)|Orion:SHORT(0.20),Regime: CHOP (Reduced Weights). Score: -0.13. Low Conviction (<0.35).,LOW_CONVICTION,-2.706424,MID,19.72,False,0.0,0.0,0.00,0.00
1688386320.0,TREND,GO,SELL,36.67,NORMAL,PRO,DEFENSIVE,1.0,0.50,Aegean:SHORT(0.70)|Orion:SHORT(0.20),Regime: TREND (Orion 2x). Score: -0.37. Bearish Consensus.,,-3.098008,MID,21.82,False,5.2,20.0,2.00,4.10
1688386380.0,TREND,NO_GO,HOLD,13.33,NORMAL,PRO,DEFENSIVE,1.0,0.50,Aegean:FLAT(0.50)|Orion:SHORT(0.20),Regime: TREND (Orion 2x). Score: -0.13. Low Conviction (<0.35).,LOW_CONVICTION,-2.257739,MID,23.77,False,0.0,0.0,0.00,0.00
1688386440.0,TREND,NO_GO,HOLD,13.33,NORMAL,PRO,DEFENSIVE,1.0,0.50,Aegean:FLAT(0.50)|Orion:SHORT(0.20),Regime: TREND (Orion 2x). Score: -0.13. Low Conviction (<0.35).,LOW_CONVICTION,-0.259047,MID,23.85,False,0.0,0.0,0.00,0.00
1688386500.0,TREND,NO_GO,HOLD,13.33,NORMAL,PRO,DEFENSIVE,1.0,0.50,Aegean:FLAT(0.50)|Orion:SHORT(0.20),Regime: TREND (Orion 2x). Score: -0.13. Low Conviction (<0.35).,LOW_CONVICTION,-0.443900,MID,23.92,False,0.0,0.0,0.00,0.00
1688386560.0,TREND,NO_GO,HOLD,13.33,NORMAL,PRO,DEFENSIVE,1.0,0.50,Aegean:FLAT(0.50)|Orion:SHORT(0.20),Regime: TREND (Orion 2x). Score: -0.13. Low Conviction (<0.35).,LOW_CONVICTION,-2.044307,MID,24.91,False,0.0,0.0,0.00,0.00
1688386620.0,TREND,NO_GO,HOLD,9.71,NORMAL,PRO,DEFENSIVE,1.0,0.50,Aegean:FLAT(0.50)|Orion:SHORT(0.15),Regime: TREND (Orion 2x). Score: -0.10. Low Conviction (<0.35).,LOW_CONVICTION,-0.191615,MID,25.82,True,0.0,0.0,0.00,0.00
1688386680.0,TREND,NO_GO,HOLD,11.16,NORMAL,PRO,DEFENSIVE,1.0,0.50,Aegean:FLAT(0.50)|Orion:SHORT(0.17),Regime: TREND (Orion 2x). Score: -0.11. Low Conviction (<0.35).,LOW_CONVICTION,-1.708624,MID,26.69,True,0.0,0.0,0.00,0.00
1688386740.0,TREND,NO_GO,HOLD,13.37,NORMAL,PRO,DEFENSIVE,1.0,0.50,Aegean:FLAT(0.50)|Orion:SHORT(0.20),Regime: TREND (Orion 2x). Score: -0.13. Low Conviction (<0.35).,LOW_CONVICTION,-2.415759,DIP,28.02,True,0.0,0.0,0.00,0.00
1688386800.0,TREND,NO_GO,HOLD,11.91,NORMAL,PRO,DEFENSIVE,1.0,0.50,Aegean:FLAT(0.50)|Orion:SHORT(0.18),Regime: TREND (Orion 2x). Score: -0.12. Low Conviction (<0.35).,LOW_CONVICTION,1.302257,MID,27.15,True,0.0,0.0,0.00,0.00
1688386860.0,TREND,NO_GO,HOLD,10.55,NORMAL,PRO,DEFENSIVE,1.0,0.50,Aegean:FLAT(0.50)|Orion:SHORT(0.16),Regime: TREND (Orion 2x). Score: -0.11. Low Conviction (<0.35).,LOW_CONVICTION,-2.242554,MID,26.33,True,0.0,0.0,0.00,0.00
1688386920.0,TREND,NO_GO,HOLD,9.29,NORMAL,PRO,DEFENSIVE,1.0,0.50,Aegean:FLAT(0.50)|Orion:SHORT(0.14),Regime: TREND (Orion 2x). Score: -0.09. Low Conviction (<0.35).,LOW_CONVICTION,-0.637383,MID,25.57,True,0.0,0.0,0.00,0.00
1688386980.0,TREND,NO_GO,HOLD,13.33,NORMAL,PRO,DEFENSIVE,1.0,0.50,Aegean:FLAT(0.50)|Orion:SHORT(0.20),Regime: TREND (Orion 2x). Score: -0.13. Low Conviction (<0.35).,LOW_CONVICTION,-0.070747,MID,24.64,False,0.0,0.0,0.00,0.00
1688387040.0,TREND,NO_GO,HOLD,13.33,NORMAL,PRO,DEFENSIVE,1.0,0.50,Aegean:FLAT(0.50)|Orion:SHORT(0.20),Regime: TREND (Orion 2x). Score: -0.13. Low Conviction (<0.35).,LOW_CONVICTION,1.371545,TOP,22.98,False,0.0,0.0,0.00,0.00
1688387100.0,TREND,NO_GO,HOLD,13.33,NORMAL,PRO,DEFENSIVE,1.0,0.50,Aegean:FLAT(0.50)|Orion:SHORT(0.20),Regime: TREND (Orion 2x). Score: -0.13. Low Conviction (<0.35).,LOW_CONVICTION,0.754203,MID,21.45,False,0.0,0.0,0.00,0.00
1688387160.0,CHOP,NO_GO,HOLD,13.33,NORMAL,PRO,DEFENSIVE,1.0,0.50,Aegean:FLAT(0.50)|Orion:SHORT(0.20),Regime: CHOP (Reduced Weights). Score: -0.13. Low Conviction (<0.35).,LOW_CONVICTION,-0.032714,MID,20.53,False,0.0,0.0,0.00,0.00
1688387220.0,CHOP,NO_GO,HOLD,13.33,NORMAL,PRO,DEFENSIVE,1.0,0.50,Aegean:FLAT(0.50)|Orion:SHORT(0.20),Regime: CHOP (Reduced Weights). Score: -0.13. Low Conviction (<0.35).,LOW_CONVICTION,-1.409855,MID,20.53,False,0.0,0.0,0.00,0.00
1688387280.0,CHOP,NO_GO,HOLD,13.33,NORMAL,PRO,DEFENSIVE,1.0,0.50,Aegean:FLAT(0.50)|Orion:SHORT(0.20),Regime: CHOP (Reduced Weights). Score: -0.13. Low Conviction (<0.35).,LOW_CONVICTION,-0.704443,MID,20.53,False,0.0,0.0,0.00,0.00
1688387340.0,CHOP,NO_GO,HOLD,13.33,NORMAL,PRO,DEFENSIVE,1.0,0.50,Aegean:FLAT(0.50)|Orion:SHORT(0.20),Regime: CHOP (Reduced Weights). Score: -0.13. Low Conviction (<0.35).,LOW_CONVICTION,-0.612008,MID,20.50,False,0.0,0.0,0.00,0.00
1688387400.0,CHOP,NO_GO,HOLD,13.33,NORMAL,PRO,DEFENSIVE,1.0,0.50,Aegean:FLAT(0.50)|Orion:SHORT(0.20),Regime: CHOP (Reduced Weights). Score: -0.13. Low Conviction (<0.35).,LOW_CONVICTION,-0.380172,MID,20.33,False,0.0,0.0,0.00,0.00
1688387460.0,CHOP,NO_GO,HOLD,13.33,NORMAL,PRO,DEFENSIVE,1.0,0.50,Aegean:FLAT(0.50)|Orion:SHORT(0.20),Regime: CHOP (Reduced Weights). Score: -0.13. Low Conviction (<0.35).,LOW_CONVICTION,-2.126019,MID,21.23,False,0.0,0.0,0.00,0.00
1688387520.0,CHOP,NO_GO,HOLD,13.33,NORMAL,PRO,DEFENSIVE,1.0,0.50,Aegean:FLAT(0.50)|Orion:SHORT(0.20),Regime: CHOP (Reduced Weights). Score: -0.13. Low Conviction (<0.35).,LOW_CONVICTION,0.034873,MID,21.80,False,0.0,0.0,0.00,0.00
1688387580.0,TREND,NO_GO,HOLD,13.33,NORMAL,PRO,DEFENSIVE,1.0,0.50,Aegean:FLAT(0.50)|Orion:SHORT(0.20),Regime: TREND (Orion 2x). Score: -0.13. Low Conviction (<0.35).,LOW_CONVICTION,0.012013,MID,22.37,False,0.0,0.0,0.00,0.00
1688387640.0,TREND,NO_GO,HOLD,13.33,NORMAL,PRO,DEFENSIVE,1.0,0.50,Aegean:FLAT(0.50)|Orion:LONG(0.20),Regime: TREND (Orion 2x). Score: 0.13. Low Conviction (<0.35).,LOW_CONVICTION,1.665583,TOP,21.33,False,0.0,0.0,0.00,0.00
1688387700.0,CHOP,NO_GO,HOLD,13.33,NORMAL,PRO,DEFENSIVE,1.0,0.50,Aegean:FLAT(0.50)|Orion:LONG(0.20),Regime: CHOP (Reduced Weights). Score: 0.13. Low Conviction (<0.35).,LOW_CONVICTION,1.757313,MID,20.16,False,0.0,0.0,0.00,0.00
1688387760.0,CHOP,NO_GO,HOLD,13.33,NORMAL,PRO,DEFENSIVE,1.0,0.50,Aegean:FLAT(0.50)|Orion:LONG(0.20),Regime: CHOP (Reduced Weights). Score: 0.13. Low Conviction (<0.35).,LOW_CONVICTION,2.269502,TOP,19.05,False,0.0,0.0,0.00,0.00
1688387820.0,CHOP,NO_GO,HOLD,13.33,NORMAL,PRO,DEFENSIVE,1.0,0.50,Aegean:FLAT(0.50)|Orion:LONG(0.20),Regime: CHOP (Reduced Weights). Score: 0.13. Low Conviction (<0.35).,LOW_CONVICTION,1.870416,TOP,18.10,False,0.0,0.0,0.00,0.00
1688387880.0,CHOP,NO_GO,HOLD,13.33,NORMAL,PRO,DEFENSIVE,1.0,0.50,Aegean:FLAT(0.50)|Orion:LONG(0.20),Regime: CHOP (Reduced Weights). Score: 0.13. Low Conviction (<0.35).,LOW_CONVICTION,1.856183,TOP,17.22,False,0.0,0.0,0.00,0.00
1688387940.0,CHOP,NO_GO,HOLD,13.33,NORMAL,PRO,DEFENSIVE,1.0,0.50,Aegean:FLAT(0.50)|Orion:LONG(0.20),Regime: CHOP (Reduced Weights). Score: 0.13. Low Conviction (<0.35).,LOW_CONVICTION,2.197756,TOP,17.05,False,0.0,0.0,0.00,0.00
1688388000.0,CHOP,NO_GO,HOLD,13.33,NORMAL,PRO,DEFENSIVE,1.0,0.50,Aegean:FLAT(0.50)|Orion:LONG(0.20),Regime: CHOP (Reduced Weights). Score: 0.13. Low Conviction (<0.35).,LOW_CONVICTION,2.654518,TOP,17.21,False,0.0,0.0,0.00,0.00
1688388060.0,CHOP,NO_GO,HOLD,13.33,NORMAL,PRO,DEFENSIVE,1.0,0.50,Aegean:FLAT(0.50)|Orion:LONG(0.20),Regime: CHOP (Reduced Weights). Score: 0.13. Low Conviction (<0.35).,LOW_CONVICTION,1.599574,TOP,17.35,False,0.0,0.0,0.00,0.00
1688388120.0,CHOP,NO_GO,HOLD,13.33,NORMAL,PRO,DEFENSIVE,1.0,0.50,Aegean:FLAT(0.50)|Orion:LONG(0.20),Regime: CHOP (Reduced Weights). Score: 0.13. Low Conviction (<0.35).,LOW_CONVICTION,1.935324,TOP,17.25,False,0.0,0.0,0.00,0.00
1688388180.0,CHOP,NO_GO,HOLD,13.33,NORMAL,PRO,DEFENSIVE,1.0,0.50,Aegean:FLAT(0.50)|Orion:LONG(0.20),Regime: CHOP (Reduced Weights). Score: 0.13. Low Conviction (<0.35).,LOW_CONVICTION,1.785293,TOP,17.29,False,0.0,0.0,0.00,0.00
1688388240.0,CHOP,NO_GO,HOLD,13.33,NORMAL,PRO,DEFENSIVE,1.0,0.50,Aegean:FLAT(0.50)|Orion:LONG(0.20),Regime: CHOP (Reduced Weights). Score: 0.13. Low Conviction (<0.35).,LOW_CONVICTION,1.218689,TOP,16.88,False,0.0,0.0,0.00,0.00
1688388300.0,CHOP,NO_GO,HOLD,13.33,NORMAL,PRO,DEFENSIVE,1.0,0.50,Aegean:FLAT(0.50)|Orion:LONG(0.20),Regime: CHOP (Reduced Weights). Score: 0.13. Low Conviction (<0.35).,LOW_CONVICTION,1.501791,TOP,16.48,False,0.0,0.0,0.00,0.00
1688388360.0,CHOP,NO_GO,HOLD,13.33,NORMAL,PRO,DEFENSIVE,1.0,0.50,Aegean:FLAT(0.50)|Orion:LONG(0.20),Regime: CHOP (Reduced Weights). Score: 0.13. Low Conviction (<0.35).,LOW_CONVICTION,1.990422,TOP,16.69,False,0.0,0.0,0.00,0.00
1688388420.0,CHOP,NO_GO,HOLD,13.33,NORMAL,PRO,DEFENSIVE,1.0,0.50,Aegean:FLAT(0.50)|Orion:LONG(0.20),Regime: CHOP (Reduced Weights). Score: 0.13. Low Conviction (<0.35).,LOW_CONVICTION,0.910423,TOP,16.51,False,0.0,0.0,0.00,0.00
1688388480.0,CHOP,NO_GO,HOLD,13.33,NORMAL,PRO,DEFENSIVE,1.0,0.50,Aegean:FLAT(0.50)|Orion:LONG(0.20),Regime: CHOP (Reduced Weights). Score: 0.13. Low Conviction (<0.35).,LOW_CONVICTION,1.159237,TOP,16.36,False,0.0,0.0,0.00,0.00
1688388540.0,CHOP,NO_GO,HOLD,13.33,NORMAL,PRO,DEFENSIVE,1.0,0.50,Aegean:FLAT(0.50)|Orion:LONG(0.20),Regime: CHOP (Reduced Weights). Score: 0.13. Low Conviction (<0.35).,LOW_CONVICTION,0.136844,MID,15.28,False,0.0,0.0,0.00,0.00
1688388600.0,CHOP,NO_GO,HOLD,13.33,NORMAL,PRO,DEFENSIVE,1.0,0.50,Aegean:FLAT(0.50)|Orion:LONG(0.20),Regime: CHOP (Reduced Weights). Score: 0.13. Low Conviction (<0.35).,LOW_CONVICTION,-0.632357,MID,14.84,False,0.0,0.0,0.00,0.00
1688388660.0,CHOP,NO_GO,HOLD,13.33,NORMAL,PRO,DEFENSIVE,1.0,0.50,Aegean:FLAT(0.50)|Orion:LONG(0.20),Regime: CHOP (Reduced Weights). Score: 0.13. Low Conviction (<0.35).,LOW_CONVICTION,0.261088,MID,14.93,False,0.0,0.0,0.00,0.00
1688388720.0,CHOP,NO_GO,HOLD,13.33,NORMAL,PRO,DEFENSIVE,1.0,0.50,Aegean:FLAT(0.50)|Orion:LONG(0.20),Regime: CHOP (Reduced Weights). Score: 0.13. Low Conviction (<0.35).,LOW_CONVICTION,0.501460,MID,14.55,False,0.0,0.0,0.00,0.00
1688388780.0,CHOP,NO_GO,HOLD,13.33,NORMAL,PRO,DEFENSIVE,1.0,0.50,Aegean:FLAT(0.50)|Orion:LONG(0.20),Regime: CHOP (Reduced Weights). Score: 0.13. Low Conviction (<0.35).,LOW_CONVICTION,-0.102008,MID,14.46,False,0.0,0.0,0.00,0.00
1688388840.0,CHOP,NO_GO,HOLD,13.33,NORMAL,PRO,DEFENSIVE,1.0,0.50,Aegean:FLAT(0.50)|Orion:LONG(0.20),Regime: CHOP (Reduced Weights). Score: 0.13. Low Conviction (<0.35).,LOW_CONVICTION,0.672886,MID,13.73,False,0.0,0.0,0.00,0.00
1688388900.0,CHOP,NO_GO,HOLD,13.33,NORMAL,PRO,DEFENSIVE,1.0,0.50,Aegean:FLAT(0.50)|Orion:LONG(0.20),Regime: CHOP (Reduced Weights). Score: 0.13. Low Conviction (<0.35).,LOW_CONVICTION,0.641131,MID,12.99,False,0.0,0.0,0.00,0.00
1688388960.0,CHOP,NO_GO,HOLD,13.33,NORMAL,PRO,DEFENSIVE,1.0,0.50,Aegean:FLAT(0.50)|Orion:LONG(0.20),Regime: CHOP (Reduced Weights). Score: 0.13. Low Conviction (<0.35).,LOW_CONVICTION,0.422066,MID,12.81,False,0.0,0.0,0.00,0.00
1688389020.0,CHOP,NO_GO,HOLD,13.33,NORMAL,PRO,DEFENSIVE,1.0,0.50,Aegean:FLAT(0.50)|Orion:LONG(0.20),Regime: CHOP (Reduced Weights). Score: 0.13. Low Conviction (<0.35).,LOW_CONVICTION,0.856654,MID,11.99,False,0.0,0.0,0.00,0.00
1688389080.0,CHOP,NO_GO,HOLD,13.33,NORMAL,PRO,DEFENSIVE,1.0,0.50,Aegean:FLAT(0.50)|Orion:LONG(0.20),Regime: CHOP (Reduced Weights). Score: 0.13. Low Conviction (<0.35).,LOW_CONVICTION,2.090081,TOP,12.34,False,0.0,0.0,0.00,0.00
1688389140.0,CHOP,NO_GO,HOLD,13.33,NORMAL,PRO,DEFENSIVE,1.0,0.50,Aegean:FLAT(0.50)|Orion:LONG(0.20),Regime: CHOP (Reduced Weights). Score: 0.13. Low Conviction (<0.35).,LOW_CONVICTION,2.160832,TOP,13.20,False,0.0,0.0,0.00,0.00
1688389200.0,CHOP,NO_GO,HOLD,13.33,NORMAL,PRO,DEFENSIVE,1.0,0.50,Aegean:FLAT(0.50)|Orion:LONG(0.20),Regime: CHOP (Reduced Weights). Score: 0.13. Low Conviction (<0.35).,LOW_CONVICTION,2.833699,TOP,14.40,False,0.0,0.0,0.00,0.00
1688389260.0,CHOP,NO_GO,HOLD,13.33,NORMAL,PRO,DEFENSIVE,1.0,0.50,Aegean:FLAT(0.30)|Orion:LONG(0.20),Regime: CHOP (Reduced Weights). Score: 0.13. Low Conviction (<0.35).,LOW_CONVICTION,3.406341,TOP,16.15,False,0.0,0.0,0.00,0.00
1688389320.0,CHOP,NO_GO,HOLD,13.33,NORMAL,PRO,DEFENSIVE,1.0,0.50,Aegean:FLAT(0.50)|Orion:LONG(0.20),Regime: CHOP (Reduced Weights). Score: 0.13. Low Conviction (<0.35).,LOW_CONVICTION,3.004635,TOP,18.01,False,0.0,0.0,0.00,0.00
1688389380.0,CHOP,NO_GO,HOLD,13.33,NORMAL,PRO,DEFENSIVE,1.0,0.50,Aegean:FLAT(0.50)|Orion:LONG(0.20),Regime: CHOP (Reduced Weights). Score: 0.13. Low Conviction (<0.35).,LOW_CONVICTION,1.737467,MID,18.88,False,0.0,0.0,0.00,0.00
1688389440.0,CHOP,NO_GO,HOLD,13.33,NORMAL,PRO,DEFENSIVE,1.0,0.50,Aegean:FLAT(0.50)|Orion:LONG(0.20),Regime: CHOP (Reduced Weights). Score: 0.13. Low Conviction (<0.35).,LOW_CONVICTION,2.034897,TOP,19.66,False,0.0,0.0,0.00,0.00
1688389500.0,TREND,NO_GO,HOLD,13.33,NORMAL,PRO,DEFENSIVE,1.0,0.50,Aegean:FLAT(0.50)|Orion:LONG(0.20),Regime: TREND (Orion 2x). Score: 0.13. Low Conviction (<0.35).,LOW_CONVICTION,1.289072,MID,20.21,False,0.0,0.0,0.00,0.00
1688389560.0,TREND,NO_GO,HOLD,13.33,NORMAL,PRO,DEFENSIVE,1.0,0.50,Aegean:FLAT(0.50)|Orion:LONG(0.20),Regime: TREND (Orion 2x). Score: 0.13. Low Conviction (<0.35).,LOW_CONVICTION,0.694907,MID,19.98,False,0.0,0.0,0.00,0.00
1688389620.0,CHOP,NO_GO,HOLD,13.33,NORMAL,PRO,DEFENSIVE,1.0,0.50,Aegean:FLAT(0.50)|Orion:LONG(0.20),Regime: CHOP (Reduced Weights). Score: 0.13. Low Conviction (<0.35).,LOW_CONVICTION,0.085768,MID,18.57,False,0.0,0.0,0.00,0.00
1688389680.0,TREND,NO_GO,HOLD,13.33,NORMAL,PRO,DEFENSIVE,1.0,0.50,Aegean:FLAT(0.50)|Orion:LONG(0.20),Regime: TREND (Orion 2x). Score: 0.13. Low Conviction (<0.35).,LOW_CONVICTION,0.458552,MID,17.28,False,0.0,0.0,0.00,0.00
1688389740.0,CHOP,NO_GO,HOLD,13.33,NORMAL,PRO,DEFENSIVE,1.0,0.50,Aegean:FLAT(0.50)|Orion:LONG(0.20),Regime: CHOP (Reduced Weights). Score: 0.13. Low Conviction (<0.35).,LOW_CONVICTION,0.043042,MID,16.08,False,0.0,0.0,0.00,0.00
1688389800.0,CHOP,NO_GO,HOLD,13.33,NORMAL,PRO,DEFENSIVE,1.0,0.50,Aegean:FLAT(0.50)|Orion:LONG(0.20),Regime: CHOP (Reduced Weights). Score: 0.13. Low Conviction (<0.35).,LOW_CONVICTION,-0.015013,MID,15.32,False,0.0,0.0,0.00,0.00
1688389860.0,CHOP,NO_GO,HOLD,13.33,NORMAL,PRO,DEFENSIVE,1.0,0.50,Aegean:FLAT(0.50)|Orion:LONG(0.20),Regime: CHOP (Reduced Weights). Score: 0.13. Low Conviction (<0.35).,LOW_CONVICTION,0.554202,MID,14.53,False,0.0,0.0,0.00,0.00
1688389920.0,CHOP,NO_GO,HOLD,13.33,NORMAL,PRO,DEFENSIVE,1.0,0.50,Aegean:FLAT(0.50)|Orion:LONG(0.20),Regime: CHOP (Reduced Weights). Score: 0.13. Low Conviction (<0.35).,LOW_CONVICTION,0.147846,MID,13.79,False,0.0,0.0,0.00,0.00
1688389980.0,CHOP,NO_GO,HOLD,13.33,NORMAL,PRO,DEFENSIVE,1.0,0.50,Aegean:FLAT(0.50)|Orion:LONG(0.20),Regime: CHOP (Reduced Weights). Score: 0.13. Low Conviction (<0.35).,LOW_CONVICTION,0.100754,MID,13.11,False,0.0,0.0,0.00,0.00
1688390040.0,CHOP,NO_GO,HOLD,13.33,NORMAL,PRO,DEFENSIVE,1.0,0.50,Aegean:FLAT(0.50)|Orion:LONG(0.20),Regime: CHOP (Reduced Weights). Score: 0.13. Low Conviction (<0.35).,LOW_CONVICTION,-0.036338,MID,12.32,False,0.0,0.0,0.00,0.00
1688390100.0,CHOP,NO_GO,HOLD,13.33,NORMAL,PRO,DEFENSIVE,1.0,0.50,Aegean:FLAT(0.50)|Orion:LONG(0.20),Regime: CHOP (Reduced Weights). Score: 0.13. Low Conviction (<0.35).,LOW_CONVICTION,-1.153322,MID,12.79,False,0.0,0.0,0.00,0.00
1688390160.0,CHOP,NO_GO,HOLD,13.33,NORMAL,PRO,DEFENSIVE,1.0,0.50,Aegean:FLAT(0.50)|Orion:LONG(0.20),Regime: CHOP (Reduced Weights). Score: 0.13. Low Conviction (<0.35).,LOW_CONVICTION,-0.748690,MID,13.23,False,0.0,0.0,0.00,0.00
1688390220.0,CHOP,NO_GO,HOLD,13.33,NORMAL,PRO,DEFENSIVE,1.0,0.50,Aegean:FLAT(0.50)|Orion:LONG(0.20),Regime: CHOP (Reduced Weights). Score: 0.13. Low Conviction (<0.35).,LOW_CONVICTION,-0.046532,MID,12.61,False,0.0,0.0,0.00,0.00
1688390280.0,CHOP,NO_GO,HOLD,13.33,NORMAL,PRO,DEFENSIVE,1.0,0.50,Aegean:FLAT(0.50)|Orion:SHORT(0.20),Regime: CHOP (Reduced Weights). Score: -0.13. Low Conviction (<0.35).,LOW_CONVICTION,-1.162500,DIP,12.62,False,0.0,0.0,0.00,0.00
1688390340.0,CHOP,NO_GO,HOLD,13.33,NORMAL,PRO,DEFENSIVE,1.0,0.50,Aegean:FLAT(0.50)|Orion:SHORT(0.20),Regime: CHOP (Reduced Weights). Score: -0.13. Low Conviction (<0.35).,LOW_CONVICTION,-1.132076,DIP,12.73,False,0.0,0.0,0.00,0.00
1688390400.0,CHOP,NO_GO,HOLD,13.33,NORMAL,PRO,DEFENSIVE,1.0,0.50,Aegean:FLAT(0.50)|Orion:SHORT(0.20),Regime: CHOP (Reduced Weights). Score: -0.13. Low Conviction (<0.35).,LOW_CONVICTION,-1.036075,DIP,13.11,False,0.0,0.0,0.00,0.00
1688390460.0,CHOP,NO_GO,HOLD,13.33,NORMAL,PRO,DEFENSIVE,1.0,0.50,Aegean:FLAT(0.50)|Orion:LONG(0.20),Regime: CHOP (Reduced Weights). Score: 0.13. Low Conviction (<0.35).,LOW_CONVICTION,-0.475523,MID,12.73,False,0.0,0.0,0.00,0.00
1688390520.0,CHOP,NO_GO,HOLD,13.33,NORMAL,PRO,DEFENSIVE,1.0,0.50,Aegean:FLAT(0.50)|Orion:LONG(0.20),Regime: CHOP (Reduced Weights). Score: 0.13. Low Conviction (<0.35).,LOW_CONVICTION,-0.109022,MID,11.89,False,0.0,0.0,0.00,0.00
1688390580.0,CHOP,NO_GO,HOLD,13.33,NORMAL,PRO,DEFENSIVE,1.0,0.50,Aegean:FLAT(0.50)|Orion:LONG(0.20),Regime: CHOP (Reduced Weights). Score: 0.13. Low Conviction (<0.35).,LOW_CONVICTION,-0.122208,MID,11.45,False,0.0,0.0,0.00,0.00
1688390640.0,CHOP,NO_GO,HOLD,13.33,NORMAL,PRO,DEFENSIVE,1.0,0.50,Aegean:FLAT(0.50)|Orion:SHORT(0.20),Regime: CHOP (Reduced Weights). Score: -0.13. Low Conviction (<0.35).,LOW_CONVICTION,-0.368866,MID,11.00,False,0.0,0.0,0.00,0.00
1688390700.0,CHOP,NO_GO,HOLD,13.33,NORMAL,PRO,DEFENSIVE,1.0,0.50,Aegean:FLAT(0.50)|Orion:SHORT(0.20),Regime: CHOP (Reduced Weights). Score: -0.13. Low Conviction (<0.35).,LOW_CONVICTION,-0.859194,DIP,11.76,False,0.0,0.0,0.00,0.00
1688390760.0,CHOP,NO_GO,HOLD,13.33,NORMAL,PRO,DEFENSIVE,1.0,0.50,Aegean:FLAT(0.50)|Orion:SHORT(0.20),Regime: CHOP (Reduced Weights). Score: -0.13. Low Conviction (<0.35).,LOW_CONVICTION,-1.430222,DIP,12.79,False,0.0,0.0,0.00,0.00
1688390820.0,CHOP,NO_GO,HOLD,13.33,NORMAL,PRO,DEFENSIVE,1.0,0.50,Aegean:FLAT(0.50)|Orion:SHORT(0.20),Regime: CHOP (Reduced Weights). Score: -0.13. Low Conviction (<0.35).,LOW_CONVICTION,-0.117225,MID,12.85,False,0.0,0.0,0.00,0.00
1688390880.0,CHOP,NO_GO,HOLD,13.33,NORMAL,PRO,DEFENSIVE,1.0,0.50,Aegean:FLAT(0.50)|Orion:SHORT(0.20),Regime: CHOP (Reduced Weights). Score: -0.13. Low Conviction (<0.35).,LOW_CONVICTION,-0.591577,MID,12.52,False,0.0,0.0,0.00,0.00
1688390940.0,CHOP,NO_GO,HOLD,13.33,NORMAL,PRO,DEFENSIVE,1.0,0.50,Aegean:FLAT(0.50)|Orion:SHORT(0.20),Regime: CHOP (Reduced Weights). Score: -0.13. Low Conviction (<0.35).,LOW_CONVICTION,-0.917027,MID,13.13,False,0.0,0.0,0.00,0.00
1688391000.0,CHOP,NO_GO,HOLD,13.33,NORMAL,PRO,DEFENSIVE,1.0,0.50,Aegean:FLAT(0.50)|Orion:SHORT(0.20),Regime: CHOP (Reduced Weights). Score: -0.13. Low Conviction (<0.35).,LOW_CONVICTION,-1.410045,DIP,14.24,False,0.0,0.0,0.00,0.00
1688391060.0,CHOP,NO_GO,HOLD,13.33,NORMAL,PRO,DEFENSIVE,1.0,0.50,Aegean:FLAT(0.50)|Orion:SHORT(0.20),Regime: CHOP (Reduced Weights). Score: -0.13. Low Conviction (<0.35).,LOW_CONVICTION,0.016768,MID,14.24,False,0.0,0.0,0.00,0.00
1688391120.0,CHOP,NO_GO,HOLD,13.33,NORMAL,PRO,DEFENSIVE,1.0,0.50,Aegean:FLAT(0.50)|Orion:SHORT(0.20),Regime: CHOP (Reduced Weights). Score: -0.13. Low Conviction (<0.35).,LOW_CONVICTION,-1.870547,DIP,14.15,False,0.0,0.0,0.00,0.00
1688391180.0,CHOP,NO_GO,HOLD,13.33,NORMAL,PRO,DEFENSIVE,1.0,0.50,Aegean:FLAT(0.50)|Orion:SHORT(0.20),Regime: CHOP (Reduced Weights). Score: -0.13. Low Conviction (<0.35).,LOW_CONVICTION,-1.658229,DIP,14.06,False,0.0,0.0,0.00,0.00
1688391240.0,CHOP,NO_GO,HOLD,13.33,NORMAL,PRO,DEFENSIVE,1.0,0.50,Aegean:FLAT(0.50)|Orion:SHORT(0.20),Regime: CHOP (Reduced Weights). Score: -0.13. Low Conviction (<0.35).,LOW_CONVICTION,-0.273616,MID,13.58,False,0.0,0.0,0.00,0.00
1688391300.0,CHOP,NO_GO,HOLD,13.33,NORMAL,PRO,DEFENSIVE,1.0,0.50,Aegean:FLAT(0.50)|Orion:SHORT(0.20),Regime: CHOP (Reduced Weights). Score: -0.13. Low Conviction (<0.35).,LOW_CONVICTION,0.619721,MID,13.96,False,0.0,0.0,0.00,0.00
1688391360.0,CHOP,NO_GO,HOLD,13.33,NORMAL,PRO,DEFENSIVE,1.0,0.50,Aegean:FLAT(0.50)|Orion:SHORT(0.20),Regime: CHOP (Reduced Weights). Score: -0.13. Low Conviction (<0.35).,LOW_CONVICTION,-0.323492,MID,14.23,False,0.0,0.0,0.00,0.00
1688391420.0,CHOP,NO_GO,HOLD,13.33,NORMAL,PRO,DEFENSIVE,1.0,0.50,Aegean:FLAT(0.50)|Orion:SHORT(0.20),Regime: CHOP (Reduced Weights). Score: -0.13. Low Conviction (<0.35).,LOW_CONVICTION,-0.685521,MID,13.33,False,0.0,0.0,0.00,0.00
1688391480.0,CHOP,NO_GO,HOLD,13.33,NORMAL,PRO,DEFENSIVE,1.0,0.50,Aegean:FLAT(0.50)|Orion:SHORT(0.20),Regime: CHOP (Reduced Weights). Score: -0.13. Low Conviction (<0.35).,LOW_CONVICTION,-0.926141,MID,12.69,False,0.0,0.0,0.00,0.00
1688391540.0,CHOP,NO_GO,HOLD,13.33,NORMAL,PRO,DEFENSIVE,1.0,0.50,Aegean:FLAT(0.50)|Orion:SHORT(0.20),Regime: CHOP (Reduced Weights). Score: -0.13. Low Conviction (<0.35).,LOW_CONVICTION,-0.302842,MID,11.85,False,0.0,0.0,0.00,0.00
1688391600.0,CHOP,NO_GO,HOLD,13.33,NORMAL,PRO,DEFENSIVE,1.0,0.50,Aegean:FLAT(0.50)|Orion:LONG(0.20),Regime: CHOP (Reduced Weights). Score: 0.13. Low Conviction (<0.35).,LOW_CONVICTION,0.871295,TOP,12.26,False,0.0,0.0,0.00,0.00
1688391660.0,CHOP,NO_GO,HOLD,13.33,NORMAL,PRO,DEFENSIVE,1.0,0.50,Aegean:FLAT(0.50)|Orion:LONG(0.20),Regime: CHOP (Reduced Weights). Score: 0.13. Low Conviction (<0.35).,LOW_CONVICTION,0.755374,TOP,12.64,False,0.0,0.0,0.00,0.00
1688391720.0,CHOP,NO_GO,HOLD,13.33,NORMAL,PRO,DEFENSIVE,1.0,0.50,Aegean:FLAT(0.50)|Orion:LONG(0.20),Regime: CHOP (Reduced Weights). Score: 0.13. Low Conviction (<0.35).,LOW_CONVICTION,1.022649,TOP,13.27,False,0.0,0.0,0.00,0.00
1688391780.0,CHOP,NO_GO,HOLD,13.33,NORMAL,PRO,DEFENSIVE,1.0,0.50,Aegean:FLAT(0.50)|Orion:LONG(0.20),Regime: CHOP (Reduced Weights). Score: 0.13. Low Conviction (<0.35).,LOW_CONVICTION,0.804678,TOP,14.18,False,0.0,0.0,0.00,0.00
1688391840.0,CHOP,NO_GO,HOLD,13.33,NORMAL,PRO,DEFENSIVE,1.0,0.50,Aegean:FLAT(0.50)|Orion:LONG(0.20),Regime: CHOP (Reduced Weights). Score: 0.13. Low Conviction (<0.35).,LOW_CONVICTION,1.282333,TOP,15.13,False,0.0,0.0,0.00,0.00
1688391900.0,CHOP,NO_GO,HOLD,13.33,NORMAL,PRO,DEFENSIVE,1.0,0.50,Aegean:FLAT(0.50)|Orion:LONG(0.20),Regime: CHOP (Reduced Weights). Score: 0.13. Low Conviction (<0.35).,LOW_CONVICTION,2.502656,TOP,17.06,False,0.0,0.0,0.00,0.00
1688391960.0,CHOP,NO_GO,HOLD,13.33,NORMAL,PRO,DEFENSIVE,1.0,0.50,Aegean:FLAT(0.30)|Orion:LONG(0.20),Regime: CHOP (Reduced Weights). Score: 0.13. Low Conviction (<0.35).,LOW_CONVICTION,4.069315,TOP,20.10,False,0.0,0.0,0.00,0.00
1688392020.0,TREND,NO_GO,HOLD,13.33,NORMAL,PRO,DEFENSIVE,1.0,0.50,Aegean:FLAT(0.30)|Orion:LONG(0.20),Regime: TREND (Orion 2x). Score: 0.13. Low Conviction (<0.35).,LOW_CONVICTION,4.062647,TOP,23.12,False,0.0,0.0,0.00,0.00
1688392080.0,TREND,NO_GO,HOLD,33.15,NORMAL,PRO,DEFENSIVE,1.0,0.50,Aegean:LONG(0.70)|Orion:LONG(0.15),Regime: TREND (Orion 2x). Score: 0.33. Low Conviction (<0.35).,LOW_CONVICTION,3.260307,MID,25.89,True,0.0,0.0,0.00,0.00
1688392140.0,TREND,NO_GO,HOLD,11.89,NORMAL,PRO,DEFENSIVE,1.0,0.50,Aegean:FLAT(0.50)|Orion:LONG(0.18),Regime: TREND (Orion 2x). Score: 0.12. Low Conviction (<0.35).,LOW_CONVICTION,3.053513,MID,27.13,True,0.0,0.0,0.00,0.00
1688392200.0,TREND,NO_GO,HOLD,14.14,NORMAL,PRO,DEFENSIVE,1.0,0.50,Aegean:FLAT(0.30)|Orion:LONG(0.21),Regime: TREND (Orion 2x). Score: 0.14. Low Conviction (<0.35).,LOW_CONVICTION,3.221871,TOP,28.49,True,0.0,0.0,0.00,0.00
1688392260.0,TREND,NO_GO,HOLD,13.76,NORMAL,PRO,DEFENSIVE,1.0,0.50,Aegean:FLAT(0.50)|Orion:LONG(0.21),Regime: TREND (Orion 2x). Score: 0.14. Low Conviction (<0.35).,LOW_CONVICTION,1.150746,MID,28.25,True,0.0,0.0,0.00,0.00
1688392320.0,TREND,NO_GO,HOLD,11.48,NORMAL,PRO,DEFENSIVE,1.0,0.50,Aegean:FLAT(0.50)|Orion:LONG(0.17),Regime: TREND (Orion 2x). Score: 0.11. Low Conviction (<0.35).,LOW_CONVICTION,0.524961,MID,26.89,True,0.0,0.0,0.00,0.00
1688392380.0,TREND,NO_GO,HOLD,9.43,NORMAL,PRO,DEFENSIVE,1.0,0.50,Aegean:FLAT(0.50)|Orion:SHORT(0.14),Regime: TREND (Orion 2x). Score: -0.09. Low Conviction (<0.35).,LOW_CONVICTION,-1.573052,MID,25.66,True,0.0,0.0,0.00,0.00
1688392440.0,TREND,NO_GO,HOLD,13.33,NORMAL,PRO,DEFENSIVE,1.0,0.50,Aegean:FLAT(0.50)|Orion:LONG(0.20),Regime: TREND (Orion 2x). Score: 0.13. Low Conviction (<0.35).,LOW_CONVICTION,-0.678052,MID,24.49,False,0.0,0.0,0.00,0.00
1688392500.0,TREND,NO_GO,HOLD,13.33,NORMAL,PRO,DEFENSIVE,1.0,0.50,Aegean:FLAT(0.50)|Orion:SHORT(0.20),Regime: TREND (Orion 2x). Score: -0.13. Low Conviction (<0.35).,LOW_CONVICTION,-1.670784,MID,24.33,False,0.0,0.0,0.00,0.00
1688392560.0,TREND,NO_GO,HOLD,13.33,NORMAL,PRO,DEFENSIVE,1.0,0.50,Aegean:FLAT(0.50)|Orion:LONG(0.20),Regime: TREND (Orion 2x). Score: 0.13. Low Conviction (<0.35).,LOW_CONVICTION,-0.848250,MID,24.12,False,0.0,0.0,0.00,0.00
1688392620.0,TREND,NO_GO,HOLD,13.33,NORMAL,PRO,DEFENSIVE,1.0,0.50,Aegean:FLAT(0.50)|Orion:LONG(0.20),Regime: TREND (Orion 2x). Score: 0.13. Low Conviction (<0.35).,LOW_CONVICTION,-0.509840,MID,22.96,False,0.0,0.0,0.00,0.00
1688392680.0,TREND,NO_GO,HOLD,13.33,NORMAL,PRO,DEFENSIVE,1.0,0.50,Aegean:FLAT(0.50)|Orion:SHORT(0.20),Regime: TREND (Orion 2x). Score: -0.13. Low Conviction (<0.35).,LOW_CONVICTION,-0.992320,MID,22.15,False,0.0,0.0,0.00,0.00
1688392740.0,TREND,NO_GO,HOLD,13.33,NORMAL,PRO,DEFENSIVE,1.0,0.50,Aegean:FLAT(0.50)|Orion:LONG(0.20),Regime: TREND (Orion 2x). Score: 0.13. Low Conviction (<0.35).,LOW_CONVICTION,0.135144,MID,21.13,False,0.0,0.0,0.00,0.00
1688392800.0,TREND,NO_GO,HOLD,13.33,NORMAL,PRO,DEFENSIVE,1.0,0.50,Aegean:FLAT(0.50)|Orion:LONG(0.20),Regime: TREND (Orion 2x). Score: 0.13. Low Conviction (<0.35).,LOW_CONVICTION,2.059428,MID,20.49,False,0.0,0.0,0.00,0.00
1688392860.0,TREND,NO_GO,HOLD,13.33,NORMAL,PRO,DEFENSIVE,1.0,0.50,Aegean:FLAT(0.50)|Orion:LONG(0.20),Regime: TREND (Orion 2x). Score: 0.13. Low Conviction (<0.35).,LOW_CONVICTION,0.806321,MID,20.34,False,0.0,0.0,0.00,0.00
1688392920.0,CHOP,NO_GO,HOLD,13.33,NORMAL,PRO,DEFENSIVE,1.0,0.50,Aegean:FLAT(0.50)|Orion:LONG(0.20),Regime: CHOP (Reduced Weights). Score: 0.13. Low Conviction (<0.35).,LOW_CONVICTION,2.157782,MID,20.20,False,0.0,0.0,0.00,0.00
1688392980.0,CHOP,NO_GO,HOLD,13.33,NORMAL,PRO,DEFENSIVE,1.0,0.50,Aegean:FLAT(0.50)|Orion:LONG(0.20),Regime: CHOP (Reduced Weights). Score: 0.13. Low Conviction (<0.35).,LOW_CONVICTION,2.598285,MID,20.57,False,0.0,0.0,0.00,0.00
1688393040.0,CHOP,NO_GO,HOLD,13.33,NORMAL,PRO,DEFENSIVE,1.0,0.50,Aegean:FLAT(0.50)|Orion:LONG(0.20),Regime: CHOP (Reduced Weights). Score: 0.13. Low Conviction (<0.35).,LOW_CONVICTION,2.361186,MID,20.88,False,0.0,0.0,0.00,0.00
1688393100.0,CHOP,NO_GO,HOLD,13.33,NORMAL,PRO,DEFENSIVE,1.0,0.50,Aegean:FLAT(0.50)|Orion:LONG(0.20),Regime: CHOP (Reduced Weights). Score: 0.13. Low Conviction (<0.35).,LOW_CONVICTION,1.523172,MID,20.57,False,0.0,0.0,0.00,0.00
1688393160.0,CHOP,NO_GO,HOLD,13.33,NORMAL,PRO,DEFENSIVE,1.0,0.50,Aegean:FLAT(0.50)|Orion:LONG(0.20),Regime: CHOP (Reduced Weights). Score: 0.13. Low Conviction (<0.35).,LOW_CONVICTION,2.172338,TOP,20.31,False,0.0,0.0,0.00,0.00
1688393220.0,CHOP,NO_GO,HOLD,13.33,NORMAL,PRO,DEFENSIVE,1.0,0.50,Aegean:FLAT(0.50)|Orion:LONG(0.20),Regime: CHOP (Reduced Weights). Score: 0.13. Low Conviction (<0.35).,LOW_CONVICTION,2.454661,TOP,20.62,False,0.0,0.0,0.00,0.00
1688393280.0,TREND,NO_GO,HOLD,13.33,NORMAL,PRO,DEFENSIVE,1.0,0.50,Aegean:FLAT(0.50)|Orion:LONG(0.20),Regime: TREND (Orion 2x). Score: 0.13. Low Conviction (<0.35).,LOW_CONVICTION,2.800325,TOP,21.53,False,0.0,0.0,0.00,0.00
1688393340.0,TREND,NO_GO,HOLD,13.33,NORMAL,PRO,DEFENSIVE,1.0,0.50,Aegean:FLAT(0.50)|Orion:LONG(0.20),Regime: TREND (Orion 2x). Score: 0.13. Low Conviction (<0.35).,LOW_CONVICTION,2.431670,TOP,22.39,False,0.0,0.0,0.00,0.00
1688393400.0,TREND,NO_GO,HOLD,13.33,NORMAL,PRO,DEFENSIVE,1.0,0.50,Aegean:FLAT(0.50)|Orion:LONG(0.20),Regime: TREND (Orion 2x). Score: 0.13. Low Conviction (<0.35).,LOW_CONVICTION,2.938654,TOP,23.63,False,0.0,0.0,0.00,0.00
1688393460.0,TREND,NO_GO,HOLD,13.33,NORMAL,PRO,DEFENSIVE,1.0,0.50,Aegean:FLAT(0.50)|Orion:LONG(0.20),Regime: TREND (Orion 2x). Score: 0.13. Low Conviction (<0.35).,LOW_CONVICTION,2.276087,TOP,24.70,False,0.0,0.0,0.00,0.00
1688393520.0,TREND,NO_GO,HOLD,13.33,NORMAL,PRO,DEFENSIVE,1.0,0.50,Aegean:FLAT(0.50)|Orion:LONG(0.20),Regime: TREND (Orion 2x). Score: 0.13. Low Conviction (<0.35).,LOW_CONVICTION,-0.233111,MID,23.41,False,0.0,0.0,0.00,0.00
1688393580.0,TREND,NO_GO,HOLD,13.33,NORMAL,PRO,DEFENSIVE,1.0,0.50,Aegean:FLAT(0.50)|Orion:LONG(0.20),Regime: TREND (Orion 2x). Score: 0.13. Low Conviction (<0.35).,LOW_CONVICTION,0.261484,MID,22.16,False,0.0,0.0,0.00,0.00
1688393640.0,TREND,NO_GO,HOLD,13.33,NORMAL,PRO,DEFENSIVE,1.0,0.50,Aegean:FLAT(0.50)|Orion:LONG(0.20),Regime: TREND (Orion 2x). Score: 0.13. Low Conviction (<0.35).,LOW_CONVICTION,0.687704,MID,21.36,False,0.0,0.0,0.00,0.00
1688393700.0,TREND,NO_GO,HOLD,13.33,NORMAL,PRO,DEFENSIVE,1.0,0.50,Aegean:FLAT(0.50)|Orion:LONG(0.20),Regime: TREND (Orion 2x). Score: 0.13. Low Conviction (<0.35).,LOW_CONVICTION,-0.455370,MID,20.30,False,0.0,0.0,0.00,0.00
1688393760.0,CHOP,NO_GO,HOLD,13.33,NORMAL,PRO,DEFENSIVE,1.0,0.50,Aegean:FLAT(0.50)|Orion:LONG(0.20),Regime: CHOP (Reduced Weights). Score: 0.13. Low Conviction (<0.35).,LOW_CONVICTION,0.160158,MID,19.31,False,0.0,0.0,0.00,0.00
1688393820.0,CHOP,NO_GO,HOLD,13.33,NORMAL,PRO,DEFENSIVE,1.0,0.50,Aegean:FLAT(0.50)|Orion:LONG(0.20),Regime: CHOP (Reduced Weights). Score: 0.13. Low Conviction (<0.35).,LOW_CONVICTION,2.069986,TOP,19.85,False,0.0,0.0,0.00,0.00
1688393880.0,TREND,NO_GO,HOLD,13.33,NORMAL,PRO,DEFENSIVE,1.0,0.50,Aegean:FLAT(0.50)|Orion:LONG(0.20),Regime: TREND (Orion 2x). Score: 0.13. Low Conviction (<0.35).,LOW_CONVICTION,-0.145900,MID,20.27,False,0.0,0.0,0.00,0.00
1688393940.0,TREND,NO_GO,HOLD,13.33,NORMAL,PRO,DEFENSIVE,1.0,0.50,Aegean:FLAT(0.50)|Orion:LONG(0.20),Regime: TREND (Orion 2x). Score: 0.13. Low Conviction (<0.35).,LOW_CONVICTION,-0.450705,MID,20.35,False,0.0,0.0,0.00,0.00
1688394000.0,TREND,NO_GO,HOLD,13.33,NORMAL,PRO,DEFENSIVE,1.0,0.50,Aegean:FLAT(0.50)|Orion:LONG(0.20),Regime: TREND (Orion 2x). Score: 0.13. Low Conviction (<0.35).,LOW_CONVICTION,-0.303279,MID,20.42,False,0.0,0.0,0.00,0.00
1688394060.0,TREND,NO_GO,HOLD,13.33,NORMAL,PRO,DEFENSIVE,1.0,0.50,Aegean:FLAT(0.50)|Orion:LONG(0.20),Regime: TREND (Orion 2x). Score: 0.13. Low Conviction (<0.35).,LOW_CONVICTION,0.134386,MID,20.78,False,0.0,0.0,0.00,0.00
1688394120.0,TREND,NO_GO,HOLD,13.33,NORMAL,PRO,DEFENSIVE,1.0,0.50,Aegean:FLAT(0.50)|Orion:LONG(0.20),Regime: TREND (Orion 2x). Score: 0.13. Low Conviction (<0.35).,LOW_CONVICTION,0.787645,MID,21.58,False,0.0,0.0,0.00,0.00
1688394180.0,TREND,NO_GO,HOLD,13.33,NORMAL,PRO,DEFENSIVE,1.0,0.50,Aegean:FLAT(0.50)|Orion:LONG(0.20),Regime: TREND (Orion 2x). Score: 0.13. Low Conviction (<0.35).,LOW_CONVICTION,0.935964,MID,22.48,False,0.0,0.0,0.00,0.00
1688394240.0,TREND,NO_GO,HOLD,13.33,NORMAL,PRO,DEFENSIVE,1.0,0.50,Aegean:FLAT(0.50)|Orion:LONG(0.20),Regime: TREND (Orion 2x). Score: 0.13. Low Conviction (<0.35).,LOW_CONVICTION,1.111371,MID,23.48,False,0.0,0.0,0.00,0.00
1688394300.0,TREND,NO_GO,HOLD,13.33,NORMAL,PRO,DEFENSIVE,1.0,0.50,Aegean:FLAT(0.50)|Orion:LONG(0.20),Regime: TREND (Orion 2x). Score: 0.13. Low Conviction (<0.35).,LOW_CONVICTION,0.698848,MID,24.75,False,0.0,0.0,0.00,0.00
1688394360.0,TREND,NO_GO,HOLD,13.33,NORMAL,PRO,DEFENSIVE,1.0,0.50,Aegean:FLAT(0.50)|Orion:LONG(0.20),Regime: TREND (Orion 2x). Score: 0.13. Low Conviction (<0.35).,LOW_CONVICTION,-0.137453,MID,24.88,False,0.0,0.0,0.00,0.00
1688394420.0,TREND,NO_GO,HOLD,8.74,NORMAL,PRO,DEFENSIVE,1.0,0.50,Aegean:FLAT(0.50)|Orion:LONG(0.13),Regime: TREND (Orion 2x). Score: 0.09. Low Conviction (<0.35).,LOW_CONVICTION,0.470836,MID,25.24,True,0.0,0.0,0.00,0.00
1688394480.0,TREND,NO_GO,HOLD,9.24,NORMAL,PRO,DEFENSIVE,1.0,0.50,Aegean:FLAT(0.50)|Orion:LONG(0.14),Regime: TREND (Orion 2x). Score: 0.09. Low Conviction (<0.35).,LOW_CONVICTION,-0.163681,MID,25.55,True,0.0,0.0,0.00,0.00
1688394540.0,TREND,NO_GO,HOLD,13.33,NORMAL,PRO,DEFENSIVE,1.0,0.50,Aegean:FLAT(0.50)|Orion:SHORT(0.20),Regime: TREND (Orion 2x). Score: -0.13. Low Conviction (<0.35).,LOW_CONVICTION,-1.489985,DIP,24.26,False,0.0,0.0,0.00,0.00
1688394600.0,TREND,NO_GO,HOLD,13.33,NORMAL,PRO,DEFENSIVE,1.0,0.50,Aegean:FLAT(0.50)|Orion:LONG(0.20),Regime: TREND (Orion 2x). Score: 0.13. Low Conviction (<0.35).,LOW_CONVICTION,-0.321865,MID,23.41,False,0.0,0.0,0.00,0.00
1688394660.0,TREND,NO_GO,HOLD,13.33,NORMAL,PRO,DEFENSIVE,1.0,0.50,Aegean:FLAT(0.50)|Orion:LONG(0.20),Regime: TREND (Orion 2x). Score: 0.13. Low Conviction (<0.35).,LOW_CONVICTION,-0.638891,MID,22.60,False,0.0,0.0,0.00,0.00
1688394720.0,CHOP,NO_GO,HOLD,13.33,NORMAL,PRO,DEFENSIVE,1.0,0.50,Aegean:FLAT(0.50)|Orion:LONG(0.20),Regime: CHOP (Reduced Weights). Score: 0.13. Low Conviction (<0.35).,LOW_CONVICTION,1.418564,MID,21.56,False,0.0,0.0,0.00,0.00
1688394780.0,CHOP,NO_GO,HOLD,13.33,NORMAL,PRO,DEFENSIVE,1.0,0.50,Aegean:FLAT(0.50)|Orion:LONG(0.20),Regime: CHOP (Reduced Weights). Score: 0.13. Low Conviction (<0.35).,LOW_CONVICTION,2.499355,TOP,21.67,False,0.0,0.0,0.00,0.00
1688394840.0,CHOP,NO_GO,HOLD,13.33,NORMAL,PRO,DEFENSIVE,1.0,0.50,Aegean:FLAT(0.50)|Orion:LONG(0.20),Regime: CHOP (Reduced Weights). Score: 0.13. Low Conviction (<0.35).,LOW_CONVICTION,2.083487,TOP,21.77,False,0.0,0.0,0.00,0.00
1688394900.0,CHOP,NO_GO,HOLD,13.33,NORMAL,PRO,DEFENSIVE,1.0,0.50,Aegean:FLAT(0.50)|Orion:LONG(0.20),Regime: CHOP (Reduced Weights). Score: 0.13. Low Conviction (<0.35).,LOW_CONVICTION,2.060941,TOP,21.89,False,0.0,0.0,0.00,0.00
1688394960.0,CHOP,NO_GO,HOLD,13.33,NORMAL,PRO,DEFENSIVE,1.0,0.50,Aegean:FLAT(0.50)|Orion:SHORT(0.20),Regime: CHOP (Reduced Weights). Score: -0.13. Low Conviction (<0.35).,LOW_CONVICTION,-0.996276,MID,20.86,False,0.0,0.0,0.00,0.00
1688395020.0,CHOP,NO_GO,HOLD,13.33,NORMAL,PRO,DEFENSIVE,1.0,0.50,Aegean:FLAT(0.50)|Orion:LONG(0.20),Regime: CHOP (Reduced Weights). Score: 0.13. Low Conviction (<0.35).,LOW_CONVICTION,0.203634,MID,19.92,False,0.0,0.0,0.00,0.00
1688395080.0,CHOP,NO_GO,HOLD,13.33,NORMAL,PRO,DEFENSIVE,1.0,0.50,Aegean:FLAT(0.50)|Orion:LONG(0.20),Regime: CHOP (Reduced Weights). Score: 0.13. Low Conviction (<0.35).,LOW_CONVICTION,0.747221,MID,18.99,False,0.0,0.0,0.00,0.00
1688395140.0,CHOP,NO_GO,HOLD,13.33,NORMAL,PRO,DEFENSIVE,1.0,0.50,Aegean:FLAT(0.50)|Orion:LONG(0.20),Regime: CHOP (Reduced Weights). Score: 0.13. Low Conviction (<0.35).,LOW_CONVICTION,1.199638,MID,17.66,False,0.0,0.0,0.00,0.00
1688395200.0,CHOP,NO_GO,HOLD,13.33,NORMAL,PRO,DEFENSIVE,1.0,0.50,Aegean:FLAT(0.30)|Orion:LONG(0.20),Regime: CHOP (Reduced Weights). Score: 0.13. Low Conviction (<0.35).,LOW_CONVICTION,3.171343,TOP,17.82,False,0.0,0.0,0.00,0.00
1688395260.0,CHOP,NO_GO,HOLD,13.33,NORMAL,PRO,DEFENSIVE,1.0,0.50,Aegean:FLAT(0.30)|Orion:LONG(0.20),Regime: CHOP (Reduced Weights). Score: 0.13. Low Conviction (<0.35).,LOW_CONVICTION,3.675745,TOP,18.43,False,0.0,0.0,0.00,0.00
1688395320.0,TREND,NO_GO,HOLD,13.33,NORMAL,PRO,DEFENSIVE,1.0,0.50,Aegean:FLAT(0.30)|Orion:LONG(0.20),Regime: TREND (Orion 2x). Score: 0.13. Low Conviction (<0.35).,LOW_CONVICTION,4.838456,TOP,19.80,False,0.0,0.0,0.00,0.00
1688395380.0,TREND,NO_GO,HOLD,13.33,NORMAL,PRO,DEFENSIVE,1.0,0.50,Aegean:FLAT(0.30)|Orion:LONG(0.20),Regime: TREND (Orion 2x). Score: 0.13. Low Conviction (<0.35).,LOW_CONVICTION,4.301460,TOP,21.06,False,0.0,0.0,0.00,0.00
1688395440.0,TREND,NO_GO,HOLD,13.33,NORMAL,PRO,DEFENSIVE,1.0,0.50,Aegean:FLAT(0.30)|Orion:LONG(0.20),Regime: TREND (Orion 2x). Score: 0.13. Low Conviction (<0.35).,LOW_CONVICTION,4.090155,TOP,22.44,False,0.0,0.0,0.00,0.00
1688395500.0,TREND,NO_GO,HOLD,13.33,NORMAL,PRO,DEFENSIVE,1.0,0.50,Aegean:FLAT(0.30)|Orion:LONG(0.20),Regime: TREND (Orion 2x). Score: 0.13. Low Conviction (<0.35).,LOW_CONVICTION,3.424111,TOP,23.72,False,0.0,0.0,0.00,0.00
1688395560.0,TREND,NO_GO,HOLD,13.33,NORMAL,PRO,DEFENSIVE,1.0,0.50,Aegean:FLAT(0.50)|Orion:LONG(0.20),Regime: TREND (Orion 2x). Score: 0.13. Low Conviction (<0.35).,LOW_CONVICTION,-0.381184,MID,22.28,False,0.0,0.0,0.00,0.00
1688395620.0,TREND,NO_GO,HOLD,13.33,NORMAL,PRO,DEFENSIVE,1.0,0.50,Aegean:FLAT(0.50)|Orion:LONG(0.20),Regime: TREND (Orion 2x). Score: 0.13. Low Conviction (<0.35).,LOW_CONVICTION,0.314066,MID,20.93,False,0.0,0.0,0.00,0.00
1688395680.0,TREND,NO_GO,HOLD,13.33,NORMAL,PRO,DEFENSIVE,1.0,0.50,Aegean:FLAT(0.50)|Orion:LONG(0.20),Regime: TREND (Orion 2x). Score: 0.13. Low Conviction (<0.35).,LOW_CONVICTION,0.606442,MID,19.97,False,0.0,0.0,0.00,0.00
1688395740.0,CHOP,NO_GO,HOLD,13.33,NORMAL,PRO,DEFENSIVE,1.0,0.50,Aegean:FLAT(0.50)|Orion:LONG(0.20),Regime: CHOP (Reduced Weights). Score: 0.13. Low Conviction (<0.35).,LOW_CONVICTION,0.229446,MID,19.15,False,0.0,0.0,0.00,0.00
1688395800.0,CHOP,NO_GO,HOLD,13.33,NORMAL,PRO,DEFENSIVE,1.0,0.50,Aegean:FLAT(0.50)|Orion:LONG(0.20),Regime: CHOP (Reduced Weights). Score: 0.13. Low Conviction (<0.35).,LOW_CONVICTION,0.654182,MID,18.12,False,0.0,0.0,0.00,0.00
1688395860.0,CHOP,NO_GO,HOLD,13.33,NORMAL,PRO,DEFENSIVE,1.0,0.50,Aegean:FLAT(0.50)|Orion:LONG(0.20),Regime: CHOP (Reduced Weights). Score: 0.13. Low Conviction (<0.35).,LOW_CONVICTION,-0.678079,MID,17.16,False,0.0,0.0,0.00,0.00
1688395920.0,CHOP,NO_GO,HOLD,13.33,NORMAL,PRO,DEFENSIVE,1.0,0.50,Aegean:FLAT(0.50)|Orion:LONG(0.20),Regime: CHOP (Reduced Weights). Score: 0.13. Low Conviction (<0.35).,LOW_CONVICTION,0.581231,MID,16.33,False,0.0,0.0,0.00,0.00
1688395980.0,CHOP,NO_GO,HOLD,13.33,NORMAL,PRO,DEFENSIVE,1.0,0.50,Aegean:FLAT(0.50)|Orion:LONG(0.20),Regime: CHOP (Reduced Weights). Score: 0.13. Low Conviction (<0.35).,LOW_CONVICTION,-0.571197,MID,15.42,False,0.0,0.0,0.00,0.00
1688396040.0,CHOP,NO_GO,HOLD,13.33,NORMAL,PRO,DEFENSIVE,1.0,0.50,Aegean:FLAT(0.50)|Orion:LONG(0.20),Regime: CHOP (Reduced Weights). Score: 0.13. Low Conviction (<0.35).,LOW_CONVICTION,1.257681,MID,14.66,False,0.0,0.0,0.00,0.00
1688396100.0,CHOP,NO_GO,HOLD,13.33,NORMAL,PRO,DEFENSIVE,1.0,0.50,Aegean:FLAT(0.50)|Orion:LONG(0.20),Regime: CHOP (Reduced Weights). Score: 0.13. Low Conviction (<0.35).,LOW_CONVICTION,-0.394445,MID,13.93,False,0.0,0.0,0.00,0.00
1688396160.0,CHOP,NO_GO,HOLD,13.33,NORMAL,PRO,DEFENSIVE,1.0,0.50,Aegean:FLAT(0.50)|Orion:LONG(0.20),Regime: CHOP (Reduced Weights). Score: 0.13. Low Conviction (<0.35).,LOW_CONVICTION,-0.117503,MID,13.20,False,0.0,0.0,0.00,0.00
1688396220.0,CHOP,NO_GO,HOLD,13.33,NORMAL,PRO,DEFENSIVE,1.0,0.50,Aegean:FLAT(0.50)|Orion:LONG(0.20),Regime: CHOP (Reduced Weights). Score: 0.13. Low Conviction (<0.35).,LOW_CONVICTION,0.114194,MID,12.58,False,0.0,0.0,0.00,0.00
1688396280.0,CHOP,NO_GO,HOLD,13.33,NORMAL,PRO,DEFENSIVE,1.0,0.50,Aegean:FLAT(0.50)|Orion:LONG(0.20),Regime: CHOP (Reduced Weights). Score: 0.13. Low Conviction (<0.35).,LOW_CONVICTION,0.408323,MID,12.77,False,0.0,0.0,0.00,0.00
1688396340.0,CHOP,NO_GO,HOLD,13.33,NORMAL,PRO,DEFENSIVE,1.0,0.50,Aegean:FLAT(0.50)|Orion:LONG(0.20),Regime: CHOP (Reduced Weights). Score: 0.13. Low Conviction (<0.35).,LOW_CONVICTION,1.764483,MID,13.56,False,0.0,0.0,0.00,0.00
1688396400.0,CHOP,NO_GO,HOLD,13.33,NORMAL,PRO,DEFENSIVE,1.0,0.50,Aegean:FLAT(0.50)|Orion:LONG(0.20),Regime: CHOP (Reduced Weights). Score: 0.13. Low Conviction (<0.35).,LOW_CONVICTION,1.945202,MID,14.72,False,0.0,0.0,0.00,0.00
1688396460.0,CHOP,NO_GO,HOLD,13.33,NORMAL,PRO,DEFENSIVE,1.0,0.50,Aegean:FLAT(0.30)|Orion:LONG(0.20),Regime: CHOP (Reduced Weights). Score: 0.13. Low Conviction (<0.35).,LOW_CONVICTION,13.250361,TOP,18.97,False,0.0,0.0,0.00,0.00
1688396520.0,TREND,NO_GO,HOLD,13.33,NORMAL,PRO,DEFENSIVE,1.0,0.50,Aegean:FLAT(0.30)|Orion:LONG(0.20),Regime: TREND (Orion 2x). Score: 0.13. Low Conviction (<0.35).,LOW_CONVICTION,11.142743,TOP,22.90,False,0.0,0.0,0.00,0.00
1688396580.0,TREND,NO_GO,HOLD,11.05,NORMAL,PRO,DEFENSIVE,1.0,0.50,Aegean:FLAT(0.30)|Orion:LONG(0.17),Regime: TREND (Orion 2x). Score: 0.11. Low Conviction (<0.35).,LOW_CONVICTION,11.420411,TOP,26.63,True,0.0,0.0,0.00,0.00
1688396640.0,TREND,NO_GO,HOLD,17.51,NORMAL,PRO,DEFENSIVE,1.0,0.50,Aegean:FLAT(0.30)|Orion:LONG(0.26),Regime: TREND (Orion 2x). Score: 0.18. Low Conviction (<0.35).,LOW_CONVICTION,14.710591,TOP,30.51,True,0.0,0.0,0.00,0.00
1688396700.0,TREND,NO_GO,HOLD,23.60,NORMAL,PRO,DEFENSIVE,1.0,0.50,Aegean:FLAT(0.30)|Orion:LONG(0.35),Regime: TREND (Orion 2x). Score: 0.24. Low Conviction (<0.35).,LOW_CONVICTION,13.704002,TOP,34.16,True,0.0,0.0,0.00,0.00
1688396760.0,TREND,NO_GO,HOLD,29.21,NORMAL,PRO,DEFENSIVE,1.0,0.50,Aegean:FLAT(0.30)|Orion:LONG(0.44),Regime: TREND (Orion 2x). Score: 0.29. Low Conviction (<0.35).,LOW_CONVICTION,13.458451,TOP,37.53,True,0.0,0.0,0.00,0.00
1688396820.0,TREND,NO_GO,HOLD,34.60,NORMAL,PRO,DEFENSIVE,1.0,0.50,Aegean:FLAT(0.30)|Orion:LONG(0.52),Regime: TREND (Orion 2x). Score: 0.35. Low Conviction (<0.35).,LOW_CONVICTION,11.901883,TOP,40.76,True,0.0,0.0,0.00,0.00
1688396880.0,TREND,GO,BUY,35.26,NORMAL,PRO,DEFENSIVE,1.0,0.50,Aegean:FLAT(0.30)|Orion:LONG(0.53),Regime: TREND (Orion 2x). Score: 0.35. Bullish Consensus.,,10.142872,TOP,41.16,True,15.2,20.0,2.00,8.55
1688396940.0,TREND,GO,BUY,58.84,NORMAL,PRO,DEFENSIVE,1.0,0.50,Aegean:LONG(0.70)|Orion:LONG(0.53),Regime: TREND (Orion 2x). Score: 0.59. Bullish Consensus.,,6.738805,MID,41.30,True,15.7,20.0,2.00,7.92
1688397000.0,TREND,GO,BUY,59.24,NORMAL,PRO,DEFENSIVE,1.0,0.50,Aegean:LONG(0.70)|Orion:LONG(0.54),Regime: TREND (Orion 2x). Score: 0.59. Bullish Consensus.,,7.248048,MID,41.55,True,16.0,20.0,2.00,8.05
1688397060.0,TREND,GO,BUY,59.65,NORMAL,PRO,DEFENSIVE,1.0,0.50,Aegean:LONG(0.70)|Orion:LONG(0.54),Regime: TREND (Orion 2x). Score: 0.60. Bullish Consensus.,,5.947833,MID,41.79,True,15.4,20.0,2.00,7.84
1688397120.0,TREND,GO,BUY,60.02,NORMAL,PRO,DEFENSIVE,1.0,0.50,Aegean:LONG(0.70)|Orion:LONG(0.55),Regime: TREND (Orion 2x). Score: 0.60. Bullish Consensus.,,5.363213,MID,42.01,True,15.0,20.0,2.00,7.76
1688397180.0,TREND,GO,BUY,60.42,NORMAL,PRO,DEFENSIVE,1.0,0.50,Aegean:LONG(0.70)|Orion:LONG(0.56),Regime: TREND (Orion 2x). Score: 0.60. Bullish Consensus.,,5.946923,MID,42.25,True,14.6,20.0,2.00,7.91
1688397240.0,TREND,GO,BUY,61.50,NORMAL,PRO,DEFENSIVE,1.0,0.50,Aegean:LONG(0.70)|Orion:LONG(0.57),Regime: TREND (Orion 2x). Score: 0.62. Bullish Consensus.,,4.964344,MID,42.90,True,14.5,20.0,2.00,7.83
1688397300.0,TREND,GO,BUY,38.47,NORMAL,PRO,DEFENSIVE,1.0,0.50,Aegean:FLAT(0.30)|Orion:LONG(0.58),Regime: TREND (Orion 2x). Score: 0.38. Bullish Consensus.,,5.852034,TOP,43.08,True,14.7,20.0,2.00,8.03
1688397360.0,TREND,GO,BUY,62.16,NORMAL,PRO,DEFENSIVE,1.0,0.50,Aegean:LONG(0.70)|Orion:LONG(0.58),Regime: TREND (Orion 2x). Score: 0.62. Bullish Consensus.,,3.745952,MID,43.30,True,14.4,20.0,2.00,7.65
1688397420.0,TREND,GO,BUY,35.92,NORMAL,PRO,DEFENSIVE,1.0,0.50,Aegean:FLAT(0.50)|Orion:LONG(0.54),Regime: TREND (Orion 2x). Score: 0.36. Bullish Consensus.,,-0.440679,MID,41.55,True,14.7,20.0,2.00,6.73
1688397480.0,TREND,NO_GO,HOLD,31.58,NORMAL,PRO,DEFENSIVE,1.0,0.50,Aegean:FLAT(0.50)|Orion:LONG(0.47),Regime: TREND (Orion 2x). Score: 0.32. Low Conviction (<0.35).,LOW_CONVICTION,-1.484352,MID,38.95,True,0.0,0.0,0.00,0.00
1688397540.0,TREND,NO_GO,HOLD,27.53,NORMAL,PRO,DEFENSIVE,1.0,0.50,Aegean:FLAT(0.50)|Orion:LONG(0.41),Regime: TREND (Orion 2x). Score: 0.28. Low Conviction (<0.35).,LOW_CONVICTION,-1.836073,MID,36.52,True,0.0,0.0,0.00,0.00
1688397600.0,TREND,NO_GO,HOLD,24.79,NORMAL,PRO,DEFENSIVE,1.0,0.50,Aegean:FLAT(0.50)|Orion:LONG(0.37),Regime: TREND (Orion 2x). Score: 0.25. Low Conviction (<0.35).,LOW_CONVICTION,0.574321,MID,34.88,True,0.0,0.0,0.00,0.00
1688397660.0,TREND,NO_GO,HOLD,22.79,NORMAL,PRO,DEFENSIVE,1.0,0.50,Aegean:FLAT(0.50)|Orion:LONG(0.34),Regime: TREND (Orion 2x). Score: 0.23. Low Conviction (<0.35).,LOW_CONVICTION,2.031697,MID,33.67,True,0.0,0.0,0.00,0.00
1688397720.0,TREND,NO_GO,HOLD,20.93,NORMAL,PRO,DEFENSIVE,1.0,0.50,Aegean:FLAT(0.50)|Orion:LONG(0.31),Regime: TREND (Orion 2x). Score: 0.21. Low Conviction (<0.35).,LOW_CONVICTION,0.850216,MID,32.56,True,0.0,0.0,0.00,0.00
1688397780.0,TREND,NO_GO,HOLD,19.40,NORMAL,PRO,DEFENSIVE,1.0,0.50,Aegean:FLAT(0.50)|Orion:LONG(0.29),Regime: TREND (Orion 2x). Score: 0.19. Low Conviction (<0.35).,LOW_CONVICTION,2.059782,MID,31.64,True,0.0,0.0,0.00,0.00
1688397840.0,TREND,GO,BUY,42.23,NORMAL,PRO,DEFENSIVE,1.0,0.50,Aegean:LONG(0.70)|Orion:LONG(0.28),Regime: TREND (Orion 2x). Score: 0.42. Bullish Consensus.,,3.477429,MID,31.34,True,10.8,20.0,2.00,5.69
1688397900.0,TREND,GO,BUY,42.87,NORMAL,PRO,DEFENSIVE,1.0,0.50,Aegean:LONG(0.70)|Orion:LONG(0.29),Regime: TREND (Orion 2x). Score: 0.43. Bullish Consensus.,,5.436247,MID,31.72,True,10.8,20.0,2.00,6.13
1688397960.0,TREND,GO,BUY,43.60,NORMAL,PRO,DEFENSIVE,1.0,0.50,Aegean:LONG(0.70)|Orion:LONG(0.30),Regime: TREND (Orion 2x). Score: 0.44. Bullish Consensus.,,3.434505,MID,32.16,True,10.6,20.0,2.00,5.81
1688398020.0,TREND,NO_GO,HOLD,20.95,NORMAL,PRO,DEFENSIVE,1.0,0.50,Aegean:FLAT(0.30)|Orion:LONG(0.31),Regime: TREND (Orion 2x). Score: 0.21. Low Conviction (<0.35).,LOW_CONVICTION,4.302858,TOP,32.57,True,0.0,0.0,0.00,0.00
1688398080.0,TREND,NO_GO,HOLD,22.01,NORMAL,PRO,DEFENSIVE,1.0,0.50,Aegean:FLAT(0.30)|Orion:LONG(0.33),Regime: TREND (Orion 2x). Score: 0.22. Low Conviction (<0.35).,LOW_CONVICTION,3.787763,TOP,33.21,True,0.0,0.0,0.00,0.00
1688398140.0,TREND,NO_GO,HOLD,21.90,NORMAL,PRO,DEFENSIVE,1.0,0.50,Aegean:FLAT(0.30)|Orion:LONG(0.33),Regime: TREND (Orion 2x). Score: 0.22. Low Conviction (<0.35).,LOW_CONVICTION,4.854375,TOP,33.14,True,0.0,0.0,0.00,0.00
1688398200.0,TREND,NO_GO,HOLD,24.26,NORMAL,PRO,DEFENSIVE,1.0,0.50,Aegean:FLAT(0.30)|Orion:LONG(0.36),Regime: TREND (Orion 2x). Score: 0.24. Low Conviction (<0.35).,LOW_CONVICTION,8.761467,TOP,34.56,True,0.0,0.0,0.00,0.00
1688398260.0,TREND,NO_GO,HOLD,26.45,NORMAL,PRO,DEFENSIVE,1.0,0.50,Aegean:FLAT(0.30)|Orion:LONG(0.40),Regime: TREND (Orion 2x). Score: 0.26. Low Conviction (<0.35).,LOW_CONVICTION,7.724639,TOP,35.87,True,0.0,0.0,0.00,0.00
1688398320.0,TREND,NO_GO,HOLD,29.24,NORMAL,PRO,DEFENSIVE,1.0,0.50,Aegean:FLAT(0.30)|Orion:LONG(0.44),Regime: TREND (Orion 2x). Score: 0.29. Low Conviction (<0.35).,LOW_CONVICTION,9.153760,TOP,37.54,True,0.0,0.0,0.00,0.00
1688398380.0,TREND,NO_GO,HOLD,32.13,NORMAL,PRO,DEFENSIVE,1.0,0.50,Aegean:FLAT(0.30)|Orion:LONG(0.48),Regime: TREND (Orion 2x). Score: 0.32. Low Conviction (<0.35).,LOW_CONVICTION,11.518998,TOP,39.28,True,0.0,0.0,0.00,0.00
1688398440.0,TREND,GO,BUY,35.70,NORMAL,PRO,DEFENSIVE,1.0,0.50,Aegean:FLAT(0.30)|Orion:LONG(0.54),Regime: TREND (Orion 2x). Score: 0.36. Bullish Consensus.,,12.585971,TOP,41.42,True,15.0,20.0,2.00,9.06
1688398500.0,TREND,GO,BUY,58.21,NORMAL,PRO,DEFENSIVE,1.0,0.50,Aegean:LONG(0.70)|Orion:LONG(0.52),Regime: TREND (Orion 2x). Score: 0.58. Bullish Consensus.,,7.161696,MID,40.93,True,17.5,20.0,2.00,7.93
1688398560.0,TREND,GO,BUY,57.41,NORMAL,PRO,DEFENSIVE,1.0,0.50,Aegean:LONG(0.70)|Orion:LONG(0.51),Regime: TREND (Orion 2x). Score: 0.57. Bullish Consensus.,,6.872188,MID,40.44,True,16.9,20.0,2.00,7.80
1688398620.0,TREND,GO,BUY,56.05,NORMAL,PRO,DEFENSIVE,1.0,0.50,Aegean:LONG(0.70)|Orion:LONG(0.49),Regime: TREND (Orion 2x). Score: 0.56. Bullish Consensus.,,4.955470,MID,39.63,True,16.7,20.0,2.00,7.30
1688398680.0,TREND,NO_GO,HOLD,29.54,NORMAL,PRO,DEFENSIVE,1.0,0.50,Aegean:FLAT(0.50)|Orion:LONG(0.44),Regime: TREND (Orion 2x). Score: 0.30. Low Conviction (<0.35).,LOW_CONVICTION,1.858189,MID,37.72,True,0.0,0.0,0.00,0.00
1688398740.0,TREND,NO_GO,HOLD,26.52,NORMAL,PRO,DEFENSIVE,1.0,0.50,Aegean:FLAT(0.50)|Orion:LONG(0.40),Regime: TREND (Orion 2x). Score: 0.27. Low Conviction (<0.35).,LOW_CONVICTION,1.344489,MID,35.91,True,0.0,0.0,0.00,0.00
1688398800.0,TREND,GO,BUY,48.03,NORMAL,PRO,DEFENSIVE,1.0,0.50,Aegean:LONG(0.70)|Orion:LONG(0.37),Regime: TREND (Orion 2x). Score: 0.48. Bullish Consensus.,,4.247197,MID,34.82,True,15.1,20.0,2.00,6.39
1688398860.0,TREND,GO,BUY,47.41,NORMAL,PRO,DEFENSIVE,1.0,0.50,Aegean:LONG(0.70)|Orion:LONG(0.36),Regime: TREND (Orion 2x). Score: 0.47. Bullish Consensus.,,4.822526,MID,34.45,True,14.8,20.0,2.00,6.44
1688398920.0,TREND,GO,BUY,47.05,NORMAL,PRO,DEFENSIVE,1.0,0.50,Aegean:LONG(0.70)|Orion:LONG(0.36),Regime: TREND (Orion 2x). Score: 0.47. Bullish Consensus.,,6.357058,MID,34.23,True,14.4,20.0,2.00,6.71
1688398980.0,TREND,NO_GO,HOLD,24.72,NORMAL,PRO,DEFENSIVE,1.0,0.50,Aegean:FLAT(0.30)|Orion:LONG(0.37),Regime: TREND (Orion 2x). Score: 0.25. Low Conviction (<0.35).,LOW_CONVICTION,9.377692,TOP,34.83,True,0.0,0.0,0.00,0.00
1688399040.0,TREND,NO_GO,HOLD,25.72,NORMAL,PRO,DEFENSIVE,1.0,0.50,Aegean:FLAT(0.30)|Orion:LONG(0.39),Regime: TREND (Orion 2x). Score: 0.26. Low Conviction (<0.35).,LOW_CONVICTION,6.769312,TOP,35.43,True,0.0,0.0,0.00,0.00
1688399100.0,TREND,NO_GO,HOLD,26.87,NORMAL,PRO,DEFENSIVE,1.0,0.50,Aegean:FLAT(0.30)|Orion:LONG(0.40),Regime: TREND (Orion 2x). Score: 0.27. Low Conviction (<0.35).,LOW_CONVICTION,8.805855,TOP,36.12,True,0.0,0.0,0.00,0.00
1688399160.0,TREND,NO_GO,HOLD,28.42,NORMAL,PRO,DEFENSIVE,1.0,0.50,Aegean:FLAT(0.30)|Orion:LONG(0.43),Regime: TREND (Orion 2x). Score: 0.28. Low Conviction (<0.35).,LOW_CONVICTION,7.871082,TOP,37.05,True,0.0,0.0,0.00,0.00
1688399220.0,TREND,NO_GO,HOLD,29.87,NORMAL,PRO,DEFENSIVE,1.0,0.50,Aegean:FLAT(0.30)|Orion:LONG(0.45),Regime: TREND (Orion 2x). Score: 0.30. Low Conviction (<0.35).,LOW_CONVICTION,7.798427,TOP,37.92,True,0.0,0.0,0.00,0.00
1688399280.0,TREND,NO_GO,HOLD,31.55,NORMAL,PRO,DEFENSIVE,1.0,0.50,Aegean:FLAT(0.30)|Orion:LONG(0.47),Regime: TREND (Orion 2x). Score: 0.32. Low Conviction (<0.35).,LOW_CONVICTION,8.281650,TOP,38.93,True,0.0,0.0,0.00,0.00
1688399340.0,TREND,GO,BUY,57.71,NORMAL,PRO,DEFENSIVE,1.0,0.50,Aegean:LONG(0.70)|Orion:LONG(0.52),Regime: TREND (Orion 2x). Score: 0.58. Bullish Consensus.,,6.207939,MID,40.63,True,16.9,20.0,2.00,7.70
1688399400.0,TREND,GO,BUY,59.83,NORMAL,PRO,DEFENSIVE,1.0,0.50,Aegean:LONG(0.70)|Orion:LONG(0.55),Regime: TREND (Orion 2x). Score: 0.60. Bullish Consensus.,,5.813931,MID,41.90,True,16.5,20.0,2.00,7.83
1688399460.0,TREND,GO,BUY,61.26,NORMAL,PRO,DEFENSIVE,1.0,0.50,Aegean:LONG(0.70)|Orion:LONG(0.57),Regime: TREND (Orion 2x). Score: 0.61. Bullish Consensus.,,3.712470,MID,42.76,True,16.0,20.0,2.00,7.56
1688399520.0,TREND,GO,BUY,37.10,NORMAL,PRO,DEFENSIVE,1.0,0.50,Aegean:FLAT(0.50)|Orion:LONG(0.56),Regime: TREND (Orion 2x). Score: 0.37. Bullish Consensus.,,1.128328,MID,42.26,True,15.9,20.0,2.00,6.98
1688399580.0,TREND,NO_GO,HOLD,34.91,NORMAL,PRO,DEFENSIVE,1.0,0.50,Aegean:FLAT(0.50)|Orion:LONG(0.52),Regime: TREND (Orion 2x). Score: 0.35. Low Conviction (<0.35).,LOW_CONVICTION,-1.464145,MID,40.95,True,0.0,0.0,0.00,0.00
1688399640.0,TREND,NO_GO,HOLD,32.91,NORMAL,PRO,DEFENSIVE,1.0,0.50,Aegean:FLAT(0.50)|Orion:LONG(0.49),Regime: TREND (Orion 2x). Score: 0.33. Low Conviction (<0.35).,LOW_CONVICTION,-0.053846,MID,39.75,True,0.0,0.0,0.00,0.00
1688399700.0,TREND,NO_GO,HOLD,30.39,NORMAL,PRO,DEFENSIVE,1.0,0.50,Aegean:FLAT(0.50)|Orion:LONG(0.46),Regime: TREND (Orion 2x). Score: 0.30. Low Conviction (<0.35).,LOW_CONVICTION,1.695418,MID,38.23,True,0.0,0.0,0.00,0.00
1688399760.0,TREND,NO_GO,HOLD,28.73,NORMAL,PRO,DEFENSIVE,1.0,0.50,Aegean:FLAT(0.50)|Orion:LONG(0.43),Regime: TREND (Orion 2x). Score: 0.29. Low Conviction (<0.35).,LOW_CONVICTION,2.038603,MID,37.24,True,0.0,0.0,0.00,0.00
1688399820.0,TREND,NO_GO,HOLD,25.28,NORMAL,PRO,DEFENSIVE,1.0,0.50,Aegean:FLAT(0.50)|Orion:LONG(0.38),Regime: TREND (Orion 2x). Score: 0.25. Low Conviction (<0.35).,LOW_CONVICTION,-1.607208,MID,35.17,True,0.0,0.0,0.00,0.00
1688399880.0,TREND,NO_GO,HOLD,22.02,NORMAL,PRO,DEFENSIVE,1.0,0.50,Aegean:FLAT(0.50)|Orion:LONG(0.33),Regime: TREND (Orion 2x). Score: 0.22. Low Conviction (<0.35).,LOW_CONVICTION,0.164491,MID,33.21,True,0.0,0.0,0.00,0.00
1688399940.0,TREND,NO_GO,HOLD,19.22,NORMAL,PRO,DEFENSIVE,1.0,0.50,Aegean:FLAT(0.50)|Orion:LONG(0.29),Regime: TREND (Orion 2x). Score: 0.19. Low Conviction (<0.35).,LOW_CONVICTION,1.601476,MID,31.53,True,0.0,0.0,0.00,0.00
1688400000.0,TREND,NO_GO,HOLD,17.66,NORMAL,PRO,DEFENSIVE,1.0,0.50,Aegean:FLAT(0.50)|Orion:LONG(0.26),Regime: TREND (Orion 2x). Score: 0.18. Low Conviction (<0.35).,LOW_CONVICTION,0.974969,MID,30.60,True,0.0,0.0,0.00,0.00
1688400060.0,TREND,GO,BUY,39.55,NORMAL,PRO,DEFENSIVE,1.0,0.50,Aegean:LONG(0.70)|Orion:LONG(0.24),Regime: TREND (Orion 2x). Score: 0.40. Bullish Consensus.,,3.420174,MID,29.73,True,12.9,20.0,2.00,5.42
1688400120.0,TREND,GO,BUY,39.81,NORMAL,PRO,DEFENSIVE,1.0,0.50,Aegean:LONG(0.70)|Orion:LONG(0.25),Regime: TREND (Orion 2x). Score: 0.40. Bullish Consensus.,,3.599758,MID,29.89,True,13.2,20.0,2.00,5.48
1688400180.0,TREND,NO_GO,HOLD,16.72,NORMAL,PRO,DEFENSIVE,1.0,0.50,Aegean:FLAT(0.50)|Orion:LONG(0.25),Regime: TREND (Orion 2x). Score: 0.17. Low Conviction (<0.35).,LOW_CONVICTION,2.693041,MID,30.03,True,0.0,0.0,0.00,0.00
1688400240.0,TREND,NO_GO,HOLD,15.31,NORMAL,PRO,DEFENSIVE,1.0,0.50,Aegean:FLAT(0.50)|Orion:LONG(0.23),Regime: TREND (Orion 2x). Score: 0.15. Low Conviction (<0.35).,LOW_CONVICTION,0.206056,MID,29.19,True,0.0,0.0,0.00,0.00
1688400300.0,TREND,NO_GO,HOLD,12.40,NORMAL,PRO,DEFENSIVE,1.0,0.50,Aegean:FLAT(0.50)|Orion:LONG(0.19),Regime: TREND (Orion 2x). Score: 0.12. Low Conviction (<0.35).,LOW_CONVICTION,-2.157234,DIP,27.44,True,0.0,0.0,0.00,0.00
1688400360.0,TREND,NO_GO,HOLD,11.63,NORMAL,PRO,DEFENSIVE,1.0,0.50,Aegean:FLAT(0.30)|Orion:SHORT(0.17),Regime: TREND (Orion 2x). Score: -0.12. Low Conviction (<0.35).,LOW_CONVICTION,-6.789366,DIP,26.98,True,0.0,0.0,0.00,0.00
1688400420.0,TREND,GO,SELL,37.98,NORMAL,PRO,DEFENSIVE,1.0,0.50,Aegean:SHORT(0.70)|Orion:SHORT(0.22),Regime: TREND (Orion 2x). Score: -0.38. Bearish Consensus.,,-14.439559,MID,28.79,True,18.0,20.0,2.00,7.41
1688400480.0,TREND,GO,SELL,40.84,NORMAL,PRO,DEFENSIVE,1.0,0.50,Aegean:SHORT(0.70)|Orion:SHORT(0.26),Regime: TREND (Orion 2x). Score: -0.41. Bearish Consensus.,,-8.434292,MID,30.50,True,18.8,20.0,2.00,6.52
1688400540.0,TREND,GO,SELL,42.44,NORMAL,PRO,DEFENSIVE,1.0,0.50,Aegean:SHORT(0.70)|Orion:SHORT(0.29),Regime: TREND (Orion 2x). Score: -0.42. Bearish Consensus.,,-8.271982,MID,31.47,True,19.5,20.0,2.00,6.64
1688400600.0,TREND,GO,SELL,43.44,NORMAL,PRO,DEFENSIVE,1.0,0.50,Aegean:SHORT(0.70)|Orion:SHORT(0.30),Regime: TREND (Orion 2x). Score: -0.43. Bearish Consensus.,,-3.818676,MID,32.06,True,19.8,20.0,2.00,5.87
1688400660.0,TREND,GO,SELL,44.33,NORMAL,PRO,DEFENSIVE,1.0,0.50,Aegean:SHORT(0.70)|Orion:SHORT(0.32),Regime: TREND (Orion 2x). Score: -0.44. Bearish Consensus.,,-3.500132,MID,32.60,True,19.6,20.0,2.00,5.89
1688400720.0,TREND,GO,SELL,45.01,NORMAL,PRO,DEFENSIVE,1.0,0.50,Aegean:SHORT(0.70)|Orion:SHORT(0.33),Regime: TREND (Orion 2x). Score: -0.45. Bearish Consensus.,,-5.749953,MID,33.01,True,19.7,20.0,2.00,6.40
1688400780.0,TREND,GO,SELL,45.64,NORMAL,PRO,DEFENSIVE,1.0,0.50,Aegean:SHORT(0.70)|Orion:SHORT(0.33),Regime: TREND (Orion 2x). Score: -0.46. Bearish Consensus.,,-5.457761,MID,33.39,True,19.2,20.0,2.00,6.40
1688400840.0,TREND,GO,SELL,46.29,NORMAL,PRO,DEFENSIVE,1.0,0.50,Aegean:SHORT(0.70)|Orion:SHORT(0.34),Regime: TREND (Orion 2x). Score: -0.46. Bearish Consensus.,,-5.021403,MID,33.77,True,18.2,20.0,2.00,6.38
1688400900.0,TREND,GO,SELL,46.37,NORMAL,PRO,DEFENSIVE,1.0,0.50,Aegean:SHORT(0.70)|Orion:SHORT(0.35),Regime: TREND (Orion 2x). Score: -0.46. Bearish Consensus.,,-3.540691,MID,33.82,True,17.6,20.0,2.00,6.10
1688400960.0,TREND,NO_GO,HOLD,21.38,NORMAL,PRO,DEFENSIVE,1.0,0.50,Aegean:FLAT(0.50)|Orion:SHORT(0.32),Regime: TREND (Orion 2x). Score: -0.21. Low Conviction (<0.35).,LOW_CONVICTION,0.000910,MID,32.83,True,0.0,0.0,0.00,0.00
1688401020.0,TREND,NO_GO,HOLD,18.16,NORMAL,PRO,DEFENSIVE,1.0,0.50,Aegean:FLAT(0.50)|Orion:SHORT(0.27),Regime: TREND (Orion 2x). Score: -0.18. Low Conviction (<0.35).,LOW_CONVICTION,1.389414,MID,30.90,True,0.0,0.0,0.00,0.00
1688401080.0,TREND,NO_GO,HOLD,15.17,NORMAL,PRO,DEFENSIVE,1.0,0.50,Aegean:FLAT(0.50)|Orion:SHORT(0.23),Regime: TREND (Orion 2x). Score: -0.15. Low Conviction (<0.35).,LOW_CONVICTION,2.680880,MID,29.10,True,0.0,0.0,0.00,0.00
1688401140.0,TREND,NO_GO,HOLD,12.38,NORMAL,PRO,DEFENSIVE,1.0,0.50,Aegean:FLAT(0.50)|Orion:SHORT(0.19),Regime: TREND (Orion 2x). Score: -0.12. Low Conviction (<0.35).,LOW_CONVICTION,1.693060,MID,27.43,True,0.0,0.0,0.00,0.00
1688401200.0,TREND,NO_GO,HOLD,9.82,NORMAL,PRO,DEFENSIVE,1.0,0.50,Aegean:FLAT(0.50)|Orion:SHORT(0.15),Regime: TREND (Orion 2x). Score: -0.10. Low Conviction (<0.35).,LOW_CONVICTION,1.019056,MID,25.89,True,0.0,0.0,0.00,0.00
1688401260.0,TREND,NO_GO,HOLD,13.33,NORMAL,PRO,DEFENSIVE,1.0,0.50,Aegean:FLAT(0.50)|Orion:SHORT(0.20),Regime: TREND (Orion 2x). Score: -0.13. Low Conviction (<0.35).,LOW_CONVICTION,-0.318772,MID,24.62,False,0.0,0.0,0.00,0.00
1688401320.0,TREND,NO_GO,HOLD,13.33,NORMAL,PRO,DEFENSIVE,1.0,0.50,Aegean:FLAT(0.50)|Orion:SHORT(0.20),Regime: TREND (Orion 2x). Score: -0.13. Low Conviction (<0.35).,LOW_CONVICTION,0.349028,MID,23.43,False,0.0,0.0,0.00,0.00
1688401380.0,TREND,NO_GO,HOLD,13.33,NORMAL,PRO,DEFENSIVE,1.0,0.50,Aegean:FLAT(0.50)|Orion:SHORT(0.20),Regime: TREND (Orion 2x). Score: -0.13. Low Conviction (<0.35).,LOW_CONVICTION,-1.779283,MID,22.79,False,0.0,0.0,0.00,0.00
1688401440.0,TREND,NO_GO,HOLD,13.33,NORMAL,PRO,DEFENSIVE,1.0,0.50,Aegean:FLAT(0.50)|Orion:SHORT(0.20),Regime: TREND (Orion 2x). Score: -0.13. Low Conviction (<0.35).,LOW_CONVICTION,-0.640551,MID,22.19,False,0.0,0.0,0.00,0.00
1688401500.0,TREND,NO_GO,HOLD,13.33,NORMAL,PRO,DEFENSIVE,1.0,0.50,Aegean:FLAT(0.50)|Orion:SHORT(0.20),Regime: TREND (Orion 2x). Score: -0.13. Low Conviction (<0.35).,LOW_CONVICTION,0.712986,TOP,21.53,False,0.0,0.0,0.00,0.00
1688401560.0,CHOP,NO_GO,HOLD,13.33,NORMAL,PRO,DEFENSIVE,1.0,0.50,Aegean:FLAT(0.50)|Orion:SHORT(0.20),Regime: CHOP (Reduced Weights). Score: -0.13. Low Conviction (<0.35).,LOW_CONVICTION,1.436451,TOP,20.26,False,0.0,0.0,0.00,0.00
1688401620.0,TREND,NO_GO,HOLD,13.33,NORMAL,PRO,DEFENSIVE,1.0,0.50,Aegean:FLAT(0.50)|Orion:SHORT(0.20),Regime: TREND (Orion 2x). Score: -0.13. Low Conviction (<0.35).,LOW_CONVICTION,-2.249818,MID,20.06,False,0.0,0.0,0.00,0.00
1688401680.0,TREND,NO_GO,HOLD,13.33,NORMAL,PRO,DEFENSIVE,1.0,0.50,Aegean:FLAT(0.50)|Orion:SHORT(0.20),Regime: TREND (Orion 2x). Score: -0.13. Low Conviction (<0.35).,LOW_CONVICTION,-0.419613,MID,20.35,False,0.0,0.0,0.00,0.00
1688401740.0,TREND,NO_GO,HOLD,13.33,NORMAL,PRO,DEFENSIVE,1.0,0.50,Aegean:FLAT(0.50)|Orion:SHORT(0.20),Regime: TREND (Orion 2x). Score: -0.13. Low Conviction (<0.35).,LOW_CONVICTION,-0.325302,MID,20.54,False,0.0,0.0,0.00,0.00
1688401800.0,TREND,NO_GO,HOLD,13.33,NORMAL,PRO,DEFENSIVE,1.0,0.50,Aegean:FLAT(0.50)|Orion:SHORT(0.20),Regime: TREND (Orion 2x). Score: -0.13. Low Conviction (<0.35).,LOW_CONVICTION,0.950238,MID,20.06,False,0.0,0.0,0.00,0.00
1688401860.0,CHOP,NO_GO,HOLD,13.33,NORMAL,PRO,DEFENSIVE,1.0,0.50,Aegean:FLAT(0.50)|Orion:SHORT(0.20),Regime: CHOP (Reduced Weights). Score: -0.13. Low Conviction (<0.35).,LOW_CONVICTION,2.089061,TOP,19.21,False,0.0,0.0,0.00,0.00
1688401920.0,CHOP,NO_GO,HOLD,13.33,NORMAL,PRO,DEFENSIVE,1.0,0.50,Aegean:FLAT(0.50)|Orion:SHORT(0.20),Regime: CHOP (Reduced Weights). Score: -0.13. Low Conviction (<0.35).,LOW_CONVICTION,1.803266,MID,17.95,False,0.0,0.0,0.00,0.00
1688401980.0,CHOP,NO_GO,HOLD,13.33,NORMAL,PRO,DEFENSIVE,1.0,0.50,Aegean:FLAT(0.50)|Orion:SHORT(0.20),Regime: CHOP (Reduced Weights). Score: -0.13. Low Conviction (<0.35).,LOW_CONVICTION,-0.604169,MID,17.47,False,0.0,0.0,0.00,0.00
1688402040.0,CHOP,NO_GO,HOLD,13.33,NORMAL,PRO,DEFENSIVE,1.0,0.50,Aegean:FLAT(0.50)|Orion:SHORT(0.20),Regime: CHOP (Reduced Weights). Score: -0.13. Low Conviction (<0.35).,LOW_CONVICTION,-2.092626,MID,17.53,False,0.0,0.0,0.00,0.00
1688402100.0,CHOP,NO_GO,HOLD,13.33,NORMAL,PRO,DEFENSIVE,1.0,0.50,Aegean:FLAT(0.30)|Orion:SHORT(0.20),Regime: CHOP (Reduced Weights). Score: -0.13. Low Conviction (<0.35).,LOW_CONVICTION,-6.278146,DIP,18.67,False,0.0,0.0,0.00,0.00
1688402160.0,TREND,NO_GO,HOLD,13.33,NORMAL,PRO,DEFENSIVE,1.0,0.50,Aegean:FLAT(0.30)|Orion:SHORT(0.20),Regime: TREND (Orion 2x). Score: -0.13. Low Conviction (<0.35).,LOW_CONVICTION,-7.105387,DIP,20.04,False,0.0,0.0,0.00,0.00
1688402220.0,TREND,GO,SELL,36.67,NORMAL,PRO,DEFENSIVE,1.0,0.50,Aegean:SHORT(0.70)|Orion:SHORT(0.20),Regime: TREND (Orion 2x). Score: -0.37. Bearish Consensus.,,-4.294491,MID,21.16,False,9.1,20.0,2.00,4.22
1688402280.0,TREND,NO_GO,HOLD,13.33,NORMAL,PRO,DEFENSIVE,1.0,0.50,Aegean:FLAT(0.50)|Orion:SHORT(0.20),Regime: TREND (Orion 2x). Score: -0.13. Low Conviction (<0.35).,LOW_CONVICTION,-2.826194,MID,22.00,False,0.0,0.0,0.00,0.00
1688402340.0,TREND,GO,SELL,36.67,NORMAL,PRO,DEFENSIVE,1.0,0.50,Aegean:SHORT(0.70)|Orion:SHORT(0.20),Regime: TREND (Orion 2x). Score: -0.37. Bearish Consensus.,,-4.065240,MID,22.80,False,9.0,20.0,2.00,4.44
1688402400.0,TREND,NO_GO,HOLD,13.33,NORMAL,PRO,DEFENSIVE,1.0,0.50,Aegean:FLAT(0.50)|Orion:SHORT(0.20),Regime: TREND (Orion 2x). Score: -0.13. Low Conviction (<0.35).,LOW_CONVICTION,-1.946975,MID,22.81,False,0.0,0.0,0.00,0.00
1688402460.0,TREND,NO_GO,HOLD,13.33,NORMAL,PRO,DEFENSIVE,1.0,0.50,Aegean:FLAT(0.50)|Orion:SHORT(0.20),Regime: TREND (Orion 2x). Score: -0.13. Low Conviction (<0.35).,LOW_CONVICTION,-1.089414,MID,22.74,False,0.0,0.0,0.00,0.00
1688402520.0,TREND,NO_GO,HOLD,13.33,NORMAL,PRO,DEFENSIVE,1.0,0.50,Aegean:FLAT(0.50)|Orion:SHORT(0.20),Regime: TREND (Orion 2x). Score: -0.13. Low Conviction (<0.35).,LOW_CONVICTION,-1.092081,MID,22.67,False,0.0,0.0,0.00,0.00
1688402580.0,TREND,NO_GO,HOLD,13.33,NORMAL,PRO,DEFENSIVE,1.0,0.50,Aegean:FLAT(0.50)|Orion:SHORT(0.20),Regime: TREND (Orion 2x). Score: -0.13. Low Conviction (<0.35).,LOW_CONVICTION,-0.195403,MID,22.29,False,0.0,0.0,0.00,0.00
1688402640.0,TREND,NO_GO,HOLD,13.33,NORMAL,PRO,DEFENSIVE,1.0,0.50,Aegean:FLAT(0.50)|Orion:SHORT(0.20),Regime: TREND (Orion 2x). Score: -0.13. Low Conviction (<0.35).,LOW_CONVICTION,-0.353670,MID,22.08,False,0.0,0.0,0.00,0.00
1688402700.0,TREND,NO_GO,HOLD,13.33,NORMAL,PRO,DEFENSIVE,1.0,0.50,Aegean:FLAT(0.50)|Orion:SHORT(0.20),Regime: TREND (Orion 2x). Score: -0.13. Low Conviction (<0.35).,LOW_CONVICTION,-1.769539,MID,22.34,False,0.0,0.0,0.00,0.00
1688402760.0,TREND,NO_GO,HOLD,13.33,NORMAL,PRO,DEFENSIVE,1.0,0.50,Aegean:FLAT(0.50)|Orion:SHORT(0.20),Regime: TREND (Orion 2x). Score: -0.13. Low Conviction (<0.35).,LOW_CONVICTION,-0.239283,MID,22.75,False,0.0,0.0,0.00,0.00
1688402820.0,TREND,NO_GO,HOLD,13.33,NORMAL,PRO,DEFENSIVE,1.0,0.50,Aegean:FLAT(0.50)|Orion:SHORT(0.20),Regime: TREND (Orion 2x). Score: -0.13. Low Conviction (<0.35).,LOW_CONVICTION,1.192361,MID,22.40,False,0.0,0.0,0.00,0.00
1688402880.0,TREND,NO_GO,HOLD,13.33,NORMAL,PRO,DEFENSIVE,1.0,0.50,Aegean:FLAT(0.50)|Orion:SHORT(0.20),Regime: TREND (Orion 2x). Score: -0.13. Low Conviction (<0.35).,LOW_CONVICTION,0.489015,MID,21.57,False,0.0,0.0,0.00,0.00
1688402940.0,TREND,NO_GO,HOLD,13.33,NORMAL,PRO,DEFENSIVE,1.0,0.50,Aegean:FLAT(0.50)|Orion:LONG(0.20),Regime: TREND (Orion 2x). Score: 0.13. Low Conviction (<0.35).,LOW_CONVICTION,2.513321,MID,20.40,False,0.0,0.0,0.00,0.00
1688403000.0,CHOP,NO_GO,HOLD,13.33,NORMAL,PRO,DEFENSIVE,1.0,0.50,Aegean:FLAT(0.50)|Orion:LONG(0.20),Regime: CHOP (Reduced Weights). Score: 0.13. Low Conviction (<0.35).,LOW_CONVICTION,2.383519,MID,19.09,False,0.0,0.0,0.00,0.00
1688403060.0,TREND,NO_GO,HOLD,13.33,NORMAL,PRO,DEFENSIVE,1.0,0.50,Aegean:FLAT(0.50)|Orion:LONG(0.20),Regime: TREND (Orion 2x). Score: 0.13. Low Conviction (<0.35).,LOW_CONVICTION,2.813970,MID,18.17,False,0.0,0.0,0.00,0.00
1688403120.0,CHOP,NO_GO,HOLD,13.33,NORMAL,PRO,DEFENSIVE,1.0,0.50,Aegean:FLAT(0.30)|Orion:LONG(0.20),Regime: CHOP (Reduced Weights). Score: 0.13. Low Conviction (<0.35).,LOW_CONVICTION,3.103591,TOP,17.11,False,0.0,0.0,0.00,0.00
1688403180.0,CHOP,NO_GO,HOLD,13.33,NORMAL,PRO,DEFENSIVE,1.0,0.50,Aegean:FLAT(0.50)|Orion:LONG(0.20),Regime: CHOP (Reduced Weights). Score: 0.13. Low Conviction (<0.35).,LOW_CONVICTION,1.108555,MID,16.27,False,0.0,0.0,0.00,0.00
1688403240.0,CHOP,NO_GO,HOLD,13.33,NORMAL,PRO,DEFENSIVE,1.0,0.50,Aegean:FLAT(0.30)|Orion:LONG(0.20),Regime: CHOP (Reduced Weights). Score: 0.13. Low Conviction (<0.35).,LOW_CONVICTION,4.013067,TOP,15.43,False,0.0,0.0,0.00,0.00
1688403300.0,CHOP,NO_GO,HOLD,13.33,NORMAL,PRO,DEFENSIVE,1.0,0.50,Aegean:FLAT(0.50)|Orion:LONG(0.20),Regime: CHOP (Reduced Weights). Score: 0.13. Low Conviction (<0.35).,LOW_CONVICTION,2.862920,TOP,14.65,False,0.0,0.0,0.00,0.00
1688403360.0,CHOP,NO_GO,HOLD,13.33,NORMAL,PRO,DEFENSIVE,1.0,0.50,Aegean:FLAT(0.50)|Orion:LONG(0.20),Regime: CHOP (Reduced Weights). Score: 0.13. Low Conviction (<0.35).,LOW_CONVICTION,1.272825,MID,13.66,False,0.0,0.0,0.00,0.00
1688403420.0,CHOP,NO_GO,HOLD,13.33,NORMAL,PRO,DEFENSIVE,1.0,0.50,Aegean:FLAT(0.50)|Orion:LONG(0.20),Regime: CHOP (Reduced Weights). Score: 0.13. Low Conviction (<0.35).,LOW_CONVICTION,1.092535,MID,13.18,False,0.0,0.0,0.00,0.00
1688403480.0,CHOP,NO_GO,HOLD,13.33,NORMAL,PRO,DEFENSIVE,1.0,0.50,Aegean:FLAT(0.30)|Orion:LONG(0.20),Regime: CHOP (Reduced Weights). Score: 0.13. Low Conviction (<0.35).,LOW_CONVICTION,4.252411,TOP,13.50,False,0.0,0.0,0.00,0.00
1688403540.0,CHOP,NO_GO,HOLD,13.33,NORMAL,PRO,DEFENSIVE,1.0,0.50,Aegean:FLAT(0.30)|Orion:LONG(0.20),Regime: CHOP (Reduced Weights). Score: 0.13. Low Conviction (<0.35).,LOW_CONVICTION,3.865945,TOP,13.99,False,0.0,0.0,0.00,0.00
1688403600.0,CHOP,NO_GO,HOLD,13.33,NORMAL,PRO,DEFENSIVE,1.0,0.50,Aegean:FLAT(0.50)|Orion:LONG(0.20),Regime: CHOP (Reduced Weights). Score: 0.13. Low Conviction (<0.35).,LOW_CONVICTION,0.644828,MID,13.01,False,0.0,0.0,0.00,0.00
1688403660.0,CHOP,NO_GO,HOLD,13.33,NORMAL,PRO,DEFENSIVE,1.0,0.50,Aegean:FLAT(0.50)|Orion:LONG(0.20),Regime: CHOP (Reduced Weights). Score: 0.13. Low Conviction (<0.35).,LOW_CONVICTION,0.549043,MID,12.10,False,0.0,0.0,0.00,0.00
1688403720.0,CHOP,NO_GO,HOLD,13.33,NORMAL,PRO,DEFENSIVE,1.0,0.50,Aegean:FLAT(0.50)|Orion:LONG(0.20),Regime: CHOP (Reduced Weights). Score: 0.13. Low Conviction (<0.35).,LOW_CONVICTION,-0.569805,MID,11.76,False,0.0,0.0,0.00,0.00
1688403780.0,CHOP,NO_GO,HOLD,13.33,NORMAL,PRO,DEFENSIVE,1.0,0.50,Aegean:FLAT(0.50)|Orion:SHORT(0.20),Regime: CHOP (Reduced Weights). Score: -0.13. Low Conviction (<0.35).,LOW_CONVICTION,-1.366671,MID,11.80,False,0.0,0.0,0.00,0.00
1688403840.0,CHOP,NO_GO,HOLD,13.33,NORMAL,PRO,DEFENSIVE,1.0,0.50,Aegean:FLAT(0.50)|Orion:SHORT(0.20),Regime: CHOP (Reduced Weights). Score: -0.13. Low Conviction (<0.35).,LOW_CONVICTION,-1.933025,MID,12.50,False,0.0,0.0,0.00,0.00
1688403900.0,CHOP,GO,SELL,36.67,NORMAL,PRO,DEFENSIVE,1.0,0.50,Aegean:SHORT(0.70)|Orion:SHORT(0.20),Regime: CHOP (Reduced Weights). Score: -0.37. Bearish Consensus.,,-3.497545,MID,13.40,False,6.4,20.0,2.00,2.82
1688403960.0,CHOP,NO_GO,HOLD,13.33,NORMAL,PRO,DEFENSIVE,1.0,0.50,Aegean:FLAT(0.50)|Orion:SHORT(0.20),Regime: CHOP (Reduced Weights). Score: -0.13. Low Conviction (<0.35).,LOW_CONVICTION,-2.731405,MID,14.79,False,0.0,0.0,0.00,0.00
1688404020.0,CHOP,NO_GO,HOLD,13.33,NORMAL,PRO,DEFENSIVE,1.0,0.50,Aegean:FLAT(0.50)|Orion:SHORT(0.20),Regime: CHOP (Reduced Weights). Score: -0.13. Low Conviction (<0.35).,LOW_CONVICTION,-2.585266,MID,15.68,False,0.0,0.0,0.00,0.00
1688404080.0,CHOP,NO_GO,HOLD,13.33,NORMAL,PRO,DEFENSIVE,1.0,0.50,Aegean:FLAT(0.50)|Orion:SHORT(0.20),Regime: CHOP (Reduced Weights). Score: -0.13. Low Conviction (<0.35).,LOW_CONVICTION,-1.462127,MID,16.35,False,0.0,0.0,0.00,0.00
1688404140.0,CHOP,NO_GO,HOLD,13.33,NORMAL,PRO,DEFENSIVE,1.0,0.50,Aegean:FLAT(0.50)|Orion:SHORT(0.20),Regime: CHOP (Reduced Weights). Score: -0.13. Low Conviction (<0.35).,LOW_CONVICTION,-1.121643,MID,16.97,False,0.0,0.0,0.00,0.00
1688404200.0,CHOP,NO_GO,HOLD,13.33,NORMAL,PRO,DEFENSIVE,1.0,0.50,Aegean:FLAT(0.50)|Orion:SHORT(0.20),Regime: CHOP (Reduced Weights). Score: -0.13. Low Conviction (<0.35).,LOW_CONVICTION,-1.265390,MID,17.49,False,0.0,0.0,0.00,0.00
1688404260.0,CHOP,NO_GO,HOLD,13.33,NORMAL,PRO,DEFENSIVE,1.0,0.50,Aegean:FLAT(0.50)|Orion:SHORT(0.20),Regime: CHOP (Reduced Weights). Score: -0.13. Low Conviction (<0.35).,LOW_CONVICTION,-0.739253,MID,17.60,False,0.0,0.0,0.00,0.00
1688404320.0,CHOP,NO_GO,HOLD,13.33,NORMAL,PRO,DEFENSIVE,1.0,0.50,Aegean:FLAT(0.50)|Orion:SHORT(0.20),Regime: CHOP (Reduced Weights). Score: -0.13. Low Conviction (<0.35).,LOW_CONVICTION,-2.676649,DIP,18.43,False,0.0,0.0,0.00,0.00
1688404380.0,CHOP,NO_GO,HOLD,13.33,NORMAL,PRO,DEFENSIVE,1.0,0.50,Aegean:FLAT(0.30)|Orion:SHORT(0.20),Regime: CHOP (Reduced Weights). Score: -0.13. Low Conviction (<0.35).,LOW_CONVICTION,-3.824569,DIP,19.89,False,0.0,0.0,0.00,0.00
1688404440.0,TREND,NO_GO,HOLD,13.33,NORMAL,PRO,DEFENSIVE,1.0,0.50,Aegean:FLAT(0.30)|Orion:SHORT(0.20),Regime: TREND (Orion 2x). Score: -0.13. Low Conviction (<0.35).,LOW_CONVICTION,-5.033934,DIP,21.63,False,0.0,0.0,0.00,0.00
1688404500.0,TREND,NO_GO,HOLD,13.33,NORMAL,PRO,DEFENSIVE,1.0,0.50,Aegean:FLAT(0.50)|Orion:SHORT(0.20),Regime: TREND (Orion 2x). Score: -0.13. Low Conviction (<0.35).,LOW_CONVICTION,-2.478630,MID,22.58,False,0.0,0.0,0.00,0.00
1688404560.0,TREND,NO_GO,HOLD,13.33,NORMAL,PRO,DEFENSIVE,1.0,0.50,Aegean:FLAT(0.30)|Orion:SHORT(0.20),Regime: TREND (Orion 2x). Score: -0.13. Low Conviction (<0.35).,LOW_CONVICTION,-5.499618,DIP,23.83,False,0.0,0.0,0.00,0.00
1688404620.0,TREND,NO_GO,HOLD,8.34,NORMAL,PRO,DEFENSIVE,1.0,0.50,Aegean:FLAT(0.30)|Orion:SHORT(0.13),Regime: TREND (Orion 2x). Score: -0.08. Low Conviction (<0.35).,LOW_CONVICTION,-3.966399,DIP,25.01,True,0.0,0.0,0.00,0.00
1688404680.0,TREND,NO_GO,HOLD,9.79,NORMAL,PRO,DEFENSIVE,1.0,0.50,Aegean:FLAT(0.30)|Orion:SHORT(0.15),Regime: TREND (Orion 2x). Score: -0.10. Low Conviction (<0.35).,LOW_CONVICTION,-3.559941,DIP,25.87,True,0.0,0.0,0.00,0.00
1688404740.0,TREND,NO_GO,HOLD,13.33,NORMAL,PRO,DEFENSIVE,1.0,0.50,Aegean:FLAT(0.50)|Orion:SHORT(0.20),Regime: TREND (Orion 2x). Score: -0.13. Low Conviction (<0.35).,LOW_CONVICTION,0.304101,MID,24.46,False,0.0,0.0,0.00,0.00
1688404800.0,TREND,NO_GO,HOLD,13.33,NORMAL,PRO,DEFENSIVE,1.0,0.50,Aegean:FLAT(0.50)|Orion:SHORT(0.20),Regime: TREND (Orion 2x). Score: -0.13. Low Conviction (<0.35).,LOW_CONVICTION,-0.378638,MID,24.00,False,0.0,0.0,0.00,0.00
1688404860.0,TREND,NO_GO,HOLD,13.33,NORMAL,PRO,DEFENSIVE,1.0,0.50,Aegean:FLAT(0.50)|Orion:SHORT(0.20),Regime: TREND (Orion 2x). Score: -0.13. Low Conviction (<0.35).,LOW_CONVICTION,-0.633547,MID,22.48,False,0.0,0.0,0.00,0.00
1688404920.0,TREND,NO_GO,HOLD,13.33,NORMAL,PRO,DEFENSIVE,1.0,0.50,Aegean:FLAT(0.50)|Orion:SHORT(0.20),Regime: TREND (Orion 2x). Score: -0.13. Low Conviction (<0.35).,LOW_CONVICTION,0.489783,MID,21.08,False,0.0,0.0,0.00,0.00
1688404980.0,CHOP,NO_GO,HOLD,13.33,NORMAL,PRO,DEFENSIVE,1.0,0.50,Aegean:FLAT(0.50)|Orion:SHORT(0.20),Regime: CHOP (Reduced Weights). Score: -0.13. Low Conviction (<0.35).,LOW_CONVICTION,0.640052,MID,19.95,False,0.0,0.0,0.00,0.00
1688405040.0,CHOP,NO_GO,HOLD,13.33,NORMAL,PRO,DEFENSIVE,1.0,0.50,Aegean:FLAT(0.50)|Orion:SHORT(0.20),Regime: CHOP (Reduced Weights). Score: -0.13. Low Conviction (<0.35).,LOW_CONVICTION,0.012206,MID,18.74,False,0.0,0.0,0.00,0.00
1688405100.0,CHOP,NO_GO,HOLD,13.33,NORMAL,PRO,DEFENSIVE,1.0,0.50,Aegean:FLAT(0.50)|Orion:SHORT(0.20),Regime: CHOP (Reduced Weights). Score: -0.13. Low Conviction (<0.35).,LOW_CONVICTION,0.965042,MID,17.79,False,0.0,0.0,0.00,0.00
1688405160.0,CHOP,NO_GO,HOLD,13.33,NORMAL,PRO,DEFENSIVE,1.0,0.50,Aegean:FLAT(0.50)|Orion:LONG(0.20),Regime: CHOP (Reduced Weights). Score: 0.13. Low Conviction (<0.35).,LOW_CONVICTION,1.698050,MID,17.21,False,0.0,0.0,0.00,0.00
1688405220.0,CHOP,NO_GO,HOLD,13.33,NORMAL,PRO,DEFENSIVE,1.0,0.50,Aegean:FLAT(0.50)|Orion:LONG(0.20),Regime: CHOP (Reduced Weights). Score: 0.13. Low Conviction (<0.35).,LOW_CONVICTION,2.823694,MID,17.58,False,0.0,0.0,0.00,0.00
1688405280.0,CHOP,NO_GO,HOLD,13.33,NORMAL,PRO,DEFENSIVE,1.0,0.50,Aegean:FLAT(0.30)|Orion:LONG(0.20),Regime: CHOP (Reduced Weights). Score: 0.13. Low Conviction (<0.35).,LOW_CONVICTION,3.562926,TOP,18.06,False,0.0,0.0,0.00,0.00
1688405340.0,CHOP,NO_GO,HOLD,13.33,NORMAL,PRO,DEFENSIVE,1.0,0.50,Aegean:FLAT(0.50)|Orion:LONG(0.20),Regime: CHOP (Reduced Weights). Score: 0.13. Low Conviction (<0.35).,LOW_CONVICTION,2.901390,TOP,18.34,False,0.0,0.0,0.00,0.00
1688405400.0,CHOP,NO_GO,HOLD,13.33,NORMAL,PRO,DEFENSIVE,1.0,0.50,Aegean:FLAT(0.50)|Orion:LONG(0.20),Regime: CHOP (Reduced Weights). Score: 0.13. Low Conviction (<0.35).,LOW_CONVICTION,2.698541,TOP,18.60,False,0.0,0.0,0.00,0.00
1688405460.0,CHOP,NO_GO,HOLD,13.33,NORMAL,PRO,DEFENSIVE,1.0,0.50,Aegean:FLAT(0.50)|Orion:SHORT(0.20),Regime: CHOP (Reduced Weights). Score: -0.13. Low Conviction (<0.35).,LOW_CONVICTION,0.006564,MID,17.54,False,0.0,0.0,0.00,0.00
1688405520.0,CHOP,NO_GO,HOLD,13.33,NORMAL,PRO,DEFENSIVE,1.0,0.50,Aegean:FLAT(0.50)|Orion:SHORT(0.20),Regime: CHOP (Reduced Weights). Score: -0.13. Low Conviction (<0.35).,LOW_CONVICTION,0.145058,MID,16.58,False,0.0,0.0,0.00,0.00
1688405580.0,CHOP,NO_GO,HOLD,13.33,NORMAL,PRO,DEFENSIVE,1.0,0.50,Aegean:FLAT(0.50)|Orion:LONG(0.20),Regime: CHOP (Reduced Weights). Score: 0.13. Low Conviction (<0.35).,LOW_CONVICTION,0.423433,MID,15.44,False,0.0,0.0,0.00,0.00
1688405640.0,CHOP,NO_GO,HOLD,13.33,NORMAL,PRO,DEFENSIVE,1.0,0.50,Aegean:FLAT(0.50)|Orion:LONG(0.20),Regime: CHOP (Reduced Weights). Score: 0.13. Low Conviction (<0.35).,LOW_CONVICTION,0.398258,MID,14.38,False,0.0,0.0,0.00,0.00
1688405700.0,CHOP,NO_GO,HOLD,13.33,NORMAL,PRO,DEFENSIVE,1.0,0.50,Aegean:FLAT(0.50)|Orion:LONG(0.20),Regime: CHOP (Reduced Weights). Score: 0.13. Low Conviction (<0.35).,LOW_CONVICTION,2.069223,TOP,14.20,False,0.0,0.0,0.00,0.00
1688405760.0,CHOP,NO_GO,HOLD,13.33,NORMAL,PRO,DEFENSIVE,1.0,0.50,Aegean:FLAT(0.30)|Orion:LONG(0.20),Regime: CHOP (Reduced Weights). Score: 0.13. Low Conviction (<0.35).,LOW_CONVICTION,4.835626,TOP,15.30,False,0.0,0.0,0.00,0.00
1688405820.0,CHOP,NO_GO,HOLD,13.33,NORMAL,PRO,DEFENSIVE,1.0,0.50,Aegean:FLAT(0.30)|Orion:LONG(0.20),Regime: CHOP (Reduced Weights). Score: 0.13. Low Conviction (<0.35).,LOW_CONVICTION,4.697127,TOP,16.42,False,0.0,0.0,0.00,0.00
1688405880.0,CHOP,NO_GO,HOLD,13.33,NORMAL,PRO,DEFENSIVE,1.0,0.50,Aegean:FLAT(0.30)|Orion:LONG(0.20),Regime: CHOP (Reduced Weights). Score: 0.13. Low Conviction (<0.35).,LOW_CONVICTION,4.182942,TOP,17.63,False,0.0,0.0,0.00,0.00
1688405940.0,CHOP,NO_GO,HOLD,13.33,NORMAL,PRO,DEFENSIVE,1.0,0.50,Aegean:FLAT(0.30)|Orion:LONG(0.20),Regime: CHOP (Reduced Weights). Score: 0.13. Low Conviction (<0.35).,LOW_CONVICTION,4.749283,TOP,18.65,False,0.0,0.0,0.00,0.00
1688406000.0,CHOP,NO_GO,HOLD,13.33,NORMAL,PRO,DEFENSIVE,1.0,0.50,Aegean:FLAT(0.50)|Orion:LONG(0.20),Regime: CHOP (Reduced Weights). Score: 0.13. Low Conviction (<0.35).,LOW_CONVICTION,2.860231,MID,20.01,False,0.0,0.0,0.00,0.00
1688406060.0,TREND,NO_GO,HOLD,13.33,NORMAL,PRO,DEFENSIVE,1.0,0.50,Aegean:FLAT(0.50)|Orion:LONG(0.20),Regime: TREND (Orion 2x). Score: 0.13. Low Conviction (<0.35).,LOW_CONVICTION,1.942595,MID,20.73,False,0.0,0.0,0.00,0.00
1688406120.0,TREND,NO_GO,HOLD,13.33,NORMAL,PRO,DEFENSIVE,1.0,0.50,Aegean:FLAT(0.50)|Orion:LONG(0.20),Regime: TREND (Orion 2x). Score: 0.13. Low Conviction (<0.35).,LOW_CONVICTION,1.403865,MID,21.19,False,0.0,0.0,0.00,0.00
1688406180.0,TREND,NO_GO,HOLD,13.33,NORMAL,PRO,DEFENSIVE,1.0,0.50,Aegean:FLAT(0.50)|Orion:LONG(0.20),Regime: TREND (Orion 2x). Score: 0.13. Low Conviction (<0.35).,LOW_CONVICTION,1.283692,MID,21.61,False,0.0,0.0,0.00,0.00
1688406240.0,TREND,NO_GO,HOLD,13.33,NORMAL,PRO,DEFENSIVE,1.0,0.50,Aegean:FLAT(0.50)|Orion:LONG(0.20),Regime: TREND (Orion 2x). Score: 0.13. Low Conviction (<0.35).,LOW_CONVICTION,1.195436,MID,22.00,False,0.0,0.0,0.00,0.00
1688406300.0,TREND,NO_GO,HOLD,13.33,NORMAL,PRO,DEFENSIVE,1.0,0.50,Aegean:FLAT(0.50)|Orion:LONG(0.20),Regime: TREND (Orion 2x). Score: 0.13. Low Conviction (<0.35).,LOW_CONVICTION,0.122854,MID,21.30,False,0.0,0.0,0.00,0.00
1688406360.0,TREND,NO_GO,HOLD,13.33,NORMAL,PRO,DEFENSIVE,1.0,0.50,Aegean:FLAT(0.50)|Orion:LONG(0.20),Regime: TREND (Orion 2x). Score: 0.13. Low Conviction (<0.35).,LOW_CONVICTION,-0.341479,MID,20.83,False,0.0,0.0,0.00,0.00
1688406420.0,TREND,NO_GO,HOLD,13.33,NORMAL,PRO,DEFENSIVE,1.0,0.50,Aegean:FLAT(0.50)|Orion:LONG(0.20),Regime: TREND (Orion 2x). Score: 0.13. Low Conviction (<0.35).,LOW_CONVICTION,0.642850,MID,20.54,False,0.0,0.0,0.00,0.00
1688406480.0,TREND,NO_GO,HOLD,13.33,NORMAL,PRO,DEFENSIVE,1.0,0.50,Aegean:FLAT(0.50)|Orion:LONG(0.20),Regime: TREND (Orion 2x). Score: 0.13. Low Conviction (<0.35).,LOW_CONVICTION,2.023739,MID,21.02,False,0.0,0.0,0.00,0.00
1688406540.0,TREND,NO_GO,HOLD,13.33,NORMAL,PRO,DEFENSIVE,1.0,0.50,Aegean:FLAT(0.50)|Orion:LONG(0.20),Regime: TREND (Orion 2x). Score: 0.13. Low Conviction (<0.35).,LOW_CONVICTION,1.054622,MID,21.45,False,0.0,0.0,0.00,0.00
1688406600.0,TREND,NO_GO,HOLD,13.33,NORMAL,PRO,DEFENSIVE,1.0,0.50,Aegean:FLAT(0.50)|Orion:LONG(0.20),Regime: TREND (Orion 2x). Score: 0.13. Low Conviction (<0.35).,LOW_CONVICTION,0.692721,MID,21.49,False,0.0,0.0,0.00,0.00
1688406660.0,TREND,NO_GO,HOLD,13.33,NORMAL,PRO,DEFENSIVE,1.0,0.50,Aegean:FLAT(0.50)|Orion:LONG(0.20),Regime: TREND (Orion 2x). Score: 0.13. Low Conviction (<0.35).,LOW_CONVICTION,2.215776,MID,22.00,False,0.0,0.0,0.00,0.00
1688406720.0,TREND,NO_GO,HOLD,13.33,NORMAL,PRO,DEFENSIVE,1.0,0.50,Aegean:FLAT(0.50)|Orion:LONG(0.20),Regime: TREND (Orion 2x). Score: 0.13. Low Conviction (<0.35).,LOW_CONVICTION,1.507002,MID,22.54,False,0.0,0.0,0.00,0.00
1688406780.0,TREND,NO_GO,HOLD,13.33,NORMAL,PRO,DEFENSIVE,1.0,0.50,Aegean:FLAT(0.50)|Orion:LONG(0.20),Regime: TREND (Orion 2x). Score: 0.13. Low Conviction (<0.35).,LOW_CONVICTION,1.920818,MID,23.05,False,0.0,0.0,0.00,0.00
1688406840.0,TREND,NO_GO,HOLD,13.33,NORMAL,PRO,DEFENSIVE,1.0,0.50,Aegean:FLAT(0.50)|Orion:LONG(0.20),Regime: TREND (Orion 2x). Score: 0.13. Low Conviction (<0.35).,LOW_CONVICTION,1.695656,MID,23.51,False,0.0,0.0,0.00,0.00
1688406900.0,TREND,NO_GO,HOLD,13.33,NORMAL,PRO,DEFENSIVE,1.0,0.50,Aegean:FLAT(0.50)|Orion:LONG(0.20),Regime: TREND (Orion 2x). Score: 0.13. Low Conviction (<0.35).,LOW_CONVICTION,-0.094336,MID,22.33,False,0.0,0.0,0.00,0.00
1688406960.0,TREND,NO_GO,HOLD,13.33,NORMAL,PRO,DEFENSIVE,1.0,0.50,Aegean:FLAT(0.50)|Orion:LONG(0.20),Regime: TREND (Orion 2x). Score: 0.13. Low Conviction (<0.35).,LOW_CONVICTION,-1.065209,DIP,21.03,False,0.0,0.0,0.00,0.00
1688407020.0,TREND,NO_GO,HOLD,13.33,NORMAL,PRO,DEFENSIVE,1.0,0.50,Aegean:FLAT(0.50)|Orion:LONG(0.20),Regime: TREND (Orion 2x). Score: 0.13. Low Conviction (<0.35).,LOW_CONVICTION,-1.163722,DIP,19.92,False,0.0,0.0,0.00,0.00
1688407080.0,TREND,NO_GO,HOLD,13.33,NORMAL,PRO,DEFENSIVE,1.0,0.50,Aegean:FLAT(0.50)|Orion:LONG(0.20),Regime: TREND (Orion 2x). Score: 0.13. Low Conviction (<0.35).,LOW_CONVICTION,-1.145690,MID,20.25,False,0.0,0.0,0.00,0.00
1688407140.0,TREND,NO_GO,HOLD,13.33,NORMAL,PRO,DEFENSIVE,1.0,0.50,Aegean:FLAT(0.50)|Orion:LONG(0.20),Regime: TREND (Orion 2x). Score: 0.13. Low Conviction (<0.35).,LOW_CONVICTION,-1.290331,MID,20.56,False,0.0,0.0,0.00,0.00
1688407200.0,TREND,NO_GO,HOLD,13.33,NORMAL,PRO,DEFENSIVE,1.0,0.50,Aegean:FLAT(0.50)|Orion:LONG(0.20),Regime: TREND (Orion 2x). Score: 0.13. Low Conviction (<0.35).,LOW_CONVICTION,-0.755810,MID,21.09,False,0.0,0.0,0.00,0.00
1688407260.0,TREND,NO_GO,HOLD,13.33,NORMAL,PRO,DEFENSIVE,1.0,0.50,Aegean:FLAT(0.50)|Orion:LONG(0.20),Regime: TREND (Orion 2x). Score: 0.13. Low Conviction (<0.35).,LOW_CONVICTION,0.027754,MID,21.02,False,0.0,0.0,0.00,0.00
1688407320.0,TREND,NO_GO,HOLD,13.33,NORMAL,PRO,DEFENSIVE,1.0,0.50,Aegean:FLAT(0.50)|Orion:LONG(0.20),Regime: TREND (Orion 2x). Score: 0.13. Low Conviction (<0.35).,LOW_CONVICTION,-0.437818,MID,20.98,False,0.0,0.0,0.00,0.00
1688407380.0,TREND,NO_GO,HOLD,13.33,NORMAL,PRO,DEFENSIVE,1.0,0.50,Aegean:FLAT(0.50)|Orion:LONG(0.20),Regime: TREND (Orion 2x). Score: 0.13. Low Conviction (<0.35).,LOW_CONVICTION,0.044517,MID,20.92,False,0.0,0.0,0.00,0.00
1688407440.0,TREND,NO_GO,HOLD,13.33,NORMAL,PRO,DEFENSIVE,1.0,0.50,Aegean:FLAT(0.50)|Orion:LONG(0.20),Regime: TREND (Orion 2x). Score: 0.13. Low Conviction (<0.35).,LOW_CONVICTION,0.111972,MID,20.78,False,0.0,0.0,0.00,0.00
1688407500.0,TREND,NO_GO,HOLD,13.33,NORMAL,PRO,DEFENSIVE,1.0,0.50,Aegean:FLAT(0.50)|Orion:LONG(0.20),Regime: TREND (Orion 2x). Score: 0.13. Low Conviction (<0.35).,LOW_CONVICTION,-0.743567,MID,21.20,False,0.0,0.0,0.00,0.00
1688407560.0,TREND,NO_GO,HOLD,13.33,NORMAL,PRO,DEFENSIVE,1.0,0.50,Aegean:FLAT(0.50)|Orion:LONG(0.20),Regime: TREND (Orion 2x). Score: 0.13. Low Conviction (<0.35).,LOW_CONVICTION,-0.699432,MID,21.56,False,0.0,0.0,0.00,0.00
1688407620.0,TREND,NO_GO,HOLD,13.33,NORMAL,PRO,DEFENSIVE,1.0,0.50,Aegean:FLAT(0.50)|Orion:LONG(0.20),Regime: TREND (Orion 2x). Score: 0.13. Low Conviction (<0.35).,LOW_CONVICTION,0.404062,MID,20.73,False,0.0,0.0,0.00,0.00
1688407680.0,CHOP,NO_GO,HOLD,13.33,NORMAL,PRO,DEFENSIVE,1.0,0.50,Aegean:FLAT(0.50)|Orion:LONG(0.20),Regime: CHOP (Reduced Weights). Score: 0.13. Low Conviction (<0.35).,LOW_CONVICTION,1.267274,MID,19.40,False,0.0,0.0,0.00,0.00
1688407740.0,CHOP,NO_GO,HOLD,13.33,NORMAL,PRO,DEFENSIVE,1.0,0.50,Aegean:FLAT(0.50)|Orion:LONG(0.20),Regime: CHOP (Reduced Weights). Score: 0.13. Low Conviction (<0.35).,LOW_CONVICTION,0.530566,MID,18.18,False,0.0,0.0,0.00,0.00
1688407800.0,CHOP,NO_GO,HOLD,13.33,NORMAL,PRO,DEFENSIVE,1.0,0.50,Aegean:FLAT(0.50)|Orion:LONG(0.20),Regime: CHOP (Reduced Weights). Score: 0.13. Low Conviction (<0.35).,LOW_CONVICTION,0.529892,MID,17.05,False,0.0,0.0,0.00,0.00
1688407860.0,CHOP,NO_GO,HOLD,13.33,NORMAL,PRO,DEFENSIVE,1.0,0.50,Aegean:FLAT(0.50)|Orion:LONG(0.20),Regime: CHOP (Reduced Weights). Score: 0.13. Low Conviction (<0.35).,LOW_CONVICTION,0.477312,MID,16.02,False,0.0,0.0,0.00,0.00
1688407920.0,CHOP,NO_GO,HOLD,13.33,NORMAL,PRO,DEFENSIVE,1.0,0.50,Aegean:FLAT(0.50)|Orion:LONG(0.20),Regime: CHOP (Reduced Weights). Score: 0.13. Low Conviction (<0.35).,LOW_CONVICTION,0.423772,MID,15.03,False,0.0,0.0,0.00,0.00
1688407980.0,CHOP,NO_GO,HOLD,13.33,NORMAL,PRO,DEFENSIVE,1.0,0.50,Aegean:FLAT(0.50)|Orion:LONG(0.20),Regime: CHOP (Reduced Weights). Score: 0.13. Low Conviction (<0.35).,LOW_CONVICTION,0.912918,MID,14.71,False,0.0,0.0,0.00,0.00
1688408040.0,CHOP,NO_GO,HOLD,13.33,NORMAL,PRO,DEFENSIVE,1.0,0.50,Aegean:FLAT(0.50)|Orion:LONG(0.20),Regime: CHOP (Reduced Weights). Score: 0.13. Low Conviction (<0.35).,LOW_CONVICTION,2.735829,TOP,16.06,False,0.0,0.0,0.00,0.00
1688408100.0,CHOP,NO_GO,HOLD,13.33,NORMAL,PRO,DEFENSIVE,1.0,0.50,Aegean:FLAT(0.50)|Orion:LONG(0.20),Regime: CHOP (Reduced Weights). Score: 0.13. Low Conviction (<0.35).,LOW_CONVICTION,3.083114,TOP,17.71,False,0.0,0.0,0.00,0.00
1688408160.0,TREND,NO_GO,HOLD,13.33,NORMAL,PRO,DEFENSIVE,1.0,0.50,Aegean:FLAT(0.50)|Orion:LONG(0.20),Regime: TREND (Orion 2x). Score: 0.13. Low Conviction (<0.35).,LOW_CONVICTION,2.781663,TOP,19.19,False,0.0,0.0,0.00,0.00
1688408220.0,TREND,NO_GO,HOLD,13.33,NORMAL,PRO,DEFENSIVE,1.0,0.50,Aegean:FLAT(0.50)|Orion:LONG(0.20),Regime: TREND (Orion 2x). Score: 0.13. Low Conviction (<0.35).,LOW_CONVICTION,2.517136,TOP,20.57,False,0.0,0.0,0.00,0.00
1688408280.0,TREND,NO_GO,HOLD,13.33,NORMAL,PRO,DEFENSIVE,1.0,0.50,Aegean:FLAT(0.50)|Orion:LONG(0.20),Regime: TREND (Orion 2x). Score: 0.13. Low Conviction (<0.35).,LOW_CONVICTION,0.839116,MID,20.03,False,0.0,0.0,0.00,0.00
1688408340.0,CHOP,NO_GO,HOLD,13.33,NORMAL,PRO,DEFENSIVE,1.0,0.50,Aegean:FLAT(0.50)|Orion:LONG(0.20),Regime: CHOP (Reduced Weights). Score: 0.13. Low Conviction (<0.35).,LOW_CONVICTION,0.229148,MID,18.81,False,0.0,0.0,0.00,0.00
1688408400.0,CHOP,NO_GO,HOLD,13.33,NORMAL,PRO,DEFENSIVE,1.0,0.50,Aegean:FLAT(0.50)|Orion:LONG(0.20),Regime: CHOP (Reduced Weights). Score: 0.13. Low Conviction (<0.35).,LOW_CONVICTION,-0.456348,MID,17.72,False,0.0,0.0,0.00,0.00
1688408460.0,CHOP,NO_GO,HOLD,13.33,NORMAL,PRO,DEFENSIVE,1.0,0.50,Aegean:FLAT(0.50)|Orion:LONG(0.20),Regime: CHOP (Reduced Weights). Score: 0.13. Low Conviction (<0.35).,LOW_CONVICTION,0.544112,MID,16.47,False,0.0,0.0,0.00,0.00
1688408520.0,CHOP,NO_GO,HOLD,13.33,NORMAL,PRO,DEFENSIVE,1.0,0.50,Aegean:FLAT(0.50)|Orion:LONG(0.20),Regime: CHOP (Reduced Weights). Score: 0.13. Low Conviction (<0.35).,LOW_CONVICTION,1.064673,MID,15.85,False,0.0,0.0,0.00,0.00
1688408580.0,CHOP,NO_GO,HOLD,13.33,NORMAL,PRO,DEFENSIVE,1.0,0.50,Aegean:FLAT(0.50)|Orion:SHORT(0.20),Regime: CHOP (Reduced Weights). Score: -0.13. Low Conviction (<0.35).,LOW_CONVICTION,-0.940515,MID,15.40,False,0.0,0.0,0.00,0.00
1688408640.0,CHOP,NO_GO,HOLD,13.33,NORMAL,PRO,DEFENSIVE,1.0,0.50,Aegean:FLAT(0.50)|Orion:LONG(0.20),Regime: CHOP (Reduced Weights). Score: 0.13. Low Conviction (<0.35).,LOW_CONVICTION,-0.350794,MID,15.01,False,0.0,0.0,0.00,0.00
1688408700.0,CHOP,NO_GO,HOLD,13.33,NORMAL,PRO,DEFENSIVE,1.0,0.50,Aegean:FLAT(0.50)|Orion:SHORT(0.20),Regime: CHOP (Reduced Weights). Score: -0.13. Low Conviction (<0.35).,LOW_CONVICTION,-1.346314,MID,15.10,False,0.0,0.0,0.00,0.00
1688408760.0,CHOP,NO_GO,HOLD,13.33,NORMAL,PRO,DEFENSIVE,1.0,0.50,Aegean:FLAT(0.50)|Orion:SHORT(0.20),Regime: CHOP (Reduced Weights). Score: -0.13. Low Conviction (<0.35).,LOW_CONVICTION,-2.210036,DIP,16.14,False,0.0,0.0,0.00,0.00
1688408820.0,CHOP,NO_GO,HOLD,13.33,NORMAL,PRO,DEFENSIVE,1.0,0.50,Aegean:FLAT(0.50)|Orion:SHORT(0.20),Regime: CHOP (Reduced Weights). Score: -0.13. Low Conviction (<0.35).,LOW_CONVICTION,-2.378268,DIP,17.11,False,0.0,0.0,0.00,0.00
1688408880.0,CHOP,NO_GO,HOLD,13.33,NORMAL,PRO,DEFENSIVE,1.0,0.50,Aegean:FLAT(0.50)|Orion:SHORT(0.20),Regime: CHOP (Reduced Weights). Score: -0.13. Low Conviction (<0.35).,LOW_CONVICTION,-2.378867,DIP,18.17,False,0.0,0.0,0.00,0.00
1688408940.0,TREND,NO_GO,HOLD,13.33,NORMAL,PRO,DEFENSIVE,1.0,0.50,Aegean:FLAT(0.50)|Orion:SHORT(0.20),Regime: TREND (Orion 2x). Score: -0.13. Low Conviction (<0.35).,LOW_CONVICTION,-1.931959,DIP,19.16,False,0.0,0.0,0.00,0.00
1688409000.0,TREND,NO_GO,HOLD,13.33,NORMAL,PRO,DEFENSIVE,1.0,0.50,Aegean:FLAT(0.50)|Orion:SHORT(0.20),Regime: TREND (Orion 2x). Score: -0.13. Low Conviction (<0.35).,LOW_CONVICTION,-0.123950,MID,18.23,False,0.0,0.0,0.00,0.00
1688409060.0,CHOP,NO_GO,HOLD,13.33,NORMAL,PRO,DEFENSIVE,1.0,0.50,Aegean:FLAT(0.50)|Orion:SHORT(0.20),Regime: CHOP (Reduced Weights). Score: -0.13. Low Conviction (<0.35).,LOW_CONVICTION,0.004195,MID,17.37,False,0.0,0.0,0.00,0.00
1688409120.0,CHOP,NO_GO,HOLD,13.33,NORMAL,PRO,DEFENSIVE,1.0,0.50,Aegean:FLAT(0.50)|Orion:SHORT(0.20),Regime: CHOP (Reduced Weights). Score: -0.13. Low Conviction (<0.35).,LOW_CONVICTION,-0.224868,MID,16.69,False,0.0,0.0,0.00,0.00
1688409180.0,CHOP,NO_GO,HOLD,13.33,NORMAL,PRO,DEFENSIVE,1.0,0.50,Aegean:FLAT(0.50)|Orion:LONG(0.20),Regime: CHOP (Reduced Weights). Score: 0.13. Low Conviction (<0.35).,LOW_CONVICTION,0.233710,MID,15.59,False,0.0,0.0,0.00,0.00
1688409240.0,CHOP,NO_GO,HOLD,13.33,NORMAL,PRO,DEFENSIVE,1.0,0.50,Aegean:FLAT(0.50)|Orion:SHORT(0.20),Regime: CHOP (Reduced Weights). Score: -0.13. Low Conviction (<0.35).,LOW_CONVICTION,-1.602954,DIP,15.19,False,0.0,0.0,0.00,0.00
1688409300.0,CHOP,NO_GO,HOLD,13.33,NORMAL,PRO,DEFENSIVE,1.0,0.50,Aegean:FLAT(0.50)|Orion:SHORT(0.20),Regime: CHOP (Reduced Weights). Score: -0.13. Low Conviction (<0.35).,LOW_CONVICTION,-1.477609,DIP,14.94,False,0.0,0.0,0.00,0.00
1688409360.0,CHOP,NO_GO,HOLD,13.33,NORMAL,PRO,DEFENSIVE,1.0,0.50,Aegean:FLAT(0.50)|Orion:SHORT(0.20),Regime: CHOP (Reduced Weights). Score: -0.13. Low Conviction (<0.35).,LOW_CONVICTION,-0.150944,MID,13.92,False,0.0,0.0,0.00,0.00
1688409420.0,CHOP,NO_GO,HOLD,13.33,NORMAL,PRO,DEFENSIVE,1.0,0.50,Aegean:FLAT(0.50)|Orion:SHORT(0.20),Regime: CHOP (Reduced Weights). Score: -0.13. Low Conviction (<0.35).,LOW_CONVICTION,-0.140908,MID,13.01,False,0.0,0.0,0.00,0.00
1688409480.0,CHOP,NO_GO,HOLD,13.33,NORMAL,PRO,DEFENSIVE,1.0,0.50,Aegean:FLAT(0.50)|Orion:LONG(0.20),Regime: CHOP (Reduced Weights). Score: 0.13. Low Conviction (<0.35).,LOW_CONVICTION,0.509321,MID,12.69,False,0.0,0.0,0.00,0.00
1688409540.0,CHOP,NO_GO,HOLD,13.33,NORMAL,PRO,DEFENSIVE,1.0,0.50,Aegean:FLAT(0.50)|Orion:LONG(0.20),Regime: CHOP (Reduced Weights). Score: 0.13. Low Conviction (<0.35).,LOW_CONVICTION,0.443105,MID,12.44,False,0.0,0.0,0.00,0.00
1688409600.0,CHOP,NO_GO,HOLD,13.33,NORMAL,PRO,DEFENSIVE,1.0,0.50,Aegean:FLAT(0.50)|Orion:LONG(0.20),Regime: CHOP (Reduced Weights). Score: 0.13. Low Conviction (<0.35).,LOW_CONVICTION,1.931823,TOP,13.38,False,0.0,0.0,0.00,0.00
1688409660.0,CHOP,NO_GO,HOLD,13.33,NORMAL,PRO,DEFENSIVE,1.0,0.50,Aegean:FLAT(0.50)|Orion:LONG(0.20),Regime: CHOP (Reduced Weights). Score: 0.13. Low Conviction (<0.35).,LOW_CONVICTION,2.415197,TOP,14.87,False,0.0,0.0,0.00,0.00
1688409720.0,CHOP,NO_GO,HOLD,13.33,NORMAL,PRO,DEFENSIVE,1.0,0.50,Aegean:FLAT(0.30)|Orion:LONG(0.20),Regime: CHOP (Reduced Weights). Score: 0.13. Low Conviction (<0.35).,LOW_CONVICTION,3.239388,TOP,16.66,False,0.0,0.0,0.00,0.00
1688409780.0,TREND,NO_GO,HOLD,13.33,NORMAL,PRO,DEFENSIVE,1.0,0.50,Aegean:FLAT(0.30)|Orion:LONG(0.20),Regime: TREND (Orion 2x). Score: 0.13. Low Conviction (<0.35).,LOW_CONVICTION,5.018554,TOP,19.40,False,0.0,0.0,0.00,0.00
1688409840.0,TREND,NO_GO,HOLD,13.33,NORMAL,PRO,DEFENSIVE,1.0,0.50,Aegean:FLAT(0.30)|Orion:LONG(0.20),Regime: TREND (Orion 2x). Score: 0.13. Low Conviction (<0.35).,LOW_CONVICTION,7.794438,TOP,22.61,False,0.0,0.0,0.00,0.00
1688409900.0,TREND,NO_GO,HOLD,33.62,NORMAL,PRO,DEFENSIVE,1.0,0.50,Aegean:LONG(0.70)|Orion:LONG(0.15),Regime: TREND (Orion 2x). Score: 0.34. Low Conviction (<0.35).,LOW_CONVICTION,6.936891,MID,26.17,True,0.0,0.0,0.00,0.00
1688409960.0,TREND,GO,BUY,35.84,NORMAL,PRO,DEFENSIVE,1.0,0.50,Aegean:LONG(0.70)|Orion:LONG(0.19),Regime: TREND (Orion 2x). Score: 0.36. Bullish Consensus.,,3.512030,MID,27.50,True,6.3,20.0,2.00,5.08
1688410020.0,TREND,NO_GO,HOLD,13.86,NORMAL,PRO,DEFENSIVE,1.0,0.50,Aegean:FLAT(0.50)|Orion:LONG(0.21),Regime: TREND (Orion 2x). Score: 0.14. Low Conviction (<0.35).,LOW_CONVICTION,1.827107,MID,28.32,True,0.0,0.0,0.00,0.00
1688410080.0,TREND,NO_GO,HOLD,15.40,NORMAL,PRO,DEFENSIVE,1.0,0.50,Aegean:FLAT(0.50)|Orion:LONG(0.23),Regime: TREND (Orion 2x). Score: 0.15. Low Conviction (<0.35).,LOW_CONVICTION,2.619777,MID,29.24,True,0.0,0.0,0.00,0.00
1688410140.0,TREND,NO_GO,HOLD,18.55,NORMAL,PRO,DEFENSIVE,1.0,0.50,Aegean:FLAT(0.30)|Orion:LONG(0.28),Regime: TREND (Orion 2x). Score: 0.19. Low Conviction (<0.35).,LOW_CONVICTION,6.940731,TOP,31.13,True,0.0,0.0,0.00,0.00
1688410200.0,TREND,NO_GO,HOLD,23.51,NORMAL,PRO,DEFENSIVE,1.0,0.50,Aegean:FLAT(0.30)|Orion:LONG(0.35),Regime: TREND (Orion 2x). Score: 0.24. Low Conviction (<0.35).,LOW_CONVICTION,14.850185,TOP,34.11,True,0.0,0.0,0.00,0.00
1688410260.0,TREND,NO_GO,HOLD,28.21,NORMAL,PRO,DEFENSIVE,1.0,0.50,Aegean:FLAT(0.30)|Orion:LONG(0.42),Regime: TREND (Orion 2x). Score: 0.28. Low Conviction (<0.35).,LOW_CONVICTION,15.037806,TOP,36.92,True,0.0,0.0,0.00,0.00
1688410320.0,TREND,NO_GO,HOLD,32.58,NORMAL,PRO,DEFENSIVE,1.0,0.50,Aegean:FLAT(0.30)|Orion:LONG(0.49),Regime: TREND (Orion 2x). Score: 0.33. Low Conviction (<0.35).,LOW_CONVICTION,13.929236,TOP,39.55,True,0.0,0.0,0.00,0.00
1688410380.0,TREND,GO,BUY,59.92,NORMAL,PRO,DEFENSIVE,1.0,0.50,Aegean:LONG(0.70)|Orion:LONG(0.55),Regime: TREND (Orion 2x). Score: 0.60. Bullish Consensus.,,7.420566,MID,41.95,True,16.7,20.0,2.00,8.14
1688410440.0,TREND,GO,BUY,62.25,NORMAL,PRO,DEFENSIVE,1.0,0.50,Aegean:LONG(0.70)|Orion:LONG(0.58),Regime: TREND (Orion 2x). Score: 0.62. Bullish Consensus.,,5.487042,MID,43.35,True,16.7,20.0,2.00,7.99
1688410500.0,TREND,GO,BUY,62.35,NORMAL,PRO,DEFENSIVE,1.0,0.50,Aegean:LONG(0.70)|Orion:LONG(0.59),Regime: TREND (Orion 2x). Score: 0.62. Bullish Consensus.,,5.384467,MID,43.41,True,16.7,20.0,2.00,7.98
1688410560.0,TREND,GO,BUY,63.08,NORMAL,PRO,DEFENSIVE,1.0,0.50,Aegean:LONG(0.70)|Orion:LONG(0.60),Regime: TREND (Orion 2x). Score: 0.63. Bullish Consensus.,,7.157394,MID,43.85,True,16.5,20.0,2.00,8.39
1688410620.0,TREND,GO,BUY,63.88,NORMAL,PRO,DEFENSIVE,1.0,0.50,Aegean:LONG(0.70)|Orion:LONG(0.61),Regime: TREND (Orion 2x). Score: 0.64. Bullish Consensus.,,7.265340,MID,44.33,True,16.5,20.0,2.00,8.49
1688410680.0,TREND,GO,BUY,41.74,NORMAL,PRO,DEFENSIVE,1.0,0.50,Aegean:FLAT(0.30)|Orion:LONG(0.63),Regime: TREND (Orion 2x). Score: 0.42. Bullish Consensus.,,8.667539,TOP,45.05,True,16.4,20.0,2.00,8.87
1688410740.0,TREND,GO,BUY,66.23,NORMAL,PRO,DEFENSIVE,1.0,0.50,Aegean:LONG(0.70)|Orion:LONG(0.64),Regime: TREND (Orion 2x). Score: 0.66. Bullish Consensus.,,5.310960,MID,45.74,True,16.2,20.0,2.00,8.34
1688410800.0,TREND,GO,BUY,44.54,NORMAL,PRO,DEFENSIVE,1.0,0.50,Aegean:FLAT(0.30)|Orion:LONG(0.67),Regime: TREND (Orion 2x). Score: 0.45. Bullish Consensus.,,8.513615,TOP,46.73,True,16.4,20.0,2.00,9.11
1688410860.0,TREND,GO,BUY,46.30,NORMAL,PRO,DEFENSIVE,1.0,0.50,Aegean:FLAT(0.30)|Orion:LONG(0.69),Regime: TREND (Orion 2x). Score: 0.46. Bullish Consensus.,,8.676961,TOP,47.78,True,16.7,20.0,2.00,9.31
1688410920.0,TREND,GO,BUY,47.98,NORMAL,PRO,DEFENSIVE,1.0,0.50,Aegean:FLAT(0.30)|Orion:LONG(0.72),Regime: TREND (Orion 2x). Score: 0.48. Bullish Consensus.,,9.296614,TOP,48.79,True,16.5,20.0,2.00,9.59
1688410980.0,TREND,GO,BUY,71.17,NORMAL,PRO,DEFENSIVE,1.0,0.50,Aegean:LONG(0.70)|Orion:LONG(0.72),Regime: TREND (Orion 2x). Score: 0.71. Bullish Consensus.,,4.274852,MID,48.70,True,17.2,20.0,2.00,8.61
1688411040.0,TREND,GO,BUY,46.46,NORMAL,PRO,DEFENSIVE,1.0,0.50,Aegean:FLAT(0.50)|Orion:LONG(0.70),Regime: TREND (Orion 2x). Score: 0.46. Bullish Consensus.,,1.977239,MID,47.88,True,17.3,20.0,2.00,8.04
1688411100.0,TREND,GO,BUY,44.67,NORMAL,PRO,DEFENSIVE,1.0,0.50,Aegean:FLAT(0.50)|Orion:LONG(0.67),Regime: TREND (Orion 2x). Score: 0.45. Bullish Consensus.,,2.007597,MID,46.80,True,17.2,20.0,2.00,7.87
1688411160.0,TREND,GO,BUY,41.37,NORMAL,PRO,DEFENSIVE,1.0,0.50,Aegean:FLAT(0.50)|Orion:LONG(0.62),Regime: TREND (Orion 2x). Score: 0.41. Bullish Consensus.,,0.862497,MID,44.82,True,17.1,20.0,2.00,7.34
1688411220.0,TREND,GO,BUY,37.28,NORMAL,PRO,DEFENSIVE,1.0,0.50,Aegean:FLAT(0.50)|Orion:LONG(0.56),Regime: TREND (Orion 2x). Score: 0.37. Bullish Consensus.,,-2.072841,MID,42.37,True,17.2,20.0,2.00,7.18
1688411280.0,TREND,NO_GO,HOLD,33.49,NORMAL,PRO,DEFENSIVE,1.0,0.50,Aegean:FLAT(0.50)|Orion:LONG(0.50),Regime: TREND (Orion 2x). Score: 0.33. Low Conviction (<0.35).,LOW_CONVICTION,-2.367389,MID,40.09,True,0.0,0.0,0.00,0.00
1688411340.0,TREND,NO_GO,HOLD,28.97,NORMAL,PRO,DEFENSIVE,1.0,0.50,Aegean:FLAT(0.50)|Orion:LONG(0.43),Regime: TREND (Orion 2x). Score: 0.29. Low Conviction (<0.35).,LOW_CONVICTION,-1.688653,MID,37.38,True,0.0,0.0,0.00,0.00
1688411400.0,TREND,NO_GO,HOLD,25.15,NORMAL,PRO,DEFENSIVE,1.0,0.50,Aegean:FLAT(0.50)|Orion:LONG(0.38),Regime: TREND (Orion 2x). Score: 0.25. Low Conviction (<0.35).,LOW_CONVICTION,-1.109962,MID,35.09,True,0.0,0.0,0.00,0.00
1688411460.0,TREND,NO_GO,HOLD,22.17,NORMAL,PRO,DEFENSIVE,1.0,0.50,Aegean:FLAT(0.30)|Orion:LONG(0.33),Regime: TREND (Orion 2x). Score: 0.22. Low Conviction (<0.35).,LOW_CONVICTION,-4.465565,DIP,33.30,True,0.0,0.0,0.00,0.00
1688411520.0,TREND,NO_GO,HOLD,19.64,NORMAL,PRO,DEFENSIVE,1.0,0.50,Aegean:FLAT(0.30)|Orion:LONG(0.29),Regime: TREND (Orion 2x). Score: 0.20. Low Conviction (<0.35).,LOW_CONVICTION,-4.429093,DIP,31.78,True,0.0,0.0,0.00,0.00
1688411580.0,TREND,NO_GO,HOLD,17.24,NORMAL,PRO,DEFENSIVE,1.0,0.50,Aegean:FLAT(0.50)|Orion:LONG(0.26),Regime: TREND (Orion 2x). Score: 0.17. Low Conviction (<0.35).,LOW_CONVICTION,-1.998549,DIP,30.34,True,0.0,0.0,0.00,0.00
1688411640.0,TREND,NO_GO,HOLD,15.00,NORMAL,PRO,DEFENSIVE,1.0,0.50,Aegean:FLAT(0.50)|Orion:LONG(0.23),Regime: TREND (Orion 2x). Score: 0.15. Low Conviction (<0.35).,LOW_CONVICTION,-2.711079,DIP,29.00,True,0.0,0.0,0.00,0.00
1688411700.0,TREND,NO_GO,HOLD,11.82,NORMAL,PRO,DEFENSIVE,1.0,0.50,Aegean:FLAT(0.50)|Orion:LONG(0.18),Regime: TREND (Orion 2x). Score: 0.12. Low Conviction (<0.35).,LOW_CONVICTION,0.396606,MID,27.09,True,0.0,0.0,0.00,0.00
1688411760.0,TREND,NO_GO,HOLD,8.84,NORMAL,PRO,DEFENSIVE,1.0,0.50,Aegean:FLAT(0.50)|Orion:LONG(0.13),Regime: TREND (Orion 2x). Score: 0.09. Low Conviction (<0.35).,LOW_CONVICTION,-0.545832,MID,25.30,True,0.0,0.0,0.00,0.00
1688411820.0,TREND,NO_GO,HOLD,13.33,NORMAL,PRO,DEFENSIVE,1.0,0.50,Aegean:FLAT(0.50)|Orion:LONG(0.20),Regime: TREND (Orion 2x). Score: 0.13. Low Conviction (<0.35).,LOW_CONVICTION,-1.067540,MID,23.65,False,0.0,0.0,0.00,0.00
1688411880.0,TREND,NO_GO,HOLD,13.33,NORMAL,PRO,DEFENSIVE,1.0,0.50,Aegean:FLAT(0.50)|Orion:LONG(0.20),Regime: TREND (Orion 2x). Score: 0.13. Low Conviction (<0.35).,LOW_CONVICTION,1.889561,MID,23.28,False,0.0,0.0,0.00,0.00
1688411940.0,TREND,NO_GO,HOLD,13.33,NORMAL,PRO,DEFENSIVE,1.0,0.50,Aegean:FLAT(0.50)|Orion:LONG(0.20),Regime: TREND (Orion 2x). Score: 0.13. Low Conviction (<0.35).,LOW_CONVICTION,2.422226,MID,22.98,False,0.0,0.0,0.00,0.00
1688412000.0,TREND,NO_GO,HOLD,13.33,NORMAL,PRO,DEFENSIVE,1.0,0.50,Aegean:FLAT(0.50)|Orion:LONG(0.20),Regime: TREND (Orion 2x). Score: 0.13. Low Conviction (<0.35).,LOW_CONVICTION,0.672545,MID,22.51,False,0.0,0.0,0.00,0.00
1688412060.0,TREND,GO,BUY,36.67,NORMAL,PRO,DEFENSIVE,1.0,0.50,Aegean:LONG(0.70)|Orion:LONG(0.20),Regime: TREND (Orion 2x). Score: 0.37. Bullish Consensus.,,3.826097,MID,22.82,False,10.2,20.0,2.00,4.39
1688412120.0,TREND,GO,BUY,36.67,NORMAL,PRO,DEFENSIVE,1.0,0.50,Aegean:LONG(0.70)|Orion:LONG(0.20),Regime: TREND (Orion 2x). Score: 0.37. Bullish Consensus.,,5.513834,MID,23.61,False,10.5,20.0,2.00,4.84
1688412180.0,TREND,GO,BUY,36.67,NORMAL,PRO,DEFENSIVE,1.0,0.50,Aegean:LONG(0.70)|Orion:LONG(0.20),Regime: TREND (Orion 2x). Score: 0.37. Bullish Consensus.,,3.972917,MID,24.55,False,10.7,20.0,2.00,4.69
1688412240.0,TREND,NO_GO,HOLD,9.10,NORMAL,PRO,DEFENSIVE,1.0,0.50,Aegean:FLAT(0.30)|Orion:LONG(0.14),Regime: TREND (Orion 2x). Score: 0.09. Low Conviction (<0.35).,LOW_CONVICTION,4.207346,TOP,25.46,True,0.0,0.0,0.00,0.00
1688412300.0,TREND,NO_GO,HOLD,10.62,NORMAL,PRO,DEFENSIVE,1.0,0.50,Aegean:FLAT(0.30)|Orion:LONG(0.16),Regime: TREND (Orion 2x). Score: 0.11. Low Conviction (<0.35).,LOW_CONVICTION,4.202939,TOP,26.37,True,0.0,0.0,0.00,0.00
1688412360.0,TREND,GO,BUY,38.35,NORMAL,PRO,DEFENSIVE,1.0,0.50,Aegean:LONG(0.70)|Orion:LONG(0.23),Regime: TREND (Orion 2x). Score: 0.38. Bullish Consensus.,,9.411446,MID,29.01,True,12.4,20.0,2.00,6.45
1688412420.0,TREND,NO_GO,HOLD,19.22,NORMAL,PRO,DEFENSIVE,1.0,0.50,Aegean:FLAT(0.30)|Orion:LONG(0.29),Regime: TREND (Orion 2x). Score: 0.19. Low Conviction (<0.35).,LOW_CONVICTION,10.370150,TOP,31.53,True,0.0,0.0,0.00,0.00
1688412480.0,TREND,NO_GO,HOLD,23.62,NORMAL,PRO,DEFENSIVE,1.0,0.50,Aegean:FLAT(0.30)|Orion:LONG(0.35),Regime: TREND (Orion 2x). Score: 0.24. Low Conviction (<0.35).,LOW_CONVICTION,13.709349,TOP,34.17,True,0.0,0.0,0.00,0.00
1688412540.0,TREND,GO,BUY,51.08,NORMAL,PRO,DEFENSIVE,1.0,0.50,Aegean:LONG(0.70)|Orion:LONG(0.42),Regime: TREND (Orion 2x). Score: 0.51. Bullish Consensus.,,9.498397,MID,36.65,True,15.9,20.0,2.00,7.68
1688412600.0,TREND,GO,BUY,55.24,NORMAL,PRO,DEFENSIVE,1.0,0.50,Aegean:LONG(0.70)|Orion:LONG(0.48),Regime: TREND (Orion 2x). Score: 0.55. Bullish Consensus.,,9.323372,MID,39.14,True,17.2,20.0,2.00,8.05
1688412660.0,TREND,GO,BUY,55.12,NORMAL,PRO,DEFENSIVE,1.0,0.50,Aegean:LONG(0.70)|Orion:LONG(0.48),Regime: TREND (Orion 2x). Score: 0.55. Bullish Consensus.,,4.360116,MID,39.07,True,18.0,20.0,2.00,7.09
1688412720.0,TREND,GO,BUY,54.99,NORMAL,PRO,DEFENSIVE,1.0,0.50,Aegean:LONG(0.70)|Orion:LONG(0.47),Regime: TREND (Orion 2x). Score: 0.55. Bullish Consensus.,,4.780058,MID,39.00,True,17.6,20.0,2.00,7.16
1688412780.0,TREND,NO_GO,HOLD,29.66,NORMAL,PRO,DEFENSIVE,1.0,0.50,Aegean:FLAT(0.50)|Orion:LONG(0.44),Regime: TREND (Orion 2x). Score: 0.30. Low Conviction (<0.35).,LOW_CONVICTION,2.505486,MID,37.80,True,0.0,0.0,0.00,0.00
1688412840.0,TREND,GO,BUY,51.18,NORMAL,PRO,DEFENSIVE,1.0,0.50,Aegean:LONG(0.70)|Orion:LONG(0.42),Regime: TREND (Orion 2x). Score: 0.51. Bullish Consensus.,,3.698394,MID,36.71,True,16.7,20.0,2.00,6.58
1688412900.0,TREND,NO_GO,HOLD,26.17,NORMAL,PRO,DEFENSIVE,1.0,0.50,Aegean:FLAT(0.50)|Orion:LONG(0.39),Regime: TREND (Orion 2x). Score: 0.26. Low Conviction (<0.35).,LOW_CONVICTION,2.017192,MID,35.70,True,0.0,0.0,0.00,0.00
1688412960.0,TREND,NO_GO,HOLD,23.66,NORMAL,PRO,DEFENSIVE,1.0,0.50,Aegean:FLAT(0.50)|Orion:LONG(0.35),Regime: TREND (Orion 2x). Score: 0.24. Low Conviction (<0.35).,LOW_CONVICTION,1.142106,MID,34.19,True,0.0,0.0,0.00,0.00
1688413020.0,TREND,NO_GO,HOLD,21.44,NORMAL,PRO,DEFENSIVE,1.0,0.50,Aegean:FLAT(0.50)|Orion:LONG(0.32),Regime: TREND (Orion 2x). Score: 0.21. Low Conviction (<0.35).,LOW_CONVICTION,0.986548,MID,32.87,True,0.0,0.0,0.00,0.00
1688413080.0,TREND,GO,BUY,44.52,NORMAL,PRO,DEFENSIVE,1.0,0.50,Aegean:LONG(0.70)|Orion:LONG(0.32),Regime: TREND (Orion 2x). Score: 0.45. Bullish Consensus.,,3.402030,MID,32.71,True,14.4,20.0,2.00,5.89
1688413140.0,TREND,GO,BUY,44.83,NORMAL,PRO,DEFENSIVE,1.0,0.50,Aegean:LONG(0.70)|Orion:LONG(0.32),Regime: TREND (Orion 2x). Score: 0.45. Bullish Consensus.,,3.763771,MID,32.90,True,15.1,20.0,2.00,5.98
1688413200.0,TREND,GO,BUY,45.05,NORMAL,PRO,DEFENSIVE,1.0,0.50,Aegean:LONG(0.70)|Orion:LONG(0.33),Regime: TREND (Orion 2x). Score: 0.45. Bullish Consensus.,,5.481619,MID,33.03,True,14.8,20.0,2.00,6.33
1688413260.0,TREND,NO_GO,HOLD,21.58,NORMAL,PRO,DEFENSIVE,1.0,0.50,Aegean:FLAT(0.50)|Orion:LONG(0.32),Regime: TREND (Orion 2x). Score: 0.22. Low Conviction (<0.35).,LOW_CONVICTION,2.542588,MID,32.95,True,0.0,0.0,0.00,0.00
1688413320.0,TREND,NO_GO,HOLD,20.18,NORMAL,PRO,DEFENSIVE,1.0,0.50,Aegean:FLAT(0.50)|Orion:LONG(0.30),Regime: TREND (Orion 2x). Score: 0.20. Low Conviction (<0.35).,LOW_CONVICTION,1.108459,MID,32.11,True,0.0,0.0,0.00,0.00
1688413380.0,TREND,NO_GO,HOLD,18.88,NORMAL,PRO,DEFENSIVE,1.0,0.50,Aegean:FLAT(0.50)|Orion:LONG(0.28),Regime: TREND (Orion 2x). Score: 0.19. Low Conviction (<0.35).,LOW_CONVICTION,0.892885,MID,31.33,True,0.0,0.0,0.00,0.00
1688413440.0,TREND,NO_GO,HOLD,17.56,NORMAL,PRO,DEFENSIVE,1.0,0.50,Aegean:FLAT(0.50)|Orion:LONG(0.26),Regime: TREND (Orion 2x). Score: 0.18. Low Conviction (<0.35).,LOW_CONVICTION,0.563833,MID,30.53,True,0.0,0.0,0.00,0.00
1688413500.0,TREND,NO_GO,HOLD,17.38,NORMAL,PRO,DEFENSIVE,1.0,0.50,Aegean:FLAT(0.50)|Orion:LONG(0.26),Regime: TREND (Orion 2x). Score: 0.17. Low Conviction (<0.35).,LOW_CONVICTION,2.923808,MID,30.43,True,0.0,0.0,0.00,0.00
1688413560.0,TREND,NO_GO,HOLD,17.19,NORMAL,PRO,DEFENSIVE,1.0,0.50,Aegean:FLAT(0.50)|Orion:LONG(0.26),Regime: TREND (Orion 2x). Score: 0.17. Low Conviction (<0.35).,LOW_CONVICTION,2.646825,MID,30.32,True,0.0,0.0,0.00,0.00
1688413620.0,TREND,NO_GO,HOLD,17.37,NORMAL,PRO,DEFENSIVE,1.0,0.50,Aegean:FLAT(0.50)|Orion:LONG(0.26),Regime: TREND (Orion 2x). Score: 0.17. Low Conviction (<0.35).,LOW_CONVICTION,1.642680,MID,30.42,True,0.0,0.0,0.00,0.00
1688413680.0,TREND,NO_GO,HOLD,15.60,NORMAL,PRO,DEFENSIVE,1.0,0.50,Aegean:FLAT(0.50)|Orion:LONG(0.23),Regime: TREND (Orion 2x). Score: 0.16. Low Conviction (<0.35).,LOW_CONVICTION,0.300225,MID,29.36,True,0.0,0.0,0.00,0.00
1688413740.0,TREND,NO_GO,HOLD,14.15,NORMAL,PRO,DEFENSIVE,1.0,0.50,Aegean:FLAT(0.50)|Orion:LONG(0.21),Regime: TREND (Orion 2x). Score: 0.14. Low Conviction (<0.35).,LOW_CONVICTION,1.740301,MID,28.49,True,0.0,0.0,0.00,0.00
1688413800.0,TREND,GO,BUY,37.12,NORMAL,PRO,DEFENSIVE,1.0,0.50,Aegean:LONG(0.70)|Orion:LONG(0.21),Regime: TREND (Orion 2x). Score: 0.37. Bullish Consensus.,,3.306387,MID,28.27,True,9.8,20.0,2.00,5.16
1688413860.0,TREND,NO_GO,HOLD,15.66,NORMAL,PRO,DEFENSIVE,1.0,0.50,Aegean:FLAT(0.30)|Orion:LONG(0.23),Regime: TREND (Orion 2x). Score: 0.16. Low Conviction (<0.35).,LOW_CONVICTION,6.844875,TOP,29.40,True,0.0,0.0,0.00,0.00
1688413920.0,TREND,GO,BUY,40.74,NORMAL,PRO,DEFENSIVE,1.0,0.50,Aegean:LONG(0.70)|Orion:LONG(0.26),Regime: TREND (Orion 2x). Score: 0.41. Bullish Consensus.,,4.251301,MID,30.44,True,10.9,20.0,2.00,5.68
1688413980.0,TREND,GO,BUY,42.39,NORMAL,PRO,DEFENSIVE,1.0,0.50,Aegean:LONG(0.70)|Orion:LONG(0.29),Regime: TREND (Orion 2x). Score: 0.42. Bullish Consensus.,,3.986556,MID,31.43,True,10.8,20.0,2.00,5.79
1688414040.0,TREND,NO_GO,HOLD,17.50,NORMAL,PRO,DEFENSIVE,1.0,0.50,Aegean:FLAT(0.50)|Orion:LONG(0.26),Regime: TREND (Orion 2x). Score: 0.17. Low Conviction (<0.35).,LOW_CONVICTION,1.241292,MID,30.50,True,0.0,0.0,0.00,0.00
1688414100.0,TREND,NO_GO,HOLD,15.23,NORMAL,PRO,DEFENSIVE,1.0,0.50,Aegean:FLAT(0.50)|Orion:LONG(0.23),Regime: TREND (Orion 2x). Score: 0.15. Low Conviction (<0.35).,LOW_CONVICTION,-1.151053,MID,29.14,True,0.0,0.0,0.00,0.00
1688414160.0,TREND,NO_GO,HOLD,12.22,NORMAL,PRO,DEFENSIVE,1.0,0.50,Aegean:FLAT(0.50)|Orion:LONG(0.18),Regime: TREND (Orion 2x). Score: 0.12. Low Conviction (<0.35).,LOW_CONVICTION,-2.744397,DIP,27.33,True,0.0,0.0,0.00,0.00
1688414220.0,TREND,NO_GO,HOLD,9.28,NORMAL,PRO,DEFENSIVE,1.0,0.50,Aegean:FLAT(0.50)|Orion:LONG(0.14),Regime: TREND (Orion 2x). Score: 0.09. Low Conviction (<0.35).,LOW_CONVICTION,-1.777776,MID,25.57,True,0.0,0.0,0.00,0.00
1688414280.0,TREND,NO_GO,HOLD,13.33,NORMAL,PRO,DEFENSIVE,1.0,0.50,Aegean:FLAT(0.30)|Orion:SHORT(0.20),Regime: TREND (Orion 2x). Score: -0.13. Low Conviction (<0.35).,LOW_CONVICTION,-5.243471,DIP,24.52,False,0.0,0.0,0.00,0.00
1688414340.0,TREND,NO_GO,HOLD,13.33,NORMAL,PRO,DEFENSIVE,1.0,0.50,Aegean:FLAT(0.30)|Orion:SHORT(0.20),Regime: TREND (Orion 2x). Score: -0.13. Low Conviction (<0.35).,LOW_CONVICTION,-4.157523,DIP,23.75,False,0.0,0.0,0.00,0.00
1688414400.0,TREND,NO_GO,HOLD,13.33,NORMAL,PRO,DEFENSIVE,1.0,0.50,Aegean:FLAT(0.30)|Orion:SHORT(0.20),Regime: TREND (Orion 2x). Score: -0.13. Low Conviction (<0.35).,LOW_CONVICTION,-5.906920,DIP,23.33,False,0.0,0.0,0.00,0.00
1688414460.0,TREND,NO_GO,HOLD,13.33,NORMAL,PRO,DEFENSIVE,1.0,0.50,Aegean:FLAT(0.30)|Orion:SHORT(0.20),Regime: TREND (Orion 2x). Score: -0.13. Low Conviction (<0.35).,LOW_CONVICTION,-5.194230,DIP,22.94,False,0.0,0.0,0.00,0.00
1688414520.0,TREND,NO_GO,HOLD,13.33,NORMAL,PRO,DEFENSIVE,1.0,0.50,Aegean:FLAT(0.50)|Orion:SHORT(0.20),Regime: TREND (Orion 2x). Score: -0.13. Low Conviction (<0.35).,LOW_CONVICTION,-2.395602,MID,21.82,False,0.0,0.0,0.00,0.00
1688414580.0,TREND,NO_GO,HOLD,13.33,NORMAL,PRO,DEFENSIVE,1.0,0.50,Aegean:FLAT(0.30)|Orion:SHORT(0.20),Regime: TREND (Orion 2x). Score: -0.13. Low Conviction (<0.35).,LOW_CONVICTION,-3.355957,DIP,20.74,False,0.0,0.0,0.00,0.00
1688414640.0,TREND,NO_GO,HOLD,13.33,NORMAL,PRO,DEFENSIVE,1.0,0.50,Aegean:FLAT(0.30)|Orion:SHORT(0.20),Regime: TREND (Orion 2x). Score: -0.13. Low Conviction (<0.35).,LOW_CONVICTION,-3.186079,DIP,20.07,False,0.0,0.0,0.00,0.00
1688414700.0,CHOP,NO_GO,HOLD,13.33,NORMAL,PRO,DEFENSIVE,1.0,0.50,Aegean:FLAT(0.50)|Orion:SHORT(0.20),Regime: CHOP (Reduced Weights). Score: -0.13. Low Conviction (<0.35).,LOW_CONVICTION,-1.117169,MID,18.72,False,0.0,0.0,0.00,0.00
1688414760.0,CHOP,NO_GO,HOLD,13.33,NORMAL,PRO,DEFENSIVE,1.0,0.50,Aegean:FLAT(0.50)|Orion:LONG(0.20),Regime: CHOP (Reduced Weights). Score: 0.13. Low Conviction (<0.35).,LOW_CONVICTION,0.485698,MID,18.05,False,0.0,0.0,0.00,0.00
1688414820.0,CHOP,NO_GO,HOLD,13.33,NORMAL,PRO,DEFENSIVE,1.0,0.50,Aegean:FLAT(0.50)|Orion:SHORT(0.20),Regime: CHOP (Reduced Weights). Score: -0.13. Low Conviction (<0.35).,LOW_CONVICTION,-1.127813,MID,17.43,False,0.0,0.0,0.00,0.00
1688414880.0,CHOP,NO_GO,HOLD,13.33,NORMAL,PRO,DEFENSIVE,1.0,0.50,Aegean:FLAT(0.50)|Orion:SHORT(0.20),Regime: CHOP (Reduced Weights). Score: -0.13. Low Conviction (<0.35).,LOW_CONVICTION,0.069012,MID,16.85,False,0.0,0.0,0.00,0.00
1688414940.0,CHOP,NO_GO,HOLD,13.33,NORMAL,PRO,DEFENSIVE,1.0,0.50,Aegean:FLAT(0.50)|Orion:LONG(0.20),Regime: CHOP (Reduced Weights). Score: 0.13. Low Conviction (<0.35).,LOW_CONVICTION,1.277544,MID,17.14,False,0.0,0.0,0.00,0.00
1688415000.0,CHOP,NO_GO,HOLD,13.33,NORMAL,PRO,DEFENSIVE,1.0,0.50,Aegean:FLAT(0.50)|Orion:LONG(0.20),Regime: CHOP (Reduced Weights). Score: 0.13. Low Conviction (<0.35).,LOW_CONVICTION,1.405580,MID,17.43,False,0.0,0.0,0.00,0.00
1688415060.0,CHOP,NO_GO,HOLD,13.33,NORMAL,PRO,DEFENSIVE,1.0,0.50,Aegean:FLAT(0.50)|Orion:SHORT(0.20),Regime: CHOP (Reduced Weights). Score: -0.13. Low Conviction (<0.35).,LOW_CONVICTION,-0.838280,MID,16.87,False,0.0,0.0,0.00,0.00
1688415120.0,CHOP,NO_GO,HOLD,13.33,NORMAL,PRO,DEFENSIVE,1.0,0.50,Aegean:FLAT(0.50)|Orion:SHORT(0.20),Regime: CHOP (Reduced Weights). Score: -0.13. Low Conviction (<0.35).,LOW_CONVICTION,0.147328,MID,16.37,False,0.0,0.0,0.00,0.00
1688415180.0,CHOP,NO_GO,HOLD,13.33,NORMAL,PRO,DEFENSIVE,1.0,0.50,Aegean:FLAT(0.50)|Orion:SHORT(0.20),Regime: CHOP (Reduced Weights). Score: -0.13. Low Conviction (<0.35).,LOW_CONVICTION,-1.672900,MID,15.34,False,0.0,0.0,0.00,0.00
1688415240.0,CHOP,NO_GO,HOLD,13.33,NORMAL,PRO,DEFENSIVE,1.0,0.50,Aegean:FLAT(0.50)|Orion:SHORT(0.20),Regime: CHOP (Reduced Weights). Score: -0.13. Low Conviction (<0.35).,LOW_CONVICTION,-1.549597,MID,14.35,False,0.0,0.0,0.00,0.00
1688415300.0,CHOP,NO_GO,HOLD,13.33,NORMAL,PRO,DEFENSIVE,1.0,0.50,Aegean:FLAT(0.30)|Orion:SHORT(0.20),Regime: CHOP (Reduced Weights). Score: -0.13. Low Conviction (<0.35).,LOW_CONVICTION,-6.133309,DIP,15.35,False,0.0,0.0,0.00,0.00
1688415360.0,CHOP,NO_GO,HOLD,13.33,NORMAL,PRO,DEFENSIVE,1.0,0.50,Aegean:FLAT(0.30)|Orion:SHORT(0.20),Regime: CHOP (Reduced Weights). Score: -0.13. Low Conviction (<0.35).,LOW_CONVICTION,-9.408136,DIP,17.29,False,0.0,0.0,0.00,0.00
1688415420.0,CHOP,GO,SELL,36.67,NORMAL,PRO,DEFENSIVE,1.0,0.50,Aegean:SHORT(0.70)|Orion:SHORT(0.20),Regime: CHOP (Reduced Weights). Score: -0.37. Bearish Consensus.,,-6.976003,MID,19.38,False,7.7,20.0,2.00,4.44
1688415480.0,CHOP,GO,SELL,36.67,NORMAL,PRO,DEFENSIVE,1.0,0.50,Aegean:SHORT(0.70)|Orion:SHORT(0.20),Regime: CHOP (Reduced Weights). Score: -0.37. Bearish Consensus.,,-4.184118,MID,20.06,False,8.1,20.0,2.00,4.01
1688415540.0,CHOP,GO,SELL,36.67,NORMAL,PRO,DEFENSIVE,1.0,0.50,Aegean:SHORT(0.70)|Orion:SHORT(0.20),Regime: CHOP (Reduced Weights). Score: -0.37. Bearish Consensus.,,-4.187924,MID,20.68,False,8.0,20.0,2.00,4.11
1688415600.0,CHOP,NO_GO,HOLD,13.33,NORMAL,PRO,DEFENSIVE,1.0,0.50,Aegean:FLAT(0.50)|Orion:SHORT(0.20),Regime: CHOP (Reduced Weights). Score: -0.13. Low Conviction (<0.35).,LOW_CONVICTION,-1.441834,MID,20.58,False,0.0,0.0,0.00,0.00
1688415660.0,CHOP,GO,SELL,36.67,NORMAL,PRO,DEFENSIVE,1.0,0.50,Aegean:SHORT(0.70)|Orion:SHORT(0.20),Regime: CHOP (Reduced Weights). Score: -0.37. Bearish Consensus.,,-3.263549,MID,20.30,False,7.9,20.0,2.00,3.88
1688415720.0,CHOP,NO_GO,HOLD,13.33,NORMAL,PRO,DEFENSIVE,1.0,0.50,Aegean:FLAT(0.50)|Orion:SHORT(0.20),Regime: CHOP (Reduced Weights). Score: -0.13. Low Conviction (<0.35).,LOW_CONVICTION,-0.558309,MID,19.90,False,0.0,0.0,0.00,0.00
1688415780.0,CHOP,NO_GO,HOLD,13.33,NORMAL,PRO,DEFENSIVE,1.0,0.50,Aegean:FLAT(0.50)|Orion:SHORT(0.20),Regime: CHOP (Reduced Weights). Score: -0.13. Low Conviction (<0.35).,LOW_CONVICTION,-1.762199,MID,19.27,False,0.0,0.0,0.00,0.00
1688415840.0,CHOP,NO_GO,HOLD,13.33,NORMAL,PRO,DEFENSIVE,1.0,0.50,Aegean:FLAT(0.50)|Orion:SHORT(0.20),Regime: CHOP (Reduced Weights). Score: -0.13. Low Conviction (<0.35).,LOW_CONVICTION,-1.892202,MID,18.96,False,0.0,0.0,0.00,0.00
1688415900.0,CHOP,GO,SELL,36.67,NORMAL,PRO,DEFENSIVE,1.0,0.50,Aegean:SHORT(0.70)|Orion:SHORT(0.20),Regime: CHOP (Reduced Weights). Score: -0.37. Bearish Consensus.,,-3.176573,MID,19.11,False,7.5,20.0,2.00,3.67
1688415960.0,CHOP,NO_GO,HOLD,13.33,NORMAL,PRO,DEFENSIVE,1.0,0.50,Aegean:FLAT(0.50)|Orion:SHORT(0.20),Regime: CHOP (Reduced Weights). Score: -0.13. Low Conviction (<0.35).,LOW_CONVICTION,1.333711,MID,17.91,False,0.0,0.0,0.00,0.00
1688416020.0,CHOP,NO_GO,HOLD,13.33,NORMAL,PRO,DEFENSIVE,1.0,0.50,Aegean:FLAT(0.50)|Orion:SHORT(0.20),Regime: CHOP (Reduced Weights). Score: -0.13. Low Conviction (<0.35).,LOW_CONVICTION,0.875184,MID,16.78,False,0.0,0.0,0.00,0.00
1688416080.0,CHOP,NO_GO,HOLD,13.33,NORMAL,PRO,DEFENSIVE,1.0,0.50,Aegean:FLAT(0.50)|Orion:SHORT(0.20),Regime: CHOP (Reduced Weights). Score: -0.13. Low Conviction (<0.35).,LOW_CONVICTION,-0.176065,MID,15.83,False,0.0,0.0,0.00,0.00
1688416140.0,CHOP,NO_GO,HOLD,13.33,NORMAL,PRO,DEFENSIVE,1.0,0.50,Aegean:FLAT(0.50)|Orion:SHORT(0.20),Regime: CHOP (Reduced Weights). Score: -0.13. Low Conviction (<0.35).,LOW_CONVICTION,-0.191875,MID,14.96,False,0.0,0.0,0.00,0.00
1688416200.0,CHOP,NO_GO,HOLD,13.33,NORMAL,PRO,DEFENSIVE,1.0,0.50,Aegean:FLAT(0.50)|Orion:SHORT(0.20),Regime: CHOP (Reduced Weights). Score: -0.13. Low Conviction (<0.35).,LOW_CONVICTION,-0.675955,MID,14.87,False,0.0,0.0,0.00,0.00
1688416260.0,CHOP,NO_GO,HOLD,13.33,NORMAL,PRO,DEFENSIVE,1.0,0.50,Aegean:FLAT(0.50)|Orion:SHORT(0.20),Regime: CHOP (Reduced Weights). Score: -0.13. Low Conviction (<0.35).,LOW_CONVICTION,-1.479872,MID,14.79,False,0.0,0.0,0.00,0.00
1688416320.0,CHOP,NO_GO,HOLD,13.33,NORMAL,PRO,DEFENSIVE,1.0,0.50,Aegean:FLAT(0.50)|Orion:SHORT(0.20),Regime: CHOP (Reduced Weights). Score: -0.13. Low Conviction (<0.35).,LOW_CONVICTION,-1.862344,MID,15.37,False,0.0,0.0,0.00,0.00
1688416380.0,CHOP,NO_GO,HOLD,13.33,NORMAL,PRO,DEFENSIVE,1.0,0.50,Aegean:FLAT(0.50)|Orion:SHORT(0.20),Regime: CHOP (Reduced Weights). Score: -0.13. Low Conviction (<0.35).,LOW_CONVICTION,-1.982228,MID,15.93,False,0.0,0.0,0.00,0.00
1688416440.0,CHOP,NO_GO,HOLD,13.33,NORMAL,PRO,DEFENSIVE,1.0,0.50,Aegean:FLAT(0.50)|Orion:SHORT(0.20),Regime: CHOP (Reduced Weights). Score: -0.13. Low Conviction (<0.35).,LOW_CONVICTION,-2.222431,MID,16.49,False,0.0,0.0,0.00,0.00
1688416500.0,CHOP,GO,SELL,36.67,NORMAL,PRO,DEFENSIVE,1.0,0.50,Aegean:SHORT(0.70)|Orion:SHORT(0.20),Regime: CHOP (Reduced Weights). Score: -0.37. Bearish Consensus.,,-3.188565,MID,17.45,False,5.8,20.0,2.00,3.41
1688416560.0,CHOP,NO_GO,HOLD,13.33,NORMAL,PRO,DEFENSIVE,1.0,0.50,Aegean:FLAT(0.50)|Orion:SHORT(0.20),Regime: CHOP (Reduced Weights). Score: -0.13. Low Conviction (<0.35).,LOW_CONVICTION,-2.261236,MID,18.74,False,0.0,0.0,0.00,0.00
1688416620.0,CHOP,NO_GO,HOLD,13.33,NORMAL,PRO,DEFENSIVE,1.0,0.50,Aegean:FLAT(0.30)|Orion:SHORT(0.20),Regime: CHOP (Reduced Weights). Score: -0.13. Low Conviction (<0.35).,LOW_CONVICTION,-3.150937,DIP,19.88,False,0.0,0.0,0.00,0.00
1688416680.0,TREND,NO_GO,HOLD,13.33,NORMAL,PRO,DEFENSIVE,1.0,0.50,Aegean:FLAT(0.30)|Orion:SHORT(0.20),Regime: TREND (Orion 2x). Score: -0.13. Low Conviction (<0.35).,LOW_CONVICTION,-4.385879,DIP,21.45,False,0.0,0.0,0.00,0.00
1688416740.0,TREND,NO_GO,HOLD,13.33,NORMAL,PRO,DEFENSIVE,1.0,0.50,Aegean:FLAT(0.30)|Orion:SHORT(0.20),Regime: TREND (Orion 2x). Score: -0.13. Low Conviction (<0.35).,LOW_CONVICTION,-3.945258,DIP,23.20,False,0.0,0.0,0.00,0.00
1688416800.0,TREND,NO_GO,HOLD,13.33,NORMAL,PRO,DEFENSIVE,1.0,0.50,Aegean:FLAT(0.50)|Orion:SHORT(0.20),Regime: TREND (Orion 2x). Score: -0.13. Low Conviction (<0.35).,LOW_CONVICTION,-1.080067,MID,23.13,False,0.0,0.0,0.00,0.00
1688416860.0,TREND,NO_GO,HOLD,13.33,NORMAL,PRO,DEFENSIVE,1.0,0.50,Aegean:FLAT(0.50)|Orion:SHORT(0.20),Regime: TREND (Orion 2x). Score: -0.13. Low Conviction (<0.35).,LOW_CONVICTION,-1.594730,MID,23.03,False,0.0,0.0,0.00,0.00
1688416920.0,TREND,NO_GO,HOLD,13.33,NORMAL,PRO,DEFENSIVE,1.0,0.50,Aegean:FLAT(0.30)|Orion:SHORT(0.20),Regime: TREND (Orion 2x). Score: -0.13. Low Conviction (<0.35).,LOW_CONVICTION,-3.344834,DIP,23.88,False,0.0,0.0,0.00,0.00
1688416980.0,TREND,NO_GO,HOLD,13.33,NORMAL,PRO,DEFENSIVE,1.0,0.50,Aegean:FLAT(0.30)|Orion:SHORT(0.20),Regime: TREND (Orion 2x). Score: -0.13. Low Conviction (<0.35).,LOW_CONVICTION,-3.952920,DIP,24.75,False,0.0,0.0,0.00,0.00
1688417040.0,TREND,NO_GO,HOLD,8.80,NORMAL,PRO,DEFENSIVE,1.0,0.50,Aegean:FLAT(0.50)|Orion:SHORT(0.13),Regime: TREND (Orion 2x). Score: -0.09. Low Conviction (<0.35).,LOW_CONVICTION,-2.282916,MID,25.28,True,0.0,0.0,0.00,0.00
1688417100.0,TREND,NO_GO,HOLD,8.88,NORMAL,PRO,DEFENSIVE,1.0,0.50,Aegean:FLAT(0.50)|Orion:SHORT(0.13),Regime: TREND (Orion 2x). Score: -0.09. Low Conviction (<0.35).,LOW_CONVICTION,-1.441213,MID,25.33,True,0.0,0.0,0.00,0.00
1688417160.0,TREND,NO_GO,HOLD,9.33,NORMAL,PRO,DEFENSIVE,1.0,0.50,Aegean:FLAT(0.30)|Orion:SHORT(0.14),Regime: TREND (Orion 2x). Score: -0.09. Low Conviction (<0.35).,LOW_CONVICTION,-3.136989,DIP,25.60,True,0.0,0.0,0.00,0.00
1688417220.0,TREND,NO_GO,HOLD,10.10,NORMAL,PRO,DEFENSIVE,1.0,0.50,Aegean:FLAT(0.30)|Orion:SHORT(0.15),Regime: TREND (Orion 2x). Score: -0.10. Low Conviction (<0.35).,LOW_CONVICTION,-3.459096,DIP,26.06,True,0.0,0.0,0.00,0.00
1688417280.0,TREND,NO_GO,HOLD,11.99,NORMAL,PRO,DEFENSIVE,1.0,0.50,Aegean:FLAT(0.30)|Orion:SHORT(0.18),Regime: TREND (Orion 2x). Score: -0.12. Low Conviction (<0.35).,LOW_CONVICTION,-4.204009,DIP,27.19,True,0.0,0.0,0.00,0.00
1688417340.0,TREND,NO_GO,HOLD,14.18,NORMAL,PRO,DEFENSIVE,1.0,0.50,Aegean:FLAT(0.30)|Orion:SHORT(0.21),Regime: TREND (Orion 2x). Score: -0.14. Low Conviction (<0.35).,LOW_CONVICTION,-4.568914,DIP,28.51,True,0.0,0.0,0.00,0.00
1688417400.0,TREND,NO_GO,HOLD,16.29,NORMAL,PRO,DEFENSIVE,1.0,0.50,Aegean:FLAT(0.30)|Orion:SHORT(0.24),Regime: TREND (Orion 2x). Score: -0.16. Low Conviction (<0.35).,LOW_CONVICTION,-3.709600,DIP,29.77,True,0.0,0.0,0.00,0.00
1688417460.0,TREND,NO_GO,HOLD,18.65,NORMAL,PRO,DEFENSIVE,1.0,0.50,Aegean:FLAT(0.30)|Orion:SHORT(0.28),Regime: TREND (Orion 2x). Score: -0.19. Low Conviction (<0.35).,LOW_CONVICTION,-4.448115,DIP,31.19,True,0.0,0.0,0.00,0.00
1688417520.0,TREND,NO_GO,HOLD,20.84,NORMAL,PRO,DEFENSIVE,1.0,0.50,Aegean:FLAT(0.30)|Orion:SHORT(0.31),Regime: TREND (Orion 2x). Score: -0.21. Low Conviction (<0.35).,LOW_CONVICTION,-3.593391,DIP,32.50,True,0.0,0.0,0.00,0.00
1688417580.0,TREND,GO,SELL,46.20,NORMAL,PRO,DEFENSIVE,1.0,0.50,Aegean:SHORT(0.70)|Orion:SHORT(0.34),Regime: TREND (Orion 2x). Score: -0.46. Bearish Consensus.,,-3.331819,MID,33.72,True,6.7,20.0,2.00,6.04
1688417640.0,TREND,GO,SELL,49.24,NORMAL,PRO,DEFENSIVE,1.0,0.50,Aegean:SHORT(0.70)|Orion:SHORT(0.39),Regime: TREND (Orion 2x). Score: -0.49. Bearish Consensus.,,-3.412106,MID,35.54,True,7.3,20.0,2.00,6.34
1688417700.0,TREND,NO_GO,HOLD,25.73,NORMAL,PRO,DEFENSIVE,1.0,0.50,Aegean:FLAT(0.50)|Orion:SHORT(0.39),Regime: TREND (Orion 2x). Score: -0.26. Low Conviction (<0.35).,LOW_CONVICTION,-0.326425,MID,35.44,True,0.0,0.0,0.00,0.00
1688417760.0,TREND,NO_GO,HOLD,25.56,NORMAL,PRO,DEFENSIVE,1.0,0.50,Aegean:FLAT(0.50)|Orion:SHORT(0.38),Regime: TREND (Orion 2x). Score: -0.26. Low Conviction (<0.35).,LOW_CONVICTION,-2.025426,MID,35.33,True,0.0,0.0,0.00,0.00
1688417820.0,TREND,NO_GO,HOLD,26.05,NORMAL,PRO,DEFENSIVE,1.0,0.50,Aegean:FLAT(0.50)|Orion:SHORT(0.39),Regime: TREND (Orion 2x). Score: -0.26. Low Conviction (<0.35).,LOW_CONVICTION,-2.734811,MID,35.63,True,0.0,0.0,0.00,0.00
1688417880.0,TREND,GO,SELL,50.10,NORMAL,PRO,DEFENSIVE,1.0,0.50,Aegean:SHORT(0.70)|Orion:SHORT(0.40),Regime: TREND (Orion 2x). Score: -0.50. Bearish Consensus.,,-3.129946,MID,36.06,True,7.4,20.0,2.00,6.37
1688417940.0,TREND,NO_GO,HOLD,27.44,NORMAL,PRO,DEFENSIVE,1.0,0.50,Aegean:FLAT(0.50)|Orion:SHORT(0.41),Regime: TREND (Orion 2x). Score: -0.27. Low Conviction (<0.35).,LOW_CONVICTION,-2.879194,MID,36.46,True,0.0,0.0,0.00,0.00
