Bar,Timestamp,Equity,Balance,UnrealizedPnL,PositionQty,Type
0,1688158860.0,10000.00,10000.00,0.00,0.00000000,BAR
1,1688158920.0,10000.00,10000.00,0.00,0.00000000,BAR
2,1688158980.0,10000.00,10000.00,0.00,0.00000000,BAR
3,1688159040.0,10000.00,10000.00,0.00,0.00000000,BAR
4,1688159100.0,10000.00,10000.00,0.00,0.00000000,BAR
5,1688159160.0,10000.00,10000.00,0.00,0.00000000,BAR
6,1688159220.0,10000.00,10000.00,0.00,0.00000000,BAR
7,1688159280.0,10000.00,10000.00,0.00,0.00000000,BAR
8,1688159340.0,10000.00,10000.00,0.00,0.00000000,BAR
9,1688159400.0,10000.00,10000.00,0.00,0.00000000,BAR
10,1688159460.0,10000.00,10000.00,0.00,0.00000000,BAR
11,1688159520.0,10000.00,10000.00,0.00,0.00000000,BAR
12,1688159580.0,10000.00,10000.00,0.00,0.00000000,BAR
13,1688159640.0,10000.00,10000.00,0.00,0.00000000,BAR
14,1688159700.0,10000.00,10000.00,0.00,0.00000000,BAR
15,1688159760.0,10000.00,10000.00,0.00,0.00000000,BAR
16,1688159820.0,10000.00,10000.00,0.00,0.00000000,BAR
17,1688159880.0,10000.00,10000.00,0.00,0.00000000,BAR
18,1688159940.0,10000.00,10000.00,0.00,0.00000000,BAR
19,1688160000.0,10000.00,10000.00,0.00,0.00000000,BAR
20,1688160060.0,10000.00,10000.00,0.00,0.00000000,BAR
21,1688160120.0,10000.00,10000.00,0.00,0.00000000,BAR
22,1688160180.0,10000.00,10000.00,0.00,0.00000000,BAR
23,1688160240.0,10000.00,10000.00,0.00,0.00000000,BAR
24,1688160300.0,10000.00,10000.00,0.00,0.00000000,BAR
25,1688160360.0,10000.00,10000.00,0.00,0.00000000,BAR
26,1688160420.0,10000.00,10000.00,0.00,0.00000000,BAR
27,1688160480.0,10000.00,10000.00,0.00,0.00000000,BAR
28,1688160540.0,10000.00,10000.00,0.00,0.00000000,BAR
29,1688160600.0,10000.00,10000.00,0.00,0.00000000,BAR
30,1688160660.0,10000.00,10000.00,0.00,0.00000000,BAR
31,1688160720.0,10000.00,10000.00,0.00,0.00000000,BAR
32,1688160780.0,10000.00,10000.00,0.00,0.00000000,BAR
33,1688160840.0,10000.00,10000.00,0.00,0.00000000,BAR
34,1688160900.0,10000.00,10000.00,0.00,0.00000000,BAR
35,1688160960.0,10000.00,10000.00,0.00,0.00000000,BAR
36,1688161020.0,10000.00,10000.00,0.00,0.00000000,BAR
37,1688161080.0,10000.00,10000.00,0.00,0.00000000,BAR
38,1688161140.0,10000.00,10000.00,0.00,0.00000000,BAR
39,1688161200.0,10000.00,10000.00,0.00,0.00000000,BAR
40,1688161260.0,10000.00,10000.00,0.00,0.00000000,BAR
41,1688161320.0,10000.00,10000.00,0.00,0.00000000,BAR
42,1688161380.0,10000.00,10000.00,0.00,0.00000000,BAR
43,1688161440.0,10000.00,10000.00,0.00,0.00000000,BAR
44,1688161500.0,10000.00,10000.00,0.00,0.00000000,BAR
45,1688161560.0,10000.00,10000.00,0.00,0.00000000,BAR
46,1688161620.0,10000.00,10000.00,0.00,0.00000000,BAR
47,1688161680.0,10000.00,10000.00,0.00,0.00000000,BAR
48,1688161740.0,10000.00,10000.00,0.00,0.00000000,BAR
49,1688161800.0,10000.00,10000.00,0.00,0.00000000,BAR
50,1688161860.0,10000.00,10000.00,0.00,0.00000000,BAR
51,1688161920.0,10000.00,10000.00,0.00,0.00000000,BAR
52,1688161980.0,10000.00,10000.00,0.00,0.00000000,BAR
53,1688162040.0,10000.00,10000.00,0.00,0.00000000,BAR
54,1688162100.0,10000.00,10000.00,0.00,0.00000000,BAR
55,1688162160.0,10000.00,10000.00,0.00,0.00000000,BAR
56,1688162220.0,10000.00,10000.00,0.00,0.00000000,BAR
57,1688162280.0,10000.00,10000.00,0.00,0.00000000,BAR
58,1688162340.0,10000.00,10000.00,0.00,0.00000000,BAR
59,1688162400.0,10000.00,10000.00,0.00,0.00000000,BAR
60,1688162460.0,10000.00,10000.00,0.00,0.00000000,BAR
61,1688162520.0,10000.00,10000.00,0.00,0.00000000,BAR
62,1688162580.0,10000.00,10000.00,0.00,0.00000000,BAR
63,1688162640.0,10000.00,10000.00,0.00,0.00000000,BAR
64,1688162700.0,10000.00,10000.00,0.00,0.00000000,BAR
65,1688162760.0,10000.00,10000.00,0.00,0.00000000,BAR
66,1688162820.0,10000.00,10000.00,0.00,0.00000000,BAR
67,1688162880.0,10000.00,10000.00,0.00,0.00000000,BAR
68,1688162940.0,10000.00,10000.00,0.00,0.00000000,BAR
69,1688163000.0,10000.00,10000.00,0.00,0.00000000,BAR
70,1688163060.0,10000.00,10000.00,0.00,0.00000000,BAR
71,1688163120.0,10000.00,10000.00,0.00,0.00000000,BAR
72,1688163180.0,10000.00,10000.00,0.00,0.00000000,BAR
73,1688163240.0,10000.00,10000.00,0.00,0.00000000,BAR
74,1688163300.0,10000.00,10000.00,0.00,0.00000000,BAR
75,1688163360.0,10000.00,10000.00,0.00,0.00000000,BAR
76,1688163420.0,10000.00,10000.00,0.00,0.00000000,BAR
77,1688163480.0,10000.00,10000.00,0.00,0.00000000,BAR
78,1688163540.0,10000.00,10000.00,0.00,0.00000000,BAR
79,1688163600.0,10000.00,10000.00,0.00,0.00000000,BAR
80,1688163660.0,10000.00,10000.00,0.00,0.00000000,BAR
81,1688163720.0,10000.00,10000.00,0.00,0.00000000,BAR
82,1688163780.0,10000.00,10000.00,0.00,0.00000000,BAR
83,1688163840.0,10000.00,10000.00,0.00,0.00000000,BAR
84,1688163900.0,10000.00,10000.00,0.00,0.00000000,BAR
85,1688163960.0,10000.00,10000.00,0.00,0.00000000,BAR
86,1688164020.0,10000.00,10000.00,0.00,0.00000000,BAR
87,1688164080.0,10000.00,10000.00,0.00,0.00000000,BAR
88,1688164140.0,10000.00,10000.00,0.00,0.00000000,BAR
89,1688164200.0,10000.00,10000.00,0.00,0.00000000,BAR
90,1688164260.0,10000.00,10000.00,0.00,0.00000000,BAR
91,1688164320.0,10000.00,10000.00,0.00,0.00000000,BAR
92,1688164380.0,10000.00,10000.00,0.00,0.00000000,BAR
93,1688164440.0,10000.00,10000.00,0.00,0.00000000,BAR
94,1688164500.0,10000.00,10000.00,0.00,0.00000000,BAR
95,1688164560.0,10000.00,10000.00,0.00,0.00000000,BAR
96,1688164620.0,10000.00,10000.00,0.00,0.00000000,BAR
97,1688164680.0,10000.00,10000.00,0.00,0.00000000,BAR
98,1688164740.0,10000.00,10000.00,0.00,0.00000000,BAR
99,1688164800.0,10000.00,10000.00,0.00,0.00000000,BAR
100,1688164860.0,10000.00,10000.00,0.00,0.00000000,BAR
101,1688164920.0,10000.00,10000.00,0.00,0.00000000,BAR
102,1688164980.0,10000.00,10000.00,0.00,0.00000000,BAR
103,1688165040.0,10000.00,10000.00,0.00,0.00000000,BAR
104,1688165100.0,10000.00,10000.00,0.00,0.00000000,BAR
105,1688165160.0,10000.00,10000.00,0.00,0.00000000,BAR
106,1688165220.0,10000.00,10000.00,0.00,0.00000000,BAR
107,1688165280.0,10000.00,10000.00,0.00,0.00000000,BAR
108,1688165340.0,10000.00,10000.00,0.00,0.00000000,BAR
109,1688165400.0,10000.00,10000.00,0.00,0.00000000,BAR
110,1688165460.0,10000.00,10000.00,0.00,0.00000000,BAR
111,1688165520.0,10000.00,10000.00,0.00,0.00000000,BAR
112,1688165580.0,10000.00,10000.00,0.00,0.00000000,BAR
113,1688165640.0,10000.00,10000.00,0.00,0.00000000,BAR
114,1688165700.0,10000.00,10000.00,0.00,0.00000000,BAR
115,1688165760.0,10000.00,10000.00,0.00,0.00000000,BAR
116,1688165820.0,10000.00,10000.00,0.00,0.00000000,BAR
117,1688165880.0,10000.00,10000.00,0.00,0.00000000,BAR
118,1688165940.0,10000.00,10000.00,0.00,0.00000000,BAR
119,1688166000.0,10000.00,10000.00,0.00,0.00000000,BAR
120,1688166060.0,10000.00,10000.00,0.00,0.00000000,BAR
121,1688166120.0,10000.00,10000.00,0.00,0.00000000,BAR
122,1688166180.0,10000.00,10000.00,0.00,0.00000000,BAR
123,1688166240.0,10000.00,10000.00,0.00,0.00000000,BAR
124,1688166300.0,10000.00,10000.00,0.00,0.00000000,BAR
125,1688166360.0,10000.00,10000.00,0.00,0.00000000,BAR
126,1688166420.0,10000.00,10000.00,0.00,0.00000000,BAR
127,1688166480.0,10000.00,10000.00,0.00,0.00000000,BAR
128,1688166540.0,10000.00,10000.00,0.00,0.00000000,BAR
129,1688166600.0,10000.00,10000.00,0.00,0.00000000,BAR
130,1688166660.0,10000.00,10000.00,0.00,0.00000000,BAR
131,1688166720.0,10000.00,10000.00,0.00,0.00000000,BAR
132,1688166780.0,10000.00,10000.00,0.00,0.00000000,BAR
133,1688166840.0,10000.00,10000.00,0.00,0.00000000,BAR
134,1688166900.0,10000.00,10000.00,0.00,0.00000000,BAR
135,1688166960.0,10000.00,10000.00,0.00,0.00000000,BAR
136,1688167020.0,10000.00,10000.00,0.00,0.00000000,BAR
137,1688167080.0,10000.00,10000.00,0.00,0.00000000,BAR
138,1688167140.0,10000.00,10000.00,0.00,0.00000000,BAR
139,1688167200.0,10000.00,10000.00,0.00,0.00000000,BAR
140,1688167260.0,10000.00,10000.00,0.00,0.00000000,BAR
141,1688167320.0,10000.00,10000.00,0.00,0.00000000,BAR
142,1688167380.0,10000.00,10000.00,0.00,0.00000000,BAR
143,1688167440.0,10000.00,10000.00,0.00,0.00000000,BAR
144,1688167500.0,10000.00,10000.00,0.00,0.00000000,BAR
145,1688167560.0,10000.00,10000.00,0.00,0.00000000,BAR
146,1688167620.0,10000.00,10000.00,0.00,0.00000000,BAR
147,1688167680.0,10000.00,10000.00,0.00,0.00000000,BAR
148,1688168340.0,10000.00,10000.00,0.00,0.00000000,BAR
149,1688168400.0,10000.00,10000.00,0.00,0.00000000,BAR
150,1688168460.0,10000.00,10000.00,0.00,0.00000000,BAR
151,1688168520.0,10000.00,10000.00,0.00,0.00000000,BAR
152,1688168580.0,10000.00,10000.00,0.00,0.00000000,BAR
153,1688168640.0,10000.00,10000.00,0.00,0.00000000,BAR
154,1688168700.0,10000.00,10000.00,0.00,0.00000000,BAR
155,1688168760.0,10000.00,10000.00,0.00,0.00000000,BAR
156,1688168820.0,10000.00,10000.00,0.00,0.00000000,BAR
157,1688168880.0,10000.00,10000.00,0.00,0.00000000,BAR
158,1688168940.0,10000.00,10000.00,0.00,0.00000000,BAR
159,1688169000.0,10000.00,10000.00,0.00,0.00000000,BAR
160,1688169060.0,10000.00,10000.00,0.00,0.00000000,BAR
161,1688169120.0,10000.00,10000.00,0.00,0.00000000,BAR
162,1688169180.0,10000.00,10000.00,0.00,0.00000000,BAR
163,1688169240.0,10000.00,10000.00,0.00,0.00000000,BAR
164,1688169300.0,10000.00,10000.00,0.00,0.00000000,BAR
165,1688169360.0,10000.00,10000.00,0.00,0.00000000,BAR
166,1688169420.0,10000.00,10000.00,0.00,0.00000000,BAR
167,1688169480.0,10000.00,10000.00,0.00,0.00000000,BAR
168,1688169540.0,10000.00,10000.00,0.00,0.00000000,BAR
169,1688169600.0,10000.00,10000.00,0.00,0.00000000,BAR
170,1688169660.0,10000.00,10000.00,0.00,0.00000000,BAR
171,1688169720.0,10000.00,10000.00,0.00,0.00000000,BAR
172,1688169780.0,10000.00,10000.00,0.00,0.00000000,BAR
173,1688169840.0,10000.00,10000.00,0.00,0.00000000,BAR
174,1688169900.0,10000.00,10000.00,0.00,0.00000000,BAR
175,1688169960.0,10000.00,10000.00,0.00,0.00000000,BAR
176,1688170020.0,10000.00,10000.00,0.00,0.00000000,BAR
177,1688170080.0,10000.00,10000.00,0.00,0.00000000,BAR
178,1688170140.0,10000.00,10000.00,0.00,0.00000000,BAR
179,1688170200.0,10000.00,10000.00,0.00,0.00000000,BAR
180,1688170260.0,10000.00,10000.00,0.00,0.00000000,BAR
181,1688170320.0,10000.00,10000.00,0.00,0.00000000,BAR
182,1688170380.0,10000.00,10000.00,0.00,0.00000000,BAR
183,1688170500.0,10000.00,10000.00,0.00,0.00000000,BAR
184,1688170560.0,10000.00,10000.00,0.00,0.00000000,BAR
185,1688170620.0,10000.00,10000.00,0.00,0.00000000,BAR
186,1688170680.0,10000.00,10000.00,0.00,0.00000000,BAR
187,1688170740.0,10000.00,10000.00,0.00,0.00000000,BAR
188,1688170800.0,10000.00,10000.00,0.00,0.00000000,BAR
189,1688170860.0,10000.00,10000.00,0.00,0.00000000,BAR
190,1688170920.0,10000.00,10000.00,0.00,0.00000000,BAR
191,1688170980.0,10000.00,10000.00,0.00,0.00000000,BAR
192,1688171040.0,10000.00,10000.00,0.00,0.00000000,BAR
193,1688171100.0,10000.00,10000.00,0.00,0.00000000,BAR
194,1688171160.0,10000.00,10000.00,0.00,0.00000000,BAR
195,1688171220.0,10000.00,10000.00,0.00,0.00000000,BAR
196,1688171280.0,10000.00,10000.00,0.00,0.00000000,BAR
197,1688171340.0,10000.00,10000.00,0.00,0.00000000,BAR
198,1688171400.0,10000.00,10000.00,0.00,0.00000000,BAR
199,1688171460.0,10000.00,10000.00,0.00,0.00000000,BAR
200,1688171520.0,10000.00,10000.00,0.00,0.00000000,BAR
201,1688171580.0,10000.00,10000.00,0.00,0.00000000,BAR
202,1688171640.0,10000.00,10000.00,0.00,0.00000000,BAR
203,1688171700.0,10000.00,10000.00,0.00,0.00000000,BAR
204,1688171760.0,10000.00,10000.00,0.00,0.00000000,BAR
205,1688171820.0,10000.00,10000.00,0.00,0.00000000,BAR
206,1688171880.0,10000.00,10000.00,0.00,0.00000000,BAR
207,1688171940.0,10000.00,10000.00,0.00,0.00000000,BAR
208,1688172000.0,10000.00,10000.00,0.00,0.00000000,BAR
209,1688172060.0,10000.00,10000.00,0.00,0.00000000,BAR
210,1688172120.0,10000.00,10000.00,0.00,0.00000000,BAR
211,1688172180.0,10000.00,10000.00,0.00,0.00000000,BAR
212,1688172240.0,10000.00,10000.00,0.00,0.00000000,BAR
213,1688172300.0,10000.00,10000.00,0.00,0.00000000,BAR
214,1688172420.0,10000.00,10000.00,0.00,0.00000000,BAR
215,1688172480.0,10000.00,10000.00,0.00,0.00000000,BAR
216,1688172540.0,10000.00,10000.00,0.00,0.00000000,BAR
217,1688172600.0,10000.00,10000.00,0.00,0.00000000,BAR
218,1688172660.0,10000.00,10000.00,0.00,0.00000000,BAR
219,1688172720.0,10000.00,10000.00,0.00,0.00000000,BAR
220,1688172780.0,10000.00,10000.00,0.00,0.00000000,BAR
221,1688172840.0,10000.00,10000.00,0.00,0.00000000,BAR
222,1688172900.0,10000.00,10000.00,0.00,0.00000000,BAR
223,1688172960.0,10000.00,10000.00,0.00,0.00000000,BAR
224,1688173020.0,10000.00,10000.00,0.00,0.00000000,BAR
225,1688173080.0,10000.00,10000.00,0.00,0.00000000,BAR
226,1688173140.0,10000.00,10000.00,0.00,0.00000000,BAR
227,1688173200.0,10000.00,10000.00,0.00,0.00000000,BAR
228,1688173260.0,10000.00,10000.00,0.00,0.00000000,BAR
229,1688173320.0,10000.00,10000.00,0.00,0.00000000,BAR
230,1688173380.0,10000.00,10000.00,0.00,0.00000000,BAR
231,1688173440.0,10000.00,10000.00,0.00,0.00000000,BAR
232,1688173500.0,10000.00,10000.00,0.00,0.00000000,BAR
233,1688173560.0,10000.00,10000.00,0.00,0.00000000,BAR
234,1688173620.0,10000.00,10000.00,0.00,0.00000000,BAR
235,1688173740.0,10000.00,10000.00,0.00,0.00000000,BAR
236,1688173800.0,10000.00,10000.00,0.00,0.00000000,BAR
237,1688173860.0,10000.00,10000.00,0.00,0.00000000,BAR
238,1688173920.0,10000.00,10000.00,0.00,0.00000000,BAR
239,1688173980.0,10000.00,10000.00,0.00,0.00000000,BAR
240,1688174040.0,10000.00,10000.00,0.00,0.00000000,BAR
241,1688174100.0,10000.00,10000.00,0.00,0.00000000,BAR
242,1688174160.0,10000.00,10000.00,0.00,0.00000000,BAR
243,1688174280.0,10000.00,10000.00,0.00,0.00000000,BAR
244,1688174400.0,10000.00,10000.00,0.00,0.00000000,BAR
245,1688174460.0,10000.00,10000.00,0.00,0.00000000,BAR
246,1688174520.0,10000.00,10000.00,0.00,0.00000000,BAR
247,1688174640.0,10000.00,10000.00,0.00,0.00000000,BAR
248,1688174700.0,10000.00,10000.00,0.00,0.00000000,BAR
249,1688174760.0,10000.00,10000.00,0.00,0.00000000,BAR
250,1688174820.0,10000.00,10000.00,0.00,0.00000000,BAR
251,1688174880.0,10000.00,10000.00,0.00,0.00000000,BAR
252,1688174940.0,10000.00,10000.00,0.00,0.00000000,BAR
253,1688175000.0,10000.00,10000.00,0.00,0.00000000,BAR
254,1688175060.0,10000.00,10000.00,0.00,0.00000000,BAR
255,1688175120.0,10000.00,10000.00,0.00,0.00000000,BAR
256,1688175180.0,10000.00,10000.00,0.00,0.00000000,BAR
257,1688175240.0,10000.00,10000.00,0.00,0.00000000,BAR
258,1688175300.0,10000.00,10000.00,0.00,0.00000000,BAR
259,1688175360.0,10000.00,10000.00,0.00,0.00000000,BAR
260,1688175420.0,10000.00,10000.00,0.00,0.00000000,BAR
261,1688175480.0,10000.00,10000.00,0.00,0.00000000,BAR
262,1688175540.0,10000.00,10000.00,0.00,0.00000000,BAR
263,1688175600.0,10000.00,10000.00,0.00,0.00000000,BAR
264,1688175660.0,10000.00,10000.00,0.00,0.00000000,BAR
265,1688175720.0,10000.00,10000.00,0.00,0.00000000,BAR
266,1688175780.0,10000.00,10000.00,0.00,0.00000000,BAR
267,1688175840.0,10000.00,10000.00,0.00,0.00000000,BAR
268,1688175900.0,10000.00,10000.00,0.00,0.00000000,BAR
269,1688175960.0,10000.00,10000.00,0.00,0.00000000,BAR
270,1688176020.0,10000.00,10000.00,0.00,0.00000000,BAR
271,1688176080.0,10000.00,10000.00,0.00,0.00000000,BAR
272,1688176140.0,10000.00,10000.00,0.00,0.00000000,BAR
273,1688176200.0,10000.00,10000.00,0.00,0.00000000,BAR
274,1688176260.0,10000.00,10000.00,0.00,0.00000000,BAR
275,1688176320.0,10000.00,10000.00,0.00,0.00000000,BAR
276,1688176380.0,10000.00,10000.00,0.00,0.00000000,BAR
277,1688176440.0,10000.00,10000.00,0.00,0.00000000,BAR
278,1688176500.0,10000.00,10000.00,0.00,0.00000000,BAR
279,1688176560.0,10000.00,10000.00,0.00,0.00000000,BAR
280,1688176620.0,10000.00,10000.00,0.00,0.00000000,BAR
281,1688176680.0,10000.00,10000.00,0.00,0.00000000,BAR
282,1688176740.0,10000.00,10000.00,0.00,0.00000000,BAR
283,1688176800.0,10000.00,10000.00,0.00,0.00000000,BAR
284,1688176860.0,10000.00,10000.00,0.00,0.00000000,BAR
285,1688176920.0,10000.00,10000.00,0.00,0.00000000,BAR
286,1688176980.0,10000.00,10000.00,0.00,0.00000000,BAR
287,1688177040.0,10000.00,10000.00,0.00,0.00000000,BAR
288,1688177100.0,10000.00,10000.00,0.00,0.00000000,BAR
289,1688177160.0,10000.00,10000.00,0.00,0.00000000,BAR
290,1688177220.0,10000.00,10000.00,0.00,0.00000000,BAR
291,1688177280.0,10000.00,10000.00,0.00,0.00000000,BAR
292,1688177340.0,10000.00,10000.00,0.00,0.00000000,BAR
293,1688177400.0,10000.00,10000.00,0.00,0.00000000,BAR
294,1688177460.0,10000.00,10000.00,0.00,0.00000000,BAR
295,1688177520.0,10000.00,10000.00,0.00,0.00000000,BAR
296,1688177580.0,10000.00,10000.00,0.00,0.00000000,BAR
297,1688177640.0,10000.00,10000.00,0.00,0.00000000,BAR
298,1688177700.0,10000.00,10000.00,0.00,0.00000000,BAR
299,1688177760.0,10000.00,10000.00,0.00,0.00000000,BAR
300,1688177820.0,10000.00,10000.00,0.00,0.00000000,BAR
301,1688177880.0,10000.00,10000.00,0.00,0.00000000,BAR
302,1688177940.0,10000.00,10000.00,0.00,0.00000000,BAR
303,1688178000.0,10000.00,10000.00,0.00,0.00000000,BAR
304,1688178060.0,10000.00,10000.00,0.00,0.00000000,BAR
305,1688178120.0,10000.00,10000.00,0.00,0.00000000,BAR
306,1688178180.0,10000.00,10000.00,0.00,0.00000000,BAR
307,1688178240.0,10000.00,10000.00,0.00,0.00000000,BAR
308,1688178300.0,10000.00,10000.00,0.00,0.00000000,BAR
309,1688178360.0,10000.00,10000.00,0.00,0.00000000,BAR
310,1688178420.0,10000.00,10000.00,0.00,0.00000000,BAR
311,1688178480.0,10000.00,10000.00,0.00,0.00000000,BAR
312,1688178540.0,10000.00,10000.00,0.00,0.00000000,BAR
313,1688178600.0,10000.00,10000.00,0.00,0.00000000,BAR
314,1688178720.0,10000.00,10000.00,0.00,0.00000000,BAR
315,1688178780.0,10000.00,10000.00,0.00,0.00000000,BAR
316,1688178900.0,10000.00,10000.00,0.00,0.00000000,BAR
317,1688178960.0,10000.00,10000.00,0.00,0.00000000,BAR
318,1688179020.0,10000.00,10000.00,0.00,0.00000000,BAR
319,1688179080.0,10000.00,10000.00,0.00,0.00000000,BAR
320,1688179140.0,10000.00,10000.00,0.00,0.00000000,BAR
321,1688179200.0,10000.00,10000.00,0.00,0.00000000,BAR
322,1688179260.0,10000.00,10000.00,0.00,0.00000000,BAR
323,1688179320.0,10000.00,10000.00,0.00,0.00000000,BAR
324,1688179380.0,10000.00,10000.00,0.00,0.00000000,BAR
325,1688179440.0,10000.00,10000.00,0.00,0.00000000,BAR
326,1688179500.0,10000.00,10000.00,0.00,0.00000000,BAR
327,1688179560.0,10000.00,10000.00,0.00,0.00000000,BAR
328,1688179620.0,10000.00,10000.00,0.00,0.00000000,BAR
329,1688179680.0,10000.00,10000.00,0.00,0.00000000,BAR
330,1688179740.0,10000.00,10000.00,0.00,0.00000000,BAR
331,1688179800.0,10000.00,10000.00,0.00,0.00000000,BAR
332,1688179860.0,10000.00,10000.00,0.00,0.00000000,BAR
333,1688179920.0,10000.00,10000.00,0.00,0.00000000,BAR
334,1688179980.0,10000.00,10000.00,0.00,0.00000000,BAR
335,1688180040.0,10000.00,10000.00,0.00,0.00000000,BAR
336,1688180100.0,10000.00,10000.00,0.00,0.00000000,BAR
337,1688180160.0,10000.00,10000.00,0.00,0.00000000,BAR
338,1688180220.0,10000.00,10000.00,0.00,0.00000000,BAR
339,1688180280.0,10000.00,10000.00,0.00,0.00000000,BAR
340,1688180340.0,10000.00,10000.00,0.00,0.00000000,BAR
341,1688180400.0,10000.00,10000.00,0.00,0.00000000,BAR
342,1688180460.0,10000.00,10000.00,0.00,0.00000000,BAR
343,1688180520.0,10000.00,10000.00,0.00,0.00000000,BAR
344,1688180580.0,10000.00,10000.00,0.00,0.00000000,BAR
345,1688180640.0,10000.00,10000.00,0.00,0.00000000,BAR
346,1688180700.0,10000.00,10000.00,0.00,0.00000000,BAR
347,1688180760.0,10000.00,10000.00,0.00,0.00000000,BAR
348,1688180820.0,10000.00,10000.00,0.00,0.00000000,BAR
349,1688180880.0,10000.00,10000.00,0.00,0.00000000,BAR
350,1688180940.0,10000.00,10000.00,0.00,0.00000000,BAR
351,1688181000.0,10000.00,10000.00,0.00,0.00000000,BAR
352,1688181060.0,10000.00,10000.00,0.00,0.00000000,BAR
353,1688181120.0,10000.00,10000.00,0.00,0.00000000,BAR
354,1688181180.0,10000.00,10000.00,0.00,0.00000000,BAR
355,1688181240.0,10000.00,10000.00,0.00,0.00000000,BAR
356,1688181300.0,10000.00,10000.00,0.00,0.00000000,BAR
357,1688181360.0,10000.00,10000.00,0.00,0.00000000,BAR
358,1688181420.0,10000.00,10000.00,0.00,0.00000000,BAR
359,1688181480.0,10000.00,10000.00,0.00,0.00000000,BAR
360,1688181540.0,10000.00,10000.00,0.00,0.00000000,BAR
361,1688181600.0,10000.00,10000.00,0.00,0.00000000,BAR
362,1688181660.0,10000.00,10000.00,0.00,0.00000000,BAR
363,1688181720.0,10000.00,10000.00,0.00,0.00000000,BAR
364,1688181780.0,10000.00,10000.00,0.00,0.00000000,BAR
365,1688181840.0,10000.00,10000.00,0.00,0.00000000,BAR
366,1688181900.0,10000.00,10000.00,0.00,0.00000000,BAR
367,1688181960.0,10000.00,10000.00,0.00,0.00000000,BAR
368,1688182020.0,10000.00,10000.00,0.00,0.00000000,BAR
369,1688182080.0,10000.00,10000.00,0.00,0.00000000,BAR
370,1688182140.0,10000.00,10000.00,0.00,0.00000000,BAR
371,1688182200.0,10000.00,10000.00,0.00,0.00000000,BAR
372,1688182260.0,10000.00,10000.00,0.00,0.00000000,BAR
373,1688182320.0,10000.00,10000.00,0.00,0.00000000,BAR
374,1688182380.0,10000.00,10000.00,0.00,0.00000000,BAR
375,1688182440.0,10000.00,10000.00,0.00,0.00000000,BAR
376,1688182500.0,10000.00,10000.00,0.00,0.00000000,BAR
377,1688182560.0,10000.00,10000.00,0.00,0.00000000,BAR
378,1688182620.0,10000.00,10000.00,0.00,0.00000000,BAR
379,1688182680.0,10000.00,10000.00,0.00,0.00000000,BAR
380,1688182740.0,10000.00,10000.00,0.00,0.00000000,BAR
381,1688182800.0,10000.00,10000.00,0.00,0.00000000,BAR
382,1688182860.0,10000.00,10000.00,0.00,0.00000000,BAR
383,1688182920.0,10000.00,10000.00,0.00,0.00000000,BAR
384,1688182980.0,10000.00,10000.00,0.00,0.00000000,BAR
385,1688183040.0,10000.00,10000.00,0.00,0.00000000,BAR
386,1688183100.0,10000.00,10000.00,0.00,0.00000000,BAR
387,1688183160.0,10000.00,10000.00,0.00,0.00000000,BAR
388,1688183220.0,10000.00,10000.00,0.00,0.00000000,BAR
389,1688183280.0,10000.00,10000.00,0.00,0.00000000,BAR
390,1688183340.0,10000.00,10000.00,0.00,0.00000000,BAR
391,1688183400.0,10000.00,10000.00,0.00,0.00000000,BAR
392,1688183460.0,10000.00,10000.00,0.00,0.00000000,BAR
393,1688183520.0,10000.00,10000.00,0.00,0.00000000,BAR
394,1688183580.0,10000.00,10000.00,0.00,0.00000000,BAR
395,1688183640.0,10000.00,10000.00,0.00,0.00000000,BAR
396,1688183700.0,10000.00,10000.00,0.00,0.00000000,BAR
397,1688183760.0,10000.00,10000.00,0.00,0.00000000,BAR
398,1688183820.0,10000.00,10000.00,0.00,0.00000000,BAR
399,1688183880.0,10000.00,10000.00,0.00,0.00000000,BAR
400,1688183940.0,10000.00,10000.00,0.00,0.00000000,BAR
401,1688184000.0,10000.00,10000.00,0.00,0.00000000,BAR
402,1688184060.0,10000.00,10000.00,0.00,0.00000000,BAR
403,1688184120.0,10000.00,10000.00,0.00,0.00000000,BAR
404,1688184180.0,10000.00,10000.00,0.00,0.00000000,BAR
405,1688184240.0,10000.00,10000.00,0.00,0.00000000,BAR
406,1688184300.0,10000.00,10000.00,0.00,0.00000000,BAR
407,1688184360.0,10000.00,10000.00,0.00,0.00000000,BAR
408,1688184420.0,10000.00,10000.00,0.00,0.00000000,BAR
409,1688184480.0,10000.00,10000.00,0.00,0.00000000,BAR
410,1688184540.0,10000.00,10000.00,0.00,0.00000000,BAR
411,1688184600.0,10000.00,10000.00,0.00,0.00000000,BAR
412,1688184660.0,10000.00,10000.00,0.00,0.00000000,BAR
413,1688184720.0,10000.00,10000.00,0.00,0.00000000,BAR
414,1688184780.0,10000.00,10000.00,0.00,0.00000000,BAR
415,1688184840.0,10000.00,10000.00,0.00,0.00000000,BAR
416,1688184900.0,10000.00,10000.00,0.00,0.00000000,BAR
417,1688185020.0,10000.00,10000.00,0.00,0.00000000,BAR
418,1688185080.0,10000.00,10000.00,0.00,0.00000000,BAR
419,1688185140.0,10000.00,10000.00,0.00,0.00000000,BAR
420,1688185200.0,10000.00,10000.00,0.00,0.00000000,BAR
421,1688185260.0,10000.00,10000.00,0.00,0.00000000,BAR
422,1688185380.0,10000.00,10000.00,0.00,0.00000000,BAR
423,1688185440.0,10000.00,10000.00,0.00,0.00000000,BAR
424,1688185500.0,10000.00,10000.00,0.00,0.00000000,BAR
425,1688185560.0,10000.00,10000.00,0.00,0.00000000,BAR
426,1688185620.0,10000.00,10000.00,0.00,0.00000000,BAR
427,1688185680.0,10000.00,10000.00,0.00,0.00000000,BAR
428,1688185740.0,10000.00,10000.00,0.00,0.00000000,BAR
429,1688185800.0,10000.00,10000.00,0.00,0.00000000,BAR
430,1688185860.0,10000.00,10000.00,0.00,0.00000000,BAR
431,1688185920.0,10000.00,10000.00,0.00,0.00000000,BAR
432,1688185980.0,10000.00,10000.00,0.00,0.00000000,BAR
433,1688186040.0,10000.00,10000.00,0.00,0.00000000,BAR
434,1688186100.0,10000.00,10000.00,0.00,0.00000000,BAR
435,1688186160.0,10000.00,10000.00,0.00,0.00000000,BAR
436,1688186220.0,10000.00,10000.00,0.00,0.00000000,BAR
437,1688186280.0,10000.00,10000.00,0.00,0.00000000,BAR
438,1688186340.0,10000.00,10000.00,0.00,0.00000000,BAR
439,1688186400.0,10000.00,10000.00,0.00,0.00000000,BAR
440,1688186460.0,10000.00,10000.00,0.00,0.00000000,BAR
441,1688186520.0,10000.00,10000.00,0.00,0.00000000,BAR
442,1688186580.0,10000.00,10000.00,0.00,0.00000000,BAR
443,1688186640.0,10000.00,10000.00,0.00,0.00000000,BAR
444,1688186700.0,10000.00,10000.00,0.00,0.00000000,BAR
445,1688186760.0,10000.00,10000.00,0.00,0.00000000,BAR
446,1688186820.0,10000.00,10000.00,0.00,0.00000000,BAR
447,1688186880.0,10000.00,10000.00,0.00,0.00000000,BAR
448,1688186940.0,10000.00,10000.00,0.00,0.00000000,BAR
449,1688187000.0,10000.00,10000.00,0.00,0.00000000,BAR
450,1688187060.0,10000.00,10000.00,0.00,0.00000000,BAR
451,1688187120.0,10000.00,10000.00,0.00,0.00000000,BAR
452,1688187180.0,10000.00,10000.00,0.00,0.00000000,BAR
453,1688187240.0,10000.00,10000.00,0.00,0.00000000,BAR
454,1688187300.0,10000.00,10000.00,0.00,0.00000000,BAR
455,1688187360.0,10000.00,10000.00,0.00,0.00000000,BAR
456,1688187420.0,10000.00,10000.00,0.00,0.00000000,BAR
457,1688187480.0,10000.00,10000.00,0.00,0.00000000,BAR
458,1688187540.0,10000.00,10000.00,0.00,0.00000000,BAR
459,1688187600.0,10000.00,10000.00,0.00,0.00000000,BAR
460,1688187660.0,10000.00,10000.00,0.00,0.00000000,BAR
461,1688187720.0,10000.00,10000.00,0.00,0.00000000,BAR
462,1688187780.0,10000.00,10000.00,0.00,0.00000000,BAR
463,1688187840.0,10000.00,10000.00,0.00,0.00000000,BAR
464,1688187900.0,10000.00,10000.00,0.00,0.00000000,BAR
465,1688187960.0,10000.00,10000.00,0.00,0.00000000,BAR
466,1688188020.0,10000.00,10000.00,0.00,0.00000000,BAR
467,1688188080.0,10000.00,10000.00,0.00,0.00000000,BAR
468,1688188140.0,10000.00,10000.00,0.00,0.00000000,BAR
469,1688188200.0,10000.00,10000.00,0.00,0.00000000,BAR
470,1688188260.0,10000.00,10000.00,0.00,0.00000000,BAR
471,1688188320.0,10000.00,10000.00,0.00,0.00000000,BAR
472,1688188380.0,10000.00,10000.00,0.00,0.00000000,BAR
473,1688188440.0,10000.00,10000.00,0.00,0.00000000,BAR
474,1688188500.0,10000.00,10000.00,0.00,0.00000000,BAR
475,1688188560.0,10000.00,10000.00,0.00,0.00000000,BAR
476,1688188620.0,10000.00,10000.00,0.00,0.00000000,BAR
477,1688188680.0,10000.00,10000.00,0.00,0.00000000,BAR
478,1688188740.0,10000.00,10000.00,0.00,0.00000000,BAR
479,1688188800.0,10000.00,10000.00,0.00,0.00000000,BAR
480,1688188860.0,10000.00,10000.00,0.00,0.00000000,BAR
481,1688188920.0,10000.00,10000.00,0.00,0.00000000,BAR
482,1688188980.0,10000.00,10000.00,0.00,0.00000000,BAR
483,1688189040.0,10000.00,10000.00,0.00,0.00000000,BAR
484,1688189100.0,10000.00,10000.00,0.00,0.00000000,BAR
485,1688189160.0,10000.00,10000.00,0.00,0.00000000,BAR
486,1688189220.0,10000.00,10000.00,0.00,0.00000000,BAR
487,1688189280.0,10000.00,10000.00,0.00,0.00000000,BAR
488,1688189340.0,10000.00,10000.00,0.00,0.00000000,BAR
489,1688189400.0,10000.00,10000.00,0.00,0.00000000,BAR
490,1688189460.0,10000.00,10000.00,0.00,0.00000000,BAR
491,1688189520.0,10000.00,10000.00,0.00,0.00000000,BAR
492,1688189580.0,10000.00,10000.00,0.00,0.00000000,BAR
493,1688189640.0,10000.00,10000.00,0.00,0.00000000,BAR
494,1688189700.0,10000.00,10000.00,0.00,0.00000000,BAR
495,1688189760.0,10000.00,10000.00,0.00,0.00000000,BAR
496,1688189820.0,10000.00,10000.00,0.00,0.00000000,BAR
497,1688189880.0,10000.00,10000.00,0.00,0.00000000,BAR
498,1688189940.0,10000.00,10000.00,0.00,0.00000000,BAR
499,1688190000.0,10000.00,10000.00,0.00,0.00000000,BAR
500,1688190060.0,10000.00,10000.00,0.00,0.00000000,BAR
501,1688190120.0,10000.00,10000.00,0.00,0.00000000,BAR
502,1688190180.0,10000.00,10000.00,0.00,0.00000000,BAR
503,1688190240.0,10000.00,10000.00,0.00,0.00000000,BAR
504,1688190300.0,10000.00,10000.00,0.00,0.00000000,BAR
505,1688190360.0,10000.00,10000.00,0.00,0.00000000,BAR
506,1688190420.0,10000.00,10000.00,0.00,0.00000000,BAR
507,1688190480.0,10000.00,10000.00,0.00,0.00000000,BAR
508,1688190540.0,10000.00,10000.00,0.00,0.00000000,BAR
509,1688190600.0,10000.00,10000.00,0.00,0.00000000,BAR
510,1688190660.0,10000.00,10000.00,0.00,0.00000000,BAR
511,1688190720.0,10000.00,10000.00,0.00,0.00000000,BAR
512,1688190780.0,10000.00,10000.00,0.00,0.00000000,BAR
513,1688190840.0,10000.00,10000.00,0.00,0.00000000,BAR
514,1688190900.0,10000.00,10000.00,0.00,0.00000000,BAR
515,1688190960.0,10000.00,10000.00,0.00,0.00000000,BAR
516,1688191020.0,10000.00,10000.00,0.00,0.00000000,BAR
517,1688191080.0,10000.00,10000.00,0.00,0.00000000,BAR
518,1688191140.0,10000.00,10000.00,0.00,0.00000000,BAR
519,1688191200.0,10000.00,10000.00,0.00,0.00000000,BAR
520,1688191260.0,10000.00,10000.00,0.00,0.00000000,BAR
521,1688191320.0,10000.00,10000.00,0.00,0.00000000,BAR
522,1688191380.0,10000.00,10000.00,0.00,0.00000000,BAR
523,1688191440.0,10000.00,10000.00,0.00,0.00000000,BAR
524,1688191500.0,10000.00,10000.00,0.00,0.00000000,BAR
525,1688191560.0,10000.00,10000.00,0.00,0.00000000,BAR
526,1688191620.0,10000.00,10000.00,0.00,0.00000000,BAR
527,1688191680.0,10000.00,10000.00,0.00,0.00000000,BAR
528,1688191740.0,10000.00,10000.00,0.00,0.00000000,BAR
529,1688191800.0,10000.00,10000.00,0.00,0.00000000,BAR
530,1688191860.0,10000.00,10000.00,0.00,0.00000000,BAR
531,1688191920.0,10000.00,10000.00,0.00,0.00000000,BAR
532,1688191980.0,10000.00,10000.00,0.00,0.00000000,BAR
533,1688192040.0,10000.00,10000.00,0.00,0.00000000,BAR
534,1688192100.0,10000.00,10000.00,0.00,0.00000000,BAR
535,1688192160.0,10000.00,10000.00,0.00,0.00000000,BAR
536,1688192220.0,10000.00,10000.00,0.00,0.00000000,BAR
537,1688192280.0,10000.00,10000.00,0.00,0.00000000,BAR
538,1688192340.0,10000.00,10000.00,0.00,0.00000000,BAR
539,1688192400.0,10000.00,10000.00,0.00,0.00000000,BAR
540,1688192460.0,10000.00,10000.00,0.00,0.00000000,BAR
541,1688192520.0,10000.00,10000.00,0.00,0.00000000,BAR
542,1688192580.0,10000.00,10000.00,0.00,0.00000000,BAR
543,1688192640.0,10000.00,10000.00,0.00,0.00000000,BAR
544,1688192700.0,10000.00,10000.00,0.00,0.00000000,BAR
545,1688192760.0,10000.00,10000.00,0.00,0.00000000,BAR
546,1688192820.0,10000.00,10000.00,0.00,0.00000000,BAR
547,1688192880.0,10000.00,10000.00,0.00,0.00000000,BAR
548,1688192940.0,10000.00,10000.00,0.00,0.00000000,BAR
549,1688193000.0,10000.00,10000.00,0.00,0.00000000,BAR
550,1688193060.0,10000.00,10000.00,0.00,0.00000000,BAR
551,1688193120.0,10000.00,10000.00,0.00,0.00000000,BAR
552,1688193180.0,10000.00,10000.00,0.00,0.00000000,BAR
553,1688193240.0,10000.00,10000.00,0.00,0.00000000,BAR
554,1688193300.0,10000.00,10000.00,0.00,0.00000000,BAR
555,1688193360.0,10000.00,10000.00,0.00,0.00000000,BAR
556,1688193420.0,10000.00,10000.00,0.00,0.00000000,BAR
557,1688193480.0,10000.00,10000.00,0.00,0.00000000,BAR
558,1688193540.0,10000.00,10000.00,0.00,0.00000000,BAR
559,1688193600.0,10000.00,10000.00,0.00,0.00000000,BAR
560,1688193660.0,10000.00,10000.00,0.00,0.00000000,BAR
561,1688193720.0,10000.00,10000.00,0.00,0.00000000,BAR
562,1688193780.0,10000.00,10000.00,0.00,0.00000000,BAR
563,1688193840.0,10000.00,10000.00,0.00,0.00000000,BAR
564,1688193900.0,10000.00,10000.00,0.00,0.00000000,BAR
565,1688193960.0,10000.00,10000.00,0.00,0.00000000,BAR
566,1688194020.0,10000.00,10000.00,0.00,0.00000000,BAR
567,1688194080.0,10000.00,10000.00,0.00,0.00000000,BAR
568,1688194140.0,10000.00,10000.00,0.00,0.00000000,BAR
569,1688194200.0,10000.00,10000.00,0.00,0.00000000,BAR
570,1688194260.0,10000.00,10000.00,0.00,0.00000000,BAR
571,1688194320.0,10000.00,10000.00,0.00,0.00000000,BAR
572,1688194380.0,10000.00,10000.00,0.00,0.00000000,BAR
573,1688194440.0,10000.00,10000.00,0.00,0.00000000,BAR
574,1688194500.0,10000.00,10000.00,0.00,0.00000000,BAR
575,1688194560.0,10000.00,10000.00,0.00,0.00000000,BAR
576,1688194620.0,10000.00,10000.00,0.00,0.00000000,BAR
577,1688194680.0,10000.00,10000.00,0.00,0.00000000,BAR
578,1688194740.0,10000.00,10000.00,0.00,0.00000000,BAR
579,1688194800.0,10000.00,10000.00,0.00,0.00000000,BAR
580,1688194860.0,10000.00,10000.00,0.00,0.00000000,BAR
581,1688194920.0,10000.00,10000.00,0.00,0.00000000,BAR
582,1688194980.0,10000.00,10000.00,0.00,0.00000000,BAR
583,1688195040.0,10000.00,10000.00,0.00,0.00000000,BAR
584,1688195100.0,10000.00,10000.00,0.00,0.00000000,BAR
585,1688195160.0,10000.00,10000.00,0.00,0.00000000,BAR
586,1688195220.0,10000.00,10000.00,0.00,0.00000000,BAR
587,1688195280.0,10000.00,10000.00,0.00,0.00000000,BAR
588,1688195340.0,10000.00,10000.00,0.00,0.00000000,BAR
589,1688195400.0,10000.00,10000.00,0.00,0.00000000,BAR
590,1688195460.0,10000.00,10000.00,0.00,0.00000000,BAR
591,1688195520.0,10000.00,10000.00,0.00,0.00000000,BAR
592,1688195580.0,10000.00,10000.00,0.00,0.00000000,BAR
593,1688195640.0,10000.00,10000.00,0.00,0.00000000,BAR
594,1688195700.0,10000.00,10000.00,0.00,0.00000000,BAR
595,1688195760.0,10000.00,10000.00,0.00,0.00000000,BAR
596,1688195820.0,10000.00,10000.00,0.00,0.00000000,BAR
597,1688195880.0,10000.00,10000.00,0.00,0.00000000,BAR
598,1688195940.0,10000.00,10000.00,0.00,0.00000000,BAR
599,1688196000.0,10000.00,10000.00,0.00,0.00000000,BAR
600,1688196060.0,10000.00,10000.00,0.00,0.00000000,BAR
601,1688196120.0,10000.00,10000.00,0.00,0.00000000,BAR
602,1688196180.0,10000.00,10000.00,0.00,0.00000000,BAR
603,1688196240.0,10000.00,10000.00,0.00,0.00000000,BAR
604,1688196300.0,10000.00,10000.00,0.00,0.00000000,BAR
605,1688196360.0,10000.00,10000.00,0.00,0.00000000,BAR
606,1688196420.0,10000.00,10000.00,0.00,0.00000000,BAR
607,1688196480.0,10000.00,10000.00,0.00,0.00000000,BAR
608,1688196540.0,10000.00,10000.00,0.00,0.00000000,BAR
609,1688196600.0,10000.00,10000.00,0.00,0.00000000,BAR
610,1688196660.0,10000.00,10000.00,0.00,0.00000000,BAR
611,1688196720.0,10000.00,10000.00,0.00,0.00000000,BAR
612,1688196780.0,10000.00,10000.00,0.00,0.00000000,BAR
613,1688196840.0,10000.00,10000.00,0.00,0.00000000,BAR
614,1688196900.0,10000.00,10000.00,0.00,0.00000000,BAR
615,1688196960.0,10000.00,10000.00,0.00,0.00000000,BAR
616,1688197020.0,10000.00,10000.00,0.00,0.00000000,BAR
617,1688197080.0,10000.00,10000.00,0.00,0.00000000,BAR
618,1688197140.0,10000.00,10000.00,0.00,0.00000000,BAR
619,1688197200.0,10000.00,10000.00,0.00,0.00000000,BAR
620,1688197260.0,10000.00,10000.00,0.00,0.00000000,BAR
621,1688197320.0,10000.00,10000.00,0.00,0.00000000,BAR
622,1688197380.0,10000.00,10000.00,0.00,0.00000000,BAR
623,1688197440.0,10000.00,10000.00,0.00,0.00000000,BAR
624,1688197500.0,10000.00,10000.00,0.00,0.00000000,BAR
625,1688197560.0,10000.00,10000.00,0.00,0.00000000,BAR
626,1688197620.0,10000.00,10000.00,0.00,0.00000000,BAR
627,1688197680.0,10000.00,10000.00,0.00,0.00000000,BAR
628,1688197740.0,10000.00,10000.00,0.00,0.00000000,BAR
629,1688197800.0,10000.00,10000.00,0.00,0.00000000,BAR
630,1688197860.0,10000.00,10000.00,0.00,0.00000000,BAR
631,1688197920.0,10000.00,10000.00,0.00,0.00000000,BAR
632,1688197980.0,10000.00,10000.00,0.00,0.00000000,BAR
633,1688198040.0,10000.00,10000.00,0.00,0.00000000,BAR
634,1688198100.0,10000.00,10000.00,0.00,0.00000000,BAR
635,1688198160.0,10000.00,10000.00,0.00,0.00000000,BAR
636,1688198220.0,10000.00,10000.00,0.00,0.00000000,BAR
637,1688198280.0,10000.00,10000.00,0.00,0.00000000,BAR
638,1688198340.0,10000.00,10000.00,0.00,0.00000000,BAR
639,1688198400.0,10000.00,10000.00,0.00,0.00000000,BAR
640,1688198460.0,10000.00,10000.00,0.00,0.00000000,BAR
641,1688198520.0,10000.00,10000.00,0.00,0.00000000,BAR
642,1688198580.0,10000.00,10000.00,0.00,0.00000000,BAR
643,1688198640.0,10000.00,10000.00,0.00,0.00000000,BAR
644,1688198700.0,10000.00,10000.00,0.00,0.00000000,BAR
645,1688198760.0,10000.00,10000.00,0.00,0.00000000,BAR
646,1688198820.0,10000.00,10000.00,0.00,0.00000000,BAR
647,1688198880.0,10000.00,10000.00,0.00,0.00000000,BAR
648,1688198940.0,10000.00,10000.00,0.00,0.00000000,BAR
649,1688199000.0,10000.00,10000.00,0.00,0.00000000,BAR
650,1688199060.0,10000.00,10000.00,0.00,0.00000000,BAR
651,1688199120.0,10000.00,10000.00,0.00,0.00000000,BAR
652,1688199180.0,10000.00,10000.00,0.00,0.00000000,BAR
653,1688199240.0,10000.00,10000.00,0.00,0.00000000,BAR
654,1688199300.0,10000.00,10000.00,0.00,0.00000000,BAR
655,1688199360.0,10000.00,10000.00,0.00,0.00000000,BAR
656,1688199420.0,10000.00,10000.00,0.00,0.00000000,BAR
657,1688199480.0,10000.00,10000.00,0.00,0.00000000,BAR
658,1688199540.0,10000.00,10000.00,0.00,0.00000000,BAR
659,1688199600.0,10000.00,10000.00,0.00,0.00000000,BAR
660,1688199660.0,10000.00,10000.00,0.00,0.00000000,BAR
661,1688199720.0,10000.00,10000.00,0.00,0.00000000,BAR
662,1688199780.0,10000.00,10000.00,0.00,0.00000000,BAR
663,1688199840.0,10000.00,10000.00,0.00,0.00000000,BAR
664,1688199900.0,10000.00,10000.00,0.00,0.00000000,BAR
665,1688199960.0,10000.00,10000.00,0.00,0.00000000,BAR
666,1688200020.0,10000.00,10000.00,0.00,0.00000000,BAR
667,1688200080.0,10000.00,10000.00,0.00,0.00000000,BAR
668,1688200140.0,10000.00,10000.00,0.00,0.00000000,BAR
669,1688200680.0,10000.00,10000.00,0.00,0.00000000,BAR
670,1688200740.0,10000.00,10000.00,0.00,0.00000000,BAR
671,1688200800.0,10000.00,10000.00,0.00,0.00000000,BAR
672,1688200860.0,10000.00,10000.00,0.00,0.00000000,BAR
673,1688200920.0,10000.00,10000.00,0.00,0.00000000,BAR
674,1688200980.0,10000.00,10000.00,0.00,0.00000000,BAR
675,1688201040.0,10000.00,10000.00,0.00,0.00000000,BAR
676,1688201100.0,10000.00,10000.00,0.00,0.00000000,BAR
677,1688201160.0,10000.00,10000.00,0.00,0.00000000,BAR
678,1688201220.0,10000.00,10000.00,0.00,0.00000000,BAR
679,1688201280.0,10000.00,10000.00,0.00,0.00000000,BAR
680,1688201340.0,10000.00,10000.00,0.00,0.00000000,BAR
681,1688201400.0,10000.00,10000.00,0.00,0.00000000,BAR
682,1688201460.0,10000.00,10000.00,0.00,0.00000000,BAR
683,1688201520.0,10000.00,10000.00,0.00,0.00000000,BAR
684,1688201580.0,10000.00,10000.00,0.00,0.00000000,BAR
685,1688201640.0,10000.00,10000.00,0.00,0.00000000,BAR
686,1688201700.0,10000.00,10000.00,0.00,0.00000000,BAR
687,1688201760.0,10000.00,10000.00,0.00,0.00000000,BAR
688,1688201820.0,10000.00,10000.00,0.00,0.00000000,BAR
689,1688201880.0,10000.00,10000.00,0.00,0.00000000,BAR
690,1688201940.0,10000.00,10000.00,0.00,0.00000000,BAR
691,1688202000.0,10000.00,10000.00,0.00,0.00000000,BAR
692,1688202060.0,10000.00,10000.00,0.00,0.00000000,BAR
693,1688202120.0,10000.00,10000.00,0.00,0.00000000,BAR
694,1688202180.0,10000.00,10000.00,0.00,0.00000000,BAR
695,1688202240.0,10000.00,10000.00,0.00,0.00000000,BAR
696,1688202300.0,10000.00,10000.00,0.00,0.00000000,BAR
697,1688202360.0,10000.00,10000.00,0.00,0.00000000,BAR
698,1688202420.0,10000.00,10000.00,0.00,0.00000000,BAR
699,1688202480.0,10000.00,10000.00,0.00,0.00000000,BAR
700,1688202540.0,10000.00,10000.00,0.00,0.00000000,BAR
701,1688202600.0,10000.00,10000.00,0.00,0.00000000,BAR
702,1688202660.0,10000.00,10000.00,0.00,0.00000000,BAR
703,1688202720.0,10000.00,10000.00,0.00,0.00000000,BAR
704,1688202780.0,10000.00,10000.00,0.00,0.00000000,BAR
705,1688202840.0,10000.00,10000.00,0.00,0.00000000,BAR
706,1688202900.0,10000.00,10000.00,0.00,0.00000000,BAR
707,1688202960.0,10000.00,10000.00,0.00,0.00000000,BAR
708,1688203020.0,10000.00,10000.00,0.00,0.00000000,BAR
709,1688203080.0,10000.00,10000.00,0.00,0.00000000,BAR
710,1688203140.0,10000.00,10000.00,0.00,0.00000000,BAR
711,1688203200.0,10000.00,10000.00,0.00,0.00000000,BAR
712,1688203260.0,10000.00,10000.00,0.00,0.00000000,BAR
713,1688203320.0,10000.00,10000.00,0.00,0.00000000,BAR
714,1688203380.0,10000.00,10000.00,0.00,0.00000000,BAR
715,1688203440.0,10000.00,10000.00,0.00,0.00000000,BAR
716,1688203500.0,10000.00,10000.00,0.00,0.00000000,BAR
717,1688203560.0,10000.00,10000.00,0.00,0.00000000,BAR
718,1688203620.0,10000.00,10000.00,0.00,0.00000000,BAR
719,1688203680.0,10000.00,10000.00,0.00,0.00000000,BAR
720,1688203740.0,10000.00,10000.00,0.00,0.00000000,BAR
721,1688203800.0,10000.00,10000.00,0.00,0.00000000,BAR
722,1688203860.0,10000.00,10000.00,0.00,0.00000000,BAR
723,1688203920.0,10000.00,10000.00,0.00,0.00000000,BAR
724,1688203980.0,10000.00,10000.00,0.00,0.00000000,BAR
725,1688204040.0,10000.00,10000.00,0.00,0.00000000,BAR
726,1688204100.0,10000.00,10000.00,0.00,0.00000000,BAR
727,1688204160.0,10000.00,10000.00,0.00,0.00000000,BAR
728,1688204220.0,10000.00,10000.00,0.00,0.00000000,BAR
729,1688204280.0,10000.00,10000.00,0.00,0.00000000,BAR
730,1688204340.0,10000.00,10000.00,0.00,0.00000000,BAR
731,1688204400.0,10000.00,10000.00,0.00,0.00000000,BAR
732,1688204460.0,10000.00,10000.00,0.00,0.00000000,BAR
733,1688204520.0,10000.00,10000.00,0.00,0.00000000,BAR
734,1688204580.0,10000.00,10000.00,0.00,0.00000000,BAR
735,1688204640.0,10000.00,10000.00,0.00,0.00000000,BAR
736,1688204700.0,10000.00,10000.00,0.00,0.00000000,BAR
737,1688204760.0,10000.00,10000.00,0.00,0.00000000,BAR
738,1688204820.0,10000.00,10000.00,0.00,0.00000000,BAR
739,1688204880.0,10000.00,10000.00,0.00,0.00000000,BAR
740,1688204940.0,10000.00,10000.00,0.00,0.00000000,BAR
741,1688205000.0,10000.00,10000.00,0.00,0.00000000,BAR
742,1688205060.0,10000.00,10000.00,0.00,0.00000000,BAR
743,1688205120.0,10000.00,10000.00,0.00,0.00000000,BAR
744,1688205180.0,10000.00,10000.00,0.00,0.00000000,BAR
745,1688205240.0,10000.00,10000.00,0.00,0.00000000,BAR
746,1688205300.0,10000.00,10000.00,0.00,0.00000000,BAR
747,1688205360.0,10000.00,10000.00,0.00,0.00000000,BAR
748,1688205420.0,10000.00,10000.00,0.00,0.00000000,BAR
749,1688205480.0,10000.00,10000.00,0.00,0.00000000,BAR
750,1688205540.0,10000.00,10000.00,0.00,0.00000000,BAR
751,1688205600.0,10000.00,10000.00,0.00,0.00000000,BAR
752,1688205660.0,10000.00,10000.00,0.00,0.00000000,BAR
753,1688205720.0,10000.00,10000.00,0.00,0.00000000,BAR
754,1688205780.0,10000.00,10000.00,0.00,0.00000000,BAR
755,1688205840.0,10000.00,10000.00,0.00,0.00000000,BAR
756,1688205900.0,10000.00,10000.00,0.00,0.00000000,BAR
757,1688205960.0,10000.00,10000.00,0.00,0.00000000,BAR
758,1688206020.0,10000.00,10000.00,0.00,0.00000000,BAR
759,1688206080.0,10000.00,10000.00,0.00,0.00000000,BAR
760,1688206140.0,10000.00,10000.00,0.00,0.00000000,BAR
761,1688206200.0,10000.00,10000.00,0.00,0.00000000,BAR
762,1688206260.0,10000.00,10000.00,0.00,0.00000000,BAR
763,1688206320.0,10000.00,10000.00,0.00,0.00000000,BAR
764,1688206380.0,10000.00,10000.00,0.00,0.00000000,BAR
765,1688206440.0,10000.00,10000.00,0.00,0.00000000,BAR
766,1688206500.0,10000.00,10000.00,0.00,0.00000000,BAR
767,1688206560.0,10000.00,10000.00,0.00,0.00000000,BAR
768,1688206620.0,10000.00,10000.00,0.00,0.00000000,BAR
769,1688206680.0,10000.00,10000.00,0.00,0.00000000,BAR
770,1688206740.0,10000.00,10000.00,0.00,0.00000000,BAR
771,1688206800.0,10000.00,10000.00,0.00,0.00000000,BAR
772,1688206860.0,10000.00,10000.00,0.00,0.00000000,BAR
773,1688206920.0,10000.00,10000.00,0.00,0.00000000,BAR
774,1688206980.0,10000.00,10000.00,0.00,0.00000000,BAR
775,1688207040.0,10000.00,10000.00,0.00,0.00000000,BAR
776,1688207100.0,10000.00,10000.00,0.00,0.00000000,BAR
777,1688207160.0,10000.00,10000.00,0.00,0.00000000,BAR
778,1688207220.0,10000.00,10000.00,0.00,0.00000000,BAR
779,1688207280.0,10000.00,10000.00,0.00,0.00000000,BAR
780,1688207340.0,10000.00,10000.00,0.00,0.00000000,BAR
781,1688207400.0,10000.00,10000.00,0.00,0.00000000,BAR
782,1688207460.0,10000.00,10000.00,0.00,0.00000000,BAR
783,1688207520.0,10000.00,10000.00,0.00,0.00000000,BAR
784,1688207580.0,10000.00,10000.00,0.00,0.00000000,BAR
785,1688208240.0,10000.00,10000.00,0.00,0.00000000,BAR
786,1688208300.0,10000.00,10000.00,0.00,0.00000000,BAR
787,1688208360.0,10000.00,10000.00,0.00,0.00000000,BAR
788,1688208420.0,10000.00,10000.00,0.00,0.00000000,BAR
789,1688208480.0,10000.00,10000.00,0.00,0.00000000,BAR
790,1688208540.0,10000.00,10000.00,0.00,0.00000000,BAR
791,1688208600.0,10000.00,10000.00,0.00,0.00000000,BAR
792,1688208780.0,10000.00,10000.00,0.00,0.00000000,BAR
793,1688208840.0,10000.00,10000.00,0.00,0.00000000,BAR
794,1688208900.0,10000.00,10000.00,0.00,0.00000000,BAR
795,1688208960.0,10000.00,10000.00,0.00,0.00000000,BAR
796,1688209020.0,10000.00,10000.00,0.00,0.00000000,BAR
797,1688209080.0,10000.00,10000.00,0.00,0.00000000,BAR
798,1688209140.0,10000.00,10000.00,0.00,0.00000000,BAR
799,1688209200.0,10000.00,10000.00,0.00,0.00000000,BAR
800,1688209260.0,10000.00,10000.00,0.00,0.00000000,BAR
801,1688209320.0,10000.00,10000.00,0.00,0.00000000,BAR
802,1688209380.0,10000.00,10000.00,0.00,0.00000000,BAR
803,1688209440.0,10000.00,10000.00,0.00,0.00000000,BAR
804,1688209500.0,10000.00,10000.00,0.00,0.00000000,BAR
805,1688209560.0,10000.00,10000.00,0.00,0.00000000,BAR
806,1688209620.0,10000.00,10000.00,0.00,0.00000000,BAR
807,1688209680.0,10000.00,10000.00,0.00,0.00000000,BAR
808,1688209740.0,10000.00,10000.00,0.00,0.00000000,BAR
809,1688209800.0,10000.00,10000.00,0.00,0.00000000,BAR
810,1688209860.0,10000.00,10000.00,0.00,0.00000000,BAR
811,1688209920.0,10000.00,10000.00,0.00,0.00000000,BAR
812,1688209980.0,10000.00,10000.00,0.00,0.00000000,BAR
813,1688210040.0,10000.00,10000.00,0.00,0.00000000,BAR
814,1688210100.0,10000.00,10000.00,0.00,0.00000000,BAR
815,1688210160.0,10000.00,10000.00,0.00,0.00000000,BAR
816,1688210220.0,10000.00,10000.00,0.00,0.00000000,BAR
817,1688210280.0,10000.00,10000.00,0.00,0.00000000,BAR
818,1688210340.0,10000.00,10000.00,0.00,0.00000000,BAR
819,1688210400.0,10000.00,10000.00,0.00,0.00000000,BAR
820,1688210460.0,10000.00,10000.00,0.00,0.00000000,BAR
821,1688210520.0,10000.00,10000.00,0.00,0.00000000,BAR
822,1688210580.0,10000.00,10000.00,0.00,0.00000000,BAR
823,1688210640.0,10000.00,10000.00,0.00,0.00000000,BAR
824,1688210700.0,10000.00,10000.00,0.00,0.00000000,BAR
825,1688210760.0,10000.00,10000.00,0.00,0.00000000,BAR
826,1688210820.0,10000.00,10000.00,0.00,0.00000000,BAR
827,1688210880.0,10000.00,10000.00,0.00,0.00000000,BAR
828,1688210940.0,10000.00,10000.00,0.00,0.00000000,BAR
829,1688211000.0,10000.00,10000.00,0.00,0.00000000,BAR
830,1688211060.0,10000.00,10000.00,0.00,0.00000000,BAR
831,1688211120.0,10000.00,10000.00,0.00,0.00000000,BAR
832,1688211180.0,10000.00,10000.00,0.00,0.00000000,BAR
833,1688211240.0,10000.00,10000.00,0.00,0.00000000,BAR
834,1688211300.0,10000.00,10000.00,0.00,0.00000000,BAR
835,1688211360.0,10000.00,10000.00,0.00,0.00000000,BAR
836,1688211420.0,10000.00,10000.00,0.00,0.00000000,BAR
837,1688211480.0,10000.00,10000.00,0.00,0.00000000,BAR
838,1688211540.0,10000.00,10000.00,0.00,0.00000000,BAR
839,1688211600.0,10000.00,10000.00,0.00,0.00000000,BAR
840,1688211660.0,10000.00,10000.00,0.00,0.00000000,BAR
841,1688211720.0,10000.00,10000.00,0.00,0.00000000,BAR
842,1688211780.0,10000.00,10000.00,0.00,0.00000000,BAR
843,1688211840.0,10000.00,10000.00,0.00,0.00000000,BAR
844,1688211900.0,10000.00,10000.00,0.00,0.00000000,BAR
845,1688212020.0,10000.00,10000.00,0.00,0.00000000,BAR
846,1688212080.0,10000.00,10000.00,0.00,0.00000000,BAR
847,1688212140.0,10000.00,10000.00,0.00,0.00000000,BAR
848,1688212260.0,10000.00,10000.00,0.00,0.00000000,BAR
849,1688212320.0,10000.00,10000.00,0.00,0.00000000,BAR
850,1688212380.0,10000.00,10000.00,0.00,0.00000000,BAR
851,1688212440.0,10000.00,10000.00,0.00,0.00000000,BAR
852,1688212500.0,10000.00,10000.00,0.00,0.00000000,BAR
853,1688212560.0,10000.00,10000.00,0.00,0.00000000,BAR
854,1688212620.0,10000.00,10000.00,0.00,0.00000000,BAR
855,1688212680.0,10000.00,10000.00,0.00,0.00000000,BAR
856,1688212740.0,10000.00,10000.00,0.00,0.00000000,BAR
857,1688212800.0,10000.00,10000.00,0.00,0.00000000,BAR
858,1688212860.0,10000.00,10000.00,0.00,0.00000000,BAR
859,1688212920.0,10000.00,10000.00,0.00,0.00000000,BAR
860,1688212980.0,10000.00,10000.00,0.00,0.00000000,BAR
861,1688213040.0,10000.00,10000.00,0.00,0.00000000,BAR
862,1688213100.0,10000.00,10000.00,0.00,0.00000000,BAR
863,1688213160.0,10000.00,10000.00,0.00,0.00000000,BAR
864,1688213220.0,10000.00,10000.00,0.00,0.00000000,BAR
865,1688213340.0,10000.00,10000.00,0.00,0.00000000,BAR
866,1688213400.0,10000.00,10000.00,0.00,0.00000000,BAR
867,1688213520.0,10000.00,10000.00,0.00,0.00000000,BAR
868,1688213580.0,10000.00,10000.00,0.00,0.00000000,BAR
869,1688213640.0,10000.00,10000.00,0.00,0.00000000,BAR
870,1688213700.0,10000.00,10000.00,0.00,0.00000000,BAR
871,1688213760.0,10000.00,10000.00,0.00,0.00000000,BAR
872,1688213820.0,10000.00,10000.00,0.00,0.00000000,BAR
873,1688214060.0,10000.00,10000.00,0.00,0.00000000,BAR
874,1688214120.0,10000.00,10000.00,0.00,0.00000000,BAR
875,1688214180.0,10000.00,10000.00,0.00,0.00000000,BAR
876,1688214240.0,10000.00,10000.00,0.00,0.00000000,BAR
877,1688214300.0,10000.00,10000.00,0.00,0.00000000,BAR
878,1688214360.0,10000.00,10000.00,0.00,0.00000000,BAR
879,1688214420.0,10000.00,10000.00,0.00,0.00000000,BAR
880,1688214480.0,10000.00,10000.00,0.00,0.00000000,BAR
881,1688214540.0,10000.00,10000.00,0.00,0.00000000,BAR
882,1688214600.0,10000.00,10000.00,0.00,0.00000000,BAR
883,1688214660.0,10000.00,10000.00,0.00,0.00000000,BAR
884,1688214720.0,10000.00,10000.00,0.00,0.00000000,BAR
885,1688214780.0,10000.00,10000.00,0.00,0.00000000,BAR
886,1688214840.0,10000.00,10000.00,0.00,0.00000000,BAR
887,1688214900.0,10000.00,10000.00,0.00,0.00000000,BAR
888,1688214960.0,10000.00,10000.00,0.00,0.00000000,BAR
889,1688215020.0,10000.00,10000.00,0.00,0.00000000,BAR
890,1688215080.0,10000.00,10000.00,0.00,0.00000000,BAR
891,1688215140.0,10000.00,10000.00,0.00,0.00000000,BAR
892,1688215200.0,10000.00,10000.00,0.00,0.00000000,BAR
893,1688215260.0,10000.00,10000.00,0.00,0.00000000,BAR
894,1688215320.0,10000.00,10000.00,0.00,0.00000000,BAR
895,1688215380.0,10000.00,10000.00,0.00,0.00000000,BAR
896,1688215440.0,10000.00,10000.00,0.00,0.00000000,BAR
897,1688215500.0,10000.00,10000.00,0.00,0.00000000,BAR
898,1688215560.0,10000.00,10000.00,0.00,0.00000000,BAR
899,1688215620.0,10000.00,10000.00,0.00,0.00000000,BAR
900,1688215680.0,10000.00,10000.00,0.00,0.00000000,BAR
901,1688215740.0,10000.00,10000.00,0.00,0.00000000,BAR
902,1688215800.0,10000.00,10000.00,0.00,0.00000000,BAR
903,1688215860.0,10000.00,10000.00,0.00,0.00000000,BAR
904,1688215920.0,10000.00,10000.00,0.00,0.00000000,BAR
905,1688215980.0,10000.00,10000.00,0.00,0.00000000,BAR
906,1688216040.0,10000.00,10000.00,0.00,0.00000000,BAR
907,1688216100.0,10000.00,10000.00,0.00,0.00000000,BAR
908,1688216160.0,10000.00,10000.00,0.00,0.00000000,BAR
909,1688216220.0,10000.00,10000.00,0.00,0.00000000,BAR
910,1688216280.0,10000.00,10000.00,0.00,0.00000000,BAR
911,1688216340.0,10000.00,10000.00,0.00,0.00000000,BAR
912,1688216400.0,10000.00,10000.00,0.00,0.00000000,BAR
913,1688216460.0,10000.00,10000.00,0.00,0.00000000,BAR
914,1688216520.0,10000.00,10000.00,0.00,0.00000000,BAR
915,1688216580.0,10000.00,10000.00,0.00,0.00000000,BAR
916,1688216640.0,10000.00,10000.00,0.00,0.00000000,BAR
917,1688216700.0,10000.00,10000.00,0.00,0.00000000,BAR
918,1688216760.0,10000.00,10000.00,0.00,0.00000000,BAR
919,1688216820.0,10000.00,10000.00,0.00,0.00000000,BAR
920,1688216880.0,10000.00,10000.00,0.00,0.00000000,BAR
921,1688216940.0,10000.00,10000.00,0.00,0.00000000,BAR
922,1688217000.0,10000.00,10000.00,0.00,0.00000000,BAR
923,1688217060.0,10000.00,10000.00,0.00,0.00000000,BAR
924,1688217120.0,10000.00,10000.00,0.00,0.00000000,BAR
925,1688217180.0,10000.00,10000.00,0.00,0.00000000,BAR
926,1688217240.0,10000.00,10000.00,0.00,0.00000000,BAR
927,1688217300.0,10000.00,10000.00,0.00,0.00000000,BAR
928,1688217360.0,10000.00,10000.00,0.00,0.00000000,BAR
929,1688217420.0,10000.00,10000.00,0.00,0.00000000,BAR
930,1688217480.0,10000.00,10000.00,0.00,0.00000000,BAR
931,1688217540.0,10000.00,10000.00,0.00,0.00000000,BAR
932,1688217600.0,10000.00,10000.00,0.00,0.00000000,BAR
933,1688217660.0,10000.00,10000.00,0.00,0.00000000,BAR
934,1688217720.0,10000.00,10000.00,0.00,0.00000000,BAR
935,1688217780.0,10000.00,10000.00,0.00,0.00000000,BAR
936,1688217840.0,10000.00,10000.00,0.00,0.00000000,BAR
937,1688217900.0,10000.00,10000.00,0.00,0.00000000,BAR
938,1688217960.0,10000.00,10000.00,0.00,0.00000000,BAR
939,1688218020.0,10000.00,10000.00,0.00,0.00000000,BAR
940,1688218080.0,10000.00,10000.00,0.00,0.00000000,BAR
941,1688218140.0,10000.00,10000.00,0.00,0.00000000,BAR
942,1688218200.0,10000.00,10000.00,0.00,0.00000000,BAR
943,1688218260.0,10000.00,10000.00,0.00,0.00000000,BAR
944,1688218320.0,10000.00,10000.00,0.00,0.00000000,BAR
945,1688218380.0,10000.00,10000.00,0.00,0.00000000,BAR
946,1688218440.0,10000.00,10000.00,0.00,0.00000000,BAR
947,1688218500.0,10000.00,10000.00,0.00,0.00000000,BAR
948,1688218560.0,10000.00,10000.00,0.00,0.00000000,BAR
949,1688218620.0,10000.00,10000.00,0.00,0.00000000,BAR
950,1688218680.0,10000.00,10000.00,0.00,0.00000000,BAR
951,1688218740.0,10000.00,10000.00,0.00,0.00000000,BAR
952,1688218800.0,10000.00,10000.00,0.00,0.00000000,BAR
953,1688218860.0,10000.00,10000.00,0.00,0.00000000,BAR
954,1688218920.0,10000.00,10000.00,0.00,0.00000000,BAR
955,1688218980.0,10000.00,10000.00,0.00,0.00000000,BAR
956,1688219040.0,10000.00,10000.00,0.00,0.00000000,BAR
957,1688219100.0,10000.00,10000.00,0.00,0.00000000,BAR
958,1688219160.0,10000.00,10000.00,0.00,0.00000000,BAR
959,1688219220.0,10000.00,10000.00,0.00,0.00000000,BAR
960,1688219280.0,10000.00,10000.00,0.00,0.00000000,BAR
961,1688219340.0,10000.00,10000.00,0.00,0.00000000,BAR
962,1688219400.0,10000.00,10000.00,0.00,0.00000000,BAR
963,1688219460.0,10000.00,10000.00,0.00,0.00000000,BAR
964,1688219520.0,10000.00,10000.00,0.00,0.00000000,BAR
965,1688219580.0,10000.00,10000.00,0.00,0.00000000,BAR
966,1688219640.0,10000.00,10000.00,0.00,0.00000000,BAR
967,1688219700.0,10000.00,10000.00,0.00,0.00000000,BAR
968,1688219760.0,10000.00,10000.00,0.00,0.00000000,BAR
969,1688219820.0,10000.00,10000.00,0.00,0.00000000,BAR
970,1688219880.0,10000.00,10000.00,0.00,0.00000000,BAR
971,1688219940.0,10000.00,10000.00,0.00,0.00000000,BAR
972,1688220000.0,10000.00,10000.00,0.00,0.00000000,BAR
973,1688220060.0,10000.00,10000.00,0.00,0.00000000,BAR
974,1688220120.0,10000.00,10000.00,0.00,0.00000000,BAR
975,1688220180.0,10000.00,10000.00,0.00,0.00000000,BAR
976,1688220240.0,10000.00,10000.00,0.00,0.00000000,BAR
977,1688220300.0,10000.00,10000.00,0.00,0.00000000,BAR
978,1688220360.0,10000.00,10000.00,0.00,0.00000000,BAR
979,1688220420.0,10000.00,10000.00,0.00,0.00000000,BAR
980,1688220480.0,10000.00,10000.00,0.00,0.00000000,BAR
981,1688220540.0,10000.00,10000.00,0.00,0.00000000,BAR
982,1688220600.0,10000.00,10000.00,0.00,0.00000000,BAR
983,1688220660.0,10000.00,10000.00,0.00,0.00000000,BAR
984,1688220720.0,10000.00,10000.00,0.00,0.00000000,BAR
985,1688220780.0,10000.00,10000.00,0.00,0.00000000,BAR
986,1688220840.0,10000.00,10000.00,0.00,0.00000000,BAR
987,1688220900.0,10000.00,10000.00,0.00,0.00000000,BAR
988,1688220960.0,10000.00,10000.00,0.00,0.00000000,BAR
989,1688221020.0,10000.00,10000.00,0.00,0.00000000,BAR
990,1688221080.0,10000.00,10000.00,0.00,0.00000000,BAR
991,1688221140.0,10000.00,10000.00,0.00,0.00000000,BAR
992,1688221200.0,10000.00,10000.00,0.00,0.00000000,BAR
993,1688221260.0,10000.00,10000.00,0.00,0.00000000,BAR
994,1688221320.0,10000.00,10000.00,0.00,0.00000000,BAR
995,1688221380.0,10000.00,10000.00,0.00,0.00000000,BAR
996,1688221440.0,10000.00,10000.00,0.00,0.00000000,BAR
997,1688221500.0,10000.00,10000.00,0.00,0.00000000,BAR
998,1688221560.0,10000.00,10000.00,0.00,0.00000000,BAR
999,1688221620.0,10000.00,10000.00,0.00,0.00000000,BAR
1000,1688221680.0,10000.00,10000.00,0.00,0.00000000,BAR
1001,1688221740.0,10000.00,10000.00,0.00,0.00000000,BAR
1002,1688221800.0,10000.00,10000.00,0.00,0.00000000,BAR
1003,1688221860.0,10000.00,10000.00,0.00,0.00000000,BAR
1004,1688221920.0,10000.00,10000.00,0.00,0.00000000,BAR
1005,1688221980.0,10000.00,10000.00,0.00,0.00000000,BAR
1006,1688222040.0,10000.00,10000.00,0.00,0.00000000,BAR
1007,1688222100.0,10000.00,10000.00,0.00,0.00000000,BAR
1008,1688222160.0,10000.00,10000.00,0.00,0.00000000,BAR
1009,1688222220.0,10000.00,10000.00,0.00,0.00000000,BAR
1010,1688222280.0,10000.00,10000.00,0.00,0.00000000,BAR
1011,1688222340.0,10000.00,10000.00,0.00,0.00000000,BAR
1012,1688222400.0,10000.00,10000.00,0.00,0.00000000,BAR
1013,1688222460.0,10000.00,10000.00,0.00,0.00000000,BAR
1014,1688222520.0,10000.00,10000.00,0.00,0.00000000,BAR
1015,1688222580.0,10000.00,10000.00,0.00,0.00000000,BAR
1016,1688222640.0,10000.00,10000.00,0.00,0.00000000,BAR
1017,1688222700.0,10000.00,10000.00,0.00,0.00000000,BAR
1018,1688222760.0,10000.00,10000.00,0.00,0.00000000,BAR
1019,1688222820.0,10000.00,10000.00,0.00,0.00000000,BAR
1020,1688222880.0,10000.00,10000.00,0.00,0.00000000,BAR
1021,1688222940.0,10000.00,10000.00,0.00,0.00000000,BAR
1022,1688223000.0,10000.00,10000.00,0.00,0.00000000,BAR
1023,1688223060.0,10000.00,10000.00,0.00,0.00000000,BAR
1024,1688223120.0,10000.00,10000.00,0.00,0.00000000,BAR
1025,1688223180.0,10000.00,10000.00,0.00,0.00000000,BAR
1026,1688223240.0,10000.00,10000.00,0.00,0.00000000,BAR
1027,1688223300.0,10000.00,10000.00,0.00,0.00000000,BAR
1028,1688223360.0,10000.00,10000.00,0.00,0.00000000,BAR
1029,1688223420.0,10000.00,10000.00,0.00,0.00000000,BAR
1030,1688223480.0,10000.00,10000.00,0.00,0.00000000,BAR
1031,1688223540.0,10000.00,10000.00,0.00,0.00000000,BAR
1032,1688223600.0,10000.00,10000.00,0.00,0.00000000,BAR
1033,1688223660.0,10000.00,10000.00,0.00,0.00000000,BAR
1034,1688223780.0,10000.00,10000.00,0.00,0.00000000,BAR
1035,1688223840.0,10000.00,10000.00,0.00,0.00000000,BAR
1036,1688223900.0,10000.00,10000.00,0.00,0.00000000,BAR
1037,1688223960.0,10000.00,10000.00,0.00,0.00000000,BAR
1038,1688224020.0,10000.00,10000.00,0.00,0.00000000,BAR
1039,1688224080.0,10000.00,10000.00,0.00,0.00000000,BAR
1040,1688224140.0,10000.00,10000.00,0.00,0.00000000,BAR
1041,1688224200.0,10000.00,10000.00,0.00,0.00000000,BAR
1042,1688224260.0,10000.00,10000.00,0.00,0.00000000,BAR
1043,1688224320.0,10000.00,10000.00,0.00,0.00000000,BAR
1044,1688224380.0,10000.00,10000.00,0.00,0.00000000,BAR
1045,1688224440.0,10000.00,10000.00,0.00,0.00000000,BAR
1046,1688224500.0,10000.00,10000.00,0.00,0.00000000,BAR
1047,1688224560.0,10000.00,10000.00,0.00,0.00000000,BAR
1048,1688224620.0,10000.00,10000.00,0.00,0.00000000,BAR
1049,1688224680.0,10000.00,10000.00,0.00,0.00000000,BAR
1050,1688224740.0,10000.00,10000.00,0.00,0.00000000,BAR
1051,1688224800.0,10000.00,10000.00,0.00,0.00000000,BAR
1052,1688224860.0,10000.00,10000.00,0.00,0.00000000,BAR
1053,1688224920.0,10000.00,10000.00,0.00,0.00000000,BAR
1054,1688224980.0,10000.00,10000.00,0.00,0.00000000,BAR
1055,1688225040.0,10000.00,10000.00,0.00,0.00000000,BAR
1056,1688225100.0,10000.00,10000.00,0.00,0.00000000,BAR
1057,1688225160.0,10000.00,10000.00,0.00,0.00000000,BAR
1058,1688225220.0,10000.00,10000.00,0.00,0.00000000,BAR
1059,1688225280.0,10000.00,10000.00,0.00,0.00000000,BAR
1060,1688225340.0,10000.00,10000.00,0.00,0.00000000,BAR
1061,1688225400.0,10000.00,10000.00,0.00,0.00000000,BAR
1062,1688225460.0,10000.00,10000.00,0.00,0.00000000,BAR
1063,1688225520.0,10000.00,10000.00,0.00,0.00000000,BAR
1064,1688225580.0,10000.00,10000.00,0.00,0.00000000,BAR
1065,1688225640.0,10000.00,10000.00,0.00,0.00000000,BAR
1066,1688225700.0,10000.00,10000.00,0.00,0.00000000,BAR
1067,1688225760.0,10000.00,10000.00,0.00,0.00000000,BAR
1068,1688225820.0,10000.00,10000.00,0.00,0.00000000,BAR
1069,1688225880.0,10000.00,10000.00,0.00,0.00000000,BAR
1070,1688225940.0,10000.00,10000.00,0.00,0.00000000,BAR
1071,1688226000.0,10000.00,10000.00,0.00,0.00000000,BAR
1072,1688226060.0,10000.00,10000.00,0.00,0.00000000,BAR
1073,1688226120.0,10000.00,10000.00,0.00,0.00000000,BAR
1074,1688226180.0,10000.00,10000.00,0.00,0.00000000,BAR
1075,1688226240.0,10000.00,10000.00,0.00,0.00000000,BAR
1076,1688226300.0,10000.00,10000.00,0.00,0.00000000,BAR
1077,1688226360.0,10000.00,10000.00,0.00,0.00000000,BAR
1078,1688226420.0,10000.00,10000.00,0.00,0.00000000,BAR
1079,1688226480.0,10000.00,10000.00,0.00,0.00000000,BAR
1080,1688226540.0,10000.00,10000.00,0.00,0.00000000,BAR
1081,1688226600.0,10000.00,10000.00,0.00,0.00000000,BAR
1082,1688226660.0,10000.00,10000.00,0.00,0.00000000,BAR
1083,1688226720.0,10000.00,10000.00,0.00,0.00000000,BAR
1084,1688226780.0,10000.00,10000.00,0.00,0.00000000,BAR
1085,1688226840.0,10000.00,10000.00,0.00,0.00000000,BAR
1086,1688226900.0,10000.00,10000.00,0.00,0.00000000,BAR
1087,1688226960.0,10000.00,10000.00,0.00,0.00000000,BAR
1088,1688227020.0,10000.00,10000.00,0.00,0.00000000,BAR
1089,1688227080.0,10000.00,10000.00,0.00,0.00000000,BAR
1090,1688227140.0,10000.00,10000.00,0.00,0.00000000,BAR
1091,1688227200.0,10000.00,10000.00,0.00,0.00000000,BAR
1092,1688227260.0,10000.00,10000.00,0.00,0.00000000,BAR
1093,1688227320.0,10000.00,10000.00,0.00,0.00000000,BAR
1094,1688227380.0,10000.00,10000.00,0.00,0.00000000,BAR
1095,1688227440.0,10000.00,10000.00,0.00,0.00000000,BAR
1096,1688227500.0,10000.00,10000.00,0.00,0.00000000,BAR
1097,1688227560.0,10000.00,10000.00,0.00,0.00000000,BAR
1098,1688227620.0,10000.00,10000.00,0.00,0.00000000,BAR
1099,1688227680.0,10000.00,10000.00,0.00,0.00000000,BAR
1100,1688227740.0,10000.00,10000.00,0.00,0.00000000,BAR
1101,1688227800.0,10000.00,10000.00,0.00,0.00000000,BAR
1102,1688227860.0,10000.00,10000.00,0.00,0.00000000,BAR
1103,1688227920.0,10000.00,10000.00,0.00,0.00000000,BAR
1104,1688227980.0,10000.00,10000.00,0.00,0.00000000,BAR
1105,1688228040.0,10000.00,10000.00,0.00,0.00000000,BAR
1106,1688228100.0,10000.00,10000.00,0.00,0.00000000,BAR
1107,1688228160.0,10000.00,10000.00,0.00,0.00000000,BAR
1108,1688228220.0,10000.00,10000.00,0.00,0.00000000,BAR
1109,1688228280.0,10000.00,10000.00,0.00,0.00000000,BAR
1110,1688228340.0,10000.00,10000.00,0.00,0.00000000,BAR
1111,1688228400.0,10000.00,10000.00,0.00,0.00000000,BAR
1112,1688228460.0,10000.00,10000.00,0.00,0.00000000,BAR
1113,1688228520.0,10000.00,10000.00,0.00,0.00000000,BAR
1114,1688228580.0,10000.00,10000.00,0.00,0.00000000,BAR
1115,1688228640.0,10000.00,10000.00,0.00,0.00000000,BAR
1116,1688228700.0,10000.00,10000.00,0.00,0.00000000,BAR
1117,1688228760.0,10000.00,10000.00,0.00,0.00000000,BAR
1118,1688228820.0,10000.00,10000.00,0.00,0.00000000,BAR
1119,1688228880.0,10000.00,10000.00,0.00,0.00000000,BAR
1120,1688228940.0,10000.00,10000.00,0.00,0.00000000,BAR
1121,1688229000.0,10000.00,10000.00,0.00,0.00000000,BAR
1122,1688229060.0,10000.00,10000.00,0.00,0.00000000,BAR
1123,1688229120.0,10000.00,10000.00,0.00,0.00000000,BAR
1124,1688229180.0,10000.00,10000.00,0.00,0.00000000,BAR
1125,1688229240.0,10000.00,10000.00,0.00,0.00000000,BAR
1126,1688229300.0,10000.00,10000.00,0.00,0.00000000,BAR
1127,1688229360.0,10000.00,10000.00,0.00,0.00000000,BAR
1128,1688229420.0,10000.00,10000.00,0.00,0.00000000,BAR
1129,1688229480.0,10000.00,10000.00,0.00,0.00000000,BAR
1130,1688229540.0,10000.00,10000.00,0.00,0.00000000,BAR
1131,1688229600.0,10000.00,10000.00,0.00,0.00000000,BAR
1132,1688229660.0,10000.00,10000.00,0.00,0.00000000,BAR
1133,1688229720.0,10000.00,10000.00,0.00,0.00000000,BAR
1134,1688229780.0,10000.00,10000.00,0.00,0.00000000,BAR
1135,1688229840.0,10000.00,10000.00,0.00,0.00000000,BAR
1136,1688229900.0,10000.00,10000.00,0.00,0.00000000,BAR
1137,1688229960.0,10000.00,10000.00,0.00,0.00000000,BAR
1138,1688230020.0,10000.00,10000.00,0.00,0.00000000,BAR
1139,1688230080.0,10000.00,10000.00,0.00,0.00000000,BAR
1140,1688230140.0,10000.00,10000.00,0.00,0.00000000,BAR
1141,1688230200.0,10000.00,10000.00,0.00,0.00000000,BAR
1142,1688230260.0,10000.00,10000.00,0.00,0.00000000,BAR
1143,1688230320.0,10000.00,10000.00,0.00,0.00000000,BAR
1144,1688230380.0,10000.00,10000.00,0.00,0.00000000,BAR
1145,1688230440.0,10000.00,10000.00,0.00,0.00000000,BAR
1146,1688230500.0,10000.00,10000.00,0.00,0.00000000,BAR
1147,1688230560.0,10000.00,10000.00,0.00,0.00000000,BAR
1148,1688230620.0,10000.00,10000.00,0.00,0.00000000,BAR
1149,1688230680.0,10000.00,10000.00,0.00,0.00000000,BAR
1150,1688230740.0,10000.00,10000.00,0.00,0.00000000,BAR
1151,1688230800.0,10000.00,10000.00,0.00,0.00000000,BAR
1152,1688230860.0,10000.00,10000.00,0.00,0.00000000,BAR
1153,1688230920.0,10000.00,10000.00,0.00,0.00000000,BAR
1154,1688230980.0,10000.00,10000.00,0.00,0.00000000,BAR
1155,1688231040.0,10000.00,10000.00,0.00,0.00000000,BAR
1156,1688231100.0,10000.00,10000.00,0.00,0.00000000,BAR
1157,1688231160.0,10000.00,10000.00,0.00,0.00000000,BAR
1158,1688231220.0,10000.00,10000.00,0.00,0.00000000,BAR
1159,1688231280.0,10000.00,10000.00,0.00,0.00000000,BAR
1160,1688231340.0,10000.00,10000.00,0.00,0.00000000,BAR
1161,1688231400.0,10000.00,10000.00,0.00,0.00000000,BAR
1162,1688231460.0,10000.00,10000.00,0.00,0.00000000,BAR
1163,1688231520.0,10000.00,10000.00,0.00,0.00000000,BAR
1164,1688231580.0,10000.00,10000.00,0.00,0.00000000,BAR
1165,1688231640.0,10000.00,10000.00,0.00,0.00000000,BAR
1166,1688231700.0,10000.00,10000.00,0.00,0.00000000,BAR
1167,1688231760.0,10000.00,10000.00,0.00,0.00000000,BAR
1168,1688231820.0,10000.00,10000.00,0.00,0.00000000,BAR
1169,1688231880.0,10000.00,10000.00,0.00,0.00000000,BAR
1170,1688231940.0,10000.00,10000.00,0.00,0.00000000,BAR
1171,1688232000.0,10000.00,10000.00,0.00,0.00000000,BAR
1172,1688232060.0,10000.00,10000.00,0.00,0.00000000,BAR
1173,1688232120.0,10000.00,10000.00,0.00,0.00000000,BAR
1174,1688232180.0,10000.00,10000.00,0.00,0.00000000,BAR
1175,1688232240.0,10000.00,10000.00,0.00,0.00000000,BAR
1176,1688232300.0,10000.00,10000.00,0.00,0.00000000,BAR
1177,1688232360.0,10000.00,10000.00,0.00,0.00000000,BAR
1178,1688232420.0,10000.00,10000.00,0.00,0.00000000,BAR
1179,1688232480.0,10000.00,10000.00,0.00,0.00000000,BAR
1180,1688232540.0,10000.00,10000.00,0.00,0.00000000,BAR
1181,1688232600.0,10000.00,10000.00,0.00,0.00000000,BAR
1182,1688232660.0,10000.00,10000.00,0.00,0.00000000,BAR
1183,1688232720.0,10000.00,10000.00,0.00,0.00000000,BAR
1184,1688232780.0,10000.00,10000.00,0.00,0.00000000,BAR
1185,1688232840.0,10000.00,10000.00,0.00,0.00000000,BAR
1186,1688232900.0,10000.00,10000.00,0.00,0.00000000,BAR
1187,1688232960.0,10000.00,10000.00,0.00,0.00000000,BAR
1188,1688233020.0,10000.00,10000.00,0.00,0.00000000,BAR
1189,1688233080.0,10000.00,10000.00,0.00,0.00000000,BAR
1190,1688233140.0,10000.00,10000.00,0.00,0.00000000,BAR
1191,1688233200.0,10000.00,10000.00,0.00,0.00000000,BAR
1192,1688233260.0,10000.00,10000.00,0.00,0.00000000,BAR
1193,1688233320.0,10000.00,10000.00,0.00,0.00000000,BAR
1194,1688233380.0,10000.00,10000.00,0.00,0.00000000,BAR
1195,1688233440.0,10000.00,10000.00,0.00,0.00000000,BAR
1196,1688233500.0,10000.00,10000.00,0.00,0.00000000,BAR
1197,1688233560.0,10000.00,10000.00,0.00,0.00000000,BAR
1198,1688233620.0,10000.00,10000.00,0.00,0.00000000,BAR
1199,1688233680.0,10000.00,10000.00,0.00,0.00000000,BAR
1200,1688233740.0,10000.00,10000.00,0.00,0.00000000,BAR
1201,1688233800.0,10000.00,10000.00,0.00,0.00000000,BAR
1202,1688233860.0,10000.00,10000.00,0.00,0.00000000,BAR
1203,1688233920.0,10000.00,10000.00,0.00,0.00000000,BAR
1204,1688233980.0,10000.00,10000.00,0.00,0.00000000,BAR
1205,1688234040.0,10000.00,10000.00,0.00,0.00000000,BAR
1206,1688234100.0,10000.00,10000.00,0.00,0.00000000,BAR
1207,1688234160.0,10000.00,10000.00,0.00,0.00000000,BAR
1208,1688234220.0,10000.00,10000.00,0.00,0.00000000,BAR
1209,1688234280.0,10000.00,10000.00,0.00,0.00000000,BAR
1210,1688234340.0,10000.00,10000.00,0.00,0.00000000,BAR
1211,1688234400.0,10000.00,10000.00,0.00,0.00000000,BAR
1212,1688234460.0,10000.00,10000.00,0.00,0.00000000,BAR
1213,1688234520.0,10000.00,10000.00,0.00,0.00000000,BAR
1214,1688234580.0,10000.00,10000.00,0.00,0.00000000,BAR
1215,1688234640.0,10000.00,10000.00,0.00,0.00000000,BAR
1216,1688234700.0,10000.00,10000.00,0.00,0.00000000,BAR
1217,1688234760.0,10000.00,10000.00,0.00,0.00000000,BAR
1218,1688234820.0,10000.00,10000.00,0.00,0.00000000,BAR
1219,1688234880.0,10000.00,10000.00,0.00,0.00000000,BAR
1220,1688234940.0,10000.00,10000.00,0.00,0.00000000,BAR
1221,1688235000.0,10000.00,10000.00,0.00,0.00000000,BAR
1222,1688235060.0,10000.00,10000.00,0.00,0.00000000,BAR
1223,1688235120.0,10000.00,10000.00,0.00,0.00000000,BAR
1224,1688235180.0,10000.00,10000.00,0.00,0.00000000,BAR
1225,1688235240.0,10000.00,10000.00,0.00,0.00000000,BAR
1226,1688235300.0,10000.00,10000.00,0.00,0.00000000,BAR
1227,1688235360.0,10000.00,10000.00,0.00,0.00000000,BAR
1228,1688235420.0,10000.00,10000.00,0.00,0.00000000,BAR
1229,1688235480.0,10000.00,10000.00,0.00,0.00000000,BAR
1230,1688235540.0,10000.00,10000.00,0.00,0.00000000,BAR
1231,1688235600.0,10000.00,10000.00,0.00,0.00000000,BAR
1232,1688235660.0,10000.00,10000.00,0.00,0.00000000,BAR
1233,1688235720.0,10000.00,10000.00,0.00,0.00000000,BAR
1234,1688235780.0,10000.00,10000.00,0.00,0.00000000,BAR
1235,1688235840.0,10000.00,10000.00,0.00,0.00000000,BAR
1236,1688235900.0,10000.00,10000.00,0.00,0.00000000,BAR
1237,1688235960.0,10000.00,10000.00,0.00,0.00000000,BAR
1238,1688236020.0,10000.00,10000.00,0.00,0.00000000,BAR
1239,1688236080.0,10000.00,10000.00,0.00,0.00000000,BAR
1240,1688236140.0,10000.00,10000.00,0.00,0.00000000,BAR
1241,1688236200.0,10000.00,10000.00,0.00,0.00000000,BAR
1242,1688236260.0,10000.00,10000.00,0.00,0.00000000,BAR
1243,1688236320.0,10000.00,10000.00,0.00,0.00000000,BAR
1244,1688236380.0,10000.00,10000.00,0.00,0.00000000,BAR
1245,1688236440.0,10000.00,10000.00,0.00,0.00000000,BAR
1246,1688236500.0,10000.00,10000.00,0.00,0.00000000,BAR
1247,1688236560.0,10000.00,10000.00,0.00,0.00000000,BAR
1248,1688236620.0,10000.00,10000.00,0.00,0.00000000,BAR
1249,1688236680.0,10000.00,10000.00,0.00,0.00000000,BAR
1250,1688236740.0,10000.00,10000.00,0.00,0.00000000,BAR
1251,1688236800.0,10000.00,10000.00,0.00,0.00000000,BAR
1252,1688236860.0,10000.00,10000.00,0.00,0.00000000,BAR
1253,1688236920.0,10000.00,10000.00,0.00,0.00000000,BAR
1254,1688236980.0,10000.00,10000.00,0.00,0.00000000,BAR
1255,1688237040.0,10000.00,10000.00,0.00,0.00000000,BAR
1256,1688237100.0,10000.00,10000.00,0.00,0.00000000,BAR
1257,1688237160.0,10000.00,10000.00,0.00,0.00000000,BAR
1258,1688237220.0,10000.00,10000.00,0.00,0.00000000,BAR
1259,1688238660.0,10000.00,10000.00,0.00,0.00000000,BAR
1260,1688238720.0,10000.00,10000.00,0.00,0.00000000,BAR
1261,1688238780.0,10000.00,10000.00,0.00,0.00000000,BAR
1262,1688238840.0,10000.00,10000.00,0.00,0.00000000,BAR
1263,1688238900.0,10000.00,10000.00,0.00,0.00000000,BAR
1264,1688238960.0,10000.00,10000.00,0.00,0.00000000,BAR
1265,1688239020.0,10000.00,10000.00,0.00,0.00000000,BAR
1266,1688239080.0,10000.00,10000.00,0.00,0.00000000,BAR
1267,1688239140.0,10000.00,10000.00,0.00,0.00000000,BAR
1268,1688239200.0,10000.00,10000.00,0.00,0.00000000,BAR
1269,1688239260.0,10000.00,10000.00,0.00,0.00000000,BAR
1270,1688239320.0,10000.00,10000.00,0.00,0.00000000,BAR
1271,1688239380.0,10000.00,10000.00,0.00,0.00000000,BAR
1272,1688239440.0,10000.00,10000.00,0.00,0.00000000,BAR
1273,1688239500.0,10000.00,10000.00,0.00,0.00000000,BAR
1274,1688239560.0,10000.00,10000.00,0.00,0.00000000,BAR
1275,1688239620.0,10000.00,10000.00,0.00,0.00000000,BAR
1276,1688239680.0,10000.00,10000.00,0.00,0.00000000,BAR
1277,1688239740.0,10000.00,10000.00,0.00,0.00000000,BAR
1278,1688239800.0,10000.00,10000.00,0.00,0.00000000,BAR
1279,1688239860.0,10000.00,10000.00,0.00,0.00000000,BAR
1280,1688239920.0,10000.00,10000.00,0.00,0.00000000,BAR
1281,1688239980.0,10000.00,10000.00,0.00,0.00000000,BAR
1282,1688240040.0,10000.00,10000.00,0.00,0.00000000,BAR
1283,1688240100.0,10000.00,10000.00,0.00,0.00000000,BAR
1284,1688240160.0,10000.00,10000.00,0.00,0.00000000,BAR
1285,1688240220.0,10000.00,10000.00,0.00,0.00000000,BAR
1286,1688240280.0,10000.00,10000.00,0.00,0.00000000,BAR
1287,1688240340.0,10000.00,10000.00,0.00,0.00000000,BAR
1288,1688240400.0,10000.00,10000.00,0.00,0.00000000,BAR
1289,1688240460.0,10000.00,10000.00,0.00,0.00000000,BAR
1290,1688240520.0,10000.00,10000.00,0.00,0.00000000,BAR
1291,1688240580.0,10000.00,10000.00,0.00,0.00000000,BAR
1292,1688240640.0,10000.00,10000.00,0.00,0.00000000,BAR
1293,1688240700.0,10000.00,10000.00,0.00,0.00000000,BAR
1294,1688240760.0,10000.00,10000.00,0.00,0.00000000,BAR
1295,1688240820.0,10000.00,10000.00,0.00,0.00000000,BAR
1296,1688240880.0,10000.00,10000.00,0.00,0.00000000,BAR
1297,1688240940.0,10000.00,10000.00,0.00,0.00000000,BAR
1298,1688241000.0,10000.00,10000.00,0.00,0.00000000,BAR
1299,1688241060.0,10000.00,10000.00,0.00,0.00000000,BAR
1300,1688241120.0,10000.00,10000.00,0.00,0.00000000,BAR
1301,1688241180.0,10000.00,10000.00,0.00,0.00000000,BAR
1302,1688241240.0,10000.00,10000.00,0.00,0.00000000,BAR
1303,1688241300.0,10000.00,10000.00,0.00,0.00000000,BAR
1304,1688241360.0,10000.00,10000.00,0.00,0.00000000,BAR
1305,1688241420.0,10000.00,10000.00,0.00,0.00000000,BAR
1306,1688241480.0,10000.00,10000.00,0.00,0.00000000,BAR
1307,1688241540.0,10000.00,10000.00,0.00,0.00000000,BAR
1308,1688241600.0,10000.00,10000.00,0.00,0.00000000,BAR
1309,1688241660.0,10000.00,10000.00,0.00,0.00000000,BAR
1310,1688241720.0,10000.00,10000.00,0.00,0.00000000,BAR
1311,1688241780.0,10000.00,10000.00,0.00,0.00000000,BAR
1312,1688241840.0,10000.00,10000.00,0.00,0.00000000,BAR
1313,1688241900.0,10000.00,10000.00,0.00,0.00000000,BAR
1314,1688241960.0,10000.00,10000.00,0.00,0.00000000,BAR
1315,1688242020.0,10000.00,10000.00,0.00,0.00000000,BAR
1316,1688242080.0,10000.00,10000.00,0.00,0.00000000,BAR
1317,1688242140.0,10000.00,10000.00,0.00,0.00000000,BAR
1318,1688242200.0,10000.00,10000.00,0.00,0.00000000,BAR
1319,1688242260.0,10000.00,10000.00,0.00,0.00000000,BAR
1320,1688242320.0,10000.00,10000.00,0.00,0.00000000,BAR
1321,1688242380.0,10000.00,10000.00,0.00,0.00000000,BAR
1322,1688242440.0,10000.00,10000.00,0.00,0.00000000,BAR
1323,1688242500.0,10000.00,10000.00,0.00,0.00000000,BAR
1324,1688242560.0,10000.00,10000.00,0.00,0.00000000,BAR
1325,1688242620.0,10000.00,10000.00,0.00,0.00000000,BAR
1326,1688242680.0,10000.00,10000.00,0.00,0.00000000,BAR
1327,1688242740.0,10000.00,10000.00,0.00,0.00000000,BAR
1328,1688242800.0,10000.00,10000.00,0.00,0.00000000,BAR
1329,1688242860.0,10000.00,10000.00,0.00,0.00000000,BAR
1330,1688242920.0,10000.00,10000.00,0.00,0.00000000,BAR
1331,1688242980.0,10000.00,10000.00,0.00,0.00000000,BAR
1332,1688243040.0,10000.00,10000.00,0.00,0.00000000,BAR
1333,1688243100.0,10000.00,10000.00,0.00,0.00000000,BAR
1334,1688243160.0,10000.00,10000.00,0.00,0.00000000,BAR
1335,1688243220.0,10000.00,10000.00,0.00,0.00000000,BAR
1336,1688243280.0,10000.00,10000.00,0.00,0.00000000,BAR
1337,1688243340.0,10000.00,10000.00,0.00,0.00000000,BAR
1338,1688243400.0,10000.00,10000.00,0.00,0.00000000,BAR
1339,1688243460.0,10000.00,10000.00,0.00,0.00000000,BAR
1340,1688243520.0,10000.00,10000.00,0.00,0.00000000,BAR
1341,1688243580.0,10000.00,10000.00,0.00,0.00000000,BAR
1342,1688243640.0,10000.00,10000.00,0.00,0.00000000,BAR
1343,1688243700.0,10000.00,10000.00,0.00,0.00000000,BAR
1344,1688243760.0,10000.00,10000.00,0.00,0.00000000,BAR
1345,1688243820.0,10000.00,10000.00,0.00,0.00000000,BAR
1346,1688243880.0,10000.00,10000.00,0.00,0.00000000,BAR
1347,1688243940.0,10000.00,10000.00,0.00,0.00000000,BAR
1348,1688244000.0,10000.00,10000.00,0.00,0.00000000,BAR
1349,1688244060.0,10000.00,10000.00,0.00,0.00000000,BAR
1350,1688244120.0,10000.00,10000.00,0.00,0.00000000,BAR
1351,1688244180.0,10000.00,10000.00,0.00,0.00000000,BAR
1352,1688244240.0,10000.00,10000.00,0.00,0.00000000,BAR
1353,1688244300.0,10000.00,10000.00,0.00,0.00000000,BAR
1354,1688244360.0,10000.00,10000.00,0.00,0.00000000,BAR
1355,1688244420.0,10000.00,10000.00,0.00,0.00000000,BAR
1356,1688244480.0,10000.00,10000.00,0.00,0.00000000,BAR
1357,1688244540.0,10000.00,10000.00,0.00,0.00000000,BAR
1358,1688244600.0,10000.00,10000.00,0.00,0.00000000,BAR
1359,1688244660.0,10000.00,10000.00,0.00,0.00000000,BAR
1360,1688244720.0,10000.00,10000.00,0.00,0.00000000,BAR
1361,1688244780.0,10000.00,10000.00,0.00,0.00000000,BAR
1362,1688244840.0,10000.00,10000.00,0.00,0.00000000,BAR
1363,1688244900.0,10000.00,10000.00,0.00,0.00000000,BAR
1364,1688244960.0,10000.00,10000.00,0.00,0.00000000,BAR
1365,1688245020.0,10000.00,10000.00,0.00,0.00000000,BAR
1366,1688245080.0,10000.00,10000.00,0.00,0.00000000,BAR
1367,1688245980.0,10000.00,10000.00,0.00,0.00000000,BAR
1368,1688246040.0,10000.00,10000.00,0.00,0.00000000,BAR
1369,1688246100.0,10000.00,10000.00,0.00,0.00000000,BAR
1370,1688246160.0,10000.00,10000.00,0.00,0.00000000,BAR
1371,1688246220.0,10000.00,10000.00,0.00,0.00000000,BAR
1372,1688246280.0,10000.00,10000.00,0.00,0.00000000,BAR
1373,1688246340.0,10000.00,10000.00,0.00,0.00000000,BAR
1374,1688246400.0,10000.00,10000.00,0.00,0.00000000,BAR
1375,1688246460.0,10000.00,10000.00,0.00,0.00000000,BAR
1376,1688246520.0,10000.00,10000.00,0.00,0.00000000,BAR
1377,1688246580.0,10000.00,10000.00,0.00,0.00000000,BAR
1378,1688246640.0,10000.00,10000.00,0.00,0.00000000,BAR
1379,1688246700.0,10000.00,10000.00,0.00,0.00000000,BAR
1380,1688246760.0,10000.00,10000.00,0.00,0.00000000,BAR
1381,1688246820.0,10000.00,10000.00,0.00,0.00000000,BAR
1382,1688246880.0,10000.00,10000.00,0.00,0.00000000,BAR
1383,1688246940.0,10000.00,10000.00,0.00,0.00000000,BAR
1384,1688247000.0,10000.00,10000.00,0.00,0.00000000,BAR
1385,1688247060.0,10000.00,10000.00,0.00,0.00000000,BAR
1386,1688247120.0,10000.00,10000.00,0.00,0.00000000,BAR
1387,1688247180.0,10000.00,10000.00,0.00,0.00000000,BAR
1388,1688247240.0,10000.00,10000.00,0.00,0.00000000,BAR
1389,1688247300.0,10000.00,10000.00,0.00,0.00000000,BAR
1390,1688247360.0,10000.00,10000.00,0.00,0.00000000,BAR
1391,1688247420.0,10000.00,10000.00,0.00,0.00000000,BAR
1392,1688247480.0,10000.00,10000.00,0.00,0.00000000,BAR
1393,1688247540.0,10000.00,10000.00,0.00,0.00000000,BAR
1394,1688247600.0,10000.00,10000.00,0.00,0.00000000,BAR
1395,1688247660.0,10000.00,10000.00,0.00,0.00000000,BAR
1396,1688247720.0,10000.00,10000.00,0.00,0.00000000,BAR
1397,1688247780.0,10000.00,10000.00,0.00,0.00000000,BAR
1398,1688247840.0,10000.00,10000.00,0.00,0.00000000,BAR
1399,1688247900.0,10000.00,10000.00,0.00,0.00000000,BAR
1400,1688247960.0,10000.00,10000.00,0.00,0.00000000,BAR
1401,1688248020.0,10000.00,10000.00,0.00,0.00000000,BAR
1402,1688248080.0,10000.00,10000.00,0.00,0.00000000,BAR
1403,1688248140.0,10000.00,10000.00,0.00,0.00000000,BAR
1404,1688248200.0,10000.00,10000.00,0.00,0.00000000,BAR
1405,1688248260.0,10000.00,10000.00,0.00,0.00000000,BAR
1406,1688248320.0,10000.00,10000.00,0.00,0.00000000,BAR
1407,1688248380.0,10000.00,10000.00,0.00,0.00000000,BAR
1408,1688248440.0,10000.00,10000.00,0.00,0.00000000,BAR
1409,1688248500.0,10000.00,10000.00,0.00,0.00000000,BAR
1410,1688248560.0,10000.00,10000.00,0.00,0.00000000,BAR
1411,1688248620.0,10000.00,10000.00,0.00,0.00000000,BAR
1412,1688248680.0,10000.00,10000.00,0.00,0.00000000,BAR
1413,1688248740.0,10000.00,10000.00,0.00,0.00000000,BAR
1414,1688248800.0,10000.00,10000.00,0.00,0.00000000,BAR
1415,1688248860.0,10000.00,10000.00,0.00,0.00000000,BAR
1416,1688248920.0,10000.00,10000.00,0.00,0.00000000,BAR
1417,1688248980.0,10000.00,10000.00,0.00,0.00000000,BAR
1418,1688249040.0,10000.00,10000.00,0.00,0.00000000,BAR
1419,1688249100.0,10000.00,10000.00,0.00,0.00000000,BAR
1420,1688249160.0,10000.00,10000.00,0.00,0.00000000,BAR
1421,1688249220.0,10000.00,10000.00,0.00,0.00000000,BAR
1422,1688249280.0,10000.00,10000.00,0.00,0.00000000,BAR
1423,1688249340.0,10000.00,10000.00,0.00,0.00000000,BAR
1424,1688249400.0,10000.00,10000.00,0.00,0.00000000,BAR
1425,1688249460.0,10000.00,10000.00,0.00,0.00000000,BAR
1426,1688249520.0,10000.00,10000.00,0.00,0.00000000,BAR
1427,1688249580.0,10000.00,10000.00,0.00,0.00000000,BAR
1428,1688249640.0,10000.00,10000.00,0.00,0.00000000,BAR
1429,1688249700.0,10000.00,10000.00,0.00,0.00000000,BAR
1430,1688249760.0,10000.00,10000.00,0.00,0.00000000,BAR
1431,1688249820.0,10000.00,10000.00,0.00,0.00000000,BAR
1432,1688249880.0,10000.00,10000.00,0.00,0.00000000,BAR
1433,1688249940.0,10000.00,10000.00,0.00,0.00000000,BAR
1434,1688250000.0,10000.00,10000.00,0.00,0.00000000,BAR
1435,1688250060.0,10000.00,10000.00,0.00,0.00000000,BAR
1436,1688250120.0,10000.00,10000.00,0.00,0.00000000,BAR
1437,1688250180.0,10000.00,10000.00,0.00,0.00000000,BAR
1438,1688250240.0,10000.00,10000.00,0.00,0.00000000,BAR
1439,1688250300.0,10000.00,10000.00,0.00,0.00000000,BAR
1440,1688250360.0,10000.00,10000.00,0.00,0.00000000,BAR
1441,1688250420.0,10000.00,10000.00,0.00,0.00000000,BAR
1442,1688250480.0,10000.00,10000.00,0.00,0.00000000,BAR
1443,1688250540.0,10000.00,10000.00,0.00,0.00000000,BAR
1444,1688250600.0,10000.00,10000.00,0.00,0.00000000,BAR
1445,1688250660.0,10000.00,10000.00,0.00,0.00000000,BAR
1446,1688250720.0,10000.00,10000.00,0.00,0.00000000,BAR
1447,1688250780.0,10000.00,10000.00,0.00,0.00000000,BAR
1448,1688250840.0,10000.00,10000.00,0.00,0.00000000,BAR
1449,1688250900.0,10000.00,10000.00,0.00,0.00000000,BAR
1450,1688250960.0,10000.00,10000.00,0.00,0.00000000,BAR
1451,1688251020.0,10000.00,10000.00,0.00,0.00000000,BAR
1452,1688251080.0,10000.00,10000.00,0.00,0.00000000,BAR
1453,1688251140.0,10000.00,10000.00,0.00,0.00000000,BAR
1454,1688251200.0,10000.00,10000.00,0.00,0.00000000,BAR
1455,1688251260.0,10000.00,10000.00,0.00,0.00000000,BAR
1456,1688251320.0,10000.00,10000.00,0.00,0.00000000,BAR
1457,1688251380.0,10000.00,10000.00,0.00,0.00000000,BAR
1458,1688251440.0,10000.00,10000.00,0.00,0.00000000,BAR
1459,1688251500.0,10000.00,10000.00,0.00,0.00000000,BAR
1460,1688251560.0,10000.00,10000.00,0.00,0.00000000,BAR
1461,1688251620.0,10000.00,10000.00,0.00,0.00000000,BAR
1462,1688251680.0,10000.00,10000.00,0.00,0.00000000,BAR
1463,1688251740.0,10000.00,10000.00,0.00,0.00000000,BAR
1464,1688251800.0,10000.00,10000.00,0.00,0.00000000,BAR
1465,1688251860.0,10000.00,10000.00,0.00,0.00000000,BAR
1466,1688251920.0,10000.00,10000.00,0.00,0.00000000,BAR
1467,1688251980.0,10000.00,10000.00,0.00,0.00000000,BAR
1468,1688252040.0,10000.00,10000.00,0.00,0.00000000,BAR
1469,1688252100.0,10000.00,10000.00,0.00,0.00000000,BAR
1470,1688252160.0,10000.00,10000.00,0.00,0.00000000,BAR
1471,1688252220.0,10000.00,10000.00,0.00,0.00000000,BAR
1472,1688252280.0,10000.00,10000.00,0.00,0.00000000,BAR
1473,1688252340.0,10000.00,10000.00,0.00,0.00000000,BAR
1474,1688252400.0,10000.00,10000.00,0.00,0.00000000,BAR
1475,1688252460.0,10000.00,10000.00,0.00,0.00000000,BAR
1476,1688252520.0,10000.00,10000.00,0.00,0.00000000,BAR
1477,1688252580.0,10000.00,10000.00,0.00,0.00000000,BAR
1478,1688252640.0,10000.00,10000.00,0.00,0.00000000,BAR
1479,1688252700.0,10000.00,10000.00,0.00,0.00000000,BAR
1480,1688252760.0,10000.00,10000.00,0.00,0.00000000,BAR
1481,1688252820.0,10000.00,10000.00,0.00,0.00000000,BAR
1482,1688252880.0,10000.00,10000.00,0.00,0.00000000,BAR
1483,1688252940.0,10000.00,10000.00,0.00,0.00000000,BAR
1484,1688253000.0,10000.00,10000.00,0.00,0.00000000,BAR
1485,1688253060.0,10000.00,10000.00,0.00,0.00000000,BAR
1486,1688253120.0,10000.00,10000.00,0.00,0.00000000,BAR
1487,1688253180.0,10000.00,10000.00,0.00,0.00000000,BAR
1488,1688253240.0,10000.00,10000.00,0.00,0.00000000,BAR
1489,1688253300.0,10000.00,10000.00,0.00,0.00000000,BAR
1490,1688253360.0,10000.00,10000.00,0.00,0.00000000,BAR
1491,1688253420.0,10000.00,10000.00,0.00,0.00000000,BAR
1492,1688253480.0,10000.00,10000.00,0.00,0.00000000,BAR
1493,1688253540.0,10000.00,10000.00,0.00,0.00000000,BAR
1494,1688253600.0,10000.00,10000.00,0.00,0.00000000,BAR
1495,1688253660.0,10000.00,10000.00,0.00,0.00000000,BAR
1496,1688253720.0,10000.00,10000.00,0.00,0.00000000,BAR
1497,1688253780.0,10000.00,10000.00,0.00,0.00000000,BAR
1498,1688253840.0,10000.00,10000.00,0.00,0.00000000,BAR
1499,1688253900.0,10000.00,10000.00,0.00,0.00000000,BAR
1500,1688253960.0,10000.00,10000.00,0.00,0.00000000,BAR
1501,1688254020.0,10000.00,10000.00,0.00,0.00000000,BAR
1502,1688254080.0,10000.00,10000.00,0.00,0.00000000,BAR
1503,1688254140.0,10000.00,10000.00,0.00,0.00000000,BAR
1504,1688254200.0,10000.00,10000.00,0.00,0.00000000,BAR
1505,1688254260.0,10000.00,10000.00,0.00,0.00000000,BAR
1506,1688254320.0,10000.00,10000.00,0.00,0.00000000,BAR
1507,1688254380.0,10000.00,10000.00,0.00,0.00000000,BAR
1508,1688254440.0,10000.00,10000.00,0.00,0.00000000,BAR
1509,1688254500.0,10000.00,10000.00,0.00,0.00000000,BAR
1510,1688254560.0,10000.00,10000.00,0.00,0.00000000,BAR
1511,1688254620.0,10000.00,10000.00,0.00,0.00000000,BAR
1512,1688254680.0,10000.00,10000.00,0.00,0.00000000,BAR
1513,1688254740.0,10000.00,10000.00,0.00,0.00000000,BAR
1514,1688254800.0,10000.00,10000.00,0.00,0.00000000,BAR
1515,1688254860.0,10000.00,10000.00,0.00,0.00000000,BAR
1516,1688254920.0,10000.00,10000.00,0.00,0.00000000,BAR
1517,1688254980.0,10000.00,10000.00,0.00,0.00000000,BAR
1518,1688255040.0,10000.00,10000.00,0.00,0.00000000,BAR
1519,1688255100.0,10000.00,10000.00,0.00,0.00000000,BAR
1520,1688255520.0,10000.00,10000.00,0.00,0.00000000,BAR
1521,1688255580.0,10000.00,10000.00,0.00,0.00000000,BAR
1522,1688255640.0,10000.00,10000.00,0.00,0.00000000,BAR
1523,1688255700.0,10000.00,10000.00,0.00,0.00000000,BAR
1524,1688255760.0,10000.00,10000.00,0.00,0.00000000,BAR
1525,1688255820.0,10000.00,10000.00,0.00,0.00000000,BAR
1526,1688255880.0,10000.00,10000.00,0.00,0.00000000,BAR
1527,1688255940.0,10000.00,10000.00,0.00,0.00000000,BAR
1528,1688256000.0,10000.00,10000.00,0.00,0.00000000,BAR
1529,1688256060.0,10000.00,10000.00,0.00,0.00000000,BAR
1530,1688256120.0,10000.00,10000.00,0.00,0.00000000,BAR
1531,1688256180.0,10000.00,10000.00,0.00,0.00000000,BAR
1532,1688256240.0,10000.00,10000.00,0.00,0.00000000,BAR
1533,1688256300.0,10000.00,10000.00,0.00,0.00000000,BAR
1534,1688256360.0,10000.00,10000.00,0.00,0.00000000,BAR
1535,1688256420.0,10000.00,10000.00,0.00,0.00000000,BAR
1536,1688256480.0,10000.00,10000.00,0.00,0.00000000,BAR
1537,1688256540.0,10000.00,10000.00,0.00,0.00000000,BAR
1538,1688256600.0,10000.00,10000.00,0.00,0.00000000,BAR
1539,1688256660.0,10000.00,10000.00,0.00,0.00000000,BAR
1540,1688256720.0,10000.00,10000.00,0.00,0.00000000,BAR
1541,1688256780.0,10000.00,10000.00,0.00,0.00000000,BAR
1542,1688256900.0,10000.00,10000.00,0.00,0.00000000,BAR
1543,1688256960.0,10000.00,10000.00,0.00,0.00000000,BAR
1544,1688257020.0,10000.00,10000.00,0.00,0.00000000,BAR
1545,1688257080.0,10000.00,10000.00,0.00,0.00000000,BAR
1546,1688257140.0,10000.00,10000.00,0.00,0.00000000,BAR
1547,1688257200.0,10000.00,10000.00,0.00,0.00000000,BAR
1548,1688257260.0,10000.00,10000.00,0.00,0.00000000,BAR
1549,1688257320.0,10000.00,10000.00,0.00,0.00000000,BAR
1550,1688257380.0,10000.00,10000.00,0.00,0.00000000,BAR
1551,1688257440.0,10000.00,10000.00,0.00,0.00000000,BAR
1552,1688257500.0,10000.00,10000.00,0.00,0.00000000,BAR
1553,1688257560.0,10000.00,10000.00,0.00,0.00000000,BAR
1554,1688257620.0,10000.00,10000.00,0.00,0.00000000,BAR
1555,1688257680.0,10000.00,10000.00,0.00,0.00000000,BAR
1556,1688257740.0,10000.00,10000.00,0.00,0.00000000,BAR
1557,1688257860.0,10000.00,10000.00,0.00,0.00000000,BAR
1558,1688257920.0,10000.00,10000.00,0.00,0.00000000,BAR
1559,1688257980.0,10000.00,10000.00,0.00,0.00000000,BAR
1560,1688258040.0,10000.00,10000.00,0.00,0.00000000,BAR
1561,1688258100.0,10000.00,10000.00,0.00,0.00000000,BAR
1562,1688258220.0,10000.00,10000.00,0.00,0.00000000,BAR
1563,1688258280.0,10000.00,10000.00,0.00,0.00000000,BAR
1564,1688258340.0,10000.00,10000.00,0.00,0.00000000,BAR
1565,1688258400.0,10000.00,10000.00,0.00,0.00000000,BAR
1566,1688258460.0,10000.00,10000.00,0.00,0.00000000,BAR
1567,1688258520.0,10000.00,10000.00,0.00,0.00000000,BAR
1568,1688258580.0,10000.00,10000.00,0.00,0.00000000,BAR
1569,1688258640.0,10000.00,10000.00,0.00,0.00000000,BAR
1570,1688258700.0,10000.00,10000.00,0.00,0.00000000,BAR
1571,1688258760.0,10000.00,10000.00,0.00,0.00000000,BAR
1572,1688258820.0,10000.00,10000.00,0.00,0.00000000,BAR
1573,1688258880.0,10000.00,10000.00,0.00,0.00000000,BAR
1574,1688258940.0,10000.00,10000.00,0.00,0.00000000,BAR
1575,1688259000.0,10000.00,10000.00,0.00,0.00000000,BAR
1576,1688259060.0,10000.00,10000.00,0.00,0.00000000,BAR
1577,1688259120.0,10000.00,10000.00,0.00,0.00000000,BAR
1578,1688259180.0,10000.00,10000.00,0.00,0.00000000,BAR
1579,1688259240.0,10000.00,10000.00,0.00,0.00000000,BAR
1580,1688259300.0,10000.00,10000.00,0.00,0.00000000,BAR
1581,1688259360.0,10000.00,10000.00,0.00,0.00000000,BAR
1582,1688259420.0,10000.00,10000.00,0.00,0.00000000,BAR
1583,1688259480.0,10000.00,10000.00,0.00,0.00000000,BAR
1584,1688259540.0,10000.00,10000.00,0.00,0.00000000,BAR
1585,1688259600.0,10000.00,10000.00,0.00,0.00000000,BAR
1586,1688259660.0,10000.00,10000.00,0.00,0.00000000,BAR
1587,1688259720.0,10000.00,10000.00,0.00,0.00000000,BAR
1588,1688259780.0,10000.00,10000.00,0.00,0.00000000,BAR
1589,1688259840.0,10000.00,10000.00,0.00,0.00000000,BAR
1590,1688259900.0,10000.00,10000.00,0.00,0.00000000,BAR
1591,1688259960.0,10000.00,10000.00,0.00,0.00000000,BAR
1592,1688260020.0,10000.00,10000.00,0.00,0.00000000,BAR
1593,1688260080.0,10000.00,10000.00,0.00,0.00000000,BAR
1594,1688260140.0,10000.00,10000.00,0.00,0.00000000,BAR
1595,1688260200.0,10000.00,10000.00,0.00,0.00000000,BAR
1596,1688260260.0,10000.00,10000.00,0.00,0.00000000,BAR
1597,1688260320.0,10000.00,10000.00,0.00,0.00000000,BAR
1598,1688260380.0,10000.00,10000.00,0.00,0.00000000,BAR
1599,1688260440.0,10000.00,10000.00,0.00,0.00000000,BAR
1600,1688260500.0,10000.00,10000.00,0.00,0.00000000,BAR
1601,1688260560.0,10000.00,10000.00,0.00,0.00000000,BAR
1602,1688260620.0,10000.00,10000.00,0.00,0.00000000,BAR
1603,1688260680.0,10000.00,10000.00,0.00,0.00000000,BAR
1604,1688260740.0,10000.00,10000.00,0.00,0.00000000,BAR
1605,1688260800.0,10000.00,10000.00,0.00,0.00000000,BAR
1606,1688260860.0,10000.00,10000.00,0.00,0.00000000,BAR
1607,1688260920.0,10000.00,10000.00,0.00,0.00000000,BAR
1608,1688260980.0,10000.00,10000.00,0.00,0.00000000,BAR
1609,1688261040.0,10000.00,10000.00,0.00,0.00000000,BAR
1610,1688261100.0,10000.00,10000.00,0.00,0.00000000,BAR
1611,1688261160.0,10000.00,10000.00,0.00,0.00000000,BAR
1612,1688261220.0,10000.00,10000.00,0.00,0.00000000,BAR
1613,1688261280.0,10000.00,10000.00,0.00,0.00000000,BAR
1614,1688261340.0,10000.00,10000.00,0.00,0.00000000,BAR
1615,1688261400.0,10000.00,10000.00,0.00,0.00000000,BAR
1616,1688261460.0,10000.00,10000.00,0.00,0.00000000,BAR
1617,1688261520.0,10000.00,10000.00,0.00,0.00000000,BAR
1618,1688261580.0,10000.00,10000.00,0.00,0.00000000,BAR
1619,1688261640.0,10000.00,10000.00,0.00,0.00000000,BAR
1620,1688261700.0,10000.00,10000.00,0.00,0.00000000,BAR
1621,1688261760.0,10000.00,10000.00,0.00,0.00000000,BAR
1622,1688261820.0,10000.00,10000.00,0.00,0.00000000,BAR
1623,1688261880.0,10000.00,10000.00,0.00,0.00000000,BAR
1624,1688261940.0,10000.00,10000.00,0.00,0.00000000,BAR
1625,1688262000.0,10000.00,10000.00,0.00,0.00000000,BAR
1626,1688262060.0,10000.00,10000.00,0.00,0.00000000,BAR
1627,1688262120.0,10000.00,10000.00,0.00,0.00000000,BAR
1628,1688262180.0,10000.00,10000.00,0.00,0.00000000,BAR
1629,1688262240.0,10000.00,10000.00,0.00,0.00000000,BAR
1630,1688262300.0,10000.00,10000.00,0.00,0.00000000,BAR
1631,1688262360.0,10000.00,10000.00,0.00,0.00000000,BAR
1632,1688262420.0,10000.00,10000.00,0.00,0.00000000,BAR
1633,1688262480.0,10000.00,10000.00,0.00,0.00000000,BAR
1634,1688262540.0,10000.00,10000.00,0.00,0.00000000,BAR
1635,1688262600.0,10000.00,10000.00,0.00,0.00000000,BAR
1636,1688262660.0,10000.00,10000.00,0.00,0.00000000,BAR
1637,1688262720.0,10000.00,10000.00,0.00,0.00000000,BAR
1638,1688262780.0,10000.00,10000.00,0.00,0.00000000,BAR
1639,1688262840.0,10000.00,10000.00,0.00,0.00000000,BAR
1640,1688262900.0,10000.00,10000.00,0.00,0.00000000,BAR
1641,1688262960.0,10000.00,10000.00,0.00,0.00000000,BAR
1642,1688263020.0,10000.00,10000.00,0.00,0.00000000,BAR
1643,1688263080.0,10000.00,10000.00,0.00,0.00000000,BAR
1644,1688263140.0,10000.00,10000.00,0.00,0.00000000,BAR
1645,1688263200.0,10000.00,10000.00,0.00,0.00000000,BAR
1646,1688263260.0,10000.00,10000.00,0.00,0.00000000,BAR
1647,1688263320.0,10000.00,10000.00,0.00,0.00000000,BAR
1648,1688263380.0,10000.00,10000.00,0.00,0.00000000,BAR
1649,1688263440.0,10000.00,10000.00,0.00,0.00000000,BAR
1650,1688263500.0,10000.00,10000.00,0.00,0.00000000,BAR
1651,1688263560.0,10000.00,10000.00,0.00,0.00000000,BAR
1652,1688263620.0,10000.00,10000.00,0.00,0.00000000,BAR
1653,1688263680.0,10000.00,10000.00,0.00,0.00000000,BAR
1654,1688263740.0,10000.00,10000.00,0.00,0.00000000,BAR
1655,1688263800.0,10000.00,10000.00,0.00,0.00000000,BAR
1656,1688263860.0,10000.00,10000.00,0.00,0.00000000,BAR
1657,1688263920.0,10000.00,10000.00,0.00,0.00000000,BAR
1658,1688263980.0,10000.00,10000.00,0.00,0.00000000,BAR
1659,1688264040.0,10000.00,10000.00,0.00,0.00000000,BAR
1660,1688264100.0,10000.00,10000.00,0.00,0.00000000,BAR
1661,1688264160.0,10000.00,10000.00,0.00,0.00000000,BAR
1662,1688264220.0,10000.00,10000.00,0.00,0.00000000,BAR
1663,1688264400.0,10000.00,10000.00,0.00,0.00000000,BAR
1664,1688264460.0,10000.00,10000.00,0.00,0.00000000,BAR
1665,1688264520.0,10000.00,10000.00,0.00,0.00000000,BAR
1666,1688264580.0,10000.00,10000.00,0.00,0.00000000,BAR
1667,1688264640.0,10000.00,10000.00,0.00,0.00000000,BAR
1668,1688264700.0,10000.00,10000.00,0.00,0.00000000,BAR
1669,1688264760.0,10000.00,10000.00,0.00,0.00000000,BAR
1670,1688264820.0,10000.00,10000.00,0.00,0.00000000,BAR
1671,1688264880.0,10000.00,10000.00,0.00,0.00000000,BAR
1672,1688264940.0,10000.00,10000.00,0.00,0.00000000,BAR
1673,1688265000.0,10000.00,10000.00,0.00,0.00000000,BAR
1674,1688265060.0,10000.00,10000.00,0.00,0.00000000,BAR
1675,1688265120.0,10000.00,10000.00,0.00,0.00000000,BAR
1676,1688265180.0,10000.00,10000.00,0.00,0.00000000,BAR
1677,1688265240.0,10000.00,10000.00,0.00,0.00000000,BAR
1678,1688265300.0,10000.00,10000.00,0.00,0.00000000,BAR
1679,1688265360.0,10000.00,10000.00,0.00,0.00000000,BAR
1680,1688265420.0,10000.00,10000.00,0.00,0.00000000,BAR
1681,1688265480.0,10000.00,10000.00,0.00,0.00000000,BAR
1682,1688265540.0,10000.00,10000.00,0.00,0.00000000,BAR
1683,1688265600.0,10000.00,10000.00,0.00,0.00000000,BAR
1684,1688265660.0,10000.00,10000.00,0.00,0.00000000,BAR
1685,1688265720.0,10000.00,10000.00,0.00,0.00000000,BAR
1686,1688265780.0,10000.00,10000.00,0.00,0.00000000,BAR
1687,1688265840.0,10000.00,10000.00,0.00,0.00000000,BAR
1688,1688265900.0,10000.00,10000.00,0.00,0.00000000,BAR
1689,1688265960.0,10000.00,10000.00,0.00,0.00000000,BAR
1690,1688266020.0,10000.00,10000.00,0.00,0.00000000,BAR
1691,1688266080.0,10000.00,10000.00,0.00,0.00000000,BAR
1692,1688266140.0,10000.00,10000.00,0.00,0.00000000,BAR
1693,1688266200.0,10000.00,10000.00,0.00,0.00000000,BAR
1694,1688266260.0,10000.00,10000.00,0.00,0.00000000,BAR
1695,1688266320.0,10000.00,10000.00,0.00,0.00000000,BAR
1696,1688266380.0,10000.00,10000.00,0.00,0.00000000,BAR
1697,1688266440.0,10000.00,10000.00,0.00,0.00000000,BAR
1698,1688266500.0,10000.00,10000.00,0.00,0.00000000,BAR
1699,1688266560.0,10000.00,10000.00,0.00,0.00000000,BAR
1700,1688266620.0,10000.00,10000.00,0.00,0.00000000,BAR
1701,1688266680.0,10000.00,10000.00,0.00,0.00000000,BAR
1702,1688266740.0,10000.00,10000.00,0.00,0.00000000,BAR
1703,1688266800.0,10000.00,10000.00,0.00,0.00000000,BAR
1704,1688266860.0,10000.00,10000.00,0.00,0.00000000,BAR
1705,1688266920.0,10000.00,10000.00,0.00,0.00000000,BAR
1706,1688266980.0,10000.00,10000.00,0.00,0.00000000,BAR
1707,1688267040.0,10000.00,10000.00,0.00,0.00000000,BAR
1708,1688267100.0,10000.00,10000.00,0.00,0.00000000,BAR
1709,1688267160.0,10000.00,10000.00,0.00,0.00000000,BAR
1710,1688267220.0,10000.00,10000.00,0.00,0.00000000,BAR
1711,1688267280.0,10000.00,10000.00,0.00,0.00000000,BAR
1712,1688267340.0,10000.00,10000.00,0.00,0.00000000,BAR
1713,1688267400.0,10000.00,10000.00,0.00,0.00000000,BAR
1714,1688267460.0,10000.00,10000.00,0.00,0.00000000,BAR
1715,1688267520.0,10000.00,10000.00,0.00,0.00000000,BAR
1716,1688267580.0,10000.00,10000.00,0.00,0.00000000,BAR
1717,1688267640.0,10000.00,10000.00,0.00,0.00000000,BAR
1718,1688267700.0,10000.00,10000.00,0.00,0.00000000,BAR
1719,1688267760.0,10000.00,10000.00,0.00,0.00000000,BAR
1720,1688267820.0,10000.00,10000.00,0.00,0.00000000,BAR
1721,1688267880.0,10000.00,10000.00,0.00,0.00000000,BAR
1722,1688267940.0,10000.00,10000.00,0.00,0.00000000,BAR
1723,1688268000.0,10000.00,10000.00,0.00,0.00000000,BAR
1724,1688268060.0,10000.00,10000.00,0.00,0.00000000,BAR
1725,1688268120.0,10000.00,10000.00,0.00,0.00000000,BAR
1726,1688268180.0,10000.00,10000.00,0.00,0.00000000,BAR
1727,1688268240.0,10000.00,10000.00,0.00,0.00000000,BAR
1728,1688268300.0,10000.00,10000.00,0.00,0.00000000,BAR
1729,1688268360.0,10000.00,10000.00,0.00,0.00000000,BAR
1730,1688268420.0,10000.00,10000.00,0.00,0.00000000,BAR
1731,1688268480.0,10000.00,10000.00,0.00,0.00000000,BAR
1732,1688268540.0,10000.00,10000.00,0.00,0.00000000,BAR
1733,1688268600.0,10000.00,10000.00,0.00,0.00000000,BAR
1734,1688268660.0,10000.00,10000.00,0.00,0.00000000,BAR
1735,1688268720.0,10000.00,10000.00,0.00,0.00000000,BAR
1736,1688268780.0,10000.00,10000.00,0.00,0.00000000,BAR
1737,1688268840.0,10000.00,10000.00,0.00,0.00000000,BAR
1738,1688268900.0,10000.00,10000.00,0.00,0.00000000,BAR
1739,1688268960.0,10000.00,10000.00,0.00,0.00000000,BAR
1740,1688269020.0,10000.00,10000.00,0.00,0.00000000,BAR
1741,1688269080.0,10000.00,10000.00,0.00,0.00000000,BAR
1742,1688269140.0,10000.00,10000.00,0.00,0.00000000,BAR
1743,1688269200.0,10000.00,10000.00,0.00,0.00000000,BAR
1744,1688269260.0,10000.00,10000.00,0.00,0.00000000,BAR
1745,1688269320.0,10000.00,10000.00,0.00,0.00000000,BAR
1746,1688269380.0,10000.00,10000.00,0.00,0.00000000,BAR
1747,1688269440.0,10000.00,10000.00,0.00,0.00000000,BAR
1748,1688269500.0,10000.00,10000.00,0.00,0.00000000,BAR
1749,1688269560.0,10000.00,10000.00,0.00,0.00000000,BAR
1750,1688269620.0,10000.00,10000.00,0.00,0.00000000,BAR
1751,1688269680.0,10000.00,10000.00,0.00,0.00000000,BAR
1752,1688269740.0,10000.00,10000.00,0.00,0.00000000,BAR
1753,1688269800.0,10000.00,10000.00,0.00,0.00000000,BAR
1754,1688269860.0,10000.00,10000.00,0.00,0.00000000,BAR
1755,1688269920.0,10000.00,10000.00,0.00,0.00000000,BAR
1756,1688269980.0,10000.00,10000.00,0.00,0.00000000,BAR
1757,1688270040.0,10000.00,10000.00,0.00,0.00000000,BAR
1758,1688270100.0,10000.00,10000.00,0.00,0.00000000,BAR
1759,1688270160.0,10000.00,10000.00,0.00,0.00000000,BAR
1760,1688270220.0,10000.00,10000.00,0.00,0.00000000,BAR
1761,1688270280.0,10000.00,10000.00,0.00,0.00000000,BAR
1762,1688270340.0,10000.00,10000.00,0.00,0.00000000,BAR
1763,1688270400.0,10000.00,10000.00,0.00,0.00000000,BAR
1764,1688270460.0,10000.00,10000.00,0.00,0.00000000,BAR
1765,1688270520.0,10000.00,10000.00,0.00,0.00000000,BAR
1766,1688270580.0,10000.00,10000.00,0.00,0.00000000,BAR
1767,1688270640.0,10000.00,10000.00,0.00,0.00000000,BAR
1768,1688270700.0,10000.00,10000.00,0.00,0.00000000,BAR
1769,1688270760.0,10000.00,10000.00,0.00,0.00000000,BAR
1770,1688270820.0,10000.00,10000.00,0.00,0.00000000,BAR
1771,1688270880.0,10000.00,10000.00,0.00,0.00000000,BAR
1772,1688270940.0,10000.00,10000.00,0.00,0.00000000,BAR
1773,1688271000.0,10000.00,10000.00,0.00,0.00000000,BAR
1774,1688271060.0,10000.00,10000.00,0.00,0.00000000,BAR
1775,1688271120.0,10000.00,10000.00,0.00,0.00000000,BAR
1776,1688271180.0,10000.00,10000.00,0.00,0.00000000,BAR
1777,1688271240.0,10000.00,10000.00,0.00,0.00000000,BAR
1778,1688271300.0,10000.00,10000.00,0.00,0.00000000,BAR
1779,1688271360.0,10000.00,10000.00,0.00,0.00000000,BAR
1780,1688271420.0,10000.00,10000.00,0.00,0.00000000,BAR
1781,1688271480.0,10000.00,10000.00,0.00,0.00000000,BAR
1782,1688271540.0,10000.00,10000.00,0.00,0.00000000,BAR
1783,1688271600.0,10000.00,10000.00,0.00,0.00000000,BAR
1784,1688271660.0,10000.00,10000.00,0.00,0.00000000,BAR
1785,1688271720.0,10000.00,10000.00,0.00,0.00000000,BAR
1786,1688271780.0,10000.00,10000.00,0.00,0.00000000,BAR
1787,1688271840.0,10000.00,10000.00,0.00,0.00000000,BAR
1788,1688271900.0,10000.00,10000.00,0.00,0.00000000,BAR
1789,1688271960.0,10000.00,10000.00,0.00,0.00000000,BAR
1790,1688272020.0,10000.00,10000.00,0.00,0.00000000,BAR
1791,1688272080.0,10000.00,10000.00,0.00,0.00000000,BAR
1792,1688272140.0,10000.00,10000.00,0.00,0.00000000,BAR
1793,1688272200.0,10000.00,10000.00,0.00,0.00000000,BAR
1794,1688272260.0,10000.00,10000.00,0.00,0.00000000,BAR
1795,1688272320.0,10000.00,10000.00,0.00,0.00000000,BAR
1796,1688272380.0,10000.00,10000.00,0.00,0.00000000,BAR
1797,1688272440.0,10000.00,10000.00,0.00,0.00000000,BAR
1798,1688272500.0,10000.00,10000.00,0.00,0.00000000,BAR
1799,1688272560.0,10000.00,10000.00,0.00,0.00000000,BAR
1800,1688272620.0,10000.00,10000.00,0.00,0.00000000,BAR
1801,1688272680.0,10000.00,10000.00,0.00,0.00000000,BAR
1802,1688272740.0,10000.00,10000.00,0.00,0.00000000,BAR
1803,1688272800.0,10000.00,10000.00,0.00,0.00000000,BAR
1804,1688272860.0,10000.00,10000.00,0.00,0.00000000,BAR
1805,1688272920.0,10000.00,10000.00,0.00,0.00000000,BAR
1806,1688272980.0,10000.00,10000.00,0.00,0.00000000,BAR
1807,1688273040.0,10000.00,10000.00,0.00,0.00000000,BAR
1808,1688273100.0,10000.00,10000.00,0.00,0.00000000,BAR
1809,1688273160.0,10000.00,10000.00,0.00,0.00000000,BAR
1810,1688273220.0,10000.00,10000.00,0.00,0.00000000,BAR
1811,1688273280.0,10000.00,10000.00,0.00,0.00000000,BAR
1812,1688273340.0,10000.00,10000.00,0.00,0.00000000,BAR
1813,1688273400.0,10000.00,10000.00,0.00,0.00000000,BAR
1814,1688273460.0,10000.00,10000.00,0.00,0.00000000,BAR
1815,1688273520.0,10000.00,10000.00,0.00,0.00000000,BAR
1816,1688273580.0,10000.00,10000.00,0.00,0.00000000,BAR
1817,1688273640.0,10000.00,10000.00,0.00,0.00000000,BAR
1818,1688273700.0,10000.00,10000.00,0.00,0.00000000,BAR
1819,1688273760.0,10000.00,10000.00,0.00,0.00000000,BAR
1820,1688273820.0,10000.00,10000.00,0.00,0.00000000,BAR
1821,1688273880.0,10000.00,10000.00,0.00,0.00000000,BAR
1822,1688273940.0,10000.00,10000.00,0.00,0.00000000,BAR
1823,1688274000.0,10000.00,10000.00,0.00,0.00000000,BAR
1824,1688274060.0,10000.00,10000.00,0.00,0.00000000,BAR
1825,1688274120.0,10000.00,10000.00,0.00,0.00000000,BAR
1826,1688274180.0,10000.00,10000.00,0.00,0.00000000,BAR
1827,1688274240.0,10000.00,10000.00,0.00,0.00000000,BAR
1828,1688274300.0,10000.00,10000.00,0.00,0.00000000,BAR
1829,1688274360.0,10000.00,10000.00,0.00,0.00000000,BAR
1830,1688274420.0,10000.00,10000.00,0.00,0.00000000,BAR
1831,1688274480.0,10000.00,10000.00,0.00,0.00000000,BAR
1832,1688274540.0,10000.00,10000.00,0.00,0.00000000,BAR
1833,1688274600.0,10000.00,10000.00,0.00,0.00000000,BAR
1834,1688274660.0,10000.00,10000.00,0.00,0.00000000,BAR
1835,1688274720.0,10000.00,10000.00,0.00,0.00000000,BAR
1836,1688274780.0,10000.00,10000.00,0.00,0.00000000,BAR
1837,1688274840.0,10000.00,10000.00,0.00,0.00000000,BAR
1838,1688274900.0,10000.00,10000.00,0.00,0.00000000,BAR
1839,1688274960.0,10000.00,10000.00,0.00,0.00000000,BAR
1840,1688275020.0,10000.00,10000.00,0.00,0.00000000,BAR
1841,1688275080.0,10000.00,10000.00,0.00,0.00000000,BAR
1842,1688275140.0,10000.00,10000.00,0.00,0.00000000,BAR
1843,1688275200.0,10000.00,10000.00,0.00,0.00000000,BAR
1844,1688275260.0,10000.00,10000.00,0.00,0.00000000,BAR
1845,1688275320.0,10000.00,10000.00,0.00,0.00000000,BAR
1846,1688275380.0,10000.00,10000.00,0.00,0.00000000,BAR
1847,1688275440.0,10000.00,10000.00,0.00,0.00000000,BAR
1848,1688275500.0,10000.00,10000.00,0.00,0.00000000,BAR
1849,1688275560.0,10000.00,10000.00,0.00,0.00000000,BAR
1850,1688275620.0,10000.00,10000.00,0.00,0.00000000,BAR
1851,1688275680.0,10000.00,10000.00,0.00,0.00000000,BAR
1852,1688275740.0,10000.00,10000.00,0.00,0.00000000,BAR
1853,1688276040.0,10000.00,10000.00,0.00,0.00000000,BAR
1854,1688276100.0,10000.00,10000.00,0.00,0.00000000,BAR
1855,1688276160.0,10000.00,10000.00,0.00,0.00000000,BAR
1856,1688276640.0,10000.00,10000.00,0.00,0.00000000,BAR
1857,1688276700.0,10000.00,10000.00,0.00,0.00000000,BAR
1858,1688276760.0,10000.00,10000.00,0.00,0.00000000,BAR
1859,1688276820.0,10000.00,10000.00,0.00,0.00000000,BAR
1860,1688276880.0,10000.00,10000.00,0.00,0.00000000,BAR
1861,1688276940.0,10000.00,10000.00,0.00,0.00000000,BAR
1862,1688277000.0,10000.00,10000.00,0.00,0.00000000,BAR
1863,1688277060.0,10000.00,10000.00,0.00,0.00000000,BAR
1864,1688277120.0,10000.00,10000.00,0.00,0.00000000,BAR
1865,1688277180.0,10000.00,10000.00,0.00,0.00000000,BAR
1866,1688277240.0,10000.00,10000.00,0.00,0.00000000,BAR
1867,1688277300.0,10000.00,10000.00,0.00,0.00000000,BAR
1868,1688277360.0,10000.00,10000.00,0.00,0.00000000,BAR
1869,1688277420.0,10000.00,10000.00,0.00,0.00000000,BAR
1870,1688277480.0,10000.00,10000.00,0.00,0.00000000,BAR
1871,1688277540.0,10000.00,10000.00,0.00,0.00000000,BAR
1872,1688277600.0,10000.00,10000.00,0.00,0.00000000,BAR
1873,1688277660.0,10000.00,10000.00,0.00,0.00000000,BAR
1874,1688277720.0,10000.00,10000.00,0.00,0.00000000,BAR
1875,1688277780.0,10000.00,10000.00,0.00,0.00000000,BAR
1876,1688277840.0,10000.00,10000.00,0.00,0.00000000,BAR
1877,1688277900.0,10000.00,10000.00,0.00,0.00000000,BAR
1878,1688277960.0,10000.00,10000.00,0.00,0.00000000,BAR
1879,1688278020.0,10000.00,10000.00,0.00,0.00000000,BAR
1880,1688278080.0,10000.00,10000.00,0.00,0.00000000,BAR
1881,1688278140.0,10000.00,10000.00,0.00,0.00000000,BAR
1882,1688278200.0,10000.00,10000.00,0.00,0.00000000,BAR
1883,1688278260.0,10000.00,10000.00,0.00,0.00000000,BAR
1884,1688278320.0,10000.00,10000.00,0.00,0.00000000,BAR
1885,1688278380.0,10000.00,10000.00,0.00,0.00000000,BAR
1886,1688278440.0,10000.00,10000.00,0.00,0.00000000,BAR
1887,1688278500.0,10000.00,10000.00,0.00,0.00000000,BAR
1888,1688278560.0,10000.00,10000.00,0.00,0.00000000,BAR
1889,1688278620.0,10000.00,10000.00,0.00,0.00000000,BAR
1890,1688278680.0,10000.00,10000.00,0.00,0.00000000,BAR
1891,1688278740.0,10000.00,10000.00,0.00,0.00000000,BAR
1892,1688278800.0,10000.00,10000.00,0.00,0.00000000,BAR
1893,1688278860.0,10000.00,10000.00,0.00,0.00000000,BAR
1894,1688278920.0,10000.00,10000.00,0.00,0.00000000,BAR
1895,1688278980.0,10000.00,10000.00,0.00,0.00000000,BAR
1896,1688279040.0,10000.00,10000.00,0.00,0.00000000,BAR
1897,1688279100.0,10000.00,10000.00,0.00,0.00000000,BAR
1898,1688279160.0,10000.00,10000.00,0.00,0.00000000,BAR
1899,1688279220.0,10000.00,10000.00,0.00,0.00000000,BAR
1900,1688279280.0,10000.00,10000.00,0.00,0.00000000,BAR
1901,1688279340.0,10000.00,10000.00,0.00,0.00000000,BAR
1902,1688279400.0,10000.00,10000.00,0.00,0.00000000,BAR
1903,1688279460.0,10000.00,10000.00,0.00,0.00000000,BAR
1904,1688279520.0,10000.00,10000.00,0.00,0.00000000,BAR
1905,1688279580.0,10000.00,10000.00,0.00,0.00000000,BAR
1906,1688279640.0,10000.00,10000.00,0.00,0.00000000,BAR
1907,1688279700.0,10000.00,10000.00,0.00,0.00000000,BAR
1908,1688279760.0,10000.00,10000.00,0.00,0.00000000,BAR
1909,1688279820.0,10000.00,10000.00,0.00,0.00000000,BAR
1910,1688279880.0,10000.00,10000.00,0.00,0.00000000,BAR
1911,1688279940.0,10000.00,10000.00,0.00,0.00000000,BAR
1912,1688280000.0,10000.00,10000.00,0.00,0.00000000,BAR
1913,1688280060.0,10000.00,10000.00,0.00,0.00000000,BAR
1914,1688280120.0,10000.00,10000.00,0.00,0.00000000,BAR
1915,1688280180.0,10000.00,10000.00,0.00,0.00000000,BAR
1916,1688280240.0,10000.00,10000.00,0.00,0.00000000,BAR
1917,1688280300.0,10000.00,10000.00,0.00,0.00000000,BAR
1918,1688280360.0,10000.00,10000.00,0.00,0.00000000,BAR
1919,1688280420.0,10000.00,10000.00,0.00,0.00000000,BAR
1920,1688280480.0,10000.00,10000.00,0.00,0.00000000,BAR
1921,1688280540.0,10000.00,10000.00,0.00,0.00000000,BAR
1922,1688280600.0,10000.00,10000.00,0.00,0.00000000,BAR
1923,1688280660.0,10000.00,10000.00,0.00,0.00000000,BAR
1924,1688280720.0,10000.00,10000.00,0.00,0.00000000,BAR
1925,1688280780.0,10000.00,10000.00,0.00,0.00000000,BAR
1926,1688280840.0,10000.00,10000.00,0.00,0.00000000,BAR
1927,1688280900.0,10000.00,10000.00,0.00,0.00000000,BAR
1928,1688280960.0,10000.00,10000.00,0.00,0.00000000,BAR
1929,1688281020.0,10000.00,10000.00,0.00,0.00000000,BAR
1930,1688281080.0,10000.00,10000.00,0.00,0.00000000,BAR
1931,1688281140.0,10000.00,10000.00,0.00,0.00000000,BAR
1932,1688281200.0,10000.00,10000.00,0.00,0.00000000,BAR
1933,1688281260.0,10000.00,10000.00,0.00,0.00000000,BAR
1934,1688281320.0,10000.00,10000.00,0.00,0.00000000,BAR
1935,1688281380.0,10000.00,10000.00,0.00,0.00000000,BAR
1936,1688281440.0,10000.00,10000.00,0.00,0.00000000,BAR
1937,1688281500.0,10000.00,10000.00,0.00,0.00000000,BAR
1938,1688281560.0,10000.00,10000.00,0.00,0.00000000,BAR
1939,1688281620.0,10000.00,10000.00,0.00,0.00000000,BAR
1940,1688281680.0,10000.00,10000.00,0.00,0.00000000,BAR
1941,1688281740.0,10000.00,10000.00,0.00,0.00000000,BAR
1942,1688281800.0,10000.00,10000.00,0.00,0.00000000,BAR
1943,1688281860.0,10000.00,10000.00,0.00,0.00000000,BAR
1944,1688281920.0,10000.00,10000.00,0.00,0.00000000,BAR
1945,1688281980.0,10000.00,10000.00,0.00,0.00000000,BAR
1946,1688282040.0,10000.00,10000.00,0.00,0.00000000,BAR
1947,1688282100.0,10000.00,10000.00,0.00,0.00000000,BAR
1948,1688282160.0,10000.00,10000.00,0.00,0.00000000,BAR
1949,1688282220.0,10000.00,10000.00,0.00,0.00000000,BAR
1950,1688282280.0,10000.00,10000.00,0.00,0.00000000,BAR
1951,1688282340.0,10000.00,10000.00,0.00,0.00000000,BAR
1952,1688282400.0,10000.00,10000.00,0.00,0.00000000,BAR
1953,1688282460.0,10000.00,10000.00,0.00,0.00000000,BAR
1954,1688282520.0,10000.00,10000.00,0.00,0.00000000,BAR
1955,1688282580.0,10000.00,10000.00,0.00,0.00000000,BAR
1956,1688282640.0,10000.00,10000.00,0.00,0.00000000,BAR
1957,1688282700.0,10000.00,10000.00,0.00,0.00000000,BAR
1958,1688282760.0,10000.00,10000.00,0.00,0.00000000,BAR
1959,1688282820.0,10000.00,10000.00,0.00,0.00000000,BAR
1960,1688282880.0,10000.00,10000.00,0.00,0.00000000,BAR
1961,1688282940.0,10000.00,10000.00,0.00,0.00000000,BAR
1962,1688283000.0,10000.00,10000.00,0.00,0.00000000,BAR
1963,1688283060.0,10000.00,10000.00,0.00,0.00000000,BAR
1964,1688283120.0,10000.00,10000.00,0.00,0.00000000,BAR
1965,1688283180.0,10000.00,10000.00,0.00,0.00000000,BAR
1966,1688283240.0,10000.00,10000.00,0.00,0.00000000,BAR
1967,1688283300.0,10000.00,10000.00,0.00,0.00000000,BAR
1968,1688283360.0,10000.00,10000.00,0.00,0.00000000,BAR
1969,1688283420.0,10000.00,10000.00,0.00,0.00000000,BAR
1970,1688283480.0,10000.00,10000.00,0.00,0.00000000,BAR
1971,1688283540.0,10000.00,10000.00,0.00,0.00000000,BAR
1972,1688283600.0,10000.00,10000.00,0.00,0.00000000,BAR
1973,1688283660.0,10000.00,10000.00,0.00,0.00000000,BAR
1974,1688283720.0,10000.00,10000.00,0.00,0.00000000,BAR
1975,1688283780.0,10000.00,10000.00,0.00,0.00000000,BAR
1976,1688283840.0,10000.00,10000.00,0.00,0.00000000,BAR
1977,1688283900.0,10000.00,10000.00,0.00,0.00000000,BAR
1978,1688283960.0,10000.00,10000.00,0.00,0.00000000,BAR
1979,1688284020.0,10000.00,10000.00,0.00,0.00000000,BAR
1980,1688284080.0,10000.00,10000.00,0.00,0.00000000,BAR
1981,1688284140.0,10000.00,10000.00,0.00,0.00000000,BAR
1982,1688284200.0,10000.00,10000.00,0.00,0.00000000,BAR
1983,1688284260.0,10000.00,10000.00,0.00,0.00000000,BAR
1984,1688284320.0,10000.00,10000.00,0.00,0.00000000,BAR
1985,1688284380.0,10000.00,10000.00,0.00,0.00000000,BAR
1986,1688284440.0,10000.00,10000.00,0.00,0.00000000,BAR
1987,1688284500.0,10000.00,10000.00,0.00,0.00000000,BAR
1988,1688284560.0,10000.00,10000.00,0.00,0.00000000,BAR
1989,1688284620.0,10000.00,10000.00,0.00,0.00000000,BAR
1990,1688284680.0,10000.00,10000.00,0.00,0.00000000,BAR
1991,1688284740.0,10000.00,10000.00,0.00,0.00000000,BAR
1992,1688284800.0,10000.00,10000.00,0.00,0.00000000,BAR
1993,1688284860.0,10000.00,10000.00,0.00,0.00000000,BAR
1994,1688284920.0,10000.00,10000.00,0.00,0.00000000,BAR
1995,1688284980.0,10000.00,10000.00,0.00,0.00000000,BAR
1996,1688285040.0,10000.00,10000.00,0.00,0.00000000,BAR
1997,1688285100.0,10000.00,10000.00,0.00,0.00000000,BAR
1998,1688285160.0,10000.00,10000.00,0.00,0.00000000,BAR
1999,1688285220.0,10000.00,10000.00,0.00,0.00000000,BAR
2000,1688285280.0,10000.00,10000.00,0.00,0.00000000,BAR
2001,1688285340.0,10000.00,10000.00,0.00,0.00000000,BAR
2002,1688285400.0,10000.00,10000.00,0.00,0.00000000,BAR
2003,1688285460.0,10000.00,10000.00,0.00,0.00000000,BAR
2004,1688285520.0,10000.00,10000.00,0.00,0.00000000,BAR
2005,1688285580.0,10000.00,10000.00,0.00,0.00000000,BAR
2006,1688285640.0,10000.00,10000.00,0.00,0.00000000,BAR
2007,1688285700.0,10000.00,10000.00,0.00,0.00000000,BAR
2008,1688285760.0,10000.00,10000.00,0.00,0.00000000,BAR
2009,1688285820.0,10000.00,10000.00,0.00,0.00000000,BAR
2010,1688285880.0,10000.00,10000.00,0.00,0.00000000,BAR
2011,1688285940.0,10000.00,10000.00,0.00,0.00000000,BAR
2012,1688286000.0,10000.00,10000.00,0.00,0.00000000,BAR
2013,1688286060.0,10000.00,10000.00,0.00,0.00000000,BAR
2014,1688286120.0,10000.00,10000.00,0.00,0.00000000,BAR
2015,1688286180.0,10000.00,10000.00,0.00,0.00000000,BAR
2016,1688286240.0,10000.00,10000.00,0.00,0.00000000,BAR
2017,1688286300.0,10000.00,10000.00,0.00,0.00000000,BAR
2018,1688286360.0,10000.00,10000.00,0.00,0.00000000,BAR
2019,1688286420.0,10000.00,10000.00,0.00,0.00000000,BAR
2020,1688286480.0,10000.00,10000.00,0.00,0.00000000,BAR
2021,1688286540.0,10000.00,10000.00,0.00,0.00000000,BAR
2022,1688286600.0,10000.00,10000.00,0.00,0.00000000,BAR
2023,1688286660.0,10000.00,10000.00,0.00,0.00000000,BAR
2024,1688286720.0,10000.00,10000.00,0.00,0.00000000,BAR
2025,1688286780.0,10000.00,10000.00,0.00,0.00000000,BAR
2026,1688286840.0,10000.00,10000.00,0.00,0.00000000,BAR
2027,1688286900.0,10000.00,10000.00,0.00,0.00000000,BAR
2028,1688286960.0,10000.00,10000.00,0.00,0.00000000,BAR
2029,1688287020.0,10000.00,10000.00,0.00,0.00000000,BAR
2030,1688287080.0,10000.00,10000.00,0.00,0.00000000,BAR
2031,1688287140.0,10000.00,10000.00,0.00,0.00000000,BAR
2032,1688287200.0,10000.00,10000.00,0.00,0.00000000,BAR
2033,1688287260.0,10000.00,10000.00,0.00,0.00000000,BAR
2034,1688287320.0,10000.00,10000.00,0.00,0.00000000,BAR
2035,1688287380.0,10000.00,10000.00,0.00,0.00000000,BAR
2036,1688287440.0,10000.00,10000.00,0.00,0.00000000,BAR
2037,1688287500.0,10000.00,10000.00,0.00,0.00000000,BAR
2038,1688287560.0,10000.00,10000.00,0.00,0.00000000,BAR
2039,1688287620.0,10000.00,10000.00,0.00,0.00000000,BAR
2040,1688287680.0,10000.00,10000.00,0.00,0.00000000,BAR
2041,1688287740.0,10000.00,10000.00,0.00,0.00000000,BAR
2042,1688287800.0,10000.00,10000.00,0.00,0.00000000,BAR
2043,1688287860.0,10000.00,10000.00,0.00,0.00000000,BAR
2044,1688287920.0,10000.00,10000.00,0.00,0.00000000,BAR
2045,1688287980.0,10000.00,10000.00,0.00,0.00000000,BAR
2046,1688288040.0,10000.00,10000.00,0.00,0.00000000,BAR
2047,1688288100.0,10000.00,10000.00,0.00,0.00000000,BAR
2048,1688288160.0,10000.00,10000.00,0.00,0.00000000,BAR
2049,1688288220.0,10000.00,10000.00,0.00,0.00000000,BAR
2050,1688288280.0,10000.00,10000.00,0.00,0.00000000,BAR
2051,1688288340.0,10000.00,10000.00,0.00,0.00000000,BAR
2052,1688288400.0,10000.00,10000.00,0.00,0.00000000,BAR
2053,1688288460.0,10000.00,10000.00,0.00,0.00000000,BAR
2054,1688288520.0,10000.00,10000.00,0.00,0.00000000,BAR
2055,1688288580.0,10000.00,10000.00,0.00,0.00000000,BAR
2056,1688288640.0,10000.00,10000.00,0.00,0.00000000,BAR
2057,1688288700.0,10000.00,10000.00,0.00,0.00000000,BAR
2058,1688288760.0,10000.00,10000.00,0.00,0.00000000,BAR
2059,1688288820.0,10000.00,10000.00,0.00,0.00000000,BAR
2060,1688288880.0,10000.00,10000.00,0.00,0.00000000,BAR
2061,1688288940.0,10000.00,10000.00,0.00,0.00000000,BAR
2062,1688289000.0,10000.00,10000.00,0.00,0.00000000,BAR
2063,1688289060.0,10000.00,10000.00,0.00,0.00000000,BAR
2064,1688289120.0,10000.00,10000.00,0.00,0.00000000,BAR
2065,1688289180.0,10000.00,10000.00,0.00,0.00000000,BAR
2066,1688289240.0,10000.00,10000.00,0.00,0.00000000,BAR
2067,1688289300.0,10000.00,10000.00,0.00,0.00000000,BAR
2068,1688289360.0,10000.00,10000.00,0.00,0.00000000,BAR
2069,1688289420.0,10000.00,10000.00,0.00,0.00000000,BAR
2070,1688289480.0,10000.00,10000.00,0.00,0.00000000,BAR
2071,1688289540.0,10000.00,10000.00,0.00,0.00000000,BAR
2072,1688289600.0,10000.00,10000.00,0.00,0.00000000,BAR
2073,1688289660.0,10000.00,10000.00,0.00,0.00000000,BAR
2074,1688289720.0,10000.00,10000.00,0.00,0.00000000,BAR
2075,1688289780.0,10000.00,10000.00,0.00,0.00000000,BAR
2076,1688289840.0,10000.00,10000.00,0.00,0.00000000,BAR
2077,1688289900.0,10000.00,10000.00,0.00,0.00000000,BAR
2078,1688289960.0,10000.00,10000.00,0.00,0.00000000,BAR
2079,1688290020.0,10000.00,10000.00,0.00,0.00000000,BAR
2080,1688290080.0,10000.00,10000.00,0.00,0.00000000,BAR
2081,1688290140.0,10000.00,10000.00,0.00,0.00000000,BAR
2082,1688290200.0,10000.00,10000.00,0.00,0.00000000,BAR
2083,1688290260.0,10000.00,10000.00,0.00,0.00000000,BAR
2084,1688290320.0,10000.00,10000.00,0.00,0.00000000,BAR
2085,1688290380.0,10000.00,10000.00,0.00,0.00000000,BAR
2086,1688290440.0,10000.00,10000.00,0.00,0.00000000,BAR
2087,1688290500.0,10000.00,10000.00,0.00,0.00000000,BAR
2088,1688290560.0,10000.00,10000.00,0.00,0.00000000,BAR
2089,1688290620.0,10000.00,10000.00,0.00,0.00000000,BAR
2090,1688290680.0,10000.00,10000.00,0.00,0.00000000,BAR
2091,1688290740.0,10000.00,10000.00,0.00,0.00000000,BAR
2092,1688290800.0,10000.00,10000.00,0.00,0.00000000,BAR
2093,1688290860.0,10000.00,10000.00,0.00,0.00000000,BAR
2094,1688290920.0,10000.00,10000.00,0.00,0.00000000,BAR
2095,1688290980.0,10000.00,10000.00,0.00,0.00000000,BAR
2096,1688291040.0,10000.00,10000.00,0.00,0.00000000,BAR
2097,1688291100.0,10000.00,10000.00,0.00,0.00000000,BAR
2098,1688291160.0,10000.00,10000.00,0.00,0.00000000,BAR
2099,1688291220.0,10000.00,10000.00,0.00,0.00000000,BAR
2100,1688291280.0,10000.00,10000.00,0.00,0.00000000,BAR
2101,1688291340.0,10000.00,10000.00,0.00,0.00000000,BAR
2102,1688291400.0,10000.00,10000.00,0.00,0.00000000,BAR
2103,1688291460.0,10000.00,10000.00,0.00,0.00000000,BAR
2104,1688291520.0,10000.00,10000.00,0.00,0.00000000,BAR
2105,1688291580.0,10000.00,10000.00,0.00,0.00000000,BAR
2106,1688291640.0,10000.00,10000.00,0.00,0.00000000,BAR
2107,1688291700.0,10000.00,10000.00,0.00,0.00000000,BAR
2108,1688291760.0,10000.00,10000.00,0.00,0.00000000,BAR
2109,1688291820.0,10000.00,10000.00,0.00,0.00000000,BAR
2110,1688291880.0,10000.00,10000.00,0.00,0.00000000,BAR
2111,1688291940.0,10000.00,10000.00,0.00,0.00000000,BAR
2112,1688292000.0,10000.00,10000.00,0.00,0.00000000,BAR
2113,1688292060.0,10000.00,10000.00,0.00,0.00000000,BAR
2114,1688292120.0,10000.00,10000.00,0.00,0.00000000,BAR
2115,1688292180.0,10000.00,10000.00,0.00,0.00000000,BAR
2116,1688292240.0,10000.00,10000.00,0.00,0.00000000,BAR
2117,1688292300.0,10000.00,10000.00,0.00,0.00000000,BAR
2118,1688292360.0,10000.00,10000.00,0.00,0.00000000,BAR
2119,1688292420.0,10000.00,10000.00,0.00,0.00000000,BAR
2120,1688292480.0,10000.00,10000.00,0.00,0.00000000,BAR
2121,1688292540.0,10000.00,10000.00,0.00,0.00000000,BAR
2122,1688292600.0,10000.00,10000.00,0.00,0.00000000,BAR
2123,1688292660.0,10000.00,10000.00,0.00,0.00000000,BAR
2124,1688292720.0,10000.00,10000.00,0.00,0.00000000,BAR
2125,1688292780.0,10000.00,10000.00,0.00,0.00000000,BAR
2126,1688292840.0,10000.00,10000.00,0.00,0.00000000,BAR
2127,1688292900.0,10000.00,10000.00,0.00,0.00000000,BAR
2128,1688292960.0,10000.00,10000.00,0.00,0.00000000,BAR
2129,1688293020.0,10000.00,10000.00,0.00,0.00000000,BAR
2130,1688293080.0,10000.00,10000.00,0.00,0.00000000,BAR
2131,1688293140.0,10000.00,10000.00,0.00,0.00000000,BAR
2132,1688293200.0,10000.00,10000.00,0.00,0.00000000,BAR
2133,1688293260.0,10000.00,10000.00,0.00,0.00000000,BAR
2134,1688293320.0,10000.00,10000.00,0.00,0.00000000,BAR
2135,1688293380.0,10000.00,10000.00,0.00,0.00000000,BAR
2136,1688293440.0,10000.00,10000.00,0.00,0.00000000,BAR
2137,1688293500.0,10000.00,10000.00,0.00,0.00000000,BAR
2138,1688293560.0,10000.00,10000.00,0.00,0.00000000,BAR
2139,1688293620.0,10000.00,10000.00,0.00,0.00000000,BAR
2140,1688293680.0,10000.00,10000.00,0.00,0.00000000,BAR
2141,1688293740.0,10000.00,10000.00,0.00,0.00000000,BAR
2142,1688293800.0,10000.00,10000.00,0.00,0.00000000,BAR
2143,1688293860.0,10000.00,10000.00,0.00,0.00000000,BAR
2144,1688293920.0,10000.00,10000.00,0.00,0.00000000,BAR
2145,1688293980.0,10000.00,10000.00,0.00,0.00000000,BAR
2146,1688294040.0,10000.00,10000.00,0.00,0.00000000,BAR
2147,1688294100.0,10000.00,10000.00,0.00,0.00000000,BAR
2148,1688294160.0,10000.00,10000.00,0.00,0.00000000,BAR
2149,1688294220.0,10000.00,10000.00,0.00,0.00000000,BAR
2150,1688294280.0,10000.00,10000.00,0.00,0.00000000,BAR
2151,1688294340.0,10000.00,10000.00,0.00,0.00000000,BAR
2152,1688294400.0,10000.00,10000.00,0.00,0.00000000,BAR
2153,1688294460.0,10000.00,10000.00,0.00,0.00000000,BAR
2154,1688294520.0,10000.00,10000.00,0.00,0.00000000,BAR
2155,1688294580.0,10000.00,10000.00,0.00,0.00000000,BAR
2156,1688294640.0,10000.00,10000.00,0.00,0.00000000,BAR
2157,1688294700.0,10000.00,10000.00,0.00,0.00000000,BAR
2158,1688294760.0,10000.00,10000.00,0.00,0.00000000,BAR
2159,1688294820.0,10000.00,10000.00,0.00,0.00000000,BAR
2160,1688294880.0,10000.00,10000.00,0.00,0.00000000,BAR
2161,1688294940.0,10000.00,10000.00,0.00,0.00000000,BAR
2162,1688295000.0,10000.00,10000.00,0.00,0.00000000,BAR
2163,1688295060.0,10000.00,10000.00,0.00,0.00000000,BAR
2164,1688295120.0,10000.00,10000.00,0.00,0.00000000,BAR
2165,1688295180.0,10000.00,10000.00,0.00,0.00000000,BAR
2166,1688295240.0,10000.00,10000.00,0.00,0.00000000,BAR
2167,1688295300.0,10000.00,10000.00,0.00,0.00000000,BAR
2168,1688295360.0,10000.00,10000.00,0.00,0.00000000,BAR
2169,1688295420.0,10000.00,10000.00,0.00,0.00000000,BAR
2170,1688295480.0,10000.00,10000.00,0.00,0.00000000,BAR
2171,1688295540.0,10000.00,10000.00,0.00,0.00000000,BAR
2172,1688295600.0,10000.00,10000.00,0.00,0.00000000,BAR
2173,1688295660.0,10000.00,10000.00,0.00,0.00000000,BAR
2174,1688295720.0,10000.00,10000.00,0.00,0.00000000,BAR
2175,1688295780.0,10000.00,10000.00,0.00,0.00000000,BAR
2176,1688295840.0,10000.00,10000.00,0.00,0.00000000,BAR
2177,1688295900.0,10000.00,10000.00,0.00,0.00000000,BAR
2178,1688295960.0,10000.00,10000.00,0.00,0.00000000,BAR
2179,1688296020.0,10000.00,10000.00,0.00,0.00000000,BAR
2180,1688296080.0,10000.00,10000.00,0.00,0.00000000,BAR
2181,1688296140.0,10000.00,10000.00,0.00,0.00000000,BAR
2182,1688296200.0,10000.00,10000.00,0.00,0.00000000,BAR
2183,1688296260.0,10000.00,10000.00,0.00,0.00000000,BAR
2184,1688296320.0,10000.00,10000.00,0.00,0.00000000,BAR
2185,1688296380.0,10000.00,10000.00,0.00,0.00000000,BAR
2186,1688296440.0,10000.00,10000.00,0.00,0.00000000,BAR
2187,1688296500.0,10000.00,10000.00,0.00,0.00000000,BAR
2188,1688296560.0,10000.00,10000.00,0.00,0.00000000,BAR
2189,1688296620.0,10000.00,10000.00,0.00,0.00000000,BAR
2190,1688296680.0,10000.00,10000.00,0.00,0.00000000,BAR
2191,1688296740.0,10000.00,10000.00,0.00,0.00000000,BAR
2192,1688296800.0,10000.00,10000.00,0.00,0.00000000,BAR
2193,1688296860.0,10000.00,10000.00,0.00,0.00000000,BAR
2194,1688296920.0,10000.00,10000.00,0.00,0.00000000,BAR
2195,1688296980.0,10000.00,10000.00,0.00,0.00000000,BAR
2196,1688297040.0,10000.00,10000.00,0.00,0.00000000,BAR
2197,1688297100.0,10000.00,10000.00,0.00,0.00000000,BAR
2198,1688297160.0,10000.00,10000.00,0.00,0.00000000,BAR
2199,1688297220.0,10000.00,10000.00,0.00,0.00000000,BAR
2200,1688297280.0,10000.00,10000.00,0.00,0.00000000,BAR
2201,1688297340.0,10000.00,10000.00,0.00,0.00000000,BAR
2202,1688297400.0,10000.00,10000.00,0.00,0.00000000,BAR
2203,1688297460.0,10000.00,10000.00,0.00,0.00000000,BAR
2204,1688297520.0,10000.00,10000.00,0.00,0.00000000,BAR
2205,1688297580.0,10000.00,10000.00,0.00,0.00000000,BAR
2206,1688297640.0,10000.00,10000.00,0.00,0.00000000,BAR
2207,1688297700.0,10000.00,10000.00,0.00,0.00000000,BAR
2208,1688297760.0,10000.00,10000.00,0.00,0.00000000,BAR
2209,1688297820.0,10000.00,10000.00,0.00,0.00000000,BAR
2210,1688297880.0,10000.00,10000.00,0.00,0.00000000,BAR
2211,1688297940.0,10000.00,10000.00,0.00,0.00000000,BAR
2212,1688298000.0,10000.00,10000.00,0.00,0.00000000,BAR
2213,1688298060.0,10000.00,10000.00,0.00,0.00000000,BAR
2214,1688298120.0,10000.00,10000.00,0.00,0.00000000,BAR
2215,1688298180.0,10000.00,10000.00,0.00,0.00000000,BAR
2216,1688298240.0,10000.00,10000.00,0.00,0.00000000,BAR
2217,1688298300.0,10000.00,10000.00,0.00,0.00000000,BAR
2218,1688298360.0,10000.00,10000.00,0.00,0.00000000,BAR
2219,1688298420.0,10000.00,10000.00,0.00,0.00000000,BAR
2220,1688298480.0,10000.00,10000.00,0.00,0.00000000,BAR
2221,1688298540.0,10000.00,10000.00,0.00,0.00000000,BAR
2222,1688298600.0,10000.00,10000.00,0.00,0.00000000,BAR
2223,1688298660.0,10000.00,10000.00,0.00,0.00000000,BAR
2224,1688298720.0,10000.00,10000.00,0.00,0.00000000,BAR
2225,1688298780.0,10000.00,10000.00,0.00,0.00000000,BAR
2226,1688298840.0,10000.00,10000.00,0.00,0.00000000,BAR
2227,1688298900.0,10000.00,10000.00,0.00,0.00000000,BAR
2228,1688298960.0,10000.00,10000.00,0.00,0.00000000,BAR
2229,1688299020.0,10000.00,10000.00,0.00,0.00000000,BAR
2230,1688299080.0,10000.00,10000.00,0.00,0.00000000,BAR
2231,1688299140.0,10000.00,10000.00,0.00,0.00000000,BAR
2232,1688299200.0,10000.00,10000.00,0.00,0.00000000,BAR
2233,1688300160.0,10000.00,10000.00,0.00,0.00000000,BAR
2234,1688300220.0,10000.00,10000.00,0.00,0.00000000,BAR
2235,1688300280.0,10000.00,10000.00,0.00,0.00000000,BAR
2236,1688300340.0,10000.00,10000.00,0.00,0.00000000,BAR
2237,1688300400.0,10000.00,10000.00,0.00,0.00000000,BAR
2238,1688300460.0,10000.00,10000.00,0.00,0.00000000,BAR
2239,1688300520.0,10000.00,10000.00,0.00,0.00000000,BAR
2240,1688300580.0,10000.00,10000.00,0.00,0.00000000,BAR
2241,1688300640.0,10000.00,10000.00,0.00,0.00000000,BAR
2242,1688300700.0,10000.00,10000.00,0.00,0.00000000,BAR
2243,1688300760.0,10000.00,10000.00,0.00,0.00000000,BAR
2244,1688300820.0,10000.00,10000.00,0.00,0.00000000,BAR
2245,1688300880.0,10000.00,10000.00,0.00,0.00000000,BAR
2246,1688300940.0,10000.00,10000.00,0.00,0.00000000,BAR
2247,1688301000.0,10000.00,10000.00,0.00,0.00000000,BAR
2248,1688301060.0,10000.00,10000.00,0.00,0.00000000,BAR
2249,1688301120.0,10000.00,10000.00,0.00,0.00000000,BAR
2250,1688301180.0,10000.00,10000.00,0.00,0.00000000,BAR
2251,1688301240.0,10000.00,10000.00,0.00,0.00000000,BAR
2252,1688301300.0,10000.00,10000.00,0.00,0.00000000,BAR
2253,1688301360.0,10000.00,10000.00,0.00,0.00000000,BAR
2254,1688301420.0,10000.00,10000.00,0.00,0.00000000,BAR
2255,1688301480.0,10000.00,10000.00,0.00,0.00000000,BAR
2256,1688301540.0,10000.00,10000.00,0.00,0.00000000,BAR
2257,1688301600.0,10000.00,10000.00,0.00,0.00000000,BAR
2258,1688301660.0,10000.00,10000.00,0.00,0.00000000,BAR
2259,1688301720.0,10000.00,10000.00,0.00,0.00000000,BAR
2260,1688301780.0,10000.00,10000.00,0.00,0.00000000,BAR
2261,1688301840.0,10000.00,10000.00,0.00,0.00000000,BAR
2262,1688301900.0,10000.00,10000.00,0.00,0.00000000,BAR
2263,1688301960.0,10000.00,10000.00,0.00,0.00000000,BAR
2264,1688302020.0,10000.00,10000.00,0.00,0.00000000,BAR
2265,1688302080.0,10000.00,10000.00,0.00,0.00000000,BAR
2266,1688302140.0,10000.00,10000.00,0.00,0.00000000,BAR
2267,1688302200.0,10000.00,10000.00,0.00,0.00000000,BAR
2268,1688302260.0,10000.00,10000.00,0.00,0.00000000,BAR
2269,1688302320.0,10000.00,10000.00,0.00,0.00000000,BAR
2270,1688302380.0,10000.00,10000.00,0.00,0.00000000,BAR
2271,1688302440.0,10000.00,10000.00,0.00,0.00000000,BAR
2272,1688302500.0,10000.00,10000.00,0.00,0.00000000,BAR
2273,1688302560.0,10000.00,10000.00,0.00,0.00000000,BAR
2274,1688302620.0,10000.00,10000.00,0.00,0.00000000,BAR
2275,1688302680.0,10000.00,10000.00,0.00,0.00000000,BAR
2276,1688302740.0,10000.00,10000.00,0.00,0.00000000,BAR
2277,1688302800.0,10000.00,10000.00,0.00,0.00000000,BAR
2278,1688302860.0,10000.00,10000.00,0.00,0.00000000,BAR
2279,1688302920.0,10000.00,10000.00,0.00,0.00000000,BAR
2280,1688302980.0,10000.00,10000.00,0.00,0.00000000,BAR
2281,1688303040.0,10000.00,10000.00,0.00,0.00000000,BAR
2282,1688303100.0,10000.00,10000.00,0.00,0.00000000,BAR
2283,1688303160.0,10000.00,10000.00,0.00,0.00000000,BAR
2284,1688303220.0,10000.00,10000.00,0.00,0.00000000,BAR
2285,1688303280.0,10000.00,10000.00,0.00,0.00000000,BAR
2286,1688303340.0,10000.00,10000.00,0.00,0.00000000,BAR
2287,1688303400.0,10000.00,10000.00,0.00,0.00000000,BAR
2288,1688303460.0,10000.00,10000.00,0.00,0.00000000,BAR
2289,1688303520.0,10000.00,10000.00,0.00,0.00000000,BAR
2290,1688303580.0,10000.00,10000.00,0.00,0.00000000,BAR
2291,1688303640.0,10000.00,10000.00,0.00,0.00000000,BAR
2292,1688303700.0,10000.00,10000.00,0.00,0.00000000,BAR
2293,1688303760.0,10000.00,10000.00,0.00,0.00000000,BAR
2294,1688303820.0,10000.00,10000.00,0.00,0.00000000,BAR
2295,1688303880.0,10000.00,10000.00,0.00,0.00000000,BAR
2296,1688303940.0,10000.00,10000.00,0.00,0.00000000,BAR
2297,1688304000.0,10000.00,10000.00,0.00,0.00000000,BAR
2298,1688304060.0,10000.00,10000.00,0.00,0.00000000,BAR
2299,1688304120.0,10000.00,10000.00,0.00,0.00000000,BAR
2300,1688304180.0,10000.00,10000.00,0.00,0.00000000,BAR
2301,1688304240.0,10000.00,10000.00,0.00,0.00000000,BAR
2302,1688304300.0,10000.00,10000.00,0.00,0.00000000,BAR
2303,1688305380.0,10000.00,10000.00,0.00,0.00000000,BAR
2304,1688305440.0,10000.00,10000.00,0.00,0.00000000,BAR
2305,1688305500.0,10000.00,10000.00,0.00,0.00000000,BAR
2306,1688305560.0,10000.00,10000.00,0.00,0.00000000,BAR
2307,1688305620.0,10000.00,10000.00,0.00,0.00000000,BAR
2308,1688305680.0,10000.00,10000.00,0.00,0.00000000,BAR
2309,1688305740.0,10000.00,10000.00,0.00,0.00000000,BAR
2310,1688305800.0,10000.00,10000.00,0.00,0.00000000,BAR
2311,1688305860.0,10000.00,10000.00,0.00,0.00000000,BAR
2312,1688305920.0,10000.00,10000.00,0.00,0.00000000,BAR
2313,1688305980.0,10000.00,10000.00,0.00,0.00000000,BAR
2314,1688306040.0,10000.00,10000.00,0.00,0.00000000,BAR
2315,1688306100.0,10000.00,10000.00,0.00,0.00000000,BAR
2316,1688306160.0,10000.00,10000.00,0.00,0.00000000,BAR
2317,1688306220.0,10000.00,10000.00,0.00,0.00000000,BAR
2318,1688306280.0,10000.00,10000.00,0.00,0.00000000,BAR
2319,1688306340.0,10000.00,10000.00,0.00,0.00000000,BAR
2320,1688306400.0,10000.00,10000.00,0.00,0.00000000,BAR
2321,1688306460.0,10000.00,10000.00,0.00,0.00000000,BAR
2322,1688306520.0,10000.00,10000.00,0.00,0.00000000,BAR
2323,1688306580.0,10000.00,10000.00,0.00,0.00000000,BAR
2324,1688306640.0,10000.00,10000.00,0.00,0.00000000,BAR
2325,1688306700.0,10000.00,10000.00,0.00,0.00000000,BAR
2326,1688306760.0,10000.00,10000.00,0.00,0.00000000,BAR
2327,1688306820.0,10000.00,10000.00,0.00,0.00000000,BAR
2328,1688306880.0,10000.00,10000.00,0.00,0.00000000,BAR
2329,1688306940.0,10000.00,10000.00,0.00,0.00000000,BAR
2330,1688307000.0,10000.00,10000.00,0.00,0.00000000,BAR
2331,1688307060.0,10000.00,10000.00,0.00,0.00000000,BAR
2332,1688307120.0,10000.00,10000.00,0.00,0.00000000,BAR
2333,1688307180.0,10000.00,10000.00,0.00,0.00000000,BAR
2334,1688307240.0,10000.00,10000.00,0.00,0.00000000,BAR
2335,1688307300.0,10000.00,10000.00,0.00,0.00000000,BAR
2336,1688307360.0,10000.00,10000.00,0.00,0.00000000,BAR
2337,1688307420.0,10000.00,10000.00,0.00,0.00000000,BAR
2338,1688307480.0,10000.00,10000.00,0.00,0.00000000,BAR
2339,1688307540.0,10000.00,10000.00,0.00,0.00000000,BAR
2340,1688307600.0,10000.00,10000.00,0.00,0.00000000,BAR
2341,1688307660.0,10000.00,10000.00,0.00,0.00000000,BAR
2342,1688307720.0,10000.00,10000.00,0.00,0.00000000,BAR
2343,1688307780.0,10000.00,10000.00,0.00,0.00000000,BAR
2344,1688307840.0,10000.00,10000.00,0.00,0.00000000,BAR
2345,1688307900.0,10000.00,10000.00,0.00,0.00000000,BAR
2346,1688307960.0,10000.00,10000.00,0.00,0.00000000,BAR
2347,1688308020.0,10000.00,10000.00,0.00,0.00000000,BAR
2348,1688308080.0,10000.00,10000.00,0.00,0.00000000,BAR
2349,1688308140.0,10000.00,10000.00,0.00,0.00000000,BAR
2350,1688308200.0,10000.00,10000.00,0.00,0.00000000,BAR
2351,1688308260.0,10000.00,10000.00,0.00,0.00000000,BAR
2352,1688308320.0,10000.00,10000.00,0.00,0.00000000,BAR
2353,1688308380.0,10000.00,10000.00,0.00,0.00000000,BAR
2354,1688308440.0,10000.00,10000.00,0.00,0.00000000,BAR
2355,1688308500.0,10000.00,10000.00,0.00,0.00000000,BAR
2356,1688308560.0,10000.00,10000.00,0.00,0.00000000,BAR
2357,1688308620.0,10000.00,10000.00,0.00,0.00000000,BAR
2358,1688308680.0,10000.00,10000.00,0.00,0.00000000,BAR
2359,1688308740.0,10000.00,10000.00,0.00,0.00000000,BAR
2360,1688308800.0,10000.00,10000.00,0.00,0.00000000,BAR
2361,1688308860.0,10000.00,10000.00,0.00,0.00000000,BAR
2362,1688308920.0,10000.00,10000.00,0.00,0.00000000,BAR
2363,1688308980.0,10000.00,10000.00,0.00,0.00000000,BAR
2364,1688309040.0,10000.00,10000.00,0.00,0.00000000,BAR
2365,1688309100.0,10000.00,10000.00,0.00,0.00000000,BAR
2366,1688309160.0,10000.00,10000.00,0.00,0.00000000,BAR
2367,1688309220.0,10000.00,10000.00,0.00,0.00000000,BAR
2368,1688309280.0,10000.00,10000.00,0.00,0.00000000,BAR
2369,1688309340.0,10000.00,10000.00,0.00,0.00000000,BAR
2370,1688309580.0,10000.00,10000.00,0.00,0.00000000,BAR
2371,1688309640.0,10000.00,10000.00,0.00,0.00000000,BAR
2372,1688309700.0,10000.00,10000.00,0.00,0.00000000,BAR
2373,1688309760.0,10000.00,10000.00,0.00,0.00000000,BAR
2374,1688309820.0,10000.00,10000.00,0.00,0.00000000,BAR
2375,1688309880.0,10000.00,10000.00,0.00,0.00000000,BAR
2376,1688309940.0,10000.00,10000.00,0.00,0.00000000,BAR
2377,1688310000.0,10000.00,10000.00,0.00,0.00000000,BAR
2378,1688310060.0,10000.00,10000.00,0.00,0.00000000,BAR
2379,1688310120.0,10000.00,10000.00,0.00,0.00000000,BAR
2380,1688310180.0,10000.00,10000.00,0.00,0.00000000,BAR
2381,1688310240.0,10000.00,10000.00,0.00,0.00000000,BAR
2382,1688310300.0,10000.00,10000.00,0.00,0.00000000,BAR
2383,1688310360.0,10000.00,10000.00,0.00,0.00000000,BAR
2384,1688310420.0,10000.00,10000.00,0.00,0.00000000,BAR
2385,1688310480.0,10000.00,10000.00,0.00,0.00000000,BAR
2386,1688310540.0,10000.00,10000.00,0.00,0.00000000,BAR
2387,1688310600.0,10000.00,10000.00,0.00,0.00000000,BAR
2388,1688310660.0,10000.00,10000.00,0.00,0.00000000,BAR
2389,1688310720.0,10000.00,10000.00,0.00,0.00000000,BAR
2390,1688310780.0,10000.00,10000.00,0.00,0.00000000,BAR
2391,1688310840.0,10000.00,10000.00,0.00,0.00000000,BAR
2392,1688310900.0,10000.00,10000.00,0.00,0.00000000,BAR
2393,1688310960.0,10000.00,10000.00,0.00,0.00000000,BAR
2394,1688311020.0,10000.00,10000.00,0.00,0.00000000,BAR
2395,1688311080.0,10000.00,10000.00,0.00,0.00000000,BAR
2396,1688311140.0,10000.00,10000.00,0.00,0.00000000,BAR
2397,1688311200.0,10000.00,10000.00,0.00,0.00000000,BAR
2398,1688311260.0,10000.00,10000.00,0.00,0.00000000,BAR
2399,1688311320.0,10000.00,10000.00,0.00,0.00000000,BAR
2400,1688311380.0,10000.00,10000.00,0.00,0.00000000,BAR
2401,1688311680.0,10000.00,10000.00,0.00,0.00000000,BAR
2402,1688311740.0,10000.00,10000.00,0.00,0.00000000,BAR
2403,1688312160.0,10000.00,10000.00,0.00,0.00000000,BAR
2404,1688312220.0,10000.00,10000.00,0.00,0.00000000,BAR
2405,1688312280.0,10000.00,10000.00,0.00,0.00000000,BAR
2406,1688312340.0,10000.00,10000.00,0.00,0.00000000,BAR
2407,1688312400.0,10000.00,10000.00,0.00,0.00000000,BAR
2408,1688312460.0,10000.00,10000.00,0.00,0.00000000,BAR
2409,1688312520.0,10000.00,10000.00,0.00,0.00000000,BAR
2410,1688312580.0,10000.00,10000.00,0.00,0.00000000,BAR
2411,1688312640.0,10000.00,10000.00,0.00,0.00000000,BAR
2412,1688312700.0,10000.00,10000.00,0.00,0.00000000,BAR
2413,1688312760.0,10000.00,10000.00,0.00,0.00000000,BAR
2414,1688312820.0,10000.00,10000.00,0.00,0.00000000,BAR
2415,1688312880.0,10000.00,10000.00,0.00,0.00000000,BAR
2416,1688312940.0,10000.00,10000.00,0.00,0.00000000,BAR
2417,1688313000.0,10000.00,10000.00,0.00,0.00000000,BAR
2418,1688313060.0,10000.00,10000.00,0.00,0.00000000,BAR
2419,1688313120.0,10000.00,10000.00,0.00,0.00000000,BAR
2420,1688313180.0,10000.00,10000.00,0.00,0.00000000,BAR
2421,1688313240.0,10000.00,10000.00,0.00,0.00000000,BAR
2422,1688313300.0,10000.00,10000.00,0.00,0.00000000,BAR
2423,1688313360.0,10000.00,10000.00,0.00,0.00000000,BAR
2424,1688313420.0,10000.00,10000.00,0.00,0.00000000,BAR
2425,1688313480.0,10000.00,10000.00,0.00,0.00000000,BAR
2426,1688313540.0,10000.00,10000.00,0.00,0.00000000,BAR
2427,1688313600.0,10000.00,10000.00,0.00,0.00000000,BAR
2428,1688313660.0,10000.00,10000.00,0.00,0.00000000,BAR
2429,1688313720.0,10000.00,10000.00,0.00,0.00000000,BAR
2430,1688313780.0,10000.00,10000.00,0.00,0.00000000,BAR
2431,1688313840.0,10000.00,10000.00,0.00,0.00000000,BAR
2432,1688313900.0,10000.00,10000.00,0.00,0.00000000,BAR
2433,1688313960.0,10000.00,10000.00,0.00,0.00000000,BAR
2434,1688314020.0,10000.00,10000.00,0.00,0.00000000,BAR
2435,1688314080.0,10000.00,10000.00,0.00,0.00000000,BAR
2436,1688314140.0,10000.00,10000.00,0.00,0.00000000,BAR
2437,1688314200.0,10000.00,10000.00,0.00,0.00000000,BAR
2438,1688314260.0,10000.00,10000.00,0.00,0.00000000,BAR
2439,1688314320.0,10000.00,10000.00,0.00,0.00000000,BAR
2440,1688314380.0,10000.00,10000.00,0.00,0.00000000,BAR
2441,1688314440.0,10000.00,10000.00,0.00,0.00000000,BAR
2442,1688314500.0,10000.00,10000.00,0.00,0.00000000,BAR
2443,1688314620.0,10000.00,10000.00,0.00,0.00000000,BAR
2444,1688314740.0,10000.00,10000.00,0.00,0.00000000,BAR
2445,1688315160.0,10000.00,10000.00,0.00,0.00000000,BAR
2446,1688315220.0,10000.00,10000.00,0.00,0.00000000,BAR
2447,1688315280.0,10000.00,10000.00,0.00,0.00000000,BAR
2448,1688315340.0,10000.00,10000.00,0.00,0.00000000,BAR
2449,1688315400.0,10000.00,10000.00,0.00,0.00000000,BAR
2450,1688315460.0,10000.00,10000.00,0.00,0.00000000,BAR
2451,1688315520.0,10000.00,10000.00,0.00,0.00000000,BAR
2452,1688315580.0,10000.00,10000.00,0.00,0.00000000,BAR
2453,1688315640.0,10000.00,10000.00,0.00,0.00000000,BAR
2454,1688315700.0,10000.00,10000.00,0.00,0.00000000,BAR
2455,1688315760.0,10000.00,10000.00,0.00,0.00000000,BAR
2456,1688315820.0,10000.00,10000.00,0.00,0.00000000,BAR
2457,1688315880.0,10000.00,10000.00,0.00,0.00000000,BAR
2458,1688315940.0,10000.00,10000.00,0.00,0.00000000,BAR
2459,1688316000.0,10000.00,10000.00,0.00,0.00000000,BAR
2460,1688316060.0,10000.00,10000.00,0.00,0.00000000,BAR
2461,1688316120.0,10000.00,10000.00,0.00,0.00000000,BAR
2462,1688316180.0,10000.00,10000.00,0.00,0.00000000,BAR
2463,1688316240.0,10000.00,10000.00,0.00,0.00000000,BAR
2464,1688316300.0,10000.00,10000.00,0.00,0.00000000,BAR
2465,1688316360.0,10000.00,10000.00,0.00,0.00000000,BAR
2466,1688316420.0,10000.00,10000.00,0.00,0.00000000,BAR
2467,1688316480.0,10000.00,10000.00,0.00,0.00000000,BAR
2468,1688316540.0,10000.00,10000.00,0.00,0.00000000,BAR
2469,1688316600.0,10000.00,10000.00,0.00,0.00000000,BAR
2470,1688316660.0,10000.00,10000.00,0.00,0.00000000,BAR
2471,1688316720.0,10000.00,10000.00,0.00,0.00000000,BAR
2472,1688316780.0,10000.00,10000.00,0.00,0.00000000,BAR
2473,1688316840.0,10000.00,10000.00,0.00,0.00000000,BAR
2474,1688316900.0,10000.00,10000.00,0.00,0.00000000,BAR
2475,1688316960.0,10000.00,10000.00,0.00,0.00000000,BAR
2476,1688317020.0,10000.00,10000.00,0.00,0.00000000,BAR
2477,1688317080.0,10000.00,10000.00,0.00,0.00000000,BAR
2478,1688317140.0,10000.00,10000.00,0.00,0.00000000,BAR
2479,1688317200.0,10000.00,10000.00,0.00,0.00000000,BAR
2480,1688317260.0,10000.00,10000.00,0.00,0.00000000,BAR
2481,1688317320.0,10000.00,10000.00,0.00,0.00000000,BAR
2482,1688317380.0,10000.00,10000.00,0.00,0.00000000,BAR
2483,1688317440.0,10000.00,10000.00,0.00,0.00000000,BAR
2484,1688317500.0,10000.00,10000.00,0.00,0.00000000,BAR
2485,1688317560.0,10000.00,10000.00,0.00,0.00000000,BAR
2486,1688317620.0,10000.00,10000.00,0.00,0.00000000,BAR
2487,1688317680.0,10000.00,10000.00,0.00,0.00000000,BAR
2488,1688317740.0,10000.00,10000.00,0.00,0.00000000,BAR
2489,1688317800.0,10000.00,10000.00,0.00,0.00000000,BAR
2490,1688317860.0,10000.00,10000.00,0.00,0.00000000,BAR
2491,1688317920.0,10000.00,10000.00,0.00,0.00000000,BAR
2492,1688317980.0,10000.00,10000.00,0.00,0.00000000,BAR
2493,1688318040.0,10000.00,10000.00,0.00,0.00000000,BAR
2494,1688318100.0,10000.00,10000.00,0.00,0.00000000,BAR
2495,1688318160.0,10000.00,10000.00,0.00,0.00000000,BAR
2496,1688318220.0,10000.00,10000.00,0.00,0.00000000,BAR
2497,1688318280.0,10000.00,10000.00,0.00,0.00000000,BAR
2498,1688318340.0,10000.00,10000.00,0.00,0.00000000,BAR
2499,1688318400.0,10000.00,10000.00,0.00,0.00000000,BAR
2500,1688318460.0,10000.00,10000.00,0.00,0.00000000,BAR
2501,1688318520.0,10000.00,10000.00,0.00,0.00000000,BAR
2502,1688319600.0,10000.00,10000.00,0.00,0.00000000,BAR
2503,1688319660.0,10000.00,10000.00,0.00,0.00000000,BAR
2504,1688319720.0,10000.00,10000.00,0.00,0.00000000,BAR
2505,1688319780.0,10000.00,10000.00,0.00,0.00000000,BAR
2506,1688319840.0,10000.00,10000.00,0.00,0.00000000,BAR
2507,1688319900.0,10000.00,10000.00,0.00,0.00000000,BAR
2508,1688319960.0,10000.00,10000.00,0.00,0.00000000,BAR
2509,1688320020.0,10000.00,10000.00,0.00,0.00000000,BAR
2510,1688320080.0,10000.00,10000.00,0.00,0.00000000,BAR
2511,1688320140.0,10000.00,10000.00,0.00,0.00000000,BAR
2512,1688320200.0,10000.00,10000.00,0.00,0.00000000,BAR
2513,1688320260.0,10000.00,10000.00,0.00,0.00000000,BAR
2514,1688320320.0,10000.00,10000.00,0.00,0.00000000,BAR
2515,1688320380.0,10000.00,10000.00,0.00,0.00000000,BAR
2516,1688320440.0,10000.00,10000.00,0.00,0.00000000,BAR
2517,1688320500.0,10000.00,10000.00,0.00,0.00000000,BAR
2518,1688320560.0,10000.00,10000.00,0.00,0.00000000,BAR
2519,1688320620.0,10000.00,10000.00,0.00,0.00000000,BAR
2520,1688320740.0,10000.00,10000.00,0.00,0.00000000,BAR
2521,1688320800.0,10000.00,10000.00,0.00,0.00000000,BAR
2522,1688321160.0,10000.00,10000.00,0.00,0.00000000,BAR
2523,1688321220.0,10000.00,10000.00,0.00,0.00000000,BAR
2524,1688321280.0,10000.00,10000.00,0.00,0.00000000,BAR
2525,1688321340.0,10000.00,10000.00,0.00,0.00000000,BAR
2526,1688321400.0,10000.00,10000.00,0.00,0.00000000,BAR
2527,1688321460.0,10000.00,10000.00,0.00,0.00000000,BAR
2528,1688321520.0,10000.00,10000.00,0.00,0.00000000,BAR
2529,1688321580.0,10000.00,10000.00,0.00,0.00000000,BAR
2530,1688321640.0,10000.00,10000.00,0.00,0.00000000,BAR
2531,1688321700.0,10000.00,10000.00,0.00,0.00000000,BAR
2532,1688321760.0,10000.00,10000.00,0.00,0.00000000,BAR
2533,1688321820.0,10000.00,10000.00,0.00,0.00000000,BAR
2534,1688321880.0,10000.00,10000.00,0.00,0.00000000,BAR
2535,1688321940.0,10000.00,10000.00,0.00,0.00000000,BAR
2536,1688322000.0,10000.00,10000.00,0.00,0.00000000,BAR
2537,1688322060.0,10000.00,10000.00,0.00,0.00000000,BAR
2538,1688322120.0,10000.00,10000.00,0.00,0.00000000,BAR
2539,1688322180.0,10000.00,10000.00,0.00,0.00000000,BAR
2540,1688322240.0,10000.00,10000.00,0.00,0.00000000,BAR
2541,1688322300.0,10000.00,10000.00,0.00,0.00000000,BAR
2542,1688322360.0,10000.00,10000.00,0.00,0.00000000,BAR
2543,1688322420.0,10000.00,10000.00,0.00,0.00000000,BAR
2544,1688322480.0,10000.00,10000.00,0.00,0.00000000,BAR
2545,1688322540.0,10000.00,10000.00,0.00,0.00000000,BAR
2546,1688322600.0,10000.00,10000.00,0.00,0.00000000,BAR
2547,1688322660.0,10000.00,10000.00,0.00,0.00000000,BAR
2548,1688322720.0,10000.00,10000.00,0.00,0.00000000,BAR
2549,1688322780.0,10000.00,10000.00,0.00,0.00000000,BAR
2550,1688322840.0,10000.00,10000.00,0.00,0.00000000,BAR
2551,1688322900.0,10000.00,10000.00,0.00,0.00000000,BAR
2552,1688322960.0,10000.00,10000.00,0.00,0.00000000,BAR
2553,1688323020.0,10000.00,10000.00,0.00,0.00000000,BAR
2554,1688323080.0,10000.00,10000.00,0.00,0.00000000,BAR
2555,1688323140.0,10000.00,10000.00,0.00,0.00000000,BAR
2556,1688323200.0,10000.00,10000.00,0.00,0.00000000,BAR
2557,1688323260.0,10000.00,10000.00,0.00,0.00000000,BAR
2558,1688323320.0,10000.00,10000.00,0.00,0.00000000,BAR
2559,1688323380.0,10000.00,10000.00,0.00,0.00000000,BAR
2560,1688323440.0,10000.00,10000.00,0.00,0.00000000,BAR
2561,1688323500.0,10000.00,10000.00,0.00,0.00000000,BAR
2562,1688323560.0,10000.00,10000.00,0.00,0.00000000,BAR
2563,1688323620.0,10000.00,10000.00,0.00,0.00000000,BAR
2564,1688323680.0,10000.00,10000.00,0.00,0.00000000,BAR
2565,1688323740.0,10000.00,10000.00,0.00,0.00000000,BAR
2566,1688323800.0,10000.00,10000.00,0.00,0.00000000,BAR
2567,1688323860.0,10000.00,10000.00,0.00,0.00000000,BAR
2568,1688323920.0,10000.00,10000.00,0.00,0.00000000,BAR
2569,1688323980.0,10000.00,10000.00,0.00,0.00000000,BAR
2570,1688324040.0,10000.00,10000.00,0.00,0.00000000,BAR
2571,1688324100.0,10000.00,10000.00,0.00,0.00000000,BAR
2572,1688324160.0,10000.00,10000.00,0.00,0.00000000,BAR
2573,1688324220.0,10000.00,10000.00,0.00,0.00000000,BAR
2574,1688324280.0,10000.00,10000.00,0.00,0.00000000,BAR
2575,1688324340.0,10000.00,10000.00,0.00,0.00000000,BAR
2576,1688324400.0,10000.00,10000.00,0.00,0.00000000,BAR
2577,1688324460.0,10000.00,10000.00,0.00,0.00000000,BAR
2578,1688326620.0,10000.00,10000.00,0.00,0.00000000,BAR
2579,1688326680.0,10000.00,10000.00,0.00,0.00000000,BAR
2580,1688326740.0,10000.00,10000.00,0.00,0.00000000,BAR
2581,1688326800.0,10000.00,10000.00,0.00,0.00000000,BAR
2582,1688326860.0,10000.00,10000.00,0.00,0.00000000,BAR
2583,1688326920.0,10000.00,10000.00,0.00,0.00000000,BAR
2584,1688326980.0,10000.00,10000.00,0.00,0.00000000,BAR
2585,1688327040.0,10000.00,10000.00,0.00,0.00000000,BAR
2586,1688327100.0,10000.00,10000.00,0.00,0.00000000,BAR
2587,1688327160.0,10000.00,10000.00,0.00,0.00000000,BAR
2588,1688327220.0,10000.00,10000.00,0.00,0.00000000,BAR
2589,1688327280.0,10000.00,10000.00,0.00,0.00000000,BAR
2590,1688327340.0,10000.00,10000.00,0.00,0.00000000,BAR
2591,1688327400.0,10000.00,10000.00,0.00,0.00000000,BAR
2592,1688327460.0,10000.00,10000.00,0.00,0.00000000,BAR
2593,1688327520.0,10000.00,10000.00,0.00,0.00000000,BAR
2594,1688327580.0,10000.00,10000.00,0.00,0.00000000,BAR
2595,1688327640.0,10000.00,10000.00,0.00,0.00000000,BAR
2596,1688327700.0,10000.00,10000.00,0.00,0.00000000,BAR
2597,1688327760.0,10000.00,10000.00,0.00,0.00000000,BAR
2598,1688327820.0,10000.00,10000.00,0.00,0.00000000,BAR
2599,1688327880.0,10000.00,10000.00,0.00,0.00000000,BAR
2600,1688327940.0,10000.00,10000.00,0.00,0.00000000,BAR
2601,1688328000.0,10000.00,10000.00,0.00,0.00000000,BAR
2602,1688328060.0,10000.00,10000.00,0.00,0.00000000,BAR
2603,1688328120.0,10000.00,10000.00,0.00,0.00000000,BAR
2604,1688328180.0,10000.00,10000.00,0.00,0.00000000,BAR
2605,1688328240.0,10000.00,10000.00,0.00,0.00000000,BAR
2606,1688328300.0,10000.00,10000.00,0.00,0.00000000,BAR
2607,1688328360.0,10000.00,10000.00,0.00,0.00000000,BAR
2608,1688328420.0,10000.00,10000.00,0.00,0.00000000,BAR
2609,1688328480.0,10000.00,10000.00,0.00,0.00000000,BAR
2610,1688328540.0,10000.00,10000.00,0.00,0.00000000,BAR
2611,1688328600.0,10000.00,10000.00,0.00,0.00000000,BAR
2612,1688328660.0,10000.00,10000.00,0.00,0.00000000,BAR
2613,1688328720.0,10000.00,10000.00,0.00,0.00000000,BAR
2614,1688328780.0,10000.00,10000.00,0.00,0.00000000,BAR
2615,1688328840.0,10000.00,10000.00,0.00,0.00000000,BAR
2616,1688328900.0,10000.00,10000.00,0.00,0.00000000,BAR
2617,1688328960.0,10000.00,10000.00,0.00,0.00000000,BAR
2618,1688329020.0,10000.00,10000.00,0.00,0.00000000,BAR
2619,1688329080.0,10000.00,10000.00,0.00,0.00000000,BAR
2620,1688329140.0,10000.00,10000.00,0.00,0.00000000,BAR
2621,1688329200.0,10000.00,10000.00,0.00,0.00000000,BAR
2622,1688329260.0,10000.00,10000.00,0.00,0.00000000,BAR
2623,1688329320.0,10000.00,10000.00,0.00,0.00000000,BAR
2624,1688329380.0,10000.00,10000.00,0.00,0.00000000,BAR
2625,1688329440.0,10000.00,10000.00,0.00,0.00000000,BAR
2626,1688329500.0,10000.00,10000.00,0.00,0.00000000,BAR
2627,1688329560.0,10000.00,10000.00,0.00,0.00000000,BAR
2628,1688329620.0,10000.00,10000.00,0.00,0.00000000,BAR
2629,1688329680.0,10000.00,10000.00,0.00,0.00000000,BAR
2630,1688329740.0,10000.00,10000.00,0.00,0.00000000,BAR
2631,1688329800.0,10000.00,10000.00,0.00,0.00000000,BAR
2632,1688329860.0,10000.00,10000.00,0.00,0.00000000,BAR
2633,1688329920.0,10000.00,10000.00,0.00,0.00000000,BAR
2634,1688329980.0,10000.00,10000.00,0.00,0.00000000,BAR
2635,1688330040.0,10000.00,10000.00,0.00,0.00000000,BAR
2636,1688330100.0,10000.00,10000.00,0.00,0.00000000,BAR
2637,1688330160.0,10000.00,10000.00,0.00,0.00000000,BAR
2638,1688330220.0,10000.00,10000.00,0.00,0.00000000,BAR
2639,1688330280.0,10000.00,10000.00,0.00,0.00000000,BAR
2640,1688330340.0,10000.00,10000.00,0.00,0.00000000,BAR
2641,1688330400.0,10000.00,10000.00,0.00,0.00000000,BAR
2642,1688330460.0,10000.00,10000.00,0.00,0.00000000,BAR
2643,1688330520.0,10000.00,10000.00,0.00,0.00000000,BAR
2644,1688330580.0,10000.00,10000.00,0.00,0.00000000,BAR
2645,1688330640.0,10000.00,10000.00,0.00,0.00000000,BAR
2646,1688330700.0,10000.00,10000.00,0.00,0.00000000,BAR
2647,1688330760.0,10000.00,10000.00,0.00,0.00000000,BAR
2648,1688330820.0,10000.00,10000.00,0.00,0.00000000,BAR
2649,1688330880.0,10000.00,10000.00,0.00,0.00000000,BAR
2650,1688330940.0,10000.00,10000.00,0.00,0.00000000,BAR
2651,1688331300.0,10000.00,10000.00,0.00,0.00000000,BAR
2652,1688331360.0,10000.00,10000.00,0.00,0.00000000,BAR
2653,1688331420.0,10000.00,10000.00,0.00,0.00000000,BAR
2654,1688331480.0,10000.00,10000.00,0.00,0.00000000,BAR
2655,1688331540.0,10000.00,10000.00,0.00,0.00000000,BAR
2656,1688331600.0,10000.00,10000.00,0.00,0.00000000,BAR
2657,1688331660.0,10000.00,10000.00,0.00,0.00000000,BAR
2658,1688331720.0,10000.00,10000.00,0.00,0.00000000,BAR
2659,1688331780.0,10000.00,10000.00,0.00,0.00000000,BAR
2660,1688331840.0,10000.00,10000.00,0.00,0.00000000,BAR
2661,1688331900.0,10000.00,10000.00,0.00,0.00000000,BAR
2662,1688331960.0,10000.00,10000.00,0.00,0.00000000,BAR
2663,1688332020.0,10000.00,10000.00,0.00,0.00000000,BAR
2664,1688332080.0,10000.00,10000.00,0.00,0.00000000,BAR
2665,1688332140.0,10000.00,10000.00,0.00,0.00000000,BAR
2666,1688332200.0,10000.00,10000.00,0.00,0.00000000,BAR
2667,1688332260.0,10000.00,10000.00,0.00,0.00000000,BAR
2668,1688332320.0,10000.00,10000.00,0.00,0.00000000,BAR
2669,1688332380.0,10000.00,10000.00,0.00,0.00000000,BAR
2670,1688332440.0,10000.00,10000.00,0.00,0.00000000,BAR
2671,1688332500.0,10000.00,10000.00,0.00,0.00000000,BAR
2672,1688332560.0,10000.00,10000.00,0.00,0.00000000,BAR
2673,1688332620.0,10000.00,10000.00,0.00,0.00000000,BAR
2674,1688332680.0,10000.00,10000.00,0.00,0.00000000,BAR
2675,1688332740.0,10000.00,10000.00,0.00,0.00000000,BAR
2676,1688332800.0,10000.00,10000.00,0.00,0.00000000,BAR
2677,1688332860.0,10000.00,10000.00,0.00,0.00000000,BAR
2678,1688332920.0,10000.00,10000.00,0.00,0.00000000,BAR
2679,1688332980.0,10000.00,10000.00,0.00,0.00000000,BAR
2680,1688333040.0,10000.00,10000.00,0.00,0.00000000,BAR
2681,1688333100.0,10000.00,10000.00,0.00,0.00000000,BAR
2682,1688333160.0,10000.00,10000.00,0.00,0.00000000,BAR
2683,1688333220.0,10000.00,10000.00,0.00,0.00000000,BAR
2684,1688333280.0,10000.00,10000.00,0.00,0.00000000,BAR
2685,1688333340.0,10000.00,10000.00,0.00,0.00000000,BAR
2686,1688333400.0,10000.00,10000.00,0.00,0.00000000,BAR
2687,1688333460.0,10000.00,10000.00,0.00,0.00000000,BAR
2688,1688333520.0,10000.00,10000.00,0.00,0.00000000,BAR
2689,1688333580.0,10000.00,10000.00,0.00,0.00000000,BAR
2690,1688333640.0,10000.00,10000.00,0.00,0.00000000,BAR
2691,1688333700.0,10000.00,10000.00,0.00,0.00000000,BAR
2692,1688333760.0,10000.00,10000.00,0.00,0.00000000,BAR
2693,1688333820.0,10000.00,10000.00,0.00,0.00000000,BAR
2694,1688333880.0,10000.00,10000.00,0.00,0.00000000,BAR
2695,1688333940.0,10000.00,10000.00,0.00,0.00000000,BAR
2696,1688334000.0,10000.00,10000.00,0.00,0.00000000,BAR
2697,1688334060.0,10000.00,10000.00,0.00,0.00000000,BAR
2698,1688334120.0,10000.00,10000.00,0.00,0.00000000,BAR
2699,1688334180.0,10000.00,10000.00,0.00,0.00000000,BAR
2700,1688334240.0,10000.00,10000.00,0.00,0.00000000,BAR
2701,1688334300.0,10000.00,10000.00,0.00,0.00000000,BAR
2702,1688334360.0,10000.00,10000.00,0.00,0.00000000,BAR
2703,1688334420.0,10000.00,10000.00,0.00,0.00000000,BAR
2704,1688334480.0,10000.00,10000.00,0.00,0.00000000,BAR
2705,1688334540.0,10000.00,10000.00,0.00,0.00000000,BAR
2706,1688334600.0,10000.00,10000.00,0.00,0.00000000,BAR
2707,1688334660.0,10000.00,10000.00,0.00,0.00000000,BAR
2708,1688334720.0,10000.00,10000.00,0.00,0.00000000,BAR
2709,1688334780.0,10000.00,10000.00,0.00,0.00000000,BAR
2710,1688334840.0,10000.00,10000.00,0.00,0.00000000,BAR
2711,1688334900.0,10000.00,10000.00,0.00,0.00000000,BAR
2712,1688334960.0,10000.00,10000.00,0.00,0.00000000,BAR
2713,1688335020.0,10000.00,10000.00,0.00,0.00000000,BAR
2714,1688335080.0,10000.00,10000.00,0.00,0.00000000,BAR
2715,1688335140.0,10000.00,10000.00,0.00,0.00000000,BAR
2716,1688335200.0,10000.00,10000.00,0.00,0.00000000,BAR
2717,1688335260.0,10000.00,10000.00,0.00,0.00000000,BAR
2718,1688335320.0,10000.00,10000.00,0.00,0.00000000,BAR
2719,1688335380.0,10000.00,10000.00,0.00,0.00000000,BAR
2720,1688335440.0,10000.00,10000.00,0.00,0.00000000,BAR
2721,1688335500.0,10000.00,10000.00,0.00,0.00000000,BAR
2722,1688335560.0,10000.00,10000.00,0.00,0.00000000,BAR
2723,1688335620.0,10000.00,10000.00,0.00,0.00000000,BAR
2724,1688335680.0,10000.00,10000.00,0.00,0.00000000,BAR
2725,1688335740.0,10000.00,10000.00,0.00,0.00000000,BAR
2726,1688335800.0,10000.00,10000.00,0.00,0.00000000,BAR
2727,1688335860.0,10000.00,10000.00,0.00,0.00000000,BAR
2728,1688335920.0,10000.00,10000.00,0.00,0.00000000,BAR
2729,1688335980.0,10000.00,10000.00,0.00,0.00000000,BAR
2730,1688336040.0,10000.00,10000.00,0.00,0.00000000,BAR
2731,1688336100.0,10000.00,10000.00,0.00,0.00000000,BAR
2732,1688336160.0,10000.00,10000.00,0.00,0.00000000,BAR
2733,1688336220.0,10000.00,10000.00,0.00,0.00000000,BAR
2734,1688336280.0,10000.00,10000.00,0.00,0.00000000,BAR
2735,1688336340.0,10000.00,10000.00,0.00,0.00000000,BAR
2736,1688336400.0,10000.00,10000.00,0.00,0.00000000,BAR
2737,1688336460.0,10000.00,10000.00,0.00,0.00000000,BAR
2738,1688336520.0,10000.00,10000.00,0.00,0.00000000,BAR
2739,1688336580.0,10000.00,10000.00,0.00,0.00000000,BAR
2740,1688336640.0,10000.00,10000.00,0.00,0.00000000,BAR
2741,1688336700.0,10000.00,10000.00,0.00,0.00000000,BAR
2742,1688338320.0,10000.00,10000.00,0.00,0.00000000,BAR
2743,1688338380.0,10000.00,10000.00,0.00,0.00000000,BAR
2744,1688338440.0,10000.00,10000.00,0.00,0.00000000,BAR
2745,1688338500.0,10000.00,10000.00,0.00,0.00000000,BAR
2746,1688338560.0,10000.00,10000.00,0.00,0.00000000,BAR
2747,1688338620.0,10000.00,10000.00,0.00,0.00000000,BAR
2748,1688338680.0,10000.00,10000.00,0.00,0.00000000,BAR
2749,1688338740.0,10000.00,10000.00,0.00,0.00000000,BAR
2750,1688338800.0,10000.00,10000.00,0.00,0.00000000,BAR
2751,1688338860.0,10000.00,10000.00,0.00,0.00000000,BAR
2752,1688338920.0,10000.00,10000.00,0.00,0.00000000,BAR
2753,1688338980.0,10000.00,10000.00,0.00,0.00000000,BAR
2754,1688339040.0,10000.00,10000.00,0.00,0.00000000,BAR
2755,1688339100.0,10000.00,10000.00,0.00,0.00000000,BAR
2756,1688339160.0,10000.00,10000.00,0.00,0.00000000,BAR
2757,1688339220.0,10000.00,10000.00,0.00,0.00000000,BAR
2758,1688339280.0,10000.00,10000.00,0.00,0.00000000,BAR
2759,1688339340.0,10000.00,10000.00,0.00,0.00000000,BAR
2760,1688339400.0,10000.00,10000.00,0.00,0.00000000,BAR
2761,1688339460.0,10000.00,10000.00,0.00,0.00000000,BAR
2762,1688339520.0,10000.00,10000.00,0.00,0.00000000,BAR
2763,1688339580.0,10000.00,10000.00,0.00,0.00000000,BAR
2764,1688339640.0,10000.00,10000.00,0.00,0.00000000,BAR
2765,1688339700.0,10000.00,10000.00,0.00,0.00000000,BAR
2766,1688339760.0,10000.00,10000.00,0.00,0.00000000,BAR
2767,1688339820.0,10000.00,10000.00,0.00,0.00000000,BAR
2768,1688339880.0,10000.00,10000.00,0.00,0.00000000,BAR
2769,1688339940.0,10000.00,10000.00,0.00,0.00000000,BAR
2770,1688340000.0,10000.00,10000.00,0.00,0.00000000,BAR
2771,1688340060.0,10000.00,10000.00,0.00,0.00000000,BAR
2772,1688340120.0,10000.00,10000.00,0.00,0.00000000,BAR
2773,1688340180.0,10000.00,10000.00,0.00,0.00000000,BAR
2774,1688340240.0,10000.00,10000.00,0.00,0.00000000,BAR
2775,1688340300.0,10000.00,10000.00,0.00,0.00000000,BAR
2776,1688340360.0,10000.00,10000.00,0.00,0.00000000,BAR
2777,1688340420.0,10000.00,10000.00,0.00,0.00000000,BAR
2778,1688340480.0,10000.00,10000.00,0.00,0.00000000,BAR
2779,1688340540.0,10000.00,10000.00,0.00,0.00000000,BAR
2780,1688340600.0,10000.00,10000.00,0.00,0.00000000,BAR
2781,1688340660.0,10000.00,10000.00,0.00,0.00000000,BAR
2782,1688340720.0,10000.00,10000.00,0.00,0.00000000,BAR
2783,1688340780.0,10000.00,10000.00,0.00,0.00000000,BAR
2784,1688340840.0,10000.00,10000.00,0.00,0.00000000,BAR
2785,1688340900.0,10000.00,10000.00,0.00,0.00000000,BAR
2786,1688340960.0,10000.00,10000.00,0.00,0.00000000,BAR
2787,1688341020.0,10000.00,10000.00,0.00,0.00000000,BAR
2788,1688341080.0,10000.00,10000.00,0.00,0.00000000,BAR
2789,1688341140.0,10000.00,10000.00,0.00,0.00000000,BAR
2790,1688341200.0,10000.00,10000.00,0.00,0.00000000,BAR
2791,1688341260.0,10000.00,10000.00,0.00,0.00000000,BAR
2792,1688341320.0,10000.00,10000.00,0.00,0.00000000,BAR
2793,1688341380.0,10000.00,10000.00,0.00,0.00000000,BAR
2794,1688341440.0,10000.00,10000.00,0.00,0.00000000,BAR
2795,1688341500.0,10000.00,10000.00,0.00,0.00000000,BAR
2796,1688341560.0,10000.00,10000.00,0.00,0.00000000,BAR
2797,1688341620.0,10000.00,10000.00,0.00,0.00000000,BAR
2798,1688341680.0,10000.00,10000.00,0.00,0.00000000,BAR
2799,1688341740.0,10000.00,10000.00,0.00,0.00000000,BAR
2800,1688341800.0,10000.00,10000.00,0.00,0.00000000,BAR
2801,1688341860.0,10000.00,10000.00,0.00,0.00000000,BAR
2802,1688341920.0,10000.00,10000.00,0.00,0.00000000,BAR
2803,1688341980.0,10000.00,10000.00,0.00,0.00000000,BAR
2804,1688342100.0,10000.00,10000.00,0.00,0.00000000,BAR
2805,1688342160.0,10000.00,10000.00,0.00,0.00000000,BAR
2806,1688342220.0,10000.00,10000.00,0.00,0.00000000,BAR
2807,1688342280.0,10000.00,10000.00,0.00,0.00000000,BAR
2808,1688342340.0,10000.00,10000.00,0.00,0.00000000,BAR
2809,1688342400.0,10000.00,10000.00,0.00,0.00000000,BAR
2810,1688342460.0,10000.00,10000.00,0.00,0.00000000,BAR
2811,1688342520.0,10000.00,10000.00,0.00,0.00000000,BAR
2812,1688342580.0,10000.00,10000.00,0.00,0.00000000,BAR
2813,1688342640.0,10000.00,10000.00,0.00,0.00000000,BAR
2814,1688342700.0,10000.00,10000.00,0.00,0.00000000,BAR
2815,1688342760.0,10000.00,10000.00,0.00,0.00000000,BAR
2816,1688342820.0,10000.00,10000.00,0.00,0.00000000,BAR
2817,1688342880.0,10000.00,10000.00,0.00,0.00000000,BAR
2818,1688342940.0,10000.00,10000.00,0.00,0.00000000,BAR
2819,1688343000.0,10000.00,10000.00,0.00,0.00000000,BAR
2820,1688343060.0,10000.00,10000.00,0.00,0.00000000,BAR
2821,1688343120.0,10000.00,10000.00,0.00,0.00000000,BAR
2822,1688343180.0,10000.00,10000.00,0.00,0.00000000,BAR
2823,1688343240.0,10000.00,10000.00,0.00,0.00000000,BAR
2824,1688343300.0,10000.00,10000.00,0.00,0.00000000,BAR
2825,1688343360.0,10000.00,10000.00,0.00,0.00000000,BAR
2826,1688343720.0,10000.00,10000.00,0.00,0.00000000,BAR
2827,1688343780.0,10000.00,10000.00,0.00,0.00000000,BAR
2828,1688343840.0,10000.00,10000.00,0.00,0.00000000,BAR
2829,1688343900.0,10000.00,10000.00,0.00,0.00000000,BAR
2830,1688343960.0,10000.00,10000.00,0.00,0.00000000,BAR
2831,1688344020.0,10000.00,10000.00,0.00,0.00000000,BAR
2832,1688344080.0,10000.00,10000.00,0.00,0.00000000,BAR
2833,1688344140.0,10000.00,10000.00,0.00,0.00000000,BAR
2834,1688344200.0,10000.00,10000.00,0.00,0.00000000,BAR
2835,1688344260.0,10000.00,10000.00,0.00,0.00000000,BAR
2836,1688344320.0,10000.00,10000.00,0.00,0.00000000,BAR
2837,1688344380.0,10000.00,10000.00,0.00,0.00000000,BAR
2838,1688344440.0,10000.00,10000.00,0.00,0.00000000,BAR
2839,1688344500.0,10000.00,10000.00,0.00,0.00000000,BAR
2840,1688344560.0,10000.00,10000.00,0.00,0.00000000,BAR
2841,1688344620.0,10000.00,10000.00,0.00,0.00000000,BAR
2842,1688344680.0,10000.00,10000.00,0.00,0.00000000,BAR
2843,1688344740.0,10000.00,10000.00,0.00,0.00000000,BAR
2844,1688344800.0,10000.00,10000.00,0.00,0.00000000,BAR
2845,1688344860.0,10000.00,10000.00,0.00,0.00000000,BAR
2846,1688344920.0,10000.00,10000.00,0.00,0.00000000,BAR
2847,1688344980.0,10000.00,10000.00,0.00,0.00000000,BAR
2848,1688345040.0,10000.00,10000.00,0.00,0.00000000,BAR
2849,1688345100.0,10000.00,10000.00,0.00,0.00000000,BAR
2850,1688345160.0,10000.00,10000.00,0.00,0.00000000,BAR
2851,1688345220.0,10000.00,10000.00,0.00,0.00000000,BAR
2852,1688345280.0,10000.00,10000.00,0.00,0.00000000,BAR
2853,1688345340.0,10000.00,10000.00,0.00,0.00000000,BAR
2854,1688345400.0,10000.00,10000.00,0.00,0.00000000,BAR
2855,1688345460.0,10000.00,10000.00,0.00,0.00000000,BAR
2856,1688345520.0,10000.00,10000.00,0.00,0.00000000,BAR
2857,1688345580.0,10000.00,10000.00,0.00,0.00000000,BAR
2858,1688345640.0,10000.00,10000.00,0.00,0.00000000,BAR
2859,1688345700.0,10000.00,10000.00,0.00,0.00000000,BAR
2860,1688345760.0,10000.00,10000.00,0.00,0.00000000,BAR
2861,1688345820.0,10000.00,10000.00,0.00,0.00000000,BAR
2862,1688345880.0,10000.00,10000.00,0.00,0.00000000,BAR
2863,1688345940.0,10000.00,10000.00,0.00,0.00000000,BAR
2864,1688346000.0,10000.00,10000.00,0.00,0.00000000,BAR
2865,1688346060.0,10000.00,10000.00,0.00,0.00000000,BAR
2866,1688346120.0,10000.00,10000.00,0.00,0.00000000,BAR
2867,1688346180.0,10000.00,10000.00,0.00,0.00000000,BAR
2868,1688346240.0,10000.00,10000.00,0.00,0.00000000,BAR
2869,1688346300.0,10000.00,10000.00,0.00,0.00000000,BAR
2870,1688346360.0,10000.00,10000.00,0.00,0.00000000,BAR
2871,1688346420.0,10000.00,10000.00,0.00,0.00000000,BAR
2872,1688346480.0,10000.00,10000.00,0.00,0.00000000,BAR
2873,1688346540.0,10000.00,10000.00,0.00,0.00000000,BAR
2874,1688346600.0,10000.00,10000.00,0.00,0.00000000,BAR
2875,1688346660.0,10000.00,10000.00,0.00,0.00000000,BAR
2876,1688346720.0,10000.00,10000.00,0.00,0.00000000,BAR
2877,1688346780.0,10000.00,10000.00,0.00,0.00000000,BAR
2878,1688346840.0,10000.00,10000.00,0.00,0.00000000,BAR
2879,1688346900.0,10000.00,10000.00,0.00,0.00000000,BAR
2880,1688346960.0,10000.00,10000.00,0.00,0.00000000,BAR
2881,1688347020.0,10000.00,10000.00,0.00,0.00000000,BAR
2882,1688347080.0,10000.00,10000.00,0.00,0.00000000,BAR
2883,1688347140.0,10000.00,10000.00,0.00,0.00000000,BAR
2884,1688347200.0,10000.00,10000.00,0.00,0.00000000,BAR
2885,1688347260.0,10000.00,10000.00,0.00,0.00000000,BAR
2886,1688347320.0,10000.00,10000.00,0.00,0.00000000,BAR
2887,1688347380.0,10000.00,10000.00,0.00,0.00000000,BAR
2888,1688347440.0,10000.00,10000.00,0.00,0.00000000,BAR
2889,1688347500.0,10000.00,10000.00,0.00,0.00000000,BAR
2890,1688347560.0,10000.00,10000.00,0.00,0.00000000,BAR
2891,1688347680.0,10000.00,10000.00,0.00,0.00000000,BAR
2892,1688347740.0,10000.00,10000.00,0.00,0.00000000,BAR
2893,1688347800.0,10000.00,10000.00,0.00,0.00000000,BAR
2894,1688347860.0,10000.00,10000.00,0.00,0.00000000,BAR
2895,1688348280.0,10000.00,10000.00,0.00,0.00000000,BAR
2896,1688348340.0,10000.00,10000.00,0.00,0.00000000,BAR
2897,1688348400.0,10000.00,10000.00,0.00,0.00000000,BAR
2898,1688348460.0,10000.00,10000.00,0.00,0.00000000,BAR
2899,1688348520.0,10000.00,10000.00,0.00,0.00000000,BAR
2900,1688348580.0,10000.00,10000.00,0.00,0.00000000,BAR
2901,1688348640.0,10000.00,10000.00,0.00,0.00000000,BAR
2902,1688348700.0,10000.00,10000.00,0.00,0.00000000,BAR
2903,1688348760.0,10000.00,10000.00,0.00,0.00000000,BAR
2904,1688348820.0,10000.00,10000.00,0.00,0.00000000,BAR
2905,1688348880.0,10000.00,10000.00,0.00,0.00000000,BAR
2906,1688348940.0,10000.00,10000.00,0.00,0.00000000,BAR
2907,1688349000.0,10000.00,10000.00,0.00,0.00000000,BAR
2908,1688349060.0,10000.00,10000.00,0.00,0.00000000,BAR
2909,1688349120.0,10000.00,10000.00,0.00,0.00000000,BAR
2910,1688349180.0,10000.00,10000.00,0.00,0.00000000,BAR
2911,1688349240.0,10000.00,10000.00,0.00,0.00000000,BAR
2912,1688349300.0,10000.00,10000.00,0.00,0.00000000,BAR
2913,1688349360.0,10000.00,10000.00,0.00,0.00000000,BAR
2914,1688349420.0,10000.00,10000.00,0.00,0.00000000,BAR
2915,1688349480.0,10000.00,10000.00,0.00,0.00000000,BAR
2916,1688349540.0,10000.00,10000.00,0.00,0.00000000,BAR
2917,1688349600.0,10000.00,10000.00,0.00,0.00000000,BAR
2918,1688349660.0,10000.00,10000.00,0.00,0.00000000,BAR
2919,1688349720.0,10000.00,10000.00,0.00,0.00000000,BAR
2920,1688349780.0,10000.00,10000.00,0.00,0.00000000,BAR
2921,1688349840.0,10000.00,10000.00,0.00,0.00000000,BAR
2922,1688349900.0,10000.00,10000.00,0.00,0.00000000,BAR
2923,1688349960.0,10000.00,10000.00,0.00,0.00000000,BAR
2924,1688350020.0,10000.00,10000.00,0.00,0.00000000,BAR
2925,1688350080.0,10000.00,10000.00,0.00,0.00000000,BAR
2926,1688350140.0,10000.00,10000.00,0.00,0.00000000,BAR
2927,1688350200.0,10000.00,10000.00,0.00,0.00000000,BAR
2928,1688350260.0,10000.00,10000.00,0.00,0.00000000,BAR
2929,1688350320.0,10000.00,10000.00,0.00,0.00000000,BAR
2930,1688350380.0,10000.00,10000.00,0.00,0.00000000,BAR
2931,1688350440.0,10000.00,10000.00,0.00,0.00000000,BAR
2932,1688350500.0,10000.00,10000.00,0.00,0.00000000,BAR
2933,1688350560.0,10000.00,10000.00,0.00,0.00000000,BAR
2934,1688350620.0,10000.00,10000.00,0.00,0.00000000,BAR
2935,1688350680.0,10000.00,10000.00,0.00,0.00000000,BAR
2936,1688350740.0,10000.00,10000.00,0.00,0.00000000,BAR
2937,1688350800.0,10000.00,10000.00,0.00,0.00000000,BAR
2938,1688350860.0,10000.00,10000.00,0.00,0.00000000,BAR
2939,1688350920.0,10000.00,10000.00,0.00,0.00000000,BAR
2940,1688350980.0,10000.00,10000.00,0.00,0.00000000,BAR
2941,1688351040.0,10000.00,10000.00,0.00,0.00000000,BAR
2942,1688351100.0,10000.00,10000.00,0.00,0.00000000,BAR
2943,1688351160.0,10000.00,10000.00,0.00,0.00000000,BAR
2944,1688351220.0,10000.00,10000.00,0.00,0.00000000,BAR
2945,1688351280.0,10000.00,10000.00,0.00,0.00000000,BAR
2946,1688351340.0,10000.00,10000.00,0.00,0.00000000,BAR
2947,1688351400.0,10000.00,10000.00,0.00,0.00000000,BAR
2948,1688351460.0,10000.00,10000.00,0.00,0.00000000,BAR
2949,1688351520.0,10000.00,10000.00,0.00,0.00000000,BAR
2950,1688351580.0,10000.00,10000.00,0.00,0.00000000,BAR
2951,1688351640.0,10000.00,10000.00,0.00,0.00000000,BAR
2952,1688351700.0,10000.00,10000.00,0.00,0.00000000,BAR
2953,1688351760.0,10000.00,10000.00,0.00,0.00000000,BAR
2954,1688351820.0,10000.00,10000.00,0.00,0.00000000,BAR
2955,1688351880.0,10000.00,10000.00,0.00,0.00000000,BAR
2956,1688351940.0,10000.00,10000.00,0.00,0.00000000,BAR
2957,1688352000.0,10000.00,10000.00,0.00,0.00000000,BAR
2958,1688352060.0,10000.00,10000.00,0.00,0.00000000,BAR
2959,1688352120.0,10000.00,10000.00,0.00,0.00000000,BAR
2960,1688352180.0,10000.00,10000.00,0.00,0.00000000,BAR
2961,1688352240.0,10000.00,10000.00,0.00,0.00000000,BAR
2962,1688352300.0,10000.00,10000.00,0.00,0.00000000,BAR
2963,1688352360.0,10000.00,10000.00,0.00,0.00000000,BAR
2964,1688352420.0,10000.00,10000.00,0.00,0.00000000,BAR
2965,1688352480.0,10000.00,10000.00,0.00,0.00000000,BAR
2966,1688352540.0,10000.00,10000.00,0.00,0.00000000,BAR
2967,1688352600.0,10000.00,10000.00,0.00,0.00000000,BAR
2968,1688352660.0,10000.00,10000.00,0.00,0.00000000,BAR
2969,1688352720.0,10000.00,10000.00,0.00,0.00000000,BAR
2970,1688352780.0,10000.00,10000.00,0.00,0.00000000,BAR
2971,1688352840.0,10000.00,10000.00,0.00,0.00000000,BAR
2972,1688352900.0,10000.00,10000.00,0.00,0.00000000,BAR
2973,1688352960.0,10000.00,10000.00,0.00,0.00000000,BAR
2974,1688353020.0,10000.00,10000.00,0.00,0.00000000,BAR
2975,1688353080.0,10000.00,10000.00,0.00,0.00000000,BAR
2976,1688353140.0,10000.00,10000.00,0.00,0.00000000,BAR
2977,1688353200.0,10000.00,10000.00,0.00,0.00000000,BAR
2978,1688353320.0,10000.00,10000.00,0.00,0.00000000,BAR
2979,1688353380.0,10000.00,10000.00,0.00,0.00000000,BAR
2980,1688353440.0,10000.00,10000.00,0.00,0.00000000,BAR
2981,1688353500.0,10000.00,10000.00,0.00,0.00000000,BAR
2982,1688353560.0,10000.00,10000.00,0.00,0.00000000,BAR
2983,1688353620.0,10000.00,10000.00,0.00,0.00000000,BAR
2984,1688353680.0,10000.00,10000.00,0.00,0.00000000,BAR
2985,1688353740.0,10000.00,10000.00,0.00,0.00000000,BAR
2986,1688353800.0,10000.00,10000.00,0.00,0.00000000,BAR
2987,1688353860.0,10000.00,10000.00,0.00,0.00000000,BAR
2988,1688353920.0,10000.00,10000.00,0.00,0.00000000,BAR
2989,1688353980.0,10000.00,10000.00,0.00,0.00000000,BAR
2990,1688354040.0,10000.00,10000.00,0.00,0.00000000,BAR
2991,1688354100.0,10000.00,10000.00,0.00,0.00000000,BAR
2992,1688354160.0,10000.00,10000.00,0.00,0.00000000,BAR
2993,1688354220.0,10000.00,10000.00,0.00,0.00000000,BAR
2994,1688354280.0,10000.00,10000.00,0.00,0.00000000,BAR
2995,1688354340.0,10000.00,10000.00,0.00,0.00000000,BAR
2996,1688354400.0,10000.00,10000.00,0.00,0.00000000,BAR
2997,1688354460.0,10000.00,10000.00,0.00,0.00000000,BAR
2998,1688354520.0,10000.00,10000.00,0.00,0.00000000,BAR
2999,1688354580.0,10000.00,10000.00,0.00,0.00000000,BAR
3000,1688354640.0,10000.00,10000.00,0.00,0.00000000,BAR
3001,1688354700.0,10000.00,10000.00,0.00,0.00000000,BAR
3002,1688354760.0,10000.00,10000.00,0.00,0.00000000,BAR
3003,1688354820.0,10000.00,10000.00,0.00,0.00000000,BAR
3004,1688354880.0,10000.00,10000.00,0.00,0.00000000,BAR
3005,1688354940.0,10000.00,10000.00,0.00,0.00000000,BAR
3006,1688355000.0,10000.00,10000.00,0.00,0.00000000,BAR
3007,1688355060.0,10000.00,10000.00,0.00,0.00000000,BAR
3008,1688355120.0,10000.00,10000.00,0.00,0.00000000,BAR
3009,1688355180.0,10000.00,10000.00,0.00,0.00000000,BAR
3010,1688355240.0,10000.00,10000.00,0.00,0.00000000,BAR
3011,1688355300.0,10000.00,10000.00,0.00,0.00000000,BAR
3012,1688355360.0,10000.00,10000.00,0.00,0.00000000,BAR
3013,1688355420.0,10000.00,10000.00,0.00,0.00000000,BAR
3014,1688355480.0,10000.00,10000.00,0.00,0.00000000,BAR
3015,1688355540.0,10000.00,10000.00,0.00,0.00000000,BAR
3016,1688355600.0,10000.00,10000.00,0.00,0.00000000,BAR
3017,1688355660.0,10000.00,10000.00,0.00,0.00000000,BAR
3018,1688355720.0,10000.00,10000.00,0.00,0.00000000,BAR
3019,1688355780.0,10000.00,10000.00,0.00,0.00000000,BAR
3020,1688355840.0,10000.00,10000.00,0.00,0.00000000,BAR
3021,1688355900.0,10000.00,10000.00,0.00,0.00000000,BAR
3022,1688355960.0,10000.00,10000.00,0.00,0.00000000,BAR
3023,1688356020.0,10000.00,10000.00,0.00,0.00000000,BAR
3024,1688356080.0,10000.00,10000.00,0.00,0.00000000,BAR
3025,1688356140.0,10000.00,10000.00,0.00,0.00000000,BAR
3026,1688356200.0,10000.00,10000.00,0.00,0.00000000,BAR
3027,1688356260.0,10000.00,10000.00,0.00,0.00000000,BAR
3028,1688356320.0,10000.00,10000.00,0.00,0.00000000,BAR
3029,1688356380.0,10000.00,10000.00,0.00,0.00000000,BAR
3030,1688356440.0,10000.00,10000.00,0.00,0.00000000,BAR
3031,1688356500.0,10000.00,10000.00,0.00,0.00000000,BAR
3032,1688356560.0,10000.00,10000.00,0.00,0.00000000,BAR
3033,1688356620.0,10000.00,10000.00,0.00,0.00000000,BAR
3034,1688356680.0,10000.00,10000.00,0.00,0.00000000,BAR
3035,1688356740.0,10000.00,10000.00,0.00,0.00000000,BAR
3036,1688356800.0,10000.00,10000.00,0.00,0.00000000,BAR
3037,1688356860.0,10000.00,10000.00,0.00,0.00000000,BAR
3038,1688356920.0,10000.00,10000.00,0.00,0.00000000,BAR
3039,1688356980.0,10000.00,10000.00,0.00,0.00000000,BAR
3040,1688357040.0,10000.00,10000.00,0.00,0.00000000,BAR
3041,1688357100.0,10000.00,10000.00,0.00,0.00000000,BAR
3042,1688357160.0,10000.00,10000.00,0.00,0.00000000,BAR
3043,1688357220.0,10000.00,10000.00,0.00,0.00000000,BAR
3044,1688357280.0,10000.00,10000.00,0.00,0.00000000,BAR
3045,1688357340.0,10000.00,10000.00,0.00,0.00000000,BAR
3046,1688357520.0,10000.00,10000.00,0.00,0.00000000,BAR
3047,1688357580.0,10000.00,10000.00,0.00,0.00000000,BAR
3048,1688357640.0,10000.00,10000.00,0.00,0.00000000,BAR
3049,1688357760.0,10000.00,10000.00,0.00,0.00000000,BAR
3050,1688357820.0,10000.00,10000.00,0.00,0.00000000,BAR
3051,1688357880.0,10000.00,10000.00,0.00,0.00000000,BAR
3052,1688357940.0,10000.00,10000.00,0.00,0.00000000,BAR
3053,1688359380.0,10000.00,10000.00,0.00,0.00000000,BAR
3054,1688359440.0,10000.00,10000.00,0.00,0.00000000,BAR
3055,1688359500.0,10000.00,10000.00,0.00,0.00000000,BAR
3056,1688359560.0,10000.00,10000.00,0.00,0.00000000,BAR
3057,1688359620.0,10000.00,10000.00,0.00,0.00000000,BAR
3058,1688359680.0,10000.00,10000.00,0.00,0.00000000,BAR
3059,1688359740.0,10000.00,10000.00,0.00,0.00000000,BAR
3060,1688359800.0,10000.00,10000.00,0.00,0.00000000,BAR
3061,1688359860.0,10000.00,10000.00,0.00,0.00000000,BAR
3062,1688359920.0,10000.00,10000.00,0.00,0.00000000,BAR
3063,1688359980.0,10000.00,10000.00,0.00,0.00000000,BAR
3064,1688360040.0,10000.00,10000.00,0.00,0.00000000,BAR
3065,1688360100.0,10000.00,10000.00,0.00,0.00000000,BAR
3066,1688360160.0,10000.00,10000.00,0.00,0.00000000,BAR
3067,1688360220.0,10000.00,10000.00,0.00,0.00000000,BAR
3068,1688360280.0,10000.00,10000.00,0.00,0.00000000,BAR
3069,1688360340.0,10000.00,10000.00,0.00,0.00000000,BAR
3070,1688360400.0,10000.00,10000.00,0.00,0.00000000,BAR
3071,1688360460.0,10000.00,10000.00,0.00,0.00000000,BAR
3072,1688360520.0,10000.00,10000.00,0.00,0.00000000,BAR
3073,1688360580.0,10000.00,10000.00,0.00,0.00000000,BAR
3074,1688360640.0,10000.00,10000.00,0.00,0.00000000,BAR
3075,1688360700.0,10000.00,10000.00,0.00,0.00000000,BAR
3076,1688360760.0,10000.00,10000.00,0.00,0.00000000,BAR
3077,1688360820.0,10000.00,10000.00,0.00,0.00000000,BAR
3078,1688360880.0,10000.00,10000.00,0.00,0.00000000,BAR
3079,1688360940.0,10000.00,10000.00,0.00,0.00000000,BAR
3080,1688361000.0,10000.00,10000.00,0.00,0.00000000,BAR
3081,1688361060.0,10000.00,10000.00,0.00,0.00000000,BAR
3082,1688361120.0,10000.00,10000.00,0.00,0.00000000,BAR
3083,1688361180.0,10000.00,10000.00,0.00,0.00000000,BAR
3084,1688361240.0,10000.00,10000.00,0.00,0.00000000,BAR
3085,1688361300.0,10000.00,10000.00,0.00,0.00000000,BAR
3086,1688361360.0,10000.00,10000.00,0.00,0.00000000,BAR
3087,1688361420.0,10000.00,10000.00,0.00,0.00000000,BAR
3088,1688361480.0,10000.00,10000.00,0.00,0.00000000,BAR
3089,1688361540.0,10000.00,10000.00,0.00,0.00000000,BAR
3090,1688361600.0,10000.00,10000.00,0.00,0.00000000,BAR
3091,1688361660.0,10000.00,10000.00,0.00,0.00000000,BAR
3092,1688361720.0,10000.00,10000.00,0.00,0.00000000,BAR
3093,1688361780.0,10000.00,10000.00,0.00,0.00000000,BAR
3094,1688361840.0,10000.00,10000.00,0.00,0.00000000,BAR
3095,1688361900.0,10000.00,10000.00,0.00,0.00000000,BAR
3096,1688361960.0,10000.00,10000.00,0.00,0.00000000,BAR
3097,1688362020.0,10000.00,10000.00,0.00,0.00000000,BAR
3098,1688362080.0,10000.00,10000.00,0.00,0.00000000,BAR
3099,1688362140.0,10000.00,10000.00,0.00,0.00000000,BAR
3100,1688362200.0,10000.00,10000.00,0.00,0.00000000,BAR
3101,1688362260.0,10000.00,10000.00,0.00,0.00000000,BAR
3102,1688362320.0,10000.00,10000.00,0.00,0.00000000,BAR
3103,1688362380.0,10000.00,10000.00,0.00,0.00000000,BAR
3104,1688362440.0,10000.00,10000.00,0.00,0.00000000,BAR
3105,1688362500.0,10000.00,10000.00,0.00,0.00000000,BAR
3106,1688362560.0,10000.00,10000.00,0.00,0.00000000,BAR
3107,1688362620.0,10000.00,10000.00,0.00,0.00000000,BAR
3108,1688362680.0,10000.00,10000.00,0.00,0.00000000,BAR
3109,1688362740.0,10000.00,10000.00,0.00,0.00000000,BAR
3110,1688362800.0,10000.00,10000.00,0.00,0.00000000,BAR
3111,1688362860.0,10000.00,10000.00,0.00,0.00000000,BAR
3112,1688362920.0,10000.00,10000.00,0.00,0.00000000,BAR
3113,1688362980.0,10000.00,10000.00,0.00,0.00000000,BAR
3114,1688363040.0,10000.00,10000.00,0.00,0.00000000,BAR
3115,1688363100.0,10000.00,10000.00,0.00,0.00000000,BAR
3116,1688363160.0,10000.00,10000.00,0.00,0.00000000,BAR
3117,1688363220.0,10000.00,10000.00,0.00,0.00000000,BAR
3118,1688363280.0,10000.00,10000.00,0.00,0.00000000,BAR
3119,1688363340.0,10000.00,10000.00,0.00,0.00000000,BAR
3120,1688363400.0,10000.00,10000.00,0.00,0.00000000,BAR
3121,1688363460.0,10000.00,10000.00,0.00,0.00000000,BAR
3122,1688363520.0,10000.00,10000.00,0.00,0.00000000,BAR
3123,1688363580.0,10000.00,10000.00,0.00,0.00000000,BAR
3124,1688363640.0,10000.00,10000.00,0.00,0.00000000,BAR
3125,1688363700.0,10000.00,10000.00,0.00,0.00000000,BAR
3126,1688363760.0,10000.00,10000.00,0.00,0.00000000,BAR
3127,1688363820.0,10000.00,10000.00,0.00,0.00000000,BAR
3128,1688363880.0,10000.00,10000.00,0.00,0.00000000,BAR
3129,1688363940.0,10000.00,10000.00,0.00,0.00000000,BAR
3130,1688364000.0,10000.00,10000.00,0.00,0.00000000,BAR
3131,1688364060.0,10000.00,10000.00,0.00,0.00000000,BAR
3132,1688364120.0,10000.00,10000.00,0.00,0.00000000,BAR
3133,1688364180.0,10000.00,10000.00,0.00,0.00000000,BAR
3134,1688364240.0,10000.00,10000.00,0.00,0.00000000,BAR
3135,1688364300.0,10000.00,10000.00,0.00,0.00000000,BAR
3136,1688364360.0,10000.00,10000.00,0.00,0.00000000,BAR
3137,1688364420.0,10000.00,10000.00,0.00,0.00000000,BAR
3138,1688364480.0,10000.00,10000.00,0.00,0.00000000,BAR
3139,1688364540.0,10000.00,10000.00,0.00,0.00000000,BAR
3140,1688364600.0,10000.00,10000.00,0.00,0.00000000,BAR
3141,1688364660.0,10000.00,10000.00,0.00,0.00000000,BAR
3142,1688364720.0,10000.00,10000.00,0.00,0.00000000,BAR
3143,1688364780.0,10000.00,10000.00,0.00,0.00000000,BAR
3144,1688364840.0,10000.00,10000.00,0.00,0.00000000,BAR
3145,1688366340.0,10000.00,10000.00,0.00,0.00000000,BAR
3146,1688366400.0,10000.00,10000.00,0.00,0.00000000,BAR
3147,1688366460.0,10000.00,10000.00,0.00,0.00000000,BAR
3148,1688366520.0,10000.00,10000.00,0.00,0.00000000,BAR
3149,1688366580.0,10000.00,10000.00,0.00,0.00000000,BAR
3150,1688366640.0,10000.00,10000.00,0.00,0.00000000,BAR
3151,1688366700.0,10000.00,10000.00,0.00,0.00000000,BAR
3152,1688366760.0,10000.00,10000.00,0.00,0.00000000,BAR
3153,1688366820.0,10000.00,10000.00,0.00,0.00000000,BAR
3154,1688366880.0,10000.00,10000.00,0.00,0.00000000,BAR
3155,1688366940.0,10000.00,10000.00,0.00,0.00000000,BAR
3156,1688367000.0,10000.00,10000.00,0.00,0.00000000,BAR
3157,1688367060.0,10000.00,10000.00,0.00,0.00000000,BAR
3158,1688367120.0,10000.00,10000.00,0.00,0.00000000,BAR
3159,1688367180.0,10000.00,10000.00,0.00,0.00000000,BAR
3160,1688367240.0,10000.00,10000.00,0.00,0.00000000,BAR
3161,1688367300.0,10000.00,10000.00,0.00,0.00000000,BAR
3162,1688367360.0,10000.00,10000.00,0.00,0.00000000,BAR
3163,1688367420.0,10000.00,10000.00,0.00,0.00000000,BAR
3164,1688367480.0,10000.00,10000.00,0.00,0.00000000,BAR
3165,1688367540.0,10000.00,10000.00,0.00,0.00000000,BAR
3166,1688367600.0,10000.00,10000.00,0.00,0.00000000,BAR
3167,1688367660.0,10000.00,10000.00,0.00,0.00000000,BAR
3168,1688367720.0,10000.00,10000.00,0.00,0.00000000,BAR
3169,1688367780.0,10000.00,10000.00,0.00,0.00000000,BAR
3170,1688367840.0,10000.00,10000.00,0.00,0.00000000,BAR
3171,1688367900.0,10000.00,10000.00,0.00,0.00000000,BAR
3172,1688367960.0,10000.00,10000.00,0.00,0.00000000,BAR
3173,1688368020.0,10000.00,10000.00,0.00,0.00000000,BAR
3174,1688368080.0,10000.00,10000.00,0.00,0.00000000,BAR
3175,1688368140.0,10000.00,10000.00,0.00,0.00000000,BAR
3176,1688368200.0,10000.00,10000.00,0.00,0.00000000,BAR
3177,1688368260.0,10000.00,10000.00,0.00,0.00000000,BAR
3178,1688368320.0,10000.00,10000.00,0.00,0.00000000,BAR
3179,1688368380.0,10000.00,10000.00,0.00,0.00000000,BAR
3180,1688368440.0,10000.00,10000.00,0.00,0.00000000,BAR
3181,1688368500.0,10000.00,10000.00,0.00,0.00000000,BAR
3182,1688368560.0,10000.00,10000.00,0.00,0.00000000,BAR
3183,1688368620.0,10000.00,10000.00,0.00,0.00000000,BAR
3184,1688368680.0,10000.00,10000.00,0.00,0.00000000,BAR
3185,1688368740.0,10000.00,10000.00,0.00,0.00000000,BAR
3186,1688368800.0,10000.00,10000.00,0.00,0.00000000,BAR
3187,1688368860.0,10000.00,10000.00,0.00,0.00000000,BAR
3188,1688368920.0,10000.00,10000.00,0.00,0.00000000,BAR
3189,1688368980.0,10000.00,10000.00,0.00,0.00000000,BAR
3190,1688369040.0,10000.00,10000.00,0.00,0.00000000,BAR
3191,1688369100.0,10000.00,10000.00,0.00,0.00000000,BAR
3192,1688369160.0,10000.00,10000.00,0.00,0.00000000,BAR
3193,1688369220.0,10000.00,10000.00,0.00,0.00000000,BAR
3194,1688369280.0,10000.00,10000.00,0.00,0.00000000,BAR
3195,1688369400.0,10000.00,10000.00,0.00,0.00000000,BAR
3196,1688369460.0,10000.00,10000.00,0.00,0.00000000,BAR
3197,1688369520.0,10000.00,10000.00,0.00,0.00000000,BAR
3198,1688369580.0,10000.00,10000.00,0.00,0.00000000,BAR
3199,1688369640.0,10000.00,10000.00,0.00,0.00000000,BAR
3200,1688369700.0,10000.00,10000.00,0.00,0.00000000,BAR
3201,1688369760.0,10000.00,10000.00,0.00,0.00000000,BAR
3202,1688369820.0,10000.00,10000.00,0.00,0.00000000,BAR
3203,1688369940.0,10000.00,10000.00,0.00,0.00000000,BAR
3204,1688370120.0,10000.00,10000.00,0.00,0.00000000,BAR
3205,1688370180.0,10000.00,10000.00,0.00,0.00000000,BAR
3206,1688370240.0,10000.00,10000.00,0.00,0.00000000,BAR
3207,1688370300.0,10000.00,10000.00,0.00,0.00000000,BAR
3208,1688370360.0,10000.00,10000.00,0.00,0.00000000,BAR
3209,1688370420.0,10000.00,10000.00,0.00,0.00000000,BAR
3210,1688370480.0,10000.00,10000.00,0.00,0.00000000,BAR
3211,1688370540.0,10000.00,10000.00,0.00,0.00000000,BAR
3212,1688370600.0,10000.00,10000.00,0.00,0.00000000,BAR
3213,1688370660.0,10000.00,10000.00,0.00,0.00000000,BAR
3214,1688370720.0,10000.00,10000.00,0.00,0.00000000,BAR
3215,1688370780.0,10000.00,10000.00,0.00,0.00000000,BAR
3216,1688370840.0,10000.00,10000.00,0.00,0.00000000,BAR
3217,1688370900.0,10000.00,10000.00,0.00,0.00000000,BAR
3218,1688370960.0,10000.00,10000.00,0.00,0.00000000,BAR
3219,1688371020.0,10000.00,10000.00,0.00,0.00000000,BAR
3220,1688371080.0,10000.00,10000.00,0.00,0.00000000,BAR
3221,1688371140.0,10000.00,10000.00,0.00,0.00000000,BAR
3222,1688371200.0,10000.00,10000.00,0.00,0.00000000,BAR
3223,1688371260.0,10000.00,10000.00,0.00,0.00000000,BAR
3224,1688371320.0,10000.00,10000.00,0.00,0.00000000,BAR
3225,1688371380.0,10000.00,10000.00,0.00,0.00000000,BAR
3226,1688371440.0,10000.00,10000.00,0.00,0.00000000,BAR
3227,1688371500.0,10000.00,10000.00,0.00,0.00000000,BAR
3228,1688371560.0,10000.00,10000.00,0.00,0.00000000,BAR
3229,1688371620.0,10000.00,10000.00,0.00,0.00000000,BAR
3230,1688371680.0,10000.00,10000.00,0.00,0.00000000,BAR
3231,1688371740.0,10000.00,10000.00,0.00,0.00000000,BAR
3232,1688371800.0,10000.00,10000.00,0.00,0.00000000,BAR
3233,1688371860.0,10000.00,10000.00,0.00,0.00000000,BAR
3234,1688371920.0,10000.00,10000.00,0.00,0.00000000,BAR
3235,1688371980.0,10000.00,10000.00,0.00,0.00000000,BAR
3236,1688372040.0,10000.00,10000.00,0.00,0.00000000,BAR
3237,1688372100.0,10000.00,10000.00,0.00,0.00000000,BAR
3238,1688372160.0,10000.00,10000.00,0.00,0.00000000,BAR
3239,1688372220.0,10000.00,10000.00,0.00,0.00000000,BAR
3240,1688372280.0,10000.00,10000.00,0.00,0.00000000,BAR
3241,1688372340.0,10000.00,10000.00,0.00,0.00000000,BAR
3242,1688372400.0,10000.00,10000.00,0.00,0.00000000,BAR
3243,1688372460.0,10000.00,10000.00,0.00,0.00000000,BAR
3244,1688372520.0,10000.00,10000.00,0.00,0.00000000,BAR
3245,1688372640.0,10000.00,10000.00,0.00,0.00000000,BAR
3246,1688372700.0,10000.00,10000.00,0.00,0.00000000,BAR
3247,1688372760.0,10000.00,10000.00,0.00,0.00000000,BAR
3248,1688372820.0,10000.00,10000.00,0.00,0.00000000,BAR
3249,1688372880.0,10000.00,10000.00,0.00,0.00000000,BAR
3250,1688372940.0,10000.00,10000.00,0.00,0.00000000,BAR
3251,1688373000.0,10000.00,10000.00,0.00,0.00000000,BAR
3252,1688373060.0,10000.00,10000.00,0.00,0.00000000,BAR
3253,1688373120.0,10000.00,10000.00,0.00,0.00000000,BAR
3254,1688373180.0,10000.00,10000.00,0.00,0.00000000,BAR
3255,1688373240.0,10000.00,10000.00,0.00,0.00000000,BAR
3256,1688373300.0,10000.00,10000.00,0.00,0.00000000,BAR
3257,1688373360.0,10000.00,10000.00,0.00,0.00000000,BAR
3258,1688373420.0,10000.00,10000.00,0.00,0.00000000,BAR
3259,1688373480.0,10000.00,10000.00,0.00,0.00000000,BAR
3260,1688373540.0,10000.00,10000.00,0.00,0.00000000,BAR
3261,1688373600.0,10000.00,10000.00,0.00,0.00000000,BAR
3262,1688373660.0,10000.00,10000.00,0.00,0.00000000,BAR
3263,1688373720.0,10000.00,10000.00,0.00,0.00000000,BAR
3264,1688373780.0,10000.00,10000.00,0.00,0.00000000,BAR
3265,1688373840.0,10000.00,10000.00,0.00,0.00000000,BAR
3266,1688373900.0,10000.00,10000.00,0.00,0.00000000,BAR
3267,1688373960.0,10000.00,10000.00,0.00,0.00000000,BAR
3268,1688374020.0,10000.00,10000.00,0.00,0.00000000,BAR
3269,1688374080.0,10000.00,10000.00,0.00,0.00000000,BAR
3270,1688374140.0,10000.00,10000.00,0.00,0.00000000,BAR
3271,1688374200.0,10000.00,10000.00,0.00,0.00000000,BAR
3272,1688374260.0,10000.00,10000.00,0.00,0.00000000,BAR
3273,1688374320.0,10000.00,10000.00,0.00,0.00000000,BAR
3274,1688374380.0,10000.00,10000.00,0.00,0.00000000,BAR
3275,1688374440.0,10000.00,10000.00,0.00,0.00000000,BAR
3276,1688374500.0,10000.00,10000.00,0.00,0.00000000,BAR
3277,1688374560.0,10000.00,10000.00,0.00,0.00000000,BAR
3278,1688374620.0,10000.00,10000.00,0.00,0.00000000,BAR
3279,1688374680.0,10000.00,10000.00,0.00,0.00000000,BAR
3280,1688374740.0,10000.00,10000.00,0.00,0.00000000,BAR
3281,1688374800.0,10000.00,10000.00,0.00,0.00000000,BAR
3282,1688374860.0,10000.00,10000.00,0.00,0.00000000,BAR
3283,1688374920.0,10000.00,10000.00,0.00,0.00000000,BAR
3284,1688374980.0,10000.00,10000.00,0.00,0.00000000,BAR
3285,1688375040.0,10000.00,10000.00,0.00,0.00000000,BAR
3286,1688375100.0,10000.00,10000.00,0.00,0.00000000,BAR
3287,1688375160.0,10000.00,10000.00,0.00,0.00000000,BAR
3288,1688375220.0,10000.00,10000.00,0.00,0.00000000,BAR
3289,1688375280.0,10000.00,10000.00,0.00,0.00000000,BAR
3290,1688375340.0,10000.00,10000.00,0.00,0.00000000,BAR
3291,1688375400.0,10000.00,10000.00,0.00,0.00000000,BAR
3292,1688375460.0,10000.00,10000.00,0.00,0.00000000,BAR
3293,1688375520.0,10000.00,10000.00,0.00,0.00000000,BAR
3294,1688375580.0,10000.00,10000.00,0.00,0.00000000,BAR
3295,1688375640.0,10000.00,10000.00,0.00,0.00000000,BAR
3296,1688375700.0,10000.00,10000.00,0.00,0.00000000,BAR
3297,1688375760.0,10000.00,10000.00,0.00,0.00000000,BAR
3298,1688375820.0,10000.00,10000.00,0.00,0.00000000,BAR
3299,1688375880.0,10000.00,10000.00,0.00,0.00000000,BAR
3300,1688375940.0,10000.00,10000.00,0.00,0.00000000,BAR
3301,1688376000.0,10000.00,10000.00,0.00,0.00000000,BAR
3302,1688376060.0,10000.00,10000.00,0.00,0.00000000,BAR
3303,1688376120.0,10000.00,10000.00,0.00,0.00000000,BAR
3304,1688376180.0,10000.00,10000.00,0.00,0.00000000,BAR
3305,1688376240.0,10000.00,10000.00,0.00,0.00000000,BAR
3306,1688376300.0,10000.00,10000.00,0.00,0.00000000,BAR
3307,1688376360.0,10000.00,10000.00,0.00,0.00000000,BAR
3308,1688376420.0,10000.00,10000.00,0.00,0.00000000,BAR
3309,1688376480.0,10000.00,10000.00,0.00,0.00000000,BAR
3310,1688376540.0,10000.00,10000.00,0.00,0.00000000,BAR
3311,1688376600.0,10000.00,10000.00,0.00,0.00000000,BAR
3312,1688376660.0,10000.00,10000.00,0.00,0.00000000,BAR
3313,1688376720.0,10000.00,10000.00,0.00,0.00000000,BAR
3314,1688376780.0,10000.00,10000.00,0.00,0.00000000,BAR
3315,1688376840.0,10000.00,10000.00,0.00,0.00000000,BAR
3316,1688376900.0,10000.00,10000.00,0.00,0.00000000,BAR
3317,1688376960.0,10000.00,10000.00,0.00,0.00000000,BAR
3318,1688377020.0,10000.00,10000.00,0.00,0.00000000,BAR
3319,1688377080.0,10000.00,10000.00,0.00,0.00000000,BAR
3320,1688377140.0,10000.00,10000.00,0.00,0.00000000,BAR
3321,1688377200.0,10000.00,10000.00,0.00,0.00000000,BAR
3322,1688377260.0,10000.00,10000.00,0.00,0.00000000,BAR
3323,1688377320.0,10000.00,10000.00,0.00,0.00000000,BAR
3324,1688377380.0,10000.00,10000.00,0.00,0.00000000,BAR
3325,1688377440.0,10000.00,10000.00,0.00,0.00000000,BAR
3326,1688377500.0,10000.00,10000.00,0.00,0.00000000,BAR
3327,1688377560.0,10000.00,10000.00,0.00,0.00000000,BAR
3328,1688377620.0,10000.00,10000.00,0.00,0.00000000,BAR
3329,1688377680.0,10000.00,10000.00,0.00,0.00000000,BAR
3330,1688377740.0,10000.00,10000.00,0.00,0.00000000,BAR
3331,1688377800.0,10000.00,10000.00,0.00,0.00000000,BAR
3332,1688377860.0,10000.00,10000.00,0.00,0.00000000,BAR
3333,1688377920.0,10000.00,10000.00,0.00,0.00000000,BAR
3334,1688377980.0,10000.00,10000.00,0.00,0.00000000,BAR
3335,1688378040.0,10000.00,10000.00,0.00,0.00000000,BAR
3336,1688378100.0,10000.00,10000.00,0.00,0.00000000,BAR
3337,1688378160.0,10000.00,10000.00,0.00,0.00000000,BAR
3338,1688378220.0,10000.00,10000.00,0.00,0.00000000,BAR
3339,1688378280.0,10000.00,10000.00,0.00,0.00000000,BAR
3340,1688378340.0,10000.00,10000.00,0.00,0.00000000,BAR
3341,1688378400.0,10000.00,10000.00,0.00,0.00000000,BAR
3342,1688378460.0,10000.00,10000.00,0.00,0.00000000,BAR
3343,1688378520.0,10000.00,10000.00,0.00,0.00000000,BAR
3344,1688378580.0,10000.00,10000.00,0.00,0.00000000,BAR
3345,1688378640.0,10000.00,10000.00,0.00,0.00000000,BAR
3346,1688378700.0,10000.00,10000.00,0.00,0.00000000,BAR
3347,1688378760.0,10000.00,10000.00,0.00,0.00000000,BAR
3348,1688378820.0,10000.00,10000.00,0.00,0.00000000,BAR
3349,1688378880.0,10000.00,10000.00,0.00,0.00000000,BAR
3350,1688378940.0,10000.00,10000.00,0.00,0.00000000,BAR
3351,1688379000.0,10000.00,10000.00,0.00,0.00000000,BAR
3352,1688379060.0,10000.00,10000.00,0.00,0.00000000,BAR
3353,1688379120.0,10000.00,10000.00,0.00,0.00000000,BAR
3354,1688379180.0,10000.00,10000.00,0.00,0.00000000,BAR
3355,1688379240.0,10000.00,10000.00,0.00,0.00000000,BAR
3356,1688379300.0,10000.00,10000.00,0.00,0.00000000,BAR
3357,1688379360.0,10000.00,10000.00,0.00,0.00000000,BAR
3358,1688379420.0,10000.00,10000.00,0.00,0.00000000,BAR
3359,1688379480.0,10000.00,10000.00,0.00,0.00000000,BAR
3360,1688379540.0,10000.00,10000.00,0.00,0.00000000,BAR
3361,1688379600.0,10000.00,10000.00,0.00,0.00000000,BAR
3362,1688379660.0,10000.00,10000.00,0.00,0.00000000,BAR
3363,1688379720.0,10000.00,10000.00,0.00,0.00000000,BAR
3364,1688379780.0,10000.00,10000.00,0.00,0.00000000,BAR
3365,1688379840.0,10000.00,10000.00,0.00,0.00000000,BAR
3366,1688379900.0,10000.00,10000.00,0.00,0.00000000,BAR
3367,1688379960.0,10000.00,10000.00,0.00,0.00000000,BAR
3368,1688380020.0,10000.00,10000.00,0.00,0.00000000,BAR
3369,1688380080.0,10000.00,10000.00,0.00,0.00000000,BAR
3370,1688380140.0,10000.00,10000.00,0.00,0.00000000,BAR
3371,1688380200.0,10000.00,10000.00,0.00,0.00000000,BAR
3372,1688380260.0,10000.00,10000.00,0.00,0.00000000,BAR
3373,1688380320.0,10000.00,10000.00,0.00,0.00000000,BAR
3374,1688380380.0,10000.00,10000.00,0.00,0.00000000,BAR
3375,1688380440.0,10000.00,10000.00,0.00,0.00000000,BAR
3376,1688380500.0,10000.00,10000.00,0.00,0.00000000,BAR
3377,1688380560.0,10000.00,10000.00,0.00,0.00000000,BAR
3378,1688380620.0,10000.00,10000.00,0.00,0.00000000,BAR
3379,1688380680.0,10000.00,10000.00,0.00,0.00000000,BAR
3380,1688380740.0,10000.00,10000.00,0.00,0.00000000,BAR
3381,1688380800.0,10000.00,10000.00,0.00,0.00000000,BAR
3382,1688380860.0,10000.00,10000.00,0.00,0.00000000,BAR
3383,1688380920.0,10000.00,10000.00,0.00,0.00000000,BAR
3384,1688380980.0,10000.00,10000.00,0.00,0.00000000,BAR
3385,1688381040.0,10000.00,10000.00,0.00,0.00000000,BAR
3386,1688381100.0,10000.00,10000.00,0.00,0.00000000,BAR
3387,1688381160.0,10000.00,10000.00,0.00,0.00000000,BAR
3388,1688381220.0,10000.00,10000.00,0.00,0.00000000,BAR
3389,1688381280.0,10000.00,10000.00,0.00,0.00000000,BAR
3390,1688381340.0,10000.00,10000.00,0.00,0.00000000,BAR
3391,1688381400.0,10000.00,10000.00,0.00,0.00000000,BAR
3392,1688381460.0,10000.00,10000.00,0.00,0.00000000,BAR
3393,1688381520.0,10000.00,10000.00,0.00,0.00000000,BAR
3394,1688381580.0,10000.00,10000.00,0.00,0.00000000,BAR
3395,1688381640.0,10000.00,10000.00,0.00,0.00000000,BAR
3396,1688381700.0,10000.00,10000.00,0.00,0.00000000,BAR
3397,1688381880.0,10000.00,10000.00,0.00,0.00000000,BAR
3398,1688381940.0,10000.00,10000.00,0.00,0.00000000,BAR
3399,1688382000.0,10000.00,10000.00,0.00,0.00000000,BAR
3400,1688382060.0,10000.00,10000.00,0.00,0.00000000,BAR
3401,1688382120.0,10000.00,10000.00,0.00,0.00000000,BAR
3402,1688382180.0,10000.00,10000.00,0.00,0.00000000,BAR
3403,1688382240.0,10000.00,10000.00,0.00,0.00000000,BAR
3404,1688382300.0,10000.00,10000.00,0.00,0.00000000,BAR
3405,1688382360.0,10000.00,10000.00,0.00,0.00000000,BAR
3406,1688382420.0,10000.00,10000.00,0.00,0.00000000,BAR
3407,1688382480.0,10000.00,10000.00,0.00,0.00000000,BAR
3408,1688382540.0,10000.00,10000.00,0.00,0.00000000,BAR
3409,1688382600.0,10000.00,10000.00,0.00,0.00000000,BAR
3410,1688382660.0,10000.00,10000.00,0.00,0.00000000,BAR
3411,1688382720.0,10000.00,10000.00,0.00,0.00000000,BAR
3412,1688382780.0,10000.00,10000.00,0.00,0.00000000,BAR
3413,1688382840.0,10000.00,10000.00,0.00,0.00000000,BAR
3414,1688382900.0,10000.00,10000.00,0.00,0.00000000,BAR
3415,1688382960.0,10000.00,10000.00,0.00,0.00000000,BAR
3416,1688383020.0,10000.00,10000.00,0.00,0.00000000,BAR
3417,1688383080.0,10000.00,10000.00,0.00,0.00000000,BAR
3418,1688383140.0,10000.00,10000.00,0.00,0.00000000,BAR
3419,1688383200.0,10000.00,10000.00,0.00,0.00000000,BAR
3420,1688383260.0,10000.00,10000.00,0.00,0.00000000,BAR
3421,1688383320.0,10000.00,10000.00,0.00,0.00000000,BAR
3422,1688383380.0,10000.00,10000.00,0.00,0.00000000,BAR
3423,1688383440.0,10000.00,10000.00,0.00,0.00000000,BAR
3424,1688383500.0,10000.00,10000.00,0.00,0.00000000,BAR
3425,1688383560.0,10000.00,10000.00,0.00,0.00000000,BAR
3426,1688383620.0,10000.00,10000.00,0.00,0.00000000,BAR
3427,1688383680.0,10000.00,10000.00,0.00,0.00000000,BAR
3428,1688383740.0,10000.00,10000.00,0.00,0.00000000,BAR
3429,1688383800.0,10000.00,10000.00,0.00,0.00000000,BAR
3430,1688383860.0,10000.00,10000.00,0.00,0.00000000,BAR
3431,1688383920.0,10000.00,10000.00,0.00,0.00000000,BAR
3432,1688383980.0,10000.00,10000.00,0.00,0.00000000,BAR
3433,1688384040.0,10000.00,10000.00,0.00,0.00000000,BAR
3434,1688384100.0,10000.00,10000.00,0.00,0.00000000,BAR
3435,1688384160.0,10000.00,10000.00,0.00,0.00000000,BAR
3436,1688384220.0,10000.00,10000.00,0.00,0.00000000,BAR
3437,1688384280.0,10000.00,10000.00,0.00,0.00000000,BAR
3438,1688384340.0,10000.00,10000.00,0.00,0.00000000,BAR
3439,1688384400.0,10000.00,10000.00,0.00,0.00000000,BAR
3440,1688384460.0,10000.00,10000.00,0.00,0.00000000,BAR
3441,1688384520.0,10000.00,10000.00,0.00,0.00000000,BAR
3442,1688384580.0,10000.00,10000.00,0.00,0.00000000,BAR
3443,1688384640.0,10000.00,10000.00,0.00,0.00000000,BAR
3444,1688384700.0,10000.00,10000.00,0.00,0.00000000,BAR
3445,1688384760.0,10000.00,10000.00,0.00,0.00000000,BAR
3446,1688384820.0,10000.00,10000.00,0.00,0.00000000,BAR
3447,1688384880.0,10000.00,10000.00,0.00,0.00000000,BAR
3448,1688384940.0,10000.00,10000.00,0.00,0.00000000,BAR
3449,1688385000.0,10000.00,10000.00,0.00,0.00000000,BAR
3450,1688385060.0,10000.00,10000.00,0.00,0.00000000,BAR
3451,1688385120.0,10000.00,10000.00,0.00,0.00000000,BAR
3452,1688385180.0,10000.00,10000.00,0.00,0.00000000,BAR
3453,1688385240.0,10000.00,10000.00,0.00,0.00000000,BAR
3454,1688385300.0,10000.00,10000.00,0.00,0.00000000,BAR
3455,1688385360.0,10000.00,10000.00,0.00,0.00000000,BAR
3456,1688385420.0,10000.00,10000.00,0.00,0.00000000,BAR
3457,1688385480.0,10000.00,10000.00,0.00,0.00000000,BAR
3458,1688385540.0,10000.00,10000.00,0.00,0.00000000,BAR
3459,1688385600.0,10000.00,10000.00,0.00,0.00000000,BAR
3460,1688385660.0,10000.00,10000.00,0.00,0.00000000,BAR
3461,1688385720.0,10000.00,10000.00,0.00,0.00000000,BAR
3462,1688385780.0,10000.00,10000.00,0.00,0.00000000,BAR
3463,1688385840.0,10000.00,10000.00,0.00,0.00000000,BAR
3464,1688385900.0,10000.00,10000.00,0.00,0.00000000,BAR
3465,1688385960.0,10000.00,10000.00,0.00,0.00000000,BAR
3466,1688386020.0,10000.00,10000.00,0.00,0.00000000,BAR
3467,1688386080.0,10000.00,10000.00,0.00,0.00000000,BAR
3468,1688386200.0,10000.00,10000.00,0.00,0.00000000,BAR
3469,1688386260.0,10000.00,10000.00,0.00,0.00000000,BAR
3470,1688386380.0,10000.00,10000.00,0.00,0.00000000,BAR
3471,1688386440.0,10000.00,10000.00,0.00,0.00000000,BAR
3472,1688386500.0,10000.00,10000.00,0.00,0.00000000,BAR
3473,1688386560.0,10000.00,10000.00,0.00,0.00000000,BAR
3474,1688386620.0,10000.00,10000.00,0.00,0.00000000,BAR
3475,1688386680.0,10000.00,10000.00,0.00,0.00000000,BAR
3476,1688386740.0,10000.00,10000.00,0.00,0.00000000,BAR
3477,1688386800.0,10000.00,10000.00,0.00,0.00000000,BAR
3478,1688386860.0,10000.00,10000.00,0.00,0.00000000,BAR
3479,1688386920.0,10000.00,10000.00,0.00,0.00000000,BAR
3480,1688386980.0,10000.00,10000.00,0.00,0.00000000,BAR
3481,1688387040.0,10000.00,10000.00,0.00,0.00000000,BAR
3482,1688387100.0,10000.00,10000.00,0.00,0.00000000,BAR
3483,1688387160.0,10000.00,10000.00,0.00,0.00000000,BAR
3484,1688387220.0,10000.00,10000.00,0.00,0.00000000,BAR
3485,1688387280.0,10000.00,10000.00,0.00,0.00000000,BAR
3486,1688387340.0,10000.00,10000.00,0.00,0.00000000,BAR
3487,1688387400.0,10000.00,10000.00,0.00,0.00000000,BAR
3488,1688387460.0,10000.00,10000.00,0.00,0.00000000,BAR
3489,1688387520.0,10000.00,10000.00,0.00,0.00000000,BAR
3490,1688387580.0,10000.00,10000.00,0.00,0.00000000,BAR
3491,1688387640.0,10000.00,10000.00,0.00,0.00000000,BAR
3492,1688387700.0,10000.00,10000.00,0.00,0.00000000,BAR
3493,1688387760.0,10000.00,10000.00,0.00,0.00000000,BAR
3494,1688387820.0,10000.00,10000.00,0.00,0.00000000,BAR
3495,1688387880.0,10000.00,10000.00,0.00,0.00000000,BAR
3496,1688387940.0,10000.00,10000.00,0.00,0.00000000,BAR
3497,1688388000.0,10000.00,10000.00,0.00,0.00000000,BAR
3498,1688388060.0,10000.00,10000.00,0.00,0.00000000,BAR
3499,1688388120.0,10000.00,10000.00,0.00,0.00000000,BAR
3500,1688388180.0,10000.00,10000.00,0.00,0.00000000,BAR
3501,1688388240.0,10000.00,10000.00,0.00,0.00000000,BAR
3502,1688388300.0,10000.00,10000.00,0.00,0.00000000,BAR
3503,1688388360.0,10000.00,10000.00,0.00,0.00000000,BAR
3504,1688388420.0,10000.00,10000.00,0.00,0.00000000,BAR
3505,1688388480.0,10000.00,10000.00,0.00,0.00000000,BAR
3506,1688388540.0,10000.00,10000.00,0.00,0.00000000,BAR
3507,1688388600.0,10000.00,10000.00,0.00,0.00000000,BAR
3508,1688388660.0,10000.00,10000.00,0.00,0.00000000,BAR
3509,1688388720.0,10000.00,10000.00,0.00,0.00000000,BAR
3510,1688388780.0,10000.00,10000.00,0.00,0.00000000,BAR
3511,1688388840.0,10000.00,10000.00,0.00,0.00000000,BAR
3512,1688388900.0,10000.00,10000.00,0.00,0.00000000,BAR
3513,1688388960.0,10000.00,10000.00,0.00,0.00000000,BAR
3514,1688389020.0,10000.00,10000.00,0.00,0.00000000,BAR
3515,1688389080.0,10000.00,10000.00,0.00,0.00000000,BAR
3516,1688389140.0,10000.00,10000.00,0.00,0.00000000,BAR
3517,1688389200.0,10000.00,10000.00,0.00,0.00000000,BAR
3518,1688389260.0,10000.00,10000.00,0.00,0.00000000,BAR
3519,1688389320.0,10000.00,10000.00,0.00,0.00000000,BAR
3520,1688389380.0,10000.00,10000.00,0.00,0.00000000,BAR
3521,1688389440.0,10000.00,10000.00,0.00,0.00000000,BAR
3522,1688389500.0,10000.00,10000.00,0.00,0.00000000,BAR
3523,1688389560.0,10000.00,10000.00,0.00,0.00000000,BAR
3524,1688389620.0,10000.00,10000.00,0.00,0.00000000,BAR
3525,1688389680.0,10000.00,10000.00,0.00,0.00000000,BAR
3526,1688389740.0,10000.00,10000.00,0.00,0.00000000,BAR
3527,1688389800.0,10000.00,10000.00,0.00,0.00000000,BAR
3528,1688389860.0,10000.00,10000.00,0.00,0.00000000,BAR
3529,1688389920.0,10000.00,10000.00,0.00,0.00000000,BAR
3530,1688389980.0,10000.00,10000.00,0.00,0.00000000,BAR
3531,1688390040.0,10000.00,10000.00,0.00,0.00000000,BAR
3532,1688390100.0,10000.00,10000.00,0.00,0.00000000,BAR
3533,1688390160.0,10000.00,10000.00,0.00,0.00000000,BAR
3534,1688390220.0,10000.00,10000.00,0.00,0.00000000,BAR
3535,1688390280.0,10000.00,10000.00,0.00,0.00000000,BAR
3536,1688390340.0,10000.00,10000.00,0.00,0.00000000,BAR
3537,1688390400.0,10000.00,10000.00,0.00,0.00000000,BAR
3538,1688390460.0,10000.00,10000.00,0.00,0.00000000,BAR
3539,1688390520.0,10000.00,10000.00,0.00,0.00000000,BAR
3540,1688390580.0,10000.00,10000.00,0.00,0.00000000,BAR
3541,1688390640.0,10000.00,10000.00,0.00,0.00000000,BAR
3542,1688390700.0,10000.00,10000.00,0.00,0.00000000,BAR
3543,1688390760.0,10000.00,10000.00,0.00,0.00000000,BAR
3544,1688390820.0,10000.00,10000.00,0.00,0.00000000,BAR
3545,1688390880.0,10000.00,10000.00,0.00,0.00000000,BAR
3546,1688390940.0,10000.00,10000.00,0.00,0.00000000,BAR
3547,1688391000.0,10000.00,10000.00,0.00,0.00000000,BAR
3548,1688391060.0,10000.00,10000.00,0.00,0.00000000,BAR
3549,1688391120.0,10000.00,10000.00,0.00,0.00000000,BAR
3550,1688391180.0,10000.00,10000.00,0.00,0.00000000,BAR
3551,1688391240.0,10000.00,10000.00,0.00,0.00000000,BAR
3552,1688391300.0,10000.00,10000.00,0.00,0.00000000,BAR
3553,1688391360.0,10000.00,10000.00,0.00,0.00000000,BAR
3554,1688391420.0,10000.00,10000.00,0.00,0.00000000,BAR
3555,1688391480.0,10000.00,10000.00,0.00,0.00000000,BAR
3556,1688391540.0,10000.00,10000.00,0.00,0.00000000,BAR
3557,1688391600.0,10000.00,10000.00,0.00,0.00000000,BAR
3558,1688391660.0,10000.00,10000.00,0.00,0.00000000,BAR
3559,1688391720.0,10000.00,10000.00,0.00,0.00000000,BAR
3560,1688391780.0,10000.00,10000.00,0.00,0.00000000,BAR
3561,1688391840.0,10000.00,10000.00,0.00,0.00000000,BAR
3562,1688391900.0,10000.00,10000.00,0.00,0.00000000,BAR
3563,1688391960.0,10000.00,10000.00,0.00,0.00000000,BAR
3564,1688392020.0,10000.00,10000.00,0.00,0.00000000,BAR
3565,1688392080.0,10000.00,10000.00,0.00,0.00000000,BAR
3566,1688392140.0,10000.00,10000.00,0.00,0.00000000,BAR
3567,1688392200.0,10000.00,10000.00,0.00,0.00000000,BAR
3568,1688392260.0,10000.00,10000.00,0.00,0.00000000,BAR
3569,1688392320.0,10000.00,10000.00,0.00,0.00000000,BAR
3570,1688392380.0,10000.00,10000.00,0.00,0.00000000,BAR
3571,1688392440.0,10000.00,10000.00,0.00,0.00000000,BAR
3572,1688392500.0,10000.00,10000.00,0.00,0.00000000,BAR
3573,1688392560.0,10000.00,10000.00,0.00,0.00000000,BAR
3574,1688392620.0,10000.00,10000.00,0.00,0.00000000,BAR
3575,1688392680.0,10000.00,10000.00,0.00,0.00000000,BAR
3576,1688392740.0,10000.00,10000.00,0.00,0.00000000,BAR
3577,1688392800.0,10000.00,10000.00,0.00,0.00000000,BAR
3578,1688392860.0,10000.00,10000.00,0.00,0.00000000,BAR
3579,1688392920.0,10000.00,10000.00,0.00,0.00000000,BAR
3580,1688392980.0,10000.00,10000.00,0.00,0.00000000,BAR
3581,1688393040.0,10000.00,10000.00,0.00,0.00000000,BAR
3582,1688393100.0,10000.00,10000.00,0.00,0.00000000,BAR
3583,1688393160.0,10000.00,10000.00,0.00,0.00000000,BAR
3584,1688393220.0,10000.00,10000.00,0.00,0.00000000,BAR
3585,1688393280.0,10000.00,10000.00,0.00,0.00000000,BAR
3586,1688393340.0,10000.00,10000.00,0.00,0.00000000,BAR
3587,1688393400.0,10000.00,10000.00,0.00,0.00000000,BAR
3588,1688393460.0,10000.00,10000.00,0.00,0.00000000,BAR
3589,1688393520.0,10000.00,10000.00,0.00,0.00000000,BAR
3590,1688393580.0,10000.00,10000.00,0.00,0.00000000,BAR
3591,1688393640.0,10000.00,10000.00,0.00,0.00000000,BAR
3592,1688393700.0,10000.00,10000.00,0.00,0.00000000,BAR
3593,1688393760.0,10000.00,10000.00,0.00,0.00000000,BAR
3594,1688393820.0,10000.00,10000.00,0.00,0.00000000,BAR
3595,1688393880.0,10000.00,10000.00,0.00,0.00000000,BAR
3596,1688393940.0,10000.00,10000.00,0.00,0.00000000,BAR
3597,1688394000.0,10000.00,10000.00,0.00,0.00000000,BAR
3598,1688394060.0,10000.00,10000.00,0.00,0.00000000,BAR
3599,1688394120.0,10000.00,10000.00,0.00,0.00000000,BAR
3600,1688394180.0,10000.00,10000.00,0.00,0.00000000,BAR
3601,1688394240.0,10000.00,10000.00,0.00,0.00000000,BAR
3602,1688394300.0,10000.00,10000.00,0.00,0.00000000,BAR
3603,1688394360.0,10000.00,10000.00,0.00,0.00000000,BAR
3604,1688394420.0,10000.00,10000.00,0.00,0.00000000,BAR
3605,1688394480.0,10000.00,10000.00,0.00,0.00000000,BAR
3606,1688394540.0,10000.00,10000.00,0.00,0.00000000,BAR
3607,1688394600.0,10000.00,10000.00,0.00,0.00000000,BAR
3608,1688394660.0,10000.00,10000.00,0.00,0.00000000,BAR
3609,1688394720.0,10000.00,10000.00,0.00,0.00000000,BAR
3610,1688394780.0,10000.00,10000.00,0.00,0.00000000,BAR
3611,1688394840.0,10000.00,10000.00,0.00,0.00000000,BAR
3612,1688394900.0,10000.00,10000.00,0.00,0.00000000,BAR
3613,1688394960.0,10000.00,10000.00,0.00,0.00000000,BAR
3614,1688395020.0,10000.00,10000.00,0.00,0.00000000,BAR
3615,1688395080.0,10000.00,10000.00,0.00,0.00000000,BAR
3616,1688395140.0,10000.00,10000.00,0.00,0.00000000,BAR
3617,1688395200.0,10000.00,10000.00,0.00,0.00000000,BAR
3618,1688395260.0,10000.00,10000.00,0.00,0.00000000,BAR
3619,1688395320.0,10000.00,10000.00,0.00,0.00000000,BAR
3620,1688395380.0,10000.00,10000.00,0.00,0.00000000,BAR
3621,1688395440.0,10000.00,10000.00,0.00,0.00000000,BAR
3622,1688395500.0,10000.00,10000.00,0.00,0.00000000,BAR
3623,1688395560.0,10000.00,10000.00,0.00,0.00000000,BAR
3624,1688395620.0,10000.00,10000.00,0.00,0.00000000,BAR
3625,1688395680.0,10000.00,10000.00,0.00,0.00000000,BAR
3626,1688395740.0,10000.00,10000.00,0.00,0.00000000,BAR
3627,1688395800.0,10000.00,10000.00,0.00,0.00000000,BAR
3628,1688395860.0,10000.00,10000.00,0.00,0.00000000,BAR
3629,1688395920.0,10000.00,10000.00,0.00,0.00000000,BAR
3630,1688395980.0,10000.00,10000.00,0.00,0.00000000,BAR
3631,1688396040.0,10000.00,10000.00,0.00,0.00000000,BAR
3632,1688396100.0,10000.00,10000.00,0.00,0.00000000,BAR
3633,1688396160.0,10000.00,10000.00,0.00,0.00000000,BAR
3634,1688396220.0,10000.00,10000.00,0.00,0.00000000,BAR
3635,1688396280.0,10000.00,10000.00,0.00,0.00000000,BAR
3636,1688396340.0,10000.00,10000.00,0.00,0.00000000,BAR
3637,1688396400.0,10000.00,10000.00,0.00,0.00000000,BAR
3638,1688396460.0,10000.00,10000.00,0.00,0.00000000,BAR
3639,1688396520.0,10000.00,10000.00,0.00,0.00000000,BAR
3640,1688396580.0,10000.00,10000.00,0.00,0.00000000,BAR
3641,1688396640.0,10000.00,10000.00,0.00,0.00000000,BAR
3642,1688396700.0,10000.00,10000.00,0.00,0.00000000,BAR
3643,1688396760.0,10000.00,10000.00,0.00,0.00000000,BAR
3644,1688396820.0,10000.00,10000.00,0.00,0.00000000,BAR
3645,1688397480.0,10000.00,10000.00,0.00,0.00000000,BAR
3646,1688397540.0,10000.00,10000.00,0.00,0.00000000,BAR
3647,1688397600.0,10000.00,10000.00,0.00,0.00000000,BAR
3648,1688397660.0,10000.00,10000.00,0.00,0.00000000,BAR
3649,1688397720.0,10000.00,10000.00,0.00,0.00000000,BAR
3650,1688397780.0,10000.00,10000.00,0.00,0.00000000,BAR
3651,1688398020.0,10000.00,10000.00,0.00,0.00000000,BAR
3652,1688398080.0,10000.00,10000.00,0.00,0.00000000,BAR
3653,1688398140.0,10000.00,10000.00,0.00,0.00000000,BAR
3654,1688398200.0,10000.00,10000.00,0.00,0.00000000,BAR
3655,1688398260.0,10000.00,10000.00,0.00,0.00000000,BAR
3656,1688398320.0,10000.00,10000.00,0.00,0.00000000,BAR
3657,1688398380.0,10000.00,10000.00,0.00,0.00000000,BAR
3658,1688398680.0,10000.00,10000.00,0.00,0.00000000,BAR
3659,1688398740.0,10000.00,10000.00,0.00,0.00000000,BAR
3660,1688398980.0,10000.00,10000.00,0.00,0.00000000,BAR
3661,1688399040.0,10000.00,10000.00,0.00,0.00000000,BAR
3662,1688399100.0,10000.00,10000.00,0.00,0.00000000,BAR
3663,1688399160.0,10000.00,10000.00,0.00,0.00000000,BAR
3664,1688399220.0,10000.00,10000.00,0.00,0.00000000,BAR
3665,1688399280.0,10000.00,10000.00,0.00,0.00000000,BAR
3666,1688399580.0,10000.00,10000.00,0.00,0.00000000,BAR
3667,1688399640.0,10000.00,10000.00,0.00,0.00000000,BAR
3668,1688399700.0,10000.00,10000.00,0.00,0.00000000,BAR
3669,1688399760.0,10000.00,10000.00,0.00,0.00000000,BAR
3670,1688399820.0,10000.00,10000.00,0.00,0.00000000,BAR
3671,1688399880.0,10000.00,10000.00,0.00,0.00000000,BAR
3672,1688399940.0,10000.00,10000.00,0.00,0.00000000,BAR
3673,1688400000.0,10000.00,10000.00,0.00,0.00000000,BAR
3674,1688400180.0,10000.00,10000.00,0.00,0.00000000,BAR
3675,1688400240.0,10000.00,10000.00,0.00,0.00000000,BAR
3676,1688400300.0,10000.00,10000.00,0.00,0.00000000,BAR
3677,1688400360.0,10000.00,10000.00,0.00,0.00000000,BAR
3678,1688400960.0,10000.00,10000.00,0.00,0.00000000,BAR
3679,1688401020.0,10000.00,10000.00,0.00,0.00000000,BAR
3680,1688401080.0,10000.00,10000.00,0.00,0.00000000,BAR
3681,1688401140.0,10000.00,10000.00,0.00,0.00000000,BAR
3682,1688401200.0,10000.00,10000.00,0.00,0.00000000,BAR
3683,1688401260.0,10000.00,10000.00,0.00,0.00000000,BAR
3684,1688401320.0,10000.00,10000.00,0.00,0.00000000,BAR
3685,1688401380.0,10000.00,10000.00,0.00,0.00000000,BAR
3686,1688401440.0,10000.00,10000.00,0.00,0.00000000,BAR
3687,1688401500.0,10000.00,10000.00,0.00,0.00000000,BAR
3688,1688401560.0,10000.00,10000.00,0.00,0.00000000,BAR
3689,1688401620.0,10000.00,10000.00,0.00,0.00000000,BAR
3690,1688401680.0,10000.00,10000.00,0.00,0.00000000,BAR
3691,1688401740.0,10000.00,10000.00,0.00,0.00000000,BAR
3692,1688401800.0,10000.00,10000.00,0.00,0.00000000,BAR
3693,1688401860.0,10000.00,10000.00,0.00,0.00000000,BAR
3694,1688401920.0,10000.00,10000.00,0.00,0.00000000,BAR
3695,1688401980.0,10000.00,10000.00,0.00,0.00000000,BAR
3696,1688402040.0,10000.00,10000.00,0.00,0.00000000,BAR
3697,1688402100.0,10000.00,10000.00,0.00,0.00000000,BAR
3698,1688402160.0,10000.00,10000.00,0.00,0.00000000,BAR
3699,1688402280.0,10000.00,10000.00,0.00,0.00000000,BAR
3700,1688402400.0,10000.00,10000.00,0.00,0.00000000,BAR
3701,1688402460.0,10000.00,10000.00,0.00,0.00000000,BAR
3702,1688402520.0,10000.00,10000.00,0.00,0.00000000,BAR
3703,1688402580.0,10000.00,10000.00,0.00,0.00000000,BAR
3704,1688402640.0,10000.00,10000.00,0.00,0.00000000,BAR
3705,1688402700.0,10000.00,10000.00,0.00,0.00000000,BAR
3706,1688402760.0,10000.00,10000.00,0.00,0.00000000,BAR
3707,1688402820.0,10000.00,10000.00,0.00,0.00000000,BAR
3708,1688402880.0,10000.00,10000.00,0.00,0.00000000,BAR
3709,1688402940.0,10000.00,10000.00,0.00,0.00000000,BAR
3710,1688403000.0,10000.00,10000.00,0.00,0.00000000,BAR
3711,1688403060.0,10000.00,10000.00,0.00,0.00000000,BAR
3712,1688403120.0,10000.00,10000.00,0.00,0.00000000,BAR
3713,1688403180.0,10000.00,10000.00,0.00,0.00000000,BAR
3714,1688403240.0,10000.00,10000.00,0.00,0.00000000,BAR
3715,1688403300.0,10000.00,10000.00,0.00,0.00000000,BAR
3716,1688403360.0,10000.00,10000.00,0.00,0.00000000,BAR
3717,1688403420.0,10000.00,10000.00,0.00,0.00000000,BAR
3718,1688403480.0,10000.00,10000.00,0.00,0.00000000,BAR
3719,1688403540.0,10000.00,10000.00,0.00,0.00000000,BAR
3720,1688403600.0,10000.00,10000.00,0.00,0.00000000,BAR
3721,1688403660.0,10000.00,10000.00,0.00,0.00000000,BAR
3722,1688403720.0,10000.00,10000.00,0.00,0.00000000,BAR
3723,1688403780.0,10000.00,10000.00,0.00,0.00000000,BAR
3724,1688403840.0,10000.00,10000.00,0.00,0.00000000,BAR
3725,1688403960.0,10000.00,10000.00,0.00,0.00000000,BAR
3726,1688404020.0,10000.00,10000.00,0.00,0.00000000,BAR
3727,1688404080.0,10000.00,10000.00,0.00,0.00000000,BAR
3728,1688404140.0,10000.00,10000.00,0.00,0.00000000,BAR
3729,1688404200.0,10000.00,10000.00,0.00,0.00000000,BAR
3730,1688404260.0,10000.00,10000.00,0.00,0.00000000,BAR
3731,1688404320.0,10000.00,10000.00,0.00,0.00000000,BAR
3732,1688404380.0,10000.00,10000.00,0.00,0.00000000,BAR
3733,1688404440.0,10000.00,10000.00,0.00,0.00000000,BAR
3734,1688404500.0,10000.00,10000.00,0.00,0.00000000,BAR
3735,1688404560.0,10000.00,10000.00,0.00,0.00000000,BAR
3736,1688404620.0,10000.00,10000.00,0.00,0.00000000,BAR
3737,1688404680.0,10000.00,10000.00,0.00,0.00000000,BAR
3738,1688404740.0,10000.00,10000.00,0.00,0.00000000,BAR
3739,1688404800.0,10000.00,10000.00,0.00,0.00000000,BAR
3740,1688404860.0,10000.00,10000.00,0.00,0.00000000,BAR
3741,1688404920.0,10000.00,10000.00,0.00,0.00000000,BAR
3742,1688404980.0,10000.00,10000.00,0.00,0.00000000,BAR
3743,1688405040.0,10000.00,10000.00,0.00,0.00000000,BAR
3744,1688405100.0,10000.00,10000.00,0.00,0.00000000,BAR
3745,1688405160.0,10000.00,10000.00,0.00,0.00000000,BAR
3746,1688405220.0,10000.00,10000.00,0.00,0.00000000,BAR
3747,1688405280.0,10000.00,10000.00,0.00,0.00000000,BAR
3748,1688405340.0,10000.00,10000.00,0.00,0.00000000,BAR
3749,1688405400.0,10000.00,10000.00,0.00,0.00000000,BAR
3750,1688405460.0,10000.00,10000.00,0.00,0.00000000,BAR
3751,1688405520.0,10000.00,10000.00,0.00,0.00000000,BAR
3752,1688405580.0,10000.00,10000.00,0.00,0.00000000,BAR
3753,1688405640.0,10000.00,10000.00,0.00,0.00000000,BAR
3754,1688405700.0,10000.00,10000.00,0.00,0.00000000,BAR
3755,1688405760.0,10000.00,10000.00,0.00,0.00000000,BAR
3756,1688405820.0,10000.00,10000.00,0.00,0.00000000,BAR
3757,1688405880.0,10000.00,10000.00,0.00,0.00000000,BAR
3758,1688405940.0,10000.00,10000.00,0.00,0.00000000,BAR
3759,1688406000.0,10000.00,10000.00,0.00,0.00000000,BAR
3760,1688406060.0,10000.00,10000.00,0.00,0.00000000,BAR
3761,1688406120.0,10000.00,10000.00,0.00,0.00000000,BAR
3762,1688406180.0,10000.00,10000.00,0.00,0.00000000,BAR
3763,1688406240.0,10000.00,10000.00,0.00,0.00000000,BAR
3764,1688406300.0,10000.00,10000.00,0.00,0.00000000,BAR
3765,1688406360.0,10000.00,10000.00,0.00,0.00000000,BAR
3766,1688406420.0,10000.00,10000.00,0.00,0.00000000,BAR
3767,1688406480.0,10000.00,10000.00,0.00,0.00000000,BAR
3768,1688406540.0,10000.00,10000.00,0.00,0.00000000,BAR
3769,1688406600.0,10000.00,10000.00,0.00,0.00000000,BAR
3770,1688406660.0,10000.00,10000.00,0.00,0.00000000,BAR
3771,1688406720.0,10000.00,10000.00,0.00,0.00000000,BAR
3772,1688406780.0,10000.00,10000.00,0.00,0.00000000,BAR
3773,1688406840.0,10000.00,10000.00,0.00,0.00000000,BAR
3774,1688406900.0,10000.00,10000.00,0.00,0.00000000,BAR
3775,1688406960.0,10000.00,10000.00,0.00,0.00000000,BAR
3776,1688407020.0,10000.00,10000.00,0.00,0.00000000,BAR
3777,1688407080.0,10000.00,10000.00,0.00,0.00000000,BAR
3778,1688407140.0,10000.00,10000.00,0.00,0.00000000,BAR
3779,1688407200.0,10000.00,10000.00,0.00,0.00000000,BAR
3780,1688407260.0,10000.00,10000.00,0.00,0.00000000,BAR
3781,1688407320.0,10000.00,10000.00,0.00,0.00000000,BAR
3782,1688407380.0,10000.00,10000.00,0.00,0.00000000,BAR
3783,1688407440.0,10000.00,10000.00,0.00,0.00000000,BAR
3784,1688407500.0,10000.00,10000.00,0.00,0.00000000,BAR
3785,1688407560.0,10000.00,10000.00,0.00,0.00000000,BAR
3786,1688407620.0,10000.00,10000.00,0.00,0.00000000,BAR
3787,1688407680.0,10000.00,10000.00,0.00,0.00000000,BAR
3788,1688407740.0,10000.00,10000.00,0.00,0.00000000,BAR
3789,1688407800.0,10000.00,10000.00,0.00,0.00000000,BAR
3790,1688407860.0,10000.00,10000.00,0.00,0.00000000,BAR
3791,1688407920.0,10000.00,10000.00,0.00,0.00000000,BAR
3792,1688407980.0,10000.00,10000.00,0.00,0.00000000,BAR
3793,1688408040.0,10000.00,10000.00,0.00,0.00000000,BAR
3794,1688408100.0,10000.00,10000.00,0.00,0.00000000,BAR
3795,1688408160.0,10000.00,10000.00,0.00,0.00000000,BAR
3796,1688408220.0,10000.00,10000.00,0.00,0.00000000,BAR
3797,1688408280.0,10000.00,10000.00,0.00,0.00000000,BAR
3798,1688408340.0,10000.00,10000.00,0.00,0.00000000,BAR
3799,1688408400.0,10000.00,10000.00,0.00,0.00000000,BAR
3800,1688408460.0,10000.00,10000.00,0.00,0.00000000,BAR
3801,1688408520.0,10000.00,10000.00,0.00,0.00000000,BAR
3802,1688408580.0,10000.00,10000.00,0.00,0.00000000,BAR
3803,1688408640.0,10000.00,10000.00,0.00,0.00000000,BAR
3804,1688408700.0,10000.00,10000.00,0.00,0.00000000,BAR
3805,1688408760.0,10000.00,10000.00,0.00,0.00000000,BAR
3806,1688408820.0,10000.00,10000.00,0.00,0.00000000,BAR
3807,1688408880.0,10000.00,10000.00,0.00,0.00000000,BAR
3808,1688408940.0,10000.00,10000.00,0.00,0.00000000,BAR
3809,1688409000.0,10000.00,10000.00,0.00,0.00000000,BAR
3810,1688409060.0,10000.00,10000.00,0.00,0.00000000,BAR
3811,1688409120.0,10000.00,10000.00,0.00,0.00000000,BAR
3812,1688409180.0,10000.00,10000.00,0.00,0.00000000,BAR
3813,1688409240.0,10000.00,10000.00,0.00,0.00000000,BAR
3814,1688409300.0,10000.00,10000.00,0.00,0.00000000,BAR
3815,1688409360.0,10000.00,10000.00,0.00,0.00000000,BAR
3816,1688409420.0,10000.00,10000.00,0.00,0.00000000,BAR
3817,1688409480.0,10000.00,10000.00,0.00,0.00000000,BAR
3818,1688409540.0,10000.00,10000.00,0.00,0.00000000,BAR
3819,1688409600.0,10000.00,10000.00,0.00,0.00000000,BAR
3820,1688409660.0,10000.00,10000.00,0.00,0.00000000,BAR
3821,1688409720.0,10000.00,10000.00,0.00,0.00000000,BAR
3822,1688409780.0,10000.00,10000.00,0.00,0.00000000,BAR
3823,1688409840.0,10000.00,10000.00,0.00,0.00000000,BAR
3824,1688409900.0,10000.00,10000.00,0.00,0.00000000,BAR
3825,1688410020.0,10000.00,10000.00,0.00,0.00000000,BAR
3826,1688410080.0,10000.00,10000.00,0.00,0.00000000,BAR
3827,1688410140.0,10000.00,10000.00,0.00,0.00000000,BAR
3828,1688410200.0,10000.00,10000.00,0.00,0.00000000,BAR
3829,1688410260.0,10000.00,10000.00,0.00,0.00000000,BAR
3830,1688410320.0,10000.00,10000.00,0.00,0.00000000,BAR
3831,1688411280.0,10000.00,10000.00,0.00,0.00000000,BAR
3832,1688411340.0,10000.00,10000.00,0.00,0.00000000,BAR
3833,1688411400.0,10000.00,10000.00,0.00,0.00000000,BAR
3834,1688411460.0,10000.00,10000.00,0.00,0.00000000,BAR
3835,1688411520.0,10000.00,10000.00,0.00,0.00000000,BAR
3836,1688411580.0,10000.00,10000.00,0.00,0.00000000,BAR
3837,1688411640.0,10000.00,10000.00,0.00,0.00000000,BAR
3838,1688411700.0,10000.00,10000.00,0.00,0.00000000,BAR
3839,1688411760.0,10000.00,10000.00,0.00,0.00000000,BAR
3840,1688411820.0,10000.00,10000.00,0.00,0.00000000,BAR
3841,1688411880.0,10000.00,10000.00,0.00,0.00000000,BAR
3842,1688411940.0,10000.00,10000.00,0.00,0.00000000,BAR
3843,1688412000.0,10000.00,10000.00,0.00,0.00000000,BAR
3844,1688412240.0,10000.00,10000.00,0.00,0.00000000,BAR
3845,1688412300.0,10000.00,10000.00,0.00,0.00000000,BAR
3846,1688412420.0,10000.00,10000.00,0.00,0.00000000,BAR
3847,1688412480.0,10000.00,10000.00,0.00,0.00000000,BAR
3848,1688412780.0,10000.00,10000.00,0.00,0.00000000,BAR
3849,1688412900.0,10000.00,10000.00,0.00,0.00000000,BAR
3850,1688412960.0,10000.00,10000.00,0.00,0.00000000,BAR
3851,1688413020.0,10000.00,10000.00,0.00,0.00000000,BAR
3852,1688413260.0,10000.00,10000.00,0.00,0.00000000,BAR
3853,1688413320.0,10000.00,10000.00,0.00,0.00000000,BAR
3854,1688413380.0,10000.00,10000.00,0.00,0.00000000,BAR
3855,1688413440.0,10000.00,10000.00,0.00,0.00000000,BAR
3856,1688413500.0,10000.00,10000.00,0.00,0.00000000,BAR
3857,1688413560.0,10000.00,10000.00,0.00,0.00000000,BAR
3858,1688413620.0,10000.00,10000.00,0.00,0.00000000,BAR
3859,1688413680.0,10000.00,10000.00,0.00,0.00000000,BAR
3860,1688413740.0,10000.00,10000.00,0.00,0.00000000,BAR
3861,1688413860.0,10000.00,10000.00,0.00,0.00000000,BAR
3862,1688414040.0,10000.00,10000.00,0.00,0.00000000,BAR
3863,1688414100.0,10000.00,10000.00,0.00,0.00000000,BAR
3864,1688414160.0,10000.00,10000.00,0.00,0.00000000,BAR
3865,1688414220.0,10000.00,10000.00,0.00,0.00000000,BAR
3866,1688414280.0,10000.00,10000.00,0.00,0.00000000,BAR
3867,1688414340.0,10000.00,10000.00,0.00,0.00000000,BAR
3868,1688414400.0,10000.00,10000.00,0.00,0.00000000,BAR
3869,1688414460.0,10000.00,10000.00,0.00,0.00000000,BAR
3870,1688414520.0,10000.00,10000.00,0.00,0.00000000,BAR
3871,1688414580.0,10000.00,10000.00,0.00,0.00000000,BAR
3872,1688414640.0,10000.00,10000.00,0.00,0.00000000,BAR
3873,1688414700.0,10000.00,10000.00,0.00,0.00000000,BAR
3874,1688414760.0,10000.00,10000.00,0.00,0.00000000,BAR
3875,1688414820.0,10000.00,10000.00,0.00,0.00000000,BAR
3876,1688414880.0,10000.00,10000.00,0.00,0.00000000,BAR
3877,1688414940.0,10000.00,10000.00,0.00,0.00000000,BAR
3878,1688415000.0,10000.00,10000.00,0.00,0.00000000,BAR
3879,1688415060.0,10000.00,10000.00,0.00,0.00000000,BAR
3880,1688415120.0,10000.00,10000.00,0.00,0.00000000,BAR
3881,1688415180.0,10000.00,10000.00,0.00,0.00000000,BAR
3882,1688415240.0,10000.00,10000.00,0.00,0.00000000,BAR
3883,1688415300.0,10000.00,10000.00,0.00,0.00000000,BAR
3884,1688415360.0,10000.00,10000.00,0.00,0.00000000,BAR
3885,1688415600.0,10000.00,10000.00,0.00,0.00000000,BAR
3886,1688415720.0,10000.00,10000.00,0.00,0.00000000,BAR
3887,1688415780.0,10000.00,10000.00,0.00,0.00000000,BAR
3888,1688415840.0,10000.00,10000.00,0.00,0.00000000,BAR
3889,1688415960.0,10000.00,10000.00,0.00,0.00000000,BAR
3890,1688416020.0,10000.00,10000.00,0.00,0.00000000,BAR
3891,1688416080.0,10000.00,10000.00,0.00,0.00000000,BAR
3892,1688416140.0,10000.00,10000.00,0.00,0.00000000,BAR
3893,1688416200.0,10000.00,10000.00,0.00,0.00000000,BAR
3894,1688416260.0,10000.00,10000.00,0.00,0.00000000,BAR
3895,1688416320.0,10000.00,10000.00,0.00,0.00000000,BAR
3896,1688416380.0,10000.00,10000.00,0.00,0.00000000,BAR
3897,1688416440.0,10000.00,10000.00,0.00,0.00000000,BAR
3898,1688416560.0,10000.00,10000.00,0.00,0.00000000,BAR
3899,1688416620.0,10000.00,10000.00,0.00,0.00000000,BAR
3900,1688416680.0,10000.00,10000.00,0.00,0.00000000,BAR
3901,1688416740.0,10000.00,10000.00,0.00,0.00000000,BAR
3902,1688416800.0,10000.00,10000.00,0.00,0.00000000,BAR
3903,1688416860.0,10000.00,10000.00,0.00,0.00000000,BAR
3904,1688416920.0,10000.00,10000.00,0.00,0.00000000,BAR
3905,1688416980.0,10000.00,10000.00,0.00,0.00000000,BAR
3906,1688417040.0,10000.00,10000.00,0.00,0.00000000,BAR
3907,1688417100.0,10000.00,10000.00,0.00,0.00000000,BAR
3908,1688417160.0,10000.00,10000.00,0.00,0.00000000,BAR
3909,1688417220.0,10000.00,10000.00,0.00,0.00000000,BAR
3910,1688417280.0,10000.00,10000.00,0.00,0.00000000,BAR
3911,1688417340.0,10000.00,10000.00,0.00,0.00000000,BAR
3912,1688417400.0,10000.00,10000.00,0.00,0.00000000,BAR
3913,1688417460.0,10000.00,10000.00,0.00,0.00000000,BAR
3914,1688417520.0,10000.00,10000.00,0.00,0.00000000,BAR
3915,1688417700.0,10000.00,10000.00,0.00,0.00000000,BAR
3916,1688417760.0,10000.00,10000.00,0.00,0.00000000,BAR
3917,1688417820.0,10000.00,10000.00,0.00,0.00000000,BAR
3918,1688417940.0,10000.00,10000.00,0.00,0.00000000,BAR
