Timestamp,Equity,Profile,Risk,LevCap,Mode,DD,WinRate20
1704056460.0,10000.0,PRO,0.005,3.0,NORMAL,0.0,0.0
1704056520.0,10000.0,PRO,0.005,3.0,NORMAL,0.0,0.0
1704056580.0,10000.0,PRO,0.005,3.0,NORMAL,0.0,0.0
1704056640.0,10000.0,PRO,0.005,3.0,NORMAL,0.0,0.0
1704056700.0,10000.0,PRO,0.005,3.0,NORMAL,0.0,0.0
1704056760.0,10000.0,PRO,0.005,3.0,NORMAL,0.0,0.0
1704056820.0,10000.0,PRO,0.005,3.0,NORMAL,0.0,0.0
1704056880.0,10000.0,PRO,0.005,3.0,NORMAL,0.0,0.0
1704056940.0,10000.0,PRO,0.005,3.0,NORMAL,0.0,0.0
1704057000.0,10000.0,PRO,0.005,3.0,NORMAL,0.0,0.0
1704057060.0,10000.0,PRO,0.005,3.0,NORMAL,0.0,0.0
1704057120.0,10000.0,PRO,0.005,3.0,NORMAL,0.0,0.0
1704057180.0,10000.0,PRO,0.005,3.0,NORMAL,0.0,0.0
1704057240.0,10000.0,PRO,0.005,3.0,NORMAL,0.0,0.0
1704057300.0,10000.0,PRO,0.005,3.0,NORMAL,0.0,0.0
1704057360.0,10000.0,PRO,0.005,3.0,NORMAL,0.0,0.0
1704057420.0,10000.0,PRO,0.005,3.0,NORMAL,0.0,0.0
1704057480.0,10000.0,PRO,0.005,3.0,NORMAL,0.0,0.0
1704057540.0,10000.0,PRO,0.005,3.0,NORMAL,0.0,0.0
1704057600.0,10000.0,PRO,0.005,3.0,NORMAL,0.0,0.0
1704057660.0,10000.0,PRO,0.005,3.0,NORMAL,0.0,0.0
1704057720.0,10000.0,PRO,0.005,3.0,NORMAL,0.0,0.0
1704057780.0,10000.0,PRO,0.005,3.0,NORMAL,0.0,0.0
1704057840.0,10000.0,PRO,0.005,3.0,NORMAL,0.0,0.0
1704057900.0,10000.0,PRO,0.005,3.0,NORMAL,0.0,0.0
1704057960.0,10000.0,PRO,0.005,3.0,NORMAL,0.0,0.0
1704058020.0,10000.0,PRO,0.005,3.0,NORMAL,0.0,0.0
1704058080.0,10000.0,PRO,0.005,3.0,NORMAL,0.0,0.0
1704058140.0,10000.0,PRO,0.005,3.0,NORMAL,0.0,0.0
1704058200.0,10000.0,PRO,0.005,3.0,NORMAL,0.0,0.0
1704058260.0,10000.0,PRO,0.005,3.0,NORMAL,0.0,0.0
1704058320.0,10000.0,PRO,0.005,3.0,NORMAL,0.0,0.0
1704058380.0,10000.0,PRO,0.005,3.0,NORMAL,0.0,0.0
1704058440.0,10000.0,PRO,0.005,3.0,NORMAL,0.0,0.0
1704058500.0,10000.0,PRO,0.005,3.0,NORMAL,0.0,0.0
1704058560.0,10000.0,PRO,0.005,3.0,NORMAL,0.0,0.0
1704058620.0,10000.0,PRO,0.005,3.0,NORMAL,0.0,0.0
1704058680.0,10000.0,PRO,0.005,3.0,NORMAL,0.0,0.0
1704058740.0,10000.0,PRO,0.005,3.0,NORMAL,0.0,0.0
1704058800.0,10000.0,PRO,0.005,3.0,NORMAL,0.0,0.0
1704058860.0,10000.0,PRO,0.005,3.0,NORMAL,0.0,0.0
1704058920.0,10000.0,PRO,0.005,3.0,NORMAL,0.0,0.0
1704058980.0,10000.0,PRO,0.005,3.0,NORMAL,0.0,0.0
1704059040.0,10000.0,PRO,0.005,3.0,NORMAL,0.0,0.0
1704059100.0,10000.0,PRO,0.005,3.0,NORMAL,0.0,0.0
1704059160.0,10000.0,PRO,0.005,3.0,NORMAL,0.0,0.0
1704059220.0,10000.0,PRO,0.005,3.0,NORMAL,0.0,0.0
1704059280.0,10000.0,PRO,0.005,3.0,NORMAL,0.0,0.0
1704059340.0,10000.0,PRO,0.005,3.0,NORMAL,0.0,0.0
1704059400.0,10000.0,PRO,0.005,3.0,NORMAL,0.0,0.0
1704059460.0,10000.0,PRO,0.005,3.0,NORMAL,0.0,0.0
1704059520.0,10000.0,PRO,0.005,3.0,NORMAL,0.0,0.0
1704059580.0,10000.0,PRO,0.005,3.0,NORMAL,0.0,0.0
1704059640.0,10000.0,PRO,0.005,3.0,NORMAL,0.0,0.0
1704059700.0,10000.0,PRO,0.005,3.0,NORMAL,0.0,0.0
1704059760.0,10000.0,PRO,0.005,3.0,NORMAL,0.0,0.0
1704059820.0,10000.0,PRO,0.005,3.0,NORMAL,0.0,0.0
1704059880.0,10000.0,PRO,0.005,3.0,NORMAL,0.0,0.0
1704059940.0,10000.0,PRO,0.005,3.0,NORMAL,0.0,0.0
1704060000.0,10000.0,PRO,0.005,3.0,NORMAL,0.0,0.0
1704060060.0,10000.0,PRO,0.005,3.0,NORMAL,0.0,0.0
1704060120.0,10000.0,PRO,0.005,3.0,NORMAL,0.0,0.0
1704060180.0,10000.0,PRO,0.005,3.0,NORMAL,0.0,0.0
1704060240.0,10000.0,PRO,0.005,3.0,NORMAL,0.0,0.0
1704060300.0,10000.0,PRO,0.005,3.0,NORMAL,0.0,0.0
1704060360.0,10000.0,PRO,0.005,3.0,NORMAL,0.0,0.0
1704060420.0,10000.0,PRO,0.005,3.0,NORMAL,0.0,0.0
1704060480.0,10000.0,PRO,0.005,3.0,NORMAL,0.0,0.0
1704060540.0,10000.0,PRO,0.005,3.0,NORMAL,0.0,0.0
1704060600.0,10000.0,PRO,0.005,3.0,NORMAL,0.0,0.0
1704060660.0,10000.0,PRO,0.005,3.0,NORMAL,0.0,0.0
1704060720.0,10000.0,PRO,0.005,3.0,NORMAL,0.0,0.0
1704060780.0,10000.0,PRO,0.005,3.0,NORMAL,0.0,0.0
1704060840.0,10000.0,PRO,0.005,3.0,NORMAL,0.0,0.0
1704060900.0,10000.0,PRO,0.005,3.0,NORMAL,0.0,0.0
1704060960.0,10000.0,PRO,0.005,3.0,NORMAL,0.0,0.0
1704061020.0,10000.0,PRO,0.005,3.0,NORMAL,0.0,0.0
1704061080.0,10000.0,PRO,0.005,3.0,NORMAL,0.0,0.0
1704061140.0,10000.0,PRO,0.005,3.0,NORMAL,0.0,0.0
1704061200.0,10000.0,PRO,0.005,3.0,NORMAL,0.0,0.0
1704061260.0,10000.0,PRO,0.005,3.0,NORMAL,0.0,0.0
1704061320.0,10000.0,PRO,0.005,3.0,NORMAL,0.0,0.0
1704061380.0,10000.0,PRO,0.005,3.0,NORMAL,0.0,0.0
1704061440.0,10000.0,PRO,0.005,3.0,NORMAL,0.0,0.0
1704061500.0,10000.0,PRO,0.005,3.0,NORMAL,0.0,0.0
1704061560.0,10000.0,PRO,0.005,3.0,NORMAL,0.0,0.0
1704061620.0,10000.0,PRO,0.005,3.0,NORMAL,0.0,0.0
1704061680.0,10000.0,PRO,0.005,3.0,NORMAL,0.0,0.0
1704061740.0,10000.0,PRO,0.005,3.0,NORMAL,0.0,0.0
1704061800.0,10000.0,PRO,0.005,3.0,NORMAL,0.0,0.0
1704061860.0,10000.0,PRO,0.005,3.0,NORMAL,0.0,0.0
1704061920.0,10000.0,PRO,0.005,3.0,NORMAL,0.0,0.0
1704061980.0,10000.0,PRO,0.005,3.0,NORMAL,0.0,0.0
1704062040.0,10000.0,PRO,0.005,3.0,NORMAL,0.0,0.0
1704062100.0,10000.0,PRO,0.005,3.0,NORMAL,0.0,0.0
1704062160.0,10000.0,PRO,0.005,3.0,NORMAL,0.0,0.0
1704062220.0,10000.0,PRO,0.005,3.0,NORMAL,0.0,0.0
1704062280.0,10000.0,PRO,0.005,3.0,NORMAL,0.0,0.0
1704062340.0,10000.0,PRO,0.005,3.0,NORMAL,0.0,0.0
1704062400.0,10000.0,PRO,0.005,3.0,NORMAL,0.0,0.0
1704062460.0,10000.0,PRO,0.005,3.0,NORMAL,0.0,0.0
1704062520.0,10000.0,PRO,0.005,3.0,NORMAL,0.0,0.0
1704062580.0,10000.0,PRO,0.005,3.0,NORMAL,0.0,0.0
1704062640.0,10000.0,PRO,0.005,3.0,NORMAL,0.0,0.0
1704062700.0,10000.0,PRO,0.005,3.0,NORMAL,0.0,0.0
1704062760.0,10000.0,PRO,0.005,3.0,NORMAL,0.0,0.0
1704062820.0,9998.114673543438,SCALE,0.01,3.0,NORMAL,0.0001885326456562325,0.0
1704062880.0,9997.990604632938,SCALE,0.01,3.0,NORMAL,0.00020093953670620977,0.0
1704062940.0,9998.358390856938,SCALE,0.01,3.0,NORMAL,0.00016416091430619418,0.0
1704063000.0,9999.191214469938,SCALE,0.01,3.0,NORMAL,8.087855300618684e-05,0.0
1704063060.0,10004.329612387937,PRO,0.005,3.0,NORMAL,0.0,0.0
1704063120.0,10006.659809241437,PRO,0.005,3.0,NORMAL,0.0,0.0
1704063180.0,10003.009059447437,PRO,0.005,3.0,NORMAL,0.00036483200824200863,0.0
1704063240.0,10001.994700326437,PRO,0.005,3.0,NORMAL,0.00046620041091950155,0.0
1704063300.0,10001.755108819938,PRO,0.005,3.0,NORMAL,0.0004901436158516521,0.0
1704063360.0,10002.038905401438,PRO,0.005,3.0,NORMAL,0.00046178284543377436,0.0
1704063420.0,10000.776997860437,PRO,0.005,3.0,NORMAL,0.0005878896148309759,0.0
1704063480.0,10003.125466144938,PRO,0.005,3.0,NORMAL,0.0003531990857962907,0.0
1704063540.0,10003.407789223938,PRO,0.005,3.0,NORMAL,0.0003249855675612402,0.0
1704063600.0,10002.836954355438,PRO,0.005,3.0,NORMAL,0.0003820310631993611,0.0
1704063660.0,10003.576947310938,PRO,0.005,3.0,NORMAL,0.0003080810169695423,0.0
1704063720.0,10002.342152215937,PRO,0.005,3.0,NORMAL,0.0004314783462022494,0.0
1704063780.0,10000.822087036937,PRO,0.005,3.0,NORMAL,0.0005833836980356614,0.0
1704063840.0,10002.696676917438,PRO,0.005,3.0,NORMAL,0.00039604947100720816,0.0
1704063900.0,10001.362862454438,PRO,0.005,3.0,NORMAL,0.0005293421469276897,0.0
1704063960.0,10001.457461314938,PRO,0.005,3.0,NORMAL,0.0005198885567883971,0.0
1704064020.0,10001.944601241437,PRO,0.005,3.0,NORMAL,0.00047120698513653783,0.0
1704064080.0,10002.990493315938,PRO,0.005,3.0,NORMAL,0.0003666873857458868,0.0
1704064140.0,10002.284685618437,PRO,0.005,3.0,NORMAL,0.00043722118133360385,0.0
1704064200.0,10003.600228650437,PRO,0.005,3.0,NORMAL,0.0003057544324804714,0.0
1704064260.0,10003.657105846938,PRO,0.005,3.0,NORMAL,0.00030007049822217515,0.0
1704064320.0,10003.606712061437,PRO,0.005,3.0,NORMAL,0.00030510652287592233,0.0
1704064380.0,10003.462898217438,PRO,0.005,3.0,NORMAL,0.00031947833592248215,0.0
1704064440.0,10004.225583111438,PRO,0.005,3.0,NORMAL,0.00024326060607665064,0.0
1704064500.0,10005.113515717938,PRO,0.005,3.0,NORMAL,0.00015452644068813753,0.0
1704064560.0,10005.614211867438,PRO,0.005,3.0,NORMAL,0.00010449014895394015,0.0
1704064620.0,10006.131116544439,PRO,0.005,3.0,NORMAL,5.283408320827918e-05,0.0
1704064680.0,10006.894096138938,PRO,0.005,3.0,NORMAL,0.0,0.0
1704064740.0,10006.587312918438,PRO,0.005,3.0,NORMAL,3.06571866907315e-05,0.0
1704064800.0,10007.933504802439,PRO,0.005,3.0,NORMAL,0.0,0.0
1704064860.0,10008.743341776437,PRO,0.005,3.0,NORMAL,0.0,0.0
1704064920.0,10007.144296863438,PRO,0.005,3.0,NORMAL,0.000159764803471798,0.0
1704064980.0,10007.085946164438,PRO,0.005,3.0,NORMAL,0.00016559477602759616,0.0
1704065040.0,10007.300782828937,PRO,0.005,3.0,NORMAL,0.00014412987707240524,0.0
1704065100.0,10006.804507186938,PRO,0.005,3.0,NORMAL,0.00019371408810193972,0.0
1704065160.0,10005.996143715438,PRO,0.005,3.0,NORMAL,0.00027447981901305605,0.0
1704065220.0,10006.135831752437,PRO,0.005,3.0,NORMAL,0.000260523218046349,0.0
1704065280.0,10005.497805169938,PRO,0.005,3.0,NORMAL,0.00032427014018352,0.0
1704065340.0,10005.649870627938,PRO,0.005,3.0,NORMAL,0.00030907687837159956,0.0
1704065400.0,10005.997911918437,PRO,0.005,3.0,NORMAL,0.00027430315317810344,0.0
1704065460.0,10005.555861168437,PRO,0.005,3.0,NORMAL,0.0003184696119336987,0.0
1704065520.0,10004.612524867938,PRO,0.005,3.0,NORMAL,0.00041272083491807277,0.0
1704065580.0,10004.404761015438,PRO,0.005,3.0,NORMAL,0.0004334790705332716,0.0
1704065640.0,10004.251516755437,PRO,0.005,3.0,NORMAL,0.00044879010956855433,0.0
1704065700.0,10005.219902598437,PRO,0.005,3.0,NORMAL,0.00035203612058795836,0.0
1704065760.0,10004.542091448438,PRO,0.005,3.0,NORMAL,0.0004197580240131075,0.0
1704065820.0,10004.196997162937,PRO,0.005,3.0,NORMAL,0.0004542373061484705,0.0
1704065880.0,10004.397098802438,PRO,0.005,3.0,NORMAL,0.00043424462248503576,0.0
1704065940.0,10004.196997162937,PRO,0.005,3.0,NORMAL,0.0004542373061484705,0.0
1704066000.0,10004.772252538938,PRO,0.005,3.0,NORMAL,0.00039676202115438824,0.0
1704066060.0,10004.425390050437,PRO,0.005,3.0,NORMAL,0.00043141796912470385,0.0
1704066120.0,10004.305152246438,PRO,0.005,3.0,NORMAL,0.0004434312459062054,0.0
1704066180.0,10004.026070872938,PRO,0.005,3.0,NORMAL,0.0004713150035338243,0.0
1704066240.0,10003.902591363438,PRO,0.005,3.0,NORMAL,0.00048365216767961764,0.0
1704066300.0,10004.205248776938,PRO,0.005,3.0,NORMAL,0.0004534128655849343,0.0
1704066360.0,10003.796499183438,PRO,0.005,3.0,NORMAL,0.0004942521177809532,0.0
1704066420.0,10003.113088723938,PRO,0.005,3.0,NORMAL,0.0005625334630171187,0.0
1704066480.0,10003.281068008937,PRO,0.005,3.0,NORMAL,0.0005457502086900798,0.0
1704066540.0,10003.055622126438,PRO,0.005,3.0,NORMAL,0.0005682751026553497,0.0
1704066600.0,10003.667715064938,PRO,0.005,3.0,NORMAL,0.0005071192794317861,0.0
1704066660.0,10004.263894176438,PRO,0.005,3.0,NORMAL,0.000447553448723341,0.0
1704066720.0,10004.487866556437,PRO,0.005,3.0,NORMAL,0.0004251757762872284,0.0
1704066780.0,10004.263304775437,PRO,0.005,3.0,NORMAL,0.000447612337335113,0.0
1704066840.0,10004.462227612938,PRO,0.005,3.0,NORMAL,0.0004277374308950406,0.0
1704066900.0,10004.215563294438,PRO,0.005,3.0,NORMAL,0.0004523823148806504,0.0
1704066960.0,10003.907306571438,PRO,0.005,3.0,NORMAL,0.00048318105878616843,0.0
1704067020.0,10002.854636385438,PRO,0.005,3.0,NORMAL,0.0005883561192361699,0.0
1704067080.0,10002.723494662938,PRO,0.005,3.0,NORMAL,0.0006014588353337273,0.0
1704067140.0,10002.650408938938,PRO,0.005,3.0,NORMAL,0.0006087610231812817,0.0
1704067200.0,10002.207474087438,PRO,0.005,3.0,NORMAL,0.0006530158148544442,0.0
1704067260.0,10001.577109717939,PRO,0.005,3.0,NORMAL,0.0007159971850398511,0.0
1704067320.0,10001.415024442938,PRO,0.005,3.0,NORMAL,0.0007321915532502603,0.0
1704067380.0,10000.162842018437,PRO,0.005,3.0,NORMAL,0.0008573004087521061,0.0
1704067440.0,9999.301137756438,SCALE,0.01,3.0,NORMAL,0.0009433955590195945,0.0
1704067500.0,9998.948381257938,SCALE,0.01,3.0,NORMAL,0.00097864039310654,0.0
1704067560.0,9998.513698020437,SCALE,0.01,3.0,NORMAL,0.001022070744216348,0.0
1704067620.0,9998.793663495439,SCALE,0.01,3.0,NORMAL,0.00099409865367098,0.0
1704067680.0,9998.628041814438,SCALE,0.01,3.0,NORMAL,0.001010646353551476,0.0
1704067740.0,9998.925984019937,SCALE,0.01,3.0,NORMAL,0.000980878160350242,0.0
1704067800.0,9998.039230215438,SCALE,0.01,3.0,NORMAL,0.0010694760766139524,0.0
1704067860.0,9996.881941351938,SCALE,0.01,3.0,NORMAL,0.0011851038656361319,0.0
1704067920.0,9997.385289805938,SCALE,0.01,3.0,NORMAL,0.0011348129912664236,0.0
1704067980.0,9996.857481210438,SCALE,0.01,3.0,NORMAL,0.0011875477430205816,0.0
1704068040.0,9996.626141317938,SCALE,0.01,3.0,NORMAL,0.0012106615231026632,0.0
1704068100.0,9995.977800217937,SCALE,0.01,3.0,NORMAL,0.0012754389959443,0.0
1704068160.0,9995.056271754438,SCALE,0.01,3.0,NORMAL,0.001367511340296744,0.0
1704068220.0,9996.173481349937,SCALE,0.01,3.0,NORMAL,0.0012558879768685193,0.0
1704068280.0,9997.037837916438,SCALE,0.01,3.0,NORMAL,0.0011695278278483295,0.0
1704068340.0,9997.485193275437,SCALE,0.01,3.0,NORMAL,0.0011248313715876946,0.0
1704068400.0,9997.471637052438,SCALE,0.01,3.0,NORMAL,0.0011261858096560885,0.0
1704068460.0,9997.863883417938,SCALE,0.01,3.0,NORMAL,0.0010869954385869603,0.0
1704068520.0,9997.419180363438,SCALE,0.01,3.0,NORMAL,0.0011314268960950751,0.0
1704068580.0,9997.210237708938,SCALE,0.01,3.0,NORMAL,0.0011523029089336363,0.0
1704068640.0,9997.040784921437,SCALE,0.01,3.0,NORMAL,0.0011692333847900145,0.0
1704068700.0,9996.272795418437,SCALE,0.01,3.0,NORMAL,0.0012459652458013807,0.0
1704068760.0,9997.344326436438,SCALE,0.01,3.0,NORMAL,0.001138905749777764,0.0
1704068820.0,9998.158583917937,SCALE,0.01,3.0,NORMAL,0.001057551132750018,0.0
1704068880.0,9998.618021997438,SCALE,0.01,3.0,NORMAL,0.001011647459949965,0.0
1704068940.0,9998.638061631438,SCALE,0.01,3.0,NORMAL,0.0010096452471529873,0.0
1704069000.0,9999.469706442438,SCALE,0.01,3.0,NORMAL,0.0009265534160807835,0.0
1704069060.0,9999.750261318437,SCALE,0.01,3.0,NORMAL,0.0008985224369240071,0.0
1704069120.0,10000.011955362437,PRO,0.005,3.0,NORMAL,0.0008723758933406642,0.0
1704069180.0,9999.991031626938,SCALE,0.01,3.0,NORMAL,0.0008744664390550271,0.0
1704069240.0,10000.311960471437,PRO,0.005,3.0,NORMAL,0.0008424015899985006,0.0
1704069300.0,10000.407738133938,PRO,0.005,3.0,NORMAL,0.0008328321906014489,0.0
1704069360.0,9999.814800727938,SCALE,0.01,3.0,NORMAL,0.0008920741339456023,0.0
1704069420.0,9998.740028004438,SCALE,0.01,3.0,NORMAL,0.000999457517333329,0.0
1704069480.0,9998.971367896938,SCALE,0.01,3.0,NORMAL,0.0009763437372512474,0.0
1704069540.0,9997.810247926938,SCALE,0.01,3.0,NORMAL,0.0010923543022493092,0.0
1704069600.0,9997.892469366438,SCALE,0.01,3.0,NORMAL,0.001084139340920833,0.0
1704069660.0,9998.518118527938,SCALE,0.01,3.0,NORMAL,0.0010216290796286939,0.0
1704069720.0,9998.492184883939,SCALE,0.01,3.0,NORMAL,0.0010242201785423011,0.0
1704069780.0,9998.649260250439,SCALE,0.01,3.0,NORMAL,0.0010085263635311362,0.0
1704069840.0,9998.001803251938,SCALE,0.01,3.0,NORMAL,0.0010732155034552057,0.0
1704069900.0,9997.392067917437,SCALE,0.01,3.0,NORMAL,0.0011341357722322266,0.0
1704069960.0,9997.288628041937,SCALE,0.01,3.0,NORMAL,0.0011444707235810424,0.0
1704070020.0,9997.863588717437,SCALE,0.01,3.0,NORMAL,0.0010870248828929372,0.0
1704070080.0,9998.244047062937,SCALE,0.01,3.0,NORMAL,0.0010490122840572502,0.0
1704070140.0,9998.557608394938,SCALE,0.01,3.0,NORMAL,0.0010176835426465108,0.0
1704070200.0,9998.056912245438,SCALE,0.01,3.0,NORMAL,0.0010677094182636993,0.0
1704070260.0,9998.000919150438,SCALE,0.01,3.0,NORMAL,0.001073303836372773,0.0
1704070320.0,9998.001213850937,SCALE,0.01,3.0,NORMAL,0.0010732743920669778,0.0
1704070380.0,9998.000919150438,SCALE,0.01,3.0,NORMAL,0.001073303836372773,0.0
1704070440.0,9997.464564240438,SCALE,0.01,3.0,NORMAL,0.0011268924729962624,0.0
1704070500.0,9997.301889564438,SCALE,0.01,3.0,NORMAL,0.001143145729818262,0.0
1704070560.0,9996.857481210438,SCALE,0.01,3.0,NORMAL,0.0011875477430205816,0.0
1704070620.0,9996.545688081438,SCALE,0.01,3.0,NORMAL,0.0012186998185961867,0.0
1704070680.0,9996.559833705438,SCALE,0.01,3.0,NORMAL,0.0012172864919160207,0.0
1704070740.0,9997.002473856437,SCALE,0.01,3.0,NORMAL,0.0011730611445488351,0.0
1704070800.0,9997.585096744937,SCALE,0.01,3.0,NORMAL,0.0011148497519089657,0.0
1704070860.0,9997.910151396438,SCALE,0.01,3.0,NORMAL,0.0010823726825705802,0.0
1704070920.0,9997.413286353438,SCALE,0.01,3.0,NORMAL,0.0011320157822118867,0.0
1704070980.0,9998.005339657937,SCALE,0.01,3.0,NORMAL,0.0010728621717853006,0.0
1704071040.0,9998.172434841437,SCALE,0.01,3.0,NORMAL,0.001056167250375647,0.0
1704071100.0,9998.007991962439,SCALE,0.01,3.0,NORMAL,0.001072597173032599,0.0
1704071160.0,9997.474584057438,SCALE,0.01,3.0,NORMAL,0.0011258913665977736,0.0
1704071220.0,9997.775473267937,SCALE,0.01,3.0,NORMAL,0.0010958287303382247,0.0
1704071280.0,9997.776946770438,SCALE,0.01,3.0,NORMAL,0.0010956815088088855,0.0
1704071340.0,9998.135007877938,SCALE,0.01,3.0,NORMAL,0.0010599066772169006,0.0
1704071400.0,9997.784019582437,SCALE,0.01,3.0,NORMAL,0.0010949748454688933,0.0
1704071460.0,9997.863294016937,SCALE,0.01,3.0,NORMAL,0.0010870543271987321,0.0
1704071520.0,9997.677043300939,SCALE,0.01,3.0,NORMAL,0.0011056631284876144,0.0
1704071580.0,9997.124479863438,SCALE,0.01,3.0,NORMAL,0.0011608712019321992,0.0
1704071640.0,9997.264757301438,SCALE,0.01,3.0,NORMAL,0.0011468557123537203,0.0
1704071700.0,9996.958268781438,SCALE,0.01,3.0,NORMAL,0.0011774777904242856,0.0
1704071760.0,9996.399221932938,SCALE,0.01,3.0,NORMAL,0.0012333336385972724,0.0
1704071820.0,9996.461403738438,SCALE,0.01,3.0,NORMAL,0.0012271208900655921,0.0
1704071880.0,9996.642644545938,SCALE,0.01,3.0,NORMAL,0.0012090126419757726,0.0
1704071940.0,9996.460814337437,SCALE,0.01,3.0,NORMAL,0.0012271797786773642,0.0
1704072000.0,9996.272795418437,SCALE,0.01,3.0,NORMAL,0.0012459652458013807,0.0
1704072060.0,9996.191752780938,SCALE,0.01,3.0,NORMAL,0.0012540624299064943,0.0
1704072120.0,9996.273679519938,SCALE,0.01,3.0,NORMAL,0.0012458769128838134,0.0
1704072180.0,9996.638813439438,SCALE,0.01,3.0,NORMAL,0.0012093954179516547,0.0
1704072240.0,9996.918778914438,SCALE,0.01,3.0,NORMAL,0.0011814233274064687,0.0
1704072300.0,9996.638224038437,SCALE,0.01,3.0,NORMAL,0.0012094543065634268,0.0
1704072360.0,9996.022299993438,SCALE,0.01,3.0,NORMAL,0.0012709929057628726,0.0
1704072420.0,9996.021121191437,SCALE,0.01,3.0,NORMAL,0.0012711106829862348,0.0
1704072480.0,9996.141358995437,SCALE,0.01,3.0,NORMAL,0.0012590974062047333,0.0
1704072540.0,9996.474075859938,SCALE,0.01,3.0,NORMAL,0.0012258547849145836,0.0
1704072600.0,9996.193815684437,SCALE,0.01,3.0,NORMAL,0.0012538563197657467,0.0
1704072660.0,9995.669543494938,SCALE,0.01,3.0,NORMAL,0.001306237739849818,0.0
1704072720.0,9994.675518708438,SCALE,0.01,3.0,NORMAL,0.001405553383438226,0.0
1704072780.0,9994.350464056937,SCALE,0.01,3.0,NORMAL,0.0014380304527766116,0.0
1704072840.0,9994.350464056937,SCALE,0.01,3.0,NORMAL,0.0014380304527766116,0.0
1704072900.0,9992.736094717939,SCALE,0.01,3.0,NORMAL,0.0015993263601519379,0.0
1704072960.0,9991.198052808437,SCALE,0.01,3.0,NORMAL,0.0017529961923157813,0.0
1704073020.0,9990.051667863438,SCALE,0.01,3.0,NORMAL,0.0018675345420219051,0.0
1704073080.0,9988.431699214938,SCALE,0.01,3.0,NORMAL,0.0020293898912082478,0.0
1704073140.0,9989.862175441938,SCALE,0.01,3.0,NORMAL,0.001886467230675079,0.0
1704073200.0,9990.319550617938,SCALE,0.01,3.0,NORMAL,0.0018407696680159554,0.0
1704073260.0,9989.506766638937,SCALE,0.01,3.0,NORMAL,0.0019219770635147259,0.0
1704073320.0,9989.980939743438,SCALE,0.01,3.0,NORMAL,0.0018746011754227348,0.0
1704073380.0,9990.363460992437,SCALE,0.01,3.0,NORMAL,0.0018363824664463,0.0
1704073440.0,9990.452165842938,SCALE,0.01,3.0,NORMAL,0.0018275197303892405,0.0
1704073500.0,9990.511400643438,SCALE,0.01,3.0,NORMAL,0.001821601424916057,0.0
1704073560.0,9990.319255917439,SCALE,0.01,3.0,NORMAL,0.0018407991123217506,0.0
1704073620.0,9991.293830470937,SCALE,0.01,3.0,NORMAL,0.0017434267929187296,0.0
1704073680.0,9991.145006718438,SCALE,0.01,3.0,NORMAL,0.0017582961673663583,0.0
1704073740.0,9990.437136117438,SCALE,0.01,3.0,NORMAL,0.0018290213899869736,0.0
1704073800.0,9990.908656917438,SCALE,0.01,3.0,NORMAL,0.0017819105006476842,0.0
1704073860.0,9990.640184761938,SCALE,0.01,3.0,NORMAL,0.001808734263265224,0.0
1704073920.0,9991.073689197437,SCALE,0.01,3.0,NORMAL,0.00176542168937896,0.0
1704073980.0,9991.556998017437,SCALE,0.01,3.0,NORMAL,0.0017171330278062294,0.0
1704074040.0,9991.426150995438,SCALE,0.01,3.0,NORMAL,0.0017302062995978099,0.0
1704074100.0,9991.852287918438,SCALE,0.01,3.0,NORMAL,0.0016876298333573332,0.0
1704074160.0,9992.163196945938,SCALE,0.01,3.0,NORMAL,0.0016565660906992955,0.0
1704074220.0,9992.548959900438,SCALE,0.01,3.0,NORMAL,0.0016180234943585687,0.0
1704074280.0,9992.548665199938,SCALE,0.01,3.0,NORMAL,0.001618052938664364,0.0
1704074340.0,9992.925881839938,SCALE,0.01,3.0,NORMAL,0.0015803642271929688,0.0
1704074400.0,9993.209089020438,SCALE,0.01,3.0,NORMAL,0.001552068249283491,0.0
1704074460.0,9993.390919228937,SCALE,0.01,3.0,NORMAL,0.001533901112582081,0.0
1704074520.0,9993.585421558937,SCALE,0.01,3.0,NORMAL,0.0015144678707296629,0.0
1704074580.0,9993.803205228438,SCALE,0.01,3.0,NORMAL,0.0014927085287159752,0.0
1704074640.0,9994.392606228437,SCALE,0.01,3.0,NORMAL,0.0014338199170419088,0.0
1704074700.0,9994.098789829937,SCALE,0.01,3.0,NORMAL,0.0014631758899614658,0.0
1704074760.0,9994.517853940937,SCALE,0.01,3.0,NORMAL,0.001421306087061163,0.0
1704074820.0,9994.471585962438,SCALE,0.01,3.0,NORMAL,0.0014259288430775428,0.0
1704074880.0,9994.313331793937,SCALE,0.01,3.0,NORMAL,0.00144174043531207,0.0
1704074940.0,9994.830531171438,SCALE,0.01,3.0,NORMAL,0.0013900656785679907,0.0
1704075000.0,9994.830531171438,SCALE,0.01,3.0,NORMAL,0.0013900656785679907,0.0
1704075060.0,9994.489562692937,SCALE,0.01,3.0,NORMAL,0.0014241327404214948,0.0
1704075120.0,9994.766286462438,SCALE,0.01,3.0,NORMAL,0.0013964845372404187,0.0
1704075180.0,9994.765991761938,SCALE,0.01,3.0,NORMAL,0.001396513981546214,0.0
1704075240.0,9994.603611786439,SCALE,0.01,3.0,NORMAL,0.001412737794062418,0.0
1704075300.0,9994.666972393938,SCALE,0.01,3.0,NORMAL,0.0014064072683075573,0.0
1704075360.0,9994.603611786439,SCALE,0.01,3.0,NORMAL,0.001412737794062418,0.0
1704075420.0,9995.355687462437,SCALE,0.01,3.0,NORMAL,0.0013375959255663523,0.0
1704075480.0,9995.153228218938,SCALE,0.01,3.0,NORMAL,0.00135782416367633,0.0
1704075540.0,9995.211873618438,SCALE,0.01,3.0,NORMAL,0.0013519647468147366,0.0
1704075600.0,9994.681118017937,SCALE,0.01,3.0,NORMAL,0.0014049939416273913,0.0
1704075660.0,9994.682296819938,SCALE,0.01,3.0,NORMAL,0.001404876164404029,0.0
1704075720.0,9994.177474863438,SCALE,0.01,3.0,NORMAL,0.0014553142603028948,0.0
1704075780.0,9994.527579057438,SCALE,0.01,3.0,NORMAL,0.0014203344249684691,0.0
1704075840.0,9994.916878417938,SCALE,0.01,3.0,NORMAL,0.0013814384969576558,0.0
1704075900.0,9994.916878417938,SCALE,0.01,3.0,NORMAL,0.0013814384969576558,0.0
1704075960.0,9994.916583717437,SCALE,0.01,3.0,NORMAL,0.0013814679412636327,0.0
1704076020.0,9994.916583717437,SCALE,0.01,3.0,NORMAL,0.0013814679412636327,0.0
1704076080.0,9994.916583717437,SCALE,0.01,3.0,NORMAL,0.0013814679412636327,0.0
1704076140.0,9994.916583717437,SCALE,0.01,3.0,NORMAL,0.0013814679412636327,0.0
1704076200.0,9994.203408507437,SCALE,0.01,3.0,NORMAL,0.0014527231613892875,0.0
1704076260.0,9993.967353406937,SCALE,0.01,3.0,NORMAL,0.0014763080503648184,0.0
1704076320.0,9993.326379819438,SCALE,0.01,3.0,NORMAL,0.0015403494155603042,0.0
1704076380.0,9993.326379819438,SCALE,0.01,3.0,NORMAL,0.0015403494155603042,0.0
1704076440.0,9993.141307905438,SCALE,0.01,3.0,NORMAL,0.0015588404396260059,0.0
1704076500.0,9993.141602605938,SCALE,0.01,3.0,NORMAL,0.0015588109953202107,0.0
1704076560.0,9993.141602605938,SCALE,0.01,3.0,NORMAL,0.0015588109953202107,0.0
1704076620.0,9993.797605918937,SCALE,0.01,3.0,NORMAL,0.0014932679705269916,0.0
1704076680.0,9993.475498272437,SCALE,0.01,3.0,NORMAL,0.0015254505968068804,0.0
1704076740.0,9994.140637300938,SCALE,0.01,3.0,NORMAL,0.0014589947985325581,0.0
1704076800.0,9994.529052559938,SCALE,0.01,3.0,NORMAL,0.001420187203439312,0.0
1704076860.0,9995.212757719937,SCALE,0.01,3.0,NORMAL,0.0013518764138973512,0.0
1704076920.0,9995.299989067938,SCALE,0.01,3.0,NORMAL,0.001343160899369449,0.0
1704076980.0,9995.219241130937,SCALE,0.01,3.0,NORMAL,0.0013512286391689492,0.0
1704077040.0,9995.218946430437,SCALE,0.01,3.0,NORMAL,0.0013512580834747444,0.0
1704077100.0,9995.218946430437,SCALE,0.01,3.0,NORMAL,0.0013512580834747444,0.0
1704077160.0,9995.153228218938,SCALE,0.01,3.0,NORMAL,0.00135782416367633,0.0
1704077220.0,9995.249595282437,SCALE,0.01,3.0,NORMAL,0.0013481958756676878,0.0
1704077280.0,9995.318555199437,SCALE,0.01,3.0,NORMAL,0.0013413059081018106,0.0
1704077340.0,9995.934479244437,SCALE,0.01,3.0,NORMAL,0.0012797673089023649,0.0
1704077400.0,9995.587911456438,SCALE,0.01,3.0,NORMAL,0.0013143938125667037,0.0
1704077460.0,9993.785228497938,SCALE,0.01,3.0,NORMAL,0.0014945046313720233,0.0
1704077520.0,9993.995939355438,SCALE,0.01,3.0,NORMAL,0.0014734519526985095,0.0
1704077580.0,9994.034545120938,SCALE,0.01,3.0,NORMAL,0.0014695947486338937,0.0
1704077640.0,9994.320994006937,SCALE,0.01,3.0,NORMAL,0.0014409748833603057,0.0
1704077700.0,9994.034545120938,SCALE,0.01,3.0,NORMAL,0.0014695947486338937,0.0
1704077760.0,9994.129143981438,SCALE,0.01,3.0,NORMAL,0.0014601431264602044,0.0
1704077820.0,9993.882479662938,SCALE,0.01,3.0,NORMAL,0.001484788010445814,0.0
1704077880.0,9993.882774363437,SCALE,0.01,3.0,NORMAL,0.0014847585661400188,0.0
1704077940.0,9993.882479662938,SCALE,0.01,3.0,NORMAL,0.001484788010445814,0.0
1704078000.0,9994.059889363938,SCALE,0.01,3.0,NORMAL,0.0014670625383318766,0.0
1704078060.0,9994.267063815438,SCALE,0.01,3.0,NORMAL,0.0014463631913284498,0.0
1704078120.0,9993.719510286437,SCALE,0.01,3.0,NORMAL,0.0015010707115737905,0.0
1704078180.0,9993.719510286437,SCALE,0.01,3.0,NORMAL,0.0015010707115737905,0.0
1704078240.0,9994.731217102937,SCALE,0.01,3.0,NORMAL,0.0013999884096351294,0.0
1704078300.0,9994.786326096437,SCALE,0.01,3.0,NORMAL,0.001394482324443623,0.0
1704078360.0,9994.176590761937,SCALE,0.01,3.0,NORMAL,0.001455402593220462,0.0
1704078420.0,9994.327182717438,SCALE,0.01,3.0,NORMAL,0.0014403565529376992,0.0
1704078480.0,9994.872083941938,SCALE,0.01,3.0,NORMAL,0.0013859140314448782,0.0
1704078540.0,9995.134662087437,SCALE,0.01,3.0,NORMAL,0.0013596791549441499,0.0
1704078600.0,9995.133777985939,SCALE,0.01,3.0,NORMAL,0.0013597674878615355,0.0
1704078660.0,9994.951063675939,SCALE,0.01,3.0,NORMAL,0.0013780229574805124,0.0
1704078720.0,9994.893302377937,SCALE,0.01,3.0,NORMAL,0.0013837940414247202,0.0
1704078780.0,9995.290558651937,SCALE,0.01,3.0,NORMAL,0.0013441031171563475,0.0
1704078840.0,9996.029667505938,SCALE,0.01,3.0,NORMAL,0.0012702567981169035,0.0
1704078900.0,9996.635277033438,SCALE,0.01,3.0,NORMAL,0.0012097487496217417,0.0
1704078960.0,9996.920841817937,SCALE,0.01,3.0,NORMAL,0.0011812172172657209,0.0
1704079020.0,9996.918189513437,SCALE,0.01,3.0,NORMAL,0.0011814822160182406,0.0
1704079080.0,9997.140688390939,SCALE,0.01,3.0,NORMAL,0.0011592517651111038,0.0
1704079140.0,9997.274482417937,SCALE,0.01,3.0,NORMAL,0.0011458840502612084,0.0
1704079200.0,9997.344915837437,SCALE,0.01,3.0,NORMAL,0.0011388468611661737,0.0
1704079260.0,9997.133615578938,SCALE,0.01,3.0,NORMAL,0.0011599584284512777,0.0
1704079320.0,9997.569182917938,SCALE,0.01,3.0,NORMAL,0.0011164397444240843,0.0
1704079380.0,9998.109958335437,SCALE,0.01,3.0,NORMAL,0.0010624094432131225,0.0
1704079440.0,9998.044534824438,SCALE,0.01,3.0,NORMAL,0.0010689460791089127,0.0
1704079500.0,9997.815552535938,SCALE,0.01,3.0,NORMAL,0.0010918243047442697,0.0
1704079560.0,9998.217524017939,SCALE,0.01,3.0,NORMAL,0.0010516622715824476,0.0
1704079620.0,9998.325973801937,SCALE,0.01,3.0,NORMAL,0.0010408267670345692,0.0
1704079680.0,9998.414089251437,SCALE,0.01,3.0,NORMAL,0.0010320229195892817,0.0
1704079740.0,9998.351023344438,SCALE,0.01,3.0,NORMAL,0.0010383240010383473,0.0
1704079800.0,9997.704155746938,SCALE,0.01,3.0,NORMAL,0.0011029542523506447,0.0
1704079860.0,9997.922528817438,SCALE,0.01,3.0,NORMAL,0.0010811360217253669,0.0
1704079920.0,9998.285599833438,SCALE,0.01,3.0,NORMAL,0.0010448606369341377,0.0
1704079980.0,9998.839342072937,SCALE,0.01,3.0,NORMAL,0.0009895347862663721,0.0
1704080040.0,9998.839636773439,SCALE,0.01,3.0,NORMAL,0.0009895053419603952,0.0
1704080100.0,9998.851130092939,SCALE,0.01,3.0,NORMAL,0.000988357014032749,0.0
1704080160.0,9998.303281863438,SCALE,0.01,3.0,NORMAL,0.0010430939785838846,0.0
1704080220.0,9998.453284417938,SCALE,0.01,3.0,NORMAL,0.0010281068269128938,0.0
1704080280.0,9999.219505717938,SCALE,0.01,3.0,NORMAL,0.0009515516317364802,0.0
1704080340.0,9999.571378114937,SCALE,0.01,3.0,NORMAL,0.000916395130567102,0.0
1704080400.0,10000.035236701939,PRO,0.005,3.0,NORMAL,0.0008700497931793949,0.0
1704080460.0,10000.221782118439,PRO,0.005,3.0,NORMAL,0.0008514115475845359,0.0
1704080520.0,10000.882500639438,PRO,0.005,3.0,NORMAL,0.0007853974138978677,0.0
1704080580.0,10003.073009455939,PRO,0.005,3.0,NORMAL,0.000566537888610892,0.0
1704080640.0,10002.101971308437,PRO,0.005,3.0,NORMAL,0.0006635568763441895,0.0
1704080700.0,10002.876149521937,PRO,0.005,3.0,NORMAL,0.0005862066849102167,0.0
1704080760.0,10002.833123248938,PRO,0.005,3.0,NORMAL,0.0005905055535623049,0.0
1704080820.0,10002.228397822937,PRO,0.005,3.0,NORMAL,0.0006509252691400813,0.0
1704080880.0,10001.753340616939,PRO,0.005,3.0,NORMAL,0.000698389490149276,0.0
1704080940.0,10000.824149940438,PRO,0.005,3.0,NORMAL,0.0007912273864536659,0.0
1704081000.0,10000.926411013937,PRO,0.005,3.0,NORMAL,0.0007810102123282124,0.0
1704081060.0,10001.331329500937,PRO,0.005,3.0,NORMAL,0.0007405537361080755,0.0
1704081120.0,10001.331329500937,PRO,0.005,3.0,NORMAL,0.0007405537361080755,0.0
1704081180.0,10001.989690417939,PRO,0.005,3.0,NORMAL,0.00067477515686795,0.0
1704081240.0,10001.666698669938,PRO,0.005,3.0,NORMAL,0.0007070461160654061,0.0
1704081300.0,10001.120618643437,PRO,0.005,3.0,NORMAL,0.0007616064147815891,0.0
1704081360.0,10000.881027136938,PRO,0.005,3.0,NORMAL,0.0007855446354270251,0.0
1704081420.0,10001.048417020938,PRO,0.005,3.0,NORMAL,0.0007688202697115765,0.0
1704081480.0,10001.636049817938,PRO,0.005,3.0,NORMAL,0.0007101083238724626,0.0
1704081540.0,10001.267968893439,PRO,0.005,3.0,NORMAL,0.0007468842618629362,0.0
1704081600.0,10001.101757811437,PRO,0.005,3.0,NORMAL,0.0007634908503552044,0.0
1704081660.0,10000.734266287938,PRO,0.005,3.0,NORMAL,0.000800207899733906,0.0
1704081720.0,10000.400370621437,PRO,0.005,3.0,NORMAL,0.0008335682982474179,0.0
1704081780.0,10000.399781220438,PRO,0.005,3.0,NORMAL,0.0008336271868590082,0.0
1704081840.0,10000.428661869437,PRO,0.005,3.0,NORMAL,0.000830741644887086,0.0
1704081900.0,10000.071190162938,PRO,0.005,3.0,NORMAL,0.0008664575878672988,0.0
1704081960.0,9999.886118248938,SCALE,0.01,3.0,NORMAL,0.0008849486119330005,0.0
1704082020.0,9999.884644746438,SCALE,0.01,3.0,NORMAL,0.0008850958334621579,0.0
1704082080.0,9999.884644746438,SCALE,0.01,3.0,NORMAL,0.0008850958334621579,0.0
1704082140.0,10000.545363267438,PRO,0.005,3.0,NORMAL,0.0008190816997754897,0.0
1704082200.0,10000.693008217937,PRO,0.005,3.0,NORMAL,0.0008043301025512233,0.0
1704082260.0,10000.660885863437,PRO,0.005,3.0,NORMAL,0.0008075395318874373,0.0
1704082320.0,10000.872186121938,PRO,0.005,3.0,NORMAL,0.0007864279646021515,0.0
1704082380.0,10002.144702880938,PRO,0.005,3.0,NORMAL,0.0006592874519977148,0.0
1704082440.0,10002.534886342937,PRO,0.005,3.0,NORMAL,0.0006203031910695159,0.0
1704082500.0,10003.251008557938,PRO,0.005,3.0,NORMAL,0.0005487535278853644,0.0
1704082560.0,10002.598246950438,PRO,0.005,3.0,NORMAL,0.0006139726653144733,0.0
1704082620.0,10003.413977934439,PRO,0.005,3.0,NORMAL,0.000532470826757388,0.0
1704082680.0,10003.430775862938,PRO,0.005,3.0,NORMAL,0.0005307925013247022,0.0
1704082740.0,10003.063284339438,PRO,0.005,3.0,NORMAL,0.0005675095507035856,0.0
1704082800.0,10004.266546480938,PRO,0.005,3.0,NORMAL,0.0004472884499708212,0.0
1704082860.0,10004.253284958437,PRO,0.005,3.0,NORMAL,0.0004486134437336017,0.0
1704082920.0,10003.364468250438,PRO,0.005,3.0,NORMAL,0.0005374174701380598,0.0
1704082980.0,10002.788918173937,PRO,0.005,3.0,NORMAL,0.0005949221994379371,0.0
1704083040.0,10001.724459967938,PRO,0.005,3.0,NORMAL,0.0007012750321213799,0.0
1704083100.0,10002.385767889939,PRO,0.005,3.0,NORMAL,0.0006352020098229396,0.0
1704083160.0,10002.428794162937,PRO,0.005,3.0,NORMAL,0.0006309031411708514,0.0
1704083220.0,10002.786855270439,PRO,0.005,3.0,NORMAL,0.0005951283095786848,0.0
1704083280.0,10002.756206418439,PRO,0.005,3.0,NORMAL,0.0005981905173857413,0.0
1704083340.0,10001.948727048437,PRO,0.005,3.0,NORMAL,0.0006788679153794722,0.0
1704083400.0,10001.757171723439,PRO,0.005,3.0,NORMAL,0.0006980067141733939,0.0
1704083460.0,10002.090477988937,PRO,0.005,3.0,NORMAL,0.0006647052042718357,0.0
1704083520.0,10001.839687863438,PRO,0.005,3.0,NORMAL,0.0006897623085391228,0.0
1704083580.0,10001.568858103938,PRO,0.005,3.0,NORMAL,0.0007168216256033872,0.0
1704083640.0,10001.568858103938,PRO,0.005,3.0,NORMAL,0.0007168216256033872,0.0
1704083700.0,10001.119734541939,PRO,0.005,3.0,NORMAL,0.0007616947476989746,0.0
1704083760.0,10000.986235215438,PRO,0.005,3.0,NORMAL,0.0007750330182432567,0.0
1704083820.0,10001.422391955437,PRO,0.005,3.0,NORMAL,0.000731455445604473,0.0
1704083880.0,10001.565321697937,PRO,0.005,3.0,NORMAL,0.0007171749572734741,0.0
1704083940.0,10001.000970240437,PRO,0.005,3.0,NORMAL,0.0007735608029515004,0.0
1704084000.0,10001.140363576938,PRO,0.005,3.0,NORMAL,0.0007596336462904068,0.0
1704084060.0,10000.843010772438,PRO,0.005,3.0,NORMAL,0.0007893429508800506,0.0
1704084120.0,10001.223469117938,PRO,0.005,3.0,NORMAL,0.0007513303520443636,0.0
1704084180.0,10001.977902397937,PRO,0.005,3.0,NORMAL,0.0006759529291015732,0.0
1704084240.0,10001.842929568938,PRO,0.005,3.0,NORMAL,0.0006894384211748309,0.0
1704084300.0,10001.718565957937,PRO,0.005,3.0,NORMAL,0.0007018639182381915,0.0
1704084360.0,10001.129754358937,PRO,0.005,3.0,NORMAL,0.0007606936413006676,0.0
1704084420.0,10001.015705265438,PRO,0.005,3.0,NORMAL,0.0007720885876595625,0.0
1704084480.0,10000.626995305938,PRO,0.005,3.0,NORMAL,0.0008109256270586039,0.0
1704084540.0,10000.485539065938,PRO,0.005,3.0,NORMAL,0.0008250588938604452,0.0
1704084600.0,10000.718941861938,PRO,0.005,3.0,NORMAL,0.0008017390036374343,0.0
1704084660.0,10000.543005663438,PRO,0.005,3.0,NORMAL,0.0008193172542222142,0.0
1704084720.0,10000.484949664939,PRO,0.005,3.0,NORMAL,0.0008251177824720355,0.0
1704084780.0,10000.619038392437,PRO,0.005,3.0,NORMAL,0.0008117206233163449,0.0
1704084840.0,10000.198206078438,PRO,0.005,3.0,NORMAL,0.0008537670920516004,0.0
1704084900.0,10000.398013017437,PRO,0.005,3.0,NORMAL,0.0008338038526941425,0.0
1704084960.0,10000.397718316937,PRO,0.005,3.0,NORMAL,0.0008338332969999376,0.0
1704085020.0,10000.259503782438,PRO,0.005,3.0,NORMAL,0.0008476426764374873,0.0
1704085080.0,9999.253101574937,SCALE,0.01,3.0,NORMAL,0.0009481949808711088,0.0
1704085140.0,9999.219800418437,SCALE,0.01,3.0,NORMAL,0.0009515221874306851,0.0
1704085200.0,9999.206244195439,SCALE,0.01,3.0,NORMAL,0.000952876625499079,0.0
1704085260.0,10000.298109547937,PRO,0.005,3.0,NORMAL,0.0008437854723728714,0.0
1704085320.0,10000.457542518438,PRO,0.005,3.0,NORMAL,0.0008278561029149821,0.0
1704085380.0,10001.384375590938,PRO,0.005,3.0,NORMAL,0.0007352537610573167,0.0
1704085440.0,10001.549997271937,PRO,0.005,3.0,NORMAL,0.0007187060611770024,0.0
1704085500.0,10000.787607078437,PRO,0.005,3.0,NORMAL,0.0007948784803775339,0.0
1704085560.0,10000.766388642438,PRO,0.005,3.0,NORMAL,0.000796998470397692,0.0
1704085620.0,10000.649981944938,PRO,0.005,3.0,NORMAL,0.0008086289712033115,0.0
1704085680.0,10000.863345106938,PRO,0.005,3.0,NORMAL,0.000787311293777278,0.0
1704085740.0,10000.988003418437,PRO,0.005,3.0,NORMAL,0.0007748563524083041,0.0
1704085800.0,10000.795563991938,PRO,0.005,3.0,NORMAL,0.0007940834841197929,0.0
1704085860.0,10000.822087036937,PRO,0.005,3.0,NORMAL,0.0007914334965945953,0.0
1704085920.0,10000.932894424937,PRO,0.005,3.0,NORMAL,0.0007803624375998105,0.0
1704085980.0,10000.987708717937,PRO,0.005,3.0,NORMAL,0.0007748857967140992,0.0
1704086040.0,10000.634068117937,PRO,0.005,3.0,NORMAL,0.0008102189637186118,0.0
1704086100.0,10000.634068117937,PRO,0.005,3.0,NORMAL,0.0008102189637186118,0.0
1704086160.0,10001.047827619937,PRO,0.005,3.0,NORMAL,0.0007688791583233484,0.0
1704086220.0,10000.573359814938,PRO,0.005,3.0,NORMAL,0.0008162844907209528,0.0
1704086280.0,10000.397423616438,PRO,0.005,3.0,NORMAL,0.0008338627413057328,0.0
1704086340.0,10000.516187917938,PRO,0.005,3.0,NORMAL,0.0008219966860533888,0.0
1704086400.0,10000.649097843438,PRO,0.005,3.0,NORMAL,0.0008087173041208787,0.0
1704086460.0,10000.941735439937,PRO,0.005,3.0,NORMAL,0.0007794791084246841,0.0
1704086520.0,10000.929358018937,PRO,0.005,3.0,NORMAL,0.0007807157692698974,0.0
1704086580.0,10001.037218401938,PRO,0.005,3.0,NORMAL,0.0007699391533334275,0.0
1704086640.0,10001.036923701438,PRO,0.005,3.0,NORMAL,0.0007699685976392226,0.0
1704086700.0,10001.030734990938,PRO,0.005,3.0,NORMAL,0.0007705869280618293,0.0
1704086760.0,10001.223469117938,PRO,0.005,3.0,NORMAL,0.0007513303520443636,0.0
1704086820.0,10002.164153113938,PRO,0.005,3.0,NORMAL,0.0006573441278125093,0.0
1704086880.0,10002.215136300438,PRO,0.005,3.0,NORMAL,0.00065225026290268,0.0
1704086940.0,10002.228103122437,PRO,0.005,3.0,NORMAL,0.0006509547134458764,0.0
1704087000.0,10001.942833038438,PRO,0.005,3.0,NORMAL,0.0006794568014961021,0.0
1704087060.0,10002.121421541438,PRO,0.005,3.0,NORMAL,0.0006616135521588023,0.0
1704087120.0,10002.108454719437,PRO,0.005,3.0,NORMAL,0.0006629091016157877,0.0
1704087180.0,10001.677013187438,PRO,0.005,3.0,NORMAL,0.0007060155653611221,0.0
1704087240.0,10001.791356981437,PRO,0.005,3.0,NORMAL,0.0006945911746964322,0.0
1704087300.0,10002.108160018937,PRO,0.005,3.0,NORMAL,0.0006629385459215829,0.0
1704087360.0,10002.562293489438,PRO,0.005,3.0,NORMAL,0.0006175648706265693,0.0
1704087420.0,10002.640978522937,PRO,0.005,3.0,NORMAL,0.0006097032409681803,0.0
1704087480.0,10002.495985876938,PRO,0.005,3.0,NORMAL,0.0006241898394399268,0.0
1704087540.0,10002.755911717937,PRO,0.005,3.0,NORMAL,0.0005982199616917182,0.0
1704087600.0,10002.536654545938,PRO,0.005,3.0,NORMAL,0.0006201265252343815,0.0
1704087660.0,10002.226629619938,PRO,0.005,3.0,NORMAL,0.0006511019349750339,0.0
1704087720.0,10002.475651542438,PRO,0.005,3.0,NORMAL,0.0006262214965426995,0.0
1704087780.0,10002.009140650938,PRO,0.005,3.0,NORMAL,0.0006728318326827446,0.0
1704087840.0,10002.165921316939,PRO,0.005,3.0,NORMAL,0.0006571674619773749,0.0
1704087900.0,10002.820745827938,PRO,0.005,3.0,NORMAL,0.0005917422144075182,0.0
1704087960.0,10002.962202067938,PRO,0.005,3.0,NORMAL,0.0005776089476056768,0.0
1704088020.0,10003.339418707938,PRO,0.005,3.0,NORMAL,0.0005399202361342817,0.0
1704088080.0,10003.607596162938,PRO,0.005,3.0,NORMAL,0.0005131259178225368,0.0
1704088140.0,10003.994243218938,PRO,0.005,3.0,NORMAL,0.00047449498856424316,0.0
1704088200.0,10004.524114717939,PRO,0.005,3.0,NORMAL,0.0004215541266691555,0.0
1704088260.0,10004.111534017939,PRO,0.005,3.0,NORMAL,0.0004627761548410565,0.0
1704088320.0,10004.111828718438,PRO,0.005,3.0,NORMAL,0.00046274671053526137,0.0
1704088380.0,10003.875773617938,PRO,0.005,3.0,NORMAL,0.00048633159951079214,0.0
1704088440.0,10004.289238419438,PRO,0.005,3.0,NORMAL,0.00044502123842132395,0.0
1704088500.0,10004.718027646937,PRO,0.005,3.0,NORMAL,0.00040217977342850924,0.0
1704088560.0,10004.921665692438,PRO,0.005,3.0,NORMAL,0.0003818337580949876,0.0
1704088620.0,10004.352009625938,PRO,0.005,3.0,NORMAL,0.0004387496012780534,0.0
1704088680.0,10004.181378036437,PRO,0.005,3.0,NORMAL,0.00045579785435779385,0.0
1704088740.0,10004.111239317437,PRO,0.005,3.0,NORMAL,0.0004628055991470334,0.0
1704088800.0,10004.519988910937,PRO,0.005,3.0,NORMAL,0.00042196634695101443,0.0
1704088860.0,10004.715375342437,PRO,0.005,3.0,NORMAL,0.000402444772181029,0.0
1704088920.0,10003.902296662938,PRO,0.005,3.0,NORMAL,0.0004836816119854128,0.0
1704088980.0,10003.148452783938,PRO,0.005,3.0,NORMAL,0.0005590001463166129,0.0
1704089040.0,10002.835775553438,PRO,0.005,3.0,NORMAL,0.000590240554809785,0.0
1704089100.0,10002.193623163937,PRO,0.005,3.0,NORMAL,0.000654399697228815,0.0
1704089160.0,10002.134683063938,PRO,0.005,3.0,NORMAL,0.0006602885583962035,0.0
1704089220.0,10002.134977764437,PRO,0.005,3.0,NORMAL,0.0006602591140904084,0.0
1704089280.0,10002.455906608937,PRO,0.005,3.0,NORMAL,0.0006281942650338819,0.0
1704089340.0,10002.455611908437,PRO,0.005,3.0,NORMAL,0.000628223709339677,0.0
1704089400.0,10002.687835902438,PRO,0.005,3.0,NORMAL,0.0006050215963400283,0.0
1704089460.0,10002.687835902438,PRO,0.005,3.0,NORMAL,0.0006050215963400283,0.0
1704089520.0,10002.932732017938,PRO,0.005,3.0,NORMAL,0.0005805533781893711,0.0
1704089580.0,10003.075661760438,PRO,0.005,3.0,NORMAL,0.0005662728898583723,0.0
1704089640.0,10002.873497217437,PRO,0.005,3.0,NORMAL,0.0005864716836627364,0.0
1704089700.0,10002.520446018438,PRO,0.005,3.0,NORMAL,0.000621745962055477,0.0
1704089760.0,10001.914247089937,PRO,0.005,3.0,NORMAL,0.0006823128991624109,0.0
1704089820.0,10001.046943518439,PRO,0.005,3.0,NORMAL,0.0007689674912407339,0.0
1704089880.0,10000.988003418437,PRO,0.005,3.0,NORMAL,0.0007748563524083041,0.0
1704089940.0,10000.928473917438,PRO,0.005,3.0,NORMAL,0.0007808041021872828,0.0
1704090000.0,10001.635755117437,PRO,0.005,3.0,NORMAL,0.0007101377681784395,0.0
1704090060.0,10002.373390468938,PRO,0.005,3.0,NORMAL,0.000636438670668153,0.0
1704090120.0,10002.568776900438,PRO,0.005,3.0,NORMAL,0.0006169170958981676,0.0
1704090180.0,10002.150007489938,PRO,0.005,3.0,NORMAL,0.0006587574544926752,0.0
1704090240.0,10001.837624959937,PRO,0.005,3.0,NORMAL,0.0006899684186800522,0.0
1704090300.0,10001.779568961438,PRO,0.005,3.0,NORMAL,0.0006957689469298735,0.0
1704090360.0,10001.778979560439,PRO,0.005,3.0,NORMAL,0.0006958278355414638,0.0
1704090420.0,10001.544987363437,PRO,0.005,3.0,NORMAL,0.0007192066143762468,0.0
1704090480.0,10001.544692662937,PRO,0.005,3.0,NORMAL,0.0007192360586820419,0.0
1704090540.0,10001.544692662937,PRO,0.005,3.0,NORMAL,0.0007192360586820419,0.0
1704090600.0,10001.730648678438,PRO,0.005,3.0,NORMAL,0.0007006567016987732,0.0
1704090660.0,10001.571510408437,PRO,0.005,3.0,NORMAL,0.0007165566268508675,0.0
1704090720.0,10001.691158811438,PRO,0.005,3.0,NORMAL,0.0007046022386809562,0.0
1704090780.0,10000.788196479438,PRO,0.005,3.0,NORMAL,0.0007948195917657619,0.0
1704090840.0,10001.078771172437,PRO,0.005,3.0,NORMAL,0.0007657875062104968,0.0
1704090900.0,10000.435734681438,PRO,0.005,3.0,NORMAL,0.0008300349815469121,0.0
1704090960.0,10000.633773417438,PRO,0.005,3.0,NORMAL,0.000810248408024407,0.0
1704091020.0,10000.594578250937,PRO,0.005,3.0,NORMAL,0.0008141645007007948,0.0
1704091080.0,10000.672673883437,PRO,0.005,3.0,NORMAL,0.000806361759653996,0.0
1704091140.0,10000.545952668437,PRO,0.005,3.0,NORMAL,0.0008190228111638994,0.0
1704091200.0,10000.128656760438,PRO,0.005,3.0,NORMAL,0.0008607159482290678,0.0
1704091260.0,9999.645053239938,SCALE,0.01,3.0,NORMAL,0.0009090340541077755,0.0
1704091320.0,9999.645053239938,SCALE,0.01,3.0,NORMAL,0.0009090340541077755,0.0
1704091380.0,9999.879045436937,SCALE,0.01,3.0,NORMAL,0.0008856552752731743,0.0
1704091440.0,9999.879045436937,SCALE,0.01,3.0,NORMAL,0.0008856552752731743,0.0
1704091500.0,9999.699278131937,SCALE,0.01,3.0,NORMAL,0.0009036163018338363,0.0
1704091560.0,9999.555464287938,SCALE,0.01,3.0,NORMAL,0.0009179851230822206,0.0
1704091620.0,9999.913820095937,SCALE,0.01,3.0,NORMAL,0.0008821808471844405,0.0
1704091680.0,9999.700456933937,SCALE,0.01,3.0,NORMAL,0.0009034985246104741,0.0
1704091740.0,9999.807433215437,SCALE,0.01,3.0,NORMAL,0.0008928102415915713,0.0
1704091800.0,9999.913820095937,SCALE,0.01,3.0,NORMAL,0.0008821808471844405,0.0
1704091860.0,9999.264594894437,SCALE,0.01,3.0,NORMAL,0.0009470466529434625,0.0
1704091920.0,9998.806925017938,SCALE,0.01,3.0,NORMAL,0.0009927736599083812,0.0
1704091980.0,9998.597982363437,SCALE,0.01,3.0,NORMAL,0.0010136496727469423,0.0
1704092040.0,9998.880305442437,SCALE,0.01,3.0,NORMAL,0.0009854420277550316,0.0
1704092100.0,9999.220684519938,SCALE,0.01,3.0,NORMAL,0.0009514338545131179,0.0
1704092160.0,9999.476189853438,SCALE,0.01,3.0,NORMAL,0.0009259056413523817,0.0
1704092220.0,9999.041211915437,SCALE,0.01,3.0,NORMAL,0.0009693654367679849,0.0
1704092280.0,9999.219505717938,SCALE,0.01,3.0,NORMAL,0.0009515516317364802,0.0
1704092340.0,9999.317051583437,SCALE,0.01,3.0,NORMAL,0.0009418055665044759,0.0
1704092400.0,9998.523717837437,SCALE,0.01,3.0,NORMAL,0.0010210696378178592,0.0
1704092460.0,9997.814079033438,SCALE,0.01,3.0,NORMAL,0.0010919715262734271,0.0
1704092520.0,9997.646689149438,SCALE,0.01,3.0,NORMAL,0.0011086958919888758,0.0
1704092580.0,9997.191376876937,SCALE,0.01,3.0,NORMAL,0.0011541873445072516,0.0
1704092640.0,9998.276169417437,SCALE,0.01,3.0,NORMAL,0.001045802854721036,0.0
1704092700.0,9997.670265189437,SCALE,0.01,3.0,NORMAL,0.001106340347521993,0.0
1704092760.0,9996.829484662938,SCALE,0.01,3.0,NORMAL,0.0011903449520751185,0.0
1704092820.0,9997.654351362438,SCALE,0.01,3.0,NORMAL,0.0011079303400371116,0.0
1704092880.0,9998.021548185437,SCALE,0.01,3.0,NORMAL,0.0010712427349642052,0.0
1704092940.0,9997.124185162938,SCALE,0.01,3.0,NORMAL,0.0011609006462379944,0.0
1704093000.0,9997.142751294437,SCALE,0.01,3.0,NORMAL,0.0011590456549703562,0.0
1704093060.0,9997.692367726937,SCALE,0.01,3.0,NORMAL,0.0011041320245842679,0.0
1704093120.0,9997.470458250438,SCALE,0.01,3.0,NORMAL,0.0011263035868794508,0.0
1704093180.0,9997.471637052438,SCALE,0.01,3.0,NORMAL,0.0011261858096560885,0.0
1704093240.0,9997.627828317438,SCALE,0.01,3.0,NORMAL,0.001110580327562491,0.0
1704093300.0,9997.616334997938,SCALE,0.01,3.0,NORMAL,0.0011117286554901372,0.0
1704093360.0,9997.995614541438,SCALE,0.01,3.0,NORMAL,0.0010738338338778125,0.0
1704093420.0,9997.753960131438,SCALE,0.01,3.0,NORMAL,0.0010979781646641778,0.0
1704093480.0,9997.445998108939,SCALE,0.01,3.0,NORMAL,0.0011287474642639008,0.0
1704093540.0,9997.628417718437,SCALE,0.01,3.0,NORMAL,0.0011105214389509007,0.0
1704093600.0,9998.191885074437,SCALE,0.01,3.0,NORMAL,0.0010542239261904416,0.0
1704093660.0,9997.860052311438,SCALE,0.01,3.0,NORMAL,0.0010873782145628423,0.0
1704093720.0,9997.960250481437,SCALE,0.01,3.0,NORMAL,0.0010773671505783181,0.0
1704093780.0,9997.609262185937,SCALE,0.01,3.0,NORMAL,0.001112435318830311,0.0
1704093840.0,9997.609262185937,SCALE,0.01,3.0,NORMAL,0.001112435318830311,0.0
1704093900.0,9996.991864638438,SCALE,0.01,3.0,NORMAL,0.0011741211395589143,0.0
1704093960.0,9996.721329579437,SCALE,0.01,3.0,NORMAL,0.0012011510123173836,0.0
1704094020.0,9996.721329579437,SCALE,0.01,3.0,NORMAL,0.0012011510123173836,0.0
1704094080.0,9997.259747392938,SCALE,0.01,3.0,NORMAL,0.0011473562655529646,0.0
1704094140.0,9996.634982332938,SCALE,0.01,3.0,NORMAL,0.001209778193927537,0.0
1704094200.0,9996.634982332938,SCALE,0.01,3.0,NORMAL,0.001209778193927537,0.0
1704094260.0,9996.791468298437,SCALE,0.01,3.0,NORMAL,0.0011941432675281441,0.0
1704094320.0,9996.328493812938,SCALE,0.01,3.0,NORMAL,0.0012404002719981022,0.0
1704094380.0,9996.478791067937,SCALE,0.01,3.0,NORMAL,0.0012253836760213162,0.0
1704094440.0,9996.413662257437,SCALE,0.01,3.0,NORMAL,0.0012318908676113114,0.0
1704094500.0,9996.413367556937,SCALE,0.01,3.0,NORMAL,0.0012319203119171064,0.0
1704094560.0,9996.413662257437,SCALE,0.01,3.0,NORMAL,0.0012318908676113114,0.0
1704094620.0,9996.331735518437,SCALE,0.01,3.0,NORMAL,0.001240076384633992,0.0
1704094680.0,9996.331440817938,SCALE,0.01,3.0,NORMAL,0.0012401058289397873,0.0
1704094740.0,9996.374172390437,SCALE,0.01,3.0,NORMAL,0.0012358364045934943,0.0
1704094800.0,9997.080569488937,SCALE,0.01,3.0,NORMAL,0.0011652584035020364,0.0
1704094860.0,9997.393541419939,SCALE,0.01,3.0,NORMAL,0.0011339885507028874,0.0
1704094920.0,9997.439514697937,SCALE,0.01,3.0,NORMAL,0.0011293952389924843,0.0
1704094980.0,9997.503464706439,SCALE,0.01,3.0,NORMAL,0.0011230058246256697,0.0
1704095040.0,9997.842664981938,SCALE,0.01,3.0,NORMAL,0.0010891154286073,0.0
1704095100.0,9998.126166862938,SCALE,0.01,3.0,NORMAL,0.001060790006392027,0.0
1704095160.0,9997.156602217938,SCALE,0.01,3.0,NORMAL,0.0011576617725959854,0.0
1704095220.0,9997.421537967437,SCALE,0.01,3.0,NORMAL,0.0011311913416485323,0.0
1704095280.0,9997.348157542938,SCALE,0.01,3.0,NORMAL,0.001138522973801882,0.0
1704095340.0,9997.348157542938,SCALE,0.01,3.0,NORMAL,0.001138522973801882,0.0
1704095400.0,9997.359945562937,SCALE,0.01,3.0,NORMAL,0.0011373452015684407,0.0
1704095460.0,9997.278902925438,SCALE,0.01,3.0,NORMAL,0.0011454423856735543,0.0
1704095520.0,9997.155718116437,SCALE,0.01,3.0,NORMAL,0.0011577501055135525,0.0
1704095580.0,9997.155718116437,SCALE,0.01,3.0,NORMAL,0.0011577501055135525,0.0
1704095640.0,9997.132731477437,SCALE,0.01,3.0,NORMAL,0.0011600467613688448,0.0
1704095700.0,9997.009251967938,SCALE,0.01,3.0,NORMAL,0.0011723839255144565,0.0
1704095760.0,9996.887540661437,SCALE,0.01,3.0,NORMAL,0.0011845444238252972,0.0
1704095820.0,9996.895202874437,SCALE,0.01,3.0,NORMAL,0.0011837788718735331,0.0
1704095880.0,9997.253558682438,SCALE,0.01,3.0,NORMAL,0.0011479745959755714,0.0
1704095940.0,9996.494704894938,SCALE,0.01,3.0,NORMAL,0.0012237936835060158,0.0
1704096000.0,9996.420440368938,SCALE,0.01,3.0,NORMAL,0.0012312136485769327,0.0
1704096060.0,9995.536044168437,SCALE,0.01,3.0,NORMAL,0.0013195760103941,0.0
1704096120.0,9997.259747392938,SCALE,0.01,3.0,NORMAL,0.0011473562655529646,0.0
1704096180.0,9997.651993758438,SCALE,0.01,3.0,NORMAL,0.0011081658944838363,0.0
1704096240.0,9997.451302717938,SCALE,0.01,3.0,NORMAL,0.0011282174667588613,0.0
1704096300.0,9996.862196418439,SCALE,0.01,3.0,NORMAL,0.0011870766341271325,0.0
1704096360.0,9996.718087873938,SCALE,0.01,3.0,NORMAL,0.0012014748996814937,0.0
1704096420.0,9996.718087873938,SCALE,0.01,3.0,NORMAL,0.0012014748996814937,0.0
1704096480.0,9996.718087873938,SCALE,0.01,3.0,NORMAL,0.0012014748996814937,0.0
1704096540.0,9996.717793173439,SCALE,0.01,3.0,NORMAL,0.0012015043439872887,0.0
1704096600.0,9995.950982472437,SCALE,0.01,3.0,NORMAL,0.0012781184277754743,0.0
1704096660.0,9995.664238885938,SCALE,0.01,3.0,NORMAL,0.0013067677373548574,0.0
1704096720.0,9995.623864917437,SCALE,0.01,3.0,NORMAL,0.0013108016072546076,0.0
1704096780.0,9996.188805775937,SCALE,0.01,3.0,NORMAL,0.001254356872964991,0.0
1704096840.0,9995.851668403939,SCALE,0.01,3.0,NORMAL,0.0012880411588424311,0.0
1704096900.0,9995.850784302438,SCALE,0.01,3.0,NORMAL,0.0012881294917599984,0.0
1704096960.0,9995.964243994938,SCALE,0.01,3.0,NORMAL,0.0012767934340126939,0.0
1704097020.0,9995.851079002938,SCALE,0.01,3.0,NORMAL,0.0012881000474542032,0.0
1704097080.0,9995.977505517438,SCALE,0.01,3.0,NORMAL,0.001275468440250095,0.0
1704097140.0,9995.853731307438,SCALE,0.01,3.0,NORMAL,0.0012878350487016835,0.0
1704097200.0,9995.853731307438,SCALE,0.01,3.0,NORMAL,0.0012878350487016835,0.0
1704097260.0,9995.506279417938,SCALE,0.01,3.0,NORMAL,0.0013225498852835894,0.0
1704097320.0,9995.506279417938,SCALE,0.01,3.0,NORMAL,0.0013225498852835894,0.0
1704097380.0,9995.388399217938,SCALE,0.01,3.0,NORMAL,0.0013343276076183664,0.0
1704097440.0,9995.953045375938,SCALE,0.01,3.0,NORMAL,0.001277912317634545,0.0
1704097500.0,9996.932629837938,SCALE,0.01,3.0,NORMAL,0.001180039445032098,0.0
1704097560.0,9996.553939695437,SCALE,0.01,3.0,NORMAL,0.0012178753780328322,0.0
1704097620.0,9996.596376567437,SCALE,0.01,3.0,NORMAL,0.0012136353979923344,0.0
1704097680.0,9996.733707000438,SCALE,0.01,3.0,NORMAL,0.0011999143514721702,0.0
1704097740.0,9996.802961617937,SCALE,0.01,3.0,NORMAL,0.0011929949396004978,0.0
1704097800.0,9996.240083662939,SCALE,0.01,3.0,NORMAL,0.001249233563749185,0.0
1704097860.0,9996.534784162937,SCALE,0.01,3.0,NORMAL,0.0012197892579122425,0.0
1704097920.0,9996.780269679437,SCALE,0.01,3.0,NORMAL,0.0011952621511499952,0.0
1704097980.0,9996.781743181939,SCALE,0.01,3.0,NORMAL,0.001195114929620656,0.0
1704098040.0,9997.418885662937,SCALE,0.01,3.0,NORMAL,0.001131456340401052,0.0
1704098100.0,9996.895497574938,SCALE,0.01,3.0,NORMAL,0.0011837494275675562,0.0
1704098160.0,9996.648833256437,SCALE,0.01,3.0,NORMAL,0.0012083943115533478,0.0
1704098220.0,9996.920252416938,SCALE,0.01,3.0,NORMAL,0.0011812761058773112,0.0
1704098280.0,9997.082632392438,SCALE,0.01,3.0,NORMAL,0.0011650522933611069,0.0
1704098340.0,9997.082632392438,SCALE,0.01,3.0,NORMAL,0.0011650522933611069,0.0
1704098400.0,9996.459930235938,SCALE,0.01,3.0,NORMAL,0.0012272681115947496,0.0
1704098460.0,9996.481443372437,SCALE,0.01,3.0,NORMAL,0.0012251186772687965,0.0
1704098520.0,9996.481738072938,SCALE,0.01,3.0,NORMAL,0.0012250892329628196,0.0
1704098580.0,9996.481738072938,SCALE,0.01,3.0,NORMAL,0.0012250892329628196,0.0
1704098640.0,9996.481443372437,SCALE,0.01,3.0,NORMAL,0.0012251186772687965,0.0
1704098700.0,9996.481443372437,SCALE,0.01,3.0,NORMAL,0.0012251186772687965,0.0
1704098760.0,9995.608540491437,SCALE,0.01,3.0,NORMAL,0.0013123327111581359,0.0
1704098820.0,9995.330343219437,SCALE,0.01,3.0,NORMAL,0.0013401281358683694,0.0
1704098880.0,9994.944874965438,SCALE,0.01,3.0,NORMAL,0.001378641287903119,0.0
1704098940.0,9995.349498751937,SCALE,0.01,3.0,NORMAL,0.001338214255988959,0.0
1704099000.0,9995.269929616938,SCALE,0.01,3.0,NORMAL,0.0013461642185649153,0.0
1704099060.0,9995.581133344938,SCALE,0.01,3.0,NORMAL,0.0013150710316009006,0.0
1704099120.0,9995.722884285438,SCALE,0.01,3.0,NORMAL,0.001300908320493264,0.0
1704099180.0,9995.581133344938,SCALE,0.01,3.0,NORMAL,0.0013150710316009006,0.0
1704099240.0,9994.964914599437,SCALE,0.01,3.0,NORMAL,0.0013766390751063233,0.0
1704099300.0,9994.803124024938,SCALE,0.01,3.0,NORMAL,0.0013928039990107556,0.0
1704099360.0,9994.766875863437,SCALE,0.01,3.0,NORMAL,0.0013964256486288283,0.0
1704099420.0,9994.857643617437,SCALE,0.01,3.0,NORMAL,0.0013873568024310211,0.0
1704099480.0,9994.878862053438,SCALE,0.01,3.0,NORMAL,0.0013852368124106812,0.0
1704099540.0,9994.799292918438,SCALE,0.01,3.0,NORMAL,0.0013931867749866376,0.0
1704099600.0,9994.621293816437,SCALE,0.01,3.0,NORMAL,0.001410971135712347,0.0
1704099660.0,9994.226100445938,SCALE,0.01,3.0,NORMAL,0.0014504559498397904,0.0
1704099720.0,9994.225805745438,SCALE,0.01,3.0,NORMAL,0.0014504853941455854,0.0
1704099780.0,9994.328361519438,SCALE,0.01,3.0,NORMAL,0.0014402387757143369,0.0
1704099840.0,9994.224921643938,SCALE,0.01,3.0,NORMAL,0.0014505737270631527,0.0
1704099900.0,9994.711766869937,SCALE,0.01,3.0,NORMAL,0.001401931733820335,0.0
1704099960.0,9994.610684598438,SCALE,0.01,3.0,NORMAL,0.0014120311307224262,0.0
1704100020.0,9994.856759515938,SCALE,0.01,3.0,NORMAL,0.0013874451353484065,0.0
1704100080.0,9994.830531171438,SCALE,0.01,3.0,NORMAL,0.0013900656785679907,0.0
1704100140.0,9994.857938317939,SCALE,0.01,3.0,NORMAL,0.0013873273581250442,0.0
1704100200.0,9994.740058117937,SCALE,0.01,3.0,NORMAL,0.001399105080460003,0.0
1704100260.0,9994.858822419437,SCALE,0.01,3.0,NORMAL,0.0013872390252076588,0.0
1704100320.0,9994.766581162938,SCALE,0.01,3.0,NORMAL,0.0013964550929346235,0.0
1704100380.0,9994.767170563937,SCALE,0.01,3.0,NORMAL,0.0013963962043230334,0.0
1704100440.0,9994.084644205937,SCALE,0.01,3.0,NORMAL,0.0014645892166416316,0.0
1704100500.0,9993.731298306438,SCALE,0.01,3.0,NORMAL,0.0014998929393401673,0.0
1704100560.0,9993.738371118437,SCALE,0.01,3.0,NORMAL,0.0014991862760001752,0.0
1704100620.0,9993.485518089437,SCALE,0.01,3.0,NORMAL,0.0015244494904083916,0.0
1704100680.0,9993.723341392937,SCALE,0.01,3.0,NORMAL,0.0015006879355979083,0.0
1704100740.0,9993.598977781938,SCALE,0.01,3.0,NORMAL,0.001513113432661087,0.0
1704100800.0,9993.116258362938,SCALE,0.01,3.0,NORMAL,0.0015613432056222276,0.0
1704100860.0,9992.912620317438,SCALE,0.01,3.0,NORMAL,0.0015816892209555675,0.0
1704100920.0,9993.102702139939,SCALE,0.01,3.0,NORMAL,0.0015626976436906217,0.0
1704100980.0,9992.500629018437,SCALE,0.01,3.0,NORMAL,0.0016228523605158784,0.0
1704101040.0,9991.939224565938,SCALE,0.01,3.0,NORMAL,0.001678943763135408,0.0
1704101100.0,9991.791284914938,SCALE,0.01,3.0,NORMAL,0.0016937248046656511,0.0
1704101160.0,9992.324398119437,SCALE,0.01,3.0,NORMAL,0.0016404600554064533,0.0
1704101220.0,9992.941500966437,SCALE,0.01,3.0,NORMAL,0.0015788036789836453,0.0
1704101280.0,9992.913209718437,SCALE,0.01,3.0,NORMAL,0.0015816303323439773,0.0
1704101340.0,9993.678841617437,SCALE,0.01,3.0,NORMAL,0.0015051340257793357,0.0
1704101400.0,9993.378541807937,SCALE,0.01,3.0,NORMAL,0.0015351377734272944,0.0
1704101460.0,9992.558979717438,SCALE,0.01,3.0,NORMAL,0.0016170223879600802,0.0
1704101520.0,9992.146693717938,SCALE,0.01,3.0,NORMAL,0.001658214971826186,0.0
1704101580.0,9991.754742052937,SCALE,0.01,3.0,NORMAL,0.001697375898589519,0.0
1704101640.0,9991.570848940937,SCALE,0.01,3.0,NORMAL,0.0017157491454318585,0.0
1704101700.0,9991.585878666438,SCALE,0.01,3.0,NORMAL,0.0017142474858341252,0.0
1704101760.0,9991.363085088438,SCALE,0.01,3.0,NORMAL,0.0017365073810468755,0.0
1704101820.0,9991.348350063437,SCALE,0.01,3.0,NORMAL,0.0017379795963388136,0.0
1704101880.0,9990.804038239938,SCALE,0.01,3.0,NORMAL,0.0017923632292198622,0.0
1704101940.0,9990.628396741939,SCALE,0.01,3.0,NORMAL,0.0018099120354986653,0.0
1704102000.0,9991.400806752437,SCALE,0.01,3.0,NORMAL,0.001732738509899827,0.0
1704102060.0,9991.734407718437,SCALE,0.01,3.0,NORMAL,0.0016994075556922919,0.0
1704102120.0,9991.968105214937,SCALE,0.01,3.0,NORMAL,0.0016760582211634858,0.0
1704102180.0,9991.439707218438,SCALE,0.01,3.0,NORMAL,0.0017288518615292342,0.0
1704102240.0,9992.175574366938,SCALE,0.01,3.0,NORMAL,0.001655329429854082,0.0
1704102300.0,9991.852287918438,SCALE,0.01,3.0,NORMAL,0.0016876298333573332,0.0
1704102360.0,9991.440296619438,SCALE,0.01,3.0,NORMAL,0.0017287929729176438,0.0
1704102420.0,9990.908951617937,SCALE,0.01,3.0,NORMAL,0.001781881056341889,0.0
1704102480.0,9991.974588625937,SCALE,0.01,3.0,NORMAL,0.0016754104464350838,0.0
1704102540.0,9992.252785897937,SCALE,0.01,3.0,NORMAL,0.0016476150217248503,0.0
1704102600.0,9992.478821181438,SCALE,0.01,3.0,NORMAL,0.0016250312391478084,0.0
1704102660.0,9992.043843243438,SCALE,0.01,3.0,NORMAL,0.0016684910345632297,0.0
1704102720.0,9992.323514017939,SCALE,0.01,3.0,NORMAL,0.0016405483883238387,0.0
1704102780.0,9992.076260298438,SCALE,0.01,3.0,NORMAL,0.0016652521609212207,0.0
1704102840.0,9991.847572710438,SCALE,0.01,3.0,NORMAL,0.0016881009422507825,0.0
1704102900.0,9992.223021147438,SCALE,0.01,3.0,NORMAL,0.0016505888966143398,0.0
1704102960.0,9992.267815623438,SCALE,0.01,3.0,NORMAL,0.0016461133621271172,0.0
1704103020.0,9992.688647937437,SCALE,0.01,3.0,NORMAL,0.0016040668933918617,0.0
1704103080.0,9992.275477836438,SCALE,0.01,3.0,NORMAL,0.0016453478101753531,0.0
1704103140.0,9991.861128933439,SCALE,0.01,3.0,NORMAL,0.0016867465041822067,0.0
1704103200.0,9991.747079839937,SCALE,0.01,3.0,NORMAL,0.0016981414505412833,0.0
1704103260.0,9991.675172917938,SCALE,0.01,3.0,NORMAL,0.0017053258611654755,0.0
1704103320.0,9991.715546886438,SCALE,0.01,3.0,NORMAL,0.0017012919912657253,0.0
1704103380.0,9991.654543882938,SCALE,0.01,3.0,NORMAL,0.0017073869625740432,0.0
1704103440.0,9991.979009133438,SCALE,0.01,3.0,NORMAL,0.0016749687818474299,0.0
1704103500.0,9991.043335045937,SCALE,0.01,3.0,NORMAL,0.0017684544528802214,0.0
1704103560.0,9990.607473006437,SCALE,0.01,3.0,NORMAL,0.00181200258121321,0.0
1704103620.0,9990.935179962438,SCALE,0.01,3.0,NORMAL,0.0017792605131223048,0.0
1704103680.0,9991.090192425438,SCALE,0.01,3.0,NORMAL,0.0017637728082520695,0.0
1704103740.0,9991.734113017937,SCALE,0.01,3.0,NORMAL,0.001699436999998087,0.0
1704103800.0,9991.734407718437,SCALE,0.01,3.0,NORMAL,0.0016994075556922919,0.0
1704103860.0,9991.643934664939,SCALE,0.01,3.0,NORMAL,0.0017084469575841222,0.0
1704103920.0,9991.643934664939,SCALE,0.01,3.0,NORMAL,0.0017084469575841222,0.0
1704103980.0,9991.172119164437,SCALE,0.01,3.0,NORMAL,0.0017555872912293886,0.0
1704104040.0,9991.460925654437,SCALE,0.01,3.0,NORMAL,0.001726731871509076,0.0
1704104100.0,9991.592951478438,SCALE,0.01,3.0,NORMAL,0.0017135408224939514,0.0
1704104160.0,9992.016436096937,SCALE,0.01,3.0,NORMAL,0.0016712293550061764,0.0
1704104220.0,9991.922426637439,SCALE,0.01,3.0,NORMAL,0.0016806220885680937,0.0
1704104280.0,9992.217127137437,SCALE,0.01,3.0,NORMAL,0.0016511777827311514,0.0
1704104340.0,9992.252196496938,SCALE,0.01,3.0,NORMAL,0.0016476739103364407,0.0
1704104400.0,9991.976946229937,SCALE,0.01,3.0,NORMAL,0.0016751748919883592,0.0
1704104460.0,9991.439117817437,SCALE,0.01,3.0,NORMAL,0.0017289107501410061,0.0
1704104520.0,9991.208956726938,SCALE,0.01,3.0,NORMAL,0.0017519067529997254,0.0
1704104580.0,9991.675172917938,SCALE,0.01,3.0,NORMAL,0.0017053258611654755,0.0
1704104640.0,9990.961703007437,SCALE,0.01,3.0,NORMAL,0.0017766105255971072,0.0
1704104700.0,9990.596863788438,SCALE,0.01,3.0,NORMAL,0.0018130625762232892,0.0
1704104760.0,9990.834392391438,SCALE,0.01,3.0,NORMAL,0.0017893304657186008,0.0
1704104820.0,9990.833802990437,SCALE,0.01,3.0,NORMAL,0.001789389354330373,0.0
1704104880.0,9991.494816211938,SCALE,0.01,3.0,NORMAL,0.0017233457763377279,0.0
1704104940.0,9991.368094996938,SCALE,0.01,3.0,NORMAL,0.0017360068278476312,0.0
1704105000.0,9991.368094996938,SCALE,0.01,3.0,NORMAL,0.0017360068278476312,0.0
1704105060.0,9991.368389697438,SCALE,0.01,3.0,NORMAL,0.001735977383541836,0.0
1704105120.0,9991.368389697438,SCALE,0.01,3.0,NORMAL,0.001735977383541836,0.0
1704105180.0,9990.791366118438,SCALE,0.01,3.0,NORMAL,0.0017936293343708708,0.0
1704105240.0,9990.600400194438,SCALE,0.01,3.0,NORMAL,0.0018127092445532021,0.0
1704105300.0,9990.720637998438,SCALE,0.01,3.0,NORMAL,0.0018006959677717006,0.0
1704105360.0,9990.720932698938,SCALE,0.01,3.0,NORMAL,0.0018006665234659054,0.0
1704105420.0,9990.685273938438,SCALE,0.01,3.0,NORMAL,0.0018042292844722063,0.0
1704105480.0,9990.826730178438,SCALE,0.01,3.0,NORMAL,0.001790096017670365,0.0
1704105540.0,9990.854137324937,SCALE,0.01,3.0,NORMAL,0.0017873576972276004,0.0
1704105600.0,9990.378490717938,SCALE,0.01,3.0,NORMAL,0.001834880806848567,0.0
1704105660.0,9990.378196017438,SCALE,0.01,3.0,NORMAL,0.001834910251154362,0.0
1704105720.0,9990.275640243437,SCALE,0.01,3.0,NORMAL,0.0018451568695857924,0.0
1704105780.0,9990.275345542937,SCALE,0.01,3.0,NORMAL,0.0018451863138915876,0.0
1704105840.0,9990.024850117938,SCALE,0.01,3.0,NORMAL,0.0018702139738530795,0.0
1704105900.0,9989.786437413437,SCALE,0.01,3.0,NORMAL,0.001894034417275335,0.0
1704105960.0,9990.003042280938,SCALE,0.01,3.0,NORMAL,0.0018723928524850095,0.0
1704106020.0,9990.140667414438,SCALE,0.01,3.0,NORMAL,0.0018586423616590503,0.0
1704106080.0,9990.275050842438,SCALE,0.01,3.0,NORMAL,0.0018452157581973828,0.0
1704106140.0,9989.677398228438,SCALE,0.01,3.0,NORMAL,0.0019049288104349854,0.0
1704106200.0,9989.494389217938,SCALE,0.01,3.0,NORMAL,0.0019232137243597575,0.0
1704106260.0,9989.008133392937,SCALE,0.01,3.0,NORMAL,0.001971796828990985,0.0
1704106320.0,9988.924143750437,SCALE,0.01,3.0,NORMAL,0.0019801884561545953,0.0
1704106380.0,9989.365310398938,SCALE,0.01,3.0,NORMAL,0.0019361103303163854,0.0
1704106440.0,9989.861586040937,SCALE,0.01,3.0,NORMAL,0.001886526119286851,0.0
1704106500.0,9990.496076217438,SCALE,0.01,3.0,NORMAL,0.0018231325288195852,0.0
1704106560.0,9990.270335634437,SCALE,0.01,3.0,NORMAL,0.001845686867090832,0.0
1704106620.0,9990.270630334937,SCALE,0.01,3.0,NORMAL,0.001845657422785037,0.0
1704106680.0,9990.495781516938,SCALE,0.01,3.0,NORMAL,0.0018231619731253802,0.0
1704106740.0,9990.640774162937,SCALE,0.01,3.0,NORMAL,0.0018086753746536337,0.0
1704106800.0,9990.290375268438,SCALE,0.01,3.0,NORMAL,0.0018436846542938545,0.0
1704106860.0,9989.268943335437,SCALE,0.01,3.0,NORMAL,0.0019457386183252092,0.0
1704106920.0,9989.167271662938,SCALE,0.01,3.0,NORMAL,0.001955896903838891,0.0
1704106980.0,9989.082692619439,SCALE,0.01,3.0,NORMAL,0.0019643474196140913,0.0
1704107040.0,9988.787108017937,SCALE,0.01,3.0,NORMAL,0.0019938800583687824,0.0
1704107100.0,9989.010785697437,SCALE,0.01,3.0,NORMAL,0.001971531830238465,0.0
1704107160.0,9988.540148998938,SCALE,0.01,3.0,NORMAL,0.0020185543866601875,0.0
1704107220.0,9988.894378999938,SCALE,0.01,3.0,NORMAL,0.0019831623310440846,0.0
1704107280.0,9988.670406619938,SCALE,0.01,3.0,NORMAL,0.002005540003480197,0.0
1704107340.0,9988.895852502437,SCALE,0.01,3.0,NORMAL,0.0019830151095149274,0.0
1704107400.0,9988.895557801938,SCALE,0.01,3.0,NORMAL,0.001983044553820722,0.0
1704107460.0,9989.058232477937,SCALE,0.01,3.0,NORMAL,0.0019667912969987228,0.0
1704107520.0,9989.635256056938,SCALE,0.01,3.0,NORMAL,0.0019091393461696882,0.0
1704107580.0,9989.790268519937,SCALE,0.01,3.0,NORMAL,0.0018936516412994529,0.0
1704107640.0,9990.521125759939,SCALE,0.01,3.0,NORMAL,0.0018206297628233633,0.0
1704107700.0,9990.401477356938,SCALE,0.01,3.0,NORMAL,0.0018325841509932745,0.0
1704107760.0,9990.496076217438,SCALE,0.01,3.0,NORMAL,0.0018231325288195852,0.0
1704107820.0,9989.980350342437,SCALE,0.01,3.0,NORMAL,0.0018746600640345069,0.0
1704107880.0,9990.306289095437,SCALE,0.01,3.0,NORMAL,0.001842094661778736,0.0
1704107940.0,9990.555605718439,SCALE,0.01,3.0,NORMAL,0.0018171847790404247,0.0
1704108000.0,9991.186854189438,SCALE,0.01,3.0,NORMAL,0.0017541150759374507,0.0
1704108060.0,9991.478018283438,SCALE,0.01,3.0,NORMAL,0.0017250241017704134,0.0
1704108120.0,9991.654543882938,SCALE,0.01,3.0,NORMAL,0.0017073869625740432,0.0
1704108180.0,9991.557292717938,SCALE,0.01,3.0,NORMAL,0.0017171035835002524,0.0
1704108240.0,9991.405816660937,SCALE,0.01,3.0,NORMAL,0.0017322379567005824,0.0
1704108300.0,9990.999424671438,SCALE,0.01,3.0,NORMAL,0.001772841654449877,0.0
1704108360.0,9990.641068863439,SCALE,0.01,3.0,NORMAL,0.0018086459303476568,0.0
1704108420.0,9990.527609170938,SCALE,0.01,3.0,NORMAL,0.0018199819880949613,0.0
1704108480.0,9990.599516092938,SCALE,0.01,3.0,NORMAL,0.0018127975774707692,0.0
1704108540.0,9990.935474662938,SCALE,0.01,3.0,NORMAL,0.0017792310688165096,0.0
1704108600.0,9991.056301867939,SCALE,0.01,3.0,NORMAL,0.0017671589034232362,0.0
1704108660.0,9991.365147991937,SCALE,0.01,3.0,NORMAL,0.0017363012709061278,0.0
1704108720.0,9992.581966356438,SCALE,0.01,3.0,NORMAL,0.0016147257321047876,0.0
1704108780.0,9992.254259400437,SCALE,0.01,3.0,NORMAL,0.0016474678001956928,0.0
1704108840.0,9992.130190489937,SCALE,0.01,3.0,NORMAL,0.0016598638529530766,0.0
1704108900.0,9991.757099656937,SCALE,0.01,3.0,NORMAL,0.0016971403441427945,0.0
1704108960.0,9991.744427535437,SCALE,0.01,3.0,NORMAL,0.001698406449293803,0.0
1704109020.0,9992.500334317938,SCALE,0.01,3.0,NORMAL,0.0016228818048216733,0.0
1704109080.0,9992.441394217938,SCALE,0.01,3.0,NORMAL,0.001628770665989062,0.0
1704109140.0,9992.165849250438,SCALE,0.01,3.0,NORMAL,0.0016563010919467757,0.0
1704109200.0,9992.562810823938,SCALE,0.01,3.0,NORMAL,0.001616639611984198,0.0
1704109260.0,9992.912620317438,SCALE,0.01,3.0,NORMAL,0.0015816892209555675,0.0
1704109320.0,9993.134529793937,SCALE,0.01,3.0,NORMAL,0.0015595176586603845,0.0
1704109380.0,9993.171956757438,SCALE,0.01,3.0,NORMAL,0.0015557782318189493,0.0
1704109440.0,9993.095334627438,SCALE,0.01,3.0,NORMAL,0.0015634337513365905,0.0
1704109500.0,9992.574009442938,SCALE,0.01,3.0,NORMAL,0.001615520728362347,0.0
1704109560.0,9992.448761730438,SCALE,0.01,3.0,NORMAL,0.0016280345583430929,0.0
1704109620.0,9992.448761730438,SCALE,0.01,3.0,NORMAL,0.0016280345583430929,0.0
1704109680.0,9992.618509218439,SCALE,0.01,3.0,NORMAL,0.0016110746381809197,0.0
1704109740.0,9993.041109735437,SCALE,0.01,3.0,NORMAL,0.0015688515036107115,0.0
1704109800.0,9992.022330106938,SCALE,0.01,3.0,NORMAL,0.0016706404688893648,0.0
1704109860.0,9991.620653325437,SCALE,0.01,3.0,NORMAL,0.0017107730577453917,0.0
1704109920.0,9992.089816521438,SCALE,0.01,3.0,NORMAL,0.001663897722852645,0.0
1704109980.0,9992.089521820937,SCALE,0.01,3.0,NORMAL,0.0016639271671586217,0.0
1704110040.0,9991.939224565938,SCALE,0.01,3.0,NORMAL,0.001678943763135408,0.0
1704110100.0,9990.967891717937,SCALE,0.01,3.0,NORMAL,0.0017759921951745006,0.0
1704110160.0,9990.378785418437,SCALE,0.01,3.0,NORMAL,0.0018348513625427718,0.0
1704110220.0,9990.378785418437,SCALE,0.01,3.0,NORMAL,0.0018348513625427718,0.0
1704110280.0,9990.609535909938,SCALE,0.01,3.0,NORMAL,0.0018117964710722806,0.0
1704110340.0,9990.667297207938,SCALE,0.01,3.0,NORMAL,0.0018060253871282543,0.0
1704110400.0,9990.106187455938,SCALE,0.01,3.0,NORMAL,0.001862087345441989,0.0
1704110460.0,9989.256565914438,SCALE,0.01,3.0,NORMAL,0.0019469752791702408,0.0
1704110520.0,9990.107366257938,SCALE,0.01,3.0,NORMAL,0.0018619695682186267,0.0
1704110580.0,9990.497844420437,SCALE,0.01,3.0,NORMAL,0.0018229558629846326,0.0
1704110640.0,9990.571519545438,SCALE,0.01,3.0,NORMAL,0.001815594786525306,0.0
1704110700.0,9990.571814245937,SCALE,0.01,3.0,NORMAL,0.001815565342219511,0.0
1704110760.0,9991.262297517438,SCALE,0.01,3.0,NORMAL,0.0017465773336431715,0.0
1704110820.0,9991.816039756937,SCALE,0.01,3.0,NORMAL,0.0016912514829754061,0.0
1704110880.0,9992.559569118437,SCALE,0.01,3.0,NORMAL,0.0016169634993484898,0.0
1704110940.0,9991.854645522437,SCALE,0.01,3.0,NORMAL,0.0016873942789107903,0.0
1704111000.0,9991.752384448937,SCALE,0.01,3.0,NORMAL,0.0016976114530362438,0.0
1704111060.0,9992.060641171938,SCALE,0.01,3.0,NORMAL,0.001666812709130544,0.0
1704111120.0,9992.572535940437,SCALE,0.01,3.0,NORMAL,0.0016156679498916862,0.0
1704111180.0,9992.481768186437,SCALE,0.01,3.0,NORMAL,0.0016247367960894935,0.0
1704111240.0,9992.543655291438,SCALE,0.01,3.0,NORMAL,0.0016185534918636084,0.0
1704111300.0,9992.426364492438,SCALE,0.01,3.0,NORMAL,0.001630272325586795,0.0
1704111360.0,9992.426659192937,SCALE,0.01,3.0,NORMAL,0.0016302428812809998,0.0
1704111420.0,9992.363003884937,SCALE,0.01,3.0,NORMAL,0.0016366028513418375,0.0
1704111480.0,9991.887651978437,SCALE,0.01,3.0,NORMAL,0.0016840965166570092,0.0
1704111540.0,9991.391081635938,SCALE,0.01,3.0,NORMAL,0.0017337101719923388,0.0
1704111600.0,9991.389902833938,SCALE,0.01,3.0,NORMAL,0.0017338279492157011,0.0
1704111660.0,9990.651678081438,SCALE,0.01,3.0,NORMAL,0.0018075859353375778,0.0
1704111720.0,9990.260905218438,SCALE,0.01,3.0,NORMAL,0.0018466290848775488,0.0
1704111780.0,9990.378490717938,SCALE,0.01,3.0,NORMAL,0.001834880806848567,0.0
1704111840.0,9990.845885710938,SCALE,0.01,3.0,NORMAL,0.0017881821377909548,0.0
1704111900.0,9990.845296309937,SCALE,0.01,3.0,NORMAL,0.0017882410264027267,0.0
1704111960.0,9990.845296309937,SCALE,0.01,3.0,NORMAL,0.0017882410264027267,0.0
1704112020.0,9990.967891717937,SCALE,0.01,3.0,NORMAL,0.0017759921951745006,0.0
1704112080.0,9990.845591010439,SCALE,0.01,3.0,NORMAL,0.0017882115820967498,0.0
1704112140.0,9990.845591010439,SCALE,0.01,3.0,NORMAL,0.0017882115820967498,0.0
1704112200.0,9990.415622980938,SCALE,0.01,3.0,NORMAL,0.0018311708243131087,0.0
1704112260.0,9990.673191217938,SCALE,0.01,3.0,NORMAL,0.001805436501011443,0.0
1704112320.0,9990.935179962438,SCALE,0.01,3.0,NORMAL,0.0017792605131223048,0.0
1704112380.0,9991.049229055938,SCALE,0.01,3.0,NORMAL,0.00176786556676341,0.0
1704112440.0,9990.551185210938,SCALE,0.01,3.0,NORMAL,0.0018176264436280789,0.0
1704112500.0,9990.083790217937,SCALE,0.01,3.0,NORMAL,0.001864325112685691,0.0
1704112560.0,9989.405979067938,SCALE,0.01,3.0,NORMAL,0.0019320470161108402,0.0
1704112620.0,9989.189374200438,SCALE,0.01,3.0,NORMAL,0.0019536885809011656,0.0
1704112680.0,9988.905282918438,SCALE,0.01,3.0,NORMAL,0.0019820728917280287,0.0
1704112740.0,9988.086899629938,SCALE,0.01,3.0,NORMAL,0.0020638397290376337,0.0
1704112800.0,9988.460285163437,SCALE,0.01,3.0,NORMAL,0.0020265337935421205,0.0
1704112860.0,9988.360086993438,SCALE,0.01,3.0,NORMAL,0.0020365448575266447,0.0
1704112920.0,9988.495943923937,SCALE,0.01,3.0,NORMAL,0.0020229710325358197,0.0
1704112980.0,9988.643588874438,SCALE,0.01,3.0,NORMAL,0.0020082194353113715,0.0
1704113040.0,9988.735240729937,SCALE,0.01,3.0,NORMAL,0.001999062256196179,0.0
1704113100.0,9989.199688717938,SCALE,0.01,3.0,NORMAL,0.0019526580301968816,0.0
1704113160.0,9989.552150515938,SCALE,0.01,3.0,NORMAL,0.0019174426404157314,0.0
1704113220.0,9989.731033719438,SCALE,0.01,3.0,NORMAL,0.0018995699467726365,0.0
1704113280.0,9989.693017354937,SCALE,0.01,3.0,NORMAL,0.0019033682622256619,0.0
1704113340.0,9989.986539052938,SCALE,0.01,3.0,NORMAL,0.0018740417336119,0.0
1704113400.0,9990.062866482438,SCALE,0.01,3.0,NORMAL,0.001866415658400054,0.0
1704113460.0,9990.024555417438,SCALE,0.01,3.0,NORMAL,0.0018702434181588747,0.0
1704113520.0,9989.494389217938,SCALE,0.01,3.0,NORMAL,0.0019232137243597575,0.0
1704113580.0,9990.173379169937,SCALE,0.01,3.0,NORMAL,0.0018553740437112461,0.0
1704113640.0,9990.850306218437,SCALE,0.01,3.0,NORMAL,0.0017877404732034824,0.0
1704113700.0,9991.234300969938,SCALE,0.01,3.0,NORMAL,0.0017493745426977083,0.0
1704113760.0,9991.118188972938,SCALE,0.01,3.0,NORMAL,0.0017609755991975326,0.0
1704113820.0,9991.500710221937,SCALE,0.01,3.0,NORMAL,0.001722756890221098,0.0
1704113880.0,9991.531653774438,SCALE,0.01,3.0,NORMAL,0.0017196652381080645,0.0
1704113940.0,9991.899734698938,SCALE,0.01,3.0,NORMAL,0.0016828893001175908,0.0
1704114000.0,9991.439412517937,SCALE,0.01,3.0,NORMAL,0.0017288813058352111,0.0
1704114060.0,9991.715841586938,SCALE,0.01,3.0,NORMAL,0.00170126254695993,0.0
1704114120.0,9992.408682462437,SCALE,0.01,3.0,NORMAL,0.0016320389839370479,0.0
1704114180.0,9992.134905697938,SCALE,0.01,3.0,NORMAL,0.0016593927440596273,0.0
1704114240.0,9991.616232817938,SCALE,0.01,3.0,NORMAL,0.0017112147223328638,0.0
1704114300.0,9991.719967393938,SCALE,0.01,3.0,NORMAL,0.0017008503266782529,0.0
1704114360.0,9991.218976543938,SCALE,0.01,3.0,NORMAL,0.0017509056466012366,0.0
1704114420.0,9991.489806303438,SCALE,0.01,3.0,NORMAL,0.0017238463295369722,0.0
1704114480.0,9991.289115262938,SCALE,0.01,3.0,NORMAL,0.0017438979018119972,0.0
1704114540.0,9990.791366118438,SCALE,0.01,3.0,NORMAL,0.0017936293343708708,0.0
1704114600.0,9990.378490717938,SCALE,0.01,3.0,NORMAL,0.001834880806848567,0.0
1704114660.0,9990.437725518437,SCALE,0.01,3.0,NORMAL,0.0018289625013753834,0.0
1704114720.0,9990.512284744938,SCALE,0.01,3.0,NORMAL,0.0018215130919984896,0.0
1704114780.0,9990.378785418437,SCALE,0.01,3.0,NORMAL,0.0018348513625427718,0.0
1704114840.0,9990.376133113938,SCALE,0.01,3.0,NORMAL,0.0018351163612952916,0.0
1704114900.0,9989.789384418438,SCALE,0.01,3.0,NORMAL,0.0018937399742168382,0.0
1704114960.0,9989.990075458938,SCALE,0.01,3.0,NORMAL,0.0018736884019418133,0.0
1704115020.0,9990.283891857438,SCALE,0.01,3.0,NORMAL,0.0018443324290222563,0.0
1704115080.0,9990.283891857438,SCALE,0.01,3.0,NORMAL,0.0018443324290222563,0.0
1704115140.0,9990.168074560937,SCALE,0.01,3.0,NORMAL,0.0018559040412162856,0.0
1704115200.0,9989.988307255937,SCALE,0.01,3.0,NORMAL,0.0018738650677769476,0.0
1704115260.0,9989.494683918438,SCALE,0.01,3.0,NORMAL,0.0019231842800539623,0.0
1704115320.0,9989.656179792437,SCALE,0.01,3.0,NORMAL,0.0019070488004553252,0.0
1704115380.0,9989.945280982938,SCALE,0.01,3.0,NORMAL,0.0018781639364290358,0.0
1704115440.0,9989.787026814438,SCALE,0.01,3.0,NORMAL,0.0018939755286635628,0.0
1704115500.0,9989.838304701438,SCALE,0.01,3.0,NORMAL,0.0018888522194479384,0.0
1704115560.0,9990.378490717938,SCALE,0.01,3.0,NORMAL,0.001834880806848567,0.0
1704115620.0,9989.570716647439,SCALE,0.01,3.0,NORMAL,0.0019155876491479113,0.0
1704115680.0,9989.570421946937,SCALE,0.01,3.0,NORMAL,0.0019156170934538882,0.0
1704115740.0,9989.869542954439,SCALE,0.01,3.0,NORMAL,0.00188573112302911,0.0
1704115800.0,9990.378490717938,SCALE,0.01,3.0,NORMAL,0.001834880806848567,0.0
1704115860.0,9991.262592217938,SCALE,0.01,3.0,NORMAL,0.0017465478893373765,0.0
1704115920.0,9990.620145127938,SCALE,0.01,3.0,NORMAL,0.0018107364760622015,0.0
1704115980.0,9990.351083571437,SCALE,0.01,3.0,NORMAL,0.0018376191272915135,0.0
1704116040.0,9990.347252464937,SCALE,0.01,3.0,NORMAL,0.0018380019032673955,0.0
1704116100.0,9990.346957764437,SCALE,0.01,3.0,NORMAL,0.0018380313475731907,0.0
1704116160.0,9990.499317922937,SCALE,0.01,3.0,NORMAL,0.001822808641455475,0.0
1704116220.0,9990.068760492437,SCALE,0.01,3.0,NORMAL,0.0018658267722834242,0.0
1704116280.0,9990.068760492437,SCALE,0.01,3.0,NORMAL,0.0018658267722834242,0.0
1704116340.0,9990.123574785437,SCALE,0.01,3.0,NORMAL,0.001860350131397713,0.0
1704116400.0,9989.877794568438,SCALE,0.01,3.0,NORMAL,0.0018849066824657556,0.0
1704116460.0,9989.878973370438,SCALE,0.01,3.0,NORMAL,0.0018847889052423933,0.0
1704116520.0,9989.900191806437,SCALE,0.01,3.0,NORMAL,0.0018826689152222351,0.0
1704116580.0,9989.612564118437,SCALE,0.01,3.0,NORMAL,0.0019114065577191853,0.0
1704116640.0,9989.177291479939,SCALE,0.01,3.0,NORMAL,0.001954895797440402,0.0
1704116700.0,9989.039076945437,SCALE,0.01,3.0,NORMAL,0.001968705176878133,0.0
1704116760.0,9989.553034617438,SCALE,0.01,3.0,NORMAL,0.001917354307498164,0.0
1704116820.0,9989.553329317938,SCALE,0.01,3.0,NORMAL,0.001917324863192369,0.0
1704116880.0,9989.938797571938,SCALE,0.01,3.0,NORMAL,0.0018788117111574376,0.0
1704116940.0,9989.923767846438,SCALE,0.01,3.0,NORMAL,0.0018803133707551707,0.0
1704117000.0,9989.774944093937,SCALE,0.01,3.0,NORMAL,0.0018951827452029812,0.0
1704117060.0,9989.779364601438,SCALE,0.01,3.0,NORMAL,0.001894741080615327,0.0
1704117120.0,9989.688596847438,SCALE,0.01,3.0,NORMAL,0.0019038099268131343,0.0
1704117180.0,9990.236739777438,SCALE,0.01,3.0,NORMAL,0.0018490435179562034,0.0
1704117240.0,9989.742232338438,SCALE,0.01,3.0,NORMAL,0.0018984510631507854,0.0
1704117300.0,9989.495862720438,SCALE,0.01,3.0,NORMAL,0.0019230665028306,0.0
1704117360.0,9989.496157420937,SCALE,0.01,3.0,NORMAL,0.0019230370585248048,0.0
1704117420.0,9989.199983418437,SCALE,0.01,3.0,NORMAL,0.0019526285858910864,0.0
1704117480.0,9989.440164325937,SCALE,0.01,3.0,NORMAL,0.0019286314766338785,0.0
1704117540.0,9989.920526140937,SCALE,0.01,3.0,NORMAL,0.0018806372581194625,0.0
1704117600.0,9990.688810344438,SCALE,0.01,3.0,NORMAL,0.0018038759528021195,0.0
1704117660.0,9991.792463716938,SCALE,0.01,3.0,NORMAL,0.0016936070274422889,0.0
1704117720.0,9992.028518817438,SCALE,0.01,3.0,NORMAL,0.001670022138466758,0.0
1704117780.0,9991.851698517437,SCALE,0.01,3.0,NORMAL,0.0016876887219691053,0.0
1704117840.0,9992.221547644938,SCALE,0.01,3.0,NORMAL,0.0016507361181434972,0.0
1704117900.0,9992.677154617937,SCALE,0.01,3.0,NORMAL,0.001605215221319508,0.0
1704117960.0,9991.910933317939,SCALE,0.01,3.0,NORMAL,0.0016817704164957398,0.0
1704118020.0,9991.324479322937,SCALE,0.01,3.0,NORMAL,0.0017403645851116732,0.0
1704118080.0,9991.262886918437,SCALE,0.01,3.0,NORMAL,0.0017465184450315813,0.0
1704118140.0,9991.018874904437,SCALE,0.01,3.0,NORMAL,0.0017708983302646714,0.0
1704118200.0,9991.321532317937,SCALE,0.01,3.0,NORMAL,0.001740659028169988,0.0
1704118260.0,9991.348350063437,SCALE,0.01,3.0,NORMAL,0.0017379795963388136,0.0
1704118320.0,9991.556998017437,SCALE,0.01,3.0,NORMAL,0.0017171330278062294,0.0
1704118380.0,9991.619769223938,SCALE,0.01,3.0,NORMAL,0.001710861390662777,0.0
1704118440.0,9991.940698068438,SCALE,0.01,3.0,NORMAL,0.0016787965416062505,0.0
1704118500.0,9991.639219456938,SCALE,0.01,3.0,NORMAL,0.0017089180664775715,0.0
1704118560.0,9991.734407718437,SCALE,0.01,3.0,NORMAL,0.0016994075556922919,0.0
1704118620.0,9991.516624048938,SCALE,0.01,3.0,NORMAL,0.0017211668977057976,0.0
1704118680.0,9991.489216902437,SCALE,0.01,3.0,NORMAL,0.0017239052181487443,0.0
1704118740.0,9991.489511602938,SCALE,0.01,3.0,NORMAL,0.0017238757738427674,0.0
1704118800.0,9991.556998017437,SCALE,0.01,3.0,NORMAL,0.0017171330278062294,0.0
1704118860.0,9992.134316296937,SCALE,0.01,3.0,NORMAL,0.0016594516326713994,0.0
1704118920.0,9992.113981962437,SCALE,0.01,3.0,NORMAL,0.001661483289774172,0.0
1704118980.0,9993.543868788438,SCALE,0.01,3.0,NORMAL,0.0015186195178525936,0.0
1704119040.0,9992.854269618438,SCALE,0.01,3.0,NORMAL,0.0015875191935113657,0.0
1704119100.0,9992.703972363437,SCALE,0.01,3.0,NORMAL,0.0016025357894883336,0.0
1704119160.0,9992.566347229938,SCALE,0.01,3.0,NORMAL,0.001616286280314111,0.0
1704119220.0,9993.718036783937,SCALE,0.01,3.0,NORMAL,0.0015012179331029478,0.0
1704119280.0,9993.620196217938,SCALE,0.01,3.0,NORMAL,0.0015109934426407474,0.0
1704119340.0,9992.703972363437,SCALE,0.01,3.0,NORMAL,0.0016025357894883336,0.0
1704119400.0,9992.236872070938,SCALE,0.01,3.0,NORMAL,0.001649205014239969,0.0
1704119460.0,9991.732639515438,SCALE,0.01,3.0,NORMAL,0.0016995842215272443,0.0
1704119520.0,9991.564365529937,SCALE,0.01,3.0,NORMAL,0.0017163969201602603,0.0
1704119580.0,9991.615348716437,SCALE,0.01,3.0,NORMAL,0.0017113030552504311,0.0
1704119640.0,9991.617116919439,SCALE,0.01,3.0,NORMAL,0.0017111263894152968,0.0
1704119700.0,9991.524875662937,SCALE,0.01,3.0,NORMAL,0.0017203424571424432,0.0
1704119760.0,9991.642461162437,SCALE,0.01,3.0,NORMAL,0.0017085941791134614,0.0
1704119820.0,9991.673994115938,SCALE,0.01,3.0,NORMAL,0.0017054436383888377,0.0
1704119880.0,9992.292275764938,SCALE,0.01,3.0,NORMAL,0.0016436694847426674,0.0
1704119940.0,9992.788256706437,SCALE,0.01,3.0,NORMAL,0.001594114718018928,0.0
1704120000.0,9992.387758726938,SCALE,0.01,3.0,NORMAL,0.0016341295296514108,0.0
1704120060.0,9992.018793700938,SCALE,0.01,3.0,NORMAL,0.0016709938005594516,0.0
1704120120.0,9991.718199190938,SCALE,0.01,3.0,NORMAL,0.0017010269925132055,0.0
1704120180.0,9991.953075489439,SCALE,0.01,3.0,NORMAL,0.0016775598807610371,0.0
1704120240.0,9991.953370189938,SCALE,0.01,3.0,NORMAL,0.001677530436455242,0.0
1704120300.0,9991.844331004937,SCALE,0.01,3.0,NORMAL,0.0016884248296150741,0.0
1704120360.0,9992.066535181937,SCALE,0.01,3.0,NORMAL,0.0016662238230139143,0.0
1704120420.0,9993.292783962437,SCALE,0.01,3.0,NORMAL,0.0015437060664258574,0.0
1704120480.0,9993.207320817437,SCALE,0.01,3.0,NORMAL,0.0015522449151186251,0.0
1704120540.0,9993.293078662939,SCALE,0.01,3.0,NORMAL,0.0015436766221198805,0.0
1704120600.0,9992.729906007438,SCALE,0.01,3.0,NORMAL,0.0015999446905745444,0.0
1704120660.0,9993.133056291437,SCALE,0.01,3.0,NORMAL,0.001559664880189542,0.0
1704120720.0,9992.911441515438,SCALE,0.01,3.0,NORMAL,0.0015818069981789298,0.0
1704120780.0,9992.635601847438,SCALE,0.01,3.0,NORMAL,0.0016093668684424387,0.0
1704120840.0,9992.582261056938,SCALE,0.01,3.0,NORMAL,0.0016146962877989926,0.0
1704120900.0,9993.030500517438,SCALE,0.01,3.0,NORMAL,0.0015699114986207905,0.0
1704120960.0,9993.176966665938,SCALE,0.01,3.0,NORMAL,0.0015552776786197048,0.0
1704121020.0,9992.984821939937,SCALE,0.01,3.0,NORMAL,0.0015744753660255804,0.0
1704121080.0,9992.964782305939,SCALE,0.01,3.0,NORMAL,0.001576477578822376,0.0
1704121140.0,9992.964782305939,SCALE,0.01,3.0,NORMAL,0.001576477578822376,0.0
1704121200.0,9992.892580683438,SCALE,0.01,3.0,NORMAL,0.001583691433752545,0.0
1704121260.0,9992.855153719938,SCALE,0.01,3.0,NORMAL,0.0015874308605937986,0.0
1704121320.0,9993.480508180937,SCALE,0.01,3.0,NORMAL,0.0015249500436076361,0.0
1704121380.0,9993.416558172437,SCALE,0.01,3.0,NORMAL,0.001531339457974269,0.0
1704121440.0,9993.418326375438,SCALE,0.01,3.0,NORMAL,0.0015311627921391346,0.0
1704121500.0,9993.325495717938,SCALE,0.01,3.0,NORMAL,0.0015404377484778714,0.0
1704121560.0,9993.263903313438,SCALE,0.01,3.0,NORMAL,0.0015465916083977796,0.0
1704121620.0,9992.441394217938,SCALE,0.01,3.0,NORMAL,0.001628770665989062,0.0
1704121680.0,9992.228915157437,SCALE,0.01,3.0,NORMAL,0.00165000001049771,0.0
1704121740.0,9992.043253842437,SCALE,0.01,3.0,NORMAL,0.0016685499231750018,0.0
1704121800.0,9992.442573019938,SCALE,0.01,3.0,NORMAL,0.0016286528887656997,0.0
1704121860.0,9992.050326654438,SCALE,0.01,3.0,NORMAL,0.001667843259834828,0.0
1704121920.0,9992.050031953937,SCALE,0.01,3.0,NORMAL,0.0016678727041408048,0.0
1704121980.0,9991.910933317939,SCALE,0.01,3.0,NORMAL,0.0016817704164957398,0.0
1704122040.0,9991.852287918438,SCALE,0.01,3.0,NORMAL,0.0016876298333573332,0.0
1704122100.0,9992.133432195438,SCALE,0.01,3.0,NORMAL,0.0016595399655887847,0.0
1704122160.0,9991.937751063439,SCALE,0.01,3.0,NORMAL,0.0016790909846645654,0.0
1704122220.0,9991.823112568938,SCALE,0.01,3.0,NORMAL,0.0016905448196352323,0.0
1704122280.0,9991.930383550938,SCALE,0.01,3.0,NORMAL,0.0016798270923105343,0.0
1704122340.0,9992.007595081937,SCALE,0.01,3.0,NORMAL,0.0016721126841813027,0.0
1704122400.0,9991.442948923937,SCALE,0.01,3.0,NORMAL,0.001728527974165124,0.0
1704122460.0,9990.635174853438,SCALE,0.01,3.0,NORMAL,0.0018092348164644684,0.0
1704122520.0,9990.378490717938,SCALE,0.01,3.0,NORMAL,0.001834880806848567,0.0
1704122580.0,9990.088210725438,SCALE,0.01,3.0,NORMAL,0.001863883448098037,0.0
1704122640.0,9989.852745025937,SCALE,0.01,3.0,NORMAL,0.0018874094484619775,0.0
1704122700.0,9989.637024259937,SCALE,0.01,3.0,NORMAL,0.0019089626803347355,0.0
1704122760.0,9990.613661716938,SCALE,0.01,3.0,NORMAL,0.0018113842507906034,0.0
1704122820.0,9991.020053706437,SCALE,0.01,3.0,NORMAL,0.001770780553041309,0.0
1704122880.0,9990.873587557939,SCALE,0.01,3.0,NORMAL,0.0017854143730422131,0.0
1704122940.0,9990.873587557939,SCALE,0.01,3.0,NORMAL,0.0017854143730422131,0.0
1704123000.0,9990.873292857437,SCALE,0.01,3.0,NORMAL,0.0017854438173481898,0.0
1704123060.0,9990.614251117937,SCALE,0.01,3.0,NORMAL,0.001811325362179013,0.0
1704123120.0,9990.143025018438,SCALE,0.01,3.0,NORMAL,0.0018584068072123258,0.0
1704123180.0,9992.175869067438,SCALE,0.01,3.0,NORMAL,0.001655299985548287,0.0
1704123240.0,9992.500334317938,SCALE,0.01,3.0,NORMAL,0.0016228818048216733,0.0
1704123300.0,9993.203195010437,SCALE,0.01,3.0,NORMAL,0.0015526571354003023,0.0
1704123360.0,9992.489725099938,SCALE,0.01,3.0,NORMAL,0.0016239417998317525,0.0
1704123420.0,9991.755331453938,SCALE,0.01,3.0,NORMAL,0.0016973170099777472,0.0
1704123480.0,9991.229880462437,SCALE,0.01,3.0,NORMAL,0.0017498162072853624,0.0
1704123540.0,9991.740596428937,SCALE,0.01,3.0,NORMAL,0.001698789225269685,0.0
1704123600.0,9992.146399017438,SCALE,0.01,3.0,NORMAL,0.001658244416131981,0.0
1704123660.0,9991.422614589437,SCALE,0.01,3.0,NORMAL,0.0017305596312678967,0.0
1704123720.0,9990.820246767438,SCALE,0.01,3.0,NORMAL,0.0017907437923987669,0.0
1704123780.0,9989.481717096438,SCALE,0.01,3.0,NORMAL,0.001924479829510766,0.0
1704123840.0,9986.077042219938,SCALE,0.01,3.0,NORMAL,0.0022646498948463802,0.0
1704123900.0,9987.629524453938,SCALE,0.01,3.0,NORMAL,0.0021095372916967573,0.0
1704123960.0,9986.835306606437,SCALE,0.01,3.0,NORMAL,0.0021888896959277077,0.0
1704124020.0,9987.163013562438,SCALE,0.01,3.0,NORMAL,0.0021561476278368023,0.0
1704124080.0,9988.433762118439,SCALE,0.01,3.0,NORMAL,0.0020291837810673184,0.0
1704124140.0,9988.433172717438,SCALE,0.01,3.0,NORMAL,0.00202924266967909,0.0
1704124200.0,9988.256057716937,SCALE,0.01,3.0,NORMAL,0.0020469386974872323,0.0
1704124260.0,9988.315881918437,SCALE,0.01,3.0,NORMAL,0.002040961503402277,0.0
1704124320.0,9987.988174962438,SCALE,0.01,3.0,NORMAL,0.0020737035714930006,0.0
1704124380.0,9987.949569196939,SCALE,0.01,3.0,NORMAL,0.0020775607755576164,0.0
1704124440.0,9987.808112956938,SCALE,0.01,3.0,NORMAL,0.0020916940423594574,0.0
1704124500.0,9987.608600718439,SCALE,0.01,3.0,NORMAL,0.00211162783741112,0.0
1704124560.0,9987.431191017438,SCALE,0.01,3.0,NORMAL,0.0021293533095250576,0.0
1704124620.0,9987.884735086938,SCALE,0.01,3.0,NORMAL,0.002084038522841816,0.0
1704124680.0,9988.295842284439,SCALE,0.01,3.0,NORMAL,0.0020429637161990728,0.0
1704124740.0,9987.931003065438,SCALE,0.01,3.0,NORMAL,0.0020794157668254363,0.0
1704124800.0,9987.261148828939,SCALE,0.01,3.0,NORMAL,0.002146342673993026,0.0
1704124860.0,9988.116074979438,SCALE,0.01,3.0,NORMAL,0.002060924742759735,0.0
1704124920.0,9988.114012075937,SCALE,0.01,3.0,NORMAL,0.002061130852900664,0.0
1704124980.0,9988.267845736938,SCALE,0.01,3.0,NORMAL,0.0020457609252536096,0.0
1704125040.0,9988.492407517937,SCALE,0.01,3.0,NORMAL,0.0020233243642059067,0.0
1704125100.0,9987.477458995938,SCALE,0.01,3.0,NORMAL,0.0021247305535086777,0.0
1704125160.0,9987.892692000438,SCALE,0.01,3.0,NORMAL,0.002083243526584257,0.0
1704125220.0,9987.309479710937,SCALE,0.01,3.0,NORMAL,0.0021415138078358983,0.0
1704125280.0,9986.520861172938,SCALE,0.01,3.0,NORMAL,0.0022203067702558322,0.0
1704125340.0,9986.665264417938,SCALE,0.01,3.0,NORMAL,0.0022058790603956763,0.0
1704125400.0,9987.018905017938,SCALE,0.01,3.0,NORMAL,0.0021705458933911634,0.0
1704125460.0,9986.789038627938,SCALE,0.01,3.0,NORMAL,0.0021935124519440875,0.0
1704125520.0,9986.710942995438,SCALE,0.01,3.0,NORMAL,0.0022013151929908864,0.0
1704125580.0,9986.718015807437,SCALE,0.01,3.0,NORMAL,0.0022006085296508945,0.0
1704125640.0,9986.260345930938,SCALE,0.01,3.0,NORMAL,0.002246335536615813,0.0
1704125700.0,9985.877529981437,SCALE,0.01,3.0,NORMAL,0.0022845836898982247,0.0
1704125760.0,9985.899337818439,SCALE,0.01,3.0,NORMAL,0.002282404811266113,0.0
1704125820.0,9986.399444566938,SCALE,0.01,3.0,NORMAL,0.002232437824260696,0.0
1704125880.0,9986.728035624437,SCALE,0.01,3.0,NORMAL,0.0021996074232524055,0.0
1704125940.0,9987.976976343438,SCALE,0.01,3.0,NORMAL,0.0020748224551148517,0.0
1704126000.0,9988.800074839937,SCALE,0.01,3.0,NORMAL,0.001992584508911979,0.0
1704126060.0,9989.575137154938,SCALE,0.01,3.0,NORMAL,0.0019151459845604389,0.0
1704126120.0,9990.051373162938,SCALE,0.01,3.0,NORMAL,0.0018675639863277,0.0
1704126180.0,9989.983592047938,SCALE,0.01,3.0,NORMAL,0.001874336176670215,0.0
1704126240.0,9991.111116160937,SCALE,0.01,3.0,NORMAL,0.0017616822625377065,0.0
1704126300.0,9991.244615487438,SCALE,0.01,3.0,NORMAL,0.0017483439919934245,0.0
1704126360.0,9990.732426018438,SCALE,0.01,3.0,NORMAL,0.0017995181955382594,0.0
1704126420.0,9990.555016317438,SCALE,0.01,3.0,NORMAL,0.0018172436676521966,0.0
1704126480.0,9990.259137015437,SCALE,0.01,3.0,NORMAL,0.0018468057507126832,0.0
1704126540.0,9989.699500765937,SCALE,0.01,3.0,NORMAL,0.0019027204874972601,0.0
1704126600.0,9989.848619218938,SCALE,0.01,3.0,NORMAL,0.0018878216687436547,0.0
1704126660.0,9989.906675217439,SCALE,0.01,3.0,NORMAL,0.0018820211404936516,0.0
1704126720.0,9989.741642937437,SCALE,0.01,3.0,NORMAL,0.0018985099517625575,0.0
1704126780.0,9989.563349134938,SCALE,0.01,3.0,NORMAL,0.0019163237567938803,0.0
1704126840.0,9989.563054434439,SCALE,0.01,3.0,NORMAL,0.0019163532010996753,0.0
1704126900.0,9989.258628817937,SCALE,0.01,3.0,NORMAL,0.001946769169029493,0.0
1704126960.0,9988.964223018438,SCALE,0.01,3.0,NORMAL,0.00197618403056064,0.0
1704127020.0,9989.652053985437,SCALE,0.01,3.0,NORMAL,0.0019074610207370024,0.0
1704127080.0,9988.602920205438,SCALE,0.01,3.0,NORMAL,0.002012282749516917,0.0
1704127140.0,9988.076879812937,SCALE,0.01,3.0,NORMAL,0.0020648408354361227,0.0
1704127200.0,9988.727578516939,SCALE,0.01,3.0,NORMAL,0.0019998278081477614,0.0
1704127260.0,9988.590248083938,SCALE,0.01,3.0,NORMAL,0.0020135488546679254,0.0
1704127320.0,9988.315292517438,SCALE,0.01,3.0,NORMAL,0.0020410203920138673,0.0
1704127380.0,9988.044462757938,SCALE,0.01,3.0,NORMAL,0.0020680797090781317,0.0
1704127440.0,9988.150849638438,SCALE,0.01,3.0,NORMAL,0.002057450314671001,0.0
1704127500.0,9988.577575962438,SCALE,0.01,3.0,NORMAL,0.002014814959818934,0.0
1704127560.0,9989.355879982937,SCALE,0.01,3.0,NORMAL,0.001937052548103284,0.0
1704127620.0,9988.416374788938,SCALE,0.01,3.0,NORMAL,0.002030920995111776,0.0
1704127680.0,9988.551642318438,SCALE,0.01,3.0,NORMAL,0.002017406058732541,0.0
1704127740.0,9988.764710779938,SCALE,0.01,3.0,NORMAL,0.001996117825612303,0.0
1704127800.0,9988.415490687437,SCALE,0.01,3.0,NORMAL,0.002031009328029343,0.0
1704127860.0,9988.963928317939,SCALE,0.01,3.0,NORMAL,0.0019762134748664353,0.0
1704127920.0,9988.834849498939,SCALE,0.01,3.0,NORMAL,0.0019891100808230636,0.0
1704127980.0,9989.516197054938,SCALE,0.01,3.0,NORMAL,0.0019210348457278275,0.0
1704128040.0,9989.857754934437,SCALE,0.01,3.0,NORMAL,0.001886908895262733,0.0
1704128100.0,9989.858049634937,SCALE,0.01,3.0,NORMAL,0.001886879450956938,0.0
1704128160.0,9989.857754934437,SCALE,0.01,3.0,NORMAL,0.001886908895262733,0.0
1704128220.0,9989.857754934437,SCALE,0.01,3.0,NORMAL,0.001886908895262733,0.0
1704128280.0,9989.858049634937,SCALE,0.01,3.0,NORMAL,0.001886879450956938,0.0
1704128340.0,9989.637318960438,SCALE,0.01,3.0,NORMAL,0.0019089332360287586,0.0
1704128400.0,9989.009901595939,SCALE,0.01,3.0,NORMAL,0.0019716201631558507,0.0
1704128460.0,9988.904988217937,SCALE,0.01,3.0,NORMAL,0.0019821023360340057,0.0
1704128520.0,9989.167566363438,SCALE,0.01,3.0,NORMAL,0.0019558674595330956,0.0
1704128580.0,9988.461463965437,SCALE,0.01,3.0,NORMAL,0.0020264160163187585,0.0
1704128640.0,9988.807442352438,SCALE,0.01,3.0,NORMAL,0.00199184840126601,0.0
1704128700.0,9988.542506602938,SCALE,0.01,3.0,NORMAL,0.002018318832213463,0.0
1704128760.0,9988.379242525938,SCALE,0.01,3.0,NORMAL,0.0020346309776472344,0.0
1704128820.0,9988.260183523938,SCALE,0.01,3.0,NORMAL,0.0020465264772053736,0.0
1704128880.0,9988.872571162938,SCALE,0.01,3.0,NORMAL,0.0019853412096760147,0.0
1704128940.0,9988.620602235438,SCALE,0.01,3.0,NORMAL,0.002010516091166664,0.0
1704129000.0,9988.620307534937,SCALE,0.01,3.0,NORMAL,0.002010545535472641,0.0
1704129060.0,9988.368043906938,SCALE,0.01,3.0,NORMAL,0.0020357498612690855,0.0
1704129120.0,9987.989059063937,SCALE,0.01,3.0,NORMAL,0.002073615238575615,0.0
1704129180.0,9988.093972441939,SCALE,0.01,3.0,NORMAL,0.00206313306569746,0.0
1704129240.0,9988.093677741437,SCALE,0.01,3.0,NORMAL,0.002063162510003437,0.0
1704129300.0,9988.068333498437,SCALE,0.01,3.0,NORMAL,0.002065694720305454,0.0
1704129360.0,9989.182890789438,SCALE,0.01,3.0,NORMAL,0.001954336355629567,0.0
1704129420.0,9988.492702218438,SCALE,0.01,3.0,NORMAL,0.00202329491989993,0.0
1704129480.0,9988.610582418438,SCALE,0.01,3.0,NORMAL,0.0020115171975651526,0.0
1704129540.0,9988.788286819938,SCALE,0.01,3.0,NORMAL,0.0019937622811454204,0.0
1704129600.0,9989.113636171938,SCALE,0.01,3.0,NORMAL,0.0019612557675012395,0.0
1704129660.0,9989.631719650937,SCALE,0.01,3.0,NORMAL,0.001909492677839775,0.0
1704129720.0,9988.897326004937,SCALE,0.01,3.0,NORMAL,0.0019828678879857697,0.0
1704129780.0,9988.897620705438,SCALE,0.01,3.0,NORMAL,0.0019828384436797928,0.0
1704129840.0,9988.897326004937,SCALE,0.01,3.0,NORMAL,0.0019828678879857697,0.0
1704129900.0,9989.016974407938,SCALE,0.01,3.0,NORMAL,0.0019709134998158583,0.0
1704129960.0,9988.620602235438,SCALE,0.01,3.0,NORMAL,0.002010516091166664,0.0
1704130020.0,9988.825713783437,SCALE,0.01,3.0,NORMAL,0.0019900228543041666,0.0
1704130080.0,9989.258923518439,SCALE,0.01,3.0,NORMAL,0.0019467397247235163,0.0
1704130140.0,9989.461677462437,SCALE,0.01,3.0,NORMAL,0.0019264820423077434,0.0
1704130200.0,9989.128076496438,SCALE,0.01,3.0,NORMAL,0.0019598129965152787,0.0
1704130260.0,9989.461677462437,SCALE,0.01,3.0,NORMAL,0.0019264820423077434,0.0
1704130320.0,9990.024555417438,SCALE,0.01,3.0,NORMAL,0.0018702434181588747,0.0
1704130380.0,9990.024850117938,SCALE,0.01,3.0,NORMAL,0.0018702139738530795,0.0
1704130440.0,9990.022787214437,SCALE,0.01,3.0,NORMAL,0.001870420083994009,0.0
1704130500.0,9989.846556315437,SCALE,0.01,3.0,NORMAL,0.001888027778884584,0.0
1704130560.0,9989.753725657938,SCALE,0.01,3.0,NORMAL,0.0018973027352231391,0.0
1704130620.0,9989.939386972937,SCALE,0.01,3.0,NORMAL,0.0018787528225458472,0.0
1704130680.0,9989.939386972937,SCALE,0.01,3.0,NORMAL,0.0018787528225458472,0.0
1704130740.0,9990.137425708937,SCALE,0.01,3.0,NORMAL,0.0018589662490233422,0.0
1704130800.0,9989.708931181938,SCALE,0.01,3.0,NORMAL,0.0019017782697103617,0.0
1704130860.0,9989.709225882438,SCALE,0.01,3.0,NORMAL,0.0019017488254045665,0.0
1704130920.0,9989.725729110438,SCALE,0.01,3.0,NORMAL,0.001900099944277676,0.0
1704130980.0,9989.464035066438,SCALE,0.01,3.0,NORMAL,0.001926246487861019,0.0
1704131040.0,9989.463740365938,SCALE,0.01,3.0,NORMAL,0.001926275932166814,0.0
1704131100.0,9988.955676703938,SCALE,0.01,3.0,NORMAL,0.0019770379154299715,0.0
1704131160.0,9987.546418912938,SCALE,0.01,3.0,NORMAL,0.0021178405859428005,0.0
1704131220.0,9987.900354213438,SCALE,0.01,3.0,NORMAL,0.002082477974632493,0.0
1704131280.0,9988.074522208937,SCALE,0.01,3.0,NORMAL,0.0020650763898828473,0.0
1704131340.0,9987.421760601437,SCALE,0.01,3.0,NORMAL,0.002130295527311956,0.0
1704131400.0,9987.378734328438,SCALE,0.01,3.0,NORMAL,0.002134594395964044,0.0
1704131460.0,9987.077845117938,SCALE,0.01,3.0,NORMAL,0.0021646570322237753,0.0
1704131520.0,9987.133838212938,SCALE,0.01,3.0,NORMAL,0.0021590626141147016,0.0
1704131580.0,9987.254665417937,SCALE,0.01,3.0,NORMAL,0.00214699044872161,0.0
1704131640.0,9986.894541406939,SCALE,0.01,3.0,NORMAL,0.002182971390454342,0.0
1704131700.0,9986.711532396437,SCALE,0.01,3.0,NORMAL,0.002201256304379296,0.0
1704131760.0,9986.723320416439,SCALE,0.01,3.0,NORMAL,0.002200078532145673,0.0
1704131820.0,9987.359873496438,SCALE,0.01,3.0,NORMAL,0.0021364788315376597,0.0
1704131880.0,9987.049848570437,SCALE,0.01,3.0,NORMAL,0.0021674542412783116,0.0
1704131940.0,9987.057216082938,SCALE,0.01,3.0,NORMAL,0.002166718133632343,0.0
1704132000.0,9986.153664349938,SCALE,0.01,3.0,NORMAL,0.002256994375328739,0.0
1704132060.0,9985.443141444437,SCALE,0.01,3.0,NORMAL,0.0023279845967020558,0.0
1704132120.0,9984.874664179937,SCALE,0.01,3.0,NORMAL,0.002384782662661759,0.0
1704132180.0,9983.226109582938,SCALE,0.01,3.0,NORMAL,0.002549494109514229,0.0
1704132240.0,9983.003905405938,SCALE,0.01,3.0,NORMAL,0.0025716951161153887,0.0
1704132300.0,9983.411181496938,SCALE,0.01,3.0,NORMAL,0.0025310030854485276,0.0
1704132360.0,9983.763643294938,SCALE,0.01,3.0,NORMAL,0.002495787695667377,0.0
1704132420.0,9981.567240468437,SCALE,0.01,3.0,NORMAL,0.002715236107071164,0.0
1704132480.0,9980.215154574438,SCALE,0.01,3.0,NORMAL,0.0028503265822515575,0.0
1704132540.0,9981.244543420938,SCALE,0.01,3.0,NORMAL,0.0027474776219626436,0.0
1704132600.0,9980.877051897438,SCALE,0.01,3.0,NORMAL,0.002784194671341527,0.0
1704132660.0,9980.919488769438,SCALE,0.01,3.0,NORMAL,0.002779954691301029,0.0
1704132720.0,9979.765736311938,SCALE,0.01,3.0,NORMAL,0.0028952291486531215,0.0
1704132780.0,9977.765309317938,SCALE,0.01,3.0,NORMAL,0.003095097096675151,0.0
1704132840.0,9978.467875309938,SCALE,0.01,3.0,NORMAL,0.0030249018715595754,0.0
1704132900.0,9976.213416484938,SCALE,0.01,3.0,NORMAL,0.0032501508112131837,0.0
1704132960.0,9978.442825767437,SCALE,0.01,3.0,NORMAL,0.0030274046375557973,0.0
1704133020.0,9979.945798317438,SCALE,0.01,3.0,NORMAL,0.0028772386777866643,0.0
1704133080.0,9978.943816617437,SCALE,0.01,3.0,NORMAL,0.0029773493176328135,0.0
1704133140.0,9978.853343563938,SCALE,0.01,3.0,NORMAL,0.002986388719524644,0.0
1704133200.0,9978.620235468437,SCALE,0.01,3.0,NORMAL,0.0030096791654418598,0.0
1704133260.0,9977.241921229937,SCALE,0.01,3.0,NORMAL,0.003147390183841837,0.0
1704133320.0,9978.759039403938,SCALE,0.01,3.0,NORMAL,0.002995810897392538,0.0
1704133380.0,9977.647723818438,SCALE,0.01,3.0,NORMAL,0.003106845374704133,0.0
1704133440.0,9978.023761656437,SCALE,0.01,3.0,NORMAL,0.0030692744404561003,0.0
1704133500.0,9977.588783718438,SCALE,0.01,3.0,NORMAL,0.0031127342358715213,0.0
1704133560.0,9978.288108004937,SCALE,0.01,3.0,NORMAL,0.0030428628981202374,0.0
1704133620.0,9978.649410817938,SCALE,0.01,3.0,NORMAL,0.003006764179163961,0.0
1704133680.0,9978.345279901938,SCALE,0.01,3.0,NORMAL,0.0030371507027878017,0.0
1704133740.0,9979.679389065437,SCALE,0.01,3.0,NORMAL,0.0029038563302634566,0.0
1704133800.0,9979.689998283438,SCALE,0.01,3.0,NORMAL,0.002902796335253196,0.0
1704133860.0,9979.739802667938,SCALE,0.01,3.0,NORMAL,0.002897820247566729,0.0
1704133920.0,9979.654928923937,SCALE,0.01,3.0,NORMAL,0.0029063002076479064,0.0
1704133980.0,9980.226942594438,SCALE,0.01,3.0,NORMAL,0.002849148810018116,0.0
1704134040.0,9980.122913317939,SCALE,0.01,3.0,NORMAL,0.002859542649978522,0.0
1704134100.0,9980.326256662938,SCALE,0.01,3.0,NORMAL,0.0028392260789509775,0.0
1704134160.0,9980.352779707939,SCALE,0.01,3.0,NORMAL,0.002836576091425598,0.0
1704134220.0,9979.415632117938,SCALE,0.01,3.0,NORMAL,0.0029302089839875474,0.0
1704134280.0,9978.708645618437,SCALE,0.01,3.0,NORMAL,0.003000845873690777,0.0
1704134340.0,9978.896664537438,SCALE,0.01,3.0,NORMAL,0.002982060406566579,0.0
1704134400.0,9978.944111317938,SCALE,0.01,3.0,NORMAL,0.0029773198733268366,0.0
1704134460.0,9978.590470717938,SCALE,0.01,3.0,NORMAL,0.003012653040331349,0.0
1704134520.0,9977.507446380438,SCALE,0.01,3.0,NORMAL,0.003120860864282612,0.0
1704134580.0,9977.349192211937,SCALE,0.01,3.0,NORMAL,0.0031366724565171393,0.0
1704134640.0,9977.054786412438,SCALE,0.01,3.0,NORMAL,0.0031660873180482866,0.0
1704134700.0,9976.350746917939,SCALE,0.01,3.0,NORMAL,0.0032364297646930197,0.0
1704134760.0,9977.116968217937,SCALE,0.01,3.0,NORMAL,0.003159874569516788,0.0
1704134820.0,9977.057733417438,SCALE,0.01,3.0,NORMAL,0.0031657928749899717,0.0
1704134880.0,9977.823954717438,SCALE,0.01,3.0,NORMAL,0.0030892376798135578,0.0
1704134940.0,9977.485049142437,SCALE,0.01,3.0,NORMAL,0.0031230986315263142,0.0
1704135000.0,9977.379251662938,SCALE,0.01,3.0,NORMAL,0.003133669137321673,0.0
1704135060.0,9977.379251662938,SCALE,0.01,3.0,NORMAL,0.003133669137321673,0.0
1704135120.0,9976.865883391938,SCALE,0.01,3.0,NORMAL,0.00318496111808987,0.0
1704135180.0,9977.294377918937,SCALE,0.01,3.0,NORMAL,0.0031421490974028504,0.0
1704135240.0,9977.529548917937,SCALE,0.01,3.0,NORMAL,0.003118652541344887,0.0
1704135300.0,9977.673657462437,SCALE,0.01,3.0,NORMAL,0.0031042542757905257,0.0
1704135360.0,9978.797645169438,SCALE,0.01,3.0,NORMAL,0.0029919536933279223,0.0
1704135420.0,9979.120931617937,SCALE,0.01,3.0,NORMAL,0.0029596532898246712,0.0
1704135480.0,9978.263353162938,SCALE,0.01,3.0,NORMAL,0.0030453362198104824,0.0
1704135540.0,9978.263353162938,SCALE,0.01,3.0,NORMAL,0.0030453362198104824,0.0
1704135600.0,9977.294083218438,SCALE,0.01,3.0,NORMAL,0.0031421785417086456,0.0
1704135660.0,9978.483199735938,SCALE,0.01,3.0,NORMAL,0.0030233707676560473,0.0
1704135720.0,9977.763246414437,SCALE,0.01,3.0,NORMAL,0.003095303206816081,0.0
1704135780.0,9976.974038475439,SCALE,0.01,3.0,NORMAL,0.003174155057847605,0.0
1704135840.0,9977.226596803937,SCALE,0.01,3.0,NORMAL,0.0031489212877453656,0.0
1704135900.0,9976.631891194938,SCALE,0.01,3.0,NORMAL,0.0032083398969244715,0.0
1704135960.0,9976.527567217938,SCALE,0.01,3.0,NORMAL,0.0032187631811908543,0.0
1704136020.0,9976.148877075439,SCALE,0.01,3.0,NORMAL,0.003256599114191407,0.0
1704136080.0,9976.085516467938,SCALE,0.01,3.0,NORMAL,0.0032629296399464495,0.0
1704136140.0,9976.571182891937,SCALE,0.01,3.0,NORMAL,0.0032144054239269942,0.0
1704136200.0,9977.065985031437,SCALE,0.01,3.0,NORMAL,0.0031649684344266173,0.0
1704136260.0,9976.944568425437,SCALE,0.01,3.0,NORMAL,0.003177099488431481,0.0
1704136320.0,9976.824035920938,SCALE,0.01,3.0,NORMAL,0.0031891422095187776,0.0
1704136380.0,9976.824035920938,SCALE,0.01,3.0,NORMAL,0.0031891422095187776,0.0
1704136440.0,9976.241707732937,SCALE,0.01,3.0,NORMAL,0.003247324157852852,0.0
1704136500.0,9976.327760278939,SCALE,0.01,3.0,NORMAL,0.0032387264205483123,0.0
1704136560.0,9977.176792419437,SCALE,0.01,3.0,NORMAL,0.0031538973754318324,0.0
1704136620.0,9976.307720644938,SCALE,0.01,3.0,NORMAL,0.00324072863334529,0.0
1704136680.0,9976.582970911937,SCALE,0.01,3.0,NORMAL,0.0032132276516935528,0.0
1704136740.0,9976.174810719438,SCALE,0.01,3.0,NORMAL,0.0032540080152778,0.0
1704136800.0,9976.138267857437,SCALE,0.01,3.0,NORMAL,0.0032576591092016677,0.0
1704136860.0,9975.832958139437,SCALE,0.01,3.0,NORMAL,0.003288163410048871,0.0
1704136920.0,9975.643760418438,SCALE,0.01,3.0,NORMAL,0.00330706665439625,0.0
1704136980.0,9975.643465717938,SCALE,0.01,3.0,NORMAL,0.0033070960987020446,0.0
1704137040.0,9975.377645866938,SCALE,0.01,3.0,NORMAL,0.0033336548625670648,0.0
1704137100.0,9975.256229260938,SCALE,0.01,3.0,NORMAL,0.003345785916571929,0.0
1704137160.0,9975.610753962437,SCALE,0.01,3.0,NORMAL,0.003310364416650031,0.0
1704137220.0,9975.564191283438,SCALE,0.01,3.0,NORMAL,0.003315016616972206,0.0
1704137280.0,9973.580856918437,SCALE,0.01,3.0,NORMAL,0.0035131767952557547,0.0
1704137340.0,9971.198733632473,SCALE,0.01,3.0,NORMAL,0.003751181028616559,0.0
1704137400.0,9971.198733632473,SCALE,0.01,3.0,NORMAL,0.003751181028616559,0.0
1704137460.0,9971.198733632473,SCALE,0.01,3.0,NORMAL,0.003751181028616559,0.0
1704137520.0,9971.198733632473,SCALE,0.01,3.0,NORMAL,0.003751181028616559,0.0
1704137580.0,9971.198733632473,SCALE,0.01,3.0,NORMAL,0.003751181028616559,0.0
1704137640.0,9971.198733632473,SCALE,0.01,3.0,NORMAL,0.003751181028616559,0.0
1704137700.0,9971.198733632473,SCALE,0.01,3.0,NORMAL,0.003751181028616559,0.0
1704137760.0,7471.9294834482,SCALE,0.0,3.0,COOLDOWN,0.25345977728688385,0.0
1704137820.0,7472.6228347008,SCALE,0.0,3.0,COOLDOWN,0.2533905027307359,0.0
1704137880.0,7474.470813971399,SCALE,0.0,3.0,COOLDOWN,0.2532058662376723,0.0
1704137940.0,7475.9442571884,SCALE,0.0,3.0,COOLDOWN,0.25305865063160804,0.0
1704138000.0,7472.047818458999,SCALE,0.0,3.0,COOLDOWN,0.2534479541232,0.0
1704138060.0,7472.9158000188,SCALE,0.0,3.0,COOLDOWN,0.2533612317915185,0.0
1704138120.0,7474.1261488914,SCALE,0.0,3.0,COOLDOWN,0.25324030263675157,0.0
1704138180.0,7475.1681863165995,SCALE,0.0,3.0,COOLDOWN,0.2531361899235351,0.0
1704138240.0,7475.902322937,SCALE,0.0,3.0,COOLDOWN,0.25306284039349614,0.0
1704138300.0,7477.1614993626,SCALE,0.0,3.0,COOLDOWN,0.2529370327488596,0.0
1704138360.0,7478.1753891396,SCALE,0.0,3.0,COOLDOWN,0.25283573234156786,0.0
1704138420.0,7479.7263819996,SCALE,0.0,3.0,COOLDOWN,0.2526807685457109,0.0
1704138480.0,7481.190059705999,SCALE,0.0,3.0,COOLDOWN,0.2525345286376207,0.0
1704138540.0,7479.747636346199,SCALE,0.0,3.0,COOLDOWN,0.25267864496776776,0.0
1704138600.0,7481.144678803799,SCALE,0.0,3.0,COOLDOWN,0.2525390627634995,0.0
1704138660.0,7482.2751802662,SCALE,0.0,3.0,COOLDOWN,0.2524261113745193,0.0
1704138720.0,7482.387770859,SCALE,0.0,3.0,COOLDOWN,0.25241486215082004,0.0
1704138780.0,7483.5378033426,SCALE,0.0,3.0,COOLDOWN,0.252299959365892,0.0
1704138840.0,7483.528037831999,SCALE,0.0,3.0,COOLDOWN,0.25230093506386597,0.0
1704138900.0,7480.8430968588,SCALE,0.0,3.0,COOLDOWN,0.2525691946126939,0.0
1704138960.0,7479.9222666534,SCALE,0.0,3.0,COOLDOWN,0.2526611971922342,0.0
1704139020.0,7480.994749494,SCALE,0.0,3.0,COOLDOWN,0.252554042597099,0.0
1704139080.0,7483.5085068108,SCALE,0.0,3.0,COOLDOWN,0.2523028864598137,0.0
1704139140.0,7482.962212658999,SCALE,0.0,3.0,COOLDOWN,0.25235746815235455,0.0
1704139200.0,7488.0592347504,SCALE,0.0,3.0,COOLDOWN,0.25184821120396966,0.0
1704139260.0,7487.7369729005995,SCALE,0.0,3.0,COOLDOWN,0.25188040923710886,0.0
1704139320.0,7486.966072005,SCALE,0.0,3.0,COOLDOWN,0.2519574319830496,0.0
1704139380.0,7490.4965913077995,SCALE,0.0,3.0,COOLDOWN,0.25160468846848033,0.0
1704139440.0,7492.6495991741995,SCALE,0.0,3.0,COOLDOWN,0.2513895757622315,0.0
1704139500.0,7492.6490247324,SCALE,0.0,3.0,COOLDOWN,0.25138963315622986,0.0
1704139560.0,7492.49507433,SCALE,0.0,3.0,COOLDOWN,0.2514050147478187,0.0
1704139620.0,7492.500818748,SCALE,0.0,3.0,COOLDOWN,0.25140444080783403,0.0
1704139680.0,7492.8696103836,SCALE,0.0,3.0,COOLDOWN,0.2513675938608191,0.0
1704139740.0,7492.989094277999,SCALE,0.0,3.0,COOLDOWN,0.25135565590913833,0.0
1704139800.0,7495.1409532607995,SCALE,0.0,3.0,COOLDOWN,0.25114065799088636,0.0
1704139860.0,7494.2287396823995,SCALE,0.0,3.0,COOLDOWN,0.2512317996604497,0.0
1704139920.0,7493.8817768352,SCALE,0.0,3.0,COOLDOWN,0.2512664656355228,0.0
1704139980.0,7495.235161715999,SCALE,0.0,3.0,COOLDOWN,0.25113124537513803,0.0
1704140040.0,7490.1996048972,SCALE,0.0,3.0,COOLDOWN,0.25163436116568705,0.0
1704140100.0,7491.755193291599,SCALE,0.0,3.0,COOLDOWN,0.25147893821784234,0.0
1704140160.0,7490.7746211389995,SCALE,0.0,3.0,COOLDOWN,0.25157690977322306,0.0
1704140220.0,7490.412722805,SCALE,0.0,3.0,COOLDOWN,0.25161306799225625,0.0
1704140280.0,7489.8997462776,SCALE,0.0,3.0,COOLDOWN,0.25166432083288603,0.0
1704140340.0,7487.9592818772,SCALE,0.0,3.0,COOLDOWN,0.25185819775970264,0.0
1704140400.0,7489.3218578268,SCALE,0.0,3.0,COOLDOWN,0.2517220591953424,0.0
1704140460.0,7487.128639034399,SCALE,0.0,3.0,COOLDOWN,0.25194118948148386,0.0
1704140520.0,7486.2974217497995,SCALE,0.0,3.0,COOLDOWN,0.25202423859726353,0.0
1704140580.0,7486.687467731999,SCALE,0.0,3.0,COOLDOWN,0.2519852680723054,0.0
1704140640.0,7489.8968740686,SCALE,0.0,3.0,COOLDOWN,0.25166460780287836,0.0
1704140700.0,7492.083774001199,SCALE,0.0,3.0,COOLDOWN,0.25144610885072005,0.0
1704140760.0,7491.0480554358,SCALE,0.0,3.0,COOLDOWN,0.2515495902299534,0.0
1704140820.0,7492.084348443,SCALE,0.0,3.0,COOLDOWN,0.25144605145672155,0.0
1704140880.0,7493.4182023026,SCALE,0.0,3.0,COOLDOWN,0.25131278259228457,0.0
1704140940.0,7493.3923524216,SCALE,0.0,3.0,COOLDOWN,0.2513153653222155,0.0
1704141000.0,7494.930707561999,SCALE,0.0,3.0,COOLDOWN,0.25116166419432484,0.0
1704141060.0,7494.930707561999,SCALE,0.0,3.0,COOLDOWN,0.25116166419432484,0.0
1704141120.0,7491.9401635511995,SCALE,0.0,3.0,COOLDOWN,0.25146045735033645,0.0
1704141180.0,7493.0017319976,SCALE,0.0,3.0,COOLDOWN,0.2513543932411721,0.0
1704141240.0,7492.0395419826,SCALE,0.0,3.0,COOLDOWN,0.25145052818860186,0.0
1704141300.0,7493.1878511407995,SCALE,0.0,3.0,COOLDOWN,0.25133579758566926,0.0
1704141360.0,7491.756916617,SCALE,0.0,3.0,COOLDOWN,0.2514787660358469,0.0
1704141420.0,7490.974526885399,SCALE,0.0,3.0,COOLDOWN,0.25155693666175705,0.0
1704141480.0,7491.826424074799,SCALE,0.0,3.0,COOLDOWN,0.2514718213620326,0.0
1704141540.0,7491.6937280189995,SCALE,0.0,3.0,COOLDOWN,0.25148507937567816,0.0
1704141600.0,7494.1919754072,SCALE,0.0,3.0,COOLDOWN,0.25123547287635145,0.0
1704141660.0,7494.3671801561995,SCALE,0.0,3.0,COOLDOWN,0.2512179677068195,0.0
1704141720.0,7493.525622919199,SCALE,0.0,3.0,COOLDOWN,0.25130204991457156,0.0
1704141780.0,7495.3264979622,SCALE,0.0,3.0,COOLDOWN,0.251122119729382,0.0
1704141840.0,7499.1620458607995,SCALE,0.0,3.0,COOLDOWN,0.2507389000016275,0.0
1704141900.0,7498.4526102377995,SCALE,0.0,3.0,COOLDOWN,0.2508097815897325,0.0
1704141960.0,7500.491878627799,SCALE,0.0,3.0,COOLDOWN,0.2506060328951798,0.0
1704142020.0,7499.8490782536,SCALE,0.0,3.0,COOLDOWN,0.2506702567794627,0.0
1704142080.0,7499.1626203026,SCALE,0.0,3.0,COOLDOWN,0.250738842607629,0.0
1704142140.0,7496.9791670208,SCALE,0.0,3.0,COOLDOWN,0.2509569971957966,0.0
1704142200.0,7496.0072114952,SCALE,0.0,3.0,COOLDOWN,0.2510541078412003,0.0
1704142260.0,7493.1304069607995,SCALE,0.0,3.0,COOLDOWN,0.2513415369855158,0.0
1704142320.0,7493.269996318199,SCALE,0.0,3.0,COOLDOWN,0.2513275902438887,0.0
1704142380.0,7493.1309814026,SCALE,0.0,3.0,COOLDOWN,0.2513414795915173,0.0
1704142440.0,7492.564581787799,SCALE,0.0,3.0,COOLDOWN,0.2513980700740044,0.0
1704142500.0,7493.1304069607995,SCALE,0.0,3.0,COOLDOWN,0.2513415369855158,0.0
1704142560.0,7493.7628673826,SCALE,0.0,3.0,COOLDOWN,0.25127834619320516,0.0
1704142620.0,7491.9246536226,SCALE,0.0,3.0,COOLDOWN,0.25146200698829496,0.0
1704142680.0,7490.793577718399,SCALE,0.0,3.0,COOLDOWN,0.25157501577127367,0.0
1704142740.0,7492.7202555156,SCALE,0.0,3.0,COOLDOWN,0.25138251630042013,0.0
1704142800.0,7494.9117509826,SCALE,0.0,3.0,COOLDOWN,0.25116355819627406,0.0
1704142860.0,7495.0364048532,SCALE,0.0,3.0,COOLDOWN,0.25115110369860705,0.0
1704142920.0,7494.2746950264,SCALE,0.0,3.0,COOLDOWN,0.25122720814057237,0.0
1704142980.0,7493.2119776964,SCALE,0.0,3.0,COOLDOWN,0.25133338703773367,0.0
1704143040.0,7495.5131915472,SCALE,0.0,3.0,COOLDOWN,0.25110346667988065,0.0
1704143100.0,7495.1398043772,SCALE,0.0,3.0,COOLDOWN,0.2511407727788833,0.0
1704143160.0,7495.602230026199,SCALE,0.0,3.0,COOLDOWN,0.2510945706101186,0.0
1704143220.0,7496.871746404199,SCALE,0.0,3.0,COOLDOWN,0.2509677298735097,0.0
1704143280.0,7495.1943763481995,SCALE,0.0,3.0,COOLDOWN,0.2511353203490291,0.0
1704143340.0,7493.2292109504,SCALE,0.0,3.0,COOLDOWN,0.2513316652177797,0.0
1704143400.0,7493.9150944595995,SCALE,0.0,3.0,COOLDOWN,0.2512631367836119,0.0
1704143460.0,7493.9920696608,SCALE,0.0,3.0,COOLDOWN,0.25125544598781746,0.0
1704143520.0,7496.541442369199,SCALE,0.0,3.0,COOLDOWN,0.2510007314226274,0.0
1704143580.0,7494.3384580662,SCALE,0.0,3.0,COOLDOWN,0.2512208374067427,0.0
1704143640.0,7494.828456921599,SCALE,0.0,3.0,COOLDOWN,0.25117188032605164,0.0
1704143700.0,7494.8296058052,SCALE,0.0,3.0,COOLDOWN,0.25117176553805465,0.0
1704143760.0,7497.990759030599,SCALE,0.0,3.0,COOLDOWN,0.2508559263644988,0.0
1704143820.0,7496.882660798399,SCALE,0.0,3.0,COOLDOWN,0.2509666393875389,0.0
1704143880.0,7496.125546505999,SCALE,0.0,3.0,COOLDOWN,0.25104228467751644,0.0
1704143940.0,7496.7476669754,SCALE,0.0,3.0,COOLDOWN,0.2509801269771782,0.0
1704144000.0,7496.603482083599,SCALE,0.0,3.0,COOLDOWN,0.2509945328707931,0.0
1704144060.0,7494.7015052838,SCALE,0.0,3.0,COOLDOWN,0.25118456439971254,0.0
1704144120.0,7494.810649225799,SCALE,0.0,3.0,COOLDOWN,0.2511736595400041,0.0
1704144180.0,7493.257358598599,SCALE,0.0,3.0,COOLDOWN,0.25132885291185497,0.0
1704144240.0,7491.9258025062,SCALE,0.0,3.0,COOLDOWN,0.251461892200298,0.0
1704144300.0,7492.5456252083995,SCALE,0.0,3.0,COOLDOWN,0.2513999640759537,0.0
1704144360.0,7492.167642504,SCALE,0.0,3.0,COOLDOWN,0.2514377293269441,0.0
1704144420.0,7489.6268864225995,SCALE,0.0,3.0,COOLDOWN,0.2516915829821572,0.0
1704144480.0,7490.257623519,SCALE,0.0,3.0,COOLDOWN,0.251628564371842,0.0
1704144540.0,7490.8987005678,SCALE,0.0,3.0,COOLDOWN,0.25156451266955443,0.0
1704144600.0,7489.838281005,SCALE,0.0,3.0,COOLDOWN,0.25167046199072185,0.0
1704144660.0,7487.6197867734,SCALE,0.0,3.0,COOLDOWN,0.2518921176127958,0.0
1704144720.0,7488.7709681405995,SCALE,0.0,3.0,COOLDOWN,0.25177710003987086,0.0
1704144780.0,7488.6572286641995,SCALE,0.0,3.0,COOLDOWN,0.2517884640515671,0.0
1704144840.0,7488.2396094755995,SCALE,0.0,3.0,COOLDOWN,0.2518301894884515,0.0
1704144900.0,7487.761673898,SCALE,0.0,3.0,COOLDOWN,0.2518779412951748,0.0
1704144960.0,7486.4100123426,SCALE,0.0,3.0,COOLDOWN,0.25201298937356426,0.0
1704145020.0,7485.393250356599,SCALE,0.0,3.0,COOLDOWN,0.2521145767508483,0.0
1704145080.0,7483.460828141399,SCALE,0.0,3.0,COOLDOWN,0.25230765016168644,0.0
1704145140.0,7483.9985056662,SCALE,0.0,3.0,COOLDOWN,0.2522539293791226,0.0
1704145200.0,7485.7017256031995,SCALE,0.0,3.0,COOLDOWN,0.2520837561736723,0.0
1704145260.0,7483.1764794504,SCALE,0.0,3.0,COOLDOWN,0.25233606019092686,0.0
1704145320.0,7482.2160127607995,SCALE,0.0,3.0,COOLDOWN,0.25243202295636125,0.0
1704145380.0,7481.273353766999,SCALE,0.0,3.0,COOLDOWN,0.25252620650784324,0.0
1704145440.0,7480.9958983776,SCALE,0.0,3.0,COOLDOWN,0.2525539278091021,0.0
1704145500.0,7481.5847012225995,SCALE,0.0,3.0,COOLDOWN,0.2524950989606749,0.0
1704145560.0,7481.094127925399,SCALE,0.0,3.0,COOLDOWN,0.2525441134353645,0.0
1704145620.0,7482.1918862052,SCALE,0.0,3.0,COOLDOWN,0.2524344335042968,0.0
1704145680.0,7484.759066609399,SCALE,0.0,3.0,COOLDOWN,0.2521779397251543,0.0
1704145740.0,7483.460828141399,SCALE,0.0,3.0,COOLDOWN,0.25230765016168644,0.0
1704145800.0,7483.1414385006,SCALE,0.0,3.0,COOLDOWN,0.2523395612248332,0.0
1704145860.0,7484.800426418999,SCALE,0.0,3.0,COOLDOWN,0.25217380735726475,0.0
1704145920.0,7486.822461555,SCALE,0.0,3.0,COOLDOWN,0.251971780482666,0.0
1704145980.0,7486.1641512522,SCALE,0.0,3.0,COOLDOWN,0.25203755400490746,0.0
1704146040.0,7488.0155771736,SCALE,0.0,3.0,COOLDOWN,0.25185257314785303,0.0
1704146100.0,7488.248800544399,SCALE,0.0,3.0,COOLDOWN,0.25182927118447607,0.0
1704146160.0,7487.2142308626,SCALE,0.0,3.0,COOLDOWN,0.25193263777571245,0.0
1704146220.0,7487.0872792248,SCALE,0.0,3.0,COOLDOWN,0.25194532184937335,0.0
1704146280.0,7487.4336676302,SCALE,0.0,3.0,COOLDOWN,0.2519107132682986,0.0
1704146340.0,7488.7767125586,SCALE,0.0,3.0,COOLDOWN,0.2517765260998862,0.0
1704146400.0,7490.8303419936,SCALE,0.0,3.0,COOLDOWN,0.25157134255537184,0.0
1704146460.0,7490.6603072208,SCALE,0.0,3.0,COOLDOWN,0.2515883311789176,0.0
1704146520.0,7486.403119041,SCALE,0.0,3.0,COOLDOWN,0.25201367810154585,0.0
1704146580.0,7485.6241759602,SCALE,0.0,3.0,COOLDOWN,0.2520915043634651,0.0
1704146640.0,7485.4903310208,SCALE,0.0,3.0,COOLDOWN,0.25210487716510754,0.0
1704146700.0,7485.4880332535995,SCALE,0.0,3.0,COOLDOWN,0.2521051067411015,0.0
1704146760.0,7485.02733093,SCALE,0.0,3.0,COOLDOWN,0.2521511367278708,0.0
1704146820.0,7484.5815640932,SCALE,0.0,3.0,COOLDOWN,0.2521956744706801,0.0
1704146880.0,7485.9688410402,SCALE,0.0,3.0,COOLDOWN,0.2520570679643858,0.0
1704146940.0,7485.4903310208,SCALE,0.0,3.0,COOLDOWN,0.25210487716510754,0.0
1704147000.0,7485.6339414708,SCALE,0.0,3.0,COOLDOWN,0.2520905286654912,0.0
1704147060.0,7483.370066336999,SCALE,0.0,3.0,COOLDOWN,0.252316718413444,0.0
1704147120.0,7484.9107192446,SCALE,0.0,3.0,COOLDOWN,0.2521627877095593,0.0
1704147180.0,7483.0070191194,SCALE,0.0,3.0,COOLDOWN,0.2523529914204741,0.0
1704147240.0,7483.019656838999,SCALE,0.0,3.0,COOLDOWN,0.252351728752508,0.0
1704147300.0,7484.2185168756,SCALE,0.0,3.0,COOLDOWN,0.2522319474777103,0.0
1704147360.0,7483.340195363399,SCALE,0.0,3.0,COOLDOWN,0.2523197029013642,0.0
1704147420.0,7481.4175386587995,SCALE,0.0,3.0,COOLDOWN,0.2525118006142284,0.0
1704147480.0,7480.0136028996,SCALE,0.0,3.0,COOLDOWN,0.2526520715464781,0.0
1704147540.0,7479.0565828608,SCALE,0.0,3.0,COOLDOWN,0.2527476899479218,0.0
1704147600.0,7475.839134338999,SCALE,0.0,3.0,COOLDOWN,0.25306915373332733,0.0
1704147660.0,7476.1843738607995,SCALE,0.0,3.0,COOLDOWN,0.25303465994024954,0.0
1704147720.0,7478.3689760262,SCALE,0.0,3.0,COOLDOWN,0.25281639056408506,0.0
1704147780.0,7480.0664515452,SCALE,0.0,3.0,COOLDOWN,0.2526467912986193,0.0
1704147840.0,7480.843671300599,SCALE,0.0,3.0,COOLDOWN,0.25256913721869545,0.0
1704147900.0,7479.5034985812,SCALE,0.0,3.0,COOLDOWN,0.25270303741711553,0.0
1704147960.0,7479.1944488928,SCALE,0.0,3.0,COOLDOWN,0.25273391538829,0.0
1704148020.0,7481.2400361426,SCALE,0.0,3.0,COOLDOWN,0.2525295353597542,0.0
1704148080.0,7480.9212209436,SCALE,0.0,3.0,COOLDOWN,0.25256138902890257,0.0
1704148140.0,7480.2686550588,SCALE,0.0,3.0,COOLDOWN,0.25262658861115944,0.0
1704148200.0,7483.410277262999,SCALE,0.0,3.0,COOLDOWN,0.2523127008335514,0.0
1704148260.0,7481.4146664498,SCALE,0.0,3.0,COOLDOWN,0.2525120875842206,0.0
1704148320.0,7481.9287918608,SCALE,0.0,3.0,COOLDOWN,0.252460719955594,0.0
1704148380.0,7482.1602919062,SCALE,0.0,3.0,COOLDOWN,0.2524375901742124,0.0
1704148440.0,7481.928217418999,SCALE,0.0,3.0,COOLDOWN,0.2524607773495925,0.0
1704148500.0,7482.387196417199,SCALE,0.0,3.0,COOLDOWN,0.25241491954481854,0.0
1704148560.0,7482.943256079599,SCALE,0.0,3.0,COOLDOWN,0.2523593621543039,0.0
1704148620.0,7483.295388903,SCALE,0.0,3.0,COOLDOWN,0.2523241796332445,0.0
1704148680.0,7483.6521172608,SCALE,0.0,3.0,COOLDOWN,0.25228853796019735,0.0
1704148740.0,7483.6997959302,SCALE,0.0,3.0,COOLDOWN,0.2522837742583247,0.0
1704148800.0,7482.8030922804,SCALE,0.0,3.0,COOLDOWN,0.2523733662899294,0.0
1704148860.0,7481.9264940936,SCALE,0.0,3.0,COOLDOWN,0.2524609495315878,0.0
1704148920.0,7479.9567331614,SCALE,0.0,3.0,COOLDOWN,0.2526577535523262,0.0
1704148980.0,7479.5776015734,SCALE,0.0,3.0,COOLDOWN,0.2526956335913135,0.0
1704149040.0,7478.887696971599,SCALE,0.0,3.0,COOLDOWN,0.2527645637834707,0.0
1704149100.0,7481.5841267808,SCALE,0.0,3.0,COOLDOWN,0.2524951563546733,0.0
1704149160.0,7482.1901628798,SCALE,0.0,3.0,COOLDOWN,0.2524346056862922,0.0
1704149220.0,7482.0655090092,SCALE,0.0,3.0,COOLDOWN,0.25244706018395924,0.0
1704149280.0,7481.5456391802,SCALE,0.0,3.0,COOLDOWN,0.2524990017525705,0.0
1704149340.0,7479.9366276984,SCALE,0.0,3.0,COOLDOWN,0.2526597623422725,0.0
1704149400.0,7479.786123946799,SCALE,0.0,3.0,COOLDOWN,0.25267479956987055,0.0
1704149460.0,7479.6947877006,SCALE,0.0,3.0,COOLDOWN,0.25268392521562655,0.0
1704149520.0,7479.694213258799,SCALE,0.0,3.0,COOLDOWN,0.25268398260962505,0.0
1704149580.0,7480.044048315,SCALE,0.0,3.0,COOLDOWN,0.2526490296645595,0.0
1704149640.0,7480.044048315,SCALE,0.0,3.0,COOLDOWN,0.2526490296645595,0.0
1704149700.0,7481.5450647384,SCALE,0.0,3.0,COOLDOWN,0.252499059146569,0.0
1704149760.0,7481.9919804588,SCALE,0.0,3.0,COOLDOWN,0.2524544066157628,0.0
1704149820.0,7482.2631169884,SCALE,0.0,3.0,COOLDOWN,0.25242731664848705,0.0
1704149880.0,7483.6480961682,SCALE,0.0,3.0,COOLDOWN,0.2522889397181866,0.0
1704149940.0,7483.6480961682,SCALE,0.0,3.0,COOLDOWN,0.2522889397181866,0.0
1704150000.0,7487.261909532,SCALE,0.0,3.0,COOLDOWN,0.2519278740738399,0.0
1704150060.0,7488.7520115612,SCALE,0.0,3.0,COOLDOWN,0.2517789940418202,0.0
1704150120.0,7488.021321591599,SCALE,0.0,3.0,COOLDOWN,0.25185199920786844,0.0
1704150180.0,7491.119286218999,SCALE,0.0,3.0,COOLDOWN,0.2515424733741437,0.0
1704150240.0,7492.3577827398,SCALE,0.0,3.0,COOLDOWN,0.2514187319134519,0.0
1704150300.0,7493.2682729928,SCALE,0.0,3.0,COOLDOWN,0.251327762425884,0.0
1704150360.0,7492.384781504399,SCALE,0.0,3.0,COOLDOWN,0.2514160343955241,0.0
1704150420.0,7489.970402618999,SCALE,0.0,3.0,COOLDOWN,0.2516572613710748,0.0
1704150480.0,7489.9709770608,SCALE,0.0,3.0,COOLDOWN,0.2516572039770763,0.0
1704150540.0,7490.7998965782,SCALE,0.0,3.0,COOLDOWN,0.2515743844372905,0.0
1704150600.0,7490.665477197,SCALE,0.0,3.0,COOLDOWN,0.25158781463293145,0.0
1704150660.0,7489.637800816799,SCALE,0.0,3.0,COOLDOWN,0.25169049249618636,0.0
1704150720.0,7491.3886994232,SCALE,0.0,3.0,COOLDOWN,0.25151555558886335,0.0
1704150780.0,7492.3416983694,SCALE,0.0,3.0,COOLDOWN,0.251420338945409,0.0
1704150840.0,7491.9166114374,SCALE,0.0,3.0,COOLDOWN,0.25146281050427344,0.0
1704150900.0,7489.396535260799,SCALE,0.0,3.0,COOLDOWN,0.2517145979755419,0.0
1704150960.0,7491.345616288199,SCALE,0.0,3.0,COOLDOWN,0.2515198601387483,0.0
1704151020.0,7494.2741205846,SCALE,0.0,3.0,COOLDOWN,0.25122726553457086,0.0
1704151080.0,7496.492614816199,SCALE,0.0,3.0,COOLDOWN,0.25100560991249693,0.0
1704151140.0,7495.4988305022,SCALE,0.0,3.0,COOLDOWN,0.25110490152984233,0.0
1704151200.0,7497.263515711799,SCALE,0.0,3.0,COOLDOWN,0.2509285871665562,0.0
1704151260.0,7498.8179552226,SCALE,0.0,3.0,COOLDOWN,0.2507732790067083,0.0
1704151320.0,7499.3751637686,SCALE,0.0,3.0,COOLDOWN,0.25071760682819677,0.0
1704151380.0,7497.8867850648,SCALE,0.0,3.0,COOLDOWN,0.25086631467822096,0.0
1704151440.0,7500.3741180587995,SCALE,0.0,3.0,COOLDOWN,0.2506177986648652,0.0
1704151500.0,7504.5342255744,SCALE,0.0,3.0,COOLDOWN,0.2502021513279777,0.0
1704151560.0,7504.388891799,SCALE,0.0,3.0,COOLDOWN,0.25021667200958947,0.0
1704151620.0,7508.6931842064,SCALE,0.0,3.0,COOLDOWN,0.24978661877908712,0.0
1704151680.0,7509.523827049199,SCALE,0.0,3.0,COOLDOWN,0.24970362705730598,0.0
1704151740.0,7510.075865618999,SCALE,0.0,3.0,COOLDOWN,0.24964847142478058,0.0
1704151800.0,7509.7317749808,SCALE,0.0,3.0,COOLDOWN,0.24968285042986138,0.0
1704151860.0,7510.306216780799,SCALE,0.0,3.0,COOLDOWN,0.2496254564313959,0.0
1704151920.0,7512.4890956208,SCALE,0.0,3.0,COOLDOWN,0.2494073592372267,0.0
1704151980.0,7511.873868453,SCALE,0.0,3.0,COOLDOWN,0.24946882820958333,0.0
1704152040.0,7511.394783991799,SCALE,0.0,3.0,COOLDOWN,0.2495166948043037,0.0
1704152100.0,7508.3456469174,SCALE,0.0,3.0,COOLDOWN,0.24982134214815876,0.0
1704152160.0,7510.719240435,SCALE,0.0,3.0,COOLDOWN,0.2495841901464991,0.0
1704152220.0,7513.1812979897995,SCALE,0.0,3.0,COOLDOWN,0.2493381994690758,0.0
1704152280.0,7516.336706797199,SCALE,0.0,3.0,COOLDOWN,0.24902293423550453,0.0
1704152340.0,7516.3952998608,SCALE,0.0,3.0,COOLDOWN,0.24901708004766096,0.0
1704152400.0,7514.0688105707995,SCALE,0.0,3.0,COOLDOWN,0.24924952574144651,0.0
1704152460.0,7515.709416351599,SCALE,0.0,3.0,COOLDOWN,0.2490856084818289,0.0
1704152520.0,7513.5087298158,SCALE,0.0,3.0,COOLDOWN,0.2493054848899504,0.0
1704152580.0,7515.395196686999,SCALE,0.0,3.0,COOLDOWN,0.2491170029989896,0.0
1704152640.0,7515.5261694174,SCALE,0.0,3.0,COOLDOWN,0.2491039171673394,0.0
1704152700.0,7515.1234857156,SCALE,0.0,3.0,COOLDOWN,0.24914415036026374,0.0
1704152760.0,7515.7950081798,SCALE,0.0,3.0,COOLDOWN,0.2490770567760575,0.0
1704152820.0,7515.6186545472,SCALE,0.0,3.0,COOLDOWN,0.2490946767335864,0.0
1704152880.0,7514.9425365485995,SCALE,0.0,3.0,COOLDOWN,0.24916222946978042,0.0
1704152940.0,7514.9023256226,SCALE,0.0,3.0,COOLDOWN,0.24916624704967294,0.0
1704153000.0,7516.624502139,SCALE,0.0,3.0,COOLDOWN,0.24899417984227326,0.0
1704153060.0,7519.266934419,SCALE,0.0,3.0,COOLDOWN,0.2487301674493317,0.0
1704153120.0,7518.7832544234,SCALE,0.0,3.0,COOLDOWN,0.24877849319603973,0.0
1704153180.0,7518.795892143,SCALE,0.0,3.0,COOLDOWN,0.24877723052807346,0.0
1704153240.0,7518.1174763772,SCALE,0.0,3.0,COOLDOWN,0.2488450128402613,0.0
1704153300.0,7518.7723400292,SCALE,0.0,3.0,COOLDOWN,0.24877958368201056,0.0
1704153360.0,7518.419632763999,SCALE,0.0,3.0,COOLDOWN,0.24881482359706847,0.0
1704153420.0,7518.4529503884,SCALE,0.0,3.0,COOLDOWN,0.24881149474515743,0.0
1704153480.0,7519.617918358799,SCALE,0.0,3.0,COOLDOWN,0.24869509971626932,0.0
1704153540.0,7520.9649843798,SCALE,0.0,3.0,COOLDOWN,0.24856051078986757,0.0
1704153600.0,7520.6634024347995,SCALE,0.0,3.0,COOLDOWN,0.248590642639062,0.0
1704153660.0,7523.0593991826,SCALE,0.0,3.0,COOLDOWN,0.24835125227146215,0.0
1704153720.0,7520.1274482354,SCALE,0.0,3.0,COOLDOWN,0.2486441912396303,0.0
1704153780.0,7522.776773817,SCALE,0.0,3.0,COOLDOWN,0.24837949011870722,0.0
1704153840.0,7525.852335214199,SCALE,0.0,3.0,COOLDOWN,0.24807220265092272,0.0
1704153900.0,7529.319665919,SCALE,0.0,3.0,COOLDOWN,0.2477257724761846,0.0
1704153960.0,7530.8614677102,SCALE,0.0,3.0,COOLDOWN,0.24757172698430308,0.0
1704154020.0,7535.411621208,SCALE,0.0,3.0,COOLDOWN,0.24711710912245743,0.0
1704154080.0,7533.1793403732,SCALE,0.0,3.0,COOLDOWN,0.24734014220049455,0.0
1704154140.0,7533.5389409399995,SCALE,0.0,3.0,COOLDOWN,0.24730421355745516,0.0
1704154200.0,7535.377729141799,SCALE,0.0,3.0,COOLDOWN,0.24712049536836697,0.0
1704154260.0,7539.0357745242,SCALE,0.0,3.0,COOLDOWN,0.24675501038613826,0.0
1704154320.0,7539.372397419,SCALE,0.0,3.0,COOLDOWN,0.24672137750303746,0.0
1704154380.0,7544.141987684399,SCALE,0.0,3.0,COOLDOWN,0.24624483513377807,0.0
1704154440.0,7546.8458852369995,SCALE,0.0,3.0,COOLDOWN,0.2459746815830007,0.0
1704154500.0,7541.610997113599,SCALE,0.0,3.0,COOLDOWN,0.24649771309101728,0.0
1704154560.0,7539.0288812226,SCALE,0.0,3.0,COOLDOWN,0.24675569911411985,0.0
1704154620.0,7545.9595215396,SCALE,0.0,3.0,COOLDOWN,0.24606324052263295,0.0
1704154680.0,7549.514167398,SCALE,0.0,3.0,COOLDOWN,0.2457080864601282,0.0
1704154740.0,7542.583527080999,SCALE,0.0,3.0,COOLDOWN,0.2464005450516151,0.0
1704154800.0,7545.117389860799,SCALE,0.0,3.0,COOLDOWN,0.24614738012438353,0.0
1704154860.0,7551.6849829602,SCALE,0.0,3.0,COOLDOWN,0.24549119453992688,0.0
1704154920.0,7552.4708193425995,SCALE,0.0,3.0,COOLDOWN,0.24541267955002602,0.0
1704154980.0,7556.105887053,SCALE,0.0,3.0,COOLDOWN,0.245049490327736,0.0
1704155040.0,7553.8448841282,SCALE,0.0,3.0,COOLDOWN,0.2452753931056964,0.0
1704155100.0,7551.2070473826,SCALE,0.0,3.0,COOLDOWN,0.24553894634665022,0.0
1704155160.0,7554.0786819407995,SCALE,0.0,3.0,COOLDOWN,0.24525203374832097,0.0
1704155220.0,7546.3811618208,SCALE,0.0,3.0,COOLDOWN,0.24602111332775928,0.0
1704155280.0,7547.663315918399,SCALE,0.0,3.0,COOLDOWN,0.24589300992318425,0.0
1704155340.0,7545.679768383,SCALE,0.0,3.0,COOLDOWN,0.24609119139988572,0.0
1704155400.0,7546.766037826799,SCALE,0.0,3.0,COOLDOWN,0.24598265934878744,0.0
1704155460.0,7547.342777393999,SCALE,0.0,3.0,COOLDOWN,0.245925035774328,0.0
1704155520.0,7550.172477700799,SCALE,0.0,3.0,COOLDOWN,0.24564231293788671,0.0
1704155580.0,7551.788382484199,SCALE,0.0,3.0,COOLDOWN,0.24548086362020313,0.0
1704155640.0,7548.8030084495995,SCALE,0.0,3.0,COOLDOWN,0.24577914023022857,0.0
1704155700.0,7546.9630713642,SCALE,0.0,3.0,COOLDOWN,0.24596297320731367,0.0
1704155760.0,7545.3804842051995,SCALE,0.0,3.0,COOLDOWN,0.24612109367308632,0.0
1704155820.0,7544.6963240214,SCALE,0.0,3.0,COOLDOWN,0.24618944992525874,0.0
1704155880.0,7543.7387295408,SCALE,0.0,3.0,COOLDOWN,0.24628512572070083,0.0
1704155940.0,7544.273534856599,SCALE,0.0,3.0,COOLDOWN,0.24623169190812944,0.0
1704156000.0,7545.8601431082,SCALE,0.0,3.0,COOLDOWN,0.24607316968436754,0.0
1704156060.0,7549.775538417,SCALE,0.0,3.0,COOLDOWN,0.24568197219082638,0.0
1704156120.0,7552.0744545006,SCALE,0.0,3.0,COOLDOWN,0.24545228140896722,0.0
1704156180.0,7554.3722217006,SCALE,0.0,3.0,COOLDOWN,0.24522270541510505,0.0
1704156240.0,7552.7005960626,SCALE,0.0,3.0,COOLDOWN,0.24538972195063974,0.0
1704156300.0,7549.9472965152,SCALE,0.0,3.0,COOLDOWN,0.24566481138528515,0.0
1704156360.0,7550.2075186506,SCALE,0.0,3.0,COOLDOWN,0.24563881190398026,0.0
1704156420.0,7556.490763059,SCALE,0.0,3.0,COOLDOWN,0.2450110363487641,0.0
1704156480.0,7556.6062258608,SCALE,0.0,3.0,COOLDOWN,0.2449995001550725,0.0
1704156540.0,7551.177750850799,SCALE,0.0,3.0,COOLDOWN,0.245541873440572,0.0
1704156600.0,7555.619334848399,SCALE,0.0,3.0,COOLDOWN,0.24509810304443636,0.0
1704156660.0,7554.3285641238,SCALE,0.0,3.0,COOLDOWN,0.24522706735898842,0.0
1704156720.0,7554.5382353808,SCALE,0.0,3.0,COOLDOWN,0.24520611854954846,0.0
1704156780.0,7556.9049355968,SCALE,0.0,3.0,COOLDOWN,0.2449696552758704,0.0
1704156840.0,7558.673641898999,SCALE,0.0,3.0,COOLDOWN,0.24479293915459502,0.0
1704156900.0,7559.162491870799,SCALE,0.0,3.0,COOLDOWN,0.24474409686190085,0.0
1704156960.0,7560.8490529956,SCALE,0.0,3.0,COOLDOWN,0.24457558808240595,0.0
1704157020.0,7570.163052340799,SCALE,0.0,3.0,COOLDOWN,0.24364500179128556,0.0
1704157080.0,7569.4024913976,SCALE,0.0,3.0,COOLDOWN,0.2437209914452539,0.0
1704157140.0,7571.3119359408,SCALE,0.0,3.0,COOLDOWN,0.24353021379435438,0.0
1704157200.0,10063.23548317233,PRO,0.0,3.0,COOLDOWN,0.0,0.05
1704157260.0,10063.23548317233,PRO,0.0,3.0,COOLDOWN,0.0,0.1
1704157320.0,10063.23548317233,PRO,0.0,3.0,COOLDOWN,0.0,0.15
1704157380.0,10063.23548317233,PRO,0.0,3.0,COOLDOWN,0.0,0.2
1704157440.0,10063.23548317233,PRO,0.0,3.0,SAFE,0.0,0.25
1704157500.0,10063.23548317233,PRO,0.0,3.0,NORMAL,0.0,0.3
1704157560.0,10063.23548317233,PRO,0.0,3.0,NORMAL,0.0,0.35
1704157620.0,10063.23548317233,PRO,0.0,3.0,NORMAL,0.0,0.4
1704157680.0,10063.23548317233,PRO,0.0,3.0,NORMAL,0.0,0.45
1704157740.0,10063.23548317233,PRO,0.0,3.0,NORMAL,0.0,0.5
1704157800.0,10063.23548317233,PRO,0.0,3.0,NORMAL,0.0,0.5
1704157860.0,10063.23548317233,PRO,0.0,3.0,NORMAL,0.0,0.5
1704157920.0,10063.23548317233,PRO,0.0,3.0,NORMAL,0.0,0.5
1704157980.0,10063.23548317233,PRO,0.0,3.0,NORMAL,0.0,0.5
1704158040.0,10063.23548317233,PRO,0.0,3.0,NORMAL,0.0,0.5
1704158100.0,10063.23548317233,PRO,0.0,3.0,NORMAL,0.0,0.5
1704158160.0,10063.23548317233,PRO,0.005,3.0,NORMAL,0.0,0.5
1704158220.0,10063.23548317233,PRO,0.005,3.0,NORMAL,0.0,0.5
1704158280.0,10063.23548317233,PRO,0.005,3.0,NORMAL,0.0,0.5
1704158340.0,10063.23548317233,PRO,0.005,3.0,NORMAL,0.0,0.5
1704158400.0,10063.23548317233,PRO,0.005,3.0,NORMAL,0.0,0.5
1704158460.0,10063.23548317233,PRO,0.005,3.0,NORMAL,0.0,0.5
1704158520.0,10063.23548317233,PRO,0.005,3.0,NORMAL,0.0,0.5
1704158580.0,10063.23548317233,PRO,0.005,3.0,NORMAL,0.0,0.5
1704158640.0,10063.23548317233,PRO,0.005,3.0,NORMAL,0.0,0.5
1704158700.0,10063.23548317233,PRO,0.005,3.0,NORMAL,0.0,0.5
1704158760.0,10063.23548317233,PRO,0.005,3.0,NORMAL,0.0,0.5
1704158820.0,8802.687458836386,SCALE,0.005,3.0,COOLDOWN,0.1252626977122639,0.5
1704158880.0,8799.566531278386,SCALE,0.005,3.0,COOLDOWN,0.12557282933575806,0.5
1704158940.0,8799.736723108386,SCALE,0.005,3.0,COOLDOWN,0.12555591709810993,0.5
1704159000.0,8799.776899540386,SCALE,0.005,3.0,COOLDOWN,0.12555192470102586,0.5
1704159060.0,8800.894306555387,SCALE,0.005,3.0,COOLDOWN,0.1254408861571232,0.5
1704159120.0,8800.149089542385,SCALE,0.005,3.0,COOLDOWN,0.12551493957803816,0.5
1704159180.0,8799.792802711385,SCALE,0.005,3.0,COOLDOWN,0.12555034437718013,0.5
1704159240.0,8798.850888583385,SCALE,0.005,3.0,COOLDOWN,0.1256439439088193,0.5
1704159300.0,8797.528693366387,SCALE,0.005,3.0,COOLDOWN,0.12577533258785895,0.5
1704159360.0,8797.375241716385,SCALE,0.005,3.0,COOLDOWN,0.1257905813267221,0.5
1704159420.0,8796.437512633385,SCALE,0.005,3.0,COOLDOWN,0.12588376498366502,0.5
1704159480.0,8796.514238458385,SCALE,0.005,3.0,COOLDOWN,0.12587614061423355,0.5
1704159540.0,8796.660715033386,SCALE,0.005,3.0,COOLDOWN,0.12586158499986422,0.5
1704159600.0,8799.443769958385,SCALE,0.005,3.0,COOLDOWN,0.12558502832684856,0.5
1704159660.0,8797.528972369386,SCALE,0.005,3.0,COOLDOWN,0.12577530486287924,0.5
1704159720.0,8796.404032273385,SCALE,0.005,3.0,COOLDOWN,0.12588709198123513,0.5
1704159780.0,8797.602350158386,SCALE,0.005,3.0,COOLDOWN,0.12576801319320474,0.5
1704159840.0,8796.288246028385,SCALE,0.005,3.0,COOLDOWN,0.12589859784783178,0.5
1704159900.0,8796.242489536386,SCALE,0.005,3.0,COOLDOWN,0.12590314474451092,0.5
1704159960.0,8795.848258297387,SCALE,0.005,3.0,COOLDOWN,0.1259423201408989,0.5
1704160020.0,8794.958796733386,SCALE,0.005,3.0,COOLDOWN,0.12603070737634495,0.5
1704160080.0,8795.544703033385,SCALE,0.005,3.0,COOLDOWN,0.12597248491886806,0.5
1704160140.0,8793.074410471385,SCALE,0.005,3.0,COOLDOWN,0.12621796188958304,0.5
1704160200.0,8793.996236383386,SCALE,0.005,3.0,COOLDOWN,0.12612635855648582,0.5
1704160260.0,8793.959965993387,SCALE,0.005,3.0,COOLDOWN,0.12612996280385336,0.5
1704160320.0,8795.544703033385,SCALE,0.005,3.0,COOLDOWN,0.12597248491886806,0.5
1704160380.0,8795.714615860386,SCALE,0.005,3.0,COOLDOWN,0.12595560040619963,0.5
1704160440.0,8795.894014789386,SCALE,0.005,3.0,COOLDOWN,0.1259377732442198,0.5
1704160500.0,8797.442481439386,SCALE,0.005,3.0,COOLDOWN,0.12578389960660202,0.5
1704160560.0,8797.964217049386,SCALE,0.005,3.0,COOLDOWN,0.12573205389446773,0.5
1704160620.0,8798.946028606386,SCALE,0.005,3.0,COOLDOWN,0.12563448969072416,0.5
1704160680.0,8797.249690366385,SCALE,0.005,3.0,COOLDOWN,0.12580305756761004,0.5
1704160740.0,8797.664288824386,SCALE,0.005,3.0,COOLDOWN,0.12576185824770003,0.5
1704160800.0,8798.540916250386,SCALE,0.005,3.0,COOLDOWN,0.1256747463613226,0.5
1704160860.0,8798.700505966386,SCALE,0.005,3.0,COOLDOWN,0.12565888767290498,0.5
1704160920.0,8799.819307996386,SCALE,0.005,3.0,COOLDOWN,0.1255477105041037,0.5
1704160980.0,8800.050322480385,SCALE,0.005,3.0,COOLDOWN,0.12552475422086998,0.5
1704161040.0,8800.233348448386,SCALE,0.005,3.0,COOLDOWN,0.12550656663415327,0.5
1704161100.0,8799.953229436385,SCALE,0.005,3.0,COOLDOWN,0.1255344025138233,0.5
1704161160.0,8799.696825679386,SCALE,0.005,3.0,COOLDOWN,0.12555988177021435,0.5
1704161220.0,8800.231953433386,SCALE,0.005,3.0,COOLDOWN,0.12550670525905208,0.5
1704161280.0,8800.468547977385,SCALE,0.005,3.0,COOLDOWN,0.1254831944762233,0.5
1704161340.0,8801.111649892386,SCALE,0.005,3.0,COOLDOWN,0.12541928839789732,0.5
1704161400.0,8799.841628236385,SCALE,0.005,3.0,COOLDOWN,0.1255454925057237,0.5
1704161460.0,8801.069241436386,SCALE,0.005,3.0,COOLDOWN,0.12542350259481946,0.5
1704161520.0,8801.518157263386,SCALE,0.005,3.0,COOLDOWN,0.1253788931024001,0.5
1704161580.0,8800.108634107386,SCALE,0.005,3.0,COOLDOWN,0.12551895970010196,0.5
1704161640.0,8801.135365147386,SCALE,0.005,3.0,COOLDOWN,0.1254169317746185,0.5
1704161700.0,8801.794649236386,SCALE,0.005,3.0,COOLDOWN,0.12535141764746693,0.5
1704161760.0,8800.667198113386,SCALE,0.005,3.0,COOLDOWN,0.12546345429064057,0.5
1704161820.0,8799.264929035386,SCALE,0.005,3.0,COOLDOWN,0.12560280003886887,0.5
1704161880.0,8798.948818636385,SCALE,0.005,3.0,COOLDOWN,0.12563421244092673,0.5
1704161940.0,8799.539467987386,SCALE,0.005,3.0,COOLDOWN,0.12557551865879388,0.5
1704162000.0,8800.391822152385,SCALE,0.005,3.0,COOLDOWN,0.1254908188456548,0.5
1704162060.0,8801.532386416386,SCALE,0.005,3.0,COOLDOWN,0.1253774791284329,0.5
1704162120.0,8802.855697645386,SCALE,0.005,3.0,COOLDOWN,0.12524597954947414,0.5
1704162180.0,8802.580321684385,SCALE,0.005,3.0,COOLDOWN,0.12527334410448837,0.5
1704162240.0,8801.388420868387,SCALE,0.005,3.0,COOLDOWN,0.12539178521798428,0.5
1704162300.0,8802.468441481386,SCALE,0.005,3.0,COOLDOWN,0.12528446182136846,0.5
1704162360.0,8803.078063036386,SCALE,0.005,3.0,COOLDOWN,0.12522388274061258,0.5
1704162420.0,8803.636069036385,SCALE,0.005,3.0,COOLDOWN,0.12516843278111076,0.5
1704162480.0,8804.082473836386,SCALE,0.005,3.0,COOLDOWN,0.12512407281350912,0.5
1704162540.0,8804.472799033385,SCALE,0.005,3.0,COOLDOWN,0.12508528556683768,0.5
1704162600.0,8804.472799033385,SCALE,0.005,3.0,COOLDOWN,0.12508528556683768,0.5
1704162660.0,8804.409465352386,SCALE,0.005,3.0,COOLDOWN,0.12509157913724103,0.5
1704162720.0,8804.968587364387,SCALE,0.005,3.0,COOLDOWN,0.12503601827782007,0.5
1704162780.0,8805.899341372386,SCALE,0.005,3.0,COOLDOWN,0.12494352774537101,0.5
1704162840.0,8805.676696978386,SCALE,0.005,3.0,COOLDOWN,0.12496565227921226,0.5
1704162900.0,8805.716036401385,SCALE,0.005,3.0,COOLDOWN,0.12496174305706742,0.5
1704162960.0,8805.699017218385,SCALE,0.005,3.0,COOLDOWN,0.12496343428083224,0.5
1704163020.0,8806.293572611386,SCALE,0.005,3.0,COOLDOWN,0.12490435234898283,0.5
1704163080.0,8806.620564127386,SCALE,0.005,3.0,COOLDOWN,0.12487185867271472,0.5
1704163140.0,8806.751416534385,SCALE,0.005,3.0,COOLDOWN,0.12485885565721162,0.5
1704163200.0,8808.047385469386,SCALE,0.005,3.0,COOLDOWN,0.12473007312626837,0.5
1704163260.0,8808.379120036385,SCALE,0.005,3.0,COOLDOWN,0.12469710812534464,0.5
1704163320.0,8807.997443932385,SCALE,0.005,3.0,COOLDOWN,0.12473503589764391,0.5
1704163380.0,8809.582180972386,SCALE,0.005,3.0,COOLDOWN,0.12457755801265846,0.5
1704163440.0,8809.906661461386,SCALE,0.005,3.0,COOLDOWN,0.1245453138612081,0.5
1704163500.0,8809.002691741385,SCALE,0.005,3.0,COOLDOWN,0.12463514279560123,0.5
1704163560.0,8808.100117036385,SCALE,0.005,3.0,COOLDOWN,0.12472483310509555,0.5
1704163620.0,8808.490721236385,SCALE,0.005,3.0,COOLDOWN,0.12468601813344424,0.5
1704163680.0,8808.688534363386,SCALE,0.005,3.0,COOLDOWN,0.12466636112280075,0.5
1704163740.0,8807.482125391385,SCALE,0.005,3.0,COOLDOWN,0.12478624393524392,0.5
1704163800.0,8806.699521976387,SCALE,0.005,3.0,COOLDOWN,0.12486401250344518,0.5
1704163860.0,8808.587814280387,SCALE,0.005,3.0,COOLDOWN,0.12467636984049074,0.5
1704163920.0,8808.371307952386,SCALE,0.005,3.0,COOLDOWN,0.12469788442477756,0.5
1704163980.0,8808.671515180386,SCALE,0.005,3.0,COOLDOWN,0.12466805234656557,0.5
1704164040.0,8808.744892969386,SCALE,0.005,3.0,COOLDOWN,0.12466076067689107,0.5
1704164100.0,8809.718055433386,SCALE,0.005,3.0,COOLDOWN,0.12456405594751968,0.5
1704164160.0,8810.436488158386,SCALE,0.005,3.0,COOLDOWN,0.124492664124661,0.5
1704164220.0,8811.026300500385,SCALE,0.005,3.0,COOLDOWN,0.12443405351746757,0.5
1704164280.0,8811.978816742385,SCALE,0.005,3.0,COOLDOWN,0.12433940043659787,0.5
1704164340.0,8812.256145724386,SCALE,0.005,3.0,COOLDOWN,0.12431184180672528,0.5
1704164400.0,8810.292243607386,SCALE,0.005,3.0,COOLDOWN,0.12450699793919226,0.5
1704164460.0,8809.601990185385,SCALE,0.005,3.0,COOLDOWN,0.12457558953909618,0.5
1704164520.0,8808.512483470386,SCALE,0.005,3.0,COOLDOWN,0.12468385558502361,0.5
1704164580.0,8807.617162843386,SCALE,0.005,3.0,COOLDOWN,0.12477282504504439,0.5
1704164640.0,8805.589090036387,SCALE,0.005,3.0,COOLDOWN,0.12497435792285397,0.5
1704164700.0,8807.708954830387,SCALE,0.005,3.0,COOLDOWN,0.12476370352670625,0.5
1704164760.0,8806.901241145386,SCALE,0.005,3.0,COOLDOWN,0.12484396734308531,0.5
1704164820.0,8806.528772140386,SCALE,0.005,3.0,COOLDOWN,0.12488098019105287,0.5
1704164880.0,8807.332858786385,SCALE,0.005,3.0,COOLDOWN,0.12480107679941066,0.5
1704164940.0,8806.683897808385,SCALE,0.005,3.0,COOLDOWN,0.12486556510231138,0.5
1704165000.0,8808.220925335387,SCALE,0.005,3.0,COOLDOWN,0.12471282818886324,0.5
1704165060.0,8807.821114036386,SCALE,0.005,3.0,COOLDOWN,0.12475255808484646,0.5
1704165120.0,8808.867933292386,SCALE,0.005,3.0,COOLDOWN,0.12464853396082089,0.5
1704165180.0,8808.993205639386,SCALE,0.005,3.0,COOLDOWN,0.12463608544491264,0.5
1704165240.0,8808.670678171386,SCALE,0.005,3.0,COOLDOWN,0.12466813552150482,0.5
1704165300.0,8809.990920367385,SCALE,0.005,3.0,COOLDOWN,0.12453694091732337,0.5
1704165360.0,8809.774135036385,SCALE,0.005,3.0,COOLDOWN,0.12455848322658988,0.5
1704165420.0,8810.221655848385,SCALE,0.005,3.0,COOLDOWN,0.12451401235906934,0.5
1704165480.0,8808.265844818387,SCALE,0.005,3.0,COOLDOWN,0.12470836446712336,0.5
1704165540.0,8807.918765086386,SCALE,0.005,3.0,COOLDOWN,0.12474285434193359,0.5
1704165600.0,8808.146152531386,SCALE,0.005,3.0,COOLDOWN,0.12472025848343656,0.5
1704165660.0,8807.486031433386,SCALE,0.005,3.0,COOLDOWN,0.12478585578552737,0.5
1704165720.0,8808.250778656386,SCALE,0.005,3.0,COOLDOWN,0.12470986161603,0.5
1704165780.0,8810.295870646385,SCALE,0.005,3.0,COOLDOWN,0.12450663751445558,0.5
1704165840.0,8810.949016669385,SCALE,0.005,3.0,COOLDOWN,0.12444173333685862,0.5
1704165900.0,8810.699029981386,SCALE,0.005,3.0,COOLDOWN,0.12446657491871536,0.5
1704165960.0,8808.472586041386,SCALE,0.005,3.0,COOLDOWN,0.124687820257128,0.5
1704166020.0,8809.951580944386,SCALE,0.005,3.0,COOLDOWN,0.12454085013946821,0.5
1704166080.0,8810.209379716385,SCALE,0.005,3.0,COOLDOWN,0.12451523225817837,0.5
1704166140.0,8810.519352049385,SCALE,0.005,3.0,COOLDOWN,0.12448442980567509,0.5
1704166200.0,8811.819785032385,SCALE,0.005,3.0,COOLDOWN,0.1243552036750559,0.5
1704166260.0,8811.866657536386,SCALE,0.005,3.0,COOLDOWN,0.12435054587845765,0.5
1704166320.0,8811.328181746385,SCALE,0.005,3.0,COOLDOWN,0.12440405508937709,0.5
1704166380.0,8811.615554836386,SCALE,0.005,3.0,COOLDOWN,0.12437549836023351,0.5
1704166440.0,8810.778824839386,SCALE,0.005,3.0,COOLDOWN,0.12445864557450657,0.5
1704166500.0,8810.555343436386,SCALE,0.005,3.0,COOLDOWN,0.12448085328328706,0.5
1704166560.0,8810.882613955386,SCALE,0.005,3.0,COOLDOWN,0.12444833188203927,0.5
1704166620.0,8810.505122896386,SCALE,0.005,3.0,COOLDOWN,0.12448584377964231,0.5
1704166680.0,8811.312278575386,SCALE,0.005,3.0,COOLDOWN,0.1244056354132228,0.5
1704166740.0,8811.654894259385,SCALE,0.005,3.0,COOLDOWN,0.12437158913808867,0.5
1704166800.0,8812.193928055385,SCALE,0.005,3.0,COOLDOWN,0.12431802447720985,0.5
1704166860.0,8814.182382436386,SCALE,0.005,3.0,COOLDOWN,0.1241204285465248,0.5
1704166920.0,8813.806844398387,SCALE,0.005,3.0,COOLDOWN,0.12415774636926948,0.5
1704166980.0,8814.268873366385,SCALE,0.005,3.0,COOLDOWN,0.12411183380280202,0.5
1704167040.0,8813.346210445387,SCALE,0.005,3.0,COOLDOWN,0.1242035203108383,0.5
1704167100.0,8813.710588363385,SCALE,0.005,3.0,COOLDOWN,0.12416731148728372,0.5
1704167160.0,8812.850701117386,SCALE,0.005,3.0,COOLDOWN,0.12425275987487604,0.5
1704167220.0,8812.095998002385,SCALE,0.005,3.0,COOLDOWN,0.12432775594510243,0.5
1704167280.0,8811.502837624386,SCALE,0.005,3.0,COOLDOWN,0.12438669925205285,0.5
1704167340.0,8811.446479018387,SCALE,0.005,3.0,COOLDOWN,0.12439229969796252,0.5
1704167400.0,8813.400895033386,SCALE,0.005,3.0,COOLDOWN,0.12419808621480713,0.5
1704167460.0,8812.875253381386,SCALE,0.005,3.0,COOLDOWN,0.12425032007665797,0.5
1704167520.0,8812.575046153386,SCALE,0.005,3.0,COOLDOWN,0.12428015215486996,0.5
1704167580.0,8812.201461136387,SCALE,0.005,3.0,COOLDOWN,0.12431727590275644,0.5
1704167640.0,8812.285720042386,SCALE,0.005,3.0,COOLDOWN,0.12430890295887172,0.5
1704167700.0,8811.858008443385,SCALE,0.005,3.0,COOLDOWN,0.12435140535283,0.5
1704167760.0,8811.879491674386,SCALE,0.005,3.0,COOLDOWN,0.12434927052938906,0.5
1704167820.0,8811.838757236386,SCALE,0.005,3.0,COOLDOWN,0.12435331837643271,0.5
1704167880.0,8812.403180305386,SCALE,0.005,3.0,COOLDOWN,0.12429723074239658,0.5
1704167940.0,8812.909570750386,SCALE,0.005,3.0,COOLDOWN,0.12424690990414862,0.5
1704168000.0,8812.595134369385,SCALE,0.005,3.0,COOLDOWN,0.124278155956328,0.5
1704168060.0,8812.993550653386,SCALE,0.005,3.0,COOLDOWN,0.12423856468524358,0.5
1704168120.0,8812.193928055385,SCALE,0.005,3.0,COOLDOWN,0.12431802447720985,0.5
1704168180.0,8813.408707117385,SCALE,0.005,3.0,COOLDOWN,0.1241973099153742,0.5
1704168240.0,8812.015087132386,SCALE,0.005,3.0,COOLDOWN,0.12433579618923016,0.5
1704168300.0,8811.504511642386,SCALE,0.005,3.0,COOLDOWN,0.12438653290217436,0.5
1704168360.0,8809.503781129386,SCALE,0.005,3.0,COOLDOWN,0.12458534873196844,0.5
1704168420.0,8809.938188800386,SCALE,0.005,3.0,COOLDOWN,0.12454218093849617,0.5
1704168480.0,8808.689092369386,SCALE,0.005,3.0,COOLDOWN,0.12466630567284118,0.5
1704168540.0,8808.543173800386,SCALE,0.005,3.0,COOLDOWN,0.12468080583725094,0.5
1704168600.0,8809.115408953387,SCALE,0.005,3.0,COOLDOWN,0.1246239419037817,0.5
1704168660.0,8809.774135036385,SCALE,0.005,3.0,COOLDOWN,0.12455848322658988,0.5
1704168720.0,8809.997058433386,SCALE,0.005,3.0,COOLDOWN,0.12453633096776877,0.5
1704168780.0,8811.336551836386,SCALE,0.005,3.0,COOLDOWN,0.12440322333998442,0.5
1704168840.0,8812.564165036385,SCALE,0.005,3.0,COOLDOWN,0.12428123342908036,0.5
1704168900.0,8811.486376447387,SCALE,0.005,3.0,COOLDOWN,0.12438833502585812,0.5
1704168960.0,8810.180921410385,SCALE,0.005,3.0,COOLDOWN,0.12451806020611297,0.5
1704169020.0,8811.083496115385,SCALE,0.005,3.0,COOLDOWN,0.12442836989661865,0.5
1704169080.0,8810.580453706385,SCALE,0.005,3.0,COOLDOWN,0.12447835803510962,0.5
1704169140.0,8809.466115724386,SCALE,0.005,3.0,COOLDOWN,0.12458909160423479,0.5
1704169200.0,8810.332141036386,SCALE,0.005,3.0,COOLDOWN,0.12450303326708786,0.5
1704169260.0,8810.769617740385,SCALE,0.005,3.0,COOLDOWN,0.12445956049883848,0.5
1704169320.0,8810.121772774386,SCALE,0.005,3.0,COOLDOWN,0.12452393790182008,0.5
1704169380.0,8810.728883302385,SCALE,0.005,3.0,COOLDOWN,0.12446360834588212,0.5
1704169440.0,8809.953254962385,SCALE,0.005,3.0,COOLDOWN,0.12454068378958971,0.5
1704169500.0,8810.495357791386,SCALE,0.005,3.0,COOLDOWN,0.12448681415393359,0.5
1704169560.0,8810.120098756386,SCALE,0.005,3.0,COOLDOWN,0.12452410425169858,0.5
1704169620.0,8810.391847678386,SCALE,0.005,3.0,COOLDOWN,0.1244971001214212,0.5
1704169680.0,8810.496194800386,SCALE,0.005,3.0,COOLDOWN,0.12448673097899435,0.5
1704169740.0,8811.790489717385,SCALE,0.005,3.0,COOLDOWN,0.12435811479792977,0.5
1704169800.0,8810.890147036385,SCALE,0.005,3.0,COOLDOWN,0.12444758330758604,0.5
1704169860.0,8810.019657676386,SCALE,0.005,3.0,COOLDOWN,0.12453408524440888,0.5
1704169920.0,8809.324103197387,SCALE,0.005,3.0,COOLDOWN,0.12460320361892799,0.5
1704169980.0,8809.771903012386,SCALE,0.005,3.0,COOLDOWN,0.12455870502642775,0.5
1704170040.0,8809.243750333386,SCALE,0.005,3.0,COOLDOWN,0.12461118841309635,0.5
1704170100.0,8809.328009239385,SCALE,0.005,3.0,COOLDOWN,0.12460281546921162,0.5
1704170160.0,8808.889137520386,SCALE,0.005,3.0,COOLDOWN,0.12464642686235981,0.5
1704170220.0,8809.525264360385,SCALE,0.005,3.0,COOLDOWN,0.12458321390852768,0.5
1704170280.0,8808.915363802385,SCALE,0.005,3.0,COOLDOWN,0.12464382071426326,0.5
1704170340.0,8807.430230833386,SCALE,0.005,3.0,COOLDOWN,0.12479140078147748,0.5
1704170400.0,8808.258590740386,SCALE,0.005,3.0,COOLDOWN,0.1247090853165969,0.5
1704170460.0,8808.688534363386,SCALE,0.005,3.0,COOLDOWN,0.12466636112280075,0.5
1704170520.0,8808.193304038386,SCALE,0.005,3.0,COOLDOWN,0.1247155729618586,0.5
1704170580.0,8807.816649988386,SCALE,0.005,3.0,COOLDOWN,0.1247530016845224,0.5
1704170640.0,8807.958104509386,SCALE,0.005,3.0,COOLDOWN,0.12473894511978875,0.5
1704170700.0,8807.948618407385,SCALE,0.005,3.0,COOLDOWN,0.12473988776910036,0.5
1704170760.0,8808.393628192385,SCALE,0.005,3.0,COOLDOWN,0.12469566642639755,0.5
1704170820.0,8807.903419921386,SCALE,0.005,3.0,COOLDOWN,0.12474437921581993,0.5
1704170880.0,8808.242966572387,SCALE,0.005,3.0,COOLDOWN,0.12471063791546293,0.5
1704170940.0,8807.835622192386,SCALE,0.005,3.0,COOLDOWN,0.12475111638589938,0.5
1704171000.0,8807.533182940386,SCALE,0.005,3.0,COOLDOWN,0.12478117026394943,0.5
1704171060.0,8807.556340189385,SCALE,0.005,3.0,COOLDOWN,0.12477886909063017,0.5
1704171120.0,8807.635577041387,SCALE,0.005,3.0,COOLDOWN,0.12477099519638075,0.5
1704171180.0,8807.354900023385,SCALE,0.005,3.0,COOLDOWN,0.12479888652601034,0.5
1704171240.0,8807.279848216385,SCALE,0.005,3.0,COOLDOWN,0.12480634454556334,0.5
1704171300.0,8806.875014863386,SCALE,0.005,3.0,COOLDOWN,0.12484657349118188,0.5
1704171360.0,8806.988011078385,SCALE,0.005,3.0,COOLDOWN,0.12483534487438284,0.5
1704171420.0,8806.481899636387,SCALE,0.005,3.0,COOLDOWN,0.12488563798765094,0.5
1704171480.0,8806.620843130386,SCALE,0.005,3.0,COOLDOWN,0.12487183094773503,0.5
1704171540.0,8806.699521976387,SCALE,0.005,3.0,COOLDOWN,0.12486401250344518,0.5
1704171600.0,8806.007873539385,SCALE,0.005,3.0,COOLDOWN,0.1249327427282479,0.5
1704171660.0,8805.868372039386,SCALE,0.005,3.0,COOLDOWN,0.12494660521812337,0.5
1704171720.0,8806.035494836386,SCALE,0.005,3.0,COOLDOWN,0.12492999795525254,0.5
1704171780.0,8805.754817818386,SCALE,0.005,3.0,COOLDOWN,0.12495788928488195,0.5
1704171840.0,8805.139058197386,SCALE,0.005,3.0,COOLDOWN,0.12501907831519227,0.5
1704171900.0,8805.806991379386,SCALE,0.005,3.0,COOLDOWN,0.12495270471366852,0.5
1704171960.0,8806.816145230387,SCALE,0.005,3.0,COOLDOWN,0.12485242346190929,0.5
1704172020.0,8807.555224177386,SCALE,0.005,3.0,COOLDOWN,0.1247789799905491,0.5
1704172080.0,8808.322761430385,SCALE,0.005,3.0,COOLDOWN,0.1247027085712543,0.5
1704172140.0,8809.065188413386,SCALE,0.005,3.0,COOLDOWN,0.12462893240013695,0.5
1704172200.0,8809.450212553385,SCALE,0.005,3.0,COOLDOWN,0.12459067192808068,0.5
1704172260.0,8809.288669816386,SCALE,0.005,3.0,COOLDOWN,0.12460672469135646,0.5
1704172320.0,8809.451607568386,SCALE,0.005,3.0,COOLDOWN,0.12459053330318187,0.5
1704172380.0,8810.276340436385,SCALE,0.005,3.0,COOLDOWN,0.12450857826303816,0.5
1704172440.0,8810.443742236386,SCALE,0.005,3.0,COOLDOWN,0.12449194327518746,0.5
1704172500.0,8810.742554449385,SCALE,0.005,3.0,COOLDOWN,0.12446224982187429,0.5
1704172560.0,8808.130807366386,SCALE,0.005,3.0,COOLDOWN,0.12472178335732288,0.5
1704172620.0,8808.658123036386,SCALE,0.005,3.0,COOLDOWN,0.12466938314559355,0.5
1704172680.0,8808.827756860386,SCALE,0.005,3.0,COOLDOWN,0.12465252635790497,0.5
1704172740.0,8808.713644633386,SCALE,0.005,3.0,COOLDOWN,0.12466386587462312,0.5
1704172800.0,8809.208595955386,SCALE,0.005,3.0,COOLDOWN,0.12461468176054494,0.5
1704172860.0,8808.937126036386,SCALE,0.005,3.0,COOLDOWN,0.12464165816584262,0.5
1704172920.0,8808.691882399386,SCALE,0.005,3.0,COOLDOWN,0.12466602842304375,0.5
1704172980.0,8808.692440405386,SCALE,0.005,3.0,COOLDOWN,0.1246659729730842,0.5
1704173040.0,8808.998506696385,SCALE,0.005,3.0,COOLDOWN,0.12463555867029746,0.5
1704173100.0,8808.731779828386,SCALE,0.005,3.0,COOLDOWN,0.12466206375093936,0.5
1704173160.0,8809.538656504386,SCALE,0.005,3.0,COOLDOWN,0.12458188310949954,0.5
1704173220.0,8808.574422136386,SCALE,0.005,3.0,COOLDOWN,0.12467770063951888,0.5
1704173280.0,8808.718666687386,SCALE,0.005,3.0,COOLDOWN,0.12466336682498763,0.5
1704173340.0,8808.967258360386,SCALE,0.005,3.0,COOLDOWN,0.12463866386802952,0.5
1704173400.0,8808.231248446386,SCALE,0.005,3.0,COOLDOWN,0.12471180236461257,0.5
1704173460.0,8808.071100724386,SCALE,0.005,3.0,COOLDOWN,0.12472771650298954,0.5
1704173520.0,8808.482351146386,SCALE,0.005,3.0,COOLDOWN,0.12468684988283671,0.5
1704173580.0,8808.591162316387,SCALE,0.005,3.0,COOLDOWN,0.12467603714073375,0.5
1704173640.0,8809.032824065385,SCALE,0.005,3.0,COOLDOWN,0.12463214849778811,0.5
1704173700.0,8809.032545062386,SCALE,0.005,3.0,COOLDOWN,0.1246321762227678,0.5
1704173760.0,8808.600927421385,SCALE,0.005,3.0,COOLDOWN,0.12467506676644265,0.5
1704173820.0,8809.076348533386,SCALE,0.005,3.0,COOLDOWN,0.12462782340094686,0.5
1704173880.0,8809.773856033386,SCALE,0.005,3.0,COOLDOWN,0.12455851095156957,0.5
1704173940.0,8809.818496513386,SCALE,0.005,3.0,COOLDOWN,0.12455407495480937,0.5
1704174000.0,8809.246819366386,SCALE,0.005,3.0,COOLDOWN,0.12461088343831904,0.5
1704174060.0,8809.048448233385,SCALE,0.005,3.0,COOLDOWN,0.1246305958989221,0.5
1704174120.0,8808.478724107386,SCALE,0.005,3.0,COOLDOWN,0.1246872103075734,0.5
1704174180.0,8808.807947647385,SCALE,0.005,3.0,COOLDOWN,0.12465449483146741,0.5
1704174240.0,8808.636081799386,SCALE,0.005,3.0,COOLDOWN,0.12467157341899386,0.5
1704174300.0,8808.156196639386,SCALE,0.005,3.0,COOLDOWN,0.12471926038416557,0.5
1704174360.0,8808.408973357386,SCALE,0.005,3.0,COOLDOWN,0.12469414155251121,0.5
1704174420.0,8809.728378544385,SCALE,0.005,3.0,COOLDOWN,0.12456303012326901,0.5
1704174480.0,8809.997895442386,SCALE,0.005,3.0,COOLDOWN,0.12453624779282951,0.5
1704174540.0,8809.483413910386,SCALE,0.005,3.0,COOLDOWN,0.12458737265549026,0.5
1704174600.0,8809.490946991385,SCALE,0.005,3.0,COOLDOWN,0.12458662408103703,0.5
1704174660.0,8808.200558116385,SCALE,0.005,3.0,COOLDOWN,0.12471485211238524,0.5
1704174720.0,8807.019817420385,SCALE,0.005,3.0,COOLDOWN,0.12483218422669123,0.5
1704174780.0,8805.477767839386,SCALE,0.005,3.0,COOLDOWN,0.12498542018977468,0.5
1704174840.0,8806.149049057385,SCALE,0.005,3.0,COOLDOWN,0.12491871388849396,0.5
1704174900.0,8806.306964755386,SCALE,0.005,3.0,COOLDOWN,0.12490302154995486,0.5
1704174960.0,8806.895940088385,SCALE,0.005,3.0,COOLDOWN,0.12484449411770067,0.5
1704175020.0,8807.039068627386,SCALE,0.005,3.0,COOLDOWN,0.12483027120308836,0.5
1704175080.0,8806.805264113385,SCALE,0.005,3.0,COOLDOWN,0.1248535047361197,0.5
1704175140.0,8806.690593880387,SCALE,0.005,3.0,COOLDOWN,0.12486489970279722,0.5
1704175200.0,8806.358301307386,SCALE,0.005,3.0,COOLDOWN,0.12489792015368067,0.5
1704175260.0,8806.173601321385,SCALE,0.005,3.0,COOLDOWN,0.12491627409027589,0.5
1704175320.0,8805.979415233385,SCALE,0.005,3.0,COOLDOWN,0.12493557067618252,0.5
1704175380.0,8805.573744871386,SCALE,0.005,3.0,COOLDOWN,0.12497588279674031,0.5
1704175440.0,8806.609404007386,SCALE,0.005,3.0,COOLDOWN,0.12487296767190482,0.5
1704175500.0,8806.747510492385,SCALE,0.005,3.0,COOLDOWN,0.12485924380692817,0.5
1704175560.0,8806.878083896385,SCALE,0.005,3.0,COOLDOWN,0.12484626851640475,0.5
1704175620.0,8805.979694236386,SCALE,0.005,3.0,COOLDOWN,0.12493554295120265,0.5
1704175680.0,8806.529888152385,SCALE,0.005,3.0,COOLDOWN,0.12488086929113393,0.5
1704175740.0,8806.621401136386,SCALE,0.005,3.0,COOLDOWN,0.12487177549777548,0.5
1704175800.0,8807.393960443385,SCALE,0.005,3.0,COOLDOWN,0.12479500502884519,0.5
1704175860.0,8807.511978712386,SCALE,0.005,3.0,COOLDOWN,0.12478327736241049,0.5
1704175920.0,8807.724858001386,SCALE,0.005,3.0,COOLDOWN,0.12476212320286054,0.5
1704175980.0,8808.267239833385,SCALE,0.005,3.0,COOLDOWN,0.12470822584222473,0.5
1704176040.0,8808.379678042385,SCALE,0.005,3.0,COOLDOWN,0.12469705267538508,0.5
1704176100.0,8807.394797452385,SCALE,0.005,3.0,COOLDOWN,0.12479492185390595,0.5
1704176160.0,8808.130528363386,SCALE,0.005,3.0,COOLDOWN,0.12472181108230257,0.5
1704176220.0,8808.044037433385,SCALE,0.005,3.0,COOLDOWN,0.12473040582602553,0.5
1704176280.0,8808.211439233386,SCALE,0.005,3.0,COOLDOWN,0.12471377083817484,0.5
1704176340.0,8808.099838033386,SCALE,0.005,3.0,COOLDOWN,0.12472486083007524,0.5
1704176400.0,8807.540158015387,SCALE,0.005,3.0,COOLDOWN,0.12478047713945557,0.5
1704176460.0,8807.956151488386,SCALE,0.005,3.0,COOLDOWN,0.12473913919464694,0.5
1704176520.0,8807.997164929386,SCALE,0.005,3.0,COOLDOWN,0.1247350636226236,0.5
1704176580.0,8808.131644375386,SCALE,0.005,3.0,COOLDOWN,0.12472170018238364,0.5
1704176640.0,8808.409531363386,SCALE,0.005,3.0,COOLDOWN,0.12469408610255166,0.5
1704176700.0,8808.599811409385,SCALE,0.005,3.0,COOLDOWN,0.12467517766636158,0.5
1704176760.0,8809.411431136386,SCALE,0.005,3.0,COOLDOWN,0.12459452570026597,0.5
1704176820.0,8809.104248833386,SCALE,0.005,3.0,COOLDOWN,0.1246250509029718,0.5
1704176880.0,8808.811574686386,SCALE,0.005,3.0,COOLDOWN,0.12465413440673055,0.5
1704176940.0,8808.663703096385,SCALE,0.005,3.0,COOLDOWN,0.12466882864599868,0.5
1704177000.0,8807.988236833386,SCALE,0.005,3.0,COOLDOWN,0.12473595082197564,0.5
1704177060.0,8807.789586697385,SCALE,0.005,3.0,COOLDOWN,0.12475569100755839,0.5
1704177120.0,8807.693330662385,SCALE,0.005,3.0,COOLDOWN,0.12476525612557246,0.5
1704177180.0,8807.629996981386,SCALE,0.005,3.0,COOLDOWN,0.1247715496959758,0.5
1704177240.0,8807.382242317386,SCALE,0.005,3.0,COOLDOWN,0.12479616947799467,0.5
1704177300.0,8808.003861001385,SCALE,0.005,3.0,COOLDOWN,0.12473439822310962,0.5
1704177360.0,8808.362658859385,SCALE,0.005,3.0,COOLDOWN,0.12469874389914991,0.5
1704177420.0,8808.740986927385,SCALE,0.005,3.0,COOLDOWN,0.12466114882660763,0.5
1704177480.0,8807.980703752386,SCALE,0.005,3.0,COOLDOWN,0.12473669939642888,0.5
1704177540.0,8808.089793925386,SCALE,0.005,3.0,COOLDOWN,0.12472585892934622,0.5
1704177600.0,8809.439052433385,SCALE,0.005,3.0,COOLDOWN,0.12459178092727077,0.5
1704177660.0,8809.857835936386,SCALE,0.005,3.0,COOLDOWN,0.12455016573266453,0.5
1704177720.0,8809.997058433386,SCALE,0.005,3.0,COOLDOWN,0.12453633096776877,0.5
1704177780.0,8809.848907840385,SCALE,0.005,3.0,COOLDOWN,0.12455105293201657,0.5
1704177840.0,8809.913636536387,SCALE,0.005,3.0,COOLDOWN,0.12454462073671424,0.5
1704177900.0,8809.439331436386,SCALE,0.005,3.0,COOLDOWN,0.1245917532022909,0.5
1704177960.0,8809.432635364386,SCALE,0.005,3.0,COOLDOWN,0.1245924186018049,0.5
1704178020.0,8809.103690827385,SCALE,0.005,3.0,COOLDOWN,0.12462510635293136,0.5
1704178080.0,8808.523085584386,SCALE,0.005,3.0,COOLDOWN,0.12468280203579307,0.5
1704178140.0,8809.577437921385,SCALE,0.005,3.0,COOLDOWN,0.12457802933731425,0.5
1704178200.0,8810.139349963385,SCALE,0.005,3.0,COOLDOWN,0.12452219122809587,0.5
1704178260.0,8809.774135036385,SCALE,0.005,3.0,COOLDOWN,0.12455848322658988,0.5
1704178320.0,8809.072721494385,SCALE,0.005,3.0,COOLDOWN,0.12462818382568372,0.5
1704178380.0,8808.323319436386,SCALE,0.005,3.0,COOLDOWN,0.12470265312129475,0.5
1704178440.0,8808.785906410385,SCALE,0.005,3.0,COOLDOWN,0.12465668510486774,0.5
1704178500.0,8808.786185413386,SCALE,0.005,3.0,COOLDOWN,0.12465665737988786,0.5
1704178560.0,8808.887184499386,SCALE,0.005,3.0,COOLDOWN,0.124646620937218,0.5
1704178620.0,8808.323598439385,SCALE,0.005,3.0,COOLDOWN,0.12470262539631506,0.5
1704178680.0,8807.877193639386,SCALE,0.005,3.0,COOLDOWN,0.12474698536391648,0.5
1704178740.0,8806.391223661385,SCALE,0.005,3.0,COOLDOWN,0.12489464860607014,0.5
1704178800.0,8806.976292952386,SCALE,0.005,3.0,COOLDOWN,0.12483650932353232,0.5
1704178860.0,8807.642552116386,SCALE,0.005,3.0,COOLDOWN,0.12477030207188708,0.5
1704178920.0,8807.957267500386,SCALE,0.005,3.0,COOLDOWN,0.12473902829472801,0.5
1704178980.0,8808.188560987386,SCALE,0.005,3.0,COOLDOWN,0.12471604428651441,0.5
1704179040.0,8808.363495868385,SCALE,0.005,3.0,COOLDOWN,0.12469866072421067,0.5
1704179100.0,8808.507461416386,SCALE,0.005,3.0,COOLDOWN,0.1246843546346591,0.5
1704179160.0,8809.160049433385,SCALE,0.005,3.0,COOLDOWN,0.12461950590702169,0.5
1704179220.0,8809.160328436386,SCALE,0.005,3.0,COOLDOWN,0.12461947818204182,0.5
1704179280.0,8809.627937464385,SCALE,0.005,3.0,COOLDOWN,0.12457301111597932,0.5
1704179340.0,8811.052247779386,SCALE,0.005,3.0,COOLDOWN,0.1244314750943507,0.5
1704179400.0,8812.624429684385,SCALE,0.005,3.0,COOLDOWN,0.12427524483345415,0.5
1704179460.0,8811.658521298386,SCALE,0.005,3.0,COOLDOWN,0.12437122871335181,0.5
1704179520.0,8811.945057379386,SCALE,0.005,3.0,COOLDOWN,0.12434275515914767,0.5
1704179580.0,8811.065918926386,SCALE,0.005,3.0,COOLDOWN,0.12443011657034286,0.5
1704179640.0,8811.149619826387,SCALE,0.005,3.0,COOLDOWN,0.12442179907641751,0.5
1704179700.0,8811.670797430386,SCALE,0.005,3.0,COOLDOWN,0.12437000881424277,0.5
1704179760.0,8810.308146778385,SCALE,0.005,3.0,COOLDOWN,0.12450541761534656,0.5
1704179820.0,8811.117813484387,SCALE,0.005,3.0,COOLDOWN,0.12442495972410912,0.5
1704179880.0,8811.394026454385,SCALE,0.005,3.0,COOLDOWN,0.12439751199415582,0.5
1704179940.0,8811.587933539386,SCALE,0.005,3.0,COOLDOWN,0.12437824313322887,0.5
1704180000.0,8812.769232241386,SCALE,0.005,3.0,COOLDOWN,0.12426085556896332,0.5
1704180060.0,8811.839594245386,SCALE,0.005,3.0,COOLDOWN,0.12435323520149345,0.5
1704180120.0,8812.842889033385,SCALE,0.005,3.0,COOLDOWN,0.12425353617430913,0.5
1704180180.0,8813.569412845385,SCALE,0.005,3.0,COOLDOWN,0.12418134032703768,0.5
1704180240.0,8814.934574524386,SCALE,0.005,3.0,COOLDOWN,0.12404568200111615,0.5
1704180300.0,8817.028492039386,SCALE,0.005,3.0,COOLDOWN,0.1238376060280853,0.5
1704180360.0,8817.225468157385,SCALE,0.005,3.0,COOLDOWN,0.12381803219238123,0.5
1704180420.0,8815.633198036387,SCALE,0.005,3.0,COOLDOWN,0.12397625865181974,0.5
1704180480.0,8814.349784236385,SCALE,0.005,3.0,COOLDOWN,0.12410379355867429,0.5
1704180540.0,8814.547876366385,SCALE,0.005,3.0,COOLDOWN,0.1240841088230511,0.5
1704180600.0,8813.246885377386,SCALE,0.005,3.0,COOLDOWN,0.12421339040362966,0.5
1704180660.0,8813.046003217385,SCALE,0.005,3.0,COOLDOWN,0.12423335238905046,0.5
1704180720.0,8810.842995529385,SCALE,0.005,3.0,COOLDOWN,0.12445226882916398,0.5
1704180780.0,8810.436488158386,SCALE,0.005,3.0,COOLDOWN,0.124492664124661,0.5
1704180840.0,8812.189464007386,SCALE,0.005,3.0,COOLDOWN,0.12431846807688579,0.5
1704180900.0,8810.920837366386,SCALE,0.005,3.0,COOLDOWN,0.12444453355981337,0.5
1704180960.0,8810.776313812386,SCALE,0.005,3.0,COOLDOWN,0.12445889509932431,0.5
1704181020.0,8812.731845839386,SCALE,0.005,3.0,COOLDOWN,0.12426457071624998,0.5
1704181080.0,8813.594244112386,SCALE,0.005,3.0,COOLDOWN,0.12417887280383974,0.5
1704181140.0,8813.150629342386,SCALE,0.005,3.0,COOLDOWN,0.12422295552164374,0.5
1704181200.0,8813.568296833386,SCALE,0.005,3.0,COOLDOWN,0.1241814512269566,0.5
1704181260.0,8812.637821828386,SCALE,0.005,3.0,COOLDOWN,0.12427391403442599,0.5
1704181320.0,8814.486216703386,SCALE,0.005,3.0,COOLDOWN,0.12409023604357595,0.5
1704181380.0,8815.341639901386,SCALE,0.005,3.0,COOLDOWN,0.12400523125565957,0.5
1704181440.0,8816.370323962386,SCALE,0.005,3.0,COOLDOWN,0.12390300925531775,0.5
1704181500.0,8815.104766354385,SCALE,0.005,3.0,COOLDOWN,0.1240287697634682,0.5
1704181560.0,8815.739498179386,SCALE,0.005,3.0,COOLDOWN,0.1239656954345347,0.5
1704181620.0,8814.547597363386,SCALE,0.005,3.0,COOLDOWN,0.1240841365480308,0.5
1704181680.0,8815.505693665385,SCALE,0.005,3.0,COOLDOWN,0.12398892896756604,0.5
1704181740.0,8816.318708407385,SCALE,0.005,3.0,COOLDOWN,0.1239081383765718,0.5
1704181800.0,8815.323225703385,SCALE,0.005,3.0,COOLDOWN,0.1240070611043232,0.5
1704181860.0,8814.795631030385,SCALE,0.005,3.0,COOLDOWN,0.12405948904103224,0.5
1704181920.0,8815.744799236385,SCALE,0.005,3.0,COOLDOWN,0.12396516865991952,0.5
1704181980.0,8814.947408662385,SCALE,0.005,3.0,COOLDOWN,0.12404440665204775,0.5
1704182040.0,8814.397493749386,SCALE,0.005,3.0,COOLDOWN,0.12409905258713678,0.5
1704182100.0,8814.830506405386,SCALE,0.005,3.0,COOLDOWN,0.12405602341856332,0.5
1704182160.0,8814.828274381385,SCALE,0.005,3.0,COOLDOWN,0.12405624521840138,0.5
1704182220.0,8815.409716633385,SCALE,0.005,3.0,COOLDOWN,0.12399846636060043,0.5
1704182280.0,8814.129371866386,SCALE,0.005,3.0,COOLDOWN,0.12412569629267747,0.5
1704182340.0,8814.392471695386,SCALE,0.005,3.0,COOLDOWN,0.12409955163677228,0.5
1704182400.0,8815.269936130386,SCALE,0.005,3.0,COOLDOWN,0.12401235657545558,0.5
1704182460.0,8815.546707106385,SCALE,0.005,3.0,COOLDOWN,0.12398485339554272,0.5
1704182520.0,8814.577729687386,SCALE,0.005,3.0,COOLDOWN,0.12408114225021769,0.5
1704182580.0,8814.081941356386,SCALE,0.005,3.0,COOLDOWN,0.12413040953923511,0.5
1704182640.0,8813.680456039387,SCALE,0.005,3.0,COOLDOWN,0.12417030578509665,0.5
1704182700.0,8813.196664837385,SCALE,0.005,3.0,COOLDOWN,0.12421838089998491,0.5
1704182760.0,8812.083442867386,SCALE,0.005,3.0,COOLDOWN,0.12432900356919115,0.5
1704182820.0,8810.946226639386,SCALE,0.005,3.0,COOLDOWN,0.12444201058665605,0.5
1704182880.0,8811.441735967386,SCALE,0.005,3.0,COOLDOWN,0.12439277102261832,0.5
1704182940.0,8812.093207972386,SCALE,0.005,3.0,COOLDOWN,0.12432803319489985,0.5
1704183000.0,8812.594576363386,SCALE,0.005,3.0,COOLDOWN,0.12427821140628738,0.5
1704183060.0,8814.344204176386,SCALE,0.005,3.0,COOLDOWN,0.12410434805826916,0.5
1704183120.0,8815.967722633386,SCALE,0.005,3.0,COOLDOWN,0.12394301640109841,0.5
1704183180.0,8817.818907538385,SCALE,0.005,3.0,COOLDOWN,0.12375906116045093,0.5
1704183240.0,8819.717243950387,SCALE,0.005,3.0,COOLDOWN,0.12357042039822534,0.5
1704183300.0,8818.749661546386,SCALE,0.005,3.0,COOLDOWN,0.12366657062800168,0.5
1704183360.0,8819.086697170385,SCALE,0.005,3.0,COOLDOWN,0.12363307885246261,0.5
1704183420.0,8820.261578803385,SCALE,0.005,3.0,COOLDOWN,0.12351632896273135,0.5
1704183480.0,8821.882307230386,SCALE,0.005,3.0,COOLDOWN,0.12335527455535804,0.5
1704183540.0,8821.975494232385,SCALE,0.005,3.0,COOLDOWN,0.12334601441212127,0.5
1704183600.0,8822.719874236385,SCALE,0.005,3.0,COOLDOWN,0.12327204416614573,0.5
1704183660.0,8825.290886881387,SCALE,0.005,3.0,COOLDOWN,0.1230165584777406,0.5
1704183720.0,8824.393613233386,SCALE,0.005,3.0,COOLDOWN,0.12310572201261975,0.5
1704183780.0,8825.026113034386,SCALE,0.005,3.0,COOLDOWN,0.1230428694835243,0.5
1704183840.0,8824.003009033386,SCALE,0.005,3.0,COOLDOWN,0.12314453698427107,0.5
1704183900.0,8821.943408887386,SCALE,0.005,3.0,COOLDOWN,0.12334920278479257,0.5
1704183960.0,8821.938665836386,SCALE,0.005,3.0,COOLDOWN,0.12334967410944837,0.5
1704184020.0,8823.337586878386,SCALE,0.005,3.0,COOLDOWN,0.12321066106097706,0.5
1704184080.0,8822.539917301387,SCALE,0.005,3.0,COOLDOWN,0.12328992677808497,0.5
1704184140.0,8822.566980592386,SCALE,0.005,3.0,COOLDOWN,0.12328723745504916,0.5
1704184200.0,8822.395672750386,SCALE,0.005,3.0,COOLDOWN,0.12330426059261622,0.5
1704184260.0,8824.643599921386,SCALE,0.005,3.0,COOLDOWN,0.12308088043076283,0.5
1704184320.0,8821.803628384387,SCALE,0.005,3.0,COOLDOWN,0.12336309299964772,0.5
1704184380.0,8821.870868107386,SCALE,0.005,3.0,COOLDOWN,0.12335641127952783,0.5
1704184440.0,8821.220233111386,SCALE,0.005,3.0,COOLDOWN,0.12342106593230705,0.5
1704184500.0,8821.970472178386,SCALE,0.005,3.0,COOLDOWN,0.12334651346175676,0.5
1704184560.0,8823.422682793385,SCALE,0.005,3.0,COOLDOWN,0.12320220494215309,0.5
1704184620.0,8821.425300316385,SCALE,0.005,3.0,COOLDOWN,0.12340068807219018,0.5
1704184680.0,8821.910765536386,SCALE,0.005,3.0,COOLDOWN,0.12335244660742342,0.5
1704184740.0,8820.782477404386,SCALE,0.005,3.0,COOLDOWN,0.1234645664255363,0.5
1704184800.0,8820.061533652386,SCALE,0.005,3.0,COOLDOWN,0.12353620777321271,0.5
1704184860.0,8820.071019754385,SCALE,0.005,3.0,COOLDOWN,0.1235352651239013,0.5
1704184920.0,8820.543650836385,SCALE,0.005,3.0,COOLDOWN,0.12348829900820313,0.5
1704184980.0,8819.420942764385,SCALE,0.005,3.0,COOLDOWN,0.12359986432672096,0.5
1704185040.0,8820.311241337386,SCALE,0.005,3.0,COOLDOWN,0.12351139391633566,0.5
1704185100.0,8819.181279187385,SCALE,0.005,3.0,COOLDOWN,0.12362368008432703,0.5
1704185160.0,8819.181837193386,SCALE,0.005,3.0,COOLDOWN,0.12362362463436748,0.5
1704185220.0,8819.273350177386,SCALE,0.005,3.0,COOLDOWN,0.12361453084100921,0.5
1704185280.0,8819.818243036385,SCALE,0.005,3.0,COOLDOWN,0.12356038395555566,0.5
1704185340.0,8821.779076120385,SCALE,0.005,3.0,COOLDOWN,0.12336553279786597,0.5
1704185400.0,8821.933085776385,SCALE,0.005,3.0,COOLDOWN,0.12335022860904342,0.5
1704185460.0,8822.496950839386,SCALE,0.005,3.0,COOLDOWN,0.12329419642496667,0.5
1704185520.0,8822.212367779386,SCALE,0.005,3.0,COOLDOWN,0.12332247590431263,0.5
1704185580.0,8822.725175293386,SCALE,0.005,3.0,COOLDOWN,0.12327151739153037,0.5
1704185640.0,8823.869366596386,SCALE,0.005,3.0,COOLDOWN,0.12315781724957178,0.5
1704185700.0,8823.693873709386,SCALE,0.005,3.0,COOLDOWN,0.12317525626183509,0.5
1704185760.0,8823.368277208385,SCALE,0.005,3.0,COOLDOWN,0.12320761131320457,0.5
1704185820.0,8823.322799719386,SCALE,0.005,3.0,COOLDOWN,0.12321213048490384,0.5
1704185880.0,8822.868024829386,SCALE,0.005,3.0,COOLDOWN,0.12325732220189793,0.5
1704185940.0,8822.867745826386,SCALE,0.005,3.0,COOLDOWN,0.12325734992687762,0.5
1704186000.0,8823.274532200385,SCALE,0.005,3.0,COOLDOWN,0.12321692690640089,0.5
1704186060.0,8823.457837171385,SCALE,0.005,3.0,COOLDOWN,0.12319871159470448,0.5
1704186120.0,8823.785665696385,SCALE,0.005,3.0,COOLDOWN,0.12316613474349714,0.5
1704186180.0,8824.312981366385,SCALE,0.005,3.0,COOLDOWN,0.1231137345317678,0.5
1704186240.0,8824.997654728386,SCALE,0.005,3.0,COOLDOWN,0.12304569743145892,0.5
1704186300.0,8825.007698836385,SCALE,0.005,3.0,COOLDOWN,0.12304469933218794,0.5
1704186360.0,8826.093578512386,SCALE,0.005,3.0,COOLDOWN,0.12293679371099721,0.5
1704186420.0,8823.724285036385,SCALE,0.005,3.0,COOLDOWN,0.12317223423904229,0.5
1704186480.0,8823.681318574385,SCALE,0.005,3.0,COOLDOWN,0.123176503885924,0.5
1704186540.0,8822.116111744386,SCALE,0.005,3.0,COOLDOWN,0.1233320410223267,0.5
1704186600.0,8822.017065679385,SCALE,0.005,3.0,COOLDOWN,0.12334188339013838,0.5
1704186660.0,8821.792747267385,SCALE,0.005,3.0,COOLDOWN,0.12336417427385812,0.5
1704186720.0,8821.366430683385,SCALE,0.005,3.0,COOLDOWN,0.1234065380429176,0.5
1704186780.0,8821.530205444386,SCALE,0.005,3.0,COOLDOWN,0.12339026347980377,0.5
1704186840.0,8820.964945366386,SCALE,0.005,3.0,COOLDOWN,0.12344643428877915,0.5
1704186900.0,8821.491982033385,SCALE,0.005,3.0,COOLDOWN,0.12339406180202966,0.5
1704186960.0,8821.827064636385,SCALE,0.005,3.0,COOLDOWN,0.12336076410134877,0.5
1704187020.0,8822.592090862387,SCALE,0.005,3.0,COOLDOWN,0.12328474220687154,0.5
1704187080.0,8822.109136669385,SCALE,0.005,3.0,COOLDOWN,0.12333273414682056,0.5
1704187140.0,8821.718532469386,SCALE,0.005,3.0,COOLDOWN,0.12337154911847187,0.5
1704187200.0,8822.639242369385,SCALE,0.005,3.0,COOLDOWN,0.12328005668529378,0.5
1704187260.0,8822.736893419386,SCALE,0.005,3.0,COOLDOWN,0.12327035294238091,0.5
1704187320.0,8822.769815773387,SCALE,0.005,3.0,COOLDOWN,0.12326708139477018,0.5
1704187380.0,8823.383064367386,SCALE,0.005,3.0,COOLDOWN,0.12320614188927762,0.5
1704187440.0,8823.382785364385,SCALE,0.005,3.0,COOLDOWN,0.12320616961425748,0.5
1704187500.0,8822.989391134386,SCALE,0.005,3.0,COOLDOWN,0.12324526183570624,0.5
1704187560.0,8822.461238455386,SCALE,0.005,3.0,COOLDOWN,0.12329774522237483,0.5
1704187620.0,8824.753806106386,SCALE,0.005,3.0,COOLDOWN,0.12306992906376123,0.5
1704187680.0,8825.321577211385,SCALE,0.005,3.0,COOLDOWN,0.12301350872996811,0.5
1704187740.0,8824.871545372385,SCALE,0.005,3.0,COOLDOWN,0.1230582291223064,0.5
1704187800.0,8824.336417618386,SCALE,0.005,3.0,COOLDOWN,0.12311140563346867,0.5
1704187860.0,8824.716977710386,SCALE,0.005,3.0,COOLDOWN,0.12307358876108833,0.5
1704187920.0,8823.755254369386,SCALE,0.005,3.0,COOLDOWN,0.12316915676628994,0.5
1704187980.0,8822.440871236386,SCALE,0.005,3.0,COOLDOWN,0.12329976914589665,0.5
1704188040.0,8822.917966366385,SCALE,0.005,3.0,COOLDOWN,0.12325235943052255,0.5
1704188100.0,8822.278770493385,SCALE,0.005,3.0,COOLDOWN,0.12331587735913199,0.5
1704188160.0,8822.440313230385,SCALE,0.005,3.0,COOLDOWN,0.12329982459585621,0.5
1704188220.0,8821.492261036386,SCALE,0.005,3.0,COOLDOWN,0.1233940340770498,0.5
1704188280.0,8820.360345865385,SCALE,0.005,3.0,COOLDOWN,0.12350651431989954,0.5
1704188340.0,8821.241995345386,SCALE,0.005,3.0,COOLDOWN,0.1234189033838864,0.5
1704188400.0,8820.654973033386,SCALE,0.005,3.0,COOLDOWN,0.12347723674128241,0.5
1704188460.0,8820.989776633385,SCALE,0.005,3.0,COOLDOWN,0.12344396676558139,0.5
1704188520.0,8820.282225025385,SCALE,0.005,3.0,COOLDOWN,0.12351427731422984,0.5
1704188580.0,8819.316316639386,SCALE,0.005,3.0,COOLDOWN,0.1236102611941275,0.5
1704188640.0,8820.121798300386,SCALE,0.005,3.0,COOLDOWN,0.1235302191775865,0.5
1704188700.0,8819.929565233386,SCALE,0.005,3.0,COOLDOWN,0.12354932168863494,0.5
1704188760.0,8819.957744536387,SCALE,0.005,3.0,COOLDOWN,0.12354652146568001,0.5
1704188820.0,8821.451805601386,SCALE,0.005,3.0,COOLDOWN,0.12339805419911376,0.5
1704188880.0,8822.251428199386,SCALE,0.005,3.0,COOLDOWN,0.12331859440714749,0.5
1704188940.0,8822.105788633386,SCALE,0.005,3.0,COOLDOWN,0.12333306684657755,0.5
1704189000.0,8822.440871236386,SCALE,0.005,3.0,COOLDOWN,0.12329976914589665,0.5
1704189060.0,8822.051941054386,SCALE,0.005,3.0,COOLDOWN,0.12333841776766948,0.5
1704189120.0,8821.994187433385,SCALE,0.005,3.0,COOLDOWN,0.12334415683847795,0.5
1704189180.0,8820.428701600385,SCALE,0.005,3.0,COOLDOWN,0.12349972169986052,0.5
1704189240.0,8819.943794386385,SCALE,0.005,3.0,COOLDOWN,0.12354790771466773,0.5
1704189300.0,8820.428701600385,SCALE,0.005,3.0,COOLDOWN,0.12349972169986052,0.5
1704189360.0,8820.208847236387,SCALE,0.005,3.0,COOLDOWN,0.12352156898390415,0.5
1704189420.0,8820.189317026387,SCALE,0.005,3.0,COOLDOWN,0.12352350973248673,0.5
1704189480.0,8820.984475576386,SCALE,0.005,3.0,COOLDOWN,0.12344449354019657,0.5
1704189540.0,8820.473342080386,SCALE,0.005,3.0,COOLDOWN,0.12349528570310032,0.5
1704189600.0,8820.874269391386,SCALE,0.005,3.0,COOLDOWN,0.12345544490719816,0.5
1704189660.0,8821.057853365386,SCALE,0.005,3.0,COOLDOWN,0.12343720187052207,0.5
1704189720.0,8820.543371833386,SCALE,0.005,3.0,COOLDOWN,0.12348832673318282,0.5
1704189780.0,8820.096688030386,SCALE,0.005,3.0,COOLDOWN,0.12353271442576412,0.5
1704189840.0,8818.729852333387,SCALE,0.005,3.0,COOLDOWN,0.12366853910156395,0.5
1704189900.0,8819.033128594387,SCALE,0.005,3.0,COOLDOWN,0.12363840204857467,0.5
1704189960.0,8819.336404855387,SCALE,0.005,3.0,COOLDOWN,0.12360826499558537,0.5
1704190020.0,8818.711159132386,SCALE,0.005,3.0,COOLDOWN,0.12367039667520728,0.5
1704190080.0,8817.418538233385,SCALE,0.005,3.0,COOLDOWN,0.12379884650639354,0.5
1704190140.0,8818.540130293386,SCALE,0.005,3.0,COOLDOWN,0.12368739208779465,0.5
1704190200.0,8817.920743633385,SCALE,0.005,3.0,COOLDOWN,0.12374894154284183,0.5
1704190260.0,8818.422949033386,SCALE,0.005,3.0,COOLDOWN,0.1236990365792901,0.5
1704190320.0,8818.690791913386,SCALE,0.005,3.0,COOLDOWN,0.1236724205987291,0.5
1704190380.0,8818.304651761386,SCALE,0.005,3.0,COOLDOWN,0.12371079197070449,0.5
1704190440.0,8821.005121798386,SCALE,0.005,3.0,COOLDOWN,0.12344244189169505,0.5
1704190500.0,8820.878733439386,SCALE,0.005,3.0,COOLDOWN,0.12345500130752224,0.5
1704190560.0,8821.241995345386,SCALE,0.005,3.0,COOLDOWN,0.1234189033838864,0.5
1704190620.0,8821.213258036385,SCALE,0.005,3.0,COOLDOWN,0.12342175905680089,0.5
1704190680.0,8820.302871247386,SCALE,0.005,3.0,COOLDOWN,0.12351222566572814,0.5
1704190740.0,8819.899153906386,SCALE,0.005,3.0,COOLDOWN,0.12355234371142775,0.5
1704190800.0,8819.942399371386,SCALE,0.005,3.0,COOLDOWN,0.12354804633956636,0.5
1704190860.0,8819.245449877386,SCALE,0.005,3.0,COOLDOWN,0.12361730333898426,0.5
1704190920.0,8819.240427823386,SCALE,0.005,3.0,COOLDOWN,0.12361780238861975,0.5
1704190980.0,8819.950211455385,SCALE,0.005,3.0,COOLDOWN,0.12354727004013343,0.5
1704191040.0,8820.835208971386,SCALE,0.005,3.0,COOLDOWN,0.12345932640436331,0.5
1704191100.0,8818.590908839386,SCALE,0.005,3.0,COOLDOWN,0.12368234614148003,0.5
1704191160.0,8818.175194369385,SCALE,0.005,3.0,COOLDOWN,0.12372365636130897,0.5
1704191220.0,8818.710322123387,SCALE,0.005,3.0,COOLDOWN,0.12367047985014652,0.5
1704191280.0,8819.818243036385,SCALE,0.005,3.0,COOLDOWN,0.12356038395555566,0.5
1704191340.0,8819.760210412385,SCALE,0.005,3.0,COOLDOWN,0.12356615075134382,0.5
1704191400.0,8819.121014539385,SCALE,0.005,3.0,COOLDOWN,0.12362966867995326,0.5
1704191460.0,8819.516919796386,SCALE,0.005,3.0,COOLDOWN,0.12359032693368657,0.5
1704191520.0,8819.645261176385,SCALE,0.005,3.0,COOLDOWN,0.12357757344300122,0.5
1704191580.0,8818.834478458386,SCALE,0.005,3.0,COOLDOWN,0.1236581422341574,0.5
1704191640.0,8818.389747676385,SCALE,0.005,3.0,COOLDOWN,0.12370233585188052,0.5
1704191700.0,8818.252199197386,SCALE,0.005,3.0,COOLDOWN,0.1237160042668976,0.5
1704191760.0,8818.784536921386,SCALE,0.005,3.0,COOLDOWN,0.12366310500553278,0.5
1704191820.0,8819.166213025386,SCALE,0.005,3.0,COOLDOWN,0.12362517723323349,0.5
1704191880.0,8818.052154046385,SCALE,0.005,3.0,COOLDOWN,0.12373588307737915,0.5
1704191940.0,8817.446996539386,SCALE,0.005,3.0,COOLDOWN,0.12379601855845893,0.5
1704192000.0,8817.528465415386,SCALE,0.005,3.0,COOLDOWN,0.12378792286437164,0.5
1704192060.0,8817.251694439386,SCALE,0.005,3.0,COOLDOWN,0.1238154260442845,0.5
1704192120.0,8816.940327091386,SCALE,0.005,3.0,COOLDOWN,0.12384636712168658,0.5
1704192180.0,8817.251136433386,SCALE,0.005,3.0,COOLDOWN,0.12381548149424405,0.5
1704192240.0,8817.897586384386,SCALE,0.005,3.0,COOLDOWN,0.12375124271616107,0.5
1704192300.0,8817.175526620385,SCALE,0.005,3.0,COOLDOWN,0.12382299496375661,0.5
1704192360.0,8816.526007636387,SCALE,0.005,3.0,COOLDOWN,0.12388753871661672,0.5
1704192420.0,8815.633477039386,SCALE,0.005,3.0,COOLDOWN,0.12397623092684006,0.5
1704192480.0,8815.074913033386,SCALE,0.005,3.0,COOLDOWN,0.12403173633630145,0.5
1704192540.0,8815.688719633386,SCALE,0.005,3.0,COOLDOWN,0.12397074138084933,0.5
1704192600.0,8816.125917334386,SCALE,0.005,3.0,COOLDOWN,0.12392729633757962,0.5
1704192660.0,8814.851989636385,SCALE,0.005,3.0,COOLDOWN,0.12405388859512256,0.5
1704192720.0,8814.525835129385,SCALE,0.005,3.0,COOLDOWN,0.12408629909645143,0.5
1704192780.0,8815.856958442386,SCALE,0.005,3.0,COOLDOWN,0.12395402321805957,0.5
1704192840.0,8816.035520362386,SCALE,0.005,3.0,COOLDOWN,0.12393627923101896,0.5
1704192900.0,8815.581024475387,SCALE,0.005,3.0,COOLDOWN,0.12398144322303317,0.5
1704192960.0,8816.834863957385,SCALE,0.005,3.0,COOLDOWN,0.12385684716403256,0.5
1704193020.0,8816.642909893386,SCALE,0.005,3.0,COOLDOWN,0.12387592195010114,0.5
1704193080.0,8817.139814236385,SCALE,0.005,3.0,COOLDOWN,0.12382654376116477,0.5
1704193140.0,8818.004444533386,SCALE,0.005,3.0,COOLDOWN,0.12374062404891648,0.5
1704193200.0,8818.702231036386,SCALE,0.005,3.0,COOLDOWN,0.12367128387455932,0.5
1704193260.0,8819.092556233385,SCALE,0.005,3.0,COOLDOWN,0.12363249662788786,0.5
1704193320.0,8819.122130551386,SCALE,0.005,3.0,COOLDOWN,0.12362955778003414,0.5
1704193380.0,8819.539798042386,SCALE,0.005,3.0,COOLDOWN,0.12358805348534702,0.5
1704193440.0,8819.602573717386,SCALE,0.005,3.0,COOLDOWN,0.12358181536490305,0.5
1704193500.0,8820.376249036386,SCALE,0.005,3.0,COOLDOWN,0.12350493399605364,0.5
1704193560.0,8820.725839795386,SCALE,0.005,3.0,COOLDOWN,0.12347019459642566,0.5
1704193620.0,8819.773044550386,SCALE,0.005,3.0,COOLDOWN,0.12356487540227523,0.5
1704193680.0,8818.733758375385,SCALE,0.005,3.0,COOLDOWN,0.12366815095184758,0.5
1704193740.0,8818.489630750386,SCALE,0.005,3.0,COOLDOWN,0.12369241030912959,0.5
1704193800.0,8817.401519050385,SCALE,0.005,3.0,COOLDOWN,0.12380053773015837,0.5
1704193860.0,8817.058903366385,SCALE,0.005,3.0,COOLDOWN,0.1238345840052925,0.5
1704193920.0,8818.824434350387,SCALE,0.005,3.0,COOLDOWN,0.12365914033342838,0.5
1704193980.0,8818.261127293386,SCALE,0.005,3.0,COOLDOWN,0.12371511706754557,0.5
1704194040.0,8817.307216036386,SCALE,0.005,3.0,COOLDOWN,0.12380990877331408,0.5
1704194100.0,8817.419096239386,SCALE,0.005,3.0,COOLDOWN,0.12379879105643399,0.5
1704194160.0,8817.028492039386,SCALE,0.005,3.0,COOLDOWN,0.1238376060280853,0.5
1704194220.0,8816.344655686386,SCALE,0.005,3.0,COOLDOWN,0.12390555995345494,0.5
1704194280.0,8817.191987797385,SCALE,0.005,3.0,COOLDOWN,0.12382135918995134,0.5
1704194340.0,8817.613003324386,SCALE,0.005,3.0,COOLDOWN,0.12377952219550704,0.5
1704194400.0,8817.865222036386,SCALE,0.005,3.0,COOLDOWN,0.12375445881381224,0.5
1704194460.0,8816.551117906385,SCALE,0.005,3.0,COOLDOWN,0.12388504346843927,0.5
1704194520.0,8815.912480039386,SCALE,0.005,3.0,COOLDOWN,0.12394850594708914,0.5
1704194580.0,8815.550613148385,SCALE,0.005,3.0,COOLDOWN,0.12398446524582615,0.5
1704194640.0,8816.805289639386,SCALE,0.005,3.0,COOLDOWN,0.1238597860118861,0.5
1704194700.0,8816.748931033386,SCALE,0.005,3.0,COOLDOWN,0.12386538645779578,0.5
1704194760.0,8815.778000593386,SCALE,0.005,3.0,COOLDOWN,0.12396186938732912,0.5
1704194820.0,8815.470818290385,SCALE,0.005,3.0,COOLDOWN,0.12399239459003496,0.5
1704194880.0,8815.629291994386,SCALE,0.005,3.0,COOLDOWN,0.1239766468015363,0.5
1704194940.0,8815.537500007385,SCALE,0.005,3.0,COOLDOWN,0.12398576831987444,0.5
1704195000.0,8816.097180025386,SCALE,0.005,3.0,COOLDOWN,0.12393015201049393,0.5
1704195060.0,8816.922191896385,SCALE,0.005,3.0,COOLDOWN,0.12384816924537052,0.5
1704195120.0,8815.423666783387,SCALE,0.005,3.0,COOLDOWN,0.12399708011161271,0.5
1704195180.0,8814.890492050386,SCALE,0.005,3.0,COOLDOWN,0.1240500625479168,0.5
1704195240.0,8814.014701633385,SCALE,0.005,3.0,COOLDOWN,0.12413709125935518,0.5
1704195300.0,8814.252412189386,SCALE,0.005,3.0,COOLDOWN,0.1241134695766073,0.5
1704195360.0,8813.881617202385,SCALE,0.005,3.0,COOLDOWN,0.12415031607469634,0.5
1704195420.0,8812.993550653386,SCALE,0.005,3.0,COOLDOWN,0.12423856468524358,0.5
1704195480.0,8812.027084261386,SCALE,0.005,3.0,COOLDOWN,0.12433460401510081,0.5
1704195540.0,8810.666944636385,SCALE,0.005,3.0,COOLDOWN,0.12446976329138684,0.5
1704195600.0,8811.001469233386,SCALE,0.005,3.0,COOLDOWN,0.12443652104066533,0.5
1704195660.0,8810.830161391386,SCALE,0.005,3.0,COOLDOWN,0.12445354417823239,0.5
1704195720.0,8810.110054648385,SCALE,0.005,3.0,COOLDOWN,0.12452510235096974,0.5
1704195780.0,8809.075790527386,SCALE,0.005,3.0,COOLDOWN,0.12462787885090641,0.5
1704195840.0,8808.546242833385,SCALE,0.005,3.0,COOLDOWN,0.12468050086247381,0.5
1704195900.0,8809.692666160387,SCALE,0.005,3.0,COOLDOWN,0.12456657892067699,0.5
1704195960.0,8810.563434523387,SCALE,0.005,3.0,COOLDOWN,0.12448004925887426,0.5
1704196020.0,8810.938414555385,SCALE,0.005,3.0,COOLDOWN,0.12444278688608916,0.5
1704196080.0,8811.668007400385,SCALE,0.005,3.0,COOLDOWN,0.1243702860640404,0.5
1704196140.0,8810.834346436386,SCALE,0.005,3.0,COOLDOWN,0.12445312830353615,0.5
1704196200.0,8810.712980131386,SCALE,0.005,3.0,COOLDOWN,0.12446518866972783,0.5
1704196260.0,8809.715265403385,SCALE,0.005,3.0,COOLDOWN,0.12456433319731729,0.5
1704196320.0,8809.571020852385,SCALE,0.005,3.0,COOLDOWN,0.12457866701184855,0.5
1704196380.0,8809.394690956386,SCALE,0.005,3.0,COOLDOWN,0.1245961891990511,0.5
1704196440.0,8809.996221424386,SCALE,0.005,3.0,COOLDOWN,0.12453641414270801,0.5
1704196500.0,8812.006438039385,SCALE,0.005,3.0,COOLDOWN,0.12433665566360251,0.5
1704196560.0,8813.413171165386,SCALE,0.005,3.0,COOLDOWN,0.1241968663156981,0.5
1704196620.0,8813.288735827386,SCALE,0.005,3.0,COOLDOWN,0.12420923165666709,0.5
1704196680.0,8813.152582363386,SCALE,0.005,3.0,COOLDOWN,0.12422276144678555,0.5
1704196740.0,8813.791499233386,SCALE,0.005,3.0,COOLDOWN,0.1241592712431558,0.5
1704196800.0,8813.615448340386,SCALE,0.005,3.0,COOLDOWN,0.12417676570537867,0.5
1704196860.0,8813.119939012386,SCALE,0.005,3.0,COOLDOWN,0.1242260052694164,0.5
1704196920.0,8812.772022271385,SCALE,0.005,3.0,COOLDOWN,0.1242605783191659,0.5
1704196980.0,8813.366298661385,SCALE,0.005,3.0,COOLDOWN,0.12420152411229635,0.5
1704197040.0,8813.980663267386,SCALE,0.005,3.0,COOLDOWN,0.12414047370688466,0.5
1704197100.0,8815.313460598385,SCALE,0.005,3.0,COOLDOWN,0.12400803147861449,0.5
1704197160.0,8814.268873366385,SCALE,0.005,3.0,COOLDOWN,0.12411183380280202,0.5
1704197220.0,8814.049856011387,SCALE,0.005,3.0,COOLDOWN,0.1241335979119064,0.5
1704197280.0,8813.456974636385,SCALE,0.005,3.0,COOLDOWN,0.12419251349387732,0.5
1704197340.0,8812.978484491387,SCALE,0.005,3.0,COOLDOWN,0.12424006183415005,0.5
1704197400.0,8811.694233682385,SCALE,0.005,3.0,COOLDOWN,0.12436767991594383,0.5
1704197460.0,8812.495530298385,SCALE,0.005,3.0,COOLDOWN,0.12428805377409906,0.5
1704197520.0,8811.154362877385,SCALE,0.005,3.0,COOLDOWN,0.1244213277517619,0.5
1704197580.0,8811.392073433386,SCALE,0.005,3.0,COOLDOWN,0.124397706069014,0.5
1704197640.0,8812.155146638386,SCALE,0.005,3.0,COOLDOWN,0.12432187824939514,0.5
1704197700.0,8812.155704644385,SCALE,0.005,3.0,COOLDOWN,0.12432182279943575,0.5
1704197760.0,8812.776486319386,SCALE,0.005,3.0,COOLDOWN,0.12426013471948978,0.5
1704197820.0,8812.698365479386,SCALE,0.005,3.0,COOLDOWN,0.12426789771382009,0.5
1704197880.0,8812.584532255385,SCALE,0.005,3.0,COOLDOWN,0.12427920950555854,0.5
1704197940.0,8811.616112842386,SCALE,0.005,3.0,COOLDOWN,0.12437544291027396,0.5
1704198000.0,8811.001748236386,SCALE,0.005,3.0,COOLDOWN,0.12443649331568564,0.5
1704198060.0,8812.570861108386,SCALE,0.005,3.0,COOLDOWN,0.12428056802956619,0.5
1704198120.0,8813.366298661385,SCALE,0.005,3.0,COOLDOWN,0.12420152411229635,0.5
1704198180.0,8813.425726300386,SCALE,0.005,3.0,COOLDOWN,0.12419561869160937,0.5
1704198240.0,8813.551556653385,SCALE,0.005,3.0,COOLDOWN,0.12418311472574176,0.5
1704198300.0,8813.882454211385,SCALE,0.005,3.0,COOLDOWN,0.1241502328997571,0.5
1704198360.0,8814.782796892385,SCALE,0.005,3.0,COOLDOWN,0.12406076439010083,0.5
1704198420.0,8813.882733214386,SCALE,0.005,3.0,COOLDOWN,0.12415020517477722,0.5
1704198480.0,8813.989870366386,SCALE,0.005,3.0,COOLDOWN,0.12413955878255294,0.5
1704198540.0,8814.238183036387,SCALE,0.005,3.0,COOLDOWN,0.12411488355057451,0.5
1704198600.0,8813.883570223386,SCALE,0.005,3.0,COOLDOWN,0.12415012199983798,0.5
1704198660.0,8814.739830430386,SCALE,0.005,3.0,COOLDOWN,0.12406503403698235,0.5
1704198720.0,8816.857184197386,SCALE,0.005,3.0,COOLDOWN,0.12385462916565236,0.5
1704198780.0,8817.058903366385,SCALE,0.005,3.0,COOLDOWN,0.1238345840052925,0.5
1704198840.0,8817.697262230386,SCALE,0.005,3.0,COOLDOWN,0.12377114925162232,0.5
1704198900.0,8816.860253230387,SCALE,0.005,3.0,COOLDOWN,0.12385432419087507,0.5
1704198960.0,8816.327636503385,SCALE,0.005,3.0,COOLDOWN,0.12390725117721976,0.5
1704199020.0,8815.584093508385,SCALE,0.005,3.0,COOLDOWN,0.12398113824825606,0.5
1704199080.0,8816.804731633385,SCALE,0.005,3.0,COOLDOWN,0.12385984146184567,0.5
1704199140.0,8815.856121433386,SCALE,0.005,3.0,COOLDOWN,0.12395410639299881,0.5
1704199200.0,8815.145221789386,SCALE,0.005,3.0,COOLDOWN,0.12402474964140425,0.5
1704199260.0,8815.075192036385,SCALE,0.005,3.0,COOLDOWN,0.12403170861132176,0.5
1704199320.0,8815.108672396385,SCALE,0.005,3.0,COOLDOWN,0.12402838161375165,0.5
1704199380.0,8816.284949044386,SCALE,0.005,3.0,COOLDOWN,0.1239114930991216,0.5
1704199440.0,8814.386333629385,SCALE,0.005,3.0,COOLDOWN,0.12410016158632688,0.5
1704199500.0,8814.737598406386,SCALE,0.005,3.0,COOLDOWN,0.1240652558368204,0.5
1704199560.0,8813.508311188385,SCALE,0.005,3.0,COOLDOWN,0.12418741209760314,0.5
1704199620.0,8812.787646439387,SCALE,0.005,3.0,COOLDOWN,0.12425902572029969,0.5
1704199680.0,8812.076746795386,SCALE,0.005,3.0,COOLDOWN,0.12432966896870512,0.5
1704199740.0,8812.154867635385,SCALE,0.005,3.0,COOLDOWN,0.12432190597437501,0.5
1704199800.0,8811.504232639385,SCALE,0.005,3.0,COOLDOWN,0.12438656062715422,0.5
1704199860.0,8810.006265532385,SCALE,0.005,3.0,COOLDOWN,0.12453541604343704,0.5
1704199920.0,8810.829603385386,SCALE,0.005,3.0,COOLDOWN,0.12445359962819194,0.5
1704199980.0,8810.093593471385,SCALE,0.005,3.0,COOLDOWN,0.12452673812477501,0.5
1704200040.0,8810.380966561386,SCALE,0.005,3.0,COOLDOWN,0.12449818139563143,0.5
1704200100.0,8809.859509954385,SCALE,0.005,3.0,COOLDOWN,0.12454999938278603,0.5
1704200160.0,8809.741212682386,SCALE,0.005,3.0,COOLDOWN,0.12456175477420042,0.5
1704200220.0,8810.529117154385,SCALE,0.005,3.0,COOLDOWN,0.12448345943138381,0.5
1704200280.0,8810.276061433386,SCALE,0.005,3.0,COOLDOWN,0.12450860598801784,0.5
1704200340.0,8810.108659633386,SCALE,0.005,3.0,COOLDOWN,0.12452524097586837,0.5
1704200400.0,8809.911962518387,SCALE,0.005,3.0,COOLDOWN,0.12454478708659274,0.5
1704200460.0,8809.773856033386,SCALE,0.005,3.0,COOLDOWN,0.12455851095156957,0.5
1704200520.0,8811.580121455387,SCALE,0.005,3.0,COOLDOWN,0.1243790194326618,0.5
1704200580.0,8812.122224284385,SCALE,0.005,3.0,COOLDOWN,0.12432514979700586,0.5
1704200640.0,8812.594855366386,SCALE,0.005,3.0,COOLDOWN,0.12427818368130769,0.5
1704200700.0,8812.826706859385,SCALE,0.005,3.0,COOLDOWN,0.12425514422313472,0.5
1704200760.0,8813.066370436385,SCALE,0.005,3.0,COOLDOWN,0.12423132846552865,0.5
1704200820.0,8812.711757623385,SCALE,0.005,3.0,COOLDOWN,0.12426656691479211,0.5
1704200880.0,8813.401174036386,SCALE,0.005,3.0,COOLDOWN,0.12419805848982743,0.5
1704200940.0,8813.668737913385,SCALE,0.005,3.0,COOLDOWN,0.12417147023424631,0.5
1704201000.0,8813.799311317385,SCALE,0.005,3.0,COOLDOWN,0.12415849494372289,0.5
1704201060.0,8813.046561223386,SCALE,0.005,3.0,COOLDOWN,0.12423329693909091,0.5
1704201120.0,8814.579682708385,SCALE,0.005,3.0,COOLDOWN,0.1240809481753595,0.5
1704201180.0,8815.105882366386,SCALE,0.005,3.0,COOLDOWN,0.1240286588635491,0.5
1704201240.0,8814.874309876386,SCALE,0.005,3.0,COOLDOWN,0.12405167059674238,0.5
1704201300.0,8814.930947485385,SCALE,0.005,3.0,COOLDOWN,0.12404604242585301,0.5
1704201360.0,8815.633198036387,SCALE,0.005,3.0,COOLDOWN,0.12397625865181974,0.5
1704201420.0,8815.633198036387,SCALE,0.005,3.0,COOLDOWN,0.12397625865181974,0.5
1704201480.0,8816.442585739385,SCALE,0.005,3.0,COOLDOWN,0.12389582848556237,0.5
1704201540.0,8816.612777569386,SCALE,0.005,3.0,COOLDOWN,0.12387891624791424,0.5
1704201600.0,8812.045498459385,SCALE,0.005,3.0,COOLDOWN,0.12433277416643736,0.5
1704201660.0,8813.083110616386,SCALE,0.005,3.0,COOLDOWN,0.1242296649667435,0.5
1704201720.0,8814.215583793386,SCALE,0.005,3.0,COOLDOWN,0.12411712927393438,0.5
1704201780.0,8814.741783451385,SCALE,0.005,3.0,COOLDOWN,0.12406483996212415,0.5
1704201840.0,8816.135403436385,SCALE,0.005,3.0,COOLDOWN,0.12392635368826821,0.5
1704201900.0,8816.334053572386,SCALE,0.005,3.0,COOLDOWN,0.12390661350268546,0.5
1704201960.0,8815.968280639387,SCALE,0.005,3.0,COOLDOWN,0.12394296095113885,0.5
1704202020.0,8815.865049529386,SCALE,0.005,3.0,COOLDOWN,0.12395321919364677,0.5
1704202080.0,8816.386506136385,SCALE,0.005,3.0,COOLDOWN,0.12390140120649235,0.5
1704202140.0,8816.334053572386,SCALE,0.005,3.0,COOLDOWN,0.12390661350268546,0.5
1704202200.0,8816.469928033386,SCALE,0.005,3.0,COOLDOWN,0.1238931114375467,0.5
1704202260.0,8817.176921635386,SCALE,0.005,3.0,COOLDOWN,0.1238228563388578,0.5
1704202320.0,8817.352693525385,SCALE,0.005,3.0,COOLDOWN,0.12380538960161482,0.5
1704202380.0,8817.177479641387,SCALE,0.005,3.0,COOLDOWN,0.12382280088889824,0.5
1704202440.0,8816.894849602386,SCALE,0.005,3.0,COOLDOWN,0.12385088629338602,0.5
1704202500.0,8818.041830935386,SCALE,0.005,3.0,COOLDOWN,0.12373690890162982,0.5
1704202560.0,8818.113255703385,SCALE,0.005,3.0,COOLDOWN,0.12372981130681368,0.5
1704202620.0,8817.990215380385,SCALE,0.005,3.0,COOLDOWN,0.12374203802288387,0.5
1704202680.0,8817.729347575385,SCALE,0.005,3.0,COOLDOWN,0.12376796087895102,0.5
1704202740.0,8818.502743891386,SCALE,0.005,3.0,COOLDOWN,0.12369110723508131,0.5
1704202800.0,8820.025821268386,SCALE,0.005,3.0,COOLDOWN,0.12353975657062087,0.5
1704202860.0,8820.705751579386,SCALE,0.005,3.0,COOLDOWN,0.1234721907949678,0.5
1704202920.0,8820.127936366385,SCALE,0.005,3.0,COOLDOWN,0.12352960922803206,0.5
1704202980.0,8821.267942624385,SCALE,0.005,3.0,COOLDOWN,0.12341632496076972,0.5
1704203040.0,8820.166438780387,SCALE,0.005,3.0,COOLDOWN,0.1235257831808263,0.5
1704203100.0,8821.123698073387,SCALE,0.005,3.0,COOLDOWN,0.1234306587753008,0.5
1704203160.0,8819.946026410385,SCALE,0.005,3.0,COOLDOWN,0.12354768591482967,0.5
1704203220.0,8819.178489157386,SCALE,0.005,3.0,COOLDOWN,0.12362395733412447,0.5
1704203280.0,8819.791179745385,SCALE,0.005,3.0,COOLDOWN,0.12356307327859146,0.5
1704203340.0,8819.449680073385,SCALE,0.005,3.0,COOLDOWN,0.12359700865380666,0.5
1704203400.0,8819.684042593386,SCALE,0.005,3.0,COOLDOWN,0.12357371967081575,0.5
1704203460.0,8818.648662460386,SCALE,0.005,3.0,COOLDOWN,0.12367660707067155,0.5
1704203520.0,8818.758031636386,SCALE,0.005,3.0,COOLDOWN,0.12366573887860921,0.5
1704203580.0,8818.141714009385,SCALE,0.005,3.0,COOLDOWN,0.12372698335887908,0.5
1704203640.0,8819.427638836385,SCALE,0.005,3.0,COOLDOWN,0.12359919892720697,0.5
1704203700.0,8819.848933366386,SCALE,0.005,3.0,COOLDOWN,0.12355733420778299,0.5
1704203760.0,8819.209458490386,SCALE,0.005,3.0,COOLDOWN,0.1236208798613721,0.5
1704203820.0,8818.496884828386,SCALE,0.005,3.0,COOLDOWN,0.12369168945965604,0.5
1704203880.0,8819.848654363386,SCALE,0.005,3.0,COOLDOWN,0.12355736193276268,0.5
1704203940.0,8819.481486415385,SCALE,0.005,3.0,COOLDOWN,0.12359384800611505,0.5
1704204000.0,8820.820421812386,SCALE,0.005,3.0,COOLDOWN,0.12346079582829009,0.5
1704204060.0,8820.001548007385,SCALE,0.005,3.0,COOLDOWN,0.12354216864385925,0.5
1704204120.0,8820.238421554386,SCALE,0.005,3.0,COOLDOWN,0.1235186301360506,0.5
1704204180.0,8819.651120239385,SCALE,0.005,3.0,COOLDOWN,0.12357699121842648,0.5
1704204240.0,8819.524173874386,SCALE,0.005,3.0,COOLDOWN,0.12358960608421303,0.5
1704204300.0,8819.782809655386,SCALE,0.005,3.0,COOLDOWN,0.12356390502798394,0.5
1704204360.0,8821.202097916386,SCALE,0.005,3.0,COOLDOWN,0.12342286805599081,0.5
1704204420.0,8821.548061636386,SCALE,0.005,3.0,COOLDOWN,0.12338848908109969,0.5
1704204480.0,8822.168006302385,SCALE,0.005,3.0,COOLDOWN,0.12332688417609314,0.5
1704204540.0,8821.622276434386,SCALE,0.005,3.0,COOLDOWN,0.12338111423648594,0.5
1704204600.0,8822.496113830386,SCALE,0.005,3.0,COOLDOWN,0.12329427959990592,0.5
1704204660.0,8822.664631642385,SCALE,0.005,3.0,COOLDOWN,0.12327753371213647,0.5
1704204720.0,8822.607994033386,SCALE,0.005,3.0,COOLDOWN,0.12328316188302582,0.5
1704204780.0,8823.835607233386,SCALE,0.005,3.0,COOLDOWN,0.12316117197212158,0.5
1704204840.0,8823.131961667386,SCALE,0.005,3.0,COOLDOWN,0.12323109437105348,0.5
1704204900.0,8823.007247326386,SCALE,0.005,3.0,COOLDOWN,0.12324348743700216,0.5
1704204960.0,8822.887834042385,SCALE,0.005,3.0,COOLDOWN,0.12325535372833567,0.5
1704205020.0,8821.275196702385,SCALE,0.005,3.0,COOLDOWN,0.12341560411129618,0.5
1704205080.0,8820.543650836385,SCALE,0.005,3.0,COOLDOWN,0.12348829900820313,0.5
1704205140.0,8820.126820354386,SCALE,0.005,3.0,COOLDOWN,0.123529720127951,0.5
1704205200.0,8821.071245509385,SCALE,0.005,3.0,COOLDOWN,0.12343587107149409,0.5
1704205260.0,8819.600620696385,SCALE,0.005,3.0,COOLDOWN,0.12358200943976141,0.5
1704205320.0,8819.698271746385,SCALE,0.005,3.0,COOLDOWN,0.12357230569684853,0.5
1704205380.0,8820.320448436385,SCALE,0.005,3.0,COOLDOWN,0.12351047899200393,0.5
1704205440.0,8820.128215369386,SCALE,0.005,3.0,COOLDOWN,0.1235295815030522,0.5
1704205500.0,8818.232110981386,SCALE,0.005,3.0,COOLDOWN,0.12371800046543974,0.5
1704205560.0,8817.920743633385,SCALE,0.005,3.0,COOLDOWN,0.12374894154284183,0.5
1704205620.0,8818.798208068385,SCALE,0.005,3.0,COOLDOWN,0.12366174648152511,0.5
1704205680.0,8819.755467361385,SCALE,0.005,3.0,COOLDOWN,0.12356662207599962,0.5
1704205740.0,8819.484276445386,SCALE,0.005,3.0,COOLDOWN,0.12359357075631744,0.5
1704205800.0,8820.428422597386,SCALE,0.005,3.0,COOLDOWN,0.12349974942484021,0.5
1704205860.0,8817.617188369386,SCALE,0.005,3.0,COOLDOWN,0.1237791063208108,0.5
1704205920.0,8817.793797268387,SCALE,0.005,3.0,COOLDOWN,0.12376155640862838,0.5
1704205980.0,8815.633477039386,SCALE,0.005,3.0,COOLDOWN,0.12397623092684006,0.5
1704206040.0,8816.501455372385,SCALE,0.005,3.0,COOLDOWN,0.12388997851483495,0.5
1704206100.0,8813.903379436386,SCALE,0.005,3.0,COOLDOWN,0.12414815352627571,0.5
1704206160.0,8815.523270854386,SCALE,0.005,3.0,COOLDOWN,0.12398718229384166,0.5
1704206220.0,8814.044554954386,SCALE,0.005,3.0,COOLDOWN,0.12413412468652175,0.5
1704206280.0,8812.585090261386,SCALE,0.005,3.0,COOLDOWN,0.12427915405559899,0.5
1704206340.0,8811.737200144385,SCALE,0.005,3.0,COOLDOWN,0.12436341026906213,0.5
1704206400.0,8813.756344855386,SCALE,0.005,3.0,COOLDOWN,0.12416276459060441,0.5
1704206460.0,8814.851710633386,SCALE,0.005,3.0,COOLDOWN,0.12405391632010225,0.5
1704206520.0,8815.600275682385,SCALE,0.005,3.0,COOLDOWN,0.12397953019943048,0.5
1704206580.0,8816.330705536386,SCALE,0.005,3.0,COOLDOWN,0.12390694620244246,0.5
1704206640.0,8816.316755386386,SCALE,0.005,3.0,COOLDOWN,0.12390833245142999,0.5
1704206700.0,8813.959459039386,SCALE,0.005,3.0,COOLDOWN,0.12414258080534574,0.5
1704206760.0,8812.613548567386,SCALE,0.005,3.0,COOLDOWN,0.12427632610766437,0.5
1704206820.0,8811.354129025385,SCALE,0.005,3.0,COOLDOWN,0.12440147666626022,0.5
1704206880.0,8809.805104369385,SCALE,0.005,3.0,COOLDOWN,0.12455540575383751,0.5
1704206940.0,8807.318908636385,SCALE,0.005,3.0,COOLDOWN,0.12480246304839819,0.5
1704207000.0,8807.866033519385,SCALE,0.005,3.0,COOLDOWN,0.12474809436310658,0.5
1704207060.0,8810.083828366385,SCALE,0.005,3.0,COOLDOWN,0.12452770849906629,0.5
1704207120.0,8810.659690558387,SCALE,0.005,3.0,COOLDOWN,0.1244704841408602,0.5
1704207180.0,8808.351219736385,SCALE,0.005,3.0,COOLDOWN,0.12469988062331969,0.5
1704207240.0,8806.695894937386,SCALE,0.005,3.0,COOLDOWN,0.12486437292818205,0.5
1704207300.0,8806.045538944385,SCALE,0.005,3.0,COOLDOWN,0.12492899985598156,0.5
1704207360.0,8804.266615816387,SCALE,0.005,3.0,COOLDOWN,0.12510577432687348,0.5
1704207420.0,8807.207028433386,SCALE,0.005,3.0,COOLDOWN,0.12481358076527828,0.5
1704207480.0,8808.218414308385,SCALE,0.005,3.0,COOLDOWN,0.12471307771368116,0.5
1704207540.0,8808.901692655385,SCALE,0.005,3.0,COOLDOWN,0.12464517923827109,0.5
1704207600.0,8810.139070960386,SCALE,0.005,3.0,COOLDOWN,0.12452221895307557,0.5
1704207660.0,8810.599146907385,SCALE,0.005,3.0,COOLDOWN,0.1244765004614663,0.5
1704207720.0,8810.362831366385,SCALE,0.005,3.0,COOLDOWN,0.12449998351931538,0.5
1704207780.0,8808.376330006386,SCALE,0.005,3.0,COOLDOWN,0.12469738537514206,0.5
1704207840.0,8806.711240102386,SCALE,0.005,3.0,COOLDOWN,0.1248628480542957,0.5
1704207900.0,8807.564710279386,SCALE,0.005,3.0,COOLDOWN,0.1247780373412375,0.5
1704207960.0,8807.014516363386,SCALE,0.005,3.0,COOLDOWN,0.12483271100130641,0.5
1704208020.0,8806.457626375386,SCALE,0.005,3.0,COOLDOWN,0.12488805006088931,0.5
1704208080.0,8806.334307049387,SCALE,0.005,3.0,COOLDOWN,0.12490030450193919,0.5
1704208140.0,8807.816928991386,SCALE,0.005,3.0,COOLDOWN,0.12475297395954271,0.5
1704208200.0,8809.471974787386,SCALE,0.005,3.0,COOLDOWN,0.12458850937966005,0.5
1704208260.0,8808.964747333386,SCALE,0.005,3.0,COOLDOWN,0.12463891339284726,0.5
1704208320.0,8807.055250801386,SCALE,0.005,3.0,COOLDOWN,0.12482866315426278,0.5
1704208380.0,8804.038112359385,SCALE,0.005,3.0,COOLDOWN,0.12512848108528965,0.5
1704208440.0,8804.491492234385,SCALE,0.005,3.0,COOLDOWN,0.12508342799319436,0.5
1704208500.0,8803.859550439385,SCALE,0.005,3.0,COOLDOWN,0.12514622507233025,0.5
1704208560.0,8803.360693075385,SCALE,0.005,3.0,COOLDOWN,0.125195797336125,0.5
1704208620.0,8800.176710839385,SCALE,0.005,3.0,COOLDOWN,0.1255121948050428,0.5
1704208680.0,8799.447396997386,SCALE,0.005,3.0,COOLDOWN,0.1255846679021117,0.5
1704208740.0,8797.218163027386,SCALE,0.005,3.0,COOLDOWN,0.12580619049032177,0.5
1704208800.0,8802.073931239385,SCALE,0.005,3.0,COOLDOWN,0.12532366494273633,0.5
1704208860.0,8803.773059509385,SCALE,0.005,3.0,COOLDOWN,0.12515481981605303,0.5
1704208920.0,8803.968919615385,SCALE,0.005,3.0,COOLDOWN,0.1251353568802679,0.5
1704208980.0,8803.945762366386,SCALE,0.005,3.0,COOLDOWN,0.12513765805358715,0.5
1704209040.0,8804.693211403386,SCALE,0.005,3.0,COOLDOWN,0.1250633828328343,0.5
1704209100.0,8804.261314759386,SCALE,0.005,3.0,COOLDOWN,0.12510630110148885,0.5
1704209160.0,8801.571167833386,SCALE,0.005,3.0,COOLDOWN,0.12537362535624744,0.5
1704209220.0,8801.404045036386,SCALE,0.005,3.0,COOLDOWN,0.12539023261911825,0.5
1704209280.0,8800.163039692387,SCALE,0.005,3.0,COOLDOWN,0.12551355332905045,0.5
1704209340.0,8801.794928239386,SCALE,0.005,3.0,COOLDOWN,0.12535138992248723,0.5
1704209400.0,8799.266603053386,SCALE,0.005,3.0,COOLDOWN,0.12560263368899036,0.5
1704209460.0,8801.682769033385,SCALE,0.005,3.0,COOLDOWN,0.12536253536434722,0.5
1704209520.0,8802.953348695386,SCALE,0.005,3.0,COOLDOWN,0.12523627580656127,0.5
1704209580.0,8805.170585536385,SCALE,0.005,3.0,COOLDOWN,0.12501594539248054,0.5
1704209640.0,8804.247085606386,SCALE,0.005,3.0,COOLDOWN,0.12510771507545607,0.5
1704209700.0,8806.456789366386,SCALE,0.005,3.0,COOLDOWN,0.12488813323582856,0.5
1704209760.0,8805.976904206385,SCALE,0.005,3.0,COOLDOWN,0.12493582020100027,0.5
1704209820.0,8807.133650644386,SCALE,0.005,3.0,COOLDOWN,0.12482087243495278,0.5
1704209880.0,8807.541832033387,SCALE,0.005,3.0,COOLDOWN,0.12478031078957708,0.5
1704209940.0,8807.542111036386,SCALE,0.005,3.0,COOLDOWN,0.12478028306459739,0.5
1704210000.0,8808.797345533385,SCALE,0.005,3.0,COOLDOWN,0.12465554838069795,0.5
1704210060.0,8808.469238005386,SCALE,0.005,3.0,COOLDOWN,0.124688152956885,0.5
1704210120.0,8808.267518836386,SCALE,0.005,3.0,COOLDOWN,0.12470819811724486,0.5
1704210180.0,8809.256305468385,SCALE,0.005,3.0,COOLDOWN,0.12460994078900763,0.5
1704210240.0,8809.623194413385,SCALE,0.005,3.0,COOLDOWN,0.12457348244063512,0.5
1704210300.0,8809.189623751387,SCALE,0.005,3.0,COOLDOWN,0.12461656705916796,0.5
1704210360.0,8807.795724763386,SCALE,0.005,3.0,COOLDOWN,0.12475508105800379,0.5
1704210420.0,8808.167914765385,SCALE,0.005,3.0,COOLDOWN,0.1247180959350161,0.5
1704210480.0,8808.162892711385,SCALE,0.005,3.0,COOLDOWN,0.12471859498465158,0.5
1704210540.0,8808.119647246385,SCALE,0.005,3.0,COOLDOWN,0.12472289235651297,0.5
1704210600.0,8808.658123036386,SCALE,0.005,3.0,COOLDOWN,0.12466938314559355,0.5
1704210660.0,8809.376276758385,SCALE,0.005,3.0,COOLDOWN,0.12459801904771474,0.5
1704210720.0,8808.937405039385,SCALE,0.005,3.0,COOLDOWN,0.12464163044086293,0.5
1704210780.0,8809.718613439385,SCALE,0.005,3.0,COOLDOWN,0.1245640004975603,0.5
1704210840.0,8810.005986529386,SCALE,0.005,3.0,COOLDOWN,0.12453544376841673,0.5
1704210900.0,8809.403619052386,SCALE,0.005,3.0,COOLDOWN,0.12459530199969907,0.5
1704210960.0,8807.491053487385,SCALE,0.005,3.0,COOLDOWN,0.12478535673589188,0.5
1704211020.0,8806.463206435386,SCALE,0.005,3.0,COOLDOWN,0.12488749556129426,0.5
1704211080.0,8806.043585923386,SCALE,0.005,3.0,COOLDOWN,0.12492919393083976,0.5
1704211140.0,8806.839581482385,SCALE,0.005,3.0,COOLDOWN,0.12485009456361035,0.5
1704211200.0,8808.936847033387,SCALE,0.005,3.0,COOLDOWN,0.12464168589082232,0.5
1704211260.0,8806.551092380385,SCALE,0.005,3.0,COOLDOWN,0.12487876219267285,0.5
1704211320.0,8808.744334963385,SCALE,0.005,3.0,COOLDOWN,0.12466081612685063,0.5
1704211380.0,8808.100117036385,SCALE,0.005,3.0,COOLDOWN,0.12472483310509555,0.5
1704211440.0,8808.552659902385,SCALE,0.005,3.0,COOLDOWN,0.12467986318793951,0.5
1704211500.0,8808.491000239386,SCALE,0.005,3.0,COOLDOWN,0.12468599040846437,0.5
1704211560.0,8807.014795366385,SCALE,0.005,3.0,COOLDOWN,0.12483268327632673,0.5
1704211620.0,8805.138779194385,SCALE,0.005,3.0,COOLDOWN,0.12501910604017213,0.5
1704211680.0,8803.971988648385,SCALE,0.005,3.0,COOLDOWN,0.1251350519054906,0.5
1704211740.0,8804.307908260385,SCALE,0.005,3.0,COOLDOWN,0.12510167102987046,0.5
1704211800.0,8804.548966852386,SCALE,0.005,3.0,COOLDOWN,0.12507771664736558,0.5
1704211860.0,8802.910940239386,SCALE,0.005,3.0,COOLDOWN,0.1252404900034834,0.5
1704211920.0,8802.674624698386,SCALE,0.005,3.0,COOLDOWN,0.1252639730613325,0.5
1704211980.0,8803.912561009385,SCALE,0.005,3.0,COOLDOWN,0.12514095732617758,0.5
1704212040.0,8803.945483363386,SCALE,0.005,3.0,COOLDOWN,0.12513768577856685,0.5
1704212100.0,8802.520057036385,SCALE,0.005,3.0,COOLDOWN,0.1252793327001146,0.5
1704212160.0,8803.499636569386,SCALE,0.005,3.0,COOLDOWN,0.1251819902962089,0.5
1704212220.0,8802.219570805386,SCALE,0.005,3.0,COOLDOWN,0.12530919250330627,0.5
1704212280.0,8800.877287372386,SCALE,0.005,3.0,COOLDOWN,0.12544257738088804,0.5
1704212340.0,8801.434456363386,SCALE,0.005,3.0,COOLDOWN,0.12538721059632546,0.5
1704212400.0,8800.470221995385,SCALE,0.005,3.0,COOLDOWN,0.1254830281263448,0.5
1704212460.0,8800.597726366386,SCALE,0.005,3.0,COOLDOWN,0.1254703578105985,0.5
1704212520.0,8798.725895239386,SCALE,0.005,3.0,COOLDOWN,0.12565636469974767,0.5
1704212580.0,8799.883199683385,SCALE,0.005,3.0,COOLDOWN,0.12554136148374082,0.5
1704212640.0,8799.319613623386,SCALE,0.005,3.0,COOLDOWN,0.12559736594283769,0.5
1704212700.0,8801.292164833385,SCALE,0.005,3.0,COOLDOWN,0.12540135033599853,0.5
1704212760.0,8804.294237113385,SCALE,0.005,3.0,COOLDOWN,0.12510302955387828,0.5
1704212820.0,8804.189889991385,SCALE,0.005,3.0,COOLDOWN,0.12511339869630517,0.5
1704212880.0,8805.834612676386,SCALE,0.005,3.0,COOLDOWN,0.12494995994067316,0.5
1704212940.0,8806.961505793386,SCALE,0.005,3.0,COOLDOWN,0.1248379787474591,0.5
1704213000.0,8805.899062369386,SCALE,0.005,3.0,COOLDOWN,0.1249435554703507,0.5
1704213060.0,8806.328168983386,SCALE,0.005,3.0,COOLDOWN,0.12490091445149379,0.5
1704213120.0,8808.247430620386,SCALE,0.005,3.0,COOLDOWN,0.12471019431578699,0.5
1704213180.0,8807.655665257385,SCALE,0.005,3.0,COOLDOWN,0.1247689989978388,0.5
1704213240.0,8808.267239833385,SCALE,0.005,3.0,COOLDOWN,0.12470822584222473,0.5
1704213300.0,8807.748294253386,SCALE,0.005,3.0,COOLDOWN,0.12475979430456141,0.5
1704213360.0,8807.378336275386,SCALE,0.005,3.0,COOLDOWN,0.12479655762771122,0.5
1704213420.0,8805.532173424386,SCALE,0.005,3.0,COOLDOWN,0.1249800138187232,0.5
1704213480.0,8804.535853711386,SCALE,0.005,3.0,COOLDOWN,0.12507901972141386,0.5
1704213540.0,8805.476930830386,SCALE,0.005,3.0,COOLDOWN,0.12498550336471394,0.5
1704213600.0,8806.804427104385,SCALE,0.005,3.0,COOLDOWN,0.12485358791105894,0.5
1704213660.0,8807.633345017386,SCALE,0.005,3.0,COOLDOWN,0.1247712169962188,0.5
1704213720.0,8807.572801366387,SCALE,0.005,3.0,COOLDOWN,0.12477723331682472,0.5
1704213780.0,8808.593394340385,SCALE,0.005,3.0,COOLDOWN,0.12467581534089588,0.5
1704213840.0,8808.266681827386,SCALE,0.005,3.0,COOLDOWN,0.1247082812921841,0.5
1704213900.0,8807.828647117385,SCALE,0.005,3.0,COOLDOWN,0.12475180951039323,0.5
1704213960.0,8808.843381028386,SCALE,0.005,3.0,COOLDOWN,0.12465097375903895,0.5
1704214020.0,8811.224113627386,SCALE,0.005,3.0,COOLDOWN,0.12441439650682408,0.5
1704214080.0,8810.388220639386,SCALE,0.005,3.0,COOLDOWN,0.12449746054615789,0.5
1704214140.0,8812.744121971386,SCALE,0.005,3.0,COOLDOWN,0.12426335081714095,0.5
1704214200.0,8811.073452007386,SCALE,0.005,3.0,COOLDOWN,0.12442936799588963,0.5
1704214260.0,8811.236389759386,SCALE,0.005,3.0,COOLDOWN,0.12441317660771505,0.5
1704214320.0,8810.385430609385,SCALE,0.005,3.0,COOLDOWN,0.12449773779595551,0.5
1704214380.0,8810.682010798386,SCALE,0.005,3.0,COOLDOWN,0.1244682661424802,0.5
1704214440.0,8810.385430609385,SCALE,0.005,3.0,COOLDOWN,0.12449773779595551,0.5
1704214500.0,8810.908840237385,SCALE,0.005,3.0,COOLDOWN,0.1244457257339427,0.5
1704214560.0,8811.341294887387,SCALE,0.005,3.0,COOLDOWN,0.12440275201532863,0.5
1704214620.0,8811.998067949386,SCALE,0.005,3.0,COOLDOWN,0.12433748741299498,0.5
1704214680.0,8811.245596858385,SCALE,0.005,3.0,COOLDOWN,0.12441226168338332,0.5
1704214740.0,8811.666891388386,SCALE,0.005,3.0,COOLDOWN,0.12437039696395932,0.5
1704214800.0,8810.276061433386,SCALE,0.005,3.0,COOLDOWN,0.12450860598801784,0.5
1704214860.0,8812.343194660385,SCALE,0.005,3.0,COOLDOWN,0.12430319161304311,0.5
1704214920.0,8810.809236166386,SCALE,0.005,3.0,COOLDOWN,0.12445562355171377,0.5
1704214980.0,8810.267133337386,SCALE,0.005,3.0,COOLDOWN,0.12450949318736988,0.5
1704215040.0,8810.977474975385,SCALE,0.005,3.0,COOLDOWN,0.124438905388924,0.5
1704215100.0,8810.436767161385,SCALE,0.005,3.0,COOLDOWN,0.12449263639968132,0.5
1704215160.0,8810.667223639386,SCALE,0.005,3.0,COOLDOWN,0.12446973556640697,0.5
1704215220.0,8811.271544137386,SCALE,0.005,3.0,COOLDOWN,0.12440968326026644,0.5
1704215280.0,8811.017372404385,SCALE,0.005,3.0,COOLDOWN,0.12443494071681961,0.5
1704215340.0,8811.236668762385,SCALE,0.005,3.0,COOLDOWN,0.12441314888273536,0.5
1704215400.0,8809.925912668386,SCALE,0.005,3.0,COOLDOWN,0.1245434008376052,0.5
1704215460.0,8809.855882915386,SCALE,0.005,3.0,COOLDOWN,0.12455035980752271,0.5
1704215520.0,8809.543957561385,SCALE,0.005,3.0,COOLDOWN,0.12458135633488436,0.5
1704215580.0,8808.267518836386,SCALE,0.005,3.0,COOLDOWN,0.12470819811724486,0.5
1704215640.0,8808.378841033385,SCALE,0.005,3.0,COOLDOWN,0.12469713585032433,0.5
1704215700.0,8809.102295812385,SCALE,0.005,3.0,COOLDOWN,0.12462524497783017,0.5
1704215760.0,8809.413384157386,SCALE,0.005,3.0,COOLDOWN,0.12459433162540777,0.5
1704215820.0,8808.414832420385,SCALE,0.005,3.0,COOLDOWN,0.12469355932793648,0.5
1704215880.0,8809.611755290385,SCALE,0.005,3.0,COOLDOWN,0.1245746191648049,0.5
1704215940.0,8809.125453061386,SCALE,0.005,3.0,COOLDOWN,0.12462294380451074,0.5
1704216000.0,8808.825524836386,SCALE,0.005,3.0,COOLDOWN,0.12465274815774303,0.5
1704216060.0,8808.934615009386,SCALE,0.005,3.0,COOLDOWN,0.12464190769066037,0.5
1704216120.0,8808.574422136386,SCALE,0.005,3.0,COOLDOWN,0.12467770063951888,0.5
1704216180.0,8807.603770699387,SCALE,0.005,3.0,COOLDOWN,0.12477415584407235,0.5
1704216240.0,8806.858274683385,SCALE,0.005,3.0,COOLDOWN,0.12484823698996701,0.5
1704216300.0,8807.957546503385,SCALE,0.005,3.0,COOLDOWN,0.12473900056974832,0.5
1704216360.0,8807.748852259387,SCALE,0.005,3.0,COOLDOWN,0.12475973885460186,0.5
1704216420.0,8807.689982626385,SCALE,0.005,3.0,COOLDOWN,0.12476558882532944,0.5
1704216480.0,8807.375546245386,SCALE,0.005,3.0,COOLDOWN,0.12479683487750864,0.5
1704216540.0,8807.486589439386,SCALE,0.005,3.0,COOLDOWN,0.12478580033556781,0.5
1704216600.0,8806.142631988385,SCALE,0.005,3.0,COOLDOWN,0.12491935156302825,0.5
1704216660.0,8806.082367340387,SCALE,0.005,3.0,COOLDOWN,0.1249253401586543,0.5
1704216720.0,8804.535574708385,SCALE,0.005,3.0,COOLDOWN,0.12507904744639373,0.5
1704216780.0,8803.230119671385,SCALE,0.005,3.0,COOLDOWN,0.1252087726266484,0.5
1704216840.0,8803.778918572385,SCALE,0.005,3.0,COOLDOWN,0.12515423759147828,0.5
1704216900.0,8803.605099703385,SCALE,0.005,3.0,COOLDOWN,0.1251715102538631,0.5
1704216960.0,8804.089169908386,SCALE,0.005,3.0,COOLDOWN,0.12512340741399516,0.5
1704217020.0,8804.608394491386,SCALE,0.005,3.0,COOLDOWN,0.1250718112266786,0.5
1704217080.0,8803.470899260386,SCALE,0.005,3.0,COOLDOWN,0.12518484596912322,0.5
1704217140.0,8802.312478804386,SCALE,0.005,3.0,COOLDOWN,0.12529996008504918,0.5
1704217200.0,8802.152052079386,SCALE,0.005,3.0,COOLDOWN,0.12531590194840603,0.5
1704217260.0,8801.193397771385,SCALE,0.005,3.0,COOLDOWN,0.12541116497883034,0.5
1704217320.0,8802.453096316385,SCALE,0.005,3.0,COOLDOWN,0.1252859866952548,0.5
1704217380.0,8803.667038369385,SCALE,0.005,3.0,COOLDOWN,0.12516535530835837,0.5
1704217440.0,8803.615701817385,SCALE,0.005,3.0,COOLDOWN,0.12517045670463256,0.5
1704217500.0,8804.584679236386,SCALE,0.005,3.0,COOLDOWN,0.12507416784995742,0.5
1704217560.0,8802.408455836387,SCALE,0.005,3.0,COOLDOWN,0.12529042269201482,0.5
1704217620.0,8801.777630053386,SCALE,0.005,3.0,COOLDOWN,0.12535310887123177,0.5
1704217680.0,8801.347686430387,SCALE,0.005,3.0,COOLDOWN,0.1253958330650279,0.5
1704217740.0,8801.494721011386,SCALE,0.005,3.0,COOLDOWN,0.12538122200069923,0.5
1704217800.0,8801.937777775385,SCALE,0.005,3.0,COOLDOWN,0.1253371947328548,0.5
1704217860.0,8801.713459363385,SCALE,0.005,3.0,COOLDOWN,0.12535948561657453,0.5
1704217920.0,8801.571446836386,SCALE,0.005,3.0,COOLDOWN,0.12537359763126774,0.5
1704217980.0,8801.571167833386,SCALE,0.005,3.0,COOLDOWN,0.12537362535624744,0.5
1704218040.0,8801.586512998385,SCALE,0.005,3.0,COOLDOWN,0.12537210048236128,0.5
1704218100.0,8802.652304458386,SCALE,0.005,3.0,COOLDOWN,0.12526619105971248,0.5
1704218160.0,8803.486523428386,SCALE,0.005,3.0,COOLDOWN,0.1251832933702572,0.5
1704218220.0,8802.844258522386,SCALE,0.005,3.0,COOLDOWN,0.1252471162736439,0.5
1704218280.0,8801.178889615387,SCALE,0.005,3.0,COOLDOWN,0.12541260667777723,0.5
1704218340.0,8800.738622881387,SCALE,0.005,3.0,COOLDOWN,0.12545635669582425,0.5
1704218400.0,8800.930297942386,SCALE,0.005,3.0,COOLDOWN,0.12543730963473534,0.5
1704218460.0,8802.515871991385,SCALE,0.005,3.0,COOLDOWN,0.12527974857481083,0.5
1704218520.0,8802.910661236387,SCALE,0.005,3.0,COOLDOWN,0.1252405177284631,0.5
1704218580.0,8805.008763796386,SCALE,0.005,3.0,COOLDOWN,0.125032025880736,0.5
1704218640.0,8804.305397233386,SCALE,0.005,3.0,COOLDOWN,0.1251019205546882,0.5
1704218700.0,8803.387756366386,SCALE,0.005,3.0,COOLDOWN,0.125193108013089,0.5
1704218760.0,8802.277324426386,SCALE,0.005,3.0,COOLDOWN,0.1253034534324978,0.5
1704218820.0,8802.398132725386,SCALE,0.005,3.0,COOLDOWN,0.12529144851626567,0.5
1704218880.0,8802.799060036386,SCALE,0.005,3.0,COOLDOWN,0.12525160772036348,0.5
1704218940.0,8802.031243780386,SCALE,0.005,3.0,COOLDOWN,0.12532790686463816,0.5
1704219000.0,8801.375586730386,SCALE,0.005,3.0,COOLDOWN,0.12539306056705288,0.5
1704219060.0,8801.264543536387,SCALE,0.005,3.0,COOLDOWN,0.1254040951089937,0.5
1704219120.0,8801.435851378386,SCALE,0.005,3.0,COOLDOWN,0.12538707197142665,0.5
1704219180.0,8802.188880475385,SCALE,0.005,3.0,COOLDOWN,0.12531224225107893,0.5
1704219240.0,8802.345959164386,SCALE,0.005,3.0,COOLDOWN,0.1252966330874791,0.5
1704219300.0,8802.240775033386,SCALE,0.005,3.0,COOLDOWN,0.1253070854048452,0.5
1704219360.0,8801.435014369386,SCALE,0.005,3.0,COOLDOWN,0.1253871551463659,0.5
1704219420.0,8800.120631236387,SCALE,0.005,3.0,COOLDOWN,0.1255177675259726,0.5
1704219480.0,8800.877008369385,SCALE,0.005,3.0,COOLDOWN,0.1254426051058679,0.5
1704219540.0,8801.309742022386,SCALE,0.005,3.0,COOLDOWN,0.12539960366227412,0.5
1704219600.0,8803.858992433386,SCALE,0.005,3.0,COOLDOWN,0.12514628052228963,0.5
1704219660.0,8804.503489363386,SCALE,0.005,3.0,COOLDOWN,0.12508223581906502,0.5
1704219720.0,8803.412587633386,SCALE,0.005,3.0,COOLDOWN,0.12519064048989123,0.5
1704219780.0,8804.137995433386,SCALE,0.005,3.0,COOLDOWN,0.1251185555425387,0.5
1704219840.0,8805.780207091386,SCALE,0.005,3.0,COOLDOWN,0.12495536631172464,0.5
1704219900.0,8805.365329630386,SCALE,0.005,3.0,COOLDOWN,0.12499659335661434,0.5
1704219960.0,8805.835170682385,SCALE,0.005,3.0,COOLDOWN,0.12494990449071379,0.5
1704220020.0,8805.178676623385,SCALE,0.005,3.0,COOLDOWN,0.12501514136806774,0.5
1704220080.0,8805.288324802386,SCALE,0.005,3.0,COOLDOWN,0.1250042454510255,0.5
1704220140.0,8805.195416803386,SCALE,0.005,3.0,COOLDOWN,0.1250134778692826,0.5
1704220200.0,8805.867814033385,SCALE,0.005,3.0,COOLDOWN,0.12494666066808292,0.5
1704220260.0,8807.151227833385,SCALE,0.005,3.0,COOLDOWN,0.12481912576122857,0.5
1704220320.0,8807.932157230385,SCALE,0.005,3.0,COOLDOWN,0.12474152354290563,0.5
1704220380.0,8809.049843248386,SCALE,0.005,3.0,COOLDOWN,0.12463045727402329,0.5
1704220440.0,8808.312159316385,SCALE,0.005,3.0,COOLDOWN,0.12470376212048484,0.5
1704220500.0,8808.966421351386,SCALE,0.005,3.0,COOLDOWN,0.12463874704296876,0.5
1704220560.0,8808.044595439385,SCALE,0.005,3.0,COOLDOWN,0.12473035037606597,0.5
1704220620.0,8807.726253016386,SCALE,0.005,3.0,COOLDOWN,0.12476198457796173,0.5
1704220680.0,8807.374709236386,SCALE,0.005,3.0,COOLDOWN,0.1247969180524479,0.5
1704220740.0,8807.151227833385,SCALE,0.005,3.0,COOLDOWN,0.12481912576122857,0.5
1704220800.0,8806.393734688385,SCALE,0.005,3.0,COOLDOWN,0.1248943990812524,0.5
1704220860.0,8806.314497836385,SCALE,0.005,3.0,COOLDOWN,0.12490227297550163,0.5
1704220920.0,8805.683672053387,SCALE,0.005,3.0,COOLDOWN,0.1249649591547184,0.5
1704220980.0,8804.719437685386,SCALE,0.005,3.0,COOLDOWN,0.12506077668473775,0.5
1704221040.0,8803.855923400386,SCALE,0.005,3.0,COOLDOWN,0.12514658549706692,0.5
1704221100.0,8805.053125273385,SCALE,0.005,3.0,COOLDOWN,0.12502761760895567,0.5
1704221160.0,8806.258418233385,SCALE,0.005,3.0,COOLDOWN,0.12490784569643161,0.5
1704221220.0,8806.255349200386,SCALE,0.005,3.0,COOLDOWN,0.12490815067120874,0.5
1704221280.0,8806.306406749385,SCALE,0.005,3.0,COOLDOWN,0.12490307699991442,0.5
1704221340.0,8806.647906421385,SCALE,0.005,3.0,COOLDOWN,0.12486914162469923,0.5
1704221400.0,8805.768488965386,SCALE,0.005,3.0,COOLDOWN,0.12495653076087412,0.5
1704221460.0,8806.144585009386,SCALE,0.005,3.0,COOLDOWN,0.12491915748816988,0.5
1704221520.0,8805.279954712385,SCALE,0.005,3.0,COOLDOWN,0.12500507720041817,0.5
1704221580.0,8805.440102434386,SCALE,0.005,3.0,COOLDOWN,0.12498916306204103,0.5
1704221640.0,8805.081025573385,SCALE,0.005,3.0,COOLDOWN,0.1250248451109806,0.5
1704221700.0,8807.931878227386,SCALE,0.005,3.0,COOLDOWN,0.12474155126788532,0.5
1704221760.0,8806.678317748385,SCALE,0.005,3.0,COOLDOWN,0.12486611960190643,0.5
1704221820.0,8805.756491836386,SCALE,0.005,3.0,COOLDOWN,0.12495772293500346,0.5
1704221880.0,8805.546681580387,SCALE,0.005,3.0,COOLDOWN,0.12497857211977612,0.5
1704221940.0,8805.998945443385,SCALE,0.005,3.0,COOLDOWN,0.12493362992759995,0.5
1704222000.0,8806.370298436386,SCALE,0.005,3.0,COOLDOWN,0.12489672797955134,0.5
1704222060.0,8806.322588923385,SCALE,0.005,3.0,COOLDOWN,0.12490146895108883,0.5
1704222120.0,8806.156582138387,SCALE,0.005,3.0,COOLDOWN,0.12491796531404055,0.5
1704222180.0,8807.742714193386,SCALE,0.005,3.0,COOLDOWN,0.12476034880415646,0.5
1704222240.0,8807.744109208386,SCALE,0.005,3.0,COOLDOWN,0.12476021017925765,0.5
1704222300.0,8807.598190639386,SCALE,0.005,3.0,COOLDOWN,0.1247747103436674,0.5
1704222360.0,8807.015074369387,SCALE,0.005,3.0,COOLDOWN,0.12483265555134686,0.5
1704222420.0,8806.082367340387,SCALE,0.005,3.0,COOLDOWN,0.1249253401586543,0.5
1704222480.0,8806.136214919386,SCALE,0.005,3.0,COOLDOWN,0.12491998923756237,0.5
1704222540.0,8805.061774366386,SCALE,0.005,3.0,COOLDOWN,0.1250267581345833,0.5
1704222600.0,8805.269910604386,SCALE,0.005,3.0,COOLDOWN,0.12500607529968916,0.5
1704222660.0,8805.438707419386,SCALE,0.005,3.0,COOLDOWN,0.12498930168693984,0.5
1704222720.0,8805.434243371386,SCALE,0.005,3.0,COOLDOWN,0.12498974528661577,0.5
1704222780.0,8805.145475266385,SCALE,0.005,3.0,COOLDOWN,0.12501844064065815,0.5
1704222840.0,8805.062053369385,SCALE,0.005,3.0,COOLDOWN,0.12502673040960363,0.5
1704222900.0,8805.031363039387,SCALE,0.005,3.0,COOLDOWN,0.12502978015737612,0.5
1704222960.0,8805.967139101385,SCALE,0.005,3.0,COOLDOWN,0.12493679057529156,0.5
1704223020.0,8806.188667483386,SCALE,0.005,3.0,COOLDOWN,0.12491477694136925,0.5
1704223080.0,8805.466607719385,SCALE,0.005,3.0,COOLDOWN,0.12498652918896479,0.5
1704223140.0,8804.724459739386,SCALE,0.005,3.0,COOLDOWN,0.12506027763510227,0.5
1704223200.0,8804.473078036386,SCALE,0.005,3.0,COOLDOWN,0.1250852578418578,0.5
1704223260.0,8803.910607988386,SCALE,0.005,3.0,COOLDOWN,0.12514115140103577,0.5
1704223320.0,8803.565481277386,SCALE,0.005,3.0,COOLDOWN,0.12517544720098764,0.5
1704223380.0,8800.632043735386,SCALE,0.005,3.0,COOLDOWN,0.12546694763808916,0.5
1704223440.0,8800.758990100385,SCALE,0.005,3.0,COOLDOWN,0.1254543327723026,0.5
1704223500.0,8798.893018036386,SCALE,0.005,3.0,COOLDOWN,0.12563975743687686,0.5
1704223560.0,8798.600343889386,SCALE,0.005,3.0,COOLDOWN,0.1256688409406356,0.5
1704223620.0,8796.700054456385,SCALE,0.005,3.0,COOLDOWN,0.1258576757777194,0.5
1704223680.0,8797.782586096386,SCALE,0.005,3.0,COOLDOWN,0.12575010285628566,0.5
1704223740.0,8798.167331233386,SCALE,0.005,3.0,COOLDOWN,0.12571187010920906,0.5
1704223800.0,8797.034858056386,SCALE,0.005,3.0,COOLDOWN,0.12582440580201817,0.5
1704223860.0,8797.076987509387,SCALE,0.005,3.0,COOLDOWN,0.12582021933007573,0.5
1704223920.0,8799.920307082386,SCALE,0.005,3.0,COOLDOWN,0.12553767406143385,0.5
1704223980.0,8800.431719581386,SCALE,0.005,3.0,COOLDOWN,0.1254868541735504,0.5
1704224040.0,8801.373912712386,SCALE,0.005,3.0,COOLDOWN,0.12539322691693136,0.5
1704224100.0,8801.069520439385,SCALE,0.005,3.0,COOLDOWN,0.12542347486983976,0.5
1704224160.0,8800.612234522387,SCALE,0.005,3.0,COOLDOWN,0.12546891611165142,0.5
1704224220.0,8801.261195500385,SCALE,0.005,3.0,COOLDOWN,0.12540442780875088,0.5
1704224280.0,8802.541540267386,SCALE,0.005,3.0,COOLDOWN,0.12527719787667366,0.5
1704224340.0,8801.627247436385,SCALE,0.005,3.0,COOLDOWN,0.12536805263531764,0.5
1704224400.0,8801.518715269385,SCALE,0.005,3.0,COOLDOWN,0.12537883765244073,0.5
1704224460.0,8802.091229425385,SCALE,0.005,3.0,COOLDOWN,0.1253219459939918,0.5
1704224520.0,8800.678637236386,SCALE,0.005,3.0,COOLDOWN,0.12546231756647078,0.5
1704224580.0,8800.654642978387,SCALE,0.005,3.0,COOLDOWN,0.12546470191472928,0.5
1704224640.0,8800.532439664386,SCALE,0.005,3.0,COOLDOWN,0.12547684545586021,0.5
1704224700.0,8801.738569633386,SCALE,0.005,3.0,COOLDOWN,0.12535699036839693,0.5
1704224760.0,8802.499968820386,SCALE,0.005,3.0,COOLDOWN,0.12528132889865654,0.5
1704224820.0,8802.424359007386,SCALE,0.005,3.0,COOLDOWN,0.1252888423681691,0.5
1704224880.0,8803.133305630387,SCALE,0.005,3.0,COOLDOWN,0.12521839319462183,0.5
1704224940.0,8802.550747366386,SCALE,0.005,3.0,COOLDOWN,0.12527628295234192,0.5
1704225000.0,8802.791526955385,SCALE,0.005,3.0,COOLDOWN,0.1252523562948169,0.5
1704225060.0,8802.988782076385,SCALE,0.005,3.0,COOLDOWN,0.12523275473413298,0.5
1704225120.0,8802.886666978386,SCALE,0.005,3.0,COOLDOWN,0.12524290207672178,0.5
1704225180.0,8800.865290243386,SCALE,0.005,3.0,COOLDOWN,0.12544376955501738,0.5
1704225240.0,8799.506545633385,SCALE,0.005,3.0,COOLDOWN,0.1255787902064046,0.5
1704225300.0,8798.669815636385,SCALE,0.005,3.0,COOLDOWN,0.12566193742067766,0.5
1704225360.0,8802.008644537385,SCALE,0.005,3.0,COOLDOWN,0.12533015258799804,0.5
1704225420.0,8804.250991648385,SCALE,0.005,3.0,COOLDOWN,0.1251073269257397,0.5
1704225480.0,8803.006638268385,SCALE,0.005,3.0,COOLDOWN,0.1252309803354289,0.5
1704225540.0,8802.784830883385,SCALE,0.005,3.0,COOLDOWN,0.1252530216943309,0.5
1704225600.0,8801.155453363386,SCALE,0.005,3.0,COOLDOWN,0.12541493557607636,0.5
1704225660.0,8801.448406513386,SCALE,0.005,3.0,COOLDOWN,0.12538582434733792,0.5
1704225720.0,8801.321739151386,SCALE,0.005,3.0,COOLDOWN,0.1253984114881448,0.5
1704225780.0,8803.945762366386,SCALE,0.005,3.0,COOLDOWN,0.12513765805358715,0.5
1704225840.0,8803.678756495387,SCALE,0.005,3.0,COOLDOWN,0.12516419085920874,0.5
1704225900.0,8803.671223414385,SCALE,0.005,3.0,COOLDOWN,0.12516493943366214,0.5
1704225960.0,8804.172591805385,SCALE,0.005,3.0,COOLDOWN,0.12511511764504968,0.5
1704226020.0,8804.867588278386,SCALE,0.005,3.0,COOLDOWN,0.12504605472048994,0.5
1704226080.0,8804.743152940386,SCALE,0.005,3.0,COOLDOWN,0.12505842006145895,0.5
1704226140.0,8804.858381179385,SCALE,0.005,3.0,COOLDOWN,0.12504696964482187,0.5
1704226200.0,8804.350595719387,SCALE,0.005,3.0,COOLDOWN,0.12509742910796845,0.5
1704226260.0,8804.492887249386,SCALE,0.005,3.0,COOLDOWN,0.12508328936829555,0.5
1704226320.0,8804.719158682386,SCALE,0.005,3.0,COOLDOWN,0.12506080440971745,0.5
1704226380.0,8804.305676236385,SCALE,0.005,3.0,COOLDOWN,0.12510189282970852,0.5
1704226440.0,8804.299259167386,SCALE,0.005,3.0,COOLDOWN,0.12510253050424264,0.5
1704226500.0,8804.473078036386,SCALE,0.005,3.0,COOLDOWN,0.1250852578418578,0.5
1704226560.0,8805.888460255386,SCALE,0.005,3.0,COOLDOWN,0.12494460901958124,0.5
1704226620.0,8805.975230188385,SCALE,0.005,3.0,COOLDOWN,0.12493598655087877,0.5
1704226680.0,8805.099718774385,SCALE,0.005,3.0,COOLDOWN,0.1250229875373373,0.5
1704226740.0,8805.044755183386,SCALE,0.005,3.0,COOLDOWN,0.12502844935834814,0.5
1704226800.0,8804.363429857385,SCALE,0.005,3.0,COOLDOWN,0.12509615375890004,0.5
1704226860.0,8801.856866905386,SCALE,0.005,3.0,COOLDOWN,0.12534523497698252,0.5
1704226920.0,8801.755867819385,SCALE,0.005,3.0,COOLDOWN,0.1253552714196524,0.5
1704226980.0,8801.546057563386,SCALE,0.005,3.0,COOLDOWN,0.12537612060442505,0.5
1704227040.0,8802.271744366386,SCALE,0.005,3.0,COOLDOWN,0.12530400793209284,0.5
1704227100.0,8802.739353394385,SCALE,0.005,3.0,COOLDOWN,0.12525754086603033,0.5
1704227160.0,8802.117455707386,SCALE,0.005,3.0,COOLDOWN,0.12531933984589508,0.5
1704227220.0,8800.993631623385,SCALE,0.005,3.0,COOLDOWN,0.12543101606433202,0.5
1704227280.0,8800.992236608387,SCALE,0.005,3.0,COOLDOWN,0.12543115468923063,0.5
1704227340.0,8800.411073359386,SCALE,0.005,3.0,COOLDOWN,0.1254889058220519,0.5
1704227400.0,8801.247803356386,SCALE,0.005,3.0,COOLDOWN,0.12540575860777886,0.5
1704227460.0,8800.386800098386,SCALE,0.005,3.0,COOLDOWN,0.12549131789529028,0.5
1704227520.0,8799.854183371386,SCALE,0.005,3.0,COOLDOWN,0.1255442448816348,0.5
1704227580.0,8800.300867174386,SCALE,0.005,3.0,COOLDOWN,0.12549985718905352,0.5
1704227640.0,8799.915564031386,SCALE,0.005,3.0,COOLDOWN,0.12553814538608965,0.5
1704227700.0,8800.007635021386,SCALE,0.005,3.0,COOLDOWN,0.12552899614277183,0.5
1704227760.0,8799.630980971386,SCALE,0.005,3.0,COOLDOWN,0.1255664248654356,0.5
1704227820.0,8799.014942347385,SCALE,0.005,3.0,COOLDOWN,0.1256276416207258,0.5
1704227880.0,8798.778068800386,SCALE,0.005,3.0,COOLDOWN,0.12565118012853424,0.5
1704227940.0,8797.498282039385,SCALE,0.005,3.0,COOLDOWN,0.12577835461065193,0.5
1704228000.0,8797.707255286386,SCALE,0.005,3.0,COOLDOWN,0.12575758860081834,0.5
1704228060.0,8798.490695710385,SCALE,0.005,3.0,COOLDOWN,0.12567973685767783,0.5
1704228120.0,8799.001829206385,SCALE,0.005,3.0,COOLDOWN,0.12562894469477406,0.5
1704228180.0,8797.415697151386,SCALE,0.005,3.0,COOLDOWN,0.12578656120465814,0.5
1704228240.0,8796.982684495386,SCALE,0.005,3.0,COOLDOWN,0.1258295903732316,0.5
1704228300.0,8798.074144231387,SCALE,0.005,3.0,COOLDOWN,0.12572113025244583,0.5
1704228360.0,8799.726679000385,SCALE,0.005,3.0,COOLDOWN,0.1255569151973811,0.5
1704228420.0,8801.147641279385,SCALE,0.005,3.0,COOLDOWN,0.12541571187550946,0.5
1704228480.0,8798.167889239387,SCALE,0.005,3.0,COOLDOWN,0.1257118146592495,0.5
1704228540.0,8797.107677839385,SCALE,0.005,3.0,COOLDOWN,0.12581716958230324,0.5
1704228600.0,8797.528414363385,SCALE,0.005,3.0,COOLDOWN,0.1257753603128388,0.5
1704228660.0,8797.336460299386,SCALE,0.005,3.0,COOLDOWN,0.1257944350989074,0.5
1704228720.0,8796.037701334386,SCALE,0.005,3.0,COOLDOWN,0.12592349487964807,0.5
1704228780.0,8796.563063983385,SCALE,0.005,3.0,COOLDOWN,0.1258712887427771,0.5
1704228840.0,8797.163199436385,SCALE,0.005,3.0,COOLDOWN,0.12581165231133282,0.5
1704228900.0,8797.621601365387,SCALE,0.005,3.0,COOLDOWN,0.12576610016960185,0.5
1704228960.0,8796.838160941386,SCALE,0.005,3.0,COOLDOWN,0.12584395191274256,0.5
1704229020.0,8797.295446858385,SCALE,0.005,3.0,COOLDOWN,0.1257985106709309,0.5
1704229080.0,8796.660994036385,SCALE,0.005,3.0,COOLDOWN,0.12586155727488454,0.5
1704229140.0,8795.775996520386,SCALE,0.005,3.0,COOLDOWN,0.12594950091065446,0.5
1704229200.0,8796.156556612386,SCALE,0.005,3.0,COOLDOWN,0.12591168403827413,0.5
1704229260.0,8794.202140597386,SCALE,0.005,3.0,COOLDOWN,0.12610589752142953,0.5
1704229320.0,8794.516855981386,SCALE,0.005,3.0,COOLDOWN,0.12607462374427045,0.5
1704229380.0,8793.815163436386,SCALE,0.005,3.0,COOLDOWN,0.12614435206834415,0.5
1704229440.0,8795.682809518386,SCALE,0.005,3.0,COOLDOWN,0.12595876105389123,0.5
1704229500.0,8795.146007746385,SCALE,0.005,3.0,COOLDOWN,0.12601210391493217,0.5
1704229560.0,8793.835251652386,SCALE,0.005,3.0,COOLDOWN,0.12614235586980202,0.5
1704229620.0,8793.805956337386,SCALE,0.005,3.0,COOLDOWN,0.1261452669926759,0.5
1704229680.0,8793.406145038385,SCALE,0.005,3.0,COOLDOWN,0.1261849968886591,0.5
1704229740.0,8792.837257921386,SCALE,0.005,3.0,COOLDOWN,0.1262415281223712,0.5
1704229800.0,8793.781683076386,SCALE,0.005,3.0,COOLDOWN,0.12614767906591426,0.5
1704229860.0,8794.825991305386,SCALE,0.005,3.0,COOLDOWN,0.12604390446670644,0.5
1704229920.0,8796.051930487385,SCALE,0.005,3.0,COOLDOWN,0.12592208090568086,0.5
1704229980.0,8796.530141629386,SCALE,0.005,3.0,COOLDOWN,0.12587456029038765,0.5
1704230040.0,8797.330322233385,SCALE,0.005,3.0,COOLDOWN,0.125795045048462,0.5
1704230100.0,8798.890507009386,SCALE,0.005,3.0,COOLDOWN,0.12564000696169458,0.5
1704230160.0,8798.394997681386,SCALE,0.005,3.0,COOLDOWN,0.12568924652573232,0.5
1704230220.0,8798.080282297386,SCALE,0.005,3.0,COOLDOWN,0.1257205203028914,0.5
1704230280.0,8798.425130005386,SCALE,0.005,3.0,COOLDOWN,0.1256862522279192,0.5
1704230340.0,8799.785827636386,SCALE,0.005,3.0,COOLDOWN,0.12555103750167382,0.5
1704230400.0,8799.227542633385,SCALE,0.005,3.0,COOLDOWN,0.1256065151861555,0.5
1704230460.0,8799.574064359385,SCALE,0.005,3.0,COOLDOWN,0.12557208076130483,0.5
1704230520.0,8798.756864572386,SCALE,0.005,3.0,COOLDOWN,0.1256532872269953,0.5
1704230580.0,8799.028334491386,SCALE,0.005,3.0,COOLDOWN,0.12562631082169765,0.5
1704230640.0,8799.486736420386,SCALE,0.005,3.0,COOLDOWN,0.12558075867996688,0.5
1704230700.0,8798.595600838386,SCALE,0.005,3.0,COOLDOWN,0.1256693122652914,0.5
1704230760.0,8798.988716065385,SCALE,0.005,3.0,COOLDOWN,0.12563024776882234,0.5
1704230820.0,8798.634661258386,SCALE,0.005,3.0,COOLDOWN,0.12566543076812625,0.5
1704230880.0,8797.769751958385,SCALE,0.005,3.0,COOLDOWN,0.12575137820535423,0.5
1704230940.0,8796.245558569386,SCALE,0.005,3.0,COOLDOWN,0.1259028397697336,0.5
1704231000.0,8797.023697936385,SCALE,0.005,3.0,COOLDOWN,0.12582551480120827,0.5
1704231060.0,8798.162588182386,SCALE,0.005,3.0,COOLDOWN,0.12571234143386487,0.5
1704231120.0,8799.733654075386,SCALE,0.005,3.0,COOLDOWN,0.12555622207288725,0.5
1704231180.0,8800.221351319386,SCALE,0.005,3.0,COOLDOWN,0.1255077588082826,0.5
1704231240.0,8800.001496955385,SCALE,0.005,3.0,COOLDOWN,0.1255296060923264,0.5
1704231300.0,8799.458278114385,SCALE,0.005,3.0,COOLDOWN,0.12558358662790148,0.5
1704231360.0,8798.424292996386,SCALE,0.005,3.0,COOLDOWN,0.12568633540285848,0.5
1704231420.0,8798.044290910386,SCALE,0.005,3.0,COOLDOWN,0.12572409682527924,0.5
1704231480.0,8797.960032004386,SCALE,0.005,3.0,COOLDOWN,0.12573246976916397,0.5
1704231540.0,8798.897482084385,SCALE,0.005,3.0,COOLDOWN,0.12563931383720092,0.5
1704231600.0,8799.841628236385,SCALE,0.005,3.0,COOLDOWN,0.1255454925057237,0.5
1704231660.0,8800.242834550385,SCALE,0.005,3.0,COOLDOWN,0.12550562398484186,0.5
1704231720.0,8800.971032380387,SCALE,0.005,3.0,COOLDOWN,0.1254332617876917,0.5
1704231780.0,8800.688681344385,SCALE,0.005,3.0,COOLDOWN,0.1254613194671998,0.5
1704231840.0,8800.116167188386,SCALE,0.005,3.0,COOLDOWN,0.1255182111256487,0.5
1704231900.0,8800.116446191385,SCALE,0.005,3.0,COOLDOWN,0.12551818340066903,0.5
1704231960.0,8800.350529708387,SCALE,0.005,3.0,COOLDOWN,0.1254949221426578,0.5
1704232020.0,8801.217671032386,SCALE,0.005,3.0,COOLDOWN,0.12540875290559195,0.5
1704232080.0,8801.961772033386,SCALE,0.005,3.0,COOLDOWN,0.1253348103845961,0.5
1704232140.0,8802.840910486386,SCALE,0.005,3.0,COOLDOWN,0.1252474489734009,0.5
1704232200.0,8801.850728839387,SCALE,0.005,3.0,COOLDOWN,0.12534584492653694,0.5
1704232260.0,8802.563581504386,SCALE,0.005,3.0,COOLDOWN,0.12527500760327331,0.5
1704232320.0,8802.777855808386,SCALE,0.005,3.0,COOLDOWN,0.12525371481882455,0.5
1704232380.0,8802.809383147385,SCALE,0.005,3.0,COOLDOWN,0.12525058189611282,0.5
1704232440.0,8802.673508686386,SCALE,0.005,3.0,COOLDOWN,0.1252640839612514,0.5
1704232500.0,8802.493272748387,SCALE,0.005,3.0,COOLDOWN,0.12528199429817052,0.5
1704232560.0,8802.306340738385,SCALE,0.005,3.0,COOLDOWN,0.1253005700346038,0.5
1704232620.0,8802.929075434386,SCALE,0.005,3.0,COOLDOWN,0.12523868787979964,0.5
1704232680.0,8802.927401416386,SCALE,0.005,3.0,COOLDOWN,0.12523885422967812,0.5
1704232740.0,8805.023829958385,SCALE,0.005,3.0,COOLDOWN,0.12503052873182952,0.5
1704232800.0,8803.945762366386,SCALE,0.005,3.0,COOLDOWN,0.12513765805358715,0.5
1704232860.0,8804.672286178386,SCALE,0.005,3.0,COOLDOWN,0.1250654622063157,0.5
1704232920.0,8804.997882679385,SCALE,0.005,3.0,COOLDOWN,0.1250331071549464,0.5
1704232980.0,8804.532505675386,SCALE,0.005,3.0,COOLDOWN,0.12507935242117085,0.5
1704233040.0,8804.473357039386,SCALE,0.005,3.0,COOLDOWN,0.12508523011687814,0.5
1704233100.0,8806.760902636386,SCALE,0.005,3.0,COOLDOWN,0.12485791300790001,0.5
1704233160.0,8806.718494180386,SCALE,0.005,3.0,COOLDOWN,0.12486212720482216,0.5
1704233220.0,8806.416891937386,SCALE,0.005,3.0,COOLDOWN,0.12489209790793296,0.5
1704233280.0,8806.594895851385,SCALE,0.005,3.0,COOLDOWN,0.12487440937085191,0.5
1704233340.0,8808.555449932386,SCALE,0.005,3.0,COOLDOWN,0.1246795859381419,0.5
1704233400.0,8808.566331049386,SCALE,0.005,3.0,COOLDOWN,0.12467850466393168,0.5
1704233460.0,8807.573080369386,SCALE,0.005,3.0,COOLDOWN,0.12477720559184502,0.5
1704233520.0,8806.580945701386,SCALE,0.005,3.0,COOLDOWN,0.12487579561983944,0.5
1704233580.0,8805.702923260385,SCALE,0.005,3.0,COOLDOWN,0.1249630461311157,0.5
1704233640.0,8805.968255113386,SCALE,0.005,3.0,COOLDOWN,0.12493667967537243,0.5
1704233700.0,8806.194526546386,SCALE,0.005,3.0,COOLDOWN,0.12491419471679452,0.5
1704233760.0,8806.390665655386,SCALE,0.005,3.0,COOLDOWN,0.12489470405602951,0.5
1704233820.0,8806.203175639386,SCALE,0.005,3.0,COOLDOWN,0.12491333524242217,0.5
1704233880.0,8807.039626633386,SCALE,0.005,3.0,COOLDOWN,0.12483021575312879,0.5
1704233940.0,8807.293519363386,SCALE,0.005,3.0,COOLDOWN,0.1248049860215555,0.5
1704234000.0,8805.923893636385,SCALE,0.005,3.0,COOLDOWN,0.12494108794715295,0.5
1704234060.0,8806.212940744386,SCALE,0.005,3.0,COOLDOWN,0.12491236486813087,0.5
1704234120.0,8805.133199134385,SCALE,0.005,3.0,COOLDOWN,0.12501966053976718,0.5
1704234180.0,8803.859271436386,SCALE,0.005,3.0,COOLDOWN,0.12514625279730993,0.5
1704234240.0,8803.539533998386,SCALE,0.005,3.0,COOLDOWN,0.1251780256241045,0.5
1704234300.0,8803.541766022387,SCALE,0.005,3.0,COOLDOWN,0.12517780382426644,0.5
1704234360.0,8803.441882948386,SCALE,0.005,3.0,COOLDOWN,0.1251877293670174,0.5
1704234420.0,8802.975110929387,SCALE,0.005,3.0,COOLDOWN,0.12523411325814063,0.5
1704234480.0,8803.591149553386,SCALE,0.005,3.0,COOLDOWN,0.12517289650285063,0.5
1704234540.0,8803.394452438386,SCALE,0.005,3.0,COOLDOWN,0.125192442613575,0.5
1704234600.0,8802.854860636386,SCALE,0.005,3.0,COOLDOWN,0.12524606272441338,0.5
1704234660.0,8800.951502170386,SCALE,0.005,3.0,COOLDOWN,0.12543520253627427,0.5
1704234720.0,8801.713738366385,SCALE,0.005,3.0,COOLDOWN,0.12535945789159483,0.5
1704234780.0,8799.946254361386,SCALE,0.005,3.0,COOLDOWN,0.12553509563831697,0.5
1704234840.0,8801.016230866386,SCALE,0.005,3.0,COOLDOWN,0.12542877034097213,0.5
1704234900.0,8800.036093327386,SCALE,0.005,3.0,COOLDOWN,0.1255261681948372,0.5
1704234960.0,8800.234743463385,SCALE,0.005,3.0,COOLDOWN,0.12550642800925463,0.5
1704235020.0,8800.640971831386,SCALE,0.005,3.0,COOLDOWN,0.12546606043873712,0.5
1704235080.0,8800.150484557385,SCALE,0.005,3.0,COOLDOWN,0.12551480095313935,0.5
1704235140.0,8801.262311512386,SCALE,0.005,3.0,COOLDOWN,0.12540431690883178,0.5
1704235200.0,8801.344338394385,SCALE,0.005,3.0,COOLDOWN,0.1253961657647851,0.5
1704235260.0,8801.344059391386,SCALE,0.005,3.0,COOLDOWN,0.12539619348976477,0.5
1704235320.0,8800.132349362386,SCALE,0.005,3.0,COOLDOWN,0.12551660307682314,0.5
1704235380.0,8800.132349362386,SCALE,0.005,3.0,COOLDOWN,0.12551660307682314,0.5
1704235440.0,8799.656649247387,SCALE,0.005,3.0,COOLDOWN,0.12556387416729842,0.5
1704235500.0,8799.421170715386,SCALE,0.005,3.0,COOLDOWN,0.12558727405020825,0.5
1704235560.0,8800.666919110387,SCALE,0.005,3.0,COOLDOWN,0.12546348201562024,0.5
1704235620.0,8803.027284490387,SCALE,0.005,3.0,COOLDOWN,0.1252289286869272,0.5
1704235680.0,8803.797332770386,SCALE,0.005,3.0,COOLDOWN,0.12515240774281466,0.5
1704235740.0,8803.113775420386,SCALE,0.005,3.0,COOLDOWN,0.12522033394320442,0.5
1704235800.0,8803.945762366386,SCALE,0.005,3.0,COOLDOWN,0.12513765805358715,0.5
1704235860.0,8802.325312942387,SCALE,0.005,3.0,COOLDOWN,0.1252986847359806,0.5
1704235920.0,8801.683327039385,SCALE,0.005,3.0,COOLDOWN,0.12536247991438765,0.5
1704235980.0,8800.628137693386,SCALE,0.005,3.0,COOLDOWN,0.1254673357878057,0.5
1704236040.0,8800.625068660385,SCALE,0.005,3.0,COOLDOWN,0.12546764076258302,0.5
1704236100.0,8802.121082746386,SCALE,0.005,3.0,COOLDOWN,0.12531897942115838,0.5
1704236160.0,8802.027058735386,SCALE,0.005,3.0,COOLDOWN,0.1253283227393344,0.5
1704236220.0,8800.968800356386,SCALE,0.005,3.0,COOLDOWN,0.12543348358752976,0.5
1704236280.0,8801.383956820386,SCALE,0.005,3.0,COOLDOWN,0.12539222881766038,0.5
1704236340.0,8801.173309555386,SCALE,0.005,3.0,COOLDOWN,0.12541316117737228,0.5
1704236400.0,8800.635670774385,SCALE,0.005,3.0,COOLDOWN,0.12546658721335247,0.5
1704236460.0,8801.284910755387,SCALE,0.005,3.0,COOLDOWN,0.1254020711854719,0.5
1704236520.0,8801.155732366386,SCALE,0.005,3.0,COOLDOWN,0.12541490785109669,0.5
1704236580.0,8800.588240264386,SCALE,0.005,3.0,COOLDOWN,0.12547130045991012,0.5
1704236640.0,8799.988941820386,SCALE,0.005,3.0,COOLDOWN,0.12553085371641515,0.5
1704236700.0,8800.223583343386,SCALE,0.005,3.0,COOLDOWN,0.12550753700844455,0.5
1704236760.0,8800.839621967385,SCALE,0.005,3.0,COOLDOWN,0.12544632025315455,0.5
1704236820.0,8800.645435879385,SCALE,0.005,3.0,COOLDOWN,0.12546561683906118,0.5
1704236880.0,8801.072589472386,SCALE,0.005,3.0,COOLDOWN,0.12542316989506247,0.5
1704236940.0,8801.427760291386,SCALE,0.005,3.0,COOLDOWN,0.12538787599583942,0.5
1704237000.0,8801.663796829385,SCALE,0.005,3.0,COOLDOWN,0.1253644206629702,0.5
1704237060.0,8800.994747635386,SCALE,0.005,3.0,COOLDOWN,0.12543090516441288,0.5
1704237120.0,8801.130064090386,SCALE,0.005,3.0,COOLDOWN,0.12541745854923367,0.5
1704237180.0,8801.400976003386,SCALE,0.005,3.0,COOLDOWN,0.12539053759389554,0.5
1704237240.0,8801.270681602386,SCALE,0.005,3.0,COOLDOWN,0.12540348515943928,0.5
1704237300.0,8800.850782087386,SCALE,0.005,3.0,COOLDOWN,0.12544521125396446,0.5
1704237360.0,8801.281283716386,SCALE,0.005,3.0,COOLDOWN,0.12540243161020875,0.5
1704237420.0,8802.210642709386,SCALE,0.005,3.0,COOLDOWN,0.1253100797026583,0.5
1704237480.0,8802.889178005385,SCALE,0.005,3.0,COOLDOWN,0.12524265255190403,0.5
1704237540.0,8801.993020369386,SCALE,0.005,3.0,COOLDOWN,0.12533170518686407,0.5
1704237600.0,8800.850782087386,SCALE,0.005,3.0,COOLDOWN,0.12544521125396446,0.5
1704237660.0,8801.690023111385,SCALE,0.005,3.0,COOLDOWN,0.12536181451487366,0.5
1704237720.0,8801.689744108386,SCALE,0.005,3.0,COOLDOWN,0.12536184223985336,0.5
1704237780.0,8802.215385760386,SCALE,0.005,3.0,COOLDOWN,0.1253096083780025,0.5
1704237840.0,8802.587296759386,SCALE,0.005,3.0,COOLDOWN,0.12527265097999452,0.5
1704237900.0,8802.406502815385,SCALE,0.005,3.0,COOLDOWN,0.12529061676687317,0.5
1704237960.0,8801.138992186387,SCALE,0.005,3.0,COOLDOWN,0.12541657134988163,0.5
1704238020.0,8800.880356405385,SCALE,0.005,3.0,COOLDOWN,0.12544227240611092,0.5
1704238080.0,8800.629253705385,SCALE,0.005,3.0,COOLDOWN,0.12546722488788678,0.5
1704238140.0,8800.775730280386,SCALE,0.005,3.0,COOLDOWN,0.12545266927351745,0.5
1704238200.0,8800.354714753386,SCALE,0.005,3.0,COOLDOWN,0.12549450626796158,0.5
1704238260.0,8800.399634236386,SCALE,0.005,3.0,COOLDOWN,0.1254900425462217,0.5
1704238320.0,8799.092784184386,SCALE,0.005,3.0,COOLDOWN,0.12561990635137518,0.5
1704238380.0,8800.116725194386,SCALE,0.005,3.0,COOLDOWN,0.12551815567568916,0.5
1704238440.0,8799.506824636386,SCALE,0.005,3.0,COOLDOWN,0.12557876248142472,0.5
1704238500.0,8799.670878400386,SCALE,0.005,3.0,COOLDOWN,0.1255624601933312,0.5
1704238560.0,8799.500965573387,SCALE,0.005,3.0,COOLDOWN,0.12557934470599946,0.5
1704238620.0,8797.888607236386,SCALE,0.005,3.0,COOLDOWN,0.1257395673639803,0.5
1704238680.0,8797.221511063386,SCALE,0.005,3.0,COOLDOWN,0.12580585779056477,0.5
1704238740.0,8797.624670398385,SCALE,0.005,3.0,COOLDOWN,0.12576579519482475,0.5
1704238800.0,8798.338639075386,SCALE,0.005,3.0,COOLDOWN,0.125694846971642,0.5
1704238860.0,8798.365702366385,SCALE,0.005,3.0,COOLDOWN,0.1256921576486062,0.5
1704238920.0,8798.103997552385,SCALE,0.005,3.0,COOLDOWN,0.12571816367961258,0.5
1704238980.0,8797.550176597386,SCALE,0.005,3.0,COOLDOWN,0.12577319776441817,0.5
1704239040.0,8796.989101564386,SCALE,0.005,3.0,COOLDOWN,0.12582895269869732,0.5
1704239100.0,8796.988822561385,SCALE,0.005,3.0,COOLDOWN,0.12582898042367718,0.5
1704239160.0,8797.257502450386,SCALE,0.005,3.0,COOLDOWN,0.12580228126817694,0.5
1704239220.0,8796.431932573385,SCALE,0.005,3.0,COOLDOWN,0.12588431948326007,0.5
1704239280.0,8796.940276039386,SCALE,0.005,3.0,COOLDOWN,0.12583380457015375,0.5
1704239340.0,8796.960085252385,SCALE,0.005,3.0,COOLDOWN,0.1258318360965915,0.5
1704239400.0,8798.053219006386,SCALE,0.005,3.0,COOLDOWN,0.1257232096259272,0.5
1704239460.0,8798.832195382385,SCALE,0.005,3.0,COOLDOWN,0.12564580148246263,0.5
1704239520.0,8799.566810281385,SCALE,0.005,3.0,COOLDOWN,0.12557280161077838,0.5
1704239580.0,8801.033250049386,SCALE,0.005,3.0,COOLDOWN,0.1254270791172073,0.5
1704239640.0,8800.499517310385,SCALE,0.005,3.0,COOLDOWN,0.12548011700347095,0.5
1704239700.0,8800.165271716385,SCALE,0.005,3.0,COOLDOWN,0.1255133315292126,0.5
1704239760.0,8799.985593784386,SCALE,0.005,3.0,COOLDOWN,0.12553118641617214,0.5
1704239820.0,8799.626516923387,SCALE,0.005,3.0,COOLDOWN,0.12556686846511153,0.5
1704239880.0,8799.814564945385,SCALE,0.005,3.0,COOLDOWN,0.12554818182875951,0.5
1704239940.0,8800.201821109385,SCALE,0.005,3.0,COOLDOWN,0.1255096995568652,0.5
1704240000.0,8801.683048036386,SCALE,0.005,3.0,COOLDOWN,0.12536250763936732,0.5
1704240060.0,8801.905971433385,SCALE,0.005,3.0,COOLDOWN,0.1253403553805464,0.5
1704240120.0,8801.850728839387,SCALE,0.005,3.0,COOLDOWN,0.12534584492653694,0.5
1704240180.0,8801.916015541387,SCALE,0.005,3.0,COOLDOWN,0.12533935728127524,0.5
1704240240.0,8800.441763689385,SCALE,0.005,3.0,COOLDOWN,0.12548585607427942,0.5
1704240300.0,8801.019857905387,SCALE,0.005,3.0,COOLDOWN,0.12542840991623527,0.5
1704240360.0,8801.626968433386,SCALE,0.005,3.0,COOLDOWN,0.1253680803602973,0.5
1704240420.0,8802.830029369386,SCALE,0.005,3.0,COOLDOWN,0.12524853024761112,0.5
1704240480.0,8801.850170833386,SCALE,0.005,3.0,COOLDOWN,0.1253459003764965,0.5
1704240540.0,8802.084533353385,SCALE,0.005,3.0,COOLDOWN,0.12532261139350578,0.5
1704240600.0,8802.412640881386,SCALE,0.005,3.0,COOLDOWN,0.12529000681731856,0.5
1704240660.0,8800.684217296386,SCALE,0.005,3.0,COOLDOWN,0.12546176306687573,0.5
1704240720.0,8801.187538708386,SCALE,0.005,3.0,COOLDOWN,0.12541174720340506,0.5
1704240780.0,8801.087097628386,SCALE,0.005,3.0,COOLDOWN,0.12542172819611538,0.5
1704240840.0,8801.849891830387,SCALE,0.005,3.0,COOLDOWN,0.1253459281014762,0.5
1704240900.0,8801.292443836386,SCALE,0.005,3.0,COOLDOWN,0.12540132261101866,0.5
1704240960.0,8801.013440836387,SCALE,0.005,3.0,COOLDOWN,0.12542904759076956,0.5
1704241020.0,8800.685612311387,SCALE,0.005,3.0,COOLDOWN,0.12546162444197692,0.5
1704241080.0,8800.195404040385,SCALE,0.005,3.0,COOLDOWN,0.12551033723139948,0.5
1704241140.0,8800.378709011386,SCALE,0.005,3.0,COOLDOWN,0.12549212191970308,0.5
1704241200.0,8800.758990100385,SCALE,0.005,3.0,COOLDOWN,0.1254543327723026,0.5
1704241260.0,8800.597726366386,SCALE,0.005,3.0,COOLDOWN,0.1254703578105985,0.5
1704241320.0,8800.038883357385,SCALE,0.005,3.0,COOLDOWN,0.12552589094503977,0.5
1704241380.0,8799.877898626386,SCALE,0.005,3.0,COOLDOWN,0.125541888258356,0.5
1704241440.0,8800.876729366386,SCALE,0.005,3.0,COOLDOWN,0.12544263283084758,0.5
1704241500.0,8800.260969745386,SCALE,0.005,3.0,COOLDOWN,0.1255038218611579,0.5
1704241560.0,8799.506824636386,SCALE,0.005,3.0,COOLDOWN,0.12557876248142472,0.5
1704241620.0,8798.385790582386,SCALE,0.005,3.0,COOLDOWN,0.12569016145006406,0.5
1704241680.0,8798.141662957385,SCALE,0.005,3.0,COOLDOWN,0.12571442080734624,0.5
1704241740.0,8798.837496439386,SCALE,0.005,3.0,COOLDOWN,0.12564527470784728,0.5
1704241800.0,8799.202432363385,SCALE,0.005,3.0,COOLDOWN,0.12560901043433315,0.5
1704241860.0,8801.335968304385,SCALE,0.005,3.0,COOLDOWN,0.12539699751417757,0.5
1704241920.0,8801.858819926385,SCALE,0.005,3.0,COOLDOWN,0.12534504090212434,0.5
1704241980.0,8801.774282017386,SCALE,0.005,3.0,COOLDOWN,0.12535344157098877,0.5
1704242040.0,8801.696998186386,SCALE,0.005,3.0,COOLDOWN,0.1253611213903798,0.5
1704242100.0,8801.937219769387,SCALE,0.005,3.0,COOLDOWN,0.12533725018281416,0.5
1704242160.0,8801.292443836386,SCALE,0.005,3.0,COOLDOWN,0.12540132261101866,0.5
1704242220.0,8801.650683688385,SCALE,0.005,3.0,COOLDOWN,0.1253657237370185,0.5
1704242280.0,8801.713180360386,SCALE,0.005,3.0,COOLDOWN,0.12535951334155424,0.5
1704242340.0,8802.253888174386,SCALE,0.005,3.0,COOLDOWN,0.12530578233079692,0.5
1704242400.0,8803.164274963387,SCALE,0.005,3.0,COOLDOWN,0.12521531572186947,0.5
1704242460.0,8803.325817700386,SCALE,0.005,3.0,COOLDOWN,0.1251992629585937,0.5
1704242520.0,8803.078063036386,SCALE,0.005,3.0,COOLDOWN,0.12522388274061258,0.5
1704242580.0,8803.691869636386,SCALE,0.005,3.0,COOLDOWN,0.12516288778516046,0.5
1704242640.0,8805.794436244385,SCALE,0.005,3.0,COOLDOWN,0.12495395233775743,0.5
1704242700.0,8804.923667881385,SCALE,0.005,3.0,COOLDOWN,0.12504048199956014,0.5
1704242760.0,8806.035773839385,SCALE,0.005,3.0,COOLDOWN,0.12492997023027286,0.5
1704242820.0,8806.761181639386,SCALE,0.005,3.0,COOLDOWN,0.12485788528292033,0.5
1704242880.0,8806.177786366386,SCALE,0.005,3.0,COOLDOWN,0.12491585821557948,0.5
1704242940.0,8806.879199908386,SCALE,0.005,3.0,COOLDOWN,0.12484615761648564,0.5
1704243000.0,8806.735513363386,SCALE,0.005,3.0,COOLDOWN,0.12486043598105734,0.5
1704243060.0,8807.354900023385,SCALE,0.005,3.0,COOLDOWN,0.12479888652601034,0.5
1704243120.0,8805.170585536385,SCALE,0.005,3.0,COOLDOWN,0.12501594539248054,0.5
1704243180.0,8805.597460126386,SCALE,0.005,3.0,COOLDOWN,0.1249735261734615,0.5
1704243240.0,8803.027284490387,SCALE,0.005,3.0,COOLDOWN,0.1252289286869272,0.5
1704243300.0,8804.134926400386,SCALE,0.005,3.0,COOLDOWN,0.12511886051731602,0.5
1704243360.0,8805.030805033386,SCALE,0.005,3.0,COOLDOWN,0.1250298356073357,0.5
1704243420.0,8804.863961239385,SCALE,0.005,3.0,COOLDOWN,0.1250464151452268,0.5
1704243480.0,8805.466607719385,SCALE,0.005,3.0,COOLDOWN,0.12498652918896479,0.5
1704243540.0,8805.466607719385,SCALE,0.005,3.0,COOLDOWN,0.12498652918896479,0.5
1704243600.0,8805.271305619386,SCALE,0.005,3.0,COOLDOWN,0.12500593667479035,0.5
1704243660.0,8805.756212833387,SCALE,0.005,3.0,COOLDOWN,0.12495775065998314,0.5
1704243720.0,8805.844377781386,SCALE,0.005,3.0,COOLDOWN,0.12494898956638187,0.5
1704243780.0,8806.576760656386,SCALE,0.005,3.0,COOLDOWN,0.12487621149453568,0.5
1704243840.0,8807.263108036386,SCALE,0.005,3.0,COOLDOWN,0.1248080080443483,0.5
1704243900.0,8806.541885281385,SCALE,0.005,3.0,COOLDOWN,0.12487967711700458,0.5
1704243960.0,8806.849904593386,SCALE,0.005,3.0,COOLDOWN,0.1248490687393595,0.5
1704244020.0,8807.201448373386,SCALE,0.005,3.0,COOLDOWN,0.12481413526487332,0.5
1704244080.0,8807.474313307386,SCALE,0.005,3.0,COOLDOWN,0.12478702023467683,0.5
1704244140.0,8807.262829033385,SCALE,0.005,3.0,COOLDOWN,0.12480803576932817,0.5
1704244200.0,8807.271478126386,SCALE,0.005,3.0,COOLDOWN,0.12480717629495582,0.5
1704244260.0,8807.040742645386,SCALE,0.005,3.0,COOLDOWN,0.12483010485320986,0.5
1704244320.0,8807.012005336386,SCALE,0.005,3.0,COOLDOWN,0.12483296052612416,0.5
1704244380.0,8807.011726333385,SCALE,0.005,3.0,COOLDOWN,0.12483298825110403,0.5
1704244440.0,8806.765366684385,SCALE,0.005,3.0,COOLDOWN,0.12485746940822409,0.5
1704244500.0,8805.923893636385,SCALE,0.005,3.0,COOLDOWN,0.12494108794715295,0.5
1704244560.0,8806.344909163387,SCALE,0.005,3.0,COOLDOWN,0.12489925095270865,0.5
1704244620.0,8806.202617633386,SCALE,0.005,3.0,COOLDOWN,0.12491339069238172,0.5
1704244680.0,8806.704265027385,SCALE,0.005,3.0,COOLDOWN,0.12486354117878956,0.5
1704244740.0,8806.537979239385,SCALE,0.005,3.0,COOLDOWN,0.12488006526672113,0.5
1704244800.0,8806.928304436386,SCALE,0.005,3.0,COOLDOWN,0.1248412780200495,0.5
1704244860.0,8807.851804366386,SCALE,0.005,3.0,COOLDOWN,0.1247495083370738,0.5
1704244920.0,8807.636414050387,SCALE,0.005,3.0,COOLDOWN,0.1247709120214415,0.5
1704244980.0,8806.843487524386,SCALE,0.005,3.0,COOLDOWN,0.12484970641389379,0.5
1704245040.0,8807.317234618386,SCALE,0.005,3.0,COOLDOWN,0.12480262939827669,0.5
1704245100.0,8806.607729989386,SCALE,0.005,3.0,COOLDOWN,0.12487313402178332,0.5
1704245160.0,8806.606055971386,SCALE,0.005,3.0,COOLDOWN,0.12487330037166182,0.5
1704245220.0,8806.758949615385,SCALE,0.005,3.0,COOLDOWN,0.12485810708275838,0.5
1704245280.0,8806.211266726386,SCALE,0.005,3.0,COOLDOWN,0.12491253121800937,0.5
1704245340.0,8806.211266726386,SCALE,0.005,3.0,COOLDOWN,0.12491253121800937,0.5
1704245400.0,8805.250938400386,SCALE,0.005,3.0,COOLDOWN,0.12500796059831218,0.5
1704245460.0,8805.007926787386,SCALE,0.005,3.0,COOLDOWN,0.12503210905567524,0.5
1704245520.0,8805.610573267386,SCALE,0.005,3.0,COOLDOWN,0.12497222309941321,0.5
1704245580.0,8805.898783366385,SCALE,0.005,3.0,COOLDOWN,0.12494358319533057,0.5
1704245640.0,8806.070928217385,SCALE,0.005,3.0,COOLDOWN,0.12492647688282425,0.5
1704245700.0,8806.760902636386,SCALE,0.005,3.0,COOLDOWN,0.12485791300790001,0.5
1704245760.0,8807.223768613385,SCALE,0.005,3.0,COOLDOWN,0.12481191726649332,0.5
1704245820.0,8807.015074369387,SCALE,0.005,3.0,COOLDOWN,0.12483265555134686,0.5
1704245880.0,8806.865249758386,SCALE,0.005,3.0,COOLDOWN,0.12484754386547316,0.5
1704245940.0,8807.016748387387,SCALE,0.005,3.0,COOLDOWN,0.12483248920146836,0.5
1704246000.0,8808.063009637386,SCALE,0.005,3.0,COOLDOWN,0.12472852052740234,0.5
1704246060.0,8808.320250403385,SCALE,0.005,3.0,COOLDOWN,0.12470295809607206,0.5
1704246120.0,8807.473476298386,SCALE,0.005,3.0,COOLDOWN,0.12478710340961609,0.5
1704246180.0,8808.573306124386,SCALE,0.005,3.0,COOLDOWN,0.12467781153943783,0.5
1704246240.0,8808.420970486386,SCALE,0.005,3.0,COOLDOWN,0.12469294937838188,0.5
1704246300.0,8808.154522621386,SCALE,0.005,3.0,COOLDOWN,0.12471942673404407,0.5
1704246360.0,8807.595679612386,SCALE,0.005,3.0,COOLDOWN,0.12477495986848515,0.5
1704246420.0,8807.932715236386,SCALE,0.005,3.0,COOLDOWN,0.12474146809294606,0.5
1704246480.0,8807.803257844385,SCALE,0.005,3.0,COOLDOWN,0.12475433248355054,0.5
1704246540.0,8807.853478384386,SCALE,0.005,3.0,COOLDOWN,0.1247493419871953,0.5
1704246600.0,8808.409531363386,SCALE,0.005,3.0,COOLDOWN,0.12469408610255166,0.5
1704246660.0,8809.048448233385,SCALE,0.005,3.0,COOLDOWN,0.1246305958989221,0.5
1704246720.0,8810.331304027386,SCALE,0.005,3.0,COOLDOWN,0.12450311644202712,0.5
1704246780.0,8810.421421996385,SCALE,0.005,3.0,COOLDOWN,0.12449416127356766,0.5
1704246840.0,8809.979760247386,SCALE,0.005,3.0,COOLDOWN,0.12453804991651328,0.5
1704246900.0,8809.383809839386,SCALE,0.005,3.0,COOLDOWN,0.12459727047326133,0.5
1704246960.0,8809.830214639385,SCALE,0.005,3.0,COOLDOWN,0.12455291050565989,0.5
1704247020.0,8809.684296070385,SCALE,0.005,3.0,COOLDOWN,0.12456741067006966,0.5
1704247080.0,8810.051743021386,SCALE,0.005,3.0,COOLDOWN,0.12453089687173759,0.5
1704247140.0,8810.543625310385,SCALE,0.005,3.0,COOLDOWN,0.12448201773243672,0.5
1704247200.0,8810.765990701386,SCALE,0.005,3.0,COOLDOWN,0.12445992092357516,0.5
1704247260.0,8810.921116369385,SCALE,0.005,3.0,COOLDOWN,0.12444450583483367,0.5
1704247320.0,8810.712422125385,SCALE,0.005,3.0,COOLDOWN,0.1244652441196874,0.5
1704247380.0,8811.642897130387,SCALE,0.005,3.0,COOLDOWN,0.12437278131221784,0.5
1704247440.0,8811.554174176386,SCALE,0.005,3.0,COOLDOWN,0.12438159785577867,0.5
1704247500.0,8812.373884990386,SCALE,0.005,3.0,COOLDOWN,0.12430014186527044,0.5
1704247560.0,8812.549377877385,SCALE,0.005,3.0,COOLDOWN,0.12428270285300713,0.5
1704247620.0,8812.549098874386,SCALE,0.005,3.0,COOLDOWN,0.12428273057798683,0.5
1704247680.0,8811.478843366385,SCALE,0.005,3.0,COOLDOWN,0.12438908360031153,0.5
1704247740.0,8811.098841280385,SCALE,0.005,3.0,COOLDOWN,0.12442684502273232,0.5
1704247800.0,8811.231925711385,SCALE,0.005,3.0,COOLDOWN,0.12441362020739116,0.5
1704247860.0,8812.062517642386,SCALE,0.005,3.0,COOLDOWN,0.12433108294267252,0.5
1704247920.0,8811.758125369386,SCALE,0.005,3.0,COOLDOWN,0.12436133089558075,0.5
1704247980.0,8810.053138036386,SCALE,0.005,3.0,COOLDOWN,0.12453075824683878,0.5
1704248040.0,8809.341680386386,SCALE,0.005,3.0,COOLDOWN,0.12460145694520378,0.5
1704248100.0,8808.767213209387,SCALE,0.005,3.0,COOLDOWN,0.12465854267851088,0.5
1704248160.0,8808.099838033386,SCALE,0.005,3.0,COOLDOWN,0.12472486083007524,0.5
1704248220.0,8808.277562944386,SCALE,0.005,3.0,COOLDOWN,0.12470720001797388,0.5
1704248280.0,8809.774135036385,SCALE,0.005,3.0,COOLDOWN,0.12455848322658988,0.5
1704248340.0,8808.758285113385,SCALE,0.005,3.0,COOLDOWN,0.1246594298778631,0.5
1704248400.0,8808.500486341385,SCALE,0.005,3.0,COOLDOWN,0.12468504775915294,0.5
1704248460.0,8808.988183585387,SCALE,0.005,3.0,COOLDOWN,0.12463658449454813,0.5
1704248520.0,8809.872065089387,SCALE,0.005,3.0,COOLDOWN,0.12454875175869713,0.5
1704248580.0,8810.142697999385,SCALE,0.005,3.0,COOLDOWN,0.12452185852833889,0.5
1704248640.0,8809.652489728385,SCALE,0.005,3.0,COOLDOWN,0.12457057131776125,0.5
1704248700.0,8809.544794570385,SCALE,0.005,3.0,COOLDOWN,0.1245812731599451,0.5
1704248760.0,8810.495357791386,SCALE,0.005,3.0,COOLDOWN,0.12448681415393359,0.5
1704248820.0,8810.134885915386,SCALE,0.005,3.0,COOLDOWN,0.1245226348277718,0.5
1704248880.0,8810.266575331385,SCALE,0.005,3.0,COOLDOWN,0.12450954863732945,0.5
1704248940.0,8810.688706870385,SCALE,0.005,3.0,COOLDOWN,0.12446760074296621,0.5
1704249000.0,8810.362831366385,SCALE,0.005,3.0,COOLDOWN,0.12449998351931538,0.5
1704249060.0,8811.177799129386,SCALE,0.005,3.0,COOLDOWN,0.12441899885346278,0.5
1704249120.0,8810.999237209386,SCALE,0.005,3.0,COOLDOWN,0.12443674284050338,0.5
1704249180.0,8811.111675418386,SCALE,0.005,3.0,COOLDOWN,0.12442556967366372,0.5
1704249240.0,8811.563939281386,SCALE,0.005,3.0,COOLDOWN,0.12438062748148739,0.5
1704249300.0,8810.134885915386,SCALE,0.005,3.0,COOLDOWN,0.1245226348277718,0.5
1704249360.0,8809.108712881385,SCALE,0.005,3.0,COOLDOWN,0.12462460730329587,0.5
1704249420.0,8809.107875872385,SCALE,0.005,3.0,COOLDOWN,0.12462469047823511,0.5
1704249480.0,8809.246819366386,SCALE,0.005,3.0,COOLDOWN,0.12461088343831904,0.5
1704249540.0,8809.129080100385,SCALE,0.005,3.0,COOLDOWN,0.12462258337977405,0.5
1704249600.0,8809.129359103386,SCALE,0.005,3.0,COOLDOWN,0.12462255565479417,0.5
1704249660.0,8808.707785570386,SCALE,0.005,3.0,COOLDOWN,0.12466444809919786,0.5
1704249720.0,8809.347818452386,SCALE,0.005,3.0,COOLDOWN,0.12460084699564918,0.5
1704249780.0,8809.389389899387,SCALE,0.005,3.0,COOLDOWN,0.12459671597366628,0.5
1704249840.0,8809.226452147386,SCALE,0.005,3.0,COOLDOWN,0.12461290736184086,0.5
1704249900.0,8809.155027379386,SCALE,0.005,3.0,COOLDOWN,0.12462000495665718,0.5
1704249960.0,8808.539546761385,SCALE,0.005,3.0,COOLDOWN,0.1246811662619878,0.5
1704250020.0,8808.417343447385,SCALE,0.005,3.0,COOLDOWN,0.12469330980311874,0.5
1704250080.0,8808.859005196386,SCALE,0.005,3.0,COOLDOWN,0.12464942116017293,0.5
1704250140.0,8808.859284199385,SCALE,0.005,3.0,COOLDOWN,0.12464939343519324,0.5
1704250200.0,8808.882720451385,SCALE,0.005,3.0,COOLDOWN,0.12464706453689411,0.5
1704250260.0,8808.410089369385,SCALE,0.005,3.0,COOLDOWN,0.12469403065259228,0.5
1704250320.0,8808.482630149385,SCALE,0.005,3.0,COOLDOWN,0.12468682215785702,0.5
1704250380.0,8808.195536062385,SCALE,0.005,3.0,COOLDOWN,0.12471535116202073,0.5
1704250440.0,8808.377446018385,SCALE,0.005,3.0,COOLDOWN,0.12469727447522314,0.5
1704250500.0,8808.537314737385,SCALE,0.005,3.0,COOLDOWN,0.12468138806182585,0.5
1704250560.0,8808.819665773386,SCALE,0.005,3.0,COOLDOWN,0.12465333038231777,0.5
1704250620.0,8809.155306382385,SCALE,0.005,3.0,COOLDOWN,0.12461997723167749,0.5
1704250680.0,8809.492342006386,SCALE,0.005,3.0,COOLDOWN,0.12458648545613822,0.5
1704250740.0,8809.343633407385,SCALE,0.005,3.0,COOLDOWN,0.12460126287034559,0.5
1704250800.0,8809.521916324386,SCALE,0.005,3.0,COOLDOWN,0.12458354660828468,0.5
1704250860.0,8809.760742892386,SCALE,0.005,3.0,COOLDOWN,0.12455981402561785,0.5
1704250920.0,8809.520521309385,SCALE,0.005,3.0,COOLDOWN,0.12458368523318349,0.5
1704250980.0,8809.216129036386,SCALE,0.005,3.0,COOLDOWN,0.12461393318609171,0.5
1704251040.0,8809.304572987387,SCALE,0.005,3.0,COOLDOWN,0.12460514436751056,0.5
1704251100.0,8808.955261231386,SCALE,0.005,3.0,COOLDOWN,0.12463985604215885,0.5
1704251160.0,8808.634407781386,SCALE,0.005,3.0,COOLDOWN,0.12467173976887236,0.5
1704251220.0,8808.454171843387,SCALE,0.005,3.0,COOLDOWN,0.12468965010579146,0.5
1704251280.0,8808.270308866386,SCALE,0.005,3.0,COOLDOWN,0.12470792086744742,0.5
1704251340.0,8807.525649859386,SCALE,0.005,3.0,COOLDOWN,0.12478191883840266,0.5
1704251400.0,8807.263108036386,SCALE,0.005,3.0,COOLDOWN,0.1248080080443483,0.5
1704251460.0,8807.677148488385,SCALE,0.005,3.0,COOLDOWN,0.12476686417439804,0.5
1704251520.0,8808.078354802386,SCALE,0.005,3.0,COOLDOWN,0.124726995653516,0.5
1704251580.0,8809.007155789386,SCALE,0.005,3.0,COOLDOWN,0.12463469919592511,0.5
1704251640.0,8809.718892442386,SCALE,0.005,3.0,COOLDOWN,0.12456397277258043,0.5
1704251700.0,8809.747908754385,SCALE,0.005,3.0,COOLDOWN,0.12456108937468643,0.5
1704251760.0,8809.298992927386,SCALE,0.005,3.0,COOLDOWN,0.12460569886710561,0.5
1704251820.0,8810.331862033385,SCALE,0.005,3.0,COOLDOWN,0.12450306099206773,0.5
1704251880.0,8810.095546492386,SCALE,0.005,3.0,COOLDOWN,0.12452654404991664,0.5
1704251940.0,8809.645235650385,SCALE,0.005,3.0,COOLDOWN,0.1245712921672348,0.5
1704252000.0,8808.968653375387,SCALE,0.005,3.0,COOLDOWN,0.12463852524313071,0.5
1704252060.0,8808.333084541386,SCALE,0.005,3.0,COOLDOWN,0.12470168274700347,0.5
1704252120.0,8808.241850560386,SCALE,0.005,3.0,COOLDOWN,0.12471074881538204,0.5
1704252180.0,8808.242129563385,SCALE,0.005,3.0,COOLDOWN,0.12471072109040235,0.5
1704252240.0,8808.241850560386,SCALE,0.005,3.0,COOLDOWN,0.12471074881538204,0.5
1704252300.0,8809.001575729386,SCALE,0.005,3.0,COOLDOWN,0.12463525369552017,0.5
1704252360.0,8809.065746419386,SCALE,0.005,3.0,COOLDOWN,0.1246288769501774,0.5
1704252420.0,8808.410089369385,SCALE,0.005,3.0,COOLDOWN,0.12469403065259228,0.5
1704252480.0,8808.036783355386,SCALE,0.005,3.0,COOLDOWN,0.12473112667549889,0.5
1704252540.0,8808.192188026385,SCALE,0.005,3.0,COOLDOWN,0.12471568386177773,0.5
1704252600.0,8807.758059358386,SCALE,0.005,3.0,COOLDOWN,0.12475882393027013,0.5
1704252660.0,8807.453946088386,SCALE,0.005,3.0,COOLDOWN,0.12478904415819866,0.5
1704252720.0,8807.263945045386,SCALE,0.005,3.0,COOLDOWN,0.12480792486940905,0.5
1704252780.0,8807.366618149386,SCALE,0.005,3.0,COOLDOWN,0.12479772207686068,0.5
1704252840.0,8807.193636289387,SCALE,0.005,3.0,COOLDOWN,0.12481491156430626,0.5
1704252900.0,8806.863296737385,SCALE,0.005,3.0,COOLDOWN,0.12484773794033152,0.5
1704252960.0,8806.684176811386,SCALE,0.005,3.0,COOLDOWN,0.12486553737733151,0.5
1704253020.0,8806.544954314386,SCALE,0.005,3.0,COOLDOWN,0.12487937214222729,0.5
1704253080.0,8806.805264113385,SCALE,0.005,3.0,COOLDOWN,0.1248535047361197,0.5
1704253140.0,8806.805543116387,SCALE,0.005,3.0,COOLDOWN,0.12485347701113983,0.5
1704253200.0,8807.368013164385,SCALE,0.005,3.0,COOLDOWN,0.12479758345196207,0.5
1704253260.0,8806.906542202385,SCALE,0.005,3.0,COOLDOWN,0.12484344056847013,0.5
1704253320.0,8807.366060143386,SCALE,0.005,3.0,COOLDOWN,0.12479777752682025,0.5
1704253380.0,8807.366339146385,SCALE,0.005,3.0,COOLDOWN,0.12479774980184057,0.5
1704253440.0,8807.402330533385,SCALE,0.005,3.0,COOLDOWN,0.1247941732794527,0.5
1704253500.0,8807.541832033387,SCALE,0.005,3.0,COOLDOWN,0.12478031078957708,0.5
1704253560.0,8807.454225091386,SCALE,0.005,3.0,COOLDOWN,0.12478901643321898,0.5
1704253620.0,8807.512536718386,SCALE,0.005,3.0,COOLDOWN,0.12478322191245093,0.5
1704253680.0,8807.512536718386,SCALE,0.005,3.0,COOLDOWN,0.12478322191245093,0.5
1704253740.0,8808.010557073385,SCALE,0.005,3.0,COOLDOWN,0.12473373282359564,0.5
1704253800.0,8807.033488567386,SCALE,0.005,3.0,COOLDOWN,0.1248308257026834,0.5
1704253860.0,8806.932489481385,SCALE,0.005,3.0,COOLDOWN,0.12484086214535327,0.5
1704253920.0,8807.425208779387,SCALE,0.005,3.0,COOLDOWN,0.12479189983111297,0.5
1704253980.0,8807.469849259385,SCALE,0.005,3.0,COOLDOWN,0.12478746383435295,0.5
1704254040.0,8807.856826420386,SCALE,0.005,3.0,COOLDOWN,0.12474900928743832,0.5
1704254100.0,8808.076959787386,SCALE,0.005,3.0,COOLDOWN,0.12472713427841481,0.5
1704254160.0,8808.158707666385,SCALE,0.005,3.0,COOLDOWN,0.12471901085934783,0.5
1704254220.0,8808.286491040386,SCALE,0.005,3.0,COOLDOWN,0.12470631281862184,0.5
1704254280.0,8808.573306124386,SCALE,0.005,3.0,COOLDOWN,0.12467781153943783,0.5
1704254340.0,8809.012177843386,SCALE,0.005,3.0,COOLDOWN,0.12463420014628963,0.5
1704254400.0,8808.609297511386,SCALE,0.005,3.0,COOLDOWN,0.12467423501704998,0.5
1704254460.0,8808.416227435386,SCALE,0.005,3.0,COOLDOWN,0.12469342070303767,0.5
1704254520.0,8808.416506438385,SCALE,0.005,3.0,COOLDOWN,0.12469339297805798,0.5
1704254580.0,8808.416506438385,SCALE,0.005,3.0,COOLDOWN,0.12469339297805798,0.5
1704254640.0,8808.131644375386,SCALE,0.005,3.0,COOLDOWN,0.12472170018238364,0.5
1704254700.0,8807.784285640386,SCALE,0.005,3.0,COOLDOWN,0.12475621778217356,0.5
1704254760.0,8807.729043046385,SCALE,0.005,3.0,COOLDOWN,0.1247617073281643,0.5
1704254820.0,8807.930204209386,SCALE,0.005,3.0,COOLDOWN,0.12474171761776381,0.5
1704254880.0,8807.573080369386,SCALE,0.005,3.0,COOLDOWN,0.12477720559184502,0.5
1704254940.0,8807.059156843387,SCALE,0.005,3.0,COOLDOWN,0.12482827500454621,0.5
1704255000.0,8806.925514406386,SCALE,0.005,3.0,COOLDOWN,0.12484155526984694,0.5
1704255060.0,8808.022833205387,SCALE,0.005,3.0,COOLDOWN,0.12473251292448642,0.5
1704255120.0,8807.420465728386,SCALE,0.005,3.0,COOLDOWN,0.12479237115576876,0.5
1704255180.0,8807.695562686386,SCALE,0.005,3.0,COOLDOWN,0.1247650343257344,0.5
1704255240.0,8807.835901195385,SCALE,0.005,3.0,COOLDOWN,0.12475108866091969,0.5
1704255300.0,8808.044316436386,SCALE,0.005,3.0,COOLDOWN,0.12473037810104566,0.5
1704255360.0,8808.492674257386,SCALE,0.005,3.0,COOLDOWN,0.12468582405858587,0.5
1704255420.0,8808.509693440386,SCALE,0.005,3.0,COOLDOWN,0.12468413283482103,0.5
1704255480.0,8808.291234091386,SCALE,0.005,3.0,COOLDOWN,0.12470584149396605,0.5
1704255540.0,8808.688534363386,SCALE,0.005,3.0,COOLDOWN,0.12466636112280075,0.5
1704255600.0,8808.523085584386,SCALE,0.005,3.0,COOLDOWN,0.12468280203579307,0.5
1704255660.0,8808.796787527386,SCALE,0.005,3.0,COOLDOWN,0.12465560383065734,0.5
1704255720.0,8808.713365630385,SCALE,0.005,3.0,COOLDOWN,0.12466389359960299,0.5
1704255780.0,8809.117919980386,SCALE,0.005,3.0,COOLDOWN,0.12462369237896397,0.5
1704255840.0,8809.007992798386,SCALE,0.005,3.0,COOLDOWN,0.12463461602098587,0.5
1704255900.0,8808.582513223386,SCALE,0.005,3.0,COOLDOWN,0.1246768966151061,0.5
1704255960.0,8808.827477857385,SCALE,0.005,3.0,COOLDOWN,0.12465255408288484,0.5
1704256020.0,8809.169256532386,SCALE,0.005,3.0,COOLDOWN,0.12461859098268978,0.5
1704256080.0,8808.990136606386,SCALE,0.005,3.0,COOLDOWN,0.12463639041968995,0.5
1704256140.0,8807.455341103385,SCALE,0.005,3.0,COOLDOWN,0.12478890553330003,0.5
1704256200.0,8807.207586439386,SCALE,0.005,3.0,COOLDOWN,0.12481352531531872,0.5
1704256260.0,8807.015353372386,SCALE,0.005,3.0,COOLDOWN,0.12483262782636717,0.5
1704256320.0,8807.015074369387,SCALE,0.005,3.0,COOLDOWN,0.12483265555134686,0.5
1704256380.0,8806.620564127386,SCALE,0.005,3.0,COOLDOWN,0.12487185867271472,0.5
1704256440.0,8805.687299092386,SCALE,0.005,3.0,COOLDOWN,0.12496459872998172,0.5
1704256500.0,8805.318178123385,SCALE,0.005,3.0,COOLDOWN,0.1250012788781923,0.5
1704256560.0,8805.372025702385,SCALE,0.005,3.0,COOLDOWN,0.12499592795710035,0.5
1704256620.0,8805.700691236385,SCALE,0.005,3.0,COOLDOWN,0.12496326793095375,0.5
1704256680.0,8806.273484395386,SCALE,0.005,3.0,COOLDOWN,0.12490634854752497,0.5
1704256740.0,8806.008710548385,SCALE,0.005,3.0,COOLDOWN,0.12493265955330866,0.5
1704256800.0,8806.370019433385,SCALE,0.005,3.0,COOLDOWN,0.12489675570453121,0.5
1704256860.0,8806.222984852386,SCALE,0.005,3.0,COOLDOWN,0.1249113667688599,0.5
1704256920.0,8805.812292436385,SCALE,0.005,3.0,COOLDOWN,0.12495217793905335,0.5
1704256980.0,8806.008710548385,SCALE,0.005,3.0,COOLDOWN,0.12493265955330866,0.5
1704257040.0,8806.149049057385,SCALE,0.005,3.0,COOLDOWN,0.12491871388849396,0.5
1704257100.0,8806.735513363386,SCALE,0.005,3.0,COOLDOWN,0.12486043598105734,0.5
1704257160.0,8807.006704279385,SCALE,0.005,3.0,COOLDOWN,0.12483348730073952,0.5
1704257220.0,8807.229627676386,SCALE,0.005,3.0,COOLDOWN,0.12481133504191841,0.5
1704257280.0,8807.461479169386,SCALE,0.005,3.0,COOLDOWN,0.12478829558374543,0.5
1704257340.0,8805.780207091386,SCALE,0.005,3.0,COOLDOWN,0.12495536631172464,0.5
1704257400.0,8806.148491051386,SCALE,0.005,3.0,COOLDOWN,0.12491876933845333,0.5
1704257460.0,8806.239446029385,SCALE,0.005,3.0,COOLDOWN,0.12490973099505463,0.5
1704257520.0,8805.922219618385,SCALE,0.005,3.0,COOLDOWN,0.12494125429703144,0.5
1704257580.0,8806.239167026386,SCALE,0.005,3.0,COOLDOWN,0.12490975872003432,0.5
1704257640.0,8806.298036659386,SCALE,0.005,3.0,COOLDOWN,0.1249039087493069,0.5
1704257700.0,8806.512310963386,SCALE,0.005,3.0,COOLDOWN,0.12488261596485814,0.5
1704257760.0,8806.512310963386,SCALE,0.005,3.0,COOLDOWN,0.12488261596485814,0.5
1704257820.0,8806.685292823386,SCALE,0.005,3.0,COOLDOWN,0.12486542647741257,0.5
1704257880.0,8806.456789366386,SCALE,0.005,3.0,COOLDOWN,0.12488813323582856,0.5
1704257940.0,8806.801358071385,SCALE,0.005,3.0,COOLDOWN,0.12485389288583625,0.5
1704258000.0,8805.211598977387,SCALE,0.005,3.0,COOLDOWN,0.125011869820457,0.5
1704258060.0,8805.372025702385,SCALE,0.005,3.0,COOLDOWN,0.12499592795710035,0.5
1704258120.0,8805.851910862386,SCALE,0.005,3.0,COOLDOWN,0.12494824099192864,0.5
1704258180.0,8806.148491051386,SCALE,0.005,3.0,COOLDOWN,0.12491876933845333,0.5
1704258240.0,8806.455673354385,SCALE,0.005,3.0,COOLDOWN,0.12488824413574767,0.5
1704258300.0,8806.143748000386,SCALE,0.005,3.0,COOLDOWN,0.12491924066310914,0.5
1704258360.0,8806.509241930386,SCALE,0.005,3.0,COOLDOWN,0.12488292093963543,0.5
1704258420.0,8806.203175639386,SCALE,0.005,3.0,COOLDOWN,0.12491333524242217,0.5
1704258480.0,8806.484131660385,SCALE,0.005,3.0,COOLDOWN,0.12488541618781306,0.5
1704258540.0,8806.419960970386,SCALE,0.005,3.0,COOLDOWN,0.12489179293315565,0.5
1704258600.0,8806.537421233386,SCALE,0.005,3.0,COOLDOWN,0.12488012071668052,0.5
1704258660.0,8806.995544159387,SCALE,0.005,3.0,COOLDOWN,0.12483459629992943,0.5
1704258720.0,8807.695562686386,SCALE,0.005,3.0,COOLDOWN,0.1247650343257344,0.5
1704258780.0,8808.086724892386,SCALE,0.005,3.0,COOLDOWN,0.12472616390412353,0.5
1704258840.0,8808.099838033386,SCALE,0.005,3.0,COOLDOWN,0.12472486083007524,0.5
1704258900.0,8808.424876528386,SCALE,0.005,3.0,COOLDOWN,0.12469256122866532,0.5
1704258960.0,8809.123221037386,SCALE,0.005,3.0,COOLDOWN,0.12462316560434879,0.5
1704259020.0,8809.245424351386,SCALE,0.005,3.0,COOLDOWN,0.12461102206321785,0.5
1704259080.0,8808.797345533385,SCALE,0.005,3.0,COOLDOWN,0.12465554838069795,0.5
1704259140.0,8808.509972443386,SCALE,0.005,3.0,COOLDOWN,0.12468410510984135,0.5
1704259200.0,8807.971496653387,SCALE,0.005,3.0,COOLDOWN,0.12473761432076061,0.5
1704259260.0,8808.411205381386,SCALE,0.005,3.0,COOLDOWN,0.12469391975267316,0.5
1704259320.0,8808.922338877386,SCALE,0.005,3.0,COOLDOWN,0.1246431275897694,0.5
1704259380.0,8808.756890098386,SCALE,0.005,3.0,COOLDOWN,0.12465956850276173,0.5
1704259440.0,8808.756890098386,SCALE,0.005,3.0,COOLDOWN,0.12465956850276173,0.5
1704259500.0,8808.757727107386,SCALE,0.005,3.0,COOLDOWN,0.12465948532782248,0.5
1704259560.0,8809.177626622386,SCALE,0.005,3.0,COOLDOWN,0.1246177592332973,0.5
1704259620.0,8809.494853033386,SCALE,0.005,3.0,COOLDOWN,0.12458623593132048,0.5
1704259680.0,8809.495132036385,SCALE,0.005,3.0,COOLDOWN,0.1245862082063408,0.5
1704259740.0,8809.747908754385,SCALE,0.005,3.0,COOLDOWN,0.12456108937468643,0.5
1704259800.0,8808.038178370385,SCALE,0.005,3.0,COOLDOWN,0.12473098805060027,0.5
1704259860.0,8809.353398512385,SCALE,0.005,3.0,COOLDOWN,0.12460029249605431,0.5
1704259920.0,8809.528612396385,SCALE,0.005,3.0,COOLDOWN,0.12458288120877069,0.5
1704259980.0,8809.348934464386,SCALE,0.005,3.0,COOLDOWN,0.12460073609573023,0.5
1704260040.0,8809.476996841386,SCALE,0.005,3.0,COOLDOWN,0.12458801033002456,0.5
1704260100.0,8809.197714838385,SCALE,0.005,3.0,COOLDOWN,0.12461576303475534,0.5
1704260160.0,8809.662533836387,SCALE,0.005,3.0,COOLDOWN,0.1245695732184901,0.5
1704260220.0,8809.638818581387,SCALE,0.005,3.0,COOLDOWN,0.12457192984176892,0.5
1704260280.0,8809.537819495386,SCALE,0.005,3.0,COOLDOWN,0.12458196628443878,0.5
1704260340.0,8809.028360017386,SCALE,0.005,3.0,COOLDOWN,0.12463259209746405,0.5
1704260400.0,8809.302898969387,SCALE,0.005,3.0,COOLDOWN,0.12460531071738906,0.5
1704260460.0,8809.888526266386,SCALE,0.005,3.0,COOLDOWN,0.12454711598489186,0.5
1704260520.0,8809.035335092385,SCALE,0.005,3.0,COOLDOWN,0.12463189897297038,0.5
1704260580.0,8808.658402039386,SCALE,0.005,3.0,COOLDOWN,0.12466935542061386,0.5
1704260640.0,8808.405625321386,SCALE,0.005,3.0,COOLDOWN,0.1246944742522682,0.5
1704260700.0,8807.587309522385,SCALE,0.005,3.0,COOLDOWN,0.12477579161787782,0.5
1704260760.0,8808.128017336387,SCALE,0.005,3.0,COOLDOWN,0.12472206060712032,0.5
1704260820.0,8808.557402953385,SCALE,0.005,3.0,COOLDOWN,0.12467939186328372,0.5
1704260880.0,8809.214455018386,SCALE,0.005,3.0,COOLDOWN,0.1246140995359702,0.5
1704260940.0,8808.141967486386,SCALE,0.005,3.0,COOLDOWN,0.12472067435813279,0.5
1704261000.0,8808.204185155386,SCALE,0.005,3.0,COOLDOWN,0.12471449168764838,0.5
1704261060.0,8807.870497567386,SCALE,0.005,3.0,COOLDOWN,0.12474765076343047,0.5
1704261120.0,8807.604049702386,SCALE,0.005,3.0,COOLDOWN,0.12477412811909266,0.5
1704261180.0,8807.795166757385,SCALE,0.005,3.0,COOLDOWN,0.12475513650796334,0.5
1704261240.0,8807.602375684386,SCALE,0.005,3.0,COOLDOWN,0.12477429446897116,0.5
1704261300.0,8807.534577955386,SCALE,0.005,3.0,COOLDOWN,0.12478103163905062,0.5
1704261360.0,8807.620510879386,SCALE,0.005,3.0,COOLDOWN,0.1247724923452874,0.5
1704261420.0,8807.067805936385,SCALE,0.005,3.0,COOLDOWN,0.12482741553017405,0.5
1704261480.0,8806.649301436386,SCALE,0.005,3.0,COOLDOWN,0.12486900299980042,0.5
1704261540.0,8806.485526675386,SCALE,0.005,3.0,COOLDOWN,0.12488527756291426,0.5
1704261600.0,8807.105750344386,SCALE,0.005,3.0,COOLDOWN,0.12482364493292783,0.5
1704261660.0,8807.090405179386,SCALE,0.005,3.0,COOLDOWN,0.12482516980681417,0.5
1704261720.0,8807.026234489385,SCALE,0.005,3.0,COOLDOWN,0.12483154655215695,0.5
1704261780.0,8807.043532675385,SCALE,0.005,3.0,COOLDOWN,0.12482982760341242,0.5
1704261840.0,8807.345134918385,SCALE,0.005,3.0,COOLDOWN,0.12479985690030163,0.5
1704261900.0,8807.321140660386,SCALE,0.005,3.0,COOLDOWN,0.12480224124856014,0.5
1704261960.0,8807.454225091386,SCALE,0.005,3.0,COOLDOWN,0.12478901643321898,0.5
1704262020.0,8806.685013820386,SCALE,0.005,3.0,COOLDOWN,0.12486545420239227,0.5
1704262080.0,8806.649301436386,SCALE,0.005,3.0,COOLDOWN,0.12486900299980042,0.5
1704262140.0,8806.443676225386,SCALE,0.005,3.0,COOLDOWN,0.12488943630987684,0.5
1704262200.0,8806.279622461385,SCALE,0.005,3.0,COOLDOWN,0.12490573859797054,0.5
1704262260.0,8806.515658999386,SCALE,0.005,3.0,COOLDOWN,0.12488228326510115,0.5
1704262320.0,8806.735792366386,SCALE,0.005,3.0,COOLDOWN,0.12486040825607764,0.5
1704262380.0,8807.263108036386,SCALE,0.005,3.0,COOLDOWN,0.1248080080443483,0.5
1704262440.0,8807.375267242385,SCALE,0.005,3.0,COOLDOWN,0.12479686260248853,0.5
1704262500.0,8807.745225220386,SCALE,0.005,3.0,COOLDOWN,0.12476009927933872,0.5
1704262560.0,8807.745225220386,SCALE,0.005,3.0,COOLDOWN,0.12476009927933872,0.5
1704262620.0,8807.870218564385,SCALE,0.005,3.0,COOLDOWN,0.12474767848841034,0.5
1704262680.0,8808.888021508386,SCALE,0.005,3.0,COOLDOWN,0.12464653776227876,0.5
1704262740.0,8809.246540363385,SCALE,0.005,3.0,COOLDOWN,0.1246109111632989,0.5
1704262800.0,8809.637981572387,SCALE,0.005,3.0,COOLDOWN,0.12457201301670816,0.5
1704262860.0,8809.913357533385,SCALE,0.005,3.0,COOLDOWN,0.12454464846169411,0.5
1704262920.0,8809.972506169386,SCALE,0.005,3.0,COOLDOWN,0.12453877076598682,0.5
1704262980.0,8809.698246220385,SCALE,0.005,3.0,COOLDOWN,0.12456602442108212,0.5
1704263040.0,8809.741770688386,SCALE,0.005,3.0,COOLDOWN,0.12456169932424087,0.5
1704263100.0,8810.115913711386,SCALE,0.005,3.0,COOLDOWN,0.12452452012639481,0.5
1704263160.0,8809.468347748385,SCALE,0.005,3.0,COOLDOWN,0.12458886980439692,0.5
1704263220.0,8809.466115724386,SCALE,0.005,3.0,COOLDOWN,0.12458909160423479,0.5
1704263280.0,8809.756836850385,SCALE,0.005,3.0,COOLDOWN,0.1245602021753344,0.5
1704263340.0,8809.671740935386,SCALE,0.005,3.0,COOLDOWN,0.12456865829415838,0.5
1704263400.0,8808.717271672385,SCALE,0.005,3.0,COOLDOWN,0.12466350544988644,0.5
1704263460.0,8808.968095369386,SCALE,0.005,3.0,COOLDOWN,0.12463858069309026,0.5
1704263520.0,8808.967258360386,SCALE,0.005,3.0,COOLDOWN,0.12463866386802952,0.5
1704263580.0,8808.924291898385,SCALE,0.005,3.0,COOLDOWN,0.12464293351491122,0.5
1704263640.0,8808.658123036386,SCALE,0.005,3.0,COOLDOWN,0.12466938314559355,0.5
1704263700.0,8807.988236833386,SCALE,0.005,3.0,COOLDOWN,0.12473595082197564,0.5
1704263760.0,8807.841760258385,SCALE,0.005,3.0,COOLDOWN,0.12475050643634496,0.5
1704263820.0,8807.869660558386,SCALE,0.005,3.0,COOLDOWN,0.12474773393836971,0.5
1704263880.0,8809.374323737386,SCALE,0.005,3.0,COOLDOWN,0.12459821312257292,0.5
1704263940.0,8809.343354404386,SCALE,0.005,3.0,COOLDOWN,0.12460129059532528,0.5
1704264000.0,8808.749915023385,SCALE,0.005,3.0,COOLDOWN,0.12466026162725559,0.5
1704264060.0,8808.666214123386,SCALE,0.005,3.0,COOLDOWN,0.12466857912118075,0.5
1704264120.0,8808.609576514385,SCALE,0.005,3.0,COOLDOWN,0.1246742072920703,0.5
1704264180.0,8809.129080100385,SCALE,0.005,3.0,COOLDOWN,0.12462258337977405,0.5
1704264240.0,8808.850356103385,SCALE,0.005,3.0,COOLDOWN,0.12465028063454528,0.5
1704264300.0,8809.411152133385,SCALE,0.005,3.0,COOLDOWN,0.12459455342524584,0.5
1704264360.0,8809.072721494385,SCALE,0.005,3.0,COOLDOWN,0.12462818382568372,0.5
1704264420.0,8809.072721494385,SCALE,0.005,3.0,COOLDOWN,0.12462818382568372,0.5
1704264480.0,8809.262722537385,SCALE,0.005,3.0,COOLDOWN,0.12460930311447332,0.5
1704264540.0,8809.580785957385,SCALE,0.005,3.0,COOLDOWN,0.12457769663755726,0.5
1704264600.0,8810.331862033385,SCALE,0.005,3.0,COOLDOWN,0.12450306099206773,0.5
1704264660.0,8809.997616439387,SCALE,0.005,3.0,COOLDOWN,0.1245362755178092,0.5
1704264720.0,8809.911683515385,SCALE,0.005,3.0,COOLDOWN,0.1245448148115726,0.5
1704264780.0,8809.723635493387,SCALE,0.005,3.0,COOLDOWN,0.12456350144792463,0.5
1704264840.0,8809.911683515385,SCALE,0.005,3.0,COOLDOWN,0.1245448148115726,0.5
1704264900.0,8811.816157993386,SCALE,0.005,3.0,COOLDOWN,0.12435556409979258,0.5
1704264960.0,8810.672524696385,SCALE,0.005,3.0,COOLDOWN,0.1244692087917918,0.5
1704265020.0,8811.050852764385,SCALE,0.005,3.0,COOLDOWN,0.1244316137192495,0.5
1704265080.0,8811.050852764385,SCALE,0.005,3.0,COOLDOWN,0.1244316137192495,0.5
1704265140.0,8810.804493115385,SCALE,0.005,3.0,COOLDOWN,0.12445609487636956,0.5
1704265200.0,8809.748187757386,SCALE,0.005,3.0,COOLDOWN,0.12456106164970657,0.5
1704265260.0,8809.597805140385,SCALE,0.005,3.0,COOLDOWN,0.12457600541379243,0.5
1704265320.0,8809.526101369385,SCALE,0.005,3.0,COOLDOWN,0.12458313073358844,0.5
1704265380.0,8810.029422781387,SCALE,0.005,3.0,COOLDOWN,0.1245331148701176,0.5
1704265440.0,8809.948790914386,SCALE,0.005,3.0,COOLDOWN,0.12454112738926564,0.5
1704265500.0,8809.868996056386,SCALE,0.005,3.0,COOLDOWN,0.12454905673347444,0.5
1704265560.0,8809.754325823385,SCALE,0.005,3.0,COOLDOWN,0.12456045170015215,0.5
1704265620.0,8810.053138036386,SCALE,0.005,3.0,COOLDOWN,0.12453075824683878,0.5
1704265680.0,8811.219649579385,SCALE,0.005,3.0,COOLDOWN,0.12441484010650018,0.5
1704265740.0,8812.009786075385,SCALE,0.005,3.0,COOLDOWN,0.12433632296384552,0.5
1704265800.0,8812.089022927386,SCALE,0.005,3.0,COOLDOWN,0.1243284490695961,0.5
1704265860.0,8811.224950636386,SCALE,0.005,3.0,COOLDOWN,0.12441431333188482,0.5
1704265920.0,8811.279356221386,SCALE,0.005,3.0,COOLDOWN,0.12440890696083334,0.5
1704265980.0,8811.279077218385,SCALE,0.005,3.0,COOLDOWN,0.12440893468581321,0.5
1704266040.0,8811.553058164385,SCALE,0.005,3.0,COOLDOWN,0.12438170875569779,0.5
1704266100.0,8811.200119369385,SCALE,0.005,3.0,COOLDOWN,0.12441678085508276,0.5
1704266160.0,8810.518794043386,SCALE,0.005,3.0,COOLDOWN,0.12448448525563446,0.5
1704266220.0,8810.875917883386,SCALE,0.005,3.0,COOLDOWN,0.12444899728155326,0.5
1704266280.0,8810.738369404386,SCALE,0.005,3.0,COOLDOWN,0.12446266569657052,0.5
1704266340.0,8810.561760505387,SCALE,0.005,3.0,COOLDOWN,0.12448021560875276,0.5
1704266400.0,8810.484476674386,SCALE,0.005,3.0,COOLDOWN,0.12448789542814381,0.5
1704266460.0,8810.103079573386,SCALE,0.005,3.0,COOLDOWN,0.12452579547546341,0.5
1704266520.0,8810.642113369386,SCALE,0.005,3.0,COOLDOWN,0.1244722308145846,0.5
1704266580.0,8811.115023454386,SCALE,0.005,3.0,COOLDOWN,0.12442523697390674,0.5
1704266640.0,8811.224671633387,SCALE,0.005,3.0,COOLDOWN,0.12441434105686452,0.5
1704266700.0,8811.616670848385,SCALE,0.005,3.0,COOLDOWN,0.12437538746031457,0.5
1704266760.0,8811.627551965386,SCALE,0.005,3.0,COOLDOWN,0.12437430618610416,0.5
1704266820.0,8811.627830968386,SCALE,0.005,3.0,COOLDOWN,0.12437427846112448,0.5
1704266880.0,8811.118650493387,SCALE,0.005,3.0,COOLDOWN,0.12442487654916988,0.5
1704266940.0,8811.702045766386,SCALE,0.005,3.0,COOLDOWN,0.12436690361651073,0.5
1704267000.0,8811.504511642386,SCALE,0.005,3.0,COOLDOWN,0.12438653290217436,0.5
1704267060.0,8811.504511642386,SCALE,0.005,3.0,COOLDOWN,0.12438653290217436,0.5
1704267120.0,8811.016814398386,SCALE,0.005,3.0,COOLDOWN,0.12443499616677899,0.5
1704267180.0,8811.016814398386,SCALE,0.005,3.0,COOLDOWN,0.12443499616677899,0.5
1704267240.0,8810.656900528385,SCALE,0.005,3.0,COOLDOWN,0.12447076139065781,0.5
1704267300.0,8810.331862033385,SCALE,0.005,3.0,COOLDOWN,0.12450306099206773,0.5
1704267360.0,8810.555064433385,SCALE,0.005,3.0,COOLDOWN,0.12448088100826693,0.5
1704267420.0,8810.464667461385,SCALE,0.005,3.0,COOLDOWN,0.12448986390170626,0.5
1704267480.0,8810.153579116386,SCALE,0.005,3.0,COOLDOWN,0.12452077725412848,0.5
1704267540.0,8810.053417039386,SCALE,0.005,3.0,COOLDOWN,0.12453073052185909,0.5
1704267600.0,8809.505734150385,SCALE,0.005,3.0,COOLDOWN,0.12458515465711026,0.5
1704267660.0,8809.065467416385,SCALE,0.005,3.0,COOLDOWN,0.12462890467515726,0.5
1704267720.0,8805.982205263386,SCALE,0.005,3.0,COOLDOWN,0.12493529342638492,0.5
1704267780.0,8805.402995035385,SCALE,0.005,3.0,COOLDOWN,0.124992850484348,0.5
1704267840.0,8805.875626117386,SCALE,0.005,3.0,COOLDOWN,0.12494588436864983,0.5
1704267900.0,8803.979800732386,SCALE,0.005,3.0,COOLDOWN,0.1251342756060575,0.5
1704267960.0,8803.425142768387,SCALE,0.005,3.0,COOLDOWN,0.12518939286580233,0.5
1704268020.0,8803.210031455386,SCALE,0.005,3.0,COOLDOWN,0.12521076882519036,0.5
1704268080.0,8802.271744366386,SCALE,0.005,3.0,COOLDOWN,0.12530400793209284,0.5
1704268140.0,8803.489034455386,SCALE,0.005,3.0,COOLDOWN,0.12518304384543943,0.5
1704268200.0,8803.189385233385,SCALE,0.005,3.0,COOLDOWN,0.12521282047369203,0.5
1704268260.0,8802.581995702385,SCALE,0.005,3.0,COOLDOWN,0.12527317775460986,0.5
1704268320.0,8802.804640096385,SCALE,0.005,3.0,COOLDOWN,0.12525105322076863,0.5
1704268380.0,8802.095972476385,SCALE,0.005,3.0,COOLDOWN,0.12532147466933602,0.5
1704268440.0,8800.622557633385,SCALE,0.005,3.0,COOLDOWN,0.12546789028740077,0.5
1704268500.0,8800.959872260386,SCALE,0.005,3.0,COOLDOWN,0.1254343707868818,0.5
1704268560.0,8802.497736796386,SCALE,0.005,3.0,COOLDOWN,0.1252815506984946,0.5
1704268620.0,8802.568603558386,SCALE,0.005,3.0,COOLDOWN,0.12527450855363784,0.5
1704268680.0,8802.633611257386,SCALE,0.005,3.0,COOLDOWN,0.1252680486333558,0.5
1704268740.0,8802.011434567386,SCALE,0.005,3.0,COOLDOWN,0.12532987533820042,0.5
1704268800.0,8802.600130897386,SCALE,0.005,3.0,COOLDOWN,0.1252713756309259,0.5
1704268860.0,8802.122756764385,SCALE,0.005,3.0,COOLDOWN,0.1253188130712799,0.5
1704268920.0,8802.938282533385,SCALE,0.005,3.0,COOLDOWN,0.1252377729554679,0.5
1704268980.0,8802.725682247386,SCALE,0.005,3.0,COOLDOWN,0.12525889939003798,0.5
1704269040.0,8803.174598074385,SCALE,0.005,3.0,COOLDOWN,0.12521428989761882,0.5
1704269100.0,8803.617375835385,SCALE,0.005,3.0,COOLDOWN,0.12517029035475408,0.5
1704269160.0,8803.692148639386,SCALE,0.005,3.0,COOLDOWN,0.12516286006018076,0.5
1704269220.0,8803.638580063385,SCALE,0.005,3.0,COOLDOWN,0.125168183256293,0.5
1704269280.0,8804.640758839385,SCALE,0.005,3.0,COOLDOWN,0.12506859512902763,0.5
1704269340.0,8804.836618945386,SCALE,0.005,3.0,COOLDOWN,0.12504913219324232,0.5
1704269400.0,8804.752360039385,SCALE,0.005,3.0,COOLDOWN,0.1250575051371272,0.5
1704269460.0,8804.968029358386,SCALE,0.005,3.0,COOLDOWN,0.12503607372777964,0.5
1704269520.0,8802.122756764385,SCALE,0.005,3.0,COOLDOWN,0.1253188130712799,0.5
1704269580.0,8803.189385233385,SCALE,0.005,3.0,COOLDOWN,0.12521282047369203,0.5
1704269640.0,8803.489034455386,SCALE,0.005,3.0,COOLDOWN,0.12518304384543943,0.5
1704269700.0,8804.040065380386,SCALE,0.005,3.0,COOLDOWN,0.12512828701043127,0.5
1704269760.0,8804.944314103386,SCALE,0.005,3.0,COOLDOWN,0.12503843035105847,0.5
1704269820.0,8804.503768366385,SCALE,0.005,3.0,COOLDOWN,0.12508220809408532,0.5
1704269880.0,8806.079577310386,SCALE,0.005,3.0,COOLDOWN,0.12492561740845191,0.5
1704269940.0,8805.850236844386,SCALE,0.005,3.0,COOLDOWN,0.12494840734180714,0.5
1704270000.0,8805.881764183385,SCALE,0.005,3.0,COOLDOWN,0.1249452744190954,0.5
1704270060.0,8805.393508933386,SCALE,0.005,3.0,COOLDOWN,0.12499379313365941,0.5
1704270120.0,8805.625081423386,SCALE,0.005,3.0,COOLDOWN,0.12497078140046612,0.5
1704270180.0,8804.879306404386,SCALE,0.005,3.0,COOLDOWN,0.12504489027134047,0.5
1704270240.0,8804.574914131386,SCALE,0.005,3.0,COOLDOWN,0.1250751382242487,0.5
1704270300.0,8804.921435857386,SCALE,0.005,3.0,COOLDOWN,0.12504070379939802,0.5
1704270360.0,8805.719663440386,SCALE,0.005,3.0,COOLDOWN,0.12496138263233056,0.5
1704270420.0,8806.004525503386,SCALE,0.005,3.0,COOLDOWN,0.1249330754280049,0.5
1704270480.0,8806.202617633386,SCALE,0.005,3.0,COOLDOWN,0.12491339069238172,0.5
1704270540.0,8806.277390437386,SCALE,0.005,3.0,COOLDOWN,0.12490596039780841,0.5
1704270600.0,8805.923614633386,SCALE,0.005,3.0,COOLDOWN,0.12494111567213263,0.5
1704270660.0,8805.741983680386,SCALE,0.005,3.0,COOLDOWN,0.12495916463395054,0.5
1704270720.0,8805.871441072386,SCALE,0.005,3.0,COOLDOWN,0.12494630024334606,0.5
1704270780.0,8805.956536987385,SCALE,0.005,3.0,COOLDOWN,0.1249378441245221,0.5
1704270840.0,8806.089342415386,SCALE,0.005,3.0,COOLDOWN,0.12492464703416062,0.5
1704270900.0,8806.015685623386,SCALE,0.005,3.0,COOLDOWN,0.12493196642881481,0.5
1704270960.0,8805.877858141386,SCALE,0.005,3.0,COOLDOWN,0.12494566256881177,0.5
1704271020.0,8805.542775538386,SCALE,0.005,3.0,COOLDOWN,0.12497896026949266,0.5
1704271080.0,8805.596623117386,SCALE,0.005,3.0,COOLDOWN,0.12497360934840074,0.5
1704271140.0,8805.469118746385,SCALE,0.005,3.0,COOLDOWN,0.12498627966414703,0.5
1704271200.0,8803.141954723385,SCALE,0.005,3.0,COOLDOWN,0.12521753372024969,0.5
1704271260.0,8803.022262436385,SCALE,0.005,3.0,COOLDOWN,0.12522942773656287,0.5
1704271320.0,8802.514755979386,SCALE,0.005,3.0,COOLDOWN,0.12527985947472978,0.5
1704271380.0,8802.910661236387,SCALE,0.005,3.0,COOLDOWN,0.1252405177284631,0.5
1704271440.0,8803.108753366385,SCALE,0.005,3.0,COOLDOWN,0.1252208329928401,0.5
1704271500.0,8803.021983433386,SCALE,0.005,3.0,COOLDOWN,0.12522945546154254,0.5
1704271560.0,8803.766084434386,SCALE,0.005,3.0,COOLDOWN,0.1251555129405467,0.5
1704271620.0,8803.037049595385,SCALE,0.005,3.0,COOLDOWN,0.12522795831263608,0.5
1704271680.0,8803.764410416386,SCALE,0.005,3.0,COOLDOWN,0.1251556792904252,0.5
1704271740.0,8804.194075036386,SCALE,0.005,3.0,COOLDOWN,0.12511298282160874,0.5
1704271800.0,8804.329391491387,SCALE,0.005,3.0,COOLDOWN,0.12509953620642952,0.5
1704271860.0,8804.523577579386,SCALE,0.005,3.0,COOLDOWN,0.1250802396205229,0.5
1704271920.0,8804.452431814385,SCALE,0.005,3.0,COOLDOWN,0.1250873094903595,0.5
1704271980.0,8804.250154639385,SCALE,0.005,3.0,COOLDOWN,0.12510741010067894,0.5
1704272040.0,8804.869820302385,SCALE,0.005,3.0,COOLDOWN,0.12504583292065208,0.5
1704272100.0,8805.348310447385,SCALE,0.005,3.0,COOLDOWN,0.12499828458037916,0.5
1704272160.0,8806.715146144386,SCALE,0.005,3.0,COOLDOWN,0.12486245990457916,0.5
1704272220.0,8806.035494836386,SCALE,0.005,3.0,COOLDOWN,0.12492999795525254,0.5
1704272280.0,8806.827026347386,SCALE,0.005,3.0,COOLDOWN,0.12485134218769907,0.5
1704272340.0,8807.263108036386,SCALE,0.005,3.0,COOLDOWN,0.1248080080443483,0.5
1704272400.0,8807.441948959386,SCALE,0.005,3.0,COOLDOWN,0.124790236332328,0.5
1704272460.0,8807.263108036386,SCALE,0.005,3.0,COOLDOWN,0.1248080080443483,0.5
1704272520.0,8808.351498739386,SCALE,0.005,3.0,COOLDOWN,0.12469985289833982,0.5
1704272580.0,8808.238223521386,SCALE,0.005,3.0,COOLDOWN,0.12471110924011872,0.5
1704272640.0,8808.489605224386,SCALE,0.005,3.0,COOLDOWN,0.12468612903336317,0.5
1704272700.0,8808.354009766386,SCALE,0.005,3.0,COOLDOWN,0.12469960337352208,0.5
1704272760.0,8808.713923636386,SCALE,0.005,3.0,COOLDOWN,0.12466383814964344,0.5
1704272820.0,8808.410089369385,SCALE,0.005,3.0,COOLDOWN,0.12469403065259228,0.5
1704272880.0,8808.237944518385,SCALE,0.005,3.0,COOLDOWN,0.1247111369650986,0.5
1704272940.0,8808.917874829385,SCALE,0.005,3.0,COOLDOWN,0.12464357118944551,0.5
1704273000.0,8809.393295941385,SCALE,0.005,3.0,COOLDOWN,0.12459632782394992,0.5
1704273060.0,8809.718055433386,SCALE,0.005,3.0,COOLDOWN,0.12456405594751968,0.5
1704273120.0,8809.557628708386,SCALE,0.005,3.0,COOLDOWN,0.12457999781087652,0.5
1704273180.0,8810.073505255386,SCALE,0.005,3.0,COOLDOWN,0.12452873432331696,0.5
1704273240.0,8810.093035465386,SCALE,0.005,3.0,COOLDOWN,0.12452679357473438,0.5
1704273300.0,8809.096994755386,SCALE,0.005,3.0,COOLDOWN,0.12462577175244534,0.5
1704273360.0,8808.897507610385,SCALE,0.005,3.0,COOLDOWN,0.12464559511296733,0.5
1704273420.0,8807.778705580386,SCALE,0.005,3.0,COOLDOWN,0.12475677228176861,0.5
1704273480.0,8809.033382071386,SCALE,0.005,3.0,COOLDOWN,0.12463209304782856,0.5
1704273540.0,8809.226731150386,SCALE,0.005,3.0,COOLDOWN,0.12461287963686117,0.5
1704273600.0,8808.617109595385,SCALE,0.005,3.0,COOLDOWN,0.12467345871761706,0.5
1704273660.0,8810.047836979385,SCALE,0.005,3.0,COOLDOWN,0.12453128502145414,0.5
1704273720.0,8809.772461018385,SCALE,0.005,3.0,COOLDOWN,0.12455864957646838,0.5
1704273780.0,8809.479507868386,SCALE,0.005,3.0,COOLDOWN,0.12458776080520682,0.5
1704273840.0,8809.835236693385,SCALE,0.005,3.0,COOLDOWN,0.12455241145602441,0.5
1704273900.0,8809.774135036385,SCALE,0.005,3.0,COOLDOWN,0.12455848322658988,0.5
1704273960.0,8810.083828366385,SCALE,0.005,3.0,COOLDOWN,0.12452770849906629,0.5
1704274020.0,8811.365568148385,SCALE,0.005,3.0,COOLDOWN,0.12440033994209043,0.5
1704274080.0,8811.700371748386,SCALE,0.005,3.0,COOLDOWN,0.12436706996638923,0.5
1704274140.0,8811.570356350385,SCALE,0.005,3.0,COOLDOWN,0.12437998980695326,0.5
1704274200.0,8810.921116369385,SCALE,0.005,3.0,COOLDOWN,0.12444450583483367,0.5
1704274260.0,8811.144597772385,SCALE,0.005,3.0,COOLDOWN,0.12442229812605318,0.5
1704274320.0,8810.266296328386,SCALE,0.005,3.0,COOLDOWN,0.12450957636230914,0.5
1704274380.0,8810.266296328386,SCALE,0.005,3.0,COOLDOWN,0.12450957636230914,0.5
1704274440.0,8809.846396813386,SCALE,0.005,3.0,COOLDOWN,0.12455130245683431,0.5
1704274500.0,8810.320701913386,SCALE,0.005,3.0,COOLDOWN,0.12450416999125766,0.5
1704274560.0,8812.284883033386,SCALE,0.005,3.0,COOLDOWN,0.12430898613381097,0.5
1704274620.0,8813.051862280387,SCALE,0.005,3.0,COOLDOWN,0.12423277016447555,0.5
1704274680.0,8812.913197789387,SCALE,0.005,3.0,COOLDOWN,0.12424654947941176,0.5
1704274740.0,8815.410274639386,SCALE,0.005,3.0,COOLDOWN,0.12399841091064086,0.5
1704274800.0,8814.112631686387,SCALE,0.005,3.0,COOLDOWN,0.12412735979146244,0.5
1704274860.0,8814.767451727386,SCALE,0.005,3.0,COOLDOWN,0.12406228926398698,0.5
1704274920.0,8813.959180036385,SCALE,0.005,3.0,COOLDOWN,0.1241426085303256,0.5
1704274980.0,8813.253860452385,SCALE,0.005,3.0,COOLDOWN,0.12421269727913599,0.5
1704275040.0,8813.261393533387,SCALE,0.005,3.0,COOLDOWN,0.12421194870468258,0.5
1704275100.0,8812.874137369387,SCALE,0.005,3.0,COOLDOWN,0.12425043097657691,0.5
1704275160.0,8812.572256123385,SCALE,0.005,3.0,COOLDOWN,0.12428042940466758,0.5
1704275220.0,8812.818336769385,SCALE,0.005,3.0,COOLDOWN,0.1242559759725272,0.5
1704275280.0,8811.554174176386,SCALE,0.005,3.0,COOLDOWN,0.12438159785577867,0.5
1704275340.0,8811.909344995385,SCALE,0.005,3.0,COOLDOWN,0.12434630395655583,0.5
1704275400.0,8811.838478233385,SCALE,0.005,3.0,COOLDOWN,0.12435334610141258,0.5
1704275460.0,8811.809461921386,SCALE,0.005,3.0,COOLDOWN,0.12435622949930657,0.5
1704275520.0,8811.303629482385,SCALE,0.005,3.0,COOLDOWN,0.12440649488759516,0.5
1704275580.0,8813.301011959386,SCALE,0.005,3.0,COOLDOWN,0.12420801175755805,0.5
1704275640.0,8813.016986905386,SCALE,0.005,3.0,COOLDOWN,0.12423623578694445,0.5
1704275700.0,8811.447874033385,SCALE,0.005,3.0,COOLDOWN,0.12439216107306389,0.5
1704275760.0,8811.106653364386,SCALE,0.005,3.0,COOLDOWN,0.12442606872329921,0.5
1704275820.0,8811.107490373386,SCALE,0.005,3.0,COOLDOWN,0.12442598554835997,0.5
1704275880.0,8811.000353221385,SCALE,0.005,3.0,COOLDOWN,0.12443663194058444,0.5
1704275940.0,8811.299444437385,SCALE,0.005,3.0,COOLDOWN,0.12440691076229139,0.5
1704276000.0,8810.444858248386,SCALE,0.005,3.0,COOLDOWN,0.12449183237526852,0.5
1704276060.0,8811.269312113385,SCALE,0.005,3.0,COOLDOWN,0.1244099050601045,0.5
1704276120.0,8811.727435039385,SCALE,0.005,3.0,COOLDOWN,0.12436438064335342,0.5
1704276180.0,8812.024852237386,SCALE,0.005,3.0,COOLDOWN,0.12433482581493886,0.5
1704276240.0,8812.140638482386,SCALE,0.005,3.0,COOLDOWN,0.12432331994834223,0.5
1704276300.0,8812.144265521385,SCALE,0.005,3.0,COOLDOWN,0.12432295952360554,0.5
1704276360.0,8811.940872334386,SCALE,0.005,3.0,COOLDOWN,0.1243431710338439,0.5
1704276420.0,8811.365289145386,SCALE,0.005,3.0,COOLDOWN,0.12440036766707012,0.5
1704276480.0,8812.011181090385,SCALE,0.005,3.0,COOLDOWN,0.1243361843389467,0.5
1704276540.0,8812.333708558386,SCALE,0.005,3.0,COOLDOWN,0.12430413426235452,0.5
1704276600.0,8811.828155122386,SCALE,0.005,3.0,COOLDOWN,0.12435437192566325,0.5
1704276660.0,8811.894278833386,SCALE,0.005,3.0,COOLDOWN,0.12434780110546229,0.5
1704276720.0,8812.393415200386,SCALE,0.005,3.0,COOLDOWN,0.12429820111668786,0.5
1704276780.0,8812.393415200386,SCALE,0.005,3.0,COOLDOWN,0.12429820111668786,0.5
1704276840.0,8811.828434125386,SCALE,0.005,3.0,COOLDOWN,0.12435434420068356,0.5
1704276900.0,8812.311667321386,SCALE,0.005,3.0,COOLDOWN,0.12430632453575485,0.5
1704276960.0,8811.757846366385,SCALE,0.005,3.0,COOLDOWN,0.12436135862056062,0.5
1704277020.0,8811.267080089387,SCALE,0.005,3.0,COOLDOWN,0.12441012685994238,0.5
1704277080.0,8810.764595686385,SCALE,0.005,3.0,COOLDOWN,0.12446005954847397,0.5
1704277140.0,8811.060896872386,SCALE,0.005,3.0,COOLDOWN,0.12443061561997835,0.5
1704277200.0,8811.219928582386,SCALE,0.005,3.0,COOLDOWN,0.12441481238152031,0.5
1704277260.0,8810.255136208385,SCALE,0.005,3.0,COOLDOWN,0.12451068536149923,0.5
1704277320.0,8810.255415211386,SCALE,0.005,3.0,COOLDOWN,0.12451065763651936,0.5
1704277380.0,8809.104527836385,SCALE,0.005,3.0,COOLDOWN,0.12462502317799211,0.5
1704277440.0,8808.976465459386,SCALE,0.005,3.0,COOLDOWN,0.1246377489436978,0.5
1704277500.0,8809.457187628386,SCALE,0.005,3.0,COOLDOWN,0.12458997880358683,0.5
1704277560.0,8808.791486470385,SCALE,0.005,3.0,COOLDOWN,0.12465613060527268,0.5
1704277620.0,8809.202736892386,SCALE,0.005,3.0,COOLDOWN,0.12461526398511968,0.5
1704277680.0,8809.484250919386,SCALE,0.005,3.0,COOLDOWN,0.12458728948055102,0.5
1704277740.0,8809.610081272385,SCALE,0.005,3.0,COOLDOWN,0.1245747855146834,0.5
1704277800.0,8809.125453061386,SCALE,0.005,3.0,COOLDOWN,0.12462294380451074,0.5
1704277860.0,8809.583854990386,SCALE,0.005,3.0,COOLDOWN,0.12457739166277997,0.5
1704277920.0,8809.812358447385,SCALE,0.005,3.0,COOLDOWN,0.12455468490436397,0.5
1704277980.0,8809.812358447385,SCALE,0.005,3.0,COOLDOWN,0.12455468490436397,0.5
1704278040.0,8810.320143907385,SCALE,0.005,3.0,COOLDOWN,0.12450422544121721,0.5
1704278100.0,8809.076627536386,SCALE,0.005,3.0,COOLDOWN,0.12462779567596717,0.5
1704278160.0,8808.936568030385,SCALE,0.005,3.0,COOLDOWN,0.12464171361580219,0.5
1704278220.0,8808.013347103386,SCALE,0.005,3.0,COOLDOWN,0.12473345557379802,0.5
1704278280.0,8806.035215833386,SCALE,0.005,3.0,COOLDOWN,0.12493002568023223,0.5
1704278340.0,8805.086605633385,SCALE,0.005,3.0,COOLDOWN,0.12502429061138556,0.5
1704278400.0,8805.340777366386,SCALE,0.005,3.0,COOLDOWN,0.1249990331548324,0.5
1704278460.0,8804.224765366385,SCALE,0.005,3.0,COOLDOWN,0.12510993307383625,0.5
1704278520.0,8803.490987476385,SCALE,0.005,3.0,COOLDOWN,0.12518284977058125,0.5
1704278580.0,8803.915072036385,SCALE,0.005,3.0,COOLDOWN,0.12514070780135983,0.5
1704278640.0,8803.643602117385,SCALE,0.005,3.0,COOLDOWN,0.12516768420665753,0.5
1704278700.0,8804.425368523385,SCALE,0.005,3.0,COOLDOWN,0.1250899988133953,0.5
1704278760.0,8803.078342039385,SCALE,0.005,3.0,COOLDOWN,0.12522385501563288,0.5
1704278820.0,8803.635511030387,SCALE,0.005,3.0,COOLDOWN,0.12516848823107013,0.5
1704278880.0,8804.186820958386,SCALE,0.005,3.0,COOLDOWN,0.12511370367108227,0.5
1704278940.0,8804.194075036386,SCALE,0.005,3.0,COOLDOWN,0.12511298282160874,0.5
1704279000.0,8805.156635386385,SCALE,0.005,3.0,COOLDOWN,0.12501733164146805,0.5
1704279060.0,8805.479999863386,SCALE,0.005,3.0,COOLDOWN,0.12498519838993663,0.5
1704279120.0,8805.732776581386,SCALE,0.005,3.0,COOLDOWN,0.12496007955828227,0.5
1704279180.0,8804.194354039386,SCALE,0.005,3.0,COOLDOWN,0.12511295509662904,0.5
1704279240.0,8804.042297404385,SCALE,0.005,3.0,COOLDOWN,0.12512806521059341,0.5
1704279300.0,8804.040623386385,SCALE,0.005,3.0,COOLDOWN,0.1251282315604719,0.5
1704279360.0,8804.518555525387,SCALE,0.005,3.0,COOLDOWN,0.12508073867015837,0.5
1704279420.0,8804.622344641386,SCALE,0.005,3.0,COOLDOWN,0.12507042497769108,0.5
1704279480.0,8806.164952228386,SCALE,0.005,3.0,COOLDOWN,0.12491713356464806,0.5
1704279540.0,8805.921382609386,SCALE,0.005,3.0,COOLDOWN,0.1249413374719707,0.5
1704279600.0,8806.269857356387,SCALE,0.005,3.0,COOLDOWN,0.12490670897226165,0.5
1704279660.0,8806.539653257385,SCALE,0.005,3.0,COOLDOWN,0.12487989891684265,0.5
1704279720.0,8806.216288780386,SCALE,0.005,3.0,COOLDOWN,0.12491203216837388,0.5
1704279780.0,8803.732325071385,SCALE,0.005,3.0,COOLDOWN,0.12515886766309667,0.5
1704279840.0,8804.140227457387,SCALE,0.005,3.0,COOLDOWN,0.12511833374270065,0.5
1704279900.0,8803.813793947385,SCALE,0.005,3.0,COOLDOWN,0.1251507719690094,0.5
1704279960.0,8803.785893647386,SCALE,0.005,3.0,COOLDOWN,0.12515354446698443,0.5
1704280020.0,8801.264822539386,SCALE,0.005,3.0,COOLDOWN,0.12540406738401402,0.5
1704280080.0,8799.728074015386,SCALE,0.005,3.0,COOLDOWN,0.1255567765724823,0.5
1704280140.0,8799.959088499385,SCALE,0.005,3.0,COOLDOWN,0.12553382028924856,0.5
1704280200.0,8798.599785883385,SCALE,0.005,3.0,COOLDOWN,0.12566889639059517,0.5
1704280260.0,8797.551571612386,SCALE,0.005,3.0,COOLDOWN,0.12577305913951936,0.5
1704280320.0,8798.054614021386,SCALE,0.005,3.0,COOLDOWN,0.1257230710010284,0.5
1704280380.0,8797.107677839385,SCALE,0.005,3.0,COOLDOWN,0.12581716958230324,0.5
1704280440.0,8794.339968079386,SCALE,0.005,3.0,COOLDOWN,0.12609220138143257,0.5
1704280500.0,8796.941950057386,SCALE,0.005,3.0,COOLDOWN,0.12583363822027527,0.5
1704280560.0,8797.350689452385,SCALE,0.005,3.0,COOLDOWN,0.12579302112494017,0.5
1704280620.0,8796.801890551385,SCALE,0.005,3.0,COOLDOWN,0.12584755616011029,0.5
1704280680.0,8797.805743345385,SCALE,0.005,3.0,COOLDOWN,0.1257478016829664,0.5
1704280740.0,8796.378922003385,SCALE,0.005,3.0,COOLDOWN,0.12588958722941276,0.5
1704280800.0,8795.910196963385,SCALE,0.005,3.0,COOLDOWN,0.12593616519539438,0.5
1704280860.0,8795.158283878385,SCALE,0.005,3.0,COOLDOWN,0.12601088401582314,0.5
1704280920.0,8795.010691291385,SCALE,0.005,3.0,COOLDOWN,0.12602555053011139,0.5
1704280980.0,8792.533144651386,SCALE,0.005,3.0,COOLDOWN,0.12627174835029972,0.5
1704281040.0,8788.722800680385,SCALE,0.005,3.0,COOLDOWN,0.12665038839875856,0.5
1704281100.0,8789.602776142387,SCALE,0.005,3.0,COOLDOWN,0.12656294381262392,0.5
1704281160.0,8789.158324363385,SCALE,0.005,3.0,COOLDOWN,0.12660710970536737,0.5
1704281220.0,8789.141305180387,SCALE,0.005,3.0,COOLDOWN,0.12660880092913201,0.5
1704281280.0,8787.733456042386,SCALE,0.005,3.0,COOLDOWN,0.12674870117695536,0.5
1704281340.0,8783.781099544385,SCALE,0.005,3.0,COOLDOWN,0.12714145324010742,0.5
1704281400.0,8784.506507344386,SCALE,0.005,3.0,COOLDOWN,0.1270693682927549,0.5
1704281460.0,8785.157142340386,SCALE,0.005,3.0,COOLDOWN,0.12700471363997567,0.5
1704281520.0,8785.628378407386,SCALE,0.005,3.0,COOLDOWN,0.1269578861491763,0.5
1704281580.0,8787.078915004386,SCALE,0.005,3.0,COOLDOWN,0.12681374397945114,0.5
1704281640.0,8787.565496236386,SCALE,0.005,3.0,COOLDOWN,0.12676539161476544,0.5
1704281700.0,8787.484306363385,SCALE,0.005,3.0,COOLDOWN,0.12677345958387304,0.5
1704281760.0,8787.757729303386,SCALE,0.005,3.0,COOLDOWN,0.126746289103717,0.5
1704281820.0,8788.297879111386,SCALE,0.005,3.0,COOLDOWN,0.12669261354291925,0.5
1704281880.0,8787.145596721386,SCALE,0.005,3.0,COOLDOWN,0.12680711770929062,0.5
1704281940.0,8785.919657539385,SCALE,0.005,3.0,COOLDOWN,0.12692894127031637,0.5
1704282000.0,8785.916309503385,SCALE,0.005,3.0,COOLDOWN,0.12692927397007336,0.5
1704282060.0,8785.813357396386,SCALE,0.005,3.0,COOLDOWN,0.1269395044876014,0.5
1704282120.0,8786.394241642385,SCALE,0.005,3.0,COOLDOWN,0.12688178107976,0.5
1704282180.0,8786.449763239385,SCALE,0.005,3.0,COOLDOWN,0.12687626380878958,0.5
1704282240.0,8787.698580667386,SCALE,0.005,3.0,COOLDOWN,0.12675216679942428,0.5
1704282300.0,8785.835956639386,SCALE,0.005,3.0,COOLDOWN,0.12693725876424153,0.5
1704282360.0,8786.220422773386,SCALE,0.005,3.0,COOLDOWN,0.12689905374214483,0.5
1704282420.0,8785.746675679386,SCALE,0.005,3.0,COOLDOWN,0.12694613075776193,0.5
1704282480.0,8784.306741196386,SCALE,0.005,3.0,COOLDOWN,0.12708921937825657,0.5
1704282540.0,8782.940742508386,SCALE,0.005,3.0,COOLDOWN,0.12722496087911717,0.5
1704282600.0,8782.010546506386,SCALE,0.005,3.0,COOLDOWN,0.12731739596160685,0.5
1704282660.0,8774.703736939386,SCALE,0.005,3.0,COOLDOWN,0.12804348545630453,0.5
1704282720.0,10034.355239721002,PRO,0.005,3.0,COOLDOWN,0.0028698765421539224,0.5
1704282780.0,10034.355239721002,PRO,0.005,3.0,COOLDOWN,0.0028698765421539224,0.45
1704282840.0,10034.355239721002,PRO,0.005,3.0,COOLDOWN,0.0028698765421539224,0.45
1704282900.0,10034.355239721002,PRO,0.005,3.0,COOLDOWN,0.0028698765421539224,0.4
1704282960.0,10034.355239721002,PRO,0.005,3.0,SAFE,0.0028698765421539224,0.4
1704283020.0,10031.79252015783,PRO,0.0025,3.0,NORMAL,0.0031245381335932355,0.35
1704283080.0,10032.770492672229,PRO,0.0025,3.0,NORMAL,0.0030273554217273312,0.35
1704283140.0,10032.527509204228,PRO,0.0025,3.0,NORMAL,0.003051501082276259,0.35
1704283200.0,10034.653686437829,PRO,0.0025,3.0,NORMAL,0.002840219408787096,0.35
1704283260.0,10048.76354951423,PRO,0.0025,3.0,NORMAL,0.001438099474299298,0.35
1704283320.0,10043.95607127783,PRO,0.0025,3.0,NORMAL,0.001915826368839246,0.35
1704283380.0,10042.633321037829,PRO,0.0025,3.0,NORMAL,0.0020472702014130094,0.35
1704283440.0,10043.13697256943,PRO,0.0025,3.0,NORMAL,0.001997221533423201,0.35
1704283500.0,10044.65957311743,PRO,0.0025,3.0,NORMAL,0.001845918252232377,0.35
1704283560.0,10046.406322320228,PRO,0.0025,3.0,NORMAL,0.0016723409563696359,0.35
1704283620.0,10048.125753855029,PRO,0.0025,3.0,NORMAL,0.0015014782613968483,0.35
1704283680.0,10057.590750708228,PRO,0.0025,3.0,NORMAL,0.0005609262024664269,0.35
1704283740.0,10057.60925540948,PRO,0.0025,3.0,NORMAL,0.0005590873603483082,0.35
1704283800.0,10057.60925540948,PRO,0.005,3.0,NORMAL,0.0005590873603483082,0.4
1704283860.0,10057.60925540948,PRO,0.005,3.0,NORMAL,0.0005590873603483082,0.45
1704283920.0,10059.155244540661,PRO,0.005,3.0,NORMAL,0.000405459917785997,0.45
1704283980.0,10058.688589542462,PRO,0.005,3.0,NORMAL,0.0004518321803629496,0.5
1704284040.0,10049.65552519826,PRO,0.005,3.0,NORMAL,0.0013494624066759699,0.5
1704284100.0,10036.17293864936,PRO,0.005,3.0,NORMAL,0.0026892488572112503,0.5
1704284160.0,10032.455092845461,PRO,0.005,3.0,NORMAL,0.0030586972130722174,0.5
1704284220.0,10033.119155585462,PRO,0.005,3.0,NORMAL,0.0029927082236352177,0.5
1704284280.0,10035.77450100536,PRO,0.005,3.0,NORMAL,0.002728842250873414,0.5
1704284340.0,10044.046006125462,PRO,0.005,3.0,NORMAL,0.0019068893974464262,0.5
1704284400.0,10045.159518601762,PRO,0.005,3.0,NORMAL,0.001796237860158795,0.5
1704284460.0,10036.801685325461,PRO,0.005,3.0,NORMAL,0.0026267692822125456,0.5
1704284520.0,10037.281319731761,PRO,0.005,3.0,NORMAL,0.0025791072348420175,0.5
1704284580.0,10031.63437166816,PRO,0.005,3.0,NORMAL,0.0031402536050172325,0.5
1704284640.0,10031.00622868546,PRO,0.005,3.0,NORMAL,0.0032026731900254416,0.5
1704284700.0,10028.642066577864,PRO,0.005,3.0,NORMAL,0.003437603805685787,0.5
1704284760.0,10028.642066577864,PRO,0.005,3.0,NORMAL,0.003437603805685787,0.45
1704284820.0,10028.642066577864,PRO,0.005,3.0,NORMAL,0.003437603805685787,0.45
1704284880.0,10017.07778900637,PRO,0.005,3.0,NORMAL,0.004586764787840358,0.4
1704284940.0,10017.82731999537,PRO,0.005,3.0,NORMAL,0.00451228268014712,0.4
1704285000.0,10022.616437951368,PRO,0.005,3.0,NORMAL,0.004036380276391631,0.4
1704285060.0,10021.481246254369,PRO,0.005,3.0,NORMAL,0.0041491861129337665,0.4
1704285120.0,10025.123829551369,PRO,0.005,3.0,NORMAL,0.003787216714215931,0.4
1704285180.0,10022.12331760337,PRO,0.005,3.0,NORMAL,0.0040853824436194305,0.4
1704285240.0,10019.465184008368,PRO,0.005,3.0,NORMAL,0.004349525481854625,0.4
1704285300.0,10019.547569732369,PRO,0.005,3.0,NORMAL,0.00434133867909731,0.4
1704285360.0,10016.093040805368,PRO,0.005,3.0,NORMAL,0.004684620810652067,0.4
1704285420.0,10015.87036055137,PRO,0.005,3.0,NORMAL,0.004706748907959474,0.4
1704285480.0,10019.729952621368,PRO,0.005,3.0,NORMAL,0.004323214996181991,0.4
1704285540.0,10021.59706386637,PRO,0.005,3.0,NORMAL,0.004137677129347489,0.4
1704285600.0,10023.992518341369,PRO,0.005,3.0,NORMAL,0.0038996369404832648,0.4
1704285660.0,10022.971353262368,PRO,0.005,3.0,NORMAL,0.00400111176741226,0.4
1704285720.0,10019.811144349369,PRO,0.005,3.0,NORMAL,0.0043151468427400416,0.4
1704285780.0,10020.912307160368,PRO,0.005,3.0,NORMAL,0.004205722511684643,0.4
1704285840.0,10022.391369705369,PRO,0.005,3.0,NORMAL,0.004058745672329769,0.4
1704285900.0,10019.511749852369,PRO,0.005,3.0,NORMAL,0.004344898158557004,0.4
1704285960.0,10017.376885004369,PRO,0.005,3.0,NORMAL,0.004557043134352282,0.4
1704286020.0,10014.97456505237,PRO,0.005,3.0,NORMAL,0.004795765556779631,0.4
1704286080.0,10011.99673902837,PRO,0.005,3.0,NORMAL,0.005091676949192093,0.4
1704286140.0,10012.76268746237,PRO,0.005,3.0,NORMAL,0.00501556341341317,0.4
1704286200.0,10013.210734461369,PRO,0.005,3.0,NORMAL,0.0049710402578387386,0.4
1704286260.0,10014.675170555369,PRO,0.005,3.0,NORMAL,0.004825516872596592,0.4
1704286320.0,10012.80417882337,PRO,0.005,3.0,NORMAL,0.0050114403497057165,0.4
1704286380.0,10008.821008167368,PRO,0.005,3.0,NORMAL,0.005407254465619261,0.4
1704286440.0,10004.309792780368,PRO,0.005,3.0,NORMAL,0.005855541241233641,0.4
1704286500.0,10006.42913568037,PRO,0.005,3.0,NORMAL,0.005644938706537389,0.4
1704286560.0,10006.61659305237,PRO,0.005,3.0,NORMAL,0.0056263107640319035,0.4
1704286620.0,10006.138696153368,PRO,0.005,3.0,NORMAL,0.005673800152489563,0.4
1704286680.0,10004.885000353368,PRO,0.005,3.0,NORMAL,0.005798381933577413,0.4
1704286740.0,10003.709809790369,PRO,0.005,3.0,NORMAL,0.005915162522182751,0.4
1704286800.0,10008.288485951369,PRO,0.005,3.0,NORMAL,0.005460172060252671,0.4
1704286860.0,10011.77256627937,PRO,0.005,3.0,NORMAL,0.005113953358143752,0.4
1704286920.0,10007.986106464368,PRO,0.005,3.0,NORMAL,0.005490219999357956,0.4
1704286980.0,10010.08306193937,PRO,0.005,3.0,NORMAL,0.005281842139324035,0.4
1704287040.0,10011.21377615137,PRO,0.005,3.0,NORMAL,0.005169481237714294,0.4
1704287100.0,10008.35236473737,PRO,0.005,3.0,NORMAL,0.005453824321882886,0.4
1704287160.0,10007.392391953368,PRO,0.005,3.0,NORMAL,0.005549218371401713,0.4
1704287220.0,10008.705787553368,PRO,0.005,3.0,NORMAL,0.005418704124547767,0.4
1704287280.0,10010.079181452369,PRO,0.005,3.0,NORMAL,0.005282227749598837,0.4
1704287340.0,10007.391794955369,PRO,0.005,3.0,NORMAL,0.005549277696059306,0.4
1704287400.0,10006.73867914337,PRO,0.005,3.0,NORMAL,0.005614178871540273,0.4
1704287460.0,10007.03419315337,PRO,0.005,3.0,NORMAL,0.005584813165998113,0.4
1704287520.0,10006.94195696237,PRO,0.005,3.0,NORMAL,0.0055939788256066944,0.4
1704287580.0,10009.419498662368,PRO,0.005,3.0,NORMAL,0.0053477814963142235,0.4
1704287640.0,10011.15795683837,PRO,0.005,3.0,NORMAL,0.005175028093205589,0.4
1704287700.0,10008.277441488368,PRO,0.005,3.0,NORMAL,0.005461269566419484,0.4
1704287760.0,10006.805841418369,PRO,0.005,3.0,NORMAL,0.00560750484755346,0.4
1704287820.0,10007.21687454137,PRO,0.005,3.0,NORMAL,0.005566659820753907,0.4
1704287880.0,10008.91115486537,PRO,0.005,3.0,NORMAL,0.005398296442312343,0.4
1704287940.0,10010.334696596368,PRO,0.005,3.0,NORMAL,0.005256836796120059,0.4
1704288000.0,10011.948979188368,PRO,0.005,3.0,NORMAL,0.005096422921805078,0.4
1704288060.0,10011.691374551368,PRO,0.005,3.0,NORMAL,0.005122021511585701,0.4
1704288120.0,10017.190920127368,PRO,0.005,3.0,NORMAL,0.0045755227652136965,0.4
1704288180.0,10012.41254813537,PRO,0.005,3.0,NORMAL,0.00505035732513126,0.4
1704288240.0,10012.988651205369,PRO,0.005,3.0,NORMAL,0.0049931090304885534,0.4
1704288300.0,10014.48890717937,PRO,0.005,3.0,NORMAL,0.004844026165786713,0.4
1704288360.0,10013.454011146368,PRO,0.005,3.0,NORMAL,0.004946865459841958,0.4
1704288420.0,10013.548933828368,PRO,0.005,3.0,NORMAL,0.00493743283927394,0.4
1704288480.0,10012.255239162369,PRO,0.005,3.0,NORMAL,0.005065989372424992,0.4
1704288540.0,10013.294612680369,PRO,0.005,3.0,NORMAL,0.004962705143437353,0.4
1704288600.0,10012.347773852369,PRO,0.005,3.0,NORMAL,0.005056794050487524,0.4
1704288660.0,10014.13846935337,PRO,0.005,3.0,NORMAL,0.00487884973983369,0.4
1704288720.0,10015.087099175369,PRO,0.005,3.0,NORMAL,0.004784582858810562,0.4
1704288780.0,10013.393117350368,PRO,0.005,3.0,NORMAL,0.0049529165749234196,0.4
1704288840.0,10014.43696835337,PRO,0.005,3.0,NORMAL,0.004849187411003207,0.4
1704288900.0,10011.213179153368,PRO,0.005,3.0,NORMAL,0.005169540562372067,0.4
1704288960.0,10009.420095660369,PRO,0.005,3.0,NORMAL,0.00534772217165645,0.4
1704289020.0,10009.086075279369,PRO,0.005,3.0,NORMAL,0.005380914317617742,0.4
1704289080.0,10008.542210101368,PRO,0.005,3.0,NORMAL,0.00543495908074685,0.4
1704289140.0,10008.88548395137,PRO,0.005,3.0,NORMAL,0.005400847402591703,0.4
1704289200.0,10006.877779677368,PRO,0.005,3.0,NORMAL,0.005600356226305366,0.4
1704289260.0,10008.518031682368,PRO,0.005,3.0,NORMAL,0.005437361729382139,0.4
1704289320.0,10009.203982384368,PRO,0.005,3.0,NORMAL,0.0053691976977298,0.4
1704289380.0,10010.974379953368,PRO,0.005,3.0,NORMAL,0.005193270425436453,0.4
1704289440.0,10011.273177452369,PRO,0.005,3.0,NORMAL,0.005163578434277083,0.4
1704289500.0,10011.82749009537,PRO,0.005,3.0,NORMAL,0.0051084954896389355,0.4
1704289560.0,10010.64782204737,PRO,0.005,3.0,NORMAL,0.005225721013176847,0.4
1704289620.0,10012.015842964369,PRO,0.005,3.0,NORMAL,0.005089778560146971,0.4
1704289680.0,10015.52887769537,PRO,0.005,3.0,NORMAL,0.004740682612141482,0.4
1704289740.0,10015.22590121037,PRO,0.005,3.0,NORMAL,0.0047707898759043596,0.4
1704289800.0,10018.015374365368,PRO,0.005,3.0,NORMAL,0.004493595412984042,0.4
1704289860.0,10015.41544807537,PRO,0.005,3.0,NORMAL,0.004751954297097029,0.4
1704289920.0,10014.367716585368,PRO,0.005,3.0,NORMAL,0.0048560690712920445,0.4
1704289980.0,10013.781166050368,PRO,0.005,3.0,NORMAL,0.004914355547443791,0.4
1704290040.0,10013.661766450368,PRO,0.005,3.0,NORMAL,0.004926220478975985,0.4
1704290100.0,10013.840567351368,PRO,0.005,3.0,NORMAL,0.004908452744006581,0.4
1704290160.0,10015.989163153368,PRO,0.005,3.0,NORMAL,0.004694943301085054,0.4
1704290220.0,10015.554250110368,PRO,0.005,3.0,NORMAL,0.0047381613141910086,0.4
1704290280.0,10014.774272223369,PRO,0.005,3.0,NORMAL,0.004815668979424886,0.4
1704290340.0,10011.470186792369,PRO,0.005,3.0,NORMAL,0.005144001297249037,0.4
1704290400.0,10013.12357275337,PRO,0.005,3.0,NORMAL,0.004979701657857153,0.4
1704290460.0,10014.11070894637,PRO,0.005,3.0,NORMAL,0.004881608336414894,0.4
1704290520.0,10015.482013352368,PRO,0.005,3.0,NORMAL,0.004745339597767989,0.4
1704290580.0,10015.216647741368,PRO,0.005,3.0,NORMAL,0.004771709408098215,0.4
1704290640.0,10016.599295109369,PRO,0.005,3.0,NORMAL,0.0046343135009556105,0.4
1704290700.0,10016.173337036369,PRO,0.005,3.0,NORMAL,0.004676641644196597,0.4
1704290760.0,10015.213662751368,PRO,0.005,3.0,NORMAL,0.004772006031386538,0.4
1704290820.0,10015.737826995368,PRO,0.005,3.0,NORMAL,0.004719918981960325,0.4
1704290880.0,10016.861675730368,PRO,0.005,3.0,NORMAL,0.004608240313913708,0.4
1704290940.0,10016.01752055837,PRO,0.005,3.0,NORMAL,0.004692125379846077,0.4
1704291000.0,10016.70556075337,PRO,0.005,3.0,NORMAL,0.004623753711891893,0.4
1704291060.0,10017.090922962368,PRO,0.005,3.0,NORMAL,0.004585459645371882,0.4
1704291120.0,10017.474792676368,PRO,0.005,3.0,NORMAL,0.004547313890495942,0.4
1704291180.0,10018.399542578369,PRO,0.005,3.0,NORMAL,0.0044554199957792156,0.4
1704291240.0,10018.49715175137,PRO,0.005,3.0,NORMAL,0.00444572041425158,0.4
1704291300.0,10021.36244365237,PRO,0.005,3.0,NORMAL,0.004160991719808187,0.4
1704291360.0,10022.197942353368,PRO,0.005,3.0,NORMAL,0.004077966861411901,0.4
1704291420.0,10019.093851252368,PRO,0.005,3.0,NORMAL,0.00438642541891968,0.4
1704291480.0,10016.307960085369,PRO,0.005,3.0,NORMAL,0.004663263933894083,0.4
1704291540.0,10016.70556075337,PRO,0.005,3.0,NORMAL,0.004623753711891893,0.4
1704291600.0,10016.52675985237,PRO,0.005,3.0,NORMAL,0.004641521446861297,0.4
1704291660.0,10016.91928603737,PRO,0.005,3.0,NORMAL,0.004602515484449274,0.4
1704291720.0,10019.033554454369,PRO,0.005,3.0,NORMAL,0.00439241720934337,0.4
1704291780.0,10019.571449652369,PRO,0.005,3.0,NORMAL,0.004338965692790907,0.4
1704291840.0,10022.789567371368,PRO,0.005,3.0,NORMAL,0.004019176125669987,0.4
1704291900.0,10022.961801294368,PRO,0.005,3.0,NORMAL,0.004002060961934822,0.4
1704291960.0,10023.690437353369,PRO,0.005,3.0,NORMAL,0.003929655217259663,0.4
1704292020.0,10024.705333953369,PRO,0.005,3.0,NORMAL,0.0038288032992362005,0.4
1704292080.0,10022.94986133437,PRO,0.005,3.0,NORMAL,0.004003247455087932,0.4
1704292140.0,10024.236392024368,PRO,0.005,3.0,NORMAL,0.003875402817828892,0.4
1704292200.0,10019.989646751368,PRO,0.005,3.0,NORMAL,0.004297408770099525,0.4
1704292260.0,10022.859714636368,PRO,0.005,3.0,NORMAL,0.00401220547839485,0.4
1704292320.0,10021.612287315369,PRO,0.005,3.0,NORMAL,0.004136164350577168,0.4
1704292380.0,10021.46154532037,PRO,0.005,3.0,NORMAL,0.004151143826636481,0.4
1704292440.0,10022.538231213368,PRO,0.005,3.0,NORMAL,0.004044151806545258,0.4
1704292500.0,10023.45193665237,PRO,0.005,3.0,NORMAL,0.003953355417995164,0.4
1704292560.0,10024.49608615437,PRO,0.005,3.0,NORMAL,0.0038495965917462447,0.4
1704292620.0,10025.06353275337,PRO,0.005,3.0,NORMAL,0.00379320850463962,0.4
1704292680.0,10024.569815407369,PRO,0.005,3.0,NORMAL,0.003842269996525193,0.4
1704292740.0,10023.11433428337,PRO,0.005,3.0,NORMAL,0.00398690351190237,0.4
1704292800.0,10021.270207461368,PRO,0.005,3.0,NORMAL,0.004170157379416949,0.4
1704292860.0,10021.341847221369,PRO,0.005,3.0,NORMAL,0.00416303842049756,0.4
1704292920.0,10020.72067080237,PRO,0.005,3.0,NORMAL,0.004224765726793636,0.4
1704292980.0,10017.556282903368,PRO,0.005,3.0,NORMAL,0.004539216074725286,0.4
1704293040.0,10016.825258852368,PRO,0.005,3.0,NORMAL,0.004611859118030994,0.4
1704293100.0,10017.803141576369,PRO,0.005,3.0,NORMAL,0.004514685328782409,0.4
1704293160.0,10018.94728824337,PRO,0.005,3.0,NORMAL,0.004400989622375305,0.4
1704293220.0,10019.783682441368,PRO,0.005,3.0,NORMAL,0.00431787577699254,0.4
1704293280.0,10018.97713814337,PRO,0.005,3.0,NORMAL,0.004398023389492257,0.4
1704293340.0,10018.915050351368,PRO,0.005,3.0,NORMAL,0.0044041931538890845,0.4
1704293400.0,10018.284918962368,PRO,0.005,3.0,NORMAL,0.004466810330050129,0.4
1704293460.0,10019.12429815037,PRO,0.005,3.0,NORMAL,0.004383399861378859,0.4
1704293520.0,10020.18456659837,PRO,0.005,3.0,NORMAL,0.004278039269373141,0.4
1704293580.0,10021.06394465237,PRO,0.005,3.0,NORMAL,0.004190654048638671,0.4
1704293640.0,10019.988751254368,PRO,0.005,3.0,NORMAL,0.004297497757086003,0.4
1704293700.0,10020.645747553368,PRO,0.005,3.0,NORMAL,0.004232210971330234,0.4
1704293760.0,10019.53324178037,PRO,0.005,3.0,NORMAL,0.004342762470881151,0.4
1704293820.0,10021.479455260369,PRO,0.005,3.0,NORMAL,0.004149364086906724,0.4
1704293880.0,10021.568407962368,PRO,0.005,3.0,NORMAL,0.004140524712915352,0.4
1704293940.0,10021.90004035137,PRO,0.005,3.0,NORMAL,0.004107569865584611,0.4
1704294000.0,10019.50816786437,PRO,0.005,3.0,NORMAL,0.004345254106502919,0.4
1704294060.0,10019.721594649369,PRO,0.005,3.0,NORMAL,0.004324045541389186,0.4
1704294120.0,10017.064058052369,PRO,0.005,3.0,NORMAL,0.0045881292549666075,0.4
1704294180.0,10015.869763553368,PRO,0.005,3.0,NORMAL,0.004706808232617247,0.4
1704294240.0,10016.76526055337,PRO,0.005,3.0,NORMAL,0.004617821246125796,0.4
1704294300.0,10013.96354893937,PRO,0.005,3.0,NORMAL,0.004896231864528292,0.4
1704294360.0,10013.508934962369,PRO,0.005,3.0,NORMAL,0.004941407591337142,0.4
1704294420.0,10016.487357984368,PRO,0.005,3.0,NORMAL,0.004645436874267087,0.4
1704294480.0,10015.36440474637,PRO,0.005,3.0,NORMAL,0.004757026555327044,0.4
1704294540.0,10014.616366252369,PRO,0.005,3.0,NORMAL,0.00483136035137621,0.4
1704294600.0,10014.585620855369,PRO,0.005,3.0,NORMAL,0.004834415571245737,0.4
1704294660.0,10013.585947704369,PRO,0.005,3.0,NORMAL,0.0049337547104988805,0.4
1704294720.0,10014.380552042368,PRO,0.005,3.0,NORMAL,0.004854793591152274,0.4
1704294780.0,10015.311868922368,PRO,0.005,3.0,NORMAL,0.00476224712520131,0.4
1704294840.0,10014.857851943369,PRO,0.005,3.0,NORMAL,0.004807363527352388,0.4
1704294900.0,10015.437835500368,PRO,0.005,3.0,NORMAL,0.004749729622434879,0.4
1704294960.0,10015.57216005037,PRO,0.005,3.0,NORMAL,0.004736381574461071,0.4
1704295020.0,10013.39789333437,PRO,0.005,3.0,NORMAL,0.0049524419776619585,0.4
1704295080.0,10014.167125257369,PRO,0.005,3.0,NORMAL,0.004876002156266007,0.4
1704295140.0,10014.25876445037,PRO,0.005,3.0,NORMAL,0.004866895821315017,0.4
1704295200.0,10015.771855881369,PRO,0.005,3.0,NORMAL,0.004716537476473588,0.4
1704295260.0,10017.629415158368,PRO,0.005,3.0,NORMAL,0.004531948804161827,0.4
1704295320.0,10016.57481819137,PRO,0.005,3.0,NORMAL,0.004636745811919606,0.4
1704295380.0,10017.302857252369,PRO,0.005,3.0,NORMAL,0.00456439939190222,0.4
1704295440.0,10016.228857850369,PRO,0.005,3.0,NORMAL,0.004671124451034188,0.4
1704295500.0,10014.138767852368,PRO,0.005,3.0,NORMAL,0.004878820077504984,0.4
1704295560.0,10014.79576415137,PRO,0.005,3.0,NORMAL,0.004813533291749034,0.4
1704295620.0,10014.45129630537,PRO,0.005,3.0,NORMAL,0.004847763619219365,0.4
1704295680.0,10015.00441495237,PRO,0.005,3.0,NORMAL,0.004792799323896582,0.4
1704295740.0,10014.74084033537,PRO,0.005,3.0,NORMAL,0.00481899116025385,0.4
1704295800.0,10015.153067454368,PRO,0.005,3.0,NORMAL,0.004778027484139113,0.4
1704295860.0,10016.079011352369,PRO,0.005,3.0,NORMAL,0.004686014940107022,0.4
1704295920.0,10015.25276612037,PRO,0.005,3.0,NORMAL,0.004768120266309634,0.4
1704295980.0,10012.868953106368,PRO,0.005,3.0,NORMAL,0.005005003624349633,0.4
1704296040.0,10012.407473652369,PRO,0.005,3.0,NORMAL,0.005050861584721427,0.4
1704296100.0,10014.621142236369,PRO,0.005,3.0,NORMAL,0.00483088575411493,0.4
1704296160.0,10015.570070557369,PRO,0.005,3.0,NORMAL,0.004736589210762915,0.4
1704296220.0,10014.39547699237,PRO,0.005,3.0,NORMAL,0.00485331047471066,0.4
1704296280.0,10013.657288965369,PRO,0.005,3.0,NORMAL,0.004926665413908378,0.4
1704296340.0,10014.322643236368,PRO,0.005,3.0,NORMAL,0.004860548082945414,0.4
1704296400.0,10014.93605868137,PRO,0.005,3.0,NORMAL,0.004799591997198761,0.4
1704296460.0,10015.67603770237,PRO,0.005,3.0,NORMAL,0.004726059084028084,0.4
1704296520.0,10014.425028393369,PRO,0.005,3.0,NORMAL,0.004850373904156498,0.4
1704296580.0,10015.510967755368,PRO,0.005,3.0,NORMAL,0.004742462351871419,0.4
1704296640.0,10015.357240770369,PRO,0.005,3.0,NORMAL,0.004757738451219055,0.4
1704296700.0,10015.700514620368,PRO,0.005,3.0,NORMAL,0.004723626773064089,0.4
1704296760.0,10016.51690938537,PRO,0.005,3.0,NORMAL,0.004642500303712744,0.4
1704296820.0,10014.910387767368,PRO,0.005,3.0,NORMAL,0.004802142957478302,0.4
1704296880.0,10014.450102309369,PRO,0.005,3.0,NORMAL,0.0048478822685347304,0.4
1704296940.0,10014.798450642369,PRO,0.005,3.0,NORMAL,0.004813266330789597,0.4
1704297000.0,10016.371241873368,PRO,0.005,3.0,NORMAL,0.004656975520182071,0.4
1704297060.0,10014.878149875369,PRO,0.005,3.0,NORMAL,0.0048053464889919,0.4
1704297120.0,10015.455446941369,PRO,0.005,3.0,NORMAL,0.004747979545033828,0.4
1704297180.0,10004.38053704337,PRO,0.005,3.0,NORMAL,0.005848511269300732,0.4
1704297240.0,10002.456113990369,PRO,0.005,3.0,NORMAL,0.0060397443032706,0.4
1704297300.0,9999.758303866562,SCALE,0.01,3.0,SAFE,0.006307830062400317,0.4
1704297360.0,9999.758303866562,SCALE,0.005,3.0,SAFE,0.006307830062400317,0.35
1704297420.0,9999.758303866562,SCALE,0.005,3.0,SAFE,0.006307830062400317,0.35
1704297480.0,9999.758303866562,SCALE,0.005,3.0,SAFE,0.006307830062400317,0.3
1704297540.0,9999.758303866562,SCALE,0.005,3.0,SAFE,0.006307830062400317,0.3
1704297600.0,9999.758303866562,SCALE,0.005,3.0,SAFE,0.006307830062400317,0.3
1704297660.0,9999.758303866562,SCALE,0.005,3.0,SAFE,0.006307830062400317,0.3
1704297720.0,9999.758303866562,SCALE,0.005,3.0,SAFE,0.006307830062400317,0.3
1704297780.0,9999.758303866562,SCALE,0.005,3.0,SAFE,0.006307830062400317,0.3
1704297840.0,9999.758303866562,SCALE,0.005,3.0,SAFE,0.006307830062400317,0.3
1704297900.0,9999.758303866562,SCALE,0.005,3.0,SAFE,0.006307830062400317,0.3
1704297960.0,9373.125053643877,SCALE,0.005,3.0,SAFE,0.06857739051048252,0.3
1704298020.0,9374.121827676676,SCALE,0.005,3.0,SAFE,0.06847833946129799,0.3
1704298080.0,9373.488106534076,SCALE,0.005,3.0,SAFE,0.06854131335708523,0.3
1704298140.0,9370.915172752477,SCALE,0.005,3.0,SAFE,0.06879698995194397,0.3
1704298200.0,9373.283592023876,SCALE,0.005,3.0,SAFE,0.06856163629502524,0.3
1704298260.0,9372.861735807277,SCALE,0.005,3.0,SAFE,0.06860355683015573,0.3
1704298320.0,9373.443859913476,SCALE,0.005,3.0,SAFE,0.06854571021539928,0.3
1704298380.0,9373.315011448276,SCALE,0.005,3.0,SAFE,0.06855851409596185,0.3
1704298440.0,9372.837522672877,SCALE,0.005,3.0,SAFE,0.06860596292851652,0.3
1704298500.0,9373.228247716675,SCALE,0.005,3.0,SAFE,0.06856713594842129,0.3
1704298560.0,9373.591732984276,SCALE,0.005,3.0,SAFE,0.06853101582898175,0.3
1704298620.0,9372.478793556676,SCALE,0.005,3.0,SAFE,0.06864161042149233,0.3
1704298680.0,9371.074720013075,SCALE,0.005,3.0,SAFE,0.06878113548238839,0.3
1704298740.0,9372.911459208277,SCALE,0.005,3.0,SAFE,0.06859861573530775,0.3
1704298800.0,9371.584348841876,SCALE,0.005,3.0,SAFE,0.06873049284069997,0.3
1704298860.0,9373.019265306677,SCALE,0.005,3.0,SAFE,0.06858790286879675,0.3
1704298920.0,9372.075385442477,SCALE,0.005,3.0,SAFE,0.06868169773882427,0.3
1704298980.0,9372.816192054477,SCALE,0.005,3.0,SAFE,0.0686080825865962,0.3
1704299040.0,9373.170597396676,SCALE,0.005,3.0,SAFE,0.06857286475404206,0.3
1704299100.0,9373.861680607677,SCALE,0.005,3.0,SAFE,0.06850419069666197,0.3
1704299160.0,9373.545036225076,SCALE,0.005,3.0,SAFE,0.06853565616153465,0.3
1704299220.0,9373.982890405476,SCALE,0.005,3.0,SAFE,0.06849214588284426,0.3
1704299280.0,9374.845050941076,SCALE,0.005,3.0,SAFE,0.06840647159478433,0.3
1704299340.0,9375.165298468677,SCALE,0.005,3.0,SAFE,0.06837464807956035,0.3
1704299400.0,9373.877246194077,SCALE,0.005,3.0,SAFE,0.06850264391914435,0.3
1704299460.0,9374.637365663277,SCALE,0.005,3.0,SAFE,0.06842710961703338,0.3
1704299520.0,9374.726147156076,SCALE,0.005,3.0,SAFE,0.06841828725637734,0.3
1704299580.0,9373.410566853676,SCALE,0.005,3.0,SAFE,0.0685490186006453,0.3
1704299640.0,9372.095274802876,SCALE,0.005,3.0,SAFE,0.06867972130088514,0.3
1704299700.0,9372.087780261276,SCALE,0.005,3.0,SAFE,0.06868046604561585,0.3
1704299760.0,9371.900416721277,SCALE,0.005,3.0,SAFE,0.06869908466388351,0.3
1704299820.0,9371.095474128277,SCALE,0.005,3.0,SAFE,0.06877907311236475,0.3
1704299880.0,9367.662829949677,SCALE,0.005,3.0,SAFE,0.06912018052104457,0.3
1704299940.0,9368.356651550876,SCALE,0.005,3.0,SAFE,0.06905123434539771,0.3
1704300000.0,9368.369766998676,SCALE,0.005,3.0,SAFE,0.06904993104211893,0.3
1704300060.0,9369.269976745476,SCALE,0.005,3.0,SAFE,0.06896047574234924,0.3
1704300120.0,9367.876856762676,SCALE,0.005,3.0,SAFE,0.06909891233017727,0.3
1704300180.0,9367.962467487876,SCALE,0.005,3.0,SAFE,0.06909040505383027,0.3
1704300240.0,9368.195663032277,SCALE,0.005,3.0,SAFE,0.06906723203509385,0.3
1704300300.0,9366.495699221276,SCALE,0.005,3.0,SAFE,0.06923616019083895,0.3
1704300360.0,9367.061825363677,SCALE,0.005,3.0,SAFE,0.06917990331964204,0.3
1704300420.0,9368.385332585076,SCALE,0.005,3.0,SAFE,0.06904838426460129,0.3
1704300480.0,9368.768851338877,SCALE,0.005,3.0,SAFE,0.06901027338520847,0.3
1704300540.0,9368.728351989077,SCALE,0.005,3.0,SAFE,0.0690142978711571,0.3
1704300600.0,9368.795370486076,SCALE,0.005,3.0,SAFE,0.06900763813462299,0.3
1704300660.0,9368.265996422677,SCALE,0.005,3.0,SAFE,0.06906024289223638,0.3
1704300720.0,9368.017379417677,SCALE,0.005,3.0,SAFE,0.06908494836647629,0.3
1704300780.0,9368.133833064076,SCALE,0.005,3.0,SAFE,0.06907337617912232,0.3
1704300840.0,9369.422894219277,SCALE,0.005,3.0,SAFE,0.06894528008543985,0.3
1704300900.0,9369.913498442476,SCALE,0.005,3.0,SAFE,0.0688965279496064,0.3
1704300960.0,9369.172691830476,SCALE,0.005,3.0,SAFE,0.06897014310183447,0.3
1704301020.0,9368.097513362476,SCALE,0.005,3.0,SAFE,0.0690769853266634,0.3
1704301080.0,9368.269887819277,SCALE,0.005,3.0,SAFE,0.06905985619785697,0.3
1704301140.0,9368.798973631076,SCALE,0.005,3.0,SAFE,0.06900728008427169,0.3
1704301200.0,9369.078289431476,SCALE,0.005,3.0,SAFE,0.06897952402103857,0.3
1704301260.0,9368.814539217476,SCALE,0.005,3.0,SAFE,0.06900573330675405,0.3
1704301320.0,9368.075894492476,SCALE,0.005,3.0,SAFE,0.06907913362877119,0.3
1704301380.0,9367.705491186476,SCALE,0.005,3.0,SAFE,0.06911594120488522,0.3
1704301440.0,9367.851922999276,SCALE,0.005,3.0,SAFE,0.06910139003860824,0.3
1704301500.0,9367.405997774076,SCALE,0.005,3.0,SAFE,0.06914570235008556,0.3
1704301560.0,9366.713473305077,SCALE,0.005,3.0,SAFE,0.06921451962760602,0.3
1704301620.0,9366.886712516676,SCALE,0.005,3.0,SAFE,0.06919730456671543,0.3
1704301680.0,9367.551276580476,SCALE,0.005,3.0,SAFE,0.06913126575992103,0.3
1704301740.0,9367.194276973876,SCALE,0.005,3.0,SAFE,0.06916674138872816,0.3
1704301800.0,9367.623627732077,SCALE,0.005,3.0,SAFE,0.06912407610886677,0.3
1704301860.0,9367.390576313475,SCALE,0.005,3.0,SAFE,0.06914723480558924,0.3
1704301920.0,9367.283202592476,SCALE,0.005,3.0,SAFE,0.06915790470605798,0.3
1704301980.0,9367.623195354676,SCALE,0.005,3.0,SAFE,0.06912411907490904,0.3
1704302040.0,9367.717309502077,SCALE,0.005,3.0,SAFE,0.06911476679973286,0.3
1704302100.0,9367.670900994477,SCALE,0.005,3.0,SAFE,0.06911937848825765,0.3
1704302160.0,9364.033165802477,SCALE,0.005,3.0,SAFE,0.0694808661229337,0.3
1704302220.0,9365.686288728477,SCALE,0.005,3.0,SAFE,0.06931659262175564,0.3
1704302280.0,9364.926457510875,SCALE,0.005,3.0,SAFE,0.06939209827983868,0.3
1704302340.0,9363.399156408277,SCALE,0.005,3.0,SAFE,0.06954386866274906,0.3
1704302400.0,9364.738949845076,SCALE,0.005,3.0,SAFE,0.0694107312201205,0.3
1704302460.0,9364.452571880476,SCALE,0.005,3.0,SAFE,0.06943918906204205,0.3
1704302520.0,9364.465543202476,SCALE,0.005,3.0,SAFE,0.06943790008077741,0.3
1704302580.0,9364.846900069277,SCALE,0.005,3.0,SAFE,0.06940000403159534,0.3
1704302640.0,9365.330298002476,SCALE,0.005,3.0,SAFE,0.06935196799646448,0.3
1704302700.0,9364.978775176276,SCALE,0.005,3.0,SAFE,0.0693868993887377,0.3
1704302760.0,9365.189775347477,SCALE,0.005,3.0,SAFE,0.06936593196016529,0.3
1704302820.0,9365.779105743677,SCALE,0.005,3.0,SAFE,0.06930736924470605,0.3
1704302880.0,9366.137546608275,SCALE,0.005,3.0,SAFE,0.06927175039575854,0.3
1704302940.0,9365.814560690476,SCALE,0.005,3.0,SAFE,0.0693038460292493,0.3
1704303000.0,9366.154265201076,SCALE,0.005,3.0,SAFE,0.06927008904212846,0.3
1704303060.0,9366.094020616676,SCALE,0.005,3.0,SAFE,0.06927607564400222,0.3
1704303120.0,9366.742586716677,SCALE,0.005,3.0,SAFE,0.06921162658076753,0.3
1704303180.0,9367.578660482477,SCALE,0.005,3.0,SAFE,0.06912854457725101,0.3
1704303240.0,9367.017434617277,SCALE,0.005,3.0,SAFE,0.06918431449997005,0.3
1704303300.0,9366.598749168275,SCALE,0.005,3.0,SAFE,0.06922591995079169,0.3
1704303360.0,9366.182081480476,SCALE,0.005,3.0,SAFE,0.06926732489341637,0.3
1704303420.0,9366.200529582877,SCALE,0.005,3.0,SAFE,0.06926549167561763,0.3
1704303480.0,9366.656255362475,SCALE,0.005,3.0,SAFE,0.0692202054671849,0.3
1704303540.0,9366.275619124675,SCALE,0.005,3.0,SAFE,0.06925802990629659,0.3
1704303600.0,9366.744316226277,SCALE,0.005,3.0,SAFE,0.06921145471659886,0.3
1704303660.0,9366.532739551876,SCALE,0.005,3.0,SAFE,0.0692324794332275,0.3
1704303720.0,9367.147436088877,SCALE,0.005,3.0,SAFE,0.06917139604329503,0.3
1704303780.0,9367.094253668676,SCALE,0.005,3.0,SAFE,0.06917668086648035,0.3
1704303840.0,9365.583815284675,SCALE,0.005,3.0,SAFE,0.06932677557374686,0.3
1704303900.0,9366.124719412077,SCALE,0.005,3.0,SAFE,0.06927302505500903,0.3
1704303960.0,9364.867798310277,SCALE,0.005,3.0,SAFE,0.06939792733955774,0.3
1704304020.0,9364.398092328076,SCALE,0.005,3.0,SAFE,0.06944460278335378,0.3
1704304080.0,9364.112867369877,SCALE,0.005,3.0,SAFE,0.06947294604916289,0.3
1704304140.0,9364.428646997676,SCALE,0.005,3.0,SAFE,0.06944156651637472,0.3
1704304200.0,9364.448392232276,SCALE,0.005,3.0,SAFE,0.06943960440044956,0.3
1704304260.0,9364.308301954676,SCALE,0.005,3.0,SAFE,0.06945352539810828,0.3
1704304320.0,9364.762874727876,SCALE,0.005,3.0,SAFE,0.06940835376578781,0.3
1704304380.0,9364.090527870876,SCALE,0.005,3.0,SAFE,0.06947516596134104,0.3
1704304440.0,9364.249786879876,SCALE,0.005,3.0,SAFE,0.06945934013581338,0.3
1704304500.0,9364.821533928476,SCALE,0.005,3.0,SAFE,0.06940252470606857,0.3
1704304560.0,9365.628782534277,SCALE,0.005,3.0,SAFE,0.06932230710536244,0.3
1704304620.0,9365.736732758476,SCALE,0.005,3.0,SAFE,0.06931157991683748,0.3
1704304680.0,9366.888730277877,SCALE,0.005,3.0,SAFE,0.06919710405851866,0.3
1704304740.0,9367.549835322476,SCALE,0.005,3.0,SAFE,0.06913140898006158,0.3
1704304800.0,9366.966702335676,SCALE,0.005,3.0,SAFE,0.06918935584891651,0.3
1704304860.0,9366.655822985076,SCALE,0.005,3.0,SAFE,0.06922024843322697,0.3
1704304920.0,9366.949551365477,SCALE,0.005,3.0,SAFE,0.06919106016858867,0.3
1704304980.0,9367.117457922477,SCALE,0.005,3.0,SAFE,0.06917437502221786,0.3
1704305040.0,9367.463215716676,SCALE,0.005,3.0,SAFE,0.06914001651050687,0.3
1704305100.0,9368.087280430676,SCALE,0.005,3.0,SAFE,0.06907800218966108,0.3
1704305160.0,9369.125995071276,SCALE,0.005,3.0,SAFE,0.06897478343438737,0.3
1704305220.0,9368.593017862877,SCALE,0.005,3.0,SAFE,0.06902774624235207,0.3
1704305280.0,9368.265419919477,SCALE,0.005,3.0,SAFE,0.0690603001802926,0.3
1704305340.0,9367.635878425077,SCALE,0.005,3.0,SAFE,0.06912285873767232,0.3
1704305400.0,9366.886712516676,SCALE,0.005,3.0,SAFE,0.06919730456671543,0.3
1704305460.0,9367.482384448076,SCALE,0.005,3.0,SAFE,0.06913811168263793,0.3
1704305520.0,9367.495644021676,SCALE,0.005,3.0,SAFE,0.0691367940573452,0.3
1704305580.0,9367.522739672077,SCALE,0.005,3.0,SAFE,0.06913410151870329,0.3
1704305640.0,9367.146283082477,SCALE,0.005,3.0,SAFE,0.06917151061940748,0.3
1704305700.0,9367.387261420075,SCALE,0.005,3.0,SAFE,0.06914756421191243,0.3
1704305760.0,9368.302316124276,SCALE,0.005,3.0,SAFE,0.06905663374469528,0.3
1704305820.0,9368.008155366477,SCALE,0.005,3.0,SAFE,0.06908586497537567,0.3
1704305880.0,9369.086936979476,SCALE,0.005,3.0,SAFE,0.06897866470019542,0.3
1704305940.0,9368.522684472477,SCALE,0.005,3.0,SAFE,0.06903473538520953,0.3
1704306000.0,9368.561742564276,SCALE,0.005,3.0,SAFE,0.06903085411940148,0.3
1704306060.0,9367.831889513076,SCALE,0.005,3.0,SAFE,0.06910338079856151,0.3
1704306120.0,9367.655335408077,SCALE,0.005,3.0,SAFE,0.06912092526577528,0.3
1704306180.0,9368.014929279076,SCALE,0.005,3.0,SAFE,0.06908519184071532,0.3
1704306240.0,9368.155307808276,SCALE,0.005,3.0,SAFE,0.06907124219902849,0.3
1704306300.0,9367.146283082477,SCALE,0.005,3.0,SAFE,0.06917151061940748,0.3
1704306360.0,9365.687585860676,SCALE,0.005,3.0,SAFE,0.06931646372362923,0.3
1704306420.0,9366.182225606277,SCALE,0.005,3.0,SAFE,0.06926731057140223,0.3
1704306480.0,9365.359555539877,SCALE,0.005,3.0,SAFE,0.06934906062761184,0.3
1704306540.0,9365.288789772076,SCALE,0.005,3.0,SAFE,0.06935609273651157,0.3
1704306600.0,9365.028930954677,SCALE,0.005,3.0,SAFE,0.06938191532784746,0.3
1704306660.0,9365.098399590277,SCALE,0.005,3.0,SAFE,0.06937501211707432,0.3
1704306720.0,9364.952976658076,SCALE,0.005,3.0,SAFE,0.069389463029253,0.3
1704306780.0,9364.164320280477,SCALE,0.005,3.0,SAFE,0.06946783309014623,0.3
1704306840.0,9363.814815215475,SCALE,0.005,3.0,SAFE,0.06950256397422284,0.3
1704306900.0,9362.534545734075,SCALE,0.005,3.0,SAFE,0.06962978642504801,0.3
1704306960.0,9363.349144755677,SCALE,0.005,3.0,SAFE,0.06954883840162515,0.3
1704307020.0,9364.051469779077,SCALE,0.005,3.0,SAFE,0.0694790472271491,0.3
1704307080.0,9363.860214842476,SCALE,0.005,3.0,SAFE,0.06949805253979635,0.3
1704307140.0,9363.906479224277,SCALE,0.005,3.0,SAFE,0.06949345517328552,0.3
1704307200.0,9364.306284193477,SCALE,0.005,3.0,SAFE,0.06945372590630489,0.3
1704307260.0,9364.465399076676,SCALE,0.005,3.0,SAFE,0.06943791440279137,0.3
1704307320.0,9364.360187242677,SCALE,0.005,3.0,SAFE,0.06944836947304939,0.3
1704307380.0,9363.795502358276,SCALE,0.005,3.0,SAFE,0.06950448312410575,0.3
1704307440.0,9364.542506379676,SCALE,0.005,3.0,SAFE,0.06943025212527357,0.3
1704307500.0,9363.975659608277,SCALE,0.005,3.0,SAFE,0.06948658060654049,0.3
1704307560.0,9363.579313658276,SCALE,0.005,3.0,SAFE,0.06952596614518398,0.3
1704307620.0,9362.779415468276,SCALE,0.005,3.0,SAFE,0.06960545332317336,0.3
1704307680.0,9363.731942880477,SCALE,0.005,3.0,SAFE,0.0695107991323027,0.3
1704307740.0,9363.405353817676,SCALE,0.005,3.0,SAFE,0.06954325281614494,0.3
1704307800.0,9364.105372828277,SCALE,0.005,3.0,SAFE,0.0694736907938936,0.3
1704307860.0,9364.228312135676,SCALE,0.005,3.0,SAFE,0.06946147411590721,0.3
1704307920.0,9363.312680928277,SCALE,0.005,3.0,SAFE,0.06955246187118039,0.3
1704307980.0,9363.607129937676,SCALE,0.005,3.0,SAFE,0.0695232019964719,0.3
1704308040.0,9363.679913466676,SCALE,0.005,3.0,SAFE,0.06951596937937557,0.3
1704308100.0,9362.793539796676,SCALE,0.005,3.0,SAFE,0.06960404976579629,0.3
1704308160.0,9358.506950253077,SCALE,0.005,3.0,SAFE,0.07003001510773496,0.3
1704308220.0,9985.409264870668,SCALE,0.005,3.0,SAFE,0.007733717295178255,0.3
1704308280.0,9985.409264870668,SCALE,0.005,3.0,SAFE,0.007733717295178255,0.3
1704308340.0,9985.409264870668,SCALE,0.005,3.0,SAFE,0.007733717295178255,0.3
1704308400.0,9983.093643347354,SCALE,0.005,3.0,SAFE,0.007963824354402503,0.3
1704308460.0,9983.599703090355,SCALE,0.005,3.0,SAFE,0.007913536378547583,0.3
1704308520.0,9984.430717351353,SCALE,0.005,3.0,SAFE,0.007830957146213357,0.3
1704308580.0,9984.100292716354,SCALE,0.005,3.0,SAFE,0.007863791977073908,0.3
1704308640.0,9983.357983055354,SCALE,0.005,3.0,SAFE,0.007937556489714134,0.3
1704308700.0,9981.874842143354,SCALE,0.005,3.0,SAFE,0.00808493860299965,0.3
1704308760.0,9981.923629673354,SCALE,0.005,3.0,SAFE,0.00808009050716784,0.3
1704308820.0,9982.086254773354,SCALE,0.005,3.0,SAFE,0.008063930187728658,0.3
1704308880.0,9981.319699188354,SCALE,0.005,3.0,SAFE,0.008140104057085259,0.3
1704308940.0,9981.678213613353,SCALE,0.005,3.0,SAFE,0.008104477898321642,0.3
1704309000.0,9980.837294005354,SCALE,0.005,3.0,SAFE,0.008188041441021743,0.3
1704309060.0,9980.854147879354,SCALE,0.005,3.0,SAFE,0.008186366644279868,0.3
1704309120.0,9981.019138435355,SCALE,0.005,3.0,SAFE,0.008169971265648751,0.3
1704309180.0,9981.023721506353,SCALE,0.005,3.0,SAFE,0.008169515838464684,0.3
1704309240.0,9981.288061214354,SCALE,0.005,3.0,SAFE,0.008143247973776134,0.3
1704309300.0,9980.256278875355,SCALE,0.005,3.0,SAFE,0.008245777855018102,0.3
1704309360.0,9980.524758131354,SCALE,0.005,3.0,SAFE,0.008219098636743983,0.3
1704309420.0,9981.014703205354,SCALE,0.005,3.0,SAFE,0.00817041200163356,0.3
1704309480.0,9980.319259141354,SCALE,0.005,3.0,SAFE,0.008239519404035412,0.3
1704309540.0,9980.755981455353,SCALE,0.005,3.0,SAFE,0.008196121600741424,0.3
1704309600.0,9979.845428736355,SCALE,0.005,3.0,SAFE,0.008286604698401338,0.3
1704309660.0,9979.656192256354,SCALE,0.005,3.0,SAFE,0.00830540943374883,0.3
1704309720.0,9979.188719014353,SCALE,0.005,3.0,SAFE,0.008351863006536875,0.3
1704309780.0,9978.463115386354,SCALE,0.005,3.0,SAFE,0.008423967413634666,0.3
1704309840.0,9978.833900614354,SCALE,0.005,3.0,SAFE,0.008387121885313242,0.3
1704309900.0,9978.582570914354,SCALE,0.005,3.0,SAFE,0.008412096924446607,0.3
1704309960.0,9978.221247510353,SCALE,0.005,3.0,SAFE,0.008448002216000656,0.3
1704310020.0,9978.640081063355,SCALE,0.005,3.0,SAFE,0.0084063820478448,0.3
1704310080.0,9978.359035322354,SCALE,0.005,3.0,SAFE,0.008434310018075786,0.3
1704310140.0,9977.983223500354,SCALE,0.005,3.0,SAFE,0.008471655047179776,0.3
1704310200.0,9978.315126545354,SCALE,0.005,3.0,SAFE,0.008438673304324287,0.3
1704310260.0,9977.474650460354,SCALE,0.005,3.0,SAFE,0.008522192773426071,0.3
1704310320.0,9977.917434255354,SCALE,0.005,3.0,SAFE,0.0084781926309529,0.3
1704310380.0,9977.626926690355,SCALE,0.005,3.0,SAFE,0.008507060837951079,0.3
1704310440.0,9974.282171906354,SCALE,0.005,3.0,SAFE,0.008839434535217095,0.3
1704310500.0,9973.807454455355,SCALE,0.005,3.0,SAFE,0.00888660797678002,0.3
1704310560.0,9975.396745205355,SCALE,0.005,3.0,SAFE,0.008728677582260508,0.3
1704310620.0,9975.863774924353,SCALE,0.005,3.0,SAFE,0.008682268083071144,0.3
1704310680.0,9976.339231580354,SCALE,0.005,3.0,SAFE,0.00863502118551066,0.3
1704310740.0,9976.296357690355,SCALE,0.005,3.0,SAFE,0.008639281633362724,0.3
1704310800.0,9976.162265903355,SCALE,0.005,3.0,SAFE,0.008652606551300344,0.3
1704310860.0,9976.474653936355,SCALE,0.005,3.0,SAFE,0.008621564046777544,0.3
1704310920.0,9977.197892108354,SCALE,0.005,3.0,SAFE,0.008549694698871686,0.3
1704310980.0,9977.628257259354,SCALE,0.005,3.0,SAFE,0.008506928617155763,0.3
1704311040.0,9977.776985305354,SCALE,0.005,3.0,SAFE,0.008492149270468582,0.3
1704311100.0,9977.565572675354,SCALE,0.005,3.0,SAFE,0.008513157685739575,0.3
1704311160.0,9978.227752514355,SCALE,0.005,3.0,SAFE,0.008447355803222973,0.3
1704311220.0,9978.360513732354,SCALE,0.005,3.0,SAFE,0.00843416310608085,0.3
1704311280.0,9978.241797409355,SCALE,0.005,3.0,SAFE,0.00844596013927135,0.3
1704311340.0,9978.278905500354,SCALE,0.005,3.0,SAFE,0.00844227264819941,0.3
1704311400.0,9979.011753337354,SCALE,0.005,3.0,SAFE,0.008369448372326558,0.3
1704311460.0,9978.569117383355,SCALE,0.005,3.0,SAFE,0.00841343382360011,0.3
1704311520.0,9979.389634933354,SCALE,0.005,3.0,SAFE,0.008331897666429694,0.3
1704311580.0,9978.892889173354,SCALE,0.005,3.0,SAFE,0.00838126009671668,0.3
1704311640.0,9978.810837418354,SCALE,0.005,3.0,SAFE,0.008389413712433739,0.3
1704311700.0,9978.871600069355,SCALE,0.005,3.0,SAFE,0.008383375629443182,0.3
1704311760.0,9978.974940928354,SCALE,0.005,3.0,SAFE,0.00837310648099962,0.3
1704311820.0,9979.454980655355,SCALE,0.005,3.0,SAFE,0.008325404156254889,0.3
1704311880.0,9979.290581463354,SCALE,0.005,3.0,SAFE,0.008341740770088068,0.3
1704311940.0,9979.119825108355,SCALE,0.005,3.0,SAFE,0.00835870910549913,0.3
1704312000.0,9978.496970975355,SCALE,0.005,3.0,SAFE,0.008420603128951296,0.3
1704312060.0,9978.538218614354,SCALE,0.005,3.0,SAFE,0.008416504284293608,0.3
1704312120.0,9977.847357621355,SCALE,0.005,3.0,SAFE,0.008485156259511212,0.3
1704312180.0,9978.523138832354,SCALE,0.005,3.0,SAFE,0.008418002786641668,0.3
1704312240.0,9978.418023881355,SCALE,0.005,3.0,SAFE,0.008428448229479043,0.3
1704312300.0,9978.925266352355,SCALE,0.005,3.0,SAFE,0.008378042724028246,0.3
1704312360.0,9979.631354968355,SCALE,0.005,3.0,SAFE,0.008307877555263143,0.3
1704312420.0,9979.277719296355,SCALE,0.005,3.0,SAFE,0.008343018904443633,0.3
1704312480.0,9979.366276055354,SCALE,0.005,3.0,SAFE,0.008334218875949071,0.3
1704312540.0,9978.879731324354,SCALE,0.005,3.0,SAFE,0.008382567613471304,0.3
1704312600.0,9980.203943161354,SCALE,0.005,3.0,SAFE,0.008250978539637722,0.3
1704312660.0,9978.837300957353,SCALE,0.005,3.0,SAFE,0.008386783987725051,0.3
1704312720.0,9979.440787919355,SCALE,0.005,3.0,SAFE,0.00832681451140595,0.3
1704312780.0,9979.484548855355,SCALE,0.005,3.0,SAFE,0.008322465916356889,0.3
1704312840.0,9978.978489112355,SCALE,0.005,3.0,SAFE,0.00837275389221181,0.3
1704312900.0,9978.685172568354,SCALE,0.005,3.0,SAFE,0.008401901232000422,0.3
1704312960.0,9978.272252655353,SCALE,0.005,3.0,SAFE,0.008442933752176533,0.3
1704313020.0,9978.351791113355,SCALE,0.005,3.0,SAFE,0.008435029886850666,0.3
1704313080.0,9977.296649896354,SCALE,0.005,3.0,SAFE,0.008539880977612192,0.3
1704313140.0,9977.684141157355,SCALE,0.005,3.0,SAFE,0.008501375343748332,0.3
1704313200.0,9977.740025055355,SCALE,0.005,3.0,SAFE,0.008495822070341082,0.3
1704313260.0,9977.799161455354,SCALE,0.005,3.0,SAFE,0.008489945590545082,0.3
1704313320.0,9976.965338215354,SCALE,0.005,3.0,SAFE,0.008572803955669742,0.3
1704313380.0,9977.543248684355,SCALE,0.005,3.0,SAFE,0.008515376056862515,0.3
1704313440.0,9977.444195214353,SCALE,0.005,3.0,SAFE,0.00852521916052107,0.3
1704313500.0,9977.401321324354,SCALE,0.005,3.0,SAFE,0.008529479608373133,0.3
1704313560.0,9977.295319327353,SCALE,0.005,3.0,SAFE,0.008540013198407689,0.3
1704313620.0,9976.800495500354,SCALE,0.005,3.0,SAFE,0.008589184643101239,0.3
1704313680.0,9976.793694814354,SCALE,0.005,3.0,SAFE,0.0085898604382778,0.3
1704313740.0,9977.296502055355,SCALE,0.005,3.0,SAFE,0.008539895668811632,0.3
1704313800.0,9977.306998766355,SCALE,0.005,3.0,SAFE,0.00853885259364782,0.3
1704313860.0,9976.645853814354,SCALE,0.005,3.0,SAFE,0.008604551637767983,0.3
1704313920.0,9976.099285637354,SCALE,0.005,3.0,SAFE,0.008658865002283215,0.3
1704313980.0,9976.126044858354,SCALE,0.005,3.0,SAFE,0.008656205895175467,0.3
1704314040.0,9976.318829522354,SCALE,0.005,3.0,SAFE,0.008637048571040345,0.3
1704314100.0,9975.729683137353,SCALE,0.005,3.0,SAFE,0.008695593001008762,0.3
1704314160.0,9976.306854401355,SCALE,0.005,3.0,SAFE,0.008638238558198912,0.3
1704314220.0,9975.891569032354,SCALE,0.005,3.0,SAFE,0.008679506137566958,0.3
1704314280.0,9975.652510135355,SCALE,0.005,3.0,SAFE,0.008703261807142515,0.3
1704314340.0,9975.664337415354,SCALE,0.005,3.0,SAFE,0.008702086511183387,0.3
1704314400.0,9975.654432068353,SCALE,0.005,3.0,SAFE,0.008703070821549261,0.3
1704314460.0,9976.464452907354,SCALE,0.005,3.0,SAFE,0.008622577739542477,0.3
1704314520.0,9976.510283617354,SCALE,0.005,3.0,SAFE,0.00861802346770054,0.3
1704314580.0,9977.746825741355,SCALE,0.005,3.0,SAFE,0.008495146275164522,0.3
1704314640.0,9978.034967850353,SCALE,0.005,3.0,SAFE,0.008466513127358275,0.3
1704314700.0,9977.573112566353,SCALE,0.005,3.0,SAFE,0.008512408434565634,0.3
1704314760.0,9978.012348177353,SCALE,0.005,3.0,SAFE,0.008468760880880275,0.3
1704314820.0,9977.952029049355,SCALE,0.005,3.0,SAFE,0.008474754890272152,0.3
1704314880.0,9977.596914967355,SCALE,0.005,3.0,SAFE,0.008510043151447579,0.3
1704314940.0,9977.660930120353,SCALE,0.005,3.0,SAFE,0.00850368186206845,0.3
1704315000.0,9977.479381372354,SCALE,0.005,3.0,SAFE,0.008521722655042382,0.3
1704315060.0,9977.755104837353,SCALE,0.005,3.0,SAFE,0.008494323567993204,0.3
1704315120.0,9977.537926408355,SCALE,0.005,3.0,SAFE,0.00851590494004414,0.3
1704315180.0,9977.148513214353,SCALE,0.005,3.0,SAFE,0.008554601559501435,0.3
1704315240.0,9977.531569245355,SCALE,0.005,3.0,SAFE,0.008516536661622203,0.3
1704315300.0,9977.148808896354,SCALE,0.005,3.0,SAFE,0.008554572177102374,0.3
1704315360.0,9977.100612730354,SCALE,0.005,3.0,SAFE,0.008559361508136246,0.3
1704315420.0,9976.720217837354,SCALE,0.005,3.0,SAFE,0.008597161964424484,0.3
1704315480.0,9976.652210977354,SCALE,0.005,3.0,SAFE,0.00860391991618992,0.3
1704315540.0,9977.281422273354,SCALE,0.005,3.0,SAFE,0.008541394171159691,0.3
1704315600.0,9977.459718519354,SCALE,0.005,3.0,SAFE,0.00852367658457451,0.3
1704315660.0,9977.061139183354,SCALE,0.005,3.0,SAFE,0.008563284058400119,0.3
1704315720.0,9977.048277016354,SCALE,0.005,3.0,SAFE,0.008564562192755684,0.3
1704315780.0,9976.823410855353,SCALE,0.005,3.0,SAFE,0.008586907507180361,0.3
1704315840.0,9976.616433455354,SCALE,0.005,3.0,SAFE,0.008607475186466545,0.3
1704315900.0,9976.876042251353,SCALE,0.005,3.0,SAFE,0.008581677440161863,0.3
1704315960.0,9977.432811457355,SCALE,0.005,3.0,SAFE,0.008526350382881697,0.3
1704316020.0,9978.242832296355,SCALE,0.005,3.0,SAFE,0.008445857300874913,0.3
1704316080.0,9978.834048455354,SCALE,0.005,3.0,SAFE,0.008387107194113803,0.3
1704316140.0,9978.822812539354,SCALE,0.005,3.0,SAFE,0.008388223725274991,0.3
1704316200.0,9978.271956973354,SCALE,0.005,3.0,SAFE,0.008442963134575411,0.3
1704316260.0,9978.848241191354,SCALE,0.005,3.0,SAFE,0.00838569683896274,0.3
1704316320.0,9978.894071901354,SCALE,0.005,3.0,SAFE,0.008381142567120803,0.3
1704316380.0,9978.746378742355,SCALE,0.005,3.0,SAFE,0.008395819075411365,0.3
1704316440.0,9978.626923214355,SCALE,0.005,3.0,SAFE,0.008407689564599426,0.3
1704316500.0,9976.025217296354,SCALE,0.005,3.0,SAFE,0.008666225293227837,0.3
1704316560.0,9975.253191594355,SCALE,0.005,3.0,SAFE,0.008742942736965503,0.3
1704316620.0,9975.453663990354,SCALE,0.005,3.0,SAFE,0.00872302147045682,0.3
1704316680.0,9975.970516126354,SCALE,0.005,3.0,SAFE,0.00867166103703921,0.3
1704316740.0,9975.608453517354,SCALE,0.005,3.0,SAFE,0.008707639784590637,0.3
1704316800.0,9975.851799803355,SCALE,0.005,3.0,SAFE,0.00868345807022971,0.3
1704316860.0,9976.127079745354,SCALE,0.005,3.0,SAFE,0.00865610305677903,0.3
1704316920.0,9976.538373407355,SCALE,0.005,3.0,SAFE,0.008615232139797294,0.3
1704316980.0,9976.290739732354,SCALE,0.005,3.0,SAFE,0.00863983989894341,0.3
1704317040.0,9975.455585923355,SCALE,0.005,3.0,SAFE,0.008722830484863386,0.3
1704317100.0,9976.201000245353,SCALE,0.005,3.0,SAFE,0.008648757457034029,0.3
1704317160.0,9975.863774924353,SCALE,0.005,3.0,SAFE,0.008682268083071144,0.3
1704317220.0,9975.581546455354,SCALE,0.005,3.0,SAFE,0.008710313582897825,0.3
1704317280.0,9974.993582798354,SCALE,0.005,3.0,SAFE,0.008768740483270365,0.3
1704317340.0,9975.877228455354,SCALE,0.005,3.0,SAFE,0.008680931183917459,0.3
1704317400.0,9976.113774055355,SCALE,0.005,3.0,SAFE,0.008657425264733095,0.3
1704317460.0,9976.498160655354,SCALE,0.005,3.0,SAFE,0.008619228146058727,0.3
1704317520.0,9976.527728855353,SCALE,0.005,3.0,SAFE,0.008616289906160727,0.3
1704317580.0,9975.492841855354,SCALE,0.005,3.0,SAFE,0.008719128302592007,0.3
1704317640.0,9975.407537598354,SCALE,0.005,3.0,SAFE,0.008727605124697817,0.3
1704317700.0,9975.399110661354,SCALE,0.005,3.0,SAFE,0.008728442523068754,0.3
1704317760.0,9975.440949664355,SCALE,0.005,3.0,SAFE,0.008724284913612946,0.3
1704317820.0,9975.936217014354,SCALE,0.005,3.0,SAFE,0.008675069395320898,0.3
1704317880.0,9976.045323672355,SCALE,0.005,3.0,SAFE,0.00866422729009703,0.3
1704317940.0,9975.971551013354,SCALE,0.005,3.0,SAFE,0.008671558198642772,0.3
1704318000.0,9975.610966814354,SCALE,0.005,3.0,SAFE,0.008707390034199264,0.3
1704318060.0,9975.433557614355,SCALE,0.005,3.0,SAFE,0.008725019473587448,0.3
1704318120.0,9975.464012860355,SCALE,0.005,3.0,SAFE,0.008721993086492448,0.3
1704318180.0,9975.474361730354,SCALE,0.005,3.0,SAFE,0.008720964702528257,0.3
1704318240.0,9975.184445529354,SCALE,0.005,3.0,SAFE,0.008749774144728498,0.3
1704318300.0,9975.138023455354,SCALE,0.005,3.0,SAFE,0.008754387181368372,0.3
1704318360.0,9974.635364055353,SCALE,0.005,3.0,SAFE,0.008804337259635104,0.3
1704318420.0,9974.594264257354,SCALE,0.005,3.0,SAFE,0.008808421413093353,0.3
1704318480.0,9974.771377775354,SCALE,0.005,3.0,SAFE,0.008790821356104048,0.3
1704318540.0,9974.461355198355,SCALE,0.005,3.0,SAFE,0.008821628801434915,0.3
1704318600.0,9974.506742385354,SCALE,0.005,3.0,SAFE,0.008817118603191478,0.3
1704318660.0,9973.778034096355,SCALE,0.005,3.0,SAFE,0.00888953152547858,0.3
1704318720.0,9973.931640895355,SCALE,0.005,3.0,SAFE,0.008874267369208272,0.3
1704318780.0,9974.137139885353,SCALE,0.005,3.0,SAFE,0.008853846601917025,0.3
1704318840.0,9974.043852214354,SCALE,0.005,3.0,SAFE,0.008863116748795275,0.3
1704318900.0,9973.813811618355,SCALE,0.005,3.0,SAFE,0.008885976255201955,0.3
1704318960.0,9973.843971182354,SCALE,0.005,3.0,SAFE,0.008882979250506018,0.3
1704319020.0,9974.343082398354,SCALE,0.005,3.0,SAFE,0.008833381761027097,0.3
1704319080.0,9974.812625414354,SCALE,0.005,3.0,SAFE,0.00878672251144636,0.3
1704319140.0,9974.374868213354,SCALE,0.005,3.0,SAFE,0.008830223153136783,0.3
1704319200.0,9974.502454996355,SCALE,0.005,3.0,SAFE,0.008817544647976665,0.3
1704319260.0,9974.306122148355,SCALE,0.005,3.0,SAFE,0.008837054560899598,0.3
1704319320.0,9974.670402372354,SCALE,0.005,3.0,SAFE,0.008800855445355858,0.3
1704319380.0,9974.027885386355,SCALE,0.005,3.0,SAFE,0.00886470339834015,0.3
1704319440.0,9974.646599971355,SCALE,0.005,3.0,SAFE,0.008803220728473733,0.3
1704319500.0,9974.990182455354,SCALE,0.005,3.0,SAFE,0.008769078380858556,0.3
1704319560.0,9974.981607677355,SCALE,0.005,3.0,SAFE,0.008769930470428932,0.3
1704319620.0,9975.213126683355,SCALE,0.005,3.0,SAFE,0.008746924052027314,0.3
1704319680.0,9975.138023455354,SCALE,0.005,3.0,SAFE,0.008754387181368372,0.3
1704319740.0,9974.510586251354,SCALE,0.005,3.0,SAFE,0.008816736632004787,0.3
1704319800.0,9974.842489296354,SCALE,0.005,3.0,SAFE,0.008783754889149299,0.3
1704319860.0,9974.251125296354,SCALE,0.005,3.0,SAFE,0.00884251968711003,0.3
1704319920.0,9974.302573964354,SCALE,0.005,3.0,SAFE,0.008837407149687409,0.3
1704319980.0,9974.175578545353,SCALE,0.005,3.0,SAFE,0.008850026890049588,0.3
1704320040.0,9974.308931127354,SCALE,0.005,3.0,SAFE,0.008836775428109346,0.3
1704320100.0,9974.273597128355,SCALE,0.005,3.0,SAFE,0.008840286624787471,0.3
1704320160.0,9974.582436977355,SCALE,0.005,3.0,SAFE,0.008809596709052481,0.3
1704320220.0,9974.990034614355,SCALE,0.005,3.0,SAFE,0.008769093072057995,0.3
1704320280.0,9975.287638547354,SCALE,0.005,3.0,SAFE,0.008739519687484376,0.3
1704320340.0,9974.881962843354,SCALE,0.005,3.0,SAFE,0.008779832338885426,0.3
1704320400.0,9975.138023455354,SCALE,0.005,3.0,SAFE,0.008754387181368372,0.3
1704320460.0,9975.374421214354,SCALE,0.005,3.0,SAFE,0.008730895953383628,0.3
1704320520.0,9976.506291910355,SCALE,0.005,3.0,SAFE,0.008618420130086669,0.3
1704320580.0,9976.274920745354,SCALE,0.005,3.0,SAFE,0.008641411857288847,0.3
1704320640.0,9976.404133779355,SCALE,0.005,3.0,SAFE,0.008628571748934354,0.3
1704320700.0,9975.750972241354,SCALE,0.005,3.0,SAFE,0.00869347746828208,0.3
1704320760.0,9975.995501255355,SCALE,0.005,3.0,SAFE,0.008669178224325277,0.3
1704320820.0,9976.762056840354,SCALE,0.005,3.0,SAFE,0.008593004354968676,0.3
1704320880.0,9976.586126050353,SCALE,0.005,3.0,SAFE,0.008610486882362104,0.3
1704320940.0,9977.757618134354,SCALE,0.005,3.0,SAFE,0.00849407381760183,0.3
1704321000.0,9977.888309578355,SCALE,0.005,3.0,SAFE,0.008481086797252402,0.3
1704321060.0,9976.882547255354,SCALE,0.005,3.0,SAFE,0.00858103102738418,0.3
1704321120.0,9977.571781997354,SCALE,0.005,3.0,SAFE,0.00851254065536095,0.3
1704321180.0,9977.119240696355,SCALE,0.005,3.0,SAFE,0.008557510417000374,0.3
1704321240.0,9977.029501209354,SCALE,0.005,3.0,SAFE,0.008566427975090994,0.3
1704321300.0,9977.443012486354,SCALE,0.005,3.0,SAFE,0.008525336690116946,0.3
1704321360.0,9977.444195214353,SCALE,0.005,3.0,SAFE,0.00852521916052107,0.3
1704321420.0,9977.444343055355,SCALE,0.005,3.0,SAFE,0.008525204469321448,0.3
1704321480.0,9977.444195214353,SCALE,0.005,3.0,SAFE,0.00852521916052107,0.3
1704321540.0,9978.034820009354,SCALE,0.005,3.0,SAFE,0.008466527818557714,0.3
1704321600.0,9978.346173155354,SCALE,0.005,3.0,SAFE,0.008435588152431351,0.3
1704321660.0,9978.000373056355,SCALE,0.005,3.0,SAFE,0.008469950868038843,0.3
1704321720.0,9977.755400519354,SCALE,0.005,3.0,SAFE,0.008494294185594144,0.3
1704321780.0,9978.219916941354,SCALE,0.005,3.0,SAFE,0.008448134436795972,0.3
1704321840.0,9978.282305843355,SCALE,0.005,3.0,SAFE,0.008441934750611038,0.3
1704321900.0,9978.047682176355,SCALE,0.005,3.0,SAFE,0.008465249684201969,0.3
1704321960.0,9977.220659622355,SCALE,0.005,3.0,SAFE,0.008547432254150068,0.3
1704322020.0,9976.984409704353,SCALE,0.005,3.0,SAFE,0.008570908790935554,0.3
1704322080.0,9977.220363940354,SCALE,0.005,3.0,SAFE,0.008547461636549127,0.3
1704322140.0,9977.220363940354,SCALE,0.005,3.0,SAFE,0.008547461636549127,0.3
1704322200.0,9977.100612730354,SCALE,0.005,3.0,SAFE,0.008559361508136246,0.3
1704322260.0,9976.785859241354,SCALE,0.005,3.0,SAFE,0.0085906390718508,0.3
1704322320.0,9976.813949031353,SCALE,0.005,3.0,SAFE,0.008587847743947736,0.3
1704322380.0,9976.725540113353,SCALE,0.005,3.0,SAFE,0.008596633081242857,0.3
1704322440.0,9976.778023668354,SCALE,0.005,3.0,SAFE,0.008591417705423798,0.3
1704322500.0,9977.132398545355,SCALE,0.005,3.0,SAFE,0.00855620290024575,0.3
1704322560.0,9977.204988476355,SCALE,0.005,3.0,SAFE,0.008548989521296065,0.3
1704322620.0,9977.205136317354,SCALE,0.005,3.0,SAFE,0.008548974830096626,0.3
1704322680.0,9977.014864950354,SCALE,0.005,3.0,SAFE,0.008567882403840555,0.3
1704322740.0,9976.857709967355,SCALE,0.005,3.0,SAFE,0.008583499148898492,0.3
1704322800.0,9976.523884989354,SCALE,0.005,3.0,SAFE,0.008616671877347416,0.3
1704322860.0,9977.512349915354,SCALE,0.005,3.0,SAFE,0.008518446517556011,0.3
1704322920.0,9977.924974146354,SCALE,0.005,3.0,SAFE,0.00847744337977896,0.3
1704322980.0,9978.224795694354,SCALE,0.005,3.0,SAFE,0.008447649627212846,0.3
1704323040.0,9977.999190328354,SCALE,0.005,3.0,SAFE,0.0084700683976349,0.3
1704323100.0,9978.111697329354,SCALE,0.005,3.0,SAFE,0.008458888394822842,0.3
1704323160.0,9978.272252655353,SCALE,0.005,3.0,SAFE,0.008442933752176533,0.3
1704323220.0,9978.259686170355,SCALE,0.005,3.0,SAFE,0.008444182504133039,0.3
1704323280.0,9978.384316133353,SCALE,0.005,3.0,SAFE,0.008431797822962973,0.3
1704323340.0,9978.750666131355,SCALE,0.005,3.0,SAFE,0.008395393030626178,0.3
1704323400.0,9978.928666695354,SCALE,0.005,3.0,SAFE,0.008377704826440057,0.3
1704323460.0,9977.893779695354,SCALE,0.005,3.0,SAFE,0.008480543222871336,0.3
1704323520.0,9978.605781951353,SCALE,0.005,3.0,SAFE,0.008409790406126669,0.3
1704323580.0,9978.687981547355,SCALE,0.005,3.0,SAFE,0.008401622099209988,0.3
1704323640.0,9978.598094219355,SCALE,0.005,3.0,SAFE,0.008410554348500047,0.3
1704323700.0,9978.801671276355,SCALE,0.005,3.0,SAFE,0.008390324566802054,0.3
1704323760.0,9978.452322993355,SCALE,0.005,3.0,SAFE,0.008425039871197356,0.3
1704323820.0,9978.119089379354,SCALE,0.005,3.0,SAFE,0.008458153834848341,0.3
1704323880.0,9977.827694768353,SCALE,0.005,3.0,SAFE,0.00848711018904352,0.3
1704323940.0,9977.757765975353,SCALE,0.005,3.0,SAFE,0.00849405912640239,0.3
1704324000.0,9977.548718801354,SCALE,0.005,3.0,SAFE,0.008514832482481449,0.3
1704324060.0,9977.335532079354,SCALE,0.005,3.0,SAFE,0.008536017192146255,0.3
1704324120.0,9977.631509761355,SCALE,0.005,3.0,SAFE,0.00850660541076683,0.3
1704324180.0,9977.739581532354,SCALE,0.005,3.0,SAFE,0.008495866143939582,0.3
1704324240.0,9977.642006472353,SCALE,0.005,3.0,SAFE,0.0085055623356032,0.3
1704324300.0,9976.751116606354,SCALE,0.005,3.0,SAFE,0.008594091503730986,0.3
1704324360.0,9976.638313923355,SCALE,0.005,3.0,SAFE,0.008605300888941923,0.3
1704324420.0,9976.441094029355,SCALE,0.005,3.0,SAFE,0.008624898949061854,0.3
1704324480.0,9976.585386845354,SCALE,0.005,3.0,SAFE,0.00861056033835948,0.3
1704324540.0,9976.610076292354,SCALE,0.005,3.0,SAFE,0.008608106908044607,0.3
1704324600.0,9977.031423142354,SCALE,0.005,3.0,SAFE,0.00856623698949756,0.3
1704324660.0,9976.851796327353,SCALE,0.005,3.0,SAFE,0.008584086796878236,0.3
1704324720.0,9976.790146630354,SCALE,0.005,3.0,SAFE,0.008590213027065611,0.3
1704324780.0,9977.499783430354,SCALE,0.005,3.0,SAFE,0.008519695269512698,0.3
1704324840.0,9977.531421404354,SCALE,0.005,3.0,SAFE,0.008516551352821823,0.3
1704324900.0,9977.525064241354,SCALE,0.005,3.0,SAFE,0.008517183074399885,0.3
1704324960.0,9977.296058532354,SCALE,0.005,3.0,SAFE,0.00853993974241013,0.3
1704325020.0,9977.426158612354,SCALE,0.005,3.0,SAFE,0.00852701148685882,0.3
1704325080.0,9977.176455163355,SCALE,0.005,3.0,SAFE,0.008551824922797628,0.3
1704325140.0,9976.884025665355,SCALE,0.005,3.0,SAFE,0.008580884115389244,0.3
1704325200.0,9976.688875545355,SCALE,0.005,3.0,SAFE,0.0086002764987163,0.3
1704325260.0,9976.745794330354,SCALE,0.005,3.0,SAFE,0.008594620386912612,0.3
1704325320.0,9976.970512650354,SCALE,0.005,3.0,SAFE,0.008572289763687556,0.3
1704325380.0,9977.289849210354,SCALE,0.005,3.0,SAFE,0.008540556772788754,0.3
1704325440.0,9977.503479455354,SCALE,0.005,3.0,SAFE,0.008519327989525448,0.3
1704325500.0,9977.106822052354,SCALE,0.005,3.0,SAFE,0.008558744477757622,0.3
1704325560.0,9976.744168079354,SCALE,0.005,3.0,SAFE,0.008594781990106987,0.3
1704325620.0,9976.612589589355,SCALE,0.005,3.0,SAFE,0.008607857157653234,0.3
1704325680.0,9976.614363681354,SCALE,0.005,3.0,SAFE,0.008607680863259418,0.3
1704325740.0,9976.047541287355,SCALE,0.005,3.0,SAFE,0.008664006922104716,0.3
1704325800.0,9976.222880713354,SCALE,0.005,3.0,SAFE,0.008646583159509407,0.3
1704325860.0,9976.628408576355,SCALE,0.005,3.0,SAFE,0.008606285199307796,0.3
1704325920.0,9976.409603896354,SCALE,0.005,3.0,SAFE,0.00862802817455329,0.3
1704325980.0,9976.171136363355,SCALE,0.005,3.0,SAFE,0.008651725079330909,0.3
1704326040.0,9975.788080332355,SCALE,0.005,3.0,SAFE,0.008689789977209959,0.3
1704326100.0,9975.787932491354,SCALE,0.005,3.0,SAFE,0.00868980466840958,0.3
1704326160.0,9976.147038280355,SCALE,0.005,3.0,SAFE,0.008654119744847843,0.3
1704326220.0,9975.882402890355,SCALE,0.005,3.0,SAFE,0.008680416991935273,0.3
1704326280.0,9975.677790946354,SCALE,0.005,3.0,SAFE,0.008700749612029704,0.3
1704326340.0,9975.445089212355,SCALE,0.005,3.0,SAFE,0.008723873560027198,0.3
1704326400.0,9975.991509548354,SCALE,0.005,3.0,SAFE,0.008669574886711585,0.3
1704326460.0,9975.624716027354,SCALE,0.005,3.0,SAFE,0.0087060237526467,0.3
1704326520.0,9975.282464112353,SCALE,0.005,3.0,SAFE,0.008740033879466562,0.3
1704326580.0,9975.819866147354,SCALE,0.005,3.0,SAFE,0.008686631369319645,0.3
1704326640.0,9975.802125227354,SCALE,0.005,3.0,SAFE,0.008688394313258517,0.3
1704326700.0,9975.931929625354,SCALE,0.005,3.0,SAFE,0.008675495440106085,0.3
1704326760.0,9976.626338802354,SCALE,0.005,3.0,SAFE,0.00860649087610067,0.3
1704326820.0,9975.520635963354,SCALE,0.005,3.0,SAFE,0.00871636635708782,0.3
1704326880.0,9975.197012014354,SCALE,0.005,3.0,SAFE,0.008748525392771812,0.3
1704326940.0,9974.857421237353,SCALE,0.005,3.0,SAFE,0.00878227107800086,0.3
1704327000.0,9974.767090386355,SCALE,0.005,3.0,SAFE,0.008791247400889237,0.3
1704327060.0,9974.487670896355,SCALE,0.005,3.0,SAFE,0.008819013767925666,0.3
1704327120.0,9974.708101827355,SCALE,0.005,3.0,SAFE,0.008797109189485798,0.3
1704327180.0,9974.512064661354,SCALE,0.005,3.0,SAFE,0.008816589720009852,0.3
1704327240.0,9974.096927133354,SCALE,0.005,3.0,SAFE,0.008857842608178276,0.3
1704327300.0,9974.003343780354,SCALE,0.005,3.0,SAFE,0.008867142137455585,0.3
1704327360.0,9974.066028364354,SCALE,0.005,3.0,SAFE,0.008860913068871774,0.3
1704327420.0,9973.835839927355,SCALE,0.005,3.0,SAFE,0.008883787266477894,0.3
1704327480.0,9974.102692932354,SCALE,0.005,3.0,SAFE,0.008857269651398152,0.3
1704327540.0,9974.354022632355,SCALE,0.005,3.0,SAFE,0.008832294612264787,0.3
1704327600.0,9975.039413508353,SCALE,0.005,3.0,SAFE,0.008764186211428429,0.3
1704327660.0,9975.049466696355,SCALE,0.005,3.0,SAFE,0.008763187209862935,0.3
1704327720.0,9975.785862717354,SCALE,0.005,3.0,SAFE,0.008690010345202453,0.3
1704327780.0,9975.630038303354,SCALE,0.005,3.0,SAFE,0.008705494869465076,0.3
1704327840.0,9975.744023714355,SCALE,0.005,3.0,SAFE,0.008694167954658081,0.3
1704327900.0,9975.557744054355,SCALE,0.005,3.0,SAFE,0.0087126788660157,0.3
1704327960.0,9975.576224179355,SCALE,0.005,3.0,SAFE,0.008710842466079451,0.3
1704328020.0,9975.256148414353,SCALE,0.005,3.0,SAFE,0.00874264891297581,0.3
1704328080.0,9975.011619400355,SCALE,0.005,3.0,SAFE,0.008766948156932434,0.3
1704328140.0,9974.777882779354,SCALE,0.005,3.0,SAFE,0.008790174943326547,0.3
1704328200.0,9974.578297429354,SCALE,0.005,3.0,SAFE,0.008810008062638229,0.3
1704328260.0,9975.133440384354,SCALE,0.005,3.0,SAFE,0.00875484260855262,0.3
1704328320.0,9975.269010581354,SCALE,0.005,3.0,SAFE,0.008741370778620064,0.3
1704328380.0,9975.325042320354,SCALE,0.005,3.0,SAFE,0.008735802814013377,0.3
1704328440.0,9975.332877893354,SCALE,0.005,3.0,SAFE,0.008735024180440377,0.3
1704328500.0,9975.149850735354,SCALE,0.005,3.0,SAFE,0.008753211885409245,0.3
1704328560.0,9974.027737545353,SCALE,0.005,3.0,SAFE,0.00886471808953977,0.3
1704328620.0,9974.135365793354,SCALE,0.005,3.0,SAFE,0.00885402289631084,0.3
1704328680.0,9974.786014034355,SCALE,0.005,3.0,SAFE,0.008789366927354488,0.3
1704328740.0,9974.592638006354,SCALE,0.005,3.0,SAFE,0.008808583016287728,0.3
1704328800.0,9975.067503298354,SCALE,0.005,3.0,SAFE,0.008761394883525184,0.3
1704328860.0,9974.694204773354,SCALE,0.005,3.0,SAFE,0.00879849016223798,0.3
1704328920.0,9974.861708626355,SCALE,0.005,3.0,SAFE,0.008781845033215491,0.3
1704328980.0,9974.976728924354,SCALE,0.005,3.0,SAFE,0.00877041528001224,0.3
1704329040.0,9975.285864455354,SCALE,0.005,3.0,SAFE,0.00873969598187819,0.3
1704329100.0,9975.157242785353,SCALE,0.005,3.0,SAFE,0.008752477325434745,0.3
1704329160.0,9975.256296255355,SCALE,0.005,3.0,SAFE,0.00874263422177619,0.3
1704329220.0,9975.511765503354,SCALE,0.005,3.0,SAFE,0.008717247829057258,0.3
1704329280.0,9975.597808965354,SCALE,0.005,3.0,SAFE,0.008708697550953888,0.3
1704329340.0,9975.653397181355,SCALE,0.005,3.0,SAFE,0.008703173659945516,0.3
1704329400.0,9975.532611084354,SCALE,0.005,3.0,SAFE,0.008715176369929073,0.3
1704329460.0,9975.275663426353,SCALE,0.005,3.0,SAFE,0.008740709674643124,0.3
1704329520.0,9975.517235620355,SCALE,0.005,3.0,SAFE,0.008716704254676012,0.3
1704329580.0,9975.802420909355,SCALE,0.005,3.0,SAFE,0.008688364930859458,0.3
1704329640.0,9975.210613386354,SCALE,0.005,3.0,SAFE,0.008747173802418687,0.3
1704329700.0,9974.842341455354,SCALE,0.005,3.0,SAFE,0.008783769580348738,0.3
1704329760.0,9975.258661711354,SCALE,0.005,3.0,SAFE,0.008742399162584437,0.3
1704329820.0,9975.095297406355,SCALE,0.005,3.0,SAFE,0.008758632938020998,0.3
1704329880.0,9975.034239073355,SCALE,0.005,3.0,SAFE,0.008764700403410434,0.3
1704329940.0,9975.019602814355,SCALE,0.005,3.0,SAFE,0.008766154832159995,0.3
1704330000.0,9975.256444096354,SCALE,0.005,3.0,SAFE,0.008742619530576751,0.3
1704330060.0,9974.286902818354,SCALE,0.005,3.0,SAFE,0.008838964416833408,0.3
1704330120.0,9974.458694060355,SCALE,0.005,3.0,SAFE,0.008821893243025729,0.3
1704330180.0,9974.593377211355,SCALE,0.005,3.0,SAFE,0.00880850956029017,0.3
1704330240.0,9974.711206488355,SCALE,0.005,3.0,SAFE,0.008796800674296487,0.3
1704330300.0,9974.946125837354,SCALE,0.005,3.0,SAFE,0.008773456358306678,0.3
1704330360.0,9975.561144397354,SCALE,0.005,3.0,SAFE,0.00871234096842751,0.3
1704330420.0,9975.740179848353,SCALE,0.005,3.0,SAFE,0.00869454992584495,0.3
1704330480.0,9975.875602204354,SCALE,0.005,3.0,SAFE,0.008681092787111834,0.3
1704330540.0,9975.651475248354,SCALE,0.005,3.0,SAFE,0.008703364645538952,0.3
1704330600.0,9974.918036047355,SCALE,0.005,3.0,SAFE,0.008776247686209743,0.3
1704330660.0,9974.967267100354,SCALE,0.005,3.0,SAFE,0.008771355516779615,0.3
1704330720.0,9974.977172447354,SCALE,0.005,3.0,SAFE,0.008770371206413741,0.3
1704330780.0,9974.881371479354,SCALE,0.005,3.0,SAFE,0.008779891103683364,0.3
1704330840.0,9974.758072085355,SCALE,0.005,3.0,SAFE,0.008792143564058112,0.3
1704330900.0,9975.606827266354,SCALE,0.005,3.0,SAFE,0.008707801387785012,0.3
1704330960.0,9976.023295363355,SCALE,0.005,3.0,SAFE,0.008666416278821091,0.3
1704331020.0,9976.721991929355,SCALE,0.005,3.0,SAFE,0.008596985670030487,0.3
1704331080.0,9977.428080545355,SCALE,0.005,3.0,SAFE,0.008526820501265384,0.3
1704331140.0,9977.169654477355,SCALE,0.005,3.0,SAFE,0.00855250071797419,0.3
1704331200.0,9977.671870354354,SCALE,0.005,3.0,SAFE,0.00850259471330614,0.3
1704331260.0,9977.060104296354,SCALE,0.005,3.0,SAFE,0.008563386896796556,0.3
1704331320.0,9977.471841481354,SCALE,0.005,3.0,SAFE,0.008522471906216323,0.3
1704331380.0,9978.166102817355,SCALE,0.005,3.0,SAFE,0.008453482033410347,0.3
1704331440.0,9978.597650696354,SCALE,0.005,3.0,SAFE,0.008410598422098547,0.3
1704331500.0,9978.291028462354,SCALE,0.005,3.0,SAFE,0.008441067969841223,0.3
1704331560.0,9977.325922414355,SCALE,0.005,3.0,SAFE,0.00853697212011307,0.3
1704331620.0,9977.708534922354,SCALE,0.005,3.0,SAFE,0.008498951295832518,0.3
1704331680.0,9977.609777134354,SCALE,0.005,3.0,SAFE,0.008508765017092013,0.3
1704331740.0,9977.414774855355,SCALE,0.005,3.0,SAFE,0.00852814270921945,0.3
1704331800.0,9976.857414285354,SCALE,0.005,3.0,SAFE,0.008583528531297553,0.3
1704331860.0,9977.228199513354,SCALE,0.005,3.0,SAFE,0.008546683002976127,0.3
1704331920.0,9977.533047655354,SCALE,0.005,3.0,SAFE,0.008516389749627448,0.3
1704331980.0,9977.011760289353,SCALE,0.005,3.0,SAFE,0.008568190919029868,0.3
1704332040.0,9977.470806594354,SCALE,0.005,3.0,SAFE,0.00852257474461276,0.3
1704332100.0,9978.035707055355,SCALE,0.005,3.0,SAFE,0.008466439671360716,0.3
1704332160.0,9977.619830322354,SCALE,0.005,3.0,SAFE,0.0085077660155267,0.3
1704332220.0,9978.013383064354,SCALE,0.005,3.0,SAFE,0.008468658042483838,0.3
1704332280.0,9977.907824590355,SCALE,0.005,3.0,SAFE,0.008479147558919714,0.3
1704332340.0,9978.245493434355,SCALE,0.005,3.0,SAFE,0.0084455928592841,0.3
1704332400.0,9978.050934678355,SCALE,0.005,3.0,SAFE,0.008464926477813217,0.3
1704332460.0,9978.299751081355,SCALE,0.005,3.0,SAFE,0.008440201189071227,0.3
1704332520.0,9978.003329876354,SCALE,0.005,3.0,SAFE,0.00846965704404915,0.3
1704332580.0,9978.363027029354,SCALE,0.005,3.0,SAFE,0.008433913355689476,0.3
1704332640.0,9978.124263814354,SCALE,0.005,3.0,SAFE,0.008457639642866156,0.3
1704332700.0,9978.198332155354,SCALE,0.005,3.0,SAFE,0.008450279351921533,0.3
1704332760.0,9977.763679615355,SCALE,0.005,3.0,SAFE,0.008493471478422646,0.3
1704332820.0,9977.592331896354,SCALE,0.005,3.0,SAFE,0.008510498578631827,0.3
1704332880.0,9977.248010207355,SCALE,0.005,3.0,SAFE,0.00854471438224438,0.3
1704332940.0,9976.836716545355,SCALE,0.005,3.0,SAFE,0.008585585299226116,0.3
1704333000.0,9977.199370518354,SCALE,0.005,3.0,SAFE,0.00854954778687675,0.3
1704333060.0,9977.427932704355,SCALE,0.005,3.0,SAFE,0.008526835192464824,0.3
1704333120.0,9977.836713069355,SCALE,0.005,3.0,SAFE,0.008486214025874463,0.3
1704333180.0,9977.710309014354,SCALE,0.005,3.0,SAFE,0.008498775001438703,0.3
1704333240.0,9977.963117124355,SCALE,0.005,3.0,SAFE,0.008473653050310403,0.3
1704333300.0,9977.326218096354,SCALE,0.005,3.0,SAFE,0.00853694273771419,0.3
1704333360.0,9977.950107116354,SCALE,0.005,3.0,SAFE,0.008474945875865588,0.3
1704333420.0,9977.284083411354,SCALE,0.005,3.0,SAFE,0.008541129729568879,0.3
1704333480.0,9977.414774855355,SCALE,0.005,3.0,SAFE,0.00852814270921945,0.3
1704333540.0,9977.473763414355,SCALE,0.005,3.0,SAFE,0.008522280920622887,0.3
1704333600.0,9977.356229819354,SCALE,0.005,3.0,SAFE,0.008533960424217692,0.3
1704333660.0,9977.718292428353,SCALE,0.005,3.0,SAFE,0.008497981676666265,0.3
1704333720.0,9977.296502055355,SCALE,0.005,3.0,SAFE,0.008539895668811632,0.3
1704333780.0,9977.193161196354,SCALE,0.005,3.0,SAFE,0.008550164817255373,0.3
1704333840.0,9977.080802036355,SCALE,0.005,3.0,SAFE,0.008561330128867811,0.3
1704333900.0,9976.601205832354,SCALE,0.005,3.0,SAFE,0.008608988380014044,0.3
1704333960.0,9976.568385130355,SCALE,0.005,3.0,SAFE,0.008612249826300796,0.3
1704334020.0,9976.689910432355,SCALE,0.005,3.0,SAFE,0.008600173660319862,0.3
1704334080.0,9976.836716545355,SCALE,0.005,3.0,SAFE,0.008585585299226116,0.3
1704334140.0,9976.764274455354,SCALE,0.005,3.0,SAFE,0.008592783986976361,0.3
1704334200.0,9976.367025688354,SCALE,0.005,3.0,SAFE,0.008632259240006475,0.3
1704334260.0,9975.730718024353,SCALE,0.005,3.0,SAFE,0.008695490162612325,0.3
1704334320.0,9975.105054912354,SCALE,0.005,3.0,SAFE,0.008757663318854745,0.3
1704334380.0,9975.254965686354,SCALE,0.005,3.0,SAFE,0.008742766442571687,0.3
1704334440.0,9974.719189902355,SCALE,0.005,3.0,SAFE,0.008796007349524048,0.3
1704334500.0,9974.735008889355,SCALE,0.005,3.0,SAFE,0.00879443539117861,0.3
1704334560.0,9974.280693496354,SCALE,0.005,3.0,SAFE,0.00883958144721203,0.3
1704334620.0,9974.191841055354,SCALE,0.005,3.0,SAFE,0.008848410858105652,0.3
1704334680.0,9973.895715532355,SCALE,0.005,3.0,SAFE,0.008877837330684335,0.3
1704334740.0,9974.339682055353,SCALE,0.005,3.0,SAFE,0.00883371965861547,0.3
1704334800.0,9974.037938574354,SCALE,0.005,3.0,SAFE,0.008863704396774839,0.3
1704334860.0,9973.943911698354,SCALE,0.005,3.0,SAFE,0.008873047999650645,0.3
1704334920.0,9974.103284296354,SCALE,0.005,3.0,SAFE,0.008857210886600214,0.3
1704334980.0,9974.716233082354,SCALE,0.005,3.0,SAFE,0.00879630117351392,0.3
1704335040.0,9974.487523055353,SCALE,0.005,3.0,SAFE,0.008819028459125286,0.3
1704335100.0,9974.842341455354,SCALE,0.005,3.0,SAFE,0.008783769580348738,0.3
1704335160.0,9974.812773255355,SCALE,0.005,3.0,SAFE,0.00878670782024674,0.3
1704335220.0,9974.753784696355,SCALE,0.005,3.0,SAFE,0.0087925696088433,0.3
1704335280.0,9974.931046055353,SCALE,0.005,3.0,SAFE,0.008774954860654738,0.3
1704335340.0,9974.871761814355,SCALE,0.005,3.0,SAFE,0.008780846031650177,0.3
1704335400.0,9974.694056932354,SCALE,0.005,3.0,SAFE,0.00879850485343742,0.3
1704335460.0,9974.517239096354,SCALE,0.005,3.0,SAFE,0.008816075528027666,0.3
1704335520.0,9975.177053479354,SCALE,0.005,3.0,SAFE,0.008750508704702998,0.3
1704335580.0,9974.576079814355,SCALE,0.005,3.0,SAFE,0.008810228430630543,0.3
1704335640.0,9974.829774970354,SCALE,0.005,3.0,SAFE,0.008785018332305425,0.3
1704335700.0,9974.339534214354,SCALE,0.005,3.0,SAFE,0.008833734349814909,0.3
1704335760.0,9974.307304876354,SCALE,0.005,3.0,SAFE,0.008836937031303721,0.3
1704335820.0,9974.506594544355,SCALE,0.005,3.0,SAFE,0.008817133294390917,0.3
1704335880.0,9974.576079814355,SCALE,0.005,3.0,SAFE,0.008810228430630543,0.3
1704335940.0,9974.377381510354,SCALE,0.005,3.0,SAFE,0.00882997340274541,0.3
1704336000.0,9974.175726386355,SCALE,0.005,3.0,SAFE,0.008850012198849969,0.3
1704336060.0,9974.130043517354,SCALE,0.005,3.0,SAFE,0.008854551779492466,0.3
1704336120.0,9974.027885386355,SCALE,0.005,3.0,SAFE,0.00886470339834015,0.3
1704336180.0,9974.027885386355,SCALE,0.005,3.0,SAFE,0.00886470339834015,0.3
1704336240.0,9973.976436718354,SCALE,0.005,3.0,SAFE,0.008869815935762772,0.3
1704336300.0,9973.500832221354,SCALE,0.005,3.0,SAFE,0.008917077524522695,0.3
1704336360.0,9972.267246917354,SCALE,0.005,3.0,SAFE,0.00903966089306884,0.3
1704336420.0,9971.029639000713,SCALE,0.005,3.0,SAFE,0.009162643995144723,0.25
1704336480.0,9971.029639000713,SCALE,0.005,3.0,SAFE,0.009162643995144723,0.25
1704336540.0,9971.029639000713,SCALE,0.005,3.0,SAFE,0.009162643995144723,0.2
1704336600.0,9346.263062457525,SCALE,0.005,3.0,SAFE,0.07124671005798491,0.2
1704336660.0,9346.692255159523,SCALE,0.005,3.0,SAFE,0.07120406048442418,0.2
1704336720.0,9346.521098487525,SCALE,0.005,3.0,SAFE,0.07122106859998352,0.2
1704336780.0,9345.761157081524,SCALE,0.005,3.0,SAFE,0.07129658520766614,0.2
1704336840.0,9346.422943605525,SCALE,0.005,3.0,SAFE,0.07123082240949778,0.2
1704336900.0,9346.617807789524,SCALE,0.005,3.0,SAFE,0.07121145844009402,0.2
1704336960.0,9347.024594001525,SCALE,0.005,3.0,SAFE,0.07117103543571525,0.2
1704337020.0,9347.975207409525,SCALE,0.005,3.0,SAFE,0.0710765714425403,0.2
1704337080.0,9348.116440575524,SCALE,0.005,3.0,SAFE,0.0710625368742113,0.2
1704337140.0,9347.629135557525,SCALE,0.005,3.0,SAFE,0.07111096116268337,0.2
1704337200.0,9347.389892067524,SCALE,0.005,3.0,SAFE,0.07113473517556433,0.2
1704337260.0,9347.217578931524,SCALE,0.005,3.0,SAFE,0.07115185821082348,0.2
1704337320.0,9347.336261049524,SCALE,0.005,3.0,SAFE,0.0711400645766391,0.2
1704337380.0,9346.876277493524,SCALE,0.005,3.0,SAFE,0.0711857738872052,0.2
1704337440.0,9347.277715059525,SCALE,0.005,3.0,SAFE,0.07114588238643767,0.2
1704337500.0,9347.091958029525,SCALE,0.005,3.0,SAFE,0.07116434136320618,0.2
1704337560.0,9347.092391703523,SCALE,0.005,3.0,SAFE,0.07116429826831894,0.2
1704337620.0,9347.968991415524,SCALE,0.005,3.0,SAFE,0.07107718913592641,0.2
1704337680.0,9348.245097195524,SCALE,0.005,3.0,SAFE,0.0710497520576168,0.2
1704337740.0,9348.600565317523,SCALE,0.005,3.0,SAFE,0.07101442861491353,0.2
1704337800.0,9348.678771195524,SCALE,0.005,3.0,SAFE,0.07100665717021949,0.2
1704337860.0,9348.210403275523,SCALE,0.005,3.0,SAFE,0.07105319964860866,0.2
1704337920.0,9348.260998575524,SCALE,0.005,3.0,SAFE,0.07104817191174553,0.2
1704337980.0,9347.795521815524,SCALE,0.005,3.0,SAFE,0.07109442709088536,0.2
1704338040.0,9347.871270207525,SCALE,0.005,3.0,SAFE,0.07108689985055323,0.2
1704338100.0,9348.815378505524,SCALE,0.005,3.0,SAFE,0.07099308228068935,0.2
1704338160.0,9348.481304967525,SCALE,0.005,3.0,SAFE,0.07102627970894763,0.2
1704338220.0,9348.026670057525,SCALE,0.005,3.0,SAFE,0.0710714575159025,0.2
1704338280.0,9347.992120695524,SCALE,0.005,3.0,SAFE,0.07107489074193189,0.2
1704338340.0,9348.225148191525,SCALE,0.005,3.0,SAFE,0.07105173442243702,0.2
1704338400.0,9347.335971933524,SCALE,0.005,3.0,SAFE,0.07114009330656404,0.2
1704338460.0,9346.820478105525,SCALE,0.005,3.0,SAFE,0.07119131876271692,0.2
1704338520.0,9347.090078775524,SCALE,0.005,3.0,SAFE,0.07116452810771837,0.2
1704338580.0,9347.119857723525,SCALE,0.005,3.0,SAFE,0.07116156892545032,0.2
1704338640.0,9346.882782603525,SCALE,0.005,3.0,SAFE,0.07118512746389415,0.2
1704338700.0,9346.336787037524,SCALE,0.005,3.0,SAFE,0.07123938392712745,0.2
1704338760.0,9346.447807581524,SCALE,0.005,3.0,SAFE,0.07122835163595374,0.2
1704338820.0,9346.696881015525,SCALE,0.005,3.0,SAFE,0.07120360080562513,0.2
1704338880.0,9345.958334193525,SCALE,0.005,3.0,SAFE,0.07127699139886276,0.2
1704338940.0,9346.210443345524,SCALE,0.005,3.0,SAFE,0.07125193890432252,0.2
1704339000.0,9346.509678405524,SCALE,0.005,3.0,SAFE,0.07122220343201839,0.2
1704339060.0,9346.123130313525,SCALE,0.005,3.0,SAFE,0.07126061534165182,0.2
1704339120.0,9346.418895981524,SCALE,0.005,3.0,SAFE,0.07123122462844693,0.2
1704339180.0,9345.749447883523,SCALE,0.005,3.0,SAFE,0.07129774876962597,0.2
1704339240.0,9345.859890195525,SCALE,0.005,3.0,SAFE,0.07128677393830198,0.2
1704339300.0,9346.221285195525,SCALE,0.005,3.0,SAFE,0.07125086153213755,0.2
1704339360.0,9346.326234303524,SCALE,0.005,3.0,SAFE,0.07124043256938747,0.2
1704339420.0,9346.198589589525,SCALE,0.005,3.0,SAFE,0.07125311683124465,0.2
1704339480.0,9346.322909469523,SCALE,0.005,3.0,SAFE,0.07124076296352423,0.2
1704339540.0,9346.419040539524,SCALE,0.005,3.0,SAFE,0.07123121026348446,0.2
1704339600.0,9346.263207015525,SCALE,0.005,3.0,SAFE,0.07124669569302244,0.2
1704339660.0,9346.076582637525,SCALE,0.005,3.0,SAFE,0.0712652408595658,0.2
1704339720.0,9346.036540071524,SCALE,0.005,3.0,SAFE,0.0712692199541689,0.2
1704339780.0,9346.365843195525,SCALE,0.005,3.0,SAFE,0.07123649656967178,0.2
1704339840.0,9346.034805375524,SCALE,0.005,3.0,SAFE,0.07126939233371844,0.2
1704339900.0,9346.383623829524,SCALE,0.005,3.0,SAFE,0.07123472967928851,0.2
1704339960.0,9346.349941815524,SCALE,0.005,3.0,SAFE,0.07123807671554305,0.2
1704340020.0,9347.233046637524,SCALE,0.005,3.0,SAFE,0.07115032115983964,0.2
1704340080.0,9347.397119967523,SCALE,0.005,3.0,SAFE,0.07113401692744108,0.2
1704340140.0,9347.064636567524,SCALE,0.005,3.0,SAFE,0.07116705634111231,0.2
1704340200.0,9347.232612963524,SCALE,0.005,3.0,SAFE,0.07115036425472708,0.2
1704340260.0,9347.377170963524,SCALE,0.005,3.0,SAFE,0.0711359992922613,0.2
1704340320.0,9347.323395387524,SCALE,0.005,3.0,SAFE,0.07114134305829854,0.2
1704340380.0,9347.231022825525,SCALE,0.005,3.0,SAFE,0.07115052226931413,0.2
1704340440.0,9346.866158433524,SCALE,0.005,3.0,SAFE,0.0711867794345778,0.2
1704340500.0,9347.347825689525,SCALE,0.005,3.0,SAFE,0.07113891537964175,0.2
1704340560.0,9346.939160223525,SCALE,0.005,3.0,SAFE,0.07117952512853253,0.2
1704340620.0,9346.725214383525,SCALE,0.005,3.0,SAFE,0.07120078527298185,0.2
1704340680.0,9346.790265483523,SCALE,0.005,3.0,SAFE,0.07119432103987239,0.2
1704340740.0,9347.113208055524,SCALE,0.005,3.0,SAFE,0.07116222971372385,0.2
1704340800.0,9346.829007027523,SCALE,0.005,3.0,SAFE,0.07119047122993157,0.2
1704340860.0,9345.800621415525,SCALE,0.005,3.0,SAFE,0.07129266357291293,0.2
1704340920.0,9345.090263403525,SCALE,0.005,3.0,SAFE,0.07136325299846975,0.2
1704340980.0,9345.548801379524,SCALE,0.005,3.0,SAFE,0.0713176873375284,0.2
1704341040.0,9345.302619105525,SCALE,0.005,3.0,SAFE,0.07134215086860748,0.2
1704341100.0,9345.482738373525,SCALE,0.005,3.0,SAFE,0.07132425212537519,0.2
1704341160.0,9345.259251705524,SCALE,0.005,3.0,SAFE,0.07134646035734736,0.2
1704341220.0,9345.482449257524,SCALE,0.005,3.0,SAFE,0.07132428085530014,0.2
1704341280.0,9346.247161077525,SCALE,0.005,3.0,SAFE,0.07124829020385617,0.2
1704341340.0,9346.119371805524,SCALE,0.005,3.0,SAFE,0.07126098883067601,0.2
1704341400.0,9346.224754587523,SCALE,0.005,3.0,SAFE,0.0712505167730385,0.2
1704341460.0,9346.020638691523,SCALE,0.005,3.0,SAFE,0.07127080010004017,0.2
1704341520.0,9345.711862803524,SCALE,0.005,3.0,SAFE,0.07130148365986698,0.2
1704341580.0,9346.022517945525,SCALE,0.005,3.0,SAFE,0.07127061335552798,0.2
1704341640.0,9346.105638795525,SCALE,0.005,3.0,SAFE,0.07126235350211013,0.2
1704341700.0,9346.391863635525,SCALE,0.005,3.0,SAFE,0.07123391087642793,0.2
1704341760.0,9346.344593169524,SCALE,0.005,3.0,SAFE,0.0712386082191543,0.2
1704341820.0,9346.466021889524,SCALE,0.005,3.0,SAFE,0.07122654165068304,0.2
1704341880.0,9346.692544275524,SCALE,0.005,3.0,SAFE,0.07120403175449923,0.2
1704341940.0,9346.761787557523,SCALE,0.005,3.0,SAFE,0.07119715093747815,0.2
1704342000.0,9346.579210803524,SCALE,0.005,3.0,SAFE,0.07121529388507238,0.2
1704342060.0,9346.715818113524,SCALE,0.005,3.0,SAFE,0.07120171899554223,0.2
1704342120.0,9346.781592003525,SCALE,0.005,3.0,SAFE,0.07119518293762023,0.2
1704342180.0,9346.957085415524,SCALE,0.005,3.0,SAFE,0.07117774387318679,0.2
1704342240.0,9347.263114701524,SCALE,0.005,3.0,SAFE,0.07114733324764683,0.2
1704342300.0,9347.240852769524,SCALE,0.005,3.0,SAFE,0.0711495454518665,0.2
1704342360.0,9347.494407501525,SCALE,0.005,3.0,SAFE,0.07112434930770149,0.2
1704342420.0,9347.492817363523,SCALE,0.005,3.0,SAFE,0.07112450732228873,0.2
1704342480.0,9347.545147359524,SCALE,0.005,3.0,SAFE,0.07111930720587607,0.2
1704342540.0,9347.477494215524,SCALE,0.005,3.0,SAFE,0.0711260300083101,0.2
1704342600.0,9347.725555743524,SCALE,0.005,3.0,SAFE,0.07110137973271881,0.2
1704342660.0,9346.946677239524,SCALE,0.005,3.0,SAFE,0.07117877815048433,0.2
1704342720.0,9346.783326699524,SCALE,0.005,3.0,SAFE,0.07119501055807069,0.2
1704342780.0,9347.036736873524,SCALE,0.005,3.0,SAFE,0.07116982877886817,0.2
1704342840.0,9347.059866153524,SCALE,0.005,3.0,SAFE,0.07116753038487365,0.2
1704342900.0,9347.165538051524,SCALE,0.005,3.0,SAFE,0.0711570295973112,0.2
1704342960.0,9347.275113015525,SCALE,0.005,3.0,SAFE,0.07114614095576206,0.2
1704343020.0,9347.270776275524,SCALE,0.005,3.0,SAFE,0.07114657190463615,0.2
1704343080.0,9346.780435539524,SCALE,0.005,3.0,SAFE,0.07119529785732003,0.2
1704343140.0,9346.711770489524,SCALE,0.005,3.0,SAFE,0.0712021212144912,0.2
1704343200.0,9346.913573457525,SCALE,0.005,3.0,SAFE,0.07118206772688895,0.2
1704343260.0,9346.894202685524,SCALE,0.005,3.0,SAFE,0.07118399263185946,0.2
1704343320.0,9347.092102587525,SCALE,0.005,3.0,SAFE,0.0711643269982437,0.2
1704343380.0,9347.270920833524,SCALE,0.005,3.0,SAFE,0.07114655753967368,0.2
1704343440.0,9347.042519193525,SCALE,0.005,3.0,SAFE,0.0711692541803695,0.2
1704343500.0,9347.751287067524,SCALE,0.005,3.0,SAFE,0.07109882276939991,0.2
1704343560.0,9348.117018807525,SCALE,0.005,3.0,SAFE,0.07106247941436139,0.2
1704343620.0,9348.518311815524,SCALE,0.005,3.0,SAFE,0.07102260227855652,0.2
1704343680.0,9348.060062955525,SCALE,0.005,3.0,SAFE,0.07106813920957292,0.2
1704343740.0,9348.180479769524,SCALE,0.005,3.0,SAFE,0.071056173195839,0.2
1704343800.0,9347.824433415524,SCALE,0.005,3.0,SAFE,0.07109155409839217,0.2
1704343860.0,9347.869535511525,SCALE,0.005,3.0,SAFE,0.07108707223010277,0.2
1704343920.0,9347.728013229524,SCALE,0.005,3.0,SAFE,0.07110113552835691,0.2
1704343980.0,9347.248369785524,SCALE,0.005,3.0,SAFE,0.07114879847381829,0.2
1704344040.0,9347.122748883525,SCALE,0.005,3.0,SAFE,0.07116128162620099,0.2
1704344100.0,9347.708642457525,SCALE,0.005,3.0,SAFE,0.07110306043332723,0.2
1704344160.0,9347.731193505524,SCALE,0.005,3.0,SAFE,0.07110081949918262,0.2
1704344220.0,9347.831083083523,SCALE,0.005,3.0,SAFE,0.07109089331011882,0.2
1704344280.0,9347.751865299524,SCALE,0.005,3.0,SAFE,0.07109876530955,0.2
1704344340.0,9347.795377257524,SCALE,0.005,3.0,SAFE,0.07109444145584784,0.2
1704344400.0,9347.315589255524,SCALE,0.005,3.0,SAFE,0.0711421187662717,0.2
1704344460.0,9347.457834327524,SCALE,0.005,3.0,SAFE,0.07112798364320537,0.2
1704344520.0,9347.251983735525,SCALE,0.005,3.0,SAFE,0.07114843934975658,0.2
1704344580.0,9348.011057793525,SCALE,0.005,3.0,SAFE,0.07107300893184881,0.2
1704344640.0,9347.856814407523,SCALE,0.005,3.0,SAFE,0.07108833634679992,0.2
1704344700.0,9348.165590295524,SCALE,0.005,3.0,SAFE,0.07105765278697293,0.2
1704344760.0,9348.056015331524,SCALE,0.005,3.0,SAFE,0.07106854142852206,0.2
1704344820.0,9347.623208679524,SCALE,0.005,3.0,SAFE,0.07111155012614452,0.2
1704344880.0,9347.811423195524,SCALE,0.005,3.0,SAFE,0.0710928469450141,0.2
1704344940.0,9347.718183285524,SCALE,0.005,3.0,SAFE,0.07110211234580455,0.2
1704345000.0,9347.703582927525,SCALE,0.005,3.0,SAFE,0.07110356320701353,0.2
1704345060.0,9347.586346389524,SCALE,0.005,3.0,SAFE,0.07111521319157334,0.2
1704345120.0,9347.910879099525,SCALE,0.005,3.0,SAFE,0.07108296385083755,0.2
1704345180.0,9348.114850437523,SCALE,0.005,3.0,SAFE,0.07106269488879853,0.2
1704345240.0,9347.997903015525,SCALE,0.005,3.0,SAFE,0.07107431614343321,0.2
1704345300.0,9348.518167257524,SCALE,0.005,3.0,SAFE,0.071022616643519,0.2
1704345360.0,9348.100394637524,SCALE,0.005,3.0,SAFE,0.07106413138504504,0.2
1704345420.0,9348.125981403524,SCALE,0.005,3.0,SAFE,0.07106158878668861,0.2
1704345480.0,9348.282682275523,SCALE,0.005,3.0,SAFE,0.07104601716737577,0.2
1704345540.0,9347.865054213524,SCALE,0.005,3.0,SAFE,0.07108751754393934,0.2
1704345600.0,9347.286533097524,SCALE,0.005,3.0,SAFE,0.07114500612372737,0.2
1704345660.0,9347.535461973524,SCALE,0.005,3.0,SAFE,0.07112026965836124,0.2
1704345720.0,9347.243021139524,SCALE,0.005,3.0,SAFE,0.07114932997742954,0.2
1704345780.0,9346.928173815524,SCALE,0.005,3.0,SAFE,0.07118061686567997,0.2
1704345840.0,9346.968216381523,SCALE,0.005,3.0,SAFE,0.07117663777107705,0.2
1704345900.0,9346.955061603525,SCALE,0.005,3.0,SAFE,0.07117794498266126,0.2
1704345960.0,9347.030231763523,SCALE,0.005,3.0,SAFE,0.07117047520217923,0.2
1704346020.0,9346.852859097524,SCALE,0.005,3.0,SAFE,0.07118810101112467,0.2
1704346080.0,9346.899262215524,SCALE,0.005,3.0,SAFE,0.07118348985817316,0.2
1704346140.0,9346.899840447524,SCALE,0.005,3.0,SAFE,0.07118343239832325,0.2
1704346200.0,9347.101643415524,SCALE,0.005,3.0,SAFE,0.07116337891072101,0.2
1704346260.0,9346.678522149525,SCALE,0.005,3.0,SAFE,0.0712054251558583,0.2
1704346320.0,9347.316456603525,SCALE,0.005,3.0,SAFE,0.07114203257649684,0.2
1704346380.0,9347.361847815524,SCALE,0.005,3.0,SAFE,0.07113752197828267,0.2
1704346440.0,9347.383386957525,SCALE,0.005,3.0,SAFE,0.07113538159887521,0.2
1704346500.0,9347.665708731523,SCALE,0.005,3.0,SAFE,0.07110732682717967,0.2
1704346560.0,9348.483473337525,SCALE,0.005,3.0,SAFE,0.07102606423451067,0.2
1704346620.0,9348.951985815524,SCALE,0.005,3.0,SAFE,0.07097950739115921,0.2
1704346680.0,9348.747436245525,SCALE,0.005,3.0,SAFE,0.07099983381304814,0.2
1704346740.0,9349.356892773525,SCALE,0.005,3.0,SAFE,0.07093927113129245,0.2
1704346800.0,9348.836483973524,SCALE,0.005,3.0,SAFE,0.07099098499616932,0.2
1704346860.0,9349.025999511525,SCALE,0.005,3.0,SAFE,0.07097215253037661,0.2
1704346920.0,9348.547367973524,SCALE,0.005,3.0,SAFE,0.07101971492110086,0.2
1704346980.0,9349.033661085525,SCALE,0.005,3.0,SAFE,0.07097139118736594,0.2
1704347040.0,9349.021951887524,SCALE,0.005,3.0,SAFE,0.07097255474932576,0.2
1704347100.0,9348.964562361523,SCALE,0.005,3.0,SAFE,0.07097825763942471,0.2
1704347160.0,9348.952708605524,SCALE,0.005,3.0,SAFE,0.07097943556634684,0.2
1704347220.0,9348.823329195524,SCALE,0.005,3.0,SAFE,0.07099229220775372,0.2
1704347280.0,9348.534213195524,SCALE,0.005,3.0,SAFE,0.07102102213268525,0.2
1704347340.0,9347.811567753524,SCALE,0.005,3.0,SAFE,0.07109283258005163,0.2
1704347400.0,9347.852188551524,SCALE,0.005,3.0,SAFE,0.0710887960255988,0.2
1704347460.0,9347.557868463524,SCALE,0.005,3.0,SAFE,0.0711180430891791,0.2
1704347520.0,9347.737698615525,SCALE,0.005,3.0,SAFE,0.07110017307587156,0.2
1704347580.0,9347.583021555523,SCALE,0.005,3.0,SAFE,0.0711155435857101,0.2
1704347640.0,9347.612655945524,SCALE,0.005,3.0,SAFE,0.07111259876840453,0.2
1704347700.0,9348.210403275523,SCALE,0.005,3.0,SAFE,0.07105319964860866,0.2
1704347760.0,9348.383439201523,SCALE,0.005,3.0,SAFE,0.07103600478853712,0.2
1704347820.0,9348.035198979524,SCALE,0.005,3.0,SAFE,0.07107060998311715,0.2
1704347880.0,9348.172673637524,SCALE,0.005,3.0,SAFE,0.07105694890381216,0.2
1704347940.0,9348.283260507524,SCALE,0.005,3.0,SAFE,0.07104595970752586,0.2
1704348000.0,9348.341661939525,SCALE,0.005,3.0,SAFE,0.07104015626268959,0.2
1704348060.0,9348.454561737524,SCALE,0.005,3.0,SAFE,0.07102893722700387,0.2
1704348120.0,9348.518167257524,SCALE,0.005,3.0,SAFE,0.071022616643519,0.2
1704348180.0,9348.754808703525,SCALE,0.005,3.0,SAFE,0.07099910119996242,0.2
1704348240.0,9348.904715349525,SCALE,0.005,3.0,SAFE,0.07098420473388539,0.2
1704348300.0,9348.518167257524,SCALE,0.005,3.0,SAFE,0.071022616643519,0.2
1704348360.0,9348.823184637524,SCALE,0.005,3.0,SAFE,0.0709923065727162,0.2
1704348420.0,9348.702767823524,SCALE,0.005,3.0,SAFE,0.07100427258645012,0.2
1704348480.0,9348.169059687523,SCALE,0.005,3.0,SAFE,0.07105730802787387,0.2
1704348540.0,9348.187996785524,SCALE,0.005,3.0,SAFE,0.07105542621779079,0.2
1704348600.0,9348.180768885524,SCALE,0.005,3.0,SAFE,0.07105614446591405,0.2
1704348660.0,9348.588277887524,SCALE,0.005,3.0,SAFE,0.07101564963672306,0.2
1704348720.0,9348.100683753524,SCALE,0.005,3.0,SAFE,0.07106410265512009,0.2
1704348780.0,9347.443667643523,SCALE,0.005,3.0,SAFE,0.07112939140952709,0.2
1704348840.0,9347.243310255524,SCALE,0.005,3.0,SAFE,0.07114930124750458,0.2
1704348900.0,9347.563795341524,SCALE,0.005,3.0,SAFE,0.07111745412571795,0.2
1704348960.0,9347.789594937523,SCALE,0.005,3.0,SAFE,0.07109501605434651,0.2
1704349020.0,9347.927214153524,SCALE,0.005,3.0,SAFE,0.07108134061007905,0.2
1704349080.0,9347.537630343524,SCALE,0.005,3.0,SAFE,0.07112005418392428,0.2
1704349140.0,9347.398710105525,SCALE,0.005,3.0,SAFE,0.07113385891285384,0.2
1704349200.0,9347.233191195524,SCALE,0.005,3.0,SAFE,0.07115030679487717,0.2
1704349260.0,9346.878879537524,SCALE,0.005,3.0,SAFE,0.07118551531788082,0.2
1704349320.0,9347.139083937524,SCALE,0.005,3.0,SAFE,0.07115965838544247,0.2
1704349380.0,9347.305325637524,SCALE,0.005,3.0,SAFE,0.07114313867860676,0.2
1704349440.0,9347.118990375524,SCALE,0.005,3.0,SAFE,0.07116165511522518,0.2
1704349500.0,9347.188233657524,SCALE,0.005,3.0,SAFE,0.0711547742982041,0.2
1704349560.0,9347.233335753524,SCALE,0.005,3.0,SAFE,0.07115029242991469,0.2
1704349620.0,9347.326431105525,SCALE,0.005,3.0,SAFE,0.07114104139408674,0.2
1704349680.0,9347.392060437523,SCALE,0.005,3.0,SAFE,0.07113451970112737,0.2
1704349740.0,9347.535172857524,SCALE,0.005,3.0,SAFE,0.07112029838828618,0.2
1704349800.0,9347.748251349523,SCALE,0.005,3.0,SAFE,0.07109912443361173,0.2
1704349860.0,9347.323250829524,SCALE,0.005,3.0,SAFE,0.07114135742326103,0.2
1704349920.0,9347.558591253524,SCALE,0.005,3.0,SAFE,0.07111797126436673,0.2
1704349980.0,9347.679875415524,SCALE,0.005,3.0,SAFE,0.07110591906085795,0.2
1704350040.0,9348.050666685524,SCALE,0.005,3.0,SAFE,0.07106907293213331,0.2
1704350100.0,9347.939501583523,SCALE,0.005,3.0,SAFE,0.0710801195882695,0.2
1704350160.0,9348.115573227524,SCALE,0.005,3.0,SAFE,0.07106262306398616,0.2
1704350220.0,9348.402087183524,SCALE,0.005,3.0,SAFE,0.071034151708379,0.2
1704350280.0,9348.753074007524,SCALE,0.005,3.0,SAFE,0.07099927357951212,0.2
1704350340.0,9348.573099297524,SCALE,0.005,3.0,SAFE,0.07101715795778195,0.2
1704350400.0,9348.373609257524,SCALE,0.005,3.0,SAFE,0.07103698160598476,0.2
1704350460.0,9348.012358815524,SCALE,0.005,3.0,SAFE,0.07107287964718671,0.2
1704350520.0,9348.226738329524,SCALE,0.005,3.0,SAFE,0.07105157640784997,0.2
1704350580.0,9348.488532867525,SCALE,0.005,3.0,SAFE,0.07102556146082438,0.2
1704350640.0,9348.540429189525,SCALE,0.005,3.0,SAFE,0.07102040443929915,0.2
1704350700.0,9348.540429189525,SCALE,0.005,3.0,SAFE,0.07102040443929915,0.2
1704350760.0,9348.540429189525,SCALE,0.005,3.0,SAFE,0.07102040443929915,0.2
1704350820.0,9348.287163573525,SCALE,0.005,3.0,SAFE,0.0710455718535392,0.2
1704350880.0,9348.077265357524,SCALE,0.005,3.0,SAFE,0.07106642977903956,0.2
1704350940.0,9347.773693557525,SCALE,0.005,3.0,SAFE,0.07109659620021759,0.2
1704351000.0,9347.573914401524,SCALE,0.005,3.0,SAFE,0.07111644857834536,0.2
1704351060.0,9347.595308985525,SCALE,0.005,3.0,SAFE,0.07111432256390038,0.2
1704351120.0,9347.652553953525,SCALE,0.005,3.0,SAFE,0.0711086340387639,0.2
1704351180.0,9347.669756355524,SCALE,0.005,3.0,SAFE,0.07110692460823054,0.2
1704351240.0,9347.720640771524,SCALE,0.005,3.0,SAFE,0.07110186814144263,0.2
1704351300.0,9347.823132393523,SCALE,0.005,3.0,SAFE,0.07109168338305445,0.2
1704351360.0,9347.688115221525,SCALE,0.005,3.0,SAFE,0.07110510025799736,0.2
1704351420.0,9347.811423195524,SCALE,0.005,3.0,SAFE,0.0710928469450141,0.2
1704351480.0,9347.882112057525,SCALE,0.005,3.0,SAFE,0.07108582247836827,0.2
1704351540.0,9347.874450483525,SCALE,0.005,3.0,SAFE,0.07108658382137895,0.2
1704351600.0,9348.244952637524,SCALE,0.005,3.0,SAFE,0.07104976642257926,0.2
1704351660.0,9348.100394637524,SCALE,0.005,3.0,SAFE,0.07106413138504504,0.2
1704351720.0,9347.895845067524,SCALE,0.005,3.0,SAFE,0.07108445780693415,0.2
1704351780.0,9348.450803229523,SCALE,0.005,3.0,SAFE,0.07102931071602805,0.2
1704351840.0,9349.187615355524,SCALE,0.005,3.0,SAFE,0.07095609250233996,0.2
1704351900.0,9349.003448463523,SCALE,0.005,3.0,SAFE,0.07097439346452142,0.2
1704351960.0,9349.360651281524,SCALE,0.005,3.0,SAFE,0.07093889764226843,0.2
1704352020.0,9348.088540881525,SCALE,0.005,3.0,SAFE,0.07106530931196715,0.2
1704352080.0,9347.737698615525,SCALE,0.005,3.0,SAFE,0.07110017307587156,0.2
1704352140.0,9347.568999429524,SCALE,0.005,3.0,SAFE,0.07111693698706918,0.2
1704352200.0,9348.017996577524,SCALE,0.005,3.0,SAFE,0.07107231941365051,0.2
1704352260.0,9348.011346909525,SCALE,0.005,3.0,SAFE,0.07107298020192386,0.2
1704352320.0,9347.371099527525,SCALE,0.005,3.0,SAFE,0.07113660262068475,0.2
1704352380.0,9347.232612963524,SCALE,0.005,3.0,SAFE,0.07115036425472708,0.2
1704352440.0,9347.071575351523,SCALE,0.005,3.0,SAFE,0.07116636682291401,0.2
1704352500.0,9346.799517195524,SCALE,0.005,3.0,SAFE,0.07119340168227448,0.2
1704352560.0,9346.586583261524,SCALE,0.005,3.0,SAFE,0.07121456127198665,0.2
1704352620.0,9346.556659755524,SCALE,0.005,3.0,SAFE,0.07121753481921698,0.2
1704352680.0,9346.081353051524,SCALE,0.005,3.0,SAFE,0.07126476681580446,0.2
1704352740.0,9345.264311235524,SCALE,0.005,3.0,SAFE,0.07134595758366107,0.2
1704352800.0,9345.395280783525,SCALE,0.005,3.0,SAFE,0.07133294292766695,0.2
1704352860.0,9345.371717829525,SCALE,0.005,3.0,SAFE,0.07133528441654889,0.2
1704352920.0,9345.936795051524,SCALE,0.005,3.0,SAFE,0.07127913177827022,0.2
1704352980.0,9345.946046763524,SCALE,0.005,3.0,SAFE,0.07127821242067249,0.2
1704353040.0,9346.292407731524,SCALE,0.005,3.0,SAFE,0.07124379397060447,0.2
1704353100.0,9346.292118615524,SCALE,0.005,3.0,SAFE,0.07124382270052942,0.2
1704353160.0,9346.219116825525,SCALE,0.005,3.0,SAFE,0.07125107700657451,0.2
1704353220.0,9346.320018309525,SCALE,0.005,3.0,SAFE,0.07124105026277339,0.2
1704353280.0,9346.555936965524,SCALE,0.005,3.0,SAFE,0.07121760664402936,0.2
1704353340.0,9346.522833183524,SCALE,0.005,3.0,SAFE,0.071220896220434,0.2
1704353400.0,9346.669270437524,SCALE,0.005,3.0,SAFE,0.07120634451345621,0.2
1704353460.0,9346.957085415524,SCALE,0.005,3.0,SAFE,0.07117774387318679,0.2
1704353520.0,9347.708931573525,SCALE,0.005,3.0,SAFE,0.07110303170340228,0.2
1704353580.0,9347.551797027525,SCALE,0.005,3.0,SAFE,0.07111864641760254,0.2
1704353640.0,9347.275257573525,SCALE,0.005,3.0,SAFE,0.07114612659079958,0.2
1704353700.0,9347.014908615523,SCALE,0.005,3.0,SAFE,0.07117199788820058,0.2
1704353760.0,9346.936558179525,SCALE,0.005,3.0,SAFE,0.07117978369785692,0.2
1704353820.0,9346.870206057523,SCALE,0.005,3.0,SAFE,0.07118637721562883,0.2
1704353880.0,9346.955639835523,SCALE,0.005,3.0,SAFE,0.07117788752281154,0.2
1704353940.0,9346.176472215524,SCALE,0.005,3.0,SAFE,0.071255314670502,0.2
1704354000.0,9345.481726467524,SCALE,0.005,3.0,SAFE,0.07132435268011252,0.2
1704354060.0,9343.332149007525,SCALE,0.005,3.0,SAFE,0.07153795967197844,0.2
1704354120.0,9344.123314941524,SCALE,0.005,3.0,SAFE,0.07145934023240338,0.2
1704354180.0,9345.978138639524,SCALE,0.005,3.0,SAFE,0.07127502339900502,0.2
1704354240.0,9345.476522379524,SCALE,0.005,3.0,SAFE,0.07132486981876128,0.2
1704354300.0,9345.298571481524,SCALE,0.005,3.0,SAFE,0.07134255308755663,0.2
1704354360.0,9344.142252039524,SCALE,0.005,3.0,SAFE,0.0714574584223203,0.2
1704354420.0,9344.294182497524,SCALE,0.005,3.0,SAFE,0.0714423608467688,0.2
1704354480.0,9343.993790973524,SCALE,0.005,3.0,SAFE,0.07147221123877275,0.2
1704354540.0,9343.849522089524,SCALE,0.005,3.0,SAFE,0.07148654747131356,0.2
1704354600.0,9343.810780545524,SCALE,0.005,3.0,SAFE,0.07149039728125439,0.2
1704354660.0,9343.264351305525,SCALE,0.005,3.0,SAFE,0.07154469683937494,0.2
1704354720.0,9344.147889801525,SCALE,0.005,3.0,SAFE,0.0714568981887841,0.2
1704354780.0,9343.812659799523,SCALE,0.005,3.0,SAFE,0.07149021053674239,0.2
1704354840.0,9343.442446761524,SCALE,0.005,3.0,SAFE,0.07152699920561711,0.2
1704354900.0,9342.620345415524,SCALE,0.005,3.0,SAFE,0.07160869274716002,0.2
1704354960.0,9342.401773719524,SCALE,0.005,3.0,SAFE,0.07163041257040821,0.2
1704355020.0,9342.941119617524,SCALE,0.005,3.0,SAFE,0.07157681689544844,0.2
1704355080.0,9342.669206019524,SCALE,0.005,3.0,SAFE,0.0716038373898466,0.2
1704355140.0,9342.202283679524,SCALE,0.005,3.0,SAFE,0.07165023621861101,0.2
1704355200.0,9343.458781815525,SCALE,0.005,3.0,SAFE,0.07152537596485842,0.2
1704355260.0,9343.756426737524,SCALE,0.005,3.0,SAFE,0.07149579850714152,0.2
1704355320.0,9344.183451069524,SCALE,0.005,3.0,SAFE,0.07145336440801757,0.2
1704355380.0,9343.902285759525,SCALE,0.005,3.0,SAFE,0.07148130426001348,0.2
1704355440.0,9343.767846819524,SCALE,0.005,3.0,SAFE,0.07149466367510665,0.2
1704355500.0,9343.669981053525,SCALE,0.005,3.0,SAFE,0.07150438875469596,0.2
1704355560.0,9343.933510287525,SCALE,0.005,3.0,SAFE,0.07147820142812085,0.2
1704355620.0,9343.574283657525,SCALE,0.005,3.0,SAFE,0.07151389835984831,0.2
1704355680.0,9343.188169239524,SCALE,0.005,3.0,SAFE,0.0715522671745945,0.2
1704355740.0,9342.652726407525,SCALE,0.005,3.0,SAFE,0.07160547499556759,0.2
1704355800.0,9343.619096637523,SCALE,0.005,3.0,SAFE,0.07150944522148404,0.2
1704355860.0,9343.718841657525,SCALE,0.005,3.0,SAFE,0.07149953339738255,0.2
1704355920.0,9343.719130773525,SCALE,0.005,3.0,SAFE,0.0714995046674576,0.2
1704355980.0,9343.979046057524,SCALE,0.005,3.0,SAFE,0.07147367646494421,0.2
1704356040.0,9343.593076197525,SCALE,0.005,3.0,SAFE,0.07151203091472771,0.2
1704356100.0,9342.929699535523,SCALE,0.005,3.0,SAFE,0.07157795172748331,0.2
1704356160.0,9342.472173465525,SCALE,0.005,3.0,SAFE,0.07162341683368732,0.2
1704356220.0,9342.441093495525,SCALE,0.005,3.0,SAFE,0.07162650530061747,0.2
1704356280.0,9342.154724097523,SCALE,0.005,3.0,SAFE,0.07165496229126234,0.2
1704356340.0,9342.462777195524,SCALE,0.005,3.0,SAFE,0.07162435055624772,0.2
1704356400.0,9343.864700679524,SCALE,0.005,3.0,SAFE,0.07148503915025468,0.2
1704356460.0,9344.181571815525,SCALE,0.005,3.0,SAFE,0.07145355115252958,0.2
1704356520.0,9344.469965025524,SCALE,0.005,3.0,SAFE,0.07142489305241041,0.2
1704356580.0,9344.147456127524,SCALE,0.005,3.0,SAFE,0.07145694128367154,0.2
1704356640.0,9344.253706257525,SCALE,0.005,3.0,SAFE,0.07144638303625916,0.2
1704356700.0,9344.413009173524,SCALE,0.005,3.0,SAFE,0.07143055284762194,0.2
1704356760.0,9344.904506373525,SCALE,0.005,3.0,SAFE,0.07138171197523825,0.2
1704356820.0,9344.891785269525,SCALE,0.005,3.0,SAFE,0.07138297609193524,0.2
1704356880.0,9344.648060481524,SCALE,0.005,3.0,SAFE,0.07140719541865259,0.2
1704356940.0,9344.748817407524,SCALE,0.005,3.0,SAFE,0.07139718303981395,0.2
1704357000.0,9344.801436519525,SCALE,0.005,3.0,SAFE,0.07139195419347634,0.2
1704357060.0,9344.574625017523,SCALE,0.005,3.0,SAFE,0.07141449281958528,0.2
1704357120.0,9344.115219693524,SCALE,0.005,3.0,SAFE,0.0714601446703015,0.2
1704357180.0,9344.125772427524,SCALE,0.005,3.0,SAFE,0.07145909602804147,0.2
1704357240.0,9343.516605015524,SCALE,0.005,3.0,SAFE,0.07151962997987223,0.2
1704357300.0,9343.360916049523,SCALE,0.005,3.0,SAFE,0.07153510104444791,0.2
1704357360.0,9343.198721973524,SCALE,0.005,3.0,SAFE,0.07155121853233447,0.2
1704357420.0,9342.562377657525,SCALE,0.005,3.0,SAFE,0.07161445309710869,0.2
1704357480.0,9342.610226355524,SCALE,0.005,3.0,SAFE,0.0716096982945326,0.2
1704357540.0,9342.487930287523,SCALE,0.005,3.0,SAFE,0.07162185105277873,0.2
1704357600.0,9342.581603871524,SCALE,0.005,3.0,SAFE,0.07161254255710085,0.2
1704357660.0,9343.057633365524,SCALE,0.005,3.0,SAFE,0.071565238735701,0.2
1704357720.0,9342.861901833525,SCALE,0.005,3.0,SAFE,0.07158468889487962,0.2
1704357780.0,9342.743653389523,SCALE,0.005,3.0,SAFE,0.07159643943417676,0.2
1704357840.0,9342.607479753524,SCALE,0.005,3.0,SAFE,0.07160997122881947,0.2
1704357900.0,9342.607479753524,SCALE,0.005,3.0,SAFE,0.07160997122881947,0.2
1704357960.0,9342.632488287523,SCALE,0.005,3.0,SAFE,0.07160748609031295,0.2
1704358020.0,9343.549564239524,SCALE,0.005,3.0,SAFE,0.07151635476843007,0.2
1704358080.0,9342.909461415524,SCALE,0.005,3.0,SAFE,0.07157996282222849,0.2
1704358140.0,9342.904546443524,SCALE,0.005,3.0,SAFE,0.0715804512309523,0.2
1704358200.0,9343.174002555525,SCALE,0.005,3.0,SAFE,0.07155367494091604,0.2
1704358260.0,9343.748909721524,SCALE,0.005,3.0,SAFE,0.07149654548518973,0.2
1704358320.0,9343.979046057524,SCALE,0.005,3.0,SAFE,0.07147367646494421,0.2
1704358380.0,9343.625312631524,SCALE,0.005,3.0,SAFE,0.07150882752809794,0.2
1704358440.0,9343.619241195524,SCALE,0.005,3.0,SAFE,0.07150943085652157,0.2
1704358500.0,9343.892455815525,SCALE,0.005,3.0,SAFE,0.07148228107746112,0.2
1704358560.0,9343.776809415524,SCALE,0.005,3.0,SAFE,0.07149377304743387,0.2
1704358620.0,9343.545372057524,SCALE,0.005,3.0,SAFE,0.07151677135234151,0.2
1704358680.0,9343.376817429524,SCALE,0.005,3.0,SAFE,0.07153352089857665,0.2
1704358740.0,9343.453866843523,SCALE,0.005,3.0,SAFE,0.07152586437358242,0.2
1704358800.0,9343.922234763524,SCALE,0.005,3.0,SAFE,0.07147932189519325,0.2
1704358860.0,9344.204267421524,SCALE,0.005,3.0,SAFE,0.07145129585342248,0.2
1704358920.0,9344.246622915523,SCALE,0.005,3.0,SAFE,0.07144708691942013,0.2
1704358980.0,9344.018654949525,SCALE,0.005,3.0,SAFE,0.07146974046522851,0.2
1704359040.0,9344.123893173524,SCALE,0.005,3.0,SAFE,0.07145928277255348,0.2
1704359100.0,9344.181138141525,SCALE,0.005,3.0,SAFE,0.071453594247417,0.2
1704359160.0,9344.155262259525,SCALE,0.005,3.0,SAFE,0.07145616557569838,0.2
1704359220.0,9344.489335797523,SCALE,0.005,3.0,SAFE,0.07142296814744009,0.2
1704359280.0,9344.771657571524,SCALE,0.005,3.0,SAFE,0.07139491337574438,0.2
1704359340.0,9344.297796447525,SCALE,0.005,3.0,SAFE,0.0714420017227071,0.2
1704359400.0,9344.325985257525,SCALE,0.005,3.0,SAFE,0.07143920055502628,0.2
1704359460.0,9344.558579079525,SCALE,0.005,3.0,SAFE,0.07141608733041885,0.2
1704359520.0,9344.197617753523,SCALE,0.005,3.0,SAFE,0.07145195664169601,0.2
1704359580.0,9343.918187139525,SCALE,0.005,3.0,SAFE,0.07147972411414222,0.2
1704359640.0,9343.764088311524,SCALE,0.005,3.0,SAFE,0.07149503716413085,0.2
1704359700.0,9344.117243505525,SCALE,0.005,3.0,SAFE,0.07145994356082683,0.2
1704359760.0,9344.631147195525,SCALE,0.005,3.0,SAFE,0.07140887611926101,0.2
1704359820.0,9344.683621749524,SCALE,0.005,3.0,SAFE,0.07140366163788606,0.2
1704359880.0,9344.760092931525,SCALE,0.005,3.0,SAFE,0.07139606257274154,0.2
1704359940.0,9344.412864615524,SCALE,0.005,3.0,SAFE,0.07143056721258442,0.2
1704360000.0,9343.892311257525,SCALE,0.005,3.0,SAFE,0.07148229544242359,0.2
1704360060.0,9344.341886637525,SCALE,0.005,3.0,SAFE,0.07143762040915502,0.2
1704360120.0,9344.752431357525,SCALE,0.005,3.0,SAFE,0.07139682391575224,0.2
1704360180.0,9345.128571273524,SCALE,0.005,3.0,SAFE,0.07135944628341635,0.2
1704360240.0,9345.083469177524,SCALE,0.005,3.0,SAFE,0.07136392815170575,0.2
1704360300.0,9345.315340209525,SCALE,0.005,3.0,SAFE,0.07134088675191051,0.2
1704360360.0,9345.627007257524,SCALE,0.005,3.0,SAFE,0.07130991589283436,0.2
1704360420.0,9345.703478439524,SCALE,0.005,3.0,SAFE,0.07130231682769005,0.2
1704360480.0,9345.498639753525,SCALE,0.005,3.0,SAFE,0.07132267197950393,0.2
1704360540.0,9345.448622685524,SCALE,0.005,3.0,SAFE,0.07132764225651714,0.2
1704360600.0,9345.992594439524,SCALE,0.005,3.0,SAFE,0.0712735869027585,0.2
1704360660.0,9346.124142219523,SCALE,0.005,3.0,SAFE,0.07126051478691467,0.2
1704360720.0,9346.450987857525,SCALE,0.005,3.0,SAFE,0.07122803560677946,0.2
1704360780.0,9346.799517195524,SCALE,0.005,3.0,SAFE,0.07119340168227448,0.2
1704360840.0,9345.188707401525,SCALE,0.005,3.0,SAFE,0.07135347045903054,0.2
1704360900.0,9344.654421033525,SCALE,0.005,3.0,SAFE,0.07140656336030402,0.2
1704360960.0,9344.714268045524,SCALE,0.005,3.0,SAFE,0.07140061626584333,0.2
1704361020.0,9345.128282157524,SCALE,0.005,3.0,SAFE,0.0713594750133413,0.2
1704361080.0,9345.019285425524,SCALE,0.005,3.0,SAFE,0.07137030619504053,0.2
1704361140.0,9344.673069015524,SCALE,0.005,3.0,SAFE,0.07140471028014607,0.2
1704361200.0,9345.011912967524,SCALE,0.005,3.0,SAFE,0.07137103880812626,0.2
1704361260.0,9344.887882203524,SCALE,0.005,3.0,SAFE,0.0713833639459219,0.2
1704361320.0,9345.334566423524,SCALE,0.005,3.0,SAFE,0.07133897621190267,0.2
1704361380.0,9345.232942149525,SCALE,0.005,3.0,SAFE,0.07134907478051598,0.2
1704361440.0,9344.980688439524,SCALE,0.005,3.0,SAFE,0.07137414164001889,0.2
1704361500.0,9345.198537345525,SCALE,0.005,3.0,SAFE,0.0713524936415829,0.2
1704361560.0,9345.309413331524,SCALE,0.005,3.0,SAFE,0.07134147571537167,0.2
1704361620.0,9345.020008215524,SCALE,0.005,3.0,SAFE,0.07137023437022816,0.2
1704361680.0,9345.135943731524,SCALE,0.005,3.0,SAFE,0.07135871367033063,0.2
1704361740.0,9345.064532079525,SCALE,0.005,3.0,SAFE,0.07136580996178865,0.2
1704361800.0,9345.904414059523,SCALE,0.005,3.0,SAFE,0.07128234952986265,0.2
1704361860.0,9345.561522483524,SCALE,0.005,3.0,SAFE,0.07131642322083143,0.2
1704361920.0,9345.900655551524,SCALE,0.005,3.0,SAFE,0.07128272301888666,0.2
1704361980.0,9345.897764391524,SCALE,0.005,3.0,SAFE,0.071283010318136,0.2
1704362040.0,9346.059091119525,SCALE,0.005,3.0,SAFE,0.07126697902002412,0.2
1704362100.0,9346.400392557523,SCALE,0.005,3.0,SAFE,0.07123306334364257,0.2
1704362160.0,9346.038419325525,SCALE,0.005,3.0,SAFE,0.07126903320965672,0.2
1704362220.0,9345.622959633523,SCALE,0.005,3.0,SAFE,0.07131031811178351,0.2
1704362280.0,9345.738895149525,SCALE,0.005,3.0,SAFE,0.0712987974118858,0.2
1704362340.0,9345.739039707523,SCALE,0.005,3.0,SAFE,0.07129878304692351,0.2
1704362400.0,9345.639583803524,SCALE,0.005,3.0,SAFE,0.07130866614109987,0.2
1704362460.0,9346.426702113524,SCALE,0.005,3.0,SAFE,0.07123044892047377,0.2
1704362520.0,9346.248606657524,SCALE,0.005,3.0,SAFE,0.0712481465542316,0.2
1704362580.0,9346.785784185524,SCALE,0.005,3.0,SAFE,0.07119476635370879,0.2
1704362640.0,9346.535120613524,SCALE,0.005,3.0,SAFE,0.07121967519862445,0.2
1704362700.0,9346.365987753525,SCALE,0.005,3.0,SAFE,0.07123648220470931,0.2
1704362760.0,9345.741208077525,SCALE,0.005,3.0,SAFE,0.07129856757248637,0.2
1704362820.0,9345.370272249524,SCALE,0.005,3.0,SAFE,0.07133542806617366,0.2
1704362880.0,9345.077686857525,SCALE,0.005,3.0,SAFE,0.07136450275020426,0.2
1704362940.0,9345.077831415525,SCALE,0.005,3.0,SAFE,0.07136448838524177,0.2
1704363000.0,9344.816470551525,SCALE,0.005,3.0,SAFE,0.07139046023737992,0.2
1704363060.0,9344.816759667525,SCALE,0.005,3.0,SAFE,0.07139043150745499,0.2
1704363120.0,9344.692873461525,SCALE,0.005,3.0,SAFE,0.07140274228028815,0.2
1704363180.0,9344.587057005525,SCALE,0.005,3.0,SAFE,0.07141325743281308,0.2
1704363240.0,9344.751130335524,SCALE,0.005,3.0,SAFE,0.07139695320041452,0.2
1704363300.0,9344.396529561523,SCALE,0.005,3.0,SAFE,0.0714321904533431,0.2
1704363360.0,9343.619241195524,SCALE,0.005,3.0,SAFE,0.07150943085652157,0.2
1704363420.0,9343.662897711523,SCALE,0.005,3.0,SAFE,0.07150509263785693,0.2
1704363480.0,9343.655380695523,SCALE,0.005,3.0,SAFE,0.07150583961590512,0.2
1704363540.0,9343.388237511524,SCALE,0.005,3.0,SAFE,0.07153238606654178,0.2
1704363600.0,9342.952250583525,SCALE,0.005,3.0,SAFE,0.0715757107933385,0.2
1704363660.0,9343.242523047524,SCALE,0.005,3.0,SAFE,0.07154686594870735,0.2
1704363720.0,9343.271868321524,SCALE,0.005,3.0,SAFE,0.07154394986132673,0.2
1704363780.0,9342.607335195524,SCALE,0.005,3.0,SAFE,0.07160998559378196,0.2
1704363840.0,9342.389197173525,SCALE,0.005,3.0,SAFE,0.0716316623221427,0.2
1704363900.0,9340.979901231523,SCALE,0.005,3.0,SAFE,0.07177170634122165,0.2
1704363960.0,9341.754298437525,SCALE,0.005,3.0,SAFE,0.07169475323729235,0.2
1704364020.0,9342.885320229525,SCALE,0.005,3.0,SAFE,0.07158236177096015,0.2
1704364080.0,9342.997352679524,SCALE,0.005,3.0,SAFE,0.07157122892504929,0.2
1704364140.0,9342.542428653524,SCALE,0.005,3.0,SAFE,0.0716164354619291,0.2
1704364200.0,9342.796127943524,SCALE,0.005,3.0,SAFE,0.07159122495280162,0.2
1704364260.0,9342.207921441524,SCALE,0.005,3.0,SAFE,0.07164967598507482,0.2
1704364320.0,9343.515448551525,SCALE,0.005,3.0,SAFE,0.07151974489957184,0.2
1704364380.0,9344.398697931525,SCALE,0.005,3.0,SAFE,0.07143197497890597,0.2
1704364440.0,9344.085585303525,SCALE,0.005,3.0,SAFE,0.07146308948760688,0.2
1704364500.0,9344.135457813523,SCALE,0.005,3.0,SAFE,0.07145813357555632,0.2
1704364560.0,9343.908212637523,SCALE,0.005,3.0,SAFE,0.0714807152965525,0.2
1704364620.0,9344.474590881524,SCALE,0.005,3.0,SAFE,0.07142443337361155,0.2
1704364680.0,9345.193622373525,SCALE,0.005,3.0,SAFE,0.07135298205030673,0.2
1704364740.0,9345.251445573524,SCALE,0.005,3.0,SAFE,0.07134723606532052,0.2
1704364800.0,9345.918147069524,SCALE,0.005,3.0,SAFE,0.07128098485842835,0.2
1704364860.0,9346.954049697524,SCALE,0.005,3.0,SAFE,0.0711780455373986,0.2
1704364920.0,9346.598003343524,SCALE,0.005,3.0,SAFE,0.07121342643995177,0.2
1704364980.0,9346.297178145524,SCALE,0.005,3.0,SAFE,0.07124331992684313,0.2
1704365040.0,9345.829533015523,SCALE,0.005,3.0,SAFE,0.07128979058041993,0.2
1704365100.0,9345.627296373525,SCALE,0.005,3.0,SAFE,0.07130988716290941,0.2
1704365160.0,9346.033070679525,SCALE,0.005,3.0,SAFE,0.07126956471326797,0.2
1704365220.0,9346.579355361524,SCALE,0.005,3.0,SAFE,0.07121527952010989,0.2
1704365280.0,9346.576030527523,SCALE,0.005,3.0,SAFE,0.07121560991424666,0.2
1704365340.0,9346.530350199524,SCALE,0.005,3.0,SAFE,0.07122014924238579,0.2
1704365400.0,9346.062849627524,SCALE,0.005,3.0,SAFE,0.0712666055310001,0.2
1704365460.0,9346.263207015525,SCALE,0.005,3.0,SAFE,0.07124669569302244,0.2
1704365520.0,9346.204805583524,SCALE,0.005,3.0,SAFE,0.07125249913785872,0.2
1704365580.0,9346.143223875524,SCALE,0.005,3.0,SAFE,0.0712586186118691,0.2
1704365640.0,9346.563743097524,SCALE,0.005,3.0,SAFE,0.07121683093605621,0.2
1704365700.0,9346.578921687524,SCALE,0.005,3.0,SAFE,0.07121532261499733,0.2
1704365760.0,9346.255834557523,SCALE,0.005,3.0,SAFE,0.07124742830610835,0.2
1704365820.0,9346.534108707525,SCALE,0.005,3.0,SAFE,0.0712197757533616,0.2
1704365880.0,9346.638913257524,SCALE,0.005,3.0,SAFE,0.07120936115557398,0.2
1704365940.0,9346.686183723525,SCALE,0.005,3.0,SAFE,0.07120466381284762,0.2
1704366000.0,9346.986430689523,SCALE,0.005,3.0,SAFE,0.07117482778580635,0.2
1704366060.0,9347.218012605525,SCALE,0.005,3.0,SAFE,0.07115181511593606,0.2
1704366120.0,9347.506405815524,SCALE,0.005,3.0,SAFE,0.0711231570158169,0.2
1704366180.0,9347.010427317524,SCALE,0.005,3.0,SAFE,0.07117244320203697,0.2
1704366240.0,9347.217578931524,SCALE,0.005,3.0,SAFE,0.07115185821082348,0.2
1704366300.0,9347.162068659523,SCALE,0.005,3.0,SAFE,0.07115737435641044,0.2
1704366360.0,9346.282288671524,SCALE,0.005,3.0,SAFE,0.07124479951797706,0.2
1704366420.0,9346.250052237525,SCALE,0.005,3.0,SAFE,0.07124800290460684,0.2
1704366480.0,9346.581090057523,SCALE,0.005,3.0,SAFE,0.07121510714056037,0.2
1704366540.0,9346.343436705523,SCALE,0.005,3.0,SAFE,0.0712387231388541,0.2
1704366600.0,9346.880325117525,SCALE,0.005,3.0,SAFE,0.07118537166825606,0.2
1704366660.0,9346.416872169524,SCALE,0.005,3.0,SAFE,0.0712314257379214,0.2
1704366720.0,9345.787611195525,SCALE,0.005,3.0,SAFE,0.07129395641953486,0.2
1704366780.0,9346.143079317524,SCALE,0.005,3.0,SAFE,0.07125863297683159,0.2
1704366840.0,9346.147416057524,SCALE,0.005,3.0,SAFE,0.07125820202795767,0.2
1704366900.0,9346.054898937524,SCALE,0.005,3.0,SAFE,0.07126739560393573,0.2
1704366960.0,9345.275153085524,SCALE,0.005,3.0,SAFE,0.0713448802114761,0.2
1704367020.0,9345.064965753525,SCALE,0.005,3.0,SAFE,0.07136576686690123,0.2
1704367080.0,9346.432050759524,SCALE,0.005,3.0,SAFE,0.07122991741686252,0.2
1704367140.0,9346.349797257524,SCALE,0.005,3.0,SAFE,0.07123809108050552,0.2
1704367200.0,9346.742127669524,SCALE,0.005,3.0,SAFE,0.07119910457237343,0.2
1704367260.0,9346.992646683524,SCALE,0.005,3.0,SAFE,0.07117421009242024,0.2
1704367320.0,9347.143420677525,SCALE,0.005,3.0,SAFE,0.07115922743656837,0.2
1704367380.0,9347.501635401524,SCALE,0.005,3.0,SAFE,0.07112363105957824,0.2
1704367440.0,9347.159322057523,SCALE,0.005,3.0,SAFE,0.07115764729069729,0.2
1704367500.0,9347.130699573525,SCALE,0.005,3.0,SAFE,0.07116049155326536,0.2
1704367560.0,9346.846064871525,SCALE,0.005,3.0,SAFE,0.07118877616436049,0.2
1704367620.0,9347.129109435524,SCALE,0.005,3.0,SAFE,0.07116064956785259,0.2
1704367680.0,9347.210640147525,SCALE,0.005,3.0,SAFE,0.07115254772902178,0.2
1704367740.0,9347.210495589525,SCALE,0.005,3.0,SAFE,0.07115256209398427,0.2
1704367800.0,9347.593285173523,SCALE,0.005,3.0,SAFE,0.07111452367337504,0.2
1704367860.0,9348.099382731523,SCALE,0.005,3.0,SAFE,0.07106423193978237,0.2
1704367920.0,9348.923218773523,SCALE,0.005,3.0,SAFE,0.07098236601868993,0.2
1704367980.0,9348.536237007524,SCALE,0.005,3.0,SAFE,0.07102082102321078,0.2
1704368040.0,9348.633524541525,SCALE,0.005,3.0,SAFE,0.0710111534034712,0.2
1704368100.0,9348.634391889524,SCALE,0.005,3.0,SAFE,0.07101106721369652,0.2
1704368160.0,9348.744111411524,SCALE,0.005,3.0,SAFE,0.0710001642071849,0.2
1704368220.0,9348.037222791525,SCALE,0.005,3.0,SAFE,0.07107040887364248,0.2
1704368280.0,9348.315930615525,SCALE,0.005,3.0,SAFE,0.07104271322600848,0.2
1704368340.0,9348.037222791525,SCALE,0.005,3.0,SAFE,0.07107040887364248,0.2
1704368400.0,9347.925190341524,SCALE,0.005,3.0,SAFE,0.07108154171955353,0.2
1704368460.0,9347.428199937523,SCALE,0.005,3.0,SAFE,0.07113092846051093,0.2
1704368520.0,9347.511465345524,SCALE,0.005,3.0,SAFE,0.0711226542421306,0.2
1704368580.0,9347.880955593524,SCALE,0.005,3.0,SAFE,0.07108593739806808,0.2
1704368640.0,9347.853345015525,SCALE,0.005,3.0,SAFE,0.07108868110589898,0.2
1704368700.0,9348.244952637524,SCALE,0.005,3.0,SAFE,0.07104976642257926,0.2
1704368760.0,9348.037656465523,SCALE,0.005,3.0,SAFE,0.07107036577875524,0.2
1704368820.0,9348.439383147524,SCALE,0.005,3.0,SAFE,0.07103044554806276,0.2
1704368880.0,9348.267214569523,SCALE,0.005,3.0,SAFE,0.07104755421835961,0.2
1704368940.0,9348.130462701523,SCALE,0.005,3.0,SAFE,0.07106114347285222,0.2
1704369000.0,9348.112826625524,SCALE,0.005,3.0,SAFE,0.07106289599827302,0.2
1704369060.0,9347.861006589525,SCALE,0.005,3.0,SAFE,0.07108791976288831,0.2
1704369120.0,9348.255505371524,SCALE,0.005,3.0,SAFE,0.07104871778031925,0.2
1704369180.0,9348.021755085525,SCALE,0.005,3.0,SAFE,0.07107194592462632,0.2
1704369240.0,9348.183804603525,SCALE,0.005,3.0,SAFE,0.07105584280170223,0.2
1704369300.0,9347.659781853525,SCALE,0.005,3.0,SAFE,0.07110791579064064,0.2
1704369360.0,9347.708642457525,SCALE,0.005,3.0,SAFE,0.07110306043332723,0.2
1704369420.0,9347.980989729524,SCALE,0.005,3.0,SAFE,0.07107599684404181,0.2
1704369480.0,9348.176287587525,SCALE,0.005,3.0,SAFE,0.07105658977975043,0.2
1704369540.0,9348.175998471525,SCALE,0.005,3.0,SAFE,0.07105661850967539,0.2
1704369600.0,9348.369706191525,SCALE,0.005,3.0,SAFE,0.07103736945997126,0.2
1704369660.0,9348.778516215525,SCALE,0.005,3.0,SAFE,0.070996745346118,0.2
1704369720.0,9347.753310879525,SCALE,0.005,3.0,SAFE,0.07109862165992525,0.2
1704369780.0,9347.321516133525,SCALE,0.005,3.0,SAFE,0.07114152980281055,0.2
1704369840.0,9347.603693349523,SCALE,0.005,3.0,SAFE,0.07111348939607749,0.2
1704369900.0,9347.310240609524,SCALE,0.005,3.0,SAFE,0.07114265026988295,0.2
1704369960.0,9347.650963815524,SCALE,0.005,3.0,SAFE,0.07110879205335113,0.2
1704370020.0,9347.736253035524,SCALE,0.005,3.0,SAFE,0.07110031672549633,0.2
1704370080.0,9348.068158203525,SCALE,0.005,3.0,SAFE,0.07106733477167482,0.2
1704370140.0,9348.453983505524,SCALE,0.005,3.0,SAFE,0.07102899468685377,0.2
1704370200.0,9348.894018057525,SCALE,0.005,3.0,SAFE,0.07098526774110789,0.2
1704370260.0,9348.689613045524,SCALE,0.005,3.0,SAFE,0.07100557979803451,0.2
1704370320.0,9349.076161137524,SCALE,0.005,3.0,SAFE,0.0709671678884011,0.2
1704370380.0,9348.945914379525,SCALE,0.005,3.0,SAFE,0.07098011071958266,0.2
1704370440.0,9349.154511573524,SCALE,0.005,3.0,SAFE,0.0709593820787446,0.2
1704370500.0,9350.488926471524,SCALE,0.005,3.0,SAFE,0.07082677911022309,0.2
1704370560.0,9351.364947951524,SCALE,0.005,3.0,SAFE,0.07073972743768046,0.2
1704370620.0,9351.029139717524,SCALE,0.005,3.0,SAFE,0.07077309724548847,0.2
1704370680.0,9350.907710997524,SCALE,0.005,3.0,SAFE,0.07078516381395972,0.2
1704370740.0,9351.174998739523,SCALE,0.005,3.0,SAFE,0.07075860299836059,0.2
1704370800.0,9350.939224641525,SCALE,0.005,3.0,SAFE,0.07078203225214215,0.2
1704370860.0,9350.889063015524,SCALE,0.005,3.0,SAFE,0.07078701689411784,0.2
1704370920.0,9350.822421777524,SCALE,0.005,3.0,SAFE,0.07079363914181452,0.2
1704370980.0,9350.556579615524,SCALE,0.005,3.0,SAFE,0.07082005630778908,0.2
1704371040.0,9350.627268477525,SCALE,0.005,3.0,SAFE,0.07081303184114325,0.2
1704371100.0,9350.063636835524,SCALE,0.005,3.0,SAFE,0.07086904082979734,0.2
1704371160.0,9348.245097195524,SCALE,0.005,3.0,SAFE,0.0710497520576168,0.2
1704371220.0,9347.715147567524,SCALE,0.005,3.0,SAFE,0.07110241401001635,0.2
1704371280.0,9348.500242065524,SCALE,0.005,3.0,SAFE,0.07102439789886474,0.2
1704371340.0,9348.100683753524,SCALE,0.005,3.0,SAFE,0.07106410265512009,0.2
1704371400.0,9347.833829685524,SCALE,0.005,3.0,SAFE,0.07109062037583197,0.2
1704371460.0,9348.184093719525,SCALE,0.005,3.0,SAFE,0.07105581407177729,0.2
1704371520.0,9349.905924057524,SCALE,0.005,3.0,SAFE,0.07088471300384751,0.2
1704371580.0,9349.841595747524,SCALE,0.005,3.0,SAFE,0.07089110541214476,0.2
1704371640.0,9349.541927013524,SCALE,0.005,3.0,SAFE,0.07092088397933631,0.2
1704371700.0,9349.625915211524,SCALE,0.005,3.0,SAFE,0.07091253793614379,0.2
1704371760.0,9349.757029317525,SCALE,0.005,3.0,SAFE,0.07089950891518719,0.2
1704371820.0,9350.268909195524,SCALE,0.005,3.0,SAFE,0.07084864258309603,0.2
1704371880.0,9350.420116863525,SCALE,0.005,3.0,SAFE,0.07083361683235674,0.2
1704371940.0,9350.235227181523,SCALE,0.005,3.0,SAFE,0.07085198961935056,0.2
1704372000.0,9350.008126563524,SCALE,0.005,3.0,SAFE,0.07087455697538428,0.2
1704372060.0,9350.028364683525,SCALE,0.005,3.0,SAFE,0.07087254588063893,0.2
1704372120.0,9350.337718803525,SCALE,0.005,3.0,SAFE,0.07084180486096221,0.2
1704372180.0,9349.993092531524,SCALE,0.005,3.0,SAFE,0.0708760509314807,0.2
1704372240.0,9349.488440553525,SCALE,0.005,3.0,SAFE,0.0709261990154486,0.2
1704372300.0,9349.982250681524,SCALE,0.005,3.0,SAFE,0.07087712830366566,0.2
1704372360.0,9350.542123815525,SCALE,0.005,3.0,SAFE,0.07082149280403557,0.2
1704372420.0,9350.113653903523,SCALE,0.005,3.0,SAFE,0.07086407055278429,0.2
1704372480.0,9350.824011915523,SCALE,0.005,3.0,SAFE,0.07079348112722747,0.2
1704372540.0,9350.341621869524,SCALE,0.005,3.0,SAFE,0.07084141700697572,0.2
1704372600.0,9350.534173125525,SCALE,0.005,3.0,SAFE,0.0708222828769712,0.2
1704372660.0,9350.341477311524,SCALE,0.005,3.0,SAFE,0.0708414313719382,0.2
1704372720.0,9350.663841651523,SCALE,0.005,3.0,SAFE,0.07080939750563955,0.2
1704372780.0,9351.134667057524,SCALE,0.005,3.0,SAFE,0.07076261082288848,0.2
1704372840.0,9350.884870833524,SCALE,0.005,3.0,SAFE,0.07078743347802928,0.2
1704372900.0,9351.070772421524,SCALE,0.005,3.0,SAFE,0.0707689601362983,0.2
1704372960.0,9350.934165111525,SCALE,0.005,3.0,SAFE,0.07078253502582844,0.2
1704373020.0,9350.400023301525,SCALE,0.005,3.0,SAFE,0.07083561356213944,0.2
1704373080.0,9350.783969349524,SCALE,0.005,3.0,SAFE,0.07079746022183041,0.2
1704373140.0,9351.093178911524,SCALE,0.005,3.0,SAFE,0.07076673356711617,0.2
1704373200.0,9350.922745029524,SCALE,0.005,3.0,SAFE,0.07078366985786332,0.2
1704373260.0,9351.038535987524,SCALE,0.005,3.0,SAFE,0.07077216352292826,0.2
1704373320.0,9350.180295141525,SCALE,0.005,3.0,SAFE,0.07085744830508743,0.2
1704373380.0,9349.909248891525,SCALE,0.005,3.0,SAFE,0.07088438260971075,0.2
1704373440.0,9350.325286815525,SCALE,0.005,3.0,SAFE,0.07084304024773423,0.2
1704373500.0,9350.639700465525,SCALE,0.005,3.0,SAFE,0.07081179645437122,0.2
1704373560.0,9350.055252471524,SCALE,0.005,3.0,SAFE,0.0708698739976204,0.2
1704373620.0,9349.860243729525,SCALE,0.005,3.0,SAFE,0.07088925233198663,0.2
1704373680.0,9349.979793195524,SCALE,0.005,3.0,SAFE,0.07087737250802757,0.2
1704373740.0,9349.849257321524,SCALE,0.005,3.0,SAFE,0.07089034406913408,0.2
1704373800.0,9349.928330547524,SCALE,0.005,3.0,SAFE,0.07088248643466537,0.2
1704373860.0,9349.842752211523,SCALE,0.005,3.0,SAFE,0.07089099049244514,0.2
1704373920.0,9349.848245415524,SCALE,0.005,3.0,SAFE,0.07089044462387141,0.2
1704373980.0,9349.848389973524,SCALE,0.005,3.0,SAFE,0.07089043025890894,0.2
1704374040.0,9349.954206429524,SCALE,0.005,3.0,SAFE,0.070879915106384,0.2
1704374100.0,9349.811383125525,SCALE,0.005,3.0,SAFE,0.07089410768930006,0.2
1704374160.0,9349.777701111525,SCALE,0.005,3.0,SAFE,0.07089745472555459,0.2
1704374220.0,9349.545974637524,SCALE,0.005,3.0,SAFE,0.07092048176038736,0.2
1704374280.0,9349.546119195524,SCALE,0.005,3.0,SAFE,0.07092046739542487,0.2
1704374340.0,9349.576910049524,SCALE,0.005,3.0,SAFE,0.07091740765841968,0.2
1704374400.0,9349.463721135524,SCALE,0.005,3.0,SAFE,0.07092865542403035,0.2
1704374460.0,9349.934835657525,SCALE,0.005,3.0,SAFE,0.07088184001135432,0.2
1704374520.0,9349.934691099525,SCALE,0.005,3.0,SAFE,0.07088185437631679,0.2
1704374580.0,9349.308032169523,SCALE,0.005,3.0,SAFE,0.07094412648860604,0.2
1704374640.0,9349.154656131524,SCALE,0.005,3.0,SAFE,0.07095936771378211,0.2
1704374700.0,9349.458227931524,SCALE,0.005,3.0,SAFE,0.07092920129260408,0.2
1704374760.0,9349.749078627525,SCALE,0.005,3.0,SAFE,0.07090029898812282,0.2
1704374820.0,9349.156101711524,SCALE,0.005,3.0,SAFE,0.07095922406415754,0.2
1704374880.0,9349.038576057525,SCALE,0.005,3.0,SAFE,0.07097090277864213,0.2
1704374940.0,9349.075149231525,SCALE,0.005,3.0,SAFE,0.07096726844313825,0.2
1704375000.0,9348.662869815524,SCALE,0.005,3.0,SAFE,0.07100823731609075,0.2
1704375060.0,9348.314774151524,SCALE,0.005,3.0,SAFE,0.0710428281457083,0.2
1704375120.0,9348.845591127525,SCALE,0.005,3.0,SAFE,0.07099008000353388,0.2
1704375180.0,9349.186169775525,SCALE,0.005,3.0,SAFE,0.07095623615196454,0.2
1704375240.0,9348.898499355524,SCALE,0.005,3.0,SAFE,0.0709848224272715,0.2
1704375300.0,9349.356169983525,SCALE,0.005,3.0,SAFE,0.07093934295610482,0.2
1704375360.0,9349.384214235524,SCALE,0.005,3.0,SAFE,0.07093655615338648,0.2
1704375420.0,9349.299214131524,SCALE,0.005,3.0,SAFE,0.07094500275131635,0.2
1704375480.0,9349.318006671525,SCALE,0.005,3.0,SAFE,0.07094313530619574,0.2
1704375540.0,9349.849257321524,SCALE,0.005,3.0,SAFE,0.07089034406913408,0.2
1704375600.0,9349.498125939524,SCALE,0.005,3.0,SAFE,0.07092523656296344,0.2
1704375660.0,9349.483091907525,SCALE,0.005,3.0,SAFE,0.07092673051905984,0.2
1704375720.0,9350.109028047524,SCALE,0.005,3.0,SAFE,0.07086453023158316,0.2
1704375780.0,9350.268909195524,SCALE,0.005,3.0,SAFE,0.07084864258309603,0.2
1704375840.0,9349.920379857524,SCALE,0.005,3.0,SAFE,0.070883276507601,0.2
1704375900.0,9349.934835657525,SCALE,0.005,3.0,SAFE,0.07088184001135432,0.2
1704375960.0,9350.341332753524,SCALE,0.005,3.0,SAFE,0.07084144573690067,0.2
1704376020.0,9350.558025195523,SCALE,0.005,3.0,SAFE,0.0708199126581645,0.2
1704376080.0,9350.802183657524,SCALE,0.005,3.0,SAFE,0.0707956502365597,0.2
1704376140.0,9350.875763679524,SCALE,0.005,3.0,SAFE,0.07078833847066472,0.2
1704376200.0,9351.039981567525,SCALE,0.005,3.0,SAFE,0.07077201987330349,0.2
1704376260.0,9351.929736057524,SCALE,0.005,3.0,SAFE,0.07068360352932675,0.2
1704376320.0,9352.508257173524,SCALE,0.005,3.0,SAFE,0.07062611494953873,0.2
1704376380.0,9352.216683687524,SCALE,0.005,3.0,SAFE,0.07065508907883217,0.2
1704376440.0,9352.492211235523,SCALE,0.005,3.0,SAFE,0.07062770946037246,0.2
1704376500.0,9352.437279195525,SCALE,0.005,3.0,SAFE,0.07063316814610933,0.2
1704376560.0,9351.958936773524,SCALE,0.005,3.0,SAFE,0.07068070180690861,0.2
1704376620.0,9351.659557155524,SCALE,0.005,3.0,SAFE,0.0707104516441752,0.2
1704376680.0,9351.380560215524,SCALE,0.005,3.0,SAFE,0.07073817602173416,0.2
1704376740.0,9350.638688559524,SCALE,0.005,3.0,SAFE,0.07081189700910856,0.2
1704376800.0,9350.542268373525,SCALE,0.005,3.0,SAFE,0.0708214784390731,0.2
1704376860.0,9350.039206533524,SCALE,0.005,3.0,SAFE,0.07087146850845413,0.2
1704376920.0,9350.090524623523,SCALE,0.005,3.0,SAFE,0.07086636894677881,0.2
1704376980.0,9349.719588795524,SCALE,0.005,3.0,SAFE,0.07090322944046591,0.2
1704377040.0,9350.394096423524,SCALE,0.005,3.0,SAFE,0.07083620252560059,0.2
1704377100.0,9350.397421257525,SCALE,0.005,3.0,SAFE,0.07083587213146382,0.2
1704377160.0,9350.571179973524,SCALE,0.005,3.0,SAFE,0.0708186054465801,0.2
1704377220.0,9350.653433475523,SCALE,0.005,3.0,SAFE,0.0708104317829371,0.2
1704377280.0,9350.769947223524,SCALE,0.005,3.0,SAFE,0.07079885362318966,0.2
1704377340.0,9350.202557073524,SCALE,0.005,3.0,SAFE,0.07085523610086777,0.2
1704377400.0,9350.032990539525,SCALE,0.005,3.0,SAFE,0.07087208620184006,0.2
1704377460.0,9350.350729023525,SCALE,0.005,3.0,SAFE,0.07084051201434029,0.2
1704377520.0,9350.081995701525,SCALE,0.005,3.0,SAFE,0.07086721647956416,0.2
1704377580.0,9349.848245415524,SCALE,0.005,3.0,SAFE,0.07089044462387141,0.2
1704377640.0,9350.011162281524,SCALE,0.005,3.0,SAFE,0.07087425531117247,0.2
1704377700.0,9350.604428313523,SCALE,0.005,3.0,SAFE,0.070815301505213,0.2
1704377760.0,9351.418578969524,SCALE,0.005,3.0,SAFE,0.07073439803660571,0.2
1704377820.0,9351.254794755525,SCALE,0.005,3.0,SAFE,0.07075067353907932,0.2
1704377880.0,9351.669965331525,SCALE,0.005,3.0,SAFE,0.07070941736687766,0.2
1704377940.0,9351.160976613524,SCALE,0.005,3.0,SAFE,0.07075999639971967,0.2
1704378000.0,9350.995313145524,SCALE,0.005,3.0,SAFE,0.07077645864670548,0.2
1704378060.0,9351.377669055524,SCALE,0.005,3.0,SAFE,0.07073846332098349,0.2
1704378120.0,9351.648281631524,SCALE,0.005,3.0,SAFE,0.07071157211124761,0.2
1704378180.0,9351.412941207524,SCALE,0.005,3.0,SAFE,0.07073495827014191,0.2
1704378240.0,9351.165602469524,SCALE,0.005,3.0,SAFE,0.07075953672092081,0.2
1704378300.0,9351.014250243525,SCALE,0.005,3.0,SAFE,0.0707745768366224,0.2
1704378360.0,9350.432259735524,SCALE,0.005,3.0,SAFE,0.07083241017550966,0.2
1704378420.0,9350.247803727525,SCALE,0.005,3.0,SAFE,0.07085073986761589,0.2
1704378480.0,9350.076647055525,SCALE,0.005,3.0,SAFE,0.07086774798317541,0.2
1704378540.0,9350.419249515524,SCALE,0.005,3.0,SAFE,0.07083370302213159,0.2
1704378600.0,9350.511766635524,SCALE,0.005,3.0,SAFE,0.07082450944615352,0.2
1704378660.0,9350.022871479525,SCALE,0.005,3.0,SAFE,0.07087309174921265,0.2
1704378720.0,9349.995550017524,SCALE,0.005,3.0,SAFE,0.07087580672711878,0.2
1704378780.0,9349.635022365524,SCALE,0.005,3.0,SAFE,0.07091163294350834,0.2
1704378840.0,9349.570115823524,SCALE,0.005,3.0,SAFE,0.0709180828116555,0.2
1704378900.0,9349.879325385524,SCALE,0.005,3.0,SAFE,0.07088735615694126,0.2
1704378960.0,9349.741272495525,SCALE,0.005,3.0,SAFE,0.07090107469609598,0.2
1704379020.0,9349.989044907525,SCALE,0.005,3.0,SAFE,0.07087645315042966,0.2
1704379080.0,9350.153407353524,SCALE,0.005,3.0,SAFE,0.07086012018810614,0.2
1704379140.0,9349.530217815523,SCALE,0.005,3.0,SAFE,0.07092204754129613,0.2
1704379200.0,9350.036170815523,SCALE,0.005,3.0,SAFE,0.07087177017266595,0.2
1704379260.0,9350.079682773525,SCALE,0.005,3.0,SAFE,0.07086744631896359,0.2
1704379320.0,9350.906409975523,SCALE,0.005,3.0,SAFE,0.070785293098622,0.2
1704379380.0,9351.206223267523,SCALE,0.005,3.0,SAFE,0.07075550016646798,0.2
1704379440.0,9352.248920121525,SCALE,0.005,3.0,SAFE,0.07065188569220221,0.2
1704379500.0,9352.402151601524,SCALE,0.005,3.0,SAFE,0.07063665883198862,0.2
1704379560.0,9351.496062057524,SCALE,0.005,3.0,SAFE,0.07072669841672405,0.2
1704379620.0,9352.508979963524,SCALE,0.005,3.0,SAFE,0.07062604312472634,0.2
1704379680.0,9352.078630797525,SCALE,0.005,3.0,SAFE,0.07066880761798688,0.2
1704379740.0,9352.284481389524,SCALE,0.005,3.0,SAFE,0.07064835191143568,0.2
1704379800.0,9352.818334083524,SCALE,0.005,3.0,SAFE,0.07059530210504963,0.2
1704379860.0,9354.098106057525,SCALE,0.005,3.0,SAFE,0.07046812909234004,0.2
1704379920.0,9355.252835361523,SCALE,0.005,3.0,SAFE,0.0703533817721636,0.2
1704379980.0,9354.942035661525,SCALE,0.005,3.0,SAFE,0.0703842664414649,0.2
1704380040.0,9354.340240707525,SCALE,0.005,3.0,SAFE,0.07044406778020991,0.2
1704380100.0,9355.543830615525,SCALE,0.005,3.0,SAFE,0.07032446510271988,0.2
1704380160.0,9354.614322675525,SCALE,0.005,3.0,SAFE,0.07041683181137479,0.2
1704380220.0,9354.358310457525,SCALE,0.005,3.0,SAFE,0.07044227215990169,0.2
1704380280.0,9354.483353127524,SCALE,0.005,3.0,SAFE,0.0704298464673689,0.2
1704380340.0,9355.400284521524,SCALE,0.005,3.0,SAFE,0.07033872951044849,0.2
1704380400.0,9356.671238457524,SCALE,0.005,3.0,SAFE,0.07021243276044939,0.2
1704380460.0,9356.237709015524,SCALE,0.005,3.0,SAFE,0.07025551328288422,0.2
1704380520.0,9356.388627567525,SCALE,0.005,3.0,SAFE,0.07024051626206988,0.2
1704380580.0,9355.746211815524,SCALE,0.005,3.0,SAFE,0.07030435415526791,0.2
1704380640.0,9354.967911543525,SCALE,0.005,3.0,SAFE,0.07038169511318353,0.2
1704380700.0,9355.344051459524,SCALE,0.005,3.0,SAFE,0.07034431748084764,0.2
1704380760.0,9354.494628651524,SCALE,0.005,3.0,SAFE,0.07042872600029651,0.2
1704380820.0,9354.686023443524,SCALE,0.005,3.0,SAFE,0.07040970678999181,0.2
1704380880.0,9355.129816503524,SCALE,0.005,3.0,SAFE,0.0703656063552219,0.2
1704380940.0,9355.890769815524,SCALE,0.005,3.0,SAFE,0.07028998919280215,0.2
1704381000.0,9355.980829449525,SCALE,0.005,3.0,SAFE,0.0702810398211858,0.2
1704381060.0,9355.746356373524,SCALE,0.005,3.0,SAFE,0.07030433979030544,0.2
1704381120.0,9356.307964203525,SCALE,0.005,3.0,SAFE,0.07024853191112582,0.2
1704381180.0,9356.923347609525,SCALE,0.005,3.0,SAFE,0.07018738026590897,0.2
1704381240.0,9357.492472455524,SCALE,0.005,3.0,SAFE,0.07013082540868135,0.2
1704381300.0,9359.793691257524,SCALE,0.005,3.0,SAFE,0.06990214957118869,0.2
1704381360.0,9359.102848575523,SCALE,0.005,3.0,SAFE,0.06997079972681271,0.2
1704381420.0,9357.785925195523,SCALE,0.005,3.0,SAFE,0.07010166453487589,0.2
1704381480.0,9358.611785049525,SCALE,0.005,3.0,SAFE,0.07001959750430878,0.2
1704381540.0,9358.472720253525,SCALE,0.005,3.0,SAFE,0.07003341659820084,0.2
1704381600.0,9358.573188063525,SCALE,0.005,3.0,SAFE,0.07002343294928713,0.2
1704381660.0,9357.770312931525,SCALE,0.005,3.0,SAFE,0.07010321595082201,0.2
1704381720.0,9357.553186815525,SCALE,0.005,3.0,SAFE,0.07012479212444563,0.2
1704381780.0,9356.642760531524,SCALE,0.005,3.0,SAFE,0.07021526265805515,0.2
1704381840.0,9357.114453285525,SCALE,0.005,3.0,SAFE,0.07016838978552922,0.2
1704381900.0,9358.050466335524,SCALE,0.005,3.0,SAFE,0.07007537665356345,0.2
1704381960.0,9358.159896741525,SCALE,0.005,3.0,SAFE,0.07006450237697678,0.2
1704382020.0,9358.797975753525,SCALE,0.005,3.0,SAFE,0.07000109543265286,0.2
1704382080.0,9361.429220469525,SCALE,0.005,3.0,SAFE,0.06973962438585088,0.2
1704382140.0,9362.309289573524,SCALE,0.005,3.0,SAFE,0.06965217049435929,0.2
1704382200.0,9363.899427573524,SCALE,0.005,3.0,SAFE,0.06949415590723583,0.2
1704382260.0,9363.407785815523,SCALE,0.005,3.0,SAFE,0.069543011144582,0.2
1704382320.0,9363.293295879525,SCALE,0.005,3.0,SAFE,0.06955438819485477,0.2
1704382380.0,9361.441941573525,SCALE,0.005,3.0,SAFE,0.0697383602691539,0.2
1704382440.0,9361.083293175525,SCALE,0.005,3.0,SAFE,0.06977399974103146,0.2
1704382500.0,9362.627028057525,SCALE,0.005,3.0,SAFE,0.06962059630685952,0.2
1704382560.0,9363.350107173525,SCALE,0.005,3.0,SAFE,0.06954874276460572,0.2
1704382620.0,9363.051884019524,SCALE,0.005,3.0,SAFE,0.06957837768217269,0.2
1704382680.0,9363.047836395524,SCALE,0.005,3.0,SAFE,0.06957877990112166,0.2
1704382740.0,9363.203380803525,SCALE,0.005,3.0,SAFE,0.06956332320150845,0.2
1704382800.0,9361.445844639524,SCALE,0.005,3.0,SAFE,0.06973797241516741,0.2
1704382860.0,9361.232332473524,SCALE,0.005,3.0,SAFE,0.0697591894647293,0.2
1704382920.0,9360.934542993524,SCALE,0.005,3.0,SAFE,0.06978878128740885,0.2
1704382980.0,9362.195088753524,SCALE,0.005,3.0,SAFE,0.0696635188147073,0.2
1704383040.0,9361.991117415524,SCALE,0.005,3.0,SAFE,0.0696837877767465,0.2
1704383100.0,9361.702001415524,SCALE,0.005,3.0,SAFE,0.06971251770167802,0.2
1704383160.0,9359.809737195525,SCALE,0.005,3.0,SAFE,0.06990055506035495,0.2
1704383220.0,9360.169542057523,SCALE,0.005,3.0,SAFE,0.06986480066877776,0.2
1704383280.0,9360.432059385525,SCALE,0.005,3.0,SAFE,0.0698387138969398,0.2
1704383340.0,9360.719296131525,SCALE,0.005,3.0,SAFE,0.06981017071652026,0.2
1704383400.0,9361.137357867525,SCALE,0.005,3.0,SAFE,0.06976862724506927,0.2
1704383460.0,9360.589049373524,SCALE,0.005,3.0,SAFE,0.069823113547702,0.2
1704383520.0,9360.282730971525,SCALE,0.005,3.0,SAFE,0.06985355290316692,0.2
1704383580.0,9360.339108591525,SCALE,0.005,3.0,SAFE,0.0698479505678053,0.2
1704383640.0,9360.677085195524,SCALE,0.005,3.0,SAFE,0.06981436528556034,0.2
1704383700.0,9360.782467977524,SCALE,0.005,3.0,SAFE,0.06980389322792283,0.2
1704383760.0,9361.399730637524,SCALE,0.005,3.0,SAFE,0.06974255483819397,0.2
1704383820.0,9361.400164311524,SCALE,0.005,3.0,SAFE,0.06974251174330653,0.2
1704383880.0,9361.121022813524,SCALE,0.005,3.0,SAFE,0.06977025048582797,0.2
1704383940.0,9360.821643195524,SCALE,0.005,3.0,SAFE,0.06980000032309457,0.2
1704384000.0,9361.672945257524,SCALE,0.005,3.0,SAFE,0.06971540505913369,0.2
1704384060.0,9361.878362175525,SCALE,0.005,3.0,SAFE,0.06969499244746974,0.2
1704384120.0,9361.136056845524,SCALE,0.005,3.0,SAFE,0.06976875652973155,0.2
1704384180.0,9361.015784589525,SCALE,0.005,3.0,SAFE,0.069780708178503,0.2
1704384240.0,9360.200332911525,SCALE,0.005,3.0,SAFE,0.06986174093177239,0.2
1704384300.0,9360.299933373524,SCALE,0.005,3.0,SAFE,0.06985184347263354,0.2
1704384360.0,9359.063239683524,SCALE,0.005,3.0,SAFE,0.06997473572652821,0.2
1704384420.0,9357.654377415523,SCALE,0.005,3.0,SAFE,0.07011473665071973,0.2
1704384480.0,9358.966530381524,SCALE,0.005,3.0,SAFE,0.06998434588641789,0.2
1704384540.0,9358.616555463524,SCALE,0.005,3.0,SAFE,0.07001912346054744,0.2
1704384600.0,9359.687874801524,SCALE,0.005,3.0,SAFE,0.06991266472371363,0.2
1704384660.0,9358.159318509524,SCALE,0.005,3.0,SAFE,0.07006455983682669,0.2
1704384720.0,9357.885525657524,SCALE,0.005,3.0,SAFE,0.07009176707573687,0.2
1704384780.0,9358.237668945525,SCALE,0.005,3.0,SAFE,0.07005677402717018,0.2
1704384840.0,9359.042278773524,SCALE,0.005,3.0,SAFE,0.06997681864608576,0.2
1704384900.0,9359.203027269525,SCALE,0.005,3.0,SAFE,0.06996084480782379,0.2
1704384960.0,9359.745553443525,SCALE,0.005,3.0,SAFE,0.06990693310368973,0.2
1704385020.0,9360.532527195524,SCALE,0.005,3.0,SAFE,0.0698287302480261,0.2
1704385080.0,9360.515758467523,SCALE,0.005,3.0,SAFE,0.06983039658367222,0.2
1704385140.0,9360.222161169524,SCALE,0.005,3.0,SAFE,0.06985957182244015,0.2
1704385200.0,9359.891990697524,SCALE,0.005,3.0,SAFE,0.06989238139671194,0.2
1704385260.0,9359.360161815524,SCALE,0.005,3.0,SAFE,0.06994523009362352,0.2
1704385320.0,9358.798120311525,SCALE,0.005,3.0,SAFE,0.07000108106769037,0.2
1704385380.0,9358.262532921524,SCALE,0.005,3.0,SAFE,0.07005430325362613,0.2
1704385440.0,9357.685312827523,SCALE,0.005,3.0,SAFE,0.07011166254875206,0.2
1704385500.0,9358.423425975525,SCALE,0.005,3.0,SAFE,0.07003831505040167,0.2
1704385560.0,9358.508859753525,SCALE,0.005,3.0,SAFE,0.07002982535758438,0.2
1704385620.0,9358.688979021525,SCALE,0.005,3.0,SAFE,0.07001192661435209,0.2
1704385680.0,9358.608604773524,SCALE,0.005,3.0,SAFE,0.07001991353348307,0.2
1704385740.0,9358.290288057524,SCALE,0.005,3.0,SAFE,0.07005154518083276,0.2
1704385800.0,9357.249615015524,SCALE,0.005,3.0,SAFE,0.07015495854562384,0.2
1704385860.0,9357.922243389525,SCALE,0.005,3.0,SAFE,0.07008811837527053,0.2
1704385920.0,9357.641222637523,SCALE,0.005,3.0,SAFE,0.07011604386230413,0.2
1704385980.0,9357.540176595525,SCALE,0.005,3.0,SAFE,0.07012608497106755,0.2
1704386040.0,9357.576605211525,SCALE,0.005,3.0,SAFE,0.07012246500052616,0.2
1704386100.0,9357.512566017524,SCALE,0.005,3.0,SAFE,0.07012882867889864,0.2
1704386160.0,9357.882056265524,SCALE,0.005,3.0,SAFE,0.0700921118348361,0.2
1704386220.0,9358.155560001524,SCALE,0.005,3.0,SAFE,0.07006493332585088,0.2
1704386280.0,9358.617711927523,SCALE,0.005,3.0,SAFE,0.07001900854084782,0.2
1704386340.0,9358.608604773524,SCALE,0.005,3.0,SAFE,0.07001991353348307,0.2
1704386400.0,9358.313561895524,SCALE,0.005,3.0,SAFE,0.07004923242187576,0.2
1704386460.0,9358.105253817524,SCALE,0.005,3.0,SAFE,0.07006993233278888,0.2
1704386520.0,9357.761205777524,SCALE,0.005,3.0,SAFE,0.07010412094345746,0.2
1704386580.0,9358.810841415525,SCALE,0.005,3.0,SAFE,0.0699998169509934,0.2
1704386640.0,9359.194932021524,SCALE,0.005,3.0,SAFE,0.06996164924572189,0.2
1704386700.0,9359.196522159524,SCALE,0.005,3.0,SAFE,0.06996149123113483,0.2
1704386760.0,9359.069455677523,SCALE,0.005,3.0,SAFE,0.06997411803314228,0.2
1704386820.0,9359.624124723525,SCALE,0.005,3.0,SAFE,0.06991899967216098,0.2
1704386880.0,9360.466464189523,SCALE,0.005,3.0,SAFE,0.06983529503587307,0.2
1704386940.0,9359.880426057523,SCALE,0.005,3.0,SAFE,0.0698935305937093,0.2
1704387000.0,9359.914541745524,SCALE,0.005,3.0,SAFE,0.06989014046256734,0.2
1704387060.0,9359.838937911523,SCALE,0.005,3.0,SAFE,0.06989765333793699,0.2
1704387120.0,9359.173971111524,SCALE,0.005,3.0,SAFE,0.06996373216527944,0.2
1704387180.0,9358.512473703524,SCALE,0.005,3.0,SAFE,0.07002946623352285,0.2
1704387240.0,9358.745356641524,SCALE,0.005,3.0,SAFE,0.07000632427899046,0.2
1704387300.0,9358.724106615524,SCALE,0.005,3.0,SAFE,0.07000843592847297,0.2
1704387360.0,9359.094175095524,SCALE,0.005,3.0,SAFE,0.06997166162456053,0.2
1704387420.0,9358.819081221523,SCALE,0.005,3.0,SAFE,0.069998998148133,0.2
1704387480.0,9358.797831195525,SCALE,0.005,3.0,SAFE,0.07000110979761533,0.2
1704387540.0,9358.864472433524,SCALE,0.005,3.0,SAFE,0.06999448754991865,0.2
1704387600.0,9359.260127679525,SCALE,0.005,3.0,SAFE,0.06995517064764978,0.2
1704387660.0,9358.464046773524,SCALE,0.005,3.0,SAFE,0.07003427849594884,0.2
1704387720.0,9358.117107573524,SCALE,0.005,3.0,SAFE,0.07006875440586675,0.2
1704387780.0,9357.885670215524,SCALE,0.005,3.0,SAFE,0.07009175271077439,0.2
1704387840.0,9358.393357911524,SCALE,0.005,3.0,SAFE,0.07004130296259467,0.2
1704387900.0,9359.327491707525,SCALE,0.005,3.0,SAFE,0.06994847657514072,0.2
1704387960.0,9359.286726351524,SCALE,0.005,3.0,SAFE,0.0699525274945562,0.2
1704388020.0,9359.461930647523,SCALE,0.005,3.0,SAFE,0.06993511716004772,0.2
1704388080.0,9359.476675563525,SCALE,0.005,3.0,SAFE,0.06993365193387609,0.2
1704388140.0,9360.387824637524,SCALE,0.005,3.0,SAFE,0.06984310957545435,0.2
1704388200.0,9360.285333015525,SCALE,0.005,3.0,SAFE,0.06985329433384252,0.2
1704388260.0,9360.711200883525,SCALE,0.005,3.0,SAFE,0.06981097515441838,0.2
1704388320.0,9361.651261557525,SCALE,0.005,3.0,SAFE,0.06971755980350346,0.2
1704388380.0,9361.817792373524,SCALE,0.005,3.0,SAFE,0.06970101136674298,0.2
1704388440.0,9362.323600815524,SCALE,0.005,3.0,SAFE,0.06965074836307526,0.2
1704388500.0,9361.464492621524,SCALE,0.005,3.0,SAFE,0.06973611933500928,0.2
1704388560.0,9361.958736423525,SCALE,0.005,3.0,SAFE,0.06968700552833874,0.2
1704388620.0,9361.057128177525,SCALE,0.005,3.0,SAFE,0.0697765997992378,0.2
1704388680.0,9361.330921029525,SCALE,0.005,3.0,SAFE,0.06974939256032761,0.2
1704388740.0,9361.656176529525,SCALE,0.005,3.0,SAFE,0.06971707139477963,0.2
1704388800.0,9362.535522843524,SCALE,0.005,3.0,SAFE,0.06962968932810043,0.2
1704388860.0,9362.227325187525,SCALE,0.005,3.0,SAFE,0.06966031542807734,0.2
1704388920.0,9362.164587015524,SCALE,0.005,3.0,SAFE,0.06966654982178754,0.2
1704388980.0,9362.577878337524,SCALE,0.005,3.0,SAFE,0.06962548039409788,0.2
1704389040.0,9362.716943133524,SCALE,0.005,3.0,SAFE,0.06961166130020584,0.2
1704389100.0,9362.749035009525,SCALE,0.005,3.0,SAFE,0.06960847227853836,0.2
1704389160.0,9362.483481963523,SCALE,0.005,3.0,SAFE,0.06963486071458813,0.2
1704389220.0,9361.297528131525,SCALE,0.005,3.0,SAFE,0.0697527108666572,0.2
1704389280.0,9361.152536457525,SCALE,0.005,3.0,SAFE,0.06976711892401039,0.2
1704389340.0,9361.320368295525,SCALE,0.005,3.0,SAFE,0.06975044120258762,0.2
1704389400.0,9361.744646025523,SCALE,0.005,3.0,SAFE,0.06970828003775072,0.2
1704389460.0,9361.256329101525,SCALE,0.005,3.0,SAFE,0.06975680488095994,0.2
1704389520.0,9360.239219013523,SCALE,0.005,3.0,SAFE,0.06985787675686926,0.2
1704389580.0,9360.809211207525,SCALE,0.005,3.0,SAFE,0.06980123570986659,0.2
1704389640.0,9361.028794809525,SCALE,0.005,3.0,SAFE,0.06977941533188108,0.2
1704389700.0,9360.648029037524,SCALE,0.005,3.0,SAFE,0.069817252643016,0.2
1704389760.0,9360.455477781525,SCALE,0.005,3.0,SAFE,0.06983638677302033,0.2
1704389820.0,9360.227509815524,SCALE,0.005,3.0,SAFE,0.0698590403188289,0.2
1704389880.0,9360.227943489524,SCALE,0.005,3.0,SAFE,0.06985899722394148,0.2
1704389940.0,9360.515758467523,SCALE,0.005,3.0,SAFE,0.06983039658367222,0.2
1704390000.0,9358.964217453524,SCALE,0.005,3.0,SAFE,0.06998457572581733,0.2
1704390060.0,9358.724106615524,SCALE,0.005,3.0,SAFE,0.07000843592847297,0.2
1704390120.0,9358.470840999524,SCALE,0.005,3.0,SAFE,0.07003360334271301,0.2
1704390180.0,9358.405067109525,SCALE,0.005,3.0,SAFE,0.07004013940063485,0.2
1704390240.0,9357.629657997524,SCALE,0.005,3.0,SAFE,0.0701171930593013,0.2
1704390300.0,9358.085160255525,SCALE,0.005,3.0,SAFE,0.07007192906257158,0.2
1704390360.0,9358.764149181525,SCALE,0.005,3.0,SAFE,0.07000445683386985,0.2
1704390420.0,9358.924174887525,SCALE,0.005,3.0,SAFE,0.06998855482042025,0.2
1704390480.0,9359.015969217524,SCALE,0.005,3.0,SAFE,0.06997943306925457,0.2
1704390540.0,9358.628842893524,SCALE,0.005,3.0,SAFE,0.0700179024387379,0.2
1704390600.0,9358.797686637525,SCALE,0.005,3.0,SAFE,0.0700011241625778,0.2
1704390660.0,9360.105791979524,SCALE,0.005,3.0,SAFE,0.0698711356172251,0.2
1704390720.0,9360.359780385525,SCALE,0.005,3.0,SAFE,0.06984589637817268,0.2
1704390780.0,9360.786660159523,SCALE,0.005,3.0,SAFE,0.06980347664401139,0.2
1704390840.0,9360.082951815524,SCALE,0.005,3.0,SAFE,0.06987340528129467,0.2
1704390900.0,9359.987254419524,SCALE,0.005,3.0,SAFE,0.06988291488644703,0.2
1704390960.0,9359.947500969523,SCALE,0.005,3.0,SAFE,0.06988686525112518,0.2
1704391020.0,9359.835468519525,SCALE,0.005,3.0,SAFE,0.06989799809703605,0.2
1704391080.0,9359.880570615524,SCALE,0.005,3.0,SAFE,0.06989351622874682,0.2
1704391140.0,9359.938538373524,SCALE,0.005,3.0,SAFE,0.06988775587879796,0.2
1704391200.0,9360.182985951524,SCALE,0.005,3.0,SAFE,0.06986346472726841,0.2
1704391260.0,9360.712501905524,SCALE,0.005,3.0,SAFE,0.06981084586975628,0.2
1704391320.0,9360.771337011523,SCALE,0.005,3.0,SAFE,0.06980499933003274,0.2
1704391380.0,9361.458421185524,SCALE,0.005,3.0,SAFE,0.06973672266343292,0.2
1704391440.0,9360.980512437523,SCALE,0.005,3.0,SAFE,0.06978421322934476,0.2
1704391500.0,9360.823088775524,SCALE,0.005,3.0,SAFE,0.06979985667347,0.2
1704391560.0,9361.353472077524,SCALE,0.005,3.0,SAFE,0.069747151626183,0.2
1704391620.0,9361.045852653524,SCALE,0.005,3.0,SAFE,0.06977772026631018,0.2
1704391680.0,9361.197783111524,SCALE,0.005,3.0,SAFE,0.06976262269075868,0.2
1704391740.0,9360.809644881525,SCALE,0.005,3.0,SAFE,0.06980119261497916,0.2
1704391800.0,9360.501447225524,SCALE,0.005,3.0,SAFE,0.06983181871495625,0.2
1704391860.0,9360.290826219523,SCALE,0.005,3.0,SAFE,0.06985274846526898,0.2
1704391920.0,9360.230979207525,SCALE,0.005,3.0,SAFE,0.06985869555972966,0.2
1704391980.0,9359.579889975525,SCALE,0.005,3.0,SAFE,0.06992339535067553,0.2
1704392040.0,9359.765068773524,SCALE,0.005,3.0,SAFE,0.06990499383375692,0.2
1704392100.0,9359.764924215524,SCALE,0.005,3.0,SAFE,0.0699050081987194,0.2
1704392160.0,9360.487714215524,SCALE,0.005,3.0,SAFE,0.06983318338639055,0.2
1704392220.0,9360.749364195524,SCALE,0.005,3.0,SAFE,0.06980718280432745,0.2
1704392280.0,9360.805597257524,SCALE,0.005,3.0,SAFE,0.06980159483392831,0.2
1704392340.0,9359.918733927525,SCALE,0.005,3.0,SAFE,0.06988972387865572,0.2
1704392400.0,9359.202449037524,SCALE,0.005,3.0,SAFE,0.06996090226767368,0.2
1704392460.0,9358.783086279524,SCALE,0.005,3.0,SAFE,0.07000257502378697,0.2
1704392520.0,9358.724106615524,SCALE,0.005,3.0,SAFE,0.07000843592847297,0.2
1704392580.0,9360.626489895523,SCALE,0.005,3.0,SAFE,0.06981939302242346,0.2
1704392640.0,9360.372356931524,SCALE,0.005,3.0,SAFE,0.06984464662643819,0.2
1704392700.0,9360.572136087525,SCALE,0.005,3.0,SAFE,0.06982479424831042,0.2
1704392760.0,9360.227365257524,SCALE,0.005,3.0,SAFE,0.06985905468379137,0.2
1704392820.0,9360.045944967524,SCALE,0.005,3.0,SAFE,0.06987708271168597,0.2
1704392880.0,9360.243411195524,SCALE,0.005,3.0,SAFE,0.06985746017295764,0.2
1704392940.0,9359.739771123524,SCALE,0.005,3.0,SAFE,0.0699075077021884,0.2
1704393000.0,9360.203802303524,SCALE,0.005,3.0,SAFE,0.06986139617267333,0.2
1704393060.0,9360.254831277523,SCALE,0.005,3.0,SAFE,0.06985632534092295,0.2
1704393120.0,9360.365273589525,SCALE,0.005,3.0,SAFE,0.06984535050959896,0.2
1704393180.0,9360.345902817524,SCALE,0.005,3.0,SAFE,0.06984727541456946,0.2
1704393240.0,9360.119235873524,SCALE,0.005,3.0,SAFE,0.06986979967571576,0.2
1704393300.0,9360.282730971525,SCALE,0.005,3.0,SAFE,0.06985355290316692,0.2
1704393360.0,9359.938538373524,SCALE,0.005,3.0,SAFE,0.06988775587879796,0.2
1704393420.0,9359.845153905524,SCALE,0.005,3.0,SAFE,0.06989703564455088,0.2
1704393480.0,9359.739915681525,SCALE,0.005,3.0,SAFE,0.06990749333722593,0.2
1704393540.0,9361.094713257524,SCALE,0.005,3.0,SAFE,0.06977286490899677,0.2
1704393600.0,9361.008267573525,SCALE,0.005,3.0,SAFE,0.06978145515655121,0.2
1704393660.0,9361.384118373524,SCALE,0.005,3.0,SAFE,0.06974410625414028,0.2
1704393720.0,9361.214696397525,SCALE,0.005,3.0,SAFE,0.0697609419901501,0.2
1704393780.0,9361.056983619525,SCALE,0.005,3.0,SAFE,0.06977661416420027,0.2
1704393840.0,9361.250691339525,SCALE,0.005,3.0,SAFE,0.06975736511449612,0.2
1704393900.0,9361.846703973524,SCALE,0.005,3.0,SAFE,0.06969813837424979,0.2
1704393960.0,9361.656754761525,SCALE,0.005,3.0,SAFE,0.06971701393492973,0.2
1704394020.0,9361.400019753524,SCALE,0.005,3.0,SAFE,0.06974252610826902,0.2
1704394080.0,9361.661525175525,SCALE,0.005,3.0,SAFE,0.06971653989116838,0.2
1704394140.0,9361.470853173525,SCALE,0.005,3.0,SAFE,0.06973548727666071,0.2
1704394200.0,9361.399875195524,SCALE,0.005,3.0,SAFE,0.06974254047323149,0.2
1704394260.0,9360.906354183524,SCALE,0.005,3.0,SAFE,0.06979158245508967,0.2
1704394320.0,9360.936855921524,SCALE,0.005,3.0,SAFE,0.06978855144800941,0.2
1704394380.0,9361.147043253524,SCALE,0.005,3.0,SAFE,0.06976766479258412,0.2
1704394440.0,9360.966201195524,SCALE,0.005,3.0,SAFE,0.0697856353606288,0.2
1704394500.0,9360.863709573525,SCALE,0.005,3.0,SAFE,0.06979582011901697,0.2
1704394560.0,9360.891753825525,SCALE,0.005,3.0,SAFE,0.06979303331629864,0.2
1704394620.0,9361.154560269524,SCALE,0.005,3.0,SAFE,0.06976691781453591,0.2
1704394680.0,9360.922255563524,SCALE,0.005,3.0,SAFE,0.06979000230921839,0.2
1704394740.0,9360.790707783524,SCALE,0.005,3.0,SAFE,0.06980307442506224,0.2
1704394800.0,9361.181592615525,SCALE,0.005,3.0,SAFE,0.06976423156655473,0.2
1704394860.0,9361.248378411525,SCALE,0.005,3.0,SAFE,0.06975759495389557,0.2
1704394920.0,9361.900045875524,SCALE,0.005,3.0,SAFE,0.06969283770309997,0.2
1704394980.0,9362.606789937525,SCALE,0.005,3.0,SAFE,0.0696226074016047,0.2
1704395040.0,9362.654349519524,SCALE,0.005,3.0,SAFE,0.06961788132895357,0.2
1704395100.0,9362.322155235524,SCALE,0.005,3.0,SAFE,0.06965089201269983,0.2
1704395160.0,9362.700752637524,SCALE,0.005,3.0,SAFE,0.06961327017600205,0.2
1704395220.0,9362.571662343524,SCALE,0.005,3.0,SAFE,0.06962609808748399,0.2
1704395280.0,9362.332707969525,SCALE,0.005,3.0,SAFE,0.06964984337043982,0.2
1704395340.0,9362.310446037523,SCALE,0.005,3.0,SAFE,0.06965205557465966,0.2
1704395400.0,9362.634400515524,SCALE,0.005,3.0,SAFE,0.06961986369377379,0.2
1704395460.0,9362.695982223524,SCALE,0.005,3.0,SAFE,0.0696137442197634,0.2
1704395520.0,9362.825217075524,SCALE,0.005,3.0,SAFE,0.06960090194331899,0.2
1704395580.0,9363.067929957524,SCALE,0.005,3.0,SAFE,0.06957678317133896,0.2
1704395640.0,9363.169554231525,SCALE,0.005,3.0,SAFE,0.06956668460272546,0.2
1704395700.0,9363.711357615524,SCALE,0.005,3.0,SAFE,0.06951284472340377,0.2
1704395760.0,9362.800786773525,SCALE,0.005,3.0,SAFE,0.0696033296219756,0.2
1704395820.0,9363.797947857523,SCALE,0.005,3.0,SAFE,0.06950424011088686,0.2
1704395880.0,9365.026835415525,SCALE,0.005,3.0,SAFE,0.06938212356496518,0.2
1704395940.0,9365.199871341525,SCALE,0.005,3.0,SAFE,0.06936492870489364,0.2
1704396000.0,9364.832838579525,SCALE,0.005,3.0,SAFE,0.06940140134459426,0.2
1704396060.0,9365.536980597524,SCALE,0.005,3.0,SAFE,0.06933142961242354,0.2
1704396120.0,9365.013825195525,SCALE,0.005,3.0,SAFE,0.0693834164115871,0.2
1704396180.0,9364.680329889525,SCALE,0.005,3.0,SAFE,0.06941655637999566,0.2
1704396240.0,9364.582464123525,SCALE,0.005,3.0,SAFE,0.06942628145958497,0.2
1704396300.0,9364.789182063525,SCALE,0.005,3.0,SAFE,0.0694057395632589,0.2
1704396360.0,9364.811588553524,SCALE,0.005,3.0,SAFE,0.06940351299407677,0.2
1704396420.0,9365.807448615524,SCALE,0.005,3.0,SAFE,0.06930455276765013,0.2
1704396480.0,9366.067508457525,SCALE,0.005,3.0,SAFE,0.06927871020017408,0.2
1704396540.0,9365.637014733524,SCALE,0.005,3.0,SAFE,0.06932148905839727,0.2
1704396600.0,9366.067653015523,SCALE,0.005,3.0,SAFE,0.06927869583521178,0.2
1704396660.0,9365.359463373525,SCALE,0.005,3.0,SAFE,0.06934906978633146,0.2
1704396720.0,9363.181118871524,SCALE,0.005,3.0,SAFE,0.06956553540572828,0.2
1704396780.0,9363.337096953524,SCALE,0.005,3.0,SAFE,0.06955003561122765,0.2
1704396840.0,9363.488738295524,SCALE,0.005,3.0,SAFE,0.0695349667656011,0.2
1704396900.0,9363.256722705524,SCALE,0.005,3.0,SAFE,0.06955802253035864,0.2
1704396960.0,9363.712369521525,SCALE,0.005,3.0,SAFE,0.06951274416866644,0.2
1704397020.0,9362.455293153524,SCALE,0.005,3.0,SAFE,0.06963766188226894,0.2
1704397080.0,9361.711975917524,SCALE,0.005,3.0,SAFE,0.06971152651926792,0.2
1704397140.0,9361.846848531524,SCALE,0.005,3.0,SAFE,0.06969812400928731,0.2
1704397200.0,9361.722239535524,SCALE,0.005,3.0,SAFE,0.06971050660693286,0.2
1704397260.0,9361.110903753524,SCALE,0.005,3.0,SAFE,0.06977125603320056,0.2
1704397320.0,9361.293769623524,SCALE,0.005,3.0,SAFE,0.06975308435568138,0.2
1704397380.0,9361.282349541525,SCALE,0.005,3.0,SAFE,0.06975421918771607,0.2
1704397440.0,9361.518701871524,SCALE,0.005,3.0,SAFE,0.06973073247408462,0.2
1704397500.0,9360.964032825525,SCALE,0.005,3.0,SAFE,0.06978585083506576,0.2
1704397560.0,9359.248852155524,SCALE,0.005,3.0,SAFE,0.06995629111472218,0.2
1704397620.0,9359.589575361524,SCALE,0.005,3.0,SAFE,0.06992243289819036,0.2
1704397680.0,9359.707101015525,SCALE,0.005,3.0,SAFE,0.0699107541837056,0.2
1704397740.0,9360.314389173524,SCALE,0.005,3.0,SAFE,0.06985040697638704,0.2
1704397800.0,9361.249968549524,SCALE,0.005,3.0,SAFE,0.06975743693930851,0.2
1704397860.0,9361.026915555523,SCALE,0.005,3.0,SAFE,0.06977960207639326,0.2
1704397920.0,9360.401123973525,SCALE,0.005,3.0,SAFE,0.06984178799890747,0.2
1704397980.0,9359.852815479524,SCALE,0.005,3.0,SAFE,0.0698962743015402,0.2
1704398040.0,9359.504575257524,SCALE,0.005,3.0,SAFE,0.06993087949612023,0.2
1704398100.0,9360.082951815524,SCALE,0.005,3.0,SAFE,0.06987340528129467,0.2
1704398160.0,9359.504719815524,SCALE,0.005,3.0,SAFE,0.06993086513115775,0.2
1704398220.0,9359.350331871525,SCALE,0.005,3.0,SAFE,0.06994620691107116,0.2
1704398280.0,9359.531607603523,SCALE,0.005,3.0,SAFE,0.06992819324813922,0.2
1704398340.0,9359.453835399525,SCALE,0.005,3.0,SAFE,0.06993592159794565,0.2
1704398400.0,9360.098708637524,SCALE,0.005,3.0,SAFE,0.06987183950038589,0.2
1704398460.0,9359.533775973525,SCALE,0.005,3.0,SAFE,0.06992797777370208,0.2
1704398520.0,9359.987398977524,SCALE,0.005,3.0,SAFE,0.06988290052148455,0.2
1704398580.0,9360.290247987525,SCALE,0.005,3.0,SAFE,0.06985280592511871,0.2
1704398640.0,9359.940706743524,SCALE,0.005,3.0,SAFE,0.06988754040436101,0.2
1704398700.0,9360.155086257524,SCALE,0.005,3.0,SAFE,0.06986623716502427,0.2
1704398760.0,9359.519753847524,SCALE,0.005,3.0,SAFE,0.06992937117506134,0.2
1704398820.0,9358.781785257524,SCALE,0.005,3.0,SAFE,0.07000270430844907,0.2
1704398880.0,9358.637660931525,SCALE,0.005,3.0,SAFE,0.07001702617602741,0.2
1704398940.0,9358.931691903525,SCALE,0.005,3.0,SAFE,0.06998780784237205,0.2
1704399000.0,9359.138409843525,SCALE,0.005,3.0,SAFE,0.06996726594604599,0.2
1704399060.0,9359.013222615524,SCALE,0.005,3.0,SAFE,0.06997970600354143,0.2
1704399120.0,9359.226445665525,SCALE,0.005,3.0,SAFE,0.06995851768390432,0.2
1704399180.0,9359.352066567524,SCALE,0.005,3.0,SAFE,0.06994603453152162,0.2
1704399240.0,9359.865970257524,SCALE,0.005,3.0,SAFE,0.06989496708995581,0.2
1704399300.0,9359.665179195525,SCALE,0.005,3.0,SAFE,0.06991492002282071,0.2
1704399360.0,9359.596947819524,SCALE,0.005,3.0,SAFE,0.06992170028510464,0.2
1704399420.0,9360.463139355525,SCALE,0.005,3.0,SAFE,0.06983562543000965,0.2
1704399480.0,9359.970774807523,SCALE,0.005,3.0,SAFE,0.0698845524921682,0.2
1704399540.0,9359.897773017525,SCALE,0.005,3.0,SAFE,0.06989180679821327,0.2
1704399600.0,9360.821643195524,SCALE,0.005,3.0,SAFE,0.06980000032309457,0.2
1704399660.0,9360.992221635524,SCALE,0.005,3.0,SAFE,0.06978304966738495,0.2
1704399720.0,9360.516770373524,SCALE,0.005,3.0,SAFE,0.0698302960289349,0.2
1704399780.0,9360.821787753524,SCALE,0.005,3.0,SAFE,0.0697999859581321,0.2
1704399840.0,9360.549729597524,SCALE,0.005,3.0,SAFE,0.06982702081749274,0.2
1704399900.0,9360.700359033524,SCALE,0.005,3.0,SAFE,0.06981205252660334,0.2
1704399960.0,9359.842840977524,SCALE,0.005,3.0,SAFE,0.06989726548395032,0.2
1704400020.0,9360.701949171524,SCALE,0.005,3.0,SAFE,0.06981189451201629,0.2
1704400080.0,9360.399389277523,SCALE,0.005,3.0,SAFE,0.06984196037845718,0.2
1704400140.0,9361.110614637524,SCALE,0.005,3.0,SAFE,0.06977128476312551,0.2
1704400200.0,9361.342630227524,SCALE,0.005,3.0,SAFE,0.06974822899836797,0.2
1704400260.0,9361.457120163524,SCALE,0.005,3.0,SAFE,0.06973685194809502,0.2
1704400320.0,9361.615122057525,SCALE,0.005,3.0,SAFE,0.0697211510441199,0.2
1704400380.0,9361.963795953525,SCALE,0.005,3.0,SAFE,0.06968650275465245,0.2
1704400440.0,9361.929680265524,SCALE,0.005,3.0,SAFE,0.06968989288579441,0.2
1704400500.0,9361.620759819523,SCALE,0.005,3.0,SAFE,0.06972059081058388,0.2
1704400560.0,9361.644178215523,SCALE,0.005,3.0,SAFE,0.06971826368666441,0.2
1704400620.0,9364.617736275524,SCALE,0.005,3.0,SAFE,0.06942277640874338,0.2
1704400680.0,9367.166293815524,SCALE,0.005,3.0,SAFE,0.06916952212047184,0.2
1704400740.0,9366.459260637524,SCALE,0.005,3.0,SAFE,0.06923978115189189,0.2
1704400800.0,9365.402975331524,SCALE,0.005,3.0,SAFE,0.06934474593262929,0.2
1704400860.0,9365.576589489525,SCALE,0.005,3.0,SAFE,0.06932749361270786,0.2
1704400920.0,9366.081096909524,SCALE,0.005,3.0,SAFE,0.06927735989370243,0.2
1704400980.0,9364.939088709523,SCALE,0.005,3.0,SAFE,0.06939084309718208,0.2
1704401040.0,9364.837464435524,SCALE,0.005,3.0,SAFE,0.0694009416657954,0.2
1704401100.0,9364.887915177524,SCALE,0.005,3.0,SAFE,0.06939592829389492,0.2
1704401160.0,9364.206468765524,SCALE,0.005,3.0,SAFE,0.06946364472695855,0.2
1704401220.0,9363.841170699525,SCALE,0.005,3.0,SAFE,0.06949994498710946,0.2
1704401280.0,9364.506571173524,SCALE,0.005,3.0,SAFE,0.06943382306487957,0.2
1704401340.0,9363.486425367524,SCALE,0.005,3.0,SAFE,0.06953519660500053,0.2
1704401400.0,9363.205549173525,SCALE,0.005,3.0,SAFE,0.06956310772707149,0.2
1704401460.0,9362.364944403524,SCALE,0.005,3.0,SAFE,0.06964663998381004,0.2
1704401520.0,9363.344324853524,SCALE,0.005,3.0,SAFE,0.0695493173631044,0.2
1704401580.0,9362.845455195524,SCALE,0.005,3.0,SAFE,0.0695988908485738,0.2
1704401640.0,9362.624281455524,SCALE,0.005,3.0,SAFE,0.06962086924114637,0.2
1704401700.0,9362.398915533524,SCALE,0.005,3.0,SAFE,0.06964326421763056,0.2
1704401760.0,9362.094187269524,SCALE,0.005,3.0,SAFE,0.06967354555850841,0.2
1704401820.0,9362.116882875524,SCALE,0.005,3.0,SAFE,0.06967129025940133,0.2
1704401880.0,9362.470182627525,SCALE,0.005,3.0,SAFE,0.06963618229113483,0.2
1704401940.0,9361.726287159525,SCALE,0.005,3.0,SAFE,0.06971010438798371,0.2
