Bar,Timestamp,Equity,Balance,UnrealizedPnL,PositionQty,Type
0,1704607260.0,30.00,30.00,0.00,0.00000000,BAR
1,1704607320.0,30.00,30.00,0.00,0.00000000,BAR
2,1704607380.0,30.00,30.00,0.00,0.00000000,BAR
3,1704607440.0,30.00,30.00,0.00,0.00000000,BAR
4,1704607500.0,30.00,30.00,0.00,0.00000000,BAR
5,1704607560.0,30.00,30.00,0.00,0.00000000,BAR
6,1704607620.0,30.00,30.00,0.00,0.00000000,BAR
7,1704607680.0,30.00,30.00,0.00,0.00000000,BAR
8,1704607740.0,30.00,30.00,0.00,0.00000000,BAR
9,1704607800.0,30.00,30.00,0.00,0.00000000,BAR
10,1704607860.0,30.00,30.00,0.00,0.00000000,BAR
11,1704607920.0,30.00,30.00,0.00,0.00000000,BAR
12,1704607980.0,30.00,30.00,0.00,0.00000000,BAR
13,1704608040.0,30.00,30.00,0.00,0.00000000,BAR
14,1704608100.0,30.00,30.00,0.00,0.00000000,BAR
15,1704608160.0,30.00,30.00,0.00,0.00000000,BAR
16,1704608220.0,30.00,30.00,0.00,0.00000000,BAR
17,1704608280.0,30.00,30.00,0.00,0.00000000,BAR
18,1704608340.0,30.00,30.00,0.00,0.00000000,BAR
19,1704608400.0,30.00,30.00,0.00,0.00000000,BAR
20,1704608460.0,30.00,30.00,0.00,0.00000000,BAR
21,1704608520.0,30.00,30.00,0.00,0.00000000,BAR
22,1704608580.0,30.00,30.00,0.00,0.00000000,BAR
23,1704608640.0,30.00,30.00,0.00,0.00000000,BAR
24,1704608700.0,30.00,30.00,0.00,0.00000000,BAR
25,1704608760.0,30.00,30.00,0.00,0.00000000,BAR
26,1704608820.0,30.00,30.00,0.00,0.00000000,BAR
27,1704608880.0,30.00,30.00,0.00,0.00000000,BAR
28,1704608940.0,30.00,30.00,0.00,0.00000000,BAR
29,1704609000.0,30.00,30.00,0.00,0.00000000,BAR
30,1704609060.0,30.00,30.00,0.00,0.00000000,BAR
31,1704609120.0,30.00,30.00,0.00,0.00000000,BAR
32,1704609180.0,30.00,30.00,0.00,0.00000000,BAR
33,1704609240.0,30.00,30.00,0.00,0.00000000,BAR
34,1704609300.0,30.00,30.00,0.00,0.00000000,BAR
35,1704609360.0,30.00,30.00,0.00,0.00000000,BAR
36,1704609420.0,30.00,30.00,0.00,0.00000000,BAR
37,1704609480.0,30.00,30.00,0.00,0.00000000,BAR
38,1704609540.0,30.00,30.00,0.00,0.00000000,BAR
39,1704609600.0,30.00,30.00,0.00,0.00000000,BAR
40,1704609660.0,30.00,30.00,0.00,0.00000000,BAR
41,1704609720.0,30.00,30.00,0.00,0.00000000,BAR
42,1704609780.0,30.00,30.00,0.00,0.00000000,BAR
43,1704609840.0,30.00,30.00,0.00,0.00000000,BAR
44,1704609900.0,30.00,30.00,0.00,0.00000000,BAR
45,1704609960.0,30.00,30.00,0.00,0.00000000,BAR
46,1704610020.0,30.00,30.00,0.00,0.00000000,BAR
47,1704610080.0,30.00,30.00,0.00,0.00000000,BAR
48,1704610140.0,30.00,30.00,0.00,0.00000000,BAR
49,1704610200.0,30.00,30.00,0.00,0.00000000,BAR
50,1704610260.0,30.00,30.00,0.00,0.00000000,BAR
51,1704610320.0,30.00,30.00,0.00,0.00000000,BAR
52,1704610380.0,30.00,30.00,0.00,0.00000000,BAR
53,1704610440.0,30.00,30.00,0.00,0.00000000,BAR
54,1704610500.0,30.00,30.00,0.00,0.00000000,BAR
55,1704610560.0,30.00,30.00,0.00,0.00000000,BAR
56,1704610620.0,30.00,30.00,0.00,0.00000000,BAR
57,1704610680.0,30.00,30.00,0.00,0.00000000,BAR
58,1704610740.0,30.00,30.00,0.00,0.00000000,BAR
59,1704610800.0,30.00,30.00,0.00,0.00000000,BAR
60,1704610860.0,30.00,30.00,0.00,0.00000000,BAR
61,1704610920.0,30.00,30.00,0.00,0.00000000,BAR
62,1704610980.0,30.00,30.00,0.00,0.00000000,BAR
63,1704611040.0,30.00,30.00,0.00,0.00000000,BAR
64,1704611100.0,30.00,30.00,0.00,0.00000000,BAR
65,1704611160.0,30.00,30.00,0.00,0.00000000,BAR
66,1704611220.0,30.00,30.00,0.00,0.00000000,BAR
67,1704611280.0,30.00,30.00,0.00,0.00000000,BAR
68,1704611340.0,30.00,30.00,0.00,0.00000000,BAR
69,1704611400.0,30.00,30.00,0.00,0.00000000,BAR
70,1704611460.0,30.00,30.00,0.00,0.00000000,BAR
71,1704611520.0,30.00,30.00,0.00,0.00000000,BAR
72,1704611580.0,30.00,30.00,0.00,0.00000000,BAR
73,1704611640.0,30.00,30.00,0.00,0.00000000,BAR
74,1704611700.0,30.00,30.00,0.00,0.00000000,BAR
75,1704611760.0,30.00,30.00,0.00,0.00000000,BAR
76,1704611820.0,30.00,30.00,0.00,0.00000000,BAR
77,1704611880.0,30.00,30.00,0.00,0.00000000,BAR
78,1704611940.0,30.00,30.00,0.00,0.00000000,BAR
79,1704612000.0,30.00,30.00,0.00,0.00000000,BAR
80,1704612060.0,30.00,30.00,0.00,0.00000000,BAR
81,1704612120.0,30.00,30.00,0.00,0.00000000,BAR
82,1704612180.0,30.00,30.00,0.00,0.00000000,BAR
83,1704612240.0,30.00,30.00,0.00,0.00000000,BAR
84,1704612300.0,30.00,30.00,0.00,0.00000000,BAR
85,1704612360.0,30.00,30.00,0.00,0.00000000,BAR
86,1704612420.0,30.00,30.00,0.00,0.00000000,BAR
87,1704612480.0,30.00,30.00,0.00,0.00000000,BAR
88,1704612540.0,30.00,30.00,0.00,0.00000000,BAR
89,1704612600.0,30.00,30.00,0.00,0.00000000,BAR
90,1704612660.0,30.00,30.00,0.00,0.00000000,BAR
91,1704612720.0,30.00,30.00,0.00,0.00000000,BAR
92,1704612780.0,30.00,30.00,0.00,0.00000000,BAR
93,1704612840.0,30.00,30.00,0.00,0.00000000,BAR
94,1704612900.0,30.00,30.00,0.00,0.00000000,BAR
95,1704612960.0,30.00,30.00,0.00,0.00000000,BAR
96,1704613020.0,30.00,30.00,0.00,0.00000000,BAR
97,1704613080.0,30.00,30.00,0.00,0.00000000,BAR
98,1704613140.0,30.00,30.00,0.00,0.00000000,BAR
99,1704613200.0,30.00,30.00,0.00,0.00000000,BAR
100,1704613260.0,30.00,30.00,0.00,0.00000000,BAR
101,1704613320.0,30.00,30.00,0.00,0.00000000,BAR
102,1704613380.0,30.00,30.00,0.00,0.00000000,BAR
103,1704613440.0,30.00,30.00,0.00,0.00000000,BAR
104,1704613500.0,30.00,30.00,0.00,0.00000000,BAR
105,1704613560.0,30.00,30.00,0.00,0.00000000,BAR
106,1704613620.0,30.00,30.00,0.00,0.00000000,BAR
107,1704613680.0,30.00,30.00,0.00,0.00000000,BAR
108,1704613740.0,30.00,30.00,0.00,0.00000000,BAR
109,1704613800.0,30.00,30.00,0.00,0.00000000,BAR
110,1704613860.0,30.00,30.00,0.00,0.00000000,BAR
111,1704613920.0,30.00,30.00,0.00,0.00000000,BAR
112,1704613980.0,30.00,30.00,0.00,0.00000000,BAR
113,1704614040.0,30.00,30.00,0.00,0.00000000,BAR
114,1704614100.0,30.00,30.00,0.00,0.00000000,BAR
115,1704614160.0,30.00,30.00,0.00,0.00000000,BAR
116,1704614220.0,30.00,30.00,0.00,0.00000000,BAR
117,1704614280.0,30.00,30.00,0.00,0.00000000,BAR
118,1704614340.0,30.00,30.00,0.00,0.00000000,BAR
119,1704614400.0,30.00,30.00,0.00,0.00000000,BAR
120,1704614460.0,30.00,30.00,0.00,0.00000000,BAR
121,1704614520.0,30.00,30.00,0.00,0.00000000,BAR
122,1704614580.0,30.00,30.00,0.00,0.00000000,BAR
123,1704614640.0,30.00,30.00,0.00,0.00000000,BAR
124,1704614700.0,30.00,30.00,0.00,0.00000000,BAR
125,1704614760.0,30.00,30.00,0.00,0.00000000,BAR
126,1704614820.0,30.00,30.00,0.00,0.00000000,BAR
127,1704614880.0,30.00,30.00,0.00,0.00000000,BAR
128,1704614940.0,30.00,30.00,0.00,0.00000000,BAR
129,1704615000.0,30.00,30.00,0.00,0.00000000,BAR
130,1704615060.0,30.00,30.00,0.00,0.00000000,BAR
131,1704615120.0,30.00,30.00,0.00,0.00000000,BAR
132,1704615180.0,30.00,30.00,0.00,0.00000000,BAR
133,1704615240.0,30.00,30.00,0.00,0.00000000,BAR
134,1704615300.0,30.00,30.00,0.00,0.00000000,BAR
135,1704615360.0,30.00,30.00,0.00,0.00000000,BAR
136,1704615420.0,30.00,30.00,0.00,0.00000000,BAR
137,1704615480.0,30.00,30.00,0.00,0.00000000,BAR
138,1704615540.0,30.00,30.00,0.00,0.00000000,BAR
139,1704615600.0,30.00,30.00,0.00,0.00000000,BAR
140,1704615660.0,30.00,30.00,0.00,0.00000000,BAR
141,1704615720.0,30.00,30.00,0.00,0.00000000,BAR
142,1704615780.0,30.00,30.00,0.00,0.00000000,BAR
143,1704615840.0,30.00,30.00,0.00,0.00000000,BAR
144,1704615900.0,30.00,30.00,0.00,0.00000000,BAR
145,1704615960.0,30.00,30.00,0.00,0.00000000,BAR
146,1704616020.0,30.00,30.00,0.00,0.00000000,BAR
147,1704616080.0,30.00,30.00,0.00,0.00000000,BAR
148,1704616140.0,30.00,30.00,0.00,0.00000000,BAR
149,1704616200.0,30.00,30.00,0.00,0.00000000,BAR
150,1704616260.0,30.00,30.00,0.00,0.00000000,BAR
151,1704616320.0,30.00,30.00,0.00,0.00000000,BAR
152,1704616380.0,30.00,30.00,0.00,0.00000000,BAR
153,1704616440.0,30.00,30.00,0.00,0.00000000,BAR
154,1704616500.0,30.00,30.00,0.00,0.00000000,BAR
155,1704616560.0,30.00,30.00,0.00,0.00000000,BAR
156,1704616620.0,30.00,30.00,0.00,0.00000000,BAR
157,1704616680.0,30.00,30.00,0.00,0.00000000,BAR
158,1704616740.0,30.00,30.00,0.00,0.00000000,BAR
159,1704616800.0,30.00,30.00,0.00,0.00000000,BAR
160,1704616860.0,30.00,30.00,0.00,0.00000000,BAR
161,1704616920.0,30.00,30.00,0.00,0.00000000,BAR
162,1704616980.0,30.00,30.00,0.00,0.00000000,BAR
163,1704617040.0,30.00,30.00,0.00,0.00000000,BAR
164,1704617100.0,30.00,30.00,0.00,0.00000000,BAR
165,1704617160.0,30.00,30.00,0.00,0.00000000,BAR
166,1704617220.0,30.00,30.00,0.00,0.00000000,BAR
167,1704617280.0,30.00,30.00,0.00,0.00000000,BAR
168,1704617340.0,30.00,30.00,0.00,0.00000000,BAR
169,1704617400.0,30.00,30.00,0.00,0.00000000,BAR
170,1704617460.0,30.00,30.00,0.00,0.00000000,BAR
171,1704617520.0,30.00,30.00,0.00,0.00000000,BAR
172,1704617580.0,30.00,30.00,0.00,0.00000000,BAR
173,1704617640.0,30.00,30.00,0.00,0.00000000,BAR
174,1704617700.0,30.00,30.00,0.00,0.00000000,BAR
175,1704617760.0,30.00,30.00,0.00,0.00000000,BAR
176,1704617820.0,30.00,30.00,0.00,0.00000000,BAR
177,1704617880.0,30.00,30.00,0.00,0.00000000,BAR
178,1704617940.0,30.00,30.00,0.00,0.00000000,BAR
179,1704618000.0,30.00,30.00,0.00,0.00000000,BAR
180,1704618060.0,30.00,30.00,0.00,0.00000000,BAR
181,1704618120.0,30.00,30.00,0.00,0.00000000,BAR
182,1704618180.0,30.00,30.00,0.00,0.00000000,BAR
183,1704618240.0,30.00,30.00,0.00,0.00000000,BAR
184,1704618300.0,30.00,30.00,0.00,0.00000000,BAR
185,1704618360.0,30.00,30.00,0.00,0.00000000,BAR
186,1704618420.0,30.00,30.00,0.00,0.00000000,BAR
187,1704618480.0,30.00,30.00,0.00,0.00000000,BAR
188,1704618540.0,30.00,30.00,0.00,0.00000000,BAR
189,1704618600.0,30.00,30.00,0.00,0.00000000,BAR
190,1704618660.0,30.00,30.00,0.00,0.00000000,BAR
191,1704618720.0,30.00,30.00,0.00,0.00000000,BAR
192,1704618780.0,30.00,30.00,0.00,0.00000000,BAR
193,1704618840.0,30.00,30.00,0.00,0.00000000,BAR
194,1704618900.0,30.00,30.00,0.00,0.00000000,BAR
195,1704618960.0,30.00,30.00,0.00,0.00000000,BAR
196,1704619020.0,30.00,30.00,0.00,0.00000000,BAR
197,1704619080.0,30.00,30.00,0.00,0.00000000,BAR
198,1704619140.0,30.00,30.00,0.00,0.00000000,BAR
199,1704619200.0,30.00,30.00,0.00,0.00000000,BAR
200,1704619260.0,30.00,30.00,0.00,0.00000000,BAR
201,1704619320.0,30.00,30.00,0.00,0.00000000,BAR
202,1704619380.0,30.00,30.00,0.00,0.00000000,BAR
203,1704619440.0,30.00,30.00,0.00,0.00000000,BAR
204,1704619500.0,30.00,30.00,0.00,0.00000000,BAR
205,1704619560.0,30.00,30.00,0.00,0.00000000,BAR
206,1704619620.0,30.00,30.00,0.00,0.00000000,BAR
207,1704619680.0,30.00,30.00,0.00,0.00000000,BAR
208,1704619740.0,30.00,30.00,0.00,0.00000000,BAR
209,1704619800.0,30.00,30.00,0.00,0.00000000,BAR
210,1704619860.0,30.00,30.00,0.00,0.00000000,BAR
211,1704619920.0,30.00,30.00,0.00,0.00000000,BAR
212,1704619980.0,30.00,30.00,0.00,0.00000000,BAR
213,1704620040.0,30.00,30.00,0.00,0.00000000,BAR
214,1704620100.0,30.00,30.00,0.00,0.00000000,BAR
215,1704620160.0,30.00,30.00,0.00,0.00000000,BAR
216,1704620220.0,30.00,30.00,0.00,0.00000000,BAR
217,1704620280.0,30.00,30.00,0.00,0.00000000,BAR
218,1704620340.0,30.00,30.00,0.00,0.00000000,BAR
219,1704620400.0,30.00,30.00,0.00,0.00000000,BAR
220,1704620460.0,30.00,30.00,0.00,0.00000000,BAR
221,1704620520.0,30.00,30.00,0.00,0.00000000,BAR
222,1704620580.0,30.00,30.00,0.00,0.00000000,BAR
223,1704620640.0,30.00,30.00,0.00,0.00000000,BAR
224,1704620700.0,30.00,30.00,0.00,0.00000000,BAR
225,1704620760.0,30.00,30.00,0.00,0.00000000,BAR
226,1704620820.0,30.00,30.00,0.00,0.00000000,BAR
227,1704620880.0,30.00,30.00,0.00,0.00000000,BAR
228,1704620940.0,30.00,30.00,0.00,0.00000000,BAR
229,1704621000.0,30.00,30.00,0.00,0.00000000,BAR
230,1704621060.0,30.00,30.00,0.00,0.00000000,BAR
231,1704621120.0,30.00,30.00,0.00,0.00000000,BAR
232,1704621180.0,30.00,30.00,0.00,0.00000000,BAR
233,1704621240.0,30.00,30.00,0.00,0.00000000,BAR
234,1704621300.0,30.00,30.00,0.00,0.00000000,BAR
235,1704621360.0,30.00,30.00,0.00,0.00000000,BAR
236,1704621420.0,30.00,30.00,0.00,0.00000000,BAR
237,1704621480.0,30.00,30.00,0.00,0.00000000,BAR
238,1704621540.0,30.00,30.00,0.00,0.00000000,BAR
239,1704621600.0,30.00,30.00,0.00,0.00000000,BAR
240,1704621660.0,30.00,30.00,0.00,0.00000000,BAR
241,1704621720.0,30.00,30.00,0.00,0.00000000,BAR
242,1704621780.0,30.00,30.00,0.00,0.00000000,BAR
243,1704621840.0,30.00,30.00,0.00,0.00000000,BAR
244,1704621900.0,30.00,30.00,0.00,0.00000000,BAR
245,1704621960.0,30.00,30.00,0.00,0.00000000,BAR
246,1704622020.0,30.00,30.00,0.00,0.00000000,BAR
247,1704622080.0,30.00,30.00,0.00,0.00000000,BAR
248,1704622140.0,30.00,30.00,0.00,0.00000000,BAR
249,1704622200.0,30.00,30.00,0.00,0.00000000,BAR
250,1704622260.0,30.00,30.00,0.00,0.00000000,BAR
251,1704622320.0,30.00,30.00,0.00,0.00000000,BAR
252,1704622380.0,30.00,30.00,0.00,0.00000000,BAR
253,1704622440.0,30.00,30.00,0.00,0.00000000,BAR
254,1704622500.0,30.00,30.00,0.00,0.00000000,BAR
255,1704622560.0,30.00,30.00,0.00,0.00000000,BAR
256,1704622620.0,30.00,30.00,0.00,0.00000000,BAR
257,1704622680.0,30.00,30.00,0.00,0.00000000,BAR
258,1704622740.0,30.00,30.00,0.00,0.00000000,BAR
259,1704622800.0,30.00,30.00,0.00,0.00000000,BAR
260,1704622860.0,30.00,30.00,0.00,0.00000000,BAR
261,1704622920.0,30.00,30.00,0.00,0.00000000,BAR
262,1704622980.0,30.00,30.00,0.00,0.00000000,BAR
263,1704623040.0,30.00,30.00,0.00,0.00000000,BAR
264,1704623100.0,30.00,30.00,0.00,0.00000000,BAR
265,1704623160.0,30.00,30.00,0.00,0.00000000,BAR
266,1704623220.0,30.00,30.00,0.00,0.00000000,BAR
267,1704623280.0,30.00,30.00,0.00,0.00000000,BAR
268,1704623340.0,30.00,30.00,0.00,0.00000000,BAR
269,1704623400.0,30.00,30.00,0.00,0.00000000,BAR
270,1704623460.0,30.00,30.00,0.00,0.00000000,BAR
271,1704623520.0,30.00,30.00,0.00,0.00000000,BAR
272,1704623580.0,30.00,30.00,0.00,0.00000000,BAR
273,1704623640.0,30.00,30.00,0.00,0.00000000,BAR
274,1704623700.0,30.00,30.00,0.00,0.00000000,BAR
275,1704623760.0,30.00,30.00,0.00,0.00000000,BAR
276,1704623820.0,30.00,30.00,0.00,0.00000000,BAR
277,1704623880.0,30.00,30.00,0.00,0.00000000,BAR
278,1704623940.0,30.00,30.00,0.00,0.00000000,BAR
279,1704624000.0,30.00,30.00,0.00,0.00000000,BAR
280,1704624060.0,30.00,30.00,0.00,0.00000000,BAR
281,1704624120.0,30.00,30.00,0.00,0.00000000,BAR
282,1704624180.0,30.00,30.00,0.00,0.00000000,BAR
283,1704624240.0,30.00,30.00,0.00,0.00000000,BAR
284,1704624300.0,30.00,30.00,0.00,0.00000000,BAR
285,1704624360.0,30.00,30.00,0.00,0.00000000,BAR
286,1704624420.0,30.00,30.00,0.00,0.00000000,BAR
287,1704624480.0,30.00,30.00,0.00,0.00000000,BAR
288,1704624540.0,30.00,30.00,0.00,0.00000000,BAR
289,1704624600.0,30.00,30.00,0.00,0.00000000,BAR
290,1704624660.0,30.00,30.00,0.00,0.00000000,BAR
291,1704624720.0,30.00,30.00,0.00,0.00000000,BAR
292,1704624780.0,30.00,30.00,0.00,0.00000000,BAR
293,1704624840.0,30.00,30.00,0.00,0.00000000,BAR
294,1704624900.0,30.00,30.00,0.00,0.00000000,BAR
295,1704624960.0,30.00,30.00,0.00,0.00000000,BAR
296,1704625020.0,30.00,30.00,0.00,0.00000000,BAR
297,1704625080.0,30.00,30.00,0.00,0.00000000,BAR
298,1704625140.0,30.00,30.00,0.00,0.00000000,BAR
299,1704625200.0,30.00,30.00,0.00,0.00000000,BAR
300,1704625260.0,30.00,30.00,0.00,0.00000000,BAR
301,1704625320.0,30.00,30.00,0.00,0.00000000,BAR
302,1704625380.0,30.00,30.00,0.00,0.00000000,BAR
303,1704625440.0,30.00,30.00,0.00,0.00000000,BAR
304,1704625500.0,30.00,30.00,0.00,0.00000000,BAR
305,1704625560.0,30.00,30.00,0.00,0.00000000,BAR
306,1704625620.0,30.00,30.00,0.00,0.00000000,BAR
307,1704625680.0,30.00,30.00,0.00,0.00000000,BAR
308,1704625740.0,30.00,30.00,0.00,0.00000000,BAR
309,1704625800.0,30.00,30.00,0.00,0.00000000,BAR
310,1704625860.0,30.00,30.00,0.00,0.00000000,BAR
311,1704625920.0,30.00,30.00,0.00,0.00000000,BAR
312,1704625980.0,30.00,30.00,0.00,0.00000000,BAR
313,1704626040.0,30.00,30.00,0.00,0.00000000,BAR
314,1704626100.0,30.00,30.00,0.00,0.00000000,BAR
315,1704626160.0,30.00,30.00,0.00,0.00000000,BAR
316,1704626220.0,30.00,30.00,0.00,0.00000000,BAR
317,1704626280.0,30.00,30.00,0.00,0.00000000,BAR
318,1704626340.0,30.00,30.00,0.00,0.00000000,BAR
319,1704626400.0,30.00,30.00,0.00,0.00000000,BAR
320,1704626460.0,30.00,30.00,0.00,0.00000000,BAR
321,1704626520.0,30.00,30.00,0.00,0.00000000,BAR
322,1704626580.0,30.00,30.00,0.00,0.00000000,BAR
323,1704626640.0,30.00,30.00,0.00,0.00000000,BAR
324,1704626700.0,30.00,30.00,0.00,0.00000000,BAR
325,1704626760.0,30.00,30.00,0.00,0.00000000,BAR
326,1704626820.0,30.00,30.00,0.00,0.00000000,BAR
327,1704626880.0,30.00,30.00,0.00,0.00000000,BAR
328,1704626940.0,30.00,30.00,0.00,0.00000000,BAR
329,1704627000.0,30.00,30.00,0.00,0.00000000,BAR
330,1704627060.0,30.00,30.00,0.00,0.00000000,BAR
331,1704627120.0,30.00,30.00,0.00,0.00000000,BAR
332,1704627180.0,30.00,30.00,0.00,0.00000000,BAR
333,1704627240.0,30.00,30.00,0.00,0.00000000,BAR
334,1704627300.0,30.00,30.00,0.00,0.00000000,BAR
335,1704627360.0,30.00,30.00,0.00,0.00000000,BAR
336,1704627420.0,30.00,30.00,0.00,0.00000000,BAR
337,1704627480.0,30.00,30.00,0.00,0.00000000,BAR
338,1704627540.0,30.00,30.00,0.00,0.00000000,BAR
339,1704627600.0,30.00,30.00,0.00,0.00000000,BAR
340,1704627660.0,30.00,30.00,0.00,0.00000000,BAR
341,1704627720.0,30.00,30.00,0.00,0.00000000,BAR
342,1704627780.0,30.00,30.00,0.00,0.00000000,BAR
343,1704627840.0,30.00,30.00,0.00,0.00000000,BAR
344,1704627900.0,30.00,30.00,0.00,0.00000000,BAR
345,1704627960.0,30.00,30.00,0.00,0.00000000,BAR
346,1704628020.0,30.00,30.00,0.00,0.00000000,BAR
347,1704628080.0,30.00,30.00,0.00,0.00000000,BAR
348,1704628140.0,30.00,30.00,0.00,0.00000000,BAR
349,1704628200.0,30.00,30.00,0.00,0.00000000,BAR
350,1704628260.0,30.00,30.00,0.00,0.00000000,BAR
351,1704628320.0,30.00,30.00,0.00,0.00000000,BAR
352,1704628380.0,30.00,30.00,0.00,0.00000000,BAR
353,1704628440.0,30.00,30.00,0.00,0.00000000,BAR
354,1704628500.0,30.00,30.00,0.00,0.00000000,BAR
355,1704628560.0,30.00,30.00,0.00,0.00000000,BAR
356,1704628620.0,30.00,30.00,0.00,0.00000000,BAR
357,1704628680.0,30.00,30.00,0.00,0.00000000,BAR
358,1704628740.0,30.00,30.00,0.00,0.00000000,BAR
359,1704628800.0,30.00,30.00,0.00,0.00000000,BAR
360,1704628860.0,30.00,30.00,0.00,0.00000000,BAR
361,1704628920.0,30.00,30.00,0.00,0.00000000,BAR
362,1704628980.0,30.00,30.00,0.00,0.00000000,BAR
363,1704629040.0,30.00,30.00,0.00,0.00000000,BAR
364,1704629100.0,30.00,30.00,0.00,0.00000000,BAR
365,1704629160.0,30.00,30.00,0.00,0.00000000,BAR
366,1704629220.0,30.00,30.00,0.00,0.00000000,BAR
367,1704629280.0,30.00,30.00,0.00,0.00000000,BAR
368,1704629340.0,30.00,30.00,0.00,0.00000000,BAR
369,1704629400.0,30.00,30.00,0.00,0.00000000,BAR
370,1704629460.0,30.00,30.00,0.00,0.00000000,BAR
371,1704629520.0,30.00,30.00,0.00,0.00000000,BAR
372,1704629580.0,30.00,30.00,0.00,0.00000000,BAR
373,1704629640.0,30.00,30.00,0.00,0.00000000,BAR
374,1704629700.0,30.00,30.00,0.00,0.00000000,BAR
375,1704629760.0,30.00,30.00,0.00,0.00000000,BAR
376,1704629820.0,30.00,30.00,0.00,0.00000000,BAR
377,1704629880.0,30.00,30.00,0.00,0.00000000,BAR
378,1704629940.0,30.00,30.00,0.00,0.00000000,BAR
379,1704630000.0,30.00,30.00,0.00,0.00000000,BAR
380,1704630060.0,30.00,30.00,0.00,0.00000000,BAR
381,1704630120.0,30.00,30.00,0.00,0.00000000,BAR
382,1704630180.0,30.00,30.00,0.00,0.00000000,BAR
383,1704630240.0,30.00,30.00,0.00,0.00000000,BAR
384,1704630300.0,30.00,30.00,0.00,0.00000000,BAR
385,1704630360.0,30.00,30.00,0.00,0.00000000,BAR
386,1704630420.0,30.00,30.00,0.00,0.00000000,BAR
387,1704630480.0,30.00,30.00,0.00,0.00000000,BAR
388,1704630540.0,30.00,30.00,0.00,0.00000000,BAR
389,1704630600.0,30.00,30.00,0.00,0.00000000,BAR
390,1704630660.0,30.00,30.00,0.00,0.00000000,BAR
391,1704630720.0,30.00,30.00,0.00,0.00000000,BAR
392,1704630780.0,30.00,30.00,0.00,0.00000000,BAR
393,1704630840.0,30.00,30.00,0.00,0.00000000,BAR
394,1704630900.0,30.00,30.00,0.00,0.00000000,BAR
395,1704630960.0,30.00,30.00,0.00,0.00000000,BAR
396,1704631020.0,30.00,30.00,0.00,0.00000000,BAR
397,1704631080.0,30.00,30.00,0.00,0.00000000,BAR
398,1704631140.0,30.00,30.00,0.00,0.00000000,BAR
399,1704631200.0,30.00,30.00,0.00,0.00000000,BAR
400,1704631260.0,30.00,30.00,0.00,0.00000000,BAR
401,1704631320.0,30.00,30.00,0.00,0.00000000,BAR
402,1704631380.0,30.00,30.00,0.00,0.00000000,BAR
403,1704631440.0,30.00,30.00,0.00,0.00000000,BAR
404,1704631500.0,30.00,30.00,0.00,0.00000000,BAR
405,1704631560.0,30.00,30.00,0.00,0.00000000,BAR
406,1704631620.0,30.00,30.00,0.00,0.00000000,BAR
407,1704631680.0,30.00,30.00,0.00,0.00000000,BAR
408,1704631740.0,30.00,30.00,0.00,0.00000000,BAR
409,1704631800.0,30.00,30.00,0.00,0.00000000,BAR
410,1704631860.0,30.00,30.00,0.00,0.00000000,BAR
411,1704631920.0,30.00,30.00,0.00,0.00000000,BAR
412,1704631980.0,30.00,30.00,0.00,0.00000000,BAR
413,1704632040.0,30.00,30.00,0.00,0.00000000,BAR
414,1704632100.0,30.00,30.00,0.00,0.00000000,BAR
415,1704632160.0,30.00,30.00,0.00,0.00000000,BAR
416,1704632220.0,30.00,30.00,0.00,0.00000000,BAR
417,1704632280.0,30.00,30.00,0.00,0.00000000,BAR
418,1704632340.0,30.00,30.00,0.00,0.00000000,BAR
419,1704632400.0,30.00,30.00,0.00,0.00000000,BAR
420,1704632460.0,30.00,30.00,0.00,0.00000000,BAR
421,1704632520.0,30.00,30.00,0.00,0.00000000,BAR
422,1704632580.0,30.00,30.00,0.00,0.00000000,BAR
423,1704632640.0,30.00,30.00,0.00,0.00000000,BAR
424,1704632700.0,30.00,30.00,0.00,0.00000000,BAR
425,1704632760.0,30.00,30.00,0.00,0.00000000,BAR
426,1704632820.0,30.00,30.00,0.00,0.00000000,BAR
427,1704632880.0,30.00,30.00,0.00,0.00000000,BAR
428,1704632940.0,30.00,30.00,0.00,0.00000000,BAR
429,1704633000.0,30.00,30.00,0.00,0.00000000,BAR
430,1704633060.0,30.00,30.00,0.00,0.00000000,BAR
431,1704633120.0,30.00,30.00,0.00,0.00000000,BAR
432,1704633180.0,-15.04,-15.04,0.00,0.00101732,POST_TRADE
433,1704633180.0,-15.04,-15.04,0.00,0.00101732,BAR
434,1704633240.0,-15.05,-15.04,-0.00,0.00101732,BAR
435,1704633300.0,-15.04,-15.04,0.00,0.00101732,BAR
436,1704633360.0,-15.05,-15.04,-0.01,0.00101732,BAR
437,1704633420.0,-15.07,-15.04,-0.03,0.00101732,BAR
438,1704633480.0,-15.03,-15.04,0.01,0.00101732,BAR
439,1704633540.0,-14.97,-15.04,0.08,0.00101732,BAR
440,1704633600.0,-15.00,-15.04,0.04,0.00101732,BAR
441,1704633660.0,-14.99,-15.04,0.06,0.00101732,BAR
442,1704633720.0,-14.96,-15.04,0.08,0.00101732,BAR
443,1704633780.0,-14.93,-15.04,0.11,0.00101732,BAR
444,1704633840.0,-14.94,-15.04,0.10,0.00101732,BAR
445,1704633900.0,-14.96,-15.04,0.08,0.00101732,BAR
446,1704633960.0,-14.91,-15.04,0.13,0.00101732,BAR
447,1704634020.0,-14.93,-15.04,0.12,0.00101732,BAR
448,1704634080.0,-14.96,-15.04,0.09,0.00101732,BAR
449,1704634140.0,-14.89,-15.04,0.16,0.00101732,BAR
450,1704634200.0,-14.84,-15.04,0.20,0.00101732,BAR
451,1704634260.0,-14.93,-15.04,0.11,0.00101732,BAR
452,1704634320.0,-14.98,-15.04,0.07,0.00101732,BAR
453,1704634380.0,-14.98,-15.04,0.07,0.00101732,BAR
454,1704634440.0,-15.00,-15.04,0.04,0.00101732,BAR
455,1704634500.0,-14.99,-15.04,0.06,0.00101732,BAR
456,1704634560.0,-15.00,-15.04,0.05,0.00101732,BAR
457,1704634620.0,-15.00,-15.04,0.05,0.00101732,BAR
458,1704634680.0,-14.97,-15.04,0.07,0.00101732,BAR
459,1704634740.0,-14.92,-15.04,0.13,0.00101732,BAR
460,1704634800.0,-14.90,-15.04,0.14,0.00101732,BAR
461,1704634860.0,-14.89,-15.04,0.16,0.00101732,BAR
462,1704634920.0,-14.90,-15.04,0.14,0.00101732,BAR
463,1704634980.0,-14.92,-15.04,0.12,0.00101732,BAR
464,1704635040.0,-14.91,-15.04,0.14,0.00101732,BAR
465,1704635100.0,-14.89,-15.04,0.15,0.00101732,BAR
466,1704635160.0,-14.93,-15.04,0.11,0.00101732,BAR
467,1704635220.0,-14.97,-15.04,0.08,0.00101732,BAR
468,1704635280.0,-14.93,-15.04,0.12,0.00101732,BAR
469,1704635340.0,-14.89,-15.04,0.15,0.00101732,BAR
470,1704635400.0,-14.92,-15.04,0.13,0.00101732,BAR
471,1704635460.0,-14.90,-15.04,0.14,0.00101732,BAR
472,1704635520.0,-14.91,-15.04,0.13,0.00101732,BAR
473,1704635580.0,-14.90,-15.04,0.14,0.00101732,BAR
474,1704635640.0,-14.91,-15.04,0.14,0.00101732,BAR
475,1704635700.0,-14.91,-15.04,0.13,0.00101732,BAR
476,1704635760.0,-14.89,-15.04,0.15,0.00101732,BAR
477,1704635820.0,-14.90,-15.04,0.15,0.00101732,BAR
478,1704635880.0,-14.88,-15.04,0.17,0.00101732,BAR
479,1704635940.0,-14.87,-15.04,0.18,0.00101732,BAR
480,1704636000.0,-14.83,-15.04,0.22,0.00101732,BAR
481,1704636060.0,-14.89,-15.04,0.16,0.00101732,BAR
482,1704636120.0,-14.89,-15.04,0.16,0.00101732,BAR
483,1704636180.0,-14.85,-15.04,0.19,0.00101732,BAR
484,1704636240.0,-14.83,-15.04,0.22,0.00101732,BAR
485,1704636300.0,-14.82,-15.04,0.23,0.00101732,BAR
486,1704636360.0,-14.81,-15.04,0.23,0.00101732,BAR
487,1704636420.0,-14.80,-15.04,0.25,0.00101732,BAR
488,1704636480.0,-14.81,-15.04,0.23,0.00101732,BAR
489,1704636540.0,-14.83,-15.04,0.21,0.00101732,BAR
490,1704636600.0,-14.86,-15.04,0.19,0.00101732,BAR
491,1704636660.0,-14.88,-15.04,0.16,0.00101732,BAR
492,1704636720.0,-14.92,-15.04,0.12,0.00101732,BAR
493,1704636780.0,-14.90,-15.04,0.15,0.00101732,BAR
494,1704636840.0,-14.90,-15.04,0.15,0.00101732,BAR
495,1704636900.0,-14.98,-15.04,0.07,0.00101732,BAR
496,1704636960.0,-14.93,-15.04,0.11,0.00101732,BAR
497,1704637020.0,-14.92,-15.04,0.13,0.00101732,BAR
498,1704637080.0,-14.94,-15.04,0.11,0.00101732,BAR
499,1704637140.0,-14.93,-15.04,0.12,0.00101732,BAR
500,1704637200.0,-14.97,-15.04,0.08,0.00101732,BAR
501,1704637260.0,-14.97,-15.04,0.08,0.00101732,BAR
502,1704637320.0,-14.96,-15.04,0.09,0.00101732,BAR
503,1704637380.0,-14.95,-15.04,0.10,0.00101732,BAR
504,1704637440.0,-14.93,-15.04,0.11,0.00101732,BAR
505,1704637500.0,-14.90,-15.04,0.15,0.00101732,BAR
506,1704637560.0,-14.94,-15.04,0.10,0.00101732,BAR
507,1704637620.0,-14.94,-15.04,0.11,0.00101732,BAR
508,1704637680.0,-14.92,-15.04,0.12,0.00101732,BAR
509,1704637740.0,-14.92,-15.04,0.13,0.00101732,BAR
510,1704637800.0,-14.95,-15.04,0.09,0.00101732,BAR
511,1704637860.0,-14.98,-15.04,0.06,0.00101732,BAR
512,1704637920.0,-14.96,-15.04,0.09,0.00101732,BAR
513,1704637980.0,-14.97,-15.04,0.08,0.00101732,BAR
514,1704638040.0,-14.95,-15.04,0.09,0.00101732,BAR
515,1704638100.0,-14.94,-15.04,0.11,0.00101732,BAR
516,1704638160.0,-14.91,-15.04,0.14,0.00101732,BAR
517,1704638220.0,-14.91,-15.04,0.14,0.00101732,BAR
518,1704638280.0,-14.90,-15.04,0.15,0.00101732,BAR
519,1704638340.0,-14.90,-15.04,0.15,0.00101732,BAR
520,1704638400.0,-14.89,-15.04,0.16,0.00101732,BAR
521,1704638460.0,-14.90,-15.04,0.15,0.00101732,BAR
522,1704638520.0,-14.85,-15.04,0.20,0.00101732,BAR
523,1704638580.0,-14.88,-15.04,0.16,0.00101732,BAR
524,1704638640.0,-14.88,-15.04,0.17,0.00101732,BAR
525,1704638700.0,-14.88,-15.04,0.16,0.00101732,BAR
526,1704638760.0,-14.90,-15.04,0.14,0.00101732,BAR
527,1704638820.0,-14.89,-15.04,0.15,0.00101732,BAR
528,1704638880.0,-14.90,-15.04,0.14,0.00101732,BAR
529,1704638940.0,-14.91,-15.04,0.13,0.00101732,BAR
530,1704639000.0,-14.91,-15.04,0.14,0.00101732,BAR
531,1704639060.0,-14.95,-15.04,0.09,0.00101732,BAR
532,1704639120.0,-14.94,-15.04,0.10,0.00101732,BAR
533,1704639180.0,-14.94,-15.04,0.10,0.00101732,BAR
534,1704639240.0,-14.91,-15.04,0.14,0.00101732,BAR
535,1704639300.0,-14.89,-15.04,0.15,0.00101732,BAR
536,1704639360.0,-14.90,-15.04,0.14,0.00101732,BAR
537,1704639420.0,-14.90,-15.04,0.14,0.00101732,BAR
538,1704639480.0,-14.90,-15.04,0.15,0.00101732,BAR
539,1704639540.0,-14.87,-15.04,0.17,0.00101732,BAR
540,1704639600.0,-14.89,-15.04,0.16,0.00101732,BAR
541,1704639660.0,-14.91,-15.04,0.14,0.00101732,BAR
542,1704639720.0,-14.92,-15.04,0.12,0.00101732,BAR
543,1704639780.0,-14.90,-15.04,0.14,0.00101732,BAR
544,1704639840.0,-14.88,-15.04,0.16,0.00101732,BAR
545,1704639900.0,-14.86,-15.04,0.18,0.00101732,BAR
546,1704639960.0,-14.85,-15.04,0.19,0.00101732,BAR
547,1704640020.0,-14.85,-15.04,0.20,0.00101732,BAR
548,1704640080.0,-14.88,-15.04,0.16,0.00101732,BAR
549,1704640140.0,-14.88,-15.04,0.16,0.00101732,BAR
550,1704640200.0,-14.90,-15.04,0.15,0.00101732,BAR
551,1704640260.0,-14.89,-15.04,0.15,0.00101732,BAR
552,1704640320.0,-14.87,-15.04,0.17,0.00101732,BAR
553,1704640380.0,-14.88,-15.04,0.17,0.00101732,BAR
554,1704640440.0,-14.89,-15.04,0.16,0.00101732,BAR
555,1704640500.0,-14.91,-15.04,0.13,0.00101732,BAR
556,1704640560.0,-14.93,-15.04,0.12,0.00101732,BAR
557,1704640620.0,-14.93,-15.04,0.12,0.00101732,BAR
558,1704640680.0,-14.95,-15.04,0.10,0.00101732,BAR
559,1704640740.0,-14.96,-15.04,0.09,0.00101732,BAR
560,1704640800.0,-14.95,-15.04,0.09,0.00101732,BAR
561,1704640860.0,-14.99,-15.04,0.06,0.00101732,BAR
562,1704640920.0,-15.00,-15.04,0.05,0.00101732,BAR
563,1704640980.0,-15.02,-15.04,0.02,0.00101732,BAR
564,1704641040.0,-14.99,-15.04,0.05,0.00101732,BAR
565,1704641100.0,-15.03,-15.04,0.02,0.00101732,BAR
566,1704641160.0,-15.07,-15.04,-0.03,0.00101732,BAR
567,1704641220.0,-15.11,-15.04,-0.06,0.00101732,BAR
568,1704641280.0,-15.10,-15.04,-0.06,0.00101732,BAR
569,1704641340.0,-15.10,-15.04,-0.06,0.00101732,BAR
570,1704641400.0,-15.06,-15.04,-0.01,0.00101732,BAR
571,1704641460.0,-15.07,-15.04,-0.03,0.00101732,BAR
572,1704641520.0,-15.06,-15.04,-0.01,0.00101732,BAR
573,1704641580.0,-15.08,-15.04,-0.04,0.00101732,BAR
574,1704641640.0,-15.07,-15.04,-0.03,0.00101732,BAR
575,1704641700.0,-15.09,-15.04,-0.04,0.00101732,BAR
576,1704641760.0,-15.10,-15.04,-0.06,0.00101732,BAR
577,1704641820.0,-15.17,-15.04,-0.12,0.00101732,BAR
578,1704641880.0,-15.15,-15.04,-0.10,0.00101732,BAR
579,1704641940.0,-15.15,-15.04,-0.11,0.00101732,BAR
580,1704642000.0,-15.19,-15.04,-0.14,0.00101732,BAR
581,1704642060.0,-15.18,-15.04,-0.14,0.00101732,BAR
582,1704642120.0,-15.21,-15.04,-0.16,0.00101732,BAR
583,1704642180.0,-15.20,-15.04,-0.16,0.00101732,BAR
584,1704642240.0,-15.19,-15.04,-0.14,0.00101732,BAR
585,1704642300.0,-15.25,-15.04,-0.21,0.00101732,BAR
586,1704642360.0,-15.28,-15.04,-0.23,0.00101732,BAR
587,1704642420.0,-15.29,-15.04,-0.25,0.00101732,BAR
588,1704642480.0,-15.30,-15.04,-0.25,0.00101732,BAR
589,1704642540.0,-15.30,-15.04,-0.26,0.00101732,BAR
590,1704642600.0,-15.28,-15.04,-0.24,0.00101732,BAR
591,1704642660.0,-15.26,-15.04,-0.21,0.00101732,BAR
592,1704642720.0,-15.27,-15.04,-0.22,0.00101732,BAR
593,1704642780.0,-15.24,-15.04,-0.20,0.00101732,BAR
594,1704642840.0,-15.25,-15.04,-0.20,0.00101732,BAR
595,1704642900.0,-15.19,-15.04,-0.15,0.00101732,BAR
596,1704642960.0,-15.23,-15.04,-0.18,0.00101732,BAR
597,1704643020.0,-15.23,-15.04,-0.18,0.00101732,BAR
598,1704643080.0,-15.23,-15.04,-0.19,0.00101732,BAR
599,1704643140.0,-15.23,-15.04,-0.19,0.00101732,BAR
600,1704643200.0,-15.20,-15.04,-0.15,0.00101732,BAR
601,1704643260.0,-15.20,-15.04,-0.16,0.00101732,BAR
602,1704643320.0,-15.19,-15.04,-0.15,0.00101732,BAR
603,1704643380.0,-15.19,-15.04,-0.14,0.00101732,BAR
604,1704643440.0,-15.21,-15.04,-0.17,0.00101732,BAR
605,1704643500.0,-15.22,-15.04,-0.17,0.00101732,BAR
606,1704643560.0,-15.23,-15.04,-0.19,0.00101732,BAR
607,1704643620.0,-15.24,-15.04,-0.20,0.00101732,BAR
608,1704643680.0,-15.29,-15.04,-0.24,0.00101732,BAR
609,1704643740.0,-15.27,-15.04,-0.23,0.00101732,BAR
610,1704643800.0,-15.23,-15.04,-0.19,0.00101732,BAR
611,1704643860.0,-15.20,-15.04,-0.16,0.00101732,BAR
612,1704643920.0,-15.18,-15.04,-0.14,0.00101732,BAR
613,1704643980.0,-15.18,-15.04,-0.13,0.00101732,BAR
614,1704644040.0,-15.19,-15.04,-0.14,0.00101732,BAR
615,1704644100.0,-15.15,-15.04,-0.11,0.00101732,BAR
616,1704644160.0,-15.15,-15.04,-0.11,0.00101732,BAR
617,1704644220.0,-15.14,-15.04,-0.09,0.00101732,BAR
618,1704644280.0,-15.14,-15.04,-0.10,0.00101732,BAR
619,1704644340.0,-15.13,-15.04,-0.09,0.00101732,BAR
620,1704644400.0,-15.15,-15.04,-0.10,0.00101732,BAR
621,1704644460.0,-15.14,-15.04,-0.09,0.00101732,BAR
622,1704644520.0,-15.14,-15.04,-0.09,0.00101732,BAR
623,1704644580.0,-15.15,-15.04,-0.10,0.00101732,BAR
624,1704644640.0,-15.14,-15.04,-0.09,0.00101732,BAR
625,1704644700.0,-15.11,-15.04,-0.06,0.00101732,BAR
626,1704644760.0,-15.11,-15.04,-0.06,0.00101732,BAR
627,1704644820.0,-15.12,-15.04,-0.07,0.00101732,BAR
628,1704644880.0,-15.11,-15.04,-0.07,0.00101732,BAR
629,1704644940.0,-15.11,-15.04,-0.07,0.00101732,BAR
630,1704645000.0,-15.13,-15.04,-0.08,0.00101732,BAR
631,1704645060.0,-15.12,-15.04,-0.07,0.00101732,BAR
632,1704645120.0,-15.11,-15.04,-0.07,0.00101732,BAR
633,1704645180.0,-15.14,-15.04,-0.10,0.00101732,BAR
634,1704645240.0,-15.16,-15.04,-0.11,0.00101732,BAR
635,1704645300.0,-15.16,-15.04,-0.12,0.00101732,BAR
636,1704645360.0,-15.17,-15.04,-0.13,0.00101732,BAR
637,1704645420.0,-15.17,-15.04,-0.13,0.00101732,BAR
638,1704645480.0,-15.17,-15.04,-0.13,0.00101732,BAR
639,1704645540.0,-15.16,-15.04,-0.12,0.00101732,BAR
640,1704645600.0,-15.16,-15.04,-0.11,0.00101732,BAR
641,1704645660.0,-15.16,-15.04,-0.12,0.00101732,BAR
642,1704645720.0,-15.16,-15.04,-0.11,0.00101732,BAR
643,1704645780.0,-15.16,-15.04,-0.11,0.00101732,BAR
644,1704645840.0,-15.16,-15.04,-0.11,0.00101732,BAR
645,1704645900.0,-15.20,-15.04,-0.16,0.00101732,BAR
646,1704645960.0,-15.23,-15.04,-0.18,0.00101732,BAR
647,1704646020.0,-15.22,-15.04,-0.17,0.00101732,BAR
648,1704646080.0,-15.23,-15.04,-0.19,0.00101732,BAR
649,1704646140.0,-15.29,-15.04,-0.24,0.00101732,BAR
650,1704646200.0,-15.32,-15.04,-0.28,0.00101732,BAR
651,1704646260.0,-15.34,-15.04,-0.30,0.00101732,BAR
652,1704646320.0,-15.31,-15.04,-0.26,0.00101732,BAR
653,1704646380.0,-15.37,-15.04,-0.32,0.00101732,BAR
654,1704646440.0,-15.40,-15.04,-0.36,0.00101732,BAR
655,1704646500.0,-15.34,-15.04,-0.29,0.00101732,BAR
656,1704646560.0,-15.35,-15.04,-0.30,0.00101732,BAR
657,1704646620.0,-15.34,-15.04,-0.29,0.00101732,BAR
658,1704646680.0,-15.33,-15.04,-0.28,0.00101732,BAR
659,1704646740.0,-15.36,-15.04,-0.32,0.00101732,BAR
660,1704646800.0,-15.37,-15.04,-0.33,0.00101732,BAR
661,1704646860.0,-15.40,-15.04,-0.35,0.00101732,BAR
662,1704646920.0,-15.44,-15.04,-0.39,0.00101732,BAR
663,1704646980.0,-15.45,-15.04,-0.40,0.00101732,BAR
664,1704647040.0,-15.42,-15.04,-0.38,0.00101732,BAR
665,1704647100.0,-15.39,-15.04,-0.35,0.00101732,BAR
666,1704647160.0,-15.36,-15.04,-0.32,0.00101732,BAR
667,1704647220.0,-15.37,-15.04,-0.32,0.00101732,BAR
668,1704647280.0,-15.37,-15.04,-0.33,0.00101732,BAR
669,1704647340.0,-15.37,-15.04,-0.32,0.00101732,BAR
670,1704647400.0,-15.35,-15.04,-0.31,0.00101732,BAR
671,1704647460.0,-15.32,-15.04,-0.28,0.00101732,BAR
672,1704647520.0,-15.30,-15.04,-0.26,0.00101732,BAR
673,1704647580.0,-15.32,-15.04,-0.27,0.00101732,BAR
674,1704647640.0,-15.25,-15.04,-0.21,0.00101732,BAR
675,1704647700.0,-15.27,-15.04,-0.23,0.00101732,BAR
676,1704647760.0,-15.30,-15.04,-0.25,0.00101732,BAR
677,1704647820.0,-15.30,-15.04,-0.26,0.00101732,BAR
678,1704647880.0,-15.30,-15.04,-0.25,0.00101732,BAR
679,1704647940.0,-15.30,-15.04,-0.25,0.00101732,BAR
680,1704648000.0,-15.27,-15.04,-0.23,0.00101732,BAR
681,1704648060.0,-15.27,-15.04,-0.23,0.00101732,BAR
682,1704648120.0,-15.26,-15.04,-0.22,0.00101732,BAR
683,1704648180.0,-15.26,-15.04,-0.21,0.00101732,BAR
684,1704648240.0,-15.28,-15.04,-0.23,0.00101732,BAR
685,1704648300.0,-15.27,-15.04,-0.23,0.00101732,BAR
686,1704648360.0,-15.28,-15.04,-0.23,0.00101732,BAR
687,1704648420.0,-15.30,-15.04,-0.26,0.00101732,BAR
688,1704648480.0,-15.29,-15.04,-0.25,0.00101732,BAR
689,1704648540.0,-15.28,-15.04,-0.24,0.00101732,BAR
690,1704648600.0,-15.28,-15.04,-0.24,0.00101732,BAR
691,1704648660.0,-15.27,-15.04,-0.23,0.00101732,BAR
692,1704648720.0,-15.28,-15.04,-0.23,0.00101732,BAR
693,1704648780.0,-15.29,-15.04,-0.24,0.00101732,BAR
694,1704648840.0,-15.30,-15.04,-0.26,0.00101732,BAR
695,1704648900.0,-15.34,-15.04,-0.30,0.00101732,BAR
696,1704648960.0,-15.33,-15.04,-0.28,0.00101732,BAR
697,1704649020.0,-15.34,-15.04,-0.30,0.00101732,BAR
698,1704649080.0,-15.31,-15.04,-0.27,0.00101732,BAR
699,1704649140.0,-15.32,-15.04,-0.27,0.00101732,BAR
700,1704649200.0,-15.31,-15.04,-0.27,0.00101732,BAR
701,1704649260.0,-15.30,-15.04,-0.26,0.00101732,BAR
702,1704649320.0,-15.29,-15.04,-0.25,0.00101732,BAR
703,1704649380.0,-15.28,-15.04,-0.23,0.00101732,BAR
704,1704649440.0,-15.28,-15.04,-0.23,0.00101732,BAR
705,1704649500.0,-15.27,-15.04,-0.23,0.00101732,BAR
706,1704649560.0,-15.23,-15.04,-0.19,0.00101732,BAR
707,1704649620.0,-15.20,-15.04,-0.16,0.00101732,BAR
708,1704649680.0,-15.23,-15.04,-0.18,0.00101732,BAR
709,1704649740.0,-15.25,-15.04,-0.20,0.00101732,BAR
710,1704649800.0,-15.24,-15.04,-0.19,0.00101732,BAR
711,1704649860.0,-15.25,-15.04,-0.20,0.00101732,BAR
712,1704649920.0,-15.26,-15.04,-0.22,0.00101732,BAR
713,1704649980.0,-15.25,-15.04,-0.21,0.00101732,BAR
714,1704650040.0,-15.26,-15.04,-0.22,0.00101732,BAR
715,1704650100.0,-15.24,-15.04,-0.20,0.00101732,BAR
716,1704650160.0,-15.23,-15.04,-0.18,0.00101732,BAR
717,1704650220.0,-15.22,-15.04,-0.17,0.00101732,BAR
718,1704650280.0,-15.20,-15.04,-0.16,0.00101732,BAR
719,1704650340.0,-15.22,-15.04,-0.17,0.00101732,BAR
720,1704650400.0,-15.19,-15.04,-0.14,0.00101732,BAR
721,1704650460.0,-15.18,-15.04,-0.14,0.00101732,BAR
722,1704650520.0,-15.19,-15.04,-0.15,0.00101732,BAR
723,1704650580.0,-15.21,-15.04,-0.16,0.00101732,BAR
724,1704650640.0,-15.20,-15.04,-0.16,0.00101732,BAR
725,1704650700.0,-15.21,-15.04,-0.16,0.00101732,BAR
726,1704650760.0,-15.22,-15.04,-0.18,0.00101732,BAR
727,1704650820.0,-15.23,-15.04,-0.19,0.00101732,BAR
728,1704650880.0,-15.24,-15.04,-0.20,0.00101732,BAR
729,1704650940.0,-15.22,-15.04,-0.18,0.00101732,BAR
730,1704651000.0,-15.19,-15.04,-0.14,0.00101732,BAR
731,1704651060.0,-15.15,-15.04,-0.10,0.00101732,BAR
732,1704651120.0,-15.16,-15.04,-0.11,0.00101732,BAR
733,1704651180.0,-15.17,-15.04,-0.13,0.00101732,BAR
734,1704651240.0,-15.17,-15.04,-0.12,0.00101732,BAR
735,1704651300.0,-15.14,-15.04,-0.10,0.00101732,BAR
736,1704651360.0,-15.14,-15.04,-0.09,0.00101732,BAR
737,1704651420.0,-15.13,-15.04,-0.09,0.00101732,BAR
738,1704651480.0,-15.14,-15.04,-0.10,0.00101732,BAR
739,1704651540.0,-15.15,-15.04,-0.10,0.00101732,BAR
740,1704651600.0,-15.14,-15.04,-0.09,0.00101732,BAR
741,1704651660.0,-15.14,-15.04,-0.09,0.00101732,BAR
742,1704651720.0,-15.15,-15.04,-0.11,0.00101732,BAR
743,1704651780.0,-15.16,-15.04,-0.11,0.00101732,BAR
744,1704651840.0,-15.16,-15.04,-0.12,0.00101732,BAR
745,1704651900.0,-15.17,-15.04,-0.12,0.00101732,BAR
746,1704651960.0,-15.17,-15.04,-0.13,0.00101732,BAR
747,1704652020.0,-15.17,-15.04,-0.13,0.00101732,BAR
748,1704652080.0,-15.16,-15.04,-0.11,0.00101732,BAR
749,1704652140.0,-15.17,-15.04,-0.13,0.00101732,BAR
750,1704652200.0,-15.16,-15.04,-0.11,0.00101732,BAR
751,1704652260.0,-15.15,-15.04,-0.11,0.00101732,BAR
752,1704652320.0,-15.13,-15.04,-0.09,0.00101732,BAR
753,1704652380.0,-15.12,-15.04,-0.08,0.00101732,BAR
754,1704652440.0,-15.13,-15.04,-0.08,0.00101732,BAR
755,1704652500.0,-15.14,-15.04,-0.09,0.00101732,BAR
756,1704652560.0,-15.11,-15.04,-0.06,0.00101732,BAR
757,1704652620.0,-15.12,-15.04,-0.08,0.00101732,BAR
758,1704652680.0,-15.12,-15.04,-0.07,0.00101732,BAR
759,1704652740.0,-15.13,-15.04,-0.08,0.00101732,BAR
760,1704652800.0,-15.13,-15.04,-0.08,0.00101732,BAR
761,1704652860.0,-15.12,-15.04,-0.07,0.00101732,BAR
762,1704652920.0,-15.11,-15.04,-0.07,0.00101732,BAR
763,1704652980.0,-15.12,-15.04,-0.07,0.00101732,BAR
764,1704653040.0,-15.13,-15.04,-0.08,0.00101732,BAR
765,1704653100.0,-15.11,-15.04,-0.07,0.00101732,BAR
766,1704653160.0,-15.11,-15.04,-0.06,0.00101732,BAR
767,1704653220.0,-15.13,-15.04,-0.09,0.00101732,BAR
768,1704653280.0,-15.12,-15.04,-0.08,0.00101732,BAR
769,1704653340.0,-15.14,-15.04,-0.09,0.00101732,BAR
770,1704653400.0,-15.11,-15.04,-0.06,0.00101732,BAR
771,1704653460.0,-15.12,-15.04,-0.08,0.00101732,BAR
772,1704653520.0,-15.14,-15.04,-0.10,0.00101732,BAR
773,1704653580.0,-15.15,-15.04,-0.10,0.00101732,BAR
774,1704653640.0,-15.17,-15.04,-0.12,0.00101732,BAR
775,1704653700.0,-15.18,-15.04,-0.14,0.00101732,BAR
776,1704653760.0,-15.17,-15.04,-0.13,0.00101732,BAR
777,1704653820.0,-15.17,-15.04,-0.13,0.00101732,BAR
778,1704653880.0,-15.16,-15.04,-0.12,0.00101732,BAR
779,1704653940.0,-15.17,-15.04,-0.13,0.00101732,BAR
780,1704654000.0,-15.18,-15.04,-0.14,0.00101732,BAR
781,1704654060.0,-15.20,-15.04,-0.16,0.00101732,BAR
782,1704654120.0,-15.20,-15.04,-0.15,0.00101732,BAR
783,1704654180.0,-15.21,-15.04,-0.17,0.00101732,BAR
784,1704654240.0,-15.20,-15.04,-0.16,0.00101732,BAR
785,1704654300.0,-15.21,-15.04,-0.16,0.00101732,BAR
786,1704654360.0,-15.20,-15.04,-0.16,0.00101732,BAR
787,1704654420.0,-15.23,-15.04,-0.18,0.00101732,BAR
788,1704654480.0,-15.24,-15.04,-0.19,0.00101732,BAR
789,1704654540.0,-15.24,-15.04,-0.19,0.00101732,BAR
790,1704654600.0,-15.22,-15.04,-0.18,0.00101732,BAR
791,1704654660.0,-15.22,-15.04,-0.17,0.00101732,BAR
792,1704654720.0,-15.21,-15.04,-0.17,0.00101732,BAR
793,1704654780.0,-15.21,-15.04,-0.16,0.00101732,BAR
794,1704654840.0,-15.21,-15.04,-0.16,0.00101732,BAR
795,1704654900.0,-15.21,-15.04,-0.16,0.00101732,BAR
796,1704654960.0,-15.22,-15.04,-0.17,0.00101732,BAR
797,1704655020.0,-15.22,-15.04,-0.18,0.00101732,BAR
798,1704655080.0,-15.22,-15.04,-0.18,0.00101732,BAR
799,1704655140.0,-15.22,-15.04,-0.17,0.00101732,BAR
800,1704655200.0,-15.22,-15.04,-0.17,0.00101732,BAR
801,1704655260.0,-15.22,-15.04,-0.18,0.00101732,BAR
802,1704655320.0,-15.24,-15.04,-0.20,0.00101732,BAR
803,1704655380.0,-15.24,-15.04,-0.20,0.00101732,BAR
804,1704655440.0,-15.22,-15.04,-0.17,0.00101732,BAR
805,1704655500.0,-15.20,-15.04,-0.16,0.00101732,BAR
806,1704655560.0,-15.18,-15.04,-0.14,0.00101732,BAR
807,1704655620.0,-15.18,-15.04,-0.14,0.00101732,BAR
808,1704655680.0,-15.18,-15.04,-0.14,0.00101732,BAR
809,1704655740.0,-15.12,-15.04,-0.07,0.00101732,BAR
810,1704655800.0,-15.13,-15.04,-0.08,0.00101732,BAR
811,1704655860.0,-15.14,-15.04,-0.10,0.00101732,BAR
812,1704655920.0,-15.14,-15.04,-0.10,0.00101732,BAR
813,1704655980.0,-15.16,-15.04,-0.12,0.00101732,BAR
814,1704656040.0,-15.15,-15.04,-0.11,0.00101732,BAR
815,1704656100.0,-15.13,-15.04,-0.08,0.00101732,BAR
816,1704656160.0,-15.09,-15.04,-0.04,0.00101732,BAR
817,1704656220.0,-15.07,-15.04,-0.03,0.00101732,BAR
818,1704656280.0,-15.10,-15.04,-0.05,0.00101732,BAR
819,1704656340.0,-15.09,-15.04,-0.05,0.00101732,BAR
820,1704656400.0,-15.07,-15.04,-0.02,0.00101732,BAR
821,1704656460.0,-15.06,-15.04,-0.02,0.00101732,BAR
822,1704656520.0,-15.09,-15.04,-0.04,0.00101732,BAR
823,1704656580.0,-15.09,-15.04,-0.04,0.00101732,BAR
824,1704656640.0,-15.07,-15.04,-0.03,0.00101732,BAR
825,1704656700.0,-15.08,-15.04,-0.04,0.00101732,BAR
826,1704656760.0,-15.09,-15.04,-0.04,0.00101732,BAR
827,1704656820.0,-15.09,-15.04,-0.04,0.00101732,BAR
828,1704656880.0,-15.08,-15.04,-0.03,0.00101732,BAR
829,1704656940.0,-15.08,-15.04,-0.03,0.00101732,BAR
830,1704657000.0,-15.08,-15.04,-0.04,0.00101732,BAR
831,1704657060.0,-15.07,-15.04,-0.03,0.00101732,BAR
832,1704657120.0,-15.06,-15.04,-0.02,0.00101732,BAR
833,1704657180.0,-15.05,-15.04,-0.00,0.00101732,BAR
834,1704657240.0,-15.03,-15.04,0.01,0.00101732,BAR
835,1704657300.0,-15.05,-15.04,-0.01,0.00101732,BAR
836,1704657360.0,-15.04,-15.04,0.01,0.00101732,BAR
837,1704657420.0,-15.04,-15.04,0.00,0.00101732,BAR
838,1704657480.0,-15.05,-15.04,-0.01,0.00101732,BAR
839,1704657540.0,-15.03,-15.04,0.01,0.00101732,BAR
840,1704657600.0,-15.03,-15.04,0.01,0.00101732,BAR
841,1704657660.0,-15.04,-15.04,0.01,0.00101732,BAR
842,1704657720.0,-15.04,-15.04,0.01,0.00101732,BAR
843,1704657780.0,-15.05,-15.04,-0.01,0.00101732,BAR
844,1704657840.0,-15.04,-15.04,0.00,0.00101732,BAR
845,1704657900.0,-15.06,-15.04,-0.01,0.00101732,BAR
846,1704657960.0,-15.05,-15.04,-0.01,0.00101732,BAR
847,1704658020.0,-15.04,-15.04,0.01,0.00101732,BAR
848,1704658080.0,-15.01,-15.04,0.04,0.00101732,BAR
849,1704658140.0,-15.01,-15.04,0.03,0.00101732,BAR
850,1704658200.0,-15.02,-15.04,0.03,0.00101732,BAR
851,1704658260.0,-15.03,-15.04,0.01,0.00101732,BAR
852,1704658320.0,-15.04,-15.04,0.00,0.00101732,BAR
853,1704658380.0,-15.05,-15.04,-0.01,0.00101732,BAR
854,1704658440.0,-15.05,-15.04,-0.00,0.00101732,BAR
855,1704658500.0,-15.05,-15.04,-0.01,0.00101732,BAR
856,1704658560.0,-15.09,-15.04,-0.05,0.00101732,BAR
857,1704658620.0,-15.10,-15.04,-0.05,0.00101732,BAR
858,1704658680.0,-15.10,-15.04,-0.05,0.00101732,BAR
859,1704658740.0,-15.09,-15.04,-0.05,0.00101732,BAR
860,1704658800.0,-15.10,-15.04,-0.06,0.00101732,BAR
861,1704658860.0,-15.10,-15.04,-0.05,0.00101732,BAR
862,1704658920.0,-15.10,-15.04,-0.05,0.00101732,BAR
863,1704658980.0,-15.12,-15.04,-0.07,0.00101732,BAR
864,1704659040.0,-15.09,-15.04,-0.05,0.00101732,BAR
865,1704659100.0,-15.09,-15.04,-0.05,0.00101732,BAR
866,1704659160.0,-15.07,-15.04,-0.03,0.00101732,BAR
867,1704659220.0,-15.07,-15.04,-0.03,0.00101732,BAR
868,1704659280.0,-15.08,-15.04,-0.04,0.00101732,BAR
869,1704659340.0,-15.07,-15.04,-0.03,0.00101732,BAR
870,1704659400.0,-15.08,-15.04,-0.03,0.00101732,BAR
871,1704659460.0,-15.08,-15.04,-0.03,0.00101732,BAR
872,1704659520.0,-15.10,-15.04,-0.05,0.00101732,BAR
873,1704659580.0,-15.09,-15.04,-0.05,0.00101732,BAR
874,1704659640.0,-15.09,-15.04,-0.05,0.00101732,BAR
875,1704659700.0,-15.08,-15.04,-0.04,0.00101732,BAR
876,1704659760.0,-15.09,-15.04,-0.04,0.00101732,BAR
877,1704659820.0,-15.10,-15.04,-0.06,0.00101732,BAR
878,1704659880.0,-15.13,-15.04,-0.08,0.00101732,BAR
879,1704659940.0,-15.13,-15.04,-0.09,0.00101732,BAR
880,1704660000.0,-15.13,-15.04,-0.08,0.00101732,BAR
881,1704660060.0,-15.10,-15.04,-0.06,0.00101732,BAR
882,1704660120.0,-15.12,-15.04,-0.07,0.00101732,BAR
883,1704660180.0,-15.12,-15.04,-0.07,0.00101732,BAR
884,1704660240.0,-15.11,-15.04,-0.07,0.00101732,BAR
885,1704660300.0,-15.13,-15.04,-0.08,0.00101732,BAR
886,1704660360.0,-15.11,-15.04,-0.07,0.00101732,BAR
887,1704660420.0,-15.11,-15.04,-0.07,0.00101732,BAR
888,1704660480.0,-15.11,-15.04,-0.07,0.00101732,BAR
889,1704660540.0,-15.12,-15.04,-0.08,0.00101732,BAR
890,1704660600.0,-15.11,-15.04,-0.07,0.00101732,BAR
891,1704660660.0,-15.14,-15.04,-0.10,0.00101732,BAR
892,1704660720.0,-15.13,-15.04,-0.08,0.00101732,BAR
893,1704660780.0,-15.12,-15.04,-0.07,0.00101732,BAR
894,1704660840.0,-15.14,-15.04,-0.10,0.00101732,BAR
895,1704660900.0,-15.14,-15.04,-0.09,0.00101732,BAR
896,1704660960.0,-15.13,-15.04,-0.08,0.00101732,BAR
897,1704661020.0,-15.13,-15.04,-0.09,0.00101732,BAR
898,1704661080.0,-15.14,-15.04,-0.09,0.00101732,BAR
899,1704661140.0,-15.16,-15.04,-0.12,0.00101732,BAR
900,1704661200.0,-15.15,-15.04,-0.10,0.00101732,BAR
901,1704661260.0,-15.17,-15.04,-0.12,0.00101732,BAR
902,1704661320.0,-15.14,-15.04,-0.09,0.00101732,BAR
903,1704661380.0,-15.11,-15.04,-0.07,0.00101732,BAR
904,1704661440.0,-15.11,-15.04,-0.07,0.00101732,BAR
905,1704661500.0,-15.11,-15.04,-0.06,0.00101732,BAR
906,1704661560.0,-15.11,-15.04,-0.06,0.00101732,BAR
907,1704661620.0,-15.12,-15.04,-0.08,0.00101732,BAR
908,1704661680.0,-15.13,-15.04,-0.08,0.00101732,BAR
909,1704661740.0,-15.12,-15.04,-0.07,0.00101732,BAR
910,1704661800.0,-15.11,-15.04,-0.06,0.00101732,BAR
911,1704661860.0,-15.10,-15.04,-0.05,0.00101732,BAR
912,1704661920.0,-15.08,-15.04,-0.04,0.00101732,BAR
913,1704661980.0,-15.08,-15.04,-0.03,0.00101732,BAR
914,1704662040.0,-15.08,-15.04,-0.04,0.00101732,BAR
915,1704662100.0,-15.09,-15.04,-0.04,0.00101732,BAR
916,1704662160.0,-15.09,-15.04,-0.04,0.00101732,BAR
917,1704662220.0,-15.09,-15.04,-0.04,0.00101732,BAR
918,1704662280.0,-15.05,-15.04,-0.01,0.00101732,BAR
919,1704662340.0,-15.08,-15.04,-0.03,0.00101732,BAR
920,1704662400.0,-15.06,-15.04,-0.02,0.00101732,BAR
921,1704662460.0,-15.06,-15.04,-0.02,0.00101732,BAR
922,1704662520.0,-15.05,-15.04,-0.01,0.00101732,BAR
923,1704662580.0,-15.06,-15.04,-0.01,0.00101732,BAR
924,1704662640.0,-15.06,-15.04,-0.01,0.00101732,BAR
925,1704662700.0,-15.05,-15.04,-0.01,0.00101732,BAR
926,1704662760.0,-15.05,-15.04,-0.00,0.00101732,BAR
927,1704662820.0,-15.05,-15.04,-0.00,0.00101732,BAR
928,1704662880.0,-15.05,-15.04,-0.00,0.00101732,BAR
929,1704662940.0,-15.03,-15.04,0.01,0.00101732,BAR
930,1704663000.0,-15.09,-15.04,-0.04,0.00101732,BAR
931,1704663060.0,-15.06,-15.04,-0.01,0.00101732,BAR
932,1704663120.0,-15.08,-15.04,-0.03,0.00101732,BAR
933,1704663180.0,-15.07,-15.04,-0.03,0.00101732,BAR
934,1704663240.0,-15.08,-15.04,-0.03,0.00101732,BAR
935,1704663300.0,-15.11,-15.04,-0.06,0.00101732,BAR
936,1704663360.0,-15.11,-15.04,-0.06,0.00101732,BAR
937,1704663420.0,-15.13,-15.04,-0.09,0.00101732,BAR
938,1704663480.0,-15.15,-15.04,-0.10,0.00101732,BAR
939,1704663540.0,-15.15,-15.04,-0.10,0.00101732,BAR
940,1704663600.0,-15.14,-15.04,-0.09,0.00101732,BAR
941,1704663660.0,-15.15,-15.04,-0.10,0.00101732,BAR
942,1704663720.0,-15.10,-15.04,-0.05,0.00101732,BAR
943,1704663780.0,-15.10,-15.04,-0.05,0.00101732,BAR
944,1704663840.0,-15.11,-15.04,-0.06,0.00101732,BAR
945,1704663900.0,-15.11,-15.04,-0.06,0.00101732,BAR
946,1704663960.0,-15.13,-15.04,-0.08,0.00101732,BAR
947,1704664020.0,-15.09,-15.04,-0.05,0.00101732,BAR
948,1704664080.0,-15.09,-15.04,-0.05,0.00101732,BAR
949,1704664140.0,-15.12,-15.04,-0.08,0.00101732,BAR
950,1704664200.0,-15.11,-15.04,-0.06,0.00101732,BAR
951,1704664260.0,-15.11,-15.04,-0.06,0.00101732,BAR
952,1704664320.0,-15.10,-15.04,-0.05,0.00101732,BAR
953,1704664380.0,-15.10,-15.04,-0.06,0.00101732,BAR
954,1704664440.0,-15.10,-15.04,-0.05,0.00101732,BAR
955,1704664500.0,-15.07,-15.04,-0.03,0.00101732,BAR
956,1704664560.0,-15.05,-15.04,-0.01,0.00101732,BAR
957,1704664620.0,-15.05,-15.04,-0.01,0.00101732,BAR
958,1704664680.0,-15.06,-15.04,-0.01,0.00101732,BAR
959,1704664740.0,-15.05,-15.04,-0.00,0.00101732,BAR
960,1704664800.0,-15.08,-15.04,-0.03,0.00101732,BAR
961,1704664860.0,-15.10,-15.04,-0.05,0.00101732,BAR
962,1704664920.0,-15.09,-15.04,-0.05,0.00101732,BAR
963,1704664980.0,-15.09,-15.04,-0.05,0.00101732,BAR
964,1704665040.0,-15.10,-15.04,-0.06,0.00101732,BAR
965,1704665100.0,-15.13,-15.04,-0.09,0.00101732,BAR
966,1704665160.0,-15.09,-15.04,-0.04,0.00101732,BAR
967,1704665220.0,-15.15,-15.04,-0.10,0.00101732,BAR
968,1704665280.0,-15.14,-15.04,-0.10,0.00101732,BAR
969,1704665340.0,-15.12,-15.04,-0.07,0.00101732,BAR
970,1704665400.0,-15.10,-15.04,-0.06,0.00101732,BAR
971,1704665460.0,-15.10,-15.04,-0.05,0.00101732,BAR
972,1704665520.0,-15.09,-15.04,-0.05,0.00101732,BAR
973,1704665580.0,-15.10,-15.04,-0.06,0.00101732,BAR
974,1704665640.0,-15.10,-15.04,-0.05,0.00101732,BAR
975,1704665700.0,-15.09,-15.04,-0.05,0.00101732,BAR
976,1704665760.0,-15.20,-15.04,-0.16,0.00101732,BAR
977,1704665820.0,-15.22,-15.04,-0.18,0.00101732,BAR
978,1704665880.0,-15.29,-15.04,-0.25,0.00101732,BAR
979,1704665940.0,-15.33,-15.04,-0.28,0.00101732,BAR
980,1704666000.0,-15.26,-15.04,-0.21,0.00101732,BAR
981,1704666060.0,-15.26,-15.04,-0.22,0.00101732,BAR
982,1704666120.0,-15.31,-15.04,-0.26,0.00101732,BAR
983,1704666180.0,-15.30,-15.04,-0.25,0.00101732,BAR
984,1704666240.0,-15.26,-15.04,-0.21,0.00101732,BAR
985,1704666300.0,-15.27,-15.04,-0.22,0.00101732,BAR
986,1704666360.0,-15.23,-15.04,-0.18,0.00101732,BAR
987,1704666420.0,-15.27,-15.04,-0.22,0.00101732,BAR
988,1704666480.0,-15.31,-15.04,-0.27,0.00101732,BAR
989,1704666540.0,-15.31,-15.04,-0.26,0.00101732,BAR
990,1704666600.0,-15.34,-15.04,-0.29,0.00101732,BAR
991,1704666660.0,-15.45,-15.04,-0.41,0.00101732,BAR
992,1704666720.0,-15.43,-15.04,-0.39,0.00101732,BAR
993,1704666780.0,-15.45,-15.04,-0.40,0.00101732,BAR
994,1704666840.0,-15.48,-15.04,-0.44,0.00101732,BAR
995,1704666900.0,-15.49,-15.04,-0.44,0.00101732,BAR
996,1704666960.0,-15.51,-15.04,-0.46,0.00101732,BAR
997,1704667020.0,-15.41,-15.04,-0.37,0.00101732,BAR
998,1704667080.0,-15.35,-15.04,-0.31,0.00101732,BAR
999,1704667140.0,-15.37,-15.04,-0.32,0.00101732,BAR
1000,1704667200.0,-15.37,-15.04,-0.33,0.00101732,BAR
1001,1704667260.0,-15.31,-15.04,-0.27,0.00101732,BAR
1002,1704667320.0,-15.33,-15.04,-0.28,0.00101732,BAR
1003,1704667380.0,-15.33,-15.04,-0.28,0.00101732,BAR
1004,1704667440.0,-15.30,-15.04,-0.26,0.00101732,BAR
1005,1704667500.0,-15.39,-15.04,-0.34,0.00101732,BAR
1006,1704667560.0,-15.37,-15.04,-0.32,0.00101732,BAR
1007,1704667620.0,-15.36,-15.04,-0.31,0.00101732,BAR
1008,1704667680.0,-15.34,-15.04,-0.29,0.00101732,BAR
1009,1704667740.0,-15.35,-15.04,-0.30,0.00101732,BAR
1010,1704667800.0,-15.37,-15.04,-0.33,0.00101732,BAR
1011,1704667860.0,-15.41,-15.04,-0.37,0.00101732,BAR
1012,1704667920.0,-15.36,-15.04,-0.31,0.00101732,BAR
1013,1704667980.0,-15.36,-15.04,-0.31,0.00101732,BAR
1014,1704668040.0,-15.34,-15.04,-0.30,0.00101732,BAR
1015,1704668100.0,-15.34,-15.04,-0.29,0.00101732,BAR
1016,1704668160.0,-15.41,-15.04,-0.37,0.00101732,BAR
1017,1704668220.0,-15.40,-15.04,-0.35,0.00101732,BAR
1018,1704668280.0,-15.41,-15.04,-0.37,0.00101732,BAR
1019,1704668340.0,-15.42,-15.04,-0.38,0.00101732,BAR
1020,1704668400.0,-15.41,-15.04,-0.37,0.00101732,BAR
1021,1704668460.0,-15.36,-15.04,-0.31,0.00101732,BAR
1022,1704668520.0,-15.33,-15.04,-0.28,0.00101732,BAR
1023,1704668580.0,-15.33,-15.04,-0.28,0.00101732,BAR
1024,1704668640.0,-15.32,-15.04,-0.27,0.00101732,BAR
1025,1704668700.0,-15.27,-15.04,-0.23,0.00101732,BAR
1026,1704668760.0,-15.29,-15.04,-0.25,0.00101732,BAR
1027,1704668820.0,-15.27,-15.04,-0.23,0.00101732,BAR
1028,1704668880.0,-15.31,-15.04,-0.27,0.00101732,BAR
1029,1704668940.0,-15.34,-15.04,-0.30,0.00101732,BAR
1030,1704669000.0,-15.34,-15.04,-0.30,0.00101732,BAR
1031,1704669060.0,-15.31,-15.04,-0.27,0.00101732,BAR
1032,1704669120.0,-15.34,-15.04,-0.30,0.00101732,BAR
1033,1704669180.0,-15.32,-15.04,-0.28,0.00101732,BAR
1034,1704669240.0,-15.33,-15.04,-0.28,0.00101732,BAR
1035,1704669300.0,-15.37,-15.04,-0.32,0.00101732,BAR
1036,1704669360.0,-15.35,-15.04,-0.30,0.00101732,BAR
1037,1704669420.0,-15.36,-15.04,-0.31,0.00101732,BAR
1038,1704669480.0,-15.37,-15.04,-0.33,0.00101732,BAR
1039,1704669540.0,-15.37,-15.04,-0.33,0.00101732,BAR
1040,1704669600.0,-15.36,-15.04,-0.31,0.00101732,BAR
1041,1704669660.0,-15.34,-15.04,-0.30,0.00101732,BAR
1042,1704669720.0,-15.39,-15.04,-0.34,0.00101732,BAR
1043,1704669780.0,-15.43,-15.04,-0.39,0.00101732,BAR
1044,1704669840.0,-15.49,-15.04,-0.45,0.00101732,BAR
1045,1704669900.0,-15.43,-15.04,-0.39,0.00101732,BAR
1046,1704669960.0,-15.44,-15.04,-0.39,0.00101732,BAR
1047,1704670020.0,-15.48,-15.04,-0.44,0.00101732,BAR
1048,1704670080.0,-15.46,-15.04,-0.42,0.00101732,BAR
1049,1704670140.0,-15.53,-15.04,-0.49,0.00101732,BAR
1050,1704670200.0,-15.55,-15.04,-0.51,0.00101732,BAR
1051,1704670260.0,-15.50,-15.04,-0.45,0.00101732,BAR
1052,1704670320.0,-15.53,-15.04,-0.49,0.00101732,BAR
1053,1704670380.0,-15.58,-15.04,-0.54,0.00101732,BAR
1054,1704670440.0,-15.55,-15.04,-0.51,0.00101732,BAR
1055,1704670500.0,-15.53,-15.04,-0.48,0.00101732,BAR
1056,1704670560.0,-15.46,-15.04,-0.42,0.00101732,BAR
1057,1704670620.0,-15.42,-15.04,-0.38,0.00101732,BAR
1058,1704670680.0,-15.46,-15.04,-0.42,0.00101732,BAR
1059,1704670740.0,-15.53,-15.04,-0.48,0.00101732,BAR
1060,1704670800.0,-15.56,-15.04,-0.52,0.00101732,BAR
1061,1704670860.0,-15.56,-15.04,-0.51,0.00101732,BAR
1062,1704670920.0,-15.55,-15.04,-0.50,0.00101732,BAR
1063,1704670980.0,-15.63,-15.04,-0.59,0.00101732,BAR
1064,1704671040.0,-15.67,-15.04,-0.62,0.00101732,BAR
1065,1704671100.0,-15.65,-15.04,-0.61,0.00101732,BAR
1066,1704671160.0,-15.58,-15.04,-0.54,0.00101732,BAR
1067,1704671220.0,-15.55,-15.04,-0.50,0.00101732,BAR
1068,1704671280.0,-15.55,-15.04,-0.50,0.00101732,BAR
1069,1704671340.0,-15.51,-15.04,-0.47,0.00101732,BAR
1070,1704671400.0,-15.52,-15.04,-0.48,0.00101732,BAR
1071,1704671460.0,-15.50,-15.04,-0.46,0.00101732,BAR
1072,1704671520.0,-15.48,-15.04,-0.44,0.00101732,BAR
1073,1704671580.0,-15.44,-15.04,-0.39,0.00101732,BAR
1074,1704671640.0,-15.43,-15.04,-0.38,0.00101732,BAR
1075,1704671700.0,-15.39,-15.04,-0.35,0.00101732,BAR
1076,1704671760.0,-15.36,-15.04,-0.32,0.00101732,BAR
1077,1704671820.0,-15.37,-15.04,-0.33,0.00101732,BAR
1078,1704671880.0,-15.36,-15.04,-0.32,0.00101732,BAR
1079,1704671940.0,-15.35,-15.04,-0.31,0.00101732,BAR
1080,1704672000.0,-15.39,-15.04,-0.34,0.00101732,BAR
1081,1704672060.0,-15.36,-15.04,-0.32,0.00101732,BAR
1082,1704672120.0,-15.35,-15.04,-0.30,0.00101732,BAR
1083,1704672180.0,-15.36,-15.04,-0.32,0.00101732,BAR
1084,1704672240.0,-15.34,-15.04,-0.30,0.00101732,BAR
1085,1704672300.0,-15.33,-15.04,-0.28,0.00101732,BAR
1086,1704672360.0,-15.36,-15.04,-0.31,0.00101732,BAR
1087,1704672420.0,-15.36,-15.04,-0.31,0.00101732,BAR
1088,1704672480.0,-15.38,-15.04,-0.34,0.00101732,BAR
1089,1704672540.0,-15.38,-15.04,-0.34,0.00101732,BAR
1090,1704672600.0,-15.40,-15.04,-0.35,0.00101732,BAR
1091,1704672660.0,-15.41,-15.04,-0.37,0.00101732,BAR
1092,1704672720.0,-15.41,-15.04,-0.36,0.00101732,BAR
1093,1704672780.0,-15.41,-15.04,-0.37,0.00101732,BAR
1094,1704672840.0,-15.46,-15.04,-0.41,0.00101732,BAR
1095,1704672900.0,-15.44,-15.04,-0.39,0.00101732,BAR
1096,1704672960.0,-15.50,-15.04,-0.46,0.00101732,BAR
1097,1704673020.0,-15.50,-15.04,-0.46,0.00101732,BAR
1098,1704673080.0,-15.48,-15.04,-0.43,0.00101732,BAR
1099,1704673140.0,-15.49,-15.04,-0.44,0.00101732,BAR
1100,1704673200.0,-15.49,-15.04,-0.45,0.00101732,BAR
1101,1704673260.0,-15.54,-15.04,-0.50,0.00101732,BAR
1102,1704673320.0,-15.52,-15.04,-0.48,0.00101732,BAR
1103,1704673380.0,-15.51,-15.04,-0.46,0.00101732,BAR
1104,1704673440.0,-15.49,-15.04,-0.44,0.00101732,BAR
1105,1704673500.0,-15.47,-15.04,-0.43,0.00101732,BAR
1106,1704673560.0,-15.45,-15.04,-0.41,0.00101732,BAR
1107,1704673620.0,-15.44,-15.04,-0.40,0.00101732,BAR
1108,1704673680.0,-15.44,-15.04,-0.40,0.00101732,BAR
1109,1704673740.0,-15.46,-15.04,-0.42,0.00101732,BAR
1110,1704673800.0,-15.44,-15.04,-0.40,0.00101732,BAR
1111,1704673860.0,-15.53,-15.04,-0.49,0.00101732,BAR
1112,1704673920.0,-15.51,-15.04,-0.47,0.00101732,BAR
1113,1704673980.0,-15.54,-15.04,-0.50,0.00101732,BAR
1114,1704674040.0,-15.52,-15.04,-0.48,0.00101732,BAR
1115,1704674100.0,-15.60,-15.04,-0.55,0.00101732,BAR
1116,1704674160.0,-15.58,-15.04,-0.54,0.00101732,BAR
1117,1704674220.0,-15.55,-15.04,-0.51,0.00101732,BAR
1118,1704674280.0,-15.52,-15.04,-0.48,0.00101732,BAR
1119,1704674340.0,-15.50,-15.04,-0.45,0.00101732,BAR
1120,1704674400.0,-15.49,-15.04,-0.45,0.00101732,BAR
1121,1704674460.0,-15.51,-15.04,-0.47,0.00101732,BAR
1122,1704674520.0,-15.54,-15.04,-0.50,0.00101732,BAR
1123,1704674580.0,-15.54,-15.04,-0.50,0.00101732,BAR
1124,1704674640.0,-15.55,-15.04,-0.51,0.00101732,BAR
1125,1704674700.0,-15.57,-15.04,-0.53,0.00101732,BAR
1126,1704674760.0,-15.56,-15.04,-0.52,0.00101732,BAR
1127,1704674820.0,-15.58,-15.04,-0.54,0.00101732,BAR
1128,1704674880.0,-15.60,-15.04,-0.56,0.00101732,BAR
1129,1704674940.0,-15.59,-15.04,-0.54,0.00101732,BAR
1130,1704675000.0,-15.60,-15.04,-0.55,0.00101732,BAR
1131,1704675060.0,-15.59,-15.04,-0.54,0.00101732,BAR
1132,1704675120.0,-15.60,-15.04,-0.55,0.00101732,BAR
1133,1704675180.0,-15.61,-15.04,-0.56,0.00101732,BAR
1134,1704675240.0,-15.60,-15.04,-0.55,0.00101732,BAR
1135,1704675300.0,-15.57,-15.04,-0.52,0.00101732,BAR
1136,1704675360.0,-15.57,-15.04,-0.52,0.00101732,BAR
1137,1704675420.0,-15.60,-15.04,-0.56,0.00101732,BAR
1138,1704675480.0,-15.62,-15.04,-0.57,0.00101732,BAR
1139,1704675540.0,-15.66,-15.04,-0.61,0.00101732,BAR
1140,1704675600.0,-15.62,-15.04,-0.58,0.00101732,BAR
1141,1704675660.0,-15.61,-15.04,-0.56,0.00101732,BAR
1142,1704675720.0,-15.58,-15.04,-0.53,0.00101732,BAR
1143,1704675780.0,-15.57,-15.04,-0.53,0.00101732,BAR
1144,1704675840.0,-15.57,-15.04,-0.53,0.00101732,BAR
1145,1704675900.0,-15.56,-15.04,-0.52,0.00101732,BAR
1146,1704675960.0,-15.54,-15.04,-0.50,0.00101732,BAR
1147,1704676020.0,-15.53,-15.04,-0.48,0.00101732,BAR
1148,1704676080.0,-15.56,-15.04,-0.52,0.00101732,BAR
1149,1704676140.0,-15.54,-15.04,-0.50,0.00101732,BAR
1150,1704676200.0,-15.51,-15.04,-0.46,0.00101732,BAR
1151,1704676260.0,-15.50,-15.04,-0.45,0.00101732,BAR
1152,1704676320.0,-15.50,-15.04,-0.45,0.00101732,BAR
1153,1704676380.0,-15.50,-15.04,-0.46,0.00101732,BAR
1154,1704676440.0,-15.48,-15.04,-0.43,0.00101732,BAR
1155,1704676500.0,-15.53,-15.04,-0.49,0.00101732,BAR
1156,1704676560.0,-15.54,-15.04,-0.49,0.00101732,BAR
1157,1704676620.0,-15.51,-15.04,-0.47,0.00101732,BAR
1158,1704676680.0,-15.58,-15.04,-0.53,0.00101732,BAR
1159,1704676740.0,-15.58,-15.04,-0.53,0.00101732,BAR
1160,1704676800.0,-15.55,-15.04,-0.50,0.00101732,BAR
1161,1704676860.0,-15.53,-15.04,-0.48,0.00101732,BAR
1162,1704676920.0,-15.53,-15.04,-0.48,0.00101732,BAR
1163,1704676980.0,-15.48,-15.04,-0.44,0.00101732,BAR
1164,1704677040.0,-15.50,-15.04,-0.45,0.00101732,BAR
1165,1704677100.0,-15.50,-15.04,-0.45,0.00101732,BAR
1166,1704677160.0,-15.50,-15.04,-0.46,0.00101732,BAR
1167,1704677220.0,-15.54,-15.04,-0.49,0.00101732,BAR
1168,1704677280.0,-15.52,-15.04,-0.47,0.00101732,BAR
1169,1704677340.0,-15.50,-15.04,-0.45,0.00101732,BAR
1170,1704677400.0,-15.52,-15.04,-0.47,0.00101732,BAR
1171,1704677460.0,-15.53,-15.04,-0.49,0.00101732,BAR
1172,1704677520.0,-15.49,-15.04,-0.44,0.00101732,BAR
1173,1704677580.0,-15.53,-15.04,-0.49,0.00101732,BAR
1174,1704677640.0,-15.55,-15.04,-0.51,0.00101732,BAR
1175,1704677700.0,-15.58,-15.04,-0.54,0.00101732,BAR
1176,1704677760.0,-15.56,-15.04,-0.52,0.00101732,BAR
1177,1704677820.0,-15.59,-15.04,-0.55,0.00101732,BAR
1178,1704677880.0,-15.59,-15.04,-0.55,0.00101732,BAR
1179,1704677940.0,-15.60,-15.04,-0.55,0.00101732,BAR
1180,1704678000.0,-15.61,-15.04,-0.56,0.00101732,BAR
1181,1704678060.0,-15.59,-15.04,-0.55,0.00101732,BAR
1182,1704678120.0,-15.60,-15.04,-0.55,0.00101732,BAR
1183,1704678180.0,-15.62,-15.04,-0.58,0.00101732,BAR
1184,1704678240.0,-15.60,-15.04,-0.56,0.00101732,BAR
1185,1704678300.0,-15.61,-15.04,-0.56,0.00101732,BAR
1186,1704678360.0,-15.59,-15.04,-0.55,0.00101732,BAR
1187,1704678420.0,-15.57,-15.04,-0.53,0.00101732,BAR
1188,1704678480.0,-15.57,-15.04,-0.53,0.00101732,BAR
1189,1704678540.0,-15.59,-15.04,-0.54,0.00101732,BAR
1190,1704678600.0,-15.59,-15.04,-0.55,0.00101732,BAR
1191,1704678660.0,-15.61,-15.04,-0.57,0.00101732,BAR
1192,1704678720.0,-15.60,-15.04,-0.56,0.00101732,BAR
1193,1704678780.0,-15.61,-15.04,-0.57,0.00101732,BAR
1194,1704678840.0,-15.60,-15.04,-0.56,0.00101732,BAR
1195,1704678900.0,-15.60,-15.04,-0.56,0.00101732,BAR
1196,1704678960.0,-15.59,-15.04,-0.54,0.00101732,BAR
1197,1704679020.0,-15.57,-15.04,-0.53,0.00101732,BAR
1198,1704679080.0,-15.58,-15.04,-0.53,0.00101732,BAR
1199,1704679140.0,-15.57,-15.04,-0.53,0.00101732,BAR
1200,1704679200.0,-15.59,-15.04,-0.55,0.00101732,BAR
1201,1704679260.0,-15.61,-15.04,-0.57,0.00101732,BAR
1202,1704679320.0,-15.57,-15.04,-0.53,0.00101732,BAR
1203,1704679380.0,-15.53,-15.04,-0.49,0.00101732,BAR
1204,1704679440.0,-15.51,-15.04,-0.47,0.00101732,BAR
1205,1704679500.0,-15.52,-15.04,-0.47,0.00101732,BAR
1206,1704679560.0,-15.49,-15.04,-0.45,0.00101732,BAR
1207,1704679620.0,-15.49,-15.04,-0.44,0.00101732,BAR
1208,1704679680.0,-15.49,-15.04,-0.44,0.00101732,BAR
1209,1704679740.0,-15.50,-15.04,-0.46,0.00101732,BAR
1210,1704679800.0,-15.53,-15.04,-0.48,0.00101732,BAR
1211,1704679860.0,-15.55,-15.04,-0.51,0.00101732,BAR
1212,1704679920.0,-15.58,-15.04,-0.54,0.00101732,BAR
1213,1704679980.0,-15.60,-15.04,-0.55,0.00101732,BAR
1214,1704680040.0,-15.61,-15.04,-0.56,0.00101732,BAR
1215,1704680100.0,-15.61,-15.04,-0.57,0.00101732,BAR
1216,1704680160.0,-15.64,-15.04,-0.60,0.00101732,BAR
1217,1704680220.0,-15.67,-15.04,-0.62,0.00101732,BAR
1218,1704680280.0,-15.60,-15.04,-0.55,0.00101732,BAR
1219,1704680340.0,-15.59,-15.04,-0.55,0.00101732,BAR
1220,1704680400.0,-15.60,-15.04,-0.56,0.00101732,BAR
1221,1704680460.0,-15.61,-15.04,-0.57,0.00101732,BAR
1222,1704680520.0,-15.57,-15.04,-0.53,0.00101732,BAR
1223,1704680580.0,-15.58,-15.04,-0.53,0.00101732,BAR
1224,1704680640.0,-15.58,-15.04,-0.54,0.00101732,BAR
1225,1704680700.0,-15.63,-15.04,-0.59,0.00101732,BAR
1226,1704680760.0,-15.64,-15.04,-0.59,0.00101732,BAR
1227,1704680820.0,-15.65,-15.04,-0.61,0.00101732,BAR
1228,1704680880.0,-15.64,-15.04,-0.59,0.00101732,BAR
1229,1704680940.0,-15.65,-15.04,-0.61,0.00101732,BAR
1230,1704681000.0,-15.67,-15.04,-0.63,0.00101732,BAR
1231,1704681060.0,-15.63,-15.04,-0.59,0.00101732,BAR
1232,1704681120.0,-15.68,-15.04,-0.64,0.00101732,BAR
1233,1704681180.0,-15.65,-15.04,-0.60,0.00101732,BAR
1234,1704681240.0,-15.64,-15.04,-0.60,0.00101732,BAR
1235,1704681300.0,-15.66,-15.04,-0.62,0.00101732,BAR
1236,1704681360.0,-15.71,-15.04,-0.66,0.00101732,BAR
1237,1704681420.0,-15.79,-15.04,-0.74,0.00101732,BAR
1238,1704681480.0,-15.76,-15.04,-0.72,0.00101732,BAR
1239,1704681540.0,-15.78,-15.04,-0.74,0.00101732,BAR
1240,1704681600.0,-15.74,-15.04,-0.70,0.00101732,BAR
1241,1704681660.0,-15.73,-15.04,-0.69,0.00101732,BAR
1242,1704681720.0,-15.76,-15.04,-0.72,0.00101732,BAR
1243,1704681780.0,-15.77,-15.04,-0.73,0.00101732,BAR
1244,1704681840.0,-15.78,-15.04,-0.74,0.00101732,BAR
1245,1704681900.0,-15.80,-15.04,-0.75,0.00101732,BAR
1246,1704681960.0,-15.87,-15.04,-0.82,0.00101732,BAR
1247,1704682020.0,-15.84,-15.04,-0.80,0.00101732,BAR
1248,1704682080.0,-15.89,-15.04,-0.85,0.00101732,BAR
1249,1704682140.0,-15.89,-15.04,-0.84,0.00101732,BAR
1250,1704682200.0,-15.91,-15.04,-0.87,0.00101732,BAR
1251,1704682260.0,29.01,29.01,0.00,0.00000000,BAR
1252,1704682320.0,29.01,29.01,0.00,0.00000000,BAR
1253,1704682380.0,29.01,29.01,0.00,0.00000000,BAR
1254,1704682440.0,29.01,29.01,0.00,0.00000000,BAR
1255,1704682500.0,29.01,29.01,0.00,0.00000000,BAR
1256,1704682560.0,28.99,28.99,0.00,-0.00050177,POST_TRADE
1257,1704682560.0,28.99,28.99,0.00,-0.00050177,BAR
1258,1704682620.0,28.98,28.99,-0.01,-0.00050177,BAR
1259,1704682680.0,28.99,28.99,0.00,-0.00050177,BAR
1260,1704682740.0,28.98,28.99,-0.00,-0.00050177,BAR
1261,1704682800.0,29.01,28.99,0.02,-0.00050177,BAR
1262,1704682860.0,28.96,28.99,-0.02,-0.00050177,BAR
1263,1704682920.0,28.96,28.99,-0.03,-0.00050177,BAR
1264,1704682980.0,28.96,28.99,-0.03,-0.00050177,BAR
1265,1704683040.0,28.98,28.99,-0.01,-0.00050177,BAR
1266,1704683100.0,28.96,28.99,-0.03,-0.00050177,BAR
1267,1704683160.0,28.96,28.99,-0.03,-0.00050177,BAR
1268,1704683220.0,28.97,28.99,-0.02,-0.00050177,BAR
1269,1704683280.0,28.97,28.99,-0.02,-0.00050177,BAR
1270,1704683340.0,28.97,28.99,-0.02,-0.00050177,BAR
1271,1704683400.0,28.95,28.99,-0.04,-0.00050177,BAR
1272,1704683460.0,28.95,28.99,-0.04,-0.00050177,BAR
1273,1704683520.0,28.96,28.99,-0.03,-0.00050177,BAR
1274,1704683580.0,28.97,28.99,-0.02,-0.00050177,BAR
1275,1704683640.0,28.97,28.99,-0.02,-0.00050177,BAR
1276,1704683700.0,28.99,28.99,0.00,-0.00050177,BAR
1277,1704683760.0,29.00,28.99,0.01,-0.00050177,BAR
1278,1704683820.0,28.98,28.99,-0.01,-0.00050177,BAR
1279,1704683880.0,28.95,28.99,-0.03,-0.00050177,BAR
1280,1704683940.0,28.96,28.99,-0.02,-0.00050177,BAR
1281,1704684000.0,28.98,28.99,-0.01,-0.00050177,BAR
1282,1704684060.0,28.98,28.99,-0.01,-0.00050177,BAR
1283,1704684120.0,29.01,28.99,0.02,-0.00050177,BAR
1284,1704684180.0,28.98,28.99,-0.01,-0.00050177,BAR
1285,1704684240.0,28.99,28.99,0.01,-0.00050177,BAR
1286,1704684300.0,29.01,28.99,0.02,-0.00050177,BAR
1287,1704684360.0,29.04,28.99,0.06,-0.00050177,BAR
1288,1704684420.0,29.04,28.99,0.05,-0.00050177,BAR
1289,1704684480.0,29.03,28.99,0.05,-0.00050177,BAR
1290,1704684540.0,29.03,28.99,0.04,-0.00050177,BAR
1291,1704684600.0,29.02,28.99,0.03,-0.00050177,BAR
1292,1704684660.0,29.02,28.99,0.03,-0.00050177,BAR
1293,1704684720.0,29.01,28.99,0.02,-0.00050177,BAR
1294,1704684780.0,29.02,28.99,0.03,-0.00050177,BAR
1295,1704684840.0,29.02,28.99,0.03,-0.00050177,BAR
1296,1704684900.0,29.02,28.99,0.03,-0.00050177,BAR
1297,1704684960.0,29.01,28.99,0.02,-0.00050177,BAR
1298,1704685020.0,29.00,28.99,0.01,-0.00050177,BAR
1299,1704685080.0,29.00,28.99,0.01,-0.00050177,BAR
1300,1704685140.0,28.97,28.99,-0.02,-0.00050177,BAR
1301,1704685200.0,28.95,28.99,-0.04,-0.00050177,BAR
1302,1704685260.0,28.96,28.99,-0.03,-0.00050177,BAR
1303,1704685320.0,28.94,28.99,-0.05,-0.00050177,BAR
1304,1704685380.0,28.93,28.99,-0.06,-0.00050177,BAR
1305,1704685440.0,28.93,28.99,-0.06,-0.00050177,BAR
1306,1704685500.0,28.94,28.99,-0.05,-0.00050177,BAR
1307,1704685560.0,28.92,28.99,-0.07,-0.00050177,BAR
1308,1704685620.0,28.91,28.99,-0.08,-0.00050177,BAR
1309,1704685680.0,28.90,28.99,-0.08,-0.00050177,BAR
1310,1704685740.0,28.90,28.99,-0.09,-0.00050177,BAR
1311,1704685800.0,28.91,28.99,-0.08,-0.00050177,BAR
1312,1704685860.0,28.90,28.99,-0.09,-0.00050177,BAR
1313,1704685920.0,28.91,28.99,-0.08,-0.00050177,BAR
1314,1704685980.0,28.91,28.99,-0.08,-0.00050177,BAR
1315,1704686040.0,28.90,28.99,-0.08,-0.00050177,BAR
1316,1704686100.0,28.89,28.99,-0.10,-0.00050177,BAR
1317,1704686160.0,28.90,28.99,-0.09,-0.00050177,BAR
1318,1704686220.0,28.91,28.99,-0.08,-0.00050177,BAR
1319,1704686280.0,28.91,28.99,-0.08,-0.00050177,BAR
1320,1704686340.0,28.91,28.99,-0.08,-0.00050177,BAR
1321,1704686400.0,28.92,28.99,-0.07,-0.00050177,BAR
1322,1704686460.0,28.93,28.99,-0.06,-0.00050177,BAR
1323,1704686520.0,28.94,28.99,-0.05,-0.00050177,BAR
1324,1704686580.0,28.92,28.99,-0.07,-0.00050177,BAR
1325,1704686640.0,28.92,28.99,-0.07,-0.00050177,BAR
1326,1704686700.0,28.93,28.99,-0.06,-0.00050177,BAR
1327,1704686760.0,28.89,28.99,-0.10,-0.00050177,BAR
1328,1704686820.0,28.87,28.99,-0.11,-0.00050177,BAR
1329,1704686880.0,28.87,28.99,-0.12,-0.00050177,BAR
1330,1704686940.0,28.89,28.99,-0.10,-0.00050177,BAR
1331,1704687000.0,28.89,28.99,-0.10,-0.00050177,BAR
1332,1704687060.0,28.93,28.99,-0.06,-0.00050177,BAR
1333,1704687120.0,28.93,28.99,-0.06,-0.00050177,BAR
1334,1704687180.0,28.92,28.99,-0.06,-0.00050177,BAR
1335,1704687240.0,28.92,28.99,-0.07,-0.00050177,BAR
1336,1704687300.0,28.91,28.99,-0.08,-0.00050177,BAR
1337,1704687360.0,28.90,28.99,-0.09,-0.00050177,BAR
1338,1704687420.0,28.90,28.99,-0.09,-0.00050177,BAR
1339,1704687480.0,28.90,28.99,-0.09,-0.00050177,BAR
1340,1704687540.0,28.92,28.99,-0.07,-0.00050177,BAR
1341,1704687600.0,28.94,28.99,-0.05,-0.00050177,BAR
1342,1704687660.0,28.94,28.99,-0.04,-0.00050177,BAR
1343,1704687720.0,28.95,28.99,-0.04,-0.00050177,BAR
1344,1704687780.0,28.95,28.99,-0.04,-0.00050177,BAR
1345,1704687840.0,28.94,28.99,-0.05,-0.00050177,BAR
1346,1704687900.0,28.93,28.99,-0.06,-0.00050177,BAR
1347,1704687960.0,28.92,28.99,-0.07,-0.00050177,BAR
1348,1704688020.0,28.93,28.99,-0.06,-0.00050177,BAR
1349,1704688080.0,28.92,28.99,-0.07,-0.00050177,BAR
1350,1704688140.0,28.90,28.99,-0.08,-0.00050177,BAR
1351,1704688200.0,28.90,28.99,-0.08,-0.00050177,BAR
1352,1704688260.0,28.91,28.99,-0.08,-0.00050177,BAR
1353,1704688320.0,28.91,28.99,-0.07,-0.00050177,BAR
1354,1704688380.0,28.90,28.99,-0.09,-0.00050177,BAR
1355,1704688440.0,28.91,28.99,-0.08,-0.00050177,BAR
1356,1704688500.0,28.90,28.99,-0.09,-0.00050177,BAR
1357,1704688560.0,28.88,28.99,-0.10,-0.00050177,BAR
1358,1704688620.0,28.88,28.99,-0.11,-0.00050177,BAR
1359,1704688680.0,28.87,28.99,-0.11,-0.00050177,BAR
1360,1704688740.0,28.87,28.99,-0.12,-0.00050177,BAR
1361,1704688800.0,28.88,28.99,-0.11,-0.00050177,BAR
1362,1704688860.0,28.89,28.99,-0.10,-0.00050177,BAR
1363,1704688920.0,28.90,28.99,-0.09,-0.00050177,BAR
1364,1704688980.0,28.89,28.99,-0.10,-0.00050177,BAR
1365,1704689040.0,28.89,28.99,-0.10,-0.00050177,BAR
1366,1704689100.0,28.89,28.99,-0.10,-0.00050177,BAR
1367,1704689160.0,28.87,28.99,-0.12,-0.00050177,BAR
1368,1704689220.0,28.88,28.99,-0.11,-0.00050177,BAR
1369,1704689280.0,28.87,28.99,-0.12,-0.00050177,BAR
1370,1704689340.0,28.88,28.99,-0.11,-0.00050177,BAR
1371,1704689400.0,28.89,28.99,-0.10,-0.00050177,BAR
1372,1704689460.0,28.90,28.99,-0.09,-0.00050177,BAR
1373,1704689520.0,28.90,28.99,-0.09,-0.00050177,BAR
1374,1704689580.0,28.89,28.99,-0.09,-0.00050177,BAR
1375,1704689640.0,28.90,28.99,-0.09,-0.00050177,BAR
1376,1704689700.0,28.89,28.99,-0.09,-0.00050177,BAR
1377,1704689760.0,28.89,28.99,-0.10,-0.00050177,BAR
1378,1704689820.0,28.88,28.99,-0.11,-0.00050177,BAR
1379,1704689880.0,28.87,28.99,-0.12,-0.00050177,BAR
1380,1704689940.0,28.87,28.99,-0.12,-0.00050177,BAR
1381,1704690000.0,28.88,28.99,-0.11,-0.00050177,BAR
1382,1704690060.0,28.89,28.99,-0.10,-0.00050177,BAR
1383,1704690120.0,28.90,28.99,-0.09,-0.00050177,BAR
1384,1704690180.0,28.90,28.99,-0.09,-0.00050177,BAR
1385,1704690240.0,28.89,28.99,-0.09,-0.00050177,BAR
1386,1704690300.0,28.88,28.99,-0.11,-0.00050177,BAR
1387,1704690360.0,28.88,28.99,-0.11,-0.00050177,BAR
1388,1704690420.0,28.87,28.99,-0.12,-0.00050177,BAR
1389,1704690480.0,28.86,28.99,-0.13,-0.00050177,BAR
1390,1704690540.0,28.86,28.99,-0.13,-0.00050177,BAR
1391,1704690600.0,28.87,28.99,-0.12,-0.00050177,BAR
1392,1704690660.0,28.89,28.99,-0.10,-0.00050177,BAR
1393,1704690720.0,28.88,28.99,-0.10,-0.00050177,BAR
1394,1704690780.0,28.89,28.99,-0.10,-0.00050177,BAR
1395,1704690840.0,28.87,28.99,-0.12,-0.00050177,BAR
1396,1704690900.0,28.87,28.99,-0.11,-0.00050177,BAR
1397,1704690960.0,28.87,28.99,-0.12,-0.00050177,BAR
1398,1704691020.0,28.87,28.99,-0.12,-0.00050177,BAR
1399,1704691080.0,28.87,28.99,-0.12,-0.00050177,BAR
1400,1704691140.0,28.87,28.99,-0.12,-0.00050177,BAR
1401,1704691200.0,28.87,28.99,-0.11,-0.00050177,BAR
1402,1704691260.0,28.89,28.99,-0.10,-0.00050177,BAR
1403,1704691320.0,28.90,28.99,-0.09,-0.00050177,BAR
1404,1704691380.0,28.89,28.99,-0.09,-0.00050177,BAR
1405,1704691440.0,28.90,28.99,-0.09,-0.00050177,BAR
1406,1704691500.0,28.91,28.99,-0.07,-0.00050177,BAR
1407,1704691560.0,28.93,28.99,-0.06,-0.00050177,BAR
1408,1704691620.0,28.91,28.99,-0.08,-0.00050177,BAR
1409,1704691680.0,28.93,28.99,-0.06,-0.00050177,BAR
1410,1704691740.0,28.92,28.99,-0.06,-0.00050177,BAR
1411,1704691800.0,28.91,28.99,-0.07,-0.00050177,BAR
1412,1704691860.0,28.92,28.99,-0.07,-0.00050177,BAR
1413,1704691920.0,28.91,28.99,-0.08,-0.00050177,BAR
1414,1704691980.0,28.91,28.99,-0.08,-0.00050177,BAR
1415,1704692040.0,28.91,28.99,-0.08,-0.00050177,BAR
1416,1704692100.0,28.92,28.99,-0.07,-0.00050177,BAR
1417,1704692160.0,28.91,28.99,-0.08,-0.00050177,BAR
1418,1704692220.0,28.91,28.99,-0.08,-0.00050177,BAR
1419,1704692280.0,28.90,28.99,-0.09,-0.00050177,BAR
1420,1704692340.0,28.91,28.99,-0.08,-0.00050177,BAR
1421,1704692400.0,28.92,28.99,-0.07,-0.00050177,BAR
1422,1704692460.0,28.91,28.99,-0.08,-0.00050177,BAR
1423,1704692520.0,28.91,28.99,-0.08,-0.00050177,BAR
1424,1704692580.0,28.90,28.99,-0.09,-0.00050177,BAR
1425,1704692640.0,28.89,28.99,-0.10,-0.00050177,BAR
1426,1704692700.0,28.88,28.99,-0.11,-0.00050177,BAR
1427,1704692760.0,28.87,28.99,-0.12,-0.00050177,BAR
1428,1704692820.0,28.85,28.99,-0.14,-0.00050177,BAR
1429,1704692880.0,28.86,28.99,-0.13,-0.00050177,BAR
1430,1704692940.0,28.86,28.99,-0.12,-0.00050177,BAR
1431,1704693000.0,28.86,28.99,-0.13,-0.00050177,BAR
1432,1704693060.0,28.91,28.99,-0.08,-0.00050177,BAR
1433,1704693120.0,28.90,28.99,-0.09,-0.00050177,BAR
1434,1704693180.0,28.90,28.99,-0.09,-0.00050177,BAR
1435,1704693240.0,28.86,28.99,-0.13,-0.00050177,BAR
1436,1704693300.0,28.85,28.99,-0.14,-0.00050177,BAR
1437,1704693360.0,28.86,28.99,-0.13,-0.00050177,BAR
1438,1704693420.0,28.86,28.99,-0.12,-0.00050177,BAR
1439,1704693480.0,28.86,28.99,-0.13,-0.00050177,BAR
1440,1704693540.0,28.85,28.99,-0.14,-0.00050177,BAR
1441,1704693600.0,28.86,28.99,-0.13,-0.00050177,BAR
1442,1704693660.0,28.86,28.99,-0.13,-0.00050177,BAR
1443,1704693720.0,28.86,28.99,-0.13,-0.00050177,BAR
1444,1704693780.0,28.86,28.99,-0.13,-0.00050177,BAR
1445,1704693840.0,28.86,28.99,-0.13,-0.00050177,BAR
1446,1704693900.0,28.87,28.99,-0.12,-0.00050177,BAR
1447,1704693960.0,28.86,28.99,-0.13,-0.00050177,BAR
1448,1704694020.0,28.86,28.99,-0.13,-0.00050177,BAR
1449,1704694080.0,28.84,28.99,-0.15,-0.00050177,BAR
1450,1704694140.0,28.84,28.99,-0.15,-0.00050177,BAR
1451,1704694200.0,28.84,28.99,-0.15,-0.00050177,BAR
1452,1704694260.0,28.86,28.99,-0.13,-0.00050177,BAR
1453,1704694320.0,28.87,28.99,-0.12,-0.00050177,BAR
1454,1704694380.0,28.86,28.99,-0.13,-0.00050177,BAR
1455,1704694440.0,28.86,28.99,-0.13,-0.00050177,BAR
1456,1704694500.0,28.86,28.99,-0.13,-0.00050177,BAR
1457,1704694560.0,28.85,28.99,-0.14,-0.00050177,BAR
1458,1704694620.0,28.85,28.99,-0.14,-0.00050177,BAR
1459,1704694680.0,28.83,28.99,-0.16,-0.00050177,BAR
1460,1704694740.0,28.83,28.99,-0.15,-0.00050177,BAR
1461,1704694800.0,28.84,28.99,-0.15,-0.00050177,BAR
1462,1704694860.0,28.53,28.53,0.00,0.00000000,BAR
1463,1704694920.0,28.53,28.53,0.00,0.00000000,BAR
1464,1704694980.0,28.53,28.53,0.00,0.00000000,BAR
1465,1704695040.0,28.53,28.53,0.00,0.00000000,BAR
1466,1704695100.0,28.53,28.53,0.00,0.00000000,BAR
1467,1704695160.0,17.82,17.82,0.00,0.00024254,POST_TRADE
1468,1704695160.0,17.82,17.82,0.00,0.00024254,BAR
1469,1704695220.0,17.82,17.82,-0.00,0.00024254,BAR
1470,1704695280.0,17.82,17.82,0.00,0.00024254,BAR
1471,1704695340.0,17.83,17.82,0.01,0.00024254,BAR
1472,1704695400.0,17.81,17.82,-0.01,0.00024254,BAR
1473,1704695460.0,17.82,17.82,-0.01,0.00024254,BAR
1474,1704695520.0,17.81,17.82,-0.01,0.00024254,BAR
1475,1704695580.0,17.80,17.82,-0.02,0.00024254,BAR
1476,1704695640.0,17.81,17.82,-0.01,0.00024254,BAR
1477,1704695700.0,17.78,17.82,-0.04,0.00024254,BAR
1478,1704695760.0,17.79,17.82,-0.03,0.00024254,BAR
1479,1704695820.0,17.79,17.82,-0.03,0.00024254,BAR
1480,1704695880.0,17.79,17.82,-0.04,0.00024254,BAR
1481,1704695940.0,17.79,17.82,-0.04,0.00024254,BAR
1482,1704696000.0,17.78,17.82,-0.04,0.00024254,BAR
1483,1704696060.0,17.79,17.82,-0.04,0.00024254,BAR
1484,1704696120.0,17.79,17.82,-0.03,0.00024254,BAR
1485,1704696180.0,17.79,17.82,-0.03,0.00024254,BAR
1486,1704696240.0,17.80,17.82,-0.02,0.00024254,BAR
1487,1704696300.0,17.79,17.82,-0.03,0.00024254,BAR
1488,1704696360.0,17.79,17.82,-0.03,0.00024254,BAR
1489,1704696420.0,17.79,17.82,-0.03,0.00024254,BAR
1490,1704696480.0,17.77,17.82,-0.05,0.00024254,BAR
1491,1704696540.0,17.77,17.82,-0.05,0.00024254,BAR
1492,1704696600.0,17.76,17.82,-0.06,0.00024254,BAR
1493,1704696660.0,17.76,17.82,-0.06,0.00024254,BAR
1494,1704696720.0,17.75,17.82,-0.07,0.00024254,BAR
1495,1704696780.0,17.76,17.82,-0.06,0.00024254,BAR
1496,1704696840.0,17.76,17.82,-0.06,0.00024254,BAR
1497,1704696900.0,17.76,17.82,-0.06,0.00024254,BAR
1498,1704696960.0,17.76,17.82,-0.07,0.00024254,BAR
1499,1704697020.0,17.77,17.82,-0.06,0.00024254,BAR
1500,1704697080.0,17.76,17.82,-0.06,0.00024254,BAR
1501,1704697140.0,17.77,17.82,-0.05,0.00024254,BAR
1502,1704697200.0,17.77,17.82,-0.05,0.00024254,BAR
1503,1704697260.0,17.77,17.82,-0.05,0.00024254,BAR
1504,1704697320.0,17.77,17.82,-0.05,0.00024254,BAR
1505,1704697380.0,17.78,17.82,-0.04,0.00024254,BAR
1506,1704697440.0,17.78,17.82,-0.04,0.00024254,BAR
1507,1704697500.0,17.79,17.82,-0.03,0.00024254,BAR
1508,1704697560.0,17.80,17.82,-0.03,0.00024254,BAR
1509,1704697620.0,17.80,17.82,-0.02,0.00024254,BAR
1510,1704697680.0,17.80,17.82,-0.02,0.00024254,BAR
1511,1704697740.0,17.80,17.82,-0.03,0.00024254,BAR
1512,1704697800.0,17.80,17.82,-0.02,0.00024254,BAR
1513,1704697860.0,17.80,17.82,-0.02,0.00024254,BAR
1514,1704697920.0,17.80,17.82,-0.02,0.00024254,BAR
1515,1704697980.0,17.80,17.82,-0.02,0.00024254,BAR
1516,1704698040.0,17.80,17.82,-0.02,0.00024254,BAR
1517,1704698100.0,17.80,17.82,-0.02,0.00024254,BAR
1518,1704698160.0,17.80,17.82,-0.02,0.00024254,BAR
1519,1704698220.0,17.81,17.82,-0.01,0.00024254,BAR
1520,1704698280.0,17.80,17.82,-0.02,0.00024254,BAR
1521,1704698340.0,17.80,17.82,-0.02,0.00024254,BAR
1522,1704698400.0,17.80,17.82,-0.03,0.00024254,BAR
1523,1704698460.0,17.79,17.82,-0.03,0.00024254,BAR
1524,1704698520.0,17.80,17.82,-0.03,0.00024254,BAR
1525,1704698580.0,17.80,17.82,-0.03,0.00024254,BAR
1526,1704698640.0,17.80,17.82,-0.02,0.00024254,BAR
1527,1704698700.0,17.79,17.82,-0.03,0.00024254,BAR
1528,1704698760.0,17.78,17.82,-0.04,0.00024254,BAR
1529,1704698820.0,17.78,17.82,-0.04,0.00024254,BAR
1530,1704698880.0,17.77,17.82,-0.05,0.00024254,BAR
1531,1704698940.0,17.78,17.82,-0.04,0.00024254,BAR
1532,1704699000.0,17.78,17.82,-0.04,0.00024254,BAR
1533,1704699060.0,17.77,17.82,-0.05,0.00024254,BAR
1534,1704699120.0,17.77,17.82,-0.05,0.00024254,BAR
1535,1704699180.0,17.76,17.82,-0.06,0.00024254,BAR
1536,1704699240.0,17.75,17.82,-0.07,0.00024254,BAR
1537,1704699300.0,17.76,17.82,-0.06,0.00024254,BAR
1538,1704699360.0,17.75,17.82,-0.07,0.00024254,BAR
1539,1704699420.0,17.75,17.82,-0.07,0.00024254,BAR
1540,1704699480.0,17.75,17.82,-0.08,0.00024254,BAR
1541,1704699540.0,17.74,17.82,-0.08,0.00024254,BAR
1542,1704699600.0,17.75,17.82,-0.07,0.00024254,BAR
1543,1704699660.0,17.76,17.82,-0.07,0.00024254,BAR
1544,1704699720.0,17.76,17.82,-0.06,0.00024254,BAR
1545,1704699780.0,17.76,17.82,-0.06,0.00024254,BAR
1546,1704699840.0,17.76,17.82,-0.06,0.00024254,BAR
1547,1704699900.0,17.77,17.82,-0.05,0.00024254,BAR
1548,1704699960.0,17.76,17.82,-0.06,0.00024254,BAR
1549,1704700020.0,17.76,17.82,-0.06,0.00024254,BAR
1550,1704700080.0,17.77,17.82,-0.06,0.00024254,BAR
1551,1704700140.0,17.77,17.82,-0.05,0.00024254,BAR
1552,1704700200.0,17.77,17.82,-0.05,0.00024254,BAR
1553,1704700260.0,17.77,17.82,-0.05,0.00024254,BAR
1554,1704700320.0,17.77,17.82,-0.05,0.00024254,BAR
1555,1704700380.0,17.78,17.82,-0.04,0.00024254,BAR
1556,1704700440.0,17.79,17.82,-0.03,0.00024254,BAR
1557,1704700500.0,17.79,17.82,-0.04,0.00024254,BAR
1558,1704700560.0,17.79,17.82,-0.04,0.00024254,BAR
1559,1704700620.0,17.79,17.82,-0.04,0.00024254,BAR
1560,1704700680.0,17.79,17.82,-0.03,0.00024254,BAR
1561,1704700740.0,17.79,17.82,-0.03,0.00024254,BAR
1562,1704700800.0,17.78,17.82,-0.04,0.00024254,BAR
1563,1704700860.0,17.78,17.82,-0.04,0.00024254,BAR
1564,1704700920.0,17.79,17.82,-0.03,0.00024254,BAR
1565,1704700980.0,17.79,17.82,-0.04,0.00024254,BAR
1566,1704701040.0,17.79,17.82,-0.04,0.00024254,BAR
1567,1704701100.0,17.78,17.82,-0.04,0.00024254,BAR
1568,1704701160.0,17.78,17.82,-0.04,0.00024254,BAR
1569,1704701220.0,17.78,17.82,-0.04,0.00024254,BAR
1570,1704701280.0,17.78,17.82,-0.04,0.00024254,BAR
1571,1704701340.0,17.78,17.82,-0.04,0.00024254,BAR
1572,1704701400.0,17.79,17.82,-0.04,0.00024254,BAR
1573,1704701460.0,17.80,17.82,-0.02,0.00024254,BAR
1574,1704701520.0,17.80,17.82,-0.02,0.00024254,BAR
1575,1704701580.0,17.79,17.82,-0.03,0.00024254,BAR
1576,1704701640.0,17.79,17.82,-0.03,0.00024254,BAR
1577,1704701700.0,17.79,17.82,-0.03,0.00024254,BAR
1578,1704701760.0,17.79,17.82,-0.03,0.00024254,BAR
1579,1704701820.0,17.80,17.82,-0.02,0.00024254,BAR
1580,1704701880.0,17.80,17.82,-0.02,0.00024254,BAR
1581,1704701940.0,17.80,17.82,-0.02,0.00024254,BAR
1582,1704702000.0,17.81,17.82,-0.02,0.00024254,BAR
1583,1704702060.0,17.81,17.82,-0.01,0.00024254,BAR
1584,1704702120.0,17.81,17.82,-0.01,0.00024254,BAR
1585,1704702180.0,17.80,17.82,-0.02,0.00024254,BAR
1586,1704702240.0,17.81,17.82,-0.02,0.00024254,BAR
1587,1704702300.0,17.80,17.82,-0.02,0.00024254,BAR
1588,1704702360.0,17.79,17.82,-0.03,0.00024254,BAR
1589,1704702420.0,17.79,17.82,-0.03,0.00024254,BAR
1590,1704702480.0,17.79,17.82,-0.03,0.00024254,BAR
1591,1704702540.0,17.79,17.82,-0.03,0.00024254,BAR
1592,1704702600.0,17.80,17.82,-0.02,0.00024254,BAR
1593,1704702660.0,17.79,17.82,-0.03,0.00024254,BAR
1594,1704702720.0,17.79,17.82,-0.03,0.00024254,BAR
1595,1704702780.0,17.79,17.82,-0.03,0.00024254,BAR
1596,1704702840.0,17.80,17.82,-0.03,0.00024254,BAR
1597,1704702900.0,17.79,17.82,-0.03,0.00024254,BAR
1598,1704702960.0,17.79,17.82,-0.03,0.00024254,BAR
1599,1704703020.0,17.78,17.82,-0.04,0.00024254,BAR
1600,1704703080.0,17.78,17.82,-0.04,0.00024254,BAR
1601,1704703140.0,17.78,17.82,-0.04,0.00024254,BAR
1602,1704703200.0,17.78,17.82,-0.04,0.00024254,BAR
1603,1704703260.0,17.78,17.82,-0.04,0.00024254,BAR
1604,1704703320.0,17.78,17.82,-0.05,0.00024254,BAR
1605,1704703380.0,17.77,17.82,-0.05,0.00024254,BAR
1606,1704703440.0,17.77,17.82,-0.05,0.00024254,BAR
1607,1704703500.0,17.77,17.82,-0.05,0.00024254,BAR
1608,1704703560.0,17.77,17.82,-0.05,0.00024254,BAR
1609,1704703620.0,17.77,17.82,-0.05,0.00024254,BAR
1610,1704703680.0,17.77,17.82,-0.05,0.00024254,BAR
1611,1704703740.0,17.77,17.82,-0.05,0.00024254,BAR
1612,1704703800.0,17.77,17.82,-0.05,0.00024254,BAR
1613,1704703860.0,17.77,17.82,-0.05,0.00024254,BAR
1614,1704703920.0,17.77,17.82,-0.05,0.00024254,BAR
1615,1704703980.0,17.77,17.82,-0.05,0.00024254,BAR
1616,1704704040.0,17.77,17.82,-0.05,0.00024254,BAR
1617,1704704100.0,17.77,17.82,-0.06,0.00024254,BAR
1618,1704704160.0,17.76,17.82,-0.06,0.00024254,BAR
1619,1704704220.0,17.76,17.82,-0.06,0.00024254,BAR
1620,1704704280.0,17.76,17.82,-0.06,0.00024254,BAR
1621,1704704340.0,17.76,17.82,-0.06,0.00024254,BAR
1622,1704704400.0,17.77,17.82,-0.06,0.00024254,BAR
1623,1704704460.0,17.77,17.82,-0.05,0.00024254,BAR
1624,1704704520.0,17.77,17.82,-0.05,0.00024254,BAR
1625,1704704580.0,17.77,17.82,-0.05,0.00024254,BAR
1626,1704704640.0,17.76,17.82,-0.06,0.00024254,BAR
1627,1704704700.0,17.77,17.82,-0.05,0.00024254,BAR
1628,1704704760.0,17.76,17.82,-0.06,0.00024254,BAR
1629,1704704820.0,17.76,17.82,-0.06,0.00024254,BAR
1630,1704704880.0,17.76,17.82,-0.06,0.00024254,BAR
1631,1704704940.0,17.76,17.82,-0.06,0.00024254,BAR
1632,1704705000.0,17.76,17.82,-0.06,0.00024254,BAR
1633,1704705060.0,17.77,17.82,-0.06,0.00024254,BAR
1634,1704705120.0,17.76,17.82,-0.06,0.00024254,BAR
1635,1704705180.0,17.76,17.82,-0.06,0.00024254,BAR
1636,1704705240.0,17.76,17.82,-0.06,0.00024254,BAR
1637,1704705300.0,17.77,17.82,-0.06,0.00024254,BAR
1638,1704705360.0,17.77,17.82,-0.05,0.00024254,BAR
1639,1704705420.0,17.76,17.82,-0.06,0.00024254,BAR
1640,1704705480.0,17.77,17.82,-0.05,0.00024254,BAR
1641,1704705540.0,17.77,17.82,-0.05,0.00024254,BAR
1642,1704705600.0,17.77,17.82,-0.06,0.00024254,BAR
1643,1704705660.0,17.76,17.82,-0.06,0.00024254,BAR
1644,1704705720.0,17.76,17.82,-0.07,0.00024254,BAR
1645,1704705780.0,17.76,17.82,-0.06,0.00024254,BAR
1646,1704705840.0,17.75,17.82,-0.07,0.00024254,BAR
1647,1704705900.0,17.75,17.82,-0.07,0.00024254,BAR
1648,1704705960.0,17.75,17.82,-0.07,0.00024254,BAR
1649,1704706020.0,17.76,17.82,-0.07,0.00024254,BAR
1650,1704706080.0,17.75,17.82,-0.07,0.00024254,BAR
1651,1704706140.0,17.76,17.82,-0.07,0.00024254,BAR
1652,1704706200.0,17.75,17.82,-0.07,0.00024254,BAR
1653,1704706260.0,17.75,17.82,-0.07,0.00024254,BAR
1654,1704706320.0,17.75,17.82,-0.07,0.00024254,BAR
1655,1704706380.0,17.76,17.82,-0.07,0.00024254,BAR
1656,1704706440.0,17.75,17.82,-0.07,0.00024254,BAR
1657,1704706500.0,17.75,17.82,-0.07,0.00024254,BAR
1658,1704706560.0,17.75,17.82,-0.08,0.00024254,BAR
1659,1704706620.0,17.74,17.82,-0.08,0.00024254,BAR
1660,1704706680.0,17.75,17.82,-0.07,0.00024254,BAR
1661,1704706740.0,17.75,17.82,-0.07,0.00024254,BAR
1662,1704706800.0,17.76,17.82,-0.06,0.00024254,BAR
1663,1704706860.0,17.76,17.82,-0.06,0.00024254,BAR
1664,1704706920.0,17.76,17.82,-0.06,0.00024254,BAR
1665,1704706980.0,17.76,17.82,-0.07,0.00024254,BAR
1666,1704707040.0,17.76,17.82,-0.06,0.00024254,BAR
1667,1704707100.0,17.76,17.82,-0.06,0.00024254,BAR
1668,1704707160.0,17.76,17.82,-0.06,0.00024254,BAR
1669,1704707220.0,17.76,17.82,-0.06,0.00024254,BAR
1670,1704707280.0,17.76,17.82,-0.06,0.00024254,BAR
1671,1704707340.0,17.76,17.82,-0.06,0.00024254,BAR
1672,1704707400.0,17.75,17.82,-0.07,0.00024254,BAR
1673,1704707460.0,17.73,17.82,-0.09,0.00024254,BAR
1674,1704707520.0,17.74,17.82,-0.09,0.00024254,BAR
1675,1704707580.0,17.73,17.82,-0.09,0.00024254,BAR
1676,1704707640.0,17.72,17.82,-0.10,0.00024254,BAR
1677,1704707700.0,17.71,17.82,-0.11,0.00024254,BAR
1678,1704707760.0,17.73,17.82,-0.10,0.00024254,BAR
1679,1704707820.0,17.72,17.82,-0.10,0.00024254,BAR
1680,1704707880.0,17.72,17.82,-0.10,0.00024254,BAR
1681,1704707940.0,17.73,17.82,-0.10,0.00024254,BAR
1682,1704708000.0,17.73,17.82,-0.09,0.00024254,BAR
1683,1704708060.0,17.72,17.82,-0.10,0.00024254,BAR
1684,1704708120.0,17.73,17.82,-0.09,0.00024254,BAR
1685,1704708180.0,17.73,17.82,-0.09,0.00024254,BAR
1686,1704708240.0,17.73,17.82,-0.10,0.00024254,BAR
1687,1704708300.0,17.72,17.82,-0.10,0.00024254,BAR
1688,1704708360.0,17.73,17.82,-0.09,0.00024254,BAR
1689,1704708420.0,17.73,17.82,-0.09,0.00024254,BAR
1690,1704708480.0,17.74,17.82,-0.08,0.00024254,BAR
1691,1704708540.0,17.74,17.82,-0.08,0.00024254,BAR
1692,1704708600.0,17.74,17.82,-0.08,0.00024254,BAR
1693,1704708660.0,17.74,17.82,-0.08,0.00024254,BAR
1694,1704708720.0,17.74,17.82,-0.08,0.00024254,BAR
1695,1704708780.0,17.74,17.82,-0.08,0.00024254,BAR
1696,1704708840.0,17.75,17.82,-0.08,0.00024254,BAR
1697,1704708900.0,17.75,17.82,-0.07,0.00024254,BAR
1698,1704708960.0,17.76,17.82,-0.06,0.00024254,BAR
1699,1704709020.0,17.77,17.82,-0.05,0.00024254,BAR
1700,1704709080.0,17.77,17.82,-0.05,0.00024254,BAR
1701,1704709140.0,17.77,17.82,-0.05,0.00024254,BAR
1702,1704709200.0,17.77,17.82,-0.05,0.00024254,BAR
1703,1704709260.0,17.78,17.82,-0.04,0.00024254,BAR
1704,1704709320.0,17.78,17.82,-0.04,0.00024254,BAR
1705,1704709380.0,17.78,17.82,-0.04,0.00024254,BAR
1706,1704709440.0,17.78,17.82,-0.04,0.00024254,BAR
1707,1704709500.0,17.78,17.82,-0.04,0.00024254,BAR
1708,1704709560.0,17.78,17.82,-0.04,0.00024254,BAR
1709,1704709620.0,17.79,17.82,-0.03,0.00024254,BAR
1710,1704709680.0,17.80,17.82,-0.02,0.00024254,BAR
1711,1704709740.0,17.79,17.82,-0.03,0.00024254,BAR
1712,1704709800.0,17.80,17.82,-0.02,0.00024254,BAR
1713,1704709860.0,17.79,17.82,-0.03,0.00024254,BAR
1714,1704709920.0,17.78,17.82,-0.04,0.00024254,BAR
1715,1704709980.0,17.78,17.82,-0.04,0.00024254,BAR
1716,1704710040.0,17.79,17.82,-0.03,0.00024254,BAR
1717,1704710100.0,17.79,17.82,-0.03,0.00024254,BAR
1718,1704710160.0,17.79,17.82,-0.03,0.00024254,BAR
1719,1704710220.0,17.79,17.82,-0.03,0.00024254,BAR
1720,1704710280.0,17.79,17.82,-0.03,0.00024254,BAR
1721,1704710340.0,17.79,17.82,-0.03,0.00024254,BAR
1722,1704710400.0,17.79,17.82,-0.03,0.00024254,BAR
1723,1704710460.0,17.79,17.82,-0.03,0.00024254,BAR
1724,1704710520.0,17.79,17.82,-0.04,0.00024254,BAR
1725,1704710580.0,17.79,17.82,-0.03,0.00024254,BAR
1726,1704710640.0,17.79,17.82,-0.03,0.00024254,BAR
1727,1704710700.0,17.79,17.82,-0.03,0.00024254,BAR
1728,1704710760.0,17.79,17.82,-0.03,0.00024254,BAR
1729,1704710820.0,17.79,17.82,-0.03,0.00024254,BAR
1730,1704710880.0,17.80,17.82,-0.03,0.00024254,BAR
1731,1704710940.0,17.80,17.82,-0.02,0.00024254,BAR
1732,1704711000.0,17.80,17.82,-0.03,0.00024254,BAR
1733,1704711060.0,17.80,17.82,-0.02,0.00024254,BAR
1734,1704711120.0,17.82,17.82,-0.01,0.00024254,BAR
1735,1704711180.0,17.82,17.82,-0.00,0.00024254,BAR
1736,1704711240.0,17.81,17.82,-0.01,0.00024254,BAR
1737,1704711300.0,17.81,17.82,-0.01,0.00024254,BAR
1738,1704711360.0,17.81,17.82,-0.01,0.00024254,BAR
1739,1704711420.0,17.82,17.82,-0.00,0.00024254,BAR
1740,1704711480.0,17.82,17.82,-0.01,0.00024254,BAR
1741,1704711540.0,17.82,17.82,-0.01,0.00024254,BAR
1742,1704711600.0,17.82,17.82,-0.00,0.00024254,BAR
1743,1704711660.0,17.82,17.82,-0.00,0.00024254,BAR
1744,1704711720.0,17.82,17.82,-0.00,0.00024254,BAR
1745,1704711780.0,17.82,17.82,-0.00,0.00024254,BAR
1746,1704711840.0,17.82,17.82,0.00,0.00024254,BAR
1747,1704711900.0,17.83,17.82,0.01,0.00024254,BAR
1748,1704711960.0,17.83,17.82,0.01,0.00024254,BAR
1749,1704712020.0,17.83,17.82,0.01,0.00024254,BAR
1750,1704712080.0,17.83,17.82,0.01,0.00024254,BAR
1751,1704712140.0,17.83,17.82,0.01,0.00024254,BAR
1752,1704712200.0,17.83,17.82,0.01,0.00024254,BAR
1753,1704712260.0,17.84,17.82,0.02,0.00024254,BAR
1754,1704712320.0,17.84,17.82,0.02,0.00024254,BAR
1755,1704712380.0,17.84,17.82,0.01,0.00024254,BAR
1756,1704712440.0,17.84,17.82,0.02,0.00024254,BAR
1757,1704712500.0,17.82,17.82,0.00,0.00024254,BAR
1758,1704712560.0,17.82,17.82,-0.00,0.00024254,BAR
1759,1704712620.0,17.82,17.82,-0.00,0.00024254,BAR
1760,1704712680.0,17.79,17.82,-0.03,0.00024254,BAR
1761,1704712740.0,17.80,17.82,-0.02,0.00024254,BAR
1762,1704712800.0,17.82,17.82,-0.01,0.00024254,BAR
1763,1704712860.0,17.81,17.82,-0.01,0.00024254,BAR
1764,1704712920.0,17.82,17.82,0.00,0.00024254,BAR
1765,1704712980.0,17.83,17.82,0.01,0.00024254,BAR
1766,1704713040.0,17.83,17.82,0.00,0.00024254,BAR
1767,1704713100.0,17.83,17.82,0.01,0.00024254,BAR
1768,1704713160.0,17.83,17.82,0.01,0.00024254,BAR
1769,1704713220.0,17.83,17.82,0.01,0.00024254,BAR
1770,1704713280.0,17.84,17.82,0.02,0.00024254,BAR
1771,1704713340.0,17.84,17.82,0.02,0.00024254,BAR
1772,1704713400.0,17.84,17.82,0.02,0.00024254,BAR
1773,1704713460.0,17.85,17.82,0.03,0.00024254,BAR
1774,1704713520.0,17.84,17.82,0.02,0.00024254,BAR
1775,1704713580.0,17.84,17.82,0.02,0.00024254,BAR
1776,1704713640.0,17.84,17.82,0.02,0.00024254,BAR
1777,1704713700.0,17.84,17.82,0.02,0.00024254,BAR
1778,1704713760.0,17.85,17.82,0.03,0.00024254,BAR
1779,1704713820.0,17.85,17.82,0.03,0.00024254,BAR
1780,1704713880.0,17.84,17.82,0.02,0.00024254,BAR
1781,1704713940.0,17.85,17.82,0.03,0.00024254,BAR
1782,1704714000.0,17.85,17.82,0.03,0.00024254,BAR
1783,1704714060.0,17.86,17.82,0.04,0.00024254,BAR
1784,1704714120.0,17.86,17.82,0.04,0.00024254,BAR
1785,1704714180.0,17.86,17.82,0.04,0.00024254,BAR
1786,1704714240.0,17.85,17.82,0.03,0.00024254,BAR
1787,1704714300.0,17.86,17.82,0.04,0.00024254,BAR
1788,1704714360.0,17.86,17.82,0.04,0.00024254,BAR
1789,1704714420.0,17.88,17.82,0.06,0.00024254,BAR
1790,1704714480.0,17.89,17.82,0.06,0.00024254,BAR
1791,1704714540.0,17.89,17.82,0.07,0.00024254,BAR
1792,1704714600.0,17.89,17.82,0.07,0.00024254,BAR
1793,1704714660.0,17.89,17.82,0.07,0.00024254,BAR
1794,1704714720.0,17.89,17.82,0.07,0.00024254,BAR
1795,1704714780.0,17.89,17.82,0.06,0.00024254,BAR
1796,1704714840.0,17.90,17.82,0.08,0.00024254,BAR
1797,1704714900.0,17.94,17.82,0.12,0.00024254,BAR
1798,1704714960.0,17.93,17.82,0.11,0.00024254,BAR
1799,1704715020.0,17.93,17.82,0.11,0.00024254,BAR
1800,1704715080.0,17.94,17.82,0.12,0.00024254,BAR
1801,1704715140.0,17.95,17.82,0.13,0.00024254,BAR
1802,1704715200.0,17.97,17.82,0.15,0.00024254,BAR
1803,1704715260.0,18.00,17.82,0.18,0.00024254,BAR
1804,1704715320.0,18.02,17.82,0.20,0.00024254,BAR
1805,1704715380.0,18.03,17.82,0.21,0.00024254,BAR
1806,1704715440.0,18.03,17.82,0.21,0.00024254,BAR
1807,1704715500.0,18.01,17.82,0.19,0.00024254,BAR
1808,1704715560.0,18.00,17.82,0.17,0.00024254,BAR
1809,1704715620.0,18.01,17.82,0.19,0.00024254,BAR
1810,1704715680.0,18.03,17.82,0.21,0.00024254,BAR
1811,1704715740.0,18.02,17.82,0.20,0.00024254,BAR
1812,1704715800.0,18.02,17.82,0.20,0.00024254,BAR
1813,1704715860.0,18.03,17.82,0.21,0.00024254,BAR
1814,1704715920.0,18.04,17.82,0.22,0.00024254,BAR
1815,1704715980.0,18.06,17.82,0.24,0.00024254,BAR
1816,1704716040.0,18.07,17.82,0.25,0.00024254,BAR
1817,1704716100.0,18.08,17.82,0.26,0.00024254,BAR
1818,1704716160.0,18.03,17.82,0.21,0.00024254,BAR
1819,1704716220.0,18.00,17.82,0.18,0.00024254,BAR
1820,1704716280.0,18.00,17.82,0.18,0.00024254,BAR
1821,1704716340.0,18.00,17.82,0.18,0.00024254,BAR
1822,1704716400.0,17.98,17.82,0.16,0.00024254,BAR
1823,1704716460.0,17.98,17.82,0.16,0.00024254,BAR
1824,1704716520.0,18.00,17.82,0.18,0.00024254,BAR
1825,1704716580.0,17.99,17.82,0.17,0.00024254,BAR
1826,1704716640.0,18.00,17.82,0.18,0.00024254,BAR
1827,1704716700.0,18.00,17.82,0.18,0.00024254,BAR
1828,1704716760.0,18.01,17.82,0.19,0.00024254,BAR
1829,1704716820.0,18.00,17.82,0.18,0.00024254,BAR
1830,1704716880.0,17.96,17.82,0.14,0.00024254,BAR
1831,1704716940.0,17.92,17.82,0.10,0.00024254,BAR
1832,1704717000.0,17.95,17.82,0.13,0.00024254,BAR
1833,1704717060.0,17.97,17.82,0.15,0.00024254,BAR
1834,1704717120.0,17.96,17.82,0.13,0.00024254,BAR
1835,1704717180.0,17.98,17.82,0.15,0.00024254,BAR
1836,1704717240.0,17.98,17.82,0.15,0.00024254,BAR
1837,1704717300.0,17.98,17.82,0.16,0.00024254,BAR
1838,1704717360.0,17.99,17.82,0.17,0.00024254,BAR
1839,1704717420.0,17.98,17.82,0.15,0.00024254,BAR
1840,1704717480.0,17.98,17.82,0.16,0.00024254,BAR
1841,1704717540.0,17.98,17.82,0.16,0.00024254,BAR
1842,1704717600.0,18.00,17.82,0.18,0.00024254,BAR
1843,1704717660.0,18.01,17.82,0.18,0.00024254,BAR
1844,1704717720.0,18.02,17.82,0.19,0.00024254,BAR
1845,1704717780.0,18.02,17.82,0.20,0.00024254,BAR
1846,1704717840.0,18.01,17.82,0.19,0.00024254,BAR
1847,1704717900.0,18.01,17.82,0.19,0.00024254,BAR
1848,1704717960.0,18.02,17.82,0.20,0.00024254,BAR
1849,1704718020.0,18.01,17.82,0.19,0.00024254,BAR
1850,1704718080.0,17.99,17.82,0.17,0.00024254,BAR
1851,1704718140.0,18.01,17.82,0.19,0.00024254,BAR
1852,1704718200.0,18.02,17.82,0.20,0.00024254,BAR
1853,1704718260.0,18.01,17.82,0.19,0.00024254,BAR
1854,1704718320.0,18.02,17.82,0.19,0.00024254,BAR
1855,1704718380.0,18.02,17.82,0.20,0.00024254,BAR
1856,1704718440.0,18.03,17.82,0.20,0.00024254,BAR
1857,1704718500.0,18.03,17.82,0.20,0.00024254,BAR
1858,1704718560.0,18.03,17.82,0.21,0.00024254,BAR
1859,1704718620.0,18.04,17.82,0.22,0.00024254,BAR
1860,1704718680.0,18.06,17.82,0.24,0.00024254,BAR
1861,1704718740.0,18.06,17.82,0.24,0.00024254,BAR
1862,1704718800.0,18.08,17.82,0.26,0.00024254,BAR
1863,1704718860.0,18.05,17.82,0.22,0.00024254,BAR
1864,1704718920.0,18.05,17.82,0.22,0.00024254,BAR
1865,1704718980.0,18.05,17.82,0.22,0.00024254,BAR
1866,1704719040.0,18.03,17.82,0.21,0.00024254,BAR
1867,1704719100.0,18.04,17.82,0.22,0.00024254,BAR
1868,1704719160.0,18.04,17.82,0.22,0.00024254,BAR
1869,1704719220.0,18.03,17.82,0.21,0.00024254,BAR
1870,1704719280.0,18.04,17.82,0.21,0.00024254,BAR
1871,1704719340.0,18.04,17.82,0.22,0.00024254,BAR
1872,1704719400.0,18.05,17.82,0.22,0.00024254,BAR
1873,1704719460.0,18.04,17.82,0.22,0.00024254,BAR
1874,1704719520.0,18.05,17.82,0.23,0.00024254,BAR
1875,1704719580.0,18.05,17.82,0.23,0.00024254,BAR
1876,1704719640.0,18.05,17.82,0.23,0.00024254,BAR
1877,1704719700.0,18.06,17.82,0.24,0.00024254,BAR
1878,1704719760.0,18.06,17.82,0.24,0.00024254,BAR
1879,1704719820.0,18.04,17.82,0.22,0.00024254,BAR
1880,1704719880.0,18.03,17.82,0.21,0.00024254,BAR
1881,1704719940.0,18.03,17.82,0.21,0.00024254,BAR
1882,1704720000.0,18.03,17.82,0.21,0.00024254,BAR
1883,1704720060.0,18.03,17.82,0.21,0.00024254,BAR
1884,1704720120.0,18.03,17.82,0.21,0.00024254,BAR
1885,1704720180.0,18.05,17.82,0.23,0.00024254,BAR
1886,1704720240.0,18.05,17.82,0.22,0.00024254,BAR
1887,1704720300.0,18.05,17.82,0.23,0.00024254,BAR
1888,1704720360.0,18.06,17.82,0.24,0.00024254,BAR
1889,1704720420.0,18.06,17.82,0.24,0.00024254,BAR
1890,1704720480.0,18.06,17.82,0.24,0.00024254,BAR
1891,1704720540.0,18.06,17.82,0.24,0.00024254,BAR
1892,1704720600.0,18.05,17.82,0.23,0.00024254,BAR
1893,1704720660.0,18.05,17.82,0.23,0.00024254,BAR
1894,1704720720.0,18.04,17.82,0.22,0.00024254,BAR
1895,1704720780.0,18.04,17.82,0.22,0.00024254,BAR
1896,1704720840.0,18.03,17.82,0.21,0.00024254,BAR
1897,1704720900.0,18.02,17.82,0.20,0.00024254,BAR
1898,1704720960.0,18.02,17.82,0.20,0.00024254,BAR
1899,1704721020.0,18.03,17.82,0.21,0.00024254,BAR
1900,1704721080.0,18.04,17.82,0.22,0.00024254,BAR
1901,1704721140.0,18.03,17.82,0.21,0.00024254,BAR
1902,1704721200.0,18.04,17.82,0.21,0.00024254,BAR
1903,1704721260.0,18.04,17.82,0.22,0.00024254,BAR
1904,1704721320.0,18.04,17.82,0.22,0.00024254,BAR
1905,1704721380.0,18.04,17.82,0.22,0.00024254,BAR
1906,1704721440.0,18.04,17.82,0.21,0.00024254,BAR
1907,1704721500.0,18.03,17.82,0.21,0.00024254,BAR
1908,1704721560.0,18.02,17.82,0.20,0.00024254,BAR
1909,1704721620.0,18.02,17.82,0.20,0.00024254,BAR
1910,1704721680.0,18.00,17.82,0.18,0.00024254,BAR
1911,1704721740.0,18.00,17.82,0.18,0.00024254,BAR
1912,1704721800.0,18.01,17.82,0.19,0.00024254,BAR
1913,1704721860.0,18.00,17.82,0.18,0.00024254,BAR
1914,1704721920.0,18.02,17.82,0.19,0.00024254,BAR
1915,1704721980.0,18.02,17.82,0.19,0.00024254,BAR
1916,1704722040.0,18.01,17.82,0.19,0.00024254,BAR
1917,1704722100.0,18.02,17.82,0.20,0.00024254,BAR
1918,1704722160.0,18.02,17.82,0.19,0.00024254,BAR
1919,1704722220.0,18.02,17.82,0.20,0.00024254,BAR
1920,1704722280.0,18.02,17.82,0.20,0.00024254,BAR
1921,1704722340.0,18.02,17.82,0.19,0.00024254,BAR
1922,1704722400.0,18.02,17.82,0.20,0.00024254,BAR
1923,1704722460.0,18.03,17.82,0.20,0.00024254,BAR
1924,1704722520.0,18.01,17.82,0.19,0.00024254,BAR
1925,1704722580.0,18.01,17.82,0.19,0.00024254,BAR
1926,1704722640.0,18.01,17.82,0.19,0.00024254,BAR
1927,1704722700.0,18.02,17.82,0.20,0.00024254,BAR
1928,1704722760.0,18.01,17.82,0.19,0.00024254,BAR
1929,1704722820.0,18.00,17.82,0.18,0.00024254,BAR
1930,1704722880.0,18.00,17.82,0.18,0.00024254,BAR
1931,1704722940.0,18.00,17.82,0.18,0.00024254,BAR
1932,1704723000.0,18.01,17.82,0.19,0.00024254,BAR
1933,1704723060.0,18.02,17.82,0.20,0.00024254,BAR
1934,1704723120.0,18.03,17.82,0.20,0.00024254,BAR
1935,1704723180.0,18.03,17.82,0.21,0.00024254,BAR
1936,1704723240.0,18.03,17.82,0.21,0.00024254,BAR
1937,1704723300.0,18.04,17.82,0.21,0.00024254,BAR
1938,1704723360.0,18.04,17.82,0.21,0.00024254,BAR
1939,1704723420.0,18.03,17.82,0.21,0.00024254,BAR
1940,1704723480.0,18.03,17.82,0.21,0.00024254,BAR
1941,1704723540.0,18.02,17.82,0.20,0.00024254,BAR
1942,1704723600.0,18.03,17.82,0.21,0.00024254,BAR
1943,1704723660.0,18.03,17.82,0.20,0.00024254,BAR
1944,1704723720.0,18.03,17.82,0.20,0.00024254,BAR
1945,1704723780.0,18.03,17.82,0.21,0.00024254,BAR
1946,1704723840.0,18.04,17.82,0.21,0.00024254,BAR
1947,1704723900.0,18.03,17.82,0.21,0.00024254,BAR
1948,1704723960.0,18.03,17.82,0.21,0.00024254,BAR
1949,1704724020.0,18.04,17.82,0.22,0.00024254,BAR
1950,1704724080.0,18.04,17.82,0.22,0.00024254,BAR
1951,1704724140.0,18.03,17.82,0.21,0.00024254,BAR
1952,1704724200.0,18.04,17.82,0.22,0.00024254,BAR
1953,1704724260.0,18.05,17.82,0.23,0.00024254,BAR
1954,1704724320.0,18.06,17.82,0.23,0.00024254,BAR
1955,1704724380.0,18.05,17.82,0.23,0.00024254,BAR
1956,1704724440.0,18.05,17.82,0.22,0.00024254,BAR
1957,1704724500.0,18.05,17.82,0.23,0.00024254,BAR
1958,1704724560.0,18.05,17.82,0.23,0.00024254,BAR
1959,1704724620.0,18.04,17.82,0.22,0.00024254,BAR
1960,1704724680.0,18.03,17.82,0.21,0.00024254,BAR
1961,1704724740.0,18.04,17.82,0.21,0.00024254,BAR
1962,1704724800.0,18.03,17.82,0.21,0.00024254,BAR
1963,1704724860.0,18.04,17.82,0.22,0.00024254,BAR
1964,1704724920.0,18.04,17.82,0.22,0.00024254,BAR
1965,1704724980.0,18.04,17.82,0.22,0.00024254,BAR
1966,1704725040.0,18.05,17.82,0.23,0.00024254,BAR
1967,1704725100.0,18.05,17.82,0.23,0.00024254,BAR
1968,1704725160.0,18.05,17.82,0.23,0.00024254,BAR
1969,1704725220.0,18.04,17.82,0.22,0.00024254,BAR
1970,1704725280.0,18.03,17.82,0.20,0.00024254,BAR
1971,1704725340.0,18.01,17.82,0.19,0.00024254,BAR
1972,1704725400.0,18.03,17.82,0.20,0.00024254,BAR
1973,1704725460.0,18.02,17.82,0.20,0.00024254,BAR
1974,1704725520.0,18.02,17.82,0.20,0.00024254,BAR
1975,1704725580.0,18.01,17.82,0.19,0.00024254,BAR
1976,1704725640.0,18.00,17.82,0.18,0.00024254,BAR
1977,1704725700.0,17.99,17.82,0.16,0.00024254,BAR
1978,1704725760.0,17.98,17.82,0.16,0.00024254,BAR
1979,1704725820.0,17.99,17.82,0.17,0.00024254,BAR
1980,1704725880.0,17.99,17.82,0.17,0.00024254,BAR
1981,1704725940.0,17.98,17.82,0.16,0.00024254,BAR
1982,1704726000.0,17.99,17.82,0.16,0.00024254,BAR
1983,1704726060.0,17.99,17.82,0.16,0.00024254,BAR
1984,1704726120.0,17.97,17.82,0.15,0.00024254,BAR
1985,1704726180.0,17.96,17.82,0.14,0.00024254,BAR
1986,1704726240.0,17.96,17.82,0.14,0.00024254,BAR
1987,1704726300.0,17.98,17.82,0.15,0.00024254,BAR
1988,1704726360.0,17.97,17.82,0.15,0.00024254,BAR
1989,1704726420.0,17.99,17.82,0.17,0.00024254,BAR
1990,1704726480.0,17.98,17.82,0.16,0.00024254,BAR
1991,1704726540.0,17.99,17.82,0.17,0.00024254,BAR
1992,1704726600.0,18.00,17.82,0.18,0.00024254,BAR
1993,1704726660.0,18.00,17.82,0.18,0.00024254,BAR
1994,1704726720.0,18.00,17.82,0.18,0.00024254,BAR
1995,1704726780.0,17.99,17.82,0.17,0.00024254,BAR
1996,1704726840.0,17.99,17.82,0.17,0.00024254,BAR
1997,1704726900.0,17.99,17.82,0.17,0.00024254,BAR
1998,1704726960.0,17.99,17.82,0.17,0.00024254,BAR
1999,1704727020.0,18.00,17.82,0.18,0.00024254,BAR
2000,1704727080.0,18.00,17.82,0.18,0.00024254,BAR
2001,1704727140.0,17.99,17.82,0.16,0.00024254,BAR
2002,1704727200.0,17.98,17.82,0.16,0.00024254,BAR
2003,1704727260.0,17.98,17.82,0.16,0.00024254,BAR
2004,1704727320.0,17.99,17.82,0.17,0.00024254,BAR
2005,1704727380.0,17.99,17.82,0.17,0.00024254,BAR
2006,1704727440.0,17.99,17.82,0.17,0.00024254,BAR
2007,1704727500.0,17.98,17.82,0.16,0.00024254,BAR
2008,1704727560.0,17.98,17.82,0.16,0.00024254,BAR
2009,1704727620.0,17.99,17.82,0.17,0.00024254,BAR
2010,1704727680.0,17.99,17.82,0.17,0.00024254,BAR
2011,1704727740.0,17.98,17.82,0.16,0.00024254,BAR
2012,1704727800.0,17.98,17.82,0.16,0.00024254,BAR
2013,1704727860.0,18.00,17.82,0.18,0.00024254,BAR
2014,1704727920.0,18.01,17.82,0.19,0.00024254,BAR
2015,1704727980.0,18.01,17.82,0.19,0.00024254,BAR
2016,1704728040.0,18.02,17.82,0.20,0.00024254,BAR
2017,1704728100.0,18.02,17.82,0.20,0.00024254,BAR
2018,1704728160.0,18.00,17.82,0.18,0.00024254,BAR
2019,1704728220.0,18.00,17.82,0.18,0.00024254,BAR
2020,1704728280.0,18.00,17.82,0.18,0.00024254,BAR
2021,1704728340.0,18.00,17.82,0.18,0.00024254,BAR
2022,1704728400.0,18.01,17.82,0.19,0.00024254,BAR
2023,1704728460.0,18.07,17.82,0.25,0.00024254,BAR
2024,1704728520.0,18.07,17.82,0.25,0.00024254,BAR
2025,1704728580.0,18.04,17.82,0.21,0.00024254,BAR
2026,1704728640.0,18.03,17.82,0.21,0.00024254,BAR
2027,1704728700.0,18.04,17.82,0.22,0.00024254,BAR
2028,1704728760.0,18.02,17.82,0.20,0.00024254,BAR
2029,1704728820.0,18.02,17.82,0.20,0.00024254,BAR
2030,1704728880.0,18.03,17.82,0.20,0.00024254,BAR
2031,1704728940.0,18.02,17.82,0.20,0.00024254,BAR
2032,1704729000.0,18.02,17.82,0.19,0.00024254,BAR
2033,1704729060.0,18.03,17.82,0.21,0.00024254,BAR
2034,1704729120.0,18.05,17.82,0.22,0.00024254,BAR
2035,1704729180.0,18.04,17.82,0.22,0.00024254,BAR
2036,1704729240.0,18.02,17.82,0.20,0.00024254,BAR
2037,1704729300.0,18.02,17.82,0.20,0.00024254,BAR
2038,1704729360.0,18.03,17.82,0.20,0.00024254,BAR
2039,1704729420.0,18.03,17.82,0.21,0.00024254,BAR
2040,1704729480.0,18.04,17.82,0.22,0.00024254,BAR
2041,1704729540.0,18.03,17.82,0.21,0.00024254,BAR
2042,1704729600.0,18.05,17.82,0.22,0.00024254,BAR
2043,1704729660.0,18.04,17.82,0.21,0.00024254,BAR
2044,1704729720.0,18.05,17.82,0.22,0.00024254,BAR
2045,1704729780.0,18.05,17.82,0.23,0.00024254,BAR
2046,1704729840.0,18.05,17.82,0.23,0.00024254,BAR
2047,1704729900.0,18.07,17.82,0.25,0.00024254,BAR
2048,1704729960.0,18.06,17.82,0.24,0.00024254,BAR
2049,1704730020.0,18.05,17.82,0.23,0.00024254,BAR
2050,1704730080.0,18.05,17.82,0.23,0.00024254,BAR
2051,1704730140.0,18.04,17.82,0.22,0.00024254,BAR
2052,1704730200.0,18.03,17.82,0.21,0.00024254,BAR
2053,1704730260.0,18.04,17.82,0.22,0.00024254,BAR
2054,1704730320.0,18.04,17.82,0.22,0.00024254,BAR
2055,1704730380.0,18.04,17.82,0.22,0.00024254,BAR
2056,1704730440.0,18.04,17.82,0.21,0.00024254,BAR
2057,1704730500.0,18.03,17.82,0.21,0.00024254,BAR
2058,1704730560.0,18.02,17.82,0.20,0.00024254,BAR
2059,1704730620.0,18.03,17.82,0.21,0.00024254,BAR
2060,1704730680.0,18.03,17.82,0.21,0.00024254,BAR
2061,1704730740.0,18.03,17.82,0.21,0.00024254,BAR
2062,1704730800.0,18.05,17.82,0.22,0.00024254,BAR
2063,1704730860.0,18.04,17.82,0.22,0.00024254,BAR
2064,1704730920.0,18.04,17.82,0.21,0.00024254,BAR
2065,1704730980.0,18.04,17.82,0.22,0.00024254,BAR
2066,1704731040.0,18.04,17.82,0.21,0.00024254,BAR
2067,1704731100.0,18.04,17.82,0.22,0.00024254,BAR
2068,1704731160.0,18.04,17.82,0.22,0.00024254,BAR
2069,1704731220.0,18.04,17.82,0.21,0.00024254,BAR
2070,1704731280.0,18.04,17.82,0.22,0.00024254,BAR
2071,1704731340.0,18.04,17.82,0.22,0.00024254,BAR
2072,1704731400.0,18.05,17.82,0.23,0.00024254,BAR
2073,1704731460.0,18.05,17.82,0.23,0.00024254,BAR
2074,1704731520.0,18.03,17.82,0.20,0.00024254,BAR
2075,1704731580.0,18.02,17.82,0.20,0.00024254,BAR
2076,1704731640.0,18.02,17.82,0.20,0.00024254,BAR
2077,1704731700.0,18.02,17.82,0.20,0.00024254,BAR
2078,1704731760.0,18.01,17.82,0.19,0.00024254,BAR
2079,1704731820.0,18.02,17.82,0.20,0.00024254,BAR
2080,1704731880.0,18.02,17.82,0.19,0.00024254,BAR
2081,1704731940.0,18.00,17.82,0.18,0.00024254,BAR
2082,1704732000.0,18.01,17.82,0.19,0.00024254,BAR
2083,1704732060.0,18.02,17.82,0.20,0.00024254,BAR
2084,1704732120.0,18.02,17.82,0.20,0.00024254,BAR
2085,1704732180.0,18.02,17.82,0.20,0.00024254,BAR
2086,1704732240.0,18.02,17.82,0.20,0.00024254,BAR
2087,1704732300.0,18.02,17.82,0.20,0.00024254,BAR
2088,1704732360.0,18.00,17.82,0.18,0.00024254,BAR
2089,1704732420.0,18.00,17.82,0.18,0.00024254,BAR
2090,1704732480.0,18.00,17.82,0.18,0.00024254,BAR
2091,1704732540.0,18.00,17.82,0.18,0.00024254,BAR
2092,1704732600.0,18.01,17.82,0.19,0.00024254,BAR
2093,1704732660.0,18.01,17.82,0.19,0.00024254,BAR
2094,1704732720.0,18.02,17.82,0.19,0.00024254,BAR
2095,1704732780.0,18.02,17.82,0.20,0.00024254,BAR
2096,1704732840.0,18.02,17.82,0.20,0.00024254,BAR
2097,1704732900.0,18.02,17.82,0.20,0.00024254,BAR
2098,1704732960.0,18.02,17.82,0.20,0.00024254,BAR
2099,1704733020.0,18.02,17.82,0.20,0.00024254,BAR
2100,1704733080.0,18.02,17.82,0.20,0.00024254,BAR
2101,1704733140.0,18.02,17.82,0.20,0.00024254,BAR
2102,1704733200.0,18.02,17.82,0.20,0.00024254,BAR
2103,1704733260.0,18.03,17.82,0.20,0.00024254,BAR
2104,1704733320.0,18.03,17.82,0.21,0.00024254,BAR
2105,1704733380.0,18.04,17.82,0.21,0.00024254,BAR
2106,1704733440.0,18.04,17.82,0.22,0.00024254,BAR
2107,1704733500.0,18.03,17.82,0.21,0.00024254,BAR
2108,1704733560.0,18.04,17.82,0.21,0.00024254,BAR
2109,1704733620.0,18.03,17.82,0.21,0.00024254,BAR
2110,1704733680.0,18.04,17.82,0.21,0.00024254,BAR
2111,1704733740.0,18.04,17.82,0.22,0.00024254,BAR
2112,1704733800.0,18.04,17.82,0.22,0.00024254,BAR
2113,1704733860.0,18.04,17.82,0.22,0.00024254,BAR
2114,1704733920.0,18.05,17.82,0.23,0.00024254,BAR
2115,1704733980.0,18.06,17.82,0.24,0.00024254,BAR
2116,1704734040.0,18.07,17.82,0.25,0.00024254,BAR
2117,1704734100.0,18.06,17.82,0.24,0.00024254,BAR
2118,1704734160.0,18.06,17.82,0.24,0.00024254,BAR
2119,1704734220.0,18.07,17.82,0.25,0.00024254,BAR
2120,1704734280.0,18.07,17.82,0.25,0.00024254,BAR
2121,1704734340.0,18.08,17.82,0.25,0.00024254,BAR
2122,1704734400.0,18.08,17.82,0.26,0.00024254,BAR
2123,1704734460.0,18.09,17.82,0.27,0.00024254,BAR
2124,1704734520.0,18.09,17.82,0.26,0.00024254,BAR
2125,1704734580.0,18.10,17.82,0.28,0.00024254,BAR
2126,1704734640.0,18.10,17.82,0.28,0.00024254,BAR
2127,1704734700.0,18.10,17.82,0.28,0.00024254,BAR
2128,1704734760.0,18.11,17.82,0.29,0.00024254,BAR
2129,1704734820.0,18.09,17.82,0.27,0.00024254,BAR
2130,1704734880.0,18.09,17.82,0.27,0.00024254,BAR
2131,1704734940.0,18.11,17.82,0.29,0.00024254,BAR
2132,1704735000.0,18.12,17.82,0.30,0.00024254,BAR
2133,1704735060.0,18.11,17.82,0.29,0.00024254,BAR
2134,1704735120.0,18.10,17.82,0.28,0.00024254,BAR
2135,1704735180.0,18.10,17.82,0.27,0.00024254,BAR
2136,1704735240.0,18.10,17.82,0.28,0.00024254,BAR
2137,1704735300.0,18.11,17.82,0.29,0.00024254,BAR
2138,1704735360.0,18.12,17.82,0.30,0.00024254,BAR
2139,1704735420.0,18.14,17.82,0.32,0.00024254,BAR
2140,1704735480.0,18.13,17.82,0.31,0.00024254,BAR
2141,1704735540.0,18.12,17.82,0.30,0.00024254,BAR
2142,1704735600.0,18.11,17.82,0.29,0.00024254,BAR
2143,1704735660.0,18.12,17.82,0.30,0.00024254,BAR
2144,1704735720.0,18.13,17.82,0.31,0.00024254,BAR
2145,1704735780.0,18.13,17.82,0.31,0.00024254,BAR
2146,1704735840.0,18.13,17.82,0.31,0.00024254,BAR
2147,1704735900.0,18.13,17.82,0.30,0.00024254,BAR
2148,1704735960.0,18.12,17.82,0.30,0.00024254,BAR
2149,1704736020.0,18.12,17.82,0.30,0.00024254,BAR
2150,1704736080.0,18.14,17.82,0.32,0.00024254,BAR
2151,1704736140.0,18.14,17.82,0.32,0.00024254,BAR
2152,1704736200.0,18.14,17.82,0.32,0.00024254,BAR
2153,1704736260.0,18.14,17.82,0.32,0.00024254,BAR
2154,1704736320.0,18.15,17.82,0.33,0.00024254,BAR
2155,1704736380.0,18.16,17.82,0.34,0.00024254,BAR
2156,1704736440.0,18.15,17.82,0.33,0.00024254,BAR
2157,1704736500.0,18.15,17.82,0.33,0.00024254,BAR
2158,1704736560.0,18.17,17.82,0.34,0.00024254,BAR
2159,1704736620.0,18.17,17.82,0.35,0.00024254,BAR
2160,1704736680.0,18.17,17.82,0.35,0.00024254,BAR
2161,1704736740.0,18.19,17.82,0.37,0.00024254,BAR
2162,1704736800.0,18.21,17.82,0.39,0.00024254,BAR
2163,1704736860.0,18.24,17.82,0.42,0.00024254,BAR
2164,1704736920.0,18.23,17.82,0.41,0.00024254,BAR
2165,1704736980.0,28.94,28.94,0.00,0.00000000,BAR
2166,1704737040.0,28.94,28.94,0.00,0.00000000,BAR
2167,1704737100.0,28.94,28.94,0.00,0.00000000,BAR
2168,1704737160.0,28.94,28.94,0.00,0.00000000,BAR
2169,1704737220.0,28.94,28.94,0.00,0.00000000,BAR
2170,1704737280.0,18.08,18.08,0.00,0.00023662,POST_TRADE
2171,1704737280.0,18.08,18.08,0.00,0.00023662,BAR
2172,1704737340.0,18.07,18.08,-0.00,0.00023662,BAR
2173,1704737400.0,18.08,18.08,0.01,0.00023662,BAR
2174,1704737460.0,18.09,18.08,0.01,0.00023662,BAR
2175,1704737520.0,18.10,18.08,0.02,0.00023662,BAR
2176,1704737580.0,18.09,18.08,0.01,0.00023662,BAR
2177,1704737640.0,18.08,18.08,0.01,0.00023662,BAR
2178,1704737700.0,18.09,18.08,0.01,0.00023662,BAR
2179,1704737760.0,18.08,18.08,0.00,0.00023662,BAR
2180,1704737820.0,18.08,18.08,0.00,0.00023662,BAR
2181,1704737880.0,18.08,18.08,0.00,0.00023662,BAR
2182,1704737940.0,18.08,18.08,0.01,0.00023662,BAR
2183,1704738000.0,18.09,18.08,0.01,0.00023662,BAR
2184,1704738060.0,18.07,18.08,-0.00,0.00023662,BAR
2185,1704738120.0,18.08,18.08,0.01,0.00023662,BAR
2186,1704738180.0,18.11,18.08,0.04,0.00023662,BAR
2187,1704738240.0,18.12,18.08,0.04,0.00023662,BAR
2188,1704738300.0,18.11,18.08,0.03,0.00023662,BAR
2189,1704738360.0,18.09,18.08,0.01,0.00023662,BAR
2190,1704738420.0,18.10,18.08,0.02,0.00023662,BAR
2191,1704738480.0,18.11,18.08,0.03,0.00023662,BAR
2192,1704738540.0,18.11,18.08,0.03,0.00023662,BAR
2193,1704738600.0,18.12,18.08,0.04,0.00023662,BAR
2194,1704738660.0,18.12,18.08,0.05,0.00023662,BAR
2195,1704738720.0,18.13,18.08,0.06,0.00023662,BAR
2196,1704738780.0,18.13,18.08,0.06,0.00023662,BAR
2197,1704738840.0,18.14,18.08,0.06,0.00023662,BAR
2198,1704738900.0,18.15,18.08,0.08,0.00023662,BAR
2199,1704738960.0,18.20,18.08,0.13,0.00023662,BAR
2200,1704739020.0,18.19,18.08,0.11,0.00023662,BAR
2201,1704739080.0,18.25,18.08,0.18,0.00023662,BAR
2202,1704739140.0,18.26,18.08,0.18,0.00023662,BAR
2203,1704739200.0,18.23,18.08,0.16,0.00023662,BAR
2204,1704739260.0,18.23,18.08,0.15,0.00023662,BAR
2205,1704739320.0,18.24,18.08,0.17,0.00023662,BAR
2206,1704739380.0,18.27,18.08,0.19,0.00023662,BAR
2207,1704739440.0,18.33,18.08,0.25,0.00023662,BAR
2208,1704739500.0,18.29,18.08,0.21,0.00023662,BAR
2209,1704739560.0,18.28,18.08,0.20,0.00023662,BAR
2210,1704739620.0,18.30,18.08,0.22,0.00023662,BAR
2211,1704739680.0,18.31,18.08,0.23,0.00023662,BAR
2212,1704739740.0,18.32,18.08,0.24,0.00023662,BAR
2213,1704739800.0,18.29,18.08,0.21,0.00023662,BAR
2214,1704739860.0,18.30,18.08,0.22,0.00023662,BAR
2215,1704739920.0,18.26,18.08,0.19,0.00023662,BAR
2216,1704739980.0,18.28,18.08,0.21,0.00023662,BAR
2217,1704740040.0,18.28,18.08,0.20,0.00023662,BAR
2218,1704740100.0,18.30,18.08,0.22,0.00023662,BAR
2219,1704740160.0,18.31,18.08,0.23,0.00023662,BAR
2220,1704740220.0,18.32,18.08,0.24,0.00023662,BAR
2221,1704740280.0,18.32,18.08,0.25,0.00023662,BAR
2222,1704740340.0,18.34,18.08,0.26,0.00023662,BAR
2223,1704740400.0,18.31,18.08,0.24,0.00023662,BAR
2224,1704740460.0,18.33,18.08,0.25,0.00023662,BAR
2225,1704740520.0,18.31,18.08,0.24,0.00023662,BAR
2226,1704740580.0,18.32,18.08,0.24,0.00023662,BAR
2227,1704740640.0,18.31,18.08,0.24,0.00023662,BAR
2228,1704740700.0,18.33,18.08,0.25,0.00023662,BAR
2229,1704740760.0,18.32,18.08,0.24,0.00023662,BAR
2230,1704740820.0,18.30,18.08,0.22,0.00023662,BAR
2231,1704740880.0,18.31,18.08,0.23,0.00023662,BAR
2232,1704740940.0,18.32,18.08,0.24,0.00023662,BAR
2233,1704741000.0,18.33,18.08,0.26,0.00023662,BAR
2234,1704741060.0,18.37,18.08,0.29,0.00023662,BAR
2235,1704741120.0,18.37,18.08,0.30,0.00023662,BAR
2236,1704741180.0,18.37,18.08,0.29,0.00023662,BAR
2237,1704741240.0,18.37,18.08,0.30,0.00023662,BAR
2238,1704741300.0,18.36,18.08,0.28,0.00023662,BAR
2239,1704741360.0,18.35,18.08,0.28,0.00023662,BAR
2240,1704741420.0,18.32,18.08,0.24,0.00023662,BAR
2241,1704741480.0,18.32,18.08,0.25,0.00023662,BAR
2242,1704741540.0,18.34,18.08,0.27,0.00023662,BAR
2243,1704741600.0,18.33,18.08,0.26,0.00023662,BAR
2244,1704741660.0,18.33,18.08,0.25,0.00023662,BAR
2245,1704741720.0,18.32,18.08,0.24,0.00023662,BAR
2246,1704741780.0,18.31,18.08,0.24,0.00023662,BAR
2247,1704741840.0,18.32,18.08,0.25,0.00023662,BAR
2248,1704741900.0,18.32,18.08,0.24,0.00023662,BAR
2249,1704741960.0,18.31,18.08,0.23,0.00023662,BAR
2250,1704742020.0,18.28,18.08,0.21,0.00023662,BAR
2251,1704742080.0,18.26,18.08,0.18,0.00023662,BAR
2252,1704742140.0,18.27,18.08,0.19,0.00023662,BAR
2253,1704742200.0,18.30,18.08,0.22,0.00023662,BAR
2254,1704742260.0,18.29,18.08,0.22,0.00023662,BAR
2255,1704742320.0,18.30,18.08,0.23,0.00023662,BAR
2256,1704742380.0,18.29,18.08,0.22,0.00023662,BAR
2257,1704742440.0,18.31,18.08,0.23,0.00023662,BAR
2258,1704742500.0,18.30,18.08,0.23,0.00023662,BAR
2259,1704742560.0,18.29,18.08,0.22,0.00023662,BAR
2260,1704742620.0,18.30,18.08,0.23,0.00023662,BAR
2261,1704742680.0,18.30,18.08,0.22,0.00023662,BAR
2262,1704742740.0,18.28,18.08,0.20,0.00023662,BAR
2263,1704742800.0,18.28,18.08,0.20,0.00023662,BAR
2264,1704742860.0,18.28,18.08,0.20,0.00023662,BAR
2265,1704742920.0,18.29,18.08,0.22,0.00023662,BAR
2266,1704742980.0,18.30,18.08,0.22,0.00023662,BAR
2267,1704743040.0,18.30,18.08,0.22,0.00023662,BAR
2268,1704743100.0,18.31,18.08,0.23,0.00023662,BAR
2269,1704743160.0,18.31,18.08,0.24,0.00023662,BAR
2270,1704743220.0,18.32,18.08,0.24,0.00023662,BAR
2271,1704743280.0,18.32,18.08,0.25,0.00023662,BAR
2272,1704743340.0,18.32,18.08,0.24,0.00023662,BAR
2273,1704743400.0,18.31,18.08,0.24,0.00023662,BAR
2274,1704743460.0,18.32,18.08,0.24,0.00023662,BAR
2275,1704743520.0,18.32,18.08,0.24,0.00023662,BAR
2276,1704743580.0,18.33,18.08,0.25,0.00023662,BAR
2277,1704743640.0,18.34,18.08,0.27,0.00023662,BAR
2278,1704743700.0,18.35,18.08,0.27,0.00023662,BAR
2279,1704743760.0,18.35,18.08,0.27,0.00023662,BAR
2280,1704743820.0,18.33,18.08,0.26,0.00023662,BAR
2281,1704743880.0,18.34,18.08,0.27,0.00023662,BAR
2282,1704743940.0,18.34,18.08,0.26,0.00023662,BAR
2283,1704744000.0,18.34,18.08,0.27,0.00023662,BAR
2284,1704744060.0,18.33,18.08,0.25,0.00023662,BAR
2285,1704744120.0,18.34,18.08,0.26,0.00023662,BAR
2286,1704744180.0,18.35,18.08,0.27,0.00023662,BAR
2287,1704744240.0,18.34,18.08,0.27,0.00023662,BAR
2288,1704744300.0,18.33,18.08,0.26,0.00023662,BAR
2289,1704744360.0,18.32,18.08,0.24,0.00023662,BAR
2290,1704744420.0,18.31,18.08,0.24,0.00023662,BAR
2291,1704744480.0,18.30,18.08,0.22,0.00023662,BAR
2292,1704744540.0,18.31,18.08,0.23,0.00023662,BAR
2293,1704744600.0,18.33,18.08,0.25,0.00023662,BAR
2294,1704744660.0,18.34,18.08,0.26,0.00023662,BAR
2295,1704744720.0,18.32,18.08,0.25,0.00023662,BAR
2296,1704744780.0,18.33,18.08,0.25,0.00023662,BAR
2297,1704744840.0,18.34,18.08,0.26,0.00023662,BAR
2298,1704744900.0,18.33,18.08,0.25,0.00023662,BAR
2299,1704744960.0,18.32,18.08,0.25,0.00023662,BAR
2300,1704745020.0,18.32,18.08,0.24,0.00023662,BAR
2301,1704745080.0,18.33,18.08,0.25,0.00023662,BAR
2302,1704745140.0,18.33,18.08,0.25,0.00023662,BAR
2303,1704745200.0,18.30,18.08,0.23,0.00023662,BAR
2304,1704745260.0,18.31,18.08,0.24,0.00023662,BAR
2305,1704745320.0,18.31,18.08,0.24,0.00023662,BAR
2306,1704745380.0,18.32,18.08,0.25,0.00023662,BAR
2307,1704745440.0,18.31,18.08,0.24,0.00023662,BAR
2308,1704745500.0,18.32,18.08,0.25,0.00023662,BAR
2309,1704745560.0,18.33,18.08,0.26,0.00023662,BAR
2310,1704745620.0,18.33,18.08,0.25,0.00023662,BAR
2311,1704745680.0,18.33,18.08,0.26,0.00023662,BAR
2312,1704745740.0,18.33,18.08,0.26,0.00023662,BAR
2313,1704745800.0,18.34,18.08,0.27,0.00023662,BAR
2314,1704745860.0,18.34,18.08,0.26,0.00023662,BAR
2315,1704745920.0,18.34,18.08,0.26,0.00023662,BAR
2316,1704745980.0,18.34,18.08,0.27,0.00023662,BAR
2317,1704746040.0,18.35,18.08,0.27,0.00023662,BAR
2318,1704746100.0,18.36,18.08,0.28,0.00023662,BAR
2319,1704746160.0,18.38,18.08,0.30,0.00023662,BAR
2320,1704746220.0,18.37,18.08,0.29,0.00023662,BAR
2321,1704746280.0,18.37,18.08,0.29,0.00023662,BAR
2322,1704746340.0,18.36,18.08,0.29,0.00023662,BAR
2323,1704746400.0,18.35,18.08,0.28,0.00023662,BAR
2324,1704746460.0,18.34,18.08,0.26,0.00023662,BAR
2325,1704746520.0,18.32,18.08,0.24,0.00023662,BAR
2326,1704746580.0,18.31,18.08,0.23,0.00023662,BAR
2327,1704746640.0,18.32,18.08,0.24,0.00023662,BAR
2328,1704746700.0,18.33,18.08,0.25,0.00023662,BAR
2329,1704746760.0,18.31,18.08,0.24,0.00023662,BAR
2330,1704746820.0,18.30,18.08,0.22,0.00023662,BAR
2331,1704746880.0,18.29,18.08,0.21,0.00023662,BAR
2332,1704746940.0,18.29,18.08,0.22,0.00023662,BAR
2333,1704747000.0,18.30,18.08,0.22,0.00023662,BAR
2334,1704747060.0,18.31,18.08,0.23,0.00023662,BAR
2335,1704747120.0,18.31,18.08,0.24,0.00023662,BAR
2336,1704747180.0,18.32,18.08,0.24,0.00023662,BAR
2337,1704747240.0,18.32,18.08,0.24,0.00023662,BAR
2338,1704747300.0,18.31,18.08,0.23,0.00023662,BAR
2339,1704747360.0,18.30,18.08,0.22,0.00023662,BAR
2340,1704747420.0,18.30,18.08,0.22,0.00023662,BAR
2341,1704747480.0,18.30,18.08,0.22,0.00023662,BAR
2342,1704747540.0,18.29,18.08,0.22,0.00023662,BAR
2343,1704747600.0,18.28,18.08,0.21,0.00023662,BAR
2344,1704747660.0,18.27,18.08,0.19,0.00023662,BAR
2345,1704747720.0,18.30,18.08,0.22,0.00023662,BAR
2346,1704747780.0,18.29,18.08,0.21,0.00023662,BAR
2347,1704747840.0,18.28,18.08,0.21,0.00023662,BAR
2348,1704747900.0,18.27,18.08,0.20,0.00023662,BAR
2349,1704747960.0,18.29,18.08,0.21,0.00023662,BAR
2350,1704748020.0,18.31,18.08,0.24,0.00023662,BAR
2351,1704748080.0,18.33,18.08,0.25,0.00023662,BAR
2352,1704748140.0,18.32,18.08,0.24,0.00023662,BAR
2353,1704748200.0,18.32,18.08,0.25,0.00023662,BAR
2354,1704748260.0,18.32,18.08,0.25,0.00023662,BAR
2355,1704748320.0,18.32,18.08,0.25,0.00023662,BAR
2356,1704748380.0,18.32,18.08,0.24,0.00023662,BAR
2357,1704748440.0,18.31,18.08,0.24,0.00023662,BAR
2358,1704748500.0,18.32,18.08,0.25,0.00023662,BAR
2359,1704748560.0,18.33,18.08,0.25,0.00023662,BAR
2360,1704748620.0,18.33,18.08,0.25,0.00023662,BAR
2361,1704748680.0,18.32,18.08,0.24,0.00023662,BAR
2362,1704748740.0,18.32,18.08,0.24,0.00023662,BAR
2363,1704748800.0,18.31,18.08,0.24,0.00023662,BAR
2364,1704748860.0,18.32,18.08,0.25,0.00023662,BAR
2365,1704748920.0,18.32,18.08,0.25,0.00023662,BAR
2366,1704748980.0,18.32,18.08,0.24,0.00023662,BAR
2367,1704749040.0,18.32,18.08,0.24,0.00023662,BAR
2368,1704749100.0,18.32,18.08,0.24,0.00023662,BAR
2369,1704749160.0,18.31,18.08,0.24,0.00023662,BAR
2370,1704749220.0,18.31,18.08,0.24,0.00023662,BAR
2371,1704749280.0,18.31,18.08,0.24,0.00023662,BAR
2372,1704749340.0,18.31,18.08,0.24,0.00023662,BAR
2373,1704749400.0,18.33,18.08,0.25,0.00023662,BAR
2374,1704749460.0,18.33,18.08,0.26,0.00023662,BAR
2375,1704749520.0,18.34,18.08,0.27,0.00023662,BAR
2376,1704749580.0,18.35,18.08,0.27,0.00023662,BAR
2377,1704749640.0,18.35,18.08,0.28,0.00023662,BAR
2378,1704749700.0,18.36,18.08,0.28,0.00023662,BAR
2379,1704749760.0,18.35,18.08,0.28,0.00023662,BAR
2380,1704749820.0,18.37,18.08,0.29,0.00023662,BAR
2381,1704749880.0,18.37,18.08,0.29,0.00023662,BAR
2382,1704749940.0,18.37,18.08,0.30,0.00023662,BAR
2383,1704750000.0,18.39,18.08,0.31,0.00023662,BAR
2384,1704750060.0,18.39,18.08,0.31,0.00023662,BAR
2385,1704750120.0,18.38,18.08,0.30,0.00023662,BAR
2386,1704750180.0,18.39,18.08,0.31,0.00023662,BAR
2387,1704750240.0,18.39,18.08,0.31,0.00023662,BAR
2388,1704750300.0,18.37,18.08,0.29,0.00023662,BAR
2389,1704750360.0,18.37,18.08,0.30,0.00023662,BAR
2390,1704750420.0,18.38,18.08,0.30,0.00023662,BAR
2391,1704750480.0,18.36,18.08,0.29,0.00023662,BAR
2392,1704750540.0,18.37,18.08,0.30,0.00023662,BAR
2393,1704750600.0,18.37,18.08,0.29,0.00023662,BAR
2394,1704750660.0,18.35,18.08,0.27,0.00023662,BAR
2395,1704750720.0,18.36,18.08,0.29,0.00023662,BAR
2396,1704750780.0,18.36,18.08,0.28,0.00023662,BAR
2397,1704750840.0,18.37,18.08,0.29,0.00023662,BAR
2398,1704750900.0,18.37,18.08,0.30,0.00023662,BAR
2399,1704750960.0,18.37,18.08,0.29,0.00023662,BAR
2400,1704751020.0,18.37,18.08,0.29,0.00023662,BAR
2401,1704751080.0,18.36,18.08,0.28,0.00023662,BAR
2402,1704751140.0,18.36,18.08,0.29,0.00023662,BAR
2403,1704751200.0,18.36,18.08,0.28,0.00023662,BAR
2404,1704751260.0,18.37,18.08,0.29,0.00023662,BAR
2405,1704751320.0,18.32,18.08,0.25,0.00023662,BAR
2406,1704751380.0,18.32,18.08,0.24,0.00023662,BAR
2407,1704751440.0,18.32,18.08,0.25,0.00023662,BAR
2408,1704751500.0,18.33,18.08,0.25,0.00023662,BAR
2409,1704751560.0,18.34,18.08,0.26,0.00023662,BAR
2410,1704751620.0,18.34,18.08,0.26,0.00023662,BAR
2411,1704751680.0,18.34,18.08,0.26,0.00023662,BAR
2412,1704751740.0,18.33,18.08,0.25,0.00023662,BAR
2413,1704751800.0,18.33,18.08,0.25,0.00023662,BAR
2414,1704751860.0,18.33,18.08,0.25,0.00023662,BAR
2415,1704751920.0,18.33,18.08,0.26,0.00023662,BAR
2416,1704751980.0,18.33,18.08,0.26,0.00023662,BAR
2417,1704752040.0,18.34,18.08,0.26,0.00023662,BAR
2418,1704752100.0,18.34,18.08,0.27,0.00023662,BAR
2419,1704752160.0,18.35,18.08,0.27,0.00023662,BAR
2420,1704752220.0,18.35,18.08,0.27,0.00023662,BAR
2421,1704752280.0,18.34,18.08,0.26,0.00023662,BAR
2422,1704752340.0,18.34,18.08,0.26,0.00023662,BAR
2423,1704752400.0,18.33,18.08,0.25,0.00023662,BAR
2424,1704752460.0,18.33,18.08,0.25,0.00023662,BAR
2425,1704752520.0,18.33,18.08,0.25,0.00023662,BAR
2426,1704752580.0,18.33,18.08,0.25,0.00023662,BAR
2427,1704752640.0,18.33,18.08,0.26,0.00023662,BAR
2428,1704752700.0,18.34,18.08,0.26,0.00023662,BAR
2429,1704752760.0,18.33,18.08,0.25,0.00023662,BAR
2430,1704752820.0,18.33,18.08,0.25,0.00023662,BAR
2431,1704752880.0,18.33,18.08,0.26,0.00023662,BAR
2432,1704752940.0,18.33,18.08,0.26,0.00023662,BAR
2433,1704753000.0,18.34,18.08,0.26,0.00023662,BAR
2434,1704753060.0,18.33,18.08,0.26,0.00023662,BAR
2435,1704753120.0,18.32,18.08,0.25,0.00023662,BAR
2436,1704753180.0,18.30,18.08,0.23,0.00023662,BAR
2437,1704753240.0,18.32,18.08,0.24,0.00023662,BAR
2438,1704753300.0,18.32,18.08,0.24,0.00023662,BAR
2439,1704753360.0,18.32,18.08,0.25,0.00023662,BAR
2440,1704753420.0,18.33,18.08,0.25,0.00023662,BAR
2441,1704753480.0,18.32,18.08,0.24,0.00023662,BAR
2442,1704753540.0,18.31,18.08,0.23,0.00023662,BAR
2443,1704753600.0,18.32,18.08,0.24,0.00023662,BAR
2444,1704753660.0,18.33,18.08,0.25,0.00023662,BAR
2445,1704753720.0,18.32,18.08,0.25,0.00023662,BAR
2446,1704753780.0,18.32,18.08,0.25,0.00023662,BAR
2447,1704753840.0,18.33,18.08,0.25,0.00023662,BAR
2448,1704753900.0,18.33,18.08,0.26,0.00023662,BAR
2449,1704753960.0,18.34,18.08,0.26,0.00023662,BAR
2450,1704754020.0,18.34,18.08,0.26,0.00023662,BAR
2451,1704754080.0,18.34,18.08,0.26,0.00023662,BAR
2452,1704754140.0,18.34,18.08,0.26,0.00023662,BAR
2453,1704754200.0,18.34,18.08,0.26,0.00023662,BAR
2454,1704754260.0,18.34,18.08,0.26,0.00023662,BAR
2455,1704754320.0,18.34,18.08,0.26,0.00023662,BAR
2456,1704754380.0,18.34,18.08,0.26,0.00023662,BAR
2457,1704754440.0,18.34,18.08,0.26,0.00023662,BAR
2458,1704754500.0,18.34,18.08,0.27,0.00023662,BAR
2459,1704754560.0,18.35,18.08,0.27,0.00023662,BAR
2460,1704754620.0,18.35,18.08,0.27,0.00023662,BAR
2461,1704754680.0,18.35,18.08,0.27,0.00023662,BAR
2462,1704754740.0,18.35,18.08,0.27,0.00023662,BAR
2463,1704754800.0,18.33,18.08,0.25,0.00023662,BAR
2464,1704754860.0,18.33,18.08,0.25,0.00023662,BAR
2465,1704754920.0,18.34,18.08,0.26,0.00023662,BAR
2466,1704754980.0,18.34,18.08,0.27,0.00023662,BAR
2467,1704755040.0,18.34,18.08,0.26,0.00023662,BAR
2468,1704755100.0,18.33,18.08,0.26,0.00023662,BAR
2469,1704755160.0,18.34,18.08,0.27,0.00023662,BAR
2470,1704755220.0,18.34,18.08,0.27,0.00023662,BAR
2471,1704755280.0,18.35,18.08,0.27,0.00023662,BAR
2472,1704755340.0,18.36,18.08,0.28,0.00023662,BAR
2473,1704755400.0,18.36,18.08,0.29,0.00023662,BAR
2474,1704755460.0,18.36,18.08,0.28,0.00023662,BAR
2475,1704755520.0,18.37,18.08,0.29,0.00023662,BAR
2476,1704755580.0,18.37,18.08,0.29,0.00023662,BAR
2477,1704755640.0,18.36,18.08,0.28,0.00023662,BAR
2478,1704755700.0,18.35,18.08,0.28,0.00023662,BAR
2479,1704755760.0,18.35,18.08,0.27,0.00023662,BAR
2480,1704755820.0,18.34,18.08,0.26,0.00023662,BAR
2481,1704755880.0,18.34,18.08,0.27,0.00023662,BAR
2482,1704755940.0,18.35,18.08,0.27,0.00023662,BAR
2483,1704756000.0,18.35,18.08,0.28,0.00023662,BAR
2484,1704756060.0,18.36,18.08,0.28,0.00023662,BAR
2485,1704756120.0,18.36,18.08,0.28,0.00023662,BAR
2486,1704756180.0,18.36,18.08,0.29,0.00023662,BAR
2487,1704756240.0,18.36,18.08,0.28,0.00023662,BAR
2488,1704756300.0,18.35,18.08,0.27,0.00023662,BAR
2489,1704756360.0,18.34,18.08,0.27,0.00023662,BAR
2490,1704756420.0,18.34,18.08,0.26,0.00023662,BAR
2491,1704756480.0,18.33,18.08,0.25,0.00023662,BAR
2492,1704756540.0,18.34,18.08,0.26,0.00023662,BAR
2493,1704756600.0,18.33,18.08,0.26,0.00023662,BAR
2494,1704756660.0,18.33,18.08,0.25,0.00023662,BAR
2495,1704756720.0,18.32,18.08,0.25,0.00023662,BAR
2496,1704756780.0,18.33,18.08,0.25,0.00023662,BAR
2497,1704756840.0,18.32,18.08,0.25,0.00023662,BAR
2498,1704756900.0,18.33,18.08,0.25,0.00023662,BAR
2499,1704756960.0,18.32,18.08,0.25,0.00023662,BAR
2500,1704757020.0,18.32,18.08,0.25,0.00023662,BAR
2501,1704757080.0,18.32,18.08,0.25,0.00023662,BAR
2502,1704757140.0,18.32,18.08,0.24,0.00023662,BAR
2503,1704757200.0,18.32,18.08,0.24,0.00023662,BAR
2504,1704757260.0,18.31,18.08,0.24,0.00023662,BAR
2505,1704757320.0,18.31,18.08,0.23,0.00023662,BAR
2506,1704757380.0,18.31,18.08,0.23,0.00023662,BAR
2507,1704757440.0,18.31,18.08,0.24,0.00023662,BAR
2508,1704757500.0,18.33,18.08,0.25,0.00023662,BAR
2509,1704757560.0,18.32,18.08,0.25,0.00023662,BAR
2510,1704757620.0,18.32,18.08,0.25,0.00023662,BAR
2511,1704757680.0,18.34,18.08,0.26,0.00023662,BAR
2512,1704757740.0,18.33,18.08,0.26,0.00023662,BAR
2513,1704757800.0,18.33,18.08,0.26,0.00023662,BAR
2514,1704757860.0,18.32,18.08,0.25,0.00023662,BAR
2515,1704757920.0,18.33,18.08,0.25,0.00023662,BAR
2516,1704757980.0,18.32,18.08,0.25,0.00023662,BAR
2517,1704758040.0,18.32,18.08,0.25,0.00023662,BAR
2518,1704758100.0,18.32,18.08,0.25,0.00023662,BAR
2519,1704758160.0,18.32,18.08,0.25,0.00023662,BAR
2520,1704758220.0,18.33,18.08,0.25,0.00023662,BAR
2521,1704758280.0,18.33,18.08,0.26,0.00023662,BAR
2522,1704758340.0,18.33,18.08,0.26,0.00023662,BAR
2523,1704758400.0,18.33,18.08,0.26,0.00023662,BAR
2524,1704758460.0,18.32,18.08,0.25,0.00023662,BAR
2525,1704758520.0,18.34,18.08,0.27,0.00023662,BAR
2526,1704758580.0,18.35,18.08,0.27,0.00023662,BAR
2527,1704758640.0,18.35,18.08,0.28,0.00023662,BAR
2528,1704758700.0,18.36,18.08,0.29,0.00023662,BAR
2529,1704758760.0,18.36,18.08,0.28,0.00023662,BAR
2530,1704758820.0,18.35,18.08,0.28,0.00023662,BAR
2531,1704758880.0,18.35,18.08,0.28,0.00023662,BAR
2532,1704758940.0,18.35,18.08,0.28,0.00023662,BAR
2533,1704759000.0,18.35,18.08,0.28,0.00023662,BAR
2534,1704759060.0,18.36,18.08,0.29,0.00023662,BAR
2535,1704759120.0,18.36,18.08,0.29,0.00023662,BAR
2536,1704759180.0,18.37,18.08,0.29,0.00023662,BAR
2537,1704759240.0,18.37,18.08,0.29,0.00023662,BAR
2538,1704759300.0,18.37,18.08,0.30,0.00023662,BAR
2539,1704759360.0,18.37,18.08,0.29,0.00023662,BAR
2540,1704759420.0,18.36,18.08,0.28,0.00023662,BAR
2541,1704759480.0,18.36,18.08,0.28,0.00023662,BAR
2542,1704759540.0,18.36,18.08,0.28,0.00023662,BAR
2543,1704759600.0,18.35,18.08,0.28,0.00023662,BAR
2544,1704759660.0,18.34,18.08,0.26,0.00023662,BAR
2545,1704759720.0,18.34,18.08,0.26,0.00023662,BAR
2546,1704759780.0,18.33,18.08,0.26,0.00023662,BAR
2547,1704759840.0,18.33,18.08,0.26,0.00023662,BAR
2548,1704759900.0,18.32,18.08,0.25,0.00023662,BAR
2549,1704759960.0,18.32,18.08,0.25,0.00023662,BAR
2550,1704760020.0,18.32,18.08,0.24,0.00023662,BAR
2551,1704760080.0,18.31,18.08,0.24,0.00023662,BAR
2552,1704760140.0,18.32,18.08,0.25,0.00023662,BAR
2553,1704760200.0,18.32,18.08,0.24,0.00023662,BAR
2554,1704760260.0,18.30,18.08,0.23,0.00023662,BAR
2555,1704760320.0,18.30,18.08,0.22,0.00023662,BAR
2556,1704760380.0,18.27,18.08,0.20,0.00023662,BAR
2557,1704760440.0,18.30,18.08,0.23,0.00023662,BAR
2558,1704760500.0,18.28,18.08,0.20,0.00023662,BAR
2559,1704760560.0,18.27,18.08,0.20,0.00023662,BAR
2560,1704760620.0,18.21,18.08,0.14,0.00023662,BAR
2561,1704760680.0,18.20,18.08,0.12,0.00023662,BAR
2562,1704760740.0,18.19,18.08,0.11,0.00023662,BAR
2563,1704760800.0,18.22,18.08,0.14,0.00023662,BAR
2564,1704760860.0,18.22,18.08,0.15,0.00023662,BAR
2565,1704760920.0,18.24,18.08,0.16,0.00023662,BAR
2566,1704760980.0,18.26,18.08,0.18,0.00023662,BAR
2567,1704761040.0,18.27,18.08,0.19,0.00023662,BAR
2568,1704761100.0,18.25,18.08,0.18,0.00023662,BAR
2569,1704761160.0,18.24,18.08,0.16,0.00023662,BAR
2570,1704761220.0,18.23,18.08,0.16,0.00023662,BAR
2571,1704761280.0,18.23,18.08,0.15,0.00023662,BAR
2572,1704761340.0,18.23,18.08,0.15,0.00023662,BAR
2573,1704761400.0,18.25,18.08,0.17,0.00023662,BAR
2574,1704761460.0,18.27,18.08,0.19,0.00023662,BAR
2575,1704761520.0,18.26,18.08,0.19,0.00023662,BAR
2576,1704761580.0,18.26,18.08,0.18,0.00023662,BAR
2577,1704761640.0,18.27,18.08,0.19,0.00023662,BAR
2578,1704761700.0,18.27,18.08,0.20,0.00023662,BAR
2579,1704761760.0,18.29,18.08,0.21,0.00023662,BAR
2580,1704761820.0,18.27,18.08,0.20,0.00023662,BAR
2581,1704761880.0,18.27,18.08,0.20,0.00023662,BAR
2582,1704761940.0,18.27,18.08,0.19,0.00023662,BAR
2583,1704762000.0,18.25,18.08,0.18,0.00023662,BAR
2584,1704762060.0,18.26,18.08,0.19,0.00023662,BAR
2585,1704762120.0,18.27,18.08,0.19,0.00023662,BAR
2586,1704762180.0,18.27,18.08,0.20,0.00023662,BAR
2587,1704762240.0,18.28,18.08,0.20,0.00023662,BAR
2588,1704762300.0,18.28,18.08,0.20,0.00023662,BAR
2589,1704762360.0,18.28,18.08,0.20,0.00023662,BAR
2590,1704762420.0,18.28,18.08,0.21,0.00023662,BAR
2591,1704762480.0,18.28,18.08,0.20,0.00023662,BAR
2592,1704762540.0,18.28,18.08,0.20,0.00023662,BAR
2593,1704762600.0,18.28,18.08,0.21,0.00023662,BAR
2594,1704762660.0,18.29,18.08,0.21,0.00023662,BAR
2595,1704762720.0,18.29,18.08,0.21,0.00023662,BAR
2596,1704762780.0,18.29,18.08,0.21,0.00023662,BAR
2597,1704762840.0,18.29,18.08,0.21,0.00023662,BAR
2598,1704762900.0,18.29,18.08,0.22,0.00023662,BAR
2599,1704762960.0,18.29,18.08,0.21,0.00023662,BAR
2600,1704763020.0,18.28,18.08,0.21,0.00023662,BAR
2601,1704763080.0,18.27,18.08,0.19,0.00023662,BAR
2602,1704763140.0,18.28,18.08,0.20,0.00023662,BAR
2603,1704763200.0,18.27,18.08,0.19,0.00023662,BAR
2604,1704763260.0,18.26,18.08,0.19,0.00023662,BAR
2605,1704763320.0,18.26,18.08,0.19,0.00023662,BAR
2606,1704763380.0,18.25,18.08,0.18,0.00023662,BAR
2607,1704763440.0,18.25,18.08,0.17,0.00023662,BAR
2608,1704763500.0,18.25,18.08,0.17,0.00023662,BAR
2609,1704763560.0,18.24,18.08,0.16,0.00023662,BAR
2610,1704763620.0,18.24,18.08,0.16,0.00023662,BAR
2611,1704763680.0,18.23,18.08,0.15,0.00023662,BAR
2612,1704763740.0,18.24,18.08,0.16,0.00023662,BAR
2613,1704763800.0,18.23,18.08,0.16,0.00023662,BAR
2614,1704763860.0,18.22,18.08,0.14,0.00023662,BAR
2615,1704763920.0,18.22,18.08,0.15,0.00023662,BAR
2616,1704763980.0,18.21,18.08,0.13,0.00023662,BAR
2617,1704764040.0,18.22,18.08,0.15,0.00023662,BAR
2618,1704764100.0,18.21,18.08,0.14,0.00023662,BAR
2619,1704764160.0,18.23,18.08,0.15,0.00023662,BAR
2620,1704764220.0,18.24,18.08,0.16,0.00023662,BAR
2621,1704764280.0,18.23,18.08,0.15,0.00023662,BAR
2622,1704764340.0,18.23,18.08,0.15,0.00023662,BAR
2623,1704764400.0,18.22,18.08,0.14,0.00023662,BAR
2624,1704764460.0,18.21,18.08,0.14,0.00023662,BAR
2625,1704764520.0,18.20,18.08,0.12,0.00023662,BAR
2626,1704764580.0,18.20,18.08,0.12,0.00023662,BAR
2627,1704764640.0,18.19,18.08,0.12,0.00023662,BAR
2628,1704764700.0,18.18,18.08,0.11,0.00023662,BAR
2629,1704764760.0,18.19,18.08,0.12,0.00023662,BAR
2630,1704764820.0,18.22,18.08,0.14,0.00023662,BAR
2631,1704764880.0,18.21,18.08,0.13,0.00023662,BAR
2632,1704764940.0,18.22,18.08,0.15,0.00023662,BAR
2633,1704765000.0,18.22,18.08,0.15,0.00023662,BAR
2634,1704765060.0,18.23,18.08,0.16,0.00023662,BAR
2635,1704765120.0,18.24,18.08,0.16,0.00023662,BAR
2636,1704765180.0,18.23,18.08,0.16,0.00023662,BAR
2637,1704765240.0,18.23,18.08,0.16,0.00023662,BAR
2638,1704765300.0,18.23,18.08,0.16,0.00023662,BAR
2639,1704765360.0,18.23,18.08,0.15,0.00023662,BAR
2640,1704765420.0,18.22,18.08,0.14,0.00023662,BAR
2641,1704765480.0,18.22,18.08,0.15,0.00023662,BAR
2642,1704765540.0,18.24,18.08,0.16,0.00023662,BAR
2643,1704765600.0,18.25,18.08,0.18,0.00023662,BAR
2644,1704765660.0,18.24,18.08,0.17,0.00023662,BAR
2645,1704765720.0,18.24,18.08,0.16,0.00023662,BAR
2646,1704765780.0,18.24,18.08,0.16,0.00023662,BAR
2647,1704765840.0,18.23,18.08,0.15,0.00023662,BAR
2648,1704765900.0,18.23,18.08,0.16,0.00023662,BAR
2649,1704765960.0,18.23,18.08,0.16,0.00023662,BAR
2650,1704766020.0,18.23,18.08,0.15,0.00023662,BAR
2651,1704766080.0,18.23,18.08,0.15,0.00023662,BAR
2652,1704766140.0,18.24,18.08,0.16,0.00023662,BAR
2653,1704766200.0,18.24,18.08,0.16,0.00023662,BAR
2654,1704766260.0,18.23,18.08,0.16,0.00023662,BAR
2655,1704766320.0,18.23,18.08,0.15,0.00023662,BAR
2656,1704766380.0,18.23,18.08,0.15,0.00023662,BAR
2657,1704766440.0,18.24,18.08,0.16,0.00023662,BAR
2658,1704766500.0,18.25,18.08,0.17,0.00023662,BAR
2659,1704766560.0,18.25,18.08,0.18,0.00023662,BAR
2660,1704766620.0,18.26,18.08,0.18,0.00023662,BAR
2661,1704766680.0,18.26,18.08,0.18,0.00023662,BAR
2662,1704766740.0,18.27,18.08,0.19,0.00023662,BAR
2663,1704766800.0,18.26,18.08,0.19,0.00023662,BAR
2664,1704766860.0,18.26,18.08,0.18,0.00023662,BAR
2665,1704766920.0,18.26,18.08,0.18,0.00023662,BAR
2666,1704766980.0,18.26,18.08,0.19,0.00023662,BAR
2667,1704767040.0,18.26,18.08,0.19,0.00023662,BAR
2668,1704767100.0,18.27,18.08,0.19,0.00023662,BAR
2669,1704767160.0,18.27,18.08,0.19,0.00023662,BAR
2670,1704767220.0,18.28,18.08,0.20,0.00023662,BAR
2671,1704767280.0,18.27,18.08,0.19,0.00023662,BAR
2672,1704767340.0,18.27,18.08,0.20,0.00023662,BAR
2673,1704767400.0,18.27,18.08,0.20,0.00023662,BAR
2674,1704767460.0,18.27,18.08,0.19,0.00023662,BAR
2675,1704767520.0,18.26,18.08,0.19,0.00023662,BAR
2676,1704767580.0,18.27,18.08,0.19,0.00023662,BAR
2677,1704767640.0,18.27,18.08,0.19,0.00023662,BAR
2678,1704767700.0,18.27,18.08,0.19,0.00023662,BAR
2679,1704767760.0,18.28,18.08,0.20,0.00023662,BAR
2680,1704767820.0,18.28,18.08,0.20,0.00023662,BAR
2681,1704767880.0,18.28,18.08,0.20,0.00023662,BAR
2682,1704767940.0,18.29,18.08,0.21,0.00023662,BAR
2683,1704768000.0,18.29,18.08,0.21,0.00023662,BAR
2684,1704768060.0,18.29,18.08,0.21,0.00023662,BAR
2685,1704768120.0,18.29,18.08,0.21,0.00023662,BAR
2686,1704768180.0,18.28,18.08,0.21,0.00023662,BAR
2687,1704768240.0,18.28,18.08,0.21,0.00023662,BAR
2688,1704768300.0,18.28,18.08,0.20,0.00023662,BAR
2689,1704768360.0,18.29,18.08,0.21,0.00023662,BAR
2690,1704768420.0,18.28,18.08,0.20,0.00023662,BAR
2691,1704768480.0,18.28,18.08,0.21,0.00023662,BAR
2692,1704768540.0,18.28,18.08,0.21,0.00023662,BAR
2693,1704768600.0,18.28,18.08,0.20,0.00023662,BAR
2694,1704768660.0,18.28,18.08,0.21,0.00023662,BAR
2695,1704768720.0,18.28,18.08,0.21,0.00023662,BAR
2696,1704768780.0,18.28,18.08,0.21,0.00023662,BAR
2697,1704768840.0,18.28,18.08,0.20,0.00023662,BAR
2698,1704768900.0,18.27,18.08,0.20,0.00023662,BAR
2699,1704768960.0,18.28,18.08,0.21,0.00023662,BAR
2700,1704769020.0,18.28,18.08,0.21,0.00023662,BAR
2701,1704769080.0,18.28,18.08,0.21,0.00023662,BAR
2702,1704769140.0,18.29,18.08,0.22,0.00023662,BAR
2703,1704769200.0,18.29,18.08,0.21,0.00023662,BAR
2704,1704769260.0,18.29,18.08,0.21,0.00023662,BAR
2705,1704769320.0,18.30,18.08,0.23,0.00023662,BAR
2706,1704769380.0,18.31,18.08,0.23,0.00023662,BAR
2707,1704769440.0,18.31,18.08,0.24,0.00023662,BAR
2708,1704769500.0,18.32,18.08,0.25,0.00023662,BAR
2709,1704769560.0,18.33,18.08,0.26,0.00023662,BAR
2710,1704769620.0,18.32,18.08,0.24,0.00023662,BAR
2711,1704769680.0,18.33,18.08,0.25,0.00023662,BAR
2712,1704769740.0,18.32,18.08,0.25,0.00023662,BAR
2713,1704769800.0,18.32,18.08,0.24,0.00023662,BAR
2714,1704769860.0,18.32,18.08,0.24,0.00023662,BAR
2715,1704769920.0,18.31,18.08,0.24,0.00023662,BAR
2716,1704769980.0,18.32,18.08,0.24,0.00023662,BAR
2717,1704770040.0,18.32,18.08,0.24,0.00023662,BAR
2718,1704770100.0,18.32,18.08,0.25,0.00023662,BAR
2719,1704770160.0,18.32,18.08,0.25,0.00023662,BAR
2720,1704770220.0,18.32,18.08,0.25,0.00023662,BAR
2721,1704770280.0,18.33,18.08,0.25,0.00023662,BAR
2722,1704770340.0,18.33,18.08,0.25,0.00023662,BAR
2723,1704770400.0,18.32,18.08,0.25,0.00023662,BAR
2724,1704770460.0,18.31,18.08,0.23,0.00023662,BAR
2725,1704770520.0,18.30,18.08,0.23,0.00023662,BAR
2726,1704770580.0,18.32,18.08,0.24,0.00023662,BAR
2727,1704770640.0,18.32,18.08,0.24,0.00023662,BAR
2728,1704770700.0,18.32,18.08,0.24,0.00023662,BAR
2729,1704770760.0,18.33,18.08,0.26,0.00023662,BAR
2730,1704770820.0,18.34,18.08,0.26,0.00023662,BAR
2731,1704770880.0,18.34,18.08,0.26,0.00023662,BAR
2732,1704770940.0,18.33,18.08,0.26,0.00023662,BAR
2733,1704771000.0,18.32,18.08,0.25,0.00023662,BAR
2734,1704771060.0,18.32,18.08,0.25,0.00023662,BAR
2735,1704771120.0,18.32,18.08,0.24,0.00023662,BAR
2736,1704771180.0,18.32,18.08,0.24,0.00023662,BAR
2737,1704771240.0,18.32,18.08,0.24,0.00023662,BAR
2738,1704771300.0,18.32,18.08,0.24,0.00023662,BAR
2739,1704771360.0,18.32,18.08,0.25,0.00023662,BAR
2740,1704771420.0,18.32,18.08,0.24,0.00023662,BAR
2741,1704771480.0,18.31,18.08,0.24,0.00023662,BAR
2742,1704771540.0,18.31,18.08,0.24,0.00023662,BAR
2743,1704771600.0,18.31,18.08,0.23,0.00023662,BAR
2744,1704771660.0,18.31,18.08,0.23,0.00023662,BAR
2745,1704771720.0,18.31,18.08,0.24,0.00023662,BAR
2746,1704771780.0,18.31,18.08,0.23,0.00023662,BAR
2747,1704771840.0,18.30,18.08,0.23,0.00023662,BAR
2748,1704771900.0,18.31,18.08,0.23,0.00023662,BAR
2749,1704771960.0,18.31,18.08,0.24,0.00023662,BAR
2750,1704772020.0,18.32,18.08,0.25,0.00023662,BAR
2751,1704772080.0,18.31,18.08,0.24,0.00023662,BAR
2752,1704772140.0,18.31,18.08,0.24,0.00023662,BAR
2753,1704772200.0,18.34,18.08,0.26,0.00023662,BAR
2754,1704772260.0,18.33,18.08,0.26,0.00023662,BAR
2755,1704772320.0,18.33,18.08,0.25,0.00023662,BAR
2756,1704772380.0,18.33,18.08,0.25,0.00023662,BAR
2757,1704772440.0,18.32,18.08,0.25,0.00023662,BAR
2758,1704772500.0,18.33,18.08,0.25,0.00023662,BAR
2759,1704772560.0,18.33,18.08,0.26,0.00023662,BAR
2760,1704772620.0,18.33,18.08,0.25,0.00023662,BAR
2761,1704772680.0,18.33,18.08,0.26,0.00023662,BAR
2762,1704772740.0,18.33,18.08,0.25,0.00023662,BAR
2763,1704772800.0,18.32,18.08,0.25,0.00023662,BAR
2764,1704772860.0,18.32,18.08,0.24,0.00023662,BAR
2765,1704772920.0,18.32,18.08,0.24,0.00023662,BAR
2766,1704772980.0,18.32,18.08,0.25,0.00023662,BAR
2767,1704773040.0,18.32,18.08,0.25,0.00023662,BAR
2768,1704773100.0,18.32,18.08,0.25,0.00023662,BAR
2769,1704773160.0,18.30,18.08,0.22,0.00023662,BAR
2770,1704773220.0,18.30,18.08,0.22,0.00023662,BAR
2771,1704773280.0,18.31,18.08,0.23,0.00023662,BAR
2772,1704773340.0,18.31,18.08,0.23,0.00023662,BAR
2773,1704773400.0,18.30,18.08,0.23,0.00023662,BAR
2774,1704773460.0,18.30,18.08,0.22,0.00023662,BAR
2775,1704773520.0,18.29,18.08,0.21,0.00023662,BAR
2776,1704773580.0,18.29,18.08,0.21,0.00023662,BAR
2777,1704773640.0,18.29,18.08,0.22,0.00023662,BAR
2778,1704773700.0,18.28,18.08,0.21,0.00023662,BAR
2779,1704773760.0,18.28,18.08,0.20,0.00023662,BAR
2780,1704773820.0,18.28,18.08,0.21,0.00023662,BAR
2781,1704773880.0,18.28,18.08,0.20,0.00023662,BAR
2782,1704773940.0,18.27,18.08,0.19,0.00023662,BAR
2783,1704774000.0,18.28,18.08,0.21,0.00023662,BAR
2784,1704774060.0,18.28,18.08,0.20,0.00023662,BAR
2785,1704774120.0,18.28,18.08,0.20,0.00023662,BAR
2786,1704774180.0,18.28,18.08,0.21,0.00023662,BAR
2787,1704774240.0,18.29,18.08,0.21,0.00023662,BAR
2788,1704774300.0,18.29,18.08,0.21,0.00023662,BAR
2789,1704774360.0,18.28,18.08,0.21,0.00023662,BAR
2790,1704774420.0,18.28,18.08,0.21,0.00023662,BAR
2791,1704774480.0,18.28,18.08,0.21,0.00023662,BAR
2792,1704774540.0,18.28,18.08,0.20,0.00023662,BAR
2793,1704774600.0,18.28,18.08,0.21,0.00023662,BAR
2794,1704774660.0,18.30,18.08,0.22,0.00023662,BAR
2795,1704774720.0,18.30,18.08,0.23,0.00023662,BAR
2796,1704774780.0,18.30,18.08,0.23,0.00023662,BAR
2797,1704774840.0,18.30,18.08,0.23,0.00023662,BAR
2798,1704774900.0,18.29,18.08,0.22,0.00023662,BAR
2799,1704774960.0,18.29,18.08,0.21,0.00023662,BAR
2800,1704775020.0,18.29,18.08,0.22,0.00023662,BAR
2801,1704775080.0,18.29,18.08,0.21,0.00023662,BAR
2802,1704775140.0,18.29,18.08,0.22,0.00023662,BAR
2803,1704775200.0,18.30,18.08,0.22,0.00023662,BAR
2804,1704775260.0,18.30,18.08,0.23,0.00023662,BAR
2805,1704775320.0,18.30,18.08,0.22,0.00023662,BAR
2806,1704775380.0,18.30,18.08,0.22,0.00023662,BAR
2807,1704775440.0,18.29,18.08,0.22,0.00023662,BAR
2808,1704775500.0,18.30,18.08,0.22,0.00023662,BAR
2809,1704775560.0,18.30,18.08,0.23,0.00023662,BAR
2810,1704775620.0,18.31,18.08,0.23,0.00023662,BAR
2811,1704775680.0,18.30,18.08,0.23,0.00023662,BAR
2812,1704775740.0,18.30,18.08,0.22,0.00023662,BAR
2813,1704775800.0,18.29,18.08,0.22,0.00023662,BAR
2814,1704775860.0,18.29,18.08,0.22,0.00023662,BAR
2815,1704775920.0,18.29,18.08,0.22,0.00023662,BAR
2816,1704775980.0,18.30,18.08,0.22,0.00023662,BAR
2817,1704776040.0,18.30,18.08,0.23,0.00023662,BAR
2818,1704776100.0,18.30,18.08,0.22,0.00023662,BAR
2819,1704776160.0,18.30,18.08,0.23,0.00023662,BAR
2820,1704776220.0,18.30,18.08,0.23,0.00023662,BAR
2821,1704776280.0,18.30,18.08,0.23,0.00023662,BAR
2822,1704776340.0,18.30,18.08,0.22,0.00023662,BAR
2823,1704776400.0,18.30,18.08,0.22,0.00023662,BAR
2824,1704776460.0,18.30,18.08,0.22,0.00023662,BAR
2825,1704776520.0,18.30,18.08,0.23,0.00023662,BAR
2826,1704776580.0,18.31,18.08,0.23,0.00023662,BAR
2827,1704776640.0,18.29,18.08,0.22,0.00023662,BAR
2828,1704776700.0,18.29,18.08,0.21,0.00023662,BAR
2829,1704776760.0,18.28,18.08,0.21,0.00023662,BAR
2830,1704776820.0,18.28,18.08,0.21,0.00023662,BAR
2831,1704776880.0,18.29,18.08,0.21,0.00023662,BAR
2832,1704776940.0,18.28,18.08,0.20,0.00023662,BAR
2833,1704777000.0,18.28,18.08,0.20,0.00023662,BAR
2834,1704777060.0,18.27,18.08,0.20,0.00023662,BAR
2835,1704777120.0,18.27,18.08,0.20,0.00023662,BAR
2836,1704777180.0,18.28,18.08,0.20,0.00023662,BAR
2837,1704777240.0,18.27,18.08,0.20,0.00023662,BAR
2838,1704777300.0,18.27,18.08,0.20,0.00023662,BAR
2839,1704777360.0,18.27,18.08,0.20,0.00023662,BAR
2840,1704777420.0,18.28,18.08,0.20,0.00023662,BAR
2841,1704777480.0,18.28,18.08,0.21,0.00023662,BAR
2842,1704777540.0,18.29,18.08,0.21,0.00023662,BAR
2843,1704777600.0,18.28,18.08,0.21,0.00023662,BAR
2844,1704777660.0,18.28,18.08,0.20,0.00023662,BAR
2845,1704777720.0,18.28,18.08,0.20,0.00023662,BAR
2846,1704777780.0,18.27,18.08,0.19,0.00023662,BAR
2847,1704777840.0,18.27,18.08,0.19,0.00023662,BAR
2848,1704777900.0,18.27,18.08,0.19,0.00023662,BAR
2849,1704777960.0,18.27,18.08,0.19,0.00023662,BAR
2850,1704778020.0,18.27,18.08,0.20,0.00023662,BAR
2851,1704778080.0,18.27,18.08,0.19,0.00023662,BAR
2852,1704778140.0,18.27,18.08,0.19,0.00023662,BAR
2853,1704778200.0,18.27,18.08,0.20,0.00023662,BAR
2854,1704778260.0,18.27,18.08,0.20,0.00023662,BAR
2855,1704778320.0,18.27,18.08,0.19,0.00023662,BAR
2856,1704778380.0,18.27,18.08,0.20,0.00023662,BAR
2857,1704778440.0,18.27,18.08,0.19,0.00023662,BAR
2858,1704778500.0,18.27,18.08,0.20,0.00023662,BAR
2859,1704778560.0,18.27,18.08,0.19,0.00023662,BAR
2860,1704778620.0,18.27,18.08,0.19,0.00023662,BAR
2861,1704778680.0,18.27,18.08,0.19,0.00023662,BAR
2862,1704778740.0,18.27,18.08,0.19,0.00023662,BAR
2863,1704778800.0,18.26,18.08,0.19,0.00023662,BAR
2864,1704778860.0,18.26,18.08,0.19,0.00023662,BAR
2865,1704778920.0,18.25,18.08,0.18,0.00023662,BAR
2866,1704778980.0,18.26,18.08,0.18,0.00023662,BAR
2867,1704779040.0,18.26,18.08,0.18,0.00023662,BAR
2868,1704779100.0,18.26,18.08,0.18,0.00023662,BAR
2869,1704779160.0,18.26,18.08,0.18,0.00023662,BAR
2870,1704779220.0,18.25,18.08,0.18,0.00023662,BAR
2871,1704779280.0,18.27,18.08,0.19,0.00023662,BAR
2872,1704779340.0,18.28,18.08,0.20,0.00023662,BAR
2873,1704779400.0,18.28,18.08,0.21,0.00023662,BAR
2874,1704779460.0,18.28,18.08,0.21,0.00023662,BAR
2875,1704779520.0,18.28,18.08,0.21,0.00023662,BAR
2876,1704779580.0,18.28,18.08,0.21,0.00023662,BAR
2877,1704779640.0,18.28,18.08,0.21,0.00023662,BAR
2878,1704779700.0,18.28,18.08,0.20,0.00023662,BAR
2879,1704779760.0,18.28,18.08,0.20,0.00023662,BAR
2880,1704779820.0,18.28,18.08,0.20,0.00023662,BAR
2881,1704779880.0,18.28,18.08,0.20,0.00023662,BAR
2882,1704779940.0,18.28,18.08,0.20,0.00023662,BAR
2883,1704780000.0,18.28,18.08,0.20,0.00023662,BAR
2884,1704780060.0,18.28,18.08,0.21,0.00023662,BAR
2885,1704780120.0,18.27,18.08,0.20,0.00023662,BAR
2886,1704780180.0,18.27,18.08,0.20,0.00023662,BAR
2887,1704780240.0,18.27,18.08,0.20,0.00023662,BAR
2888,1704780300.0,18.27,18.08,0.19,0.00023662,BAR
2889,1704780360.0,18.27,18.08,0.19,0.00023662,BAR
2890,1704780420.0,18.27,18.08,0.20,0.00023662,BAR
2891,1704780480.0,18.29,18.08,0.22,0.00023662,BAR
2892,1704780540.0,18.30,18.08,0.22,0.00023662,BAR
2893,1704780600.0,18.29,18.08,0.22,0.00023662,BAR
2894,1704780660.0,18.30,18.08,0.22,0.00023662,BAR
2895,1704780720.0,18.30,18.08,0.23,0.00023662,BAR
2896,1704780780.0,18.31,18.08,0.23,0.00023662,BAR
2897,1704780840.0,18.30,18.08,0.23,0.00023662,BAR
2898,1704780900.0,18.30,18.08,0.23,0.00023662,BAR
2899,1704780960.0,18.30,18.08,0.22,0.00023662,BAR
2900,1704781020.0,18.30,18.08,0.23,0.00023662,BAR
2901,1704781080.0,18.30,18.08,0.22,0.00023662,BAR
2902,1704781140.0,18.30,18.08,0.22,0.00023662,BAR
2903,1704781200.0,18.30,18.08,0.23,0.00023662,BAR
2904,1704781260.0,18.30,18.08,0.22,0.00023662,BAR
2905,1704781320.0,18.30,18.08,0.23,0.00023662,BAR
2906,1704781380.0,18.30,18.08,0.22,0.00023662,BAR
2907,1704781440.0,18.30,18.08,0.22,0.00023662,BAR
2908,1704781500.0,18.30,18.08,0.22,0.00023662,BAR
2909,1704781560.0,18.29,18.08,0.21,0.00023662,BAR
2910,1704781620.0,18.29,18.08,0.21,0.00023662,BAR
2911,1704781680.0,18.29,18.08,0.21,0.00023662,BAR
2912,1704781740.0,18.29,18.08,0.22,0.00023662,BAR
2913,1704781800.0,18.29,18.08,0.21,0.00023662,BAR
2914,1704781860.0,18.28,18.08,0.21,0.00023662,BAR
2915,1704781920.0,18.29,18.08,0.21,0.00023662,BAR
2916,1704781980.0,18.29,18.08,0.21,0.00023662,BAR
2917,1704782040.0,18.29,18.08,0.22,0.00023662,BAR
2918,1704782100.0,18.29,18.08,0.22,0.00023662,BAR
2919,1704782160.0,18.28,18.08,0.21,0.00023662,BAR
2920,1704782220.0,18.28,18.08,0.20,0.00023662,BAR
2921,1704782280.0,18.28,18.08,0.20,0.00023662,BAR
2922,1704782340.0,18.28,18.08,0.20,0.00023662,BAR
2923,1704782400.0,18.28,18.08,0.20,0.00023662,BAR
2924,1704782460.0,18.28,18.08,0.21,0.00023662,BAR
2925,1704782520.0,18.28,18.08,0.21,0.00023662,BAR
2926,1704782580.0,18.28,18.08,0.21,0.00023662,BAR
2927,1704782640.0,18.28,18.08,0.20,0.00023662,BAR
2928,1704782700.0,18.28,18.08,0.21,0.00023662,BAR
2929,1704782760.0,18.27,18.08,0.20,0.00023662,BAR
2930,1704782820.0,18.27,18.08,0.19,0.00023662,BAR
2931,1704782880.0,18.28,18.08,0.21,0.00023662,BAR
2932,1704782940.0,18.29,18.08,0.21,0.00023662,BAR
2933,1704783000.0,18.29,18.08,0.21,0.00023662,BAR
2934,1704783060.0,18.29,18.08,0.22,0.00023662,BAR
2935,1704783120.0,18.29,18.08,0.22,0.00023662,BAR
2936,1704783180.0,18.30,18.08,0.22,0.00023662,BAR
2937,1704783240.0,18.30,18.08,0.22,0.00023662,BAR
2938,1704783300.0,18.30,18.08,0.22,0.00023662,BAR
2939,1704783360.0,18.30,18.08,0.23,0.00023662,BAR
2940,1704783420.0,18.30,18.08,0.22,0.00023662,BAR
2941,1704783480.0,18.30,18.08,0.22,0.00023662,BAR
2942,1704783540.0,18.29,18.08,0.22,0.00023662,BAR
2943,1704783600.0,18.30,18.08,0.22,0.00023662,BAR
2944,1704783660.0,18.30,18.08,0.22,0.00023662,BAR
2945,1704783720.0,18.29,18.08,0.22,0.00023662,BAR
2946,1704783780.0,18.28,18.08,0.21,0.00023662,BAR
2947,1704783840.0,18.29,18.08,0.22,0.00023662,BAR
2948,1704783900.0,18.29,18.08,0.21,0.00023662,BAR
2949,1704783960.0,18.28,18.08,0.21,0.00023662,BAR
2950,1704784020.0,18.29,18.08,0.21,0.00023662,BAR
2951,1704784080.0,18.29,18.08,0.21,0.00023662,BAR
2952,1704784140.0,18.29,18.08,0.21,0.00023662,BAR
2953,1704784200.0,18.29,18.08,0.21,0.00023662,BAR
2954,1704784260.0,18.29,18.08,0.21,0.00023662,BAR
2955,1704784320.0,18.29,18.08,0.22,0.00023662,BAR
2956,1704784380.0,18.30,18.08,0.22,0.00023662,BAR
2957,1704784440.0,18.30,18.08,0.22,0.00023662,BAR
2958,1704784500.0,18.30,18.08,0.22,0.00023662,BAR
2959,1704784560.0,18.29,18.08,0.22,0.00023662,BAR
2960,1704784620.0,18.31,18.08,0.24,0.00023662,BAR
2961,1704784680.0,18.31,18.08,0.24,0.00023662,BAR
2962,1704784740.0,18.31,18.08,0.24,0.00023662,BAR
2963,1704784800.0,18.31,18.08,0.24,0.00023662,BAR
2964,1704784860.0,18.32,18.08,0.24,0.00023662,BAR
2965,1704784920.0,18.32,18.08,0.25,0.00023662,BAR
2966,1704784980.0,18.32,18.08,0.25,0.00023662,BAR
2967,1704785040.0,18.32,18.08,0.25,0.00023662,BAR
2968,1704785100.0,18.32,18.08,0.25,0.00023662,BAR
2969,1704785160.0,18.32,18.08,0.25,0.00023662,BAR
2970,1704785220.0,18.33,18.08,0.25,0.00023662,BAR
2971,1704785280.0,18.33,18.08,0.25,0.00023662,BAR
2972,1704785340.0,18.32,18.08,0.25,0.00023662,BAR
2973,1704785400.0,18.31,18.08,0.24,0.00023662,BAR
2974,1704785460.0,18.31,18.08,0.23,0.00023662,BAR
2975,1704785520.0,18.31,18.08,0.24,0.00023662,BAR
2976,1704785580.0,18.32,18.08,0.24,0.00023662,BAR
2977,1704785640.0,18.31,18.08,0.24,0.00023662,BAR
2978,1704785700.0,18.31,18.08,0.23,0.00023662,BAR
2979,1704785760.0,18.31,18.08,0.23,0.00023662,BAR
2980,1704785820.0,18.31,18.08,0.23,0.00023662,BAR
2981,1704785880.0,18.31,18.08,0.23,0.00023662,BAR
2982,1704785940.0,18.31,18.08,0.23,0.00023662,BAR
2983,1704786000.0,18.31,18.08,0.23,0.00023662,BAR
2984,1704786060.0,18.30,18.08,0.23,0.00023662,BAR
2985,1704786120.0,18.30,18.08,0.23,0.00023662,BAR
2986,1704786180.0,18.30,18.08,0.22,0.00023662,BAR
2987,1704786240.0,18.30,18.08,0.22,0.00023662,BAR
2988,1704786300.0,18.30,18.08,0.22,0.00023662,BAR
2989,1704786360.0,18.30,18.08,0.22,0.00023662,BAR
2990,1704786420.0,18.30,18.08,0.22,0.00023662,BAR
2991,1704786480.0,18.30,18.08,0.23,0.00023662,BAR
2992,1704786540.0,18.31,18.08,0.23,0.00023662,BAR
2993,1704786600.0,18.31,18.08,0.24,0.00023662,BAR
2994,1704786660.0,18.32,18.08,0.24,0.00023662,BAR
2995,1704786720.0,18.32,18.08,0.24,0.00023662,BAR
2996,1704786780.0,18.31,18.08,0.24,0.00023662,BAR
2997,1704786840.0,18.31,18.08,0.24,0.00023662,BAR
2998,1704786900.0,18.31,18.08,0.24,0.00023662,BAR
2999,1704786960.0,18.30,18.08,0.23,0.00023662,BAR
3000,1704787020.0,18.31,18.08,0.23,0.00023662,BAR
3001,1704787080.0,18.30,18.08,0.23,0.00023662,BAR
3002,1704787140.0,18.30,18.08,0.23,0.00023662,BAR
3003,1704787200.0,18.30,18.08,0.22,0.00023662,BAR
3004,1704787260.0,18.29,18.08,0.22,0.00023662,BAR
3005,1704787320.0,18.29,18.08,0.22,0.00023662,BAR
3006,1704787380.0,18.29,18.08,0.22,0.00023662,BAR
3007,1704787440.0,18.29,18.08,0.21,0.00023662,BAR
3008,1704787500.0,18.28,18.08,0.20,0.00023662,BAR
3009,1704787560.0,18.28,18.08,0.21,0.00023662,BAR
3010,1704787620.0,18.28,18.08,0.20,0.00023662,BAR
3011,1704787680.0,18.28,18.08,0.21,0.00023662,BAR
3012,1704787740.0,18.28,18.08,0.20,0.00023662,BAR
3013,1704787800.0,18.28,18.08,0.21,0.00023662,BAR
3014,1704787860.0,18.29,18.08,0.21,0.00023662,BAR
3015,1704787920.0,18.29,18.08,0.21,0.00023662,BAR
3016,1704787980.0,18.29,18.08,0.21,0.00023662,BAR
3017,1704788040.0,18.29,18.08,0.21,0.00023662,BAR
3018,1704788100.0,18.29,18.08,0.21,0.00023662,BAR
3019,1704788160.0,18.29,18.08,0.21,0.00023662,BAR
3020,1704788220.0,18.29,18.08,0.22,0.00023662,BAR
3021,1704788280.0,18.29,18.08,0.22,0.00023662,BAR
3022,1704788340.0,18.29,18.08,0.22,0.00023662,BAR
3023,1704788400.0,18.31,18.08,0.23,0.00023662,BAR
3024,1704788460.0,18.31,18.08,0.23,0.00023662,BAR
3025,1704788520.0,18.31,18.08,0.23,0.00023662,BAR
3026,1704788580.0,18.31,18.08,0.24,0.00023662,BAR
3027,1704788640.0,18.31,18.08,0.24,0.00023662,BAR
3028,1704788700.0,18.31,18.08,0.24,0.00023662,BAR
3029,1704788760.0,18.31,18.08,0.23,0.00023662,BAR
3030,1704788820.0,18.31,18.08,0.23,0.00023662,BAR
3031,1704788880.0,18.31,18.08,0.23,0.00023662,BAR
3032,1704788940.0,18.31,18.08,0.23,0.00023662,BAR
3033,1704789000.0,18.31,18.08,0.23,0.00023662,BAR
3034,1704789060.0,18.31,18.08,0.23,0.00023662,BAR
3035,1704789120.0,18.30,18.08,0.23,0.00023662,BAR
3036,1704789180.0,18.30,18.08,0.22,0.00023662,BAR
3037,1704789240.0,18.30,18.08,0.22,0.00023662,BAR
3038,1704789300.0,18.28,18.08,0.21,0.00023662,BAR
3039,1704789360.0,18.28,18.08,0.21,0.00023662,BAR
3040,1704789420.0,18.28,18.08,0.21,0.00023662,BAR
3041,1704789480.0,18.29,18.08,0.21,0.00023662,BAR
3042,1704789540.0,18.29,18.08,0.22,0.00023662,BAR
3043,1704789600.0,18.28,18.08,0.20,0.00023662,BAR
3044,1704789660.0,18.28,18.08,0.21,0.00023662,BAR
3045,1704789720.0,18.27,18.08,0.20,0.00023662,BAR
3046,1704789780.0,18.27,18.08,0.19,0.00023662,BAR
3047,1704789840.0,18.27,18.08,0.19,0.00023662,BAR
3048,1704789900.0,18.27,18.08,0.20,0.00023662,BAR
3049,1704789960.0,18.28,18.08,0.20,0.00023662,BAR
3050,1704790020.0,18.27,18.08,0.20,0.00023662,BAR
3051,1704790080.0,18.27,18.08,0.19,0.00023662,BAR
3052,1704790140.0,18.27,18.08,0.19,0.00023662,BAR
3053,1704790200.0,18.26,18.08,0.19,0.00023662,BAR
3054,1704790260.0,18.26,18.08,0.19,0.00023662,BAR
3055,1704790320.0,18.25,18.08,0.18,0.00023662,BAR
3056,1704790380.0,18.25,18.08,0.18,0.00023662,BAR
3057,1704790440.0,18.25,18.08,0.17,0.00023662,BAR
3058,1704790500.0,18.24,18.08,0.17,0.00023662,BAR
3059,1704790560.0,18.25,18.08,0.17,0.00023662,BAR
3060,1704790620.0,18.25,18.08,0.18,0.00023662,BAR
3061,1704790680.0,18.24,18.08,0.16,0.00023662,BAR
3062,1704790740.0,18.24,18.08,0.16,0.00023662,BAR
3063,1704790800.0,18.25,18.08,0.17,0.00023662,BAR
3064,1704790860.0,18.26,18.08,0.18,0.00023662,BAR
3065,1704790920.0,18.26,18.08,0.19,0.00023662,BAR
3066,1704790980.0,18.27,18.08,0.19,0.00023662,BAR
3067,1704791040.0,18.26,18.08,0.19,0.00023662,BAR
3068,1704791100.0,18.26,18.08,0.19,0.00023662,BAR
3069,1704791160.0,18.26,18.08,0.18,0.00023662,BAR
3070,1704791220.0,18.25,18.08,0.18,0.00023662,BAR
3071,1704791280.0,18.26,18.08,0.18,0.00023662,BAR
3072,1704791340.0,18.25,18.08,0.18,0.00023662,BAR
3073,1704791400.0,18.26,18.08,0.18,0.00023662,BAR
3074,1704791460.0,18.25,18.08,0.17,0.00023662,BAR
3075,1704791520.0,18.25,18.08,0.18,0.00023662,BAR
3076,1704791580.0,18.25,18.08,0.17,0.00023662,BAR
3077,1704791640.0,18.25,18.08,0.17,0.00023662,BAR
3078,1704791700.0,18.25,18.08,0.18,0.00023662,BAR
3079,1704791760.0,18.26,18.08,0.19,0.00023662,BAR
3080,1704791820.0,18.27,18.08,0.19,0.00023662,BAR
3081,1704791880.0,18.26,18.08,0.19,0.00023662,BAR
3082,1704791940.0,18.25,18.08,0.17,0.00023662,BAR
3083,1704792000.0,18.23,18.08,0.16,0.00023662,BAR
3084,1704792060.0,18.24,18.08,0.16,0.00023662,BAR
3085,1704792120.0,18.23,18.08,0.16,0.00023662,BAR
3086,1704792180.0,18.23,18.08,0.16,0.00023662,BAR
3087,1704792240.0,18.23,18.08,0.15,0.00023662,BAR
3088,1704792300.0,18.23,18.08,0.16,0.00023662,BAR
3089,1704792360.0,18.22,18.08,0.14,0.00023662,BAR
3090,1704792420.0,18.23,18.08,0.15,0.00023662,BAR
3091,1704792480.0,18.24,18.08,0.16,0.00023662,BAR
3092,1704792540.0,18.23,18.08,0.16,0.00023662,BAR
3093,1704792600.0,18.24,18.08,0.16,0.00023662,BAR
3094,1704792660.0,18.25,18.08,0.17,0.00023662,BAR
3095,1704792720.0,18.25,18.08,0.17,0.00023662,BAR
3096,1704792780.0,18.25,18.08,0.17,0.00023662,BAR
3097,1704792840.0,18.25,18.08,0.17,0.00023662,BAR
3098,1704792900.0,18.26,18.08,0.19,0.00023662,BAR
3099,1704792960.0,18.27,18.08,0.19,0.00023662,BAR
3100,1704793020.0,18.26,18.08,0.18,0.00023662,BAR
3101,1704793080.0,18.26,18.08,0.18,0.00023662,BAR
3102,1704793140.0,18.26,18.08,0.18,0.00023662,BAR
3103,1704793200.0,18.26,18.08,0.19,0.00023662,BAR
3104,1704793260.0,18.26,18.08,0.19,0.00023662,BAR
3105,1704793320.0,18.26,18.08,0.19,0.00023662,BAR
3106,1704793380.0,18.25,18.08,0.18,0.00023662,BAR
3107,1704793440.0,18.25,18.08,0.18,0.00023662,BAR
3108,1704793500.0,18.24,18.08,0.16,0.00023662,BAR
3109,1704793560.0,18.23,18.08,0.15,0.00023662,BAR
3110,1704793620.0,18.23,18.08,0.16,0.00023662,BAR
3111,1704793680.0,18.22,18.08,0.15,0.00023662,BAR
3112,1704793740.0,18.23,18.08,0.15,0.00023662,BAR
3113,1704793800.0,18.25,18.08,0.17,0.00023662,BAR
3114,1704793860.0,18.25,18.08,0.17,0.00023662,BAR
3115,1704793920.0,18.25,18.08,0.18,0.00023662,BAR
3116,1704793980.0,18.25,18.08,0.17,0.00023662,BAR
3117,1704794040.0,18.25,18.08,0.17,0.00023662,BAR
3118,1704794100.0,18.23,18.08,0.16,0.00023662,BAR
3119,1704794160.0,18.23,18.08,0.15,0.00023662,BAR
3120,1704794220.0,18.23,18.08,0.15,0.00023662,BAR
3121,1704794280.0,18.22,18.08,0.15,0.00023662,BAR
3122,1704794340.0,18.22,18.08,0.15,0.00023662,BAR
3123,1704794400.0,18.22,18.08,0.15,0.00023662,BAR
3124,1704794460.0,18.23,18.08,0.16,0.00023662,BAR
3125,1704794520.0,18.23,18.08,0.15,0.00023662,BAR
3126,1704794580.0,18.24,18.08,0.16,0.00023662,BAR
3127,1704794640.0,18.24,18.08,0.17,0.00023662,BAR
3128,1704794700.0,18.24,18.08,0.16,0.00023662,BAR
3129,1704794760.0,18.24,18.08,0.16,0.00023662,BAR
3130,1704794820.0,18.25,18.08,0.17,0.00023662,BAR
3131,1704794880.0,18.25,18.08,0.17,0.00023662,BAR
3132,1704794940.0,18.25,18.08,0.18,0.00023662,BAR
3133,1704795000.0,18.25,18.08,0.18,0.00023662,BAR
3134,1704795060.0,18.25,18.08,0.17,0.00023662,BAR
3135,1704795120.0,18.24,18.08,0.17,0.00023662,BAR
3136,1704795180.0,18.24,18.08,0.16,0.00023662,BAR
3137,1704795240.0,18.24,18.08,0.17,0.00023662,BAR
3138,1704795300.0,18.25,18.08,0.18,0.00023662,BAR
3139,1704795360.0,18.25,18.08,0.18,0.00023662,BAR
3140,1704795420.0,18.26,18.08,0.18,0.00023662,BAR
3141,1704795480.0,18.26,18.08,0.18,0.00023662,BAR
3142,1704795540.0,18.26,18.08,0.18,0.00023662,BAR
3143,1704795600.0,18.26,18.08,0.18,0.00023662,BAR
3144,1704795660.0,18.26,18.08,0.19,0.00023662,BAR
3145,1704795720.0,18.26,18.08,0.19,0.00023662,BAR
3146,1704795780.0,18.27,18.08,0.19,0.00023662,BAR
3147,1704795840.0,18.26,18.08,0.19,0.00023662,BAR
3148,1704795900.0,18.26,18.08,0.19,0.00023662,BAR
3149,1704795960.0,18.26,18.08,0.19,0.00023662,BAR
3150,1704796020.0,18.25,18.08,0.18,0.00023662,BAR
3151,1704796080.0,18.25,18.08,0.18,0.00023662,BAR
3152,1704796140.0,18.26,18.08,0.18,0.00023662,BAR
3153,1704796200.0,18.26,18.08,0.18,0.00023662,BAR
3154,1704796260.0,18.26,18.08,0.18,0.00023662,BAR
3155,1704796320.0,18.25,18.08,0.17,0.00023662,BAR
3156,1704796380.0,18.25,18.08,0.17,0.00023662,BAR
3157,1704796440.0,18.25,18.08,0.17,0.00023662,BAR
3158,1704796500.0,18.24,18.08,0.17,0.00023662,BAR
3159,1704796560.0,18.23,18.08,0.16,0.00023662,BAR
3160,1704796620.0,18.24,18.08,0.16,0.00023662,BAR
3161,1704796680.0,18.24,18.08,0.16,0.00023662,BAR
3162,1704796740.0,18.24,18.08,0.16,0.00023662,BAR
3163,1704796800.0,18.25,18.08,0.17,0.00023662,BAR
3164,1704796860.0,18.25,18.08,0.17,0.00023662,BAR
3165,1704796920.0,18.24,18.08,0.17,0.00023662,BAR
3166,1704796980.0,18.24,18.08,0.17,0.00023662,BAR
3167,1704797040.0,18.24,18.08,0.17,0.00023662,BAR
3168,1704797100.0,18.23,18.08,0.16,0.00023662,BAR
3169,1704797160.0,18.24,18.08,0.16,0.00023662,BAR
3170,1704797220.0,18.23,18.08,0.16,0.00023662,BAR
3171,1704797280.0,18.22,18.08,0.15,0.00023662,BAR
3172,1704797340.0,18.22,18.08,0.14,0.00023662,BAR
3173,1704797400.0,18.23,18.08,0.15,0.00023662,BAR
3174,1704797460.0,18.22,18.08,0.15,0.00023662,BAR
3175,1704797520.0,18.22,18.08,0.14,0.00023662,BAR
3176,1704797580.0,18.21,18.08,0.14,0.00023662,BAR
3177,1704797640.0,18.22,18.08,0.14,0.00023662,BAR
3178,1704797700.0,18.21,18.08,0.14,0.00023662,BAR
3179,1704797760.0,18.21,18.08,0.13,0.00023662,BAR
3180,1704797820.0,18.21,18.08,0.13,0.00023662,BAR
3181,1704797880.0,18.21,18.08,0.13,0.00023662,BAR
3182,1704797940.0,18.21,18.08,0.14,0.00023662,BAR
3183,1704798000.0,18.21,18.08,0.13,0.00023662,BAR
3184,1704798060.0,18.22,18.08,0.14,0.00023662,BAR
3185,1704798120.0,18.22,18.08,0.15,0.00023662,BAR
3186,1704798180.0,18.23,18.08,0.16,0.00023662,BAR
3187,1704798240.0,18.23,18.08,0.15,0.00023662,BAR
3188,1704798300.0,18.23,18.08,0.15,0.00023662,BAR
3189,1704798360.0,18.22,18.08,0.15,0.00023662,BAR
3190,1704798420.0,18.22,18.08,0.14,0.00023662,BAR
3191,1704798480.0,18.22,18.08,0.14,0.00023662,BAR
3192,1704798540.0,18.23,18.08,0.16,0.00023662,BAR
3193,1704798600.0,18.23,18.08,0.16,0.00023662,BAR
3194,1704798660.0,18.23,18.08,0.15,0.00023662,BAR
3195,1704798720.0,18.23,18.08,0.15,0.00023662,BAR
3196,1704798780.0,18.23,18.08,0.15,0.00023662,BAR
3197,1704798840.0,18.23,18.08,0.16,0.00023662,BAR
3198,1704798900.0,18.24,18.08,0.16,0.00023662,BAR
3199,1704798960.0,18.24,18.08,0.16,0.00023662,BAR
3200,1704799020.0,18.24,18.08,0.17,0.00023662,BAR
3201,1704799080.0,18.24,18.08,0.17,0.00023662,BAR
3202,1704799140.0,18.24,18.08,0.16,0.00023662,BAR
3203,1704799200.0,18.24,18.08,0.17,0.00023662,BAR
3204,1704799260.0,18.24,18.08,0.17,0.00023662,BAR
3205,1704799320.0,18.25,18.08,0.17,0.00023662,BAR
3206,1704799380.0,18.25,18.08,0.17,0.00023662,BAR
3207,1704799440.0,18.24,18.08,0.17,0.00023662,BAR
3208,1704799500.0,18.24,18.08,0.17,0.00023662,BAR
3209,1704799560.0,18.25,18.08,0.17,0.00023662,BAR
3210,1704799620.0,18.24,18.08,0.17,0.00023662,BAR
3211,1704799680.0,18.24,18.08,0.16,0.00023662,BAR
3212,1704799740.0,18.24,18.08,0.16,0.00023662,BAR
3213,1704799800.0,18.23,18.08,0.16,0.00023662,BAR
3214,1704799860.0,18.24,18.08,0.16,0.00023662,BAR
3215,1704799920.0,18.24,18.08,0.16,0.00023662,BAR
3216,1704799980.0,18.25,18.08,0.17,0.00023662,BAR
3217,1704800040.0,18.25,18.08,0.18,0.00023662,BAR
3218,1704800100.0,18.25,18.08,0.17,0.00023662,BAR
3219,1704800160.0,18.24,18.08,0.16,0.00023662,BAR
3220,1704800220.0,18.24,18.08,0.16,0.00023662,BAR
3221,1704800280.0,18.23,18.08,0.16,0.00023662,BAR
3222,1704800340.0,18.23,18.08,0.15,0.00023662,BAR
3223,1704800400.0,18.22,18.08,0.15,0.00023662,BAR
3224,1704800460.0,18.22,18.08,0.15,0.00023662,BAR
3225,1704800520.0,18.22,18.08,0.14,0.00023662,BAR
3226,1704800580.0,18.22,18.08,0.14,0.00023662,BAR
3227,1704800640.0,18.22,18.08,0.15,0.00023662,BAR
3228,1704800700.0,18.22,18.08,0.14,0.00023662,BAR
3229,1704800760.0,18.22,18.08,0.15,0.00023662,BAR
3230,1704800820.0,18.22,18.08,0.14,0.00023662,BAR
3231,1704800880.0,18.23,18.08,0.15,0.00023662,BAR
3232,1704800940.0,18.24,18.08,0.16,0.00023662,BAR
3233,1704801000.0,18.24,18.08,0.16,0.00023662,BAR
3234,1704801060.0,18.24,18.08,0.16,0.00023662,BAR
3235,1704801120.0,18.24,18.08,0.17,0.00023662,BAR
3236,1704801180.0,18.24,18.08,0.16,0.00023662,BAR
3237,1704801240.0,18.25,18.08,0.17,0.00023662,BAR
3238,1704801300.0,18.24,18.08,0.17,0.00023662,BAR
3239,1704801360.0,18.25,18.08,0.17,0.00023662,BAR
3240,1704801420.0,18.25,18.08,0.17,0.00023662,BAR
3241,1704801480.0,18.25,18.08,0.18,0.00023662,BAR
3242,1704801540.0,18.25,18.08,0.18,0.00023662,BAR
3243,1704801600.0,18.26,18.08,0.18,0.00023662,BAR
3244,1704801660.0,18.27,18.08,0.19,0.00023662,BAR
3245,1704801720.0,18.28,18.08,0.20,0.00023662,BAR
3246,1704801780.0,18.28,18.08,0.21,0.00023662,BAR
3247,1704801840.0,18.28,18.08,0.20,0.00023662,BAR
3248,1704801900.0,18.27,18.08,0.19,0.00023662,BAR
3249,1704801960.0,18.27,18.08,0.19,0.00023662,BAR
3250,1704802020.0,18.26,18.08,0.19,0.00023662,BAR
3251,1704802080.0,18.27,18.08,0.19,0.00023662,BAR
3252,1704802140.0,18.26,18.08,0.19,0.00023662,BAR
3253,1704802200.0,18.27,18.08,0.19,0.00023662,BAR
3254,1704802260.0,18.27,18.08,0.20,0.00023662,BAR
3255,1704802320.0,18.28,18.08,0.20,0.00023662,BAR
3256,1704802380.0,18.28,18.08,0.20,0.00023662,BAR
3257,1704802440.0,18.28,18.08,0.20,0.00023662,BAR
3258,1704802500.0,18.27,18.08,0.20,0.00023662,BAR
3259,1704802560.0,18.27,18.08,0.20,0.00023662,BAR
3260,1704802620.0,18.28,18.08,0.21,0.00023662,BAR
3261,1704802680.0,18.28,18.08,0.20,0.00023662,BAR
3262,1704802740.0,18.27,18.08,0.20,0.00023662,BAR
3263,1704802800.0,18.27,18.08,0.19,0.00023662,BAR
3264,1704802860.0,18.26,18.08,0.19,0.00023662,BAR
3265,1704802920.0,18.27,18.08,0.19,0.00023662,BAR
3266,1704802980.0,18.27,18.08,0.20,0.00023662,BAR
3267,1704803040.0,18.27,18.08,0.19,0.00023662,BAR
3268,1704803100.0,18.27,18.08,0.19,0.00023662,BAR
3269,1704803160.0,18.27,18.08,0.19,0.00023662,BAR
3270,1704803220.0,18.27,18.08,0.19,0.00023662,BAR
3271,1704803280.0,18.27,18.08,0.19,0.00023662,BAR
3272,1704803340.0,18.27,18.08,0.19,0.00023662,BAR
3273,1704803400.0,18.26,18.08,0.18,0.00023662,BAR
3274,1704803460.0,18.25,18.08,0.18,0.00023662,BAR
3275,1704803520.0,18.27,18.08,0.19,0.00023662,BAR
3276,1704803580.0,18.27,18.08,0.19,0.00023662,BAR
3277,1704803640.0,18.27,18.08,0.19,0.00023662,BAR
3278,1704803700.0,18.27,18.08,0.19,0.00023662,BAR
3279,1704803760.0,18.27,18.08,0.19,0.00023662,BAR
3280,1704803820.0,18.26,18.08,0.18,0.00023662,BAR
3281,1704803880.0,18.27,18.08,0.20,0.00023662,BAR
3282,1704803940.0,18.28,18.08,0.21,0.00023662,BAR
3283,1704804000.0,18.27,18.08,0.20,0.00023662,BAR
3284,1704804060.0,18.27,18.08,0.20,0.00023662,BAR
3285,1704804120.0,18.28,18.08,0.21,0.00023662,BAR
3286,1704804180.0,18.28,18.08,0.20,0.00023662,BAR
3287,1704804240.0,18.28,18.08,0.20,0.00023662,BAR
3288,1704804300.0,18.27,18.08,0.19,0.00023662,BAR
3289,1704804360.0,18.26,18.08,0.18,0.00023662,BAR
3290,1704804420.0,18.28,18.08,0.20,0.00023662,BAR
3291,1704804480.0,18.28,18.08,0.20,0.00023662,BAR
3292,1704804540.0,18.30,18.08,0.22,0.00023662,BAR
3293,1704804600.0,18.33,18.08,0.25,0.00023662,BAR
3294,1704804660.0,18.31,18.08,0.23,0.00023662,BAR
3295,1704804720.0,18.33,18.08,0.25,0.00023662,BAR
3296,1704804780.0,18.32,18.08,0.24,0.00023662,BAR
3297,1704804840.0,18.30,18.08,0.22,0.00023662,BAR
3298,1704804900.0,18.25,18.08,0.17,0.00023662,BAR
3299,1704804960.0,18.04,18.08,-0.04,0.00023662,BAR
3300,1704805020.0,18.18,18.08,0.10,0.00023662,BAR
3301,1704805080.0,18.17,18.08,0.09,0.00023662,BAR
3302,1704805140.0,18.15,18.08,0.07,0.00023662,BAR
3303,1704805200.0,18.20,18.08,0.13,0.00023662,BAR
3304,1704805260.0,18.23,18.08,0.16,0.00023662,BAR
3305,1704805320.0,18.23,18.08,0.15,0.00023662,BAR
3306,1704805380.0,18.23,18.08,0.16,0.00023662,BAR
3307,1704805440.0,18.25,18.08,0.17,0.00023662,BAR
3308,1704805500.0,18.25,18.08,0.18,0.00023662,BAR
3309,1704805560.0,18.22,18.08,0.15,0.00023662,BAR
3310,1704805620.0,18.22,18.08,0.15,0.00023662,BAR
3311,1704805680.0,18.23,18.08,0.15,0.00023662,BAR
3312,1704805740.0,18.22,18.08,0.14,0.00023662,BAR
3313,1704805800.0,18.23,18.08,0.16,0.00023662,BAR
3314,1704805860.0,18.22,18.08,0.14,0.00023662,BAR
3315,1704805920.0,18.23,18.08,0.15,0.00023662,BAR
3316,1704805980.0,18.25,18.08,0.18,0.00023662,BAR
3317,1704806040.0,18.24,18.08,0.17,0.00023662,BAR
3318,1704806100.0,18.23,18.08,0.15,0.00023662,BAR
3319,1704806160.0,18.24,18.08,0.17,0.00023662,BAR
3320,1704806220.0,18.26,18.08,0.18,0.00023662,BAR
3321,1704806280.0,18.25,18.08,0.18,0.00023662,BAR
3322,1704806340.0,18.29,18.08,0.21,0.00023662,BAR
3323,1704806400.0,18.30,18.08,0.23,0.00023662,BAR
3324,1704806460.0,18.28,18.08,0.20,0.00023662,BAR
3325,1704806520.0,18.27,18.08,0.20,0.00023662,BAR
3326,1704806580.0,18.26,18.08,0.19,0.00023662,BAR
3327,1704806640.0,18.28,18.08,0.20,0.00023662,BAR
3328,1704806700.0,18.27,18.08,0.19,0.00023662,BAR
3329,1704806760.0,18.26,18.08,0.18,0.00023662,BAR
3330,1704806820.0,18.27,18.08,0.19,0.00023662,BAR
3331,1704806880.0,18.26,18.08,0.18,0.00023662,BAR
3332,1704806940.0,18.26,18.08,0.18,0.00023662,BAR
3333,1704807000.0,18.27,18.08,0.19,0.00023662,BAR
3334,1704807060.0,18.27,18.08,0.20,0.00023662,BAR
3335,1704807120.0,18.28,18.08,0.20,0.00023662,BAR
3336,1704807180.0,18.28,18.08,0.20,0.00023662,BAR
3337,1704807240.0,18.27,18.08,0.20,0.00023662,BAR
3338,1704807300.0,18.26,18.08,0.19,0.00023662,BAR
3339,1704807360.0,18.29,18.08,0.21,0.00023662,BAR
3340,1704807420.0,18.26,18.08,0.19,0.00023662,BAR
3341,1704807480.0,18.25,18.08,0.18,0.00023662,BAR
3342,1704807540.0,18.27,18.08,0.20,0.00023662,BAR
3343,1704807600.0,18.27,18.08,0.19,0.00023662,BAR
3344,1704807660.0,18.26,18.08,0.18,0.00023662,BAR
3345,1704807720.0,18.26,18.08,0.19,0.00023662,BAR
3346,1704807780.0,18.26,18.08,0.18,0.00023662,BAR
3347,1704807840.0,18.25,18.08,0.18,0.00023662,BAR
3348,1704807900.0,18.26,18.08,0.19,0.00023662,BAR
3349,1704807960.0,18.27,18.08,0.19,0.00023662,BAR
3350,1704808020.0,18.27,18.08,0.20,0.00023662,BAR
3351,1704808080.0,18.28,18.08,0.21,0.00023662,BAR
3352,1704808140.0,18.29,18.08,0.22,0.00023662,BAR
3353,1704808200.0,18.28,18.08,0.21,0.00023662,BAR
3354,1704808260.0,18.30,18.08,0.23,0.00023662,BAR
3355,1704808320.0,18.33,18.08,0.25,0.00023662,BAR
3356,1704808380.0,18.34,18.08,0.26,0.00023662,BAR
3357,1704808440.0,18.32,18.08,0.25,0.00023662,BAR
3358,1704808500.0,18.31,18.08,0.23,0.00023662,BAR
3359,1704808560.0,18.30,18.08,0.22,0.00023662,BAR
3360,1704808620.0,18.30,18.08,0.22,0.00023662,BAR
3361,1704808680.0,18.29,18.08,0.22,0.00023662,BAR
3362,1704808740.0,18.31,18.08,0.23,0.00023662,BAR
3363,1704808800.0,18.31,18.08,0.23,0.00023662,BAR
3364,1704808860.0,18.33,18.08,0.25,0.00023662,BAR
3365,1704808920.0,18.33,18.08,0.25,0.00023662,BAR
3366,1704808980.0,18.30,18.08,0.22,0.00023662,BAR
3367,1704809040.0,18.31,18.08,0.23,0.00023662,BAR
3368,1704809100.0,18.32,18.08,0.24,0.00023662,BAR
3369,1704809160.0,18.32,18.08,0.24,0.00023662,BAR
3370,1704809220.0,18.32,18.08,0.24,0.00023662,BAR
3371,1704809280.0,18.29,18.08,0.22,0.00023662,BAR
3372,1704809340.0,18.30,18.08,0.23,0.00023662,BAR
3373,1704809400.0,18.29,18.08,0.21,0.00023662,BAR
3374,1704809460.0,18.29,18.08,0.21,0.00023662,BAR
3375,1704809520.0,18.30,18.08,0.23,0.00023662,BAR
3376,1704809580.0,18.30,18.08,0.23,0.00023662,BAR
3377,1704809640.0,18.31,18.08,0.23,0.00023662,BAR
3378,1704809700.0,18.28,18.08,0.21,0.00023662,BAR
3379,1704809760.0,18.27,18.08,0.20,0.00023662,BAR
3380,1704809820.0,18.27,18.08,0.19,0.00023662,BAR
3381,1704809880.0,18.28,18.08,0.21,0.00023662,BAR
3382,1704809940.0,18.28,18.08,0.20,0.00023662,BAR
3383,1704810000.0,18.29,18.08,0.21,0.00023662,BAR
3384,1704810060.0,18.30,18.08,0.22,0.00023662,BAR
3385,1704810120.0,18.30,18.08,0.23,0.00023662,BAR
3386,1704810180.0,18.30,18.08,0.22,0.00023662,BAR
3387,1704810240.0,18.29,18.08,0.22,0.00023662,BAR
3388,1704810300.0,18.27,18.08,0.20,0.00023662,BAR
3389,1704810360.0,18.28,18.08,0.20,0.00023662,BAR
3390,1704810420.0,18.28,18.08,0.20,0.00023662,BAR
3391,1704810480.0,18.27,18.08,0.20,0.00023662,BAR
3392,1704810540.0,18.28,18.08,0.21,0.00023662,BAR
3393,1704810600.0,18.27,18.08,0.20,0.00023662,BAR
3394,1704810660.0,18.27,18.08,0.19,0.00023662,BAR
3395,1704810720.0,18.27,18.08,0.20,0.00023662,BAR
3396,1704810780.0,18.27,18.08,0.20,0.00023662,BAR
3397,1704810840.0,18.27,18.08,0.20,0.00023662,BAR
3398,1704810900.0,18.27,18.08,0.19,0.00023662,BAR
3399,1704810960.0,18.25,18.08,0.18,0.00023662,BAR
3400,1704811020.0,18.27,18.08,0.19,0.00023662,BAR
3401,1704811080.0,18.27,18.08,0.20,0.00023662,BAR
3402,1704811140.0,18.27,18.08,0.20,0.00023662,BAR
3403,1704811200.0,18.27,18.08,0.19,0.00023662,BAR
3404,1704811260.0,18.27,18.08,0.20,0.00023662,BAR
3405,1704811320.0,18.27,18.08,0.19,0.00023662,BAR
3406,1704811380.0,18.26,18.08,0.18,0.00023662,BAR
3407,1704811440.0,18.25,18.08,0.17,0.00023662,BAR
3408,1704811500.0,18.25,18.08,0.17,0.00023662,BAR
3409,1704811560.0,18.26,18.08,0.18,0.00023662,BAR
3410,1704811620.0,18.26,18.08,0.18,0.00023662,BAR
3411,1704811680.0,18.27,18.08,0.19,0.00023662,BAR
3412,1704811740.0,18.26,18.08,0.19,0.00023662,BAR
3413,1704811800.0,18.26,18.08,0.18,0.00023662,BAR
3414,1704811860.0,18.26,18.08,0.19,0.00023662,BAR
3415,1704811920.0,18.28,18.08,0.21,0.00023662,BAR
3416,1704811980.0,18.28,18.08,0.21,0.00023662,BAR
3417,1704812040.0,18.27,18.08,0.20,0.00023662,BAR
3418,1704812100.0,18.24,18.08,0.17,0.00023662,BAR
3419,1704812160.0,18.25,18.08,0.17,0.00023662,BAR
3420,1704812220.0,18.24,18.08,0.17,0.00023662,BAR
3421,1704812280.0,18.25,18.08,0.18,0.00023662,BAR
3422,1704812340.0,18.24,18.08,0.17,0.00023662,BAR
3423,1704812400.0,18.24,18.08,0.17,0.00023662,BAR
3424,1704812460.0,18.22,18.08,0.14,0.00023662,BAR
3425,1704812520.0,18.22,18.08,0.15,0.00023662,BAR
3426,1704812580.0,18.23,18.08,0.15,0.00023662,BAR
3427,1704812640.0,18.23,18.08,0.15,0.00023662,BAR
3428,1704812700.0,18.21,18.08,0.14,0.00023662,BAR
3429,1704812760.0,18.23,18.08,0.15,0.00023662,BAR
3430,1704812820.0,18.22,18.08,0.14,0.00023662,BAR
3431,1704812880.0,18.23,18.08,0.16,0.00023662,BAR
3432,1704812940.0,18.23,18.08,0.16,0.00023662,BAR
3433,1704813000.0,18.23,18.08,0.16,0.00023662,BAR
3434,1704813060.0,18.25,18.08,0.18,0.00023662,BAR
3435,1704813120.0,18.26,18.08,0.18,0.00023662,BAR
3436,1704813180.0,18.24,18.08,0.17,0.00023662,BAR
3437,1704813240.0,18.24,18.08,0.17,0.00023662,BAR
3438,1704813300.0,18.26,18.08,0.18,0.00023662,BAR
3439,1704813360.0,18.28,18.08,0.20,0.00023662,BAR
3440,1704813420.0,18.28,18.08,0.20,0.00023662,BAR
3441,1704813480.0,18.29,18.08,0.21,0.00023662,BAR
3442,1704813540.0,18.28,18.08,0.21,0.00023662,BAR
3443,1704813600.0,18.28,18.08,0.20,0.00023662,BAR
3444,1704813660.0,18.28,18.08,0.21,0.00023662,BAR
3445,1704813720.0,18.28,18.08,0.20,0.00023662,BAR
3446,1704813780.0,18.30,18.08,0.22,0.00023662,BAR
3447,1704813840.0,18.29,18.08,0.22,0.00023662,BAR
3448,1704813900.0,18.29,18.08,0.21,0.00023662,BAR
3449,1704813960.0,18.27,18.08,0.20,0.00023662,BAR
3450,1704814020.0,18.27,18.08,0.19,0.00023662,BAR
3451,1704814080.0,18.28,18.08,0.20,0.00023662,BAR
3452,1704814140.0,18.28,18.08,0.20,0.00023662,BAR
3453,1704814200.0,18.29,18.08,0.21,0.00023662,BAR
3454,1704814260.0,18.29,18.08,0.22,0.00023662,BAR
3455,1704814320.0,18.29,18.08,0.21,0.00023662,BAR
3456,1704814380.0,18.31,18.08,0.23,0.00023662,BAR
3457,1704814440.0,18.30,18.08,0.23,0.00023662,BAR
3458,1704814500.0,18.31,18.08,0.23,0.00023662,BAR
3459,1704814560.0,18.31,18.08,0.24,0.00023662,BAR
3460,1704814620.0,18.32,18.08,0.25,0.00023662,BAR
3461,1704814680.0,18.32,18.08,0.25,0.00023662,BAR
3462,1704814740.0,18.32,18.08,0.25,0.00023662,BAR
3463,1704814800.0,18.33,18.08,0.26,0.00023662,BAR
3464,1704814860.0,18.34,18.08,0.26,0.00023662,BAR
3465,1704814920.0,18.34,18.08,0.27,0.00023662,BAR
3466,1704814980.0,18.32,18.08,0.25,0.00023662,BAR
3467,1704815040.0,18.33,18.08,0.26,0.00023662,BAR
3468,1704815100.0,18.32,18.08,0.24,0.00023662,BAR
3469,1704815160.0,18.31,18.08,0.24,0.00023662,BAR
3470,1704815220.0,18.32,18.08,0.24,0.00023662,BAR
3471,1704815280.0,18.31,18.08,0.23,0.00023662,BAR
3472,1704815340.0,18.31,18.08,0.23,0.00023662,BAR
3473,1704815400.0,18.30,18.08,0.23,0.00023662,BAR
3474,1704815460.0,18.29,18.08,0.22,0.00023662,BAR
3475,1704815520.0,18.29,18.08,0.22,0.00023662,BAR
3476,1704815580.0,18.30,18.08,0.23,0.00023662,BAR
3477,1704815640.0,18.30,18.08,0.23,0.00023662,BAR
3478,1704815700.0,18.31,18.08,0.24,0.00023662,BAR
3479,1704815760.0,18.32,18.08,0.24,0.00023662,BAR
3480,1704815820.0,18.32,18.08,0.25,0.00023662,BAR
3481,1704815880.0,18.31,18.08,0.24,0.00023662,BAR
3482,1704815940.0,18.31,18.08,0.24,0.00023662,BAR
3483,1704816000.0,18.32,18.08,0.24,0.00023662,BAR
3484,1704816060.0,18.31,18.08,0.23,0.00023662,BAR
3485,1704816120.0,18.30,18.08,0.23,0.00023662,BAR
3486,1704816180.0,18.31,18.08,0.23,0.00023662,BAR
3487,1704816240.0,18.31,18.08,0.23,0.00023662,BAR
3488,1704816300.0,18.30,18.08,0.23,0.00023662,BAR
3489,1704816360.0,18.30,18.08,0.22,0.00023662,BAR
3490,1704816420.0,18.29,18.08,0.22,0.00023662,BAR
3491,1704816480.0,18.30,18.08,0.22,0.00023662,BAR
3492,1704816540.0,18.30,18.08,0.23,0.00023662,BAR
3493,1704816600.0,18.30,18.08,0.22,0.00023662,BAR
3494,1704816660.0,18.33,18.08,0.25,0.00023662,BAR
3495,1704816720.0,18.32,18.08,0.24,0.00023662,BAR
3496,1704816780.0,18.32,18.08,0.25,0.00023662,BAR
3497,1704816840.0,18.33,18.08,0.25,0.00023662,BAR
3498,1704816900.0,18.33,18.08,0.26,0.00023662,BAR
3499,1704816960.0,18.34,18.08,0.26,0.00023662,BAR
3500,1704817020.0,18.32,18.08,0.25,0.00023662,BAR
3501,1704817080.0,18.31,18.08,0.24,0.00023662,BAR
3502,1704817140.0,18.32,18.08,0.24,0.00023662,BAR
3503,1704817200.0,18.30,18.08,0.23,0.00023662,BAR
3504,1704817260.0,18.30,18.08,0.22,0.00023662,BAR
3505,1704817320.0,18.31,18.08,0.23,0.00023662,BAR
3506,1704817380.0,18.31,18.08,0.23,0.00023662,BAR
3507,1704817440.0,18.32,18.08,0.24,0.00023662,BAR
3508,1704817500.0,18.32,18.08,0.25,0.00023662,BAR
3509,1704817560.0,18.31,18.08,0.23,0.00023662,BAR
3510,1704817620.0,18.31,18.08,0.23,0.00023662,BAR
3511,1704817680.0,18.30,18.08,0.22,0.00023662,BAR
3512,1704817740.0,18.30,18.08,0.22,0.00023662,BAR
3513,1704817800.0,18.30,18.08,0.23,0.00023662,BAR
3514,1704817860.0,18.29,18.08,0.21,0.00023662,BAR
3515,1704817920.0,18.30,18.08,0.22,0.00023662,BAR
3516,1704817980.0,18.31,18.08,0.23,0.00023662,BAR
3517,1704818040.0,18.30,18.08,0.23,0.00023662,BAR
3518,1704818100.0,18.31,18.08,0.23,0.00023662,BAR
3519,1704818160.0,18.31,18.08,0.24,0.00023662,BAR
3520,1704818220.0,18.31,18.08,0.24,0.00023662,BAR
3521,1704818280.0,18.32,18.08,0.24,0.00023662,BAR
3522,1704818340.0,18.32,18.08,0.24,0.00023662,BAR
3523,1704818400.0,18.30,18.08,0.23,0.00023662,BAR
3524,1704818460.0,18.30,18.08,0.23,0.00023662,BAR
3525,1704818520.0,18.30,18.08,0.22,0.00023662,BAR
3526,1704818580.0,18.30,18.08,0.23,0.00023662,BAR
3527,1704818640.0,18.31,18.08,0.23,0.00023662,BAR
3528,1704818700.0,18.31,18.08,0.23,0.00023662,BAR
3529,1704818760.0,18.31,18.08,0.24,0.00023662,BAR
3530,1704818820.0,18.30,18.08,0.23,0.00023662,BAR
3531,1704818880.0,18.30,18.08,0.22,0.00023662,BAR
3532,1704818940.0,18.30,18.08,0.22,0.00023662,BAR
3533,1704819000.0,18.30,18.08,0.23,0.00023662,BAR
3534,1704819060.0,18.30,18.08,0.22,0.00023662,BAR
3535,1704819120.0,18.30,18.08,0.23,0.00023662,BAR
3536,1704819180.0,18.31,18.08,0.23,0.00023662,BAR
3537,1704819240.0,18.31,18.08,0.23,0.00023662,BAR
3538,1704819300.0,18.32,18.08,0.24,0.00023662,BAR
3539,1704819360.0,18.33,18.08,0.25,0.00023662,BAR
3540,1704819420.0,18.32,18.08,0.25,0.00023662,BAR
3541,1704819480.0,18.32,18.08,0.24,0.00023662,BAR
3542,1704819540.0,18.32,18.08,0.25,0.00023662,BAR
3543,1704819600.0,18.32,18.08,0.25,0.00023662,BAR
3544,1704819660.0,18.31,18.08,0.23,0.00023662,BAR
3545,1704819720.0,18.30,18.08,0.23,0.00023662,BAR
3546,1704819780.0,18.31,18.08,0.23,0.00023662,BAR
3547,1704819840.0,18.31,18.08,0.23,0.00023662,BAR
3548,1704819900.0,18.31,18.08,0.24,0.00023662,BAR
3549,1704819960.0,18.30,18.08,0.23,0.00023662,BAR
3550,1704820020.0,18.30,18.08,0.22,0.00023662,BAR
3551,1704820080.0,18.30,18.08,0.22,0.00023662,BAR
3552,1704820140.0,18.30,18.08,0.22,0.00023662,BAR
3553,1704820200.0,18.29,18.08,0.22,0.00023662,BAR
3554,1704820260.0,18.29,18.08,0.22,0.00023662,BAR
3555,1704820320.0,18.30,18.08,0.22,0.00023662,BAR
3556,1704820380.0,18.30,18.08,0.22,0.00023662,BAR
3557,1704820440.0,18.30,18.08,0.22,0.00023662,BAR
3558,1704820500.0,18.29,18.08,0.21,0.00023662,BAR
3559,1704820560.0,18.29,18.08,0.21,0.00023662,BAR
3560,1704820620.0,18.29,18.08,0.22,0.00023662,BAR
3561,1704820680.0,18.30,18.08,0.23,0.00023662,BAR
3562,1704820740.0,18.30,18.08,0.23,0.00023662,BAR
3563,1704820800.0,18.29,18.08,0.21,0.00023662,BAR
3564,1704820860.0,18.29,18.08,0.21,0.00023662,BAR
3565,1704820920.0,18.30,18.08,0.23,0.00023662,BAR
3566,1704820980.0,18.32,18.08,0.24,0.00023662,BAR
3567,1704821040.0,18.31,18.08,0.23,0.00023662,BAR
3568,1704821100.0,18.31,18.08,0.23,0.00023662,BAR
3569,1704821160.0,18.31,18.08,0.23,0.00023662,BAR
3570,1704821220.0,18.30,18.08,0.23,0.00023662,BAR
3571,1704821280.0,18.31,18.08,0.23,0.00023662,BAR
3572,1704821340.0,18.29,18.08,0.22,0.00023662,BAR
3573,1704821400.0,18.29,18.08,0.21,0.00023662,BAR
3574,1704821460.0,18.27,18.08,0.19,0.00023662,BAR
3575,1704821520.0,18.27,18.08,0.19,0.00023662,BAR
3576,1704821580.0,18.27,18.08,0.19,0.00023662,BAR
3577,1704821640.0,18.27,18.08,0.19,0.00023662,BAR
3578,1704821700.0,18.28,18.08,0.20,0.00023662,BAR
3579,1704821760.0,18.27,18.08,0.20,0.00023662,BAR
3580,1704821820.0,18.28,18.08,0.20,0.00023662,BAR
3581,1704821880.0,18.28,18.08,0.20,0.00023662,BAR
3582,1704821940.0,18.27,18.08,0.20,0.00023662,BAR
3583,1704822000.0,18.27,18.08,0.19,0.00023662,BAR
3584,1704822060.0,18.26,18.08,0.19,0.00023662,BAR
3585,1704822120.0,18.27,18.08,0.20,0.00023662,BAR
3586,1704822180.0,18.27,18.08,0.19,0.00023662,BAR
3587,1704822240.0,18.27,18.08,0.20,0.00023662,BAR
3588,1704822300.0,18.28,18.08,0.20,0.00023662,BAR
3589,1704822360.0,18.29,18.08,0.21,0.00023662,BAR
3590,1704822420.0,18.29,18.08,0.22,0.00023662,BAR
3591,1704822480.0,18.31,18.08,0.23,0.00023662,BAR
3592,1704822540.0,18.30,18.08,0.23,0.00023662,BAR
3593,1704822600.0,18.30,18.08,0.22,0.00023662,BAR
3594,1704822660.0,18.30,18.08,0.22,0.00023662,BAR
3595,1704822720.0,18.29,18.08,0.21,0.00023662,BAR
3596,1704822780.0,18.30,18.08,0.22,0.00023662,BAR
3597,1704822840.0,18.29,18.08,0.22,0.00023662,BAR
3598,1704822900.0,18.28,18.08,0.20,0.00023662,BAR
3599,1704822960.0,18.28,18.08,0.21,0.00023662,BAR
3600,1704823020.0,18.28,18.08,0.21,0.00023662,BAR
3601,1704823080.0,18.28,18.08,0.20,0.00023662,BAR
3602,1704823140.0,18.28,18.08,0.20,0.00023662,BAR
3603,1704823200.0,18.27,18.08,0.19,0.00023662,BAR
3604,1704823260.0,18.27,18.08,0.19,0.00023662,BAR
3605,1704823320.0,18.28,18.08,0.20,0.00023662,BAR
3606,1704823380.0,18.27,18.08,0.19,0.00023662,BAR
3607,1704823440.0,18.27,18.08,0.19,0.00023662,BAR
3608,1704823500.0,18.26,18.08,0.19,0.00023662,BAR
3609,1704823560.0,18.25,18.08,0.17,0.00023662,BAR
3610,1704823620.0,18.25,18.08,0.17,0.00023662,BAR
3611,1704823680.0,18.25,18.08,0.17,0.00023662,BAR
3612,1704823740.0,18.24,18.08,0.17,0.00023662,BAR
3613,1704823800.0,18.25,18.08,0.18,0.00023662,BAR
3614,1704823860.0,18.26,18.08,0.18,0.00023662,BAR
3615,1704823920.0,18.25,18.08,0.18,0.00023662,BAR
3616,1704823980.0,18.25,18.08,0.17,0.00023662,BAR
3617,1704824040.0,18.25,18.08,0.18,0.00023662,BAR
3618,1704824100.0,18.26,18.08,0.18,0.00023662,BAR
3619,1704824160.0,18.25,18.08,0.18,0.00023662,BAR
3620,1704824220.0,18.25,18.08,0.17,0.00023662,BAR
3621,1704824280.0,18.25,18.08,0.17,0.00023662,BAR
3622,1704824340.0,18.25,18.08,0.17,0.00023662,BAR
3623,1704824400.0,18.25,18.08,0.17,0.00023662,BAR
3624,1704824460.0,18.26,18.08,0.18,0.00023662,BAR
3625,1704824520.0,18.27,18.08,0.19,0.00023662,BAR
3626,1704824580.0,18.25,18.08,0.18,0.00023662,BAR
3627,1704824640.0,18.24,18.08,0.17,0.00023662,BAR
3628,1704824700.0,18.25,18.08,0.18,0.00023662,BAR
3629,1704824760.0,18.25,18.08,0.18,0.00023662,BAR
3630,1704824820.0,18.25,18.08,0.18,0.00023662,BAR
3631,1704824880.0,18.25,18.08,0.18,0.00023662,BAR
3632,1704824940.0,18.25,18.08,0.18,0.00023662,BAR
3633,1704825000.0,18.24,18.08,0.17,0.00023662,BAR
3634,1704825060.0,18.25,18.08,0.18,0.00023662,BAR
3635,1704825120.0,18.25,18.08,0.17,0.00023662,BAR
3636,1704825180.0,18.23,18.08,0.16,0.00023662,BAR
3637,1704825240.0,18.23,18.08,0.15,0.00023662,BAR
3638,1704825300.0,18.24,18.08,0.16,0.00023662,BAR
3639,1704825360.0,18.23,18.08,0.16,0.00023662,BAR
3640,1704825420.0,18.24,18.08,0.16,0.00023662,BAR
3641,1704825480.0,18.25,18.08,0.17,0.00023662,BAR
3642,1704825540.0,18.25,18.08,0.17,0.00023662,BAR
3643,1704825600.0,18.25,18.08,0.18,0.00023662,BAR
3644,1704825660.0,18.25,18.08,0.18,0.00023662,BAR
3645,1704825720.0,18.26,18.08,0.18,0.00023662,BAR
3646,1704825780.0,18.26,18.08,0.18,0.00023662,BAR
3647,1704825840.0,18.25,18.08,0.18,0.00023662,BAR
3648,1704825900.0,18.25,18.08,0.18,0.00023662,BAR
3649,1704825960.0,18.26,18.08,0.19,0.00023662,BAR
3650,1704826020.0,18.26,18.08,0.19,0.00023662,BAR
3651,1704826080.0,18.26,18.08,0.18,0.00023662,BAR
3652,1704826140.0,18.26,18.08,0.18,0.00023662,BAR
3653,1704826200.0,18.25,18.08,0.18,0.00023662,BAR
3654,1704826260.0,18.25,18.08,0.18,0.00023662,BAR
3655,1704826320.0,18.26,18.08,0.18,0.00023662,BAR
3656,1704826380.0,18.27,18.08,0.19,0.00023662,BAR
3657,1704826440.0,18.26,18.08,0.19,0.00023662,BAR
3658,1704826500.0,18.26,18.08,0.18,0.00023662,BAR
3659,1704826560.0,18.25,18.08,0.18,0.00023662,BAR
3660,1704826620.0,18.26,18.08,0.18,0.00023662,BAR
3661,1704826680.0,18.26,18.08,0.19,0.00023662,BAR
3662,1704826740.0,18.26,18.08,0.18,0.00023662,BAR
3663,1704826800.0,18.26,18.08,0.19,0.00023662,BAR
3664,1704826860.0,18.27,18.08,0.20,0.00023662,BAR
3665,1704826920.0,18.27,18.08,0.19,0.00023662,BAR
3666,1704826980.0,18.28,18.08,0.20,0.00023662,BAR
3667,1704827040.0,18.28,18.08,0.20,0.00023662,BAR
3668,1704827100.0,18.27,18.08,0.19,0.00023662,BAR
3669,1704827160.0,18.27,18.08,0.19,0.00023662,BAR
3670,1704827220.0,18.27,18.08,0.19,0.00023662,BAR
3671,1704827280.0,18.26,18.08,0.19,0.00023662,BAR
3672,1704827340.0,18.26,18.08,0.18,0.00023662,BAR
3673,1704827400.0,18.25,18.08,0.17,0.00023662,BAR
3674,1704827460.0,18.25,18.08,0.18,0.00023662,BAR
3675,1704827520.0,18.25,18.08,0.18,0.00023662,BAR
3676,1704827580.0,18.26,18.08,0.18,0.00023662,BAR
3677,1704827640.0,18.26,18.08,0.19,0.00023662,BAR
3678,1704827700.0,18.26,18.08,0.19,0.00023662,BAR
3679,1704827760.0,18.26,18.08,0.18,0.00023662,BAR
3680,1704827820.0,18.26,18.08,0.19,0.00023662,BAR
3681,1704827880.0,18.27,18.08,0.20,0.00023662,BAR
3682,1704827940.0,18.29,18.08,0.21,0.00023662,BAR
3683,1704828000.0,18.28,18.08,0.20,0.00023662,BAR
3684,1704828060.0,18.27,18.08,0.20,0.00023662,BAR
3685,1704828120.0,18.27,18.08,0.20,0.00023662,BAR
3686,1704828180.0,18.28,18.08,0.20,0.00023662,BAR
3687,1704828240.0,18.28,18.08,0.20,0.00023662,BAR
3688,1704828300.0,18.28,18.08,0.21,0.00023662,BAR
3689,1704828360.0,18.28,18.08,0.21,0.00023662,BAR
3690,1704828420.0,18.28,18.08,0.20,0.00023662,BAR
3691,1704828480.0,18.28,18.08,0.21,0.00023662,BAR
3692,1704828540.0,18.29,18.08,0.21,0.00023662,BAR
3693,1704828600.0,18.29,18.08,0.21,0.00023662,BAR
3694,1704828660.0,18.29,18.08,0.22,0.00023662,BAR
3695,1704828720.0,18.30,18.08,0.23,0.00023662,BAR
3696,1704828780.0,18.30,18.08,0.23,0.00023662,BAR
3697,1704828840.0,18.30,18.08,0.23,0.00023662,BAR
3698,1704828900.0,18.30,18.08,0.22,0.00023662,BAR
3699,1704828960.0,18.30,18.08,0.23,0.00023662,BAR
3700,1704829020.0,18.30,18.08,0.22,0.00023662,BAR
3701,1704829080.0,18.31,18.08,0.23,0.00023662,BAR
3702,1704829140.0,18.31,18.08,0.24,0.00023662,BAR
3703,1704829200.0,18.31,18.08,0.23,0.00023662,BAR
3704,1704829260.0,18.30,18.08,0.22,0.00023662,BAR
3705,1704829320.0,18.30,18.08,0.23,0.00023662,BAR
3706,1704829380.0,18.28,18.08,0.21,0.00023662,BAR
3707,1704829440.0,18.29,18.08,0.22,0.00023662,BAR
3708,1704829500.0,18.28,18.08,0.20,0.00023662,BAR
3709,1704829560.0,18.29,18.08,0.21,0.00023662,BAR
3710,1704829620.0,18.29,18.08,0.22,0.00023662,BAR
3711,1704829680.0,18.30,18.08,0.22,0.00023662,BAR
3712,1704829740.0,18.31,18.08,0.23,0.00023662,BAR
3713,1704829800.0,18.31,18.08,0.23,0.00023662,BAR
3714,1704829860.0,18.31,18.08,0.23,0.00023662,BAR
3715,1704829920.0,18.31,18.08,0.23,0.00023662,BAR
3716,1704829980.0,18.31,18.08,0.24,0.00023662,BAR
3717,1704830040.0,18.31,18.08,0.24,0.00023662,BAR
3718,1704830100.0,18.30,18.08,0.23,0.00023662,BAR
3719,1704830160.0,18.31,18.08,0.23,0.00023662,BAR
3720,1704830220.0,18.31,18.08,0.24,0.00023662,BAR
3721,1704830280.0,18.32,18.08,0.24,0.00023662,BAR
3722,1704830340.0,18.32,18.08,0.24,0.00023662,BAR
3723,1704830400.0,18.32,18.08,0.24,0.00023662,BAR
3724,1704830460.0,18.32,18.08,0.25,0.00023662,BAR
3725,1704830520.0,18.32,18.08,0.25,0.00023662,BAR
3726,1704830580.0,18.31,18.08,0.24,0.00023662,BAR
3727,1704830640.0,18.32,18.08,0.24,0.00023662,BAR
3728,1704830700.0,18.32,18.08,0.24,0.00023662,BAR
3729,1704830760.0,18.32,18.08,0.25,0.00023662,BAR
3730,1704830820.0,18.32,18.08,0.24,0.00023662,BAR
3731,1704830880.0,18.31,18.08,0.24,0.00023662,BAR
3732,1704830940.0,18.31,18.08,0.24,0.00023662,BAR
3733,1704831000.0,18.31,18.08,0.24,0.00023662,BAR
3734,1704831060.0,18.31,18.08,0.23,0.00023662,BAR
3735,1704831120.0,18.30,18.08,0.23,0.00023662,BAR
3736,1704831180.0,18.31,18.08,0.23,0.00023662,BAR
3737,1704831240.0,18.30,18.08,0.23,0.00023662,BAR
3738,1704831300.0,18.30,18.08,0.22,0.00023662,BAR
3739,1704831360.0,18.28,18.08,0.20,0.00023662,BAR
3740,1704831420.0,18.29,18.08,0.21,0.00023662,BAR
3741,1704831480.0,18.29,18.08,0.22,0.00023662,BAR
3742,1704831540.0,18.30,18.08,0.22,0.00023662,BAR
3743,1704831600.0,18.29,18.08,0.22,0.00023662,BAR
3744,1704831660.0,18.29,18.08,0.22,0.00023662,BAR
3745,1704831720.0,18.28,18.08,0.21,0.00023662,BAR
3746,1704831780.0,18.28,18.08,0.20,0.00023662,BAR
3747,1704831840.0,18.28,18.08,0.20,0.00023662,BAR
3748,1704831900.0,18.28,18.08,0.20,0.00023662,BAR
3749,1704831960.0,18.29,18.08,0.21,0.00023662,BAR
3750,1704832020.0,18.29,18.08,0.21,0.00023662,BAR
3751,1704832080.0,18.29,18.08,0.22,0.00023662,BAR
3752,1704832140.0,18.29,18.08,0.21,0.00023662,BAR
3753,1704832200.0,18.29,18.08,0.21,0.00023662,BAR
3754,1704832260.0,18.27,18.08,0.20,0.00023662,BAR
3755,1704832320.0,18.28,18.08,0.20,0.00023662,BAR
3756,1704832380.0,18.28,18.08,0.20,0.00023662,BAR
3757,1704832440.0,18.27,18.08,0.20,0.00023662,BAR
3758,1704832500.0,18.27,18.08,0.20,0.00023662,BAR
3759,1704832560.0,18.28,18.08,0.20,0.00023662,BAR
3760,1704832620.0,18.27,18.08,0.20,0.00023662,BAR
3761,1704832680.0,18.27,18.08,0.19,0.00023662,BAR
3762,1704832740.0,18.27,18.08,0.20,0.00023662,BAR
3763,1704832800.0,18.28,18.08,0.20,0.00023662,BAR
3764,1704832860.0,18.28,18.08,0.20,0.00023662,BAR
3765,1704832920.0,18.29,18.08,0.21,0.00023662,BAR
3766,1704832980.0,18.29,18.08,0.21,0.00023662,BAR
3767,1704833040.0,18.29,18.08,0.21,0.00023662,BAR
3768,1704833100.0,18.28,18.08,0.21,0.00023662,BAR
3769,1704833160.0,18.29,18.08,0.21,0.00023662,BAR
3770,1704833220.0,18.29,18.08,0.22,0.00023662,BAR
3771,1704833280.0,18.29,18.08,0.21,0.00023662,BAR
3772,1704833340.0,18.28,18.08,0.21,0.00023662,BAR
3773,1704833400.0,18.28,18.08,0.20,0.00023662,BAR
3774,1704833460.0,18.27,18.08,0.19,0.00023662,BAR
3775,1704833520.0,18.27,18.08,0.19,0.00023662,BAR
3776,1704833580.0,18.28,18.08,0.20,0.00023662,BAR
3777,1704833640.0,18.26,18.08,0.18,0.00023662,BAR
3778,1704833700.0,18.26,18.08,0.19,0.00023662,BAR
3779,1704833760.0,18.26,18.08,0.18,0.00023662,BAR
3780,1704833820.0,18.25,18.08,0.18,0.00023662,BAR
3781,1704833880.0,18.26,18.08,0.18,0.00023662,BAR
3782,1704833940.0,18.26,18.08,0.18,0.00023662,BAR
3783,1704834000.0,18.27,18.08,0.20,0.00023662,BAR
3784,1704834060.0,18.27,18.08,0.19,0.00023662,BAR
3785,1704834120.0,18.28,18.08,0.20,0.00023662,BAR
3786,1704834180.0,18.27,18.08,0.20,0.00023662,BAR
3787,1704834240.0,18.28,18.08,0.20,0.00023662,BAR
3788,1704834300.0,18.28,18.08,0.21,0.00023662,BAR
3789,1704834360.0,18.29,18.08,0.21,0.00023662,BAR
3790,1704834420.0,18.29,18.08,0.22,0.00023662,BAR
3791,1704834480.0,18.29,18.08,0.22,0.00023662,BAR
3792,1704834540.0,18.28,18.08,0.20,0.00023662,BAR
3793,1704834600.0,18.28,18.08,0.20,0.00023662,BAR
3794,1704834660.0,18.42,18.08,0.34,0.00023662,BAR
3795,1704834720.0,29.35,29.35,0.00,0.00000000,BAR
3796,1704834780.0,29.35,29.35,0.00,0.00000000,BAR
3797,1704834840.0,29.35,29.35,0.00,0.00000000,BAR
3798,1704834900.0,29.35,29.35,0.00,0.00000000,BAR
3799,1704834960.0,29.35,29.35,0.00,0.00000000,BAR
3800,1704835020.0,29.35,29.35,0.00,0.00000000,BAR
3801,1704835080.0,29.35,29.35,0.00,0.00000000,BAR
3802,1704835140.0,29.35,29.35,0.00,0.00000000,BAR
3803,1704835200.0,29.35,29.35,0.00,0.00000000,BAR
3804,1704835260.0,29.35,29.35,0.00,0.00000000,BAR
3805,1704835320.0,29.35,29.35,0.00,0.00000000,BAR
3806,1704835380.0,29.35,29.35,0.00,0.00000000,BAR
3807,1704835440.0,29.35,29.35,0.00,0.00000000,BAR
3808,1704835500.0,29.35,29.35,0.00,0.00000000,BAR
3809,1704835560.0,29.35,29.35,0.00,0.00000000,BAR
3810,1704835620.0,29.35,29.35,0.00,0.00000000,BAR
3811,1704835680.0,29.35,29.35,0.00,0.00000000,BAR
3812,1704835740.0,29.28,29.28,0.00,-0.00143982,POST_TRADE
3813,1704835740.0,29.28,29.28,0.00,-0.00143982,BAR
3814,1704835800.0,29.09,29.28,-0.20,-0.00143982,BAR
3815,1704835860.0,29.13,29.28,-0.16,-0.00143982,BAR
3816,1704835920.0,29.59,29.28,0.31,-0.00143982,BAR
3817,1704835980.0,29.49,29.28,0.21,-0.00143982,BAR
3818,1704836040.0,29.24,29.28,-0.04,-0.00143982,BAR
3819,1704836100.0,29.11,29.28,-0.17,-0.00143982,BAR
3820,1704836160.0,28.85,29.28,-0.44,-0.00143982,BAR
3821,1704836220.0,28.87,29.28,-0.41,-0.00143982,BAR
3822,1704836280.0,28.95,29.28,-0.34,-0.00143982,BAR
3823,1704836340.0,28.74,29.28,-0.54,-0.00143982,BAR
3824,1704836400.0,28.80,29.28,-0.48,-0.00143982,BAR
3825,1704836460.0,28.71,29.28,-0.58,-0.00143982,BAR
3826,1704836520.0,28.90,29.28,-0.38,-0.00143982,BAR
3827,1704836580.0,28.99,29.28,-0.29,-0.00143982,BAR
3828,1704836640.0,29.14,29.28,-0.15,-0.00143982,BAR
3829,1704836700.0,28.94,29.28,-0.34,-0.00143982,BAR
3830,1704836760.0,29.20,29.28,-0.08,-0.00143982,BAR
3831,1704836820.0,29.38,29.28,0.09,-0.00143982,BAR
3832,1704836880.0,29.24,29.28,-0.05,-0.00143982,BAR
3833,1704836940.0,29.25,29.28,-0.04,-0.00143982,BAR
3834,1704837000.0,29.33,29.28,0.05,-0.00143982,BAR
3835,1704837060.0,29.40,29.28,0.12,-0.00143982,BAR
3836,1704837120.0,29.44,29.28,0.16,-0.00143982,BAR
3837,1704837180.0,29.72,29.28,0.43,-0.00143982,BAR
3838,1704837240.0,29.56,29.28,0.27,-0.00143982,BAR
3839,1704837300.0,29.79,29.28,0.51,-0.00143982,BAR
3840,1704837360.0,30.00,29.28,0.72,-0.00143982,BAR
3841,1704837420.0,29.79,29.28,0.51,-0.00143982,BAR
3842,1704837480.0,29.70,29.28,0.41,-0.00143982,BAR
3843,1704837540.0,29.90,29.28,0.61,-0.00143982,BAR
3844,1704837600.0,29.98,29.28,0.70,-0.00143982,BAR
3845,1704837660.0,29.67,29.28,0.39,-0.00143982,BAR
3846,1704837720.0,29.79,29.28,0.51,-0.00143982,BAR
3847,1704837780.0,30.08,29.28,0.80,-0.00143982,BAR
3848,1704837840.0,29.85,29.28,0.56,-0.00143982,BAR
3849,1704837900.0,29.78,29.28,0.49,-0.00143982,BAR
3850,1704837960.0,29.59,29.28,0.30,-0.00143982,BAR
3851,1704838020.0,29.56,29.28,0.28,-0.00143982,BAR
3852,1704838080.0,29.39,29.28,0.10,-0.00143982,BAR
3853,1704838140.0,29.53,29.28,0.25,-0.00143982,BAR
3854,1704838200.0,29.55,29.28,0.27,-0.00143982,BAR
3855,1704838260.0,29.60,29.28,0.32,-0.00143982,BAR
3856,1704838320.0,29.57,29.28,0.29,-0.00143982,BAR
3857,1704838380.0,29.60,29.28,0.32,-0.00143982,BAR
3858,1704838440.0,29.70,29.28,0.42,-0.00143982,BAR
3859,1704838500.0,29.49,29.28,0.21,-0.00143982,BAR
3860,1704838560.0,29.48,29.28,0.20,-0.00143982,BAR
3861,1704838620.0,29.59,29.28,0.31,-0.00143982,BAR
3862,1704838680.0,29.59,29.28,0.30,-0.00143982,BAR
3863,1704838740.0,29.43,29.28,0.15,-0.00143982,BAR
3864,1704838800.0,29.43,29.28,0.15,-0.00143982,BAR
3865,1704838860.0,29.54,29.28,0.25,-0.00143982,BAR
3866,1704838920.0,29.57,29.28,0.28,-0.00143982,BAR
3867,1704838980.0,29.54,29.28,0.26,-0.00143982,BAR
3868,1704839040.0,29.61,29.28,0.32,-0.00143982,BAR
3869,1704839100.0,29.47,29.28,0.19,-0.00143982,BAR
3870,1704839160.0,29.39,29.28,0.11,-0.00143982,BAR
3871,1704839220.0,29.28,29.28,-0.00,-0.00143982,BAR
3872,1704839280.0,29.38,29.28,0.10,-0.00143982,BAR
3873,1704839340.0,29.36,29.28,0.07,-0.00143982,BAR
3874,1704839400.0,29.34,29.28,0.05,-0.00143982,BAR
3875,1704839460.0,29.25,29.28,-0.03,-0.00143982,BAR
3876,1704839520.0,29.20,29.28,-0.08,-0.00143982,BAR
3877,1704839580.0,29.25,29.28,-0.04,-0.00143982,BAR
3878,1704839640.0,29.18,29.28,-0.11,-0.00143982,BAR
3879,1704839700.0,29.16,29.28,-0.12,-0.00143982,BAR
3880,1704839760.0,29.14,29.28,-0.15,-0.00143982,BAR
3881,1704839820.0,29.14,29.28,-0.14,-0.00143982,BAR
3882,1704839880.0,29.15,29.28,-0.14,-0.00143982,BAR
3883,1704839940.0,29.23,29.28,-0.05,-0.00143982,BAR
3884,1704840000.0,29.09,29.28,-0.19,-0.00143982,BAR
3885,1704840060.0,29.07,29.28,-0.21,-0.00143982,BAR
3886,1704840120.0,29.10,29.28,-0.19,-0.00143982,BAR
3887,1704840180.0,29.06,29.28,-0.22,-0.00143982,BAR
3888,1704840240.0,29.07,29.28,-0.22,-0.00143982,BAR
3889,1704840300.0,29.09,29.28,-0.19,-0.00143982,BAR
3890,1704840360.0,29.28,29.28,-0.00,-0.00143982,BAR
3891,1704840420.0,29.13,29.28,-0.16,-0.00143982,BAR
3892,1704840480.0,29.07,29.28,-0.21,-0.00143982,BAR
3893,1704840540.0,29.08,29.28,-0.20,-0.00143982,BAR
3894,1704840600.0,29.12,29.28,-0.16,-0.00143982,BAR
3895,1704840660.0,29.17,29.28,-0.11,-0.00143982,BAR
3896,1704840720.0,29.15,29.28,-0.13,-0.00143982,BAR
3897,1704840780.0,29.28,29.28,-0.00,-0.00143982,BAR
3898,1704840840.0,29.04,29.28,-0.24,-0.00143982,BAR
3899,1704840900.0,28.97,29.28,-0.31,-0.00143982,BAR
3900,1704840960.0,28.93,29.28,-0.35,-0.00143982,BAR
3901,1704841020.0,28.81,29.28,-0.47,-0.00143982,BAR
3902,1704841080.0,28.73,29.28,-0.55,-0.00143982,BAR
3903,1704841140.0,28.72,29.28,-0.56,-0.00143982,BAR
3904,1704841200.0,28.79,29.28,-0.49,-0.00143982,BAR
3905,1704841260.0,28.84,29.28,-0.45,-0.00143982,BAR
3906,1704841320.0,28.79,29.28,-0.50,-0.00143982,BAR
3907,1704841380.0,28.76,29.28,-0.52,-0.00143982,BAR
3908,1704841440.0,28.82,29.28,-0.46,-0.00143982,BAR
3909,1704841500.0,28.90,29.28,-0.39,-0.00143982,BAR
3910,1704841560.0,28.97,29.28,-0.31,-0.00143982,BAR
3911,1704841620.0,29.00,29.28,-0.29,-0.00143982,BAR
3912,1704841680.0,29.00,29.28,-0.28,-0.00143982,BAR
3913,1704841740.0,28.95,29.28,-0.34,-0.00143982,BAR
3914,1704841800.0,28.91,29.28,-0.37,-0.00143982,BAR
3915,1704841860.0,28.89,29.28,-0.39,-0.00143982,BAR
3916,1704841920.0,28.94,29.28,-0.34,-0.00143982,BAR
3917,1704841980.0,28.96,29.28,-0.32,-0.00143982,BAR
3918,1704842040.0,28.96,29.28,-0.32,-0.00143982,BAR
3919,1704842100.0,28.99,29.28,-0.30,-0.00143982,BAR
3920,1704842160.0,29.06,29.28,-0.23,-0.00143982,BAR
3921,1704842220.0,29.15,29.28,-0.14,-0.00143982,BAR
3922,1704842280.0,29.06,29.28,-0.22,-0.00143982,BAR
3923,1704842340.0,29.07,29.28,-0.21,-0.00143982,BAR
3924,1704842400.0,29.10,29.28,-0.19,-0.00143982,BAR
3925,1704842460.0,29.08,29.28,-0.21,-0.00143982,BAR
3926,1704842520.0,28.99,29.28,-0.29,-0.00143982,BAR
3927,1704842580.0,29.00,29.28,-0.28,-0.00143982,BAR
3928,1704842640.0,29.02,29.28,-0.27,-0.00143982,BAR
3929,1704842700.0,28.96,29.28,-0.33,-0.00143982,BAR
3930,1704842760.0,28.90,29.28,-0.38,-0.00143982,BAR
3931,1704842820.0,28.94,29.28,-0.34,-0.00143982,BAR
3932,1704842880.0,28.91,29.28,-0.37,-0.00143982,BAR
3933,1704842940.0,28.87,29.28,-0.42,-0.00143982,BAR
3934,1704843000.0,28.88,29.28,-0.40,-0.00143982,BAR
3935,1704843060.0,28.91,29.28,-0.37,-0.00143982,BAR
3936,1704843120.0,28.93,29.28,-0.35,-0.00143982,BAR
3937,1704843180.0,28.93,29.28,-0.35,-0.00143982,BAR
3938,1704843240.0,28.99,29.28,-0.30,-0.00143982,BAR
3939,1704843300.0,29.06,29.28,-0.23,-0.00143982,BAR
3940,1704843360.0,29.06,29.28,-0.23,-0.00143982,BAR
3941,1704843420.0,29.08,29.28,-0.20,-0.00143982,BAR
3942,1704843480.0,29.10,29.28,-0.18,-0.00143982,BAR
3943,1704843540.0,29.05,29.28,-0.23,-0.00143982,BAR
3944,1704843600.0,29.02,29.28,-0.27,-0.00143982,BAR
3945,1704843660.0,29.07,29.28,-0.21,-0.00143982,BAR
3946,1704843720.0,29.10,29.28,-0.19,-0.00143982,BAR
3947,1704843780.0,29.02,29.28,-0.26,-0.00143982,BAR
3948,1704843840.0,29.03,29.28,-0.25,-0.00143982,BAR
3949,1704843900.0,28.99,29.28,-0.30,-0.00143982,BAR
3950,1704843960.0,29.09,29.28,-0.19,-0.00143982,BAR
3951,1704844020.0,29.05,29.28,-0.24,-0.00143982,BAR
3952,1704844080.0,29.06,29.28,-0.22,-0.00143982,BAR
3953,1704844140.0,29.06,29.28,-0.22,-0.00143982,BAR
3954,1704844200.0,29.02,29.28,-0.26,-0.00143982,BAR
3955,1704844260.0,28.99,29.28,-0.30,-0.00143982,BAR
3956,1704844320.0,28.96,29.28,-0.32,-0.00143982,BAR
3957,1704844380.0,28.96,29.28,-0.32,-0.00143982,BAR
3958,1704844440.0,28.98,29.28,-0.31,-0.00143982,BAR
3959,1704844500.0,28.98,29.28,-0.31,-0.00143982,BAR
3960,1704844560.0,28.94,29.28,-0.34,-0.00143982,BAR
3961,1704844620.0,28.90,29.28,-0.38,-0.00143982,BAR
3962,1704844680.0,28.90,29.28,-0.38,-0.00143982,BAR
3963,1704844740.0,28.93,29.28,-0.35,-0.00143982,BAR
3964,1704844800.0,28.96,29.28,-0.32,-0.00143982,BAR
3965,1704844860.0,29.04,29.28,-0.25,-0.00143982,BAR
3966,1704844920.0,29.01,29.28,-0.28,-0.00143982,BAR
3967,1704844980.0,29.00,29.28,-0.28,-0.00143982,BAR
3968,1704845040.0,28.99,29.28,-0.30,-0.00143982,BAR
3969,1704845100.0,29.03,29.28,-0.25,-0.00143982,BAR
3970,1704845160.0,29.05,29.28,-0.24,-0.00143982,BAR
3971,1704845220.0,28.90,29.28,-0.39,-0.00143982,BAR
3972,1704845280.0,28.95,29.28,-0.34,-0.00143982,BAR
3973,1704845340.0,28.89,29.28,-0.40,-0.00143982,BAR
3974,1704845400.0,28.84,29.28,-0.45,-0.00143982,BAR
3975,1704845460.0,28.84,29.28,-0.44,-0.00143982,BAR
3976,1704845520.0,28.84,29.28,-0.44,-0.00143982,BAR
3977,1704845580.0,28.84,29.28,-0.44,-0.00143982,BAR
3978,1704845640.0,28.80,29.28,-0.48,-0.00143982,BAR
3979,1704845700.0,28.83,29.28,-0.46,-0.00143982,BAR
3980,1704845760.0,28.80,29.28,-0.48,-0.00143982,BAR
3981,1704845820.0,28.79,29.28,-0.49,-0.00143982,BAR
3982,1704845880.0,28.77,29.28,-0.51,-0.00143982,BAR
3983,1704845940.0,28.84,29.28,-0.45,-0.00143982,BAR
3984,1704846000.0,28.85,29.28,-0.43,-0.00143982,BAR
3985,1704846060.0,28.87,29.28,-0.42,-0.00143982,BAR
3986,1704846120.0,28.99,29.28,-0.30,-0.00143982,BAR
3987,1704846180.0,29.05,29.28,-0.24,-0.00143982,BAR
3988,1704846240.0,28.94,29.28,-0.34,-0.00143982,BAR
3989,1704846300.0,28.89,29.28,-0.40,-0.00143982,BAR
3990,1704846360.0,28.96,29.28,-0.32,-0.00143982,BAR
3991,1704846420.0,29.03,29.28,-0.25,-0.00143982,BAR
3992,1704846480.0,29.07,29.28,-0.21,-0.00143982,BAR
3993,1704846540.0,29.09,29.28,-0.19,-0.00143982,BAR
3994,1704846600.0,29.21,29.28,-0.08,-0.00143982,BAR
3995,1704846660.0,29.24,29.28,-0.04,-0.00143982,BAR
3996,1704846720.0,29.21,29.28,-0.07,-0.00143982,BAR
3997,1704846780.0,29.12,29.28,-0.17,-0.00143982,BAR
3998,1704846840.0,29.21,29.28,-0.08,-0.00143982,BAR
3999,1704846900.0,29.14,29.28,-0.14,-0.00143982,BAR
4000,1704846960.0,29.11,29.28,-0.17,-0.00143982,BAR
4001,1704847020.0,29.16,29.28,-0.12,-0.00143982,BAR
4002,1704847080.0,29.20,29.28,-0.09,-0.00143982,BAR
4003,1704847140.0,29.37,29.28,0.08,-0.00143982,BAR
4004,1704847200.0,29.25,29.28,-0.03,-0.00143982,BAR
4005,1704847260.0,29.25,29.28,-0.04,-0.00143982,BAR
4006,1704847320.0,29.26,29.28,-0.03,-0.00143982,BAR
4007,1704847380.0,29.24,29.28,-0.05,-0.00143982,BAR
4008,1704847440.0,29.21,29.28,-0.08,-0.00143982,BAR
4009,1704847500.0,29.17,29.28,-0.11,-0.00143982,BAR
4010,1704847560.0,29.18,29.28,-0.10,-0.00143982,BAR
4011,1704847620.0,29.21,29.28,-0.07,-0.00143982,BAR
4012,1704847680.0,29.23,29.28,-0.05,-0.00143982,BAR
4013,1704847740.0,29.34,29.28,0.06,-0.00143982,BAR
4014,1704847800.0,29.33,29.28,0.05,-0.00143982,BAR
4015,1704847860.0,29.33,29.28,0.04,-0.00143982,BAR
4016,1704847920.0,29.36,29.28,0.07,-0.00143982,BAR
4017,1704847980.0,29.34,29.28,0.06,-0.00143982,BAR
4018,1704848040.0,29.30,29.28,0.02,-0.00143982,BAR
4019,1704848100.0,29.06,29.28,-0.23,-0.00143982,BAR
4020,1704848160.0,29.13,29.28,-0.15,-0.00143982,BAR
4021,1704848220.0,29.16,29.28,-0.12,-0.00143982,BAR
4022,1704848280.0,29.24,29.28,-0.05,-0.00143982,BAR
4023,1704848340.0,29.30,29.28,0.01,-0.00143982,BAR
4024,1704848400.0,29.33,29.28,0.04,-0.00143982,BAR
4025,1704848460.0,29.35,29.28,0.06,-0.00143982,BAR
4026,1704848520.0,29.43,29.28,0.14,-0.00143982,BAR
4027,1704848580.0,29.46,29.28,0.18,-0.00143982,BAR
4028,1704848640.0,29.43,29.28,0.15,-0.00143982,BAR
4029,1704848700.0,29.40,29.28,0.11,-0.00143982,BAR
4030,1704848760.0,29.43,29.28,0.15,-0.00143982,BAR
4031,1704848820.0,29.43,29.28,0.15,-0.00143982,BAR
4032,1704848880.0,29.51,29.28,0.22,-0.00143982,BAR
4033,1704848940.0,29.50,29.28,0.22,-0.00143982,BAR
4034,1704849000.0,29.48,29.28,0.19,-0.00143982,BAR
4035,1704849060.0,29.46,29.28,0.18,-0.00143982,BAR
4036,1704849120.0,29.49,29.28,0.21,-0.00143982,BAR
4037,1704849180.0,29.49,29.28,0.21,-0.00143982,BAR
4038,1704849240.0,29.46,29.28,0.17,-0.00143982,BAR
4039,1704849300.0,29.56,29.28,0.27,-0.00143982,BAR
4040,1704849360.0,29.60,29.28,0.32,-0.00143982,BAR
4041,1704849420.0,29.60,29.28,0.32,-0.00143982,BAR
4042,1704849480.0,29.56,29.28,0.27,-0.00143982,BAR
4043,1704849540.0,29.56,29.28,0.28,-0.00143982,BAR
4044,1704849600.0,29.48,29.28,0.19,-0.00143982,BAR
4045,1704849660.0,29.41,29.28,0.12,-0.00143982,BAR
4046,1704849720.0,29.44,29.28,0.16,-0.00143982,BAR
4047,1704849780.0,29.47,29.28,0.18,-0.00143982,BAR
4048,1704849840.0,29.50,29.28,0.22,-0.00143982,BAR
4049,1704849900.0,29.54,29.28,0.26,-0.00143982,BAR
4050,1704849960.0,29.51,29.28,0.22,-0.00143982,BAR
4051,1704850020.0,29.55,29.28,0.27,-0.00143982,BAR
4052,1704850080.0,29.55,29.28,0.26,-0.00143982,BAR
4053,1704850140.0,29.55,29.28,0.26,-0.00143982,BAR
4054,1704850200.0,29.54,29.28,0.25,-0.00143982,BAR
4055,1704850260.0,29.58,29.28,0.30,-0.00143982,BAR
4056,1704850320.0,29.56,29.28,0.27,-0.00143982,BAR
4057,1704850380.0,29.59,29.28,0.31,-0.00143982,BAR
4058,1704850440.0,29.61,29.28,0.32,-0.00143982,BAR
4059,1704850500.0,29.55,29.28,0.27,-0.00143982,BAR
4060,1704850560.0,29.49,29.28,0.21,-0.00143982,BAR
4061,1704850620.0,29.50,29.28,0.21,-0.00143982,BAR
4062,1704850680.0,29.53,29.28,0.25,-0.00143982,BAR
4063,1704850740.0,29.57,29.28,0.29,-0.00143982,BAR
4064,1704850800.0,29.51,29.28,0.23,-0.00143982,BAR
4065,1704850860.0,29.46,29.28,0.17,-0.00143982,BAR
4066,1704850920.0,29.44,29.28,0.15,-0.00143982,BAR
4067,1704850980.0,29.43,29.28,0.15,-0.00143982,BAR
4068,1704851040.0,29.43,29.28,0.14,-0.00143982,BAR
4069,1704851100.0,29.39,29.28,0.10,-0.00143982,BAR
4070,1704851160.0,29.37,29.28,0.08,-0.00143982,BAR
4071,1704851220.0,29.31,29.28,0.03,-0.00143982,BAR
4072,1704851280.0,29.33,29.28,0.04,-0.00143982,BAR
4073,1704851340.0,29.34,29.28,0.06,-0.00143982,BAR
4074,1704851400.0,29.28,29.28,-0.00,-0.00143982,BAR
4075,1704851460.0,29.20,29.28,-0.08,-0.00143982,BAR
4076,1704851520.0,29.19,29.28,-0.10,-0.00143982,BAR
4077,1704851580.0,29.22,29.28,-0.07,-0.00143982,BAR
4078,1704851640.0,29.22,29.28,-0.06,-0.00143982,BAR
4079,1704851700.0,29.25,29.28,-0.03,-0.00143982,BAR
4080,1704851760.0,29.21,29.28,-0.08,-0.00143982,BAR
4081,1704851820.0,29.21,29.28,-0.08,-0.00143982,BAR
4082,1704851880.0,29.24,29.28,-0.04,-0.00143982,BAR
4083,1704851940.0,29.19,29.28,-0.09,-0.00143982,BAR
4084,1704852000.0,29.18,29.28,-0.10,-0.00143982,BAR
4085,1704852060.0,29.23,29.28,-0.06,-0.00143982,BAR
4086,1704852120.0,29.22,29.28,-0.07,-0.00143982,BAR
4087,1704852180.0,29.20,29.28,-0.09,-0.00143982,BAR
4088,1704852240.0,29.22,29.28,-0.07,-0.00143982,BAR
4089,1704852300.0,29.25,29.28,-0.04,-0.00143982,BAR
4090,1704852360.0,29.23,29.28,-0.05,-0.00143982,BAR
4091,1704852420.0,29.23,29.28,-0.05,-0.00143982,BAR
4092,1704852480.0,29.22,29.28,-0.06,-0.00143982,BAR
4093,1704852540.0,29.24,29.28,-0.04,-0.00143982,BAR
4094,1704852600.0,29.24,29.28,-0.05,-0.00143982,BAR
4095,1704852660.0,29.16,29.28,-0.12,-0.00143982,BAR
4096,1704852720.0,29.13,29.28,-0.16,-0.00143982,BAR
4097,1704852780.0,29.11,29.28,-0.17,-0.00143982,BAR
4098,1704852840.0,29.14,29.28,-0.14,-0.00143982,BAR
4099,1704852900.0,29.15,29.28,-0.13,-0.00143982,BAR
4100,1704852960.0,29.12,29.28,-0.16,-0.00143982,BAR
4101,1704853020.0,29.06,29.28,-0.23,-0.00143982,BAR
4102,1704853080.0,29.07,29.28,-0.21,-0.00143982,BAR
4103,1704853140.0,29.03,29.28,-0.25,-0.00143982,BAR
4104,1704853200.0,29.03,29.28,-0.25,-0.00143982,BAR
4105,1704853260.0,29.06,29.28,-0.23,-0.00143982,BAR
4106,1704853320.0,29.09,29.28,-0.20,-0.00143982,BAR
4107,1704853380.0,29.09,29.28,-0.20,-0.00143982,BAR
4108,1704853440.0,29.07,29.28,-0.21,-0.00143982,BAR
4109,1704853500.0,29.01,29.28,-0.28,-0.00143982,BAR
4110,1704853560.0,29.03,29.28,-0.26,-0.00143982,BAR
4111,1704853620.0,29.04,29.28,-0.25,-0.00143982,BAR
4112,1704853680.0,29.04,29.28,-0.25,-0.00143982,BAR
4113,1704853740.0,28.98,29.28,-0.30,-0.00143982,BAR
4114,1704853800.0,29.02,29.28,-0.27,-0.00143982,BAR
4115,1704853860.0,29.02,29.28,-0.26,-0.00143982,BAR
4116,1704853920.0,29.02,29.28,-0.26,-0.00143982,BAR
4117,1704853980.0,29.03,29.28,-0.25,-0.00143982,BAR
4118,1704854040.0,29.05,29.28,-0.23,-0.00143982,BAR
4119,1704854100.0,29.06,29.28,-0.22,-0.00143982,BAR
4120,1704854160.0,29.08,29.28,-0.20,-0.00143982,BAR
4121,1704854220.0,29.08,29.28,-0.20,-0.00143982,BAR
4122,1704854280.0,29.09,29.28,-0.19,-0.00143982,BAR
4123,1704854340.0,29.09,29.28,-0.19,-0.00143982,BAR
4124,1704854400.0,29.16,29.28,-0.12,-0.00143982,BAR
4125,1704854460.0,29.20,29.28,-0.09,-0.00143982,BAR
4126,1704854520.0,29.16,29.28,-0.12,-0.00143982,BAR
4127,1704854580.0,29.20,29.28,-0.09,-0.00143982,BAR
4128,1704854640.0,29.23,29.28,-0.05,-0.00143982,BAR
4129,1704854700.0,29.16,29.28,-0.13,-0.00143982,BAR
4130,1704854760.0,29.12,29.28,-0.16,-0.00143982,BAR
4131,1704854820.0,29.09,29.28,-0.19,-0.00143982,BAR
4132,1704854880.0,29.11,29.28,-0.17,-0.00143982,BAR
4133,1704854940.0,29.10,29.28,-0.18,-0.00143982,BAR
4134,1704855000.0,29.14,29.28,-0.15,-0.00143982,BAR
4135,1704855060.0,29.12,29.28,-0.17,-0.00143982,BAR
4136,1704855120.0,29.13,29.28,-0.15,-0.00143982,BAR
4137,1704855180.0,29.16,29.28,-0.12,-0.00143982,BAR
4138,1704855240.0,29.12,29.28,-0.16,-0.00143982,BAR
4139,1704855300.0,29.12,29.28,-0.16,-0.00143982,BAR
4140,1704855360.0,29.12,29.28,-0.17,-0.00143982,BAR
4141,1704855420.0,29.17,29.28,-0.11,-0.00143982,BAR
4142,1704855480.0,29.19,29.28,-0.10,-0.00143982,BAR
4143,1704855540.0,29.13,29.28,-0.15,-0.00143982,BAR
4144,1704855600.0,29.17,29.28,-0.11,-0.00143982,BAR
4145,1704855660.0,29.15,29.28,-0.13,-0.00143982,BAR
4146,1704855720.0,29.10,29.28,-0.18,-0.00143982,BAR
4147,1704855780.0,29.06,29.28,-0.22,-0.00143982,BAR
4148,1704855840.0,29.07,29.28,-0.21,-0.00143982,BAR
4149,1704855900.0,29.06,29.28,-0.22,-0.00143982,BAR
4150,1704855960.0,29.02,29.28,-0.26,-0.00143982,BAR
4151,1704856020.0,28.94,29.28,-0.35,-0.00143982,BAR
4152,1704856080.0,28.88,29.28,-0.40,-0.00143982,BAR
4153,1704856140.0,28.92,29.28,-0.36,-0.00143982,BAR
4154,1704856200.0,28.92,29.28,-0.36,-0.00143982,BAR
4155,1704856260.0,28.89,29.28,-0.39,-0.00143982,BAR
4156,1704856320.0,28.87,29.28,-0.41,-0.00143982,BAR
4157,1704856380.0,28.86,29.28,-0.43,-0.00143982,BAR
4158,1704856440.0,28.86,29.28,-0.42,-0.00143982,BAR
4159,1704856500.0,28.84,29.28,-0.44,-0.00143982,BAR
4160,1704856560.0,28.85,29.28,-0.43,-0.00143982,BAR
4161,1704856620.0,28.84,29.28,-0.44,-0.00143982,BAR
4162,1704856680.0,28.79,29.28,-0.50,-0.00143982,BAR
4163,1704856740.0,28.83,29.28,-0.46,-0.00143982,BAR
4164,1704856800.0,28.82,29.28,-0.46,-0.00143982,BAR
4165,1704856860.0,28.81,29.28,-0.47,-0.00143982,BAR
4166,1704856920.0,28.83,29.28,-0.46,-0.00143982,BAR
4167,1704856980.0,28.86,29.28,-0.43,-0.00143982,BAR
4168,1704857040.0,28.85,29.28,-0.44,-0.00143982,BAR
4169,1704857100.0,28.83,29.28,-0.45,-0.00143982,BAR
4170,1704857160.0,28.81,29.28,-0.48,-0.00143982,BAR
4171,1704857220.0,28.82,29.28,-0.46,-0.00143982,BAR
4172,1704857280.0,28.84,29.28,-0.45,-0.00143982,BAR
4173,1704857340.0,28.84,29.28,-0.45,-0.00143982,BAR
4174,1704857400.0,28.82,29.28,-0.46,-0.00143982,BAR
4175,1704857460.0,28.84,29.28,-0.45,-0.00143982,BAR
4176,1704857520.0,28.86,29.28,-0.43,-0.00143982,BAR
4177,1704857580.0,28.87,29.28,-0.41,-0.00143982,BAR
4178,1704857640.0,28.93,29.28,-0.35,-0.00143982,BAR
4179,1704857700.0,28.89,29.28,-0.40,-0.00143982,BAR
4180,1704857760.0,28.85,29.28,-0.43,-0.00143982,BAR
4181,1704857820.0,28.86,29.28,-0.42,-0.00143982,BAR
4182,1704857880.0,28.91,29.28,-0.37,-0.00143982,BAR
4183,1704857940.0,28.93,29.28,-0.35,-0.00143982,BAR
4184,1704858000.0,28.94,29.28,-0.35,-0.00143982,BAR
4185,1704858060.0,28.94,29.28,-0.34,-0.00143982,BAR
4186,1704858120.0,28.98,29.28,-0.31,-0.00143982,BAR
4187,1704858180.0,29.00,29.28,-0.28,-0.00143982,BAR
4188,1704858240.0,28.97,29.28,-0.32,-0.00143982,BAR
4189,1704858300.0,28.97,29.28,-0.31,-0.00143982,BAR
4190,1704858360.0,29.01,29.28,-0.27,-0.00143982,BAR
4191,1704858420.0,28.99,29.28,-0.30,-0.00143982,BAR
4192,1704858480.0,28.99,29.28,-0.29,-0.00143982,BAR
4193,1704858540.0,28.98,29.28,-0.30,-0.00143982,BAR
4194,1704858600.0,28.94,29.28,-0.34,-0.00143982,BAR
4195,1704858660.0,28.93,29.28,-0.36,-0.00143982,BAR
4196,1704858720.0,28.93,29.28,-0.35,-0.00143982,BAR
4197,1704858780.0,28.93,29.28,-0.36,-0.00143982,BAR
4198,1704858840.0,28.92,29.28,-0.36,-0.00143982,BAR
4199,1704858900.0,28.95,29.28,-0.33,-0.00143982,BAR
4200,1704858960.0,28.96,29.28,-0.33,-0.00143982,BAR
4201,1704859020.0,28.96,29.28,-0.33,-0.00143982,BAR
4202,1704859080.0,28.92,29.28,-0.36,-0.00143982,BAR
4203,1704859140.0,28.92,29.28,-0.36,-0.00143982,BAR
4204,1704859200.0,28.90,29.28,-0.39,-0.00143982,BAR
4205,1704859260.0,28.89,29.28,-0.40,-0.00143982,BAR
4206,1704859320.0,28.89,29.28,-0.40,-0.00143982,BAR
4207,1704859380.0,28.93,29.28,-0.35,-0.00143982,BAR
4208,1704859440.0,28.90,29.28,-0.38,-0.00143982,BAR
4209,1704859500.0,28.91,29.28,-0.38,-0.00143982,BAR
4210,1704859560.0,28.94,29.28,-0.34,-0.00143982,BAR
4211,1704859620.0,28.97,29.28,-0.31,-0.00143982,BAR
4212,1704859680.0,28.97,29.28,-0.32,-0.00143982,BAR
4213,1704859740.0,28.92,29.28,-0.36,-0.00143982,BAR
4214,1704859800.0,28.90,29.28,-0.38,-0.00143982,BAR
4215,1704859860.0,28.88,29.28,-0.40,-0.00143982,BAR
4216,1704859920.0,28.86,29.28,-0.42,-0.00143982,BAR
4217,1704859980.0,28.86,29.28,-0.42,-0.00143982,BAR
4218,1704860040.0,28.82,29.28,-0.46,-0.00143982,BAR
4219,1704860100.0,28.85,29.28,-0.44,-0.00143982,BAR
4220,1704860160.0,28.86,29.28,-0.42,-0.00143982,BAR
4221,1704860220.0,28.86,29.28,-0.42,-0.00143982,BAR
4222,1704860280.0,28.90,29.28,-0.39,-0.00143982,BAR
4223,1704860340.0,28.86,29.28,-0.43,-0.00143982,BAR
4224,1704860400.0,28.87,29.28,-0.42,-0.00143982,BAR
4225,1704860460.0,28.89,29.28,-0.39,-0.00143982,BAR
4226,1704860520.0,28.89,29.28,-0.39,-0.00143982,BAR
4227,1704860580.0,28.96,29.28,-0.33,-0.00143982,BAR
4228,1704860640.0,28.94,29.28,-0.35,-0.00143982,BAR
4229,1704860700.0,28.93,29.28,-0.36,-0.00143982,BAR
4230,1704860760.0,28.90,29.28,-0.39,-0.00143982,BAR
4231,1704860820.0,28.88,29.28,-0.40,-0.00143982,BAR
4232,1704860880.0,28.95,29.28,-0.34,-0.00143982,BAR
4233,1704860940.0,28.94,29.28,-0.34,-0.00143982,BAR
4234,1704861000.0,28.93,29.28,-0.35,-0.00143982,BAR
4235,1704861060.0,28.93,29.28,-0.35,-0.00143982,BAR
4236,1704861120.0,29.04,29.28,-0.24,-0.00143982,BAR
4237,1704861180.0,29.01,29.28,-0.28,-0.00143982,BAR
4238,1704861240.0,29.03,29.28,-0.25,-0.00143982,BAR
4239,1704861300.0,29.01,29.28,-0.27,-0.00143982,BAR
4240,1704861360.0,28.95,29.28,-0.34,-0.00143982,BAR
4241,1704861420.0,29.03,29.28,-0.25,-0.00143982,BAR
4242,1704861480.0,29.04,29.28,-0.24,-0.00143982,BAR
4243,1704861540.0,29.03,29.28,-0.25,-0.00143982,BAR
4244,1704861600.0,28.99,29.28,-0.29,-0.00143982,BAR
4245,1704861660.0,29.01,29.28,-0.28,-0.00143982,BAR
4246,1704861720.0,29.05,29.28,-0.23,-0.00143982,BAR
4247,1704861780.0,29.05,29.28,-0.23,-0.00143982,BAR
4248,1704861840.0,29.04,29.28,-0.25,-0.00143982,BAR
4249,1704861900.0,28.98,29.28,-0.30,-0.00143982,BAR
4250,1704861960.0,28.95,29.28,-0.33,-0.00143982,BAR
4251,1704862020.0,28.90,29.28,-0.38,-0.00143982,BAR
4252,1704862080.0,28.94,29.28,-0.34,-0.00143982,BAR
4253,1704862140.0,28.96,29.28,-0.32,-0.00143982,BAR
4254,1704862200.0,28.93,29.28,-0.35,-0.00143982,BAR
4255,1704862260.0,28.89,29.28,-0.40,-0.00143982,BAR
4256,1704862320.0,28.87,29.28,-0.42,-0.00143982,BAR
4257,1704862380.0,28.90,29.28,-0.38,-0.00143982,BAR
4258,1704862440.0,28.99,29.28,-0.29,-0.00143982,BAR
4259,1704862500.0,29.06,29.28,-0.22,-0.00143982,BAR
4260,1704862560.0,29.07,29.28,-0.21,-0.00143982,BAR
4261,1704862620.0,29.17,29.28,-0.12,-0.00143982,BAR
4262,1704862680.0,29.13,29.28,-0.15,-0.00143982,BAR
4263,1704862740.0,29.15,29.28,-0.14,-0.00143982,BAR
4264,1704862800.0,29.13,29.28,-0.16,-0.00143982,BAR
4265,1704862860.0,29.10,29.28,-0.19,-0.00143982,BAR
4266,1704862920.0,29.09,29.28,-0.19,-0.00143982,BAR
4267,1704862980.0,29.07,29.28,-0.22,-0.00143982,BAR
4268,1704863040.0,29.16,29.28,-0.13,-0.00143982,BAR
4269,1704863100.0,29.22,29.28,-0.07,-0.00143982,BAR
4270,1704863160.0,29.19,29.28,-0.09,-0.00143982,BAR
4271,1704863220.0,29.15,29.28,-0.13,-0.00143982,BAR
4272,1704863280.0,29.14,29.28,-0.14,-0.00143982,BAR
4273,1704863340.0,29.14,29.28,-0.15,-0.00143982,BAR
4274,1704863400.0,29.12,29.28,-0.17,-0.00143982,BAR
4275,1704863460.0,29.06,29.28,-0.22,-0.00143982,BAR
4276,1704863520.0,29.12,29.28,-0.16,-0.00143982,BAR
4277,1704863580.0,29.10,29.28,-0.18,-0.00143982,BAR
4278,1704863640.0,29.11,29.28,-0.17,-0.00143982,BAR
4279,1704863700.0,29.12,29.28,-0.16,-0.00143982,BAR
4280,1704863760.0,29.11,29.28,-0.17,-0.00143982,BAR
4281,1704863820.0,29.16,29.28,-0.12,-0.00143982,BAR
4282,1704863880.0,29.14,29.28,-0.15,-0.00143982,BAR
4283,1704863940.0,29.15,29.28,-0.14,-0.00143982,BAR
4284,1704864000.0,29.16,29.28,-0.13,-0.00143982,BAR
4285,1704864060.0,29.17,29.28,-0.11,-0.00143982,BAR
4286,1704864120.0,29.18,29.28,-0.10,-0.00143982,BAR
4287,1704864180.0,29.18,29.28,-0.10,-0.00143982,BAR
4288,1704864240.0,29.19,29.28,-0.10,-0.00143982,BAR
4289,1704864300.0,29.23,29.28,-0.06,-0.00143982,BAR
4290,1704864360.0,29.19,29.28,-0.09,-0.00143982,BAR
4291,1704864420.0,29.22,29.28,-0.06,-0.00143982,BAR
4292,1704864480.0,29.17,29.28,-0.11,-0.00143982,BAR
4293,1704864540.0,29.19,29.28,-0.10,-0.00143982,BAR
4294,1704864600.0,29.18,29.28,-0.11,-0.00143982,BAR
4295,1704864660.0,29.16,29.28,-0.12,-0.00143982,BAR
4296,1704864720.0,29.18,29.28,-0.11,-0.00143982,BAR
4297,1704864780.0,29.13,29.28,-0.15,-0.00143982,BAR
4298,1704864840.0,29.16,29.28,-0.12,-0.00143982,BAR
4299,1704864900.0,29.17,29.28,-0.11,-0.00143982,BAR
4300,1704864960.0,29.13,29.28,-0.15,-0.00143982,BAR
4301,1704865020.0,29.16,29.28,-0.12,-0.00143982,BAR
4302,1704865080.0,29.14,29.28,-0.14,-0.00143982,BAR
4303,1704865140.0,29.15,29.28,-0.14,-0.00143982,BAR
4304,1704865200.0,29.16,29.28,-0.13,-0.00143982,BAR
4305,1704865260.0,29.15,29.28,-0.13,-0.00143982,BAR
4306,1704865320.0,29.16,29.28,-0.13,-0.00143982,BAR
4307,1704865380.0,29.16,29.28,-0.13,-0.00143982,BAR
4308,1704865440.0,29.16,29.28,-0.12,-0.00143982,BAR
4309,1704865500.0,29.19,29.28,-0.10,-0.00143982,BAR
4310,1704865560.0,29.15,29.28,-0.14,-0.00143982,BAR
4311,1704865620.0,29.14,29.28,-0.15,-0.00143982,BAR
4312,1704865680.0,29.12,29.28,-0.16,-0.00143982,BAR
4313,1704865740.0,29.13,29.28,-0.15,-0.00143982,BAR
4314,1704865800.0,29.13,29.28,-0.15,-0.00143982,BAR
4315,1704865860.0,29.15,29.28,-0.13,-0.00143982,BAR
4316,1704865920.0,29.13,29.28,-0.16,-0.00143982,BAR
4317,1704865980.0,29.12,29.28,-0.16,-0.00143982,BAR
4318,1704866040.0,29.12,29.28,-0.16,-0.00143982,BAR
4319,1704866100.0,29.12,29.28,-0.16,-0.00143982,BAR
4320,1704866160.0,29.14,29.28,-0.14,-0.00143982,BAR
4321,1704866220.0,29.12,29.28,-0.16,-0.00143982,BAR
4322,1704866280.0,29.12,29.28,-0.16,-0.00143982,BAR
4323,1704866340.0,29.12,29.28,-0.16,-0.00143982,BAR
4324,1704866400.0,29.15,29.28,-0.14,-0.00143982,BAR
4325,1704866460.0,29.22,29.28,-0.07,-0.00143982,BAR
4326,1704866520.0,29.23,29.28,-0.06,-0.00143982,BAR
4327,1704866580.0,29.22,29.28,-0.06,-0.00143982,BAR
4328,1704866640.0,29.20,29.28,-0.08,-0.00143982,BAR
4329,1704866700.0,29.21,29.28,-0.08,-0.00143982,BAR
4330,1704866760.0,29.19,29.28,-0.10,-0.00143982,BAR
4331,1704866820.0,29.19,29.28,-0.10,-0.00143982,BAR
4332,1704866880.0,29.19,29.28,-0.09,-0.00143982,BAR
4333,1704866940.0,29.18,29.28,-0.10,-0.00143982,BAR
4334,1704867000.0,29.16,29.28,-0.12,-0.00143982,BAR
4335,1704867060.0,29.15,29.28,-0.14,-0.00143982,BAR
4336,1704867120.0,29.14,29.28,-0.15,-0.00143982,BAR
4337,1704867180.0,29.14,29.28,-0.15,-0.00143982,BAR
4338,1704867240.0,29.14,29.28,-0.15,-0.00143982,BAR
4339,1704867300.0,29.12,29.28,-0.16,-0.00143982,BAR
4340,1704867360.0,29.12,29.28,-0.17,-0.00143982,BAR
4341,1704867420.0,29.12,29.28,-0.16,-0.00143982,BAR
4342,1704867480.0,29.14,29.28,-0.15,-0.00143982,BAR
4343,1704867540.0,29.12,29.28,-0.16,-0.00143982,BAR
4344,1704867600.0,29.09,29.28,-0.19,-0.00143982,BAR
4345,1704867660.0,29.03,29.28,-0.25,-0.00143982,BAR
4346,1704867720.0,29.05,29.28,-0.23,-0.00143982,BAR
4347,1704867780.0,29.05,29.28,-0.24,-0.00143982,BAR
4348,1704867840.0,29.05,29.28,-0.23,-0.00143982,BAR
4349,1704867900.0,29.10,29.28,-0.18,-0.00143982,BAR
4350,1704867960.0,29.08,29.28,-0.21,-0.00143982,BAR
4351,1704868020.0,29.11,29.28,-0.17,-0.00143982,BAR
4352,1704868080.0,29.12,29.28,-0.16,-0.00143982,BAR
4353,1704868140.0,29.13,29.28,-0.16,-0.00143982,BAR
4354,1704868200.0,29.13,29.28,-0.16,-0.00143982,BAR
4355,1704868260.0,29.20,29.28,-0.08,-0.00143982,BAR
4356,1704868320.0,29.18,29.28,-0.11,-0.00143982,BAR
4357,1704868380.0,29.14,29.28,-0.14,-0.00143982,BAR
4358,1704868440.0,29.17,29.28,-0.11,-0.00143982,BAR
4359,1704868500.0,29.19,29.28,-0.09,-0.00143982,BAR
4360,1704868560.0,29.12,29.28,-0.17,-0.00143982,BAR
4361,1704868620.0,29.12,29.28,-0.16,-0.00143982,BAR
4362,1704868680.0,29.17,29.28,-0.12,-0.00143982,BAR
4363,1704868740.0,29.16,29.28,-0.12,-0.00143982,BAR
4364,1704868800.0,29.11,29.28,-0.18,-0.00143982,BAR
4365,1704868860.0,29.07,29.28,-0.21,-0.00143982,BAR
4366,1704868920.0,29.06,29.28,-0.22,-0.00143982,BAR
4367,1704868980.0,29.04,29.28,-0.24,-0.00143982,BAR
4368,1704869040.0,29.04,29.28,-0.24,-0.00143982,BAR
4369,1704869100.0,29.05,29.28,-0.23,-0.00143982,BAR
4370,1704869160.0,29.07,29.28,-0.22,-0.00143982,BAR
4371,1704869220.0,29.09,29.28,-0.20,-0.00143982,BAR
4372,1704869280.0,29.09,29.28,-0.19,-0.00143982,BAR
4373,1704869340.0,29.10,29.28,-0.19,-0.00143982,BAR
4374,1704869400.0,29.12,29.28,-0.17,-0.00143982,BAR
4375,1704869460.0,29.05,29.28,-0.23,-0.00143982,BAR
4376,1704869520.0,29.07,29.28,-0.21,-0.00143982,BAR
4377,1704869580.0,29.06,29.28,-0.23,-0.00143982,BAR
4378,1704869640.0,29.07,29.28,-0.21,-0.00143982,BAR
4379,1704869700.0,29.09,29.28,-0.20,-0.00143982,BAR
4380,1704869760.0,29.11,29.28,-0.18,-0.00143982,BAR
4381,1704869820.0,29.10,29.28,-0.18,-0.00143982,BAR
4382,1704869880.0,29.12,29.28,-0.17,-0.00143982,BAR
4383,1704869940.0,29.08,29.28,-0.20,-0.00143982,BAR
4384,1704870000.0,29.08,29.28,-0.20,-0.00143982,BAR
4385,1704870060.0,29.11,29.28,-0.18,-0.00143982,BAR
4386,1704870120.0,29.09,29.28,-0.19,-0.00143982,BAR
4387,1704870180.0,29.07,29.28,-0.21,-0.00143982,BAR
4388,1704870240.0,29.07,29.28,-0.21,-0.00143982,BAR
4389,1704870300.0,29.13,29.28,-0.15,-0.00143982,BAR
4390,1704870360.0,29.17,29.28,-0.11,-0.00143982,BAR
4391,1704870420.0,29.19,29.28,-0.10,-0.00143982,BAR
4392,1704870480.0,29.17,29.28,-0.11,-0.00143982,BAR
4393,1704870540.0,29.17,29.28,-0.12,-0.00143982,BAR
4394,1704870600.0,29.28,29.28,-0.01,-0.00143982,BAR
4395,1704870660.0,29.27,29.28,-0.02,-0.00143982,BAR
4396,1704870720.0,29.21,29.28,-0.07,-0.00143982,BAR
4397,1704870780.0,29.23,29.28,-0.05,-0.00143982,BAR
4398,1704870840.0,29.25,29.28,-0.03,-0.00143982,BAR
4399,1704870900.0,29.24,29.28,-0.04,-0.00143982,BAR
4400,1704870960.0,29.27,29.28,-0.01,-0.00143982,BAR
4401,1704871020.0,29.25,29.28,-0.04,-0.00143982,BAR
4402,1704871080.0,29.18,29.28,-0.10,-0.00143982,BAR
4403,1704871140.0,29.27,29.28,-0.01,-0.00143982,BAR
4404,1704871200.0,29.28,29.28,-0.01,-0.00143982,BAR
4405,1704871260.0,29.24,29.28,-0.04,-0.00143982,BAR
4406,1704871320.0,29.20,29.28,-0.09,-0.00143982,BAR
4407,1704871380.0,29.24,29.28,-0.04,-0.00143982,BAR
4408,1704871440.0,29.26,29.28,-0.02,-0.00143982,BAR
4409,1704871500.0,29.23,29.28,-0.05,-0.00143982,BAR
4410,1704871560.0,29.26,29.28,-0.03,-0.00143982,BAR
4411,1704871620.0,29.26,29.28,-0.02,-0.00143982,BAR
4412,1704871680.0,29.24,29.28,-0.04,-0.00143982,BAR
4413,1704871740.0,29.25,29.28,-0.03,-0.00143982,BAR
4414,1704871800.0,29.25,29.28,-0.04,-0.00143982,BAR
4415,1704871860.0,29.26,29.28,-0.02,-0.00143982,BAR
4416,1704871920.0,29.25,29.28,-0.03,-0.00143982,BAR
4417,1704871980.0,29.25,29.28,-0.03,-0.00143982,BAR
4418,1704872040.0,29.26,29.28,-0.02,-0.00143982,BAR
4419,1704872100.0,29.22,29.28,-0.06,-0.00143982,BAR
4420,1704872160.0,29.27,29.28,-0.02,-0.00143982,BAR
4421,1704872220.0,29.24,29.28,-0.04,-0.00143982,BAR
4422,1704872280.0,29.33,29.28,0.04,-0.00143982,BAR
4423,1704872340.0,29.35,29.28,0.06,-0.00143982,BAR
4424,1704872400.0,29.37,29.28,0.09,-0.00143982,BAR
4425,1704872460.0,29.40,29.28,0.11,-0.00143982,BAR
4426,1704872520.0,29.36,29.28,0.08,-0.00143982,BAR
4427,1704872580.0,29.34,29.28,0.06,-0.00143982,BAR
4428,1704872640.0,29.33,29.28,0.04,-0.00143982,BAR
4429,1704872700.0,29.30,29.28,0.02,-0.00143982,BAR
4430,1704872760.0,29.30,29.28,0.02,-0.00143982,BAR
4431,1704872820.0,29.33,29.28,0.05,-0.00143982,BAR
4432,1704872880.0,29.31,29.28,0.03,-0.00143982,BAR
4433,1704872940.0,29.38,29.28,0.10,-0.00143982,BAR
4434,1704873000.0,29.36,29.28,0.08,-0.00143982,BAR
4435,1704873060.0,29.40,29.28,0.12,-0.00143982,BAR
4436,1704873120.0,29.41,29.28,0.13,-0.00143982,BAR
4437,1704873180.0,29.44,29.28,0.16,-0.00143982,BAR
4438,1704873240.0,29.42,29.28,0.14,-0.00143982,BAR
4439,1704873300.0,29.39,29.28,0.11,-0.00143982,BAR
4440,1704873360.0,29.40,29.28,0.11,-0.00143982,BAR
4441,1704873420.0,29.40,29.28,0.12,-0.00143982,BAR
4442,1704873480.0,29.41,29.28,0.13,-0.00143982,BAR
4443,1704873540.0,29.44,29.28,0.15,-0.00143982,BAR
4444,1704873600.0,29.41,29.28,0.13,-0.00143982,BAR
4445,1704873660.0,29.40,29.28,0.12,-0.00143982,BAR
4446,1704873720.0,29.39,29.28,0.10,-0.00143982,BAR
4447,1704873780.0,29.41,29.28,0.12,-0.00143982,BAR
4448,1704873840.0,29.41,29.28,0.12,-0.00143982,BAR
4449,1704873900.0,29.34,29.28,0.05,-0.00143982,BAR
4450,1704873960.0,29.37,29.28,0.09,-0.00143982,BAR
4451,1704874020.0,29.36,29.28,0.07,-0.00143982,BAR
4452,1704874080.0,29.30,29.28,0.02,-0.00143982,BAR
4453,1704874140.0,29.31,29.28,0.02,-0.00143982,BAR
4454,1704874200.0,29.35,29.28,0.06,-0.00143982,BAR
4455,1704874260.0,29.36,29.28,0.07,-0.00143982,BAR
4456,1704874320.0,29.37,29.28,0.08,-0.00143982,BAR
4457,1704874380.0,29.42,29.28,0.14,-0.00143982,BAR
4458,1704874440.0,29.40,29.28,0.12,-0.00143982,BAR
4459,1704874500.0,29.41,29.28,0.12,-0.00143982,BAR
4460,1704874560.0,29.40,29.28,0.12,-0.00143982,BAR
4461,1704874620.0,29.37,29.28,0.09,-0.00143982,BAR
4462,1704874680.0,29.35,29.28,0.06,-0.00143982,BAR
4463,1704874740.0,29.39,29.28,0.11,-0.00143982,BAR
4464,1704874800.0,29.39,29.28,0.11,-0.00143982,BAR
4465,1704874860.0,29.39,29.28,0.11,-0.00143982,BAR
4466,1704874920.0,29.41,29.28,0.13,-0.00143982,BAR
4467,1704874980.0,29.42,29.28,0.14,-0.00143982,BAR
4468,1704875040.0,29.39,29.28,0.10,-0.00143982,BAR
4469,1704875100.0,29.38,29.28,0.10,-0.00143982,BAR
4470,1704875160.0,29.46,29.28,0.17,-0.00143982,BAR
4471,1704875220.0,29.45,29.28,0.17,-0.00143982,BAR
4472,1704875280.0,29.47,29.28,0.18,-0.00143982,BAR
4473,1704875340.0,29.47,29.28,0.18,-0.00143982,BAR
4474,1704875400.0,29.49,29.28,0.21,-0.00143982,BAR
4475,1704875460.0,29.56,29.28,0.27,-0.00143982,BAR
4476,1704875520.0,29.53,29.28,0.24,-0.00143982,BAR
4477,1704875580.0,29.49,29.28,0.21,-0.00143982,BAR
4478,1704875640.0,29.47,29.28,0.18,-0.00143982,BAR
4479,1704875700.0,29.47,29.28,0.18,-0.00143982,BAR
4480,1704875760.0,29.45,29.28,0.16,-0.00143982,BAR
4481,1704875820.0,29.50,29.28,0.22,-0.00143982,BAR
4482,1704875880.0,29.58,29.28,0.30,-0.00143982,BAR
4483,1704875940.0,29.60,29.28,0.32,-0.00143982,BAR
4484,1704876000.0,29.55,29.28,0.27,-0.00143982,BAR
4485,1704876060.0,29.55,29.28,0.27,-0.00143982,BAR
4486,1704876120.0,29.59,29.28,0.31,-0.00143982,BAR
4487,1704876180.0,29.63,29.28,0.35,-0.00143982,BAR
4488,1704876240.0,29.60,29.28,0.32,-0.00143982,BAR
4489,1704876300.0,29.59,29.28,0.30,-0.00143982,BAR
4490,1704876360.0,29.51,29.28,0.22,-0.00143982,BAR
4491,1704876420.0,29.55,29.28,0.26,-0.00143982,BAR
4492,1704876480.0,29.53,29.28,0.25,-0.00143982,BAR
4493,1704876540.0,29.56,29.28,0.27,-0.00143982,BAR
4494,1704876600.0,29.64,29.28,0.35,-0.00143982,BAR
4495,1704876660.0,29.68,29.28,0.40,-0.00143982,BAR
4496,1704876720.0,29.75,29.28,0.47,-0.00143982,BAR
4497,1704876780.0,29.69,29.28,0.40,-0.00143982,BAR
4498,1704876840.0,29.77,29.28,0.49,-0.00143982,BAR
4499,1704876900.0,29.84,29.28,0.56,-0.00143982,BAR
4500,1704876960.0,29.83,29.28,0.55,-0.00143982,BAR
4501,1704877020.0,29.85,29.28,0.57,-0.00143982,BAR
4502,1704877080.0,29.92,29.28,0.63,-0.00143982,BAR
4503,1704877140.0,30.05,29.28,0.77,-0.00143982,BAR
4504,1704877200.0,29.91,29.28,0.63,-0.00143982,BAR
4505,1704877260.0,29.85,29.28,0.57,-0.00143982,BAR
4506,1704877320.0,29.92,29.28,0.63,-0.00143982,BAR
4507,1704877380.0,29.92,29.28,0.64,-0.00143982,BAR
4508,1704877440.0,29.87,29.28,0.58,-0.00143982,BAR
4509,1704877500.0,29.88,29.28,0.59,-0.00143982,BAR
4510,1704877560.0,29.88,29.28,0.60,-0.00143982,BAR
4511,1704877620.0,29.96,29.28,0.67,-0.00143982,BAR
4512,1704877680.0,29.87,29.28,0.59,-0.00143982,BAR
4513,1704877740.0,29.81,29.28,0.53,-0.00143982,BAR
4514,1704877800.0,29.86,29.28,0.58,-0.00143982,BAR
4515,1704877860.0,29.92,29.28,0.63,-0.00143982,BAR
4516,1704877920.0,29.91,29.28,0.63,-0.00143982,BAR
4517,1704877980.0,29.90,29.28,0.61,-0.00143982,BAR
4518,1704878040.0,29.87,29.28,0.58,-0.00143982,BAR
4519,1704878100.0,29.86,29.28,0.58,-0.00143982,BAR
4520,1704878160.0,29.85,29.28,0.57,-0.00143982,BAR
4521,1704878220.0,29.77,29.28,0.49,-0.00143982,BAR
4522,1704878280.0,29.71,29.28,0.43,-0.00143982,BAR
4523,1704878340.0,29.86,29.28,0.58,-0.00143982,BAR
4524,1704878400.0,29.80,29.28,0.52,-0.00143982,BAR
4525,1704878460.0,29.79,29.28,0.51,-0.00143982,BAR
4526,1704878520.0,29.74,29.28,0.46,-0.00143982,BAR
4527,1704878580.0,29.82,29.28,0.54,-0.00143982,BAR
4528,1704878640.0,29.80,29.28,0.52,-0.00143982,BAR
4529,1704878700.0,29.77,29.28,0.49,-0.00143982,BAR
4530,1704878760.0,29.74,29.28,0.46,-0.00143982,BAR
4531,1704878820.0,29.72,29.28,0.44,-0.00143982,BAR
4532,1704878880.0,29.69,29.28,0.41,-0.00143982,BAR
4533,1704878940.0,29.70,29.28,0.42,-0.00143982,BAR
4534,1704879000.0,29.72,29.28,0.43,-0.00143982,BAR
4535,1704879060.0,29.76,29.28,0.47,-0.00143982,BAR
4536,1704879120.0,29.68,29.28,0.39,-0.00143982,BAR
4537,1704879180.0,29.62,29.28,0.34,-0.00143982,BAR
4538,1704879240.0,29.59,29.28,0.31,-0.00143982,BAR
4539,1704879300.0,29.58,29.28,0.29,-0.00143982,BAR
4540,1704879360.0,29.63,29.28,0.34,-0.00143982,BAR
4541,1704879420.0,29.66,29.28,0.37,-0.00143982,BAR
4542,1704879480.0,29.60,29.28,0.31,-0.00143982,BAR
4543,1704879540.0,29.59,29.28,0.31,-0.00143982,BAR
4544,1704879600.0,29.60,29.28,0.32,-0.00143982,BAR
4545,1704879660.0,29.56,29.28,0.27,-0.00143982,BAR
4546,1704879720.0,29.60,29.28,0.32,-0.00143982,BAR
4547,1704879780.0,29.56,29.28,0.27,-0.00143982,BAR
4548,1704879840.0,29.55,29.28,0.27,-0.00143982,BAR
4549,1704879900.0,29.59,29.28,0.30,-0.00143982,BAR
4550,1704879960.0,29.62,29.28,0.34,-0.00143982,BAR
4551,1704880020.0,29.67,29.28,0.38,-0.00143982,BAR
4552,1704880080.0,29.65,29.28,0.36,-0.00143982,BAR
4553,1704880140.0,29.63,29.28,0.35,-0.00143982,BAR
4554,1704880200.0,29.60,29.28,0.32,-0.00143982,BAR
4555,1704880260.0,29.64,29.28,0.36,-0.00143982,BAR
4556,1704880320.0,29.66,29.28,0.37,-0.00143982,BAR
4557,1704880380.0,29.62,29.28,0.34,-0.00143982,BAR
4558,1704880440.0,29.62,29.28,0.33,-0.00143982,BAR
4559,1704880500.0,29.58,29.28,0.29,-0.00143982,BAR
4560,1704880560.0,29.55,29.28,0.26,-0.00143982,BAR
4561,1704880620.0,29.58,29.28,0.30,-0.00143982,BAR
4562,1704880680.0,29.60,29.28,0.31,-0.00143982,BAR
4563,1704880740.0,29.58,29.28,0.29,-0.00143982,BAR
4564,1704880800.0,29.56,29.28,0.27,-0.00143982,BAR
4565,1704880860.0,29.59,29.28,0.30,-0.00143982,BAR
4566,1704880920.0,29.55,29.28,0.27,-0.00143982,BAR
4567,1704880980.0,29.58,29.28,0.30,-0.00143982,BAR
4568,1704881040.0,29.61,29.28,0.33,-0.00143982,BAR
4569,1704881100.0,29.64,29.28,0.35,-0.00143982,BAR
4570,1704881160.0,29.65,29.28,0.36,-0.00143982,BAR
4571,1704881220.0,29.68,29.28,0.39,-0.00143982,BAR
4572,1704881280.0,29.67,29.28,0.39,-0.00143982,BAR
4573,1704881340.0,29.64,29.28,0.36,-0.00143982,BAR
4574,1704881400.0,29.60,29.28,0.31,-0.00143982,BAR
4575,1704881460.0,29.58,29.28,0.29,-0.00143982,BAR
4576,1704881520.0,29.58,29.28,0.30,-0.00143982,BAR
4577,1704881580.0,29.55,29.28,0.27,-0.00143982,BAR
4578,1704881640.0,29.48,29.28,0.20,-0.00143982,BAR
4579,1704881700.0,29.50,29.28,0.22,-0.00143982,BAR
4580,1704881760.0,29.52,29.28,0.24,-0.00143982,BAR
4581,1704881820.0,29.52,29.28,0.24,-0.00143982,BAR
4582,1704881880.0,29.58,29.28,0.29,-0.00143982,BAR
4583,1704881940.0,29.57,29.28,0.29,-0.00143982,BAR
4584,1704882000.0,29.57,29.28,0.28,-0.00143982,BAR
4585,1704882060.0,29.58,29.28,0.30,-0.00143982,BAR
4586,1704882120.0,29.58,29.28,0.29,-0.00143982,BAR
4587,1704882180.0,29.58,29.28,0.30,-0.00143982,BAR
4588,1704882240.0,29.57,29.28,0.29,-0.00143982,BAR
4589,1704882300.0,29.57,29.28,0.28,-0.00143982,BAR
4590,1704882360.0,29.55,29.28,0.26,-0.00143982,BAR
4591,1704882420.0,29.55,29.28,0.26,-0.00143982,BAR
4592,1704882480.0,29.55,29.28,0.27,-0.00143982,BAR
4593,1704882540.0,29.52,29.28,0.23,-0.00143982,BAR
4594,1704882600.0,29.50,29.28,0.22,-0.00143982,BAR
4595,1704882660.0,29.49,29.28,0.20,-0.00143982,BAR
4596,1704882720.0,29.52,29.28,0.24,-0.00143982,BAR
4597,1704882780.0,29.57,29.28,0.29,-0.00143982,BAR
4598,1704882840.0,29.57,29.28,0.29,-0.00143982,BAR
4599,1704882900.0,29.58,29.28,0.29,-0.00143982,BAR
4600,1704882960.0,29.58,29.28,0.30,-0.00143982,BAR
4601,1704883020.0,29.62,29.28,0.33,-0.00143982,BAR
4602,1704883080.0,29.66,29.28,0.37,-0.00143982,BAR
4603,1704883140.0,29.61,29.28,0.33,-0.00143982,BAR
4604,1704883200.0,29.66,29.28,0.38,-0.00143982,BAR
4605,1704883260.0,29.65,29.28,0.37,-0.00143982,BAR
4606,1704883320.0,29.66,29.28,0.37,-0.00143982,BAR
4607,1704883380.0,29.66,29.28,0.38,-0.00143982,BAR
4608,1704883440.0,29.64,29.28,0.36,-0.00143982,BAR
4609,1704883500.0,29.68,29.28,0.39,-0.00143982,BAR
4610,1704883560.0,29.66,29.28,0.38,-0.00143982,BAR
4611,1704883620.0,29.64,29.28,0.36,-0.00143982,BAR
4612,1704883680.0,29.63,29.28,0.34,-0.00143982,BAR
4613,1704883740.0,29.61,29.28,0.32,-0.00143982,BAR
4614,1704883800.0,29.63,29.28,0.35,-0.00143982,BAR
4615,1704883860.0,29.65,29.28,0.37,-0.00143982,BAR
4616,1704883920.0,29.60,29.28,0.32,-0.00143982,BAR
4617,1704883980.0,29.61,29.28,0.32,-0.00143982,BAR
4618,1704884040.0,29.60,29.28,0.31,-0.00143982,BAR
4619,1704884100.0,29.65,29.28,0.37,-0.00143982,BAR
4620,1704884160.0,29.71,29.28,0.42,-0.00143982,BAR
4621,1704884220.0,29.70,29.28,0.42,-0.00143982,BAR
4622,1704884280.0,29.74,29.28,0.45,-0.00143982,BAR
4623,1704884340.0,29.76,29.28,0.48,-0.00143982,BAR
4624,1704884400.0,29.73,29.28,0.45,-0.00143982,BAR
4625,1704884460.0,29.78,29.28,0.50,-0.00143982,BAR
4626,1704884520.0,29.77,29.28,0.49,-0.00143982,BAR
4627,1704884580.0,29.77,29.28,0.48,-0.00143982,BAR
4628,1704884640.0,29.78,29.28,0.50,-0.00143982,BAR
4629,1704884700.0,29.77,29.28,0.48,-0.00143982,BAR
4630,1704884760.0,29.75,29.28,0.47,-0.00143982,BAR
4631,1704884820.0,29.75,29.28,0.47,-0.00143982,BAR
4632,1704884880.0,29.64,29.28,0.36,-0.00143982,BAR
4633,1704884940.0,29.64,29.28,0.36,-0.00143982,BAR
4634,1704885000.0,29.64,29.28,0.36,-0.00143982,BAR
4635,1704885060.0,29.64,29.28,0.35,-0.00143982,BAR
4636,1704885120.0,29.61,29.28,0.33,-0.00143982,BAR
4637,1704885180.0,29.60,29.28,0.31,-0.00143982,BAR
4638,1704885240.0,29.58,29.28,0.30,-0.00143982,BAR
4639,1704885300.0,29.66,29.28,0.38,-0.00143982,BAR
4640,1704885360.0,29.67,29.28,0.39,-0.00143982,BAR
4641,1704885420.0,29.72,29.28,0.43,-0.00143982,BAR
4642,1704885480.0,29.68,29.28,0.39,-0.00143982,BAR
4643,1704885540.0,29.68,29.28,0.39,-0.00143982,BAR
4644,1704885600.0,29.71,29.28,0.43,-0.00143982,BAR
4645,1704885660.0,29.76,29.28,0.48,-0.00143982,BAR
4646,1704885720.0,29.75,29.28,0.47,-0.00143982,BAR
4647,1704885780.0,29.80,29.28,0.52,-0.00143982,BAR
4648,1704885840.0,29.78,29.28,0.50,-0.00143982,BAR
4649,1704885900.0,29.79,29.28,0.51,-0.00143982,BAR
4650,1704885960.0,29.80,29.28,0.52,-0.00143982,BAR
4651,1704886020.0,29.83,29.28,0.55,-0.00143982,BAR
4652,1704886080.0,29.83,29.28,0.55,-0.00143982,BAR
4653,1704886140.0,29.82,29.28,0.54,-0.00143982,BAR
4654,1704886200.0,29.83,29.28,0.55,-0.00143982,BAR
4655,1704886260.0,29.86,29.28,0.57,-0.00143982,BAR
4656,1704886320.0,29.88,29.28,0.59,-0.00143982,BAR
4657,1704886380.0,29.87,29.28,0.59,-0.00143982,BAR
4658,1704886440.0,29.92,29.28,0.63,-0.00143982,BAR
4659,1704886500.0,29.90,29.28,0.62,-0.00143982,BAR
4660,1704886560.0,29.88,29.28,0.60,-0.00143982,BAR
4661,1704886620.0,29.85,29.28,0.57,-0.00143982,BAR
4662,1704886680.0,29.87,29.28,0.59,-0.00143982,BAR
4663,1704886740.0,29.88,29.28,0.60,-0.00143982,BAR
4664,1704886800.0,29.87,29.28,0.58,-0.00143982,BAR
4665,1704886860.0,29.89,29.28,0.61,-0.00143982,BAR
4666,1704886920.0,29.87,29.28,0.59,-0.00143982,BAR
4667,1704886980.0,29.84,29.28,0.56,-0.00143982,BAR
4668,1704887040.0,29.83,29.28,0.55,-0.00143982,BAR
4669,1704887100.0,29.79,29.28,0.51,-0.00143982,BAR
4670,1704887160.0,29.78,29.28,0.49,-0.00143982,BAR
4671,1704887220.0,29.77,29.28,0.48,-0.00143982,BAR
4672,1704887280.0,29.77,29.28,0.48,-0.00143982,BAR
4673,1704887340.0,29.77,29.28,0.48,-0.00143982,BAR
4674,1704887400.0,29.77,29.28,0.49,-0.00143982,BAR
4675,1704887460.0,29.82,29.28,0.54,-0.00143982,BAR
4676,1704887520.0,29.99,29.28,0.71,-0.00143982,BAR
4677,1704887580.0,30.17,29.28,0.89,-0.00143982,BAR
4678,1704887640.0,29.97,29.28,0.68,-0.00143982,BAR
4679,1704887700.0,30.02,29.28,0.74,-0.00143982,BAR
4680,1704887760.0,29.89,29.28,0.61,-0.00143982,BAR
4681,1704887820.0,29.92,29.28,0.63,-0.00143982,BAR
4682,1704887880.0,29.87,29.28,0.59,-0.00143982,BAR
4683,1704887940.0,29.79,29.28,0.50,-0.00143982,BAR
4684,1704888000.0,29.74,29.28,0.45,-0.00143982,BAR
4685,1704888060.0,29.78,29.28,0.50,-0.00143982,BAR
4686,1704888120.0,29.63,29.28,0.35,-0.00143982,BAR
4687,1704888180.0,29.63,29.28,0.35,-0.00143982,BAR
4688,1704888240.0,29.67,29.28,0.39,-0.00143982,BAR
4689,1704888300.0,29.73,29.28,0.44,-0.00143982,BAR
4690,1704888360.0,29.64,29.28,0.36,-0.00143982,BAR
4691,1704888420.0,29.70,29.28,0.42,-0.00143982,BAR
4692,1704888480.0,29.68,29.28,0.39,-0.00143982,BAR
4693,1704888540.0,29.74,29.28,0.46,-0.00143982,BAR
4694,1704888600.0,29.78,29.28,0.49,-0.00143982,BAR
4695,1704888660.0,29.83,29.28,0.55,-0.00143982,BAR
4696,1704888720.0,29.88,29.28,0.59,-0.00143982,BAR
4697,1704888780.0,29.90,29.28,0.62,-0.00143982,BAR
4698,1704888840.0,29.86,29.28,0.57,-0.00143982,BAR
4699,1704888900.0,30.00,29.28,0.72,-0.00143982,BAR
4700,1704888960.0,29.97,29.28,0.69,-0.00143982,BAR
4701,1704889020.0,29.97,29.28,0.68,-0.00143982,BAR
4702,1704889080.0,30.00,29.28,0.71,-0.00143982,BAR
4703,1704889140.0,29.96,29.28,0.68,-0.00143982,BAR
4704,1704889200.0,30.00,29.28,0.71,-0.00143982,BAR
4705,1704889260.0,30.04,29.28,0.75,-0.00143982,BAR
4706,1704889320.0,30.08,29.28,0.79,-0.00143982,BAR
4707,1704889380.0,30.11,29.28,0.83,-0.00143982,BAR
4708,1704889440.0,30.04,29.28,0.76,-0.00143982,BAR
4709,1704889500.0,30.02,29.28,0.74,-0.00143982,BAR
4710,1704889560.0,30.06,29.28,0.78,-0.00143982,BAR
4711,1704889620.0,30.13,29.28,0.85,-0.00143982,BAR
4712,1704889680.0,30.26,29.28,0.98,-0.00143982,BAR
4713,1704889740.0,30.18,29.28,0.90,-0.00143982,BAR
4714,1704889800.0,30.22,29.28,0.94,-0.00143982,BAR
4715,1704889860.0,30.50,29.28,1.21,-0.00143982,BAR
4716,1704889920.0,30.36,29.28,1.08,-0.00143982,BAR
4717,1704889980.0,30.26,29.28,0.98,-0.00143982,BAR
4718,1704890040.0,30.28,29.28,0.99,-0.00143982,BAR
4719,1704890100.0,30.36,29.28,1.08,-0.00143982,BAR
4720,1704890160.0,30.56,29.28,1.27,-0.00143982,BAR
4721,1704890220.0,30.59,29.28,1.30,-0.00143982,BAR
4722,1704890280.0,30.53,29.28,1.25,-0.00143982,BAR
4723,1704890340.0,30.41,29.28,1.13,-0.00143982,BAR
4724,1704890400.0,30.42,29.28,1.14,-0.00143982,BAR
4725,1704890460.0,30.43,29.28,1.14,-0.00143982,BAR
4726,1704890520.0,30.37,29.28,1.08,-0.00143982,BAR
4727,1704890580.0,30.42,29.28,1.13,-0.00143982,BAR
4728,1704890640.0,30.51,29.28,1.23,-0.00143982,BAR
4729,1704890700.0,30.56,29.28,1.27,-0.00143982,BAR
4730,1704890760.0,30.55,29.28,1.27,-0.00143982,BAR
4731,1704890820.0,30.64,29.28,1.36,-0.00143982,BAR
4732,1704890880.0,30.64,29.28,1.36,-0.00143982,BAR
4733,1704890940.0,30.55,29.28,1.26,-0.00143982,BAR
4734,1704891000.0,30.57,29.28,1.28,-0.00143982,BAR
4735,1704891060.0,30.68,29.28,1.40,-0.00143982,BAR
4736,1704891120.0,30.66,29.28,1.37,-0.00143982,BAR
4737,1704891180.0,30.74,29.28,1.46,-0.00143982,BAR
4738,1704891240.0,30.96,29.28,1.68,-0.00143982,BAR
4739,1704891300.0,31.10,29.28,1.82,-0.00143982,BAR
4740,1704891360.0,31.18,29.28,1.90,-0.00143982,BAR
4741,1704891420.0,31.19,29.28,1.91,-0.00143982,BAR
4742,1704891480.0,30.93,29.28,1.65,-0.00143982,BAR
4743,1704891540.0,31.00,29.28,1.72,-0.00143982,BAR
4744,1704891600.0,31.36,29.28,2.07,-0.00143982,BAR
4745,1704891660.0,31.29,29.28,2.00,-0.00143982,BAR
4746,1704891720.0,31.15,29.28,1.86,-0.00143982,BAR
4747,1704891780.0,30.98,29.28,1.70,-0.00143982,BAR
4748,1704891840.0,30.96,29.28,1.68,-0.00143982,BAR
4749,1704891900.0,30.73,29.28,1.44,-0.00143982,BAR
4750,1704891960.0,30.57,29.28,1.29,-0.00143982,BAR
4751,1704892020.0,30.64,29.28,1.35,-0.00143982,BAR
4752,1704892080.0,30.66,29.28,1.38,-0.00143982,BAR
4753,1704892140.0,30.67,29.28,1.39,-0.00143982,BAR
4754,1704892200.0,30.59,29.28,1.31,-0.00143982,BAR
4755,1704892260.0,30.53,29.28,1.25,-0.00143982,BAR
4756,1704892320.0,30.39,29.28,1.10,-0.00143982,BAR
4757,1704892380.0,30.37,29.28,1.08,-0.00143982,BAR
4758,1704892440.0,30.43,29.28,1.15,-0.00143982,BAR
4759,1704892500.0,30.38,29.28,1.10,-0.00143982,BAR
4760,1704892560.0,30.46,29.28,1.17,-0.00143982,BAR
4761,1704892620.0,30.56,29.28,1.27,-0.00143982,BAR
4762,1704892680.0,30.62,29.28,1.33,-0.00143982,BAR
4763,1704892740.0,30.68,29.28,1.39,-0.00143982,BAR
4764,1704892800.0,30.57,29.28,1.29,-0.00143982,BAR
4765,1704892860.0,30.57,29.28,1.29,-0.00143982,BAR
4766,1704892920.0,30.54,29.28,1.25,-0.00143982,BAR
4767,1704892980.0,30.50,29.28,1.21,-0.00143982,BAR
4768,1704893040.0,30.43,29.28,1.14,-0.00143982,BAR
4769,1704893100.0,30.32,29.28,1.03,-0.00143982,BAR
4770,1704893160.0,30.33,29.28,1.05,-0.00143982,BAR
4771,1704893220.0,30.30,29.28,1.02,-0.00143982,BAR
4772,1704893280.0,30.11,29.28,0.83,-0.00143982,BAR
4773,1704893340.0,30.14,29.28,0.85,-0.00143982,BAR
4774,1704893400.0,30.28,29.28,1.00,-0.00143982,BAR
4775,1704893460.0,30.32,29.28,1.04,-0.00143982,BAR
4776,1704893520.0,30.35,29.28,1.07,-0.00143982,BAR
4777,1704893580.0,30.40,29.28,1.11,-0.00143982,BAR
4778,1704893640.0,30.40,29.28,1.11,-0.00143982,BAR
4779,1704893700.0,30.35,29.28,1.06,-0.00143982,BAR
4780,1704893760.0,30.40,29.28,1.12,-0.00143982,BAR
4781,1704893820.0,30.45,29.28,1.16,-0.00143982,BAR
4782,1704893880.0,30.46,29.28,1.17,-0.00143982,BAR
4783,1704893940.0,30.38,29.28,1.09,-0.00143982,BAR
4784,1704894000.0,30.47,29.28,1.18,-0.00143982,BAR
4785,1704894060.0,30.48,29.28,1.20,-0.00143982,BAR
4786,1704894120.0,30.43,29.28,1.15,-0.00143982,BAR
4787,1704894180.0,30.44,29.28,1.15,-0.00143982,BAR
4788,1704894240.0,30.41,29.28,1.13,-0.00143982,BAR
4789,1704894300.0,30.28,29.28,1.00,-0.00143982,BAR
4790,1704894360.0,30.26,29.28,0.97,-0.00143982,BAR
4791,1704894420.0,30.26,29.28,0.98,-0.00143982,BAR
4792,1704894480.0,30.33,29.28,1.05,-0.00143982,BAR
4793,1704894540.0,30.32,29.28,1.03,-0.00143982,BAR
4794,1704894600.0,30.31,29.28,1.02,-0.00143982,BAR
4795,1704894660.0,30.35,29.28,1.06,-0.00143982,BAR
4796,1704894720.0,30.32,29.28,1.03,-0.00143982,BAR
4797,1704894780.0,30.32,29.28,1.03,-0.00143982,BAR
4798,1704894840.0,30.31,29.28,1.03,-0.00143982,BAR
4799,1704894900.0,30.34,29.28,1.06,-0.00143982,BAR
4800,1704894960.0,30.34,29.28,1.06,-0.00143982,BAR
4801,1704895020.0,30.33,29.28,1.04,-0.00143982,BAR
4802,1704895080.0,30.32,29.28,1.03,-0.00143982,BAR
4803,1704895140.0,30.36,29.28,1.08,-0.00143982,BAR
4804,1704895200.0,30.35,29.28,1.07,-0.00143982,BAR
4805,1704895260.0,30.43,29.28,1.15,-0.00143982,BAR
4806,1704895320.0,30.51,29.28,1.22,-0.00143982,BAR
4807,1704895380.0,30.47,29.28,1.19,-0.00143982,BAR
4808,1704895440.0,30.48,29.28,1.20,-0.00143982,BAR
4809,1704895500.0,30.56,29.28,1.27,-0.00143982,BAR
4810,1704895560.0,30.58,29.28,1.30,-0.00143982,BAR
4811,1704895620.0,30.58,29.28,1.30,-0.00143982,BAR
4812,1704895680.0,30.58,29.28,1.30,-0.00143982,BAR
4813,1704895740.0,30.65,29.28,1.37,-0.00143982,BAR
4814,1704895800.0,30.69,29.28,1.40,-0.00143982,BAR
4815,1704895860.0,30.73,29.28,1.45,-0.00143982,BAR
4816,1704895920.0,30.72,29.28,1.43,-0.00143982,BAR
4817,1704895980.0,30.65,29.28,1.36,-0.00143982,BAR
4818,1704896040.0,30.59,29.28,1.31,-0.00143982,BAR
4819,1704896100.0,30.43,29.28,1.14,-0.00143982,BAR
4820,1704896160.0,30.35,29.28,1.07,-0.00143982,BAR
4821,1704896220.0,30.26,29.28,0.98,-0.00143982,BAR
4822,1704896280.0,30.33,29.28,1.05,-0.00143982,BAR
4823,1704896340.0,30.37,29.28,1.08,-0.00143982,BAR
4824,1704896400.0,30.33,29.28,1.05,-0.00143982,BAR
4825,1704896460.0,30.22,29.28,0.94,-0.00143982,BAR
4826,1704896520.0,30.21,29.28,0.92,-0.00143982,BAR
4827,1704896580.0,30.38,29.28,1.09,-0.00143982,BAR
4828,1704896640.0,30.38,29.28,1.10,-0.00143982,BAR
4829,1704896700.0,30.28,29.28,1.00,-0.00143982,BAR
4830,1704896760.0,30.28,29.28,1.00,-0.00143982,BAR
4831,1704896820.0,30.18,29.28,0.89,-0.00143982,BAR
4832,1704896880.0,30.13,29.28,0.84,-0.00143982,BAR
4833,1704896940.0,30.07,29.28,0.78,-0.00143982,BAR
4834,1704897000.0,29.98,29.28,0.69,-0.00143982,BAR
4835,1704897060.0,30.07,29.28,0.78,-0.00143982,BAR
4836,1704897120.0,30.17,29.28,0.88,-0.00143982,BAR
4837,1704897180.0,30.32,29.28,1.03,-0.00143982,BAR
4838,1704897240.0,30.29,29.28,1.01,-0.00143982,BAR
4839,1704897300.0,30.31,29.28,1.02,-0.00143982,BAR
4840,1704897360.0,30.27,29.28,0.99,-0.00143982,BAR
4841,1704897420.0,30.30,29.28,1.01,-0.00143982,BAR
4842,1704897480.0,30.35,29.28,1.07,-0.00143982,BAR
4843,1704897540.0,30.28,29.28,1.00,-0.00143982,BAR
4844,1704897600.0,30.36,29.28,1.08,-0.00143982,BAR
4845,1704897660.0,30.41,29.28,1.12,-0.00143982,BAR
4846,1704897720.0,30.31,29.28,1.02,-0.00143982,BAR
4847,1704897780.0,30.36,29.28,1.07,-0.00143982,BAR
4848,1704897840.0,30.42,29.28,1.14,-0.00143982,BAR
4849,1704897900.0,30.38,29.28,1.10,-0.00143982,BAR
4850,1704897960.0,30.45,29.28,1.16,-0.00143982,BAR
4851,1704898020.0,30.54,29.28,1.26,-0.00143982,BAR
4852,1704898080.0,30.59,29.28,1.30,-0.00143982,BAR
4853,1704898140.0,30.53,29.28,1.25,-0.00143982,BAR
4854,1704898200.0,30.60,29.28,1.32,-0.00143982,BAR
4855,1704898260.0,30.64,29.28,1.36,-0.00143982,BAR
4856,1704898320.0,30.75,29.28,1.46,-0.00143982,BAR
4857,1704898380.0,30.67,29.28,1.38,-0.00143982,BAR
4858,1704898440.0,30.68,29.28,1.40,-0.00143982,BAR
4859,1704898500.0,30.75,29.28,1.47,-0.00143982,BAR
4860,1704898560.0,30.72,29.28,1.44,-0.00143982,BAR
4861,1704898620.0,30.70,29.28,1.42,-0.00143982,BAR
4862,1704898680.0,30.77,29.28,1.49,-0.00143982,BAR
4863,1704898740.0,30.70,29.28,1.41,-0.00143982,BAR
4864,1704898800.0,30.80,29.28,1.52,-0.00143982,BAR
4865,1704898860.0,30.68,29.28,1.40,-0.00143982,BAR
4866,1704898920.0,30.59,29.28,1.31,-0.00143982,BAR
4867,1704898980.0,30.52,29.28,1.23,-0.00143982,BAR
4868,1704899040.0,30.55,29.28,1.27,-0.00143982,BAR
4869,1704899100.0,30.52,29.28,1.23,-0.00143982,BAR
4870,1704899160.0,30.36,29.28,1.08,-0.00143982,BAR
4871,1704899220.0,30.34,29.28,1.05,-0.00143982,BAR
4872,1704899280.0,30.32,29.28,1.03,-0.00143982,BAR
4873,1704899340.0,30.30,29.28,1.01,-0.00143982,BAR
4874,1704899400.0,30.16,29.28,0.88,-0.00143982,BAR
4875,1704899460.0,30.28,29.28,0.99,-0.00143982,BAR
4876,1704899520.0,30.39,29.28,1.11,-0.00143982,BAR
4877,1704899580.0,30.32,29.28,1.04,-0.00143982,BAR
4878,1704899640.0,30.29,29.28,1.01,-0.00143982,BAR
4879,1704899700.0,30.32,29.28,1.04,-0.00143982,BAR
4880,1704899760.0,30.53,29.28,1.24,-0.00143982,BAR
4881,1704899820.0,30.52,29.28,1.23,-0.00143982,BAR
4882,1704899880.0,30.53,29.28,1.24,-0.00143982,BAR
4883,1704899940.0,30.52,29.28,1.24,-0.00143982,BAR
4884,1704900000.0,30.46,29.28,1.17,-0.00143982,BAR
4885,1704900060.0,30.47,29.28,1.18,-0.00143982,BAR
4886,1704900120.0,30.53,29.28,1.25,-0.00143982,BAR
4887,1704900180.0,30.53,29.28,1.25,-0.00143982,BAR
4888,1704900240.0,30.55,29.28,1.27,-0.00143982,BAR
4889,1704900300.0,30.56,29.28,1.28,-0.00143982,BAR
4890,1704900360.0,30.44,29.28,1.16,-0.00143982,BAR
4891,1704900420.0,30.30,29.28,1.02,-0.00143982,BAR
4892,1704900480.0,30.17,29.28,0.89,-0.00143982,BAR
4893,1704900540.0,30.15,29.28,0.86,-0.00143982,BAR
4894,1704900600.0,30.28,29.28,1.00,-0.00143982,BAR
4895,1704900660.0,30.20,29.28,0.91,-0.00143982,BAR
4896,1704900720.0,30.13,29.28,0.85,-0.00143982,BAR
4897,1704900780.0,30.14,29.28,0.86,-0.00143982,BAR
4898,1704900840.0,30.18,29.28,0.90,-0.00143982,BAR
4899,1704900900.0,30.09,29.28,0.80,-0.00143982,BAR
4900,1704900960.0,30.10,29.28,0.82,-0.00143982,BAR
4901,1704901020.0,30.17,29.28,0.88,-0.00143982,BAR
4902,1704901080.0,30.08,29.28,0.80,-0.00143982,BAR
4903,1704901140.0,30.03,29.28,0.75,-0.00143982,BAR
4904,1704901200.0,30.12,29.28,0.84,-0.00143982,BAR
4905,1704901260.0,30.15,29.28,0.87,-0.00143982,BAR
4906,1704901320.0,30.20,29.28,0.92,-0.00143982,BAR
4907,1704901380.0,30.22,29.28,0.93,-0.00143982,BAR
4908,1704901440.0,30.18,29.28,0.90,-0.00143982,BAR
4909,1704901500.0,30.20,29.28,0.91,-0.00143982,BAR
4910,1704901560.0,30.26,29.28,0.97,-0.00143982,BAR
4911,1704901620.0,30.18,29.28,0.90,-0.00143982,BAR
4912,1704901680.0,30.09,29.28,0.80,-0.00143982,BAR
4913,1704901740.0,30.06,29.28,0.78,-0.00143982,BAR
4914,1704901800.0,29.97,29.28,0.68,-0.00143982,BAR
4915,1704901860.0,30.05,29.28,0.77,-0.00143982,BAR
4916,1704901920.0,29.99,29.28,0.71,-0.00143982,BAR
4917,1704901980.0,30.04,29.28,0.76,-0.00143982,BAR
4918,1704902040.0,30.06,29.28,0.78,-0.00143982,BAR
4919,1704902100.0,30.24,29.28,0.96,-0.00143982,BAR
4920,1704902160.0,30.21,29.28,0.93,-0.00143982,BAR
4921,1704902220.0,29.80,29.28,0.51,-0.00143982,BAR
4922,1704902280.0,29.88,29.28,0.60,-0.00143982,BAR
4923,1704902340.0,29.74,29.28,0.46,-0.00143982,BAR
4924,1704902400.0,29.80,29.28,0.51,-0.00143982,BAR
4925,1704902460.0,29.90,29.28,0.62,-0.00143982,BAR
4926,1704902520.0,30.00,29.28,0.71,-0.00143982,BAR
4927,1704902580.0,30.00,29.28,0.72,-0.00143982,BAR
4928,1704902640.0,30.06,29.28,0.78,-0.00143982,BAR
4929,1704902700.0,30.16,29.28,0.87,-0.00143982,BAR
4930,1704902760.0,30.22,29.28,0.93,-0.00143982,BAR
4931,1704902820.0,30.10,29.28,0.81,-0.00143982,BAR
4932,1704902880.0,30.01,29.28,0.73,-0.00143982,BAR
4933,1704902940.0,29.98,29.28,0.70,-0.00143982,BAR
4934,1704903000.0,30.01,29.28,0.73,-0.00143982,BAR
4935,1704903060.0,29.96,29.28,0.67,-0.00143982,BAR
4936,1704903120.0,29.94,29.28,0.66,-0.00143982,BAR
4937,1704903180.0,30.01,29.28,0.72,-0.00143982,BAR
4938,1704903240.0,30.10,29.28,0.82,-0.00143982,BAR
4939,1704903300.0,30.16,29.28,0.87,-0.00143982,BAR
4940,1704903360.0,30.14,29.28,0.86,-0.00143982,BAR
4941,1704903420.0,30.18,29.28,0.90,-0.00143982,BAR
4942,1704903480.0,30.15,29.28,0.87,-0.00143982,BAR
4943,1704903540.0,30.14,29.28,0.86,-0.00143982,BAR
4944,1704903600.0,30.12,29.28,0.84,-0.00143982,BAR
4945,1704903660.0,30.02,29.28,0.74,-0.00143982,BAR
4946,1704903720.0,29.96,29.28,0.68,-0.00143982,BAR
4947,1704903780.0,29.97,29.28,0.69,-0.00143982,BAR
4948,1704903840.0,29.93,29.28,0.65,-0.00143982,BAR
4949,1704903900.0,29.90,29.28,0.62,-0.00143982,BAR
4950,1704903960.0,29.89,29.28,0.60,-0.00143982,BAR
4951,1704904020.0,29.81,29.28,0.52,-0.00143982,BAR
4952,1704904080.0,29.86,29.28,0.58,-0.00143982,BAR
4953,1704904140.0,29.78,29.28,0.50,-0.00143982,BAR
4954,1704904200.0,29.76,29.28,0.48,-0.00143982,BAR
4955,1704904260.0,29.78,29.28,0.49,-0.00143982,BAR
4956,1704904320.0,29.71,29.28,0.42,-0.00143982,BAR
4957,1704904380.0,29.78,29.28,0.50,-0.00143982,BAR
4958,1704904440.0,29.85,29.28,0.57,-0.00143982,BAR
4959,1704904500.0,29.91,29.28,0.63,-0.00143982,BAR
4960,1704904560.0,29.88,29.28,0.60,-0.00143982,BAR
4961,1704904620.0,29.90,29.28,0.62,-0.00143982,BAR
4962,1704904680.0,29.97,29.28,0.68,-0.00143982,BAR
4963,1704904740.0,29.94,29.28,0.66,-0.00143982,BAR
4964,1704904800.0,29.87,29.28,0.58,-0.00143982,BAR
4965,1704904860.0,29.91,29.28,0.63,-0.00143982,BAR
4966,1704904920.0,29.95,29.28,0.67,-0.00143982,BAR
4967,1704904980.0,29.94,29.28,0.65,-0.00143982,BAR
4968,1704905040.0,29.96,29.28,0.68,-0.00143982,BAR
4969,1704905100.0,29.97,29.28,0.68,-0.00143982,BAR
4970,1704905160.0,29.86,29.28,0.57,-0.00143982,BAR
4971,1704905220.0,29.84,29.28,0.55,-0.00143982,BAR
4972,1704905280.0,29.84,29.28,0.56,-0.00143982,BAR
4973,1704905340.0,29.79,29.28,0.50,-0.00143982,BAR
4974,1704905400.0,29.86,29.28,0.57,-0.00143982,BAR
4975,1704905460.0,29.87,29.28,0.59,-0.00143982,BAR
4976,1704905520.0,29.95,29.28,0.67,-0.00143982,BAR
4977,1704905580.0,29.94,29.28,0.66,-0.00143982,BAR
4978,1704905640.0,29.93,29.28,0.65,-0.00143982,BAR
4979,1704905700.0,29.97,29.28,0.69,-0.00143982,BAR
4980,1704905760.0,29.95,29.28,0.66,-0.00143982,BAR
4981,1704905820.0,29.98,29.28,0.69,-0.00143982,BAR
4982,1704905880.0,30.00,29.28,0.72,-0.00143982,BAR
4983,1704905940.0,30.08,29.28,0.80,-0.00143982,BAR
4984,1704906000.0,30.05,29.28,0.77,-0.00143982,BAR
4985,1704906060.0,30.07,29.28,0.78,-0.00143982,BAR
4986,1704906120.0,30.13,29.28,0.84,-0.00143982,BAR
4987,1704906180.0,30.15,29.28,0.87,-0.00143982,BAR
4988,1704906240.0,30.11,29.28,0.82,-0.00143982,BAR
4989,1704906300.0,30.04,29.28,0.75,-0.00143982,BAR
4990,1704906360.0,30.00,29.28,0.72,-0.00143982,BAR
4991,1704906420.0,29.98,29.28,0.70,-0.00143982,BAR
4992,1704906480.0,29.95,29.28,0.66,-0.00143982,BAR
4993,1704906540.0,29.94,29.28,0.66,-0.00143982,BAR
4994,1704906600.0,29.94,29.28,0.66,-0.00143982,BAR
4995,1704906660.0,29.92,29.28,0.63,-0.00143982,BAR
4996,1704906720.0,29.89,29.28,0.60,-0.00143982,BAR
4997,1704906780.0,29.92,29.28,0.63,-0.00143982,BAR
4998,1704906840.0,29.88,29.28,0.60,-0.00143982,BAR
4999,1704906900.0,29.84,29.28,0.55,-0.00143982,BAR
5000,1704906960.0,29.81,29.28,0.53,-0.00143982,BAR
5001,1704907020.0,29.87,29.28,0.59,-0.00143982,BAR
5002,1704907080.0,29.84,29.28,0.55,-0.00143982,BAR
5003,1704907140.0,29.83,29.28,0.54,-0.00143982,BAR
5004,1704907200.0,29.81,29.28,0.53,-0.00143982,BAR
5005,1704907260.0,29.74,29.28,0.46,-0.00143982,BAR
5006,1704907320.0,29.75,29.28,0.46,-0.00143982,BAR
5007,1704907380.0,29.71,29.28,0.42,-0.00143982,BAR
5008,1704907440.0,29.70,29.28,0.42,-0.00143982,BAR
5009,1704907500.0,29.63,29.28,0.34,-0.00143982,BAR
5010,1704907560.0,29.63,29.28,0.35,-0.00143982,BAR
5011,1704907620.0,29.65,29.28,0.37,-0.00143982,BAR
5012,1704907680.0,29.68,29.28,0.40,-0.00143982,BAR
5013,1704907740.0,29.64,29.28,0.35,-0.00143982,BAR
5014,1704907800.0,29.63,29.28,0.35,-0.00143982,BAR
5015,1704907860.0,29.68,29.28,0.40,-0.00143982,BAR
5016,1704907920.0,29.62,29.28,0.33,-0.00143982,BAR
5017,1704907980.0,29.70,29.28,0.42,-0.00143982,BAR
5018,1704908040.0,29.57,29.28,0.29,-0.00143982,BAR
5019,1704908100.0,29.45,29.28,0.17,-0.00143982,BAR
5020,1704908160.0,29.38,29.28,0.10,-0.00143982,BAR
5021,1704908220.0,29.34,29.28,0.05,-0.00143982,BAR
5022,1704908280.0,29.36,29.28,0.07,-0.00143982,BAR
5023,1704908340.0,29.21,29.28,-0.07,-0.00143982,BAR
5024,1704908400.0,29.14,29.28,-0.15,-0.00143982,BAR
5025,1704908460.0,29.10,29.28,-0.18,-0.00143982,BAR
5026,1704908520.0,28.93,29.28,-0.35,-0.00143982,BAR
5027,1704908580.0,28.86,29.28,-0.43,-0.00143982,BAR
5028,1704908640.0,28.69,29.28,-0.60,-0.00143982,BAR
5029,1704908700.0,29.00,29.28,-0.28,-0.00143982,BAR
5030,1704908760.0,28.95,29.28,-0.33,-0.00143982,BAR
5031,1704908820.0,29.08,29.28,-0.20,-0.00143982,BAR
5032,1704908880.0,28.98,29.28,-0.31,-0.00143982,BAR
5033,1704908940.0,28.94,29.28,-0.35,-0.00143982,BAR
5034,1704909000.0,28.85,29.28,-0.44,-0.00143982,BAR
5035,1704909060.0,28.93,29.28,-0.35,-0.00143982,BAR
5036,1704909120.0,28.91,29.28,-0.37,-0.00143982,BAR
5037,1704909180.0,28.85,29.28,-0.43,-0.00143982,BAR
5038,1704909240.0,28.74,29.28,-0.55,-0.00143982,BAR
5039,1704909300.0,28.84,29.28,-0.44,-0.00143982,BAR
5040,1704909360.0,28.63,29.28,-0.65,-0.00143982,BAR
5041,1704909420.0,28.50,29.28,-0.78,-0.00143982,BAR
5042,1704909480.0,28.55,29.28,-0.73,-0.00143982,BAR
5043,1704909540.0,28.51,29.28,-0.77,-0.00143982,BAR
5044,1704909600.0,28.51,29.28,-0.77,-0.00143982,BAR
5045,1704909660.0,28.56,29.28,-0.72,-0.00143982,BAR
5046,1704909720.0,28.44,29.28,-0.85,-0.00143982,BAR
5047,1704909780.0,28.23,29.28,-1.06,-0.00143982,BAR
5048,1704909840.0,28.24,29.28,-1.04,-0.00143982,BAR
5049,1704909900.0,28.35,29.28,-0.93,-0.00143982,BAR
5050,1704909960.0,28.43,29.28,-0.85,-0.00143982,BAR
5051,1704910020.0,28.43,29.28,-0.86,-0.00143982,BAR
5052,1704910080.0,28.46,29.28,-0.82,-0.00143982,BAR
5053,1704910140.0,28.94,29.28,-0.35,-0.00143982,BAR
5054,1704910200.0,28.93,29.28,-0.36,-0.00143982,BAR
5055,1704910260.0,28.94,29.28,-0.35,-0.00143982,BAR
5056,1704910320.0,28.84,29.28,-0.44,-0.00143982,BAR
5057,1704910380.0,28.69,29.28,-0.59,-0.00143982,BAR
5058,1704910440.0,28.71,29.28,-0.58,-0.00143982,BAR
5059,1704910500.0,28.82,29.28,-0.47,-0.00143982,BAR
5060,1704910560.0,28.85,29.28,-0.43,-0.00143982,BAR
5061,1704910620.0,28.71,29.28,-0.57,-0.00143982,BAR
5062,1704910680.0,28.77,29.28,-0.51,-0.00143982,BAR
5063,1704910740.0,28.85,29.28,-0.44,-0.00143982,BAR
5064,1704910800.0,28.78,29.28,-0.50,-0.00143982,BAR
5065,1704910860.0,28.74,29.28,-0.54,-0.00143982,BAR
5066,1704910920.0,28.81,29.28,-0.47,-0.00143982,BAR
5067,1704910980.0,28.79,29.28,-0.50,-0.00143982,BAR
5068,1704911040.0,28.87,29.28,-0.41,-0.00143982,BAR
5069,1704911100.0,28.76,29.28,-0.53,-0.00143982,BAR
5070,1704911160.0,28.62,29.28,-0.66,-0.00143982,BAR
5071,1704911220.0,28.50,29.28,-0.78,-0.00143982,BAR
5072,1704911280.0,28.54,29.28,-0.74,-0.00143982,BAR
5073,1704911340.0,28.54,29.28,-0.75,-0.00143982,BAR
5074,1704911400.0,28.39,29.28,-0.90,-0.00143982,BAR
5075,1704911460.0,28.33,29.28,-0.96,-0.00143982,BAR
5076,1704911520.0,28.35,29.28,-0.93,-0.00143982,BAR
5077,1704911580.0,28.40,29.28,-0.88,-0.00143982,BAR
5078,1704911640.0,28.37,29.28,-0.92,-0.00143982,BAR
5079,1704911700.0,28.25,29.28,-1.04,-0.00143982,BAR
5080,1704911760.0,28.32,29.28,-0.97,-0.00143982,BAR
5081,1704911820.0,28.35,29.28,-0.93,-0.00143982,BAR
5082,1704911880.0,28.32,29.28,-0.97,-0.00143982,BAR
5083,1704911940.0,28.39,29.28,-0.89,-0.00143982,BAR
5084,1704912000.0,28.66,29.28,-0.62,-0.00143982,BAR
5085,1704912060.0,28.74,29.28,-0.54,-0.00143982,BAR
5086,1704912120.0,28.67,29.28,-0.61,-0.00143982,BAR
5087,1704912180.0,28.66,29.28,-0.62,-0.00143982,BAR
5088,1704912240.0,28.67,29.28,-0.61,-0.00143982,BAR
5089,1704912300.0,28.58,29.28,-0.70,-0.00143982,BAR
5090,1704912360.0,28.54,29.28,-0.74,-0.00143982,BAR
5091,1704912420.0,28.56,29.28,-0.73,-0.00143982,BAR
5092,1704912480.0,28.48,29.28,-0.80,-0.00143982,BAR
5093,1704912540.0,28.41,29.28,-0.87,-0.00143982,BAR
5094,1704912600.0,28.46,29.28,-0.82,-0.00143982,BAR
5095,1704912660.0,28.42,29.28,-0.87,-0.00143982,BAR
5096,1704912720.0,28.41,29.28,-0.87,-0.00143982,BAR
5097,1704912780.0,28.33,29.28,-0.96,-0.00143982,BAR
5098,1704912840.0,28.38,29.28,-0.91,-0.00143982,BAR
5099,1704912900.0,28.35,29.28,-0.93,-0.00143982,BAR
5100,1704912960.0,28.38,29.28,-0.91,-0.00143982,BAR
5101,1704913020.0,28.42,29.28,-0.87,-0.00143982,BAR
5102,1704913080.0,28.34,29.28,-0.94,-0.00143982,BAR
5103,1704913140.0,28.33,29.28,-0.95,-0.00143982,BAR
5104,1704913200.0,28.41,29.28,-0.87,-0.00143982,BAR
5105,1704913260.0,28.40,29.28,-0.89,-0.00143982,BAR
5106,1704913320.0,28.46,29.28,-0.83,-0.00143982,BAR
5107,1704913380.0,28.39,29.28,-0.89,-0.00143982,BAR
5108,1704913440.0,28.26,29.28,-1.03,-0.00143982,BAR
5109,1704913500.0,28.25,29.28,-1.03,-0.00143982,BAR
5110,1704913560.0,28.13,29.28,-1.15,-0.00143982,BAR
5111,1704913620.0,28.16,29.28,-1.12,-0.00143982,BAR
5112,1704913680.0,28.78,29.28,-0.51,-0.00143982,BAR
5113,1704913740.0,28.51,29.28,-0.78,-0.00143982,BAR
5114,1704913800.0,28.73,29.28,-0.56,-0.00143982,BAR
5115,1704913860.0,28.65,29.28,-0.63,-0.00143982,BAR
5116,1704913920.0,28.48,29.28,-0.81,-0.00143982,BAR
5117,1704913980.0,28.56,29.28,-0.72,-0.00143982,BAR
5118,1704914040.0,28.67,29.28,-0.61,-0.00143982,BAR
5119,1704914100.0,28.62,29.28,-0.66,-0.00143982,BAR
5120,1704914160.0,28.56,29.28,-0.72,-0.00143982,BAR
5121,1704914220.0,28.54,29.28,-0.74,-0.00143982,BAR
5122,1704914280.0,28.51,29.28,-0.78,-0.00143982,BAR
5123,1704914340.0,28.54,29.28,-0.75,-0.00143982,BAR
5124,1704914400.0,28.47,29.28,-0.82,-0.00143982,BAR
5125,1704914460.0,28.59,29.28,-0.70,-0.00143982,BAR
5126,1704914520.0,28.65,29.28,-0.63,-0.00143982,BAR
5127,1704914580.0,28.65,29.28,-0.63,-0.00143982,BAR
5128,1704914640.0,28.66,29.28,-0.63,-0.00143982,BAR
5129,1704914700.0,28.66,29.28,-0.62,-0.00143982,BAR
5130,1704914760.0,28.79,29.28,-0.50,-0.00143982,BAR
5131,1704914820.0,28.73,29.28,-0.55,-0.00143982,BAR
5132,1704914880.0,28.66,29.28,-0.62,-0.00143982,BAR
5133,1704914940.0,28.69,29.28,-0.59,-0.00143982,BAR
5134,1704915000.0,28.68,29.28,-0.61,-0.00143982,BAR
5135,1704915060.0,28.68,29.28,-0.60,-0.00143982,BAR
5136,1704915120.0,28.67,29.28,-0.61,-0.00143982,BAR
5137,1704915180.0,28.60,29.28,-0.68,-0.00143982,BAR
5138,1704915240.0,28.56,29.28,-0.72,-0.00143982,BAR
5139,1704915300.0,28.74,29.28,-0.55,-0.00143982,BAR
5140,1704915360.0,28.71,29.28,-0.57,-0.00143982,BAR
5141,1704915420.0,28.78,29.28,-0.50,-0.00143982,BAR
5142,1704915480.0,28.88,29.28,-0.41,-0.00143982,BAR
5143,1704915540.0,28.85,29.28,-0.43,-0.00143982,BAR
5144,1704915600.0,28.78,29.28,-0.50,-0.00143982,BAR
5145,1704915660.0,28.72,29.28,-0.56,-0.00143982,BAR
5146,1704915720.0,28.72,29.28,-0.56,-0.00143982,BAR
5147,1704915780.0,28.71,29.28,-0.57,-0.00143982,BAR
5148,1704915840.0,28.72,29.28,-0.57,-0.00143982,BAR
5149,1704915900.0,28.69,29.28,-0.60,-0.00143982,BAR
5150,1704915960.0,28.73,29.28,-0.56,-0.00143982,BAR
5151,1704916020.0,28.68,29.28,-0.60,-0.00143982,BAR
5152,1704916080.0,28.65,29.28,-0.64,-0.00143982,BAR
5153,1704916140.0,28.68,29.28,-0.61,-0.00143982,BAR
5154,1704916200.0,28.63,29.28,-0.65,-0.00143982,BAR
5155,1704916260.0,28.59,29.28,-0.69,-0.00143982,BAR
5156,1704916320.0,28.47,29.28,-0.81,-0.00143982,BAR
5157,1704916380.0,28.38,29.28,-0.90,-0.00143982,BAR
5158,1704916440.0,28.41,29.28,-0.87,-0.00143982,BAR
5159,1704916500.0,28.47,29.28,-0.82,-0.00143982,BAR
5160,1704916560.0,28.45,29.28,-0.83,-0.00143982,BAR
5161,1704916620.0,28.44,29.28,-0.84,-0.00143982,BAR
5162,1704916680.0,28.40,29.28,-0.89,-0.00143982,BAR
5163,1704916740.0,28.38,29.28,-0.90,-0.00143982,BAR
5164,1704916800.0,28.56,29.28,-0.72,-0.00143982,BAR
5165,1704916860.0,28.57,29.28,-0.72,-0.00143982,BAR
5166,1704916920.0,28.57,29.28,-0.72,-0.00143982,BAR
5167,1704916980.0,28.50,29.28,-0.78,-0.00143982,BAR
5168,1704917040.0,28.49,29.28,-0.80,-0.00143982,BAR
5169,1704917100.0,28.61,29.28,-0.67,-0.00143982,BAR
5170,1704917160.0,28.56,29.28,-0.73,-0.00143982,BAR
5171,1704917220.0,28.89,29.28,-0.39,-0.00143982,BAR
5172,1704917280.0,28.82,29.28,-0.47,-0.00143982,BAR
5173,1704917340.0,28.77,29.28,-0.52,-0.00143982,BAR
5174,1704917400.0,29.64,29.28,0.36,-0.00143982,BAR
5175,1704917460.0,29.74,29.28,0.46,-0.00143982,BAR
5176,1704917520.0,29.93,29.28,0.64,-0.00143982,BAR
5177,1704917580.0,29.49,29.28,0.21,-0.00143982,BAR
5178,1704917640.0,29.74,29.28,0.46,-0.00143982,BAR
5179,1704917700.0,29.35,29.28,0.07,-0.00143982,BAR
5180,1704917760.0,29.41,29.28,0.13,-0.00143982,BAR
5181,1704917820.0,29.27,29.28,-0.01,-0.00143982,BAR
5182,1704917880.0,29.32,29.28,0.04,-0.00143982,BAR
5183,1704917940.0,29.40,29.28,0.12,-0.00143982,BAR
5184,1704918000.0,29.71,29.28,0.43,-0.00143982,BAR
5185,1704918060.0,29.64,29.28,0.36,-0.00143982,BAR
5186,1704918120.0,29.90,29.28,0.62,-0.00143982,BAR
5187,1704918180.0,29.78,29.28,0.49,-0.00143982,BAR
5188,1704918240.0,29.71,29.28,0.43,-0.00143982,BAR
5189,1704918300.0,29.67,29.28,0.39,-0.00143982,BAR
5190,1704918360.0,29.67,29.28,0.39,-0.00143982,BAR
5191,1704918420.0,29.58,29.28,0.29,-0.00143982,BAR
5192,1704918480.0,29.39,29.28,0.11,-0.00143982,BAR
5193,1704918540.0,29.45,29.28,0.16,-0.00143982,BAR
5194,1704918600.0,29.38,29.28,0.09,-0.00143982,BAR
5195,1704918660.0,29.29,29.28,0.01,-0.00143982,BAR
5196,1704918720.0,29.24,29.28,-0.04,-0.00143982,BAR
5197,1704918780.0,29.31,29.28,0.03,-0.00143982,BAR
5198,1704918840.0,29.30,29.28,0.01,-0.00143982,BAR
5199,1704918900.0,29.28,29.28,-0.00,-0.00143982,BAR
5200,1704918960.0,29.30,29.28,0.01,-0.00143982,BAR
5201,1704919020.0,29.15,29.28,-0.13,-0.00143982,BAR
5202,1704919080.0,29.18,29.28,-0.11,-0.00143982,BAR
5203,1704919140.0,29.26,29.28,-0.03,-0.00143982,BAR
5204,1704919200.0,29.23,29.28,-0.05,-0.00143982,BAR
5205,1704919260.0,29.51,29.28,0.22,-0.00143982,BAR
5206,1704919320.0,29.04,29.28,-0.25,-0.00143982,BAR
5207,1704919380.0,29.39,29.28,0.10,-0.00143982,BAR
5208,1704919440.0,29.84,29.28,0.55,-0.00143982,BAR
5209,1704919500.0,29.48,29.28,0.20,-0.00143982,BAR
5210,1704919560.0,29.47,29.28,0.19,-0.00143982,BAR
5211,1704919620.0,29.31,29.28,0.03,-0.00143982,BAR
5212,1704919680.0,29.29,29.28,0.01,-0.00143982,BAR
5213,1704919740.0,29.62,29.28,0.34,-0.00143982,BAR
5214,1704919800.0,29.87,29.28,0.59,-0.00143982,BAR
5215,1704919860.0,29.38,29.28,0.10,-0.00143982,BAR
5216,1704919920.0,29.40,29.28,0.11,-0.00143982,BAR
5217,1704919980.0,29.67,29.28,0.39,-0.00143982,BAR
5218,1704920040.0,29.53,29.28,0.24,-0.00143982,BAR
5219,1704920100.0,29.66,29.28,0.38,-0.00143982,BAR
5220,1704920160.0,29.36,29.28,0.08,-0.00143982,BAR
5221,1704920220.0,29.10,29.28,-0.18,-0.00143982,BAR
5222,1704920280.0,28.80,29.28,-0.48,-0.00143982,BAR
5223,1704920340.0,28.91,29.28,-0.38,-0.00143982,BAR
5224,1704920400.0,29.15,29.28,-0.14,-0.00143982,BAR
5225,1704920460.0,29.09,29.28,-0.19,-0.00143982,BAR
5226,1704920520.0,29.20,29.28,-0.09,-0.00143982,BAR
5227,1704920580.0,29.40,29.28,0.11,-0.00143982,BAR
5228,1704920640.0,29.20,29.28,-0.08,-0.00143982,BAR
5229,1704920700.0,29.01,29.28,-0.28,-0.00143982,BAR
5230,1704920760.0,28.89,29.28,-0.39,-0.00143982,BAR
5231,1704920820.0,28.71,29.28,-0.57,-0.00143982,BAR
5232,1704920880.0,29.02,29.28,-0.26,-0.00143982,BAR
5233,1704920940.0,28.99,29.28,-0.29,-0.00143982,BAR
5234,1704921000.0,28.83,29.28,-0.45,-0.00143982,BAR
5235,1704921060.0,28.78,29.28,-0.51,-0.00143982,BAR
5236,1704921120.0,28.94,29.28,-0.35,-0.00143982,BAR
5237,1704921180.0,28.84,29.28,-0.45,-0.00143982,BAR
5238,1704921240.0,29.07,29.28,-0.22,-0.00143982,BAR
5239,1704921300.0,29.27,29.28,-0.01,-0.00143982,BAR
5240,1704921360.0,29.31,29.28,0.03,-0.00143982,BAR
5241,1704921420.0,29.48,29.28,0.19,-0.00143982,BAR
5242,1704921480.0,29.62,29.28,0.33,-0.00143982,BAR
5243,1704921540.0,29.52,29.28,0.24,-0.00143982,BAR
5244,1704921600.0,29.65,29.28,0.36,-0.00143982,BAR
5245,1704921660.0,29.73,29.28,0.45,-0.00143982,BAR
5246,1704921720.0,29.65,29.28,0.37,-0.00143982,BAR
5247,1704921780.0,29.49,29.28,0.21,-0.00143982,BAR
5248,1704921840.0,29.44,29.28,0.16,-0.00143982,BAR
5249,1704921900.0,29.39,29.28,0.10,-0.00143982,BAR
5250,1704921960.0,29.45,29.28,0.16,-0.00143982,BAR
5251,1704922020.0,29.39,29.28,0.11,-0.00143982,BAR
5252,1704922080.0,29.36,29.28,0.07,-0.00143982,BAR
5253,1704922140.0,29.40,29.28,0.11,-0.00143982,BAR
5254,1704922200.0,29.63,29.28,0.35,-0.00143982,BAR
5255,1704922260.0,29.57,29.28,0.28,-0.00143982,BAR
5256,1704922320.0,29.53,29.28,0.25,-0.00143982,BAR
5257,1704922380.0,29.50,29.28,0.21,-0.00143982,BAR
5258,1704922440.0,29.59,29.28,0.30,-0.00143982,BAR
5259,1704922500.0,29.65,29.28,0.36,-0.00143982,BAR
5260,1704922560.0,29.76,29.28,0.48,-0.00143982,BAR
5261,1704922620.0,29.85,29.28,0.56,-0.00143982,BAR
5262,1704922680.0,29.90,29.28,0.62,-0.00143982,BAR
5263,1704922740.0,30.13,29.28,0.84,-0.00143982,BAR
5264,1704922800.0,30.03,29.28,0.75,-0.00143982,BAR
5265,1704922860.0,29.97,29.28,0.68,-0.00143982,BAR
5266,1704922920.0,29.83,29.28,0.55,-0.00143982,BAR
5267,1704922980.0,29.92,29.28,0.64,-0.00143982,BAR
5268,1704923040.0,29.84,29.28,0.56,-0.00143982,BAR
5269,1704923100.0,29.89,29.28,0.61,-0.00143982,BAR
5270,1704923160.0,29.72,29.28,0.44,-0.00143982,BAR
5271,1704923220.0,29.67,29.28,0.38,-0.00143982,BAR
5272,1704923280.0,29.43,29.28,0.15,-0.00143982,BAR
5273,1704923340.0,29.53,29.28,0.25,-0.00143982,BAR
5274,1704923400.0,29.51,29.28,0.23,-0.00143982,BAR
5275,1704923460.0,29.45,29.28,0.17,-0.00143982,BAR
5276,1704923520.0,29.60,29.28,0.31,-0.00143982,BAR
5277,1704923580.0,29.52,29.28,0.23,-0.00143982,BAR
5278,1704923640.0,29.47,29.28,0.19,-0.00143982,BAR
5279,1704923700.0,29.46,29.28,0.17,-0.00143982,BAR
5280,1704923760.0,29.40,29.28,0.12,-0.00143982,BAR
5281,1704923820.0,29.37,29.28,0.09,-0.00143982,BAR
5282,1704923880.0,29.23,29.28,-0.06,-0.00143982,BAR
5283,1704923940.0,29.17,29.28,-0.12,-0.00143982,BAR
5284,1704924000.0,29.08,29.28,-0.21,-0.00143982,BAR
5285,1704924060.0,29.13,29.28,-0.15,-0.00143982,BAR
5286,1704924120.0,29.24,29.28,-0.04,-0.00143982,BAR
5287,1704924180.0,29.33,29.28,0.04,-0.00143982,BAR
5288,1704924240.0,29.34,29.28,0.05,-0.00143982,BAR
5289,1704924300.0,29.41,29.28,0.13,-0.00143982,BAR
5290,1704924360.0,29.31,29.28,0.02,-0.00143982,BAR
5291,1704924420.0,29.25,29.28,-0.04,-0.00143982,BAR
5292,1704924480.0,29.19,29.28,-0.09,-0.00143982,BAR
5293,1704924540.0,29.20,29.28,-0.09,-0.00143982,BAR
5294,1704924600.0,29.16,29.28,-0.12,-0.00143982,BAR
5295,1704924660.0,29.12,29.28,-0.17,-0.00143982,BAR
5296,1704924720.0,29.05,29.28,-0.24,-0.00143982,BAR
5297,1704924780.0,29.02,29.28,-0.27,-0.00143982,BAR
5298,1704924840.0,29.04,29.28,-0.24,-0.00143982,BAR
5299,1704924900.0,28.85,29.28,-0.43,-0.00143982,BAR
5300,1704924960.0,28.76,29.28,-0.53,-0.00143982,BAR
5301,1704925020.0,28.66,29.28,-0.62,-0.00143982,BAR
5302,1704925080.0,28.56,29.28,-0.73,-0.00143982,BAR
5303,1704925140.0,28.60,29.28,-0.69,-0.00143982,BAR
5304,1704925200.0,28.44,29.28,-0.85,-0.00143982,BAR
5305,1704925260.0,28.32,29.28,-0.97,-0.00143982,BAR
5306,1704925320.0,28.14,29.28,-1.15,-0.00143982,BAR
5307,1704925380.0,28.29,29.28,-1.00,-0.00143982,BAR
5308,1704925440.0,28.37,29.28,-0.92,-0.00143982,BAR
5309,1704925500.0,28.52,29.28,-0.77,-0.00143982,BAR
5310,1704925560.0,28.53,29.28,-0.76,-0.00143982,BAR
5311,1704925620.0,28.40,29.28,-0.88,-0.00143982,BAR
5312,1704925680.0,28.34,29.28,-0.95,-0.00143982,BAR
5313,1704925740.0,28.51,29.28,-0.78,-0.00143982,BAR
5314,1704925800.0,28.43,29.28,-0.86,-0.00143982,BAR
5315,1704925860.0,28.59,29.28,-0.69,-0.00143982,BAR
5316,1704925920.0,28.65,29.28,-0.63,-0.00143982,BAR
5317,1704925980.0,28.61,29.28,-0.67,-0.00143982,BAR
5318,1704926040.0,28.47,29.28,-0.82,-0.00143982,BAR
5319,1704926100.0,28.38,29.28,-0.91,-0.00143982,BAR
5320,1704926160.0,28.40,29.28,-0.89,-0.00143982,BAR
5321,1704926220.0,28.44,29.28,-0.84,-0.00143982,BAR
5322,1704926280.0,28.44,29.28,-0.84,-0.00143982,BAR
5323,1704926340.0,28.41,29.28,-0.87,-0.00143982,BAR
5324,1704926400.0,28.48,29.28,-0.81,-0.00143982,BAR
5325,1704926460.0,28.51,29.28,-0.78,-0.00143982,BAR
5326,1704926520.0,28.38,29.28,-0.91,-0.00143982,BAR
5327,1704926580.0,28.47,29.28,-0.82,-0.00143982,BAR
5328,1704926640.0,28.51,29.28,-0.77,-0.00143982,BAR
5329,1704926700.0,28.43,29.28,-0.86,-0.00143982,BAR
5330,1704926760.0,28.37,29.28,-0.91,-0.00143982,BAR
5331,1704926820.0,28.36,29.28,-0.92,-0.00143982,BAR
5332,1704926880.0,28.37,29.28,-0.91,-0.00143982,BAR
5333,1704926940.0,28.32,29.28,-0.96,-0.00143982,BAR
5334,1704927000.0,28.15,29.28,-1.13,-0.00143982,BAR
5335,1704927060.0,27.90,27.90,0.00,0.00000000,BAR
5336,1704927120.0,27.90,27.90,0.00,0.00000000,BAR
5337,1704927180.0,27.90,27.90,0.00,0.00000000,BAR
5338,1704927240.0,27.90,27.90,0.00,0.00000000,BAR
5339,1704927300.0,27.90,27.90,0.00,0.00000000,BAR
5340,1704927360.0,27.90,27.90,0.00,0.00000000,BAR
5341,1704927420.0,27.90,27.90,0.00,0.00000000,BAR
5342,1704927480.0,27.90,27.90,0.00,0.00000000,BAR
5343,1704927540.0,27.90,27.90,0.00,0.00000000,BAR
5344,1704927600.0,27.90,27.90,0.00,0.00000000,BAR
5345,1704927660.0,27.90,27.90,0.00,0.00000000,BAR
5346,1704927720.0,27.90,27.90,0.00,0.00000000,BAR
5347,1704927780.0,27.90,27.90,0.00,0.00000000,BAR
5348,1704927840.0,27.90,27.90,0.00,0.00000000,BAR
5349,1704927900.0,27.90,27.90,0.00,0.00000000,BAR
5350,1704927960.0,27.90,27.90,0.00,0.00000000,BAR
5351,1704928020.0,27.90,27.90,0.00,0.00000000,BAR
5352,1704928080.0,27.90,27.90,0.00,0.00000000,BAR
5353,1704928140.0,27.90,27.90,0.00,0.00000000,BAR
5354,1704928200.0,27.90,27.90,0.00,0.00000000,BAR
5355,1704928260.0,27.90,27.90,0.00,0.00000000,BAR
5356,1704928320.0,27.90,27.90,0.00,0.00000000,BAR
5357,1704928380.0,27.90,27.90,0.00,0.00000000,BAR
5358,1704928440.0,27.90,27.90,0.00,0.00000000,BAR
5359,1704928500.0,27.90,27.90,0.00,0.00000000,BAR
5360,1704928560.0,27.90,27.90,0.00,0.00000000,BAR
5361,1704928620.0,27.90,27.90,0.00,0.00000000,BAR
5362,1704928680.0,27.90,27.90,0.00,0.00000000,BAR
5363,1704928740.0,27.90,27.90,0.00,0.00000000,BAR
5364,1704928800.0,27.90,27.90,0.00,0.00000000,BAR
5365,1704928860.0,27.90,27.90,0.00,0.00000000,BAR
5366,1704928920.0,27.90,27.90,0.00,0.00000000,BAR
5367,1704928980.0,27.90,27.90,0.00,0.00000000,BAR
5368,1704929040.0,27.90,27.90,0.00,0.00000000,BAR
5369,1704929100.0,27.90,27.90,0.00,0.00000000,BAR
5370,1704929160.0,27.90,27.90,0.00,0.00000000,BAR
5371,1704929220.0,27.90,27.90,0.00,0.00000000,BAR
5372,1704929280.0,27.90,27.90,0.00,0.00000000,BAR
5373,1704929340.0,27.90,27.90,0.00,0.00000000,BAR
5374,1704929400.0,27.90,27.90,0.00,0.00000000,BAR
5375,1704929460.0,27.90,27.90,0.00,0.00000000,BAR
5376,1704929520.0,27.90,27.90,0.00,0.00000000,BAR
5377,1704929580.0,27.90,27.90,0.00,0.00000000,BAR
5378,1704929640.0,27.90,27.90,0.00,0.00000000,BAR
5379,1704929700.0,27.90,27.90,0.00,0.00000000,BAR
5380,1704929760.0,27.90,27.90,0.00,0.00000000,BAR
5381,1704929820.0,27.90,27.90,0.00,0.00000000,BAR
5382,1704929880.0,27.90,27.90,0.00,0.00000000,BAR
5383,1704929940.0,27.90,27.90,0.00,0.00000000,BAR
5384,1704930000.0,27.90,27.90,0.00,0.00000000,BAR
5385,1704930060.0,27.90,27.90,0.00,0.00000000,BAR
5386,1704930120.0,27.90,27.90,0.00,0.00000000,BAR
5387,1704930180.0,27.90,27.90,0.00,0.00000000,BAR
5388,1704930240.0,27.90,27.90,0.00,0.00000000,BAR
5389,1704930300.0,27.90,27.90,0.00,0.00000000,BAR
5390,1704930360.0,27.90,27.90,0.00,0.00000000,BAR
5391,1704930420.0,27.90,27.90,0.00,0.00000000,BAR
5392,1704930480.0,27.90,27.90,0.00,0.00000000,BAR
5393,1704930540.0,27.90,27.90,0.00,0.00000000,BAR
5394,1704930600.0,27.90,27.90,0.00,0.00000000,BAR
5395,1704930660.0,27.90,27.90,0.00,0.00000000,BAR
5396,1704930720.0,27.90,27.90,0.00,0.00000000,BAR
5397,1704930780.0,27.90,27.90,0.00,0.00000000,BAR
5398,1704930840.0,27.90,27.90,0.00,0.00000000,BAR
5399,1704930900.0,27.90,27.90,0.00,0.00000000,BAR
5400,1704930960.0,27.90,27.90,0.00,0.00000000,BAR
5401,1704931020.0,27.90,27.90,0.00,0.00000000,BAR
5402,1704931080.0,27.90,27.90,0.00,0.00000000,BAR
5403,1704931140.0,27.90,27.90,0.00,0.00000000,BAR
5404,1704931200.0,27.90,27.90,0.00,0.00000000,BAR
5405,1704931260.0,27.90,27.90,0.00,0.00000000,BAR
5406,1704931320.0,27.90,27.90,0.00,0.00000000,BAR
5407,1704931380.0,27.90,27.90,0.00,0.00000000,BAR
5408,1704931440.0,27.90,27.90,0.00,0.00000000,BAR
5409,1704931500.0,27.90,27.90,0.00,0.00000000,BAR
5410,1704931560.0,27.90,27.90,0.00,0.00000000,BAR
5411,1704931620.0,27.90,27.90,0.00,0.00000000,BAR
5412,1704931680.0,27.90,27.90,0.00,0.00000000,BAR
5413,1704931740.0,27.90,27.90,0.00,0.00000000,BAR
5414,1704931800.0,27.90,27.90,0.00,0.00000000,BAR
5415,1704931860.0,27.90,27.90,0.00,0.00000000,BAR
5416,1704931920.0,27.90,27.90,0.00,0.00000000,BAR
5417,1704931980.0,27.90,27.90,0.00,0.00000000,BAR
5418,1704932040.0,27.90,27.90,0.00,0.00000000,BAR
5419,1704932100.0,27.90,27.90,0.00,0.00000000,BAR
5420,1704932160.0,27.90,27.90,0.00,0.00000000,BAR
5421,1704932220.0,27.90,27.90,0.00,0.00000000,BAR
5422,1704932280.0,27.90,27.90,0.00,0.00000000,BAR
5423,1704932340.0,27.90,27.90,0.00,0.00000000,BAR
5424,1704932400.0,27.90,27.90,0.00,0.00000000,BAR
5425,1704932460.0,27.90,27.90,0.00,0.00000000,BAR
5426,1704932520.0,27.90,27.90,0.00,0.00000000,BAR
5427,1704932580.0,27.90,27.90,0.00,0.00000000,BAR
5428,1704932640.0,27.90,27.90,0.00,0.00000000,BAR
5429,1704932700.0,27.90,27.90,0.00,0.00000000,BAR
5430,1704932760.0,27.90,27.90,0.00,0.00000000,BAR
5431,1704932820.0,27.90,27.90,0.00,0.00000000,BAR
5432,1704932880.0,27.90,27.90,0.00,0.00000000,BAR
5433,1704932940.0,27.90,27.90,0.00,0.00000000,BAR
5434,1704933000.0,27.90,27.90,0.00,0.00000000,BAR
5435,1704933060.0,27.90,27.90,0.00,0.00000000,BAR
5436,1704933120.0,27.90,27.90,0.00,0.00000000,BAR
5437,1704933180.0,27.90,27.90,0.00,0.00000000,BAR
5438,1704933240.0,27.90,27.90,0.00,0.00000000,BAR
5439,1704933300.0,27.90,27.90,0.00,0.00000000,BAR
5440,1704933360.0,27.90,27.90,0.00,0.00000000,BAR
5441,1704933420.0,27.90,27.90,0.00,0.00000000,BAR
5442,1704933480.0,27.90,27.90,0.00,0.00000000,BAR
5443,1704933540.0,27.90,27.90,0.00,0.00000000,BAR
5444,1704933600.0,27.90,27.90,0.00,0.00000000,BAR
5445,1704933660.0,27.90,27.90,0.00,0.00000000,BAR
5446,1704933720.0,27.90,27.90,0.00,0.00000000,BAR
5447,1704933780.0,27.90,27.90,0.00,0.00000000,BAR
5448,1704933840.0,27.90,27.90,0.00,0.00000000,BAR
5449,1704933900.0,27.90,27.90,0.00,0.00000000,BAR
5450,1704933960.0,27.90,27.90,0.00,0.00000000,BAR
5451,1704934020.0,27.90,27.90,0.00,0.00000000,BAR
5452,1704934080.0,27.90,27.90,0.00,0.00000000,BAR
5453,1704934140.0,27.90,27.90,0.00,0.00000000,BAR
5454,1704934200.0,27.90,27.90,0.00,0.00000000,BAR
5455,1704934260.0,27.90,27.90,0.00,0.00000000,BAR
5456,1704934320.0,27.90,27.90,0.00,0.00000000,BAR
5457,1704934380.0,27.90,27.90,0.00,0.00000000,BAR
5458,1704934440.0,27.90,27.90,0.00,0.00000000,BAR
5459,1704934500.0,27.90,27.90,0.00,0.00000000,BAR
5460,1704934560.0,27.90,27.90,0.00,0.00000000,BAR
5461,1704934620.0,27.90,27.90,0.00,0.00000000,BAR
5462,1704934680.0,27.90,27.90,0.00,0.00000000,BAR
5463,1704934740.0,27.90,27.90,0.00,0.00000000,BAR
5464,1704934800.0,27.90,27.90,0.00,0.00000000,BAR
5465,1704934860.0,27.90,27.90,0.00,0.00000000,BAR
5466,1704934920.0,27.90,27.90,0.00,0.00000000,BAR
5467,1704934980.0,27.90,27.90,0.00,0.00000000,BAR
5468,1704935040.0,27.90,27.90,0.00,0.00000000,BAR
5469,1704935100.0,27.90,27.90,0.00,0.00000000,BAR
5470,1704935160.0,27.90,27.90,0.00,0.00000000,BAR
5471,1704935220.0,27.90,27.90,0.00,0.00000000,BAR
5472,1704935280.0,27.90,27.90,0.00,0.00000000,BAR
5473,1704935340.0,27.90,27.90,0.00,0.00000000,BAR
5474,1704935400.0,27.90,27.90,0.00,0.00000000,BAR
5475,1704935460.0,27.90,27.90,0.00,0.00000000,BAR
5476,1704935520.0,27.90,27.90,0.00,0.00000000,BAR
5477,1704935580.0,27.90,27.90,0.00,0.00000000,BAR
5478,1704935640.0,27.90,27.90,0.00,0.00000000,BAR
5479,1704935700.0,27.90,27.90,0.00,0.00000000,BAR
5480,1704935760.0,27.90,27.90,0.00,0.00000000,BAR
5481,1704935820.0,27.90,27.90,0.00,0.00000000,BAR
5482,1704935880.0,27.90,27.90,0.00,0.00000000,BAR
5483,1704935940.0,27.90,27.90,0.00,0.00000000,BAR
5484,1704936000.0,27.90,27.90,0.00,0.00000000,BAR
5485,1704936060.0,27.90,27.90,0.00,0.00000000,BAR
5486,1704936120.0,27.90,27.90,0.00,0.00000000,BAR
5487,1704936180.0,27.90,27.90,0.00,0.00000000,BAR
5488,1704936240.0,27.90,27.90,0.00,0.00000000,BAR
5489,1704936300.0,27.90,27.90,0.00,0.00000000,BAR
5490,1704936360.0,27.90,27.90,0.00,0.00000000,BAR
5491,1704936420.0,27.90,27.90,0.00,0.00000000,BAR
5492,1704936480.0,27.90,27.90,0.00,0.00000000,BAR
5493,1704936540.0,27.90,27.90,0.00,0.00000000,BAR
5494,1704936600.0,27.90,27.90,0.00,0.00000000,BAR
5495,1704936660.0,27.90,27.90,0.00,0.00000000,BAR
5496,1704936720.0,27.90,27.90,0.00,0.00000000,BAR
5497,1704936780.0,27.90,27.90,0.00,0.00000000,BAR
5498,1704936840.0,27.90,27.90,0.00,0.00000000,BAR
5499,1704936900.0,27.90,27.90,0.00,0.00000000,BAR
5500,1704936960.0,27.90,27.90,0.00,0.00000000,BAR
5501,1704937020.0,27.90,27.90,0.00,0.00000000,BAR
5502,1704937080.0,27.90,27.90,0.00,0.00000000,BAR
5503,1704937140.0,27.90,27.90,0.00,0.00000000,BAR
5504,1704937200.0,27.90,27.90,0.00,0.00000000,BAR
5505,1704937260.0,27.90,27.90,0.00,0.00000000,BAR
5506,1704937320.0,27.90,27.90,0.00,0.00000000,BAR
5507,1704937380.0,27.90,27.90,0.00,0.00000000,BAR
5508,1704937440.0,27.90,27.90,0.00,0.00000000,BAR
5509,1704937500.0,27.90,27.90,0.00,0.00000000,BAR
5510,1704937560.0,27.90,27.90,0.00,0.00000000,BAR
5511,1704937620.0,27.90,27.90,0.00,0.00000000,BAR
5512,1704937680.0,27.90,27.90,0.00,0.00000000,BAR
5513,1704937740.0,27.90,27.90,0.00,0.00000000,BAR
5514,1704937800.0,27.90,27.90,0.00,0.00000000,BAR
5515,1704937860.0,27.90,27.90,0.00,0.00000000,BAR
5516,1704937920.0,27.90,27.90,0.00,0.00000000,BAR
5517,1704937980.0,27.90,27.90,0.00,0.00000000,BAR
5518,1704938040.0,27.90,27.90,0.00,0.00000000,BAR
5519,1704938100.0,27.90,27.90,0.00,0.00000000,BAR
5520,1704938160.0,27.90,27.90,0.00,0.00000000,BAR
5521,1704938220.0,27.90,27.90,0.00,0.00000000,BAR
5522,1704938280.0,27.90,27.90,0.00,0.00000000,BAR
5523,1704938340.0,27.90,27.90,0.00,0.00000000,BAR
5524,1704938400.0,27.90,27.90,0.00,0.00000000,BAR
5525,1704938460.0,27.90,27.90,0.00,0.00000000,BAR
5526,1704938520.0,27.90,27.90,0.00,0.00000000,BAR
5527,1704938580.0,27.90,27.90,0.00,0.00000000,BAR
5528,1704938640.0,27.90,27.90,0.00,0.00000000,BAR
5529,1704938700.0,27.90,27.90,0.00,0.00000000,BAR
5530,1704938760.0,27.90,27.90,0.00,0.00000000,BAR
5531,1704938820.0,27.90,27.90,0.00,0.00000000,BAR
5532,1704938880.0,27.90,27.90,0.00,0.00000000,BAR
5533,1704938940.0,27.90,27.90,0.00,0.00000000,BAR
5534,1704939000.0,27.90,27.90,0.00,0.00000000,BAR
5535,1704939060.0,27.90,27.90,0.00,0.00000000,BAR
5536,1704939120.0,27.90,27.90,0.00,0.00000000,BAR
5537,1704939180.0,27.90,27.90,0.00,0.00000000,BAR
5538,1704939240.0,27.90,27.90,0.00,0.00000000,BAR
5539,1704939300.0,27.90,27.90,0.00,0.00000000,BAR
5540,1704939360.0,27.90,27.90,0.00,0.00000000,BAR
5541,1704939420.0,27.90,27.90,0.00,0.00000000,BAR
5542,1704939480.0,27.90,27.90,0.00,0.00000000,BAR
5543,1704939540.0,27.90,27.90,0.00,0.00000000,BAR
5544,1704939600.0,27.90,27.90,0.00,0.00000000,BAR
5545,1704939660.0,27.90,27.90,0.00,0.00000000,BAR
5546,1704939720.0,27.90,27.90,0.00,0.00000000,BAR
5547,1704939780.0,27.90,27.90,0.00,0.00000000,BAR
5548,1704939840.0,27.90,27.90,0.00,0.00000000,BAR
5549,1704939900.0,27.90,27.90,0.00,0.00000000,BAR
5550,1704939960.0,27.90,27.90,0.00,0.00000000,BAR
5551,1704940020.0,27.90,27.90,0.00,0.00000000,BAR
5552,1704940080.0,27.90,27.90,0.00,0.00000000,BAR
5553,1704940140.0,27.90,27.90,0.00,0.00000000,BAR
5554,1704940200.0,27.90,27.90,0.00,0.00000000,BAR
5555,1704940260.0,27.90,27.90,0.00,0.00000000,BAR
5556,1704940320.0,27.90,27.90,0.00,0.00000000,BAR
5557,1704940380.0,27.90,27.90,0.00,0.00000000,BAR
5558,1704940440.0,27.90,27.90,0.00,0.00000000,BAR
5559,1704940500.0,27.90,27.90,0.00,0.00000000,BAR
5560,1704940560.0,27.90,27.90,0.00,0.00000000,BAR
5561,1704940620.0,27.90,27.90,0.00,0.00000000,BAR
5562,1704940680.0,27.90,27.90,0.00,0.00000000,BAR
5563,1704940740.0,27.90,27.90,0.00,0.00000000,BAR
5564,1704940800.0,27.90,27.90,0.00,0.00000000,BAR
5565,1704940860.0,27.90,27.90,0.00,0.00000000,BAR
5566,1704940920.0,27.90,27.90,0.00,0.00000000,BAR
5567,1704940980.0,27.90,27.90,0.00,0.00000000,BAR
5568,1704941040.0,27.90,27.90,0.00,0.00000000,BAR
5569,1704941100.0,27.90,27.90,0.00,0.00000000,BAR
5570,1704941160.0,27.90,27.90,0.00,0.00000000,BAR
5571,1704941220.0,27.90,27.90,0.00,0.00000000,BAR
5572,1704941280.0,27.90,27.90,0.00,0.00000000,BAR
5573,1704941340.0,27.90,27.90,0.00,0.00000000,BAR
5574,1704941400.0,27.90,27.90,0.00,0.00000000,BAR
5575,1704941460.0,27.90,27.90,0.00,0.00000000,BAR
5576,1704941520.0,27.90,27.90,0.00,0.00000000,BAR
5577,1704941580.0,27.90,27.90,0.00,0.00000000,BAR
5578,1704941640.0,27.90,27.90,0.00,0.00000000,BAR
5579,1704941700.0,27.90,27.90,0.00,0.00000000,BAR
5580,1704941760.0,27.90,27.90,0.00,0.00000000,BAR
5581,1704941820.0,27.90,27.90,0.00,0.00000000,BAR
5582,1704941880.0,27.90,27.90,0.00,0.00000000,BAR
5583,1704941940.0,27.90,27.90,0.00,0.00000000,BAR
5584,1704942000.0,27.90,27.90,0.00,0.00000000,BAR
5585,1704942060.0,27.90,27.90,0.00,0.00000000,BAR
5586,1704942120.0,27.90,27.90,0.00,0.00000000,BAR
5587,1704942180.0,27.90,27.90,0.00,0.00000000,BAR
5588,1704942240.0,27.90,27.90,0.00,0.00000000,BAR
5589,1704942300.0,27.90,27.90,0.00,0.00000000,BAR
5590,1704942360.0,27.90,27.90,0.00,0.00000000,BAR
5591,1704942420.0,27.90,27.90,0.00,0.00000000,BAR
5592,1704942480.0,27.90,27.90,0.00,0.00000000,BAR
5593,1704942540.0,27.90,27.90,0.00,0.00000000,BAR
5594,1704942600.0,27.90,27.90,0.00,0.00000000,BAR
5595,1704942660.0,27.90,27.90,0.00,0.00000000,BAR
5596,1704942720.0,27.90,27.90,0.00,0.00000000,BAR
5597,1704942780.0,27.90,27.90,0.00,0.00000000,BAR
5598,1704942840.0,27.90,27.90,0.00,0.00000000,BAR
5599,1704942900.0,27.90,27.90,0.00,0.00000000,BAR
5600,1704942960.0,27.90,27.90,0.00,0.00000000,BAR
5601,1704943020.0,27.90,27.90,0.00,0.00000000,BAR
5602,1704943080.0,27.90,27.90,0.00,0.00000000,BAR
5603,1704943140.0,27.90,27.90,0.00,0.00000000,BAR
5604,1704943200.0,27.90,27.90,0.00,0.00000000,BAR
5605,1704943260.0,27.90,27.90,0.00,0.00000000,BAR
5606,1704943320.0,27.90,27.90,0.00,0.00000000,BAR
5607,1704943380.0,27.90,27.90,0.00,0.00000000,BAR
5608,1704943440.0,27.90,27.90,0.00,0.00000000,BAR
5609,1704943500.0,27.90,27.90,0.00,0.00000000,BAR
5610,1704943560.0,27.90,27.90,0.00,0.00000000,BAR
5611,1704943620.0,27.90,27.90,0.00,0.00000000,BAR
5612,1704943680.0,27.90,27.90,0.00,0.00000000,BAR
5613,1704943740.0,27.90,27.90,0.00,0.00000000,BAR
5614,1704943800.0,27.90,27.90,0.00,0.00000000,BAR
5615,1704943860.0,27.90,27.90,0.00,0.00000000,BAR
5616,1704943920.0,27.90,27.90,0.00,0.00000000,BAR
5617,1704943980.0,27.90,27.90,0.00,0.00000000,BAR
5618,1704944040.0,27.90,27.90,0.00,0.00000000,BAR
5619,1704944100.0,27.90,27.90,0.00,0.00000000,BAR
5620,1704944160.0,27.90,27.90,0.00,0.00000000,BAR
5621,1704944220.0,27.90,27.90,0.00,0.00000000,BAR
5622,1704944280.0,27.90,27.90,0.00,0.00000000,BAR
5623,1704944340.0,27.90,27.90,0.00,0.00000000,BAR
5624,1704944400.0,27.90,27.90,0.00,0.00000000,BAR
5625,1704944460.0,27.90,27.90,0.00,0.00000000,BAR
5626,1704944520.0,27.90,27.90,0.00,0.00000000,BAR
5627,1704944580.0,27.90,27.90,0.00,0.00000000,BAR
5628,1704944640.0,27.90,27.90,0.00,0.00000000,BAR
5629,1704944700.0,27.90,27.90,0.00,0.00000000,BAR
5630,1704944760.0,27.90,27.90,0.00,0.00000000,BAR
5631,1704944820.0,27.90,27.90,0.00,0.00000000,BAR
5632,1704944880.0,27.90,27.90,0.00,0.00000000,BAR
5633,1704944940.0,27.90,27.90,0.00,0.00000000,BAR
5634,1704945000.0,27.90,27.90,0.00,0.00000000,BAR
5635,1704945060.0,27.90,27.90,0.00,0.00000000,BAR
5636,1704945120.0,27.90,27.90,0.00,0.00000000,BAR
5637,1704945180.0,27.90,27.90,0.00,0.00000000,BAR
5638,1704945240.0,27.90,27.90,0.00,0.00000000,BAR
5639,1704945300.0,27.90,27.90,0.00,0.00000000,BAR
5640,1704945360.0,27.90,27.90,0.00,0.00000000,BAR
5641,1704945420.0,27.90,27.90,0.00,0.00000000,BAR
5642,1704945480.0,27.90,27.90,0.00,0.00000000,BAR
5643,1704945540.0,27.90,27.90,0.00,0.00000000,BAR
5644,1704945600.0,27.90,27.90,0.00,0.00000000,BAR
5645,1704945660.0,27.90,27.90,0.00,0.00000000,BAR
5646,1704945720.0,27.90,27.90,0.00,0.00000000,BAR
5647,1704945780.0,27.90,27.90,0.00,0.00000000,BAR
5648,1704945840.0,27.90,27.90,0.00,0.00000000,BAR
5649,1704945900.0,27.90,27.90,0.00,0.00000000,BAR
5650,1704945960.0,27.90,27.90,0.00,0.00000000,BAR
5651,1704946020.0,27.90,27.90,0.00,0.00000000,BAR
5652,1704946080.0,27.90,27.90,0.00,0.00000000,BAR
5653,1704946140.0,27.90,27.90,0.00,0.00000000,BAR
5654,1704946200.0,27.90,27.90,0.00,0.00000000,BAR
5655,1704946260.0,27.90,27.90,0.00,0.00000000,BAR
5656,1704946320.0,27.90,27.90,0.00,0.00000000,BAR
5657,1704946380.0,27.90,27.90,0.00,0.00000000,BAR
5658,1704946440.0,27.90,27.90,0.00,0.00000000,BAR
5659,1704946500.0,27.90,27.90,0.00,0.00000000,BAR
5660,1704946560.0,27.90,27.90,0.00,0.00000000,BAR
5661,1704946620.0,27.90,27.90,0.00,0.00000000,BAR
5662,1704946680.0,27.90,27.90,0.00,0.00000000,BAR
5663,1704946740.0,27.90,27.90,0.00,0.00000000,BAR
5664,1704946800.0,27.90,27.90,0.00,0.00000000,BAR
5665,1704946860.0,27.90,27.90,0.00,0.00000000,BAR
5666,1704946920.0,27.90,27.90,0.00,0.00000000,BAR
5667,1704946980.0,27.90,27.90,0.00,0.00000000,BAR
5668,1704947040.0,27.90,27.90,0.00,0.00000000,BAR
5669,1704947100.0,27.90,27.90,0.00,0.00000000,BAR
5670,1704947160.0,27.90,27.90,0.00,0.00000000,BAR
5671,1704947220.0,27.90,27.90,0.00,0.00000000,BAR
5672,1704947280.0,27.90,27.90,0.00,0.00000000,BAR
5673,1704947340.0,27.90,27.90,0.00,0.00000000,BAR
5674,1704947400.0,27.90,27.90,0.00,0.00000000,BAR
5675,1704947460.0,27.90,27.90,0.00,0.00000000,BAR
5676,1704947520.0,27.90,27.90,0.00,0.00000000,BAR
5677,1704947580.0,27.90,27.90,0.00,0.00000000,BAR
5678,1704947640.0,27.90,27.90,0.00,0.00000000,BAR
5679,1704947700.0,27.90,27.90,0.00,0.00000000,BAR
5680,1704947760.0,27.90,27.90,0.00,0.00000000,BAR
5681,1704947820.0,27.90,27.90,0.00,0.00000000,BAR
5682,1704947880.0,27.90,27.90,0.00,0.00000000,BAR
5683,1704947940.0,27.90,27.90,0.00,0.00000000,BAR
5684,1704948000.0,27.90,27.90,0.00,0.00000000,BAR
5685,1704948060.0,27.90,27.90,0.00,0.00000000,BAR
5686,1704948120.0,27.90,27.90,0.00,0.00000000,BAR
5687,1704948180.0,27.90,27.90,0.00,0.00000000,BAR
5688,1704948240.0,27.90,27.90,0.00,0.00000000,BAR
5689,1704948300.0,27.90,27.90,0.00,0.00000000,BAR
5690,1704948360.0,27.90,27.90,0.00,0.00000000,BAR
5691,1704948420.0,27.90,27.90,0.00,0.00000000,BAR
5692,1704948480.0,27.90,27.90,0.00,0.00000000,BAR
5693,1704948540.0,27.90,27.90,0.00,0.00000000,BAR
5694,1704948600.0,27.90,27.90,0.00,0.00000000,BAR
5695,1704948660.0,27.90,27.90,0.00,0.00000000,BAR
5696,1704948720.0,27.90,27.90,0.00,0.00000000,BAR
5697,1704948780.0,27.90,27.90,0.00,0.00000000,BAR
5698,1704948840.0,27.90,27.90,0.00,0.00000000,BAR
5699,1704948900.0,27.90,27.90,0.00,0.00000000,BAR
5700,1704948960.0,27.90,27.90,0.00,0.00000000,BAR
5701,1704949020.0,27.90,27.90,0.00,0.00000000,BAR
5702,1704949080.0,27.90,27.90,0.00,0.00000000,BAR
5703,1704949140.0,27.90,27.90,0.00,0.00000000,BAR
5704,1704949200.0,27.90,27.90,0.00,0.00000000,BAR
5705,1704949260.0,27.90,27.90,0.00,0.00000000,BAR
5706,1704949320.0,27.90,27.90,0.00,0.00000000,BAR
5707,1704949380.0,27.90,27.90,0.00,0.00000000,BAR
5708,1704949440.0,27.90,27.90,0.00,0.00000000,BAR
5709,1704949500.0,27.90,27.90,0.00,0.00000000,BAR
5710,1704949560.0,27.90,27.90,0.00,0.00000000,BAR
5711,1704949620.0,27.90,27.90,0.00,0.00000000,BAR
5712,1704949680.0,27.90,27.90,0.00,0.00000000,BAR
5713,1704949740.0,27.90,27.90,0.00,0.00000000,BAR
5714,1704949800.0,27.90,27.90,0.00,0.00000000,BAR
5715,1704949860.0,27.90,27.90,0.00,0.00000000,BAR
5716,1704949920.0,27.90,27.90,0.00,0.00000000,BAR
5717,1704949980.0,27.90,27.90,0.00,0.00000000,BAR
5718,1704950040.0,27.90,27.90,0.00,0.00000000,BAR
5719,1704950100.0,27.90,27.90,0.00,0.00000000,BAR
5720,1704950160.0,27.90,27.90,0.00,0.00000000,BAR
5721,1704950220.0,27.90,27.90,0.00,0.00000000,BAR
5722,1704950280.0,27.90,27.90,0.00,0.00000000,BAR
5723,1704950340.0,27.90,27.90,0.00,0.00000000,BAR
5724,1704950400.0,27.90,27.90,0.00,0.00000000,BAR
5725,1704950460.0,27.90,27.90,0.00,0.00000000,BAR
5726,1704950520.0,27.90,27.90,0.00,0.00000000,BAR
5727,1704950580.0,27.90,27.90,0.00,0.00000000,BAR
5728,1704950640.0,27.90,27.90,0.00,0.00000000,BAR
5729,1704950700.0,27.90,27.90,0.00,0.00000000,BAR
5730,1704950760.0,27.90,27.90,0.00,0.00000000,BAR
5731,1704950820.0,27.90,27.90,0.00,0.00000000,BAR
5732,1704950880.0,27.90,27.90,0.00,0.00000000,BAR
5733,1704950940.0,27.90,27.90,0.00,0.00000000,BAR
5734,1704951000.0,27.90,27.90,0.00,0.00000000,BAR
5735,1704951060.0,27.90,27.90,0.00,0.00000000,BAR
5736,1704951120.0,27.90,27.90,0.00,0.00000000,BAR
5737,1704951180.0,27.90,27.90,0.00,0.00000000,BAR
5738,1704951240.0,27.90,27.90,0.00,0.00000000,BAR
5739,1704951300.0,27.90,27.90,0.00,0.00000000,BAR
5740,1704951360.0,27.90,27.90,0.00,0.00000000,BAR
5741,1704951420.0,27.90,27.90,0.00,0.00000000,BAR
5742,1704951480.0,27.90,27.90,0.00,0.00000000,BAR
5743,1704951540.0,27.90,27.90,0.00,0.00000000,BAR
5744,1704951600.0,27.90,27.90,0.00,0.00000000,BAR
5745,1704951660.0,27.90,27.90,0.00,0.00000000,BAR
5746,1704951720.0,27.90,27.90,0.00,0.00000000,BAR
5747,1704951780.0,27.90,27.90,0.00,0.00000000,BAR
5748,1704951840.0,27.90,27.90,0.00,0.00000000,BAR
5749,1704951900.0,27.90,27.90,0.00,0.00000000,BAR
5750,1704951960.0,27.90,27.90,0.00,0.00000000,BAR
5751,1704952020.0,27.90,27.90,0.00,0.00000000,BAR
5752,1704952080.0,27.90,27.90,0.00,0.00000000,BAR
5753,1704952140.0,27.90,27.90,0.00,0.00000000,BAR
5754,1704952200.0,27.90,27.90,0.00,0.00000000,BAR
5755,1704952260.0,27.90,27.90,0.00,0.00000000,BAR
5756,1704952320.0,27.90,27.90,0.00,0.00000000,BAR
5757,1704952380.0,27.90,27.90,0.00,0.00000000,BAR
5758,1704952440.0,27.90,27.90,0.00,0.00000000,BAR
5759,1704952500.0,27.90,27.90,0.00,0.00000000,BAR
5760,1704952560.0,27.90,27.90,0.00,0.00000000,BAR
5761,1704952620.0,27.90,27.90,0.00,0.00000000,BAR
5762,1704952680.0,27.90,27.90,0.00,0.00000000,BAR
5763,1704952740.0,27.90,27.90,0.00,0.00000000,BAR
5764,1704952800.0,27.90,27.90,0.00,0.00000000,BAR
5765,1704952860.0,27.90,27.90,0.00,0.00000000,BAR
5766,1704952920.0,27.90,27.90,0.00,0.00000000,BAR
5767,1704952980.0,27.90,27.90,0.00,0.00000000,BAR
5768,1704953040.0,27.90,27.90,0.00,0.00000000,BAR
5769,1704953100.0,27.90,27.90,0.00,0.00000000,BAR
5770,1704953160.0,27.90,27.90,0.00,0.00000000,BAR
5771,1704953220.0,27.90,27.90,0.00,0.00000000,BAR
5772,1704953280.0,27.90,27.90,0.00,0.00000000,BAR
5773,1704953340.0,27.90,27.90,0.00,0.00000000,BAR
5774,1704953400.0,27.90,27.90,0.00,0.00000000,BAR
5775,1704953460.0,27.90,27.90,0.00,0.00000000,BAR
5776,1704953520.0,27.90,27.90,0.00,0.00000000,BAR
5777,1704953580.0,27.90,27.90,0.00,0.00000000,BAR
5778,1704953640.0,27.90,27.90,0.00,0.00000000,BAR
5779,1704953700.0,27.90,27.90,0.00,0.00000000,BAR
5780,1704953760.0,27.90,27.90,0.00,0.00000000,BAR
5781,1704953820.0,27.90,27.90,0.00,0.00000000,BAR
5782,1704953880.0,27.90,27.90,0.00,0.00000000,BAR
5783,1704953940.0,27.90,27.90,0.00,0.00000000,BAR
5784,1704954000.0,27.90,27.90,0.00,0.00000000,BAR
5785,1704954060.0,27.90,27.90,0.00,0.00000000,BAR
5786,1704954120.0,27.90,27.90,0.00,0.00000000,BAR
5787,1704954180.0,27.90,27.90,0.00,0.00000000,BAR
5788,1704954240.0,27.90,27.90,0.00,0.00000000,BAR
5789,1704954300.0,27.90,27.90,0.00,0.00000000,BAR
5790,1704954360.0,27.90,27.90,0.00,0.00000000,BAR
5791,1704954420.0,27.90,27.90,0.00,0.00000000,BAR
5792,1704954480.0,27.90,27.90,0.00,0.00000000,BAR
5793,1704954540.0,27.90,27.90,0.00,0.00000000,BAR
5794,1704954600.0,27.90,27.90,0.00,0.00000000,BAR
5795,1704954660.0,27.90,27.90,0.00,0.00000000,BAR
5796,1704954720.0,27.90,27.90,0.00,0.00000000,BAR
5797,1704954780.0,27.90,27.90,0.00,0.00000000,BAR
5798,1704954840.0,27.90,27.90,0.00,0.00000000,BAR
5799,1704954900.0,27.90,27.90,0.00,0.00000000,BAR
5800,1704954960.0,27.90,27.90,0.00,0.00000000,BAR
5801,1704955020.0,27.90,27.90,0.00,0.00000000,BAR
5802,1704955080.0,27.90,27.90,0.00,0.00000000,BAR
5803,1704955140.0,27.90,27.90,0.00,0.00000000,BAR
5804,1704955200.0,27.90,27.90,0.00,0.00000000,BAR
5805,1704955260.0,27.90,27.90,0.00,0.00000000,BAR
5806,1704955320.0,27.90,27.90,0.00,0.00000000,BAR
5807,1704955380.0,27.90,27.90,0.00,0.00000000,BAR
5808,1704955440.0,27.90,27.90,0.00,0.00000000,BAR
5809,1704955500.0,27.90,27.90,0.00,0.00000000,BAR
5810,1704955560.0,27.90,27.90,0.00,0.00000000,BAR
5811,1704955620.0,27.90,27.90,0.00,0.00000000,BAR
5812,1704955680.0,27.90,27.90,0.00,0.00000000,BAR
5813,1704955740.0,27.90,27.90,0.00,0.00000000,BAR
5814,1704955800.0,27.90,27.90,0.00,0.00000000,BAR
5815,1704955860.0,27.90,27.90,0.00,0.00000000,BAR
5816,1704955920.0,27.90,27.90,0.00,0.00000000,BAR
5817,1704955980.0,27.90,27.90,0.00,0.00000000,BAR
5818,1704956040.0,27.90,27.90,0.00,0.00000000,BAR
5819,1704956100.0,27.90,27.90,0.00,0.00000000,BAR
5820,1704956160.0,27.90,27.90,0.00,0.00000000,BAR
5821,1704956220.0,27.90,27.90,0.00,0.00000000,BAR
5822,1704956280.0,27.90,27.90,0.00,0.00000000,BAR
5823,1704956340.0,27.90,27.90,0.00,0.00000000,BAR
5824,1704956400.0,27.90,27.90,0.00,0.00000000,BAR
5825,1704956460.0,27.90,27.90,0.00,0.00000000,BAR
5826,1704956520.0,27.90,27.90,0.00,0.00000000,BAR
5827,1704956580.0,27.90,27.90,0.00,0.00000000,BAR
5828,1704956640.0,27.90,27.90,0.00,0.00000000,BAR
5829,1704956700.0,27.90,27.90,0.00,0.00000000,BAR
5830,1704956760.0,27.90,27.90,0.00,0.00000000,BAR
5831,1704956820.0,27.90,27.90,0.00,0.00000000,BAR
5832,1704956880.0,27.90,27.90,0.00,0.00000000,BAR
5833,1704956940.0,27.90,27.90,0.00,0.00000000,BAR
5834,1704957000.0,27.90,27.90,0.00,0.00000000,BAR
5835,1704957060.0,27.90,27.90,0.00,0.00000000,BAR
5836,1704957120.0,27.90,27.90,0.00,0.00000000,BAR
5837,1704957180.0,27.90,27.90,0.00,0.00000000,BAR
5838,1704957240.0,27.90,27.90,0.00,0.00000000,BAR
5839,1704957300.0,27.90,27.90,0.00,0.00000000,BAR
5840,1704957360.0,27.90,27.90,0.00,0.00000000,BAR
5841,1704957420.0,27.90,27.90,0.00,0.00000000,BAR
5842,1704957480.0,27.90,27.90,0.00,0.00000000,BAR
5843,1704957540.0,27.90,27.90,0.00,0.00000000,BAR
5844,1704957600.0,27.90,27.90,0.00,0.00000000,BAR
5845,1704957660.0,27.90,27.90,0.00,0.00000000,BAR
5846,1704957720.0,27.90,27.90,0.00,0.00000000,BAR
5847,1704957780.0,27.90,27.90,0.00,0.00000000,BAR
5848,1704957840.0,27.90,27.90,0.00,0.00000000,BAR
5849,1704957900.0,27.90,27.90,0.00,0.00000000,BAR
5850,1704957960.0,27.90,27.90,0.00,0.00000000,BAR
5851,1704958020.0,27.90,27.90,0.00,0.00000000,BAR
5852,1704958080.0,27.90,27.90,0.00,0.00000000,BAR
5853,1704958140.0,27.90,27.90,0.00,0.00000000,BAR
5854,1704958200.0,27.90,27.90,0.00,0.00000000,BAR
5855,1704958260.0,27.90,27.90,0.00,0.00000000,BAR
5856,1704958320.0,27.90,27.90,0.00,0.00000000,BAR
5857,1704958380.0,27.90,27.90,0.00,0.00000000,BAR
5858,1704958440.0,27.90,27.90,0.00,0.00000000,BAR
5859,1704958500.0,27.90,27.90,0.00,0.00000000,BAR
5860,1704958560.0,27.90,27.90,0.00,0.00000000,BAR
5861,1704958620.0,27.90,27.90,0.00,0.00000000,BAR
5862,1704958680.0,27.90,27.90,0.00,0.00000000,BAR
5863,1704958740.0,27.90,27.90,0.00,0.00000000,BAR
5864,1704958800.0,27.90,27.90,0.00,0.00000000,BAR
5865,1704958860.0,27.90,27.90,0.00,0.00000000,BAR
5866,1704958920.0,27.90,27.90,0.00,0.00000000,BAR
5867,1704958980.0,27.90,27.90,0.00,0.00000000,BAR
5868,1704959040.0,27.90,27.90,0.00,0.00000000,BAR
5869,1704959100.0,27.90,27.90,0.00,0.00000000,BAR
5870,1704959160.0,27.90,27.90,0.00,0.00000000,BAR
5871,1704959220.0,27.90,27.90,0.00,0.00000000,BAR
5872,1704959280.0,27.90,27.90,0.00,0.00000000,BAR
5873,1704959340.0,27.90,27.90,0.00,0.00000000,BAR
5874,1704959400.0,27.90,27.90,0.00,0.00000000,BAR
5875,1704959460.0,27.90,27.90,0.00,0.00000000,BAR
5876,1704959520.0,27.90,27.90,0.00,0.00000000,BAR
5877,1704959580.0,27.90,27.90,0.00,0.00000000,BAR
5878,1704959640.0,27.90,27.90,0.00,0.00000000,BAR
5879,1704959700.0,27.90,27.90,0.00,0.00000000,BAR
5880,1704959760.0,27.90,27.90,0.00,0.00000000,BAR
5881,1704959820.0,27.90,27.90,0.00,0.00000000,BAR
5882,1704959880.0,27.90,27.90,0.00,0.00000000,BAR
5883,1704959940.0,27.90,27.90,0.00,0.00000000,BAR
5884,1704960000.0,27.90,27.90,0.00,0.00000000,BAR
5885,1704960060.0,27.90,27.90,0.00,0.00000000,BAR
5886,1704960120.0,27.90,27.90,0.00,0.00000000,BAR
5887,1704960180.0,27.90,27.90,0.00,0.00000000,BAR
5888,1704960240.0,27.90,27.90,0.00,0.00000000,BAR
5889,1704960300.0,27.90,27.90,0.00,0.00000000,BAR
5890,1704960360.0,27.90,27.90,0.00,0.00000000,BAR
5891,1704960420.0,27.90,27.90,0.00,0.00000000,BAR
5892,1704960480.0,27.90,27.90,0.00,0.00000000,BAR
5893,1704960540.0,27.90,27.90,0.00,0.00000000,BAR
5894,1704960600.0,27.90,27.90,0.00,0.00000000,BAR
5895,1704960660.0,27.90,27.90,0.00,0.00000000,BAR
5896,1704960720.0,27.90,27.90,0.00,0.00000000,BAR
5897,1704960780.0,27.90,27.90,0.00,0.00000000,BAR
5898,1704960840.0,27.90,27.90,0.00,0.00000000,BAR
5899,1704960900.0,27.90,27.90,0.00,0.00000000,BAR
5900,1704960960.0,27.90,27.90,0.00,0.00000000,BAR
5901,1704961020.0,27.90,27.90,0.00,0.00000000,BAR
5902,1704961080.0,27.90,27.90,0.00,0.00000000,BAR
5903,1704961140.0,27.90,27.90,0.00,0.00000000,BAR
5904,1704961200.0,27.90,27.90,0.00,0.00000000,BAR
5905,1704961260.0,27.90,27.90,0.00,0.00000000,BAR
5906,1704961320.0,27.90,27.90,0.00,0.00000000,BAR
5907,1704961380.0,27.90,27.90,0.00,0.00000000,BAR
5908,1704961440.0,27.90,27.90,0.00,0.00000000,BAR
5909,1704961500.0,27.90,27.90,0.00,0.00000000,BAR
5910,1704961560.0,27.90,27.90,0.00,0.00000000,BAR
5911,1704961620.0,27.90,27.90,0.00,0.00000000,BAR
5912,1704961680.0,27.90,27.90,0.00,0.00000000,BAR
5913,1704961740.0,27.90,27.90,0.00,0.00000000,BAR
5914,1704961800.0,27.90,27.90,0.00,0.00000000,BAR
5915,1704961860.0,27.90,27.90,0.00,0.00000000,BAR
5916,1704961920.0,27.90,27.90,0.00,0.00000000,BAR
5917,1704961980.0,27.90,27.90,0.00,0.00000000,BAR
5918,1704962040.0,27.90,27.90,0.00,0.00000000,BAR
5919,1704962100.0,27.90,27.90,0.00,0.00000000,BAR
5920,1704962160.0,27.90,27.90,0.00,0.00000000,BAR
5921,1704962220.0,27.90,27.90,0.00,0.00000000,BAR
5922,1704962280.0,27.90,27.90,0.00,0.00000000,BAR
5923,1704962340.0,27.90,27.90,0.00,0.00000000,BAR
5924,1704962400.0,27.90,27.90,0.00,0.00000000,BAR
5925,1704962460.0,27.90,27.90,0.00,0.00000000,BAR
5926,1704962520.0,27.90,27.90,0.00,0.00000000,BAR
5927,1704962580.0,27.90,27.90,0.00,0.00000000,BAR
5928,1704962640.0,27.90,27.90,0.00,0.00000000,BAR
5929,1704962700.0,27.90,27.90,0.00,0.00000000,BAR
5930,1704962760.0,27.90,27.90,0.00,0.00000000,BAR
5931,1704962820.0,27.90,27.90,0.00,0.00000000,BAR
5932,1704962880.0,27.90,27.90,0.00,0.00000000,BAR
5933,1704962940.0,27.90,27.90,0.00,0.00000000,BAR
5934,1704963000.0,27.90,27.90,0.00,0.00000000,BAR
5935,1704963060.0,27.90,27.90,0.00,0.00000000,BAR
5936,1704963120.0,27.90,27.90,0.00,0.00000000,BAR
5937,1704963180.0,27.90,27.90,0.00,0.00000000,BAR
5938,1704963240.0,27.90,27.90,0.00,0.00000000,BAR
5939,1704963300.0,27.90,27.90,0.00,0.00000000,BAR
5940,1704963360.0,27.90,27.90,0.00,0.00000000,BAR
5941,1704963420.0,27.90,27.90,0.00,0.00000000,BAR
5942,1704963480.0,27.90,27.90,0.00,0.00000000,BAR
5943,1704963540.0,27.90,27.90,0.00,0.00000000,BAR
5944,1704963600.0,27.90,27.90,0.00,0.00000000,BAR
5945,1704963660.0,27.90,27.90,0.00,0.00000000,BAR
5946,1704963720.0,27.90,27.90,0.00,0.00000000,BAR
5947,1704963780.0,27.90,27.90,0.00,0.00000000,BAR
5948,1704963840.0,27.90,27.90,0.00,0.00000000,BAR
5949,1704963900.0,27.90,27.90,0.00,0.00000000,BAR
5950,1704963960.0,27.90,27.90,0.00,0.00000000,BAR
5951,1704964020.0,27.90,27.90,0.00,0.00000000,BAR
5952,1704964080.0,27.90,27.90,0.00,0.00000000,BAR
5953,1704964140.0,27.90,27.90,0.00,0.00000000,BAR
5954,1704964200.0,27.90,27.90,0.00,0.00000000,BAR
5955,1704964260.0,27.90,27.90,0.00,0.00000000,BAR
5956,1704964320.0,27.90,27.90,0.00,0.00000000,BAR
5957,1704964380.0,27.90,27.90,0.00,0.00000000,BAR
5958,1704964440.0,27.90,27.90,0.00,0.00000000,BAR
5959,1704964500.0,27.90,27.90,0.00,0.00000000,BAR
5960,1704964560.0,27.90,27.90,0.00,0.00000000,BAR
5961,1704964620.0,27.90,27.90,0.00,0.00000000,BAR
5962,1704964680.0,27.90,27.90,0.00,0.00000000,BAR
5963,1704964740.0,27.90,27.90,0.00,0.00000000,BAR
5964,1704964800.0,27.90,27.90,0.00,0.00000000,BAR
5965,1704964860.0,27.90,27.90,0.00,0.00000000,BAR
5966,1704964920.0,27.90,27.90,0.00,0.00000000,BAR
5967,1704964980.0,27.90,27.90,0.00,0.00000000,BAR
5968,1704965040.0,27.90,27.90,0.00,0.00000000,BAR
5969,1704965100.0,27.90,27.90,0.00,0.00000000,BAR
5970,1704965160.0,27.90,27.90,0.00,0.00000000,BAR
5971,1704965220.0,27.90,27.90,0.00,0.00000000,BAR
5972,1704965280.0,27.90,27.90,0.00,0.00000000,BAR
5973,1704965340.0,27.90,27.90,0.00,0.00000000,BAR
5974,1704965400.0,27.90,27.90,0.00,0.00000000,BAR
5975,1704965460.0,27.90,27.90,0.00,0.00000000,BAR
5976,1704965520.0,27.90,27.90,0.00,0.00000000,BAR
5977,1704965580.0,27.90,27.90,0.00,0.00000000,BAR
5978,1704965640.0,27.90,27.90,0.00,0.00000000,BAR
5979,1704965700.0,27.90,27.90,0.00,0.00000000,BAR
5980,1704965760.0,27.90,27.90,0.00,0.00000000,BAR
5981,1704965820.0,27.90,27.90,0.00,0.00000000,BAR
5982,1704965880.0,27.90,27.90,0.00,0.00000000,BAR
5983,1704965940.0,27.90,27.90,0.00,0.00000000,BAR
5984,1704966000.0,27.90,27.90,0.00,0.00000000,BAR
5985,1704966060.0,27.90,27.90,0.00,0.00000000,BAR
5986,1704966120.0,27.90,27.90,0.00,0.00000000,BAR
5987,1704966180.0,27.90,27.90,0.00,0.00000000,BAR
5988,1704966240.0,27.90,27.90,0.00,0.00000000,BAR
5989,1704966300.0,27.90,27.90,0.00,0.00000000,BAR
5990,1704966360.0,27.90,27.90,0.00,0.00000000,BAR
5991,1704966420.0,27.90,27.90,0.00,0.00000000,BAR
5992,1704966480.0,27.90,27.90,0.00,0.00000000,BAR
5993,1704966540.0,27.90,27.90,0.00,0.00000000,BAR
5994,1704966600.0,27.90,27.90,0.00,0.00000000,BAR
5995,1704966660.0,27.90,27.90,0.00,0.00000000,BAR
5996,1704966720.0,27.90,27.90,0.00,0.00000000,BAR
5997,1704966780.0,27.90,27.90,0.00,0.00000000,BAR
5998,1704966840.0,27.90,27.90,0.00,0.00000000,BAR
5999,1704966900.0,27.90,27.90,0.00,0.00000000,BAR
6000,1704966960.0,27.90,27.90,0.00,0.00000000,BAR
6001,1704967020.0,27.90,27.90,0.00,0.00000000,BAR
6002,1704967080.0,27.90,27.90,0.00,0.00000000,BAR
6003,1704967140.0,27.90,27.90,0.00,0.00000000,BAR
6004,1704967200.0,27.90,27.90,0.00,0.00000000,BAR
6005,1704967260.0,27.90,27.90,0.00,0.00000000,BAR
6006,1704967320.0,27.90,27.90,0.00,0.00000000,BAR
6007,1704967380.0,27.90,27.90,0.00,0.00000000,BAR
6008,1704967440.0,27.90,27.90,0.00,0.00000000,BAR
6009,1704967500.0,27.90,27.90,0.00,0.00000000,BAR
6010,1704967560.0,27.90,27.90,0.00,0.00000000,BAR
6011,1704967620.0,27.90,27.90,0.00,0.00000000,BAR
6012,1704967680.0,27.90,27.90,0.00,0.00000000,BAR
6013,1704967740.0,27.90,27.90,0.00,0.00000000,BAR
6014,1704967800.0,27.90,27.90,0.00,0.00000000,BAR
6015,1704967860.0,27.90,27.90,0.00,0.00000000,BAR
6016,1704967920.0,27.90,27.90,0.00,0.00000000,BAR
6017,1704967980.0,27.90,27.90,0.00,0.00000000,BAR
6018,1704968040.0,27.90,27.90,0.00,0.00000000,BAR
6019,1704968100.0,27.90,27.90,0.00,0.00000000,BAR
6020,1704968160.0,27.90,27.90,0.00,0.00000000,BAR
6021,1704968220.0,27.90,27.90,0.00,0.00000000,BAR
6022,1704968280.0,27.90,27.90,0.00,0.00000000,BAR
6023,1704968340.0,27.90,27.90,0.00,0.00000000,BAR
6024,1704968400.0,27.90,27.90,0.00,0.00000000,BAR
6025,1704968460.0,27.90,27.90,0.00,0.00000000,BAR
6026,1704968520.0,27.90,27.90,0.00,0.00000000,BAR
6027,1704968580.0,27.90,27.90,0.00,0.00000000,BAR
6028,1704968640.0,27.90,27.90,0.00,0.00000000,BAR
6029,1704968700.0,27.90,27.90,0.00,0.00000000,BAR
6030,1704968760.0,27.90,27.90,0.00,0.00000000,BAR
6031,1704968820.0,27.90,27.90,0.00,0.00000000,BAR
6032,1704968880.0,27.90,27.90,0.00,0.00000000,BAR
6033,1704968940.0,27.90,27.90,0.00,0.00000000,BAR
6034,1704969000.0,27.90,27.90,0.00,0.00000000,BAR
6035,1704969060.0,27.90,27.90,0.00,0.00000000,BAR
6036,1704969120.0,27.90,27.90,0.00,0.00000000,BAR
6037,1704969180.0,27.90,27.90,0.00,0.00000000,BAR
6038,1704969240.0,27.90,27.90,0.00,0.00000000,BAR
6039,1704969300.0,27.90,27.90,0.00,0.00000000,BAR
6040,1704969360.0,27.90,27.90,0.00,0.00000000,BAR
6041,1704969420.0,27.90,27.90,0.00,0.00000000,BAR
6042,1704969480.0,27.90,27.90,0.00,0.00000000,BAR
6043,1704969540.0,27.90,27.90,0.00,0.00000000,BAR
6044,1704969600.0,27.90,27.90,0.00,0.00000000,BAR
6045,1704969660.0,27.90,27.90,0.00,0.00000000,BAR
6046,1704969720.0,27.90,27.90,0.00,0.00000000,BAR
6047,1704969780.0,27.90,27.90,0.00,0.00000000,BAR
6048,1704969840.0,27.90,27.90,0.00,0.00000000,BAR
6049,1704969900.0,27.90,27.90,0.00,0.00000000,BAR
6050,1704969960.0,27.90,27.90,0.00,0.00000000,BAR
6051,1704970020.0,27.90,27.90,0.00,0.00000000,BAR
6052,1704970080.0,27.90,27.90,0.00,0.00000000,BAR
6053,1704970140.0,27.90,27.90,0.00,0.00000000,BAR
6054,1704970200.0,27.90,27.90,0.00,0.00000000,BAR
6055,1704970260.0,27.90,27.90,0.00,0.00000000,BAR
6056,1704970320.0,27.90,27.90,0.00,0.00000000,BAR
6057,1704970380.0,27.90,27.90,0.00,0.00000000,BAR
6058,1704970440.0,27.90,27.90,0.00,0.00000000,BAR
6059,1704970500.0,27.90,27.90,0.00,0.00000000,BAR
6060,1704970560.0,27.90,27.90,0.00,0.00000000,BAR
6061,1704970620.0,27.90,27.90,0.00,0.00000000,BAR
6062,1704970680.0,27.90,27.90,0.00,0.00000000,BAR
6063,1704970740.0,27.90,27.90,0.00,0.00000000,BAR
6064,1704970800.0,27.90,27.90,0.00,0.00000000,BAR
6065,1704970860.0,27.90,27.90,0.00,0.00000000,BAR
6066,1704970920.0,27.90,27.90,0.00,0.00000000,BAR
6067,1704970980.0,27.90,27.90,0.00,0.00000000,BAR
6068,1704971040.0,27.90,27.90,0.00,0.00000000,BAR
6069,1704971100.0,27.90,27.90,0.00,0.00000000,BAR
6070,1704971160.0,27.90,27.90,0.00,0.00000000,BAR
6071,1704971220.0,27.90,27.90,0.00,0.00000000,BAR
6072,1704971280.0,27.90,27.90,0.00,0.00000000,BAR
6073,1704971340.0,27.90,27.90,0.00,0.00000000,BAR
6074,1704971400.0,27.90,27.90,0.00,0.00000000,BAR
6075,1704971460.0,27.90,27.90,0.00,0.00000000,BAR
6076,1704971520.0,27.90,27.90,0.00,0.00000000,BAR
6077,1704971580.0,27.90,27.90,0.00,0.00000000,BAR
6078,1704971640.0,27.90,27.90,0.00,0.00000000,BAR
6079,1704971700.0,27.90,27.90,0.00,0.00000000,BAR
6080,1704971760.0,27.90,27.90,0.00,0.00000000,BAR
6081,1704971820.0,27.90,27.90,0.00,0.00000000,BAR
6082,1704971880.0,27.90,27.90,0.00,0.00000000,BAR
6083,1704971940.0,27.90,27.90,0.00,0.00000000,BAR
6084,1704972000.0,27.90,27.90,0.00,0.00000000,BAR
6085,1704972060.0,27.90,27.90,0.00,0.00000000,BAR
6086,1704972120.0,27.90,27.90,0.00,0.00000000,BAR
6087,1704972180.0,27.90,27.90,0.00,0.00000000,BAR
6088,1704972240.0,27.90,27.90,0.00,0.00000000,BAR
6089,1704972300.0,27.90,27.90,0.00,0.00000000,BAR
6090,1704972360.0,27.90,27.90,0.00,0.00000000,BAR
6091,1704972420.0,27.90,27.90,0.00,0.00000000,BAR
6092,1704972480.0,27.90,27.90,0.00,0.00000000,BAR
6093,1704972540.0,27.90,27.90,0.00,0.00000000,BAR
6094,1704972600.0,27.90,27.90,0.00,0.00000000,BAR
6095,1704972660.0,27.90,27.90,0.00,0.00000000,BAR
6096,1704972720.0,27.90,27.90,0.00,0.00000000,BAR
6097,1704972780.0,27.90,27.90,0.00,0.00000000,BAR
6098,1704972840.0,27.90,27.90,0.00,0.00000000,BAR
6099,1704972900.0,27.90,27.90,0.00,0.00000000,BAR
6100,1704972960.0,27.90,27.90,0.00,0.00000000,BAR
6101,1704973020.0,27.90,27.90,0.00,0.00000000,BAR
6102,1704973080.0,27.90,27.90,0.00,0.00000000,BAR
6103,1704973140.0,27.90,27.90,0.00,0.00000000,BAR
6104,1704973200.0,27.90,27.90,0.00,0.00000000,BAR
6105,1704973260.0,27.90,27.90,0.00,0.00000000,BAR
6106,1704973320.0,27.90,27.90,0.00,0.00000000,BAR
6107,1704973380.0,27.90,27.90,0.00,0.00000000,BAR
6108,1704973440.0,27.90,27.90,0.00,0.00000000,BAR
6109,1704973500.0,27.90,27.90,0.00,0.00000000,BAR
6110,1704973560.0,27.90,27.90,0.00,0.00000000,BAR
6111,1704973620.0,27.90,27.90,0.00,0.00000000,BAR
6112,1704973680.0,27.90,27.90,0.00,0.00000000,BAR
6113,1704973740.0,27.90,27.90,0.00,0.00000000,BAR
6114,1704973800.0,27.90,27.90,0.00,0.00000000,BAR
6115,1704973860.0,27.90,27.90,0.00,0.00000000,BAR
6116,1704973920.0,27.90,27.90,0.00,0.00000000,BAR
6117,1704973980.0,27.90,27.90,0.00,0.00000000,BAR
6118,1704974040.0,27.90,27.90,0.00,0.00000000,BAR
6119,1704974100.0,27.90,27.90,0.00,0.00000000,BAR
6120,1704974160.0,27.90,27.90,0.00,0.00000000,BAR
6121,1704974220.0,27.90,27.90,0.00,0.00000000,BAR
6122,1704974280.0,27.90,27.90,0.00,0.00000000,BAR
6123,1704974340.0,27.90,27.90,0.00,0.00000000,BAR
6124,1704974400.0,27.90,27.90,0.00,0.00000000,BAR
6125,1704974460.0,27.90,27.90,0.00,0.00000000,BAR
6126,1704974520.0,27.90,27.90,0.00,0.00000000,BAR
6127,1704974580.0,27.90,27.90,0.00,0.00000000,BAR
6128,1704974640.0,27.90,27.90,0.00,0.00000000,BAR
6129,1704974700.0,27.90,27.90,0.00,0.00000000,BAR
6130,1704974760.0,27.90,27.90,0.00,0.00000000,BAR
6131,1704974820.0,27.90,27.90,0.00,0.00000000,BAR
6132,1704974880.0,27.90,27.90,0.00,0.00000000,BAR
6133,1704974940.0,27.90,27.90,0.00,0.00000000,BAR
6134,1704975000.0,27.90,27.90,0.00,0.00000000,BAR
6135,1704975060.0,27.90,27.90,0.00,0.00000000,BAR
6136,1704975120.0,27.90,27.90,0.00,0.00000000,BAR
6137,1704975180.0,27.90,27.90,0.00,0.00000000,BAR
6138,1704975240.0,27.90,27.90,0.00,0.00000000,BAR
6139,1704975300.0,27.90,27.90,0.00,0.00000000,BAR
6140,1704975360.0,27.90,27.90,0.00,0.00000000,BAR
6141,1704975420.0,27.90,27.90,0.00,0.00000000,BAR
6142,1704975480.0,27.90,27.90,0.00,0.00000000,BAR
6143,1704975540.0,27.90,27.90,0.00,0.00000000,BAR
6144,1704975600.0,27.90,27.90,0.00,0.00000000,BAR
6145,1704975660.0,27.90,27.90,0.00,0.00000000,BAR
6146,1704975720.0,27.90,27.90,0.00,0.00000000,BAR
6147,1704975780.0,27.90,27.90,0.00,0.00000000,BAR
6148,1704975840.0,27.90,27.90,0.00,0.00000000,BAR
6149,1704975900.0,27.90,27.90,0.00,0.00000000,BAR
6150,1704975960.0,27.90,27.90,0.00,0.00000000,BAR
6151,1704976020.0,27.90,27.90,0.00,0.00000000,BAR
6152,1704976080.0,27.90,27.90,0.00,0.00000000,BAR
6153,1704976140.0,27.90,27.90,0.00,0.00000000,BAR
6154,1704976200.0,27.90,27.90,0.00,0.00000000,BAR
6155,1704976260.0,27.90,27.90,0.00,0.00000000,BAR
6156,1704976320.0,27.90,27.90,0.00,0.00000000,BAR
6157,1704976380.0,27.90,27.90,0.00,0.00000000,BAR
6158,1704976440.0,27.90,27.90,0.00,0.00000000,BAR
6159,1704976500.0,27.90,27.90,0.00,0.00000000,BAR
6160,1704976560.0,27.90,27.90,0.00,0.00000000,BAR
6161,1704976620.0,27.90,27.90,0.00,0.00000000,BAR
6162,1704976680.0,27.90,27.90,0.00,0.00000000,BAR
6163,1704976740.0,27.90,27.90,0.00,0.00000000,BAR
6164,1704976800.0,27.90,27.90,0.00,0.00000000,BAR
6165,1704976860.0,27.90,27.90,0.00,0.00000000,BAR
6166,1704976920.0,27.90,27.90,0.00,0.00000000,BAR
6167,1704976980.0,27.90,27.90,0.00,0.00000000,BAR
6168,1704977040.0,27.90,27.90,0.00,0.00000000,BAR
6169,1704977100.0,27.90,27.90,0.00,0.00000000,BAR
6170,1704977160.0,27.90,27.90,0.00,0.00000000,BAR
6171,1704977220.0,27.90,27.90,0.00,0.00000000,BAR
6172,1704977280.0,27.90,27.90,0.00,0.00000000,BAR
6173,1704977340.0,27.90,27.90,0.00,0.00000000,BAR
6174,1704977400.0,27.90,27.90,0.00,0.00000000,BAR
6175,1704977460.0,27.90,27.90,0.00,0.00000000,BAR
6176,1704977520.0,27.90,27.90,0.00,0.00000000,BAR
6177,1704977580.0,27.90,27.90,0.00,0.00000000,BAR
6178,1704977640.0,27.90,27.90,0.00,0.00000000,BAR
6179,1704977700.0,27.90,27.90,0.00,0.00000000,BAR
6180,1704977760.0,27.90,27.90,0.00,0.00000000,BAR
6181,1704977820.0,27.90,27.90,0.00,0.00000000,BAR
6182,1704977880.0,27.90,27.90,0.00,0.00000000,BAR
6183,1704977940.0,27.90,27.90,0.00,0.00000000,BAR
6184,1704978000.0,27.90,27.90,0.00,0.00000000,BAR
6185,1704978060.0,27.90,27.90,0.00,0.00000000,BAR
6186,1704978120.0,27.90,27.90,0.00,0.00000000,BAR
6187,1704978180.0,27.90,27.90,0.00,0.00000000,BAR
6188,1704978240.0,27.90,27.90,0.00,0.00000000,BAR
6189,1704978300.0,27.90,27.90,0.00,0.00000000,BAR
6190,1704978360.0,27.90,27.90,0.00,0.00000000,BAR
6191,1704978420.0,27.90,27.90,0.00,0.00000000,BAR
6192,1704978480.0,27.90,27.90,0.00,0.00000000,BAR
6193,1704978540.0,27.90,27.90,0.00,0.00000000,BAR
6194,1704978600.0,27.90,27.90,0.00,0.00000000,BAR
6195,1704978660.0,27.90,27.90,0.00,0.00000000,BAR
6196,1704978720.0,27.90,27.90,0.00,0.00000000,BAR
6197,1704978780.0,27.90,27.90,0.00,0.00000000,BAR
6198,1704978840.0,27.90,27.90,0.00,0.00000000,BAR
6199,1704978900.0,27.90,27.90,0.00,0.00000000,BAR
6200,1704978960.0,27.90,27.90,0.00,0.00000000,BAR
6201,1704979020.0,27.90,27.90,0.00,0.00000000,BAR
6202,1704979080.0,27.90,27.90,0.00,0.00000000,BAR
6203,1704979140.0,27.90,27.90,0.00,0.00000000,BAR
6204,1704979200.0,27.90,27.90,0.00,0.00000000,BAR
6205,1704979260.0,27.90,27.90,0.00,0.00000000,BAR
6206,1704979320.0,27.90,27.90,0.00,0.00000000,BAR
6207,1704979380.0,27.90,27.90,0.00,0.00000000,BAR
6208,1704979440.0,27.90,27.90,0.00,0.00000000,BAR
6209,1704979500.0,27.90,27.90,0.00,0.00000000,BAR
6210,1704979560.0,27.90,27.90,0.00,0.00000000,BAR
6211,1704979620.0,27.90,27.90,0.00,0.00000000,BAR
6212,1704979680.0,27.90,27.90,0.00,0.00000000,BAR
6213,1704979740.0,27.90,27.90,0.00,0.00000000,BAR
6214,1704979800.0,27.90,27.90,0.00,0.00000000,BAR
6215,1704979860.0,27.90,27.90,0.00,0.00000000,BAR
6216,1704979920.0,27.90,27.90,0.00,0.00000000,BAR
6217,1704979980.0,27.90,27.90,0.00,0.00000000,BAR
6218,1704980040.0,27.90,27.90,0.00,0.00000000,BAR
6219,1704980100.0,27.90,27.90,0.00,0.00000000,BAR
6220,1704980160.0,27.90,27.90,0.00,0.00000000,BAR
6221,1704980220.0,27.90,27.90,0.00,0.00000000,BAR
6222,1704980280.0,27.90,27.90,0.00,0.00000000,BAR
6223,1704980340.0,27.90,27.90,0.00,0.00000000,BAR
6224,1704980400.0,27.90,27.90,0.00,0.00000000,BAR
6225,1704980460.0,27.90,27.90,0.00,0.00000000,BAR
6226,1704980520.0,27.90,27.90,0.00,0.00000000,BAR
6227,1704980580.0,27.90,27.90,0.00,0.00000000,BAR
6228,1704980640.0,27.90,27.90,0.00,0.00000000,BAR
6229,1704980700.0,27.90,27.90,0.00,0.00000000,BAR
6230,1704980760.0,27.90,27.90,0.00,0.00000000,BAR
6231,1704980820.0,27.90,27.90,0.00,0.00000000,BAR
6232,1704980880.0,27.90,27.90,0.00,0.00000000,BAR
6233,1704980940.0,27.90,27.90,0.00,0.00000000,BAR
6234,1704981000.0,27.90,27.90,0.00,0.00000000,BAR
6235,1704981060.0,27.90,27.90,0.00,0.00000000,BAR
6236,1704981120.0,27.90,27.90,0.00,0.00000000,BAR
6237,1704981180.0,27.90,27.90,0.00,0.00000000,BAR
6238,1704981240.0,27.90,27.90,0.00,0.00000000,BAR
6239,1704981300.0,27.90,27.90,0.00,0.00000000,BAR
6240,1704981360.0,27.90,27.90,0.00,0.00000000,BAR
6241,1704981420.0,27.90,27.90,0.00,0.00000000,BAR
6242,1704981480.0,27.90,27.90,0.00,0.00000000,BAR
6243,1704981540.0,27.90,27.90,0.00,0.00000000,BAR
6244,1704981600.0,27.90,27.90,0.00,0.00000000,BAR
6245,1704981660.0,27.90,27.90,0.00,0.00000000,BAR
6246,1704981720.0,27.90,27.90,0.00,0.00000000,BAR
6247,1704981780.0,27.90,27.90,0.00,0.00000000,BAR
6248,1704981840.0,27.90,27.90,0.00,0.00000000,BAR
6249,1704981900.0,27.90,27.90,0.00,0.00000000,BAR
6250,1704981960.0,27.90,27.90,0.00,0.00000000,BAR
6251,1704982020.0,27.90,27.90,0.00,0.00000000,BAR
6252,1704982080.0,27.90,27.90,0.00,0.00000000,BAR
6253,1704982140.0,27.90,27.90,0.00,0.00000000,BAR
6254,1704982200.0,27.90,27.90,0.00,0.00000000,BAR
6255,1704982260.0,27.90,27.90,0.00,0.00000000,BAR
6256,1704982320.0,27.90,27.90,0.00,0.00000000,BAR
6257,1704982380.0,27.90,27.90,0.00,0.00000000,BAR
6258,1704982440.0,27.90,27.90,0.00,0.00000000,BAR
6259,1704982500.0,27.90,27.90,0.00,0.00000000,BAR
6260,1704982560.0,27.90,27.90,0.00,0.00000000,BAR
6261,1704982620.0,27.90,27.90,0.00,0.00000000,BAR
6262,1704982680.0,27.90,27.90,0.00,0.00000000,BAR
6263,1704982740.0,27.90,27.90,0.00,0.00000000,BAR
6264,1704982800.0,27.90,27.90,0.00,0.00000000,BAR
6265,1704982860.0,27.90,27.90,0.00,0.00000000,BAR
6266,1704982920.0,27.90,27.90,0.00,0.00000000,BAR
6267,1704982980.0,27.90,27.90,0.00,0.00000000,BAR
6268,1704983040.0,27.90,27.90,0.00,0.00000000,BAR
6269,1704983100.0,27.90,27.90,0.00,0.00000000,BAR
6270,1704983160.0,27.90,27.90,0.00,0.00000000,BAR
6271,1704983220.0,27.90,27.90,0.00,0.00000000,BAR
6272,1704983280.0,27.90,27.90,0.00,0.00000000,BAR
6273,1704983340.0,27.90,27.90,0.00,0.00000000,BAR
6274,1704983400.0,27.90,27.90,0.00,0.00000000,BAR
6275,1704983460.0,27.90,27.90,0.00,0.00000000,BAR
6276,1704983520.0,27.90,27.90,0.00,0.00000000,BAR
6277,1704983580.0,27.90,27.90,0.00,0.00000000,BAR
6278,1704983640.0,27.90,27.90,0.00,0.00000000,BAR
6279,1704983700.0,27.90,27.90,0.00,0.00000000,BAR
6280,1704983760.0,27.90,27.90,0.00,0.00000000,BAR
6281,1704983820.0,27.90,27.90,0.00,0.00000000,BAR
6282,1704983880.0,27.90,27.90,0.00,0.00000000,BAR
6283,1704983940.0,27.90,27.90,0.00,0.00000000,BAR
6284,1704984000.0,27.90,27.90,0.00,0.00000000,BAR
6285,1704984060.0,27.90,27.90,0.00,0.00000000,BAR
6286,1704984120.0,27.90,27.90,0.00,0.00000000,BAR
6287,1704984180.0,27.90,27.90,0.00,0.00000000,BAR
6288,1704984240.0,27.90,27.90,0.00,0.00000000,BAR
6289,1704984300.0,27.90,27.90,0.00,0.00000000,BAR
6290,1704984360.0,27.90,27.90,0.00,0.00000000,BAR
6291,1704984420.0,27.90,27.90,0.00,0.00000000,BAR
6292,1704984480.0,27.90,27.90,0.00,0.00000000,BAR
6293,1704984540.0,27.90,27.90,0.00,0.00000000,BAR
6294,1704984600.0,27.90,27.90,0.00,0.00000000,BAR
6295,1704984660.0,27.90,27.90,0.00,0.00000000,BAR
6296,1704984720.0,27.90,27.90,0.00,0.00000000,BAR
6297,1704984780.0,27.90,27.90,0.00,0.00000000,BAR
6298,1704984840.0,27.90,27.90,0.00,0.00000000,BAR
6299,1704984900.0,27.90,27.90,0.00,0.00000000,BAR
6300,1704984960.0,27.90,27.90,0.00,0.00000000,BAR
6301,1704985020.0,27.90,27.90,0.00,0.00000000,BAR
6302,1704985080.0,27.90,27.90,0.00,0.00000000,BAR
6303,1704985140.0,27.90,27.90,0.00,0.00000000,BAR
6304,1704985200.0,27.90,27.90,0.00,0.00000000,BAR
6305,1704985260.0,27.90,27.90,0.00,0.00000000,BAR
6306,1704985320.0,27.90,27.90,0.00,0.00000000,BAR
6307,1704985380.0,27.90,27.90,0.00,0.00000000,BAR
6308,1704985440.0,27.90,27.90,0.00,0.00000000,BAR
6309,1704985500.0,27.90,27.90,0.00,0.00000000,BAR
6310,1704985560.0,27.90,27.90,0.00,0.00000000,BAR
6311,1704985620.0,27.90,27.90,0.00,0.00000000,BAR
6312,1704985680.0,27.90,27.90,0.00,0.00000000,BAR
6313,1704985740.0,27.90,27.90,0.00,0.00000000,BAR
6314,1704985800.0,27.90,27.90,0.00,0.00000000,BAR
6315,1704985860.0,27.90,27.90,0.00,0.00000000,BAR
6316,1704985920.0,27.90,27.90,0.00,0.00000000,BAR
6317,1704985980.0,27.90,27.90,0.00,0.00000000,BAR
6318,1704986040.0,27.90,27.90,0.00,0.00000000,BAR
6319,1704986100.0,27.90,27.90,0.00,0.00000000,BAR
6320,1704986160.0,27.90,27.90,0.00,0.00000000,BAR
6321,1704986220.0,27.90,27.90,0.00,0.00000000,BAR
6322,1704986280.0,27.90,27.90,0.00,0.00000000,BAR
6323,1704986340.0,27.90,27.90,0.00,0.00000000,BAR
6324,1704986400.0,27.90,27.90,0.00,0.00000000,BAR
6325,1704986460.0,27.90,27.90,0.00,0.00000000,BAR
6326,1704986520.0,27.90,27.90,0.00,0.00000000,BAR
6327,1704986580.0,27.90,27.90,0.00,0.00000000,BAR
6328,1704986640.0,27.90,27.90,0.00,0.00000000,BAR
6329,1704986700.0,27.90,27.90,0.00,0.00000000,BAR
6330,1704986760.0,27.90,27.90,0.00,0.00000000,BAR
6331,1704986820.0,27.90,27.90,0.00,0.00000000,BAR
6332,1704986880.0,27.90,27.90,0.00,0.00000000,BAR
6333,1704986940.0,27.90,27.90,0.00,0.00000000,BAR
6334,1704987000.0,27.90,27.90,0.00,0.00000000,BAR
6335,1704987060.0,27.90,27.90,0.00,0.00000000,BAR
6336,1704987120.0,27.90,27.90,0.00,0.00000000,BAR
6337,1704987180.0,27.90,27.90,0.00,0.00000000,BAR
6338,1704987240.0,27.90,27.90,0.00,0.00000000,BAR
6339,1704987300.0,27.90,27.90,0.00,0.00000000,BAR
6340,1704987360.0,27.90,27.90,0.00,0.00000000,BAR
6341,1704987420.0,27.90,27.90,0.00,0.00000000,BAR
6342,1704987480.0,27.90,27.90,0.00,0.00000000,BAR
6343,1704987540.0,27.90,27.90,0.00,0.00000000,BAR
6344,1704987600.0,27.90,27.90,0.00,0.00000000,BAR
6345,1704987660.0,27.90,27.90,0.00,0.00000000,BAR
6346,1704987720.0,27.90,27.90,0.00,0.00000000,BAR
6347,1704987780.0,27.90,27.90,0.00,0.00000000,BAR
6348,1704987840.0,27.90,27.90,0.00,0.00000000,BAR
6349,1704987900.0,27.90,27.90,0.00,0.00000000,BAR
6350,1704987960.0,27.90,27.90,0.00,0.00000000,BAR
6351,1704988020.0,27.90,27.90,0.00,0.00000000,BAR
6352,1704988080.0,27.90,27.90,0.00,0.00000000,BAR
6353,1704988140.0,27.90,27.90,0.00,0.00000000,BAR
6354,1704988200.0,27.90,27.90,0.00,0.00000000,BAR
6355,1704988260.0,27.90,27.90,0.00,0.00000000,BAR
6356,1704988320.0,27.90,27.90,0.00,0.00000000,BAR
6357,1704988380.0,27.90,27.90,0.00,0.00000000,BAR
6358,1704988440.0,27.90,27.90,0.00,0.00000000,BAR
6359,1704988500.0,27.90,27.90,0.00,0.00000000,BAR
6360,1704988560.0,27.90,27.90,0.00,0.00000000,BAR
6361,1704988620.0,27.90,27.90,0.00,0.00000000,BAR
6362,1704988680.0,27.90,27.90,0.00,0.00000000,BAR
6363,1704988740.0,27.90,27.90,0.00,0.00000000,BAR
6364,1704988800.0,27.90,27.90,0.00,0.00000000,BAR
6365,1704988860.0,27.90,27.90,0.00,0.00000000,BAR
6366,1704988920.0,27.90,27.90,0.00,0.00000000,BAR
6367,1704988980.0,27.90,27.90,0.00,0.00000000,BAR
6368,1704989040.0,27.90,27.90,0.00,0.00000000,BAR
6369,1704989100.0,27.90,27.90,0.00,0.00000000,BAR
6370,1704989160.0,27.90,27.90,0.00,0.00000000,BAR
6371,1704989220.0,27.90,27.90,0.00,0.00000000,BAR
6372,1704989280.0,27.90,27.90,0.00,0.00000000,BAR
6373,1704989340.0,27.90,27.90,0.00,0.00000000,BAR
6374,1704989400.0,27.90,27.90,0.00,0.00000000,BAR
6375,1704989460.0,27.90,27.90,0.00,0.00000000,BAR
6376,1704989520.0,27.90,27.90,0.00,0.00000000,BAR
6377,1704989580.0,27.90,27.90,0.00,0.00000000,BAR
6378,1704989640.0,27.90,27.90,0.00,0.00000000,BAR
6379,1704989700.0,27.90,27.90,0.00,0.00000000,BAR
6380,1704989760.0,27.90,27.90,0.00,0.00000000,BAR
6381,1704989820.0,27.90,27.90,0.00,0.00000000,BAR
6382,1704989880.0,27.90,27.90,0.00,0.00000000,BAR
6383,1704989940.0,27.90,27.90,0.00,0.00000000,BAR
6384,1704990000.0,27.90,27.90,0.00,0.00000000,BAR
6385,1704990060.0,27.90,27.90,0.00,0.00000000,BAR
6386,1704990120.0,27.90,27.90,0.00,0.00000000,BAR
6387,1704990180.0,27.90,27.90,0.00,0.00000000,BAR
6388,1704990240.0,27.90,27.90,0.00,0.00000000,BAR
6389,1704990300.0,27.90,27.90,0.00,0.00000000,BAR
6390,1704990360.0,27.90,27.90,0.00,0.00000000,BAR
6391,1704990420.0,27.90,27.90,0.00,0.00000000,BAR
6392,1704990480.0,27.90,27.90,0.00,0.00000000,BAR
6393,1704990540.0,27.90,27.90,0.00,0.00000000,BAR
6394,1704990600.0,27.90,27.90,0.00,0.00000000,BAR
6395,1704990660.0,27.90,27.90,0.00,0.00000000,BAR
6396,1704990720.0,27.90,27.90,0.00,0.00000000,BAR
6397,1704990780.0,27.90,27.90,0.00,0.00000000,BAR
6398,1704990840.0,27.90,27.90,0.00,0.00000000,BAR
6399,1704990900.0,27.90,27.90,0.00,0.00000000,BAR
6400,1704990960.0,27.90,27.90,0.00,0.00000000,BAR
6401,1704991020.0,27.90,27.90,0.00,0.00000000,BAR
6402,1704991080.0,27.90,27.90,0.00,0.00000000,BAR
6403,1704991140.0,27.90,27.90,0.00,0.00000000,BAR
6404,1704991200.0,27.90,27.90,0.00,0.00000000,BAR
6405,1704991260.0,27.90,27.90,0.00,0.00000000,BAR
6406,1704991320.0,27.90,27.90,0.00,0.00000000,BAR
6407,1704991380.0,27.90,27.90,0.00,0.00000000,BAR
6408,1704991440.0,27.90,27.90,0.00,0.00000000,BAR
6409,1704991500.0,27.90,27.90,0.00,0.00000000,BAR
6410,1704991560.0,27.90,27.90,0.00,0.00000000,BAR
6411,1704991620.0,27.90,27.90,0.00,0.00000000,BAR
6412,1704991680.0,27.90,27.90,0.00,0.00000000,BAR
6413,1704991740.0,27.90,27.90,0.00,0.00000000,BAR
6414,1704991800.0,27.90,27.90,0.00,0.00000000,BAR
6415,1704991860.0,27.90,27.90,0.00,0.00000000,BAR
6416,1704991920.0,27.90,27.90,0.00,0.00000000,BAR
6417,1704991980.0,27.90,27.90,0.00,0.00000000,BAR
6418,1704992040.0,27.90,27.90,0.00,0.00000000,BAR
6419,1704992100.0,27.90,27.90,0.00,0.00000000,BAR
6420,1704992160.0,27.90,27.90,0.00,0.00000000,BAR
6421,1704992220.0,27.90,27.90,0.00,0.00000000,BAR
6422,1704992280.0,27.90,27.90,0.00,0.00000000,BAR
6423,1704992340.0,27.90,27.90,0.00,0.00000000,BAR
6424,1704992400.0,27.90,27.90,0.00,0.00000000,BAR
6425,1704992460.0,27.90,27.90,0.00,0.00000000,BAR
6426,1704992520.0,27.90,27.90,0.00,0.00000000,BAR
6427,1704992580.0,27.90,27.90,0.00,0.00000000,BAR
6428,1704992640.0,27.90,27.90,0.00,0.00000000,BAR
6429,1704992700.0,27.90,27.90,0.00,0.00000000,BAR
6430,1704992760.0,27.90,27.90,0.00,0.00000000,BAR
6431,1704992820.0,27.90,27.90,0.00,0.00000000,BAR
6432,1704992880.0,27.90,27.90,0.00,0.00000000,BAR
6433,1704992940.0,27.90,27.90,0.00,0.00000000,BAR
6434,1704993000.0,27.90,27.90,0.00,0.00000000,BAR
6435,1704993060.0,27.90,27.90,0.00,0.00000000,BAR
6436,1704993120.0,27.90,27.90,0.00,0.00000000,BAR
6437,1704993180.0,27.90,27.90,0.00,0.00000000,BAR
6438,1704993240.0,27.90,27.90,0.00,0.00000000,BAR
6439,1704993300.0,27.90,27.90,0.00,0.00000000,BAR
6440,1704993360.0,27.90,27.90,0.00,0.00000000,BAR
6441,1704993420.0,27.90,27.90,0.00,0.00000000,BAR
6442,1704993480.0,27.90,27.90,0.00,0.00000000,BAR
6443,1704993540.0,27.90,27.90,0.00,0.00000000,BAR
6444,1704993600.0,27.90,27.90,0.00,0.00000000,BAR
6445,1704993660.0,27.90,27.90,0.00,0.00000000,BAR
6446,1704993720.0,27.90,27.90,0.00,0.00000000,BAR
6447,1704993780.0,27.90,27.90,0.00,0.00000000,BAR
6448,1704993840.0,27.90,27.90,0.00,0.00000000,BAR
6449,1704993900.0,27.90,27.90,0.00,0.00000000,BAR
6450,1704993960.0,27.90,27.90,0.00,0.00000000,BAR
6451,1704994020.0,27.90,27.90,0.00,0.00000000,BAR
6452,1704994080.0,27.90,27.90,0.00,0.00000000,BAR
6453,1704994140.0,27.90,27.90,0.00,0.00000000,BAR
6454,1704994200.0,27.90,27.90,0.00,0.00000000,BAR
6455,1704994260.0,27.90,27.90,0.00,0.00000000,BAR
6456,1704994320.0,27.90,27.90,0.00,0.00000000,BAR
6457,1704994380.0,27.90,27.90,0.00,0.00000000,BAR
6458,1704994440.0,27.90,27.90,0.00,0.00000000,BAR
6459,1704994500.0,27.90,27.90,0.00,0.00000000,BAR
6460,1704994560.0,27.90,27.90,0.00,0.00000000,BAR
6461,1704994620.0,27.90,27.90,0.00,0.00000000,BAR
6462,1704994680.0,27.90,27.90,0.00,0.00000000,BAR
6463,1704994740.0,27.90,27.90,0.00,0.00000000,BAR
6464,1704994800.0,27.90,27.90,0.00,0.00000000,BAR
6465,1704994860.0,27.90,27.90,0.00,0.00000000,BAR
6466,1704994920.0,27.90,27.90,0.00,0.00000000,BAR
6467,1704994980.0,27.90,27.90,0.00,0.00000000,BAR
6468,1704995040.0,27.90,27.90,0.00,0.00000000,BAR
6469,1704995100.0,27.90,27.90,0.00,0.00000000,BAR
6470,1704995160.0,27.90,27.90,0.00,0.00000000,BAR
6471,1704995220.0,27.90,27.90,0.00,0.00000000,BAR
6472,1704995280.0,27.90,27.90,0.00,0.00000000,BAR
6473,1704995340.0,27.90,27.90,0.00,0.00000000,BAR
6474,1704995400.0,27.90,27.90,0.00,0.00000000,BAR
6475,1704995460.0,27.90,27.90,0.00,0.00000000,BAR
6476,1704995520.0,27.90,27.90,0.00,0.00000000,BAR
6477,1704995580.0,27.90,27.90,0.00,0.00000000,BAR
6478,1704995640.0,27.90,27.90,0.00,0.00000000,BAR
6479,1704995700.0,27.90,27.90,0.00,0.00000000,BAR
6480,1704995760.0,27.90,27.90,0.00,0.00000000,BAR
6481,1704995820.0,27.90,27.90,0.00,0.00000000,BAR
6482,1704995880.0,27.90,27.90,0.00,0.00000000,BAR
6483,1704995940.0,27.90,27.90,0.00,0.00000000,BAR
6484,1704996000.0,27.90,27.90,0.00,0.00000000,BAR
6485,1704996060.0,27.90,27.90,0.00,0.00000000,BAR
6486,1704996120.0,27.90,27.90,0.00,0.00000000,BAR
6487,1704996180.0,27.90,27.90,0.00,0.00000000,BAR
6488,1704996240.0,27.90,27.90,0.00,0.00000000,BAR
6489,1704996300.0,27.90,27.90,0.00,0.00000000,BAR
6490,1704996360.0,27.90,27.90,0.00,0.00000000,BAR
6491,1704996420.0,27.90,27.90,0.00,0.00000000,BAR
6492,1704996480.0,27.90,27.90,0.00,0.00000000,BAR
6493,1704996540.0,27.90,27.90,0.00,0.00000000,BAR
6494,1704996600.0,27.90,27.90,0.00,0.00000000,BAR
6495,1704996660.0,27.90,27.90,0.00,0.00000000,BAR
6496,1704996720.0,27.90,27.90,0.00,0.00000000,BAR
6497,1704996780.0,27.90,27.90,0.00,0.00000000,BAR
6498,1704996840.0,27.90,27.90,0.00,0.00000000,BAR
6499,1704996900.0,27.90,27.90,0.00,0.00000000,BAR
6500,1704996960.0,27.90,27.90,0.00,0.00000000,BAR
6501,1704997020.0,27.90,27.90,0.00,0.00000000,BAR
6502,1704997080.0,27.90,27.90,0.00,0.00000000,BAR
6503,1704997140.0,27.90,27.90,0.00,0.00000000,BAR
6504,1704997200.0,27.90,27.90,0.00,0.00000000,BAR
6505,1704997260.0,27.90,27.90,0.00,0.00000000,BAR
6506,1704997320.0,27.90,27.90,0.00,0.00000000,BAR
6507,1704997380.0,27.90,27.90,0.00,0.00000000,BAR
6508,1704997440.0,27.90,27.90,0.00,0.00000000,BAR
6509,1704997500.0,27.90,27.90,0.00,0.00000000,BAR
6510,1704997560.0,27.90,27.90,0.00,0.00000000,BAR
6511,1704997620.0,27.90,27.90,0.00,0.00000000,BAR
6512,1704997680.0,27.90,27.90,0.00,0.00000000,BAR
6513,1704997740.0,27.90,27.90,0.00,0.00000000,BAR
6514,1704997800.0,27.90,27.90,0.00,0.00000000,BAR
6515,1704997860.0,27.90,27.90,0.00,0.00000000,BAR
6516,1704997920.0,27.90,27.90,0.00,0.00000000,BAR
6517,1704997980.0,27.90,27.90,0.00,0.00000000,BAR
6518,1704998040.0,27.90,27.90,0.00,0.00000000,BAR
6519,1704998100.0,27.90,27.90,0.00,0.00000000,BAR
6520,1704998160.0,27.90,27.90,0.00,0.00000000,BAR
6521,1704998220.0,27.90,27.90,0.00,0.00000000,BAR
6522,1704998280.0,27.90,27.90,0.00,0.00000000,BAR
6523,1704998340.0,27.90,27.90,0.00,0.00000000,BAR
6524,1704998400.0,27.90,27.90,0.00,0.00000000,BAR
6525,1704998460.0,27.90,27.90,0.00,0.00000000,BAR
6526,1704998520.0,27.90,27.90,0.00,0.00000000,BAR
6527,1704998580.0,27.90,27.90,0.00,0.00000000,BAR
6528,1704998640.0,27.90,27.90,0.00,0.00000000,BAR
6529,1704998700.0,27.90,27.90,0.00,0.00000000,BAR
6530,1704998760.0,27.90,27.90,0.00,0.00000000,BAR
6531,1704998820.0,27.90,27.90,0.00,0.00000000,BAR
6532,1704998880.0,27.90,27.90,0.00,0.00000000,BAR
6533,1704998940.0,27.90,27.90,0.00,0.00000000,BAR
6534,1704999000.0,27.90,27.90,0.00,0.00000000,BAR
6535,1704999060.0,27.90,27.90,0.00,0.00000000,BAR
6536,1704999120.0,27.90,27.90,0.00,0.00000000,BAR
6537,1704999180.0,27.90,27.90,0.00,0.00000000,BAR
6538,1704999240.0,27.90,27.90,0.00,0.00000000,BAR
6539,1704999300.0,27.90,27.90,0.00,0.00000000,BAR
6540,1704999360.0,27.90,27.90,0.00,0.00000000,BAR
6541,1704999420.0,27.90,27.90,0.00,0.00000000,BAR
6542,1704999480.0,27.90,27.90,0.00,0.00000000,BAR
6543,1704999540.0,27.90,27.90,0.00,0.00000000,BAR
6544,1704999600.0,27.90,27.90,0.00,0.00000000,BAR
6545,1704999660.0,27.90,27.90,0.00,0.00000000,BAR
6546,1704999720.0,27.90,27.90,0.00,0.00000000,BAR
6547,1704999780.0,27.90,27.90,0.00,0.00000000,BAR
6548,1704999840.0,27.90,27.90,0.00,0.00000000,BAR
6549,1704999900.0,27.90,27.90,0.00,0.00000000,BAR
6550,1704999960.0,27.90,27.90,0.00,0.00000000,BAR
6551,1705000020.0,27.90,27.90,0.00,0.00000000,BAR
6552,1705000080.0,27.90,27.90,0.00,0.00000000,BAR
6553,1705000140.0,27.90,27.90,0.00,0.00000000,BAR
6554,1705000200.0,27.90,27.90,0.00,0.00000000,BAR
6555,1705000260.0,27.90,27.90,0.00,0.00000000,BAR
6556,1705000320.0,27.90,27.90,0.00,0.00000000,BAR
6557,1705000380.0,27.90,27.90,0.00,0.00000000,BAR
6558,1705000440.0,27.90,27.90,0.00,0.00000000,BAR
6559,1705000500.0,27.90,27.90,0.00,0.00000000,BAR
6560,1705000560.0,27.90,27.90,0.00,0.00000000,BAR
6561,1705000620.0,27.90,27.90,0.00,0.00000000,BAR
6562,1705000680.0,27.90,27.90,0.00,0.00000000,BAR
6563,1705000740.0,27.90,27.90,0.00,0.00000000,BAR
6564,1705000800.0,27.90,27.90,0.00,0.00000000,BAR
6565,1705000860.0,27.90,27.90,0.00,0.00000000,BAR
6566,1705000920.0,27.90,27.90,0.00,0.00000000,BAR
6567,1705000980.0,27.90,27.90,0.00,0.00000000,BAR
6568,1705001040.0,27.90,27.90,0.00,0.00000000,BAR
6569,1705001100.0,27.90,27.90,0.00,0.00000000,BAR
6570,1705001160.0,27.90,27.90,0.00,0.00000000,BAR
6571,1705001220.0,27.90,27.90,0.00,0.00000000,BAR
6572,1705001280.0,27.90,27.90,0.00,0.00000000,BAR
6573,1705001340.0,27.90,27.90,0.00,0.00000000,BAR
6574,1705001400.0,27.90,27.90,0.00,0.00000000,BAR
6575,1705001460.0,27.90,27.90,0.00,0.00000000,BAR
6576,1705001520.0,27.90,27.90,0.00,0.00000000,BAR
6577,1705001580.0,27.90,27.90,0.00,0.00000000,BAR
6578,1705001640.0,27.90,27.90,0.00,0.00000000,BAR
6579,1705001700.0,27.90,27.90,0.00,0.00000000,BAR
6580,1705001760.0,27.90,27.90,0.00,0.00000000,BAR
6581,1705001820.0,27.90,27.90,0.00,0.00000000,BAR
6582,1705001880.0,27.90,27.90,0.00,0.00000000,BAR
6583,1705001940.0,27.90,27.90,0.00,0.00000000,BAR
6584,1705002000.0,27.90,27.90,0.00,0.00000000,BAR
6585,1705002060.0,27.90,27.90,0.00,0.00000000,BAR
6586,1705002120.0,27.90,27.90,0.00,0.00000000,BAR
6587,1705002180.0,27.90,27.90,0.00,0.00000000,BAR
6588,1705002240.0,27.90,27.90,0.00,0.00000000,BAR
6589,1705002300.0,27.90,27.90,0.00,0.00000000,BAR
6590,1705002360.0,27.90,27.90,0.00,0.00000000,BAR
6591,1705002420.0,27.90,27.90,0.00,0.00000000,BAR
6592,1705002480.0,27.90,27.90,0.00,0.00000000,BAR
6593,1705002540.0,27.90,27.90,0.00,0.00000000,BAR
6594,1705002600.0,27.90,27.90,0.00,0.00000000,BAR
6595,1705002660.0,27.90,27.90,0.00,0.00000000,BAR
6596,1705002720.0,27.90,27.90,0.00,0.00000000,BAR
6597,1705002780.0,27.90,27.90,0.00,0.00000000,BAR
6598,1705002840.0,27.90,27.90,0.00,0.00000000,BAR
6599,1705002900.0,27.90,27.90,0.00,0.00000000,BAR
6600,1705002960.0,27.90,27.90,0.00,0.00000000,BAR
6601,1705003020.0,27.90,27.90,0.00,0.00000000,BAR
6602,1705003080.0,27.90,27.90,0.00,0.00000000,BAR
6603,1705003140.0,27.90,27.90,0.00,0.00000000,BAR
6604,1705003200.0,27.90,27.90,0.00,0.00000000,BAR
6605,1705003260.0,27.90,27.90,0.00,0.00000000,BAR
6606,1705003320.0,27.90,27.90,0.00,0.00000000,BAR
6607,1705003380.0,27.90,27.90,0.00,0.00000000,BAR
6608,1705003440.0,27.90,27.90,0.00,0.00000000,BAR
6609,1705003500.0,27.90,27.90,0.00,0.00000000,BAR
6610,1705003560.0,27.90,27.90,0.00,0.00000000,BAR
6611,1705003620.0,27.90,27.90,0.00,0.00000000,BAR
6612,1705003680.0,27.90,27.90,0.00,0.00000000,BAR
6613,1705003740.0,27.90,27.90,0.00,0.00000000,BAR
6614,1705003800.0,27.90,27.90,0.00,0.00000000,BAR
6615,1705003860.0,27.90,27.90,0.00,0.00000000,BAR
6616,1705003920.0,27.90,27.90,0.00,0.00000000,BAR
6617,1705003980.0,27.90,27.90,0.00,0.00000000,BAR
6618,1705004040.0,27.90,27.90,0.00,0.00000000,BAR
6619,1705004100.0,27.90,27.90,0.00,0.00000000,BAR
6620,1705004160.0,27.90,27.90,0.00,0.00000000,BAR
6621,1705004220.0,27.90,27.90,0.00,0.00000000,BAR
6622,1705004280.0,27.90,27.90,0.00,0.00000000,BAR
6623,1705004340.0,27.90,27.90,0.00,0.00000000,BAR
6624,1705004400.0,27.90,27.90,0.00,0.00000000,BAR
6625,1705004460.0,27.90,27.90,0.00,0.00000000,BAR
6626,1705004520.0,27.90,27.90,0.00,0.00000000,BAR
6627,1705004580.0,27.90,27.90,0.00,0.00000000,BAR
6628,1705004640.0,27.90,27.90,0.00,0.00000000,BAR
6629,1705004700.0,27.90,27.90,0.00,0.00000000,BAR
6630,1705004760.0,27.90,27.90,0.00,0.00000000,BAR
6631,1705004820.0,27.90,27.90,0.00,0.00000000,BAR
6632,1705004880.0,27.90,27.90,0.00,0.00000000,BAR
6633,1705004940.0,27.90,27.90,0.00,0.00000000,BAR
6634,1705005000.0,27.90,27.90,0.00,0.00000000,BAR
6635,1705005060.0,27.90,27.90,0.00,0.00000000,BAR
6636,1705005120.0,27.90,27.90,0.00,0.00000000,BAR
6637,1705005180.0,27.90,27.90,0.00,0.00000000,BAR
6638,1705005240.0,27.90,27.90,0.00,0.00000000,BAR
6639,1705005300.0,27.90,27.90,0.00,0.00000000,BAR
6640,1705005360.0,27.90,27.90,0.00,0.00000000,BAR
6641,1705005420.0,27.90,27.90,0.00,0.00000000,BAR
6642,1705005480.0,27.90,27.90,0.00,0.00000000,BAR
6643,1705005540.0,27.90,27.90,0.00,0.00000000,BAR
6644,1705005600.0,27.90,27.90,0.00,0.00000000,BAR
6645,1705005660.0,27.90,27.90,0.00,0.00000000,BAR
6646,1705005720.0,27.90,27.90,0.00,0.00000000,BAR
6647,1705005780.0,27.90,27.90,0.00,0.00000000,BAR
6648,1705005840.0,27.90,27.90,0.00,0.00000000,BAR
6649,1705005900.0,27.90,27.90,0.00,0.00000000,BAR
6650,1705005960.0,27.90,27.90,0.00,0.00000000,BAR
6651,1705006020.0,27.90,27.90,0.00,0.00000000,BAR
6652,1705006080.0,27.90,27.90,0.00,0.00000000,BAR
6653,1705006140.0,27.90,27.90,0.00,0.00000000,BAR
6654,1705006200.0,27.90,27.90,0.00,0.00000000,BAR
6655,1705006260.0,27.90,27.90,0.00,0.00000000,BAR
6656,1705006320.0,27.90,27.90,0.00,0.00000000,BAR
6657,1705006380.0,27.90,27.90,0.00,0.00000000,BAR
6658,1705006440.0,27.90,27.90,0.00,0.00000000,BAR
6659,1705006500.0,27.90,27.90,0.00,0.00000000,BAR
6660,1705006560.0,27.90,27.90,0.00,0.00000000,BAR
6661,1705006620.0,27.90,27.90,0.00,0.00000000,BAR
6662,1705006680.0,27.90,27.90,0.00,0.00000000,BAR
6663,1705006740.0,27.90,27.90,0.00,0.00000000,BAR
6664,1705006800.0,27.90,27.90,0.00,0.00000000,BAR
6665,1705006860.0,27.90,27.90,0.00,0.00000000,BAR
6666,1705006920.0,27.90,27.90,0.00,0.00000000,BAR
6667,1705006980.0,27.90,27.90,0.00,0.00000000,BAR
6668,1705007040.0,27.90,27.90,0.00,0.00000000,BAR
6669,1705007100.0,27.90,27.90,0.00,0.00000000,BAR
6670,1705007160.0,27.90,27.90,0.00,0.00000000,BAR
6671,1705007220.0,27.90,27.90,0.00,0.00000000,BAR
6672,1705007280.0,27.90,27.90,0.00,0.00000000,BAR
6673,1705007340.0,27.90,27.90,0.00,0.00000000,BAR
6674,1705007400.0,27.90,27.90,0.00,0.00000000,BAR
6675,1705007460.0,27.90,27.90,0.00,0.00000000,BAR
6676,1705007520.0,27.90,27.90,0.00,0.00000000,BAR
6677,1705007580.0,27.90,27.90,0.00,0.00000000,BAR
6678,1705007640.0,27.90,27.90,0.00,0.00000000,BAR
6679,1705007700.0,27.90,27.90,0.00,0.00000000,BAR
6680,1705007760.0,27.90,27.90,0.00,0.00000000,BAR
6681,1705007820.0,27.90,27.90,0.00,0.00000000,BAR
6682,1705007880.0,27.90,27.90,0.00,0.00000000,BAR
6683,1705007940.0,27.90,27.90,0.00,0.00000000,BAR
6684,1705008000.0,27.90,27.90,0.00,0.00000000,BAR
6685,1705008060.0,27.90,27.90,0.00,0.00000000,BAR
6686,1705008120.0,27.90,27.90,0.00,0.00000000,BAR
6687,1705008180.0,27.90,27.90,0.00,0.00000000,BAR
6688,1705008240.0,27.90,27.90,0.00,0.00000000,BAR
6689,1705008300.0,27.90,27.90,0.00,0.00000000,BAR
6690,1705008360.0,27.90,27.90,0.00,0.00000000,BAR
6691,1705008420.0,27.90,27.90,0.00,0.00000000,BAR
6692,1705008480.0,27.90,27.90,0.00,0.00000000,BAR
6693,1705008540.0,27.90,27.90,0.00,0.00000000,BAR
6694,1705008600.0,27.90,27.90,0.00,0.00000000,BAR
6695,1705008660.0,27.90,27.90,0.00,0.00000000,BAR
6696,1705008720.0,27.90,27.90,0.00,0.00000000,BAR
6697,1705008780.0,27.90,27.90,0.00,0.00000000,BAR
6698,1705008840.0,27.90,27.90,0.00,0.00000000,BAR
6699,1705008900.0,27.90,27.90,0.00,0.00000000,BAR
6700,1705008960.0,27.90,27.90,0.00,0.00000000,BAR
6701,1705009020.0,27.90,27.90,0.00,0.00000000,BAR
6702,1705009080.0,27.90,27.90,0.00,0.00000000,BAR
6703,1705009140.0,27.90,27.90,0.00,0.00000000,BAR
6704,1705009200.0,27.90,27.90,0.00,0.00000000,BAR
6705,1705009260.0,27.90,27.90,0.00,0.00000000,BAR
6706,1705009320.0,27.90,27.90,0.00,0.00000000,BAR
6707,1705009380.0,27.90,27.90,0.00,0.00000000,BAR
6708,1705009440.0,27.90,27.90,0.00,0.00000000,BAR
6709,1705009500.0,27.90,27.90,0.00,0.00000000,BAR
6710,1705009560.0,27.90,27.90,0.00,0.00000000,BAR
6711,1705009620.0,27.90,27.90,0.00,0.00000000,BAR
6712,1705009680.0,27.90,27.90,0.00,0.00000000,BAR
6713,1705009740.0,27.90,27.90,0.00,0.00000000,BAR
6714,1705009800.0,27.90,27.90,0.00,0.00000000,BAR
6715,1705009860.0,27.90,27.90,0.00,0.00000000,BAR
6716,1705009920.0,27.90,27.90,0.00,0.00000000,BAR
6717,1705009980.0,27.90,27.90,0.00,0.00000000,BAR
6718,1705010040.0,27.90,27.90,0.00,0.00000000,BAR
6719,1705010100.0,27.90,27.90,0.00,0.00000000,BAR
6720,1705010160.0,27.90,27.90,0.00,0.00000000,BAR
6721,1705010220.0,27.90,27.90,0.00,0.00000000,BAR
6722,1705010280.0,27.90,27.90,0.00,0.00000000,BAR
6723,1705010340.0,27.90,27.90,0.00,0.00000000,BAR
6724,1705010400.0,27.90,27.90,0.00,0.00000000,BAR
6725,1705010460.0,27.90,27.90,0.00,0.00000000,BAR
6726,1705010520.0,27.90,27.90,0.00,0.00000000,BAR
6727,1705010580.0,27.90,27.90,0.00,0.00000000,BAR
6728,1705010640.0,27.90,27.90,0.00,0.00000000,BAR
6729,1705010700.0,27.90,27.90,0.00,0.00000000,BAR
6730,1705010760.0,27.90,27.90,0.00,0.00000000,BAR
6731,1705010820.0,27.90,27.90,0.00,0.00000000,BAR
6732,1705010880.0,27.90,27.90,0.00,0.00000000,BAR
6733,1705010940.0,27.90,27.90,0.00,0.00000000,BAR
6734,1705011000.0,27.90,27.90,0.00,0.00000000,BAR
6735,1705011060.0,27.90,27.90,0.00,0.00000000,BAR
6736,1705011120.0,27.90,27.90,0.00,0.00000000,BAR
6737,1705011180.0,27.90,27.90,0.00,0.00000000,BAR
6738,1705011240.0,27.90,27.90,0.00,0.00000000,BAR
6739,1705011300.0,27.90,27.90,0.00,0.00000000,BAR
6740,1705011360.0,27.90,27.90,0.00,0.00000000,BAR
6741,1705011420.0,27.90,27.90,0.00,0.00000000,BAR
6742,1705011480.0,27.90,27.90,0.00,0.00000000,BAR
6743,1705011540.0,27.90,27.90,0.00,0.00000000,BAR
6744,1705011600.0,27.90,27.90,0.00,0.00000000,BAR
6745,1705011660.0,27.90,27.90,0.00,0.00000000,BAR
6746,1705011720.0,27.90,27.90,0.00,0.00000000,BAR
6747,1705011780.0,27.90,27.90,0.00,0.00000000,BAR
6748,1705011840.0,27.90,27.90,0.00,0.00000000,BAR
6749,1705011900.0,27.90,27.90,0.00,0.00000000,BAR
6750,1705011960.0,27.90,27.90,0.00,0.00000000,BAR
6751,1705012020.0,27.90,27.90,0.00,0.00000000,BAR
6752,1705012080.0,27.90,27.90,0.00,0.00000000,BAR
6753,1705012140.0,27.90,27.90,0.00,0.00000000,BAR
6754,1705012200.0,27.90,27.90,0.00,0.00000000,BAR
6755,1705012260.0,27.90,27.90,0.00,0.00000000,BAR
6756,1705012320.0,27.90,27.90,0.00,0.00000000,BAR
6757,1705012380.0,27.90,27.90,0.00,0.00000000,BAR
6758,1705012440.0,27.90,27.90,0.00,0.00000000,BAR
6759,1705012500.0,27.90,27.90,0.00,0.00000000,BAR
6760,1705012560.0,27.90,27.90,0.00,0.00000000,BAR
6761,1705012620.0,27.90,27.90,0.00,0.00000000,BAR
6762,1705012680.0,27.90,27.90,0.00,0.00000000,BAR
6763,1705012740.0,27.90,27.90,0.00,0.00000000,BAR
6764,1705012800.0,27.90,27.90,0.00,0.00000000,BAR
6765,1705012860.0,27.90,27.90,0.00,0.00000000,BAR
6766,1705012920.0,27.90,27.90,0.00,0.00000000,BAR
6767,1705012980.0,27.90,27.90,0.00,0.00000000,BAR
6768,1705013040.0,27.90,27.90,0.00,0.00000000,BAR
6769,1705013100.0,27.90,27.90,0.00,0.00000000,BAR
6770,1705013160.0,27.90,27.90,0.00,0.00000000,BAR
6771,1705013220.0,27.90,27.90,0.00,0.00000000,BAR
6772,1705013280.0,27.90,27.90,0.00,0.00000000,BAR
6773,1705013340.0,27.90,27.90,0.00,0.00000000,BAR
6774,1705013400.0,27.90,27.90,0.00,0.00000000,BAR
6775,1705013460.0,27.90,27.90,0.00,0.00000000,BAR
6776,1705013520.0,27.90,27.90,0.00,0.00000000,BAR
6777,1705013580.0,27.90,27.90,0.00,0.00000000,BAR
6778,1705013640.0,27.90,27.90,0.00,0.00000000,BAR
6779,1705013700.0,27.90,27.90,0.00,0.00000000,BAR
6780,1705013760.0,27.90,27.90,0.00,0.00000000,BAR
6781,1705013820.0,27.90,27.90,0.00,0.00000000,BAR
6782,1705013880.0,27.90,27.90,0.00,0.00000000,BAR
6783,1705013940.0,27.90,27.90,0.00,0.00000000,BAR
6784,1705014000.0,27.90,27.90,0.00,0.00000000,BAR
6785,1705014060.0,27.90,27.90,0.00,0.00000000,BAR
6786,1705014120.0,27.90,27.90,0.00,0.00000000,BAR
6787,1705014180.0,27.90,27.90,0.00,0.00000000,BAR
6788,1705014240.0,27.90,27.90,0.00,0.00000000,BAR
6789,1705014300.0,27.90,27.90,0.00,0.00000000,BAR
6790,1705014360.0,27.90,27.90,0.00,0.00000000,BAR
6791,1705014420.0,27.90,27.90,0.00,0.00000000,BAR
6792,1705014480.0,27.90,27.90,0.00,0.00000000,BAR
6793,1705014540.0,27.90,27.90,0.00,0.00000000,BAR
6794,1705014600.0,27.90,27.90,0.00,0.00000000,BAR
6795,1705014660.0,27.90,27.90,0.00,0.00000000,BAR
6796,1705014720.0,27.90,27.90,0.00,0.00000000,BAR
6797,1705014780.0,27.90,27.90,0.00,0.00000000,BAR
6798,1705014840.0,27.90,27.90,0.00,0.00000000,BAR
6799,1705014900.0,27.90,27.90,0.00,0.00000000,BAR
6800,1705014960.0,27.90,27.90,0.00,0.00000000,BAR
6801,1705015020.0,27.90,27.90,0.00,0.00000000,BAR
6802,1705015080.0,27.90,27.90,0.00,0.00000000,BAR
6803,1705015140.0,27.90,27.90,0.00,0.00000000,BAR
6804,1705015200.0,27.90,27.90,0.00,0.00000000,BAR
6805,1705015260.0,27.90,27.90,0.00,0.00000000,BAR
6806,1705015320.0,27.90,27.90,0.00,0.00000000,BAR
6807,1705015380.0,27.90,27.90,0.00,0.00000000,BAR
6808,1705015440.0,27.90,27.90,0.00,0.00000000,BAR
6809,1705015500.0,27.90,27.90,0.00,0.00000000,BAR
6810,1705015560.0,27.90,27.90,0.00,0.00000000,BAR
6811,1705015620.0,27.90,27.90,0.00,0.00000000,BAR
6812,1705015680.0,27.90,27.90,0.00,0.00000000,BAR
6813,1705015740.0,27.90,27.90,0.00,0.00000000,BAR
6814,1705015800.0,27.90,27.90,0.00,0.00000000,BAR
6815,1705015860.0,27.90,27.90,0.00,0.00000000,BAR
6816,1705015920.0,27.90,27.90,0.00,0.00000000,BAR
6817,1705015980.0,27.90,27.90,0.00,0.00000000,BAR
6818,1705016040.0,27.90,27.90,0.00,0.00000000,BAR
6819,1705016100.0,27.90,27.90,0.00,0.00000000,BAR
6820,1705016160.0,27.90,27.90,0.00,0.00000000,BAR
6821,1705016220.0,27.90,27.90,0.00,0.00000000,BAR
6822,1705016280.0,27.90,27.90,0.00,0.00000000,BAR
6823,1705016340.0,27.90,27.90,0.00,0.00000000,BAR
6824,1705016400.0,27.90,27.90,0.00,0.00000000,BAR
6825,1705016460.0,27.90,27.90,0.00,0.00000000,BAR
6826,1705016520.0,27.90,27.90,0.00,0.00000000,BAR
6827,1705016580.0,27.90,27.90,0.00,0.00000000,BAR
6828,1705016640.0,27.90,27.90,0.00,0.00000000,BAR
6829,1705016700.0,27.90,27.90,0.00,0.00000000,BAR
6830,1705016760.0,27.90,27.90,0.00,0.00000000,BAR
6831,1705016820.0,27.90,27.90,0.00,0.00000000,BAR
6832,1705016880.0,27.90,27.90,0.00,0.00000000,BAR
6833,1705016940.0,27.90,27.90,0.00,0.00000000,BAR
6834,1705017000.0,27.90,27.90,0.00,0.00000000,BAR
6835,1705017060.0,27.90,27.90,0.00,0.00000000,BAR
6836,1705017120.0,27.90,27.90,0.00,0.00000000,BAR
6837,1705017180.0,27.90,27.90,0.00,0.00000000,BAR
6838,1705017240.0,27.90,27.90,0.00,0.00000000,BAR
6839,1705017300.0,27.90,27.90,0.00,0.00000000,BAR
6840,1705017360.0,27.90,27.90,0.00,0.00000000,BAR
6841,1705017420.0,27.90,27.90,0.00,0.00000000,BAR
6842,1705017480.0,27.90,27.90,0.00,0.00000000,BAR
6843,1705017540.0,27.90,27.90,0.00,0.00000000,BAR
6844,1705017600.0,27.90,27.90,0.00,0.00000000,BAR
6845,1705017660.0,27.90,27.90,0.00,0.00000000,BAR
6846,1705017720.0,27.90,27.90,0.00,0.00000000,BAR
6847,1705017780.0,27.90,27.90,0.00,0.00000000,BAR
6848,1705017840.0,27.90,27.90,0.00,0.00000000,BAR
6849,1705017900.0,27.90,27.90,0.00,0.00000000,BAR
6850,1705017960.0,27.90,27.90,0.00,0.00000000,BAR
6851,1705018020.0,27.90,27.90,0.00,0.00000000,BAR
6852,1705018080.0,27.90,27.90,0.00,0.00000000,BAR
6853,1705018140.0,27.90,27.90,0.00,0.00000000,BAR
6854,1705018200.0,27.90,27.90,0.00,0.00000000,BAR
6855,1705018260.0,27.90,27.90,0.00,0.00000000,BAR
6856,1705018320.0,27.90,27.90,0.00,0.00000000,BAR
6857,1705018380.0,27.90,27.90,0.00,0.00000000,BAR
6858,1705018440.0,27.90,27.90,0.00,0.00000000,BAR
6859,1705018500.0,27.90,27.90,0.00,0.00000000,BAR
6860,1705018560.0,27.90,27.90,0.00,0.00000000,BAR
6861,1705018620.0,27.90,27.90,0.00,0.00000000,BAR
6862,1705018680.0,27.90,27.90,0.00,0.00000000,BAR
6863,1705018740.0,27.90,27.90,0.00,0.00000000,BAR
6864,1705018800.0,27.90,27.90,0.00,0.00000000,BAR
6865,1705018860.0,27.90,27.90,0.00,0.00000000,BAR
6866,1705018920.0,27.90,27.90,0.00,0.00000000,BAR
6867,1705018980.0,27.90,27.90,0.00,0.00000000,BAR
6868,1705019040.0,27.90,27.90,0.00,0.00000000,BAR
6869,1705019100.0,27.90,27.90,0.00,0.00000000,BAR
6870,1705019160.0,27.90,27.90,0.00,0.00000000,BAR
6871,1705019220.0,27.90,27.90,0.00,0.00000000,BAR
6872,1705019280.0,27.90,27.90,0.00,0.00000000,BAR
6873,1705019340.0,27.90,27.90,0.00,0.00000000,BAR
6874,1705019400.0,27.90,27.90,0.00,0.00000000,BAR
6875,1705019460.0,27.90,27.90,0.00,0.00000000,BAR
6876,1705019520.0,27.90,27.90,0.00,0.00000000,BAR
6877,1705019580.0,27.90,27.90,0.00,0.00000000,BAR
6878,1705019640.0,27.90,27.90,0.00,0.00000000,BAR
6879,1705019700.0,27.90,27.90,0.00,0.00000000,BAR
6880,1705019760.0,27.90,27.90,0.00,0.00000000,BAR
6881,1705019820.0,27.90,27.90,0.00,0.00000000,BAR
6882,1705019880.0,27.90,27.90,0.00,0.00000000,BAR
6883,1705019940.0,27.90,27.90,0.00,0.00000000,BAR
6884,1705020000.0,27.90,27.90,0.00,0.00000000,BAR
6885,1705020060.0,27.90,27.90,0.00,0.00000000,BAR
6886,1705020120.0,27.90,27.90,0.00,0.00000000,BAR
6887,1705020180.0,27.90,27.90,0.00,0.00000000,BAR
6888,1705020240.0,27.90,27.90,0.00,0.00000000,BAR
6889,1705020300.0,27.90,27.90,0.00,0.00000000,BAR
6890,1705020360.0,27.90,27.90,0.00,0.00000000,BAR
6891,1705020420.0,27.90,27.90,0.00,0.00000000,BAR
6892,1705020480.0,27.90,27.90,0.00,0.00000000,BAR
6893,1705020540.0,27.90,27.90,0.00,0.00000000,BAR
6894,1705020600.0,27.90,27.90,0.00,0.00000000,BAR
6895,1705020660.0,27.90,27.90,0.00,0.00000000,BAR
6896,1705020720.0,27.90,27.90,0.00,0.00000000,BAR
6897,1705020780.0,27.90,27.90,0.00,0.00000000,BAR
6898,1705020840.0,27.90,27.90,0.00,0.00000000,BAR
6899,1705020900.0,27.90,27.90,0.00,0.00000000,BAR
6900,1705020960.0,27.90,27.90,0.00,0.00000000,BAR
6901,1705021020.0,27.90,27.90,0.00,0.00000000,BAR
6902,1705021080.0,27.90,27.90,0.00,0.00000000,BAR
6903,1705021140.0,27.90,27.90,0.00,0.00000000,BAR
6904,1705021200.0,27.90,27.90,0.00,0.00000000,BAR
6905,1705021260.0,27.90,27.90,0.00,0.00000000,BAR
6906,1705021320.0,27.90,27.90,0.00,0.00000000,BAR
6907,1705021380.0,27.90,27.90,0.00,0.00000000,BAR
6908,1705021440.0,27.90,27.90,0.00,0.00000000,BAR
6909,1705021500.0,27.90,27.90,0.00,0.00000000,BAR
6910,1705021560.0,27.90,27.90,0.00,0.00000000,BAR
6911,1705021620.0,27.90,27.90,0.00,0.00000000,BAR
6912,1705021680.0,27.90,27.90,0.00,0.00000000,BAR
6913,1705021740.0,27.90,27.90,0.00,0.00000000,BAR
6914,1705021800.0,27.90,27.90,0.00,0.00000000,BAR
6915,1705021860.0,27.90,27.90,0.00,0.00000000,BAR
6916,1705021920.0,27.90,27.90,0.00,0.00000000,BAR
6917,1705021980.0,27.90,27.90,0.00,0.00000000,BAR
6918,1705022040.0,27.90,27.90,0.00,0.00000000,BAR
6919,1705022100.0,27.90,27.90,0.00,0.00000000,BAR
6920,1705022160.0,27.90,27.90,0.00,0.00000000,BAR
6921,1705022220.0,27.90,27.90,0.00,0.00000000,BAR
6922,1705022280.0,27.90,27.90,0.00,0.00000000,BAR
6923,1705022340.0,27.90,27.90,0.00,0.00000000,BAR
6924,1705022400.0,27.90,27.90,0.00,0.00000000,BAR
6925,1705022460.0,27.90,27.90,0.00,0.00000000,BAR
6926,1705022520.0,27.90,27.90,0.00,0.00000000,BAR
6927,1705022580.0,27.90,27.90,0.00,0.00000000,BAR
6928,1705022640.0,27.90,27.90,0.00,0.00000000,BAR
6929,1705022700.0,27.90,27.90,0.00,0.00000000,BAR
6930,1705022760.0,27.90,27.90,0.00,0.00000000,BAR
6931,1705022820.0,27.90,27.90,0.00,0.00000000,BAR
6932,1705022880.0,27.90,27.90,0.00,0.00000000,BAR
6933,1705022940.0,27.90,27.90,0.00,0.00000000,BAR
6934,1705023000.0,27.90,27.90,0.00,0.00000000,BAR
6935,1705023060.0,27.90,27.90,0.00,0.00000000,BAR
6936,1705023120.0,27.90,27.90,0.00,0.00000000,BAR
6937,1705023180.0,27.90,27.90,0.00,0.00000000,BAR
6938,1705023240.0,27.90,27.90,0.00,0.00000000,BAR
6939,1705023300.0,27.90,27.90,0.00,0.00000000,BAR
6940,1705023360.0,27.90,27.90,0.00,0.00000000,BAR
6941,1705023420.0,27.90,27.90,0.00,0.00000000,BAR
6942,1705023480.0,27.90,27.90,0.00,0.00000000,BAR
6943,1705023540.0,27.90,27.90,0.00,0.00000000,BAR
6944,1705023600.0,27.90,27.90,0.00,0.00000000,BAR
6945,1705023660.0,27.90,27.90,0.00,0.00000000,BAR
6946,1705023720.0,27.90,27.90,0.00,0.00000000,BAR
6947,1705023780.0,27.90,27.90,0.00,0.00000000,BAR
6948,1705023840.0,27.90,27.90,0.00,0.00000000,BAR
6949,1705023900.0,27.90,27.90,0.00,0.00000000,BAR
6950,1705023960.0,27.90,27.90,0.00,0.00000000,BAR
6951,1705024020.0,27.90,27.90,0.00,0.00000000,BAR
6952,1705024080.0,27.90,27.90,0.00,0.00000000,BAR
6953,1705024140.0,27.90,27.90,0.00,0.00000000,BAR
6954,1705024200.0,27.90,27.90,0.00,0.00000000,BAR
6955,1705024260.0,27.90,27.90,0.00,0.00000000,BAR
6956,1705024320.0,27.90,27.90,0.00,0.00000000,BAR
6957,1705024380.0,27.90,27.90,0.00,0.00000000,BAR
6958,1705024440.0,27.90,27.90,0.00,0.00000000,BAR
6959,1705024500.0,27.90,27.90,0.00,0.00000000,BAR
6960,1705024560.0,27.90,27.90,0.00,0.00000000,BAR
6961,1705024620.0,27.90,27.90,0.00,0.00000000,BAR
6962,1705024680.0,27.90,27.90,0.00,0.00000000,BAR
6963,1705024740.0,27.90,27.90,0.00,0.00000000,BAR
6964,1705024800.0,27.90,27.90,0.00,0.00000000,BAR
6965,1705024860.0,27.90,27.90,0.00,0.00000000,BAR
6966,1705024920.0,27.90,27.90,0.00,0.00000000,BAR
6967,1705024980.0,27.90,27.90,0.00,0.00000000,BAR
6968,1705025040.0,27.90,27.90,0.00,0.00000000,BAR
6969,1705025100.0,27.90,27.90,0.00,0.00000000,BAR
6970,1705025160.0,27.90,27.90,0.00,0.00000000,BAR
6971,1705025220.0,27.90,27.90,0.00,0.00000000,BAR
6972,1705025280.0,27.90,27.90,0.00,0.00000000,BAR
6973,1705025340.0,27.90,27.90,0.00,0.00000000,BAR
6974,1705025400.0,27.90,27.90,0.00,0.00000000,BAR
6975,1705025460.0,27.90,27.90,0.00,0.00000000,BAR
6976,1705025520.0,27.90,27.90,0.00,0.00000000,BAR
6977,1705025580.0,27.90,27.90,0.00,0.00000000,BAR
6978,1705025640.0,27.90,27.90,0.00,0.00000000,BAR
6979,1705025700.0,27.90,27.90,0.00,0.00000000,BAR
6980,1705025760.0,27.90,27.90,0.00,0.00000000,BAR
6981,1705025820.0,27.90,27.90,0.00,0.00000000,BAR
6982,1705025880.0,27.90,27.90,0.00,0.00000000,BAR
6983,1705025940.0,27.90,27.90,0.00,0.00000000,BAR
6984,1705026000.0,27.90,27.90,0.00,0.00000000,BAR
6985,1705026060.0,27.90,27.90,0.00,0.00000000,BAR
6986,1705026120.0,27.90,27.90,0.00,0.00000000,BAR
6987,1705026180.0,27.90,27.90,0.00,0.00000000,BAR
6988,1705026240.0,27.90,27.90,0.00,0.00000000,BAR
6989,1705026300.0,27.90,27.90,0.00,0.00000000,BAR
6990,1705026360.0,27.90,27.90,0.00,0.00000000,BAR
6991,1705026420.0,27.90,27.90,0.00,0.00000000,BAR
6992,1705026480.0,27.90,27.90,0.00,0.00000000,BAR
6993,1705026540.0,27.90,27.90,0.00,0.00000000,BAR
6994,1705026600.0,27.90,27.90,0.00,0.00000000,BAR
6995,1705026660.0,27.90,27.90,0.00,0.00000000,BAR
6996,1705026720.0,27.90,27.90,0.00,0.00000000,BAR
6997,1705026780.0,27.90,27.90,0.00,0.00000000,BAR
6998,1705026840.0,27.90,27.90,0.00,0.00000000,BAR
6999,1705026900.0,27.90,27.90,0.00,0.00000000,BAR
7000,1705026960.0,27.90,27.90,0.00,0.00000000,BAR
7001,1705027020.0,27.90,27.90,0.00,0.00000000,BAR
7002,1705027080.0,27.90,27.90,0.00,0.00000000,BAR
7003,1705027140.0,27.90,27.90,0.00,0.00000000,BAR
7004,1705027200.0,27.90,27.90,0.00,0.00000000,BAR
7005,1705027260.0,27.90,27.90,0.00,0.00000000,BAR
7006,1705027320.0,27.90,27.90,0.00,0.00000000,BAR
7007,1705027380.0,27.90,27.90,0.00,0.00000000,BAR
7008,1705027440.0,27.90,27.90,0.00,0.00000000,BAR
7009,1705027500.0,27.90,27.90,0.00,0.00000000,BAR
7010,1705027560.0,27.90,27.90,0.00,0.00000000,BAR
7011,1705027620.0,27.90,27.90,0.00,0.00000000,BAR
7012,1705027680.0,27.90,27.90,0.00,0.00000000,BAR
7013,1705027740.0,27.90,27.90,0.00,0.00000000,BAR
7014,1705027800.0,27.90,27.90,0.00,0.00000000,BAR
7015,1705027860.0,27.90,27.90,0.00,0.00000000,BAR
7016,1705027920.0,27.90,27.90,0.00,0.00000000,BAR
7017,1705027980.0,27.90,27.90,0.00,0.00000000,BAR
7018,1705028040.0,27.90,27.90,0.00,0.00000000,BAR
7019,1705028100.0,27.90,27.90,0.00,0.00000000,BAR
7020,1705028160.0,27.90,27.90,0.00,0.00000000,BAR
7021,1705028220.0,27.90,27.90,0.00,0.00000000,BAR
7022,1705028280.0,27.90,27.90,0.00,0.00000000,BAR
7023,1705028340.0,27.90,27.90,0.00,0.00000000,BAR
7024,1705028400.0,27.90,27.90,0.00,0.00000000,BAR
7025,1705028460.0,27.90,27.90,0.00,0.00000000,BAR
7026,1705028520.0,27.90,27.90,0.00,0.00000000,BAR
7027,1705028580.0,27.90,27.90,0.00,0.00000000,BAR
7028,1705028640.0,27.90,27.90,0.00,0.00000000,BAR
7029,1705028700.0,27.90,27.90,0.00,0.00000000,BAR
7030,1705028760.0,27.90,27.90,0.00,0.00000000,BAR
7031,1705028820.0,27.90,27.90,0.00,0.00000000,BAR
7032,1705028880.0,27.90,27.90,0.00,0.00000000,BAR
7033,1705028940.0,27.90,27.90,0.00,0.00000000,BAR
7034,1705029000.0,27.90,27.90,0.00,0.00000000,BAR
7035,1705029060.0,27.90,27.90,0.00,0.00000000,BAR
7036,1705029120.0,27.90,27.90,0.00,0.00000000,BAR
7037,1705029180.0,27.90,27.90,0.00,0.00000000,BAR
7038,1705029240.0,27.90,27.90,0.00,0.00000000,BAR
7039,1705029300.0,27.90,27.90,0.00,0.00000000,BAR
7040,1705029360.0,27.90,27.90,0.00,0.00000000,BAR
7041,1705029420.0,27.90,27.90,0.00,0.00000000,BAR
7042,1705029480.0,27.90,27.90,0.00,0.00000000,BAR
7043,1705029540.0,27.90,27.90,0.00,0.00000000,BAR
7044,1705029600.0,27.90,27.90,0.00,0.00000000,BAR
7045,1705029660.0,27.90,27.90,0.00,0.00000000,BAR
7046,1705029720.0,27.90,27.90,0.00,0.00000000,BAR
7047,1705029780.0,27.90,27.90,0.00,0.00000000,BAR
7048,1705029840.0,27.90,27.90,0.00,0.00000000,BAR
7049,1705029900.0,27.90,27.90,0.00,0.00000000,BAR
7050,1705029960.0,27.90,27.90,0.00,0.00000000,BAR
7051,1705030020.0,27.90,27.90,0.00,0.00000000,BAR
7052,1705030080.0,27.90,27.90,0.00,0.00000000,BAR
7053,1705030140.0,27.90,27.90,0.00,0.00000000,BAR
7054,1705030200.0,27.90,27.90,0.00,0.00000000,BAR
7055,1705030260.0,27.90,27.90,0.00,0.00000000,BAR
7056,1705030320.0,27.90,27.90,0.00,0.00000000,BAR
7057,1705030380.0,27.90,27.90,0.00,0.00000000,BAR
7058,1705030440.0,27.90,27.90,0.00,0.00000000,BAR
7059,1705030500.0,27.90,27.90,0.00,0.00000000,BAR
7060,1705030560.0,27.90,27.90,0.00,0.00000000,BAR
7061,1705030620.0,27.90,27.90,0.00,0.00000000,BAR
7062,1705030680.0,27.90,27.90,0.00,0.00000000,BAR
7063,1705030740.0,27.90,27.90,0.00,0.00000000,BAR
7064,1705030800.0,27.90,27.90,0.00,0.00000000,BAR
7065,1705030860.0,27.90,27.90,0.00,0.00000000,BAR
7066,1705030920.0,27.90,27.90,0.00,0.00000000,BAR
7067,1705030980.0,27.90,27.90,0.00,0.00000000,BAR
7068,1705031040.0,27.90,27.90,0.00,0.00000000,BAR
7069,1705031100.0,27.90,27.90,0.00,0.00000000,BAR
7070,1705031160.0,27.90,27.90,0.00,0.00000000,BAR
7071,1705031220.0,27.90,27.90,0.00,0.00000000,BAR
7072,1705031280.0,27.90,27.90,0.00,0.00000000,BAR
7073,1705031340.0,27.90,27.90,0.00,0.00000000,BAR
7074,1705031400.0,27.90,27.90,0.00,0.00000000,BAR
7075,1705031460.0,27.90,27.90,0.00,0.00000000,BAR
7076,1705031520.0,27.90,27.90,0.00,0.00000000,BAR
7077,1705031580.0,27.90,27.90,0.00,0.00000000,BAR
7078,1705031640.0,27.90,27.90,0.00,0.00000000,BAR
7079,1705031700.0,27.90,27.90,0.00,0.00000000,BAR
7080,1705031760.0,27.90,27.90,0.00,0.00000000,BAR
7081,1705031820.0,27.90,27.90,0.00,0.00000000,BAR
7082,1705031880.0,27.90,27.90,0.00,0.00000000,BAR
7083,1705031940.0,27.90,27.90,0.00,0.00000000,BAR
7084,1705032000.0,27.90,27.90,0.00,0.00000000,BAR
7085,1705032060.0,27.90,27.90,0.00,0.00000000,BAR
7086,1705032120.0,27.90,27.90,0.00,0.00000000,BAR
7087,1705032180.0,27.90,27.90,0.00,0.00000000,BAR
7088,1705032240.0,27.90,27.90,0.00,0.00000000,BAR
7089,1705032300.0,27.90,27.90,0.00,0.00000000,BAR
7090,1705032360.0,27.90,27.90,0.00,0.00000000,BAR
7091,1705032420.0,27.90,27.90,0.00,0.00000000,BAR
7092,1705032480.0,27.90,27.90,0.00,0.00000000,BAR
7093,1705032540.0,27.90,27.90,0.00,0.00000000,BAR
7094,1705032600.0,27.90,27.90,0.00,0.00000000,BAR
7095,1705032660.0,27.90,27.90,0.00,0.00000000,BAR
7096,1705032720.0,27.90,27.90,0.00,0.00000000,BAR
7097,1705032780.0,27.90,27.90,0.00,0.00000000,BAR
7098,1705032840.0,27.90,27.90,0.00,0.00000000,BAR
7099,1705032900.0,27.90,27.90,0.00,0.00000000,BAR
7100,1705032960.0,27.90,27.90,0.00,0.00000000,BAR
7101,1705033020.0,27.90,27.90,0.00,0.00000000,BAR
7102,1705033080.0,27.90,27.90,0.00,0.00000000,BAR
7103,1705033140.0,27.90,27.90,0.00,0.00000000,BAR
7104,1705033200.0,27.90,27.90,0.00,0.00000000,BAR
7105,1705033260.0,27.90,27.90,0.00,0.00000000,BAR
7106,1705033320.0,27.90,27.90,0.00,0.00000000,BAR
7107,1705033380.0,27.90,27.90,0.00,0.00000000,BAR
7108,1705033440.0,27.90,27.90,0.00,0.00000000,BAR
7109,1705033500.0,27.90,27.90,0.00,0.00000000,BAR
7110,1705033560.0,27.90,27.90,0.00,0.00000000,BAR
7111,1705033620.0,27.90,27.90,0.00,0.00000000,BAR
7112,1705033680.0,27.90,27.90,0.00,0.00000000,BAR
7113,1705033740.0,27.90,27.90,0.00,0.00000000,BAR
7114,1705033800.0,27.90,27.90,0.00,0.00000000,BAR
7115,1705033860.0,27.90,27.90,0.00,0.00000000,BAR
7116,1705033920.0,27.90,27.90,0.00,0.00000000,BAR
7117,1705033980.0,27.90,27.90,0.00,0.00000000,BAR
7118,1705034040.0,27.90,27.90,0.00,0.00000000,BAR
7119,1705034100.0,27.90,27.90,0.00,0.00000000,BAR
7120,1705034160.0,27.90,27.90,0.00,0.00000000,BAR
7121,1705034220.0,27.90,27.90,0.00,0.00000000,BAR
7122,1705034280.0,27.90,27.90,0.00,0.00000000,BAR
7123,1705034340.0,27.90,27.90,0.00,0.00000000,BAR
7124,1705034400.0,27.90,27.90,0.00,0.00000000,BAR
7125,1705034460.0,27.90,27.90,0.00,0.00000000,BAR
7126,1705034520.0,27.90,27.90,0.00,0.00000000,BAR
7127,1705034580.0,27.90,27.90,0.00,0.00000000,BAR
7128,1705034640.0,27.90,27.90,0.00,0.00000000,BAR
7129,1705034700.0,27.90,27.90,0.00,0.00000000,BAR
7130,1705034760.0,27.90,27.90,0.00,0.00000000,BAR
7131,1705034820.0,27.90,27.90,0.00,0.00000000,BAR
7132,1705034880.0,27.90,27.90,0.00,0.00000000,BAR
7133,1705034940.0,27.90,27.90,0.00,0.00000000,BAR
7134,1705035000.0,27.90,27.90,0.00,0.00000000,BAR
7135,1705035060.0,27.90,27.90,0.00,0.00000000,BAR
7136,1705035120.0,27.90,27.90,0.00,0.00000000,BAR
7137,1705035180.0,27.90,27.90,0.00,0.00000000,BAR
7138,1705035240.0,27.90,27.90,0.00,0.00000000,BAR
7139,1705035300.0,27.90,27.90,0.00,0.00000000,BAR
7140,1705035360.0,27.90,27.90,0.00,0.00000000,BAR
7141,1705035420.0,27.90,27.90,0.00,0.00000000,BAR
7142,1705035480.0,27.90,27.90,0.00,0.00000000,BAR
7143,1705035540.0,27.90,27.90,0.00,0.00000000,BAR
7144,1705035600.0,27.90,27.90,0.00,0.00000000,BAR
7145,1705035660.0,27.90,27.90,0.00,0.00000000,BAR
7146,1705035720.0,27.90,27.90,0.00,0.00000000,BAR
7147,1705035780.0,27.90,27.90,0.00,0.00000000,BAR
7148,1705035840.0,27.90,27.90,0.00,0.00000000,BAR
7149,1705035900.0,27.90,27.90,0.00,0.00000000,BAR
7150,1705035960.0,27.90,27.90,0.00,0.00000000,BAR
7151,1705036020.0,27.90,27.90,0.00,0.00000000,BAR
7152,1705036080.0,27.90,27.90,0.00,0.00000000,BAR
7153,1705036140.0,27.90,27.90,0.00,0.00000000,BAR
7154,1705036200.0,27.90,27.90,0.00,0.00000000,BAR
7155,1705036260.0,27.90,27.90,0.00,0.00000000,BAR
7156,1705036320.0,27.90,27.90,0.00,0.00000000,BAR
7157,1705036380.0,27.90,27.90,0.00,0.00000000,BAR
7158,1705036440.0,27.90,27.90,0.00,0.00000000,BAR
7159,1705036500.0,27.90,27.90,0.00,0.00000000,BAR
7160,1705036560.0,27.90,27.90,0.00,0.00000000,BAR
7161,1705036620.0,27.90,27.90,0.00,0.00000000,BAR
7162,1705036680.0,27.90,27.90,0.00,0.00000000,BAR
7163,1705036740.0,27.90,27.90,0.00,0.00000000,BAR
7164,1705036800.0,27.90,27.90,0.00,0.00000000,BAR
7165,1705036860.0,27.90,27.90,0.00,0.00000000,BAR
7166,1705036920.0,27.90,27.90,0.00,0.00000000,BAR
7167,1705036980.0,27.90,27.90,0.00,0.00000000,BAR
7168,1705037040.0,27.90,27.90,0.00,0.00000000,BAR
7169,1705037100.0,27.90,27.90,0.00,0.00000000,BAR
7170,1705037160.0,27.90,27.90,0.00,0.00000000,BAR
7171,1705037220.0,27.90,27.90,0.00,0.00000000,BAR
7172,1705037280.0,27.90,27.90,0.00,0.00000000,BAR
7173,1705037340.0,27.90,27.90,0.00,0.00000000,BAR
7174,1705037400.0,27.90,27.90,0.00,0.00000000,BAR
7175,1705037460.0,27.90,27.90,0.00,0.00000000,BAR
7176,1705037520.0,27.90,27.90,0.00,0.00000000,BAR
7177,1705037580.0,27.90,27.90,0.00,0.00000000,BAR
7178,1705037640.0,27.90,27.90,0.00,0.00000000,BAR
7179,1705037700.0,27.90,27.90,0.00,0.00000000,BAR
7180,1705037760.0,27.90,27.90,0.00,0.00000000,BAR
7181,1705037820.0,27.90,27.90,0.00,0.00000000,BAR
7182,1705037880.0,27.90,27.90,0.00,0.00000000,BAR
7183,1705037940.0,27.90,27.90,0.00,0.00000000,BAR
7184,1705038000.0,27.90,27.90,0.00,0.00000000,BAR
7185,1705038060.0,27.90,27.90,0.00,0.00000000,BAR
7186,1705038120.0,27.90,27.90,0.00,0.00000000,BAR
7187,1705038180.0,27.90,27.90,0.00,0.00000000,BAR
7188,1705038240.0,27.90,27.90,0.00,0.00000000,BAR
7189,1705038300.0,27.90,27.90,0.00,0.00000000,BAR
7190,1705038360.0,27.90,27.90,0.00,0.00000000,BAR
7191,1705038420.0,27.90,27.90,0.00,0.00000000,BAR
7192,1705038480.0,27.90,27.90,0.00,0.00000000,BAR
7193,1705038540.0,27.90,27.90,0.00,0.00000000,BAR
7194,1705038600.0,27.90,27.90,0.00,0.00000000,BAR
7195,1705038660.0,27.90,27.90,0.00,0.00000000,BAR
7196,1705038720.0,27.90,27.90,0.00,0.00000000,BAR
7197,1705038780.0,27.90,27.90,0.00,0.00000000,BAR
7198,1705038840.0,27.90,27.90,0.00,0.00000000,BAR
7199,1705038900.0,27.90,27.90,0.00,0.00000000,BAR
7200,1705038960.0,27.90,27.90,0.00,0.00000000,BAR
7201,1705039020.0,27.90,27.90,0.00,0.00000000,BAR
7202,1705039080.0,27.90,27.90,0.00,0.00000000,BAR
7203,1705039140.0,27.90,27.90,0.00,0.00000000,BAR
7204,1705039200.0,27.90,27.90,0.00,0.00000000,BAR
7205,1705039260.0,27.90,27.90,0.00,0.00000000,BAR
7206,1705039320.0,27.90,27.90,0.00,0.00000000,BAR
7207,1705039380.0,27.90,27.90,0.00,0.00000000,BAR
7208,1705039440.0,27.90,27.90,0.00,0.00000000,BAR
7209,1705039500.0,27.90,27.90,0.00,0.00000000,BAR
7210,1705039560.0,27.90,27.90,0.00,0.00000000,BAR
7211,1705039620.0,27.90,27.90,0.00,0.00000000,BAR
7212,1705039680.0,27.90,27.90,0.00,0.00000000,BAR
7213,1705039740.0,27.90,27.90,0.00,0.00000000,BAR
7214,1705039800.0,27.90,27.90,0.00,0.00000000,BAR
7215,1705039860.0,27.90,27.90,0.00,0.00000000,BAR
7216,1705039920.0,27.90,27.90,0.00,0.00000000,BAR
7217,1705039980.0,27.90,27.90,0.00,0.00000000,BAR
7218,1705040040.0,27.90,27.90,0.00,0.00000000,BAR
7219,1705040100.0,27.90,27.90,0.00,0.00000000,BAR
7220,1705040160.0,27.90,27.90,0.00,0.00000000,BAR
7221,1705040220.0,27.90,27.90,0.00,0.00000000,BAR
7222,1705040280.0,27.90,27.90,0.00,0.00000000,BAR
7223,1705040340.0,27.90,27.90,0.00,0.00000000,BAR
7224,1705040400.0,27.90,27.90,0.00,0.00000000,BAR
7225,1705040460.0,27.90,27.90,0.00,0.00000000,BAR
7226,1705040520.0,27.90,27.90,0.00,0.00000000,BAR
7227,1705040580.0,27.90,27.90,0.00,0.00000000,BAR
7228,1705040640.0,27.90,27.90,0.00,0.00000000,BAR
7229,1705040700.0,27.90,27.90,0.00,0.00000000,BAR
7230,1705040760.0,27.90,27.90,0.00,0.00000000,BAR
7231,1705040820.0,27.90,27.90,0.00,0.00000000,BAR
7232,1705040880.0,27.90,27.90,0.00,0.00000000,BAR
7233,1705040940.0,27.90,27.90,0.00,0.00000000,BAR
7234,1705041000.0,27.90,27.90,0.00,0.00000000,BAR
7235,1705041060.0,27.90,27.90,0.00,0.00000000,BAR
7236,1705041120.0,27.90,27.90,0.00,0.00000000,BAR
7237,1705041180.0,27.90,27.90,0.00,0.00000000,BAR
7238,1705041240.0,27.90,27.90,0.00,0.00000000,BAR
7239,1705041300.0,27.90,27.90,0.00,0.00000000,BAR
7240,1705041360.0,27.90,27.90,0.00,0.00000000,BAR
7241,1705041420.0,27.90,27.90,0.00,0.00000000,BAR
7242,1705041480.0,27.90,27.90,0.00,0.00000000,BAR
7243,1705041540.0,27.90,27.90,0.00,0.00000000,BAR
7244,1705041600.0,27.90,27.90,0.00,0.00000000,BAR
7245,1705041660.0,27.90,27.90,0.00,0.00000000,BAR
7246,1705041720.0,27.90,27.90,0.00,0.00000000,BAR
7247,1705041780.0,27.90,27.90,0.00,0.00000000,BAR
7248,1705041840.0,27.90,27.90,0.00,0.00000000,BAR
7249,1705041900.0,27.90,27.90,0.00,0.00000000,BAR
7250,1705041960.0,27.90,27.90,0.00,0.00000000,BAR
7251,1705042020.0,27.90,27.90,0.00,0.00000000,BAR
7252,1705042080.0,27.90,27.90,0.00,0.00000000,BAR
7253,1705042140.0,27.90,27.90,0.00,0.00000000,BAR
7254,1705042200.0,27.90,27.90,0.00,0.00000000,BAR
7255,1705042260.0,27.90,27.90,0.00,0.00000000,BAR
7256,1705042320.0,27.90,27.90,0.00,0.00000000,BAR
7257,1705042380.0,27.90,27.90,0.00,0.00000000,BAR
7258,1705042440.0,27.90,27.90,0.00,0.00000000,BAR
7259,1705042500.0,27.90,27.90,0.00,0.00000000,BAR
7260,1705042560.0,27.90,27.90,0.00,0.00000000,BAR
7261,1705042620.0,27.90,27.90,0.00,0.00000000,BAR
7262,1705042680.0,27.90,27.90,0.00,0.00000000,BAR
7263,1705042740.0,27.90,27.90,0.00,0.00000000,BAR
7264,1705042800.0,27.90,27.90,0.00,0.00000000,BAR
7265,1705042860.0,27.90,27.90,0.00,0.00000000,BAR
7266,1705042920.0,27.90,27.90,0.00,0.00000000,BAR
7267,1705042980.0,27.90,27.90,0.00,0.00000000,BAR
7268,1705043040.0,27.90,27.90,0.00,0.00000000,BAR
7269,1705043100.0,27.90,27.90,0.00,0.00000000,BAR
7270,1705043160.0,27.90,27.90,0.00,0.00000000,BAR
7271,1705043220.0,27.90,27.90,0.00,0.00000000,BAR
7272,1705043280.0,27.90,27.90,0.00,0.00000000,BAR
7273,1705043340.0,27.90,27.90,0.00,0.00000000,BAR
7274,1705043400.0,27.90,27.90,0.00,0.00000000,BAR
7275,1705043460.0,27.90,27.90,0.00,0.00000000,BAR
7276,1705043520.0,27.90,27.90,0.00,0.00000000,BAR
7277,1705043580.0,27.90,27.90,0.00,0.00000000,BAR
7278,1705043640.0,27.90,27.90,0.00,0.00000000,BAR
7279,1705043700.0,27.90,27.90,0.00,0.00000000,BAR
7280,1705043760.0,27.90,27.90,0.00,0.00000000,BAR
7281,1705043820.0,27.90,27.90,0.00,0.00000000,BAR
7282,1705043880.0,27.90,27.90,0.00,0.00000000,BAR
7283,1705043940.0,27.90,27.90,0.00,0.00000000,BAR
7284,1705044000.0,27.90,27.90,0.00,0.00000000,BAR
7285,1705044060.0,27.90,27.90,0.00,0.00000000,BAR
7286,1705044120.0,27.90,27.90,0.00,0.00000000,BAR
7287,1705044180.0,27.90,27.90,0.00,0.00000000,BAR
7288,1705044240.0,27.90,27.90,0.00,0.00000000,BAR
7289,1705044300.0,27.90,27.90,0.00,0.00000000,BAR
7290,1705044360.0,27.90,27.90,0.00,0.00000000,BAR
7291,1705044420.0,27.90,27.90,0.00,0.00000000,BAR
7292,1705044480.0,27.90,27.90,0.00,0.00000000,BAR
7293,1705044540.0,27.90,27.90,0.00,0.00000000,BAR
7294,1705044600.0,27.90,27.90,0.00,0.00000000,BAR
7295,1705044660.0,27.90,27.90,0.00,0.00000000,BAR
7296,1705044720.0,27.90,27.90,0.00,0.00000000,BAR
7297,1705044780.0,27.90,27.90,0.00,0.00000000,BAR
7298,1705044840.0,27.90,27.90,0.00,0.00000000,BAR
7299,1705044900.0,27.90,27.90,0.00,0.00000000,BAR
7300,1705044960.0,27.90,27.90,0.00,0.00000000,BAR
7301,1705045020.0,27.90,27.90,0.00,0.00000000,BAR
7302,1705045080.0,27.90,27.90,0.00,0.00000000,BAR
7303,1705045140.0,27.90,27.90,0.00,0.00000000,BAR
7304,1705045200.0,27.90,27.90,0.00,0.00000000,BAR
7305,1705045260.0,27.90,27.90,0.00,0.00000000,BAR
7306,1705045320.0,27.90,27.90,0.00,0.00000000,BAR
7307,1705045380.0,27.90,27.90,0.00,0.00000000,BAR
7308,1705045440.0,27.90,27.90,0.00,0.00000000,BAR
7309,1705045500.0,27.90,27.90,0.00,0.00000000,BAR
7310,1705045560.0,27.90,27.90,0.00,0.00000000,BAR
7311,1705045620.0,27.90,27.90,0.00,0.00000000,BAR
7312,1705045680.0,27.90,27.90,0.00,0.00000000,BAR
7313,1705045740.0,27.90,27.90,0.00,0.00000000,BAR
7314,1705045800.0,27.90,27.90,0.00,0.00000000,BAR
7315,1705045860.0,27.90,27.90,0.00,0.00000000,BAR
7316,1705045920.0,27.90,27.90,0.00,0.00000000,BAR
7317,1705045980.0,27.90,27.90,0.00,0.00000000,BAR
7318,1705046040.0,27.90,27.90,0.00,0.00000000,BAR
7319,1705046100.0,27.90,27.90,0.00,0.00000000,BAR
7320,1705046160.0,27.90,27.90,0.00,0.00000000,BAR
7321,1705046220.0,27.90,27.90,0.00,0.00000000,BAR
7322,1705046280.0,27.90,27.90,0.00,0.00000000,BAR
7323,1705046340.0,27.90,27.90,0.00,0.00000000,BAR
7324,1705046400.0,27.90,27.90,0.00,0.00000000,BAR
7325,1705046460.0,27.90,27.90,0.00,0.00000000,BAR
7326,1705046520.0,27.90,27.90,0.00,0.00000000,BAR
7327,1705046580.0,27.90,27.90,0.00,0.00000000,BAR
7328,1705046640.0,27.90,27.90,0.00,0.00000000,BAR
7329,1705046700.0,27.90,27.90,0.00,0.00000000,BAR
7330,1705046760.0,27.90,27.90,0.00,0.00000000,BAR
7331,1705046820.0,27.90,27.90,0.00,0.00000000,BAR
7332,1705046880.0,27.90,27.90,0.00,0.00000000,BAR
7333,1705046940.0,27.90,27.90,0.00,0.00000000,BAR
7334,1705047000.0,27.90,27.90,0.00,0.00000000,BAR
7335,1705047060.0,27.90,27.90,0.00,0.00000000,BAR
7336,1705047120.0,27.90,27.90,0.00,0.00000000,BAR
7337,1705047180.0,27.90,27.90,0.00,0.00000000,BAR
7338,1705047240.0,27.90,27.90,0.00,0.00000000,BAR
7339,1705047300.0,27.90,27.90,0.00,0.00000000,BAR
7340,1705047360.0,27.90,27.90,0.00,0.00000000,BAR
7341,1705047420.0,27.90,27.90,0.00,0.00000000,BAR
7342,1705047480.0,27.90,27.90,0.00,0.00000000,BAR
7343,1705047540.0,27.90,27.90,0.00,0.00000000,BAR
7344,1705047600.0,27.90,27.90,0.00,0.00000000,BAR
7345,1705047660.0,27.90,27.90,0.00,0.00000000,BAR
7346,1705047720.0,27.90,27.90,0.00,0.00000000,BAR
7347,1705047780.0,27.90,27.90,0.00,0.00000000,BAR
7348,1705047840.0,27.90,27.90,0.00,0.00000000,BAR
7349,1705047900.0,27.90,27.90,0.00,0.00000000,BAR
7350,1705047960.0,27.90,27.90,0.00,0.00000000,BAR
7351,1705048020.0,27.90,27.90,0.00,0.00000000,BAR
7352,1705048080.0,27.90,27.90,0.00,0.00000000,BAR
7353,1705048140.0,27.90,27.90,0.00,0.00000000,BAR
7354,1705048200.0,27.90,27.90,0.00,0.00000000,BAR
7355,1705048260.0,27.90,27.90,0.00,0.00000000,BAR
7356,1705048320.0,27.90,27.90,0.00,0.00000000,BAR
7357,1705048380.0,27.90,27.90,0.00,0.00000000,BAR
7358,1705048440.0,27.90,27.90,0.00,0.00000000,BAR
7359,1705048500.0,27.90,27.90,0.00,0.00000000,BAR
7360,1705048560.0,27.90,27.90,0.00,0.00000000,BAR
7361,1705048620.0,27.90,27.90,0.00,0.00000000,BAR
7362,1705048680.0,27.90,27.90,0.00,0.00000000,BAR
7363,1705048740.0,27.90,27.90,0.00,0.00000000,BAR
7364,1705048800.0,27.90,27.90,0.00,0.00000000,BAR
7365,1705048860.0,27.90,27.90,0.00,0.00000000,BAR
7366,1705048920.0,27.90,27.90,0.00,0.00000000,BAR
7367,1705048980.0,27.90,27.90,0.00,0.00000000,BAR
7368,1705049040.0,27.90,27.90,0.00,0.00000000,BAR
7369,1705049100.0,27.90,27.90,0.00,0.00000000,BAR
7370,1705049160.0,27.90,27.90,0.00,0.00000000,BAR
7371,1705049220.0,27.90,27.90,0.00,0.00000000,BAR
7372,1705049280.0,27.90,27.90,0.00,0.00000000,BAR
7373,1705049340.0,27.90,27.90,0.00,0.00000000,BAR
7374,1705049400.0,27.90,27.90,0.00,0.00000000,BAR
7375,1705049460.0,27.90,27.90,0.00,0.00000000,BAR
7376,1705049520.0,27.90,27.90,0.00,0.00000000,BAR
7377,1705049580.0,27.90,27.90,0.00,0.00000000,BAR
7378,1705049640.0,27.90,27.90,0.00,0.00000000,BAR
7379,1705049700.0,27.90,27.90,0.00,0.00000000,BAR
7380,1705049760.0,27.90,27.90,0.00,0.00000000,BAR
7381,1705049820.0,27.90,27.90,0.00,0.00000000,BAR
7382,1705049880.0,27.90,27.90,0.00,0.00000000,BAR
7383,1705049940.0,27.90,27.90,0.00,0.00000000,BAR
7384,1705050000.0,27.90,27.90,0.00,0.00000000,BAR
7385,1705050060.0,27.90,27.90,0.00,0.00000000,BAR
7386,1705050120.0,27.90,27.90,0.00,0.00000000,BAR
7387,1705050180.0,27.90,27.90,0.00,0.00000000,BAR
7388,1705050240.0,27.90,27.90,0.00,0.00000000,BAR
7389,1705050300.0,27.90,27.90,0.00,0.00000000,BAR
7390,1705050360.0,27.90,27.90,0.00,0.00000000,BAR
7391,1705050420.0,27.90,27.90,0.00,0.00000000,BAR
7392,1705050480.0,27.90,27.90,0.00,0.00000000,BAR
7393,1705050540.0,27.90,27.90,0.00,0.00000000,BAR
7394,1705050600.0,27.90,27.90,0.00,0.00000000,BAR
7395,1705050660.0,27.90,27.90,0.00,0.00000000,BAR
7396,1705050720.0,27.90,27.90,0.00,0.00000000,BAR
7397,1705050780.0,27.90,27.90,0.00,0.00000000,BAR
7398,1705050840.0,27.90,27.90,0.00,0.00000000,BAR
7399,1705050900.0,27.90,27.90,0.00,0.00000000,BAR
7400,1705050960.0,27.90,27.90,0.00,0.00000000,BAR
7401,1705051020.0,27.90,27.90,0.00,0.00000000,BAR
7402,1705051080.0,27.90,27.90,0.00,0.00000000,BAR
7403,1705051140.0,27.90,27.90,0.00,0.00000000,BAR
7404,1705051200.0,27.90,27.90,0.00,0.00000000,BAR
7405,1705051260.0,27.90,27.90,0.00,0.00000000,BAR
7406,1705051320.0,27.90,27.90,0.00,0.00000000,BAR
7407,1705051380.0,27.90,27.90,0.00,0.00000000,BAR
7408,1705051440.0,27.90,27.90,0.00,0.00000000,BAR
7409,1705051500.0,27.90,27.90,0.00,0.00000000,BAR
7410,1705051560.0,27.90,27.90,0.00,0.00000000,BAR
7411,1705051620.0,27.90,27.90,0.00,0.00000000,BAR
7412,1705051680.0,27.90,27.90,0.00,0.00000000,BAR
7413,1705051740.0,27.90,27.90,0.00,0.00000000,BAR
7414,1705051800.0,27.90,27.90,0.00,0.00000000,BAR
7415,1705051860.0,27.90,27.90,0.00,0.00000000,BAR
7416,1705051920.0,27.90,27.90,0.00,0.00000000,BAR
7417,1705051980.0,27.90,27.90,0.00,0.00000000,BAR
7418,1705052040.0,27.90,27.90,0.00,0.00000000,BAR
7419,1705052100.0,27.90,27.90,0.00,0.00000000,BAR
7420,1705052160.0,27.90,27.90,0.00,0.00000000,BAR
7421,1705052220.0,27.90,27.90,0.00,0.00000000,BAR
7422,1705052280.0,27.90,27.90,0.00,0.00000000,BAR
7423,1705052340.0,27.90,27.90,0.00,0.00000000,BAR
7424,1705052400.0,27.90,27.90,0.00,0.00000000,BAR
7425,1705052460.0,27.90,27.90,0.00,0.00000000,BAR
7426,1705052520.0,27.90,27.90,0.00,0.00000000,BAR
7427,1705052580.0,27.90,27.90,0.00,0.00000000,BAR
7428,1705052640.0,27.90,27.90,0.00,0.00000000,BAR
7429,1705052700.0,27.90,27.90,0.00,0.00000000,BAR
7430,1705052760.0,27.90,27.90,0.00,0.00000000,BAR
7431,1705052820.0,27.90,27.90,0.00,0.00000000,BAR
7432,1705052880.0,27.90,27.90,0.00,0.00000000,BAR
7433,1705052940.0,27.90,27.90,0.00,0.00000000,BAR
7434,1705053000.0,27.90,27.90,0.00,0.00000000,BAR
7435,1705053060.0,27.90,27.90,0.00,0.00000000,BAR
7436,1705053120.0,27.90,27.90,0.00,0.00000000,BAR
7437,1705053180.0,27.90,27.90,0.00,0.00000000,BAR
7438,1705053240.0,27.90,27.90,0.00,0.00000000,BAR
7439,1705053300.0,27.90,27.90,0.00,0.00000000,BAR
7440,1705053360.0,27.90,27.90,0.00,0.00000000,BAR
7441,1705053420.0,27.90,27.90,0.00,0.00000000,BAR
7442,1705053480.0,27.90,27.90,0.00,0.00000000,BAR
7443,1705053540.0,27.90,27.90,0.00,0.00000000,BAR
7444,1705053600.0,27.90,27.90,0.00,0.00000000,BAR
7445,1705053660.0,27.90,27.90,0.00,0.00000000,BAR
7446,1705053720.0,27.90,27.90,0.00,0.00000000,BAR
7447,1705053780.0,27.90,27.90,0.00,0.00000000,BAR
7448,1705053840.0,27.90,27.90,0.00,0.00000000,BAR
7449,1705053900.0,27.90,27.90,0.00,0.00000000,BAR
7450,1705053960.0,27.90,27.90,0.00,0.00000000,BAR
7451,1705054020.0,27.90,27.90,0.00,0.00000000,BAR
7452,1705054080.0,27.90,27.90,0.00,0.00000000,BAR
7453,1705054140.0,27.90,27.90,0.00,0.00000000,BAR
7454,1705054200.0,27.90,27.90,0.00,0.00000000,BAR
7455,1705054260.0,27.90,27.90,0.00,0.00000000,BAR
7456,1705054320.0,27.90,27.90,0.00,0.00000000,BAR
7457,1705054380.0,27.90,27.90,0.00,0.00000000,BAR
7458,1705054440.0,27.90,27.90,0.00,0.00000000,BAR
7459,1705054500.0,27.90,27.90,0.00,0.00000000,BAR
7460,1705054560.0,27.90,27.90,0.00,0.00000000,BAR
7461,1705054620.0,27.90,27.90,0.00,0.00000000,BAR
7462,1705054680.0,27.90,27.90,0.00,0.00000000,BAR
7463,1705054740.0,27.90,27.90,0.00,0.00000000,BAR
7464,1705054800.0,27.90,27.90,0.00,0.00000000,BAR
7465,1705054860.0,27.90,27.90,0.00,0.00000000,BAR
7466,1705054920.0,27.90,27.90,0.00,0.00000000,BAR
7467,1705054980.0,27.90,27.90,0.00,0.00000000,BAR
7468,1705055040.0,27.90,27.90,0.00,0.00000000,BAR
7469,1705055100.0,27.90,27.90,0.00,0.00000000,BAR
7470,1705055160.0,27.90,27.90,0.00,0.00000000,BAR
7471,1705055220.0,27.90,27.90,0.00,0.00000000,BAR
7472,1705055280.0,27.90,27.90,0.00,0.00000000,BAR
7473,1705055340.0,27.90,27.90,0.00,0.00000000,BAR
7474,1705055400.0,27.90,27.90,0.00,0.00000000,BAR
7475,1705055460.0,27.90,27.90,0.00,0.00000000,BAR
7476,1705055520.0,27.90,27.90,0.00,0.00000000,BAR
7477,1705055580.0,27.90,27.90,0.00,0.00000000,BAR
7478,1705055640.0,27.90,27.90,0.00,0.00000000,BAR
7479,1705055700.0,27.90,27.90,0.00,0.00000000,BAR
7480,1705055760.0,27.90,27.90,0.00,0.00000000,BAR
7481,1705055820.0,27.90,27.90,0.00,0.00000000,BAR
7482,1705055880.0,27.90,27.90,0.00,0.00000000,BAR
7483,1705055940.0,27.90,27.90,0.00,0.00000000,BAR
7484,1705056000.0,27.90,27.90,0.00,0.00000000,BAR
7485,1705056060.0,27.90,27.90,0.00,0.00000000,BAR
7486,1705056120.0,27.90,27.90,0.00,0.00000000,BAR
7487,1705056180.0,27.90,27.90,0.00,0.00000000,BAR
7488,1705056240.0,27.90,27.90,0.00,0.00000000,BAR
7489,1705056300.0,27.90,27.90,0.00,0.00000000,BAR
7490,1705056360.0,27.90,27.90,0.00,0.00000000,BAR
7491,1705056420.0,27.90,27.90,0.00,0.00000000,BAR
7492,1705056480.0,27.90,27.90,0.00,0.00000000,BAR
7493,1705056540.0,27.90,27.90,0.00,0.00000000,BAR
7494,1705056600.0,27.90,27.90,0.00,0.00000000,BAR
7495,1705056660.0,27.90,27.90,0.00,0.00000000,BAR
7496,1705056720.0,27.90,27.90,0.00,0.00000000,BAR
7497,1705056780.0,27.90,27.90,0.00,0.00000000,BAR
7498,1705056840.0,27.90,27.90,0.00,0.00000000,BAR
7499,1705056900.0,27.90,27.90,0.00,0.00000000,BAR
7500,1705056960.0,27.90,27.90,0.00,0.00000000,BAR
7501,1705057020.0,27.90,27.90,0.00,0.00000000,BAR
7502,1705057080.0,27.90,27.90,0.00,0.00000000,BAR
7503,1705057140.0,27.90,27.90,0.00,0.00000000,BAR
7504,1705057200.0,27.90,27.90,0.00,0.00000000,BAR
7505,1705057260.0,27.90,27.90,0.00,0.00000000,BAR
7506,1705057320.0,27.90,27.90,0.00,0.00000000,BAR
7507,1705057380.0,27.90,27.90,0.00,0.00000000,BAR
7508,1705057440.0,27.90,27.90,0.00,0.00000000,BAR
7509,1705057500.0,27.90,27.90,0.00,0.00000000,BAR
7510,1705057560.0,27.90,27.90,0.00,0.00000000,BAR
7511,1705057620.0,27.90,27.90,0.00,0.00000000,BAR
7512,1705057680.0,27.90,27.90,0.00,0.00000000,BAR
7513,1705057740.0,27.90,27.90,0.00,0.00000000,BAR
7514,1705057800.0,27.90,27.90,0.00,0.00000000,BAR
7515,1705057860.0,27.90,27.90,0.00,0.00000000,BAR
7516,1705057920.0,27.90,27.90,0.00,0.00000000,BAR
7517,1705057980.0,27.90,27.90,0.00,0.00000000,BAR
7518,1705058040.0,27.90,27.90,0.00,0.00000000,BAR
7519,1705058100.0,27.90,27.90,0.00,0.00000000,BAR
7520,1705058160.0,27.90,27.90,0.00,0.00000000,BAR
7521,1705058220.0,27.90,27.90,0.00,0.00000000,BAR
7522,1705058280.0,27.90,27.90,0.00,0.00000000,BAR
7523,1705058340.0,27.90,27.90,0.00,0.00000000,BAR
7524,1705058400.0,27.90,27.90,0.00,0.00000000,BAR
7525,1705058460.0,27.90,27.90,0.00,0.00000000,BAR
7526,1705058520.0,27.90,27.90,0.00,0.00000000,BAR
7527,1705058580.0,27.90,27.90,0.00,0.00000000,BAR
7528,1705058640.0,27.90,27.90,0.00,0.00000000,BAR
7529,1705058700.0,27.90,27.90,0.00,0.00000000,BAR
7530,1705058760.0,27.90,27.90,0.00,0.00000000,BAR
7531,1705058820.0,27.90,27.90,0.00,0.00000000,BAR
7532,1705058880.0,27.90,27.90,0.00,0.00000000,BAR
7533,1705058940.0,27.90,27.90,0.00,0.00000000,BAR
7534,1705059000.0,27.90,27.90,0.00,0.00000000,BAR
7535,1705059060.0,27.90,27.90,0.00,0.00000000,BAR
7536,1705059120.0,27.90,27.90,0.00,0.00000000,BAR
7537,1705059180.0,27.90,27.90,0.00,0.00000000,BAR
7538,1705059240.0,27.90,27.90,0.00,0.00000000,BAR
7539,1705059300.0,27.90,27.90,0.00,0.00000000,BAR
7540,1705059360.0,27.90,27.90,0.00,0.00000000,BAR
7541,1705059420.0,27.90,27.90,0.00,0.00000000,BAR
7542,1705059480.0,27.90,27.90,0.00,0.00000000,BAR
7543,1705059540.0,27.90,27.90,0.00,0.00000000,BAR
7544,1705059600.0,27.90,27.90,0.00,0.00000000,BAR
7545,1705059660.0,27.90,27.90,0.00,0.00000000,BAR
7546,1705059720.0,27.90,27.90,0.00,0.00000000,BAR
7547,1705059780.0,27.90,27.90,0.00,0.00000000,BAR
7548,1705059840.0,27.90,27.90,0.00,0.00000000,BAR
7549,1705059900.0,27.90,27.90,0.00,0.00000000,BAR
7550,1705059960.0,27.90,27.90,0.00,0.00000000,BAR
7551,1705060020.0,27.90,27.90,0.00,0.00000000,BAR
7552,1705060080.0,27.90,27.90,0.00,0.00000000,BAR
7553,1705060140.0,27.90,27.90,0.00,0.00000000,BAR
7554,1705060200.0,27.90,27.90,0.00,0.00000000,BAR
7555,1705060260.0,27.90,27.90,0.00,0.00000000,BAR
7556,1705060320.0,27.90,27.90,0.00,0.00000000,BAR
7557,1705060380.0,27.90,27.90,0.00,0.00000000,BAR
7558,1705060440.0,27.90,27.90,0.00,0.00000000,BAR
7559,1705060500.0,27.90,27.90,0.00,0.00000000,BAR
7560,1705060560.0,27.90,27.90,0.00,0.00000000,BAR
7561,1705060620.0,27.90,27.90,0.00,0.00000000,BAR
7562,1705060680.0,27.90,27.90,0.00,0.00000000,BAR
7563,1705060740.0,27.90,27.90,0.00,0.00000000,BAR
7564,1705060800.0,27.90,27.90,0.00,0.00000000,BAR
7565,1705060860.0,27.90,27.90,0.00,0.00000000,BAR
7566,1705060920.0,27.90,27.90,0.00,0.00000000,BAR
7567,1705060980.0,27.90,27.90,0.00,0.00000000,BAR
7568,1705061040.0,27.90,27.90,0.00,0.00000000,BAR
7569,1705061100.0,27.90,27.90,0.00,0.00000000,BAR
7570,1705061160.0,27.90,27.90,0.00,0.00000000,BAR
7571,1705061220.0,27.90,27.90,0.00,0.00000000,BAR
7572,1705061280.0,27.90,27.90,0.00,0.00000000,BAR
7573,1705061340.0,27.90,27.90,0.00,0.00000000,BAR
7574,1705061400.0,27.90,27.90,0.00,0.00000000,BAR
7575,1705061460.0,27.90,27.90,0.00,0.00000000,BAR
7576,1705061520.0,27.90,27.90,0.00,0.00000000,BAR
7577,1705061580.0,27.90,27.90,0.00,0.00000000,BAR
7578,1705061640.0,27.90,27.90,0.00,0.00000000,BAR
7579,1705061700.0,27.90,27.90,0.00,0.00000000,BAR
7580,1705061760.0,27.90,27.90,0.00,0.00000000,BAR
7581,1705061820.0,27.90,27.90,0.00,0.00000000,BAR
7582,1705061880.0,27.90,27.90,0.00,0.00000000,BAR
7583,1705061940.0,27.90,27.90,0.00,0.00000000,BAR
7584,1705062000.0,27.90,27.90,0.00,0.00000000,BAR
7585,1705062060.0,27.90,27.90,0.00,0.00000000,BAR
7586,1705062120.0,27.90,27.90,0.00,0.00000000,BAR
7587,1705062180.0,27.90,27.90,0.00,0.00000000,BAR
7588,1705062240.0,27.90,27.90,0.00,0.00000000,BAR
7589,1705062300.0,27.90,27.90,0.00,0.00000000,BAR
7590,1705062360.0,27.90,27.90,0.00,0.00000000,BAR
7591,1705062420.0,27.90,27.90,0.00,0.00000000,BAR
7592,1705062480.0,27.90,27.90,0.00,0.00000000,BAR
7593,1705062540.0,27.90,27.90,0.00,0.00000000,BAR
7594,1705062600.0,27.90,27.90,0.00,0.00000000,BAR
7595,1705062660.0,27.90,27.90,0.00,0.00000000,BAR
7596,1705062720.0,27.90,27.90,0.00,0.00000000,BAR
7597,1705062780.0,27.90,27.90,0.00,0.00000000,BAR
7598,1705062840.0,27.90,27.90,0.00,0.00000000,BAR
7599,1705062900.0,27.90,27.90,0.00,0.00000000,BAR
7600,1705062960.0,27.90,27.90,0.00,0.00000000,BAR
7601,1705063020.0,27.90,27.90,0.00,0.00000000,BAR
7602,1705063080.0,27.90,27.90,0.00,0.00000000,BAR
7603,1705063140.0,27.90,27.90,0.00,0.00000000,BAR
7604,1705063200.0,27.90,27.90,0.00,0.00000000,BAR
7605,1705063260.0,27.90,27.90,0.00,0.00000000,BAR
7606,1705063320.0,27.90,27.90,0.00,0.00000000,BAR
7607,1705063380.0,27.90,27.90,0.00,0.00000000,BAR
7608,1705063440.0,27.90,27.90,0.00,0.00000000,BAR
7609,1705063500.0,27.90,27.90,0.00,0.00000000,BAR
7610,1705063560.0,27.90,27.90,0.00,0.00000000,BAR
7611,1705063620.0,27.90,27.90,0.00,0.00000000,BAR
7612,1705063680.0,27.90,27.90,0.00,0.00000000,BAR
7613,1705063740.0,27.90,27.90,0.00,0.00000000,BAR
7614,1705063800.0,27.90,27.90,0.00,0.00000000,BAR
7615,1705063860.0,27.90,27.90,0.00,0.00000000,BAR
7616,1705063920.0,27.90,27.90,0.00,0.00000000,BAR
7617,1705063980.0,27.90,27.90,0.00,0.00000000,BAR
7618,1705064040.0,27.90,27.90,0.00,0.00000000,BAR
7619,1705064100.0,27.90,27.90,0.00,0.00000000,BAR
7620,1705064160.0,27.90,27.90,0.00,0.00000000,BAR
7621,1705064220.0,27.90,27.90,0.00,0.00000000,BAR
7622,1705064280.0,27.90,27.90,0.00,0.00000000,BAR
7623,1705064340.0,27.90,27.90,0.00,0.00000000,BAR
7624,1705064400.0,27.90,27.90,0.00,0.00000000,BAR
7625,1705064460.0,27.90,27.90,0.00,0.00000000,BAR
7626,1705064520.0,27.90,27.90,0.00,0.00000000,BAR
7627,1705064580.0,27.90,27.90,0.00,0.00000000,BAR
7628,1705064640.0,27.90,27.90,0.00,0.00000000,BAR
7629,1705064700.0,27.90,27.90,0.00,0.00000000,BAR
7630,1705064760.0,27.90,27.90,0.00,0.00000000,BAR
7631,1705064820.0,27.90,27.90,0.00,0.00000000,BAR
7632,1705064880.0,27.90,27.90,0.00,0.00000000,BAR
7633,1705064940.0,27.90,27.90,0.00,0.00000000,BAR
7634,1705065000.0,27.90,27.90,0.00,0.00000000,BAR
7635,1705065060.0,27.90,27.90,0.00,0.00000000,BAR
7636,1705065120.0,27.90,27.90,0.00,0.00000000,BAR
7637,1705065180.0,27.90,27.90,0.00,0.00000000,BAR
7638,1705065240.0,27.90,27.90,0.00,0.00000000,BAR
7639,1705065300.0,27.90,27.90,0.00,0.00000000,BAR
7640,1705065360.0,27.90,27.90,0.00,0.00000000,BAR
7641,1705065420.0,27.90,27.90,0.00,0.00000000,BAR
7642,1705065480.0,27.90,27.90,0.00,0.00000000,BAR
7643,1705065540.0,27.90,27.90,0.00,0.00000000,BAR
7644,1705065600.0,27.90,27.90,0.00,0.00000000,BAR
7645,1705065660.0,27.90,27.90,0.00,0.00000000,BAR
7646,1705065720.0,27.90,27.90,0.00,0.00000000,BAR
7647,1705065780.0,27.90,27.90,0.00,0.00000000,BAR
7648,1705065840.0,27.90,27.90,0.00,0.00000000,BAR
7649,1705065900.0,27.90,27.90,0.00,0.00000000,BAR
7650,1705065960.0,27.90,27.90,0.00,0.00000000,BAR
7651,1705066020.0,27.90,27.90,0.00,0.00000000,BAR
7652,1705066080.0,27.90,27.90,0.00,0.00000000,BAR
7653,1705066140.0,27.90,27.90,0.00,0.00000000,BAR
7654,1705066200.0,27.90,27.90,0.00,0.00000000,BAR
7655,1705066260.0,27.90,27.90,0.00,0.00000000,BAR
7656,1705066320.0,27.90,27.90,0.00,0.00000000,BAR
7657,1705066380.0,27.90,27.90,0.00,0.00000000,BAR
7658,1705066440.0,27.90,27.90,0.00,0.00000000,BAR
7659,1705066500.0,27.90,27.90,0.00,0.00000000,BAR
7660,1705066560.0,27.90,27.90,0.00,0.00000000,BAR
7661,1705066620.0,27.90,27.90,0.00,0.00000000,BAR
7662,1705066680.0,27.90,27.90,0.00,0.00000000,BAR
7663,1705066740.0,27.90,27.90,0.00,0.00000000,BAR
7664,1705066800.0,27.90,27.90,0.00,0.00000000,BAR
7665,1705066860.0,27.90,27.90,0.00,0.00000000,BAR
7666,1705066920.0,27.90,27.90,0.00,0.00000000,BAR
7667,1705066980.0,27.90,27.90,0.00,0.00000000,BAR
7668,1705067040.0,27.90,27.90,0.00,0.00000000,BAR
7669,1705067100.0,27.90,27.90,0.00,0.00000000,BAR
7670,1705067160.0,27.90,27.90,0.00,0.00000000,BAR
7671,1705067220.0,27.90,27.90,0.00,0.00000000,BAR
7672,1705067280.0,27.90,27.90,0.00,0.00000000,BAR
7673,1705067340.0,27.90,27.90,0.00,0.00000000,BAR
7674,1705067400.0,27.90,27.90,0.00,0.00000000,BAR
7675,1705067460.0,27.90,27.90,0.00,0.00000000,BAR
7676,1705067520.0,27.90,27.90,0.00,0.00000000,BAR
7677,1705067580.0,27.90,27.90,0.00,0.00000000,BAR
7678,1705067640.0,27.90,27.90,0.00,0.00000000,BAR
7679,1705067700.0,27.90,27.90,0.00,0.00000000,BAR
7680,1705067760.0,27.90,27.90,0.00,0.00000000,BAR
7681,1705067820.0,27.90,27.90,0.00,0.00000000,BAR
7682,1705067880.0,27.90,27.90,0.00,0.00000000,BAR
7683,1705067940.0,27.90,27.90,0.00,0.00000000,BAR
7684,1705068000.0,27.90,27.90,0.00,0.00000000,BAR
7685,1705068060.0,27.90,27.90,0.00,0.00000000,BAR
7686,1705068120.0,27.90,27.90,0.00,0.00000000,BAR
7687,1705068180.0,27.90,27.90,0.00,0.00000000,BAR
7688,1705068240.0,27.90,27.90,0.00,0.00000000,BAR
7689,1705068300.0,27.90,27.90,0.00,0.00000000,BAR
7690,1705068360.0,27.90,27.90,0.00,0.00000000,BAR
7691,1705068420.0,27.90,27.90,0.00,0.00000000,BAR
7692,1705068480.0,27.90,27.90,0.00,0.00000000,BAR
7693,1705068540.0,27.90,27.90,0.00,0.00000000,BAR
7694,1705068600.0,27.90,27.90,0.00,0.00000000,BAR
7695,1705068660.0,27.90,27.90,0.00,0.00000000,BAR
7696,1705068720.0,27.90,27.90,0.00,0.00000000,BAR
7697,1705068780.0,27.90,27.90,0.00,0.00000000,BAR
7698,1705068840.0,27.90,27.90,0.00,0.00000000,BAR
7699,1705068900.0,27.90,27.90,0.00,0.00000000,BAR
7700,1705068960.0,27.90,27.90,0.00,0.00000000,BAR
7701,1705069020.0,27.90,27.90,0.00,0.00000000,BAR
7702,1705069080.0,27.90,27.90,0.00,0.00000000,BAR
7703,1705069140.0,27.90,27.90,0.00,0.00000000,BAR
7704,1705069200.0,27.90,27.90,0.00,0.00000000,BAR
7705,1705069260.0,27.90,27.90,0.00,0.00000000,BAR
7706,1705069320.0,27.90,27.90,0.00,0.00000000,BAR
7707,1705069380.0,27.90,27.90,0.00,0.00000000,BAR
7708,1705069440.0,27.90,27.90,0.00,0.00000000,BAR
7709,1705069500.0,27.90,27.90,0.00,0.00000000,BAR
7710,1705069560.0,27.90,27.90,0.00,0.00000000,BAR
7711,1705069620.0,27.90,27.90,0.00,0.00000000,BAR
7712,1705069680.0,27.90,27.90,0.00,0.00000000,BAR
7713,1705069740.0,27.90,27.90,0.00,0.00000000,BAR
7714,1705069800.0,27.90,27.90,0.00,0.00000000,BAR
7715,1705069860.0,27.90,27.90,0.00,0.00000000,BAR
7716,1705069920.0,27.90,27.90,0.00,0.00000000,BAR
7717,1705069980.0,27.90,27.90,0.00,0.00000000,BAR
7718,1705070040.0,27.90,27.90,0.00,0.00000000,BAR
7719,1705070100.0,27.90,27.90,0.00,0.00000000,BAR
7720,1705070160.0,27.90,27.90,0.00,0.00000000,BAR
7721,1705070220.0,27.90,27.90,0.00,0.00000000,BAR
7722,1705070280.0,27.90,27.90,0.00,0.00000000,BAR
7723,1705070340.0,27.90,27.90,0.00,0.00000000,BAR
7724,1705070400.0,27.90,27.90,0.00,0.00000000,BAR
7725,1705070460.0,27.90,27.90,0.00,0.00000000,BAR
7726,1705070520.0,27.90,27.90,0.00,0.00000000,BAR
7727,1705070580.0,27.90,27.90,0.00,0.00000000,BAR
7728,1705070640.0,27.90,27.90,0.00,0.00000000,BAR
7729,1705070700.0,27.90,27.90,0.00,0.00000000,BAR
7730,1705070760.0,27.90,27.90,0.00,0.00000000,BAR
7731,1705070820.0,27.90,27.90,0.00,0.00000000,BAR
7732,1705070880.0,27.90,27.90,0.00,0.00000000,BAR
7733,1705070940.0,27.90,27.90,0.00,0.00000000,BAR
7734,1705071000.0,27.90,27.90,0.00,0.00000000,BAR
7735,1705071060.0,27.90,27.90,0.00,0.00000000,BAR
7736,1705071120.0,27.90,27.90,0.00,0.00000000,BAR
7737,1705071180.0,27.90,27.90,0.00,0.00000000,BAR
7738,1705071240.0,27.90,27.90,0.00,0.00000000,BAR
7739,1705071300.0,27.90,27.90,0.00,0.00000000,BAR
7740,1705071360.0,27.90,27.90,0.00,0.00000000,BAR
7741,1705071420.0,27.90,27.90,0.00,0.00000000,BAR
7742,1705071480.0,27.90,27.90,0.00,0.00000000,BAR
7743,1705071540.0,27.90,27.90,0.00,0.00000000,BAR
7744,1705071600.0,27.90,27.90,0.00,0.00000000,BAR
7745,1705071660.0,27.90,27.90,0.00,0.00000000,BAR
7746,1705071720.0,27.90,27.90,0.00,0.00000000,BAR
7747,1705071780.0,27.90,27.90,0.00,0.00000000,BAR
7748,1705071840.0,27.90,27.90,0.00,0.00000000,BAR
7749,1705071900.0,27.90,27.90,0.00,0.00000000,BAR
7750,1705071960.0,27.90,27.90,0.00,0.00000000,BAR
7751,1705072020.0,27.90,27.90,0.00,0.00000000,BAR
7752,1705072080.0,27.90,27.90,0.00,0.00000000,BAR
7753,1705072140.0,27.90,27.90,0.00,0.00000000,BAR
7754,1705072200.0,27.90,27.90,0.00,0.00000000,BAR
7755,1705072260.0,27.90,27.90,0.00,0.00000000,BAR
7756,1705072320.0,27.90,27.90,0.00,0.00000000,BAR
7757,1705072380.0,27.90,27.90,0.00,0.00000000,BAR
7758,1705072440.0,27.90,27.90,0.00,0.00000000,BAR
7759,1705072500.0,27.90,27.90,0.00,0.00000000,BAR
7760,1705072560.0,27.90,27.90,0.00,0.00000000,BAR
7761,1705072620.0,27.90,27.90,0.00,0.00000000,BAR
7762,1705072680.0,27.90,27.90,0.00,0.00000000,BAR
7763,1705072740.0,27.90,27.90,0.00,0.00000000,BAR
7764,1705072800.0,27.90,27.90,0.00,0.00000000,BAR
7765,1705072860.0,27.90,27.90,0.00,0.00000000,BAR
7766,1705072920.0,27.90,27.90,0.00,0.00000000,BAR
7767,1705072980.0,27.90,27.90,0.00,0.00000000,BAR
7768,1705073040.0,27.90,27.90,0.00,0.00000000,BAR
7769,1705073100.0,27.90,27.90,0.00,0.00000000,BAR
7770,1705073160.0,27.90,27.90,0.00,0.00000000,BAR
7771,1705073220.0,27.90,27.90,0.00,0.00000000,BAR
7772,1705073280.0,27.90,27.90,0.00,0.00000000,BAR
7773,1705073340.0,27.90,27.90,0.00,0.00000000,BAR
7774,1705073400.0,27.90,27.90,0.00,0.00000000,BAR
7775,1705073460.0,27.90,27.90,0.00,0.00000000,BAR
7776,1705073520.0,27.90,27.90,0.00,0.00000000,BAR
7777,1705073580.0,27.90,27.90,0.00,0.00000000,BAR
7778,1705073640.0,27.90,27.90,0.00,0.00000000,BAR
7779,1705073700.0,27.90,27.90,0.00,0.00000000,BAR
7780,1705073760.0,27.90,27.90,0.00,0.00000000,BAR
7781,1705073820.0,27.90,27.90,0.00,0.00000000,BAR
7782,1705073880.0,27.90,27.90,0.00,0.00000000,BAR
7783,1705073940.0,27.90,27.90,0.00,0.00000000,BAR
7784,1705074000.0,27.90,27.90,0.00,0.00000000,BAR
7785,1705074060.0,27.90,27.90,0.00,0.00000000,BAR
7786,1705074120.0,27.90,27.90,0.00,0.00000000,BAR
7787,1705074180.0,27.90,27.90,0.00,0.00000000,BAR
7788,1705074240.0,27.90,27.90,0.00,0.00000000,BAR
7789,1705074300.0,27.90,27.90,0.00,0.00000000,BAR
7790,1705074360.0,27.90,27.90,0.00,0.00000000,BAR
7791,1705074420.0,27.90,27.90,0.00,0.00000000,BAR
7792,1705074480.0,27.90,27.90,0.00,0.00000000,BAR
7793,1705074540.0,27.90,27.90,0.00,0.00000000,BAR
7794,1705074600.0,27.90,27.90,0.00,0.00000000,BAR
7795,1705074660.0,27.90,27.90,0.00,0.00000000,BAR
7796,1705074720.0,27.90,27.90,0.00,0.00000000,BAR
7797,1705074780.0,27.90,27.90,0.00,0.00000000,BAR
7798,1705074840.0,27.90,27.90,0.00,0.00000000,BAR
7799,1705074900.0,27.90,27.90,0.00,0.00000000,BAR
7800,1705074960.0,27.90,27.90,0.00,0.00000000,BAR
7801,1705075020.0,27.90,27.90,0.00,0.00000000,BAR
7802,1705075080.0,27.90,27.90,0.00,0.00000000,BAR
7803,1705075140.0,27.90,27.90,0.00,0.00000000,BAR
7804,1705075200.0,27.90,27.90,0.00,0.00000000,BAR
7805,1705075260.0,27.90,27.90,0.00,0.00000000,BAR
7806,1705075320.0,27.90,27.90,0.00,0.00000000,BAR
7807,1705075380.0,27.90,27.90,0.00,0.00000000,BAR
7808,1705075440.0,27.90,27.90,0.00,0.00000000,BAR
7809,1705075500.0,27.90,27.90,0.00,0.00000000,BAR
7810,1705075560.0,27.90,27.90,0.00,0.00000000,BAR
7811,1705075620.0,27.90,27.90,0.00,0.00000000,BAR
7812,1705075680.0,27.90,27.90,0.00,0.00000000,BAR
7813,1705075740.0,27.90,27.90,0.00,0.00000000,BAR
7814,1705075800.0,27.90,27.90,0.00,0.00000000,BAR
7815,1705075860.0,27.90,27.90,0.00,0.00000000,BAR
7816,1705075920.0,27.90,27.90,0.00,0.00000000,BAR
7817,1705075980.0,27.90,27.90,0.00,0.00000000,BAR
7818,1705076040.0,27.90,27.90,0.00,0.00000000,BAR
7819,1705076100.0,27.90,27.90,0.00,0.00000000,BAR
7820,1705076160.0,27.90,27.90,0.00,0.00000000,BAR
7821,1705076220.0,27.90,27.90,0.00,0.00000000,BAR
7822,1705076280.0,27.90,27.90,0.00,0.00000000,BAR
7823,1705076340.0,27.90,27.90,0.00,0.00000000,BAR
7824,1705076400.0,27.90,27.90,0.00,0.00000000,BAR
7825,1705076460.0,27.90,27.90,0.00,0.00000000,BAR
7826,1705076520.0,27.90,27.90,0.00,0.00000000,BAR
7827,1705076580.0,27.90,27.90,0.00,0.00000000,BAR
7828,1705076640.0,27.90,27.90,0.00,0.00000000,BAR
7829,1705076700.0,27.90,27.90,0.00,0.00000000,BAR
7830,1705076760.0,27.90,27.90,0.00,0.00000000,BAR
7831,1705076820.0,27.90,27.90,0.00,0.00000000,BAR
7832,1705076880.0,27.90,27.90,0.00,0.00000000,BAR
7833,1705076940.0,27.90,27.90,0.00,0.00000000,BAR
7834,1705077000.0,27.90,27.90,0.00,0.00000000,BAR
7835,1705077060.0,27.90,27.90,0.00,0.00000000,BAR
7836,1705077120.0,27.90,27.90,0.00,0.00000000,BAR
7837,1705077180.0,27.90,27.90,0.00,0.00000000,BAR
7838,1705077240.0,27.90,27.90,0.00,0.00000000,BAR
7839,1705077300.0,27.90,27.90,0.00,0.00000000,BAR
7840,1705077360.0,27.90,27.90,0.00,0.00000000,BAR
7841,1705077420.0,27.90,27.90,0.00,0.00000000,BAR
7842,1705077480.0,27.90,27.90,0.00,0.00000000,BAR
7843,1705077540.0,27.90,27.90,0.00,0.00000000,BAR
7844,1705077600.0,27.90,27.90,0.00,0.00000000,BAR
7845,1705077660.0,27.90,27.90,0.00,0.00000000,BAR
7846,1705077720.0,27.90,27.90,0.00,0.00000000,BAR
7847,1705077780.0,27.90,27.90,0.00,0.00000000,BAR
7848,1705077840.0,27.90,27.90,0.00,0.00000000,BAR
7849,1705077900.0,27.90,27.90,0.00,0.00000000,BAR
7850,1705077960.0,27.90,27.90,0.00,0.00000000,BAR
7851,1705078020.0,27.90,27.90,0.00,0.00000000,BAR
7852,1705078080.0,27.90,27.90,0.00,0.00000000,BAR
7853,1705078140.0,27.90,27.90,0.00,0.00000000,BAR
7854,1705078200.0,27.90,27.90,0.00,0.00000000,BAR
7855,1705078260.0,27.90,27.90,0.00,0.00000000,BAR
7856,1705078320.0,27.90,27.90,0.00,0.00000000,BAR
7857,1705078380.0,27.90,27.90,0.00,0.00000000,BAR
7858,1705078440.0,27.90,27.90,0.00,0.00000000,BAR
7859,1705078500.0,27.90,27.90,0.00,0.00000000,BAR
7860,1705078560.0,27.90,27.90,0.00,0.00000000,BAR
7861,1705078620.0,27.90,27.90,0.00,0.00000000,BAR
7862,1705078680.0,27.90,27.90,0.00,0.00000000,BAR
7863,1705078740.0,27.90,27.90,0.00,0.00000000,BAR
7864,1705078800.0,27.90,27.90,0.00,0.00000000,BAR
7865,1705078860.0,27.90,27.90,0.00,0.00000000,BAR
7866,1705078920.0,27.90,27.90,0.00,0.00000000,BAR
7867,1705078980.0,27.90,27.90,0.00,0.00000000,BAR
7868,1705079040.0,27.90,27.90,0.00,0.00000000,BAR
7869,1705079100.0,27.90,27.90,0.00,0.00000000,BAR
7870,1705079160.0,27.90,27.90,0.00,0.00000000,BAR
7871,1705079220.0,27.90,27.90,0.00,0.00000000,BAR
7872,1705079280.0,27.90,27.90,0.00,0.00000000,BAR
7873,1705079340.0,27.90,27.90,0.00,0.00000000,BAR
7874,1705079400.0,27.90,27.90,0.00,0.00000000,BAR
7875,1705079460.0,27.90,27.90,0.00,0.00000000,BAR
7876,1705079520.0,27.90,27.90,0.00,0.00000000,BAR
7877,1705079580.0,27.90,27.90,0.00,0.00000000,BAR
7878,1705079640.0,27.90,27.90,0.00,0.00000000,BAR
7879,1705079700.0,27.90,27.90,0.00,0.00000000,BAR
7880,1705079760.0,27.90,27.90,0.00,0.00000000,BAR
7881,1705079820.0,27.90,27.90,0.00,0.00000000,BAR
7882,1705079880.0,27.90,27.90,0.00,0.00000000,BAR
7883,1705079940.0,27.90,27.90,0.00,0.00000000,BAR
7884,1705080000.0,27.90,27.90,0.00,0.00000000,BAR
7885,1705080060.0,27.90,27.90,0.00,0.00000000,BAR
7886,1705080120.0,27.90,27.90,0.00,0.00000000,BAR
7887,1705080180.0,27.90,27.90,0.00,0.00000000,BAR
7888,1705080240.0,27.90,27.90,0.00,0.00000000,BAR
7889,1705080300.0,27.90,27.90,0.00,0.00000000,BAR
7890,1705080360.0,27.90,27.90,0.00,0.00000000,BAR
7891,1705080420.0,27.90,27.90,0.00,0.00000000,BAR
7892,1705080480.0,27.90,27.90,0.00,0.00000000,BAR
7893,1705080540.0,27.90,27.90,0.00,0.00000000,BAR
7894,1705080600.0,27.90,27.90,0.00,0.00000000,BAR
7895,1705080660.0,27.90,27.90,0.00,0.00000000,BAR
7896,1705080720.0,27.90,27.90,0.00,0.00000000,BAR
7897,1705080780.0,27.90,27.90,0.00,0.00000000,BAR
7898,1705080840.0,27.90,27.90,0.00,0.00000000,BAR
7899,1705080900.0,27.90,27.90,0.00,0.00000000,BAR
7900,1705080960.0,27.90,27.90,0.00,0.00000000,BAR
7901,1705081020.0,27.90,27.90,0.00,0.00000000,BAR
7902,1705081080.0,27.90,27.90,0.00,0.00000000,BAR
7903,1705081140.0,27.90,27.90,0.00,0.00000000,BAR
7904,1705081200.0,27.90,27.90,0.00,0.00000000,BAR
7905,1705081260.0,27.90,27.90,0.00,0.00000000,BAR
7906,1705081320.0,27.90,27.90,0.00,0.00000000,BAR
7907,1705081380.0,27.90,27.90,0.00,0.00000000,BAR
7908,1705081440.0,27.90,27.90,0.00,0.00000000,BAR
7909,1705081500.0,27.90,27.90,0.00,0.00000000,BAR
7910,1705081560.0,27.90,27.90,0.00,0.00000000,BAR
7911,1705081620.0,27.90,27.90,0.00,0.00000000,BAR
7912,1705081680.0,27.90,27.90,0.00,0.00000000,BAR
7913,1705081740.0,27.90,27.90,0.00,0.00000000,BAR
7914,1705081800.0,27.90,27.90,0.00,0.00000000,BAR
7915,1705081860.0,27.90,27.90,0.00,0.00000000,BAR
7916,1705081920.0,27.90,27.90,0.00,0.00000000,BAR
7917,1705081980.0,27.90,27.90,0.00,0.00000000,BAR
7918,1705082040.0,27.90,27.90,0.00,0.00000000,BAR
7919,1705082100.0,27.90,27.90,0.00,0.00000000,BAR
7920,1705082160.0,27.90,27.90,0.00,0.00000000,BAR
7921,1705082220.0,27.90,27.90,0.00,0.00000000,BAR
7922,1705082280.0,27.90,27.90,0.00,0.00000000,BAR
7923,1705082340.0,27.90,27.90,0.00,0.00000000,BAR
7924,1705082400.0,27.90,27.90,0.00,0.00000000,BAR
7925,1705082460.0,27.90,27.90,0.00,0.00000000,BAR
7926,1705082520.0,27.90,27.90,0.00,0.00000000,BAR
7927,1705082580.0,27.90,27.90,0.00,0.00000000,BAR
7928,1705082640.0,27.90,27.90,0.00,0.00000000,BAR
7929,1705082700.0,27.90,27.90,0.00,0.00000000,BAR
7930,1705082760.0,27.90,27.90,0.00,0.00000000,BAR
7931,1705082820.0,27.90,27.90,0.00,0.00000000,BAR
7932,1705082880.0,27.90,27.90,0.00,0.00000000,BAR
7933,1705082940.0,27.90,27.90,0.00,0.00000000,BAR
7934,1705083000.0,27.90,27.90,0.00,0.00000000,BAR
7935,1705083060.0,27.90,27.90,0.00,0.00000000,BAR
7936,1705083120.0,27.90,27.90,0.00,0.00000000,BAR
7937,1705083180.0,27.90,27.90,0.00,0.00000000,BAR
7938,1705083240.0,27.90,27.90,0.00,0.00000000,BAR
7939,1705083300.0,27.90,27.90,0.00,0.00000000,BAR
7940,1705083360.0,27.90,27.90,0.00,0.00000000,BAR
7941,1705083420.0,27.90,27.90,0.00,0.00000000,BAR
7942,1705083480.0,27.90,27.90,0.00,0.00000000,BAR
7943,1705083540.0,27.90,27.90,0.00,0.00000000,BAR
7944,1705083600.0,27.90,27.90,0.00,0.00000000,BAR
7945,1705083660.0,27.90,27.90,0.00,0.00000000,BAR
7946,1705083720.0,27.90,27.90,0.00,0.00000000,BAR
7947,1705083780.0,27.90,27.90,0.00,0.00000000,BAR
7948,1705083840.0,27.90,27.90,0.00,0.00000000,BAR
7949,1705083900.0,27.90,27.90,0.00,0.00000000,BAR
7950,1705083960.0,27.90,27.90,0.00,0.00000000,BAR
7951,1705084020.0,27.90,27.90,0.00,0.00000000,BAR
7952,1705084080.0,27.90,27.90,0.00,0.00000000,BAR
7953,1705084140.0,27.90,27.90,0.00,0.00000000,BAR
7954,1705084200.0,27.90,27.90,0.00,0.00000000,BAR
7955,1705084260.0,27.90,27.90,0.00,0.00000000,BAR
7956,1705084320.0,27.90,27.90,0.00,0.00000000,BAR
7957,1705084380.0,27.90,27.90,0.00,0.00000000,BAR
7958,1705084440.0,27.90,27.90,0.00,0.00000000,BAR
7959,1705084500.0,27.90,27.90,0.00,0.00000000,BAR
7960,1705084560.0,27.90,27.90,0.00,0.00000000,BAR
7961,1705084620.0,27.90,27.90,0.00,0.00000000,BAR
7962,1705084680.0,27.90,27.90,0.00,0.00000000,BAR
7963,1705084740.0,27.90,27.90,0.00,0.00000000,BAR
7964,1705084800.0,27.90,27.90,0.00,0.00000000,BAR
7965,1705084860.0,27.90,27.90,0.00,0.00000000,BAR
7966,1705084920.0,27.90,27.90,0.00,0.00000000,BAR
7967,1705084980.0,27.90,27.90,0.00,0.00000000,BAR
7968,1705085040.0,27.90,27.90,0.00,0.00000000,BAR
7969,1705085100.0,27.90,27.90,0.00,0.00000000,BAR
7970,1705085160.0,27.90,27.90,0.00,0.00000000,BAR
7971,1705085220.0,27.90,27.90,0.00,0.00000000,BAR
7972,1705085280.0,27.90,27.90,0.00,0.00000000,BAR
7973,1705085340.0,27.90,27.90,0.00,0.00000000,BAR
7974,1705085400.0,27.90,27.90,0.00,0.00000000,BAR
7975,1705085460.0,27.90,27.90,0.00,0.00000000,BAR
7976,1705085520.0,27.90,27.90,0.00,0.00000000,BAR
7977,1705085580.0,27.90,27.90,0.00,0.00000000,BAR
7978,1705085640.0,27.90,27.90,0.00,0.00000000,BAR
7979,1705085700.0,27.90,27.90,0.00,0.00000000,BAR
7980,1705085760.0,27.90,27.90,0.00,0.00000000,BAR
7981,1705085820.0,27.90,27.90,0.00,0.00000000,BAR
7982,1705085880.0,27.90,27.90,0.00,0.00000000,BAR
7983,1705085940.0,27.90,27.90,0.00,0.00000000,BAR
7984,1705086000.0,27.90,27.90,0.00,0.00000000,BAR
7985,1705086060.0,27.90,27.90,0.00,0.00000000,BAR
7986,1705086120.0,27.90,27.90,0.00,0.00000000,BAR
7987,1705086180.0,27.90,27.90,0.00,0.00000000,BAR
7988,1705086240.0,27.90,27.90,0.00,0.00000000,BAR
7989,1705086300.0,27.90,27.90,0.00,0.00000000,BAR
7990,1705086360.0,27.90,27.90,0.00,0.00000000,BAR
7991,1705086420.0,27.90,27.90,0.00,0.00000000,BAR
7992,1705086480.0,27.90,27.90,0.00,0.00000000,BAR
7993,1705086540.0,27.90,27.90,0.00,0.00000000,BAR
7994,1705086600.0,27.90,27.90,0.00,0.00000000,BAR
7995,1705086660.0,27.90,27.90,0.00,0.00000000,BAR
7996,1705086720.0,27.90,27.90,0.00,0.00000000,BAR
7997,1705086780.0,27.90,27.90,0.00,0.00000000,BAR
7998,1705086840.0,27.90,27.90,0.00,0.00000000,BAR
7999,1705086900.0,27.90,27.90,0.00,0.00000000,BAR
8000,1705086960.0,27.90,27.90,0.00,0.00000000,BAR
8001,1705087020.0,27.90,27.90,0.00,0.00000000,BAR
8002,1705087080.0,27.90,27.90,0.00,0.00000000,BAR
8003,1705087140.0,27.90,27.90,0.00,0.00000000,BAR
8004,1705087200.0,27.90,27.90,0.00,0.00000000,BAR
8005,1705087260.0,27.90,27.90,0.00,0.00000000,BAR
8006,1705087320.0,27.90,27.90,0.00,0.00000000,BAR
8007,1705087380.0,27.90,27.90,0.00,0.00000000,BAR
8008,1705087440.0,27.90,27.90,0.00,0.00000000,BAR
8009,1705087500.0,27.90,27.90,0.00,0.00000000,BAR
8010,1705087560.0,27.90,27.90,0.00,0.00000000,BAR
8011,1705087620.0,27.90,27.90,0.00,0.00000000,BAR
8012,1705087680.0,27.90,27.90,0.00,0.00000000,BAR
8013,1705087740.0,27.90,27.90,0.00,0.00000000,BAR
8014,1705087800.0,27.90,27.90,0.00,0.00000000,BAR
8015,1705087860.0,27.90,27.90,0.00,0.00000000,BAR
8016,1705087920.0,27.90,27.90,0.00,0.00000000,BAR
8017,1705087980.0,27.90,27.90,0.00,0.00000000,BAR
8018,1705088040.0,27.90,27.90,0.00,0.00000000,BAR
8019,1705088100.0,27.90,27.90,0.00,0.00000000,BAR
8020,1705088160.0,27.90,27.90,0.00,0.00000000,BAR
8021,1705088220.0,27.90,27.90,0.00,0.00000000,BAR
8022,1705088280.0,27.90,27.90,0.00,0.00000000,BAR
8023,1705088340.0,27.90,27.90,0.00,0.00000000,BAR
8024,1705088400.0,27.90,27.90,0.00,0.00000000,BAR
8025,1705088460.0,27.90,27.90,0.00,0.00000000,BAR
8026,1705088520.0,27.90,27.90,0.00,0.00000000,BAR
8027,1705088580.0,27.90,27.90,0.00,0.00000000,BAR
8028,1705088640.0,27.90,27.90,0.00,0.00000000,BAR
8029,1705088700.0,27.90,27.90,0.00,0.00000000,BAR
8030,1705088760.0,27.90,27.90,0.00,0.00000000,BAR
8031,1705088820.0,27.90,27.90,0.00,0.00000000,BAR
8032,1705088880.0,27.90,27.90,0.00,0.00000000,BAR
8033,1705088940.0,27.90,27.90,0.00,0.00000000,BAR
8034,1705089000.0,27.90,27.90,0.00,0.00000000,BAR
8035,1705089060.0,27.90,27.90,0.00,0.00000000,BAR
8036,1705089120.0,27.90,27.90,0.00,0.00000000,BAR
8037,1705089180.0,27.90,27.90,0.00,0.00000000,BAR
8038,1705089240.0,27.90,27.90,0.00,0.00000000,BAR
8039,1705089300.0,27.90,27.90,0.00,0.00000000,BAR
8040,1705089360.0,27.90,27.90,0.00,0.00000000,BAR
8041,1705089420.0,27.90,27.90,0.00,0.00000000,BAR
8042,1705089480.0,27.90,27.90,0.00,0.00000000,BAR
8043,1705089540.0,27.90,27.90,0.00,0.00000000,BAR
8044,1705089600.0,27.90,27.90,0.00,0.00000000,BAR
8045,1705089660.0,27.90,27.90,0.00,0.00000000,BAR
8046,1705089720.0,27.90,27.90,0.00,0.00000000,BAR
8047,1705089780.0,27.90,27.90,0.00,0.00000000,BAR
8048,1705089840.0,27.90,27.90,0.00,0.00000000,BAR
8049,1705089900.0,27.90,27.90,0.00,0.00000000,BAR
8050,1705089960.0,27.90,27.90,0.00,0.00000000,BAR
8051,1705090020.0,27.90,27.90,0.00,0.00000000,BAR
8052,1705090080.0,27.90,27.90,0.00,0.00000000,BAR
8053,1705090140.0,27.90,27.90,0.00,0.00000000,BAR
8054,1705090200.0,27.90,27.90,0.00,0.00000000,BAR
8055,1705090260.0,27.90,27.90,0.00,0.00000000,BAR
8056,1705090320.0,27.90,27.90,0.00,0.00000000,BAR
8057,1705090380.0,27.90,27.90,0.00,0.00000000,BAR
8058,1705090440.0,27.90,27.90,0.00,0.00000000,BAR
8059,1705090500.0,27.90,27.90,0.00,0.00000000,BAR
8060,1705090560.0,27.90,27.90,0.00,0.00000000,BAR
8061,1705090620.0,27.90,27.90,0.00,0.00000000,BAR
8062,1705090680.0,27.90,27.90,0.00,0.00000000,BAR
8063,1705090740.0,27.90,27.90,0.00,0.00000000,BAR
8064,1705090800.0,27.90,27.90,0.00,0.00000000,BAR
8065,1705090860.0,27.90,27.90,0.00,0.00000000,BAR
8066,1705090920.0,27.90,27.90,0.00,0.00000000,BAR
8067,1705090980.0,27.90,27.90,0.00,0.00000000,BAR
8068,1705091040.0,27.90,27.90,0.00,0.00000000,BAR
8069,1705091100.0,27.90,27.90,0.00,0.00000000,BAR
8070,1705091160.0,27.90,27.90,0.00,0.00000000,BAR
8071,1705091220.0,27.90,27.90,0.00,0.00000000,BAR
8072,1705091280.0,27.90,27.90,0.00,0.00000000,BAR
8073,1705091340.0,27.90,27.90,0.00,0.00000000,BAR
8074,1705091400.0,27.90,27.90,0.00,0.00000000,BAR
8075,1705091460.0,27.90,27.90,0.00,0.00000000,BAR
8076,1705091520.0,27.90,27.90,0.00,0.00000000,BAR
8077,1705091580.0,27.90,27.90,0.00,0.00000000,BAR
8078,1705091640.0,27.90,27.90,0.00,0.00000000,BAR
8079,1705091700.0,27.90,27.90,0.00,0.00000000,BAR
8080,1705091760.0,27.90,27.90,0.00,0.00000000,BAR
8081,1705091820.0,27.90,27.90,0.00,0.00000000,BAR
8082,1705091880.0,27.90,27.90,0.00,0.00000000,BAR
8083,1705091940.0,27.90,27.90,0.00,0.00000000,BAR
8084,1705092000.0,27.90,27.90,0.00,0.00000000,BAR
8085,1705092060.0,27.90,27.90,0.00,0.00000000,BAR
8086,1705092120.0,27.90,27.90,0.00,0.00000000,BAR
8087,1705092180.0,27.90,27.90,0.00,0.00000000,BAR
8088,1705092240.0,27.90,27.90,0.00,0.00000000,BAR
8089,1705092300.0,27.90,27.90,0.00,0.00000000,BAR
8090,1705092360.0,27.90,27.90,0.00,0.00000000,BAR
8091,1705092420.0,27.90,27.90,0.00,0.00000000,BAR
8092,1705092480.0,27.90,27.90,0.00,0.00000000,BAR
8093,1705092540.0,27.90,27.90,0.00,0.00000000,BAR
8094,1705092600.0,27.90,27.90,0.00,0.00000000,BAR
8095,1705092660.0,27.90,27.90,0.00,0.00000000,BAR
8096,1705092720.0,27.90,27.90,0.00,0.00000000,BAR
8097,1705092780.0,27.90,27.90,0.00,0.00000000,BAR
8098,1705092840.0,27.90,27.90,0.00,0.00000000,BAR
8099,1705092900.0,27.90,27.90,0.00,0.00000000,BAR
8100,1705092960.0,27.90,27.90,0.00,0.00000000,BAR
8101,1705093020.0,27.90,27.90,0.00,0.00000000,BAR
8102,1705093080.0,27.90,27.90,0.00,0.00000000,BAR
8103,1705093140.0,27.90,27.90,0.00,0.00000000,BAR
8104,1705093200.0,27.90,27.90,0.00,0.00000000,BAR
8105,1705093260.0,27.90,27.90,0.00,0.00000000,BAR
8106,1705093320.0,27.90,27.90,0.00,0.00000000,BAR
8107,1705093380.0,27.90,27.90,0.00,0.00000000,BAR
8108,1705093440.0,27.90,27.90,0.00,0.00000000,BAR
8109,1705093500.0,27.90,27.90,0.00,0.00000000,BAR
8110,1705093560.0,27.90,27.90,0.00,0.00000000,BAR
8111,1705093620.0,27.90,27.90,0.00,0.00000000,BAR
8112,1705093680.0,27.90,27.90,0.00,0.00000000,BAR
8113,1705093740.0,27.90,27.90,0.00,0.00000000,BAR
8114,1705093800.0,27.90,27.90,0.00,0.00000000,BAR
8115,1705093860.0,27.90,27.90,0.00,0.00000000,BAR
8116,1705093920.0,27.90,27.90,0.00,0.00000000,BAR
8117,1705093980.0,27.90,27.90,0.00,0.00000000,BAR
8118,1705094040.0,27.90,27.90,0.00,0.00000000,BAR
8119,1705094100.0,27.90,27.90,0.00,0.00000000,BAR
8120,1705094160.0,27.90,27.90,0.00,0.00000000,BAR
8121,1705094220.0,27.90,27.90,0.00,0.00000000,BAR
8122,1705094280.0,27.90,27.90,0.00,0.00000000,BAR
8123,1705094340.0,27.90,27.90,0.00,0.00000000,BAR
8124,1705094400.0,27.90,27.90,0.00,0.00000000,BAR
8125,1705094460.0,27.90,27.90,0.00,0.00000000,BAR
8126,1705094520.0,27.90,27.90,0.00,0.00000000,BAR
8127,1705094580.0,27.90,27.90,0.00,0.00000000,BAR
8128,1705094640.0,27.90,27.90,0.00,0.00000000,BAR
8129,1705094700.0,27.90,27.90,0.00,0.00000000,BAR
8130,1705094760.0,27.90,27.90,0.00,0.00000000,BAR
8131,1705094820.0,27.90,27.90,0.00,0.00000000,BAR
8132,1705094880.0,27.90,27.90,0.00,0.00000000,BAR
8133,1705094940.0,27.90,27.90,0.00,0.00000000,BAR
8134,1705095000.0,27.90,27.90,0.00,0.00000000,BAR
8135,1705095060.0,27.90,27.90,0.00,0.00000000,BAR
8136,1705095120.0,27.90,27.90,0.00,0.00000000,BAR
8137,1705095180.0,27.90,27.90,0.00,0.00000000,BAR
8138,1705095240.0,27.90,27.90,0.00,0.00000000,BAR
8139,1705095300.0,27.90,27.90,0.00,0.00000000,BAR
8140,1705095360.0,27.90,27.90,0.00,0.00000000,BAR
8141,1705095420.0,27.90,27.90,0.00,0.00000000,BAR
8142,1705095480.0,27.90,27.90,0.00,0.00000000,BAR
8143,1705095540.0,27.90,27.90,0.00,0.00000000,BAR
8144,1705095600.0,27.90,27.90,0.00,0.00000000,BAR
8145,1705095660.0,27.90,27.90,0.00,0.00000000,BAR
8146,1705095720.0,27.90,27.90,0.00,0.00000000,BAR
8147,1705095780.0,27.90,27.90,0.00,0.00000000,BAR
8148,1705095840.0,27.90,27.90,0.00,0.00000000,BAR
8149,1705095900.0,27.90,27.90,0.00,0.00000000,BAR
8150,1705095960.0,27.90,27.90,0.00,0.00000000,BAR
8151,1705096020.0,27.90,27.90,0.00,0.00000000,BAR
8152,1705096080.0,27.90,27.90,0.00,0.00000000,BAR
8153,1705096140.0,27.90,27.90,0.00,0.00000000,BAR
8154,1705096200.0,27.90,27.90,0.00,0.00000000,BAR
8155,1705096260.0,27.90,27.90,0.00,0.00000000,BAR
8156,1705096320.0,27.90,27.90,0.00,0.00000000,BAR
8157,1705096380.0,27.90,27.90,0.00,0.00000000,BAR
8158,1705096440.0,27.90,27.90,0.00,0.00000000,BAR
8159,1705096500.0,27.90,27.90,0.00,0.00000000,BAR
8160,1705096560.0,27.90,27.90,0.00,0.00000000,BAR
8161,1705096620.0,27.90,27.90,0.00,0.00000000,BAR
8162,1705096680.0,27.90,27.90,0.00,0.00000000,BAR
8163,1705096740.0,27.90,27.90,0.00,0.00000000,BAR
8164,1705096800.0,27.90,27.90,0.00,0.00000000,BAR
8165,1705096860.0,27.90,27.90,0.00,0.00000000,BAR
8166,1705096920.0,27.90,27.90,0.00,0.00000000,BAR
8167,1705096980.0,27.90,27.90,0.00,0.00000000,BAR
8168,1705097040.0,27.90,27.90,0.00,0.00000000,BAR
8169,1705097100.0,27.90,27.90,0.00,0.00000000,BAR
8170,1705097160.0,27.90,27.90,0.00,0.00000000,BAR
8171,1705097220.0,27.90,27.90,0.00,0.00000000,BAR
8172,1705097280.0,27.90,27.90,0.00,0.00000000,BAR
8173,1705097340.0,27.90,27.90,0.00,0.00000000,BAR
8174,1705097400.0,27.90,27.90,0.00,0.00000000,BAR
8175,1705097460.0,27.90,27.90,0.00,0.00000000,BAR
8176,1705097520.0,27.90,27.90,0.00,0.00000000,BAR
8177,1705097580.0,27.90,27.90,0.00,0.00000000,BAR
8178,1705097640.0,27.90,27.90,0.00,0.00000000,BAR
8179,1705097700.0,27.90,27.90,0.00,0.00000000,BAR
8180,1705097760.0,27.90,27.90,0.00,0.00000000,BAR
8181,1705097820.0,27.90,27.90,0.00,0.00000000,BAR
8182,1705097880.0,27.90,27.90,0.00,0.00000000,BAR
8183,1705097940.0,27.90,27.90,0.00,0.00000000,BAR
8184,1705098000.0,27.90,27.90,0.00,0.00000000,BAR
8185,1705098060.0,27.90,27.90,0.00,0.00000000,BAR
8186,1705098120.0,27.90,27.90,0.00,0.00000000,BAR
8187,1705098180.0,27.90,27.90,0.00,0.00000000,BAR
8188,1705098240.0,27.90,27.90,0.00,0.00000000,BAR
8189,1705098300.0,27.90,27.90,0.00,0.00000000,BAR
8190,1705098360.0,27.90,27.90,0.00,0.00000000,BAR
8191,1705098420.0,27.90,27.90,0.00,0.00000000,BAR
8192,1705098480.0,27.90,27.90,0.00,0.00000000,BAR
8193,1705098540.0,27.90,27.90,0.00,0.00000000,BAR
8194,1705098600.0,27.90,27.90,0.00,0.00000000,BAR
8195,1705098660.0,27.90,27.90,0.00,0.00000000,BAR
8196,1705098720.0,27.90,27.90,0.00,0.00000000,BAR
8197,1705098780.0,27.90,27.90,0.00,0.00000000,BAR
8198,1705098840.0,27.90,27.90,0.00,0.00000000,BAR
8199,1705098900.0,27.90,27.90,0.00,0.00000000,BAR
8200,1705098960.0,27.90,27.90,0.00,0.00000000,BAR
8201,1705099020.0,27.90,27.90,0.00,0.00000000,BAR
8202,1705099080.0,27.90,27.90,0.00,0.00000000,BAR
8203,1705099140.0,27.90,27.90,0.00,0.00000000,BAR
8204,1705099200.0,27.90,27.90,0.00,0.00000000,BAR
8205,1705099260.0,27.90,27.90,0.00,0.00000000,BAR
8206,1705099320.0,27.90,27.90,0.00,0.00000000,BAR
8207,1705099380.0,27.90,27.90,0.00,0.00000000,BAR
8208,1705099440.0,27.90,27.90,0.00,0.00000000,BAR
8209,1705099500.0,27.90,27.90,0.00,0.00000000,BAR
8210,1705099560.0,27.90,27.90,0.00,0.00000000,BAR
8211,1705099620.0,27.90,27.90,0.00,0.00000000,BAR
8212,1705099680.0,27.90,27.90,0.00,0.00000000,BAR
8213,1705099740.0,27.90,27.90,0.00,0.00000000,BAR
8214,1705099800.0,27.90,27.90,0.00,0.00000000,BAR
8215,1705099860.0,27.90,27.90,0.00,0.00000000,BAR
8216,1705099920.0,27.90,27.90,0.00,0.00000000,BAR
8217,1705099980.0,27.90,27.90,0.00,0.00000000,BAR
8218,1705100040.0,27.90,27.90,0.00,0.00000000,BAR
8219,1705100100.0,27.90,27.90,0.00,0.00000000,BAR
8220,1705100160.0,27.90,27.90,0.00,0.00000000,BAR
8221,1705100220.0,27.90,27.90,0.00,0.00000000,BAR
8222,1705100280.0,27.90,27.90,0.00,0.00000000,BAR
8223,1705100340.0,27.90,27.90,0.00,0.00000000,BAR
8224,1705100400.0,27.90,27.90,0.00,0.00000000,BAR
8225,1705100460.0,27.90,27.90,0.00,0.00000000,BAR
8226,1705100520.0,27.90,27.90,0.00,0.00000000,BAR
8227,1705100580.0,27.90,27.90,0.00,0.00000000,BAR
8228,1705100640.0,27.90,27.90,0.00,0.00000000,BAR
8229,1705100700.0,27.90,27.90,0.00,0.00000000,BAR
8230,1705100760.0,27.90,27.90,0.00,0.00000000,BAR
8231,1705100820.0,27.90,27.90,0.00,0.00000000,BAR
8232,1705100880.0,27.90,27.90,0.00,0.00000000,BAR
8233,1705100940.0,27.90,27.90,0.00,0.00000000,BAR
8234,1705101000.0,27.90,27.90,0.00,0.00000000,BAR
8235,1705101060.0,27.90,27.90,0.00,0.00000000,BAR
8236,1705101120.0,27.90,27.90,0.00,0.00000000,BAR
8237,1705101180.0,27.90,27.90,0.00,0.00000000,BAR
8238,1705101240.0,27.90,27.90,0.00,0.00000000,BAR
8239,1705101300.0,27.90,27.90,0.00,0.00000000,BAR
8240,1705101360.0,27.90,27.90,0.00,0.00000000,BAR
8241,1705101420.0,27.90,27.90,0.00,0.00000000,BAR
8242,1705101480.0,27.90,27.90,0.00,0.00000000,BAR
8243,1705101540.0,27.90,27.90,0.00,0.00000000,BAR
8244,1705101600.0,27.90,27.90,0.00,0.00000000,BAR
8245,1705101660.0,27.90,27.90,0.00,0.00000000,BAR
8246,1705101720.0,27.90,27.90,0.00,0.00000000,BAR
8247,1705101780.0,27.90,27.90,0.00,0.00000000,BAR
8248,1705101840.0,27.90,27.90,0.00,0.00000000,BAR
8249,1705101900.0,27.90,27.90,0.00,0.00000000,BAR
8250,1705101960.0,27.90,27.90,0.00,0.00000000,BAR
8251,1705102020.0,27.90,27.90,0.00,0.00000000,BAR
8252,1705102080.0,27.90,27.90,0.00,0.00000000,BAR
8253,1705102140.0,27.90,27.90,0.00,0.00000000,BAR
8254,1705102200.0,27.90,27.90,0.00,0.00000000,BAR
8255,1705102260.0,27.90,27.90,0.00,0.00000000,BAR
8256,1705102320.0,27.90,27.90,0.00,0.00000000,BAR
8257,1705102380.0,27.90,27.90,0.00,0.00000000,BAR
8258,1705102440.0,27.90,27.90,0.00,0.00000000,BAR
8259,1705102500.0,27.90,27.90,0.00,0.00000000,BAR
8260,1705102560.0,27.90,27.90,0.00,0.00000000,BAR
8261,1705102620.0,27.90,27.90,0.00,0.00000000,BAR
8262,1705102680.0,27.90,27.90,0.00,0.00000000,BAR
8263,1705102740.0,27.90,27.90,0.00,0.00000000,BAR
8264,1705102800.0,27.90,27.90,0.00,0.00000000,BAR
8265,1705102860.0,27.90,27.90,0.00,0.00000000,BAR
8266,1705102920.0,27.90,27.90,0.00,0.00000000,BAR
8267,1705102980.0,27.90,27.90,0.00,0.00000000,BAR
8268,1705103040.0,27.90,27.90,0.00,0.00000000,BAR
8269,1705103100.0,27.90,27.90,0.00,0.00000000,BAR
8270,1705103160.0,27.90,27.90,0.00,0.00000000,BAR
8271,1705103220.0,27.90,27.90,0.00,0.00000000,BAR
8272,1705103280.0,27.90,27.90,0.00,0.00000000,BAR
8273,1705103340.0,27.90,27.90,0.00,0.00000000,BAR
8274,1705103400.0,27.90,27.90,0.00,0.00000000,BAR
8275,1705103460.0,27.90,27.90,0.00,0.00000000,BAR
8276,1705103520.0,27.90,27.90,0.00,0.00000000,BAR
8277,1705103580.0,27.90,27.90,0.00,0.00000000,BAR
8278,1705103640.0,27.90,27.90,0.00,0.00000000,BAR
8279,1705103700.0,27.90,27.90,0.00,0.00000000,BAR
8280,1705103760.0,27.90,27.90,0.00,0.00000000,BAR
8281,1705103820.0,27.90,27.90,0.00,0.00000000,BAR
8282,1705103880.0,27.90,27.90,0.00,0.00000000,BAR
8283,1705103940.0,27.90,27.90,0.00,0.00000000,BAR
8284,1705104000.0,27.90,27.90,0.00,0.00000000,BAR
8285,1705104060.0,27.90,27.90,0.00,0.00000000,BAR
8286,1705104120.0,27.90,27.90,0.00,0.00000000,BAR
8287,1705104180.0,27.90,27.90,0.00,0.00000000,BAR
8288,1705104240.0,27.90,27.90,0.00,0.00000000,BAR
8289,1705104300.0,27.90,27.90,0.00,0.00000000,BAR
8290,1705104360.0,27.90,27.90,0.00,0.00000000,BAR
8291,1705104420.0,27.90,27.90,0.00,0.00000000,BAR
8292,1705104480.0,27.90,27.90,0.00,0.00000000,BAR
8293,1705104540.0,27.90,27.90,0.00,0.00000000,BAR
8294,1705104600.0,27.90,27.90,0.00,0.00000000,BAR
8295,1705104660.0,27.90,27.90,0.00,0.00000000,BAR
8296,1705104720.0,27.90,27.90,0.00,0.00000000,BAR
8297,1705104780.0,27.90,27.90,0.00,0.00000000,BAR
8298,1705104840.0,27.90,27.90,0.00,0.00000000,BAR
8299,1705104900.0,27.90,27.90,0.00,0.00000000,BAR
8300,1705104960.0,27.90,27.90,0.00,0.00000000,BAR
8301,1705105020.0,27.90,27.90,0.00,0.00000000,BAR
8302,1705105080.0,27.90,27.90,0.00,0.00000000,BAR
8303,1705105140.0,27.90,27.90,0.00,0.00000000,BAR
8304,1705105200.0,27.90,27.90,0.00,0.00000000,BAR
8305,1705105260.0,27.90,27.90,0.00,0.00000000,BAR
8306,1705105320.0,27.90,27.90,0.00,0.00000000,BAR
8307,1705105380.0,27.90,27.90,0.00,0.00000000,BAR
8308,1705105440.0,27.90,27.90,0.00,0.00000000,BAR
8309,1705105500.0,27.90,27.90,0.00,0.00000000,BAR
8310,1705105560.0,27.90,27.90,0.00,0.00000000,BAR
8311,1705105620.0,27.90,27.90,0.00,0.00000000,BAR
8312,1705105680.0,27.90,27.90,0.00,0.00000000,BAR
8313,1705105740.0,27.90,27.90,0.00,0.00000000,BAR
8314,1705105800.0,27.90,27.90,0.00,0.00000000,BAR
8315,1705105860.0,27.90,27.90,0.00,0.00000000,BAR
8316,1705105920.0,27.90,27.90,0.00,0.00000000,BAR
8317,1705105980.0,27.90,27.90,0.00,0.00000000,BAR
8318,1705106040.0,27.90,27.90,0.00,0.00000000,BAR
8319,1705106100.0,27.90,27.90,0.00,0.00000000,BAR
8320,1705106160.0,27.90,27.90,0.00,0.00000000,BAR
8321,1705106220.0,27.90,27.90,0.00,0.00000000,BAR
8322,1705106280.0,27.90,27.90,0.00,0.00000000,BAR
8323,1705106340.0,27.90,27.90,0.00,0.00000000,BAR
8324,1705106400.0,27.90,27.90,0.00,0.00000000,BAR
8325,1705106460.0,27.90,27.90,0.00,0.00000000,BAR
8326,1705106520.0,27.90,27.90,0.00,0.00000000,BAR
8327,1705106580.0,27.90,27.90,0.00,0.00000000,BAR
8328,1705106640.0,27.90,27.90,0.00,0.00000000,BAR
8329,1705106700.0,27.90,27.90,0.00,0.00000000,BAR
8330,1705106760.0,27.90,27.90,0.00,0.00000000,BAR
8331,1705106820.0,27.90,27.90,0.00,0.00000000,BAR
8332,1705106880.0,27.90,27.90,0.00,0.00000000,BAR
8333,1705106940.0,27.90,27.90,0.00,0.00000000,BAR
8334,1705107000.0,27.90,27.90,0.00,0.00000000,BAR
8335,1705107060.0,27.90,27.90,0.00,0.00000000,BAR
8336,1705107120.0,27.90,27.90,0.00,0.00000000,BAR
8337,1705107180.0,27.90,27.90,0.00,0.00000000,BAR
8338,1705107240.0,27.90,27.90,0.00,0.00000000,BAR
8339,1705107300.0,27.90,27.90,0.00,0.00000000,BAR
8340,1705107360.0,27.90,27.90,0.00,0.00000000,BAR
8341,1705107420.0,27.90,27.90,0.00,0.00000000,BAR
8342,1705107480.0,27.90,27.90,0.00,0.00000000,BAR
8343,1705107540.0,27.90,27.90,0.00,0.00000000,BAR
8344,1705107600.0,27.90,27.90,0.00,0.00000000,BAR
8345,1705107660.0,27.90,27.90,0.00,0.00000000,BAR
8346,1705107720.0,27.90,27.90,0.00,0.00000000,BAR
8347,1705107780.0,27.90,27.90,0.00,0.00000000,BAR
8348,1705107840.0,27.90,27.90,0.00,0.00000000,BAR
8349,1705107900.0,27.90,27.90,0.00,0.00000000,BAR
8350,1705107960.0,27.90,27.90,0.00,0.00000000,BAR
8351,1705108020.0,27.90,27.90,0.00,0.00000000,BAR
8352,1705108080.0,27.90,27.90,0.00,0.00000000,BAR
8353,1705108140.0,27.90,27.90,0.00,0.00000000,BAR
8354,1705108200.0,27.90,27.90,0.00,0.00000000,BAR
8355,1705108260.0,27.90,27.90,0.00,0.00000000,BAR
8356,1705108320.0,27.90,27.90,0.00,0.00000000,BAR
8357,1705108380.0,27.90,27.90,0.00,0.00000000,BAR
8358,1705108440.0,27.90,27.90,0.00,0.00000000,BAR
8359,1705108500.0,27.90,27.90,0.00,0.00000000,BAR
8360,1705108560.0,27.90,27.90,0.00,0.00000000,BAR
8361,1705108620.0,27.90,27.90,0.00,0.00000000,BAR
8362,1705108680.0,27.90,27.90,0.00,0.00000000,BAR
8363,1705108740.0,27.90,27.90,0.00,0.00000000,BAR
8364,1705108800.0,27.90,27.90,0.00,0.00000000,BAR
8365,1705108860.0,27.90,27.90,0.00,0.00000000,BAR
8366,1705108920.0,27.90,27.90,0.00,0.00000000,BAR
8367,1705108980.0,27.90,27.90,0.00,0.00000000,BAR
8368,1705109040.0,27.90,27.90,0.00,0.00000000,BAR
8369,1705109100.0,27.90,27.90,0.00,0.00000000,BAR
8370,1705109160.0,27.90,27.90,0.00,0.00000000,BAR
8371,1705109220.0,27.90,27.90,0.00,0.00000000,BAR
8372,1705109280.0,27.90,27.90,0.00,0.00000000,BAR
8373,1705109340.0,27.90,27.90,0.00,0.00000000,BAR
8374,1705109400.0,27.90,27.90,0.00,0.00000000,BAR
8375,1705109460.0,27.90,27.90,0.00,0.00000000,BAR
8376,1705109520.0,27.90,27.90,0.00,0.00000000,BAR
8377,1705109580.0,27.90,27.90,0.00,0.00000000,BAR
8378,1705109640.0,27.90,27.90,0.00,0.00000000,BAR
8379,1705109700.0,27.90,27.90,0.00,0.00000000,BAR
8380,1705109760.0,27.90,27.90,0.00,0.00000000,BAR
8381,1705109820.0,27.90,27.90,0.00,0.00000000,BAR
8382,1705109880.0,27.90,27.90,0.00,0.00000000,BAR
8383,1705109940.0,27.90,27.90,0.00,0.00000000,BAR
8384,1705110000.0,27.90,27.90,0.00,0.00000000,BAR
8385,1705110060.0,27.90,27.90,0.00,0.00000000,BAR
8386,1705110120.0,27.90,27.90,0.00,0.00000000,BAR
8387,1705110180.0,27.90,27.90,0.00,0.00000000,BAR
8388,1705110240.0,27.90,27.90,0.00,0.00000000,BAR
8389,1705110300.0,27.90,27.90,0.00,0.00000000,BAR
8390,1705110360.0,27.90,27.90,0.00,0.00000000,BAR
8391,1705110420.0,27.90,27.90,0.00,0.00000000,BAR
8392,1705110480.0,27.90,27.90,0.00,0.00000000,BAR
8393,1705110540.0,27.90,27.90,0.00,0.00000000,BAR
8394,1705110600.0,27.90,27.90,0.00,0.00000000,BAR
8395,1705110660.0,27.90,27.90,0.00,0.00000000,BAR
8396,1705110720.0,27.90,27.90,0.00,0.00000000,BAR
8397,1705110780.0,27.90,27.90,0.00,0.00000000,BAR
8398,1705110840.0,27.90,27.90,0.00,0.00000000,BAR
8399,1705110900.0,27.90,27.90,0.00,0.00000000,BAR
8400,1705110960.0,27.90,27.90,0.00,0.00000000,BAR
8401,1705111020.0,27.90,27.90,0.00,0.00000000,BAR
8402,1705111080.0,27.90,27.90,0.00,0.00000000,BAR
8403,1705111140.0,27.90,27.90,0.00,0.00000000,BAR
8404,1705111200.0,27.90,27.90,0.00,0.00000000,BAR
8405,1705111260.0,27.90,27.90,0.00,0.00000000,BAR
8406,1705111320.0,27.90,27.90,0.00,0.00000000,BAR
8407,1705111380.0,27.90,27.90,0.00,0.00000000,BAR
8408,1705111440.0,27.90,27.90,0.00,0.00000000,BAR
8409,1705111500.0,27.90,27.90,0.00,0.00000000,BAR
8410,1705111560.0,27.90,27.90,0.00,0.00000000,BAR
8411,1705111620.0,27.90,27.90,0.00,0.00000000,BAR
8412,1705111680.0,27.90,27.90,0.00,0.00000000,BAR
8413,1705111740.0,27.90,27.90,0.00,0.00000000,BAR
8414,1705111800.0,27.90,27.90,0.00,0.00000000,BAR
8415,1705111860.0,27.90,27.90,0.00,0.00000000,BAR
8416,1705111920.0,27.90,27.90,0.00,0.00000000,BAR
8417,1705111980.0,27.90,27.90,0.00,0.00000000,BAR
8418,1705112040.0,27.90,27.90,0.00,0.00000000,BAR
8419,1705112100.0,27.90,27.90,0.00,0.00000000,BAR
8420,1705112160.0,27.90,27.90,0.00,0.00000000,BAR
8421,1705112220.0,27.90,27.90,0.00,0.00000000,BAR
8422,1705112280.0,27.90,27.90,0.00,0.00000000,BAR
8423,1705112340.0,27.90,27.90,0.00,0.00000000,BAR
8424,1705112400.0,27.90,27.90,0.00,0.00000000,BAR
8425,1705112460.0,27.90,27.90,0.00,0.00000000,BAR
8426,1705112520.0,27.90,27.90,0.00,0.00000000,BAR
8427,1705112580.0,27.90,27.90,0.00,0.00000000,BAR
8428,1705112640.0,27.90,27.90,0.00,0.00000000,BAR
8429,1705112700.0,27.90,27.90,0.00,0.00000000,BAR
8430,1705112760.0,27.90,27.90,0.00,0.00000000,BAR
8431,1705112820.0,27.90,27.90,0.00,0.00000000,BAR
8432,1705112880.0,27.90,27.90,0.00,0.00000000,BAR
8433,1705112940.0,27.90,27.90,0.00,0.00000000,BAR
8434,1705113000.0,27.90,27.90,0.00,0.00000000,BAR
8435,1705113060.0,27.90,27.90,0.00,0.00000000,BAR
8436,1705113120.0,27.90,27.90,0.00,0.00000000,BAR
8437,1705113180.0,27.90,27.90,0.00,0.00000000,BAR
8438,1705113240.0,27.90,27.90,0.00,0.00000000,BAR
8439,1705113300.0,27.90,27.90,0.00,0.00000000,BAR
8440,1705113360.0,27.90,27.90,0.00,0.00000000,BAR
8441,1705113420.0,27.90,27.90,0.00,0.00000000,BAR
8442,1705113480.0,27.90,27.90,0.00,0.00000000,BAR
8443,1705113540.0,27.90,27.90,0.00,0.00000000,BAR
8444,1705113600.0,27.90,27.90,0.00,0.00000000,BAR
8445,1705113660.0,27.90,27.90,0.00,0.00000000,BAR
8446,1705113720.0,27.90,27.90,0.00,0.00000000,BAR
8447,1705113780.0,27.90,27.90,0.00,0.00000000,BAR
8448,1705113840.0,27.90,27.90,0.00,0.00000000,BAR
8449,1705113900.0,27.90,27.90,0.00,0.00000000,BAR
8450,1705113960.0,27.90,27.90,0.00,0.00000000,BAR
8451,1705114020.0,27.90,27.90,0.00,0.00000000,BAR
8452,1705114080.0,27.90,27.90,0.00,0.00000000,BAR
8453,1705114140.0,27.90,27.90,0.00,0.00000000,BAR
8454,1705114200.0,27.90,27.90,0.00,0.00000000,BAR
8455,1705114260.0,27.90,27.90,0.00,0.00000000,BAR
8456,1705114320.0,27.90,27.90,0.00,0.00000000,BAR
8457,1705114380.0,27.90,27.90,0.00,0.00000000,BAR
8458,1705114440.0,27.90,27.90,0.00,0.00000000,BAR
8459,1705114500.0,27.90,27.90,0.00,0.00000000,BAR
8460,1705114560.0,27.90,27.90,0.00,0.00000000,BAR
8461,1705114620.0,27.90,27.90,0.00,0.00000000,BAR
8462,1705114680.0,27.90,27.90,0.00,0.00000000,BAR
8463,1705114740.0,27.90,27.90,0.00,0.00000000,BAR
8464,1705114800.0,27.90,27.90,0.00,0.00000000,BAR
8465,1705114860.0,27.90,27.90,0.00,0.00000000,BAR
8466,1705114920.0,27.90,27.90,0.00,0.00000000,BAR
8467,1705114980.0,27.90,27.90,0.00,0.00000000,BAR
8468,1705115040.0,27.90,27.90,0.00,0.00000000,BAR
8469,1705115100.0,27.90,27.90,0.00,0.00000000,BAR
8470,1705115160.0,27.90,27.90,0.00,0.00000000,BAR
8471,1705115220.0,27.90,27.90,0.00,0.00000000,BAR
8472,1705115280.0,27.90,27.90,0.00,0.00000000,BAR
8473,1705115340.0,27.90,27.90,0.00,0.00000000,BAR
8474,1705115400.0,27.90,27.90,0.00,0.00000000,BAR
8475,1705115460.0,27.90,27.90,0.00,0.00000000,BAR
8476,1705115520.0,27.90,27.90,0.00,0.00000000,BAR
8477,1705115580.0,27.90,27.90,0.00,0.00000000,BAR
8478,1705115640.0,27.90,27.90,0.00,0.00000000,BAR
8479,1705115700.0,27.90,27.90,0.00,0.00000000,BAR
8480,1705115760.0,27.90,27.90,0.00,0.00000000,BAR
8481,1705115820.0,27.90,27.90,0.00,0.00000000,BAR
8482,1705115880.0,27.90,27.90,0.00,0.00000000,BAR
8483,1705115940.0,27.90,27.90,0.00,0.00000000,BAR
8484,1705116000.0,27.90,27.90,0.00,0.00000000,BAR
8485,1705116060.0,27.90,27.90,0.00,0.00000000,BAR
8486,1705116120.0,27.90,27.90,0.00,0.00000000,BAR
8487,1705116180.0,27.90,27.90,0.00,0.00000000,BAR
8488,1705116240.0,27.90,27.90,0.00,0.00000000,BAR
8489,1705116300.0,27.90,27.90,0.00,0.00000000,BAR
8490,1705116360.0,27.90,27.90,0.00,0.00000000,BAR
8491,1705116420.0,27.90,27.90,0.00,0.00000000,BAR
8492,1705116480.0,27.90,27.90,0.00,0.00000000,BAR
8493,1705116540.0,27.90,27.90,0.00,0.00000000,BAR
8494,1705116600.0,27.90,27.90,0.00,0.00000000,BAR
8495,1705116660.0,27.90,27.90,0.00,0.00000000,BAR
8496,1705116720.0,27.90,27.90,0.00,0.00000000,BAR
8497,1705116780.0,27.90,27.90,0.00,0.00000000,BAR
8498,1705116840.0,27.90,27.90,0.00,0.00000000,BAR
8499,1705116900.0,27.90,27.90,0.00,0.00000000,BAR
8500,1705116960.0,27.90,27.90,0.00,0.00000000,BAR
8501,1705117020.0,27.90,27.90,0.00,0.00000000,BAR
8502,1705117080.0,27.90,27.90,0.00,0.00000000,BAR
8503,1705117140.0,27.90,27.90,0.00,0.00000000,BAR
8504,1705117200.0,27.90,27.90,0.00,0.00000000,BAR
8505,1705117260.0,27.90,27.90,0.00,0.00000000,BAR
8506,1705117320.0,27.90,27.90,0.00,0.00000000,BAR
8507,1705117380.0,27.90,27.90,0.00,0.00000000,BAR
8508,1705117440.0,27.90,27.90,0.00,0.00000000,BAR
8509,1705117500.0,27.90,27.90,0.00,0.00000000,BAR
8510,1705117560.0,27.90,27.90,0.00,0.00000000,BAR
8511,1705117620.0,27.90,27.90,0.00,0.00000000,BAR
8512,1705117680.0,27.90,27.90,0.00,0.00000000,BAR
8513,1705117740.0,27.90,27.90,0.00,0.00000000,BAR
8514,1705117800.0,27.90,27.90,0.00,0.00000000,BAR
8515,1705117860.0,27.90,27.90,0.00,0.00000000,BAR
8516,1705117920.0,27.90,27.90,0.00,0.00000000,BAR
8517,1705117980.0,27.90,27.90,0.00,0.00000000,BAR
8518,1705118040.0,27.90,27.90,0.00,0.00000000,BAR
8519,1705118100.0,27.90,27.90,0.00,0.00000000,BAR
8520,1705118160.0,27.90,27.90,0.00,0.00000000,BAR
8521,1705118220.0,27.90,27.90,0.00,0.00000000,BAR
8522,1705118280.0,27.90,27.90,0.00,0.00000000,BAR
8523,1705118340.0,27.90,27.90,0.00,0.00000000,BAR
8524,1705118400.0,27.90,27.90,0.00,0.00000000,BAR
8525,1705118460.0,27.90,27.90,0.00,0.00000000,BAR
8526,1705118520.0,27.90,27.90,0.00,0.00000000,BAR
8527,1705118580.0,27.90,27.90,0.00,0.00000000,BAR
8528,1705118640.0,27.90,27.90,0.00,0.00000000,BAR
8529,1705118700.0,27.90,27.90,0.00,0.00000000,BAR
8530,1705118760.0,27.90,27.90,0.00,0.00000000,BAR
8531,1705118820.0,27.90,27.90,0.00,0.00000000,BAR
8532,1705118880.0,27.90,27.90,0.00,0.00000000,BAR
8533,1705118940.0,27.90,27.90,0.00,0.00000000,BAR
8534,1705119000.0,27.90,27.90,0.00,0.00000000,BAR
8535,1705119060.0,27.90,27.90,0.00,0.00000000,BAR
8536,1705119120.0,27.90,27.90,0.00,0.00000000,BAR
8537,1705119180.0,27.90,27.90,0.00,0.00000000,BAR
8538,1705119240.0,27.90,27.90,0.00,0.00000000,BAR
8539,1705119300.0,27.90,27.90,0.00,0.00000000,BAR
8540,1705119360.0,27.90,27.90,0.00,0.00000000,BAR
8541,1705119420.0,27.90,27.90,0.00,0.00000000,BAR
8542,1705119480.0,27.90,27.90,0.00,0.00000000,BAR
8543,1705119540.0,27.90,27.90,0.00,0.00000000,BAR
8544,1705119600.0,27.90,27.90,0.00,0.00000000,BAR
8545,1705119660.0,27.90,27.90,0.00,0.00000000,BAR
8546,1705119720.0,27.90,27.90,0.00,0.00000000,BAR
8547,1705119780.0,27.90,27.90,0.00,0.00000000,BAR
8548,1705119840.0,27.90,27.90,0.00,0.00000000,BAR
8549,1705119900.0,27.90,27.90,0.00,0.00000000,BAR
8550,1705119960.0,27.90,27.90,0.00,0.00000000,BAR
8551,1705120020.0,27.90,27.90,0.00,0.00000000,BAR
8552,1705120080.0,27.90,27.90,0.00,0.00000000,BAR
8553,1705120140.0,27.90,27.90,0.00,0.00000000,BAR
8554,1705120200.0,27.90,27.90,0.00,0.00000000,BAR
8555,1705120260.0,27.90,27.90,0.00,0.00000000,BAR
8556,1705120320.0,27.90,27.90,0.00,0.00000000,BAR
8557,1705120380.0,27.90,27.90,0.00,0.00000000,BAR
8558,1705120440.0,27.90,27.90,0.00,0.00000000,BAR
8559,1705120500.0,27.90,27.90,0.00,0.00000000,BAR
8560,1705120560.0,27.90,27.90,0.00,0.00000000,BAR
8561,1705120620.0,27.90,27.90,0.00,0.00000000,BAR
8562,1705120680.0,27.90,27.90,0.00,0.00000000,BAR
8563,1705120740.0,27.90,27.90,0.00,0.00000000,BAR
8564,1705120800.0,27.90,27.90,0.00,0.00000000,BAR
8565,1705120860.0,27.90,27.90,0.00,0.00000000,BAR
8566,1705120920.0,27.90,27.90,0.00,0.00000000,BAR
8567,1705120980.0,27.90,27.90,0.00,0.00000000,BAR
8568,1705121040.0,27.90,27.90,0.00,0.00000000,BAR
8569,1705121100.0,27.90,27.90,0.00,0.00000000,BAR
8570,1705121160.0,27.90,27.90,0.00,0.00000000,BAR
8571,1705121220.0,27.90,27.90,0.00,0.00000000,BAR
8572,1705121280.0,27.90,27.90,0.00,0.00000000,BAR
8573,1705121340.0,27.90,27.90,0.00,0.00000000,BAR
8574,1705121400.0,27.90,27.90,0.00,0.00000000,BAR
8575,1705121460.0,27.90,27.90,0.00,0.00000000,BAR
8576,1705121520.0,27.90,27.90,0.00,0.00000000,BAR
8577,1705121580.0,27.90,27.90,0.00,0.00000000,BAR
8578,1705121640.0,27.90,27.90,0.00,0.00000000,BAR
8579,1705121700.0,27.90,27.90,0.00,0.00000000,BAR
8580,1705121760.0,27.90,27.90,0.00,0.00000000,BAR
8581,1705121820.0,27.90,27.90,0.00,0.00000000,BAR
8582,1705121880.0,27.90,27.90,0.00,0.00000000,BAR
8583,1705121940.0,27.90,27.90,0.00,0.00000000,BAR
8584,1705122000.0,27.90,27.90,0.00,0.00000000,BAR
8585,1705122060.0,27.90,27.90,0.00,0.00000000,BAR
8586,1705122120.0,27.90,27.90,0.00,0.00000000,BAR
8587,1705122180.0,27.90,27.90,0.00,0.00000000,BAR
8588,1705122240.0,27.90,27.90,0.00,0.00000000,BAR
8589,1705122300.0,27.90,27.90,0.00,0.00000000,BAR
8590,1705122360.0,27.90,27.90,0.00,0.00000000,BAR
8591,1705122420.0,27.90,27.90,0.00,0.00000000,BAR
8592,1705122480.0,27.90,27.90,0.00,0.00000000,BAR
8593,1705122540.0,27.90,27.90,0.00,0.00000000,BAR
8594,1705122600.0,27.90,27.90,0.00,0.00000000,BAR
8595,1705122660.0,27.90,27.90,0.00,0.00000000,BAR
8596,1705122720.0,27.90,27.90,0.00,0.00000000,BAR
8597,1705122780.0,27.90,27.90,0.00,0.00000000,BAR
8598,1705122840.0,27.90,27.90,0.00,0.00000000,BAR
8599,1705122900.0,27.90,27.90,0.00,0.00000000,BAR
8600,1705122960.0,27.90,27.90,0.00,0.00000000,BAR
8601,1705123020.0,27.90,27.90,0.00,0.00000000,BAR
8602,1705123080.0,27.90,27.90,0.00,0.00000000,BAR
8603,1705123140.0,27.90,27.90,0.00,0.00000000,BAR
8604,1705123200.0,27.90,27.90,0.00,0.00000000,BAR
8605,1705123260.0,27.90,27.90,0.00,0.00000000,BAR
8606,1705123320.0,27.90,27.90,0.00,0.00000000,BAR
8607,1705123380.0,27.90,27.90,0.00,0.00000000,BAR
8608,1705123440.0,27.90,27.90,0.00,0.00000000,BAR
8609,1705123500.0,27.90,27.90,0.00,0.00000000,BAR
8610,1705123560.0,27.90,27.90,0.00,0.00000000,BAR
8611,1705123620.0,27.90,27.90,0.00,0.00000000,BAR
8612,1705123680.0,27.90,27.90,0.00,0.00000000,BAR
8613,1705123740.0,27.90,27.90,0.00,0.00000000,BAR
8614,1705123800.0,27.90,27.90,0.00,0.00000000,BAR
8615,1705123860.0,27.90,27.90,0.00,0.00000000,BAR
8616,1705123920.0,27.90,27.90,0.00,0.00000000,BAR
8617,1705123980.0,27.90,27.90,0.00,0.00000000,BAR
8618,1705124040.0,27.90,27.90,0.00,0.00000000,BAR
8619,1705124100.0,27.90,27.90,0.00,0.00000000,BAR
8620,1705124160.0,27.90,27.90,0.00,0.00000000,BAR
8621,1705124220.0,27.90,27.90,0.00,0.00000000,BAR
8622,1705124280.0,27.90,27.90,0.00,0.00000000,BAR
8623,1705124340.0,27.90,27.90,0.00,0.00000000,BAR
8624,1705124400.0,27.90,27.90,0.00,0.00000000,BAR
8625,1705124460.0,27.90,27.90,0.00,0.00000000,BAR
8626,1705124520.0,27.90,27.90,0.00,0.00000000,BAR
8627,1705124580.0,27.90,27.90,0.00,0.00000000,BAR
8628,1705124640.0,27.90,27.90,0.00,0.00000000,BAR
8629,1705124700.0,27.90,27.90,0.00,0.00000000,BAR
8630,1705124760.0,27.90,27.90,0.00,0.00000000,BAR
8631,1705124820.0,27.90,27.90,0.00,0.00000000,BAR
8632,1705124880.0,27.90,27.90,0.00,0.00000000,BAR
8633,1705124940.0,27.90,27.90,0.00,0.00000000,BAR
8634,1705125000.0,27.90,27.90,0.00,0.00000000,BAR
8635,1705125060.0,27.90,27.90,0.00,0.00000000,BAR
8636,1705125120.0,27.90,27.90,0.00,0.00000000,BAR
8637,1705125180.0,27.90,27.90,0.00,0.00000000,BAR
8638,1705125240.0,27.90,27.90,0.00,0.00000000,BAR
8639,1705125300.0,27.90,27.90,0.00,0.00000000,BAR
8640,1705125360.0,27.90,27.90,0.00,0.00000000,BAR
8641,1705125420.0,27.90,27.90,0.00,0.00000000,BAR
8642,1705125480.0,27.90,27.90,0.00,0.00000000,BAR
8643,1705125540.0,27.90,27.90,0.00,0.00000000,BAR
8644,1705125600.0,27.90,27.90,0.00,0.00000000,BAR
8645,1705125660.0,27.90,27.90,0.00,0.00000000,BAR
8646,1705125720.0,27.90,27.90,0.00,0.00000000,BAR
8647,1705125780.0,27.90,27.90,0.00,0.00000000,BAR
8648,1705125840.0,27.90,27.90,0.00,0.00000000,BAR
8649,1705125900.0,27.90,27.90,0.00,0.00000000,BAR
8650,1705125960.0,27.90,27.90,0.00,0.00000000,BAR
8651,1705126020.0,27.90,27.90,0.00,0.00000000,BAR
8652,1705126080.0,27.90,27.90,0.00,0.00000000,BAR
8653,1705126140.0,27.90,27.90,0.00,0.00000000,BAR
8654,1705126200.0,27.90,27.90,0.00,0.00000000,BAR
8655,1705126260.0,27.90,27.90,0.00,0.00000000,BAR
8656,1705126320.0,27.90,27.90,0.00,0.00000000,BAR
8657,1705126380.0,27.90,27.90,0.00,0.00000000,BAR
8658,1705126440.0,27.90,27.90,0.00,0.00000000,BAR
8659,1705126500.0,27.90,27.90,0.00,0.00000000,BAR
8660,1705126560.0,27.90,27.90,0.00,0.00000000,BAR
8661,1705126620.0,27.90,27.90,0.00,0.00000000,BAR
8662,1705126680.0,27.90,27.90,0.00,0.00000000,BAR
8663,1705126740.0,27.90,27.90,0.00,0.00000000,BAR
8664,1705126800.0,27.90,27.90,0.00,0.00000000,BAR
8665,1705126860.0,27.90,27.90,0.00,0.00000000,BAR
8666,1705126920.0,27.90,27.90,0.00,0.00000000,BAR
8667,1705126980.0,27.90,27.90,0.00,0.00000000,BAR
8668,1705127040.0,27.90,27.90,0.00,0.00000000,BAR
8669,1705127100.0,27.90,27.90,0.00,0.00000000,BAR
8670,1705127160.0,27.90,27.90,0.00,0.00000000,BAR
8671,1705127220.0,27.90,27.90,0.00,0.00000000,BAR
8672,1705127280.0,27.90,27.90,0.00,0.00000000,BAR
8673,1705127340.0,27.90,27.90,0.00,0.00000000,BAR
8674,1705127400.0,27.90,27.90,0.00,0.00000000,BAR
8675,1705127460.0,27.90,27.90,0.00,0.00000000,BAR
8676,1705127520.0,27.90,27.90,0.00,0.00000000,BAR
8677,1705127580.0,27.90,27.90,0.00,0.00000000,BAR
8678,1705127640.0,27.90,27.90,0.00,0.00000000,BAR
8679,1705127700.0,27.90,27.90,0.00,0.00000000,BAR
8680,1705127760.0,27.90,27.90,0.00,0.00000000,BAR
8681,1705127820.0,27.90,27.90,0.00,0.00000000,BAR
8682,1705127880.0,27.90,27.90,0.00,0.00000000,BAR
8683,1705127940.0,27.90,27.90,0.00,0.00000000,BAR
8684,1705128000.0,27.90,27.90,0.00,0.00000000,BAR
8685,1705128060.0,27.90,27.90,0.00,0.00000000,BAR
8686,1705128120.0,27.90,27.90,0.00,0.00000000,BAR
8687,1705128180.0,27.90,27.90,0.00,0.00000000,BAR
8688,1705128240.0,27.90,27.90,0.00,0.00000000,BAR
8689,1705128300.0,27.90,27.90,0.00,0.00000000,BAR
8690,1705128360.0,27.90,27.90,0.00,0.00000000,BAR
8691,1705128420.0,27.90,27.90,0.00,0.00000000,BAR
8692,1705128480.0,27.90,27.90,0.00,0.00000000,BAR
8693,1705128540.0,27.90,27.90,0.00,0.00000000,BAR
8694,1705128600.0,27.90,27.90,0.00,0.00000000,BAR
8695,1705128660.0,27.90,27.90,0.00,0.00000000,BAR
8696,1705128720.0,27.90,27.90,0.00,0.00000000,BAR
8697,1705128780.0,27.90,27.90,0.00,0.00000000,BAR
8698,1705128840.0,27.90,27.90,0.00,0.00000000,BAR
8699,1705128900.0,27.90,27.90,0.00,0.00000000,BAR
8700,1705128960.0,27.90,27.90,0.00,0.00000000,BAR
8701,1705129020.0,27.90,27.90,0.00,0.00000000,BAR
8702,1705129080.0,27.90,27.90,0.00,0.00000000,BAR
8703,1705129140.0,27.90,27.90,0.00,0.00000000,BAR
8704,1705129200.0,27.90,27.90,0.00,0.00000000,BAR
8705,1705129260.0,27.90,27.90,0.00,0.00000000,BAR
8706,1705129320.0,27.90,27.90,0.00,0.00000000,BAR
8707,1705129380.0,27.90,27.90,0.00,0.00000000,BAR
8708,1705129440.0,27.90,27.90,0.00,0.00000000,BAR
8709,1705129500.0,27.90,27.90,0.00,0.00000000,BAR
8710,1705129560.0,27.90,27.90,0.00,0.00000000,BAR
8711,1705129620.0,27.90,27.90,0.00,0.00000000,BAR
8712,1705129680.0,27.90,27.90,0.00,0.00000000,BAR
8713,1705129740.0,27.90,27.90,0.00,0.00000000,BAR
8714,1705129800.0,27.90,27.90,0.00,0.00000000,BAR
8715,1705129860.0,27.90,27.90,0.00,0.00000000,BAR
8716,1705129920.0,27.90,27.90,0.00,0.00000000,BAR
8717,1705129980.0,27.90,27.90,0.00,0.00000000,BAR
8718,1705130040.0,27.90,27.90,0.00,0.00000000,BAR
8719,1705130100.0,27.90,27.90,0.00,0.00000000,BAR
8720,1705130160.0,27.90,27.90,0.00,0.00000000,BAR
8721,1705130220.0,27.90,27.90,0.00,0.00000000,BAR
8722,1705130280.0,27.90,27.90,0.00,0.00000000,BAR
8723,1705130340.0,27.90,27.90,0.00,0.00000000,BAR
8724,1705130400.0,27.90,27.90,0.00,0.00000000,BAR
8725,1705130460.0,27.90,27.90,0.00,0.00000000,BAR
8726,1705130520.0,27.90,27.90,0.00,0.00000000,BAR
8727,1705130580.0,27.90,27.90,0.00,0.00000000,BAR
8728,1705130640.0,27.90,27.90,0.00,0.00000000,BAR
8729,1705130700.0,27.90,27.90,0.00,0.00000000,BAR
8730,1705130760.0,27.90,27.90,0.00,0.00000000,BAR
8731,1705130820.0,27.90,27.90,0.00,0.00000000,BAR
8732,1705130880.0,27.90,27.90,0.00,0.00000000,BAR
8733,1705130940.0,27.90,27.90,0.00,0.00000000,BAR
8734,1705131000.0,27.90,27.90,0.00,0.00000000,BAR
8735,1705131060.0,27.90,27.90,0.00,0.00000000,BAR
8736,1705131120.0,27.90,27.90,0.00,0.00000000,BAR
8737,1705131180.0,27.90,27.90,0.00,0.00000000,BAR
8738,1705131240.0,27.90,27.90,0.00,0.00000000,BAR
8739,1705131300.0,27.90,27.90,0.00,0.00000000,BAR
8740,1705131360.0,27.90,27.90,0.00,0.00000000,BAR
8741,1705131420.0,27.90,27.90,0.00,0.00000000,BAR
8742,1705131480.0,27.90,27.90,0.00,0.00000000,BAR
8743,1705131540.0,27.90,27.90,0.00,0.00000000,BAR
8744,1705131600.0,27.90,27.90,0.00,0.00000000,BAR
8745,1705131660.0,27.90,27.90,0.00,0.00000000,BAR
8746,1705131720.0,27.90,27.90,0.00,0.00000000,BAR
8747,1705131780.0,27.90,27.90,0.00,0.00000000,BAR
8748,1705131840.0,27.90,27.90,0.00,0.00000000,BAR
8749,1705131900.0,27.90,27.90,0.00,0.00000000,BAR
8750,1705131960.0,27.90,27.90,0.00,0.00000000,BAR
8751,1705132020.0,27.90,27.90,0.00,0.00000000,BAR
8752,1705132080.0,27.90,27.90,0.00,0.00000000,BAR
8753,1705132140.0,27.90,27.90,0.00,0.00000000,BAR
8754,1705132200.0,27.90,27.90,0.00,0.00000000,BAR
8755,1705132260.0,27.90,27.90,0.00,0.00000000,BAR
8756,1705132320.0,27.90,27.90,0.00,0.00000000,BAR
8757,1705132380.0,27.90,27.90,0.00,0.00000000,BAR
8758,1705132440.0,27.90,27.90,0.00,0.00000000,BAR
8759,1705132500.0,27.90,27.90,0.00,0.00000000,BAR
8760,1705132560.0,27.90,27.90,0.00,0.00000000,BAR
8761,1705132620.0,27.90,27.90,0.00,0.00000000,BAR
8762,1705132680.0,27.90,27.90,0.00,0.00000000,BAR
8763,1705132740.0,27.90,27.90,0.00,0.00000000,BAR
8764,1705132800.0,27.90,27.90,0.00,0.00000000,BAR
8765,1705132860.0,27.90,27.90,0.00,0.00000000,BAR
8766,1705132920.0,27.90,27.90,0.00,0.00000000,BAR
8767,1705132980.0,27.90,27.90,0.00,0.00000000,BAR
8768,1705133040.0,27.90,27.90,0.00,0.00000000,BAR
8769,1705133100.0,27.90,27.90,0.00,0.00000000,BAR
8770,1705133160.0,27.90,27.90,0.00,0.00000000,BAR
8771,1705133220.0,27.90,27.90,0.00,0.00000000,BAR
8772,1705133280.0,27.90,27.90,0.00,0.00000000,BAR
8773,1705133340.0,27.90,27.90,0.00,0.00000000,BAR
8774,1705133400.0,27.90,27.90,0.00,0.00000000,BAR
8775,1705133460.0,27.90,27.90,0.00,0.00000000,BAR
8776,1705133520.0,27.90,27.90,0.00,0.00000000,BAR
8777,1705133580.0,27.90,27.90,0.00,0.00000000,BAR
8778,1705133640.0,27.90,27.90,0.00,0.00000000,BAR
8779,1705133700.0,27.90,27.90,0.00,0.00000000,BAR
8780,1705133760.0,27.90,27.90,0.00,0.00000000,BAR
8781,1705133820.0,27.90,27.90,0.00,0.00000000,BAR
8782,1705133880.0,27.90,27.90,0.00,0.00000000,BAR
8783,1705133940.0,27.90,27.90,0.00,0.00000000,BAR
8784,1705134000.0,27.90,27.90,0.00,0.00000000,BAR
8785,1705134060.0,27.90,27.90,0.00,0.00000000,BAR
8786,1705134120.0,27.90,27.90,0.00,0.00000000,BAR
8787,1705134180.0,27.90,27.90,0.00,0.00000000,BAR
8788,1705134240.0,27.90,27.90,0.00,0.00000000,BAR
8789,1705134300.0,27.90,27.90,0.00,0.00000000,BAR
8790,1705134360.0,27.90,27.90,0.00,0.00000000,BAR
8791,1705134420.0,27.90,27.90,0.00,0.00000000,BAR
8792,1705134480.0,27.90,27.90,0.00,0.00000000,BAR
8793,1705134540.0,27.90,27.90,0.00,0.00000000,BAR
8794,1705134600.0,27.90,27.90,0.00,0.00000000,BAR
8795,1705134660.0,27.90,27.90,0.00,0.00000000,BAR
8796,1705134720.0,27.90,27.90,0.00,0.00000000,BAR
8797,1705134780.0,27.90,27.90,0.00,0.00000000,BAR
8798,1705134840.0,27.90,27.90,0.00,0.00000000,BAR
8799,1705134900.0,27.90,27.90,0.00,0.00000000,BAR
8800,1705134960.0,27.90,27.90,0.00,0.00000000,BAR
8801,1705135020.0,27.90,27.90,0.00,0.00000000,BAR
8802,1705135080.0,27.90,27.90,0.00,0.00000000,BAR
8803,1705135140.0,27.90,27.90,0.00,0.00000000,BAR
8804,1705135200.0,27.90,27.90,0.00,0.00000000,BAR
8805,1705135260.0,27.90,27.90,0.00,0.00000000,BAR
8806,1705135320.0,27.90,27.90,0.00,0.00000000,BAR
8807,1705135380.0,27.90,27.90,0.00,0.00000000,BAR
8808,1705135440.0,27.90,27.90,0.00,0.00000000,BAR
8809,1705135500.0,27.90,27.90,0.00,0.00000000,BAR
8810,1705135560.0,27.90,27.90,0.00,0.00000000,BAR
8811,1705135620.0,27.90,27.90,0.00,0.00000000,BAR
8812,1705135680.0,27.90,27.90,0.00,0.00000000,BAR
8813,1705135740.0,27.90,27.90,0.00,0.00000000,BAR
8814,1705135800.0,27.90,27.90,0.00,0.00000000,BAR
8815,1705135860.0,27.90,27.90,0.00,0.00000000,BAR
8816,1705135920.0,27.90,27.90,0.00,0.00000000,BAR
8817,1705135980.0,27.90,27.90,0.00,0.00000000,BAR
8818,1705136040.0,27.90,27.90,0.00,0.00000000,BAR
8819,1705136100.0,27.90,27.90,0.00,0.00000000,BAR
8820,1705136160.0,27.90,27.90,0.00,0.00000000,BAR
8821,1705136220.0,27.90,27.90,0.00,0.00000000,BAR
8822,1705136280.0,27.90,27.90,0.00,0.00000000,BAR
8823,1705136340.0,27.90,27.90,0.00,0.00000000,BAR
8824,1705136400.0,27.90,27.90,0.00,0.00000000,BAR
8825,1705136460.0,27.90,27.90,0.00,0.00000000,BAR
8826,1705136520.0,27.90,27.90,0.00,0.00000000,BAR
8827,1705136580.0,27.90,27.90,0.00,0.00000000,BAR
8828,1705136640.0,27.90,27.90,0.00,0.00000000,BAR
8829,1705136700.0,27.90,27.90,0.00,0.00000000,BAR
8830,1705136760.0,27.90,27.90,0.00,0.00000000,BAR
8831,1705136820.0,27.90,27.90,0.00,0.00000000,BAR
8832,1705136880.0,27.90,27.90,0.00,0.00000000,BAR
8833,1705136940.0,27.90,27.90,0.00,0.00000000,BAR
8834,1705137000.0,27.90,27.90,0.00,0.00000000,BAR
8835,1705137060.0,27.90,27.90,0.00,0.00000000,BAR
8836,1705137120.0,27.90,27.90,0.00,0.00000000,BAR
8837,1705137180.0,27.90,27.90,0.00,0.00000000,BAR
8838,1705137240.0,27.90,27.90,0.00,0.00000000,BAR
8839,1705137300.0,27.90,27.90,0.00,0.00000000,BAR
8840,1705137360.0,27.90,27.90,0.00,0.00000000,BAR
8841,1705137420.0,27.90,27.90,0.00,0.00000000,BAR
8842,1705137480.0,27.90,27.90,0.00,0.00000000,BAR
8843,1705137540.0,27.90,27.90,0.00,0.00000000,BAR
8844,1705137600.0,27.90,27.90,0.00,0.00000000,BAR
8845,1705137660.0,27.90,27.90,0.00,0.00000000,BAR
8846,1705137720.0,27.90,27.90,0.00,0.00000000,BAR
8847,1705137780.0,27.90,27.90,0.00,0.00000000,BAR
8848,1705137840.0,27.90,27.90,0.00,0.00000000,BAR
8849,1705137900.0,27.90,27.90,0.00,0.00000000,BAR
8850,1705137960.0,27.90,27.90,0.00,0.00000000,BAR
8851,1705138020.0,27.90,27.90,0.00,0.00000000,BAR
8852,1705138080.0,27.90,27.90,0.00,0.00000000,BAR
8853,1705138140.0,27.90,27.90,0.00,0.00000000,BAR
8854,1705138200.0,27.90,27.90,0.00,0.00000000,BAR
8855,1705138260.0,27.90,27.90,0.00,0.00000000,BAR
8856,1705138320.0,27.90,27.90,0.00,0.00000000,BAR
8857,1705138380.0,27.90,27.90,0.00,0.00000000,BAR
8858,1705138440.0,27.90,27.90,0.00,0.00000000,BAR
8859,1705138500.0,27.90,27.90,0.00,0.00000000,BAR
8860,1705138560.0,27.90,27.90,0.00,0.00000000,BAR
8861,1705138620.0,27.90,27.90,0.00,0.00000000,BAR
8862,1705138680.0,27.90,27.90,0.00,0.00000000,BAR
8863,1705138740.0,27.90,27.90,0.00,0.00000000,BAR
8864,1705138800.0,27.90,27.90,0.00,0.00000000,BAR
8865,1705138860.0,27.90,27.90,0.00,0.00000000,BAR
8866,1705138920.0,27.90,27.90,0.00,0.00000000,BAR
8867,1705138980.0,27.90,27.90,0.00,0.00000000,BAR
8868,1705139040.0,27.90,27.90,0.00,0.00000000,BAR
8869,1705139100.0,27.90,27.90,0.00,0.00000000,BAR
8870,1705139160.0,27.90,27.90,0.00,0.00000000,BAR
8871,1705139220.0,27.90,27.90,0.00,0.00000000,BAR
8872,1705139280.0,27.90,27.90,0.00,0.00000000,BAR
8873,1705139340.0,27.90,27.90,0.00,0.00000000,BAR
8874,1705139400.0,27.90,27.90,0.00,0.00000000,BAR
8875,1705139460.0,27.90,27.90,0.00,0.00000000,BAR
8876,1705139520.0,27.90,27.90,0.00,0.00000000,BAR
8877,1705139580.0,27.90,27.90,0.00,0.00000000,BAR
8878,1705139640.0,27.90,27.90,0.00,0.00000000,BAR
8879,1705139700.0,27.90,27.90,0.00,0.00000000,BAR
8880,1705139760.0,27.90,27.90,0.00,0.00000000,BAR
8881,1705139820.0,27.90,27.90,0.00,0.00000000,BAR
8882,1705139880.0,27.90,27.90,0.00,0.00000000,BAR
8883,1705139940.0,27.90,27.90,0.00,0.00000000,BAR
8884,1705140000.0,27.90,27.90,0.00,0.00000000,BAR
8885,1705140060.0,27.90,27.90,0.00,0.00000000,BAR
8886,1705140120.0,27.90,27.90,0.00,0.00000000,BAR
8887,1705140180.0,27.90,27.90,0.00,0.00000000,BAR
8888,1705140240.0,27.90,27.90,0.00,0.00000000,BAR
8889,1705140300.0,27.90,27.90,0.00,0.00000000,BAR
8890,1705140360.0,27.90,27.90,0.00,0.00000000,BAR
8891,1705140420.0,27.90,27.90,0.00,0.00000000,BAR
8892,1705140480.0,27.90,27.90,0.00,0.00000000,BAR
8893,1705140540.0,27.90,27.90,0.00,0.00000000,BAR
8894,1705140600.0,27.90,27.90,0.00,0.00000000,BAR
8895,1705140660.0,27.90,27.90,0.00,0.00000000,BAR
8896,1705140720.0,27.90,27.90,0.00,0.00000000,BAR
8897,1705140780.0,27.90,27.90,0.00,0.00000000,BAR
8898,1705140840.0,27.90,27.90,0.00,0.00000000,BAR
8899,1705140900.0,27.90,27.90,0.00,0.00000000,BAR
8900,1705140960.0,27.90,27.90,0.00,0.00000000,BAR
8901,1705141020.0,27.90,27.90,0.00,0.00000000,BAR
8902,1705141080.0,27.90,27.90,0.00,0.00000000,BAR
8903,1705141140.0,27.90,27.90,0.00,0.00000000,BAR
8904,1705141200.0,27.90,27.90,0.00,0.00000000,BAR
8905,1705141260.0,27.90,27.90,0.00,0.00000000,BAR
8906,1705141320.0,27.90,27.90,0.00,0.00000000,BAR
8907,1705141380.0,27.90,27.90,0.00,0.00000000,BAR
8908,1705141440.0,27.90,27.90,0.00,0.00000000,BAR
8909,1705141500.0,27.90,27.90,0.00,0.00000000,BAR
8910,1705141560.0,27.90,27.90,0.00,0.00000000,BAR
8911,1705141620.0,27.90,27.90,0.00,0.00000000,BAR
8912,1705141680.0,27.90,27.90,0.00,0.00000000,BAR
8913,1705141740.0,27.90,27.90,0.00,0.00000000,BAR
8914,1705141800.0,27.90,27.90,0.00,0.00000000,BAR
8915,1705141860.0,27.90,27.90,0.00,0.00000000,BAR
8916,1705141920.0,27.90,27.90,0.00,0.00000000,BAR
8917,1705141980.0,27.90,27.90,0.00,0.00000000,BAR
8918,1705142040.0,27.90,27.90,0.00,0.00000000,BAR
8919,1705142100.0,27.90,27.90,0.00,0.00000000,BAR
8920,1705142160.0,27.90,27.90,0.00,0.00000000,BAR
8921,1705142220.0,27.90,27.90,0.00,0.00000000,BAR
8922,1705142280.0,27.90,27.90,0.00,0.00000000,BAR
8923,1705142340.0,27.90,27.90,0.00,0.00000000,BAR
8924,1705142400.0,27.90,27.90,0.00,0.00000000,BAR
8925,1705142460.0,27.90,27.90,0.00,0.00000000,BAR
8926,1705142520.0,27.90,27.90,0.00,0.00000000,BAR
8927,1705142580.0,27.90,27.90,0.00,0.00000000,BAR
8928,1705142640.0,27.90,27.90,0.00,0.00000000,BAR
8929,1705142700.0,27.90,27.90,0.00,0.00000000,BAR
8930,1705142760.0,27.90,27.90,0.00,0.00000000,BAR
8931,1705142820.0,27.90,27.90,0.00,0.00000000,BAR
8932,1705142880.0,27.90,27.90,0.00,0.00000000,BAR
8933,1705142940.0,27.90,27.90,0.00,0.00000000,BAR
8934,1705143000.0,27.90,27.90,0.00,0.00000000,BAR
8935,1705143060.0,27.90,27.90,0.00,0.00000000,BAR
8936,1705143120.0,27.90,27.90,0.00,0.00000000,BAR
8937,1705143180.0,27.90,27.90,0.00,0.00000000,BAR
8938,1705143240.0,27.90,27.90,0.00,0.00000000,BAR
8939,1705143300.0,27.90,27.90,0.00,0.00000000,BAR
8940,1705143360.0,27.90,27.90,0.00,0.00000000,BAR
8941,1705143420.0,27.90,27.90,0.00,0.00000000,BAR
8942,1705143480.0,27.90,27.90,0.00,0.00000000,BAR
8943,1705143540.0,27.90,27.90,0.00,0.00000000,BAR
8944,1705143600.0,27.90,27.90,0.00,0.00000000,BAR
8945,1705143660.0,27.90,27.90,0.00,0.00000000,BAR
8946,1705143720.0,27.90,27.90,0.00,0.00000000,BAR
8947,1705143780.0,27.90,27.90,0.00,0.00000000,BAR
8948,1705143840.0,27.90,27.90,0.00,0.00000000,BAR
8949,1705143900.0,27.90,27.90,0.00,0.00000000,BAR
8950,1705143960.0,27.90,27.90,0.00,0.00000000,BAR
8951,1705144020.0,27.90,27.90,0.00,0.00000000,BAR
8952,1705144080.0,27.90,27.90,0.00,0.00000000,BAR
8953,1705144140.0,27.90,27.90,0.00,0.00000000,BAR
8954,1705144200.0,27.90,27.90,0.00,0.00000000,BAR
8955,1705144260.0,27.90,27.90,0.00,0.00000000,BAR
8956,1705144320.0,27.90,27.90,0.00,0.00000000,BAR
8957,1705144380.0,27.90,27.90,0.00,0.00000000,BAR
8958,1705144440.0,27.90,27.90,0.00,0.00000000,BAR
8959,1705144500.0,27.90,27.90,0.00,0.00000000,BAR
8960,1705144560.0,27.90,27.90,0.00,0.00000000,BAR
8961,1705144620.0,27.90,27.90,0.00,0.00000000,BAR
8962,1705144680.0,27.90,27.90,0.00,0.00000000,BAR
8963,1705144740.0,27.90,27.90,0.00,0.00000000,BAR
8964,1705144800.0,27.90,27.90,0.00,0.00000000,BAR
8965,1705144860.0,27.90,27.90,0.00,0.00000000,BAR
8966,1705144920.0,27.90,27.90,0.00,0.00000000,BAR
8967,1705144980.0,27.90,27.90,0.00,0.00000000,BAR
8968,1705145040.0,27.90,27.90,0.00,0.00000000,BAR
8969,1705145100.0,27.90,27.90,0.00,0.00000000,BAR
8970,1705145160.0,27.90,27.90,0.00,0.00000000,BAR
8971,1705145220.0,27.90,27.90,0.00,0.00000000,BAR
8972,1705145280.0,27.90,27.90,0.00,0.00000000,BAR
8973,1705145340.0,27.90,27.90,0.00,0.00000000,BAR
8974,1705145400.0,27.90,27.90,0.00,0.00000000,BAR
8975,1705145460.0,27.90,27.90,0.00,0.00000000,BAR
8976,1705145520.0,27.90,27.90,0.00,0.00000000,BAR
8977,1705145580.0,27.90,27.90,0.00,0.00000000,BAR
8978,1705145640.0,27.90,27.90,0.00,0.00000000,BAR
8979,1705145700.0,27.90,27.90,0.00,0.00000000,BAR
8980,1705145760.0,27.90,27.90,0.00,0.00000000,BAR
8981,1705145820.0,27.90,27.90,0.00,0.00000000,BAR
8982,1705145880.0,27.90,27.90,0.00,0.00000000,BAR
8983,1705145940.0,27.90,27.90,0.00,0.00000000,BAR
8984,1705146000.0,27.90,27.90,0.00,0.00000000,BAR
8985,1705146060.0,27.90,27.90,0.00,0.00000000,BAR
8986,1705146120.0,27.90,27.90,0.00,0.00000000,BAR
8987,1705146180.0,27.90,27.90,0.00,0.00000000,BAR
8988,1705146240.0,27.90,27.90,0.00,0.00000000,BAR
8989,1705146300.0,27.90,27.90,0.00,0.00000000,BAR
8990,1705146360.0,27.90,27.90,0.00,0.00000000,BAR
8991,1705146420.0,27.90,27.90,0.00,0.00000000,BAR
8992,1705146480.0,27.90,27.90,0.00,0.00000000,BAR
8993,1705146540.0,27.90,27.90,0.00,0.00000000,BAR
8994,1705146600.0,27.90,27.90,0.00,0.00000000,BAR
8995,1705146660.0,27.90,27.90,0.00,0.00000000,BAR
8996,1705146720.0,27.90,27.90,0.00,0.00000000,BAR
8997,1705146780.0,27.90,27.90,0.00,0.00000000,BAR
8998,1705146840.0,27.90,27.90,0.00,0.00000000,BAR
8999,1705146900.0,27.90,27.90,0.00,0.00000000,BAR
9000,1705146960.0,27.90,27.90,0.00,0.00000000,BAR
9001,1705147020.0,27.90,27.90,0.00,0.00000000,BAR
9002,1705147080.0,27.90,27.90,0.00,0.00000000,BAR
9003,1705147140.0,27.90,27.90,0.00,0.00000000,BAR
9004,1705147200.0,27.90,27.90,0.00,0.00000000,BAR
9005,1705147260.0,27.90,27.90,0.00,0.00000000,BAR
9006,1705147320.0,27.90,27.90,0.00,0.00000000,BAR
9007,1705147380.0,27.90,27.90,0.00,0.00000000,BAR
9008,1705147440.0,27.90,27.90,0.00,0.00000000,BAR
9009,1705147500.0,27.90,27.90,0.00,0.00000000,BAR
9010,1705147560.0,27.90,27.90,0.00,0.00000000,BAR
9011,1705147620.0,27.90,27.90,0.00,0.00000000,BAR
9012,1705147680.0,27.90,27.90,0.00,0.00000000,BAR
9013,1705147740.0,27.90,27.90,0.00,0.00000000,BAR
9014,1705147800.0,27.90,27.90,0.00,0.00000000,BAR
9015,1705147860.0,27.90,27.90,0.00,0.00000000,BAR
9016,1705147920.0,27.90,27.90,0.00,0.00000000,BAR
9017,1705147980.0,27.90,27.90,0.00,0.00000000,BAR
9018,1705148040.0,27.90,27.90,0.00,0.00000000,BAR
9019,1705148100.0,27.90,27.90,0.00,0.00000000,BAR
9020,1705148160.0,27.90,27.90,0.00,0.00000000,BAR
9021,1705148220.0,27.90,27.90,0.00,0.00000000,BAR
9022,1705148280.0,27.90,27.90,0.00,0.00000000,BAR
9023,1705148340.0,27.90,27.90,0.00,0.00000000,BAR
9024,1705148400.0,27.90,27.90,0.00,0.00000000,BAR
9025,1705148460.0,27.90,27.90,0.00,0.00000000,BAR
9026,1705148520.0,27.90,27.90,0.00,0.00000000,BAR
9027,1705148580.0,27.90,27.90,0.00,0.00000000,BAR
9028,1705148640.0,27.90,27.90,0.00,0.00000000,BAR
9029,1705148700.0,27.90,27.90,0.00,0.00000000,BAR
9030,1705148760.0,27.90,27.90,0.00,0.00000000,BAR
9031,1705148820.0,27.90,27.90,0.00,0.00000000,BAR
9032,1705148880.0,27.90,27.90,0.00,0.00000000,BAR
9033,1705148940.0,27.90,27.90,0.00,0.00000000,BAR
9034,1705149000.0,27.90,27.90,0.00,0.00000000,BAR
9035,1705149060.0,27.90,27.90,0.00,0.00000000,BAR
9036,1705149120.0,27.90,27.90,0.00,0.00000000,BAR
9037,1705149180.0,27.90,27.90,0.00,0.00000000,BAR
9038,1705149240.0,27.90,27.90,0.00,0.00000000,BAR
9039,1705149300.0,27.90,27.90,0.00,0.00000000,BAR
9040,1705149360.0,27.90,27.90,0.00,0.00000000,BAR
9041,1705149420.0,27.90,27.90,0.00,0.00000000,BAR
9042,1705149480.0,27.90,27.90,0.00,0.00000000,BAR
9043,1705149540.0,27.90,27.90,0.00,0.00000000,BAR
9044,1705149600.0,27.90,27.90,0.00,0.00000000,BAR
9045,1705149660.0,27.90,27.90,0.00,0.00000000,BAR
9046,1705149720.0,27.90,27.90,0.00,0.00000000,BAR
9047,1705149780.0,27.90,27.90,0.00,0.00000000,BAR
9048,1705149840.0,27.90,27.90,0.00,0.00000000,BAR
9049,1705149900.0,27.90,27.90,0.00,0.00000000,BAR
9050,1705149960.0,27.90,27.90,0.00,0.00000000,BAR
9051,1705150020.0,27.90,27.90,0.00,0.00000000,BAR
9052,1705150080.0,27.90,27.90,0.00,0.00000000,BAR
9053,1705150140.0,27.90,27.90,0.00,0.00000000,BAR
9054,1705150200.0,27.90,27.90,0.00,0.00000000,BAR
9055,1705150260.0,27.90,27.90,0.00,0.00000000,BAR
9056,1705150320.0,27.90,27.90,0.00,0.00000000,BAR
9057,1705150380.0,27.90,27.90,0.00,0.00000000,BAR
9058,1705150440.0,27.90,27.90,0.00,0.00000000,BAR
9059,1705150500.0,27.90,27.90,0.00,0.00000000,BAR
9060,1705150560.0,27.90,27.90,0.00,0.00000000,BAR
9061,1705150620.0,27.90,27.90,0.00,0.00000000,BAR
9062,1705150680.0,27.90,27.90,0.00,0.00000000,BAR
9063,1705150740.0,27.90,27.90,0.00,0.00000000,BAR
9064,1705150800.0,27.90,27.90,0.00,0.00000000,BAR
9065,1705150860.0,27.90,27.90,0.00,0.00000000,BAR
9066,1705150920.0,27.90,27.90,0.00,0.00000000,BAR
9067,1705150980.0,27.90,27.90,0.00,0.00000000,BAR
9068,1705151040.0,27.90,27.90,0.00,0.00000000,BAR
9069,1705151100.0,27.90,27.90,0.00,0.00000000,BAR
9070,1705151160.0,27.90,27.90,0.00,0.00000000,BAR
9071,1705151220.0,27.90,27.90,0.00,0.00000000,BAR
9072,1705151280.0,27.90,27.90,0.00,0.00000000,BAR
9073,1705151340.0,27.90,27.90,0.00,0.00000000,BAR
9074,1705151400.0,27.90,27.90,0.00,0.00000000,BAR
9075,1705151460.0,27.90,27.90,0.00,0.00000000,BAR
9076,1705151520.0,27.90,27.90,0.00,0.00000000,BAR
9077,1705151580.0,27.90,27.90,0.00,0.00000000,BAR
9078,1705151640.0,27.90,27.90,0.00,0.00000000,BAR
9079,1705151700.0,27.90,27.90,0.00,0.00000000,BAR
9080,1705151760.0,27.90,27.90,0.00,0.00000000,BAR
9081,1705151820.0,27.90,27.90,0.00,0.00000000,BAR
9082,1705151880.0,27.90,27.90,0.00,0.00000000,BAR
9083,1705151940.0,27.90,27.90,0.00,0.00000000,BAR
9084,1705152000.0,27.90,27.90,0.00,0.00000000,BAR
9085,1705152060.0,27.90,27.90,0.00,0.00000000,BAR
9086,1705152120.0,27.90,27.90,0.00,0.00000000,BAR
9087,1705152180.0,27.90,27.90,0.00,0.00000000,BAR
9088,1705152240.0,27.90,27.90,0.00,0.00000000,BAR
9089,1705152300.0,27.90,27.90,0.00,0.00000000,BAR
9090,1705152360.0,27.90,27.90,0.00,0.00000000,BAR
9091,1705152420.0,27.90,27.90,0.00,0.00000000,BAR
9092,1705152480.0,27.90,27.90,0.00,0.00000000,BAR
9093,1705152540.0,27.90,27.90,0.00,0.00000000,BAR
9094,1705152600.0,27.90,27.90,0.00,0.00000000,BAR
9095,1705152660.0,27.90,27.90,0.00,0.00000000,BAR
9096,1705152720.0,27.90,27.90,0.00,0.00000000,BAR
9097,1705152780.0,27.90,27.90,0.00,0.00000000,BAR
9098,1705152840.0,27.90,27.90,0.00,0.00000000,BAR
9099,1705152900.0,27.90,27.90,0.00,0.00000000,BAR
9100,1705152960.0,27.90,27.90,0.00,0.00000000,BAR
9101,1705153020.0,27.90,27.90,0.00,0.00000000,BAR
9102,1705153080.0,27.90,27.90,0.00,0.00000000,BAR
9103,1705153140.0,27.90,27.90,0.00,0.00000000,BAR
9104,1705153200.0,27.90,27.90,0.00,0.00000000,BAR
9105,1705153260.0,27.90,27.90,0.00,0.00000000,BAR
9106,1705153320.0,27.90,27.90,0.00,0.00000000,BAR
9107,1705153380.0,27.90,27.90,0.00,0.00000000,BAR
9108,1705153440.0,27.90,27.90,0.00,0.00000000,BAR
9109,1705153500.0,27.90,27.90,0.00,0.00000000,BAR
9110,1705153560.0,27.90,27.90,0.00,0.00000000,BAR
9111,1705153620.0,27.90,27.90,0.00,0.00000000,BAR
9112,1705153680.0,27.90,27.90,0.00,0.00000000,BAR
9113,1705153740.0,27.90,27.90,0.00,0.00000000,BAR
9114,1705153800.0,27.90,27.90,0.00,0.00000000,BAR
9115,1705153860.0,27.90,27.90,0.00,0.00000000,BAR
9116,1705153920.0,27.90,27.90,0.00,0.00000000,BAR
9117,1705153980.0,27.90,27.90,0.00,0.00000000,BAR
9118,1705154040.0,27.90,27.90,0.00,0.00000000,BAR
9119,1705154100.0,27.90,27.90,0.00,0.00000000,BAR
9120,1705154160.0,27.90,27.90,0.00,0.00000000,BAR
9121,1705154220.0,27.90,27.90,0.00,0.00000000,BAR
9122,1705154280.0,27.90,27.90,0.00,0.00000000,BAR
9123,1705154340.0,27.90,27.90,0.00,0.00000000,BAR
9124,1705154400.0,27.90,27.90,0.00,0.00000000,BAR
9125,1705154460.0,27.90,27.90,0.00,0.00000000,BAR
9126,1705154520.0,27.90,27.90,0.00,0.00000000,BAR
9127,1705154580.0,27.90,27.90,0.00,0.00000000,BAR
9128,1705154640.0,27.90,27.90,0.00,0.00000000,BAR
9129,1705154700.0,27.90,27.90,0.00,0.00000000,BAR
9130,1705154760.0,27.90,27.90,0.00,0.00000000,BAR
9131,1705154820.0,27.90,27.90,0.00,0.00000000,BAR
9132,1705154880.0,27.90,27.90,0.00,0.00000000,BAR
9133,1705154940.0,27.90,27.90,0.00,0.00000000,BAR
9134,1705155000.0,27.90,27.90,0.00,0.00000000,BAR
9135,1705155060.0,27.90,27.90,0.00,0.00000000,BAR
9136,1705155120.0,27.90,27.90,0.00,0.00000000,BAR
9137,1705155180.0,27.90,27.90,0.00,0.00000000,BAR
9138,1705155240.0,27.90,27.90,0.00,0.00000000,BAR
9139,1705155300.0,27.90,27.90,0.00,0.00000000,BAR
9140,1705155360.0,27.90,27.90,0.00,0.00000000,BAR
9141,1705155420.0,27.90,27.90,0.00,0.00000000,BAR
9142,1705155480.0,27.90,27.90,0.00,0.00000000,BAR
9143,1705155540.0,27.90,27.90,0.00,0.00000000,BAR
9144,1705155600.0,27.90,27.90,0.00,0.00000000,BAR
9145,1705155660.0,27.90,27.90,0.00,0.00000000,BAR
9146,1705155720.0,27.90,27.90,0.00,0.00000000,BAR
9147,1705155780.0,27.90,27.90,0.00,0.00000000,BAR
9148,1705155840.0,27.90,27.90,0.00,0.00000000,BAR
9149,1705155900.0,27.90,27.90,0.00,0.00000000,BAR
9150,1705155960.0,27.90,27.90,0.00,0.00000000,BAR
9151,1705156020.0,27.90,27.90,0.00,0.00000000,BAR
9152,1705156080.0,27.90,27.90,0.00,0.00000000,BAR
9153,1705156140.0,27.90,27.90,0.00,0.00000000,BAR
9154,1705156200.0,27.90,27.90,0.00,0.00000000,BAR
9155,1705156260.0,27.90,27.90,0.00,0.00000000,BAR
9156,1705156320.0,27.90,27.90,0.00,0.00000000,BAR
9157,1705156380.0,27.90,27.90,0.00,0.00000000,BAR
9158,1705156440.0,27.90,27.90,0.00,0.00000000,BAR
9159,1705156500.0,27.90,27.90,0.00,0.00000000,BAR
9160,1705156560.0,27.90,27.90,0.00,0.00000000,BAR
9161,1705156620.0,27.90,27.90,0.00,0.00000000,BAR
9162,1705156680.0,27.90,27.90,0.00,0.00000000,BAR
9163,1705156740.0,27.90,27.90,0.00,0.00000000,BAR
9164,1705156800.0,27.90,27.90,0.00,0.00000000,BAR
9165,1705156860.0,27.90,27.90,0.00,0.00000000,BAR
9166,1705156920.0,27.90,27.90,0.00,0.00000000,BAR
9167,1705156980.0,27.90,27.90,0.00,0.00000000,BAR
9168,1705157040.0,27.90,27.90,0.00,0.00000000,BAR
9169,1705157100.0,27.90,27.90,0.00,0.00000000,BAR
9170,1705157160.0,27.90,27.90,0.00,0.00000000,BAR
9171,1705157220.0,27.90,27.90,0.00,0.00000000,BAR
9172,1705157280.0,27.90,27.90,0.00,0.00000000,BAR
9173,1705157340.0,27.90,27.90,0.00,0.00000000,BAR
9174,1705157400.0,27.90,27.90,0.00,0.00000000,BAR
9175,1705157460.0,27.90,27.90,0.00,0.00000000,BAR
9176,1705157520.0,27.90,27.90,0.00,0.00000000,BAR
9177,1705157580.0,27.90,27.90,0.00,0.00000000,BAR
9178,1705157640.0,27.90,27.90,0.00,0.00000000,BAR
9179,1705157700.0,27.90,27.90,0.00,0.00000000,BAR
9180,1705157760.0,27.90,27.90,0.00,0.00000000,BAR
9181,1705157820.0,27.90,27.90,0.00,0.00000000,BAR
9182,1705157880.0,27.90,27.90,0.00,0.00000000,BAR
9183,1705157940.0,27.90,27.90,0.00,0.00000000,BAR
9184,1705158000.0,27.90,27.90,0.00,0.00000000,BAR
9185,1705158060.0,27.90,27.90,0.00,0.00000000,BAR
9186,1705158120.0,27.90,27.90,0.00,0.00000000,BAR
9187,1705158180.0,27.90,27.90,0.00,0.00000000,BAR
9188,1705158240.0,27.90,27.90,0.00,0.00000000,BAR
9189,1705158300.0,27.90,27.90,0.00,0.00000000,BAR
9190,1705158360.0,27.90,27.90,0.00,0.00000000,BAR
9191,1705158420.0,27.90,27.90,0.00,0.00000000,BAR
9192,1705158480.0,27.90,27.90,0.00,0.00000000,BAR
9193,1705158540.0,27.90,27.90,0.00,0.00000000,BAR
9194,1705158600.0,27.90,27.90,0.00,0.00000000,BAR
9195,1705158660.0,27.90,27.90,0.00,0.00000000,BAR
9196,1705158720.0,27.90,27.90,0.00,0.00000000,BAR
9197,1705158780.0,27.90,27.90,0.00,0.00000000,BAR
9198,1705158840.0,27.90,27.90,0.00,0.00000000,BAR
9199,1705158900.0,27.90,27.90,0.00,0.00000000,BAR
9200,1705158960.0,27.90,27.90,0.00,0.00000000,BAR
9201,1705159020.0,27.90,27.90,0.00,0.00000000,BAR
9202,1705159080.0,27.90,27.90,0.00,0.00000000,BAR
9203,1705159140.0,27.90,27.90,0.00,0.00000000,BAR
9204,1705159200.0,27.90,27.90,0.00,0.00000000,BAR
9205,1705159260.0,27.90,27.90,0.00,0.00000000,BAR
9206,1705159320.0,27.90,27.90,0.00,0.00000000,BAR
9207,1705159380.0,27.90,27.90,0.00,0.00000000,BAR
9208,1705159440.0,27.90,27.90,0.00,0.00000000,BAR
9209,1705159500.0,27.90,27.90,0.00,0.00000000,BAR
9210,1705159560.0,27.90,27.90,0.00,0.00000000,BAR
9211,1705159620.0,27.90,27.90,0.00,0.00000000,BAR
9212,1705159680.0,27.90,27.90,0.00,0.00000000,BAR
9213,1705159740.0,27.90,27.90,0.00,0.00000000,BAR
9214,1705159800.0,27.90,27.90,0.00,0.00000000,BAR
9215,1705159860.0,27.90,27.90,0.00,0.00000000,BAR
9216,1705159920.0,27.90,27.90,0.00,0.00000000,BAR
9217,1705159980.0,27.90,27.90,0.00,0.00000000,BAR
9218,1705160040.0,27.90,27.90,0.00,0.00000000,BAR
9219,1705160100.0,27.90,27.90,0.00,0.00000000,BAR
9220,1705160160.0,27.90,27.90,0.00,0.00000000,BAR
9221,1705160220.0,27.90,27.90,0.00,0.00000000,BAR
9222,1705160280.0,27.90,27.90,0.00,0.00000000,BAR
9223,1705160340.0,27.90,27.90,0.00,0.00000000,BAR
9224,1705160400.0,27.90,27.90,0.00,0.00000000,BAR
9225,1705160460.0,27.90,27.90,0.00,0.00000000,BAR
9226,1705160520.0,27.90,27.90,0.00,0.00000000,BAR
9227,1705160580.0,27.90,27.90,0.00,0.00000000,BAR
9228,1705160640.0,27.90,27.90,0.00,0.00000000,BAR
9229,1705160700.0,27.90,27.90,0.00,0.00000000,BAR
9230,1705160760.0,27.90,27.90,0.00,0.00000000,BAR
9231,1705160820.0,27.90,27.90,0.00,0.00000000,BAR
9232,1705160880.0,27.90,27.90,0.00,0.00000000,BAR
9233,1705160940.0,27.90,27.90,0.00,0.00000000,BAR
9234,1705161000.0,27.90,27.90,0.00,0.00000000,BAR
9235,1705161060.0,27.90,27.90,0.00,0.00000000,BAR
9236,1705161120.0,27.90,27.90,0.00,0.00000000,BAR
9237,1705161180.0,27.90,27.90,0.00,0.00000000,BAR
9238,1705161240.0,27.90,27.90,0.00,0.00000000,BAR
9239,1705161300.0,27.90,27.90,0.00,0.00000000,BAR
9240,1705161360.0,27.90,27.90,0.00,0.00000000,BAR
9241,1705161420.0,27.90,27.90,0.00,0.00000000,BAR
9242,1705161480.0,27.90,27.90,0.00,0.00000000,BAR
9243,1705161540.0,27.90,27.90,0.00,0.00000000,BAR
9244,1705161600.0,27.90,27.90,0.00,0.00000000,BAR
9245,1705161660.0,27.90,27.90,0.00,0.00000000,BAR
9246,1705161720.0,27.90,27.90,0.00,0.00000000,BAR
9247,1705161780.0,27.90,27.90,0.00,0.00000000,BAR
9248,1705161840.0,27.90,27.90,0.00,0.00000000,BAR
9249,1705161900.0,27.90,27.90,0.00,0.00000000,BAR
9250,1705161960.0,27.90,27.90,0.00,0.00000000,BAR
9251,1705162020.0,27.90,27.90,0.00,0.00000000,BAR
9252,1705162080.0,27.90,27.90,0.00,0.00000000,BAR
9253,1705162140.0,27.90,27.90,0.00,0.00000000,BAR
9254,1705162200.0,27.90,27.90,0.00,0.00000000,BAR
9255,1705162260.0,27.90,27.90,0.00,0.00000000,BAR
9256,1705162320.0,27.90,27.90,0.00,0.00000000,BAR
9257,1705162380.0,27.90,27.90,0.00,0.00000000,BAR
9258,1705162440.0,27.90,27.90,0.00,0.00000000,BAR
9259,1705162500.0,27.90,27.90,0.00,0.00000000,BAR
9260,1705162560.0,27.90,27.90,0.00,0.00000000,BAR
9261,1705162620.0,27.90,27.90,0.00,0.00000000,BAR
9262,1705162680.0,27.90,27.90,0.00,0.00000000,BAR
9263,1705162740.0,27.90,27.90,0.00,0.00000000,BAR
9264,1705162800.0,27.90,27.90,0.00,0.00000000,BAR
9265,1705162860.0,27.90,27.90,0.00,0.00000000,BAR
9266,1705162920.0,27.90,27.90,0.00,0.00000000,BAR
9267,1705162980.0,27.90,27.90,0.00,0.00000000,BAR
9268,1705163040.0,27.90,27.90,0.00,0.00000000,BAR
9269,1705163100.0,27.90,27.90,0.00,0.00000000,BAR
9270,1705163160.0,27.90,27.90,0.00,0.00000000,BAR
9271,1705163220.0,27.90,27.90,0.00,0.00000000,BAR
9272,1705163280.0,27.90,27.90,0.00,0.00000000,BAR
9273,1705163340.0,27.90,27.90,0.00,0.00000000,BAR
9274,1705163400.0,27.90,27.90,0.00,0.00000000,BAR
9275,1705163460.0,27.90,27.90,0.00,0.00000000,BAR
9276,1705163520.0,27.90,27.90,0.00,0.00000000,BAR
9277,1705163580.0,27.90,27.90,0.00,0.00000000,BAR
9278,1705163640.0,27.90,27.90,0.00,0.00000000,BAR
9279,1705163700.0,27.90,27.90,0.00,0.00000000,BAR
9280,1705163760.0,27.90,27.90,0.00,0.00000000,BAR
9281,1705163820.0,27.90,27.90,0.00,0.00000000,BAR
9282,1705163880.0,27.90,27.90,0.00,0.00000000,BAR
9283,1705163940.0,27.90,27.90,0.00,0.00000000,BAR
9284,1705164000.0,27.90,27.90,0.00,0.00000000,BAR
9285,1705164060.0,27.90,27.90,0.00,0.00000000,BAR
9286,1705164120.0,27.90,27.90,0.00,0.00000000,BAR
9287,1705164180.0,27.90,27.90,0.00,0.00000000,BAR
9288,1705164240.0,27.90,27.90,0.00,0.00000000,BAR
9289,1705164300.0,27.90,27.90,0.00,0.00000000,BAR
9290,1705164360.0,27.90,27.90,0.00,0.00000000,BAR
9291,1705164420.0,27.90,27.90,0.00,0.00000000,BAR
9292,1705164480.0,27.90,27.90,0.00,0.00000000,BAR
9293,1705164540.0,27.90,27.90,0.00,0.00000000,BAR
9294,1705164600.0,27.90,27.90,0.00,0.00000000,BAR
9295,1705164660.0,27.90,27.90,0.00,0.00000000,BAR
9296,1705164720.0,27.90,27.90,0.00,0.00000000,BAR
9297,1705164780.0,27.90,27.90,0.00,0.00000000,BAR
9298,1705164840.0,27.90,27.90,0.00,0.00000000,BAR
9299,1705164900.0,27.90,27.90,0.00,0.00000000,BAR
9300,1705164960.0,27.90,27.90,0.00,0.00000000,BAR
9301,1705165020.0,27.90,27.90,0.00,0.00000000,BAR
9302,1705165080.0,27.90,27.90,0.00,0.00000000,BAR
9303,1705165140.0,27.90,27.90,0.00,0.00000000,BAR
9304,1705165200.0,27.90,27.90,0.00,0.00000000,BAR
9305,1705165260.0,27.90,27.90,0.00,0.00000000,BAR
9306,1705165320.0,27.90,27.90,0.00,0.00000000,BAR
9307,1705165380.0,27.90,27.90,0.00,0.00000000,BAR
9308,1705165440.0,27.90,27.90,0.00,0.00000000,BAR
9309,1705165500.0,27.90,27.90,0.00,0.00000000,BAR
9310,1705165560.0,27.90,27.90,0.00,0.00000000,BAR
9311,1705165620.0,27.90,27.90,0.00,0.00000000,BAR
9312,1705165680.0,27.90,27.90,0.00,0.00000000,BAR
9313,1705165740.0,27.90,27.90,0.00,0.00000000,BAR
9314,1705165800.0,27.90,27.90,0.00,0.00000000,BAR
9315,1705165860.0,27.90,27.90,0.00,0.00000000,BAR
9316,1705165920.0,27.90,27.90,0.00,0.00000000,BAR
9317,1705165980.0,27.90,27.90,0.00,0.00000000,BAR
9318,1705166040.0,27.90,27.90,0.00,0.00000000,BAR
9319,1705166100.0,27.90,27.90,0.00,0.00000000,BAR
9320,1705166160.0,27.90,27.90,0.00,0.00000000,BAR
9321,1705166220.0,27.90,27.90,0.00,0.00000000,BAR
9322,1705166280.0,27.90,27.90,0.00,0.00000000,BAR
9323,1705166340.0,27.90,27.90,0.00,0.00000000,BAR
9324,1705166400.0,27.90,27.90,0.00,0.00000000,BAR
9325,1705166460.0,27.90,27.90,0.00,0.00000000,BAR
9326,1705166520.0,27.90,27.90,0.00,0.00000000,BAR
9327,1705166580.0,27.90,27.90,0.00,0.00000000,BAR
9328,1705166640.0,27.90,27.90,0.00,0.00000000,BAR
9329,1705166700.0,27.90,27.90,0.00,0.00000000,BAR
9330,1705166760.0,27.90,27.90,0.00,0.00000000,BAR
9331,1705166820.0,27.90,27.90,0.00,0.00000000,BAR
9332,1705166880.0,27.90,27.90,0.00,0.00000000,BAR
9333,1705166940.0,27.90,27.90,0.00,0.00000000,BAR
9334,1705167000.0,27.90,27.90,0.00,0.00000000,BAR
9335,1705167060.0,27.90,27.90,0.00,0.00000000,BAR
9336,1705167120.0,27.90,27.90,0.00,0.00000000,BAR
9337,1705167180.0,27.90,27.90,0.00,0.00000000,BAR
9338,1705167240.0,27.90,27.90,0.00,0.00000000,BAR
9339,1705167300.0,27.90,27.90,0.00,0.00000000,BAR
9340,1705167360.0,27.90,27.90,0.00,0.00000000,BAR
9341,1705167420.0,27.90,27.90,0.00,0.00000000,BAR
9342,1705167480.0,27.90,27.90,0.00,0.00000000,BAR
9343,1705167540.0,27.90,27.90,0.00,0.00000000,BAR
9344,1705167600.0,27.90,27.90,0.00,0.00000000,BAR
9345,1705167660.0,27.90,27.90,0.00,0.00000000,BAR
9346,1705167720.0,27.90,27.90,0.00,0.00000000,BAR
9347,1705167780.0,27.90,27.90,0.00,0.00000000,BAR
9348,1705167840.0,27.90,27.90,0.00,0.00000000,BAR
9349,1705167900.0,27.90,27.90,0.00,0.00000000,BAR
9350,1705167960.0,27.90,27.90,0.00,0.00000000,BAR
9351,1705168020.0,27.90,27.90,0.00,0.00000000,BAR
9352,1705168080.0,27.90,27.90,0.00,0.00000000,BAR
9353,1705168140.0,27.90,27.90,0.00,0.00000000,BAR
9354,1705168200.0,27.90,27.90,0.00,0.00000000,BAR
9355,1705168260.0,27.90,27.90,0.00,0.00000000,BAR
9356,1705168320.0,27.90,27.90,0.00,0.00000000,BAR
9357,1705168380.0,27.90,27.90,0.00,0.00000000,BAR
9358,1705168440.0,27.90,27.90,0.00,0.00000000,BAR
9359,1705168500.0,27.90,27.90,0.00,0.00000000,BAR
9360,1705168560.0,27.90,27.90,0.00,0.00000000,BAR
9361,1705168620.0,27.90,27.90,0.00,0.00000000,BAR
9362,1705168680.0,27.90,27.90,0.00,0.00000000,BAR
9363,1705168740.0,27.90,27.90,0.00,0.00000000,BAR
9364,1705168800.0,27.90,27.90,0.00,0.00000000,BAR
9365,1705168860.0,27.90,27.90,0.00,0.00000000,BAR
9366,1705168920.0,27.90,27.90,0.00,0.00000000,BAR
9367,1705168980.0,27.90,27.90,0.00,0.00000000,BAR
9368,1705169040.0,27.90,27.90,0.00,0.00000000,BAR
9369,1705169100.0,27.90,27.90,0.00,0.00000000,BAR
9370,1705169160.0,27.90,27.90,0.00,0.00000000,BAR
9371,1705169220.0,27.90,27.90,0.00,0.00000000,BAR
9372,1705169280.0,27.90,27.90,0.00,0.00000000,BAR
9373,1705169340.0,27.90,27.90,0.00,0.00000000,BAR
9374,1705169400.0,27.90,27.90,0.00,0.00000000,BAR
9375,1705169460.0,27.90,27.90,0.00,0.00000000,BAR
9376,1705169520.0,27.90,27.90,0.00,0.00000000,BAR
9377,1705169580.0,27.90,27.90,0.00,0.00000000,BAR
9378,1705169640.0,27.90,27.90,0.00,0.00000000,BAR
9379,1705169700.0,27.90,27.90,0.00,0.00000000,BAR
9380,1705169760.0,27.90,27.90,0.00,0.00000000,BAR
9381,1705169820.0,27.90,27.90,0.00,0.00000000,BAR
9382,1705169880.0,27.90,27.90,0.00,0.00000000,BAR
9383,1705169940.0,27.90,27.90,0.00,0.00000000,BAR
9384,1705170000.0,27.90,27.90,0.00,0.00000000,BAR
9385,1705170060.0,27.90,27.90,0.00,0.00000000,BAR
9386,1705170120.0,27.90,27.90,0.00,0.00000000,BAR
9387,1705170180.0,27.90,27.90,0.00,0.00000000,BAR
9388,1705170240.0,27.90,27.90,0.00,0.00000000,BAR
9389,1705170300.0,27.90,27.90,0.00,0.00000000,BAR
9390,1705170360.0,27.90,27.90,0.00,0.00000000,BAR
9391,1705170420.0,27.90,27.90,0.00,0.00000000,BAR
9392,1705170480.0,27.90,27.90,0.00,0.00000000,BAR
9393,1705170540.0,27.90,27.90,0.00,0.00000000,BAR
9394,1705170600.0,27.90,27.90,0.00,0.00000000,BAR
9395,1705170660.0,27.90,27.90,0.00,0.00000000,BAR
9396,1705170720.0,27.90,27.90,0.00,0.00000000,BAR
9397,1705170780.0,27.90,27.90,0.00,0.00000000,BAR
9398,1705170840.0,27.90,27.90,0.00,0.00000000,BAR
9399,1705170900.0,27.90,27.90,0.00,0.00000000,BAR
9400,1705170960.0,27.90,27.90,0.00,0.00000000,BAR
9401,1705171020.0,27.90,27.90,0.00,0.00000000,BAR
9402,1705171080.0,27.90,27.90,0.00,0.00000000,BAR
9403,1705171140.0,27.90,27.90,0.00,0.00000000,BAR
9404,1705171200.0,27.90,27.90,0.00,0.00000000,BAR
9405,1705171260.0,27.90,27.90,0.00,0.00000000,BAR
9406,1705171320.0,27.90,27.90,0.00,0.00000000,BAR
9407,1705171380.0,27.90,27.90,0.00,0.00000000,BAR
9408,1705171440.0,27.90,27.90,0.00,0.00000000,BAR
9409,1705171500.0,27.90,27.90,0.00,0.00000000,BAR
9410,1705171560.0,27.90,27.90,0.00,0.00000000,BAR
9411,1705171620.0,27.90,27.90,0.00,0.00000000,BAR
9412,1705171680.0,27.90,27.90,0.00,0.00000000,BAR
9413,1705171740.0,27.90,27.90,0.00,0.00000000,BAR
9414,1705171800.0,27.90,27.90,0.00,0.00000000,BAR
9415,1705171860.0,27.90,27.90,0.00,0.00000000,BAR
9416,1705171920.0,27.90,27.90,0.00,0.00000000,BAR
9417,1705171980.0,27.90,27.90,0.00,0.00000000,BAR
9418,1705172040.0,27.90,27.90,0.00,0.00000000,BAR
9419,1705172100.0,27.90,27.90,0.00,0.00000000,BAR
9420,1705172160.0,27.90,27.90,0.00,0.00000000,BAR
9421,1705172220.0,27.90,27.90,0.00,0.00000000,BAR
9422,1705172280.0,27.90,27.90,0.00,0.00000000,BAR
9423,1705172340.0,27.90,27.90,0.00,0.00000000,BAR
9424,1705172400.0,27.90,27.90,0.00,0.00000000,BAR
9425,1705172460.0,27.90,27.90,0.00,0.00000000,BAR
9426,1705172520.0,27.90,27.90,0.00,0.00000000,BAR
9427,1705172580.0,27.90,27.90,0.00,0.00000000,BAR
9428,1705172640.0,27.90,27.90,0.00,0.00000000,BAR
9429,1705172700.0,27.90,27.90,0.00,0.00000000,BAR
9430,1705172760.0,27.90,27.90,0.00,0.00000000,BAR
9431,1705172820.0,27.90,27.90,0.00,0.00000000,BAR
9432,1705172880.0,27.90,27.90,0.00,0.00000000,BAR
9433,1705172940.0,27.90,27.90,0.00,0.00000000,BAR
9434,1705173000.0,27.90,27.90,0.00,0.00000000,BAR
9435,1705173060.0,27.90,27.90,0.00,0.00000000,BAR
9436,1705173120.0,27.90,27.90,0.00,0.00000000,BAR
9437,1705173180.0,27.90,27.90,0.00,0.00000000,BAR
9438,1705173240.0,27.90,27.90,0.00,0.00000000,BAR
9439,1705173300.0,27.90,27.90,0.00,0.00000000,BAR
9440,1705173360.0,27.90,27.90,0.00,0.00000000,BAR
9441,1705173420.0,27.90,27.90,0.00,0.00000000,BAR
9442,1705173480.0,27.90,27.90,0.00,0.00000000,BAR
9443,1705173540.0,27.90,27.90,0.00,0.00000000,BAR
9444,1705173600.0,27.90,27.90,0.00,0.00000000,BAR
9445,1705173660.0,27.90,27.90,0.00,0.00000000,BAR
9446,1705173720.0,27.90,27.90,0.00,0.00000000,BAR
9447,1705173780.0,27.90,27.90,0.00,0.00000000,BAR
9448,1705173840.0,27.90,27.90,0.00,0.00000000,BAR
9449,1705173900.0,27.90,27.90,0.00,0.00000000,BAR
9450,1705173960.0,27.90,27.90,0.00,0.00000000,BAR
9451,1705174020.0,27.90,27.90,0.00,0.00000000,BAR
9452,1705174080.0,27.90,27.90,0.00,0.00000000,BAR
9453,1705174140.0,27.90,27.90,0.00,0.00000000,BAR
9454,1705174200.0,27.90,27.90,0.00,0.00000000,BAR
9455,1705174260.0,27.90,27.90,0.00,0.00000000,BAR
9456,1705174320.0,27.90,27.90,0.00,0.00000000,BAR
9457,1705174380.0,27.90,27.90,0.00,0.00000000,BAR
9458,1705174440.0,27.90,27.90,0.00,0.00000000,BAR
9459,1705174500.0,27.90,27.90,0.00,0.00000000,BAR
9460,1705174560.0,27.90,27.90,0.00,0.00000000,BAR
9461,1705174620.0,27.90,27.90,0.00,0.00000000,BAR
9462,1705174680.0,27.90,27.90,0.00,0.00000000,BAR
9463,1705174740.0,27.90,27.90,0.00,0.00000000,BAR
9464,1705174800.0,27.90,27.90,0.00,0.00000000,BAR
9465,1705174860.0,27.90,27.90,0.00,0.00000000,BAR
9466,1705174920.0,27.90,27.90,0.00,0.00000000,BAR
9467,1705174980.0,27.90,27.90,0.00,0.00000000,BAR
9468,1705175040.0,27.90,27.90,0.00,0.00000000,BAR
9469,1705175100.0,27.90,27.90,0.00,0.00000000,BAR
9470,1705175160.0,27.90,27.90,0.00,0.00000000,BAR
9471,1705175220.0,27.90,27.90,0.00,0.00000000,BAR
9472,1705175280.0,27.90,27.90,0.00,0.00000000,BAR
9473,1705175340.0,27.90,27.90,0.00,0.00000000,BAR
9474,1705175400.0,27.90,27.90,0.00,0.00000000,BAR
9475,1705175460.0,27.90,27.90,0.00,0.00000000,BAR
9476,1705175520.0,27.90,27.90,0.00,0.00000000,BAR
9477,1705175580.0,27.90,27.90,0.00,0.00000000,BAR
9478,1705175640.0,27.90,27.90,0.00,0.00000000,BAR
9479,1705175700.0,27.90,27.90,0.00,0.00000000,BAR
9480,1705175760.0,27.90,27.90,0.00,0.00000000,BAR
9481,1705175820.0,27.90,27.90,0.00,0.00000000,BAR
9482,1705175880.0,27.90,27.90,0.00,0.00000000,BAR
9483,1705175940.0,27.90,27.90,0.00,0.00000000,BAR
9484,1705176000.0,27.90,27.90,0.00,0.00000000,BAR
9485,1705176060.0,27.90,27.90,0.00,0.00000000,BAR
9486,1705176120.0,27.90,27.90,0.00,0.00000000,BAR
9487,1705176180.0,27.90,27.90,0.00,0.00000000,BAR
9488,1705176240.0,27.90,27.90,0.00,0.00000000,BAR
9489,1705176300.0,27.90,27.90,0.00,0.00000000,BAR
9490,1705176360.0,27.90,27.90,0.00,0.00000000,BAR
9491,1705176420.0,27.90,27.90,0.00,0.00000000,BAR
9492,1705176480.0,27.90,27.90,0.00,0.00000000,BAR
9493,1705176540.0,27.90,27.90,0.00,0.00000000,BAR
9494,1705176600.0,27.90,27.90,0.00,0.00000000,BAR
9495,1705176660.0,27.90,27.90,0.00,0.00000000,BAR
9496,1705176720.0,27.90,27.90,0.00,0.00000000,BAR
9497,1705176780.0,27.90,27.90,0.00,0.00000000,BAR
9498,1705176840.0,27.90,27.90,0.00,0.00000000,BAR
9499,1705176900.0,27.90,27.90,0.00,0.00000000,BAR
9500,1705176960.0,27.90,27.90,0.00,0.00000000,BAR
9501,1705177020.0,27.90,27.90,0.00,0.00000000,BAR
9502,1705177080.0,27.90,27.90,0.00,0.00000000,BAR
9503,1705177140.0,27.90,27.90,0.00,0.00000000,BAR
9504,1705177200.0,27.90,27.90,0.00,0.00000000,BAR
9505,1705177260.0,27.90,27.90,0.00,0.00000000,BAR
9506,1705177320.0,27.90,27.90,0.00,0.00000000,BAR
9507,1705177380.0,27.90,27.90,0.00,0.00000000,BAR
9508,1705177440.0,27.90,27.90,0.00,0.00000000,BAR
9509,1705177500.0,27.90,27.90,0.00,0.00000000,BAR
9510,1705177560.0,27.90,27.90,0.00,0.00000000,BAR
9511,1705177620.0,27.90,27.90,0.00,0.00000000,BAR
9512,1705177680.0,27.90,27.90,0.00,0.00000000,BAR
9513,1705177740.0,27.90,27.90,0.00,0.00000000,BAR
9514,1705177800.0,27.90,27.90,0.00,0.00000000,BAR
9515,1705177860.0,27.90,27.90,0.00,0.00000000,BAR
9516,1705177920.0,27.90,27.90,0.00,0.00000000,BAR
9517,1705177980.0,27.90,27.90,0.00,0.00000000,BAR
9518,1705178040.0,27.90,27.90,0.00,0.00000000,BAR
9519,1705178100.0,27.90,27.90,0.00,0.00000000,BAR
9520,1705178160.0,27.90,27.90,0.00,0.00000000,BAR
9521,1705178220.0,27.90,27.90,0.00,0.00000000,BAR
9522,1705178280.0,27.90,27.90,0.00,0.00000000,BAR
9523,1705178340.0,27.90,27.90,0.00,0.00000000,BAR
9524,1705178400.0,27.90,27.90,0.00,0.00000000,BAR
9525,1705178460.0,27.90,27.90,0.00,0.00000000,BAR
9526,1705178520.0,27.90,27.90,0.00,0.00000000,BAR
9527,1705178580.0,27.90,27.90,0.00,0.00000000,BAR
9528,1705178640.0,27.90,27.90,0.00,0.00000000,BAR
9529,1705178700.0,27.90,27.90,0.00,0.00000000,BAR
9530,1705178760.0,27.90,27.90,0.00,0.00000000,BAR
9531,1705178820.0,27.90,27.90,0.00,0.00000000,BAR
9532,1705178880.0,27.90,27.90,0.00,0.00000000,BAR
9533,1705178940.0,27.90,27.90,0.00,0.00000000,BAR
9534,1705179000.0,27.90,27.90,0.00,0.00000000,BAR
9535,1705179060.0,27.90,27.90,0.00,0.00000000,BAR
9536,1705179120.0,27.90,27.90,0.00,0.00000000,BAR
9537,1705179180.0,27.90,27.90,0.00,0.00000000,BAR
9538,1705179240.0,27.90,27.90,0.00,0.00000000,BAR
9539,1705179300.0,27.90,27.90,0.00,0.00000000,BAR
9540,1705179360.0,27.90,27.90,0.00,0.00000000,BAR
9541,1705179420.0,27.90,27.90,0.00,0.00000000,BAR
9542,1705179480.0,27.90,27.90,0.00,0.00000000,BAR
9543,1705179540.0,27.90,27.90,0.00,0.00000000,BAR
9544,1705179600.0,27.90,27.90,0.00,0.00000000,BAR
9545,1705179660.0,27.90,27.90,0.00,0.00000000,BAR
9546,1705179720.0,27.90,27.90,0.00,0.00000000,BAR
9547,1705179780.0,27.90,27.90,0.00,0.00000000,BAR
9548,1705179840.0,27.90,27.90,0.00,0.00000000,BAR
9549,1705179900.0,27.90,27.90,0.00,0.00000000,BAR
9550,1705179960.0,27.90,27.90,0.00,0.00000000,BAR
9551,1705180020.0,27.90,27.90,0.00,0.00000000,BAR
9552,1705180080.0,27.90,27.90,0.00,0.00000000,BAR
9553,1705180140.0,27.90,27.90,0.00,0.00000000,BAR
9554,1705180200.0,27.90,27.90,0.00,0.00000000,BAR
9555,1705180260.0,27.90,27.90,0.00,0.00000000,BAR
9556,1705180320.0,27.90,27.90,0.00,0.00000000,BAR
9557,1705180380.0,27.90,27.90,0.00,0.00000000,BAR
9558,1705180440.0,27.90,27.90,0.00,0.00000000,BAR
9559,1705180500.0,27.90,27.90,0.00,0.00000000,BAR
9560,1705180560.0,27.90,27.90,0.00,0.00000000,BAR
9561,1705180620.0,27.90,27.90,0.00,0.00000000,BAR
9562,1705180680.0,27.90,27.90,0.00,0.00000000,BAR
9563,1705180740.0,27.90,27.90,0.00,0.00000000,BAR
9564,1705180800.0,27.90,27.90,0.00,0.00000000,BAR
9565,1705180860.0,27.90,27.90,0.00,0.00000000,BAR
9566,1705180920.0,27.90,27.90,0.00,0.00000000,BAR
9567,1705180980.0,27.90,27.90,0.00,0.00000000,BAR
9568,1705181040.0,27.90,27.90,0.00,0.00000000,BAR
9569,1705181100.0,27.90,27.90,0.00,0.00000000,BAR
9570,1705181160.0,27.90,27.90,0.00,0.00000000,BAR
9571,1705181220.0,27.90,27.90,0.00,0.00000000,BAR
9572,1705181280.0,27.90,27.90,0.00,0.00000000,BAR
9573,1705181340.0,27.90,27.90,0.00,0.00000000,BAR
9574,1705181400.0,27.90,27.90,0.00,0.00000000,BAR
9575,1705181460.0,27.90,27.90,0.00,0.00000000,BAR
9576,1705181520.0,27.90,27.90,0.00,0.00000000,BAR
9577,1705181580.0,27.90,27.90,0.00,0.00000000,BAR
9578,1705181640.0,27.90,27.90,0.00,0.00000000,BAR
9579,1705181700.0,27.90,27.90,0.00,0.00000000,BAR
9580,1705181760.0,27.90,27.90,0.00,0.00000000,BAR
9581,1705181820.0,27.90,27.90,0.00,0.00000000,BAR
9582,1705181880.0,27.90,27.90,0.00,0.00000000,BAR
9583,1705181940.0,27.90,27.90,0.00,0.00000000,BAR
9584,1705182000.0,27.90,27.90,0.00,0.00000000,BAR
9585,1705182060.0,27.90,27.90,0.00,0.00000000,BAR
9586,1705182120.0,27.90,27.90,0.00,0.00000000,BAR
9587,1705182180.0,27.90,27.90,0.00,0.00000000,BAR
9588,1705182240.0,27.90,27.90,0.00,0.00000000,BAR
9589,1705182300.0,27.90,27.90,0.00,0.00000000,BAR
9590,1705182360.0,27.90,27.90,0.00,0.00000000,BAR
9591,1705182420.0,27.90,27.90,0.00,0.00000000,BAR
9592,1705182480.0,27.90,27.90,0.00,0.00000000,BAR
9593,1705182540.0,27.90,27.90,0.00,0.00000000,BAR
9594,1705182600.0,27.90,27.90,0.00,0.00000000,BAR
9595,1705182660.0,27.90,27.90,0.00,0.00000000,BAR
9596,1705182720.0,27.90,27.90,0.00,0.00000000,BAR
9597,1705182780.0,27.90,27.90,0.00,0.00000000,BAR
9598,1705182840.0,27.90,27.90,0.00,0.00000000,BAR
9599,1705182900.0,27.90,27.90,0.00,0.00000000,BAR
9600,1705182960.0,27.90,27.90,0.00,0.00000000,BAR
9601,1705183020.0,27.90,27.90,0.00,0.00000000,BAR
9602,1705183080.0,27.90,27.90,0.00,0.00000000,BAR
9603,1705183140.0,27.90,27.90,0.00,0.00000000,BAR
9604,1705183200.0,27.90,27.90,0.00,0.00000000,BAR
9605,1705183260.0,27.90,27.90,0.00,0.00000000,BAR
9606,1705183320.0,27.90,27.90,0.00,0.00000000,BAR
9607,1705183380.0,27.90,27.90,0.00,0.00000000,BAR
9608,1705183440.0,27.90,27.90,0.00,0.00000000,BAR
9609,1705183500.0,27.90,27.90,0.00,0.00000000,BAR
9610,1705183560.0,27.90,27.90,0.00,0.00000000,BAR
9611,1705183620.0,27.90,27.90,0.00,0.00000000,BAR
9612,1705183680.0,27.90,27.90,0.00,0.00000000,BAR
9613,1705183740.0,27.90,27.90,0.00,0.00000000,BAR
9614,1705183800.0,27.90,27.90,0.00,0.00000000,BAR
9615,1705183860.0,27.90,27.90,0.00,0.00000000,BAR
9616,1705183920.0,27.90,27.90,0.00,0.00000000,BAR
9617,1705183980.0,27.90,27.90,0.00,0.00000000,BAR
9618,1705184040.0,27.90,27.90,0.00,0.00000000,BAR
9619,1705184100.0,27.90,27.90,0.00,0.00000000,BAR
9620,1705184160.0,27.90,27.90,0.00,0.00000000,BAR
9621,1705184220.0,27.90,27.90,0.00,0.00000000,BAR
9622,1705184280.0,27.90,27.90,0.00,0.00000000,BAR
9623,1705184340.0,27.90,27.90,0.00,0.00000000,BAR
9624,1705184400.0,27.90,27.90,0.00,0.00000000,BAR
9625,1705184460.0,27.90,27.90,0.00,0.00000000,BAR
9626,1705184520.0,27.90,27.90,0.00,0.00000000,BAR
9627,1705184580.0,27.90,27.90,0.00,0.00000000,BAR
9628,1705184640.0,27.90,27.90,0.00,0.00000000,BAR
9629,1705184700.0,27.90,27.90,0.00,0.00000000,BAR
9630,1705184760.0,27.90,27.90,0.00,0.00000000,BAR
9631,1705184820.0,27.90,27.90,0.00,0.00000000,BAR
9632,1705184880.0,27.90,27.90,0.00,0.00000000,BAR
9633,1705184940.0,27.90,27.90,0.00,0.00000000,BAR
9634,1705185000.0,27.90,27.90,0.00,0.00000000,BAR
9635,1705185060.0,27.90,27.90,0.00,0.00000000,BAR
9636,1705185120.0,27.90,27.90,0.00,0.00000000,BAR
9637,1705185180.0,27.90,27.90,0.00,0.00000000,BAR
9638,1705185240.0,27.90,27.90,0.00,0.00000000,BAR
9639,1705185300.0,27.90,27.90,0.00,0.00000000,BAR
9640,1705185360.0,27.90,27.90,0.00,0.00000000,BAR
9641,1705185420.0,27.90,27.90,0.00,0.00000000,BAR
9642,1705185480.0,27.90,27.90,0.00,0.00000000,BAR
9643,1705185540.0,27.90,27.90,0.00,0.00000000,BAR
9644,1705185600.0,27.90,27.90,0.00,0.00000000,BAR
9645,1705185660.0,27.90,27.90,0.00,0.00000000,BAR
9646,1705185720.0,27.90,27.90,0.00,0.00000000,BAR
9647,1705185780.0,27.90,27.90,0.00,0.00000000,BAR
9648,1705185840.0,27.90,27.90,0.00,0.00000000,BAR
9649,1705185900.0,27.90,27.90,0.00,0.00000000,BAR
9650,1705185960.0,27.90,27.90,0.00,0.00000000,BAR
9651,1705186020.0,27.90,27.90,0.00,0.00000000,BAR
9652,1705186080.0,27.90,27.90,0.00,0.00000000,BAR
9653,1705186140.0,27.90,27.90,0.00,0.00000000,BAR
9654,1705186200.0,27.90,27.90,0.00,0.00000000,BAR
9655,1705186260.0,27.90,27.90,0.00,0.00000000,BAR
9656,1705186320.0,27.90,27.90,0.00,0.00000000,BAR
9657,1705186380.0,27.90,27.90,0.00,0.00000000,BAR
9658,1705186440.0,27.90,27.90,0.00,0.00000000,BAR
9659,1705186500.0,27.90,27.90,0.00,0.00000000,BAR
9660,1705186560.0,27.90,27.90,0.00,0.00000000,BAR
9661,1705186620.0,27.90,27.90,0.00,0.00000000,BAR
9662,1705186680.0,27.90,27.90,0.00,0.00000000,BAR
9663,1705186740.0,27.90,27.90,0.00,0.00000000,BAR
9664,1705186800.0,27.90,27.90,0.00,0.00000000,BAR
9665,1705186860.0,27.90,27.90,0.00,0.00000000,BAR
9666,1705186920.0,27.90,27.90,0.00,0.00000000,BAR
9667,1705186980.0,27.90,27.90,0.00,0.00000000,BAR
9668,1705187040.0,27.90,27.90,0.00,0.00000000,BAR
9669,1705187100.0,27.90,27.90,0.00,0.00000000,BAR
9670,1705187160.0,27.90,27.90,0.00,0.00000000,BAR
9671,1705187220.0,27.90,27.90,0.00,0.00000000,BAR
9672,1705187280.0,27.90,27.90,0.00,0.00000000,BAR
9673,1705187340.0,27.90,27.90,0.00,0.00000000,BAR
9674,1705187400.0,27.90,27.90,0.00,0.00000000,BAR
9675,1705187460.0,27.90,27.90,0.00,0.00000000,BAR
9676,1705187520.0,27.90,27.90,0.00,0.00000000,BAR
9677,1705187580.0,27.90,27.90,0.00,0.00000000,BAR
9678,1705187640.0,27.90,27.90,0.00,0.00000000,BAR
9679,1705187700.0,27.90,27.90,0.00,0.00000000,BAR
9680,1705187760.0,27.90,27.90,0.00,0.00000000,BAR
9681,1705187820.0,27.90,27.90,0.00,0.00000000,BAR
9682,1705187880.0,27.90,27.90,0.00,0.00000000,BAR
9683,1705187940.0,27.90,27.90,0.00,0.00000000,BAR
9684,1705188000.0,27.90,27.90,0.00,0.00000000,BAR
9685,1705188060.0,27.90,27.90,0.00,0.00000000,BAR
9686,1705188120.0,27.90,27.90,0.00,0.00000000,BAR
9687,1705188180.0,27.90,27.90,0.00,0.00000000,BAR
9688,1705188240.0,27.90,27.90,0.00,0.00000000,BAR
9689,1705188300.0,27.90,27.90,0.00,0.00000000,BAR
9690,1705188360.0,27.90,27.90,0.00,0.00000000,BAR
9691,1705188420.0,27.90,27.90,0.00,0.00000000,BAR
9692,1705188480.0,27.90,27.90,0.00,0.00000000,BAR
9693,1705188540.0,27.90,27.90,0.00,0.00000000,BAR
9694,1705188600.0,27.90,27.90,0.00,0.00000000,BAR
9695,1705188660.0,27.90,27.90,0.00,0.00000000,BAR
9696,1705188720.0,27.90,27.90,0.00,0.00000000,BAR
9697,1705188780.0,27.90,27.90,0.00,0.00000000,BAR
9698,1705188840.0,27.90,27.90,0.00,0.00000000,BAR
9699,1705188900.0,27.90,27.90,0.00,0.00000000,BAR
9700,1705188960.0,27.90,27.90,0.00,0.00000000,BAR
9701,1705189020.0,27.90,27.90,0.00,0.00000000,BAR
9702,1705189080.0,27.90,27.90,0.00,0.00000000,BAR
9703,1705189140.0,27.90,27.90,0.00,0.00000000,BAR
9704,1705189200.0,27.90,27.90,0.00,0.00000000,BAR
9705,1705189260.0,27.90,27.90,0.00,0.00000000,BAR
9706,1705189320.0,27.90,27.90,0.00,0.00000000,BAR
9707,1705189380.0,27.90,27.90,0.00,0.00000000,BAR
9708,1705189440.0,27.90,27.90,0.00,0.00000000,BAR
9709,1705189500.0,27.90,27.90,0.00,0.00000000,BAR
9710,1705189560.0,27.90,27.90,0.00,0.00000000,BAR
9711,1705189620.0,27.90,27.90,0.00,0.00000000,BAR
9712,1705189680.0,27.90,27.90,0.00,0.00000000,BAR
9713,1705189740.0,27.90,27.90,0.00,0.00000000,BAR
9714,1705189800.0,27.90,27.90,0.00,0.00000000,BAR
9715,1705189860.0,27.90,27.90,0.00,0.00000000,BAR
9716,1705189920.0,27.90,27.90,0.00,0.00000000,BAR
9717,1705189980.0,27.90,27.90,0.00,0.00000000,BAR
9718,1705190040.0,27.90,27.90,0.00,0.00000000,BAR
9719,1705190100.0,27.90,27.90,0.00,0.00000000,BAR
9720,1705190160.0,27.90,27.90,0.00,0.00000000,BAR
9721,1705190220.0,27.90,27.90,0.00,0.00000000,BAR
9722,1705190280.0,27.90,27.90,0.00,0.00000000,BAR
9723,1705190340.0,27.90,27.90,0.00,0.00000000,BAR
9724,1705190400.0,27.90,27.90,0.00,0.00000000,BAR
9725,1705190460.0,27.90,27.90,0.00,0.00000000,BAR
9726,1705190520.0,27.90,27.90,0.00,0.00000000,BAR
9727,1705190580.0,27.90,27.90,0.00,0.00000000,BAR
9728,1705190640.0,27.90,27.90,0.00,0.00000000,BAR
9729,1705190700.0,27.90,27.90,0.00,0.00000000,BAR
9730,1705190760.0,27.90,27.90,0.00,0.00000000,BAR
9731,1705190820.0,27.90,27.90,0.00,0.00000000,BAR
9732,1705190880.0,27.90,27.90,0.00,0.00000000,BAR
9733,1705190940.0,27.90,27.90,0.00,0.00000000,BAR
9734,1705191000.0,27.90,27.90,0.00,0.00000000,BAR
9735,1705191060.0,27.90,27.90,0.00,0.00000000,BAR
9736,1705191120.0,27.90,27.90,0.00,0.00000000,BAR
9737,1705191180.0,27.90,27.90,0.00,0.00000000,BAR
9738,1705191240.0,27.90,27.90,0.00,0.00000000,BAR
9739,1705191300.0,27.90,27.90,0.00,0.00000000,BAR
9740,1705191360.0,27.90,27.90,0.00,0.00000000,BAR
9741,1705191420.0,27.90,27.90,0.00,0.00000000,BAR
9742,1705191480.0,27.90,27.90,0.00,0.00000000,BAR
9743,1705191540.0,27.90,27.90,0.00,0.00000000,BAR
9744,1705191600.0,27.90,27.90,0.00,0.00000000,BAR
9745,1705191660.0,27.90,27.90,0.00,0.00000000,BAR
9746,1705191720.0,27.90,27.90,0.00,0.00000000,BAR
9747,1705191780.0,27.90,27.90,0.00,0.00000000,BAR
9748,1705191840.0,27.90,27.90,0.00,0.00000000,BAR
9749,1705191900.0,27.90,27.90,0.00,0.00000000,BAR
9750,1705191960.0,27.90,27.90,0.00,0.00000000,BAR
9751,1705192020.0,27.90,27.90,0.00,0.00000000,BAR
9752,1705192080.0,27.90,27.90,0.00,0.00000000,BAR
9753,1705192140.0,27.90,27.90,0.00,0.00000000,BAR
9754,1705192200.0,27.90,27.90,0.00,0.00000000,BAR
9755,1705192260.0,27.90,27.90,0.00,0.00000000,BAR
9756,1705192320.0,27.90,27.90,0.00,0.00000000,BAR
9757,1705192380.0,27.90,27.90,0.00,0.00000000,BAR
9758,1705192440.0,27.90,27.90,0.00,0.00000000,BAR
9759,1705192500.0,27.90,27.90,0.00,0.00000000,BAR
9760,1705192560.0,27.90,27.90,0.00,0.00000000,BAR
9761,1705192620.0,27.90,27.90,0.00,0.00000000,BAR
9762,1705192680.0,27.90,27.90,0.00,0.00000000,BAR
9763,1705192740.0,27.90,27.90,0.00,0.00000000,BAR
9764,1705192800.0,27.90,27.90,0.00,0.00000000,BAR
9765,1705192860.0,27.90,27.90,0.00,0.00000000,BAR
9766,1705192920.0,27.90,27.90,0.00,0.00000000,BAR
9767,1705192980.0,27.90,27.90,0.00,0.00000000,BAR
9768,1705193040.0,27.90,27.90,0.00,0.00000000,BAR
9769,1705193100.0,27.90,27.90,0.00,0.00000000,BAR
9770,1705193160.0,27.90,27.90,0.00,0.00000000,BAR
9771,1705193220.0,27.90,27.90,0.00,0.00000000,BAR
9772,1705193280.0,27.90,27.90,0.00,0.00000000,BAR
9773,1705193340.0,27.90,27.90,0.00,0.00000000,BAR
9774,1705193400.0,27.90,27.90,0.00,0.00000000,BAR
9775,1705193460.0,27.90,27.90,0.00,0.00000000,BAR
9776,1705193520.0,27.90,27.90,0.00,0.00000000,BAR
9777,1705193580.0,27.90,27.90,0.00,0.00000000,BAR
9778,1705193640.0,27.90,27.90,0.00,0.00000000,BAR
9779,1705193700.0,27.90,27.90,0.00,0.00000000,BAR
9780,1705193760.0,27.90,27.90,0.00,0.00000000,BAR
9781,1705193820.0,27.90,27.90,0.00,0.00000000,BAR
9782,1705193880.0,27.90,27.90,0.00,0.00000000,BAR
9783,1705193940.0,27.90,27.90,0.00,0.00000000,BAR
9784,1705194000.0,27.90,27.90,0.00,0.00000000,BAR
9785,1705194060.0,27.90,27.90,0.00,0.00000000,BAR
9786,1705194120.0,27.90,27.90,0.00,0.00000000,BAR
9787,1705194180.0,27.90,27.90,0.00,0.00000000,BAR
9788,1705194240.0,27.90,27.90,0.00,0.00000000,BAR
9789,1705194300.0,27.90,27.90,0.00,0.00000000,BAR
9790,1705194360.0,27.90,27.90,0.00,0.00000000,BAR
9791,1705194420.0,27.90,27.90,0.00,0.00000000,BAR
9792,1705194480.0,27.90,27.90,0.00,0.00000000,BAR
9793,1705194540.0,27.90,27.90,0.00,0.00000000,BAR
9794,1705194600.0,27.90,27.90,0.00,0.00000000,BAR
9795,1705194660.0,27.90,27.90,0.00,0.00000000,BAR
9796,1705194720.0,27.90,27.90,0.00,0.00000000,BAR
9797,1705194780.0,27.90,27.90,0.00,0.00000000,BAR
9798,1705194840.0,27.90,27.90,0.00,0.00000000,BAR
9799,1705194900.0,27.90,27.90,0.00,0.00000000,BAR
9800,1705194960.0,27.90,27.90,0.00,0.00000000,BAR
9801,1705195020.0,27.90,27.90,0.00,0.00000000,BAR
9802,1705195080.0,27.90,27.90,0.00,0.00000000,BAR
9803,1705195140.0,27.90,27.90,0.00,0.00000000,BAR
9804,1705195200.0,27.90,27.90,0.00,0.00000000,BAR
9805,1705195260.0,27.90,27.90,0.00,0.00000000,BAR
9806,1705195320.0,27.90,27.90,0.00,0.00000000,BAR
9807,1705195380.0,27.90,27.90,0.00,0.00000000,BAR
9808,1705195440.0,27.90,27.90,0.00,0.00000000,BAR
9809,1705195500.0,27.90,27.90,0.00,0.00000000,BAR
9810,1705195560.0,27.90,27.90,0.00,0.00000000,BAR
9811,1705195620.0,27.90,27.90,0.00,0.00000000,BAR
9812,1705195680.0,27.90,27.90,0.00,0.00000000,BAR
9813,1705195740.0,27.90,27.90,0.00,0.00000000,BAR
9814,1705195800.0,27.90,27.90,0.00,0.00000000,BAR
9815,1705195860.0,27.90,27.90,0.00,0.00000000,BAR
9816,1705195920.0,27.90,27.90,0.00,0.00000000,BAR
9817,1705195980.0,27.90,27.90,0.00,0.00000000,BAR
9818,1705196040.0,27.90,27.90,0.00,0.00000000,BAR
9819,1705196100.0,27.90,27.90,0.00,0.00000000,BAR
9820,1705196160.0,27.90,27.90,0.00,0.00000000,BAR
9821,1705196220.0,27.90,27.90,0.00,0.00000000,BAR
9822,1705196280.0,27.90,27.90,0.00,0.00000000,BAR
9823,1705196340.0,27.90,27.90,0.00,0.00000000,BAR
9824,1705196400.0,27.90,27.90,0.00,0.00000000,BAR
9825,1705196460.0,27.90,27.90,0.00,0.00000000,BAR
9826,1705196520.0,27.90,27.90,0.00,0.00000000,BAR
9827,1705196580.0,27.90,27.90,0.00,0.00000000,BAR
9828,1705196640.0,27.90,27.90,0.00,0.00000000,BAR
9829,1705196700.0,27.90,27.90,0.00,0.00000000,BAR
9830,1705196760.0,27.90,27.90,0.00,0.00000000,BAR
9831,1705196820.0,27.90,27.90,0.00,0.00000000,BAR
9832,1705196880.0,27.90,27.90,0.00,0.00000000,BAR
9833,1705196940.0,27.90,27.90,0.00,0.00000000,BAR
9834,1705197000.0,27.90,27.90,0.00,0.00000000,BAR
9835,1705197060.0,27.90,27.90,0.00,0.00000000,BAR
9836,1705197120.0,27.90,27.90,0.00,0.00000000,BAR
9837,1705197180.0,27.90,27.90,0.00,0.00000000,BAR
9838,1705197240.0,27.90,27.90,0.00,0.00000000,BAR
9839,1705197300.0,27.90,27.90,0.00,0.00000000,BAR
9840,1705197360.0,27.90,27.90,0.00,0.00000000,BAR
9841,1705197420.0,27.90,27.90,0.00,0.00000000,BAR
9842,1705197480.0,27.90,27.90,0.00,0.00000000,BAR
9843,1705197540.0,27.90,27.90,0.00,0.00000000,BAR
9844,1705197600.0,27.90,27.90,0.00,0.00000000,BAR
9845,1705197660.0,27.90,27.90,0.00,0.00000000,BAR
9846,1705197720.0,27.90,27.90,0.00,0.00000000,BAR
9847,1705197780.0,27.90,27.90,0.00,0.00000000,BAR
9848,1705197840.0,27.90,27.90,0.00,0.00000000,BAR
9849,1705197900.0,27.90,27.90,0.00,0.00000000,BAR
9850,1705197960.0,27.90,27.90,0.00,0.00000000,BAR
9851,1705198020.0,27.90,27.90,0.00,0.00000000,BAR
9852,1705198080.0,27.90,27.90,0.00,0.00000000,BAR
9853,1705198140.0,27.90,27.90,0.00,0.00000000,BAR
9854,1705198200.0,27.90,27.90,0.00,0.00000000,BAR
9855,1705198260.0,27.90,27.90,0.00,0.00000000,BAR
9856,1705198320.0,27.90,27.90,0.00,0.00000000,BAR
9857,1705198380.0,27.90,27.90,0.00,0.00000000,BAR
9858,1705198440.0,27.90,27.90,0.00,0.00000000,BAR
9859,1705198500.0,27.90,27.90,0.00,0.00000000,BAR
9860,1705198560.0,27.90,27.90,0.00,0.00000000,BAR
9861,1705198620.0,27.90,27.90,0.00,0.00000000,BAR
9862,1705198680.0,27.90,27.90,0.00,0.00000000,BAR
9863,1705198740.0,27.90,27.90,0.00,0.00000000,BAR
9864,1705198800.0,27.90,27.90,0.00,0.00000000,BAR
9865,1705198860.0,27.90,27.90,0.00,0.00000000,BAR
9866,1705198920.0,27.90,27.90,0.00,0.00000000,BAR
9867,1705198980.0,27.90,27.90,0.00,0.00000000,BAR
9868,1705199040.0,27.90,27.90,0.00,0.00000000,BAR
9869,1705199100.0,27.90,27.90,0.00,0.00000000,BAR
9870,1705199160.0,27.90,27.90,0.00,0.00000000,BAR
9871,1705199220.0,27.90,27.90,0.00,0.00000000,BAR
9872,1705199280.0,27.90,27.90,0.00,0.00000000,BAR
9873,1705199340.0,27.90,27.90,0.00,0.00000000,BAR
9874,1705199400.0,27.90,27.90,0.00,0.00000000,BAR
9875,1705199460.0,27.90,27.90,0.00,0.00000000,BAR
9876,1705199520.0,27.90,27.90,0.00,0.00000000,BAR
9877,1705199580.0,27.90,27.90,0.00,0.00000000,BAR
9878,1705199640.0,27.90,27.90,0.00,0.00000000,BAR
9879,1705199700.0,27.90,27.90,0.00,0.00000000,BAR
9880,1705199760.0,27.90,27.90,0.00,0.00000000,BAR
9881,1705199820.0,27.90,27.90,0.00,0.00000000,BAR
9882,1705199880.0,27.90,27.90,0.00,0.00000000,BAR
9883,1705199940.0,27.90,27.90,0.00,0.00000000,BAR
9884,1705200000.0,27.90,27.90,0.00,0.00000000,BAR
9885,1705200060.0,27.90,27.90,0.00,0.00000000,BAR
9886,1705200120.0,27.90,27.90,0.00,0.00000000,BAR
9887,1705200180.0,27.90,27.90,0.00,0.00000000,BAR
9888,1705200240.0,27.90,27.90,0.00,0.00000000,BAR
9889,1705200300.0,27.90,27.90,0.00,0.00000000,BAR
9890,1705200360.0,27.90,27.90,0.00,0.00000000,BAR
9891,1705200420.0,27.90,27.90,0.00,0.00000000,BAR
9892,1705200480.0,27.90,27.90,0.00,0.00000000,BAR
9893,1705200540.0,27.90,27.90,0.00,0.00000000,BAR
9894,1705200600.0,27.90,27.90,0.00,0.00000000,BAR
9895,1705200660.0,27.90,27.90,0.00,0.00000000,BAR
9896,1705200720.0,27.90,27.90,0.00,0.00000000,BAR
9897,1705200780.0,27.90,27.90,0.00,0.00000000,BAR
9898,1705200840.0,27.90,27.90,0.00,0.00000000,BAR
9899,1705200900.0,27.90,27.90,0.00,0.00000000,BAR
9900,1705200960.0,27.90,27.90,0.00,0.00000000,BAR
9901,1705201020.0,27.90,27.90,0.00,0.00000000,BAR
9902,1705201080.0,27.90,27.90,0.00,0.00000000,BAR
9903,1705201140.0,27.90,27.90,0.00,0.00000000,BAR
9904,1705201200.0,27.90,27.90,0.00,0.00000000,BAR
9905,1705201260.0,27.90,27.90,0.00,0.00000000,BAR
9906,1705201320.0,27.90,27.90,0.00,0.00000000,BAR
9907,1705201380.0,27.90,27.90,0.00,0.00000000,BAR
9908,1705201440.0,27.90,27.90,0.00,0.00000000,BAR
9909,1705201500.0,27.90,27.90,0.00,0.00000000,BAR
9910,1705201560.0,27.90,27.90,0.00,0.00000000,BAR
9911,1705201620.0,27.90,27.90,0.00,0.00000000,BAR
9912,1705201680.0,27.90,27.90,0.00,0.00000000,BAR
9913,1705201740.0,27.90,27.90,0.00,0.00000000,BAR
9914,1705201800.0,27.90,27.90,0.00,0.00000000,BAR
9915,1705201860.0,27.90,27.90,0.00,0.00000000,BAR
9916,1705201920.0,27.90,27.90,0.00,0.00000000,BAR
9917,1705201980.0,27.90,27.90,0.00,0.00000000,BAR
9918,1705202040.0,27.90,27.90,0.00,0.00000000,BAR
9919,1705202100.0,27.90,27.90,0.00,0.00000000,BAR
9920,1705202160.0,27.90,27.90,0.00,0.00000000,BAR
9921,1705202220.0,27.90,27.90,0.00,0.00000000,BAR
9922,1705202280.0,27.90,27.90,0.00,0.00000000,BAR
9923,1705202340.0,27.90,27.90,0.00,0.00000000,BAR
9924,1705202400.0,27.90,27.90,0.00,0.00000000,BAR
9925,1705202460.0,27.90,27.90,0.00,0.00000000,BAR
9926,1705202520.0,27.90,27.90,0.00,0.00000000,BAR
9927,1705202580.0,27.90,27.90,0.00,0.00000000,BAR
9928,1705202640.0,27.90,27.90,0.00,0.00000000,BAR
9929,1705202700.0,27.90,27.90,0.00,0.00000000,BAR
9930,1705202760.0,27.90,27.90,0.00,0.00000000,BAR
9931,1705202820.0,27.90,27.90,0.00,0.00000000,BAR
9932,1705202880.0,27.90,27.90,0.00,0.00000000,BAR
9933,1705202940.0,27.90,27.90,0.00,0.00000000,BAR
9934,1705203000.0,27.90,27.90,0.00,0.00000000,BAR
9935,1705203060.0,27.90,27.90,0.00,0.00000000,BAR
9936,1705203120.0,27.90,27.90,0.00,0.00000000,BAR
9937,1705203180.0,27.90,27.90,0.00,0.00000000,BAR
9938,1705203240.0,27.90,27.90,0.00,0.00000000,BAR
9939,1705203300.0,27.90,27.90,0.00,0.00000000,BAR
9940,1705203360.0,27.90,27.90,0.00,0.00000000,BAR
9941,1705203420.0,27.90,27.90,0.00,0.00000000,BAR
9942,1705203480.0,27.90,27.90,0.00,0.00000000,BAR
9943,1705203540.0,27.90,27.90,0.00,0.00000000,BAR
9944,1705203600.0,27.90,27.90,0.00,0.00000000,BAR
9945,1705203660.0,27.90,27.90,0.00,0.00000000,BAR
9946,1705203720.0,27.90,27.90,0.00,0.00000000,BAR
9947,1705203780.0,27.90,27.90,0.00,0.00000000,BAR
9948,1705203840.0,27.90,27.90,0.00,0.00000000,BAR
9949,1705203900.0,27.90,27.90,0.00,0.00000000,BAR
9950,1705203960.0,27.90,27.90,0.00,0.00000000,BAR
9951,1705204020.0,27.90,27.90,0.00,0.00000000,BAR
9952,1705204080.0,27.90,27.90,0.00,0.00000000,BAR
9953,1705204140.0,27.90,27.90,0.00,0.00000000,BAR
9954,1705204200.0,27.90,27.90,0.00,0.00000000,BAR
9955,1705204260.0,27.90,27.90,0.00,0.00000000,BAR
9956,1705204320.0,27.90,27.90,0.00,0.00000000,BAR
9957,1705204380.0,27.90,27.90,0.00,0.00000000,BAR
9958,1705204440.0,27.90,27.90,0.00,0.00000000,BAR
9959,1705204500.0,27.90,27.90,0.00,0.00000000,BAR
9960,1705204560.0,27.90,27.90,0.00,0.00000000,BAR
9961,1705204620.0,27.90,27.90,0.00,0.00000000,BAR
9962,1705204680.0,27.90,27.90,0.00,0.00000000,BAR
9963,1705204740.0,27.90,27.90,0.00,0.00000000,BAR
9964,1705204800.0,27.90,27.90,0.00,0.00000000,BAR
9965,1705204860.0,27.90,27.90,0.00,0.00000000,BAR
9966,1705204920.0,27.90,27.90,0.00,0.00000000,BAR
9967,1705204980.0,27.90,27.90,0.00,0.00000000,BAR
9968,1705205040.0,27.90,27.90,0.00,0.00000000,BAR
9969,1705205100.0,27.90,27.90,0.00,0.00000000,BAR
9970,1705205160.0,27.90,27.90,0.00,0.00000000,BAR
9971,1705205220.0,27.90,27.90,0.00,0.00000000,BAR
9972,1705205280.0,27.90,27.90,0.00,0.00000000,BAR
9973,1705205340.0,27.90,27.90,0.00,0.00000000,BAR
9974,1705205400.0,27.90,27.90,0.00,0.00000000,BAR
9975,1705205460.0,27.90,27.90,0.00,0.00000000,BAR
9976,1705205520.0,27.90,27.90,0.00,0.00000000,BAR
9977,1705205580.0,27.90,27.90,0.00,0.00000000,BAR
9978,1705205640.0,27.90,27.90,0.00,0.00000000,BAR
9979,1705205700.0,27.90,27.90,0.00,0.00000000,BAR
9980,1705205760.0,27.90,27.90,0.00,0.00000000,BAR
9981,1705205820.0,27.90,27.90,0.00,0.00000000,BAR
9982,1705205880.0,27.90,27.90,0.00,0.00000000,BAR
9983,1705205940.0,27.90,27.90,0.00,0.00000000,BAR
9984,1705206000.0,27.90,27.90,0.00,0.00000000,BAR
9985,1705206060.0,27.90,27.90,0.00,0.00000000,BAR
9986,1705206120.0,27.90,27.90,0.00,0.00000000,BAR
9987,1705206180.0,27.90,27.90,0.00,0.00000000,BAR
9988,1705206240.0,27.90,27.90,0.00,0.00000000,BAR
9989,1705206300.0,27.90,27.90,0.00,0.00000000,BAR
9990,1705206360.0,27.90,27.90,0.00,0.00000000,BAR
9991,1705206420.0,27.90,27.90,0.00,0.00000000,BAR
9992,1705206480.0,27.90,27.90,0.00,0.00000000,BAR
9993,1705206540.0,27.90,27.90,0.00,0.00000000,BAR
9994,1705206600.0,27.90,27.90,0.00,0.00000000,BAR
9995,1705206660.0,27.90,27.90,0.00,0.00000000,BAR
9996,1705206720.0,27.90,27.90,0.00,0.00000000,BAR
9997,1705206780.0,27.90,27.90,0.00,0.00000000,BAR
9998,1705206840.0,27.90,27.90,0.00,0.00000000,BAR
9999,1705206900.0,27.90,27.90,0.00,0.00000000,BAR
10000,1705206960.0,27.90,27.90,0.00,0.00000000,BAR
10001,1705207020.0,27.90,27.90,0.00,0.00000000,BAR
10002,1705207080.0,27.90,27.90,0.00,0.00000000,BAR
10003,1705207140.0,27.90,27.90,0.00,0.00000000,BAR
