Timestamp,Regime,Decision,Direction,Conviction,Mode,CapitalProfile,RiskStyle,Lev,Mult,Votes,Rationale,BlockReason,AegeanSlope,AegeanZone,OrionADX,OrionTrend
1704056460.0,CHOP,NO_GO,HOLD,0.00,NORMAL,PRO,DEFENSIVE,1.0,0.50,Aegean:FLAT(0.00)|Orion:FLAT(0.00),Regime: CHOP (Reduced Weights). Score: 0.00. [WARMUP],WARMUP,0.000000,N/A,0.00,False
1704056520.0,CHOP,NO_GO,HOLD,0.00,NORMAL,PRO,DEFENSIVE,1.0,0.50,Aegean:FLAT(0.00)|Orion:FLAT(0.00),Regime: CHOP (Reduced Weights). Score: 0.00. [WARMUP],WARMUP,0.000000,N/A,0.00,False
1704056580.0,CHOP,NO_GO,HOLD,0.00,NORMAL,PRO,DEFENSIVE,1.0,0.50,Aegean:FLAT(0.00)|Orion:FLAT(0.00),Regime: CHOP (Reduced Weights). Score: 0.00. [WARMUP],WARMUP,0.000000,N/A,0.00,False
1704056640.0,CHOP,NO_GO,HOLD,0.00,NORMAL,PRO,DEFENSIVE,1.0,0.50,Aegean:FLAT(0.00)|Orion:FLAT(0.00),Regime: CHOP (Reduced Weights). Score: 0.00. [WARMUP],WARMUP,0.000000,N/A,0.00,False
1704056700.0,CHOP,NO_GO,HOLD,0.00,NORMAL,PRO,DEFENSIVE,1.0,0.50,Aegean:FLAT(0.00)|Orion:FLAT(0.00),Regime: CHOP (Reduced Weights). Score: 0.00. [WARMUP],WARMUP,0.000000,N/A,0.00,False
1704056760.0,CHOP,NO_GO,HOLD,0.00,NORMAL,PRO,DEFENSIVE,1.0,0.50,Aegean:FLAT(0.00)|Orion:FLAT(0.00),Regime: CHOP (Reduced Weights). Score: 0.00. [WARMUP],WARMUP,0.000000,N/A,0.00,False
1704056820.0,CHOP,NO_GO,HOLD,0.00,NORMAL,PRO,DEFENSIVE,1.0,0.50,Aegean:FLAT(0.00)|Orion:FLAT(0.00),Regime: CHOP (Reduced Weights). Score: 0.00. [WARMUP],WARMUP,0.000000,N/A,0.00,False
1704056880.0,CHOP,NO_GO,HOLD,0.00,NORMAL,PRO,DEFENSIVE,1.0,0.50,Aegean:FLAT(0.00)|Orion:FLAT(0.00),Regime: CHOP (Reduced Weights). Score: 0.00. [WARMUP],WARMUP,0.000000,N/A,0.00,False
1704056940.0,CHOP,NO_GO,HOLD,0.00,NORMAL,PRO,DEFENSIVE,1.0,0.50,Aegean:FLAT(0.00)|Orion:FLAT(0.00),Regime: CHOP (Reduced Weights). Score: 0.00. [WARMUP],WARMUP,0.000000,N/A,0.00,False
1704057000.0,CHOP,NO_GO,HOLD,0.00,NORMAL,PRO,DEFENSIVE,1.0,0.50,Aegean:FLAT(0.00)|Orion:FLAT(0.00),Regime: CHOP (Reduced Weights). Score: 0.00. [WARMUP],WARMUP,0.000000,N/A,0.00,False
1704057060.0,CHOP,NO_GO,HOLD,0.00,NORMAL,PRO,DEFENSIVE,1.0,0.50,Aegean:FLAT(0.00)|Orion:FLAT(0.00),Regime: CHOP (Reduced Weights). Score: 0.00. [WARMUP],WARMUP,0.000000,N/A,0.00,False
1704057120.0,CHOP,NO_GO,HOLD,0.00,NORMAL,PRO,DEFENSIVE,1.0,0.50,Aegean:FLAT(0.00)|Orion:FLAT(0.00),Regime: CHOP (Reduced Weights). Score: 0.00. [WARMUP],WARMUP,0.000000,N/A,0.00,False
1704057180.0,CHOP,NO_GO,HOLD,0.00,NORMAL,PRO,DEFENSIVE,1.0,0.50,Aegean:FLAT(0.00)|Orion:FLAT(0.00),Regime: CHOP (Reduced Weights). Score: 0.00. [WARMUP],WARMUP,0.000000,N/A,0.00,False
1704057240.0,CHOP,NO_GO,HOLD,0.00,NORMAL,PRO,DEFENSIVE,1.0,0.50,Aegean:FLAT(0.00)|Orion:FLAT(0.00),Regime: CHOP (Reduced Weights). Score: 0.00. [WARMUP],WARMUP,0.000000,N/A,0.00,False
1704057300.0,CHOP,NO_GO,HOLD,0.00,NORMAL,PRO,DEFENSIVE,1.0,0.50,Aegean:FLAT(0.00)|Orion:FLAT(0.00),Regime: CHOP (Reduced Weights). Score: 0.00. [WARMUP],WARMUP,0.000000,N/A,0.00,False
1704057360.0,CHOP,NO_GO,HOLD,0.00,NORMAL,PRO,DEFENSIVE,1.0,0.50,Aegean:FLAT(0.00)|Orion:FLAT(0.00),Regime: CHOP (Reduced Weights). Score: 0.00. [WARMUP],WARMUP,0.000000,N/A,0.00,False
1704057420.0,CHOP,NO_GO,HOLD,0.00,NORMAL,PRO,DEFENSIVE,1.0,0.50,Aegean:FLAT(0.00)|Orion:FLAT(0.00),Regime: CHOP (Reduced Weights). Score: 0.00. [WARMUP],WARMUP,0.000000,N/A,0.00,False
1704057480.0,CHOP,NO_GO,HOLD,0.00,NORMAL,PRO,DEFENSIVE,1.0,0.50,Aegean:FLAT(0.00)|Orion:FLAT(0.00),Regime: CHOP (Reduced Weights). Score: 0.00. [WARMUP],WARMUP,0.000000,N/A,0.00,False
1704057540.0,CHOP,NO_GO,HOLD,0.00,NORMAL,PRO,DEFENSIVE,1.0,0.50,Aegean:FLAT(0.00)|Orion:FLAT(0.00),Regime: CHOP (Reduced Weights). Score: 0.00. [WARMUP],WARMUP,0.000000,N/A,0.00,False
1704057600.0,CHOP,NO_GO,HOLD,0.00,NORMAL,PRO,DEFENSIVE,1.0,0.50,Aegean:FLAT(0.00)|Orion:FLAT(0.00),Regime: CHOP (Reduced Weights). Score: 0.00. [WARMUP],WARMUP,0.000000,N/A,0.00,False
1704057660.0,CHOP,NO_GO,HOLD,0.00,NORMAL,PRO,DEFENSIVE,1.0,0.50,Aegean:FLAT(0.00)|Orion:FLAT(0.00),Regime: CHOP (Reduced Weights). Score: 0.00. [WARMUP],WARMUP,0.000000,N/A,0.00,False
1704057720.0,CHOP,NO_GO,HOLD,0.00,NORMAL,PRO,DEFENSIVE,1.0,0.50,Aegean:FLAT(0.00)|Orion:FLAT(0.00),Regime: CHOP (Reduced Weights). Score: 0.00. [WARMUP],WARMUP,0.000000,N/A,0.00,False
1704057780.0,CHOP,NO_GO,HOLD,0.00,NORMAL,PRO,DEFENSIVE,1.0,0.50,Aegean:FLAT(0.00)|Orion:FLAT(0.00),Regime: CHOP (Reduced Weights). Score: 0.00. [WARMUP],WARMUP,0.000000,N/A,0.00,False
1704057840.0,CHOP,NO_GO,HOLD,0.00,NORMAL,PRO,DEFENSIVE,1.0,0.50,Aegean:FLAT(0.50)|Orion:FLAT(0.00),Regime: CHOP (Reduced Weights). Score: 0.00. [WARMUP],WARMUP,3.745476,MID,0.00,False
1704057900.0,CHOP,NO_GO,HOLD,0.00,NORMAL,PRO,DEFENSIVE,1.0,0.50,Aegean:FLAT(0.50)|Orion:FLAT(0.00),Regime: CHOP (Reduced Weights). Score: 0.00. [WARMUP],WARMUP,2.279241,MID,0.00,False
1704057960.0,CHOP,NO_GO,HOLD,0.00,NORMAL,PRO,DEFENSIVE,1.0,0.50,Aegean:FLAT(0.50)|Orion:FLAT(0.00),Regime: CHOP (Reduced Weights). Score: 0.00. [WARMUP],WARMUP,1.456456,MID,0.00,False
1704058020.0,CHOP,NO_GO,HOLD,0.00,NORMAL,PRO,DEFENSIVE,1.0,0.50,Aegean:FLAT(0.50)|Orion:FLAT(0.00),Regime: CHOP (Reduced Weights). Score: 0.00. [WARMUP],WARMUP,2.051079,MID,0.00,False
1704058080.0,CHOP,NO_GO,HOLD,0.00,NORMAL,PRO,DEFENSIVE,1.0,0.50,Aegean:FLAT(0.50)|Orion:FLAT(0.00),Regime: CHOP (Reduced Weights). Score: 0.00. [WARMUP],WARMUP,0.925262,MID,0.00,False
1704058140.0,CHOP,NO_GO,HOLD,0.00,NORMAL,PRO,DEFENSIVE,1.0,0.50,Aegean:FLAT(0.50)|Orion:FLAT(0.00),Regime: CHOP (Reduced Weights). Score: 0.00. [WARMUP],WARMUP,0.561904,MID,0.00,False
1704058200.0,CHOP,NO_GO,HOLD,0.00,NORMAL,PRO,DEFENSIVE,1.0,0.50,Aegean:FLAT(0.50)|Orion:FLAT(0.00),Regime: CHOP (Reduced Weights). Score: 0.00. [WARMUP],WARMUP,-0.206849,MID,0.00,False
1704058260.0,CHOP,NO_GO,HOLD,0.00,NORMAL,PRO,DEFENSIVE,1.0,0.50,Aegean:FLAT(0.50)|Orion:FLAT(0.00),Regime: CHOP (Reduced Weights). Score: 0.00. [WARMUP],WARMUP,-1.880483,MID,0.00,False
1704058320.0,CHOP,NO_GO,HOLD,0.00,NORMAL,PRO,DEFENSIVE,1.0,0.50,Aegean:FLAT(0.50)|Orion:FLAT(0.00),Regime: CHOP (Reduced Weights). Score: 0.00. [WARMUP],WARMUP,-2.006151,DIP,0.00,False
1704058380.0,CHOP,NO_GO,HOLD,0.00,NORMAL,PRO,DEFENSIVE,1.0,0.50,Aegean:FLAT(0.50)|Orion:FLAT(0.00),Regime: CHOP (Reduced Weights). Score: 0.00. [WARMUP],WARMUP,-2.700803,DIP,0.00,False
1704058440.0,CHOP,NO_GO,HOLD,0.00,NORMAL,PRO,DEFENSIVE,1.0,0.50,Aegean:FLAT(0.50)|Orion:FLAT(0.00),Regime: CHOP (Reduced Weights). Score: 0.00. [WARMUP],WARMUP,-1.634060,DIP,0.00,False
1704058500.0,CHOP,NO_GO,HOLD,0.00,NORMAL,PRO,DEFENSIVE,1.0,0.50,Aegean:FLAT(0.50)|Orion:FLAT(0.00),Regime: CHOP (Reduced Weights). Score: 0.00. [WARMUP],WARMUP,-3.455578,DIP,0.00,False
1704058560.0,CHOP,NO_GO,HOLD,0.00,NORMAL,PRO,DEFENSIVE,1.0,0.50,Aegean:FLAT(0.50)|Orion:FLAT(0.00),Regime: CHOP (Reduced Weights). Score: 0.00. [WARMUP],WARMUP,-3.675047,DIP,0.00,False
1704058620.0,CHOP,NO_GO,HOLD,0.00,NORMAL,PRO,DEFENSIVE,1.0,0.50,Aegean:FLAT(0.50)|Orion:FLAT(0.00),Regime: CHOP (Reduced Weights). Score: 0.00. [WARMUP],WARMUP,-2.780280,DIP,0.00,False
1704058680.0,CHOP,NO_GO,HOLD,0.00,NORMAL,PRO,DEFENSIVE,1.0,0.50,Aegean:FLAT(0.50)|Orion:FLAT(0.00),Regime: CHOP (Reduced Weights). Score: 0.00. [WARMUP],WARMUP,-2.761206,DIP,0.00,False
1704058740.0,CHOP,NO_GO,HOLD,0.00,NORMAL,PRO,DEFENSIVE,1.0,0.50,Aegean:FLAT(0.50)|Orion:FLAT(0.00),Regime: CHOP (Reduced Weights). Score: 0.00. [WARMUP],WARMUP,0.938909,MID,0.00,False
1704058800.0,CHOP,NO_GO,HOLD,0.00,NORMAL,PRO,DEFENSIVE,1.0,0.50,Aegean:FLAT(0.50)|Orion:FLAT(0.00),Regime: CHOP (Reduced Weights). Score: 0.00. [WARMUP],WARMUP,-1.044756,MID,0.00,False
1704058860.0,CHOP,NO_GO,HOLD,0.00,NORMAL,PRO,DEFENSIVE,1.0,0.50,Aegean:FLAT(0.50)|Orion:FLAT(0.00),Regime: CHOP (Reduced Weights). Score: 0.00. [WARMUP],WARMUP,0.424988,MID,0.00,False
1704058920.0,CHOP,NO_GO,HOLD,0.00,NORMAL,PRO,DEFENSIVE,1.0,0.50,Aegean:FLAT(0.50)|Orion:FLAT(0.00),Regime: CHOP (Reduced Weights). Score: 0.00. [WARMUP],WARMUP,-1.197411,MID,0.00,False
1704058980.0,CHOP,NO_GO,HOLD,0.00,NORMAL,PRO,DEFENSIVE,1.0,0.50,Aegean:FLAT(0.50)|Orion:FLAT(0.00),Regime: CHOP (Reduced Weights). Score: 0.00. [WARMUP],WARMUP,1.601165,MID,0.00,False
1704059040.0,CHOP,NO_GO,HOLD,0.00,NORMAL,PRO,DEFENSIVE,1.0,0.50,Aegean:FLAT(0.50)|Orion:FLAT(0.00),Regime: CHOP (Reduced Weights). Score: 0.00. [WARMUP],WARMUP,-0.228469,MID,0.00,False
1704059100.0,CHOP,NO_GO,HOLD,0.00,NORMAL,PRO,DEFENSIVE,1.0,0.50,Aegean:FLAT(0.50)|Orion:FLAT(0.00),Regime: CHOP (Reduced Weights). Score: 0.00. [WARMUP],WARMUP,-1.919785,MID,0.00,False
1704059160.0,CHOP,NO_GO,HOLD,0.00,NORMAL,PRO,DEFENSIVE,1.0,0.50,Aegean:FLAT(0.50)|Orion:FLAT(0.00),Regime: CHOP (Reduced Weights). Score: 0.00. [WARMUP],WARMUP,-2.803056,MID,0.00,False
1704059220.0,CHOP,NO_GO,HOLD,0.00,NORMAL,PRO,DEFENSIVE,1.0,0.50,Aegean:FLAT(0.50)|Orion:FLAT(0.00),Regime: CHOP (Reduced Weights). Score: 0.00. [WARMUP],WARMUP,-1.880266,MID,0.00,False
1704059280.0,CHOP,NO_GO,HOLD,0.00,NORMAL,PRO,DEFENSIVE,1.0,0.50,Aegean:FLAT(0.50)|Orion:FLAT(0.00),Regime: CHOP (Reduced Weights). Score: 0.00. [WARMUP],WARMUP,-2.191129,MID,0.00,False
1704059340.0,TREND,NO_GO,HOLD,0.00,NORMAL,PRO,DEFENSIVE,1.0,0.50,Aegean:FLAT(0.50)|Orion:FLAT(0.00),Regime: TREND (Orion 2x). Score: 0.00. [WARMUP],WARMUP,-1.625489,MID,0.00,False
1704059400.0,TREND,NO_GO,HOLD,0.00,NORMAL,PRO,DEFENSIVE,1.0,0.50,Aegean:FLAT(0.50)|Orion:FLAT(0.00),Regime: TREND (Orion 2x). Score: 0.00. [WARMUP],WARMUP,-1.548627,MID,0.00,False
1704059460.0,TREND,NO_GO,HOLD,0.00,NORMAL,PRO,DEFENSIVE,1.0,0.50,Aegean:FLAT(0.50)|Orion:FLAT(0.00),Regime: TREND (Orion 2x). Score: 0.00. [WARMUP],WARMUP,-2.928547,MID,0.00,False
1704059520.0,TREND,NO_GO,HOLD,0.00,NORMAL,PRO,DEFENSIVE,1.0,0.50,Aegean:FLAT(0.50)|Orion:FLAT(0.00),Regime: TREND (Orion 2x). Score: 0.00. [WARMUP],WARMUP,-3.040852,MID,0.00,False
1704059580.0,TREND,NO_GO,HOLD,0.00,NORMAL,PRO,DEFENSIVE,1.0,0.50,Aegean:FLAT(0.50)|Orion:FLAT(0.00),Regime: TREND (Orion 2x). Score: 0.00. [WARMUP],WARMUP,-3.244748,MID,0.00,False
1704059640.0,TREND,NO_GO,HOLD,0.00,NORMAL,PRO,DEFENSIVE,1.0,0.50,Aegean:FLAT(0.50)|Orion:FLAT(0.00),Regime: TREND (Orion 2x). Score: 0.00. [WARMUP],WARMUP,-3.284296,MID,0.00,False
1704059700.0,TREND,NO_GO,HOLD,0.00,NORMAL,PRO,DEFENSIVE,1.0,0.50,Aegean:FLAT(0.30)|Orion:FLAT(0.00),Regime: TREND (Orion 2x). Score: 0.00. [WARMUP],WARMUP,-4.673320,DIP,0.00,False
1704059760.0,TREND,NO_GO,HOLD,0.00,NORMAL,PRO,DEFENSIVE,1.0,0.50,Aegean:FLAT(0.50)|Orion:FLAT(0.00),Regime: TREND (Orion 2x). Score: 0.00. [WARMUP],WARMUP,-3.652824,DIP,0.00,False
1704059820.0,TREND,NO_GO,HOLD,0.00,NORMAL,PRO,DEFENSIVE,1.0,0.50,Aegean:FLAT(0.50)|Orion:FLAT(0.00),Regime: TREND (Orion 2x). Score: 0.00. [WARMUP],WARMUP,-3.061847,DIP,0.00,False
1704059880.0,TREND,NO_GO,HOLD,0.00,NORMAL,PRO,DEFENSIVE,1.0,0.50,Aegean:FLAT(0.50)|Orion:FLAT(0.00),Regime: TREND (Orion 2x). Score: 0.00. [WARMUP],WARMUP,-3.489882,DIP,0.00,False
1704059940.0,TREND,NO_GO,HOLD,0.00,NORMAL,PRO,DEFENSIVE,1.0,0.50,Aegean:FLAT(0.50)|Orion:FLAT(0.00),Regime: TREND (Orion 2x). Score: 0.00. [WARMUP],WARMUP,-4.240321,DIP,0.00,False
1704060000.0,TREND,NO_GO,HOLD,0.00,NORMAL,PRO,DEFENSIVE,1.0,0.50,Aegean:FLAT(0.30)|Orion:FLAT(0.00),Regime: TREND (Orion 2x). Score: 0.00. [WARMUP],WARMUP,-4.522902,DIP,0.00,False
1704060060.0,TREND,NO_GO,HOLD,0.00,NORMAL,PRO,DEFENSIVE,1.0,0.50,Aegean:FLAT(0.30)|Orion:FLAT(0.00),Regime: TREND (Orion 2x). Score: 0.00. [WARMUP],WARMUP,-5.128169,DIP,0.00,False
1704060120.0,TREND,NO_GO,HOLD,0.00,NORMAL,PRO,DEFENSIVE,1.0,0.50,Aegean:FLAT(0.50)|Orion:FLAT(0.00),Regime: TREND (Orion 2x). Score: 0.00. [WARMUP],WARMUP,-4.250228,MID,0.00,False
1704060180.0,TREND,NO_GO,HOLD,0.00,NORMAL,PRO,DEFENSIVE,1.0,0.50,Aegean:FLAT(0.50)|Orion:FLAT(0.00),Regime: TREND (Orion 2x). Score: 0.00. [WARMUP],WARMUP,-3.310346,MID,0.00,False
1704060240.0,TREND,NO_GO,HOLD,0.00,NORMAL,PRO,DEFENSIVE,1.0,0.50,Aegean:FLAT(0.50)|Orion:FLAT(0.00),Regime: TREND (Orion 2x). Score: 0.00. [WARMUP],WARMUP,-3.590784,MID,0.00,False
1704060300.0,TREND,NO_GO,HOLD,0.00,NORMAL,PRO,DEFENSIVE,1.0,0.50,Aegean:FLAT(0.50)|Orion:FLAT(0.00),Regime: TREND (Orion 2x). Score: 0.00. [WARMUP],WARMUP,-1.549917,MID,0.00,False
1704060360.0,TREND,NO_GO,HOLD,0.00,NORMAL,PRO,DEFENSIVE,1.0,0.50,Aegean:FLAT(0.50)|Orion:FLAT(0.00),Regime: TREND (Orion 2x). Score: 0.00. [WARMUP],WARMUP,-1.074245,MID,0.00,False
1704060420.0,TREND,NO_GO,HOLD,0.00,NORMAL,PRO,DEFENSIVE,1.0,0.50,Aegean:FLAT(0.50)|Orion:FLAT(0.00),Regime: TREND (Orion 2x). Score: 0.00. [WARMUP],WARMUP,1.941123,MID,0.00,False
1704060480.0,TREND,NO_GO,HOLD,0.00,NORMAL,PRO,DEFENSIVE,1.0,0.50,Aegean:FLAT(0.50)|Orion:FLAT(0.00),Regime: TREND (Orion 2x). Score: 0.00. [WARMUP],WARMUP,2.349427,TOP,0.00,False
1704060540.0,TREND,NO_GO,HOLD,0.00,NORMAL,PRO,DEFENSIVE,1.0,0.50,Aegean:FLAT(0.50)|Orion:FLAT(0.00),Regime: TREND (Orion 2x). Score: 0.00. [WARMUP],WARMUP,0.228674,MID,0.00,False
1704060600.0,TREND,NO_GO,HOLD,0.00,NORMAL,PRO,DEFENSIVE,1.0,0.50,Aegean:FLAT(0.50)|Orion:FLAT(0.00),Regime: TREND (Orion 2x). Score: 0.00. [WARMUP],WARMUP,-2.071320,MID,0.00,False
1704060660.0,TREND,NO_GO,HOLD,0.00,NORMAL,PRO,DEFENSIVE,1.0,0.50,Aegean:FLAT(0.50)|Orion:FLAT(0.00),Regime: TREND (Orion 2x). Score: 0.00. [WARMUP],WARMUP,-0.857427,MID,0.00,False
1704060720.0,TREND,NO_GO,HOLD,0.00,NORMAL,PRO,DEFENSIVE,1.0,0.50,Aegean:FLAT(0.50)|Orion:FLAT(0.00),Regime: TREND (Orion 2x). Score: 0.00. [WARMUP],WARMUP,-1.115992,MID,0.00,False
1704060780.0,TREND,NO_GO,HOLD,0.00,NORMAL,PRO,DEFENSIVE,1.0,0.50,Aegean:FLAT(0.50)|Orion:FLAT(0.00),Regime: TREND (Orion 2x). Score: 0.00. [WARMUP],WARMUP,-2.745088,MID,0.00,False
1704060840.0,TREND,NO_GO,HOLD,0.00,NORMAL,PRO,DEFENSIVE,1.0,0.50,Aegean:FLAT(0.50)|Orion:FLAT(0.00),Regime: TREND (Orion 2x). Score: 0.00. [WARMUP],WARMUP,-1.732331,MID,0.00,False
1704060900.0,TREND,NO_GO,HOLD,0.00,NORMAL,PRO,DEFENSIVE,1.0,0.50,Aegean:FLAT(0.50)|Orion:FLAT(0.00),Regime: TREND (Orion 2x). Score: 0.00. [WARMUP],WARMUP,-1.472470,MID,0.00,False
1704060960.0,TREND,NO_GO,HOLD,0.00,NORMAL,PRO,DEFENSIVE,1.0,0.50,Aegean:FLAT(0.50)|Orion:FLAT(0.00),Regime: TREND (Orion 2x). Score: 0.00. [WARMUP],WARMUP,-4.191797,DIP,0.00,False
1704061020.0,TREND,NO_GO,HOLD,0.00,NORMAL,PRO,DEFENSIVE,1.0,0.50,Aegean:FLAT(0.50)|Orion:FLAT(0.00),Regime: TREND (Orion 2x). Score: 0.00. [WARMUP],WARMUP,-3.303811,DIP,0.00,False
1704061080.0,TREND,NO_GO,HOLD,0.00,NORMAL,PRO,DEFENSIVE,1.0,0.50,Aegean:FLAT(0.50)|Orion:FLAT(0.00),Regime: TREND (Orion 2x). Score: 0.00. [WARMUP],WARMUP,-4.200416,DIP,0.00,False
1704061140.0,TREND,NO_GO,HOLD,0.00,NORMAL,PRO,DEFENSIVE,1.0,0.50,Aegean:FLAT(0.50)|Orion:FLAT(0.00),Regime: TREND (Orion 2x). Score: 0.00. [WARMUP],WARMUP,-2.968217,MID,0.00,False
1704061200.0,TREND,NO_GO,HOLD,0.00,NORMAL,PRO,DEFENSIVE,1.0,0.50,Aegean:FLAT(0.50)|Orion:FLAT(0.00),Regime: TREND (Orion 2x). Score: 0.00. [WARMUP],WARMUP,1.011313,MID,0.00,False
1704061260.0,TREND,NO_GO,HOLD,0.00,NORMAL,PRO,DEFENSIVE,1.0,0.50,Aegean:FLAT(0.50)|Orion:FLAT(0.00),Regime: TREND (Orion 2x). Score: 0.00. [WARMUP],WARMUP,1.950723,MID,0.00,False
1704061320.0,TREND,NO_GO,HOLD,0.00,NORMAL,PRO,DEFENSIVE,1.0,0.50,Aegean:FLAT(0.50)|Orion:FLAT(0.00),Regime: TREND (Orion 2x). Score: 0.00. [WARMUP],WARMUP,1.903518,MID,0.00,False
1704061380.0,TREND,NO_GO,HOLD,0.00,NORMAL,PRO,DEFENSIVE,1.0,0.50,Aegean:FLAT(0.50)|Orion:FLAT(0.00),Regime: TREND (Orion 2x). Score: 0.00. [WARMUP],WARMUP,1.056069,MID,0.00,False
1704061440.0,TREND,NO_GO,HOLD,0.00,NORMAL,PRO,DEFENSIVE,1.0,0.50,Aegean:FLAT(0.50)|Orion:FLAT(0.00),Regime: TREND (Orion 2x). Score: 0.00. [WARMUP],WARMUP,0.570416,MID,0.00,False
1704061500.0,TREND,NO_GO,HOLD,0.00,NORMAL,PRO,DEFENSIVE,1.0,0.50,Aegean:FLAT(0.50)|Orion:FLAT(0.00),Regime: TREND (Orion 2x). Score: 0.00. [WARMUP],WARMUP,0.563595,MID,0.00,False
1704061560.0,TREND,NO_GO,HOLD,0.00,NORMAL,PRO,DEFENSIVE,1.0,0.50,Aegean:FLAT(0.50)|Orion:FLAT(0.00),Regime: TREND (Orion 2x). Score: 0.00. [WARMUP],WARMUP,2.464049,MID,0.00,False
1704061620.0,TREND,NO_GO,HOLD,0.00,NORMAL,PRO,DEFENSIVE,1.0,0.50,Aegean:FLAT(0.50)|Orion:FLAT(0.00),Regime: TREND (Orion 2x). Score: 0.00. [WARMUP],WARMUP,4.032569,TOP,0.00,False
1704061680.0,CHOP,NO_GO,HOLD,0.00,NORMAL,PRO,DEFENSIVE,1.0,0.50,Aegean:FLAT(0.50)|Orion:FLAT(0.00),Regime: CHOP (Reduced Weights). Score: 0.00. [WARMUP],WARMUP,2.700848,TOP,0.00,False
1704061740.0,CHOP,NO_GO,HOLD,0.00,NORMAL,PRO,DEFENSIVE,1.0,0.50,Aegean:FLAT(0.50)|Orion:FLAT(0.00),Regime: CHOP (Reduced Weights). Score: 0.00. [WARMUP],WARMUP,3.906536,TOP,0.00,False
1704061800.0,CHOP,NO_GO,HOLD,0.00,NORMAL,PRO,DEFENSIVE,1.0,0.50,Aegean:FLAT(0.30)|Orion:FLAT(0.00),Regime: CHOP (Reduced Weights). Score: 0.00. [WARMUP],WARMUP,4.946567,TOP,0.00,False
1704061860.0,CHOP,NO_GO,HOLD,0.00,NORMAL,PRO,DEFENSIVE,1.0,0.50,Aegean:FLAT(0.50)|Orion:FLAT(0.00),Regime: CHOP (Reduced Weights). Score: 0.00. [WARMUP],WARMUP,2.997744,TOP,0.00,False
1704061920.0,CHOP,NO_GO,HOLD,0.00,NORMAL,PRO,DEFENSIVE,1.0,0.50,Aegean:FLAT(0.50)|Orion:FLAT(0.00),Regime: CHOP (Reduced Weights). Score: 0.00. [WARMUP],WARMUP,2.636407,TOP,0.00,False
1704061980.0,CHOP,NO_GO,HOLD,0.00,NORMAL,PRO,DEFENSIVE,1.0,0.50,Aegean:FLAT(0.50)|Orion:FLAT(0.00),Regime: CHOP (Reduced Weights). Score: 0.00. [WARMUP],WARMUP,0.536163,MID,0.00,False
1704062040.0,CHOP,NO_GO,HOLD,0.00,NORMAL,PRO,DEFENSIVE,1.0,0.50,Aegean:FLAT(0.50)|Orion:FLAT(0.00),Regime: CHOP (Reduced Weights). Score: 0.00. [WARMUP],WARMUP,0.517709,MID,0.00,False
1704062100.0,CHOP,NO_GO,HOLD,0.00,NORMAL,PRO,DEFENSIVE,1.0,0.50,Aegean:FLAT(0.50)|Orion:FLAT(0.00),Regime: CHOP (Reduced Weights). Score: 0.00. [WARMUP],WARMUP,0.232227,MID,0.00,False
1704062160.0,CHOP,NO_GO,HOLD,0.00,NORMAL,PRO,DEFENSIVE,1.0,0.50,Aegean:FLAT(0.50)|Orion:FLAT(0.00),Regime: CHOP (Reduced Weights). Score: 0.00. [WARMUP],WARMUP,0.522383,MID,0.00,False
1704062220.0,CHOP,NO_GO,HOLD,0.00,NORMAL,PRO,DEFENSIVE,1.0,0.50,Aegean:FLAT(0.50)|Orion:FLAT(0.00),Regime: CHOP (Reduced Weights). Score: 0.00. [WARMUP],WARMUP,-2.268512,MID,0.00,False
1704062280.0,CHOP,NO_GO,HOLD,0.00,NORMAL,PRO,DEFENSIVE,1.0,0.50,Aegean:FLAT(0.50)|Orion:FLAT(0.00),Regime: CHOP (Reduced Weights). Score: 0.00. [WARMUP],WARMUP,-2.035224,MID,0.00,False
1704062340.0,CHOP,NO_GO,HOLD,13.33,NORMAL,PRO,DEFENSIVE,1.0,0.50,Aegean:FLAT(0.50)|Orion:LONG(0.20),Regime: CHOP (Reduced Weights). Score: 0.13. Low Conviction (<0.35).,LOW_CONVICTION,2.011720,MID,15.80,False
1704062400.0,CHOP,NO_GO,HOLD,13.33,NORMAL,PRO,DEFENSIVE,1.0,0.50,Aegean:FLAT(0.50)|Orion:LONG(0.20),Regime: CHOP (Reduced Weights). Score: 0.13. Low Conviction (<0.35).,LOW_CONVICTION,2.271038,MID,14.93,False
1704062460.0,CHOP,NO_GO,HOLD,13.33,NORMAL,PRO,DEFENSIVE,1.0,0.50,Aegean:FLAT(0.50)|Orion:LONG(0.20),Regime: CHOP (Reduced Weights). Score: 0.13. Low Conviction (<0.35).,LOW_CONVICTION,1.947842,MID,14.12,False
1704062520.0,CHOP,NO_GO,HOLD,13.33,NORMAL,PRO,DEFENSIVE,1.0,0.50,Aegean:FLAT(0.50)|Orion:LONG(0.20),Regime: CHOP (Reduced Weights). Score: 0.13. Low Conviction (<0.35).,LOW_CONVICTION,1.009295,MID,13.23,False
1704062580.0,CHOP,NO_GO,HOLD,13.33,NORMAL,PRO,DEFENSIVE,1.0,0.50,Aegean:FLAT(0.50)|Orion:SHORT(0.20),Regime: CHOP (Reduced Weights). Score: -0.13. Low Conviction (<0.35).,LOW_CONVICTION,-2.170548,MID,13.65,False
1704062640.0,CHOP,NO_GO,HOLD,13.33,NORMAL,PRO,DEFENSIVE,1.0,0.50,Aegean:FLAT(0.30)|Orion:SHORT(0.20),Regime: CHOP (Reduced Weights). Score: -0.13. Low Conviction (<0.35).,LOW_CONVICTION,-5.575003,DIP,15.09,False
1704062700.0,CHOP,NO_GO,HOLD,13.33,NORMAL,PRO,DEFENSIVE,1.0,0.50,Aegean:FLAT(0.30)|Orion:SHORT(0.20),Regime: CHOP (Reduced Weights). Score: -0.13. Low Conviction (<0.35).,LOW_CONVICTION,-10.932872,DIP,17.62,False
1704062760.0,CHOP,GO,SELL,36.67,NORMAL,PRO,DEFENSIVE,1.0,0.50,Aegean:SHORT(0.70)|Orion:SHORT(0.20),Regime: CHOP (Reduced Weights). Score: -0.37. Bearish Consensus.,,-7.071947,MID,19.96,False
1704062820.0,CHOP,NO_GO,HOLD,13.33,NORMAL,PRO,DEFENSIVE,1.0,0.50,Aegean:FLAT(0.30)|Orion:SHORT(0.20),Regime: CHOP (Reduced Weights). Score: -0.13. Low Conviction (<0.35).,LOW_CONVICTION,-8.400760,DIP,22.13,False
1704062880.0,TREND,NO_GO,HOLD,13.33,NORMAL,PRO,DEFENSIVE,1.0,0.50,Aegean:FLAT(0.30)|Orion:SHORT(0.20),Regime: TREND (Orion 2x). Score: -0.13. Low Conviction (<0.35).,LOW_CONVICTION,-7.161170,DIP,24.17,False
1704062940.0,TREND,NO_GO,HOLD,10.44,NORMAL,PRO,DEFENSIVE,1.0,0.50,Aegean:FLAT(0.30)|Orion:SHORT(0.16),Regime: TREND (Orion 2x). Score: -0.10. Low Conviction (<0.35).,LOW_CONVICTION,-7.621070,DIP,26.27,True
1704063000.0,TREND,NO_GO,HOLD,14.58,NORMAL,PRO,DEFENSIVE,1.0,0.50,Aegean:FLAT(0.30)|Orion:SHORT(0.22),Regime: TREND (Orion 2x). Score: -0.15. Low Conviction (<0.35).,LOW_CONVICTION,-9.607070,DIP,28.75,True
1704063060.0,TREND,NO_GO,HOLD,20.62,NORMAL,PRO,DEFENSIVE,1.0,0.50,Aegean:FLAT(0.30)|Orion:SHORT(0.31),Regime: TREND (Orion 2x). Score: -0.21. Low Conviction (<0.35).,LOW_CONVICTION,-25.290600,DIP,32.37,True
1704063120.0,TREND,GO,SELL,50.24,NORMAL,PRO,DEFENSIVE,1.0,0.50,Aegean:SHORT(0.70)|Orion:SHORT(0.40),Regime: TREND (Orion 2x). Score: -0.50. Bearish Consensus.,,-30.377764,MID,36.14,True
1704133980.0,TREND,NO_GO,HOLD,25.65,NORMAL,SCALE,DEFENSIVE,1.0,0.50,Aegean:FLAT(0.50)|Orion:LONG(0.38),Regime: TREND (Orion 2x). Score: 0.26. Low Conviction (<0.4).,LOW_CONVICTION,-2.644624,DIP,35.39,True
1704134040.0,TREND,NO_GO,HOLD,22.67,NORMAL,SCALE,DEFENSIVE,1.0,0.50,Aegean:FLAT(0.50)|Orion:LONG(0.34),Regime: TREND (Orion 2x). Score: 0.23. Low Conviction (<0.4).,LOW_CONVICTION,-2.068498,DIP,33.60,True
1704134100.0,TREND,NO_GO,HOLD,19.29,NORMAL,SCALE,DEFENSIVE,1.0,0.50,Aegean:FLAT(0.50)|Orion:LONG(0.29),Regime: TREND (Orion 2x). Score: 0.19. Low Conviction (<0.4).,LOW_CONVICTION,-2.527872,DIP,31.57,True
1704134160.0,TREND,NO_GO,HOLD,17.28,NORMAL,SCALE,DEFENSIVE,1.0,0.50,Aegean:FLAT(0.50)|Orion:LONG(0.26),Regime: TREND (Orion 2x). Score: 0.17. Low Conviction (<0.4).,LOW_CONVICTION,-2.331331,MID,30.37,True
1704134220.0,TREND,NO_GO,HOLD,13.69,NORMAL,SCALE,DEFENSIVE,1.0,0.50,Aegean:FLAT(0.50)|Orion:LONG(0.21),Regime: TREND (Orion 2x). Score: 0.14. Low Conviction (<0.4).,LOW_CONVICTION,0.899057,MID,28.21,True
1704134280.0,TREND,NO_GO,HOLD,11.54,NORMAL,SCALE,DEFENSIVE,1.0,0.50,Aegean:FLAT(0.50)|Orion:LONG(0.17),Regime: TREND (Orion 2x). Score: 0.12. Low Conviction (<0.4).,LOW_CONVICTION,3.098675,MID,26.92,True
1704134340.0,TREND,NO_GO,HOLD,9.75,NORMAL,SCALE,DEFENSIVE,1.0,0.50,Aegean:FLAT(0.50)|Orion:LONG(0.15),Regime: TREND (Orion 2x). Score: 0.10. Low Conviction (<0.4).,LOW_CONVICTION,2.137030,MID,25.85,True
1704134400.0,TREND,NO_GO,HOLD,13.33,NORMAL,SCALE,DEFENSIVE,1.0,0.50,Aegean:FLAT(0.50)|Orion:LONG(0.20),Regime: TREND (Orion 2x). Score: 0.13. Low Conviction (<0.4).,LOW_CONVICTION,1.733841,MID,24.69,False
1704134460.0,TREND,NO_GO,HOLD,13.33,NORMAL,SCALE,DEFENSIVE,1.0,0.50,Aegean:FLAT(0.50)|Orion:LONG(0.20),Regime: TREND (Orion 2x). Score: 0.13. Low Conviction (<0.4).,LOW_CONVICTION,2.674504,MID,23.94,False
1704134520.0,TREND,NO_GO,HOLD,13.33,NORMAL,SCALE,DEFENSIVE,1.0,0.50,Aegean:FLAT(0.30)|Orion:LONG(0.20),Regime: TREND (Orion 2x). Score: 0.13. Low Conviction (<0.4).,LOW_CONVICTION,5.812299,TOP,24.36,False
1704134580.0,TREND,NO_GO,HOLD,8.45,NORMAL,SCALE,DEFENSIVE,1.0,0.50,Aegean:FLAT(0.30)|Orion:LONG(0.13),Regime: TREND (Orion 2x). Score: 0.08. Low Conviction (<0.4).,LOW_CONVICTION,5.755687,TOP,25.07,True
1704134640.0,TREND,NO_GO,HOLD,9.36,NORMAL,SCALE,DEFENSIVE,1.0,0.50,Aegean:FLAT(0.30)|Orion:LONG(0.14),Regime: TREND (Orion 2x). Score: 0.09. Low Conviction (<0.4).,LOW_CONVICTION,6.185510,TOP,25.62,True
1704134700.0,TREND,NO_GO,HOLD,11.05,NORMAL,SCALE,DEFENSIVE,1.0,0.50,Aegean:FLAT(0.30)|Orion:LONG(0.17),Regime: TREND (Orion 2x). Score: 0.11. Low Conviction (<0.4).,LOW_CONVICTION,7.894634,TOP,26.63,True
1704134760.0,TREND,NO_GO,HOLD,35.44,NORMAL,SCALE,DEFENSIVE,1.0,0.50,Aegean:LONG(0.70)|Orion:LONG(0.18),Regime: TREND (Orion 2x). Score: 0.35. Low Conviction (<0.4).,LOW_CONVICTION,4.523361,MID,27.26,True
1704134820.0,TREND,NO_GO,HOLD,13.14,NORMAL,SCALE,DEFENSIVE,1.0,0.50,Aegean:FLAT(0.50)|Orion:LONG(0.20),Regime: TREND (Orion 2x). Score: 0.13. Low Conviction (<0.4).,LOW_CONVICTION,4.195833,MID,27.88,True
1704134880.0,TREND,NO_GO,HOLD,12.05,NORMAL,SCALE,DEFENSIVE,1.0,0.50,Aegean:FLAT(0.50)|Orion:LONG(0.18),Regime: TREND (Orion 2x). Score: 0.12. Low Conviction (<0.4).,LOW_CONVICTION,1.387159,MID,27.23,True
1704134940.0,TREND,NO_GO,HOLD,11.04,NORMAL,SCALE,DEFENSIVE,1.0,0.50,Aegean:FLAT(0.50)|Orion:LONG(0.17),Regime: TREND (Orion 2x). Score: 0.11. Low Conviction (<0.4).,LOW_CONVICTION,2.326325,MID,26.62,True
1704135000.0,TREND,NO_GO,HOLD,10.81,NORMAL,SCALE,DEFENSIVE,1.0,0.50,Aegean:FLAT(0.50)|Orion:LONG(0.16),Regime: TREND (Orion 2x). Score: 0.11. Low Conviction (<0.4).,LOW_CONVICTION,2.449442,MID,26.49,True
1704135060.0,TREND,NO_GO,HOLD,11.73,NORMAL,SCALE,DEFENSIVE,1.0,0.50,Aegean:FLAT(0.50)|Orion:LONG(0.18),Regime: TREND (Orion 2x). Score: 0.12. Low Conviction (<0.4).,LOW_CONVICTION,2.140934,MID,27.04,True
1704135120.0,TREND,NO_GO,HOLD,12.53,NORMAL,SCALE,DEFENSIVE,1.0,0.50,Aegean:FLAT(0.50)|Orion:LONG(0.19),Regime: TREND (Orion 2x). Score: 0.13. Low Conviction (<0.4).,LOW_CONVICTION,3.465649,TOP,27.52,True
1704135180.0,TREND,NO_GO,HOLD,13.27,NORMAL,SCALE,DEFENSIVE,1.0,0.50,Aegean:FLAT(0.50)|Orion:LONG(0.20),Regime: TREND (Orion 2x). Score: 0.13. Low Conviction (<0.4).,LOW_CONVICTION,1.796635,MID,27.96,True
1704135240.0,TREND,NO_GO,HOLD,13.27,NORMAL,SCALE,DEFENSIVE,1.0,0.50,Aegean:FLAT(0.50)|Orion:LONG(0.20),Regime: TREND (Orion 2x). Score: 0.13. Low Conviction (<0.4).,LOW_CONVICTION,0.718529,MID,27.96,True
1704135300.0,TREND,NO_GO,HOLD,12.93,NORMAL,SCALE,DEFENSIVE,1.0,0.50,Aegean:FLAT(0.50)|Orion:LONG(0.19),Regime: TREND (Orion 2x). Score: 0.13. Low Conviction (<0.4).,LOW_CONVICTION,0.329748,MID,27.76,True
1704135360.0,TREND,NO_GO,HOLD,10.61,NORMAL,SCALE,DEFENSIVE,1.0,0.50,Aegean:FLAT(0.50)|Orion:SHORT(0.16),Regime: TREND (Orion 2x). Score: -0.11. Low Conviction (<0.4).,LOW_CONVICTION,-3.236039,MID,26.37,True
1704135420.0,CHOP,NO_GO,HOLD,8.47,NORMAL,SCALE,DEFENSIVE,1.0,0.50,Aegean:FLAT(0.50)|Orion:SHORT(0.13),Regime: CHOP (Reduced Weights). Score: -0.08. Low Conviction (<0.4).,LOW_CONVICTION,-4.037939,DIP,25.08,True
1704135480.0,CHOP,NO_GO,HOLD,13.33,NORMAL,SCALE,DEFENSIVE,1.0,0.50,Aegean:FLAT(0.50)|Orion:LONG(0.20),Regime: CHOP (Reduced Weights). Score: 0.13. Low Conviction (<0.4).,LOW_CONVICTION,-0.887844,MID,23.34,False
1704135540.0,CHOP,NO_GO,HOLD,13.33,NORMAL,SCALE,DEFENSIVE,1.0,0.50,Aegean:FLAT(0.50)|Orion:LONG(0.20),Regime: CHOP (Reduced Weights). Score: 0.13. Low Conviction (<0.4).,LOW_CONVICTION,-0.818487,MID,21.81,False
1704135600.0,CHOP,NO_GO,HOLD,13.33,NORMAL,SCALE,DEFENSIVE,1.0,0.50,Aegean:FLAT(0.50)|Orion:LONG(0.20),Regime: CHOP (Reduced Weights). Score: 0.13. Low Conviction (<0.4).,LOW_CONVICTION,2.301975,MID,21.38,False
1704135660.0,CHOP,NO_GO,HOLD,13.33,NORMAL,SCALE,DEFENSIVE,1.0,0.50,Aegean:FLAT(0.50)|Orion:SHORT(0.20),Regime: CHOP (Reduced Weights). Score: -0.13. Low Conviction (<0.4).,LOW_CONVICTION,-1.661197,MID,20.64,False
1704135720.0,CHOP,NO_GO,HOLD,13.33,NORMAL,SCALE,DEFENSIVE,1.0,0.50,Aegean:FLAT(0.50)|Orion:LONG(0.20),Regime: CHOP (Reduced Weights). Score: 0.13. Low Conviction (<0.4).,LOW_CONVICTION,0.751218,MID,19.94,False
1704135780.0,CHOP,NO_GO,HOLD,13.33,NORMAL,SCALE,DEFENSIVE,1.0,0.50,Aegean:FLAT(0.50)|Orion:LONG(0.20),Regime: CHOP (Reduced Weights). Score: 0.13. Low Conviction (<0.4).,LOW_CONVICTION,3.254668,MID,20.15,False
1704135840.0,CHOP,NO_GO,HOLD,13.33,NORMAL,SCALE,DEFENSIVE,1.0,0.50,Aegean:FLAT(0.50)|Orion:LONG(0.20),Regime: CHOP (Reduced Weights). Score: 0.13. Low Conviction (<0.4).,LOW_CONVICTION,2.100147,MID,20.48,False
1704135900.0,CHOP,NO_GO,HOLD,13.33,NORMAL,SCALE,DEFENSIVE,1.0,0.50,Aegean:FLAT(0.50)|Orion:LONG(0.20),Regime: CHOP (Reduced Weights). Score: 0.13. Low Conviction (<0.4).,LOW_CONVICTION,3.867636,TOP,21.02,False
1704135960.0,CHOP,NO_GO,HOLD,13.33,NORMAL,SCALE,DEFENSIVE,1.0,0.50,Aegean:FLAT(0.50)|Orion:LONG(0.20),Regime: CHOP (Reduced Weights). Score: 0.13. Low Conviction (<0.4).,LOW_CONVICTION,3.859991,TOP,21.60,False
1704136020.0,CHOP,NO_GO,HOLD,13.33,NORMAL,SCALE,DEFENSIVE,1.0,0.50,Aegean:FLAT(0.30)|Orion:LONG(0.20),Regime: CHOP (Reduced Weights). Score: 0.13. Low Conviction (<0.4).,LOW_CONVICTION,4.696352,TOP,22.71,False
1704136080.0,TREND,NO_GO,HOLD,13.33,NORMAL,SCALE,DEFENSIVE,1.0,0.50,Aegean:FLAT(0.30)|Orion:LONG(0.20),Regime: TREND (Orion 2x). Score: 0.13. Low Conviction (<0.4).,LOW_CONVICTION,4.540830,TOP,23.71,False
1704136140.0,CHOP,NO_GO,HOLD,13.33,NORMAL,SCALE,DEFENSIVE,1.0,0.50,Aegean:FLAT(0.50)|Orion:LONG(0.20),Regime: CHOP (Reduced Weights). Score: 0.13. Low Conviction (<0.4).,LOW_CONVICTION,2.539538,MID,23.54,False
1704136200.0,TREND,NO_GO,HOLD,13.33,NORMAL,SCALE,DEFENSIVE,1.0,0.50,Aegean:FLAT(0.50)|Orion:LONG(0.20),Regime: TREND (Orion 2x). Score: 0.13. Low Conviction (<0.4).,LOW_CONVICTION,0.701877,MID,22.83,False
1704136260.0,CHOP,NO_GO,HOLD,13.33,NORMAL,SCALE,DEFENSIVE,1.0,0.50,Aegean:FLAT(0.50)|Orion:LONG(0.20),Regime: CHOP (Reduced Weights). Score: 0.13. Low Conviction (<0.4).,LOW_CONVICTION,1.021878,MID,21.56,False
1704136320.0,CHOP,NO_GO,HOLD,13.33,NORMAL,SCALE,DEFENSIVE,1.0,0.50,Aegean:FLAT(0.50)|Orion:LONG(0.20),Regime: CHOP (Reduced Weights). Score: 0.13. Low Conviction (<0.4).,LOW_CONVICTION,1.351378,MID,20.14,False
1704136380.0,CHOP,NO_GO,HOLD,13.33,NORMAL,SCALE,DEFENSIVE,1.0,0.50,Aegean:FLAT(0.50)|Orion:LONG(0.20),Regime: CHOP (Reduced Weights). Score: 0.13. Low Conviction (<0.4).,LOW_CONVICTION,1.215892,MID,18.86,False
1704136440.0,CHOP,NO_GO,HOLD,13.33,NORMAL,SCALE,DEFENSIVE,1.0,0.50,Aegean:FLAT(0.50)|Orion:LONG(0.20),Regime: CHOP (Reduced Weights). Score: 0.13. Low Conviction (<0.4).,LOW_CONVICTION,2.995256,TOP,18.21,False
1704136500.0,CHOP,NO_GO,HOLD,13.33,NORMAL,SCALE,DEFENSIVE,1.0,0.50,Aegean:FLAT(0.50)|Orion:LONG(0.20),Regime: CHOP (Reduced Weights). Score: 0.13. Low Conviction (<0.4).,LOW_CONVICTION,2.433628,TOP,18.02,False
1704136560.0,CHOP,NO_GO,HOLD,13.33,NORMAL,SCALE,DEFENSIVE,1.0,0.50,Aegean:FLAT(0.50)|Orion:LONG(0.20),Regime: CHOP (Reduced Weights). Score: 0.13. Low Conviction (<0.4).,LOW_CONVICTION,-0.603061,MID,16.92,False
1704136620.0,CHOP,NO_GO,HOLD,13.33,NORMAL,SCALE,DEFENSIVE,1.0,0.50,Aegean:FLAT(0.50)|Orion:LONG(0.20),Regime: CHOP (Reduced Weights). Score: 0.13. Low Conviction (<0.4).,LOW_CONVICTION,2.216847,TOP,15.77,False
1704136680.0,CHOP,NO_GO,HOLD,13.33,NORMAL,SCALE,DEFENSIVE,1.0,0.50,Aegean:FLAT(0.50)|Orion:LONG(0.20),Regime: CHOP (Reduced Weights). Score: 0.13. Low Conviction (<0.4).,LOW_CONVICTION,1.128455,MID,14.75,False
1704136740.0,CHOP,NO_GO,HOLD,13.33,NORMAL,SCALE,DEFENSIVE,1.0,0.50,Aegean:FLAT(0.50)|Orion:LONG(0.20),Regime: CHOP (Reduced Weights). Score: 0.13. Low Conviction (<0.4).,LOW_CONVICTION,2.343124,TOP,13.86,False
1704136800.0,CHOP,NO_GO,HOLD,13.33,NORMAL,SCALE,DEFENSIVE,1.0,0.50,Aegean:FLAT(0.50)|Orion:LONG(0.20),Regime: CHOP (Reduced Weights). Score: 0.13. Low Conviction (<0.4).,LOW_CONVICTION,2.215006,TOP,13.45,False
1704136860.0,CHOP,NO_GO,HOLD,13.33,NORMAL,SCALE,DEFENSIVE,1.0,0.50,Aegean:FLAT(0.50)|Orion:LONG(0.20),Regime: CHOP (Reduced Weights). Score: 0.13. Low Conviction (<0.4).,LOW_CONVICTION,2.920103,TOP,13.13,False
1704136920.0,CHOP,NO_GO,HOLD,13.33,NORMAL,SCALE,DEFENSIVE,1.0,0.50,Aegean:FLAT(0.50)|Orion:LONG(0.20),Regime: CHOP (Reduced Weights). Score: 0.13. Low Conviction (<0.4).,LOW_CONVICTION,3.243108,TOP,13.12,False
1704136980.0,CHOP,NO_GO,HOLD,13.33,NORMAL,SCALE,DEFENSIVE,1.0,0.50,Aegean:FLAT(0.50)|Orion:LONG(0.20),Regime: CHOP (Reduced Weights). Score: 0.13. Low Conviction (<0.4).,LOW_CONVICTION,2.915997,TOP,13.12,False
1704137040.0,CHOP,NO_GO,HOLD,13.33,NORMAL,SCALE,DEFENSIVE,1.0,0.50,Aegean:FLAT(0.50)|Orion:LONG(0.20),Regime: CHOP (Reduced Weights). Score: 0.13. Low Conviction (<0.4).,LOW_CONVICTION,3.451425,TOP,13.52,False
1704137100.0,CHOP,NO_GO,HOLD,13.33,NORMAL,SCALE,DEFENSIVE,1.0,0.50,Aegean:FLAT(0.50)|Orion:LONG(0.20),Regime: CHOP (Reduced Weights). Score: 0.13. Low Conviction (<0.4).,LOW_CONVICTION,3.565059,TOP,14.28,False
1704137160.0,CHOP,NO_GO,HOLD,13.33,NORMAL,SCALE,DEFENSIVE,1.0,0.50,Aegean:FLAT(0.50)|Orion:LONG(0.20),Regime: CHOP (Reduced Weights). Score: 0.13. Low Conviction (<0.4).,LOW_CONVICTION,2.075953,MID,14.17,False
1704137220.0,CHOP,NO_GO,HOLD,13.33,NORMAL,SCALE,DEFENSIVE,1.0,0.50,Aegean:FLAT(0.50)|Orion:LONG(0.20),Regime: CHOP (Reduced Weights). Score: 0.13. Low Conviction (<0.4).,LOW_CONVICTION,2.078679,MID,14.08,False
1704137280.0,CHOP,NO_GO,HOLD,13.33,NORMAL,SCALE,DEFENSIVE,1.0,0.50,Aegean:FLAT(0.30)|Orion:LONG(0.20),Regime: CHOP (Reduced Weights). Score: 0.13. Low Conviction (<0.4).,LOW_CONVICTION,8.268136,TOP,16.11,False
1704137340.0,CHOP,NO_GO,HOLD,36.67,NORMAL,SCALE,DEFENSIVE,1.0,0.50,Aegean:LONG(0.70)|Orion:LONG(0.20),Regime: CHOP (Reduced Weights). Score: 0.37. Low Conviction (<0.4).,LOW_CONVICTION,6.713796,MID,18.90,False
1704137400.0,CHOP,NO_GO,HOLD,36.67,NORMAL,SCALE,DEFENSIVE,1.0,0.50,Aegean:LONG(0.70)|Orion:LONG(0.20),Regime: CHOP (Reduced Weights). Score: 0.37. Low Conviction (<0.4).,LOW_CONVICTION,4.874387,MID,20.49,False
1704137460.0,CHOP,NO_GO,HOLD,36.67,NORMAL,SCALE,DEFENSIVE,1.0,0.50,Aegean:LONG(0.70)|Orion:LONG(0.20),Regime: CHOP (Reduced Weights). Score: 0.37. Low Conviction (<0.4).,LOW_CONVICTION,6.336686,MID,21.63,False
1704137520.0,TREND,NO_GO,HOLD,13.33,NORMAL,SCALE,DEFENSIVE,1.0,0.50,Aegean:FLAT(0.30)|Orion:LONG(0.20),Regime: TREND (Orion 2x). Score: 0.13. Low Conviction (<0.4).,LOW_CONVICTION,12.810655,TOP,24.22,False
1704137580.0,TREND,NO_GO,HOLD,34.58,NORMAL,SCALE,DEFENSIVE,1.0,0.50,Aegean:LONG(0.70)|Orion:LONG(0.17),Regime: TREND (Orion 2x). Score: 0.35. Low Conviction (<0.4).,LOW_CONVICTION,10.465927,MID,26.75,True
1704137640.0,TREND,NO_GO,HOLD,38.90,NORMAL,SCALE,DEFENSIVE,1.0,0.50,Aegean:LONG(0.70)|Orion:LONG(0.23),Regime: TREND (Orion 2x). Score: 0.39. Low Conviction (<0.4).,LOW_CONVICTION,12.903330,MID,29.34,True
1704137700.0,TREND,GO,BUY,42.90,NORMAL,SCALE,DEFENSIVE,1.0,0.50,Aegean:LONG(0.70)|Orion:LONG(0.29),Regime: TREND (Orion 2x). Score: 0.43. Bullish Consensus.,,10.205824,MID,31.74,True
1704137760.0,TREND,GO,BUY,45.05,NORMAL,SCALE,DEFENSIVE,1.0,0.50,Aegean:LONG(0.70)|Orion:LONG(0.33),Regime: TREND (Orion 2x). Score: 0.45. Bullish Consensus.,,6.790158,MID,33.03,True
1704137820.0,TREND,GO,BUY,46.06,NORMAL,SCALE,DEFENSIVE,1.0,0.50,Aegean:LONG(0.70)|Orion:LONG(0.34),Regime: TREND (Orion 2x). Score: 0.46. Bullish Consensus.,,7.237084,MID,33.63,True
1704137880.0,TREND,GO,BUY,47.98,NORMAL,SCALE,DEFENSIVE,1.0,0.50,Aegean:LONG(0.70)|Orion:LONG(0.37),Regime: TREND (Orion 2x). Score: 0.48. Bullish Consensus.,,9.611647,MID,34.79,True
1704137940.0,TREND,NO_GO,HOLD,26.89,NORMAL,SCALE,DEFENSIVE,1.0,0.50,Aegean:FLAT(0.30)|Orion:LONG(0.40),Regime: TREND (Orion 2x). Score: 0.27. Low Conviction (<0.4).,LOW_CONVICTION,11.075910,TOP,36.14,True
1704138000.0,TREND,NO_GO,HOLD,26.80,NORMAL,SCALE,DEFENSIVE,1.0,0.50,Aegean:FLAT(0.50)|Orion:LONG(0.40),Regime: TREND (Orion 2x). Score: 0.27. Low Conviction (<0.4).,LOW_CONVICTION,3.638595,MID,36.08,True
1704138060.0,TREND,GO,BUY,50.05,NORMAL,SCALE,DEFENSIVE,1.0,0.50,Aegean:LONG(0.70)|Orion:LONG(0.40),Regime: TREND (Orion 2x). Score: 0.50. Bullish Consensus.,,4.684167,MID,36.03,True
1704138120.0,TREND,GO,BUY,50.07,NORMAL,SCALE,DEFENSIVE,1.0,0.50,Aegean:LONG(0.70)|Orion:LONG(0.40),Regime: TREND (Orion 2x). Score: 0.50. Bullish Consensus.,,6.193264,MID,36.04,True
1704138180.0,TREND,NO_GO,HOLD,27.42,NORMAL,SCALE,DEFENSIVE,1.0,0.50,Aegean:FLAT(0.30)|Orion:LONG(0.41),Regime: TREND (Orion 2x). Score: 0.27. Low Conviction (<0.4).,LOW_CONVICTION,7.347516,TOP,36.45,True
1704138240.0,TREND,NO_GO,HOLD,28.37,NORMAL,SCALE,DEFENSIVE,1.0,0.50,Aegean:FLAT(0.30)|Orion:LONG(0.43),Regime: TREND (Orion 2x). Score: 0.28. Low Conviction (<0.4).,LOW_CONVICTION,7.826119,TOP,37.02,True
1704138300.0,TREND,NO_GO,HOLD,29.73,NORMAL,SCALE,DEFENSIVE,1.0,0.50,Aegean:FLAT(0.30)|Orion:LONG(0.45),Regime: TREND (Orion 2x). Score: 0.30. Low Conviction (<0.4).,LOW_CONVICTION,9.161591,TOP,37.84,True
1704138360.0,TREND,NO_GO,HOLD,31.40,NORMAL,SCALE,DEFENSIVE,1.0,0.50,Aegean:FLAT(0.30)|Orion:LONG(0.47),Regime: TREND (Orion 2x). Score: 0.31. Low Conviction (<0.4).,LOW_CONVICTION,9.945319,TOP,38.84,True
1704138420.0,TREND,NO_GO,HOLD,33.60,NORMAL,SCALE,DEFENSIVE,1.0,0.50,Aegean:FLAT(0.30)|Orion:LONG(0.50),Regime: TREND (Orion 2x). Score: 0.34. Low Conviction (<0.4).,LOW_CONVICTION,11.565443,TOP,40.16,True
1704138480.0,TREND,NO_GO,HOLD,36.25,NORMAL,SCALE,DEFENSIVE,1.0,0.50,Aegean:FLAT(0.30)|Orion:LONG(0.54),Regime: TREND (Orion 2x). Score: 0.36. Low Conviction (<0.4).,LOW_CONVICTION,12.922306,TOP,41.75,True
1704138540.0,TREND,NO_GO,HOLD,38.66,NORMAL,SCALE,DEFENSIVE,1.0,0.50,Aegean:FLAT(0.30)|Orion:LONG(0.58),Regime: TREND (Orion 2x). Score: 0.39. Low Conviction (<0.4).,LOW_CONVICTION,9.332444,TOP,43.19,True
1704138600.0,TREND,GO,BUY,40.48,NORMAL,SCALE,DEFENSIVE,1.0,0.50,Aegean:FLAT(0.30)|Orion:LONG(0.61),Regime: TREND (Orion 2x). Score: 0.40. Bullish Consensus.,,10.751914,TOP,44.29,True
1704138660.0,TREND,GO,BUY,42.63,NORMAL,SCALE,DEFENSIVE,1.0,0.50,Aegean:FLAT(0.30)|Orion:LONG(0.64),Regime: TREND (Orion 2x). Score: 0.43. Bullish Consensus.,,11.594348,TOP,45.58,True
1704138720.0,TREND,GO,BUY,45.04,NORMAL,SCALE,DEFENSIVE,1.0,0.50,Aegean:FLAT(0.30)|Orion:LONG(0.68),Regime: TREND (Orion 2x). Score: 0.45. Bullish Consensus.,,10.676791,TOP,47.02,True
1704138780.0,TREND,GO,BUY,46.03,NORMAL,SCALE,DEFENSIVE,1.0,0.50,Aegean:FLAT(0.30)|Orion:LONG(0.69),Regime: TREND (Orion 2x). Score: 0.46. Bullish Consensus.,,11.528651,TOP,47.62,True
1704138840.0,TREND,GO,BUY,47.21,NORMAL,SCALE,DEFENSIVE,1.0,0.50,Aegean:FLAT(0.30)|Orion:LONG(0.71),Regime: TREND (Orion 2x). Score: 0.47. Bullish Consensus.,,10.420105,TOP,48.33,True
1704138900.0,TREND,GO,BUY,68.35,NORMAL,SCALE,DEFENSIVE,1.0,0.50,Aegean:LONG(0.70)|Orion:LONG(0.68),Regime: TREND (Orion 2x). Score: 0.68. Bullish Consensus.,,5.031645,MID,47.01,True
1704138960.0,TREND,GO,BUY,42.85,NORMAL,SCALE,DEFENSIVE,1.0,0.50,Aegean:FLAT(0.50)|Orion:LONG(0.64),Regime: TREND (Orion 2x). Score: 0.43. Bullish Consensus.,,2.969108,MID,45.71,True
1704139020.0,TREND,GO,BUY,62.88,NORMAL,SCALE,DEFENSIVE,1.0,0.50,Aegean:LONG(0.70)|Orion:LONG(0.59),Regime: TREND (Orion 2x). Score: 0.63. Bullish Consensus.,,4.482378,MID,43.73,True
1704139080.0,TREND,NO_GO,HOLD,37.65,NORMAL,SCALE,DEFENSIVE,1.0,0.50,Aegean:FLAT(0.30)|Orion:LONG(0.56),Regime: TREND (Orion 2x). Score: 0.38. Low Conviction (<0.4).,LOW_CONVICTION,8.196491,TOP,42.59,True
1704139140.0,TREND,NO_GO,HOLD,35.88,NORMAL,SCALE,DEFENSIVE,1.0,0.50,Aegean:FLAT(0.30)|Orion:LONG(0.54),Regime: TREND (Orion 2x). Score: 0.36. Low Conviction (<0.4).,LOW_CONVICTION,6.507775,TOP,41.53,True
1704139200.0,TREND,NO_GO,HOLD,36.32,NORMAL,SCALE,DEFENSIVE,1.0,0.50,Aegean:FLAT(0.30)|Orion:LONG(0.54),Regime: TREND (Orion 2x). Score: 0.36. Low Conviction (<0.4).,LOW_CONVICTION,14.318556,TOP,41.79,True
1704139260.0,TREND,GO,BUY,60.93,NORMAL,SCALE,DEFENSIVE,1.0,0.50,Aegean:LONG(0.70)|Orion:LONG(0.56),Regime: TREND (Orion 2x). Score: 0.61. Bullish Consensus.,,12.408262,MID,42.56,True
1704139320.0,TREND,GO,BUY,61.70,NORMAL,SCALE,DEFENSIVE,1.0,0.50,Aegean:LONG(0.70)|Orion:LONG(0.58),Regime: TREND (Orion 2x). Score: 0.62. Bullish Consensus.,,9.948409,MID,43.02,True
1704139380.0,TREND,NO_GO,HOLD,39.56,NORMAL,SCALE,DEFENSIVE,1.0,0.50,Aegean:FLAT(0.30)|Orion:LONG(0.59),Regime: TREND (Orion 2x). Score: 0.40. Low Conviction (<0.4).,LOW_CONVICTION,14.836942,TOP,43.74,True
1704139440.0,TREND,GO,BUY,41.12,NORMAL,SCALE,DEFENSIVE,1.0,0.50,Aegean:FLAT(0.30)|Orion:LONG(0.62),Regime: TREND (Orion 2x). Score: 0.41. Bullish Consensus.,,16.985507,TOP,44.67,True
1704139500.0,TREND,GO,BUY,41.01,NORMAL,SCALE,DEFENSIVE,1.0,0.50,Aegean:FLAT(0.30)|Orion:LONG(0.62),Regime: TREND (Orion 2x). Score: 0.41. Bullish Consensus.,,15.390004,TOP,44.60,True
1704139560.0,TREND,GO,BUY,41.09,NORMAL,SCALE,DEFENSIVE,1.0,0.50,Aegean:FLAT(0.30)|Orion:LONG(0.62),Regime: TREND (Orion 2x). Score: 0.41. Bullish Consensus.,,13.666015,TOP,44.65,True
1704139620.0,TREND,GO,BUY,40.45,NORMAL,SCALE,DEFENSIVE,1.0,0.50,Aegean:FLAT(0.30)|Orion:LONG(0.61),Regime: TREND (Orion 2x). Score: 0.40. Bullish Consensus.,,12.244694,TOP,44.27,True
1704139680.0,TREND,NO_GO,HOLD,39.98,NORMAL,SCALE,DEFENSIVE,1.0,0.50,Aegean:FLAT(0.30)|Orion:LONG(0.60),Regime: TREND (Orion 2x). Score: 0.40. Low Conviction (<0.4).,LOW_CONVICTION,11.705295,TOP,43.99,True
1704139740.0,TREND,NO_GO,HOLD,39.50,NORMAL,SCALE,DEFENSIVE,1.0,0.50,Aegean:FLAT(0.30)|Orion:LONG(0.59),Regime: TREND (Orion 2x). Score: 0.39. Low Conviction (<0.4).,LOW_CONVICTION,10.812812,TOP,43.70,True
1704139800.0,TREND,NO_GO,HOLD,39.74,NORMAL,SCALE,DEFENSIVE,1.0,0.50,Aegean:FLAT(0.30)|Orion:LONG(0.60),Regime: TREND (Orion 2x). Score: 0.40. Low Conviction (<0.4).,LOW_CONVICTION,13.311094,TOP,43.84,True
1704139860.0,TREND,NO_GO,HOLD,39.96,NORMAL,SCALE,DEFENSIVE,1.0,0.50,Aegean:FLAT(0.30)|Orion:LONG(0.60),Regime: TREND (Orion 2x). Score: 0.40. Low Conviction (<0.4).,LOW_CONVICTION,10.388758,TOP,43.98,True
1704139920.0,TREND,NO_GO,HOLD,39.81,NORMAL,SCALE,DEFENSIVE,1.0,0.50,Aegean:FLAT(0.30)|Orion:LONG(0.60),Regime: TREND (Orion 2x). Score: 0.40. Low Conviction (<0.4).,LOW_CONVICTION,8.847115,TOP,43.89,True
1704139980.0,TREND,GO,BUY,40.46,NORMAL,SCALE,DEFENSIVE,1.0,0.50,Aegean:FLAT(0.30)|Orion:LONG(0.61),Regime: TREND (Orion 2x). Score: 0.40. Bullish Consensus.,,10.179244,TOP,44.28,True
1704140040.0,TREND,NO_GO,HOLD,37.51,NORMAL,SCALE,DEFENSIVE,1.0,0.50,Aegean:FLAT(0.50)|Orion:LONG(0.56),Regime: TREND (Orion 2x). Score: 0.38. Low Conviction (<0.4).,LOW_CONVICTION,0.892330,MID,42.51,True
1704140100.0,TREND,NO_GO,HOLD,34.40,NORMAL,SCALE,DEFENSIVE,1.0,0.50,Aegean:FLAT(0.50)|Orion:LONG(0.52),Regime: TREND (Orion 2x). Score: 0.34. Low Conviction (<0.4).,LOW_CONVICTION,3.436123,MID,40.64,True
1704140160.0,TREND,NO_GO,HOLD,31.98,NORMAL,SCALE,DEFENSIVE,1.0,0.50,Aegean:FLAT(0.50)|Orion:LONG(0.48),Regime: TREND (Orion 2x). Score: 0.32. Low Conviction (<0.4).,LOW_CONVICTION,1.459966,MID,39.19,True
1704140220.0,TREND,NO_GO,HOLD,29.68,NORMAL,SCALE,DEFENSIVE,1.0,0.50,Aegean:FLAT(0.50)|Orion:LONG(0.45),Regime: TREND (Orion 2x). Score: 0.30. Low Conviction (<0.4).,LOW_CONVICTION,0.659106,MID,37.81,True
1704140280.0,TREND,NO_GO,HOLD,25.34,NORMAL,SCALE,DEFENSIVE,1.0,0.50,Aegean:FLAT(0.50)|Orion:LONG(0.38),Regime: TREND (Orion 2x). Score: 0.25. Low Conviction (<0.4).,LOW_CONVICTION,-0.303430,MID,35.20,True
1704140340.0,TREND,NO_GO,HOLD,21.28,NORMAL,SCALE,DEFENSIVE,1.0,0.50,Aegean:FLAT(0.50)|Orion:LONG(0.32),Regime: TREND (Orion 2x). Score: 0.21. Low Conviction (<0.4).,LOW_CONVICTION,-3.361337,MID,32.77,True
1704140400.0,TREND,NO_GO,HOLD,17.48,NORMAL,SCALE,DEFENSIVE,1.0,0.50,Aegean:FLAT(0.50)|Orion:LONG(0.26),Regime: TREND (Orion 2x). Score: 0.17. Low Conviction (<0.4).,LOW_CONVICTION,-0.811196,MID,30.49,True
1704140460.0,TREND,NO_GO,HOLD,14.09,NORMAL,SCALE,DEFENSIVE,1.0,0.50,Aegean:FLAT(0.30)|Orion:LONG(0.21),Regime: TREND (Orion 2x). Score: 0.14. Low Conviction (<0.4).,LOW_CONVICTION,-4.410617,DIP,28.46,True
1704140520.0,TREND,NO_GO,HOLD,12.30,NORMAL,SCALE,DEFENSIVE,1.0,0.50,Aegean:FLAT(0.30)|Orion:LONG(0.18),Regime: TREND (Orion 2x). Score: 0.12. Low Conviction (<0.4).,LOW_CONVICTION,-5.403510,DIP,27.38,True
1704140580.0,TREND,NO_GO,HOLD,10.66,NORMAL,SCALE,DEFENSIVE,1.0,0.50,Aegean:FLAT(0.50)|Orion:LONG(0.16),Regime: TREND (Orion 2x). Score: 0.11. Low Conviction (<0.4).,LOW_CONVICTION,-4.266780,DIP,26.40,True
1704140640.0,TREND,NO_GO,HOLD,8.59,NORMAL,SCALE,DEFENSIVE,1.0,0.50,Aegean:FLAT(0.50)|Orion:LONG(0.13),Regime: TREND (Orion 2x). Score: 0.09. Low Conviction (<0.4).,LOW_CONVICTION,1.418412,MID,25.15,True
1704140700.0,TREND,NO_GO,HOLD,36.67,NORMAL,SCALE,DEFENSIVE,1.0,0.50,Aegean:LONG(0.70)|Orion:LONG(0.20),Regime: TREND (Orion 2x). Score: 0.37. Low Conviction (<0.4).,LOW_CONVICTION,4.875124,MID,24.85,False
1704140760.0,TREND,NO_GO,HOLD,13.33,NORMAL,SCALE,DEFENSIVE,1.0,0.50,Aegean:FLAT(0.50)|Orion:LONG(0.20),Regime: TREND (Orion 2x). Score: 0.13. Low Conviction (<0.4).,LOW_CONVICTION,2.641802,MID,24.55,False
1704140820.0,TREND,NO_GO,HOLD,13.33,NORMAL,SCALE,DEFENSIVE,1.0,0.50,Aegean:FLAT(0.50)|Orion:LONG(0.20),Regime: TREND (Orion 2x). Score: 0.13. Low Conviction (<0.4).,LOW_CONVICTION,4.059337,MID,24.34,False
1704140880.0,TREND,NO_GO,HOLD,36.67,NORMAL,SCALE,DEFENSIVE,1.0,0.50,Aegean:LONG(0.70)|Orion:LONG(0.20),Regime: TREND (Orion 2x). Score: 0.37. Low Conviction (<0.4).,LOW_CONVICTION,5.932411,MID,24.87,False
1704140940.0,TREND,NO_GO,HOLD,32.24,NORMAL,SCALE,DEFENSIVE,1.0,0.50,Aegean:LONG(0.70)|Orion:LONG(0.13),Regime: TREND (Orion 2x). Score: 0.32. Low Conviction (<0.4).,LOW_CONVICTION,5.277831,MID,25.35,True
1704141000.0,TREND,NO_GO,HOLD,33.81,NORMAL,SCALE,DEFENSIVE,1.0,0.50,Aegean:LONG(0.70)|Orion:LONG(0.16),Regime: TREND (Orion 2x). Score: 0.34. Low Conviction (<0.4).,LOW_CONVICTION,7.287841,MID,26.29,True
1704141060.0,TREND,NO_GO,HOLD,35.27,NORMAL,SCALE,DEFENSIVE,1.0,0.50,Aegean:LONG(0.70)|Orion:LONG(0.18),Regime: TREND (Orion 2x). Score: 0.35. Low Conviction (<0.4).,LOW_CONVICTION,6.589995,MID,27.16,True
1704141120.0,TREND,NO_GO,HOLD,10.47,NORMAL,SCALE,DEFENSIVE,1.0,0.50,Aegean:FLAT(0.50)|Orion:LONG(0.16),Regime: TREND (Orion 2x). Score: 0.10. Low Conviction (<0.4).,LOW_CONVICTION,0.965812,MID,26.28,True
1704141180.0,TREND,NO_GO,HOLD,13.33,NORMAL,SCALE,DEFENSIVE,1.0,0.50,Aegean:FLAT(0.50)|Orion:LONG(0.20),Regime: TREND (Orion 2x). Score: 0.13. Low Conviction (<0.4).,LOW_CONVICTION,2.634156,MID,24.96,False
1704141240.0,TREND,NO_GO,HOLD,13.33,NORMAL,SCALE,DEFENSIVE,1.0,0.50,Aegean:FLAT(0.50)|Orion:LONG(0.20),Regime: TREND (Orion 2x). Score: 0.13. Low Conviction (<0.4).,LOW_CONVICTION,0.877859,MID,23.73,False
1704141300.0,CHOP,NO_GO,HOLD,13.33,NORMAL,SCALE,DEFENSIVE,1.0,0.50,Aegean:FLAT(0.50)|Orion:LONG(0.20),Regime: CHOP (Reduced Weights). Score: 0.13. Low Conviction (<0.4).,LOW_CONVICTION,2.728865,MID,22.92,False
1704141360.0,CHOP,NO_GO,HOLD,13.33,NORMAL,SCALE,DEFENSIVE,1.0,0.50,Aegean:FLAT(0.50)|Orion:LONG(0.20),Regime: CHOP (Reduced Weights). Score: 0.13. Low Conviction (<0.4).,LOW_CONVICTION,0.060717,MID,21.40,False
1704141420.0,CHOP,NO_GO,HOLD,13.33,NORMAL,SCALE,DEFENSIVE,1.0,0.50,Aegean:FLAT(0.50)|Orion:LONG(0.20),Regime: CHOP (Reduced Weights). Score: 0.13. Low Conviction (<0.4).,LOW_CONVICTION,-1.326295,MID,19.97,False
1704141480.0,CHOP,NO_GO,HOLD,13.33,NORMAL,SCALE,DEFENSIVE,1.0,0.50,Aegean:FLAT(0.50)|Orion:LONG(0.20),Regime: CHOP (Reduced Weights). Score: 0.13. Low Conviction (<0.4).,LOW_CONVICTION,0.230674,MID,18.70,False
1704141540.0,CHOP,NO_GO,HOLD,13.33,NORMAL,SCALE,DEFENSIVE,1.0,0.50,Aegean:FLAT(0.50)|Orion:LONG(0.20),Regime: CHOP (Reduced Weights). Score: 0.13. Low Conviction (<0.4).,LOW_CONVICTION,-0.181793,MID,17.86,False
1704141600.0,CHOP,NO_GO,HOLD,13.33,NORMAL,SCALE,DEFENSIVE,1.0,0.50,Aegean:FLAT(0.50)|Orion:LONG(0.20),Regime: CHOP (Reduced Weights). Score: 0.13. Low Conviction (<0.4).,LOW_CONVICTION,3.988205,TOP,17.49,False
1704141660.0,CHOP,NO_GO,HOLD,13.33,NORMAL,SCALE,DEFENSIVE,1.0,0.50,Aegean:FLAT(0.50)|Orion:LONG(0.20),Regime: CHOP (Reduced Weights). Score: 0.13. Low Conviction (<0.4).,LOW_CONVICTION,3.924639,TOP,17.13,False
1704141720.0,CHOP,NO_GO,HOLD,13.33,NORMAL,SCALE,DEFENSIVE,1.0,0.50,Aegean:FLAT(0.50)|Orion:LONG(0.20),Regime: CHOP (Reduced Weights). Score: 0.13. Low Conviction (<0.4).,LOW_CONVICTION,2.037528,MID,16.62,False
1704141780.0,CHOP,NO_GO,HOLD,13.33,NORMAL,SCALE,DEFENSIVE,1.0,0.50,Aegean:FLAT(0.30)|Orion:LONG(0.20),Regime: CHOP (Reduced Weights). Score: 0.13. Low Conviction (<0.4).,LOW_CONVICTION,4.757173,TOP,16.66,False
1704141840.0,CHOP,NO_GO,HOLD,13.33,NORMAL,SCALE,DEFENSIVE,1.0,0.50,Aegean:FLAT(0.30)|Orion:LONG(0.20),Regime: CHOP (Reduced Weights). Score: 0.13. Low Conviction (<0.4).,LOW_CONVICTION,10.663176,TOP,18.06,False
1704141900.0,CHOP,NO_GO,HOLD,36.67,NORMAL,SCALE,DEFENSIVE,1.0,0.50,Aegean:LONG(0.70)|Orion:LONG(0.20),Regime: CHOP (Reduced Weights). Score: 0.37. Low Conviction (<0.4).,LOW_CONVICTION,8.476594,MID,19.79,False
1704141960.0,CHOP,NO_GO,HOLD,13.33,NORMAL,SCALE,DEFENSIVE,1.0,0.50,Aegean:FLAT(0.30)|Orion:LONG(0.20),Regime: CHOP (Reduced Weights). Score: 0.13. Low Conviction (<0.4).,LOW_CONVICTION,11.050060,TOP,21.00,False
1704142020.0,CHOP,NO_GO,HOLD,13.33,NORMAL,SCALE,DEFENSIVE,1.0,0.50,Aegean:FLAT(0.30)|Orion:LONG(0.20),Regime: CHOP (Reduced Weights). Score: 0.13. Low Conviction (<0.4).,LOW_CONVICTION,8.919623,TOP,22.12,False
1704142080.0,TREND,NO_GO,HOLD,36.67,NORMAL,SCALE,DEFENSIVE,1.0,0.50,Aegean:LONG(0.70)|Orion:LONG(0.20),Regime: TREND (Orion 2x). Score: 0.37. Low Conviction (<0.4).,LOW_CONVICTION,6.928043,MID,22.89,False
1704142140.0,CHOP,NO_GO,HOLD,13.33,NORMAL,SCALE,DEFENSIVE,1.0,0.50,Aegean:FLAT(0.50)|Orion:LONG(0.20),Regime: CHOP (Reduced Weights). Score: 0.13. Low Conviction (<0.4).,LOW_CONVICTION,2.576248,MID,22.24,False
1704142200.0,CHOP,NO_GO,HOLD,13.33,NORMAL,SCALE,DEFENSIVE,1.0,0.50,Aegean:FLAT(0.50)|Orion:LONG(0.20),Regime: CHOP (Reduced Weights). Score: 0.13. Low Conviction (<0.4).,LOW_CONVICTION,0.749977,MID,21.16,False
1704142260.0,CHOP,NO_GO,HOLD,13.33,NORMAL,SCALE,DEFENSIVE,1.0,0.50,Aegean:FLAT(0.50)|Orion:LONG(0.20),Regime: CHOP (Reduced Weights). Score: 0.13. Low Conviction (<0.4).,LOW_CONVICTION,-4.079367,MID,20.54,False
1704142320.0,CHOP,NO_GO,HOLD,13.33,NORMAL,SCALE,DEFENSIVE,1.0,0.50,Aegean:FLAT(0.50)|Orion:LONG(0.20),Regime: CHOP (Reduced Weights). Score: 0.13. Low Conviction (<0.4).,LOW_CONVICTION,-3.504699,MID,19.97,False
1704142380.0,CHOP,NO_GO,HOLD,13.33,NORMAL,SCALE,DEFENSIVE,1.0,0.50,Aegean:FLAT(0.50)|Orion:LONG(0.20),Regime: CHOP (Reduced Weights). Score: 0.13. Low Conviction (<0.4).,LOW_CONVICTION,-3.232952,MID,19.43,False
1704142440.0,CHOP,NO_GO,HOLD,13.33,NORMAL,SCALE,DEFENSIVE,1.0,0.50,Aegean:FLAT(0.50)|Orion:SHORT(0.20),Regime: CHOP (Reduced Weights). Score: -0.13. Low Conviction (<0.4).,LOW_CONVICTION,-3.916135,MID,19.37,False
1704142500.0,CHOP,NO_GO,HOLD,13.33,NORMAL,SCALE,DEFENSIVE,1.0,0.50,Aegean:FLAT(0.50)|Orion:LONG(0.20),Regime: CHOP (Reduced Weights). Score: 0.13. Low Conviction (<0.4).,LOW_CONVICTION,-2.572274,MID,19.42,False
1704142560.0,CHOP,NO_GO,HOLD,13.33,NORMAL,SCALE,DEFENSIVE,1.0,0.50,Aegean:FLAT(0.50)|Orion:LONG(0.20),Regime: CHOP (Reduced Weights). Score: 0.13. Low Conviction (<0.4).,LOW_CONVICTION,-1.266618,MID,18.63,False
1704142620.0,CHOP,NO_GO,HOLD,13.33,NORMAL,SCALE,DEFENSIVE,1.0,0.50,Aegean:FLAT(0.50)|Orion:SHORT(0.20),Regime: CHOP (Reduced Weights). Score: -0.13. Low Conviction (<0.4).,LOW_CONVICTION,-4.176448,MID,18.46,False
1704142680.0,CHOP,NO_GO,HOLD,13.33,NORMAL,SCALE,DEFENSIVE,1.0,0.50,Aegean:FLAT(0.30)|Orion:SHORT(0.20),Regime: CHOP (Reduced Weights). Score: -0.13. Low Conviction (<0.4).,LOW_CONVICTION,-5.589019,DIP,18.79,False
1704142740.0,CHOP,NO_GO,HOLD,13.33,NORMAL,SCALE,DEFENSIVE,1.0,0.50,Aegean:FLAT(0.50)|Orion:SHORT(0.20),Regime: CHOP (Reduced Weights). Score: -0.13. Low Conviction (<0.4).,LOW_CONVICTION,-1.908025,MID,18.60,False
1704142800.0,CHOP,NO_GO,HOLD,13.33,NORMAL,SCALE,DEFENSIVE,1.0,0.50,Aegean:FLAT(0.50)|Orion:LONG(0.20),Regime: CHOP (Reduced Weights). Score: 0.13. Low Conviction (<0.4).,LOW_CONVICTION,1.980389,MID,17.38,False
1704142860.0,CHOP,NO_GO,HOLD,13.33,NORMAL,SCALE,DEFENSIVE,1.0,0.50,Aegean:FLAT(0.50)|Orion:LONG(0.20),Regime: CHOP (Reduced Weights). Score: 0.13. Low Conviction (<0.4).,LOW_CONVICTION,2.026252,MID,16.33,False
1704142920.0,CHOP,NO_GO,HOLD,13.33,NORMAL,SCALE,DEFENSIVE,1.0,0.50,Aegean:FLAT(0.50)|Orion:LONG(0.20),Regime: CHOP (Reduced Weights). Score: 0.13. Low Conviction (<0.4).,LOW_CONVICTION,0.557371,MID,15.60,False
1704142980.0,CHOP,NO_GO,HOLD,13.33,NORMAL,SCALE,DEFENSIVE,1.0,0.50,Aegean:FLAT(0.50)|Orion:LONG(0.20),Regime: CHOP (Reduced Weights). Score: 0.13. Low Conviction (<0.4).,LOW_CONVICTION,-1.364973,MID,14.96,False
1704143040.0,CHOP,NO_GO,HOLD,13.33,NORMAL,SCALE,DEFENSIVE,1.0,0.50,Aegean:FLAT(0.50)|Orion:LONG(0.20),Regime: CHOP (Reduced Weights). Score: 0.13. Low Conviction (<0.4).,LOW_CONVICTION,2.507110,MID,14.19,False
1704143100.0,CHOP,NO_GO,HOLD,13.33,NORMAL,SCALE,DEFENSIVE,1.0,0.50,Aegean:FLAT(0.50)|Orion:LONG(0.20),Regime: CHOP (Reduced Weights). Score: 0.13. Low Conviction (<0.4).,LOW_CONVICTION,1.683935,MID,13.49,False
1704143160.0,CHOP,NO_GO,HOLD,13.33,NORMAL,SCALE,DEFENSIVE,1.0,0.50,Aegean:FLAT(0.50)|Orion:LONG(0.20),Regime: CHOP (Reduced Weights). Score: 0.13. Low Conviction (<0.4).,LOW_CONVICTION,2.255563,MID,12.82,False
1704143220.0,CHOP,NO_GO,HOLD,13.33,NORMAL,SCALE,DEFENSIVE,1.0,0.50,Aegean:FLAT(0.50)|Orion:LONG(0.20),Regime: CHOP (Reduced Weights). Score: 0.13. Low Conviction (<0.4).,LOW_CONVICTION,4.100891,MID,13.13,False
1704143280.0,CHOP,NO_GO,HOLD,13.33,NORMAL,SCALE,DEFENSIVE,1.0,0.50,Aegean:FLAT(0.50)|Orion:LONG(0.20),Regime: CHOP (Reduced Weights). Score: 0.13. Low Conviction (<0.4).,LOW_CONVICTION,0.930242,MID,13.16,False
1704143340.0,CHOP,NO_GO,HOLD,13.33,NORMAL,SCALE,DEFENSIVE,1.0,0.50,Aegean:FLAT(0.50)|Orion:SHORT(0.20),Regime: CHOP (Reduced Weights). Score: -0.13. Low Conviction (<0.4).,LOW_CONVICTION,-2.467906,MID,12.42,False
1704143400.0,CHOP,NO_GO,HOLD,13.33,NORMAL,SCALE,DEFENSIVE,1.0,0.50,Aegean:FLAT(0.50)|Orion:LONG(0.20),Regime: CHOP (Reduced Weights). Score: 0.13. Low Conviction (<0.4).,LOW_CONVICTION,-1.095725,MID,11.72,False
1704143460.0,CHOP,NO_GO,HOLD,13.33,NORMAL,SCALE,DEFENSIVE,1.0,0.50,Aegean:FLAT(0.50)|Orion:LONG(0.20),Regime: CHOP (Reduced Weights). Score: 0.13. Low Conviction (<0.4).,LOW_CONVICTION,-0.763716,MID,10.99,False
1704143520.0,CHOP,NO_GO,HOLD,13.33,NORMAL,SCALE,DEFENSIVE,1.0,0.50,Aegean:FLAT(0.50)|Orion:LONG(0.20),Regime: CHOP (Reduced Weights). Score: 0.13. Low Conviction (<0.4).,LOW_CONVICTION,3.500176,TOP,11.40,False
1704143580.0,CHOP,NO_GO,HOLD,13.33,NORMAL,SCALE,DEFENSIVE,1.0,0.50,Aegean:FLAT(0.50)|Orion:LONG(0.20),Regime: CHOP (Reduced Weights). Score: 0.13. Low Conviction (<0.4).,LOW_CONVICTION,-0.453370,MID,11.78,False
1704143640.0,CHOP,NO_GO,HOLD,13.33,NORMAL,SCALE,DEFENSIVE,1.0,0.50,Aegean:FLAT(0.50)|Orion:LONG(0.20),Regime: CHOP (Reduced Weights). Score: 0.13. Low Conviction (<0.4).,LOW_CONVICTION,0.363778,MID,11.96,False
1704143700.0,CHOP,NO_GO,HOLD,13.33,NORMAL,SCALE,DEFENSIVE,1.0,0.50,Aegean:FLAT(0.50)|Orion:LONG(0.20),Regime: CHOP (Reduced Weights). Score: 0.13. Low Conviction (<0.4).,LOW_CONVICTION,0.378903,MID,12.75,False
1704143760.0,CHOP,NO_GO,HOLD,13.33,NORMAL,SCALE,DEFENSIVE,1.0,0.50,Aegean:FLAT(0.30)|Orion:LONG(0.20),Regime: CHOP (Reduced Weights). Score: 0.13. Low Conviction (<0.4).,LOW_CONVICTION,5.609940,TOP,14.30,False
1704143820.0,CHOP,NO_GO,HOLD,13.33,NORMAL,SCALE,DEFENSIVE,1.0,0.50,Aegean:FLAT(0.50)|Orion:LONG(0.20),Regime: CHOP (Reduced Weights). Score: 0.13. Low Conviction (<0.4).,LOW_CONVICTION,3.210021,MID,15.95,False
1704143880.0,CHOP,NO_GO,HOLD,13.33,NORMAL,SCALE,DEFENSIVE,1.0,0.50,Aegean:FLAT(0.50)|Orion:LONG(0.20),Regime: CHOP (Reduced Weights). Score: 0.13. Low Conviction (<0.4).,LOW_CONVICTION,1.653505,MID,16.65,False
1704143940.0,CHOP,NO_GO,HOLD,13.33,NORMAL,SCALE,DEFENSIVE,1.0,0.50,Aegean:FLAT(0.50)|Orion:LONG(0.20),Regime: CHOP (Reduced Weights). Score: 0.13. Low Conviction (<0.4).,LOW_CONVICTION,2.443890,MID,17.38,False
1704144000.0,CHOP,NO_GO,HOLD,13.33,NORMAL,SCALE,DEFENSIVE,1.0,0.50,Aegean:FLAT(0.50)|Orion:LONG(0.20),Regime: CHOP (Reduced Weights). Score: 0.13. Low Conviction (<0.4).,LOW_CONVICTION,1.966230,MID,18.28,False
1704144060.0,CHOP,NO_GO,HOLD,13.33,NORMAL,SCALE,DEFENSIVE,1.0,0.50,Aegean:FLAT(0.50)|Orion:LONG(0.20),Regime: CHOP (Reduced Weights). Score: 0.13. Low Conviction (<0.4).,LOW_CONVICTION,-1.346213,MID,18.22,False
1704144120.0,CHOP,NO_GO,HOLD,13.33,NORMAL,SCALE,DEFENSIVE,1.0,0.50,Aegean:FLAT(0.50)|Orion:LONG(0.20),Regime: CHOP (Reduced Weights). Score: 0.13. Low Conviction (<0.4).,LOW_CONVICTION,-1.097290,MID,18.15,False
1704144180.0,CHOP,NO_GO,HOLD,13.33,NORMAL,SCALE,DEFENSIVE,1.0,0.50,Aegean:FLAT(0.50)|Orion:SHORT(0.20),Regime: CHOP (Reduced Weights). Score: -0.13. Low Conviction (<0.4).,LOW_CONVICTION,-3.696325,DIP,17.09,False
1704144240.0,CHOP,NO_GO,HOLD,13.33,NORMAL,SCALE,DEFENSIVE,1.0,0.50,Aegean:FLAT(0.30)|Orion:SHORT(0.20),Regime: CHOP (Reduced Weights). Score: -0.13. Low Conviction (<0.4).,LOW_CONVICTION,-5.528182,DIP,16.32,False
1704144300.0,CHOP,NO_GO,HOLD,13.33,NORMAL,SCALE,DEFENSIVE,1.0,0.50,Aegean:FLAT(0.50)|Orion:SHORT(0.20),Regime: CHOP (Reduced Weights). Score: -0.13. Low Conviction (<0.4).,LOW_CONVICTION,-4.042284,DIP,15.53,False
1704144360.0,CHOP,NO_GO,HOLD,13.33,NORMAL,SCALE,DEFENSIVE,1.0,0.50,Aegean:FLAT(0.50)|Orion:SHORT(0.20),Regime: CHOP (Reduced Weights). Score: -0.13. Low Conviction (<0.4).,LOW_CONVICTION,-4.262469,DIP,14.78,False
1704144420.0,CHOP,NO_GO,HOLD,13.33,NORMAL,SCALE,DEFENSIVE,1.0,0.50,Aegean:FLAT(0.30)|Orion:SHORT(0.20),Regime: CHOP (Reduced Weights). Score: -0.13. Low Conviction (<0.4).,LOW_CONVICTION,-8.045939,DIP,15.49,False
1704144480.0,CHOP,NO_GO,HOLD,13.33,NORMAL,SCALE,DEFENSIVE,1.0,0.50,Aegean:FLAT(0.30)|Orion:SHORT(0.20),Regime: CHOP (Reduced Weights). Score: -0.13. Low Conviction (<0.4).,LOW_CONVICTION,-6.160907,DIP,16.16,False
1704144540.0,CHOP,NO_GO,HOLD,36.67,NORMAL,SCALE,DEFENSIVE,1.0,0.50,Aegean:SHORT(0.70)|Orion:SHORT(0.20),Regime: CHOP (Reduced Weights). Score: -0.37. Low Conviction (<0.4).,LOW_CONVICTION,-4.478784,MID,16.11,False
1704144600.0,CHOP,NO_GO,HOLD,13.33,NORMAL,SCALE,DEFENSIVE,1.0,0.50,Aegean:FLAT(0.30)|Orion:SHORT(0.20),Regime: CHOP (Reduced Weights). Score: -0.13. Low Conviction (<0.4).,LOW_CONVICTION,-5.714098,DIP,16.26,False
1704144660.0,CHOP,NO_GO,HOLD,13.33,NORMAL,SCALE,DEFENSIVE,1.0,0.50,Aegean:FLAT(0.30)|Orion:SHORT(0.20),Regime: CHOP (Reduced Weights). Score: -0.13. Low Conviction (<0.4).,LOW_CONVICTION,-8.852663,DIP,17.41,False
1704144720.0,CHOP,NO_GO,HOLD,13.33,NORMAL,SCALE,DEFENSIVE,1.0,0.50,Aegean:FLAT(0.30)|Orion:SHORT(0.20),Regime: CHOP (Reduced Weights). Score: -0.13. Low Conviction (<0.4).,LOW_CONVICTION,-6.096331,DIP,18.64,False
1704144780.0,TREND,NO_GO,HOLD,13.33,NORMAL,SCALE,DEFENSIVE,1.0,0.50,Aegean:FLAT(0.30)|Orion:SHORT(0.20),Regime: TREND (Orion 2x). Score: -0.13. Low Conviction (<0.4).,LOW_CONVICTION,-5.685353,DIP,19.23,False
1704144840.0,TREND,NO_GO,HOLD,13.33,NORMAL,SCALE,DEFENSIVE,1.0,0.50,Aegean:FLAT(0.30)|Orion:SHORT(0.20),Regime: TREND (Orion 2x). Score: -0.13. Low Conviction (<0.4).,LOW_CONVICTION,-5.855199,DIP,20.17,False
1704144900.0,TREND,NO_GO,HOLD,13.33,NORMAL,SCALE,DEFENSIVE,1.0,0.50,Aegean:FLAT(0.30)|Orion:SHORT(0.20),Regime: TREND (Orion 2x). Score: -0.13. Low Conviction (<0.4).,LOW_CONVICTION,-6.111098,DIP,21.09,False
1704144960.0,TREND,NO_GO,HOLD,13.33,NORMAL,SCALE,DEFENSIVE,1.0,0.50,Aegean:FLAT(0.30)|Orion:SHORT(0.20),Regime: TREND (Orion 2x). Score: -0.13. Low Conviction (<0.4).,LOW_CONVICTION,-7.708552,DIP,22.34,False
1704145020.0,TREND,NO_GO,HOLD,13.33,NORMAL,SCALE,DEFENSIVE,1.0,0.50,Aegean:FLAT(0.30)|Orion:SHORT(0.20),Regime: TREND (Orion 2x). Score: -0.13. Low Conviction (<0.4).,LOW_CONVICTION,-8.622283,DIP,23.86,False
1704145080.0,TREND,NO_GO,HOLD,9.99,NORMAL,SCALE,DEFENSIVE,1.0,0.50,Aegean:FLAT(0.30)|Orion:SHORT(0.15),Regime: TREND (Orion 2x). Score: -0.10. Low Conviction (<0.4).,LOW_CONVICTION,-11.069371,DIP,25.99,True
1704145140.0,TREND,NO_GO,HOLD,13.30,NORMAL,SCALE,DEFENSIVE,1.0,0.50,Aegean:FLAT(0.30)|Orion:SHORT(0.20),Regime: TREND (Orion 2x). Score: -0.13. Low Conviction (<0.4).,LOW_CONVICTION,-9.197023,DIP,27.98,True
1704145200.0,TREND,NO_GO,HOLD,37.08,NORMAL,SCALE,DEFENSIVE,1.0,0.50,Aegean:SHORT(0.70)|Orion:SHORT(0.21),Regime: TREND (Orion 2x). Score: -0.37. Low Conviction (<0.4).,LOW_CONVICTION,-5.501477,MID,28.25,True
1704145260.0,TREND,NO_GO,HOLD,14.67,NORMAL,SCALE,DEFENSIVE,1.0,0.50,Aegean:FLAT(0.30)|Orion:SHORT(0.22),Regime: TREND (Orion 2x). Score: -0.15. Low Conviction (<0.4).,LOW_CONVICTION,-9.138714,DIP,28.80,True
1704145320.0,TREND,NO_GO,HOLD,16.30,NORMAL,SCALE,DEFENSIVE,1.0,0.50,Aegean:FLAT(0.30)|Orion:SHORT(0.24),Regime: TREND (Orion 2x). Score: -0.16. Low Conviction (<0.4).,LOW_CONVICTION,-9.825192,DIP,29.78,True
1704145380.0,TREND,NO_GO,HOLD,18.13,NORMAL,SCALE,DEFENSIVE,1.0,0.50,Aegean:FLAT(0.30)|Orion:SHORT(0.27),Regime: TREND (Orion 2x). Score: -0.18. Low Conviction (<0.4).,LOW_CONVICTION,-10.529294,DIP,30.88,True
1704145440.0,TREND,NO_GO,HOLD,20.01,NORMAL,SCALE,DEFENSIVE,1.0,0.50,Aegean:FLAT(0.30)|Orion:SHORT(0.30),Regime: TREND (Orion 2x). Score: -0.20. Low Conviction (<0.4).,LOW_CONVICTION,-9.974014,DIP,32.01,True
1704145500.0,TREND,NO_GO,HOLD,20.03,NORMAL,SCALE,DEFENSIVE,1.0,0.50,Aegean:FLAT(0.30)|Orion:SHORT(0.30),Regime: TREND (Orion 2x). Score: -0.20. Low Conviction (<0.4).,LOW_CONVICTION,-8.063386,DIP,32.02,True
1704145560.0,TREND,NO_GO,HOLD,20.03,NORMAL,SCALE,DEFENSIVE,1.0,0.50,Aegean:FLAT(0.30)|Orion:SHORT(0.30),Regime: TREND (Orion 2x). Score: -0.20. Low Conviction (<0.4).,LOW_CONVICTION,-8.151243,DIP,32.02,True
1704145620.0,TREND,NO_GO,HOLD,18.93,NORMAL,SCALE,DEFENSIVE,1.0,0.50,Aegean:FLAT(0.30)|Orion:SHORT(0.28),Regime: TREND (Orion 2x). Score: -0.19. Low Conviction (<0.4).,LOW_CONVICTION,-5.498826,DIP,31.36,True
1704145680.0,TREND,NO_GO,HOLD,15.56,NORMAL,SCALE,DEFENSIVE,1.0,0.50,Aegean:FLAT(0.50)|Orion:SHORT(0.23),Regime: TREND (Orion 2x). Score: -0.16. Low Conviction (<0.4).,LOW_CONVICTION,-0.653202,MID,29.34,True
1704145740.0,TREND,NO_GO,HOLD,12.48,NORMAL,SCALE,DEFENSIVE,1.0,0.50,Aegean:FLAT(0.50)|Orion:SHORT(0.19),Regime: TREND (Orion 2x). Score: -0.12. Low Conviction (<0.4).,LOW_CONVICTION,-2.766316,MID,27.49,True
1704145800.0,TREND,NO_GO,HOLD,9.88,NORMAL,SCALE,DEFENSIVE,1.0,0.50,Aegean:FLAT(0.50)|Orion:SHORT(0.15),Regime: TREND (Orion 2x). Score: -0.10. Low Conviction (<0.4).,LOW_CONVICTION,-3.034956,MID,25.93,True
1704145860.0,TREND,NO_GO,HOLD,13.33,NORMAL,SCALE,DEFENSIVE,1.0,0.50,Aegean:FLAT(0.50)|Orion:SHORT(0.20),Regime: TREND (Orion 2x). Score: -0.13. Low Conviction (<0.4).,LOW_CONVICTION,-0.080714,MID,24.18,False
1704145920.0,TREND,NO_GO,HOLD,13.33,NORMAL,SCALE,DEFENSIVE,1.0,0.50,Aegean:FLAT(0.50)|Orion:SHORT(0.20),Regime: TREND (Orion 2x). Score: -0.13. Low Conviction (<0.4).,LOW_CONVICTION,3.353045,MID,23.54,False
1704145980.0,TREND,NO_GO,HOLD,13.33,NORMAL,SCALE,DEFENSIVE,1.0,0.50,Aegean:FLAT(0.50)|Orion:SHORT(0.20),Regime: TREND (Orion 2x). Score: -0.13. Low Conviction (<0.4).,LOW_CONVICTION,1.925888,MID,22.91,False
1704146040.0,TREND,NO_GO,HOLD,13.33,NORMAL,SCALE,DEFENSIVE,1.0,0.50,Aegean:FLAT(0.30)|Orion:SHORT(0.20),Regime: TREND (Orion 2x). Score: -0.13. Low Conviction (<0.4).,LOW_CONVICTION,4.811955,TOP,22.92,False
1704146100.0,TREND,NO_GO,HOLD,13.33,NORMAL,SCALE,DEFENSIVE,1.0,0.50,Aegean:FLAT(0.30)|Orion:SHORT(0.20),Regime: TREND (Orion 2x). Score: -0.13. Low Conviction (<0.4).,LOW_CONVICTION,4.634598,TOP,23.37,False
1704146160.0,TREND,NO_GO,HOLD,13.33,NORMAL,SCALE,DEFENSIVE,1.0,0.50,Aegean:FLAT(0.50)|Orion:SHORT(0.20),Regime: TREND (Orion 2x). Score: -0.13. Low Conviction (<0.4).,LOW_CONVICTION,2.515036,MID,23.15,False
1704146220.0,TREND,NO_GO,HOLD,13.33,NORMAL,SCALE,DEFENSIVE,1.0,0.50,Aegean:FLAT(0.50)|Orion:SHORT(0.20),Regime: TREND (Orion 2x). Score: -0.13. Low Conviction (<0.4).,LOW_CONVICTION,2.090359,MID,22.62,False
1704146280.0,TREND,NO_GO,HOLD,13.33,NORMAL,SCALE,DEFENSIVE,1.0,0.50,Aegean:FLAT(0.50)|Orion:SHORT(0.20),Regime: TREND (Orion 2x). Score: -0.13. Low Conviction (<0.4).,LOW_CONVICTION,2.444752,MID,22.35,False
1704146340.0,TREND,NO_GO,HOLD,13.33,NORMAL,SCALE,DEFENSIVE,1.0,0.50,Aegean:FLAT(0.30)|Orion:SHORT(0.20),Regime: TREND (Orion 2x). Score: -0.13. Low Conviction (<0.4).,LOW_CONVICTION,4.443409,TOP,22.64,False
1704146400.0,TREND,NO_GO,HOLD,13.33,NORMAL,SCALE,DEFENSIVE,1.0,0.50,Aegean:FLAT(0.30)|Orion:LONG(0.20),Regime: TREND (Orion 2x). Score: 0.13. Low Conviction (<0.4).,LOW_CONVICTION,7.488611,TOP,23.82,False
1704146460.0,TREND,NO_GO,HOLD,13.33,NORMAL,SCALE,DEFENSIVE,1.0,0.50,Aegean:FLAT(0.30)|Orion:LONG(0.20),Regime: TREND (Orion 2x). Score: 0.13. Low Conviction (<0.4).,LOW_CONVICTION,6.489854,TOP,24.99,False
1704146520.0,TREND,NO_GO,HOLD,13.33,NORMAL,SCALE,DEFENSIVE,1.0,0.50,Aegean:FLAT(0.50)|Orion:SHORT(0.20),Regime: TREND (Orion 2x). Score: -0.13. Low Conviction (<0.4).,LOW_CONVICTION,-1.134364,MID,23.35,False
1704146580.0,TREND,NO_GO,HOLD,13.33,NORMAL,SCALE,DEFENSIVE,1.0,0.50,Aegean:FLAT(0.50)|Orion:SHORT(0.20),Regime: TREND (Orion 2x). Score: -0.13. Low Conviction (<0.4).,LOW_CONVICTION,-2.273217,MID,21.93,False
1704146640.0,TREND,NO_GO,HOLD,13.33,NORMAL,SCALE,DEFENSIVE,1.0,0.50,Aegean:FLAT(0.50)|Orion:SHORT(0.20),Regime: TREND (Orion 2x). Score: -0.13. Low Conviction (<0.4).,LOW_CONVICTION,-2.299358,MID,20.82,False
1704146700.0,TREND,NO_GO,HOLD,13.33,NORMAL,SCALE,DEFENSIVE,1.0,0.50,Aegean:FLAT(0.50)|Orion:SHORT(0.20),Regime: TREND (Orion 2x). Score: -0.13. Low Conviction (<0.4).,LOW_CONVICTION,-2.071537,MID,19.46,False
1704146760.0,TREND,NO_GO,HOLD,13.33,NORMAL,SCALE,DEFENSIVE,1.0,0.50,Aegean:FLAT(0.50)|Orion:SHORT(0.20),Regime: TREND (Orion 2x). Score: -0.13. Low Conviction (<0.4).,LOW_CONVICTION,-2.553068,MID,18.96,False
1704146820.0,TREND,NO_GO,HOLD,13.33,NORMAL,SCALE,DEFENSIVE,1.0,0.50,Aegean:FLAT(0.50)|Orion:SHORT(0.20),Regime: TREND (Orion 2x). Score: -0.13. Low Conviction (<0.4).,LOW_CONVICTION,-3.070065,MID,18.55,False
1704146880.0,CHOP,NO_GO,HOLD,13.33,NORMAL,SCALE,DEFENSIVE,1.0,0.50,Aegean:FLAT(0.50)|Orion:SHORT(0.20),Regime: CHOP (Reduced Weights). Score: -0.13. Low Conviction (<0.4).,LOW_CONVICTION,-0.499122,MID,17.53,False
1704146940.0,CHOP,NO_GO,HOLD,13.33,NORMAL,SCALE,DEFENSIVE,1.0,0.50,Aegean:FLAT(0.50)|Orion:SHORT(0.20),Regime: CHOP (Reduced Weights). Score: -0.13. Low Conviction (<0.4).,LOW_CONVICTION,-1.209448,MID,16.62,False
1704147000.0,CHOP,NO_GO,HOLD,13.33,NORMAL,SCALE,DEFENSIVE,1.0,0.50,Aegean:FLAT(0.50)|Orion:SHORT(0.20),Regime: CHOP (Reduced Weights). Score: -0.13. Low Conviction (<0.4).,LOW_CONVICTION,-0.781958,MID,15.73,False
1704147060.0,CHOP,NO_GO,HOLD,13.33,NORMAL,SCALE,DEFENSIVE,1.0,0.50,Aegean:FLAT(0.30)|Orion:SHORT(0.20),Regime: CHOP (Reduced Weights). Score: -0.13. Low Conviction (<0.4).,LOW_CONVICTION,-4.499327,DIP,15.87,False
1704147120.0,CHOP,NO_GO,HOLD,13.33,NORMAL,SCALE,DEFENSIVE,1.0,0.50,Aegean:FLAT(0.50)|Orion:SHORT(0.20),Regime: CHOP (Reduced Weights). Score: -0.13. Low Conviction (<0.4).,LOW_CONVICTION,-1.512729,MID,16.08,False
1704147180.0,CHOP,NO_GO,HOLD,13.33,NORMAL,SCALE,DEFENSIVE,1.0,0.50,Aegean:FLAT(0.30)|Orion:SHORT(0.20),Regime: CHOP (Reduced Weights). Score: -0.13. Low Conviction (<0.4).,LOW_CONVICTION,-4.510880,DIP,16.47,False
1704147240.0,CHOP,NO_GO,HOLD,13.33,NORMAL,SCALE,DEFENSIVE,1.0,0.50,Aegean:FLAT(0.50)|Orion:SHORT(0.20),Regime: CHOP (Reduced Weights). Score: -0.13. Low Conviction (<0.4).,LOW_CONVICTION,-4.044333,DIP,16.85,False
1704147300.0,CHOP,NO_GO,HOLD,13.33,NORMAL,SCALE,DEFENSIVE,1.0,0.50,Aegean:FLAT(0.50)|Orion:SHORT(0.20),Regime: CHOP (Reduced Weights). Score: -0.13. Low Conviction (<0.4).,LOW_CONVICTION,-1.626326,MID,16.30,False
1704147360.0,CHOP,NO_GO,HOLD,13.33,NORMAL,SCALE,DEFENSIVE,1.0,0.50,Aegean:FLAT(0.50)|Orion:SHORT(0.20),Regime: CHOP (Reduced Weights). Score: -0.13. Low Conviction (<0.4).,LOW_CONVICTION,-2.893617,DIP,15.78,False
1704147420.0,CHOP,NO_GO,HOLD,13.33,NORMAL,SCALE,DEFENSIVE,1.0,0.50,Aegean:FLAT(0.30)|Orion:SHORT(0.20),Regime: CHOP (Reduced Weights). Score: -0.13. Low Conviction (<0.4).,LOW_CONVICTION,-5.741013,DIP,16.38,False
1704147480.0,CHOP,NO_GO,HOLD,13.33,NORMAL,SCALE,DEFENSIVE,1.0,0.50,Aegean:FLAT(0.30)|Orion:SHORT(0.20),Regime: CHOP (Reduced Weights). Score: -0.13. Low Conviction (<0.4).,LOW_CONVICTION,-7.539854,DIP,17.60,False
1704147540.0,CHOP,NO_GO,HOLD,13.33,NORMAL,SCALE,DEFENSIVE,1.0,0.50,Aegean:FLAT(0.30)|Orion:SHORT(0.20),Regime: CHOP (Reduced Weights). Score: -0.13. Low Conviction (<0.4).,LOW_CONVICTION,-8.465413,DIP,19.11,False
1704147600.0,TREND,NO_GO,HOLD,13.33,NORMAL,SCALE,DEFENSIVE,1.0,0.50,Aegean:FLAT(0.30)|Orion:SHORT(0.20),Regime: TREND (Orion 2x). Score: -0.13. Low Conviction (<0.4).,LOW_CONVICTION,-12.908998,DIP,21.83,False
1704147660.0,TREND,NO_GO,HOLD,13.33,NORMAL,SCALE,DEFENSIVE,1.0,0.50,Aegean:FLAT(0.30)|Orion:SHORT(0.20),Regime: TREND (Orion 2x). Score: -0.13. Low Conviction (<0.4).,LOW_CONVICTION,-11.075061,DIP,24.36,False
1704147720.0,TREND,NO_GO,HOLD,36.67,NORMAL,SCALE,DEFENSIVE,1.0,0.50,Aegean:SHORT(0.70)|Orion:SHORT(0.20),Regime: TREND (Orion 2x). Score: -0.37. Low Conviction (<0.4).,LOW_CONVICTION,-6.366856,MID,24.59,False
1704147780.0,TREND,NO_GO,HOLD,13.33,NORMAL,SCALE,DEFENSIVE,1.0,0.50,Aegean:FLAT(0.50)|Orion:SHORT(0.20),Regime: TREND (Orion 2x). Score: -0.13. Low Conviction (<0.4).,LOW_CONVICTION,-2.936922,MID,24.15,False
1704147840.0,TREND,NO_GO,HOLD,13.33,NORMAL,SCALE,DEFENSIVE,1.0,0.50,Aegean:FLAT(0.50)|Orion:SHORT(0.20),Regime: TREND (Orion 2x). Score: -0.13. Low Conviction (<0.4).,LOW_CONVICTION,-1.388340,MID,23.21,False
1704147900.0,TREND,NO_GO,HOLD,13.33,NORMAL,SCALE,DEFENSIVE,1.0,0.50,Aegean:FLAT(0.50)|Orion:SHORT(0.20),Regime: TREND (Orion 2x). Score: -0.13. Low Conviction (<0.4).,LOW_CONVICTION,-3.461612,MID,23.49,False
1704147960.0,TREND,NO_GO,HOLD,13.33,NORMAL,SCALE,DEFENSIVE,1.0,0.50,Aegean:FLAT(0.50)|Orion:SHORT(0.20),Regime: TREND (Orion 2x). Score: -0.13. Low Conviction (<0.4).,LOW_CONVICTION,-3.681036,MID,23.75,False
1704148020.0,TREND,NO_GO,HOLD,13.33,NORMAL,SCALE,DEFENSIVE,1.0,0.50,Aegean:FLAT(0.50)|Orion:SHORT(0.20),Regime: TREND (Orion 2x). Score: -0.13. Low Conviction (<0.4).,LOW_CONVICTION,-0.024906,MID,22.77,False
1704148080.0,CHOP,NO_GO,HOLD,13.33,NORMAL,SCALE,DEFENSIVE,1.0,0.50,Aegean:FLAT(0.50)|Orion:SHORT(0.20),Regime: CHOP (Reduced Weights). Score: -0.13. Low Conviction (<0.4).,LOW_CONVICTION,-0.507679,MID,21.85,False
1704148140.0,CHOP,NO_GO,HOLD,13.33,NORMAL,SCALE,DEFENSIVE,1.0,0.50,Aegean:FLAT(0.50)|Orion:SHORT(0.20),Regime: CHOP (Reduced Weights). Score: -0.13. Low Conviction (<0.4).,LOW_CONVICTION,-1.530549,MID,21.17,False
1704148200.0,CHOP,NO_GO,HOLD,13.33,NORMAL,SCALE,DEFENSIVE,1.0,0.50,Aegean:FLAT(0.50)|Orion:SHORT(0.20),Regime: CHOP (Reduced Weights). Score: -0.13. Low Conviction (<0.4).,LOW_CONVICTION,3.768295,MID,19.73,False
1704148260.0,CHOP,NO_GO,HOLD,13.33,NORMAL,SCALE,DEFENSIVE,1.0,0.50,Aegean:FLAT(0.50)|Orion:SHORT(0.20),Regime: CHOP (Reduced Weights). Score: -0.13. Low Conviction (<0.4).,LOW_CONVICTION,0.033200,MID,18.41,False
1704148320.0,CHOP,NO_GO,HOLD,13.33,NORMAL,SCALE,DEFENSIVE,1.0,0.50,Aegean:FLAT(0.50)|Orion:SHORT(0.20),Regime: CHOP (Reduced Weights). Score: -0.13. Low Conviction (<0.4).,LOW_CONVICTION,0.904440,MID,17.14,False
1704148380.0,CHOP,NO_GO,HOLD,13.33,NORMAL,SCALE,DEFENSIVE,1.0,0.50,Aegean:FLAT(0.50)|Orion:SHORT(0.20),Regime: CHOP (Reduced Weights). Score: -0.13. Low Conviction (<0.4).,LOW_CONVICTION,1.140181,MID,15.99,False
1704148440.0,CHOP,NO_GO,HOLD,13.33,NORMAL,SCALE,DEFENSIVE,1.0,0.50,Aegean:FLAT(0.50)|Orion:SHORT(0.20),Regime: CHOP (Reduced Weights). Score: -0.13. Low Conviction (<0.4).,LOW_CONVICTION,0.639029,MID,14.91,False
1704148500.0,CHOP,NO_GO,HOLD,13.33,NORMAL,SCALE,DEFENSIVE,1.0,0.50,Aegean:FLAT(0.50)|Orion:SHORT(0.20),Regime: CHOP (Reduced Weights). Score: -0.13. Low Conviction (<0.4).,LOW_CONVICTION,1.373728,MID,13.93,False
1704148560.0,CHOP,NO_GO,HOLD,13.33,NORMAL,SCALE,DEFENSIVE,1.0,0.50,Aegean:FLAT(0.50)|Orion:SHORT(0.20),Regime: CHOP (Reduced Weights). Score: -0.13. Low Conviction (<0.4).,LOW_CONVICTION,2.169049,TOP,13.19,False
1704148620.0,CHOP,NO_GO,HOLD,13.33,NORMAL,SCALE,DEFENSIVE,1.0,0.50,Aegean:FLAT(0.50)|Orion:SHORT(0.20),Regime: CHOP (Reduced Weights). Score: -0.13. Low Conviction (<0.4).,LOW_CONVICTION,2.534695,TOP,12.70,False
1704148680.0,CHOP,NO_GO,HOLD,13.33,NORMAL,SCALE,DEFENSIVE,1.0,0.50,Aegean:FLAT(0.50)|Orion:LONG(0.20),Regime: CHOP (Reduced Weights). Score: 0.13. Low Conviction (<0.4).,LOW_CONVICTION,2.839799,TOP,12.49,False
1704148740.0,CHOP,NO_GO,HOLD,13.33,NORMAL,SCALE,DEFENSIVE,1.0,0.50,Aegean:FLAT(0.50)|Orion:LONG(0.20),Regime: CHOP (Reduced Weights). Score: 0.13. Low Conviction (<0.4).,LOW_CONVICTION,2.579694,TOP,12.31,False
1704148800.0,CHOP,NO_GO,HOLD,13.33,NORMAL,SCALE,DEFENSIVE,1.0,0.50,Aegean:FLAT(0.50)|Orion:SHORT(0.20),Regime: CHOP (Reduced Weights). Score: -0.13. Low Conviction (<0.4).,LOW_CONVICTION,0.853030,TOP,11.53,False
1704148860.0,CHOP,NO_GO,HOLD,13.33,NORMAL,SCALE,DEFENSIVE,1.0,0.50,Aegean:FLAT(0.50)|Orion:SHORT(0.20),Regime: CHOP (Reduced Weights). Score: -0.13. Low Conviction (<0.4).,LOW_CONVICTION,-0.539139,MID,11.19,False
1704148920.0,CHOP,NO_GO,HOLD,13.33,NORMAL,SCALE,DEFENSIVE,1.0,0.50,Aegean:FLAT(0.50)|Orion:SHORT(0.20),Regime: CHOP (Reduced Weights). Score: -0.13. Low Conviction (<0.4).,LOW_CONVICTION,-3.727451,MID,11.99,False
1704148980.0,CHOP,NO_GO,HOLD,13.33,NORMAL,SCALE,DEFENSIVE,1.0,0.50,Aegean:FLAT(0.50)|Orion:SHORT(0.20),Regime: CHOP (Reduced Weights). Score: -0.13. Low Conviction (<0.4).,LOW_CONVICTION,-3.996550,MID,12.85,False
1704149040.0,CHOP,NO_GO,HOLD,36.67,NORMAL,SCALE,DEFENSIVE,1.0,0.50,Aegean:SHORT(0.70)|Orion:SHORT(0.20),Regime: CHOP (Reduced Weights). Score: -0.37. Low Conviction (<0.4).,LOW_CONVICTION,-4.759659,MID,14.13,False
1704149100.0,CHOP,NO_GO,HOLD,13.33,NORMAL,SCALE,DEFENSIVE,1.0,0.50,Aegean:FLAT(0.50)|Orion:SHORT(0.20),Regime: CHOP (Reduced Weights). Score: -0.13. Low Conviction (<0.4).,LOW_CONVICTION,0.179529,MID,13.92,False
1704149160.0,CHOP,NO_GO,HOLD,13.33,NORMAL,SCALE,DEFENSIVE,1.0,0.50,Aegean:FLAT(0.50)|Orion:SHORT(0.20),Regime: CHOP (Reduced Weights). Score: -0.13. Low Conviction (<0.4).,LOW_CONVICTION,1.182104,MID,13.31,False
1704149220.0,CHOP,NO_GO,HOLD,13.33,NORMAL,SCALE,DEFENSIVE,1.0,0.50,Aegean:FLAT(0.50)|Orion:SHORT(0.20),Regime: CHOP (Reduced Weights). Score: -0.13. Low Conviction (<0.4).,LOW_CONVICTION,0.816451,MID,12.69,False
1704149280.0,CHOP,NO_GO,HOLD,13.33,NORMAL,SCALE,DEFENSIVE,1.0,0.50,Aegean:FLAT(0.50)|Orion:SHORT(0.20),Regime: CHOP (Reduced Weights). Score: -0.13. Low Conviction (<0.4).,LOW_CONVICTION,-0.107205,MID,12.43,False
1704149340.0,CHOP,NO_GO,HOLD,13.33,NORMAL,SCALE,DEFENSIVE,1.0,0.50,Aegean:FLAT(0.50)|Orion:SHORT(0.20),Regime: CHOP (Reduced Weights). Score: -0.13. Low Conviction (<0.4).,LOW_CONVICTION,-2.769417,MID,13.08,False
1704149400.0,CHOP,NO_GO,HOLD,13.33,NORMAL,SCALE,DEFENSIVE,1.0,0.50,Aegean:FLAT(0.50)|Orion:SHORT(0.20),Regime: CHOP (Reduced Weights). Score: -0.13. Low Conviction (<0.4).,LOW_CONVICTION,-2.679459,MID,13.71,False
1704149460.0,CHOP,NO_GO,HOLD,13.33,NORMAL,SCALE,DEFENSIVE,1.0,0.50,Aegean:FLAT(0.50)|Orion:SHORT(0.20),Regime: CHOP (Reduced Weights). Score: -0.13. Low Conviction (<0.4).,LOW_CONVICTION,-2.627237,MID,14.36,False
1704149520.0,CHOP,NO_GO,HOLD,13.33,NORMAL,SCALE,DEFENSIVE,1.0,0.50,Aegean:FLAT(0.50)|Orion:SHORT(0.20),Regime: CHOP (Reduced Weights). Score: -0.13. Low Conviction (<0.4).,LOW_CONVICTION,-2.314297,MID,14.90,False
1704149580.0,CHOP,NO_GO,HOLD,13.33,NORMAL,SCALE,DEFENSIVE,1.0,0.50,Aegean:FLAT(0.50)|Orion:SHORT(0.20),Regime: CHOP (Reduced Weights). Score: -0.13. Low Conviction (<0.4).,LOW_CONVICTION,-1.514310,MID,15.10,False
1704149640.0,CHOP,NO_GO,HOLD,13.33,NORMAL,SCALE,DEFENSIVE,1.0,0.50,Aegean:FLAT(0.50)|Orion:SHORT(0.20),Regime: CHOP (Reduced Weights). Score: -0.13. Low Conviction (<0.4).,LOW_CONVICTION,-1.410193,MID,15.32,False
1704149700.0,CHOP,NO_GO,HOLD,13.33,NORMAL,SCALE,DEFENSIVE,1.0,0.50,Aegean:FLAT(0.50)|Orion:SHORT(0.20),Regime: CHOP (Reduced Weights). Score: -0.13. Low Conviction (<0.4).,LOW_CONVICTION,1.242063,MID,14.30,False
1704149760.0,CHOP,NO_GO,HOLD,13.33,NORMAL,SCALE,DEFENSIVE,1.0,0.50,Aegean:FLAT(0.50)|Orion:LONG(0.20),Regime: CHOP (Reduced Weights). Score: 0.13. Low Conviction (<0.4).,LOW_CONVICTION,1.929038,MID,13.63,False
1704149820.0,CHOP,NO_GO,HOLD,13.33,NORMAL,SCALE,DEFENSIVE,1.0,0.50,Aegean:FLAT(0.50)|Orion:LONG(0.20),Regime: CHOP (Reduced Weights). Score: 0.13. Low Conviction (<0.4).,LOW_CONVICTION,2.241806,MID,13.20,False
1704149880.0,CHOP,NO_GO,HOLD,13.33,NORMAL,SCALE,DEFENSIVE,1.0,0.50,Aegean:FLAT(0.30)|Orion:LONG(0.20),Regime: CHOP (Reduced Weights). Score: 0.13. Low Conviction (<0.4).,LOW_CONVICTION,4.356504,TOP,13.68,False
1704149940.0,CHOP,NO_GO,HOLD,13.33,NORMAL,SCALE,DEFENSIVE,1.0,0.50,Aegean:FLAT(0.50)|Orion:LONG(0.20),Regime: CHOP (Reduced Weights). Score: 0.13. Low Conviction (<0.4).,LOW_CONVICTION,4.049224,TOP,14.16,False
1704150000.0,CHOP,NO_GO,HOLD,13.33,NORMAL,SCALE,DEFENSIVE,1.0,0.50,Aegean:FLAT(0.30)|Orion:LONG(0.20),Regime: CHOP (Reduced Weights). Score: 0.13. Low Conviction (<0.4).,LOW_CONVICTION,9.643464,TOP,16.24,False
1704150060.0,CHOP,NO_GO,HOLD,13.33,NORMAL,SCALE,DEFENSIVE,1.0,0.50,Aegean:FLAT(0.30)|Orion:LONG(0.20),Regime: CHOP (Reduced Weights). Score: 0.13. Low Conviction (<0.4).,LOW_CONVICTION,11.122439,TOP,18.83,False
1704150120.0,TREND,NO_GO,HOLD,13.33,NORMAL,SCALE,DEFENSIVE,1.0,0.50,Aegean:FLAT(0.30)|Orion:LONG(0.20),Regime: TREND (Orion 2x). Score: 0.13. Low Conviction (<0.4).,LOW_CONVICTION,8.794949,TOP,21.22,False
1704150180.0,TREND,NO_GO,HOLD,13.33,NORMAL,SCALE,DEFENSIVE,1.0,0.50,Aegean:FLAT(0.30)|Orion:LONG(0.20),Regime: TREND (Orion 2x). Score: 0.13. Low Conviction (<0.4).,LOW_CONVICTION,13.067527,TOP,23.87,False
1704150240.0,TREND,NO_GO,HOLD,11.27,NORMAL,SCALE,DEFENSIVE,1.0,0.50,Aegean:FLAT(0.30)|Orion:LONG(0.17),Regime: TREND (Orion 2x). Score: 0.11. Low Conviction (<0.4).,LOW_CONVICTION,13.921163,TOP,26.76,True
1704150300.0,TREND,NO_GO,HOLD,15.81,NORMAL,SCALE,DEFENSIVE,1.0,0.50,Aegean:FLAT(0.30)|Orion:LONG(0.24),Regime: TREND (Orion 2x). Score: 0.16. Low Conviction (<0.4).,LOW_CONVICTION,14.115200,TOP,29.49,True
1704150360.0,TREND,NO_GO,HOLD,20.13,NORMAL,SCALE,DEFENSIVE,1.0,0.50,Aegean:FLAT(0.30)|Orion:LONG(0.30),Regime: TREND (Orion 2x). Score: 0.20. Low Conviction (<0.4).,LOW_CONVICTION,11.237707,TOP,32.08,True
1704150420.0,TREND,GO,BUY,45.19,NORMAL,SCALE,DEFENSIVE,1.0,0.50,Aegean:LONG(0.70)|Orion:LONG(0.33),Regime: TREND (Orion 2x). Score: 0.45. Bullish Consensus.,,6.175257,MID,33.11,True
1704150480.0,TREND,GO,BUY,46.47,NORMAL,SCALE,DEFENSIVE,1.0,0.50,Aegean:LONG(0.70)|Orion:LONG(0.35),Regime: TREND (Orion 2x). Score: 0.46. Bullish Consensus.,,5.609918,MID,33.88,True
1704150540.0,TREND,GO,BUY,47.82,NORMAL,SCALE,DEFENSIVE,1.0,0.50,Aegean:LONG(0.70)|Orion:LONG(0.37),Regime: TREND (Orion 2x). Score: 0.48. Bullish Consensus.,,6.344837,MID,34.69,True
1704150600.0,TREND,GO,BUY,49.23,NORMAL,SCALE,DEFENSIVE,1.0,0.50,Aegean:LONG(0.70)|Orion:LONG(0.39),Regime: TREND (Orion 2x). Score: 0.49. Bullish Consensus.,,5.584464,MID,35.54,True
1704150660.0,TREND,NO_GO,HOLD,25.61,NORMAL,SCALE,DEFENSIVE,1.0,0.50,Aegean:FLAT(0.50)|Orion:LONG(0.38),Regime: TREND (Orion 2x). Score: 0.26. Low Conviction (<0.4).,LOW_CONVICTION,3.331603,MID,35.37,True
1704150720.0,TREND,GO,BUY,49.66,NORMAL,SCALE,DEFENSIVE,1.0,0.50,Aegean:LONG(0.70)|Orion:LONG(0.39),Regime: TREND (Orion 2x). Score: 0.50. Bullish Consensus.,,5.909421,MID,35.79,True
1704150780.0,TREND,NO_GO,HOLD,27.33,NORMAL,SCALE,DEFENSIVE,1.0,0.50,Aegean:FLAT(0.30)|Orion:LONG(0.41),Regime: TREND (Orion 2x). Score: 0.27. Low Conviction (<0.4).,LOW_CONVICTION,6.934382,TOP,36.40,True
1704150840.0,TREND,NO_GO,HOLD,28.25,NORMAL,SCALE,DEFENSIVE,1.0,0.50,Aegean:FLAT(0.30)|Orion:LONG(0.42),Regime: TREND (Orion 2x). Score: 0.28. Low Conviction (<0.4).,LOW_CONVICTION,5.553850,TOP,36.95,True
1704150900.0,TREND,NO_GO,HOLD,25.96,NORMAL,SCALE,DEFENSIVE,1.0,0.50,Aegean:FLAT(0.50)|Orion:LONG(0.39),Regime: TREND (Orion 2x). Score: 0.26. Low Conviction (<0.4).,LOW_CONVICTION,0.828216,MID,35.58,True
1704150960.0,TREND,NO_GO,HOLD,23.84,NORMAL,SCALE,DEFENSIVE,1.0,0.50,Aegean:FLAT(0.50)|Orion:LONG(0.36),Regime: TREND (Orion 2x). Score: 0.24. Low Conviction (<0.4).,LOW_CONVICTION,3.968988,MID,34.30,True
1704151020.0,TREND,NO_GO,HOLD,23.90,NORMAL,SCALE,DEFENSIVE,1.0,0.50,Aegean:FLAT(0.30)|Orion:LONG(0.36),Regime: TREND (Orion 2x). Score: 0.24. Low Conviction (<0.4).,LOW_CONVICTION,8.434294,TOP,34.34,True
1704151080.0,TREND,NO_GO,HOLD,25.17,NORMAL,SCALE,DEFENSIVE,1.0,0.50,Aegean:FLAT(0.30)|Orion:LONG(0.38),Regime: TREND (Orion 2x). Score: 0.25. Low Conviction (<0.4).,LOW_CONVICTION,11.307528,TOP,35.10,True
1704151140.0,TREND,NO_GO,HOLD,26.38,NORMAL,SCALE,DEFENSIVE,1.0,0.50,Aegean:FLAT(0.30)|Orion:LONG(0.40),Regime: TREND (Orion 2x). Score: 0.26. Low Conviction (<0.4).,LOW_CONVICTION,8.612997,TOP,35.83,True
1704151200.0,TREND,NO_GO,HOLD,27.84,NORMAL,SCALE,DEFENSIVE,1.0,0.50,Aegean:FLAT(0.30)|Orion:LONG(0.42),Regime: TREND (Orion 2x). Score: 0.28. Low Conviction (<0.4).,LOW_CONVICTION,10.747749,TOP,36.71,True
1704151260.0,TREND,NO_GO,HOLD,30.01,NORMAL,SCALE,DEFENSIVE,1.0,0.50,Aegean:FLAT(0.30)|Orion:LONG(0.45),Regime: TREND (Orion 2x). Score: 0.30. Low Conviction (<0.4).,LOW_CONVICTION,12.367186,TOP,38.00,True
1704151320.0,TREND,NO_GO,HOLD,32.07,NORMAL,SCALE,DEFENSIVE,1.0,0.50,Aegean:FLAT(0.30)|Orion:LONG(0.48),Regime: TREND (Orion 2x). Score: 0.32. Low Conviction (<0.4).,LOW_CONVICTION,12.125850,TOP,39.24,True
1704151380.0,TREND,GO,BUY,58.03,NORMAL,SCALE,DEFENSIVE,1.0,0.50,Aegean:LONG(0.70)|Orion:LONG(0.52),Regime: TREND (Orion 2x). Score: 0.58. Bullish Consensus.,,8.526466,MID,40.82,True
1704151440.0,TREND,NO_GO,HOLD,36.76,NORMAL,SCALE,DEFENSIVE,1.0,0.50,Aegean:FLAT(0.30)|Orion:LONG(0.55),Regime: TREND (Orion 2x). Score: 0.37. Low Conviction (<0.4).,LOW_CONVICTION,11.748034,TOP,42.05,True
1704151500.0,TREND,NO_GO,HOLD,39.91,NORMAL,SCALE,DEFENSIVE,1.0,0.50,Aegean:FLAT(0.30)|Orion:LONG(0.60),Regime: TREND (Orion 2x). Score: 0.40. Low Conviction (<0.4).,LOW_CONVICTION,17.506044,TOP,43.95,True
1704151560.0,TREND,GO,BUY,43.06,NORMAL,SCALE,DEFENSIVE,1.0,0.50,Aegean:FLAT(0.30)|Orion:LONG(0.65),Regime: TREND (Orion 2x). Score: 0.43. Bullish Consensus.,,15.602019,TOP,45.84,True
1704151620.0,TREND,GO,BUY,46.64,NORMAL,SCALE,DEFENSIVE,1.0,0.50,Aegean:FLAT(0.30)|Orion:LONG(0.70),Regime: TREND (Orion 2x). Score: 0.47. Bullish Consensus.,,21.269693,TOP,47.98,True
1704183900.0,TREND,GO,BUY,60.49,SAFE,PRO,DEFENSIVE,1.0,0.25,Aegean:LONG(0.70)|Orion:LONG(0.56),Regime: TREND (Orion 2x). Score: 0.60. Bullish Consensus.,,6.887139,MID,42.29,True
1704183960.0,TREND,GO,BUY,59.89,NORMAL,PRO,DEFENSIVE,1.0,0.50,Aegean:LONG(0.70)|Orion:LONG(0.55),Regime: TREND (Orion 2x). Score: 0.60. Bullish Consensus.,,6.297118,MID,41.94,True
1704184020.0,TREND,GO,BUY,36.20,NORMAL,PRO,DEFENSIVE,1.0,0.50,Aegean:FLAT(0.30)|Orion:LONG(0.54),Regime: TREND (Orion 2x). Score: 0.36. Bullish Consensus.,,10.406645,TOP,41.72,True
1704184080.0,TREND,GO,BUY,59.03,NORMAL,PRO,DEFENSIVE,1.0,0.50,Aegean:LONG(0.70)|Orion:LONG(0.54),Regime: TREND (Orion 2x). Score: 0.59. Bullish Consensus.,,6.636685,MID,41.42,True
1704184140.0,TREND,GO,BUY,58.53,NORMAL,PRO,DEFENSIVE,1.0,0.50,Aegean:LONG(0.70)|Orion:LONG(0.53),Regime: TREND (Orion 2x). Score: 0.59. Bullish Consensus.,,6.165561,MID,41.12,True
1704184200.0,TREND,GO,BUY,58.04,NORMAL,PRO,DEFENSIVE,1.0,0.50,Aegean:LONG(0.70)|Orion:LONG(0.52),Regime: TREND (Orion 2x). Score: 0.58. Bullish Consensus.,,5.029939,MID,40.82,True
1704184260.0,TREND,GO,BUY,36.11,NORMAL,PRO,DEFENSIVE,1.0,0.50,Aegean:FLAT(0.30)|Orion:LONG(0.54),Regime: TREND (Orion 2x). Score: 0.36. Bullish Consensus.,,12.158860,TOP,41.66,True
1704184320.0,TREND,GO,BUY,37.11,NORMAL,PRO,DEFENSIVE,1.0,0.50,Aegean:FLAT(0.50)|Orion:LONG(0.56),Regime: TREND (Orion 2x). Score: 0.37. Bullish Consensus.,,1.361505,MID,42.27,True
1704184380.0,TREND,GO,BUY,36.38,NORMAL,PRO,DEFENSIVE,1.0,0.50,Aegean:FLAT(0.50)|Orion:LONG(0.55),Regime: TREND (Orion 2x). Score: 0.36. Bullish Consensus.,,1.499236,MID,41.83,True
1704184440.0,TREND,GO,BUY,35.83,NORMAL,PRO,DEFENSIVE,1.0,0.50,Aegean:FLAT(0.50)|Orion:LONG(0.54),Regime: TREND (Orion 2x). Score: 0.36. Bullish Consensus.,,-0.894323,MID,41.50,True
1704184500.0,TREND,NO_GO,HOLD,32.78,NORMAL,PRO,DEFENSIVE,1.0,0.50,Aegean:FLAT(0.50)|Orion:LONG(0.49),Regime: TREND (Orion 2x). Score: 0.33. Low Conviction (<0.35).,LOW_CONVICTION,1.751956,MID,39.67,True
1704184560.0,TREND,GO,BUY,54.20,NORMAL,PRO,DEFENSIVE,1.0,0.50,Aegean:LONG(0.70)|Orion:LONG(0.46),Regime: TREND (Orion 2x). Score: 0.54. Bullish Consensus.,,6.502201,MID,38.52,True
1704184620.0,TREND,NO_GO,HOLD,29.08,NORMAL,PRO,DEFENSIVE,1.0,0.50,Aegean:FLAT(0.50)|Orion:LONG(0.44),Regime: TREND (Orion 2x). Score: 0.29. Low Conviction (<0.35).,LOW_CONVICTION,-0.846972,MID,37.45,True
1704184680.0,TREND,NO_GO,HOLD,27.41,NORMAL,PRO,DEFENSIVE,1.0,0.50,Aegean:FLAT(0.50)|Orion:LONG(0.41),Regime: TREND (Orion 2x). Score: 0.27. Low Conviction (<0.35).,LOW_CONVICTION,0.872715,MID,36.44,True
1704184740.0,TREND,NO_GO,HOLD,24.15,NORMAL,PRO,DEFENSIVE,1.0,0.50,Aegean:FLAT(0.50)|Orion:LONG(0.36),Regime: TREND (Orion 2x). Score: 0.24. Low Conviction (<0.35).,LOW_CONVICTION,-3.122262,MID,34.49,True
1704184800.0,TREND,NO_GO,HOLD,20.63,NORMAL,PRO,DEFENSIVE,1.0,0.50,Aegean:FLAT(0.30)|Orion:LONG(0.31),Regime: TREND (Orion 2x). Score: 0.21. Low Conviction (<0.35).,LOW_CONVICTION,-5.304917,DIP,32.38,True
1704184860.0,TREND,NO_GO,HOLD,18.43,NORMAL,PRO,DEFENSIVE,1.0,0.50,Aegean:FLAT(0.30)|Orion:LONG(0.28),Regime: TREND (Orion 2x). Score: 0.18. Low Conviction (<0.35).,LOW_CONVICTION,-4.700571,DIP,31.06,True
1704184920.0,TREND,NO_GO,HOLD,16.40,NORMAL,PRO,DEFENSIVE,1.0,0.50,Aegean:FLAT(0.50)|Orion:LONG(0.25),Regime: TREND (Orion 2x). Score: 0.16. Low Conviction (<0.35).,LOW_CONVICTION,-2.605419,MID,29.84,True
1704184980.0,TREND,NO_GO,HOLD,13.02,NORMAL,PRO,DEFENSIVE,1.0,0.50,Aegean:FLAT(0.30)|Orion:LONG(0.20),Regime: TREND (Orion 2x). Score: 0.13. Low Conviction (<0.35).,LOW_CONVICTION,-6.162014,DIP,27.81,True
1704185040.0,TREND,NO_GO,HOLD,9.88,NORMAL,PRO,DEFENSIVE,1.0,0.50,Aegean:FLAT(0.50)|Orion:LONG(0.15),Regime: TREND (Orion 2x). Score: 0.10. Low Conviction (<0.35).,LOW_CONVICTION,-2.502788,MID,25.93,True
1704185100.0,TREND,NO_GO,HOLD,13.33,NORMAL,PRO,DEFENSIVE,1.0,0.50,Aegean:FLAT(0.30)|Orion:LONG(0.20),Regime: TREND (Orion 2x). Score: 0.13. Low Conviction (<0.35).,LOW_CONVICTION,-6.044901,DIP,24.47,False
1704185160.0,TREND,NO_GO,HOLD,13.33,NORMAL,PRO,DEFENSIVE,1.0,0.50,Aegean:FLAT(0.30)|Orion:LONG(0.20),Regime: TREND (Orion 2x). Score: 0.13. Low Conviction (<0.35).,LOW_CONVICTION,-5.388970,DIP,23.58,False
1704185220.0,TREND,NO_GO,HOLD,10.00,NORMAL,PRO,DEFENSIVE,1.0,0.50,Aegean:SHORT(0.70)|Orion:LONG(0.20),Regime: TREND (Orion 2x). Score: -0.10. Low Conviction (<0.35).,LOW_CONVICTION,-4.597480,MID,22.09,False
1704185280.0,TREND,NO_GO,HOLD,13.33,NORMAL,PRO,DEFENSIVE,1.0,0.50,Aegean:FLAT(0.50)|Orion:LONG(0.20),Regime: TREND (Orion 2x). Score: 0.13. Low Conviction (<0.35).,LOW_CONVICTION,-2.344493,MID,20.93,False
1704185340.0,CHOP,NO_GO,HOLD,13.33,NORMAL,PRO,DEFENSIVE,1.0,0.50,Aegean:FLAT(0.50)|Orion:LONG(0.20),Regime: CHOP (Reduced Weights). Score: 0.13. Low Conviction (<0.35).,LOW_CONVICTION,4.537596,MID,20.32,False
1704185400.0,CHOP,NO_GO,HOLD,13.33,NORMAL,PRO,DEFENSIVE,1.0,0.50,Aegean:FLAT(0.50)|Orion:LONG(0.20),Regime: CHOP (Reduced Weights). Score: 0.13. Low Conviction (<0.35).,LOW_CONVICTION,4.510659,MID,19.77,False
1704185460.0,CHOP,GO,BUY,36.67,NORMAL,PRO,DEFENSIVE,1.0,0.50,Aegean:LONG(0.70)|Orion:LONG(0.20),Regime: CHOP (Reduced Weights). Score: 0.37. Bullish Consensus.,,5.894020,MID,19.99,False
1704185520.0,TREND,NO_GO,HOLD,13.33,NORMAL,PRO,DEFENSIVE,1.0,0.50,Aegean:FLAT(0.50)|Orion:LONG(0.20),Regime: TREND (Orion 2x). Score: 0.13. Low Conviction (<0.35).,LOW_CONVICTION,4.233762,MID,20.24,False
1704185580.0,TREND,NO_GO,HOLD,13.33,NORMAL,PRO,DEFENSIVE,1.0,0.50,Aegean:FLAT(0.30)|Orion:LONG(0.20),Regime: TREND (Orion 2x). Score: 0.13. Low Conviction (<0.35).,LOW_CONVICTION,5.450281,TOP,20.43,False
1704185640.0,TREND,NO_GO,HOLD,13.33,NORMAL,PRO,DEFENSIVE,1.0,0.50,Aegean:FLAT(0.30)|Orion:LONG(0.20),Regime: TREND (Orion 2x). Score: 0.13. Low Conviction (<0.35).,LOW_CONVICTION,8.903560,TOP,21.23,False
1704185700.0,TREND,NO_GO,HOLD,13.33,NORMAL,PRO,DEFENSIVE,1.0,0.50,Aegean:FLAT(0.30)|Orion:LONG(0.20),Regime: TREND (Orion 2x). Score: 0.13. Low Conviction (<0.35).,LOW_CONVICTION,7.433342,TOP,22.04,False
1704185760.0,TREND,NO_GO,HOLD,13.33,NORMAL,PRO,DEFENSIVE,1.0,0.50,Aegean:FLAT(0.30)|Orion:LONG(0.20),Regime: TREND (Orion 2x). Score: 0.13. Low Conviction (<0.35).,LOW_CONVICTION,5.533060,TOP,22.58,False
1704185820.0,TREND,NO_GO,HOLD,13.33,NORMAL,PRO,DEFENSIVE,1.0,0.50,Aegean:FLAT(0.30)|Orion:LONG(0.20),Regime: TREND (Orion 2x). Score: 0.13. Low Conviction (<0.35).,LOW_CONVICTION,4.739242,TOP,23.06,False
1704185880.0,TREND,NO_GO,HOLD,13.33,NORMAL,PRO,DEFENSIVE,1.0,0.50,Aegean:FLAT(0.50)|Orion:LONG(0.20),Regime: TREND (Orion 2x). Score: 0.13. Low Conviction (<0.35).,LOW_CONVICTION,2.729087,MID,22.93,False
1704185940.0,TREND,NO_GO,HOLD,13.33,NORMAL,PRO,DEFENSIVE,1.0,0.50,Aegean:FLAT(0.50)|Orion:LONG(0.20),Regime: TREND (Orion 2x). Score: 0.13. Low Conviction (<0.35).,LOW_CONVICTION,2.416955,MID,22.35,False
1704186000.0,TREND,NO_GO,HOLD,13.33,NORMAL,PRO,DEFENSIVE,1.0,0.50,Aegean:FLAT(0.50)|Orion:LONG(0.20),Regime: TREND (Orion 2x). Score: 0.13. Low Conviction (<0.35).,LOW_CONVICTION,3.398271,TOP,22.42,False
1704186060.0,TREND,NO_GO,HOLD,13.33,NORMAL,PRO,DEFENSIVE,1.0,0.50,Aegean:FLAT(0.50)|Orion:LONG(0.20),Regime: TREND (Orion 2x). Score: 0.13. Low Conviction (<0.35).,LOW_CONVICTION,3.762137,TOP,22.47,False
1704186120.0,TREND,NO_GO,HOLD,13.33,NORMAL,PRO,DEFENSIVE,1.0,0.50,Aegean:FLAT(0.50)|Orion:LONG(0.20),Regime: TREND (Orion 2x). Score: 0.13. Low Conviction (<0.35).,LOW_CONVICTION,4.479324,TOP,22.97,False
1704186180.0,TREND,NO_GO,HOLD,13.33,NORMAL,PRO,DEFENSIVE,1.0,0.50,Aegean:FLAT(0.30)|Orion:LONG(0.20),Regime: TREND (Orion 2x). Score: 0.13. Low Conviction (<0.35).,LOW_CONVICTION,5.923185,TOP,23.61,False
1704186240.0,TREND,NO_GO,HOLD,13.33,NORMAL,PRO,DEFENSIVE,1.0,0.50,Aegean:FLAT(0.30)|Orion:LONG(0.20),Regime: TREND (Orion 2x). Score: 0.13. Low Conviction (<0.35).,LOW_CONVICTION,7.838063,TOP,24.67,False
1704186300.0,TREND,NO_GO,HOLD,10.42,NORMAL,PRO,DEFENSIVE,1.0,0.50,Aegean:FLAT(0.30)|Orion:LONG(0.16),Regime: TREND (Orion 2x). Score: 0.10. Low Conviction (<0.35).,LOW_CONVICTION,7.126193,TOP,26.25,True
1704186360.0,TREND,NO_GO,HOLD,13.16,NORMAL,PRO,DEFENSIVE,1.0,0.50,Aegean:FLAT(0.30)|Orion:LONG(0.20),Regime: TREND (Orion 2x). Score: 0.13. Low Conviction (<0.35).,LOW_CONVICTION,10.057829,TOP,27.90,True
1704186420.0,TREND,NO_GO,HOLD,12.70,NORMAL,PRO,DEFENSIVE,1.0,0.50,Aegean:FLAT(0.50)|Orion:LONG(0.19),Regime: TREND (Orion 2x). Score: 0.13. Low Conviction (<0.35).,LOW_CONVICTION,1.067258,MID,27.62,True
1704186480.0,TREND,NO_GO,HOLD,10.16,NORMAL,PRO,DEFENSIVE,1.0,0.50,Aegean:FLAT(0.50)|Orion:LONG(0.15),Regime: TREND (Orion 2x). Score: 0.10. Low Conviction (<0.35).,LOW_CONVICTION,0.817084,MID,26.10,True
1704186540.0,CHOP,GO,SELL,36.67,NORMAL,PRO,DEFENSIVE,1.0,0.50,Aegean:SHORT(0.70)|Orion:SHORT(0.20),Regime: CHOP (Reduced Weights). Score: -0.37. Bearish Consensus.,,-4.591793,MID,24.36,False
1704186600.0,CHOP,NO_GO,HOLD,13.33,NORMAL,PRO,DEFENSIVE,1.0,0.50,Aegean:FLAT(0.30)|Orion:SHORT(0.20),Regime: CHOP (Reduced Weights). Score: -0.13. Low Conviction (<0.35).,LOW_CONVICTION,-4.647393,DIP,22.78,False
1704186660.0,CHOP,NO_GO,HOLD,13.33,NORMAL,PRO,DEFENSIVE,1.0,0.50,Aegean:FLAT(0.30)|Orion:SHORT(0.20),Regime: CHOP (Reduced Weights). Score: -0.13. Low Conviction (<0.35).,LOW_CONVICTION,-4.774905,DIP,21.51,False
1704186720.0,CHOP,NO_GO,HOLD,13.33,NORMAL,PRO,DEFENSIVE,1.0,0.50,Aegean:FLAT(0.30)|Orion:SHORT(0.20),Regime: CHOP (Reduced Weights). Score: -0.13. Low Conviction (<0.35).,LOW_CONVICTION,-5.780021,DIP,20.66,False
1704186780.0,CHOP,NO_GO,HOLD,13.33,NORMAL,PRO,DEFENSIVE,1.0,0.50,Aegean:FLAT(0.30)|Orion:SHORT(0.20),Regime: CHOP (Reduced Weights). Score: -0.13. Low Conviction (<0.35).,LOW_CONVICTION,-4.625685,DIP,19.84,False
1704186840.0,CHOP,NO_GO,HOLD,13.33,NORMAL,PRO,DEFENSIVE,1.0,0.50,Aegean:FLAT(0.30)|Orion:SHORT(0.20),Regime: CHOP (Reduced Weights). Score: -0.13. Low Conviction (<0.35).,LOW_CONVICTION,-6.166337,DIP,20.16,False
1704186900.0,CHOP,NO_GO,HOLD,13.33,NORMAL,PRO,DEFENSIVE,1.0,0.50,Aegean:FLAT(0.50)|Orion:SHORT(0.20),Regime: CHOP (Reduced Weights). Score: -0.13. Low Conviction (<0.35).,LOW_CONVICTION,-3.880036,MID,20.45,False
1704186960.0,CHOP,NO_GO,HOLD,13.33,NORMAL,PRO,DEFENSIVE,1.0,0.50,Aegean:FLAT(0.50)|Orion:SHORT(0.20),Regime: CHOP (Reduced Weights). Score: -0.13. Low Conviction (<0.35).,LOW_CONVICTION,-2.229136,MID,20.32,False
1704187020.0,CHOP,NO_GO,HOLD,13.33,NORMAL,PRO,DEFENSIVE,1.0,0.50,Aegean:FLAT(0.50)|Orion:LONG(0.20),Regime: CHOP (Reduced Weights). Score: 0.13. Low Conviction (<0.35).,LOW_CONVICTION,0.561156,MID,19.29,False
1704187080.0,CHOP,NO_GO,HOLD,13.33,NORMAL,PRO,DEFENSIVE,1.0,0.50,Aegean:FLAT(0.50)|Orion:SHORT(0.20),Regime: CHOP (Reduced Weights). Score: -0.13. Low Conviction (<0.35).,LOW_CONVICTION,-1.063152,MID,18.01,False
1704187140.0,CHOP,NO_GO,HOLD,13.33,NORMAL,PRO,DEFENSIVE,1.0,0.50,Aegean:FLAT(0.50)|Orion:SHORT(0.20),Regime: CHOP (Reduced Weights). Score: -0.13. Low Conviction (<0.35).,LOW_CONVICTION,-2.245580,MID,17.45,False
1704187200.0,CHOP,NO_GO,HOLD,13.33,NORMAL,PRO,DEFENSIVE,1.0,0.50,Aegean:FLAT(0.50)|Orion:LONG(0.20),Regime: CHOP (Reduced Weights). Score: 0.13. Low Conviction (<0.35).,LOW_CONVICTION,1.110489,MID,16.55,False
1704187260.0,CHOP,NO_GO,HOLD,13.33,NORMAL,PRO,DEFENSIVE,1.0,0.50,Aegean:FLAT(0.50)|Orion:LONG(0.20),Regime: CHOP (Reduced Weights). Score: 0.13. Low Conviction (<0.35).,LOW_CONVICTION,1.305510,MID,15.38,False
1704187320.0,CHOP,NO_GO,HOLD,13.33,NORMAL,PRO,DEFENSIVE,1.0,0.50,Aegean:FLAT(0.50)|Orion:LONG(0.20),Regime: CHOP (Reduced Weights). Score: 0.13. Low Conviction (<0.35).,LOW_CONVICTION,1.370880,MID,14.70,False
1704187380.0,CHOP,NO_GO,HOLD,13.33,NORMAL,PRO,DEFENSIVE,1.0,0.50,Aegean:FLAT(0.50)|Orion:LONG(0.20),Regime: CHOP (Reduced Weights). Score: 0.13. Low Conviction (<0.35).,LOW_CONVICTION,3.272337,MID,14.17,False
1704187440.0,CHOP,NO_GO,HOLD,13.33,NORMAL,PRO,DEFENSIVE,1.0,0.50,Aegean:FLAT(0.50)|Orion:LONG(0.20),Regime: CHOP (Reduced Weights). Score: 0.13. Low Conviction (<0.35).,LOW_CONVICTION,3.037556,MID,13.63,False
1704187500.0,CHOP,NO_GO,HOLD,13.33,NORMAL,PRO,DEFENSIVE,1.0,0.50,Aegean:FLAT(0.50)|Orion:LONG(0.20),Regime: CHOP (Reduced Weights). Score: 0.13. Low Conviction (<0.35).,LOW_CONVICTION,1.405369,MID,13.00,False
1704187560.0,CHOP,NO_GO,HOLD,13.33,NORMAL,PRO,DEFENSIVE,1.0,0.50,Aegean:FLAT(0.50)|Orion:LONG(0.20),Regime: CHOP (Reduced Weights). Score: 0.13. Low Conviction (<0.35).,LOW_CONVICTION,-0.537635,MID,12.40,False
1704187620.0,CHOP,NO_GO,HOLD,13.33,NORMAL,PRO,DEFENSIVE,1.0,0.50,Aegean:FLAT(0.30)|Orion:LONG(0.20),Regime: CHOP (Reduced Weights). Score: 0.13. Low Conviction (<0.35).,LOW_CONVICTION,7.301755,TOP,13.09,False
1704187680.0,CHOP,NO_GO,HOLD,13.33,NORMAL,PRO,DEFENSIVE,1.0,0.50,Aegean:FLAT(0.30)|Orion:LONG(0.20),Regime: CHOP (Reduced Weights). Score: 0.13. Low Conviction (<0.35).,LOW_CONVICTION,8.409399,TOP,14.08,False
1704187740.0,CHOP,NO_GO,HOLD,13.33,NORMAL,PRO,DEFENSIVE,1.0,0.50,Aegean:FLAT(0.30)|Orion:LONG(0.20),Regime: CHOP (Reduced Weights). Score: 0.13. Low Conviction (<0.35).,LOW_CONVICTION,6.061707,TOP,15.18,False
1704187800.0,CHOP,NO_GO,HOLD,13.33,NORMAL,PRO,DEFENSIVE,1.0,0.50,Aegean:FLAT(0.50)|Orion:LONG(0.20),Regime: CHOP (Reduced Weights). Score: 0.13. Low Conviction (<0.35).,LOW_CONVICTION,3.618900,MID,15.15,False
1704187860.0,CHOP,GO,BUY,36.67,NORMAL,PRO,DEFENSIVE,1.0,0.50,Aegean:LONG(0.70)|Orion:LONG(0.20),Regime: CHOP (Reduced Weights). Score: 0.37. Bullish Consensus.,,4.592890,MID,15.10,False
1704187920.0,CHOP,NO_GO,HOLD,13.33,NORMAL,PRO,DEFENSIVE,1.0,0.50,Aegean:FLAT(0.50)|Orion:LONG(0.20),Regime: CHOP (Reduced Weights). Score: 0.13. Low Conviction (<0.35).,LOW_CONVICTION,0.837297,MID,14.52,False
1704187980.0,CHOP,NO_GO,HOLD,13.33,NORMAL,PRO,DEFENSIVE,1.0,0.50,Aegean:FLAT(0.50)|Orion:SHORT(0.20),Regime: CHOP (Reduced Weights). Score: -0.13. Low Conviction (<0.35).,LOW_CONVICTION,-3.807914,MID,14.29,False
1704188040.0,CHOP,NO_GO,HOLD,13.33,NORMAL,PRO,DEFENSIVE,1.0,0.50,Aegean:FLAT(0.50)|Orion:LONG(0.20),Regime: CHOP (Reduced Weights). Score: 0.13. Low Conviction (<0.35).,LOW_CONVICTION,-1.804598,MID,14.27,False
1704188100.0,CHOP,NO_GO,HOLD,13.33,NORMAL,PRO,DEFENSIVE,1.0,0.50,Aegean:FLAT(0.50)|Orion:SHORT(0.20),Regime: CHOP (Reduced Weights). Score: -0.13. Low Conviction (<0.35).,LOW_CONVICTION,-3.792212,MID,14.27,False
1704188160.0,CHOP,NO_GO,HOLD,13.33,NORMAL,PRO,DEFENSIVE,1.0,0.50,Aegean:FLAT(0.50)|Orion:SHORT(0.20),Regime: CHOP (Reduced Weights). Score: -0.13. Low Conviction (<0.35).,LOW_CONVICTION,-2.876488,MID,14.28,False
1704188220.0,CHOP,NO_GO,HOLD,13.33,NORMAL,PRO,DEFENSIVE,1.0,0.50,Aegean:FLAT(0.30)|Orion:SHORT(0.20),Regime: CHOP (Reduced Weights). Score: -0.13. Low Conviction (<0.35).,LOW_CONVICTION,-5.807406,DIP,14.95,False
1704188280.0,CHOP,NO_GO,HOLD,13.33,NORMAL,PRO,DEFENSIVE,1.0,0.50,Aegean:FLAT(0.30)|Orion:SHORT(0.20),Regime: CHOP (Reduced Weights). Score: -0.13. Low Conviction (<0.35).,LOW_CONVICTION,-9.118110,DIP,16.45,False
1704188340.0,CHOP,GO,SELL,36.67,NORMAL,PRO,DEFENSIVE,1.0,0.50,Aegean:SHORT(0.70)|Orion:SHORT(0.20),Regime: CHOP (Reduced Weights). Score: -0.37. Bearish Consensus.,,-5.268211,MID,17.83,False
1704188400.0,CHOP,NO_GO,HOLD,13.33,NORMAL,PRO,DEFENSIVE,1.0,0.50,Aegean:FLAT(0.30)|Orion:SHORT(0.20),Regime: CHOP (Reduced Weights). Score: -0.13. Low Conviction (<0.35).,LOW_CONVICTION,-6.782911,DIP,19.10,False
1704188460.0,TREND,NO_GO,HOLD,13.33,NORMAL,PRO,DEFENSIVE,1.0,0.50,Aegean:FLAT(0.30)|Orion:SHORT(0.20),Regime: TREND (Orion 2x). Score: -0.13. Low Conviction (<0.35).,LOW_CONVICTION,-5.016640,DIP,20.11,False
1704188520.0,TREND,NO_GO,HOLD,13.33,NORMAL,PRO,DEFENSIVE,1.0,0.50,Aegean:FLAT(0.30)|Orion:SHORT(0.20),Regime: TREND (Orion 2x). Score: -0.13. Low Conviction (<0.35).,LOW_CONVICTION,-6.990420,DIP,21.36,False
1704188580.0,TREND,NO_GO,HOLD,13.33,NORMAL,PRO,DEFENSIVE,1.0,0.50,Aegean:FLAT(0.30)|Orion:SHORT(0.20),Regime: TREND (Orion 2x). Score: -0.13. Low Conviction (<0.35).,LOW_CONVICTION,-9.668963,DIP,23.16,False
1704188640.0,TREND,NO_GO,HOLD,13.33,NORMAL,PRO,DEFENSIVE,1.0,0.50,Aegean:FLAT(0.30)|Orion:SHORT(0.20),Regime: TREND (Orion 2x). Score: -0.13. Low Conviction (<0.35).,LOW_CONVICTION,-5.999277,DIP,24.55,False
1704188700.0,TREND,NO_GO,HOLD,9.78,NORMAL,PRO,DEFENSIVE,1.0,0.50,Aegean:FLAT(0.30)|Orion:SHORT(0.15),Regime: TREND (Orion 2x). Score: -0.10. Low Conviction (<0.35).,LOW_CONVICTION,-6.158894,DIP,25.87,True
1704188760.0,TREND,NO_GO,HOLD,12.25,NORMAL,PRO,DEFENSIVE,1.0,0.50,Aegean:FLAT(0.30)|Orion:SHORT(0.18),Regime: TREND (Orion 2x). Score: -0.12. Low Conviction (<0.35).,LOW_CONVICTION,-5.312966,DIP,27.35,True
1704188820.0,TREND,NO_GO,HOLD,10.38,NORMAL,PRO,DEFENSIVE,1.0,0.50,Aegean:FLAT(0.50)|Orion:SHORT(0.16),Regime: TREND (Orion 2x). Score: -0.10. Low Conviction (<0.35).,LOW_CONVICTION,0.295990,MID,26.23,True
1704188880.0,TREND,NO_GO,HOLD,13.33,NORMAL,PRO,DEFENSIVE,1.0,0.50,Aegean:FLAT(0.50)|Orion:SHORT(0.20),Regime: TREND (Orion 2x). Score: -0.13. Low Conviction (<0.35).,LOW_CONVICTION,3.105123,MID,24.44,False
1704188940.0,TREND,NO_GO,HOLD,13.33,NORMAL,PRO,DEFENSIVE,1.0,0.50,Aegean:FLAT(0.50)|Orion:SHORT(0.20),Regime: TREND (Orion 2x). Score: -0.13. Low Conviction (<0.35).,LOW_CONVICTION,2.319075,MID,22.77,False
1704189000.0,TREND,NO_GO,HOLD,13.33,NORMAL,PRO,DEFENSIVE,1.0,0.50,Aegean:FLAT(0.50)|Orion:SHORT(0.20),Regime: TREND (Orion 2x). Score: -0.13. Low Conviction (<0.35).,LOW_CONVICTION,3.257470,MID,21.35,False
1704189060.0,TREND,NO_GO,HOLD,13.33,NORMAL,PRO,DEFENSIVE,1.0,0.50,Aegean:FLAT(0.50)|Orion:SHORT(0.20),Regime: TREND (Orion 2x). Score: -0.13. Low Conviction (<0.35).,LOW_CONVICTION,1.648977,MID,21.22,False
1704189120.0,TREND,NO_GO,HOLD,13.33,NORMAL,PRO,DEFENSIVE,1.0,0.50,Aegean:FLAT(0.50)|Orion:SHORT(0.20),Regime: TREND (Orion 2x). Score: -0.13. Low Conviction (<0.35).,LOW_CONVICTION,1.283509,MID,20.44,False
1704189180.0,TREND,NO_GO,HOLD,13.33,NORMAL,PRO,DEFENSIVE,1.0,0.50,Aegean:FLAT(0.50)|Orion:SHORT(0.20),Regime: TREND (Orion 2x). Score: -0.13. Low Conviction (<0.35).,LOW_CONVICTION,-4.143609,MID,19.38,False
1704189240.0,TREND,NO_GO,HOLD,13.33,NORMAL,PRO,DEFENSIVE,1.0,0.50,Aegean:FLAT(0.30)|Orion:SHORT(0.20),Regime: TREND (Orion 2x). Score: -0.13. Low Conviction (<0.35).,LOW_CONVICTION,-5.440516,DIP,18.88,False
1704189300.0,TREND,NO_GO,HOLD,13.33,NORMAL,PRO,DEFENSIVE,1.0,0.50,Aegean:FLAT(0.50)|Orion:SHORT(0.20),Regime: TREND (Orion 2x). Score: -0.13. Low Conviction (<0.35).,LOW_CONVICTION,-3.290211,MID,18.43,False
1704189360.0,CHOP,NO_GO,HOLD,13.33,NORMAL,PRO,DEFENSIVE,1.0,0.50,Aegean:FLAT(0.50)|Orion:SHORT(0.20),Regime: CHOP (Reduced Weights). Score: -0.13. Low Conviction (<0.35).,LOW_CONVICTION,-3.780022,MID,17.72,False
1704189420.0,CHOP,NO_GO,HOLD,13.33,NORMAL,PRO,DEFENSIVE,1.0,0.50,Aegean:FLAT(0.50)|Orion:SHORT(0.20),Regime: CHOP (Reduced Weights). Score: -0.13. Low Conviction (<0.35).,LOW_CONVICTION,-3.453425,MID,17.07,False
1704189480.0,CHOP,NO_GO,HOLD,13.33,NORMAL,PRO,DEFENSIVE,1.0,0.50,Aegean:FLAT(0.50)|Orion:SHORT(0.20),Regime: CHOP (Reduced Weights). Score: -0.13. Low Conviction (<0.35).,LOW_CONVICTION,-0.383340,MID,16.14,False
1704189540.0,CHOP,NO_GO,HOLD,13.33,NORMAL,PRO,DEFENSIVE,1.0,0.50,Aegean:FLAT(0.50)|Orion:SHORT(0.20),Regime: CHOP (Reduced Weights). Score: -0.13. Low Conviction (<0.35).,LOW_CONVICTION,-2.155004,MID,15.32,False
1704189600.0,CHOP,NO_GO,HOLD,13.33,NORMAL,PRO,DEFENSIVE,1.0,0.50,Aegean:FLAT(0.50)|Orion:SHORT(0.20),Regime: CHOP (Reduced Weights). Score: -0.13. Low Conviction (<0.35).,LOW_CONVICTION,-0.587920,MID,14.53,False
1704189660.0,CHOP,NO_GO,HOLD,13.33,NORMAL,PRO,DEFENSIVE,1.0,0.50,Aegean:FLAT(0.50)|Orion:SHORT(0.20),Regime: CHOP (Reduced Weights). Score: -0.13. Low Conviction (<0.35).,LOW_CONVICTION,0.092472,MID,14.45,False
1704189720.0,CHOP,NO_GO,HOLD,13.33,NORMAL,PRO,DEFENSIVE,1.0,0.50,Aegean:FLAT(0.50)|Orion:SHORT(0.20),Regime: CHOP (Reduced Weights). Score: -0.13. Low Conviction (<0.35).,LOW_CONVICTION,-1.714761,MID,13.72,False
1704189780.0,CHOP,NO_GO,HOLD,13.33,NORMAL,PRO,DEFENSIVE,1.0,0.50,Aegean:FLAT(0.50)|Orion:SHORT(0.20),Regime: CHOP (Reduced Weights). Score: -0.13. Low Conviction (<0.35).,LOW_CONVICTION,-3.076193,MID,13.06,False
1704189840.0,CHOP,NO_GO,HOLD,13.33,NORMAL,PRO,DEFENSIVE,1.0,0.50,Aegean:FLAT(0.30)|Orion:SHORT(0.20),Regime: CHOP (Reduced Weights). Score: -0.13. Low Conviction (<0.35).,LOW_CONVICTION,-7.421843,DIP,13.54,False
1704189900.0,CHOP,NO_GO,HOLD,13.33,NORMAL,PRO,DEFENSIVE,1.0,0.50,Aegean:FLAT(0.30)|Orion:SHORT(0.20),Regime: CHOP (Reduced Weights). Score: -0.13. Low Conviction (<0.35).,LOW_CONVICTION,-5.643388,DIP,14.00,False
1704189960.0,CHOP,NO_GO,HOLD,13.33,NORMAL,PRO,DEFENSIVE,1.0,0.50,Aegean:FLAT(0.50)|Orion:SHORT(0.20),Regime: CHOP (Reduced Weights). Score: -0.13. Low Conviction (<0.35).,LOW_CONVICTION,-4.228577,DIP,13.94,False
1704190020.0,CHOP,NO_GO,HOLD,13.33,NORMAL,PRO,DEFENSIVE,1.0,0.50,Aegean:FLAT(0.30)|Orion:SHORT(0.20),Regime: CHOP (Reduced Weights). Score: -0.13. Low Conviction (<0.35).,LOW_CONVICTION,-5.999244,DIP,14.21,False
1704190080.0,CHOP,NO_GO,HOLD,13.33,NORMAL,PRO,DEFENSIVE,1.0,0.50,Aegean:FLAT(0.30)|Orion:SHORT(0.20),Regime: CHOP (Reduced Weights). Score: -0.13. Low Conviction (<0.35).,LOW_CONVICTION,-9.809274,DIP,15.74,False
1704190140.0,CHOP,GO,SELL,36.67,NORMAL,PRO,DEFENSIVE,1.0,0.50,Aegean:SHORT(0.70)|Orion:SHORT(0.20),Regime: CHOP (Reduced Weights). Score: -0.37. Bearish Consensus.,,-5.009631,MID,16.75,False
1704190200.0,CHOP,NO_GO,HOLD,13.33,NORMAL,PRO,DEFENSIVE,1.0,0.50,Aegean:FLAT(0.30)|Orion:SHORT(0.20),Regime: CHOP (Reduced Weights). Score: -0.13. Low Conviction (<0.35).,LOW_CONVICTION,-6.673019,DIP,17.48,False
1704190260.0,CHOP,NO_GO,HOLD,13.33,NORMAL,PRO,DEFENSIVE,1.0,0.50,Aegean:FLAT(0.50)|Orion:SHORT(0.20),Regime: CHOP (Reduced Weights). Score: -0.13. Low Conviction (<0.35).,LOW_CONVICTION,-4.256972,MID,18.08,False
1704190320.0,CHOP,NO_GO,HOLD,13.33,NORMAL,PRO,DEFENSIVE,1.0,0.50,Aegean:FLAT(0.50)|Orion:SHORT(0.20),Regime: CHOP (Reduced Weights). Score: -0.13. Low Conviction (<0.35).,LOW_CONVICTION,-2.846737,MID,17.60,False
1704190380.0,CHOP,NO_GO,HOLD,13.33,NORMAL,PRO,DEFENSIVE,1.0,0.50,Aegean:FLAT(0.50)|Orion:SHORT(0.20),Regime: CHOP (Reduced Weights). Score: -0.13. Low Conviction (<0.35).,LOW_CONVICTION,-3.926573,MID,17.17,False
1704190440.0,CHOP,NO_GO,HOLD,13.33,NORMAL,PRO,DEFENSIVE,1.0,0.50,Aegean:FLAT(0.30)|Orion:SHORT(0.20),Regime: CHOP (Reduced Weights). Score: -0.13. Low Conviction (<0.35).,LOW_CONVICTION,5.709504,TOP,17.45,False
1704190500.0,CHOP,NO_GO,HOLD,13.33,NORMAL,PRO,DEFENSIVE,1.0,0.50,Aegean:FLAT(0.30)|Orion:SHORT(0.20),Regime: CHOP (Reduced Weights). Score: -0.13. Low Conviction (<0.35).,LOW_CONVICTION,4.723188,TOP,18.03,False
1704190560.0,TREND,NO_GO,HOLD,13.33,NORMAL,PRO,DEFENSIVE,1.0,0.50,Aegean:FLAT(0.30)|Orion:LONG(0.20),Regime: TREND (Orion 2x). Score: 0.13. Low Conviction (<0.35).,LOW_CONVICTION,5.578654,TOP,18.59,False
1704190620.0,TREND,NO_GO,HOLD,13.33,NORMAL,PRO,DEFENSIVE,1.0,0.50,Aegean:FLAT(0.30)|Orion:LONG(0.20),Regime: TREND (Orion 2x). Score: 0.13. Low Conviction (<0.35).,LOW_CONVICTION,5.027215,TOP,18.90,False
1704190680.0,TREND,NO_GO,HOLD,13.33,NORMAL,PRO,DEFENSIVE,1.0,0.50,Aegean:FLAT(0.50)|Orion:SHORT(0.20),Regime: TREND (Orion 2x). Score: -0.13. Low Conviction (<0.35).,LOW_CONVICTION,1.380093,MID,19.01,False
1704190740.0,TREND,NO_GO,HOLD,13.33,NORMAL,PRO,DEFENSIVE,1.0,0.50,Aegean:FLAT(0.50)|Orion:SHORT(0.20),Regime: TREND (Orion 2x). Score: -0.13. Low Conviction (<0.35).,LOW_CONVICTION,-0.089010,MID,18.58,False
1704190800.0,CHOP,NO_GO,HOLD,13.33,NORMAL,PRO,DEFENSIVE,1.0,0.50,Aegean:FLAT(0.50)|Orion:SHORT(0.20),Regime: CHOP (Reduced Weights). Score: -0.13. Low Conviction (<0.35).,LOW_CONVICTION,0.044027,MID,17.48,False
1704190860.0,CHOP,NO_GO,HOLD,13.33,NORMAL,PRO,DEFENSIVE,1.0,0.50,Aegean:FLAT(0.50)|Orion:SHORT(0.20),Regime: CHOP (Reduced Weights). Score: -0.13. Low Conviction (<0.35).,LOW_CONVICTION,-2.290483,MID,16.56,False
1704190920.0,CHOP,NO_GO,HOLD,13.33,NORMAL,PRO,DEFENSIVE,1.0,0.50,Aegean:FLAT(0.50)|Orion:SHORT(0.20),Regime: CHOP (Reduced Weights). Score: -0.13. Low Conviction (<0.35).,LOW_CONVICTION,-2.022961,MID,15.74,False
1704190980.0,CHOP,NO_GO,HOLD,13.33,NORMAL,PRO,DEFENSIVE,1.0,0.50,Aegean:FLAT(0.50)|Orion:SHORT(0.20),Regime: CHOP (Reduced Weights). Score: -0.13. Low Conviction (<0.35).,LOW_CONVICTION,0.537084,MID,15.24,False
1704191040.0,CHOP,NO_GO,HOLD,13.33,NORMAL,PRO,DEFENSIVE,1.0,0.50,Aegean:FLAT(0.50)|Orion:LONG(0.20),Regime: CHOP (Reduced Weights). Score: 0.13. Low Conviction (<0.35).,LOW_CONVICTION,3.520125,MID,15.49,False
1704191100.0,CHOP,NO_GO,HOLD,13.33,NORMAL,PRO,DEFENSIVE,1.0,0.50,Aegean:FLAT(0.50)|Orion:SHORT(0.20),Regime: CHOP (Reduced Weights). Score: -0.13. Low Conviction (<0.35).,LOW_CONVICTION,-4.478018,MID,14.74,False
1704191160.0,CHOP,GO,SELL,36.67,NORMAL,PRO,DEFENSIVE,1.0,0.50,Aegean:SHORT(0.70)|Orion:SHORT(0.20),Regime: CHOP (Reduced Weights). Score: -0.37. Bearish Consensus.,,-5.573486,MID,14.23,False
1704191220.0,CHOP,NO_GO,HOLD,13.33,NORMAL,PRO,DEFENSIVE,1.0,0.50,Aegean:FLAT(0.50)|Orion:SHORT(0.20),Regime: CHOP (Reduced Weights). Score: -0.13. Low Conviction (<0.35).,LOW_CONVICTION,-3.271082,MID,13.75,False
1704191280.0,CHOP,NO_GO,HOLD,13.33,NORMAL,PRO,DEFENSIVE,1.0,0.50,Aegean:FLAT(0.50)|Orion:SHORT(0.20),Regime: CHOP (Reduced Weights). Score: -0.13. Low Conviction (<0.35).,LOW_CONVICTION,0.832384,MID,13.38,False
1704191340.0,CHOP,NO_GO,HOLD,13.33,NORMAL,PRO,DEFENSIVE,1.0,0.50,Aegean:FLAT(0.50)|Orion:SHORT(0.20),Regime: CHOP (Reduced Weights). Score: -0.13. Low Conviction (<0.35).,LOW_CONVICTION,0.531937,MID,13.01,False
1704191400.0,CHOP,NO_GO,HOLD,13.33,NORMAL,PRO,DEFENSIVE,1.0,0.50,Aegean:FLAT(0.50)|Orion:SHORT(0.20),Regime: CHOP (Reduced Weights). Score: -0.13. Low Conviction (<0.35).,LOW_CONVICTION,-1.673842,MID,12.20,False
1704191460.0,CHOP,NO_GO,HOLD,13.33,NORMAL,PRO,DEFENSIVE,1.0,0.50,Aegean:FLAT(0.50)|Orion:SHORT(0.20),Regime: CHOP (Reduced Weights). Score: -0.13. Low Conviction (<0.35).,LOW_CONVICTION,-0.159023,MID,11.41,False
1704191520.0,CHOP,NO_GO,HOLD,13.33,NORMAL,PRO,DEFENSIVE,1.0,0.50,Aegean:FLAT(0.50)|Orion:SHORT(0.20),Regime: CHOP (Reduced Weights). Score: -0.13. Low Conviction (<0.35).,LOW_CONVICTION,0.402035,MID,10.68,False
1704191580.0,CHOP,NO_GO,HOLD,13.33,NORMAL,PRO,DEFENSIVE,1.0,0.50,Aegean:FLAT(0.50)|Orion:SHORT(0.20),Regime: CHOP (Reduced Weights). Score: -0.13. Low Conviction (<0.35).,LOW_CONVICTION,-2.370477,MID,10.43,False
1704191640.0,CHOP,NO_GO,HOLD,13.33,NORMAL,PRO,DEFENSIVE,1.0,0.50,Aegean:FLAT(0.50)|Orion:SHORT(0.20),Regime: CHOP (Reduced Weights). Score: -0.13. Low Conviction (<0.35).,LOW_CONVICTION,-3.696209,DIP,10.78,False
1704191700.0,CHOP,NO_GO,HOLD,13.33,NORMAL,PRO,DEFENSIVE,1.0,0.50,Aegean:FLAT(0.50)|Orion:SHORT(0.20),Regime: CHOP (Reduced Weights). Score: -0.13. Low Conviction (<0.35).,LOW_CONVICTION,-3.798571,DIP,11.26,False
1704191760.0,CHOP,NO_GO,HOLD,13.33,NORMAL,PRO,DEFENSIVE,1.0,0.50,Aegean:FLAT(0.50)|Orion:SHORT(0.20),Regime: CHOP (Reduced Weights). Score: -0.13. Low Conviction (<0.35).,LOW_CONVICTION,-1.618314,MID,11.17,False
1704191820.0,CHOP,NO_GO,HOLD,13.33,NORMAL,PRO,DEFENSIVE,1.0,0.50,Aegean:FLAT(0.50)|Orion:SHORT(0.20),Regime: CHOP (Reduced Weights). Score: -0.13. Low Conviction (<0.35).,LOW_CONVICTION,-0.216096,MID,10.61,False
1704191880.0,CHOP,NO_GO,HOLD,13.33,NORMAL,PRO,DEFENSIVE,1.0,0.50,Aegean:FLAT(0.50)|Orion:SHORT(0.20),Regime: CHOP (Reduced Weights). Score: -0.13. Low Conviction (<0.35).,LOW_CONVICTION,-3.963170,DIP,10.88,False
1704191940.0,CHOP,NO_GO,HOLD,13.33,NORMAL,PRO,DEFENSIVE,1.0,0.50,Aegean:FLAT(0.30)|Orion:SHORT(0.20),Regime: CHOP (Reduced Weights). Score: -0.13. Low Conviction (<0.35).,LOW_CONVICTION,-5.679052,DIP,11.71,False
1704192000.0,CHOP,GO,SELL,36.67,NORMAL,PRO,DEFENSIVE,1.0,0.50,Aegean:SHORT(0.70)|Orion:SHORT(0.20),Regime: CHOP (Reduced Weights). Score: -0.37. Bearish Consensus.,,-4.872738,MID,13.35,False
1704192060.0,CHOP,GO,SELL,36.67,NORMAL,PRO,DEFENSIVE,1.0,0.50,Aegean:SHORT(0.70)|Orion:SHORT(0.20),Regime: CHOP (Reduced Weights). Score: -0.37. Bearish Consensus.,,-5.317997,MID,14.73,False
1704192120.0,CHOP,NO_GO,HOLD,13.33,NORMAL,PRO,DEFENSIVE,1.0,0.50,Aegean:FLAT(0.30)|Orion:SHORT(0.20),Regime: CHOP (Reduced Weights). Score: -0.13. Low Conviction (<0.35).,LOW_CONVICTION,-5.843614,DIP,16.31,False
1704192180.0,CHOP,NO_GO,HOLD,13.33,NORMAL,PRO,DEFENSIVE,1.0,0.50,Aegean:FLAT(0.50)|Orion:SHORT(0.20),Regime: CHOP (Reduced Weights). Score: -0.13. Low Conviction (<0.35).,LOW_CONVICTION,-4.131991,MID,17.87,False
1704192240.0,CHOP,NO_GO,HOLD,13.33,NORMAL,PRO,DEFENSIVE,1.0,0.50,Aegean:FLAT(0.50)|Orion:SHORT(0.20),Regime: CHOP (Reduced Weights). Score: -0.13. Low Conviction (<0.35).,LOW_CONVICTION,-1.552688,MID,18.39,False
1704192300.0,CHOP,NO_GO,HOLD,13.33,NORMAL,PRO,DEFENSIVE,1.0,0.50,Aegean:FLAT(0.50)|Orion:SHORT(0.20),Regime: CHOP (Reduced Weights). Score: -0.13. Low Conviction (<0.35).,LOW_CONVICTION,-3.890462,MID,18.83,False
1704192360.0,CHOP,NO_GO,HOLD,13.33,NORMAL,PRO,DEFENSIVE,1.0,0.50,Aegean:FLAT(0.30)|Orion:SHORT(0.20),Regime: CHOP (Reduced Weights). Score: -0.13. Low Conviction (<0.35).,LOW_CONVICTION,-5.694023,DIP,19.75,False
1704192420.0,TREND,GO,SELL,36.67,NORMAL,PRO,DEFENSIVE,1.0,0.50,Aegean:SHORT(0.70)|Orion:SHORT(0.20),Regime: TREND (Orion 2x). Score: -0.37. Bearish Consensus.,,-8.109377,MID,21.98,False
1704192480.0,TREND,GO,SELL,36.67,NORMAL,PRO,DEFENSIVE,1.0,0.50,Aegean:SHORT(0.70)|Orion:SHORT(0.20),Regime: TREND (Orion 2x). Score: -0.37. Bearish Consensus.,,-9.320968,MID,24.07,False
1704192540.0,TREND,NO_GO,HOLD,32.06,NORMAL,PRO,DEFENSIVE,1.0,0.50,Aegean:SHORT(0.70)|Orion:SHORT(0.13),Regime: TREND (Orion 2x). Score: -0.32. Low Conviction (<0.35).,LOW_CONVICTION,-6.295361,MID,25.23,True
1704192600.0,TREND,NO_GO,HOLD,10.52,NORMAL,PRO,DEFENSIVE,1.0,0.50,Aegean:FLAT(0.50)|Orion:SHORT(0.16),Regime: TREND (Orion 2x). Score: -0.11. Low Conviction (<0.35).,LOW_CONVICTION,-4.238009,MID,26.31,True
1704192660.0,TREND,NO_GO,HOLD,13.28,NORMAL,PRO,DEFENSIVE,1.0,0.50,Aegean:FLAT(0.30)|Orion:SHORT(0.20),Regime: TREND (Orion 2x). Score: -0.13. Low Conviction (<0.35).,LOW_CONVICTION,-8.201407,DIP,27.97,True
1704192720.0,TREND,NO_GO,HOLD,15.84,NORMAL,PRO,DEFENSIVE,1.0,0.50,Aegean:FLAT(0.30)|Orion:SHORT(0.24),Regime: TREND (Orion 2x). Score: -0.16. Low Conviction (<0.35).,LOW_CONVICTION,-8.507060,DIP,29.50,True
1704192780.0,TREND,NO_GO,HOLD,15.58,NORMAL,PRO,DEFENSIVE,1.0,0.50,Aegean:FLAT(0.50)|Orion:SHORT(0.23),Regime: TREND (Orion 2x). Score: -0.16. Low Conviction (<0.35).,LOW_CONVICTION,-3.339040,MID,29.35,True
1704192840.0,TREND,NO_GO,HOLD,15.30,NORMAL,PRO,DEFENSIVE,1.0,0.50,Aegean:FLAT(0.50)|Orion:SHORT(0.23),Regime: TREND (Orion 2x). Score: -0.15. Low Conviction (<0.35).,LOW_CONVICTION,-2.402808,MID,29.18,True
1704192900.0,TREND,NO_GO,HOLD,14.16,NORMAL,PRO,DEFENSIVE,1.0,0.50,Aegean:FLAT(0.50)|Orion:SHORT(0.21),Regime: TREND (Orion 2x). Score: -0.14. Low Conviction (<0.35).,LOW_CONVICTION,-3.750416,MID,28.50,True
1704192960.0,TREND,NO_GO,HOLD,12.40,NORMAL,PRO,DEFENSIVE,1.0,0.50,Aegean:FLAT(0.50)|Orion:SHORT(0.19),Regime: TREND (Orion 2x). Score: -0.12. Low Conviction (<0.35).,LOW_CONVICTION,0.888746,MID,27.44,True
1704193020.0,TREND,NO_GO,HOLD,10.56,NORMAL,PRO,DEFENSIVE,1.0,0.50,Aegean:FLAT(0.50)|Orion:SHORT(0.16),Regime: TREND (Orion 2x). Score: -0.11. Low Conviction (<0.35).,LOW_CONVICTION,0.211565,MID,26.34,True
1704193080.0,TREND,NO_GO,HOLD,13.33,NORMAL,PRO,DEFENSIVE,1.0,0.50,Aegean:FLAT(0.50)|Orion:SHORT(0.20),Regime: TREND (Orion 2x). Score: -0.13. Low Conviction (<0.35).,LOW_CONVICTION,1.915411,MID,24.81,False
1704193140.0,TREND,NO_GO,HOLD,13.33,NORMAL,PRO,DEFENSIVE,1.0,0.50,Aegean:FLAT(0.30)|Orion:SHORT(0.20),Regime: TREND (Orion 2x). Score: -0.13. Low Conviction (<0.35).,LOW_CONVICTION,4.681441,TOP,23.51,False
1704193200.0,TREND,NO_GO,HOLD,13.33,NORMAL,PRO,DEFENSIVE,1.0,0.50,Aegean:FLAT(0.30)|Orion:LONG(0.20),Regime: TREND (Orion 2x). Score: 0.13. Low Conviction (<0.35).,LOW_CONVICTION,6.665494,TOP,22.89,False
1704193260.0,TREND,NO_GO,HOLD,13.33,NORMAL,PRO,DEFENSIVE,1.0,0.50,Aegean:FLAT(0.30)|Orion:LONG(0.20),Regime: TREND (Orion 2x). Score: 0.13. Low Conviction (<0.35).,LOW_CONVICTION,7.363412,TOP,23.03,False
1704193320.0,TREND,NO_GO,HOLD,13.33,NORMAL,PRO,DEFENSIVE,1.0,0.50,Aegean:FLAT(0.30)|Orion:LONG(0.20),Regime: TREND (Orion 2x). Score: 0.13. Low Conviction (<0.35).,LOW_CONVICTION,6.714203,TOP,23.14,False
1704193380.0,TREND,NO_GO,HOLD,13.33,NORMAL,PRO,DEFENSIVE,1.0,0.50,Aegean:FLAT(0.30)|Orion:LONG(0.20),Regime: TREND (Orion 2x). Score: 0.13. Low Conviction (<0.35).,LOW_CONVICTION,7.439518,TOP,23.75,False
1704193440.0,TREND,NO_GO,HOLD,13.33,NORMAL,PRO,DEFENSIVE,1.0,0.50,Aegean:FLAT(0.30)|Orion:LONG(0.20),Regime: TREND (Orion 2x). Score: 0.13. Low Conviction (<0.35).,LOW_CONVICTION,7.099847,TOP,24.41,False
1704193500.0,TREND,NO_GO,HOLD,8.50,NORMAL,PRO,DEFENSIVE,1.0,0.50,Aegean:FLAT(0.30)|Orion:LONG(0.13),Regime: TREND (Orion 2x). Score: 0.08. Low Conviction (<0.35).,LOW_CONVICTION,9.093254,TOP,25.10,True
1704193560.0,TREND,NO_GO,HOLD,10.17,NORMAL,PRO,DEFENSIVE,1.0,0.50,Aegean:FLAT(0.30)|Orion:LONG(0.15),Regime: TREND (Orion 2x). Score: 0.10. Low Conviction (<0.35).,LOW_CONVICTION,9.383708,TOP,26.10,True
1704193620.0,TREND,GO,BUY,35.49,NORMAL,PRO,DEFENSIVE,1.0,0.50,Aegean:LONG(0.70)|Orion:LONG(0.18),Regime: TREND (Orion 2x). Score: 0.35. Bullish Consensus.,,5.161337,MID,27.30,True
1704193680.0,TREND,NO_GO,HOLD,11.40,NORMAL,PRO,DEFENSIVE,1.0,0.50,Aegean:FLAT(0.50)|Orion:LONG(0.17),Regime: TREND (Orion 2x). Score: 0.11. Low Conviction (<0.35).,LOW_CONVICTION,1.126159,MID,26.84,True
1704193740.0,TREND,NO_GO,HOLD,10.11,NORMAL,PRO,DEFENSIVE,1.0,0.50,Aegean:FLAT(0.50)|Orion:LONG(0.15),Regime: TREND (Orion 2x). Score: 0.10. Low Conviction (<0.35).,LOW_CONVICTION,0.229594,MID,26.06,True
1704193800.0,TREND,NO_GO,HOLD,13.33,NORMAL,PRO,DEFENSIVE,1.0,0.50,Aegean:FLAT(0.50)|Orion:SHORT(0.20),Regime: TREND (Orion 2x). Score: -0.13. Low Conviction (<0.35).,LOW_CONVICTION,-3.533824,MID,24.31,False
1704193860.0,TREND,NO_GO,HOLD,13.33,NORMAL,PRO,DEFENSIVE,1.0,0.50,Aegean:FLAT(0.50)|Orion:SHORT(0.20),Regime: TREND (Orion 2x). Score: -0.13. Low Conviction (<0.35).,LOW_CONVICTION,-4.375632,MID,23.03,False
1704193920.0,TREND,NO_GO,HOLD,13.33,NORMAL,PRO,DEFENSIVE,1.0,0.50,Aegean:FLAT(0.50)|Orion:LONG(0.20),Regime: TREND (Orion 2x). Score: 0.13. Low Conviction (<0.35).,LOW_CONVICTION,2.123601,MID,22.14,False
1704193980.0,TREND,NO_GO,HOLD,13.33,NORMAL,PRO,DEFENSIVE,1.0,0.50,Aegean:FLAT(0.50)|Orion:LONG(0.20),Regime: TREND (Orion 2x). Score: 0.13. Low Conviction (<0.35).,LOW_CONVICTION,0.029126,MID,21.32,False
1704194040.0,TREND,NO_GO,HOLD,13.33,NORMAL,PRO,DEFENSIVE,1.0,0.50,Aegean:FLAT(0.50)|Orion:SHORT(0.20),Regime: TREND (Orion 2x). Score: -0.13. Low Conviction (<0.35).,LOW_CONVICTION,-3.220366,MID,20.02,False
1704194100.0,CHOP,NO_GO,HOLD,13.33,NORMAL,PRO,DEFENSIVE,1.0,0.50,Aegean:FLAT(0.50)|Orion:SHORT(0.20),Regime: CHOP (Reduced Weights). Score: -0.13. Low Conviction (<0.35).,LOW_CONVICTION,-2.568422,MID,18.95,False
1704194160.0,CHOP,NO_GO,HOLD,13.33,NORMAL,PRO,DEFENSIVE,1.0,0.50,Aegean:FLAT(0.50)|Orion:SHORT(0.20),Regime: CHOP (Reduced Weights). Score: -0.13. Low Conviction (<0.35).,LOW_CONVICTION,-3.683431,DIP,18.09,False
1704194220.0,CHOP,NO_GO,HOLD,13.33,NORMAL,PRO,DEFENSIVE,1.0,0.50,Aegean:FLAT(0.30)|Orion:SHORT(0.20),Regime: CHOP (Reduced Weights). Score: -0.13. Low Conviction (<0.35).,LOW_CONVICTION,-5.590186,DIP,17.95,False
1704194280.0,CHOP,NO_GO,HOLD,13.33,NORMAL,PRO,DEFENSIVE,1.0,0.50,Aegean:FLAT(0.50)|Orion:SHORT(0.20),Regime: CHOP (Reduced Weights). Score: -0.13. Low Conviction (<0.35).,LOW_CONVICTION,-2.123729,MID,17.47,False
1704194340.0,CHOP,NO_GO,HOLD,13.33,NORMAL,PRO,DEFENSIVE,1.0,0.50,Aegean:FLAT(0.50)|Orion:SHORT(0.20),Regime: CHOP (Reduced Weights). Score: -0.13. Low Conviction (<0.35).,LOW_CONVICTION,-0.489937,MID,16.66,False
1704194400.0,CHOP,NO_GO,HOLD,13.33,NORMAL,PRO,DEFENSIVE,1.0,0.50,Aegean:FLAT(0.50)|Orion:LONG(0.20),Regime: CHOP (Reduced Weights). Score: 0.13. Low Conviction (<0.35).,LOW_CONVICTION,0.436738,MID,15.61,False
1704194460.0,CHOP,NO_GO,HOLD,13.33,NORMAL,PRO,DEFENSIVE,1.0,0.50,Aegean:FLAT(0.50)|Orion:SHORT(0.20),Regime: CHOP (Reduced Weights). Score: -0.13. Low Conviction (<0.35).,LOW_CONVICTION,-4.069126,DIP,15.52,False
1704194520.0,CHOP,NO_GO,HOLD,13.33,NORMAL,PRO,DEFENSIVE,1.0,0.50,Aegean:FLAT(0.30)|Orion:SHORT(0.20),Regime: CHOP (Reduced Weights). Score: -0.13. Low Conviction (<0.35).,LOW_CONVICTION,-5.882996,DIP,15.95,False
1704194580.0,CHOP,NO_GO,HOLD,13.33,NORMAL,PRO,DEFENSIVE,1.0,0.50,Aegean:FLAT(0.30)|Orion:SHORT(0.20),Regime: CHOP (Reduced Weights). Score: -0.13. Low Conviction (<0.35).,LOW_CONVICTION,-6.602471,DIP,16.68,False
1704194640.0,CHOP,NO_GO,HOLD,13.33,NORMAL,PRO,DEFENSIVE,1.0,0.50,Aegean:FLAT(0.50)|Orion:SHORT(0.20),Regime: CHOP (Reduced Weights). Score: -0.13. Low Conviction (<0.35).,LOW_CONVICTION,-1.641078,MID,16.15,False
1704194700.0,CHOP,NO_GO,HOLD,13.33,NORMAL,PRO,DEFENSIVE,1.0,0.50,Aegean:FLAT(0.50)|Orion:SHORT(0.20),Regime: CHOP (Reduced Weights). Score: -0.13. Low Conviction (<0.35).,LOW_CONVICTION,-1.632432,MID,15.66,False
1704194760.0,CHOP,NO_GO,HOLD,13.33,NORMAL,PRO,DEFENSIVE,1.0,0.50,Aegean:FLAT(0.30)|Orion:SHORT(0.20),Regime: CHOP (Reduced Weights). Score: -0.13. Low Conviction (<0.35).,LOW_CONVICTION,-4.729778,DIP,15.99,False
1704194820.0,CHOP,NO_GO,HOLD,13.33,NORMAL,PRO,DEFENSIVE,1.0,0.50,Aegean:FLAT(0.30)|Orion:SHORT(0.20),Regime: CHOP (Reduced Weights). Score: -0.13. Low Conviction (<0.35).,LOW_CONVICTION,-5.289425,DIP,16.48,False
1704194880.0,CHOP,NO_GO,HOLD,13.33,NORMAL,PRO,DEFENSIVE,1.0,0.50,Aegean:FLAT(0.50)|Orion:SHORT(0.20),Regime: CHOP (Reduced Weights). Score: -0.13. Low Conviction (<0.35).,LOW_CONVICTION,-4.286992,DIP,16.73,False
1704194940.0,CHOP,NO_GO,HOLD,13.33,NORMAL,PRO,DEFENSIVE,1.0,0.50,Aegean:FLAT(0.50)|Orion:SHORT(0.20),Regime: CHOP (Reduced Weights). Score: -0.13. Low Conviction (<0.35).,LOW_CONVICTION,-4.222151,DIP,16.98,False
1704195000.0,CHOP,NO_GO,HOLD,13.33,NORMAL,PRO,DEFENSIVE,1.0,0.50,Aegean:FLAT(0.50)|Orion:SHORT(0.20),Regime: CHOP (Reduced Weights). Score: -0.13. Low Conviction (<0.35).,LOW_CONVICTION,-1.821828,MID,15.88,False
1704195060.0,CHOP,NO_GO,HOLD,13.33,NORMAL,PRO,DEFENSIVE,1.0,0.50,Aegean:FLAT(0.50)|Orion:SHORT(0.20),Regime: CHOP (Reduced Weights). Score: -0.13. Low Conviction (<0.35).,LOW_CONVICTION,1.190333,MID,14.89,False
1704195120.0,CHOP,NO_GO,HOLD,13.33,NORMAL,PRO,DEFENSIVE,1.0,0.50,Aegean:FLAT(0.50)|Orion:SHORT(0.20),Regime: CHOP (Reduced Weights). Score: -0.13. Low Conviction (<0.35).,LOW_CONVICTION,-4.129947,DIP,13.99,False
1704195180.0,CHOP,NO_GO,HOLD,13.33,NORMAL,PRO,DEFENSIVE,1.0,0.50,Aegean:FLAT(0.30)|Orion:SHORT(0.20),Regime: CHOP (Reduced Weights). Score: -0.13. Low Conviction (<0.35).,LOW_CONVICTION,-5.568916,DIP,13.77,False
1704195240.0,CHOP,NO_GO,HOLD,13.33,NORMAL,PRO,DEFENSIVE,1.0,0.50,Aegean:FLAT(0.30)|Orion:SHORT(0.20),Regime: CHOP (Reduced Weights). Score: -0.13. Low Conviction (<0.35).,LOW_CONVICTION,-7.996765,DIP,14.43,False
1704195300.0,CHOP,NO_GO,HOLD,13.33,NORMAL,PRO,DEFENSIVE,1.0,0.50,Aegean:FLAT(0.30)|Orion:SHORT(0.20),Regime: CHOP (Reduced Weights). Score: -0.13. Low Conviction (<0.35).,LOW_CONVICTION,-6.510094,DIP,15.05,False
1704195360.0,CHOP,NO_GO,HOLD,13.33,NORMAL,PRO,DEFENSIVE,1.0,0.50,Aegean:FLAT(0.30)|Orion:SHORT(0.20),Regime: CHOP (Reduced Weights). Score: -0.13. Low Conviction (<0.35).,LOW_CONVICTION,-7.142579,DIP,15.76,False
1704195420.0,CHOP,NO_GO,HOLD,13.33,NORMAL,PRO,DEFENSIVE,1.0,0.50,Aegean:FLAT(0.30)|Orion:SHORT(0.20),Regime: CHOP (Reduced Weights). Score: -0.13. Low Conviction (<0.35).,LOW_CONVICTION,-9.527985,DIP,17.27,False
1704195480.0,CHOP,NO_GO,HOLD,13.33,NORMAL,PRO,DEFENSIVE,1.0,0.50,Aegean:FLAT(0.30)|Orion:SHORT(0.20),Regime: CHOP (Reduced Weights). Score: -0.13. Low Conviction (<0.35).,LOW_CONVICTION,-11.979154,DIP,19.51,False
1704195540.0,TREND,NO_GO,HOLD,13.33,NORMAL,PRO,DEFENSIVE,1.0,0.50,Aegean:FLAT(0.30)|Orion:SHORT(0.20),Regime: TREND (Orion 2x). Score: -0.13. Low Conviction (<0.35).,LOW_CONVICTION,-15.529197,DIP,21.94,False
1704195600.0,TREND,NO_GO,HOLD,13.33,NORMAL,PRO,DEFENSIVE,1.0,0.50,Aegean:FLAT(0.30)|Orion:SHORT(0.20),Regime: TREND (Orion 2x). Score: -0.13. Low Conviction (<0.35).,LOW_CONVICTION,-12.935203,DIP,24.25,False
1704195660.0,TREND,NO_GO,HOLD,10.91,NORMAL,PRO,DEFENSIVE,1.0,0.50,Aegean:FLAT(0.30)|Orion:SHORT(0.16),Regime: TREND (Orion 2x). Score: -0.11. Low Conviction (<0.35).,LOW_CONVICTION,-12.290078,DIP,26.55,True
1704195720.0,TREND,NO_GO,HOLD,14.55,NORMAL,PRO,DEFENSIVE,1.0,0.50,Aegean:FLAT(0.30)|Orion:SHORT(0.22),Regime: TREND (Orion 2x). Score: -0.15. Low Conviction (<0.35).,LOW_CONVICTION,-13.606455,DIP,28.73,True
1704195780.0,TREND,NO_GO,HOLD,18.80,NORMAL,PRO,DEFENSIVE,1.0,0.50,Aegean:FLAT(0.30)|Orion:SHORT(0.28),Regime: TREND (Orion 2x). Score: -0.19. Low Conviction (<0.35).,LOW_CONVICTION,-15.845401,DIP,31.28,True
1704195840.0,TREND,NO_GO,HOLD,23.52,NORMAL,PRO,DEFENSIVE,1.0,0.50,Aegean:FLAT(0.30)|Orion:SHORT(0.35),Regime: TREND (Orion 2x). Score: -0.24. Low Conviction (<0.35).,LOW_CONVICTION,-16.197219,DIP,34.11,True
1704195900.0,TREND,GO,SELL,49.72,NORMAL,PRO,DEFENSIVE,1.0,0.50,Aegean:SHORT(0.70)|Orion:SHORT(0.40),Regime: TREND (Orion 2x). Score: -0.50. Bearish Consensus.,,-10.765370,MID,35.83,True
1704195960.0,TREND,GO,SELL,50.56,NORMAL,PRO,DEFENSIVE,1.0,0.50,Aegean:SHORT(0.70)|Orion:SHORT(0.41),Regime: TREND (Orion 2x). Score: -0.51. Bearish Consensus.,,-6.702095,MID,36.34,True
1704196020.0,TREND,GO,SELL,50.54,NORMAL,PRO,DEFENSIVE,1.0,0.50,Aegean:SHORT(0.70)|Orion:SHORT(0.41),Regime: TREND (Orion 2x). Score: -0.51. Bearish Consensus.,,-4.712223,MID,36.33,True
1704196080.0,TREND,NO_GO,HOLD,25.45,NORMAL,PRO,DEFENSIVE,1.0,0.50,Aegean:FLAT(0.50)|Orion:SHORT(0.38),Regime: TREND (Orion 2x). Score: -0.25. Low Conviction (<0.35).,LOW_CONVICTION,-1.756151,MID,35.27,True
1704196140.0,TREND,NO_GO,HOLD,24.11,NORMAL,PRO,DEFENSIVE,1.0,0.50,Aegean:FLAT(0.50)|Orion:SHORT(0.36),Regime: TREND (Orion 2x). Score: -0.24. Low Conviction (<0.35).,LOW_CONVICTION,-4.359672,MID,34.47,True
1704196200.0,TREND,NO_GO,HOLD,24.44,NORMAL,PRO,DEFENSIVE,1.0,0.50,Aegean:FLAT(0.50)|Orion:SHORT(0.37),Regime: TREND (Orion 2x). Score: -0.24. Low Conviction (<0.35).,LOW_CONVICTION,-4.335155,MID,34.67,True
1704196260.0,TREND,GO,SELL,48.13,NORMAL,PRO,DEFENSIVE,1.0,0.50,Aegean:SHORT(0.70)|Orion:SHORT(0.37),Regime: TREND (Orion 2x). Score: -0.48. Bearish Consensus.,,-7.449592,MID,34.88,True
1704196320.0,TREND,GO,SELL,48.42,NORMAL,PRO,DEFENSIVE,1.0,0.50,Aegean:SHORT(0.70)|Orion:SHORT(0.38),Regime: TREND (Orion 2x). Score: -0.48. Bearish Consensus.,,-7.193692,MID,35.05,True
1704196380.0,TREND,GO,SELL,49.51,NORMAL,PRO,DEFENSIVE,1.0,0.50,Aegean:SHORT(0.70)|Orion:SHORT(0.39),Regime: TREND (Orion 2x). Score: -0.50. Bearish Consensus.,,-7.044786,MID,35.71,True
1704196440.0,TREND,NO_GO,HOLD,26.19,NORMAL,PRO,DEFENSIVE,1.0,0.50,Aegean:FLAT(0.50)|Orion:SHORT(0.39),Regime: TREND (Orion 2x). Score: -0.26. Low Conviction (<0.35).,LOW_CONVICTION,-4.328226,MID,35.71,True
1704196500.0,TREND,NO_GO,HOLD,22.85,NORMAL,PRO,DEFENSIVE,1.0,0.50,Aegean:FLAT(0.50)|Orion:SHORT(0.34),Regime: TREND (Orion 2x). Score: -0.23. Low Conviction (<0.35).,LOW_CONVICTION,2.972792,MID,33.71,True
1704196560.0,TREND,NO_GO,HOLD,19.95,NORMAL,PRO,DEFENSIVE,1.0,0.50,Aegean:FLAT(0.30)|Orion:SHORT(0.30),Regime: TREND (Orion 2x). Score: -0.20. Low Conviction (<0.35).,LOW_CONVICTION,7.538671,TOP,31.97,True
1704196620.0,TREND,NO_GO,HOLD,17.25,NORMAL,PRO,DEFENSIVE,1.0,0.50,Aegean:FLAT(0.30)|Orion:SHORT(0.26),Regime: TREND (Orion 2x). Score: -0.17. Low Conviction (<0.35).,LOW_CONVICTION,6.337583,TOP,30.35,True
1704196680.0,TREND,NO_GO,HOLD,14.17,NORMAL,PRO,DEFENSIVE,1.0,0.50,Aegean:FLAT(0.30)|Orion:SHORT(0.21),Regime: TREND (Orion 2x). Score: -0.14. Low Conviction (<0.35).,LOW_CONVICTION,5.240246,TOP,28.50,True
1704196740.0,TREND,NO_GO,HOLD,11.92,NORMAL,PRO,DEFENSIVE,1.0,0.50,Aegean:FLAT(0.30)|Orion:SHORT(0.18),Regime: TREND (Orion 2x). Score: -0.12. Low Conviction (<0.35).,LOW_CONVICTION,6.904757,TOP,27.15,True
1704196800.0,TREND,NO_GO,HOLD,10.02,NORMAL,PRO,DEFENSIVE,1.0,0.50,Aegean:FLAT(0.30)|Orion:SHORT(0.15),Regime: TREND (Orion 2x). Score: -0.10. Low Conviction (<0.35).,LOW_CONVICTION,5.736713,TOP,26.01,True
1704196860.0,TREND,NO_GO,HOLD,13.33,NORMAL,PRO,DEFENSIVE,1.0,0.50,Aegean:FLAT(0.50)|Orion:SHORT(0.20),Regime: TREND (Orion 2x). Score: -0.13. Low Conviction (<0.35).,LOW_CONVICTION,3.542914,TOP,24.84,False
1704196920.0,TREND,NO_GO,HOLD,13.33,NORMAL,PRO,DEFENSIVE,1.0,0.50,Aegean:FLAT(0.50)|Orion:SHORT(0.20),Regime: TREND (Orion 2x). Score: -0.13. Low Conviction (<0.35).,LOW_CONVICTION,2.042797,MID,23.42,False
1704196980.0,TREND,NO_GO,HOLD,13.33,NORMAL,PRO,DEFENSIVE,1.0,0.50,Aegean:FLAT(0.50)|Orion:SHORT(0.20),Regime: TREND (Orion 2x). Score: -0.13. Low Conviction (<0.35).,LOW_CONVICTION,3.790405,TOP,22.13,False
1704197040.0,TREND,NO_GO,HOLD,13.33,NORMAL,PRO,DEFENSIVE,1.0,0.50,Aegean:FLAT(0.30)|Orion:LONG(0.20),Regime: TREND (Orion 2x). Score: 0.13. Low Conviction (<0.35).,LOW_CONVICTION,5.530439,TOP,21.40,False
1704197100.0,TREND,NO_GO,HOLD,13.33,NORMAL,PRO,DEFENSIVE,1.0,0.50,Aegean:FLAT(0.30)|Orion:LONG(0.20),Regime: TREND (Orion 2x). Score: 0.13. Low Conviction (<0.35).,LOW_CONVICTION,9.620123,TOP,21.74,False
1704197160.0,TREND,GO,BUY,36.67,NORMAL,PRO,DEFENSIVE,1.0,0.50,Aegean:LONG(0.70)|Orion:LONG(0.20),Regime: TREND (Orion 2x). Score: 0.37. Bullish Consensus.,,5.159363,MID,22.06,False
1704197220.0,TREND,NO_GO,HOLD,13.33,NORMAL,PRO,DEFENSIVE,1.0,0.50,Aegean:FLAT(0.50)|Orion:LONG(0.20),Regime: TREND (Orion 2x). Score: 0.13. Low Conviction (<0.35).,LOW_CONVICTION,3.909462,MID,21.94,False
1704197280.0,TREND,NO_GO,HOLD,13.33,NORMAL,PRO,DEFENSIVE,1.0,0.50,Aegean:FLAT(0.50)|Orion:LONG(0.20),Regime: TREND (Orion 2x). Score: 0.13. Low Conviction (<0.35).,LOW_CONVICTION,1.519644,MID,21.00,False
1704197340.0,CHOP,NO_GO,HOLD,13.33,NORMAL,PRO,DEFENSIVE,1.0,0.50,Aegean:FLAT(0.50)|Orion:SHORT(0.20),Regime: CHOP (Reduced Weights). Score: -0.13. Low Conviction (<0.35).,LOW_CONVICTION,-0.296963,MID,19.85,False
1704197400.0,CHOP,GO,SELL,36.67,NORMAL,PRO,DEFENSIVE,1.0,0.50,Aegean:SHORT(0.70)|Orion:SHORT(0.20),Regime: CHOP (Reduced Weights). Score: -0.37. Bearish Consensus.,,-4.709310,MID,19.45,False
1704197460.0,CHOP,NO_GO,HOLD,13.33,NORMAL,PRO,DEFENSIVE,1.0,0.50,Aegean:FLAT(0.50)|Orion:SHORT(0.20),Regime: CHOP (Reduced Weights). Score: -0.13. Low Conviction (<0.35).,LOW_CONVICTION,-1.422361,MID,19.06,False
1704197520.0,CHOP,GO,SELL,36.67,NORMAL,PRO,DEFENSIVE,1.0,0.50,Aegean:SHORT(0.70)|Orion:SHORT(0.20),Regime: CHOP (Reduced Weights). Score: -0.37. Bearish Consensus.,,-5.828272,MID,19.11,False
1704197580.0,CHOP,NO_GO,HOLD,13.33,NORMAL,PRO,DEFENSIVE,1.0,0.50,Aegean:FLAT(0.50)|Orion:SHORT(0.20),Regime: CHOP (Reduced Weights). Score: -0.13. Low Conviction (<0.35).,LOW_CONVICTION,-4.401453,MID,19.25,False
1704197640.0,CHOP,NO_GO,HOLD,13.33,NORMAL,PRO,DEFENSIVE,1.0,0.50,Aegean:FLAT(0.50)|Orion:SHORT(0.20),Regime: CHOP (Reduced Weights). Score: -0.13. Low Conviction (<0.35).,LOW_CONVICTION,-1.393877,MID,19.13,False
1704197700.0,CHOP,NO_GO,HOLD,13.33,NORMAL,PRO,DEFENSIVE,1.0,0.50,Aegean:FLAT(0.50)|Orion:SHORT(0.20),Regime: CHOP (Reduced Weights). Score: -0.13. Low Conviction (<0.35).,LOW_CONVICTION,-1.233685,MID,18.44,False
1704197760.0,CHOP,NO_GO,HOLD,13.33,NORMAL,PRO,DEFENSIVE,1.0,0.50,Aegean:FLAT(0.50)|Orion:LONG(0.20),Regime: CHOP (Reduced Weights). Score: 0.13. Low Conviction (<0.35).,LOW_CONVICTION,1.064019,MID,18.41,False
1704197820.0,CHOP,NO_GO,HOLD,13.33,NORMAL,PRO,DEFENSIVE,1.0,0.50,Aegean:FLAT(0.50)|Orion:LONG(0.20),Regime: CHOP (Reduced Weights). Score: 0.13. Low Conviction (<0.35).,LOW_CONVICTION,0.762579,MID,18.35,False
1704197880.0,CHOP,NO_GO,HOLD,13.33,NORMAL,PRO,DEFENSIVE,1.0,0.50,Aegean:FLAT(0.50)|Orion:LONG(0.20),Regime: CHOP (Reduced Weights). Score: 0.13. Low Conviction (<0.35).,LOW_CONVICTION,0.395056,MID,18.35,False
1704197940.0,CHOP,NO_GO,HOLD,13.33,NORMAL,PRO,DEFENSIVE,1.0,0.50,Aegean:FLAT(0.50)|Orion:SHORT(0.20),Regime: CHOP (Reduced Weights). Score: -0.13. Low Conviction (<0.35).,LOW_CONVICTION,-2.971322,DIP,19.17,False
1704198000.0,TREND,NO_GO,HOLD,13.33,NORMAL,PRO,DEFENSIVE,1.0,0.50,Aegean:FLAT(0.30)|Orion:SHORT(0.20),Regime: TREND (Orion 2x). Score: -0.13. Low Conviction (<0.35).,LOW_CONVICTION,-4.773683,DIP,20.38,False
1704198060.0,TREND,NO_GO,HOLD,13.33,NORMAL,PRO,DEFENSIVE,1.0,0.50,Aegean:FLAT(0.50)|Orion:LONG(0.20),Regime: TREND (Orion 2x). Score: 0.13. Low Conviction (<0.35).,LOW_CONVICTION,1.086739,MID,20.14,False
1704198120.0,CHOP,NO_GO,HOLD,13.33,NORMAL,PRO,DEFENSIVE,1.0,0.50,Aegean:FLAT(0.50)|Orion:LONG(0.20),Regime: CHOP (Reduced Weights). Score: 0.13. Low Conviction (<0.35).,LOW_CONVICTION,3.769709,MID,19.18,False
1704198180.0,CHOP,NO_GO,HOLD,13.33,NORMAL,PRO,DEFENSIVE,1.0,0.50,Aegean:FLAT(0.50)|Orion:LONG(0.20),Regime: CHOP (Reduced Weights). Score: 0.13. Low Conviction (<0.35).,LOW_CONVICTION,3.650017,MID,18.25,False
1704198240.0,CHOP,NO_GO,HOLD,13.33,NORMAL,PRO,DEFENSIVE,1.0,0.50,Aegean:FLAT(0.50)|Orion:LONG(0.20),Regime: CHOP (Reduced Weights). Score: 0.13. Low Conviction (<0.35).,LOW_CONVICTION,3.652964,MID,17.02,False
1704198300.0,CHOP,NO_GO,HOLD,13.33,NORMAL,PRO,DEFENSIVE,1.0,0.50,Aegean:FLAT(0.50)|Orion:LONG(0.20),Regime: CHOP (Reduced Weights). Score: 0.13. Low Conviction (<0.35).,LOW_CONVICTION,4.374616,MID,16.18,False
1704198360.0,CHOP,NO_GO,HOLD,13.33,NORMAL,PRO,DEFENSIVE,1.0,0.50,Aegean:FLAT(0.30)|Orion:LONG(0.20),Regime: CHOP (Reduced Weights). Score: 0.13. Low Conviction (<0.35).,LOW_CONVICTION,7.005493,TOP,16.02,False
1704198420.0,CHOP,NO_GO,HOLD,13.33,NORMAL,PRO,DEFENSIVE,1.0,0.50,Aegean:FLAT(0.50)|Orion:LONG(0.20),Regime: CHOP (Reduced Weights). Score: 0.13. Low Conviction (<0.35).,LOW_CONVICTION,3.215674,MID,15.84,False
1704198480.0,CHOP,NO_GO,HOLD,13.33,NORMAL,PRO,DEFENSIVE,1.0,0.50,Aegean:FLAT(0.50)|Orion:LONG(0.20),Regime: CHOP (Reduced Weights). Score: 0.13. Low Conviction (<0.35).,LOW_CONVICTION,3.332550,MID,15.45,False
1704198540.0,CHOP,NO_GO,HOLD,13.33,NORMAL,PRO,DEFENSIVE,1.0,0.50,Aegean:FLAT(0.50)|Orion:LONG(0.20),Regime: CHOP (Reduced Weights). Score: 0.13. Low Conviction (<0.35).,LOW_CONVICTION,3.871142,TOP,15.08,False
1704198600.0,CHOP,NO_GO,HOLD,13.33,NORMAL,PRO,DEFENSIVE,1.0,0.50,Aegean:FLAT(0.50)|Orion:LONG(0.20),Regime: CHOP (Reduced Weights). Score: 0.13. Low Conviction (<0.35).,LOW_CONVICTION,2.360699,MID,15.10,False
1704198660.0,CHOP,NO_GO,HOLD,13.33,NORMAL,PRO,DEFENSIVE,1.0,0.50,Aegean:FLAT(0.30)|Orion:LONG(0.20),Regime: CHOP (Reduced Weights). Score: 0.13. Low Conviction (<0.35).,LOW_CONVICTION,5.068662,TOP,15.31,False
1704198720.0,CHOP,NO_GO,HOLD,13.33,NORMAL,PRO,DEFENSIVE,1.0,0.50,Aegean:FLAT(0.30)|Orion:LONG(0.20),Regime: CHOP (Reduced Weights). Score: 0.13. Low Conviction (<0.35).,LOW_CONVICTION,11.825696,TOP,17.58,False
1704198780.0,CHOP,NO_GO,HOLD,13.33,NORMAL,PRO,DEFENSIVE,1.0,0.50,Aegean:FLAT(0.30)|Orion:LONG(0.20),Regime: CHOP (Reduced Weights). Score: 0.13. Low Conviction (<0.35).,LOW_CONVICTION,11.346582,TOP,19.78,False
1704198840.0,TREND,NO_GO,HOLD,13.33,NORMAL,PRO,DEFENSIVE,1.0,0.50,Aegean:FLAT(0.30)|Orion:LONG(0.20),Regime: TREND (Orion 2x). Score: 0.13. Low Conviction (<0.35).,LOW_CONVICTION,12.306556,TOP,21.46,False
1704198900.0,TREND,GO,BUY,36.67,NORMAL,PRO,DEFENSIVE,1.0,0.50,Aegean:LONG(0.70)|Orion:LONG(0.20),Regime: TREND (Orion 2x). Score: 0.37. Bullish Consensus.,,8.180476,MID,23.26,False
1704198960.0,TREND,GO,BUY,36.67,NORMAL,PRO,DEFENSIVE,1.0,0.50,Aegean:LONG(0.70)|Orion:LONG(0.20),Regime: TREND (Orion 2x). Score: 0.37. Bullish Consensus.,,5.591858,MID,24.93,False
1704199020.0,TREND,NO_GO,HOLD,8.95,NORMAL,PRO,DEFENSIVE,1.0,0.50,Aegean:FLAT(0.50)|Orion:LONG(0.13),Regime: TREND (Orion 2x). Score: 0.09. Low Conviction (<0.35).,LOW_CONVICTION,2.530582,MID,25.37,True
1704199080.0,TREND,NO_GO,HOLD,33.51,NORMAL,PRO,DEFENSIVE,1.0,0.50,Aegean:LONG(0.70)|Orion:LONG(0.15),Regime: TREND (Orion 2x). Score: 0.34. Low Conviction (<0.35).,LOW_CONVICTION,6.412238,MID,26.11,True
1704199140.0,TREND,NO_GO,HOLD,11.58,NORMAL,PRO,DEFENSIVE,1.0,0.50,Aegean:FLAT(0.50)|Orion:LONG(0.17),Regime: TREND (Orion 2x). Score: 0.12. Low Conviction (<0.35).,LOW_CONVICTION,2.575578,MID,26.95,True
1704199200.0,TREND,NO_GO,HOLD,11.46,NORMAL,PRO,DEFENSIVE,1.0,0.50,Aegean:FLAT(0.50)|Orion:LONG(0.17),Regime: TREND (Orion 2x). Score: 0.11. Low Conviction (<0.35).,LOW_CONVICTION,-0.062255,MID,26.87,True
1704199260.0,TREND,NO_GO,HOLD,10.33,NORMAL,PRO,DEFENSIVE,1.0,0.50,Aegean:FLAT(0.50)|Orion:LONG(0.15),Regime: TREND (Orion 2x). Score: 0.10. Low Conviction (<0.35).,LOW_CONVICTION,-0.271412,MID,26.20,True
1704199320.0,TREND,NO_GO,HOLD,9.33,NORMAL,PRO,DEFENSIVE,1.0,0.50,Aegean:FLAT(0.50)|Orion:LONG(0.14),Regime: TREND (Orion 2x). Score: 0.09. Low Conviction (<0.35).,LOW_CONVICTION,-0.172206,MID,25.60,True
1704199380.0,TREND,NO_GO,HOLD,9.69,NORMAL,PRO,DEFENSIVE,1.0,0.50,Aegean:FLAT(0.50)|Orion:LONG(0.15),Regime: TREND (Orion 2x). Score: 0.10. Low Conviction (<0.35).,LOW_CONVICTION,3.817120,MID,25.81,True
1704199440.0,TREND,NO_GO,HOLD,8.42,NORMAL,PRO,DEFENSIVE,1.0,0.50,Aegean:FLAT(0.50)|Orion:LONG(0.13),Regime: TREND (Orion 2x). Score: 0.08. Low Conviction (<0.35).,LOW_CONVICTION,-3.119159,MID,25.05,True
1704199500.0,TREND,NO_GO,HOLD,13.33,NORMAL,PRO,DEFENSIVE,1.0,0.50,Aegean:FLAT(0.50)|Orion:LONG(0.20),Regime: TREND (Orion 2x). Score: 0.13. Low Conviction (<0.35).,LOW_CONVICTION,-1.551107,MID,24.17,False
1704199560.0,TREND,NO_GO,HOLD,13.33,NORMAL,PRO,DEFENSIVE,1.0,0.50,Aegean:FLAT(0.30)|Orion:SHORT(0.20),Regime: TREND (Orion 2x). Score: -0.13. Low Conviction (<0.35).,LOW_CONVICTION,-5.584489,DIP,22.51,False
1704199620.0,TREND,NO_GO,HOLD,13.33,NORMAL,PRO,DEFENSIVE,1.0,0.50,Aegean:FLAT(0.30)|Orion:SHORT(0.20),Regime: TREND (Orion 2x). Score: -0.13. Low Conviction (<0.35).,LOW_CONVICTION,-7.471800,DIP,21.66,False
1704199680.0,TREND,NO_GO,HOLD,13.33,NORMAL,PRO,DEFENSIVE,1.0,0.50,Aegean:FLAT(0.30)|Orion:SHORT(0.20),Regime: TREND (Orion 2x). Score: -0.13. Low Conviction (<0.35).,LOW_CONVICTION,-9.153912,DIP,21.53,False
1704199740.0,TREND,NO_GO,HOLD,13.33,NORMAL,PRO,DEFENSIVE,1.0,0.50,Aegean:FLAT(0.30)|Orion:SHORT(0.20),Regime: TREND (Orion 2x). Score: -0.13. Low Conviction (<0.35).,LOW_CONVICTION,-7.926996,DIP,21.51,False
1704199800.0,TREND,NO_GO,HOLD,13.33,NORMAL,PRO,DEFENSIVE,1.0,0.50,Aegean:FLAT(0.30)|Orion:SHORT(0.20),Regime: TREND (Orion 2x). Score: -0.13. Low Conviction (<0.35).,LOW_CONVICTION,-9.448183,DIP,21.94,False
1704199860.0,TREND,NO_GO,HOLD,13.33,NORMAL,PRO,DEFENSIVE,1.0,0.50,Aegean:FLAT(0.30)|Orion:SHORT(0.20),Regime: TREND (Orion 2x). Score: -0.13. Low Conviction (<0.35).,LOW_CONVICTION,-13.569321,DIP,23.50,False
1704199920.0,TREND,GO,SELL,36.67,NORMAL,PRO,DEFENSIVE,1.0,0.50,Aegean:SHORT(0.70)|Orion:SHORT(0.20),Regime: TREND (Orion 2x). Score: -0.37. Bearish Consensus.,,-9.482900,MID,24.94,False
1704199980.0,TREND,NO_GO,HOLD,10.05,NORMAL,PRO,DEFENSIVE,1.0,0.50,Aegean:FLAT(0.30)|Orion:SHORT(0.15),Regime: TREND (Orion 2x). Score: -0.10. Low Conviction (<0.35).,LOW_CONVICTION,-11.144702,DIP,26.03,True
1704200040.0,TREND,NO_GO,HOLD,11.13,NORMAL,PRO,DEFENSIVE,1.0,0.50,Aegean:FLAT(0.30)|Orion:SHORT(0.17),Regime: TREND (Orion 2x). Score: -0.11. Low Conviction (<0.35).,LOW_CONVICTION,-9.102388,DIP,26.68,True
1704200100.0,TREND,NO_GO,HOLD,12.40,NORMAL,PRO,DEFENSIVE,1.0,0.50,Aegean:FLAT(0.30)|Orion:SHORT(0.19),Regime: TREND (Orion 2x). Score: -0.12. Low Conviction (<0.35).,LOW_CONVICTION,-10.058248,DIP,27.44,True
1704200160.0,TREND,NO_GO,HOLD,14.24,NORMAL,PRO,DEFENSIVE,1.0,0.50,Aegean:FLAT(0.30)|Orion:SHORT(0.21),Regime: TREND (Orion 2x). Score: -0.14. Low Conviction (<0.35).,LOW_CONVICTION,-9.498749,DIP,28.55,True
1704200220.0,TREND,GO,SELL,36.76,NORMAL,PRO,DEFENSIVE,1.0,0.50,Aegean:SHORT(0.70)|Orion:SHORT(0.20),Regime: TREND (Orion 2x). Score: -0.37. Bearish Consensus.,,-5.896742,MID,28.06,True
1704200280.0,TREND,NO_GO,HOLD,12.68,NORMAL,PRO,DEFENSIVE,1.0,0.50,Aegean:FLAT(0.30)|Orion:SHORT(0.19),Regime: TREND (Orion 2x). Score: -0.13. Low Conviction (<0.35).,LOW_CONVICTION,-6.132261,DIP,27.61,True
1704200340.0,TREND,NO_GO,HOLD,11.99,NORMAL,PRO,DEFENSIVE,1.0,0.50,Aegean:FLAT(0.30)|Orion:SHORT(0.18),Regime: TREND (Orion 2x). Score: -0.12. Low Conviction (<0.35).,LOW_CONVICTION,-6.077352,DIP,27.19,True
1704200400.0,TREND,NO_GO,HOLD,11.84,NORMAL,PRO,DEFENSIVE,1.0,0.50,Aegean:FLAT(0.30)|Orion:SHORT(0.18),Regime: TREND (Orion 2x). Score: -0.12. Low Conviction (<0.35).,LOW_CONVICTION,-6.278053,DIP,27.10,True
1704200460.0,TREND,NO_GO,HOLD,12.34,NORMAL,PRO,DEFENSIVE,1.0,0.50,Aegean:FLAT(0.30)|Orion:SHORT(0.19),Regime: TREND (Orion 2x). Score: -0.12. Low Conviction (<0.35).,LOW_CONVICTION,-6.206354,DIP,27.41,True
1704200520.0,TREND,NO_GO,HOLD,9.27,NORMAL,PRO,DEFENSIVE,1.0,0.50,Aegean:FLAT(0.50)|Orion:SHORT(0.14),Regime: TREND (Orion 2x). Score: -0.09. Low Conviction (<0.35).,LOW_CONVICTION,0.546348,MID,25.56,True
1704200580.0,TREND,NO_GO,HOLD,13.33,NORMAL,PRO,DEFENSIVE,1.0,0.50,Aegean:FLAT(0.50)|Orion:SHORT(0.20),Regime: TREND (Orion 2x). Score: -0.13. Low Conviction (<0.35).,LOW_CONVICTION,2.336125,MID,24.10,False
1704200640.0,TREND,NO_GO,HOLD,13.33,NORMAL,PRO,DEFENSIVE,1.0,0.50,Aegean:FLAT(0.50)|Orion:SHORT(0.20),Regime: TREND (Orion 2x). Score: -0.13. Low Conviction (<0.35).,LOW_CONVICTION,3.704181,MID,23.41,False
1704200700.0,TREND,NO_GO,HOLD,13.33,NORMAL,PRO,DEFENSIVE,1.0,0.50,Aegean:FLAT(0.50)|Orion:SHORT(0.20),Regime: TREND (Orion 2x). Score: -0.13. Low Conviction (<0.35).,LOW_CONVICTION,4.080823,MID,22.93,False
1704200760.0,TREND,NO_GO,HOLD,13.33,NORMAL,PRO,DEFENSIVE,1.0,0.50,Aegean:FLAT(0.30)|Orion:SHORT(0.20),Regime: TREND (Orion 2x). Score: -0.13. Low Conviction (<0.35).,LOW_CONVICTION,4.572257,TOP,22.36,False
1704200820.0,TREND,NO_GO,HOLD,13.33,NORMAL,PRO,DEFENSIVE,1.0,0.50,Aegean:FLAT(0.50)|Orion:SHORT(0.20),Regime: TREND (Orion 2x). Score: -0.13. Low Conviction (<0.35).,LOW_CONVICTION,2.918949,TOP,21.83,False
1704200880.0,TREND,NO_GO,HOLD,13.33,NORMAL,PRO,DEFENSIVE,1.0,0.50,Aegean:FLAT(0.30)|Orion:LONG(0.20),Regime: TREND (Orion 2x). Score: 0.13. Low Conviction (<0.35).,LOW_CONVICTION,4.977185,TOP,21.64,False
1704200940.0,TREND,NO_GO,HOLD,13.33,NORMAL,PRO,DEFENSIVE,1.0,0.50,Aegean:FLAT(0.30)|Orion:LONG(0.20),Regime: TREND (Orion 2x). Score: 0.13. Low Conviction (<0.35).,LOW_CONVICTION,5.440924,TOP,21.76,False
1704201000.0,TREND,NO_GO,HOLD,13.33,NORMAL,PRO,DEFENSIVE,1.0,0.50,Aegean:FLAT(0.30)|Orion:LONG(0.20),Regime: TREND (Orion 2x). Score: 0.13. Low Conviction (<0.35).,LOW_CONVICTION,5.309483,TOP,21.96,False
1704201060.0,TREND,NO_GO,HOLD,13.33,NORMAL,PRO,DEFENSIVE,1.0,0.50,Aegean:FLAT(0.50)|Orion:SHORT(0.20),Regime: TREND (Orion 2x). Score: -0.13. Low Conviction (<0.35).,LOW_CONVICTION,2.088469,MID,21.74,False
1704201120.0,TREND,NO_GO,HOLD,13.33,NORMAL,PRO,DEFENSIVE,1.0,0.50,Aegean:FLAT(0.30)|Orion:LONG(0.20),Regime: TREND (Orion 2x). Score: 0.13. Low Conviction (<0.35).,LOW_CONVICTION,7.109007,TOP,22.20,False
1704201180.0,TREND,NO_GO,HOLD,13.33,NORMAL,PRO,DEFENSIVE,1.0,0.50,Aegean:FLAT(0.30)|Orion:LONG(0.20),Regime: TREND (Orion 2x). Score: 0.13. Low Conviction (<0.35).,LOW_CONVICTION,8.184185,TOP,23.08,False
1704201240.0,TREND,NO_GO,HOLD,13.33,NORMAL,PRO,DEFENSIVE,1.0,0.50,Aegean:FLAT(0.30)|Orion:LONG(0.20),Regime: TREND (Orion 2x). Score: 0.13. Low Conviction (<0.35).,LOW_CONVICTION,6.671909,TOP,23.87,False
1704201300.0,TREND,NO_GO,HOLD,13.33,NORMAL,PRO,DEFENSIVE,1.0,0.50,Aegean:FLAT(0.30)|Orion:LONG(0.20),Regime: TREND (Orion 2x). Score: 0.13. Low Conviction (<0.35).,LOW_CONVICTION,6.266504,TOP,24.61,False
1704201360.0,TREND,NO_GO,HOLD,9.63,NORMAL,PRO,DEFENSIVE,1.0,0.50,Aegean:FLAT(0.30)|Orion:LONG(0.14),Regime: TREND (Orion 2x). Score: 0.10. Low Conviction (<0.35).,LOW_CONVICTION,8.118046,TOP,25.78,True
1704201420.0,TREND,NO_GO,HOLD,11.47,NORMAL,PRO,DEFENSIVE,1.0,0.50,Aegean:FLAT(0.30)|Orion:LONG(0.17),Regime: TREND (Orion 2x). Score: 0.11. Low Conviction (<0.35).,LOW_CONVICTION,7.260832,TOP,26.88,True
1704201480.0,TREND,NO_GO,HOLD,14.30,NORMAL,PRO,DEFENSIVE,1.0,0.50,Aegean:FLAT(0.30)|Orion:LONG(0.21),Regime: TREND (Orion 2x). Score: 0.14. Low Conviction (<0.35).,LOW_CONVICTION,9.397513,TOP,28.58,True
1704201540.0,TREND,NO_GO,HOLD,17.64,NORMAL,PRO,DEFENSIVE,1.0,0.50,Aegean:FLAT(0.30)|Orion:LONG(0.26),Regime: TREND (Orion 2x). Score: 0.18. Low Conviction (<0.35).,LOW_CONVICTION,9.132425,TOP,30.58,True
1704201600.0,TREND,GO,SELL,39.73,NORMAL,PRO,DEFENSIVE,1.0,0.50,Aegean:SHORT(0.70)|Orion:SHORT(0.25),Regime: TREND (Orion 2x). Score: -0.40. Bearish Consensus.,,-7.322983,MID,29.84,True
1704201660.0,TREND,NO_GO,HOLD,15.23,NORMAL,PRO,DEFENSIVE,1.0,0.50,Aegean:FLAT(0.50)|Orion:SHORT(0.23),Regime: TREND (Orion 2x). Score: -0.15. Low Conviction (<0.35).,LOW_CONVICTION,-3.085957,MID,29.14,True
1704201720.0,TREND,NO_GO,HOLD,12.77,NORMAL,PRO,DEFENSIVE,1.0,0.50,Aegean:FLAT(0.50)|Orion:LONG(0.19),Regime: TREND (Orion 2x). Score: 0.13. Low Conviction (<0.35).,LOW_CONVICTION,0.992646,MID,27.66,True
1704201780.0,TREND,NO_GO,HOLD,9.67,NORMAL,PRO,DEFENSIVE,1.0,0.50,Aegean:FLAT(0.50)|Orion:LONG(0.15),Regime: TREND (Orion 2x). Score: 0.10. Low Conviction (<0.35).,LOW_CONVICTION,2.825059,MID,25.80,True
1704201840.0,TREND,GO,BUY,36.67,NORMAL,PRO,DEFENSIVE,1.0,0.50,Aegean:LONG(0.70)|Orion:LONG(0.20),Regime: TREND (Orion 2x). Score: 0.37. Bullish Consensus.,,7.288957,MID,24.82,False
1704201900.0,TREND,GO,BUY,36.67,NORMAL,PRO,DEFENSIVE,1.0,0.50,Aegean:LONG(0.70)|Orion:LONG(0.20),Regime: TREND (Orion 2x). Score: 0.37. Bullish Consensus.,,7.357529,MID,23.93,False
1704201960.0,TREND,GO,BUY,36.67,NORMAL,PRO,DEFENSIVE,1.0,0.50,Aegean:LONG(0.70)|Orion:LONG(0.20),Regime: TREND (Orion 2x). Score: 0.37. Bullish Consensus.,,5.457873,MID,23.10,False
1704202020.0,TREND,GO,BUY,36.67,NORMAL,PRO,DEFENSIVE,1.0,0.50,Aegean:LONG(0.70)|Orion:LONG(0.20),Regime: TREND (Orion 2x). Score: 0.37. Bullish Consensus.,,4.634656,MID,21.84,False
1704202080.0,TREND,NO_GO,HOLD,13.33,NORMAL,PRO,DEFENSIVE,1.0,0.50,Aegean:FLAT(0.30)|Orion:LONG(0.20),Regime: TREND (Orion 2x). Score: 0.13. Low Conviction (<0.35).,LOW_CONVICTION,5.967880,TOP,20.97,False
1704202140.0,CHOP,GO,BUY,36.67,NORMAL,PRO,DEFENSIVE,1.0,0.50,Aegean:LONG(0.70)|Orion:LONG(0.20),Regime: CHOP (Reduced Weights). Score: 0.37. Bullish Consensus.,,5.265273,MID,20.28,False
1704202200.0,CHOP,NO_GO,HOLD,13.33,NORMAL,PRO,DEFENSIVE,1.0,0.50,Aegean:FLAT(0.30)|Orion:LONG(0.20),Regime: CHOP (Reduced Weights). Score: 0.13. Low Conviction (<0.35).,LOW_CONVICTION,5.330795,TOP,19.41,False
1704202260.0,CHOP,NO_GO,HOLD,13.33,NORMAL,PRO,DEFENSIVE,1.0,0.50,Aegean:FLAT(0.30)|Orion:LONG(0.20),Regime: CHOP (Reduced Weights). Score: 0.13. Low Conviction (<0.35).,LOW_CONVICTION,7.179729,TOP,19.15,False
1704202320.0,CHOP,NO_GO,HOLD,13.33,NORMAL,PRO,DEFENSIVE,1.0,0.50,Aegean:FLAT(0.30)|Orion:LONG(0.20),Regime: CHOP (Reduced Weights). Score: 0.13. Low Conviction (<0.35).,LOW_CONVICTION,7.146635,TOP,19.26,False
1704202380.0,CHOP,NO_GO,HOLD,13.33,NORMAL,PRO,DEFENSIVE,1.0,0.50,Aegean:FLAT(0.30)|Orion:LONG(0.20),Regime: CHOP (Reduced Weights). Score: 0.13. Low Conviction (<0.35).,LOW_CONVICTION,5.848116,TOP,19.46,False
1704202440.0,CHOP,NO_GO,HOLD,13.33,NORMAL,PRO,DEFENSIVE,1.0,0.50,Aegean:FLAT(0.50)|Orion:LONG(0.20),Regime: CHOP (Reduced Weights). Score: 0.13. Low Conviction (<0.35).,LOW_CONVICTION,4.362305,TOP,18.95,False
1704202500.0,CHOP,NO_GO,HOLD,13.33,NORMAL,PRO,DEFENSIVE,1.0,0.50,Aegean:FLAT(0.30)|Orion:LONG(0.20),Regime: CHOP (Reduced Weights). Score: 0.13. Low Conviction (<0.35).,LOW_CONVICTION,7.870232,TOP,19.12,False
1704202560.0,TREND,NO_GO,HOLD,13.33,NORMAL,PRO,DEFENSIVE,1.0,0.50,Aegean:FLAT(0.30)|Orion:LONG(0.20),Regime: TREND (Orion 2x). Score: 0.13. Low Conviction (<0.35).,LOW_CONVICTION,7.310232,TOP,19.42,False
1704202620.0,TREND,NO_GO,HOLD,13.33,NORMAL,PRO,DEFENSIVE,1.0,0.50,Aegean:FLAT(0.30)|Orion:LONG(0.20),Regime: TREND (Orion 2x). Score: 0.13. Low Conviction (<0.35).,LOW_CONVICTION,6.211448,TOP,19.75,False
1704202680.0,TREND,NO_GO,HOLD,13.33,NORMAL,PRO,DEFENSIVE,1.0,0.50,Aegean:FLAT(0.30)|Orion:LONG(0.20),Regime: TREND (Orion 2x). Score: 0.13. Low Conviction (<0.35).,LOW_CONVICTION,4.740934,TOP,19.71,False
1704202740.0,TREND,NO_GO,HOLD,13.33,NORMAL,PRO,DEFENSIVE,1.0,0.50,Aegean:FLAT(0.30)|Orion:LONG(0.20),Regime: TREND (Orion 2x). Score: 0.13. Low Conviction (<0.35).,LOW_CONVICTION,6.942963,TOP,20.13,False
1704202800.0,TREND,NO_GO,HOLD,13.33,NORMAL,PRO,DEFENSIVE,1.0,0.50,Aegean:FLAT(0.30)|Orion:LONG(0.20),Regime: TREND (Orion 2x). Score: 0.13. Low Conviction (<0.35).,LOW_CONVICTION,11.490288,TOP,21.57,False
1704202860.0,TREND,NO_GO,HOLD,13.33,NORMAL,PRO,DEFENSIVE,1.0,0.50,Aegean:FLAT(0.30)|Orion:LONG(0.20),Regime: TREND (Orion 2x). Score: 0.13. Low Conviction (<0.35).,LOW_CONVICTION,12.592527,TOP,23.30,False
1704202920.0,TREND,NO_GO,HOLD,13.33,NORMAL,PRO,DEFENSIVE,1.0,0.50,Aegean:FLAT(0.30)|Orion:LONG(0.20),Regime: TREND (Orion 2x). Score: 0.13. Low Conviction (<0.35).,LOW_CONVICTION,9.383522,TOP,24.60,False
1704202980.0,TREND,NO_GO,HOLD,10.10,NORMAL,PRO,DEFENSIVE,1.0,0.50,Aegean:FLAT(0.30)|Orion:LONG(0.15),Regime: TREND (Orion 2x). Score: 0.10. Low Conviction (<0.35).,LOW_CONVICTION,12.348731,TOP,26.06,True
1704203040.0,TREND,GO,BUY,35.73,NORMAL,PRO,DEFENSIVE,1.0,0.50,Aegean:LONG(0.70)|Orion:LONG(0.19),Regime: TREND (Orion 2x). Score: 0.36. Bullish Consensus.,,7.396694,MID,27.44,True
1704203100.0,TREND,NO_GO,HOLD,14.59,NORMAL,PRO,DEFENSIVE,1.0,0.50,Aegean:FLAT(0.30)|Orion:LONG(0.22),Regime: TREND (Orion 2x). Score: 0.15. Low Conviction (<0.35).,LOW_CONVICTION,9.943360,TOP,28.75,True
1704203160.0,TREND,GO,BUY,38.56,NORMAL,PRO,DEFENSIVE,1.0,0.50,Aegean:LONG(0.70)|Orion:LONG(0.23),Regime: TREND (Orion 2x). Score: 0.39. Bullish Consensus.,,5.000796,MID,29.13,True
1704203220.0,TREND,NO_GO,HOLD,14.31,NORMAL,PRO,DEFENSIVE,1.0,0.50,Aegean:FLAT(0.50)|Orion:LONG(0.21),Regime: TREND (Orion 2x). Score: 0.14. Low Conviction (<0.35).,LOW_CONVICTION,1.857048,MID,28.59,True
1704203280.0,TREND,NO_GO,HOLD,12.64,NORMAL,PRO,DEFENSIVE,1.0,0.50,Aegean:FLAT(0.50)|Orion:LONG(0.19),Regime: TREND (Orion 2x). Score: 0.13. Low Conviction (<0.35).,LOW_CONVICTION,3.753188,MID,27.58,True
1704203340.0,TREND,NO_GO,HOLD,11.18,NORMAL,PRO,DEFENSIVE,1.0,0.50,Aegean:FLAT(0.50)|Orion:LONG(0.17),Regime: TREND (Orion 2x). Score: 0.11. Low Conviction (<0.35).,LOW_CONVICTION,2.221034,MID,26.71,True
1704203400.0,TREND,NO_GO,HOLD,9.59,NORMAL,PRO,DEFENSIVE,1.0,0.50,Aegean:FLAT(0.50)|Orion:LONG(0.14),Regime: TREND (Orion 2x). Score: 0.10. Low Conviction (<0.35).,LOW_CONVICTION,2.861350,MID,25.75,True
1704203460.0,TREND,NO_GO,HOLD,13.33,NORMAL,PRO,DEFENSIVE,1.0,0.50,Aegean:FLAT(0.50)|Orion:LONG(0.20),Regime: TREND (Orion 2x). Score: 0.13. Low Conviction (<0.35).,LOW_CONVICTION,-1.051034,MID,24.52,False
1704203520.0,TREND,NO_GO,HOLD,13.33,NORMAL,PRO,DEFENSIVE,1.0,0.50,Aegean:FLAT(0.50)|Orion:LONG(0.20),Regime: TREND (Orion 2x). Score: 0.13. Low Conviction (<0.35).,LOW_CONVICTION,-0.613842,MID,23.35,False
1704203580.0,TREND,NO_GO,HOLD,13.33,NORMAL,PRO,DEFENSIVE,1.0,0.50,Aegean:FLAT(0.50)|Orion:LONG(0.20),Regime: TREND (Orion 2x). Score: 0.13. Low Conviction (<0.35).,LOW_CONVICTION,-2.643242,MID,22.87,False
1704203640.0,TREND,NO_GO,HOLD,13.33,NORMAL,PRO,DEFENSIVE,1.0,0.50,Aegean:FLAT(0.50)|Orion:LONG(0.20),Regime: TREND (Orion 2x). Score: 0.13. Low Conviction (<0.35).,LOW_CONVICTION,1.994119,MID,21.44,False
1704203700.0,TREND,NO_GO,HOLD,13.33,NORMAL,PRO,DEFENSIVE,1.0,0.50,Aegean:FLAT(0.50)|Orion:LONG(0.20),Regime: TREND (Orion 2x). Score: 0.13. Low Conviction (<0.35).,LOW_CONVICTION,3.193933,MID,20.35,False
1704203760.0,CHOP,NO_GO,HOLD,13.33,NORMAL,PRO,DEFENSIVE,1.0,0.50,Aegean:FLAT(0.50)|Orion:LONG(0.20),Regime: CHOP (Reduced Weights). Score: 0.13. Low Conviction (<0.35).,LOW_CONVICTION,0.706892,MID,19.04,False
1704203820.0,CHOP,NO_GO,HOLD,13.33,NORMAL,PRO,DEFENSIVE,1.0,0.50,Aegean:FLAT(0.50)|Orion:LONG(0.20),Regime: CHOP (Reduced Weights). Score: 0.13. Low Conviction (<0.35).,LOW_CONVICTION,-1.848556,MID,18.30,False
1704203880.0,CHOP,NO_GO,HOLD,13.33,NORMAL,PRO,DEFENSIVE,1.0,0.50,Aegean:FLAT(0.50)|Orion:LONG(0.20),Regime: CHOP (Reduced Weights). Score: 0.13. Low Conviction (<0.35).,LOW_CONVICTION,2.930061,MID,17.33,False
1704203940.0,CHOP,NO_GO,HOLD,13.33,NORMAL,PRO,DEFENSIVE,1.0,0.50,Aegean:FLAT(0.50)|Orion:LONG(0.20),Regime: CHOP (Reduced Weights). Score: 0.13. Low Conviction (<0.35).,LOW_CONVICTION,1.712230,MID,16.41,False
1704204000.0,CHOP,GO,BUY,36.67,NORMAL,PRO,DEFENSIVE,1.0,0.50,Aegean:LONG(0.70)|Orion:LONG(0.20),Regime: CHOP (Reduced Weights). Score: 0.37. Bullish Consensus.,,6.048175,MID,16.31,False
1704204060.0,CHOP,NO_GO,HOLD,13.33,NORMAL,PRO,DEFENSIVE,1.0,0.50,Aegean:FLAT(0.50)|Orion:LONG(0.20),Regime: CHOP (Reduced Weights). Score: 0.13. Low Conviction (<0.35).,LOW_CONVICTION,2.598925,MID,16.56,False
1704204120.0,CHOP,NO_GO,HOLD,13.33,NORMAL,PRO,DEFENSIVE,1.0,0.50,Aegean:FLAT(0.50)|Orion:LONG(0.20),Regime: CHOP (Reduced Weights). Score: 0.13. Low Conviction (<0.35).,LOW_CONVICTION,3.123739,MID,16.55,False
1704204180.0,CHOP,NO_GO,HOLD,13.33,NORMAL,PRO,DEFENSIVE,1.0,0.50,Aegean:FLAT(0.50)|Orion:LONG(0.20),Regime: CHOP (Reduced Weights). Score: 0.13. Low Conviction (<0.35).,LOW_CONVICTION,0.725498,MID,16.53,False
1704204240.0,CHOP,NO_GO,HOLD,13.33,NORMAL,PRO,DEFENSIVE,1.0,0.50,Aegean:FLAT(0.50)|Orion:LONG(0.20),Regime: CHOP (Reduced Weights). Score: 0.13. Low Conviction (<0.35).,LOW_CONVICTION,0.209388,MID,16.08,False
1704204300.0,CHOP,NO_GO,HOLD,13.33,NORMAL,PRO,DEFENSIVE,1.0,0.50,Aegean:FLAT(0.50)|Orion:LONG(0.20),Regime: CHOP (Reduced Weights). Score: 0.13. Low Conviction (<0.35).,LOW_CONVICTION,1.097495,MID,16.43,False
1704204360.0,CHOP,NO_GO,HOLD,13.33,NORMAL,PRO,DEFENSIVE,1.0,0.50,Aegean:FLAT(0.30)|Orion:LONG(0.20),Regime: CHOP (Reduced Weights). Score: 0.13. Low Conviction (<0.35).,LOW_CONVICTION,5.844843,TOP,17.43,False
1704204420.0,CHOP,NO_GO,HOLD,13.33,NORMAL,PRO,DEFENSIVE,1.0,0.50,Aegean:FLAT(0.30)|Orion:LONG(0.20),Regime: CHOP (Reduced Weights). Score: 0.13. Low Conviction (<0.35).,LOW_CONVICTION,6.433230,TOP,19.04,False
1704204480.0,CHOP,NO_GO,HOLD,13.33,NORMAL,PRO,DEFENSIVE,1.0,0.50,Aegean:FLAT(0.30)|Orion:LONG(0.20),Regime: CHOP (Reduced Weights). Score: 0.13. Low Conviction (<0.35).,LOW_CONVICTION,7.940345,TOP,20.52,False
1704204540.0,TREND,NO_GO,HOLD,13.33,NORMAL,PRO,DEFENSIVE,1.0,0.50,Aegean:FLAT(0.30)|Orion:LONG(0.20),Regime: TREND (Orion 2x). Score: 0.13. Low Conviction (<0.35).,LOW_CONVICTION,5.311906,TOP,21.92,False
1704204600.0,TREND,NO_GO,HOLD,13.33,NORMAL,PRO,DEFENSIVE,1.0,0.50,Aegean:FLAT(0.30)|Orion:LONG(0.20),Regime: TREND (Orion 2x). Score: 0.13. Low Conviction (<0.35).,LOW_CONVICTION,7.740176,TOP,23.67,False
1704204660.0,TREND,NO_GO,HOLD,8.97,NORMAL,PRO,DEFENSIVE,1.0,0.50,Aegean:FLAT(0.30)|Orion:LONG(0.13),Regime: TREND (Orion 2x). Score: 0.09. Low Conviction (<0.35).,LOW_CONVICTION,7.566149,TOP,25.38,True
1704204720.0,TREND,NO_GO,HOLD,11.94,NORMAL,PRO,DEFENSIVE,1.0,0.50,Aegean:FLAT(0.30)|Orion:LONG(0.18),Regime: TREND (Orion 2x). Score: 0.12. Low Conviction (<0.35).,LOW_CONVICTION,6.664297,TOP,27.17,True
1704204780.0,TREND,NO_GO,HOLD,15.36,NORMAL,PRO,DEFENSIVE,1.0,0.50,Aegean:FLAT(0.30)|Orion:LONG(0.23),Regime: TREND (Orion 2x). Score: 0.15. Low Conviction (<0.35).,LOW_CONVICTION,10.239543,TOP,29.22,True
1704204840.0,TREND,GO,BUY,40.84,NORMAL,PRO,DEFENSIVE,1.0,0.50,Aegean:LONG(0.70)|Orion:LONG(0.26),Regime: TREND (Orion 2x). Score: 0.41. Bullish Consensus.,,6.783450,MID,30.51,True
1704204900.0,TREND,GO,BUY,42.83,NORMAL,PRO,DEFENSIVE,1.0,0.50,Aegean:LONG(0.70)|Orion:LONG(0.29),Regime: TREND (Orion 2x). Score: 0.43. Bullish Consensus.,,5.706773,MID,31.70,True
1704204960.0,TREND,GO,BUY,45.59,NORMAL,PRO,DEFENSIVE,1.0,0.50,Aegean:LONG(0.70)|Orion:LONG(0.33),Regime: TREND (Orion 2x). Score: 0.46. Bullish Consensus.,,4.764126,MID,33.35,True
1704205020.0,TREND,NO_GO,HOLD,20.71,NORMAL,PRO,DEFENSIVE,1.0,0.50,Aegean:FLAT(0.50)|Orion:LONG(0.31),Regime: TREND (Orion 2x). Score: 0.21. Low Conviction (<0.35).,LOW_CONVICTION,-1.176396,MID,32.43,True
1704205080.0,TREND,NO_GO,HOLD,17.86,NORMAL,PRO,DEFENSIVE,1.0,0.50,Aegean:FLAT(0.50)|Orion:LONG(0.27),Regime: TREND (Orion 2x). Score: 0.18. Low Conviction (<0.35).,LOW_CONVICTION,-3.614766,MID,30.72,True
1704205140.0,TREND,NO_GO,HOLD,9.02,NORMAL,PRO,DEFENSIVE,1.0,0.50,Aegean:SHORT(0.70)|Orion:LONG(0.21),Regime: TREND (Orion 2x). Score: -0.09. Low Conviction (<0.35).,LOW_CONVICTION,-4.798256,MID,28.59,True
1704205200.0,TREND,NO_GO,HOLD,11.07,NORMAL,PRO,DEFENSIVE,1.0,0.50,Aegean:FLAT(0.50)|Orion:LONG(0.17),Regime: TREND (Orion 2x). Score: 0.11. Low Conviction (<0.35).,LOW_CONVICTION,-1.164298,MID,26.64,True
1704205260.0,TREND,NO_GO,HOLD,8.79,NORMAL,PRO,DEFENSIVE,1.0,0.50,Aegean:FLAT(0.30)|Orion:SHORT(0.13),Regime: TREND (Orion 2x). Score: -0.09. Low Conviction (<0.35).,LOW_CONVICTION,-6.033617,DIP,25.27,True
1704205320.0,TREND,GO,SELL,36.67,NORMAL,PRO,DEFENSIVE,1.0,0.50,Aegean:SHORT(0.70)|Orion:SHORT(0.20),Regime: TREND (Orion 2x). Score: -0.37. Bearish Consensus.,,-5.204168,MID,24.62,False
1704205380.0,TREND,NO_GO,HOLD,13.33,NORMAL,PRO,DEFENSIVE,1.0,0.50,Aegean:FLAT(0.50)|Orion:LONG(0.20),Regime: TREND (Orion 2x). Score: 0.13. Low Conviction (<0.35).,LOW_CONVICTION,-2.508861,MID,23.13,False
1704205440.0,TREND,NO_GO,HOLD,13.33,NORMAL,PRO,DEFENSIVE,1.0,0.50,Aegean:FLAT(0.50)|Orion:SHORT(0.20),Regime: TREND (Orion 2x). Score: -0.13. Low Conviction (<0.35).,LOW_CONVICTION,-2.992040,MID,21.72,False
1704205500.0,TREND,NO_GO,HOLD,13.33,NORMAL,PRO,DEFENSIVE,1.0,0.50,Aegean:FLAT(0.30)|Orion:SHORT(0.20),Regime: TREND (Orion 2x). Score: -0.13. Low Conviction (<0.35).,LOW_CONVICTION,-9.098357,DIP,22.01,False
1704205560.0,TREND,NO_GO,HOLD,13.33,NORMAL,PRO,DEFENSIVE,1.0,0.50,Aegean:FLAT(0.30)|Orion:SHORT(0.20),Regime: TREND (Orion 2x). Score: -0.13. Low Conviction (<0.35).,LOW_CONVICTION,-9.241842,DIP,22.93,False
1704205620.0,TREND,GO,SELL,36.67,NORMAL,PRO,DEFENSIVE,1.0,0.50,Aegean:SHORT(0.70)|Orion:SHORT(0.20),Regime: TREND (Orion 2x). Score: -0.37. Bearish Consensus.,,-5.408626,MID,23.26,False
1704205680.0,TREND,NO_GO,HOLD,13.33,NORMAL,PRO,DEFENSIVE,1.0,0.50,Aegean:FLAT(0.50)|Orion:SHORT(0.20),Regime: TREND (Orion 2x). Score: -0.13. Low Conviction (<0.35).,LOW_CONVICTION,-1.602380,MID,22.64,False
1704205740.0,TREND,NO_GO,HOLD,13.33,NORMAL,PRO,DEFENSIVE,1.0,0.50,Aegean:FLAT(0.50)|Orion:SHORT(0.20),Regime: TREND (Orion 2x). Score: -0.13. Low Conviction (<0.35).,LOW_CONVICTION,-2.391627,MID,22.07,False
1704205800.0,TREND,NO_GO,HOLD,13.33,NORMAL,PRO,DEFENSIVE,1.0,0.50,Aegean:FLAT(0.50)|Orion:LONG(0.20),Regime: TREND (Orion 2x). Score: 0.13. Low Conviction (<0.35).,LOW_CONVICTION,1.130312,MID,20.94,False
1704205860.0,TREND,NO_GO,HOLD,13.33,NORMAL,PRO,DEFENSIVE,1.0,0.50,Aegean:FLAT(0.30)|Orion:SHORT(0.20),Regime: TREND (Orion 2x). Score: -0.13. Low Conviction (<0.35).,LOW_CONVICTION,-8.581060,DIP,20.99,False
1704205920.0,TREND,NO_GO,HOLD,13.33,NORMAL,PRO,DEFENSIVE,1.0,0.50,Aegean:FLAT(0.30)|Orion:SHORT(0.20),Regime: TREND (Orion 2x). Score: -0.13. Low Conviction (<0.35).,LOW_CONVICTION,-7.118512,DIP,21.15,False
1704205980.0,TREND,NO_GO,HOLD,13.33,NORMAL,PRO,DEFENSIVE,1.0,0.50,Aegean:FLAT(0.30)|Orion:SHORT(0.20),Regime: TREND (Orion 2x). Score: -0.13. Low Conviction (<0.35).,LOW_CONVICTION,-13.903408,DIP,22.27,False
1704206040.0,TREND,GO,SELL,36.67,NORMAL,PRO,DEFENSIVE,1.0,0.50,Aegean:SHORT(0.70)|Orion:SHORT(0.20),Regime: TREND (Orion 2x). Score: -0.37. Bearish Consensus.,,-9.645432,MID,23.66,False
1704206100.0,TREND,NO_GO,HOLD,9.60,NORMAL,PRO,DEFENSIVE,1.0,0.50,Aegean:FLAT(0.30)|Orion:SHORT(0.14),Regime: TREND (Orion 2x). Score: -0.10. Low Conviction (<0.35).,LOW_CONVICTION,-17.551349,DIP,25.76,True
1704206160.0,TREND,GO,SELL,36.08,NORMAL,PRO,DEFENSIVE,1.0,0.50,Aegean:SHORT(0.70)|Orion:SHORT(0.19),Regime: TREND (Orion 2x). Score: -0.36. Bearish Consensus.,,-10.301192,MID,27.65,True
1704206220.0,TREND,GO,SELL,39.01,NORMAL,PRO,DEFENSIVE,1.0,0.50,Aegean:SHORT(0.70)|Orion:SHORT(0.24),Regime: TREND (Orion 2x). Score: -0.39. Bearish Consensus.,,-14.460844,MID,29.41,True
1704206280.0,TREND,NO_GO,HOLD,19.31,NORMAL,PRO,DEFENSIVE,1.0,0.50,Aegean:FLAT(0.30)|Orion:SHORT(0.29),Regime: TREND (Orion 2x). Score: -0.19. Low Conviction (<0.35).,LOW_CONVICTION,-18.040238,DIP,31.59,True
1704206340.0,TREND,NO_GO,HOLD,23.03,NORMAL,PRO,DEFENSIVE,1.0,0.50,Aegean:FLAT(0.30)|Orion:SHORT(0.35),Regime: TREND (Orion 2x). Score: -0.23. Low Conviction (<0.35).,LOW_CONVICTION,-19.308620,DIP,33.82,True
1704206400.0,TREND,GO,SELL,50.05,NORMAL,PRO,DEFENSIVE,1.0,0.50,Aegean:SHORT(0.70)|Orion:SHORT(0.40),Regime: TREND (Orion 2x). Score: -0.50. Bearish Consensus.,,-10.520926,MID,36.03,True
1704206460.0,TREND,GO,SELL,51.77,NORMAL,PRO,DEFENSIVE,1.0,0.50,Aegean:SHORT(0.70)|Orion:SHORT(0.43),Regime: TREND (Orion 2x). Score: -0.52. Bearish Consensus.,,-5.796199,MID,37.06,True
1704206520.0,TREND,NO_GO,HOLD,27.95,NORMAL,PRO,DEFENSIVE,1.0,0.50,Aegean:FLAT(0.50)|Orion:SHORT(0.42),Regime: TREND (Orion 2x). Score: -0.28. Low Conviction (<0.35).,LOW_CONVICTION,-2.648494,MID,36.77,True
1704206580.0,TREND,NO_GO,HOLD,27.27,NORMAL,PRO,DEFENSIVE,1.0,0.50,Aegean:FLAT(0.50)|Orion:SHORT(0.41),Regime: TREND (Orion 2x). Score: -0.27. Low Conviction (<0.35).,LOW_CONVICTION,0.105820,MID,36.36,True
1704206640.0,TREND,NO_GO,HOLD,26.54,NORMAL,PRO,DEFENSIVE,1.0,0.50,Aegean:FLAT(0.50)|Orion:SHORT(0.40),Regime: TREND (Orion 2x). Score: -0.27. Low Conviction (<0.35).,LOW_CONVICTION,0.030310,MID,35.92,True
1704206700.0,TREND,GO,SELL,50.59,NORMAL,PRO,DEFENSIVE,1.0,0.50,Aegean:SHORT(0.70)|Orion:SHORT(0.41),Regime: TREND (Orion 2x). Score: -0.51. Bearish Consensus.,,-8.116992,MID,36.35,True
1704206760.0,TREND,GO,SELL,52.06,NORMAL,PRO,DEFENSIVE,1.0,0.50,Aegean:SHORT(0.70)|Orion:SHORT(0.43),Regime: TREND (Orion 2x). Score: -0.52. Bearish Consensus.,,-11.962058,MID,37.24,True
1704206820.0,TREND,NO_GO,HOLD,30.89,NORMAL,PRO,DEFENSIVE,1.0,0.50,Aegean:FLAT(0.30)|Orion:SHORT(0.46),Regime: TREND (Orion 2x). Score: -0.31. Low Conviction (<0.35).,LOW_CONVICTION,-15.164558,DIP,38.54,True
1704206880.0,TREND,NO_GO,HOLD,33.37,NORMAL,PRO,DEFENSIVE,1.0,0.50,Aegean:FLAT(0.30)|Orion:SHORT(0.50),Regime: TREND (Orion 2x). Score: -0.33. Low Conviction (<0.35).,LOW_CONVICTION,-18.970348,DIP,40.02,True
1704206940.0,TREND,GO,SELL,36.59,NORMAL,PRO,DEFENSIVE,1.0,0.50,Aegean:FLAT(0.30)|Orion:SHORT(0.55),Regime: TREND (Orion 2x). Score: -0.37. Bearish Consensus.,,-25.710498,DIP,41.95,True
1704283440.0,TREND,GO,SELL,90.00,AGGRESSIVE,PRO,DEFENSIVE,1.0,0.75,Aegean:SHORT(0.70)|Orion:SHORT(1.00),Regime: TREND (Orion 2x). Score: -0.90. Bearish Consensus.,,-71.803742,MID,71.78,True
1704283920.0,TREND,GO,SELL,90.00,AGGRESSIVE,PRO,DEFENSIVE,1.0,0.75,Aegean:SHORT(0.70)|Orion:SHORT(1.00),Regime: TREND (Orion 2x). Score: -0.90. Bearish Consensus.,,-114.828225,MID,75.04,True
1704285960.0,TREND,NO_GO,HOLD,7.81,NORMAL,PRO,DEFENSIVE,1.0,0.50,Aegean:LONG(0.70)|Orion:SHORT(0.23),Regime: TREND (Orion 2x). Score: 0.08. Low Conviction (<0.35).,LOW_CONVICTION,10.275880,MID,29.31,True
1704286020.0,TREND,NO_GO,HOLD,13.17,NORMAL,PRO,DEFENSIVE,1.0,0.50,Aegean:FLAT(0.30)|Orion:LONG(0.20),Regime: TREND (Orion 2x). Score: 0.13. Low Conviction (<0.35).,LOW_CONVICTION,18.226953,TOP,27.90,True
1704286080.0,TREND,NO_GO,HOLD,9.96,NORMAL,PRO,DEFENSIVE,1.0,0.50,Aegean:FLAT(0.30)|Orion:LONG(0.15),Regime: TREND (Orion 2x). Score: 0.10. Low Conviction (<0.35).,LOW_CONVICTION,28.051297,TOP,25.98,True
1704286140.0,CHOP,NO_GO,HOLD,13.33,NORMAL,PRO,DEFENSIVE,1.0,0.50,Aegean:FLAT(0.30)|Orion:LONG(0.20),Regime: CHOP (Reduced Weights). Score: 0.13. Low Conviction (<0.35).,LOW_CONVICTION,22.176909,TOP,24.18,False
1704286200.0,CHOP,NO_GO,HOLD,13.33,NORMAL,PRO,DEFENSIVE,1.0,0.50,Aegean:FLAT(0.30)|Orion:LONG(0.20),Regime: CHOP (Reduced Weights). Score: 0.13. Low Conviction (<0.35).,LOW_CONVICTION,17.849390,TOP,22.84,False
1704286260.0,CHOP,GO,BUY,36.67,NORMAL,PRO,DEFENSIVE,1.0,0.50,Aegean:LONG(0.70)|Orion:LONG(0.20),Regime: CHOP (Reduced Weights). Score: 0.37. Bullish Consensus.,,11.735629,MID,21.96,False
1704286320.0,CHOP,NO_GO,HOLD,13.33,NORMAL,PRO,DEFENSIVE,1.0,0.50,Aegean:FLAT(0.30)|Orion:LONG(0.20),Regime: CHOP (Reduced Weights). Score: 0.13. Low Conviction (<0.35).,LOW_CONVICTION,16.557767,TOP,21.05,False
1704286380.0,CHOP,NO_GO,HOLD,13.33,NORMAL,PRO,DEFENSIVE,1.0,0.50,Aegean:FLAT(0.30)|Orion:LONG(0.20),Regime: CHOP (Reduced Weights). Score: 0.13. Low Conviction (<0.35).,LOW_CONVICTION,27.114369,TOP,20.06,False
1704286440.0,CHOP,NO_GO,HOLD,13.33,NORMAL,PRO,DEFENSIVE,1.0,0.50,Aegean:FLAT(0.30)|Orion:LONG(0.20),Regime: CHOP (Reduced Weights). Score: 0.13. Low Conviction (<0.35).,LOW_CONVICTION,38.067089,TOP,20.01,False
1704286500.0,CHOP,NO_GO,HOLD,13.33,NORMAL,PRO,DEFENSIVE,1.0,0.50,Aegean:FLAT(0.30)|Orion:LONG(0.20),Regime: CHOP (Reduced Weights). Score: 0.13. Low Conviction (<0.35).,LOW_CONVICTION,27.443072,TOP,19.99,False
1704286560.0,CHOP,NO_GO,HOLD,13.33,NORMAL,PRO,DEFENSIVE,1.0,0.50,Aegean:FLAT(0.30)|Orion:LONG(0.20),Regime: CHOP (Reduced Weights). Score: 0.13. Low Conviction (<0.35).,LOW_CONVICTION,24.273624,TOP,19.94,False
1704286620.0,CHOP,NO_GO,HOLD,13.33,NORMAL,PRO,DEFENSIVE,1.0,0.50,Aegean:FLAT(0.30)|Orion:LONG(0.20),Regime: CHOP (Reduced Weights). Score: 0.13. Low Conviction (<0.35).,LOW_CONVICTION,23.655650,TOP,19.65,False
1704286680.0,CHOP,NO_GO,HOLD,13.33,NORMAL,PRO,DEFENSIVE,1.0,0.50,Aegean:FLAT(0.30)|Orion:LONG(0.20),Regime: CHOP (Reduced Weights). Score: 0.13. Low Conviction (<0.35).,LOW_CONVICTION,25.929290,TOP,19.63,False
1704286740.0,CHOP,NO_GO,HOLD,13.33,NORMAL,PRO,DEFENSIVE,1.0,0.50,Aegean:FLAT(0.30)|Orion:LONG(0.20),Regime: CHOP (Reduced Weights). Score: 0.13. Low Conviction (<0.35).,LOW_CONVICTION,27.280243,TOP,19.84,False
1704286800.0,CHOP,GO,BUY,36.67,NORMAL,PRO,DEFENSIVE,1.0,0.50,Aegean:LONG(0.70)|Orion:LONG(0.20),Regime: CHOP (Reduced Weights). Score: 0.37. Bullish Consensus.,,9.541499,MID,19.35,False
1704286860.0,CHOP,NO_GO,HOLD,13.33,NORMAL,PRO,DEFENSIVE,1.0,0.50,Aegean:FLAT(0.50)|Orion:LONG(0.20),Regime: CHOP (Reduced Weights). Score: 0.13. Low Conviction (<0.35).,LOW_CONVICTION,-2.452873,MID,18.18,False
1704286920.0,CHOP,GO,BUY,36.67,NORMAL,PRO,DEFENSIVE,1.0,0.50,Aegean:LONG(0.70)|Orion:LONG(0.20),Regime: CHOP (Reduced Weights). Score: 0.37. Bullish Consensus.,,9.502206,MID,17.03,False
1704286980.0,CHOP,NO_GO,HOLD,13.33,NORMAL,PRO,DEFENSIVE,1.0,0.50,Aegean:FLAT(0.50)|Orion:LONG(0.20),Regime: CHOP (Reduced Weights). Score: 0.13. Low Conviction (<0.35).,LOW_CONVICTION,1.866770,MID,15.88,False
1704287040.0,CHOP,NO_GO,HOLD,13.33,NORMAL,PRO,DEFENSIVE,1.0,0.50,Aegean:FLAT(0.50)|Orion:LONG(0.20),Regime: CHOP (Reduced Weights). Score: 0.13. Low Conviction (<0.35).,LOW_CONVICTION,-1.618896,MID,15.15,False
1704287100.0,CHOP,GO,BUY,36.67,NORMAL,PRO,DEFENSIVE,1.0,0.50,Aegean:LONG(0.70)|Orion:LONG(0.20),Regime: CHOP (Reduced Weights). Score: 0.37. Bullish Consensus.,,7.699415,MID,14.48,False
1704287160.0,CHOP,GO,BUY,36.67,NORMAL,PRO,DEFENSIVE,1.0,0.50,Aegean:LONG(0.70)|Orion:LONG(0.20),Regime: CHOP (Reduced Weights). Score: 0.37. Bullish Consensus.,,10.562875,MID,13.64,False
1704287220.0,CHOP,GO,BUY,36.67,NORMAL,PRO,DEFENSIVE,1.0,0.50,Aegean:LONG(0.70)|Orion:LONG(0.20),Regime: CHOP (Reduced Weights). Score: 0.37. Bullish Consensus.,,4.783455,MID,12.81,False
1704287280.0,CHOP,NO_GO,HOLD,13.33,NORMAL,PRO,DEFENSIVE,1.0,0.50,Aegean:FLAT(0.50)|Orion:LONG(0.20),Regime: CHOP (Reduced Weights). Score: 0.13. Low Conviction (<0.35).,LOW_CONVICTION,-0.005768,MID,12.59,False
1704287340.0,CHOP,GO,BUY,36.67,NORMAL,PRO,DEFENSIVE,1.0,0.50,Aegean:LONG(0.70)|Orion:LONG(0.20),Regime: CHOP (Reduced Weights). Score: 0.37. Bullish Consensus.,,8.877359,MID,11.85,False
1704287400.0,CHOP,GO,BUY,36.67,NORMAL,PRO,DEFENSIVE,1.0,0.50,Aegean:LONG(0.70)|Orion:LONG(0.20),Regime: CHOP (Reduced Weights). Score: 0.37. Bullish Consensus.,,10.042630,MID,11.14,False
1704287460.0,CHOP,GO,BUY,36.67,NORMAL,PRO,DEFENSIVE,1.0,0.50,Aegean:LONG(0.70)|Orion:LONG(0.20),Regime: CHOP (Reduced Weights). Score: 0.37. Bullish Consensus.,,8.377817,MID,10.36,False
1704287520.0,CHOP,GO,BUY,36.67,NORMAL,PRO,DEFENSIVE,1.0,0.50,Aegean:LONG(0.70)|Orion:LONG(0.20),Regime: CHOP (Reduced Weights). Score: 0.37. Bullish Consensus.,,7.681062,MID,9.63,False
1704287580.0,CHOP,NO_GO,HOLD,13.33,NORMAL,PRO,DEFENSIVE,1.0,0.50,Aegean:FLAT(0.50)|Orion:LONG(0.20),Regime: CHOP (Reduced Weights). Score: 0.13. Low Conviction (<0.35).,LOW_CONVICTION,-1.126342,MID,9.59,False
1704287640.0,CHOP,NO_GO,HOLD,13.33,NORMAL,PRO,DEFENSIVE,1.0,0.50,Aegean:FLAT(0.30)|Orion:LONG(0.20),Regime: CHOP (Reduced Weights). Score: 0.13. Low Conviction (<0.35).,LOW_CONVICTION,-6.560435,DIP,10.16,False
1704287700.0,CHOP,NO_GO,HOLD,13.33,NORMAL,PRO,DEFENSIVE,1.0,0.50,Aegean:FLAT(0.50)|Orion:LONG(0.20),Regime: CHOP (Reduced Weights). Score: 0.13. Low Conviction (<0.35).,LOW_CONVICTION,3.032465,MID,10.16,False
1704287760.0,CHOP,GO,BUY,36.67,NORMAL,PRO,DEFENSIVE,1.0,0.50,Aegean:LONG(0.70)|Orion:LONG(0.20),Regime: CHOP (Reduced Weights). Score: 0.37. Bullish Consensus.,,7.424562,MID,9.54,False
1704287820.0,CHOP,GO,BUY,36.67,NORMAL,PRO,DEFENSIVE,1.0,0.50,Aegean:LONG(0.70)|Orion:LONG(0.20),Regime: CHOP (Reduced Weights). Score: 0.37. Bullish Consensus.,,5.654487,MID,8.86,False
1704287880.0,CHOP,NO_GO,HOLD,13.33,NORMAL,PRO,DEFENSIVE,1.0,0.50,Aegean:FLAT(0.50)|Orion:LONG(0.20),Regime: CHOP (Reduced Weights). Score: 0.13. Low Conviction (<0.35).,LOW_CONVICTION,-0.169557,MID,8.92,False
1704287940.0,CHOP,NO_GO,HOLD,10.00,NORMAL,PRO,DEFENSIVE,1.0,0.50,Aegean:SHORT(0.70)|Orion:LONG(0.20),Regime: CHOP (Reduced Weights). Score: -0.10. Low Conviction (<0.35).,LOW_CONVICTION,-4.541111,MID,9.52,False
1704288000.0,CHOP,NO_GO,HOLD,13.33,NORMAL,PRO,DEFENSIVE,1.0,0.50,Aegean:FLAT(0.30)|Orion:LONG(0.20),Regime: CHOP (Reduced Weights). Score: 0.13. Low Conviction (<0.35).,LOW_CONVICTION,-9.324836,DIP,10.54,False
1704288060.0,CHOP,NO_GO,HOLD,13.33,NORMAL,PRO,DEFENSIVE,1.0,0.50,Aegean:FLAT(0.30)|Orion:LONG(0.20),Regime: CHOP (Reduced Weights). Score: 0.13. Low Conviction (<0.35).,LOW_CONVICTION,-7.818284,DIP,11.48,False
1704288120.0,CHOP,NO_GO,HOLD,13.33,NORMAL,PRO,DEFENSIVE,1.0,0.50,Aegean:FLAT(0.30)|Orion:SHORT(0.20),Regime: CHOP (Reduced Weights). Score: -0.13. Low Conviction (<0.35).,LOW_CONVICTION,-24.549467,DIP,13.80,False
1704288180.0,CHOP,GO,SELL,36.67,NORMAL,PRO,DEFENSIVE,1.0,0.50,Aegean:SHORT(0.70)|Orion:SHORT(0.20),Regime: CHOP (Reduced Weights). Score: -0.37. Bearish Consensus.,,-6.870496,MID,15.63,False
1704288240.0,CHOP,GO,SELL,36.67,NORMAL,PRO,DEFENSIVE,1.0,0.50,Aegean:SHORT(0.70)|Orion:SHORT(0.20),Regime: CHOP (Reduced Weights). Score: -0.37. Bearish Consensus.,,-8.239629,MID,17.30,False
1704288300.0,CHOP,GO,SELL,36.67,NORMAL,PRO,DEFENSIVE,1.0,0.50,Aegean:SHORT(0.70)|Orion:SHORT(0.20),Regime: CHOP (Reduced Weights). Score: -0.37. Bearish Consensus.,,-12.378998,MID,19.12,False
1704288360.0,TREND,GO,SELL,36.67,NORMAL,PRO,DEFENSIVE,1.0,0.50,Aegean:SHORT(0.70)|Orion:SHORT(0.20),Regime: TREND (Orion 2x). Score: -0.37. Bearish Consensus.,,-8.052786,MID,20.82,False
1704288420.0,TREND,GO,SELL,36.67,NORMAL,PRO,DEFENSIVE,1.0,0.50,Aegean:SHORT(0.70)|Orion:SHORT(0.20),Regime: TREND (Orion 2x). Score: -0.37. Bearish Consensus.,,-7.780403,MID,21.28,False
1704288480.0,TREND,NO_GO,HOLD,13.33,NORMAL,PRO,DEFENSIVE,1.0,0.50,Aegean:FLAT(0.50)|Orion:SHORT(0.20),Regime: TREND (Orion 2x). Score: -0.13. Low Conviction (<0.35).,LOW_CONVICTION,-2.862487,MID,21.71,False
1704288540.0,TREND,GO,SELL,36.67,NORMAL,PRO,DEFENSIVE,1.0,0.50,Aegean:SHORT(0.70)|Orion:SHORT(0.20),Regime: TREND (Orion 2x). Score: -0.37. Bearish Consensus.,,-5.877217,MID,21.49,False
1704288600.0,TREND,NO_GO,HOLD,13.33,NORMAL,PRO,DEFENSIVE,1.0,0.50,Aegean:FLAT(0.50)|Orion:SHORT(0.20),Regime: TREND (Orion 2x). Score: -0.13. Low Conviction (<0.35).,LOW_CONVICTION,-2.202259,MID,21.43,False
1704288660.0,TREND,GO,SELL,36.67,NORMAL,PRO,DEFENSIVE,1.0,0.50,Aegean:SHORT(0.70)|Orion:SHORT(0.20),Regime: TREND (Orion 2x). Score: -0.37. Bearish Consensus.,,-7.826296,MID,21.56,False
1704288720.0,TREND,GO,SELL,36.67,NORMAL,PRO,DEFENSIVE,1.0,0.50,Aegean:SHORT(0.70)|Orion:SHORT(0.20),Regime: TREND (Orion 2x). Score: -0.37. Bearish Consensus.,,-10.364011,MID,22.04,False
1704288780.0,TREND,GO,SELL,36.67,NORMAL,PRO,DEFENSIVE,1.0,0.50,Aegean:SHORT(0.70)|Orion:SHORT(0.20),Regime: TREND (Orion 2x). Score: -0.37. Bearish Consensus.,,-4.262602,MID,22.05,False
1704288840.0,TREND,GO,SELL,36.67,NORMAL,PRO,DEFENSIVE,1.0,0.50,Aegean:SHORT(0.70)|Orion:SHORT(0.20),Regime: TREND (Orion 2x). Score: -0.37. Bearish Consensus.,,-7.050687,MID,22.01,False
1704288900.0,TREND,NO_GO,HOLD,13.33,NORMAL,PRO,DEFENSIVE,1.0,0.50,Aegean:FLAT(0.50)|Orion:SHORT(0.20),Regime: TREND (Orion 2x). Score: -0.13. Low Conviction (<0.35).,LOW_CONVICTION,3.918589,MID,20.84,False
1704288960.0,TREND,GO,BUY,36.67,NORMAL,PRO,DEFENSIVE,1.0,0.50,Aegean:LONG(0.70)|Orion:LONG(0.20),Regime: TREND (Orion 2x). Score: 0.37. Bullish Consensus.,,9.235578,MID,20.21,False
1704289020.0,TREND,GO,BUY,36.67,NORMAL,PRO,DEFENSIVE,1.0,0.50,Aegean:LONG(0.70)|Orion:LONG(0.20),Regime: TREND (Orion 2x). Score: 0.37. Bullish Consensus.,,9.341009,MID,19.65,False
1704289080.0,CHOP,NO_GO,HOLD,13.33,NORMAL,PRO,DEFENSIVE,1.0,0.50,Aegean:FLAT(0.30)|Orion:LONG(0.20),Regime: CHOP (Reduced Weights). Score: 0.13. Low Conviction (<0.35).,LOW_CONVICTION,10.110976,TOP,19.32,False
1704289140.0,CHOP,NO_GO,HOLD,13.33,NORMAL,PRO,DEFENSIVE,1.0,0.50,Aegean:FLAT(0.30)|Orion:LONG(0.20),Regime: CHOP (Reduced Weights). Score: 0.13. Low Conviction (<0.35).,LOW_CONVICTION,8.347533,TOP,18.94,False
1704289200.0,CHOP,NO_GO,HOLD,13.33,NORMAL,PRO,DEFENSIVE,1.0,0.50,Aegean:FLAT(0.30)|Orion:LONG(0.20),Regime: CHOP (Reduced Weights). Score: 0.13. Low Conviction (<0.35).,LOW_CONVICTION,14.182526,TOP,18.96,False
1704289260.0,CHOP,NO_GO,HOLD,13.33,NORMAL,PRO,DEFENSIVE,1.0,0.50,Aegean:FLAT(0.30)|Orion:LONG(0.20),Regime: CHOP (Reduced Weights). Score: 0.13. Low Conviction (<0.35).,LOW_CONVICTION,7.354729,TOP,19.14,False
1704289320.0,TREND,GO,BUY,36.67,NORMAL,PRO,DEFENSIVE,1.0,0.50,Aegean:LONG(0.70)|Orion:LONG(0.20),Regime: TREND (Orion 2x). Score: 0.37. Bullish Consensus.,,4.600695,MID,18.90,False
1704289380.0,TREND,NO_GO,HOLD,13.33,NORMAL,PRO,DEFENSIVE,1.0,0.50,Aegean:FLAT(0.50)|Orion:SHORT(0.20),Regime: TREND (Orion 2x). Score: -0.13. Low Conviction (<0.35).,LOW_CONVICTION,-1.413250,MID,17.60,False
1704289440.0,TREND,NO_GO,HOLD,13.33,NORMAL,PRO,DEFENSIVE,1.0,0.50,Aegean:FLAT(0.50)|Orion:SHORT(0.20),Regime: TREND (Orion 2x). Score: -0.13. Low Conviction (<0.35).,LOW_CONVICTION,-2.416187,MID,16.72,False
1704289500.0,CHOP,NO_GO,HOLD,13.33,NORMAL,PRO,DEFENSIVE,1.0,0.50,Aegean:FLAT(0.50)|Orion:SHORT(0.20),Regime: CHOP (Reduced Weights). Score: -0.13. Low Conviction (<0.35).,LOW_CONVICTION,-4.016442,MID,16.56,False
1704289560.0,CHOP,NO_GO,HOLD,13.33,NORMAL,PRO,DEFENSIVE,1.0,0.50,Aegean:FLAT(0.50)|Orion:SHORT(0.20),Regime: CHOP (Reduced Weights). Score: -0.13. Low Conviction (<0.35).,LOW_CONVICTION,0.214434,MID,15.93,False
1704289620.0,CHOP,NO_GO,HOLD,13.33,NORMAL,PRO,DEFENSIVE,1.0,0.50,Aegean:FLAT(0.50)|Orion:SHORT(0.20),Regime: CHOP (Reduced Weights). Score: -0.13. Low Conviction (<0.35).,LOW_CONVICTION,-4.082341,MID,15.32,False
1704289680.0,TREND,NO_GO,HOLD,13.33,NORMAL,PRO,DEFENSIVE,1.0,0.50,Aegean:FLAT(0.30)|Orion:SHORT(0.20),Regime: TREND (Orion 2x). Score: -0.13. Low Conviction (<0.35).,LOW_CONVICTION,-15.075114,DIP,16.33,False
1704289740.0,TREND,NO_GO,HOLD,13.33,NORMAL,PRO,DEFENSIVE,1.0,0.50,Aegean:FLAT(0.30)|Orion:SHORT(0.20),Regime: TREND (Orion 2x). Score: -0.13. Low Conviction (<0.35).,LOW_CONVICTION,-12.714765,DIP,17.58,False
1704289800.0,TREND,NO_GO,HOLD,13.33,NORMAL,PRO,DEFENSIVE,1.0,0.50,Aegean:FLAT(0.30)|Orion:SHORT(0.20),Regime: TREND (Orion 2x). Score: -0.13. Low Conviction (<0.35).,LOW_CONVICTION,-20.384812,DIP,19.23,False
1704289860.0,TREND,GO,SELL,36.67,NORMAL,PRO,DEFENSIVE,1.0,0.50,Aegean:SHORT(0.70)|Orion:SHORT(0.20),Regime: TREND (Orion 2x). Score: -0.37. Bearish Consensus.,,-10.154101,MID,20.14,False
1704289920.0,TREND,GO,SELL,36.67,NORMAL,PRO,DEFENSIVE,1.0,0.50,Aegean:SHORT(0.70)|Orion:SHORT(0.20),Regime: TREND (Orion 2x). Score: -0.37. Bearish Consensus.,,-5.684699,MID,20.98,False
1704289980.0,TREND,NO_GO,HOLD,13.33,NORMAL,PRO,DEFENSIVE,1.0,0.50,Aegean:FLAT(0.50)|Orion:SHORT(0.20),Regime: TREND (Orion 2x). Score: -0.13. Low Conviction (<0.35).,LOW_CONVICTION,-3.159960,MID,21.28,False
1704290040.0,TREND,NO_GO,HOLD,13.33,NORMAL,PRO,DEFENSIVE,1.0,0.50,Aegean:FLAT(0.50)|Orion:SHORT(0.20),Regime: TREND (Orion 2x). Score: -0.13. Low Conviction (<0.35).,LOW_CONVICTION,-2.663487,MID,21.60,False
1704290100.0,TREND,NO_GO,HOLD,13.33,NORMAL,PRO,DEFENSIVE,1.0,0.50,Aegean:FLAT(0.50)|Orion:SHORT(0.20),Regime: TREND (Orion 2x). Score: -0.13. Low Conviction (<0.35).,LOW_CONVICTION,-3.075030,MID,21.74,False
1704290160.0,TREND,GO,SELL,36.67,NORMAL,PRO,DEFENSIVE,1.0,0.50,Aegean:SHORT(0.70)|Orion:SHORT(0.20),Regime: TREND (Orion 2x). Score: -0.37. Bearish Consensus.,,-9.610948,MID,22.25,False
1704290220.0,TREND,GO,SELL,36.67,NORMAL,PRO,DEFENSIVE,1.0,0.50,Aegean:SHORT(0.70)|Orion:SHORT(0.20),Regime: TREND (Orion 2x). Score: -0.37. Bearish Consensus.,,-7.198935,MID,23.21,False
1704290280.0,TREND,NO_GO,HOLD,13.33,NORMAL,PRO,DEFENSIVE,1.0,0.50,Aegean:FLAT(0.50)|Orion:SHORT(0.20),Regime: TREND (Orion 2x). Score: -0.13. Low Conviction (<0.35).,LOW_CONVICTION,-3.933112,MID,23.02,False
1704290340.0,TREND,GO,BUY,36.67,NORMAL,PRO,DEFENSIVE,1.0,0.50,Aegean:LONG(0.70)|Orion:LONG(0.20),Regime: TREND (Orion 2x). Score: 0.37. Bullish Consensus.,,7.087291,MID,21.43,False
1704290400.0,TREND,NO_GO,HOLD,13.33,NORMAL,PRO,DEFENSIVE,1.0,0.50,Aegean:FLAT(0.50)|Orion:SHORT(0.20),Regime: TREND (Orion 2x). Score: -0.13. Low Conviction (<0.35).,LOW_CONVICTION,1.120490,MID,20.09,False
1704290460.0,CHOP,NO_GO,HOLD,13.33,NORMAL,PRO,DEFENSIVE,1.0,0.50,Aegean:FLAT(0.50)|Orion:SHORT(0.20),Regime: CHOP (Reduced Weights). Score: -0.13. Low Conviction (<0.35).,LOW_CONVICTION,-1.781723,MID,19.08,False
1704290520.0,CHOP,GO,SELL,36.67,NORMAL,PRO,DEFENSIVE,1.0,0.50,Aegean:SHORT(0.70)|Orion:SHORT(0.20),Regime: CHOP (Reduced Weights). Score: -0.37. Bearish Consensus.,,-6.294873,MID,18.90,False
1704290580.0,CHOP,GO,SELL,36.67,NORMAL,PRO,DEFENSIVE,1.0,0.50,Aegean:SHORT(0.70)|Orion:SHORT(0.20),Regime: CHOP (Reduced Weights). Score: -0.37. Bearish Consensus.,,-4.811609,MID,18.30,False
1704290640.0,CHOP,GO,SELL,36.67,NORMAL,PRO,DEFENSIVE,1.0,0.50,Aegean:SHORT(0.70)|Orion:SHORT(0.20),Regime: CHOP (Reduced Weights). Score: -0.37. Bearish Consensus.,,-8.668212,MID,18.19,False
1704290700.0,CHOP,GO,SELL,36.67,NORMAL,PRO,DEFENSIVE,1.0,0.50,Aegean:SHORT(0.70)|Orion:SHORT(0.20),Regime: CHOP (Reduced Weights). Score: -0.37. Bearish Consensus.,,-6.550240,MID,18.24,False
1704290760.0,CHOP,NO_GO,HOLD,13.33,NORMAL,PRO,DEFENSIVE,1.0,0.50,Aegean:FLAT(0.50)|Orion:SHORT(0.20),Regime: CHOP (Reduced Weights). Score: -0.13. Low Conviction (<0.35).,LOW_CONVICTION,-2.858393,MID,18.26,False
1704290820.0,CHOP,GO,SELL,36.67,NORMAL,PRO,DEFENSIVE,1.0,0.50,Aegean:SHORT(0.70)|Orion:SHORT(0.20),Regime: CHOP (Reduced Weights). Score: -0.37. Bearish Consensus.,,-4.341825,MID,17.53,False
1704290880.0,CHOP,GO,SELL,36.67,NORMAL,PRO,DEFENSIVE,1.0,0.50,Aegean:SHORT(0.70)|Orion:SHORT(0.20),Regime: CHOP (Reduced Weights). Score: -0.37. Bearish Consensus.,,-7.447124,MID,17.59,False
1704290940.0,CHOP,NO_GO,HOLD,13.33,NORMAL,PRO,DEFENSIVE,1.0,0.50,Aegean:FLAT(0.50)|Orion:SHORT(0.20),Regime: CHOP (Reduced Weights). Score: -0.13. Low Conviction (<0.35).,LOW_CONVICTION,-4.105492,MID,17.05,False
1704291000.0,CHOP,GO,SELL,36.67,NORMAL,PRO,DEFENSIVE,1.0,0.50,Aegean:SHORT(0.70)|Orion:SHORT(0.20),Regime: CHOP (Reduced Weights). Score: -0.37. Bearish Consensus.,,-5.794458,MID,16.58,False
1704291060.0,CHOP,NO_GO,HOLD,13.33,NORMAL,PRO,DEFENSIVE,1.0,0.50,Aegean:FLAT(0.30)|Orion:SHORT(0.20),Regime: CHOP (Reduced Weights). Score: -0.13. Low Conviction (<0.35).,LOW_CONVICTION,-6.411062,DIP,15.46,False
1704291120.0,CHOP,NO_GO,HOLD,13.33,NORMAL,PRO,DEFENSIVE,1.0,0.50,Aegean:FLAT(0.30)|Orion:SHORT(0.20),Regime: CHOP (Reduced Weights). Score: -0.13. Low Conviction (<0.35).,LOW_CONVICTION,-7.134294,DIP,14.48,False
1704291180.0,CHOP,NO_GO,HOLD,13.33,NORMAL,PRO,DEFENSIVE,1.0,0.50,Aegean:FLAT(0.30)|Orion:SHORT(0.20),Regime: CHOP (Reduced Weights). Score: -0.13. Low Conviction (<0.35).,LOW_CONVICTION,-9.338118,DIP,14.66,False
1704291240.0,CHOP,NO_GO,HOLD,13.33,NORMAL,PRO,DEFENSIVE,1.0,0.50,Aegean:FLAT(0.30)|Orion:SHORT(0.20),Regime: CHOP (Reduced Weights). Score: -0.13. Low Conviction (<0.35).,LOW_CONVICTION,-8.967728,DIP,14.83,False
1704291300.0,CHOP,NO_GO,HOLD,13.33,NORMAL,PRO,DEFENSIVE,1.0,0.50,Aegean:FLAT(0.30)|Orion:SHORT(0.20),Regime: CHOP (Reduced Weights). Score: -0.13. Low Conviction (<0.35).,LOW_CONVICTION,-17.370990,DIP,16.22,False
1704291360.0,CHOP,GO,SELL,36.67,NORMAL,PRO,DEFENSIVE,1.0,0.50,Aegean:SHORT(0.70)|Orion:SHORT(0.20),Regime: CHOP (Reduced Weights). Score: -0.37. Bearish Consensus.,,-18.403826,MID,18.34,False
1704291420.0,CHOP,GO,SELL,36.67,NORMAL,PRO,DEFENSIVE,1.0,0.50,Aegean:SHORT(0.70)|Orion:SHORT(0.20),Regime: CHOP (Reduced Weights). Score: -0.37. Bearish Consensus.,,-6.782282,MID,19.35,False
1704291480.0,CHOP,NO_GO,HOLD,13.33,NORMAL,PRO,DEFENSIVE,1.0,0.50,Aegean:FLAT(0.50)|Orion:SHORT(0.20),Regime: CHOP (Reduced Weights). Score: -0.13. Low Conviction (<0.35).,LOW_CONVICTION,2.774319,MID,18.83,False
1704291540.0,CHOP,NO_GO,HOLD,13.33,NORMAL,PRO,DEFENSIVE,1.0,0.50,Aegean:FLAT(0.50)|Orion:SHORT(0.20),Regime: CHOP (Reduced Weights). Score: -0.13. Low Conviction (<0.35).,LOW_CONVICTION,1.112284,MID,18.13,False
1704291600.0,CHOP,NO_GO,HOLD,13.33,NORMAL,PRO,DEFENSIVE,1.0,0.50,Aegean:FLAT(0.50)|Orion:SHORT(0.20),Regime: CHOP (Reduced Weights). Score: -0.13. Low Conviction (<0.35).,LOW_CONVICTION,1.682417,MID,17.46,False
1704291660.0,CHOP,NO_GO,HOLD,13.33,NORMAL,PRO,DEFENSIVE,1.0,0.50,Aegean:FLAT(0.50)|Orion:SHORT(0.20),Regime: CHOP (Reduced Weights). Score: -0.13. Low Conviction (<0.35).,LOW_CONVICTION,0.313963,MID,16.94,False
1704291720.0,CHOP,GO,SELL,36.67,NORMAL,PRO,DEFENSIVE,1.0,0.50,Aegean:SHORT(0.70)|Orion:SHORT(0.20),Regime: CHOP (Reduced Weights). Score: -0.37. Bearish Consensus.,,-6.347686,MID,17.46,False
1704291780.0,CHOP,GO,SELL,36.67,NORMAL,PRO,DEFENSIVE,1.0,0.50,Aegean:SHORT(0.70)|Orion:SHORT(0.20),Regime: CHOP (Reduced Weights). Score: -0.37. Bearish Consensus.,,-7.440101,MID,17.96,False
1704291840.0,CHOP,NO_GO,HOLD,13.33,NORMAL,PRO,DEFENSIVE,1.0,0.50,Aegean:FLAT(0.30)|Orion:SHORT(0.20),Regime: CHOP (Reduced Weights). Score: -0.13. Low Conviction (<0.35).,LOW_CONVICTION,-16.963456,DIP,19.28,False
1704291900.0,TREND,GO,SELL,36.67,NORMAL,PRO,DEFENSIVE,1.0,0.50,Aegean:SHORT(0.70)|Orion:SHORT(0.20),Regime: TREND (Orion 2x). Score: -0.37. Bearish Consensus.,,-15.973352,MID,21.12,False
1704291960.0,TREND,NO_GO,HOLD,13.33,NORMAL,PRO,DEFENSIVE,1.0,0.50,Aegean:FLAT(0.30)|Orion:SHORT(0.20),Regime: TREND (Orion 2x). Score: -0.13. Low Conviction (<0.35).,LOW_CONVICTION,-16.688778,DIP,21.98,False
1704292020.0,TREND,NO_GO,HOLD,13.33,NORMAL,PRO,DEFENSIVE,1.0,0.50,Aegean:FLAT(0.30)|Orion:SHORT(0.20),Regime: TREND (Orion 2x). Score: -0.13. Low Conviction (<0.35).,LOW_CONVICTION,-18.111320,DIP,23.20,False
1704292080.0,TREND,GO,SELL,36.67,NORMAL,PRO,DEFENSIVE,1.0,0.50,Aegean:SHORT(0.70)|Orion:SHORT(0.20),Regime: TREND (Orion 2x). Score: -0.37. Bearish Consensus.,,-10.804984,MID,23.49,False
1704292140.0,TREND,NO_GO,HOLD,13.33,NORMAL,PRO,DEFENSIVE,1.0,0.50,Aegean:FLAT(0.30)|Orion:SHORT(0.20),Regime: TREND (Orion 2x). Score: -0.13. Low Conviction (<0.35).,LOW_CONVICTION,-13.701132,DIP,23.37,False
1704292200.0,TREND,NO_GO,HOLD,13.33,NORMAL,PRO,DEFENSIVE,1.0,0.50,Aegean:FLAT(0.50)|Orion:SHORT(0.20),Regime: TREND (Orion 2x). Score: -0.13. Low Conviction (<0.35).,LOW_CONVICTION,0.985896,MID,22.56,False
1704292260.0,TREND,GO,SELL,36.67,NORMAL,PRO,DEFENSIVE,1.0,0.50,Aegean:SHORT(0.70)|Orion:SHORT(0.20),Regime: TREND (Orion 2x). Score: -0.37. Bearish Consensus.,,-8.332588,MID,21.79,False
1704292320.0,TREND,NO_GO,HOLD,13.33,NORMAL,PRO,DEFENSIVE,1.0,0.50,Aegean:FLAT(0.50)|Orion:SHORT(0.20),Regime: TREND (Orion 2x). Score: -0.13. Low Conviction (<0.35).,LOW_CONVICTION,-3.596766,MID,21.28,False
1704292380.0,CHOP,NO_GO,HOLD,13.33,NORMAL,PRO,DEFENSIVE,1.0,0.50,Aegean:FLAT(0.50)|Orion:SHORT(0.20),Regime: CHOP (Reduced Weights). Score: -0.13. Low Conviction (<0.35).,LOW_CONVICTION,-2.780951,MID,20.53,False
1704292440.0,CHOP,GO,SELL,36.67,NORMAL,PRO,DEFENSIVE,1.0,0.50,Aegean:SHORT(0.70)|Orion:SHORT(0.20),Regime: CHOP (Reduced Weights). Score: -0.37. Bearish Consensus.,,-5.939826,MID,19.70,False
1704292500.0,CHOP,GO,SELL,36.67,NORMAL,PRO,DEFENSIVE,1.0,0.50,Aegean:SHORT(0.70)|Orion:SHORT(0.20),Regime: CHOP (Reduced Weights). Score: -0.37. Bearish Consensus.,,-8.151055,MID,19.51,False
1704292560.0,CHOP,NO_GO,HOLD,13.33,NORMAL,PRO,DEFENSIVE,1.0,0.50,Aegean:FLAT(0.30)|Orion:SHORT(0.20),Regime: CHOP (Reduced Weights). Score: -0.13. Low Conviction (<0.35).,LOW_CONVICTION,-10.734189,DIP,19.60,False
1704292620.0,CHOP,NO_GO,HOLD,13.33,NORMAL,PRO,DEFENSIVE,1.0,0.50,Aegean:FLAT(0.30)|Orion:SHORT(0.20),Regime: CHOP (Reduced Weights). Score: -0.13. Low Conviction (<0.35).,LOW_CONVICTION,-11.572571,DIP,19.98,False
1704292680.0,CHOP,NO_GO,HOLD,13.33,NORMAL,PRO,DEFENSIVE,1.0,0.50,Aegean:FLAT(0.30)|Orion:SHORT(0.20),Regime: CHOP (Reduced Weights). Score: -0.13. Low Conviction (<0.35).,LOW_CONVICTION,-9.107878,DIP,20.45,False
1704292740.0,CHOP,NO_GO,HOLD,13.33,NORMAL,PRO,DEFENSIVE,1.0,0.50,Aegean:FLAT(0.50)|Orion:SHORT(0.20),Regime: CHOP (Reduced Weights). Score: -0.13. Low Conviction (<0.35).,LOW_CONVICTION,-3.490218,MID,19.69,False
1704292800.0,CHOP,NO_GO,HOLD,13.33,NORMAL,PRO,DEFENSIVE,1.0,0.50,Aegean:FLAT(0.50)|Orion:SHORT(0.20),Regime: CHOP (Reduced Weights). Score: -0.13. Low Conviction (<0.35).,LOW_CONVICTION,2.789538,MID,18.25,False
1704292860.0,CHOP,NO_GO,HOLD,13.33,NORMAL,PRO,DEFENSIVE,1.0,0.50,Aegean:FLAT(0.50)|Orion:SHORT(0.20),Regime: CHOP (Reduced Weights). Score: -0.13. Low Conviction (<0.35).,LOW_CONVICTION,2.383572,MID,16.99,False
1704292920.0,CHOP,NO_GO,HOLD,13.33,NORMAL,PRO,DEFENSIVE,1.0,0.50,Aegean:FLAT(0.50)|Orion:SHORT(0.20),Regime: CHOP (Reduced Weights). Score: -0.13. Low Conviction (<0.35).,LOW_CONVICTION,4.121388,MID,16.29,False
1704292980.0,CHOP,NO_GO,HOLD,13.33,NORMAL,PRO,DEFENSIVE,1.0,0.50,Aegean:FLAT(0.30)|Orion:LONG(0.20),Regime: CHOP (Reduced Weights). Score: 0.13. Low Conviction (<0.35).,LOW_CONVICTION,13.914070,TOP,16.83,False
1704293040.0,CHOP,NO_GO,HOLD,13.33,NORMAL,PRO,DEFENSIVE,1.0,0.50,Aegean:FLAT(0.30)|Orion:LONG(0.20),Regime: CHOP (Reduced Weights). Score: 0.13. Low Conviction (<0.35).,LOW_CONVICTION,14.893882,TOP,17.60,False
1704293100.0,CHOP,NO_GO,HOLD,13.33,NORMAL,PRO,DEFENSIVE,1.0,0.50,Aegean:FLAT(0.30)|Orion:LONG(0.20),Regime: CHOP (Reduced Weights). Score: 0.13. Low Conviction (<0.35).,LOW_CONVICTION,10.293639,TOP,17.73,False
1704293160.0,CHOP,GO,BUY,36.67,NORMAL,PRO,DEFENSIVE,1.0,0.50,Aegean:LONG(0.70)|Orion:LONG(0.20),Regime: CHOP (Reduced Weights). Score: 0.37. Bullish Consensus.,,5.696559,MID,17.27,False
1704293220.0,CHOP,NO_GO,HOLD,13.33,NORMAL,PRO,DEFENSIVE,1.0,0.50,Aegean:FLAT(0.50)|Orion:SHORT(0.20),Regime: CHOP (Reduced Weights). Score: -0.13. Low Conviction (<0.35).,LOW_CONVICTION,2.557804,MID,16.83,False
1704293280.0,CHOP,GO,BUY,36.67,NORMAL,PRO,DEFENSIVE,1.0,0.50,Aegean:LONG(0.70)|Orion:LONG(0.20),Regime: CHOP (Reduced Weights). Score: 0.37. Bullish Consensus.,,4.833196,MID,16.49,False
1704293340.0,CHOP,GO,BUY,36.67,NORMAL,PRO,DEFENSIVE,1.0,0.50,Aegean:LONG(0.70)|Orion:LONG(0.20),Regime: CHOP (Reduced Weights). Score: 0.37. Bullish Consensus.,,4.615278,MID,16.74,False
1704293400.0,CHOP,GO,BUY,36.67,NORMAL,PRO,DEFENSIVE,1.0,0.50,Aegean:LONG(0.70)|Orion:LONG(0.20),Regime: CHOP (Reduced Weights). Score: 0.37. Bullish Consensus.,,6.211011,MID,16.93,False
1704293460.0,CHOP,NO_GO,HOLD,13.33,NORMAL,PRO,DEFENSIVE,1.0,0.50,Aegean:FLAT(0.50)|Orion:LONG(0.20),Regime: CHOP (Reduced Weights). Score: 0.13. Low Conviction (<0.35).,LOW_CONVICTION,2.966102,MID,16.95,False
1704293520.0,CHOP,NO_GO,HOLD,13.33,NORMAL,PRO,DEFENSIVE,1.0,0.50,Aegean:FLAT(0.50)|Orion:SHORT(0.20),Regime: CHOP (Reduced Weights). Score: -0.13. Low Conviction (<0.35).,LOW_CONVICTION,-0.639712,MID,15.95,False
1704293580.0,CHOP,NO_GO,HOLD,13.33,NORMAL,PRO,DEFENSIVE,1.0,0.50,Aegean:FLAT(0.50)|Orion:SHORT(0.20),Regime: CHOP (Reduced Weights). Score: -0.13. Low Conviction (<0.35).,LOW_CONVICTION,-3.378218,MID,15.22,False
1704293640.0,CHOP,NO_GO,HOLD,13.33,NORMAL,PRO,DEFENSIVE,1.0,0.50,Aegean:FLAT(0.50)|Orion:SHORT(0.20),Regime: CHOP (Reduced Weights). Score: -0.13. Low Conviction (<0.35).,LOW_CONVICTION,0.558442,MID,14.33,False
1704293700.0,CHOP,NO_GO,HOLD,13.33,NORMAL,PRO,DEFENSIVE,1.0,0.50,Aegean:FLAT(0.50)|Orion:SHORT(0.20),Regime: CHOP (Reduced Weights). Score: -0.13. Low Conviction (<0.35).,LOW_CONVICTION,-1.537150,MID,13.63,False
1704293760.0,CHOP,NO_GO,HOLD,13.33,NORMAL,PRO,DEFENSIVE,1.0,0.50,Aegean:FLAT(0.50)|Orion:LONG(0.20),Regime: CHOP (Reduced Weights). Score: 0.13. Low Conviction (<0.35).,LOW_CONVICTION,1.958948,MID,12.81,False
1704293820.0,CHOP,GO,SELL,36.67,NORMAL,PRO,DEFENSIVE,1.0,0.50,Aegean:SHORT(0.70)|Orion:SHORT(0.20),Regime: CHOP (Reduced Weights). Score: -0.37. Bearish Consensus.,,-4.616479,MID,12.13,False
1704293880.0,CHOP,GO,SELL,36.67,NORMAL,PRO,DEFENSIVE,1.0,0.50,Aegean:SHORT(0.70)|Orion:SHORT(0.20),Regime: CHOP (Reduced Weights). Score: -0.37. Bearish Consensus.,,-4.435029,MID,11.57,False
1704293940.0,CHOP,GO,SELL,36.67,NORMAL,PRO,DEFENSIVE,1.0,0.50,Aegean:SHORT(0.70)|Orion:SHORT(0.20),Regime: CHOP (Reduced Weights). Score: -0.37. Bearish Consensus.,,-5.082250,MID,11.17,False
1704294000.0,CHOP,NO_GO,HOLD,13.33,NORMAL,PRO,DEFENSIVE,1.0,0.50,Aegean:FLAT(0.50)|Orion:LONG(0.20),Regime: CHOP (Reduced Weights). Score: 0.13. Low Conviction (<0.35).,LOW_CONVICTION,3.058470,MID,11.27,False
1704294060.0,CHOP,NO_GO,HOLD,13.33,NORMAL,PRO,DEFENSIVE,1.0,0.50,Aegean:FLAT(0.50)|Orion:LONG(0.20),Regime: CHOP (Reduced Weights). Score: 0.13. Low Conviction (<0.35).,LOW_CONVICTION,2.222337,MID,12.13,False
1704294120.0,CHOP,NO_GO,HOLD,13.33,NORMAL,PRO,DEFENSIVE,1.0,0.50,Aegean:FLAT(0.30)|Orion:LONG(0.20),Regime: CHOP (Reduced Weights). Score: 0.13. Low Conviction (<0.35).,LOW_CONVICTION,10.524360,TOP,13.43,False
1704294180.0,CHOP,NO_GO,HOLD,13.33,NORMAL,PRO,DEFENSIVE,1.0,0.50,Aegean:FLAT(0.30)|Orion:LONG(0.20),Regime: CHOP (Reduced Weights). Score: 0.13. Low Conviction (<0.35).,LOW_CONVICTION,13.539677,TOP,15.14,False
1704294240.0,CHOP,GO,BUY,36.67,NORMAL,PRO,DEFENSIVE,1.0,0.50,Aegean:LONG(0.70)|Orion:LONG(0.20),Regime: CHOP (Reduced Weights). Score: 0.37. Bullish Consensus.,,9.404128,MID,16.99,False
1704294300.0,CHOP,NO_GO,HOLD,13.33,NORMAL,PRO,DEFENSIVE,1.0,0.50,Aegean:FLAT(0.30)|Orion:LONG(0.20),Regime: CHOP (Reduced Weights). Score: 0.13. Low Conviction (<0.35).,LOW_CONVICTION,17.494449,TOP,19.18,False
1704294360.0,TREND,NO_GO,HOLD,13.33,NORMAL,PRO,DEFENSIVE,1.0,0.50,Aegean:FLAT(0.30)|Orion:LONG(0.20),Regime: TREND (Orion 2x). Score: 0.13. Low Conviction (<0.35).,LOW_CONVICTION,17.344120,TOP,21.35,False
1704294420.0,TREND,GO,BUY,36.67,NORMAL,PRO,DEFENSIVE,1.0,0.50,Aegean:LONG(0.70)|Orion:LONG(0.20),Regime: TREND (Orion 2x). Score: 0.37. Bullish Consensus.,,6.076436,MID,21.59,False
1704294480.0,TREND,GO,BUY,36.67,NORMAL,PRO,DEFENSIVE,1.0,0.50,Aegean:LONG(0.70)|Orion:LONG(0.20),Regime: TREND (Orion 2x). Score: 0.37. Bullish Consensus.,,9.163403,MID,21.85,False
1704294540.0,TREND,GO,BUY,36.67,NORMAL,PRO,DEFENSIVE,1.0,0.50,Aegean:LONG(0.70)|Orion:LONG(0.20),Regime: TREND (Orion 2x). Score: 0.37. Bullish Consensus.,,10.403988,MID,22.61,False
1704294600.0,TREND,GO,BUY,36.67,NORMAL,PRO,DEFENSIVE,1.0,0.50,Aegean:LONG(0.70)|Orion:LONG(0.20),Regime: TREND (Orion 2x). Score: 0.37. Bullish Consensus.,,9.695983,MID,23.20,False
1704294660.0,TREND,NO_GO,HOLD,13.33,NORMAL,PRO,DEFENSIVE,1.0,0.50,Aegean:FLAT(0.30)|Orion:LONG(0.20),Regime: TREND (Orion 2x). Score: 0.13. Low Conviction (<0.35).,LOW_CONVICTION,11.881779,TOP,24.27,False
1704294720.0,TREND,NO_GO,HOLD,13.33,NORMAL,PRO,DEFENSIVE,1.0,0.50,Aegean:FLAT(0.30)|Orion:LONG(0.20),Regime: TREND (Orion 2x). Score: 0.13. Low Conviction (<0.35).,LOW_CONVICTION,8.205239,TOP,24.09,False
1704294780.0,TREND,GO,BUY,36.67,NORMAL,PRO,DEFENSIVE,1.0,0.50,Aegean:LONG(0.70)|Orion:LONG(0.20),Regime: TREND (Orion 2x). Score: 0.37. Bullish Consensus.,,4.521669,MID,23.90,False
1704294840.0,TREND,GO,BUY,36.67,NORMAL,PRO,DEFENSIVE,1.0,0.50,Aegean:LONG(0.70)|Orion:LONG(0.20),Regime: TREND (Orion 2x). Score: 0.37. Bullish Consensus.,,5.598423,MID,23.74,False
1704294900.0,TREND,NO_GO,HOLD,13.33,NORMAL,PRO,DEFENSIVE,1.0,0.50,Aegean:FLAT(0.50)|Orion:LONG(0.20),Regime: TREND (Orion 2x). Score: 0.13. Low Conviction (<0.35).,LOW_CONVICTION,3.281979,MID,23.21,False
1704294960.0,TREND,NO_GO,HOLD,13.33,NORMAL,PRO,DEFENSIVE,1.0,0.50,Aegean:FLAT(0.50)|Orion:LONG(0.20),Regime: TREND (Orion 2x). Score: 0.13. Low Conviction (<0.35).,LOW_CONVICTION,2.577367,MID,23.63,False
1704295020.0,TREND,NO_GO,HOLD,13.33,NORMAL,PRO,DEFENSIVE,1.0,0.50,Aegean:FLAT(0.30)|Orion:LONG(0.20),Regime: TREND (Orion 2x). Score: 0.13. Low Conviction (<0.35).,LOW_CONVICTION,9.237264,TOP,24.03,False
1704295080.0,TREND,NO_GO,HOLD,13.33,NORMAL,PRO,DEFENSIVE,1.0,0.50,Aegean:FLAT(0.30)|Orion:LONG(0.20),Regime: TREND (Orion 2x). Score: 0.13. Low Conviction (<0.35).,LOW_CONVICTION,5.809545,TOP,24.44,False
1704295140.0,TREND,NO_GO,HOLD,13.33,NORMAL,PRO,DEFENSIVE,1.0,0.50,Aegean:FLAT(0.30)|Orion:LONG(0.20),Regime: TREND (Orion 2x). Score: 0.13. Low Conviction (<0.35).,LOW_CONVICTION,4.845161,TOP,23.45,False
1704295200.0,TREND,NO_GO,HOLD,13.33,NORMAL,PRO,DEFENSIVE,1.0,0.50,Aegean:FLAT(0.50)|Orion:LONG(0.20),Regime: TREND (Orion 2x). Score: 0.13. Low Conviction (<0.35).,LOW_CONVICTION,-0.439290,MID,22.81,False
1704295260.0,TREND,NO_GO,HOLD,10.00,NORMAL,PRO,DEFENSIVE,1.0,0.50,Aegean:SHORT(0.70)|Orion:LONG(0.20),Regime: TREND (Orion 2x). Score: -0.10. Low Conviction (<0.35).,LOW_CONVICTION,-6.364107,MID,21.64,False
1704295320.0,TREND,NO_GO,HOLD,13.33,NORMAL,PRO,DEFENSIVE,1.0,0.50,Aegean:FLAT(0.50)|Orion:LONG(0.20),Regime: TREND (Orion 2x). Score: 0.13. Low Conviction (<0.35).,LOW_CONVICTION,-2.596941,MID,20.83,False
1704295380.0,TREND,NO_GO,HOLD,10.00,NORMAL,PRO,DEFENSIVE,1.0,0.50,Aegean:SHORT(0.70)|Orion:LONG(0.20),Regime: TREND (Orion 2x). Score: -0.10. Low Conviction (<0.35).,LOW_CONVICTION,-4.719529,MID,19.38,False
1704295440.0,CHOP,NO_GO,HOLD,13.33,NORMAL,PRO,DEFENSIVE,1.0,0.50,Aegean:FLAT(0.50)|Orion:LONG(0.20),Regime: CHOP (Reduced Weights). Score: 0.13. Low Conviction (<0.35).,LOW_CONVICTION,-0.780434,MID,18.05,False
1704295500.0,TREND,GO,BUY,36.67,NORMAL,PRO,DEFENSIVE,1.0,0.50,Aegean:LONG(0.70)|Orion:LONG(0.20),Regime: TREND (Orion 2x). Score: 0.37. Bullish Consensus.,,6.036117,MID,17.90,False
1704295560.0,TREND,NO_GO,HOLD,13.33,NORMAL,PRO,DEFENSIVE,1.0,0.50,Aegean:FLAT(0.50)|Orion:LONG(0.20),Regime: TREND (Orion 2x). Score: 0.13. Low Conviction (<0.35).,LOW_CONVICTION,3.418900,MID,17.94,False
1704295620.0,TREND,NO_GO,HOLD,13.33,NORMAL,PRO,DEFENSIVE,1.0,0.50,Aegean:FLAT(0.50)|Orion:LONG(0.20),Regime: TREND (Orion 2x). Score: 0.13. Low Conviction (<0.35).,LOW_CONVICTION,4.140418,MID,18.13,False
1704295680.0,CHOP,NO_GO,HOLD,13.33,NORMAL,PRO,DEFENSIVE,1.0,0.50,Aegean:FLAT(0.50)|Orion:LONG(0.20),Regime: CHOP (Reduced Weights). Score: 0.13. Low Conviction (<0.35).,LOW_CONVICTION,1.977334,MID,17.94,False
1704295740.0,CHOP,NO_GO,HOLD,13.33,NORMAL,PRO,DEFENSIVE,1.0,0.50,Aegean:FLAT(0.50)|Orion:LONG(0.20),Regime: CHOP (Reduced Weights). Score: 0.13. Low Conviction (<0.35).,LOW_CONVICTION,2.589405,MID,17.80,False
1704295800.0,CHOP,NO_GO,HOLD,13.33,NORMAL,PRO,DEFENSIVE,1.0,0.50,Aegean:FLAT(0.50)|Orion:LONG(0.20),Regime: CHOP (Reduced Weights). Score: 0.13. Low Conviction (<0.35).,LOW_CONVICTION,1.081590,MID,17.68,False
1704295860.0,CHOP,NO_GO,HOLD,13.33,NORMAL,PRO,DEFENSIVE,1.0,0.50,Aegean:FLAT(0.50)|Orion:LONG(0.20),Regime: CHOP (Reduced Weights). Score: 0.13. Low Conviction (<0.35).,LOW_CONVICTION,-1.907451,MID,16.78,False
1704295920.0,CHOP,NO_GO,HOLD,13.33,NORMAL,PRO,DEFENSIVE,1.0,0.50,Aegean:FLAT(0.50)|Orion:LONG(0.20),Regime: CHOP (Reduced Weights). Score: 0.13. Low Conviction (<0.35).,LOW_CONVICTION,0.967010,MID,15.89,False
1704295980.0,CHOP,NO_GO,HOLD,13.33,NORMAL,PRO,DEFENSIVE,1.0,0.50,Aegean:FLAT(0.30)|Orion:LONG(0.20),Regime: CHOP (Reduced Weights). Score: 0.13. Low Conviction (<0.35).,LOW_CONVICTION,8.411414,TOP,15.99,False
1704296040.0,CHOP,NO_GO,HOLD,13.33,NORMAL,PRO,DEFENSIVE,1.0,0.50,Aegean:FLAT(0.30)|Orion:LONG(0.20),Regime: CHOP (Reduced Weights). Score: 0.13. Low Conviction (<0.35).,LOW_CONVICTION,9.125001,TOP,16.58,False
1704296100.0,CHOP,NO_GO,HOLD,13.33,NORMAL,PRO,DEFENSIVE,1.0,0.50,Aegean:FLAT(0.50)|Orion:LONG(0.20),Regime: CHOP (Reduced Weights). Score: 0.13. Low Conviction (<0.35).,LOW_CONVICTION,1.121481,MID,15.90,False
1704296160.0,CHOP,NO_GO,HOLD,13.33,NORMAL,PRO,DEFENSIVE,1.0,0.50,Aegean:FLAT(0.50)|Orion:LONG(0.20),Regime: CHOP (Reduced Weights). Score: 0.13. Low Conviction (<0.35).,LOW_CONVICTION,-1.887662,MID,14.90,False
1704296220.0,CHOP,NO_GO,HOLD,13.33,NORMAL,PRO,DEFENSIVE,1.0,0.50,Aegean:FLAT(0.50)|Orion:LONG(0.20),Regime: CHOP (Reduced Weights). Score: 0.13. Low Conviction (<0.35).,LOW_CONVICTION,2.045461,MID,14.44,False
1704296280.0,CHOP,NO_GO,HOLD,13.33,NORMAL,PRO,DEFENSIVE,1.0,0.50,Aegean:FLAT(0.50)|Orion:LONG(0.20),Regime: CHOP (Reduced Weights). Score: 0.13. Low Conviction (<0.35).,LOW_CONVICTION,4.227241,MID,14.05,False
1704296340.0,CHOP,NO_GO,HOLD,13.33,NORMAL,PRO,DEFENSIVE,1.0,0.50,Aegean:FLAT(0.50)|Orion:LONG(0.20),Regime: CHOP (Reduced Weights). Score: 0.13. Low Conviction (<0.35).,LOW_CONVICTION,1.547817,MID,13.65,False
1704296400.0,CHOP,NO_GO,HOLD,13.33,NORMAL,PRO,DEFENSIVE,1.0,0.50,Aegean:FLAT(0.50)|Orion:LONG(0.20),Regime: CHOP (Reduced Weights). Score: 0.13. Low Conviction (<0.35).,LOW_CONVICTION,-0.542998,MID,12.78,False
1704296460.0,CHOP,NO_GO,HOLD,13.33,NORMAL,PRO,DEFENSIVE,1.0,0.50,Aegean:FLAT(0.50)|Orion:LONG(0.20),Regime: CHOP (Reduced Weights). Score: 0.13. Low Conviction (<0.35).,LOW_CONVICTION,-3.023311,MID,12.32,False
1704296520.0,CHOP,NO_GO,HOLD,13.33,NORMAL,PRO,DEFENSIVE,1.0,0.50,Aegean:FLAT(0.50)|Orion:LONG(0.20),Regime: CHOP (Reduced Weights). Score: 0.13. Low Conviction (<0.35).,LOW_CONVICTION,1.179172,MID,11.60,False
1704296580.0,CHOP,NO_GO,HOLD,13.33,NORMAL,PRO,DEFENSIVE,1.0,0.50,Aegean:FLAT(0.50)|Orion:LONG(0.20),Regime: CHOP (Reduced Weights). Score: 0.13. Low Conviction (<0.35).,LOW_CONVICTION,-2.340246,MID,10.93,False
1704296640.0,CHOP,NO_GO,HOLD,13.33,NORMAL,PRO,DEFENSIVE,1.0,0.50,Aegean:FLAT(0.50)|Orion:LONG(0.20),Regime: CHOP (Reduced Weights). Score: 0.13. Low Conviction (<0.35).,LOW_CONVICTION,-1.807245,MID,10.34,False
1704296700.0,CHOP,NO_GO,HOLD,13.33,NORMAL,PRO,DEFENSIVE,1.0,0.50,Aegean:FLAT(0.50)|Orion:LONG(0.20),Regime: CHOP (Reduced Weights). Score: 0.13. Low Conviction (<0.35).,LOW_CONVICTION,-2.759629,MID,10.15,False
1704296760.0,CHOP,NO_GO,HOLD,13.33,NORMAL,PRO,DEFENSIVE,1.0,0.50,Aegean:FLAT(0.30)|Orion:SHORT(0.20),Regime: CHOP (Reduced Weights). Score: -0.13. Low Conviction (<0.35).,LOW_CONVICTION,-4.909839,DIP,10.63,False
1704296820.0,CHOP,NO_GO,HOLD,13.33,NORMAL,PRO,DEFENSIVE,1.0,0.50,Aegean:FLAT(0.50)|Orion:LONG(0.20),Regime: CHOP (Reduced Weights). Score: 0.13. Low Conviction (<0.35).,LOW_CONVICTION,0.611191,MID,10.27,False
1704296880.0,CHOP,NO_GO,HOLD,13.33,NORMAL,PRO,DEFENSIVE,1.0,0.50,Aegean:FLAT(0.50)|Orion:LONG(0.20),Regime: CHOP (Reduced Weights). Score: 0.13. Low Conviction (<0.35).,LOW_CONVICTION,1.973400,MID,9.56,False
1704296940.0,CHOP,NO_GO,HOLD,13.33,NORMAL,PRO,DEFENSIVE,1.0,0.50,Aegean:FLAT(0.50)|Orion:LONG(0.20),Regime: CHOP (Reduced Weights). Score: 0.13. Low Conviction (<0.35).,LOW_CONVICTION,0.672050,MID,8.88,False
1704297000.0,CHOP,NO_GO,HOLD,13.33,NORMAL,PRO,DEFENSIVE,1.0,0.50,Aegean:FLAT(0.30)|Orion:SHORT(0.20),Regime: CHOP (Reduced Weights). Score: -0.13. Low Conviction (<0.35).,LOW_CONVICTION,-4.474403,DIP,9.34,False
1704297060.0,CHOP,NO_GO,HOLD,13.33,NORMAL,PRO,DEFENSIVE,1.0,0.50,Aegean:FLAT(0.50)|Orion:LONG(0.20),Regime: CHOP (Reduced Weights). Score: 0.13. Low Conviction (<0.35).,LOW_CONVICTION,0.766692,MID,9.39,False
1704297120.0,CHOP,NO_GO,HOLD,13.33,NORMAL,PRO,DEFENSIVE,1.0,0.50,Aegean:FLAT(0.50)|Orion:SHORT(0.20),Regime: CHOP (Reduced Weights). Score: -0.13. Low Conviction (<0.35).,LOW_CONVICTION,-1.088279,MID,9.47,False
1704297180.0,CHOP,NO_GO,HOLD,13.33,NORMAL,PRO,DEFENSIVE,1.0,0.50,Aegean:FLAT(0.30)|Orion:LONG(0.20),Regime: CHOP (Reduced Weights). Score: 0.13. Low Conviction (<0.35).,LOW_CONVICTION,34.321378,TOP,12.48,False
1704297240.0,CHOP,GO,BUY,36.67,NORMAL,PRO,DEFENSIVE,1.0,0.50,Aegean:LONG(0.70)|Orion:LONG(0.20),Regime: CHOP (Reduced Weights). Score: 0.37. Bullish Consensus.,,37.230011,MID,16.24,False
1704297300.0,CHOP,GO,BUY,36.67,NORMAL,PRO,DEFENSIVE,1.0,0.50,Aegean:LONG(0.70)|Orion:LONG(0.20),Regime: CHOP (Reduced Weights). Score: 0.37. Bullish Consensus.,,38.637704,MID,18.66,False
1704297360.0,CHOP,NO_GO,HOLD,13.33,NORMAL,PRO,DEFENSIVE,1.0,0.50,Aegean:FLAT(0.30)|Orion:LONG(0.20),Regime: CHOP (Reduced Weights). Score: 0.13. Low Conviction (<0.35).,LOW_CONVICTION,43.837006,TOP,21.29,False
1704297420.0,TREND,GO,BUY,36.67,NORMAL,PRO,DEFENSIVE,1.0,0.50,Aegean:LONG(0.70)|Orion:LONG(0.20),Regime: TREND (Orion 2x). Score: 0.37. Bullish Consensus.,,31.435380,MID,22.78,False
1704297480.0,TREND,NO_GO,HOLD,13.33,NORMAL,PRO,DEFENSIVE,1.0,0.50,Aegean:FLAT(0.30)|Orion:LONG(0.20),Regime: TREND (Orion 2x). Score: 0.13. Low Conviction (<0.35).,LOW_CONVICTION,37.418862,TOP,24.24,False
1704297540.0,TREND,NO_GO,HOLD,9.38,NORMAL,PRO,DEFENSIVE,1.0,0.50,Aegean:FLAT(0.30)|Orion:LONG(0.14),Regime: TREND (Orion 2x). Score: 0.09. Low Conviction (<0.35).,LOW_CONVICTION,35.353516,TOP,25.63,True
1704297600.0,TREND,NO_GO,HOLD,10.17,NORMAL,PRO,DEFENSIVE,1.0,0.50,Aegean:FLAT(0.30)|Orion:LONG(0.15),Regime: TREND (Orion 2x). Score: 0.10. Low Conviction (<0.35).,LOW_CONVICTION,30.435616,TOP,26.10,True
1704297660.0,TREND,NO_GO,HOLD,12.65,NORMAL,PRO,DEFENSIVE,1.0,0.50,Aegean:FLAT(0.30)|Orion:LONG(0.19),Regime: TREND (Orion 2x). Score: 0.13. Low Conviction (<0.35).,LOW_CONVICTION,47.043383,TOP,27.59,True
1704297720.0,TREND,NO_GO,HOLD,16.70,NORMAL,PRO,DEFENSIVE,1.0,0.50,Aegean:FLAT(0.30)|Orion:LONG(0.25),Regime: TREND (Orion 2x). Score: 0.17. Low Conviction (<0.35).,LOW_CONVICTION,67.769927,TOP,30.02,True
1704297780.0,TREND,NO_GO,HOLD,20.56,NORMAL,PRO,DEFENSIVE,1.0,0.50,Aegean:FLAT(0.30)|Orion:LONG(0.31),Regime: TREND (Orion 2x). Score: 0.21. Low Conviction (<0.35).,LOW_CONVICTION,66.097940,TOP,32.33,True
1704297840.0,TREND,NO_GO,HOLD,24.43,NORMAL,PRO,DEFENSIVE,1.0,0.50,Aegean:FLAT(0.30)|Orion:LONG(0.37),Regime: TREND (Orion 2x). Score: 0.24. Low Conviction (<0.35).,LOW_CONVICTION,56.092162,TOP,34.66,True
1704297900.0,TREND,GO,BUY,49.73,NORMAL,PRO,DEFENSIVE,1.0,0.50,Aegean:LONG(0.70)|Orion:LONG(0.40),Regime: TREND (Orion 2x). Score: 0.50. Bullish Consensus.,,36.978059,MID,35.84,True
1704309960.0,TREND,NO_GO,HOLD,13.33,SAFE,PRO,DEFENSIVE,1.0,0.25,Aegean:FLAT(0.30)|Orion:LONG(0.20),Regime: TREND (Orion 2x). Score: 0.13. Low Conviction (<0.35).,LOW_CONVICTION,12.625139,TOP,23.98,False
1704310020.0,TREND,NO_GO,HOLD,13.33,SAFE,PRO,DEFENSIVE,1.0,0.25,Aegean:FLAT(0.30)|Orion:LONG(0.20),Regime: TREND (Orion 2x). Score: 0.13. Low Conviction (<0.35).,LOW_CONVICTION,8.597656,TOP,23.78,False
1704310080.0,TREND,NO_GO,HOLD,13.33,SAFE,PRO,DEFENSIVE,1.0,0.25,Aegean:FLAT(0.30)|Orion:LONG(0.20),Regime: TREND (Orion 2x). Score: 0.13. Low Conviction (<0.35).,LOW_CONVICTION,9.632849,TOP,23.58,False
1704310140.0,TREND,NO_GO,HOLD,13.33,SAFE,PRO,DEFENSIVE,1.0,0.25,Aegean:FLAT(0.30)|Orion:LONG(0.20),Regime: TREND (Orion 2x). Score: 0.13. Low Conviction (<0.35).,LOW_CONVICTION,11.043059,TOP,23.74,False
1704310200.0,TREND,NO_GO,HOLD,13.33,SAFE,PRO,DEFENSIVE,1.0,0.25,Aegean:FLAT(0.30)|Orion:LONG(0.20),Regime: TREND (Orion 2x). Score: 0.13. Low Conviction (<0.35).,LOW_CONVICTION,7.836853,TOP,23.36,False
1704310260.0,TREND,NO_GO,HOLD,13.33,SAFE,PRO,DEFENSIVE,1.0,0.25,Aegean:FLAT(0.30)|Orion:LONG(0.20),Regime: TREND (Orion 2x). Score: 0.13. Low Conviction (<0.35).,LOW_CONVICTION,12.626847,TOP,23.97,False
1704310320.0,TREND,GO,BUY,36.67,SAFE,PRO,DEFENSIVE,1.0,0.25,Aegean:LONG(0.70)|Orion:LONG(0.20),Regime: TREND (Orion 2x). Score: 0.37. Bullish Consensus.,,8.532652,MID,24.53,False
1704310380.0,TREND,NO_GO,HOLD,8.52,SAFE,PRO,DEFENSIVE,1.0,0.25,Aegean:FLAT(0.30)|Orion:LONG(0.13),Regime: TREND (Orion 2x). Score: 0.09. Low Conviction (<0.35).,LOW_CONVICTION,9.581743,TOP,25.11,True
1704310440.0,TREND,NO_GO,HOLD,13.60,SAFE,PRO,DEFENSIVE,1.0,0.25,Aegean:FLAT(0.30)|Orion:LONG(0.20),Regime: TREND (Orion 2x). Score: 0.14. Low Conviction (<0.35).,LOW_CONVICTION,30.334037,TOP,28.16,True
1704310500.0,TREND,NO_GO,HOLD,18.52,SAFE,PRO,DEFENSIVE,1.0,0.25,Aegean:FLAT(0.30)|Orion:LONG(0.28),Regime: TREND (Orion 2x). Score: 0.19. Low Conviction (<0.35).,LOW_CONVICTION,31.074680,TOP,31.11,True
1704310560.0,TREND,GO,BUY,45.35,SAFE,PRO,DEFENSIVE,1.0,0.25,Aegean:LONG(0.70)|Orion:LONG(0.33),Regime: TREND (Orion 2x). Score: 0.45. Bullish Consensus.,,17.951205,MID,33.21,True
1704310620.0,TREND,GO,BUY,47.04,SAFE,PRO,DEFENSIVE,1.0,0.25,Aegean:LONG(0.70)|Orion:LONG(0.36),Regime: TREND (Orion 2x). Score: 0.47. Bullish Consensus.,,13.040842,MID,34.22,True
1704310680.0,TREND,GO,BUY,46.91,SAFE,PRO,DEFENSIVE,1.0,0.25,Aegean:LONG(0.70)|Orion:LONG(0.35),Regime: TREND (Orion 2x). Score: 0.47. Bullish Consensus.,,8.897947,MID,34.15,True
1704310740.0,TREND,GO,BUY,46.74,SAFE,PRO,DEFENSIVE,1.0,0.25,Aegean:LONG(0.70)|Orion:LONG(0.35),Regime: TREND (Orion 2x). Score: 0.47. Bullish Consensus.,,8.188055,MID,34.04,True
1704310800.0,TREND,GO,BUY,46.24,SAFE,PRO,DEFENSIVE,1.0,0.25,Aegean:LONG(0.70)|Orion:LONG(0.34),Regime: TREND (Orion 2x). Score: 0.46. Bullish Consensus.,,8.337824,MID,33.74,True
1704310860.0,TREND,GO,BUY,45.65,SAFE,PRO,DEFENSIVE,1.0,0.25,Aegean:LONG(0.70)|Orion:LONG(0.33),Regime: TREND (Orion 2x). Score: 0.46. Bullish Consensus.,,5.639374,MID,33.39,True
1704310920.0,TREND,NO_GO,HOLD,19.85,SAFE,PRO,DEFENSIVE,1.0,0.25,Aegean:FLAT(0.50)|Orion:LONG(0.30),Regime: TREND (Orion 2x). Score: 0.20. Low Conviction (<0.35).,LOW_CONVICTION,0.400297,MID,31.91,True
1704310980.0,TREND,NO_GO,HOLD,17.07,SAFE,PRO,DEFENSIVE,1.0,0.25,Aegean:FLAT(0.50)|Orion:LONG(0.26),Regime: TREND (Orion 2x). Score: 0.17. Low Conviction (<0.35).,LOW_CONVICTION,-2.506688,MID,30.24,True
1704311040.0,TREND,NO_GO,HOLD,14.28,SAFE,PRO,DEFENSIVE,1.0,0.25,Aegean:FLAT(0.50)|Orion:LONG(0.21),Regime: TREND (Orion 2x). Score: 0.14. Low Conviction (<0.35).,LOW_CONVICTION,-3.418819,MID,28.57,True
1704311100.0,TREND,NO_GO,HOLD,11.76,SAFE,PRO,DEFENSIVE,1.0,0.25,Aegean:FLAT(0.50)|Orion:LONG(0.18),Regime: TREND (Orion 2x). Score: 0.12. Low Conviction (<0.35).,LOW_CONVICTION,-1.724972,MID,27.06,True
1704311160.0,TREND,NO_GO,HOLD,9.77,SAFE,PRO,DEFENSIVE,1.0,0.25,Aegean:FLAT(0.30)|Orion:LONG(0.15),Regime: TREND (Orion 2x). Score: 0.10. Low Conviction (<0.35).,LOW_CONVICTION,-5.805266,DIP,25.86,True
1704311220.0,TREND,NO_GO,HOLD,13.33,SAFE,PRO,DEFENSIVE,1.0,0.25,Aegean:FLAT(0.30)|Orion:LONG(0.20),Regime: TREND (Orion 2x). Score: 0.13. Low Conviction (<0.35).,LOW_CONVICTION,-6.207253,DIP,24.76,False
1704311280.0,TREND,NO_GO,HOLD,13.33,SAFE,PRO,DEFENSIVE,1.0,0.25,Aegean:FLAT(0.30)|Orion:LONG(0.20),Regime: TREND (Orion 2x). Score: 0.13. Low Conviction (<0.35).,LOW_CONVICTION,-4.804727,DIP,23.68,False
1704311340.0,TREND,NO_GO,HOLD,13.33,SAFE,PRO,DEFENSIVE,1.0,0.25,Aegean:FLAT(0.30)|Orion:LONG(0.20),Regime: TREND (Orion 2x). Score: 0.13. Low Conviction (<0.35).,LOW_CONVICTION,-4.695479,DIP,22.86,False
1704311400.0,TREND,NO_GO,HOLD,13.33,SAFE,PRO,DEFENSIVE,1.0,0.25,Aegean:FLAT(0.30)|Orion:LONG(0.20),Regime: TREND (Orion 2x). Score: 0.13. Low Conviction (<0.35).,LOW_CONVICTION,-8.967052,DIP,23.09,False
1704311460.0,TREND,NO_GO,HOLD,13.33,SAFE,PRO,DEFENSIVE,1.0,0.25,Aegean:FLAT(0.30)|Orion:LONG(0.20),Regime: TREND (Orion 2x). Score: 0.13. Low Conviction (<0.35).,LOW_CONVICTION,-5.240174,DIP,23.29,False
1704311520.0,TREND,NO_GO,HOLD,13.33,SAFE,PRO,DEFENSIVE,1.0,0.25,Aegean:FLAT(0.30)|Orion:SHORT(0.20),Regime: TREND (Orion 2x). Score: -0.13. Low Conviction (<0.35).,LOW_CONVICTION,-10.026229,DIP,23.86,False
1704311580.0,TREND,NO_GO,HOLD,13.33,SAFE,PRO,DEFENSIVE,1.0,0.25,Aegean:FLAT(0.30)|Orion:SHORT(0.20),Regime: TREND (Orion 2x). Score: -0.13. Low Conviction (<0.35).,LOW_CONVICTION,-5.836993,DIP,24.38,False
1704311640.0,TREND,NO_GO,HOLD,13.33,SAFE,PRO,DEFENSIVE,1.0,0.25,Aegean:FLAT(0.30)|Orion:SHORT(0.20),Regime: TREND (Orion 2x). Score: -0.13. Low Conviction (<0.35).,LOW_CONVICTION,-4.886621,DIP,24.87,False
1704311700.0,TREND,NO_GO,HOLD,8.57,SAFE,PRO,DEFENSIVE,1.0,0.25,Aegean:FLAT(0.30)|Orion:SHORT(0.13),Regime: TREND (Orion 2x). Score: -0.09. Low Conviction (<0.35).,LOW_CONVICTION,-4.777762,DIP,25.14,True
1704311760.0,TREND,NO_GO,HOLD,13.33,SAFE,PRO,DEFENSIVE,1.0,0.25,Aegean:FLAT(0.30)|Orion:SHORT(0.20),Regime: TREND (Orion 2x). Score: -0.13. Low Conviction (<0.35).,LOW_CONVICTION,-4.924772,DIP,24.95,False
1704311820.0,TREND,NO_GO,HOLD,9.34,SAFE,PRO,DEFENSIVE,1.0,0.25,Aegean:FLAT(0.30)|Orion:SHORT(0.14),Regime: TREND (Orion 2x). Score: -0.09. Low Conviction (<0.35).,LOW_CONVICTION,-7.638516,DIP,25.60,True
1704311880.0,TREND,NO_GO,HOLD,10.24,SAFE,PRO,DEFENSIVE,1.0,0.25,Aegean:FLAT(0.30)|Orion:SHORT(0.15),Regime: TREND (Orion 2x). Score: -0.10. Low Conviction (<0.35).,LOW_CONVICTION,-5.795228,DIP,26.15,True
1704311940.0,TREND,NO_GO,HOLD,32.02,SAFE,PRO,DEFENSIVE,1.0,0.25,Aegean:SHORT(0.70)|Orion:SHORT(0.13),Regime: TREND (Orion 2x). Score: -0.32. Low Conviction (<0.35).,LOW_CONVICTION,-4.261649,MID,25.21,True
1704312000.0,TREND,NO_GO,HOLD,13.33,SAFE,PRO,DEFENSIVE,1.0,0.25,Aegean:FLAT(0.50)|Orion:SHORT(0.20),Regime: TREND (Orion 2x). Score: -0.13. Low Conviction (<0.35).,LOW_CONVICTION,0.132007,MID,24.69,False
1704312060.0,TREND,NO_GO,HOLD,13.33,SAFE,PRO,DEFENSIVE,1.0,0.25,Aegean:FLAT(0.50)|Orion:SHORT(0.20),Regime: TREND (Orion 2x). Score: -0.13. Low Conviction (<0.35).,LOW_CONVICTION,-0.207038,MID,23.96,False
1704312120.0,TREND,NO_GO,HOLD,13.33,SAFE,PRO,DEFENSIVE,1.0,0.25,Aegean:FLAT(0.50)|Orion:LONG(0.20),Regime: TREND (Orion 2x). Score: 0.13. Low Conviction (<0.35).,LOW_CONVICTION,4.168847,MID,22.33,False
1704312180.0,TREND,NO_GO,HOLD,13.33,SAFE,PRO,DEFENSIVE,1.0,0.25,Aegean:FLAT(0.50)|Orion:SHORT(0.20),Regime: TREND (Orion 2x). Score: -0.13. Low Conviction (<0.35).,LOW_CONVICTION,-0.533327,MID,20.79,False
1704312240.0,TREND,NO_GO,HOLD,13.33,SAFE,PRO,DEFENSIVE,1.0,0.25,Aegean:FLAT(0.50)|Orion:SHORT(0.20),Regime: TREND (Orion 2x). Score: -0.13. Low Conviction (<0.35).,LOW_CONVICTION,0.161943,MID,19.73,False
1704312300.0,TREND,NO_GO,HOLD,13.33,SAFE,PRO,DEFENSIVE,1.0,0.25,Aegean:FLAT(0.50)|Orion:SHORT(0.20),Regime: TREND (Orion 2x). Score: -0.13. Low Conviction (<0.35).,LOW_CONVICTION,-3.168062,MID,19.70,False
1704312360.0,TREND,NO_GO,HOLD,13.33,SAFE,PRO,DEFENSIVE,1.0,0.25,Aegean:FLAT(0.30)|Orion:SHORT(0.20),Regime: TREND (Orion 2x). Score: -0.13. Low Conviction (<0.35).,LOW_CONVICTION,-7.360476,DIP,19.98,False
1704312420.0,TREND,GO,SELL,36.67,SAFE,PRO,DEFENSIVE,1.0,0.25,Aegean:SHORT(0.70)|Orion:SHORT(0.20),Regime: TREND (Orion 2x). Score: -0.37. Bearish Consensus.,,-4.417911,MID,20.16,False
1704312480.0,TREND,GO,SELL,36.67,SAFE,PRO,DEFENSIVE,1.0,0.25,Aegean:SHORT(0.70)|Orion:SHORT(0.20),Regime: TREND (Orion 2x). Score: -0.37. Bearish Consensus.,,-4.616480,MID,20.51,False
1704312540.0,TREND,NO_GO,HOLD,13.33,SAFE,PRO,DEFENSIVE,1.0,0.25,Aegean:FLAT(0.50)|Orion:SHORT(0.20),Regime: TREND (Orion 2x). Score: -0.13. Low Conviction (<0.35).,LOW_CONVICTION,-0.999391,MID,20.05,False
1704312600.0,TREND,NO_GO,HOLD,13.33,SAFE,PRO,DEFENSIVE,1.0,0.25,Aegean:FLAT(0.30)|Orion:SHORT(0.20),Regime: TREND (Orion 2x). Score: -0.13. Low Conviction (<0.35).,LOW_CONVICTION,-9.543926,DIP,20.73,False
1704312660.0,TREND,NO_GO,HOLD,13.33,SAFE,PRO,DEFENSIVE,1.0,0.25,Aegean:FLAT(0.50)|Orion:SHORT(0.20),Regime: TREND (Orion 2x). Score: -0.13. Low Conviction (<0.35).,LOW_CONVICTION,0.226379,MID,21.07,False
1704312720.0,TREND,NO_GO,HOLD,13.33,SAFE,PRO,DEFENSIVE,1.0,0.25,Aegean:FLAT(0.50)|Orion:SHORT(0.20),Regime: TREND (Orion 2x). Score: -0.13. Low Conviction (<0.35).,LOW_CONVICTION,-3.720558,MID,21.39,False
1704312780.0,TREND,NO_GO,HOLD,13.33,SAFE,PRO,DEFENSIVE,1.0,0.25,Aegean:FLAT(0.50)|Orion:SHORT(0.20),Regime: TREND (Orion 2x). Score: -0.13. Low Conviction (<0.35).,LOW_CONVICTION,-4.082853,MID,21.88,False
1704312840.0,TREND,NO_GO,HOLD,13.33,SAFE,PRO,DEFENSIVE,1.0,0.25,Aegean:FLAT(0.50)|Orion:SHORT(0.20),Regime: TREND (Orion 2x). Score: -0.13. Low Conviction (<0.35).,LOW_CONVICTION,-0.495710,MID,21.96,False
1704312900.0,TREND,NO_GO,HOLD,13.33,SAFE,PRO,DEFENSIVE,1.0,0.25,Aegean:FLAT(0.50)|Orion:SHORT(0.20),Regime: TREND (Orion 2x). Score: -0.13. Low Conviction (<0.35).,LOW_CONVICTION,1.647589,MID,21.37,False
1704312960.0,TREND,NO_GO,HOLD,13.33,SAFE,PRO,DEFENSIVE,1.0,0.25,Aegean:FLAT(0.50)|Orion:SHORT(0.20),Regime: TREND (Orion 2x). Score: -0.13. Low Conviction (<0.35).,LOW_CONVICTION,4.211377,MID,20.08,False
1704313020.0,CHOP,NO_GO,HOLD,13.33,SAFE,PRO,DEFENSIVE,1.0,0.25,Aegean:FLAT(0.50)|Orion:SHORT(0.20),Regime: CHOP (Reduced Weights). Score: -0.13. Low Conviction (<0.35).,LOW_CONVICTION,3.359710,MID,18.84,False
1704313080.0,CHOP,NO_GO,HOLD,13.33,SAFE,PRO,DEFENSIVE,1.0,0.25,Aegean:FLAT(0.30)|Orion:LONG(0.20),Regime: CHOP (Reduced Weights). Score: 0.13. Low Conviction (<0.35).,LOW_CONVICTION,9.831308,TOP,19.27,False
1704313140.0,CHOP,GO,BUY,36.67,SAFE,PRO,DEFENSIVE,1.0,0.25,Aegean:LONG(0.70)|Orion:LONG(0.20),Regime: CHOP (Reduced Weights). Score: 0.37. Bullish Consensus.,,6.381374,MID,19.72,False
1704313200.0,CHOP,GO,BUY,36.67,SAFE,PRO,DEFENSIVE,1.0,0.25,Aegean:LONG(0.70)|Orion:LONG(0.20),Regime: CHOP (Reduced Weights). Score: 0.37. Bullish Consensus.,,5.454226,MID,19.41,False
1704313260.0,CHOP,GO,BUY,36.67,SAFE,PRO,DEFENSIVE,1.0,0.25,Aegean:LONG(0.70)|Orion:LONG(0.20),Regime: CHOP (Reduced Weights). Score: 0.37. Bullish Consensus.,,4.647825,MID,19.12,False
1704313320.0,CHOP,NO_GO,HOLD,13.33,SAFE,PRO,DEFENSIVE,1.0,0.25,Aegean:FLAT(0.30)|Orion:LONG(0.20),Regime: CHOP (Reduced Weights). Score: 0.13. Low Conviction (<0.35).,LOW_CONVICTION,9.632540,TOP,20.09,False
1704313380.0,TREND,GO,BUY,36.67,SAFE,PRO,DEFENSIVE,1.0,0.25,Aegean:LONG(0.70)|Orion:LONG(0.20),Regime: TREND (Orion 2x). Score: 0.37. Bullish Consensus.,,5.011628,MID,21.00,False
1704313440.0,TREND,GO,BUY,36.67,SAFE,PRO,DEFENSIVE,1.0,0.25,Aegean:LONG(0.70)|Orion:LONG(0.20),Regime: TREND (Orion 2x). Score: 0.37. Bullish Consensus.,,5.144948,MID,21.88,False
1704313500.0,TREND,GO,BUY,36.67,SAFE,PRO,DEFENSIVE,1.0,0.25,Aegean:LONG(0.70)|Orion:LONG(0.20),Regime: TREND (Orion 2x). Score: 0.37. Bullish Consensus.,,5.017209,MID,22.71,False
1704313560.0,TREND,NO_GO,HOLD,13.33,SAFE,PRO,DEFENSIVE,1.0,0.25,Aegean:FLAT(0.30)|Orion:LONG(0.20),Regime: TREND (Orion 2x). Score: 0.13. Low Conviction (<0.35).,LOW_CONVICTION,5.239492,TOP,23.49,False
1704313620.0,TREND,NO_GO,HOLD,8.44,SAFE,PRO,DEFENSIVE,1.0,0.25,Aegean:FLAT(0.30)|Orion:LONG(0.13),Regime: TREND (Orion 2x). Score: 0.08. Low Conviction (<0.35).,LOW_CONVICTION,7.912682,TOP,25.06,True
1704313680.0,TREND,NO_GO,HOLD,10.85,SAFE,PRO,DEFENSIVE,1.0,0.25,Aegean:FLAT(0.30)|Orion:LONG(0.16),Regime: TREND (Orion 2x). Score: 0.11. Low Conviction (<0.35).,LOW_CONVICTION,7.207726,TOP,26.51,True
1704313740.0,TREND,NO_GO,HOLD,10.25,SAFE,PRO,DEFENSIVE,1.0,0.25,Aegean:FLAT(0.50)|Orion:LONG(0.15),Regime: TREND (Orion 2x). Score: 0.10. Low Conviction (<0.35).,LOW_CONVICTION,3.377478,MID,26.15,True
1704313800.0,TREND,NO_GO,HOLD,9.68,SAFE,PRO,DEFENSIVE,1.0,0.25,Aegean:FLAT(0.50)|Orion:LONG(0.15),Regime: TREND (Orion 2x). Score: 0.10. Low Conviction (<0.35).,LOW_CONVICTION,2.930664,MID,25.81,True
1704313860.0,TREND,NO_GO,HOLD,10.77,SAFE,PRO,DEFENSIVE,1.0,0.25,Aegean:FLAT(0.30)|Orion:LONG(0.16),Regime: TREND (Orion 2x). Score: 0.11. Low Conviction (<0.35).,LOW_CONVICTION,7.017246,TOP,26.46,True
1704313920.0,TREND,NO_GO,HOLD,12.42,SAFE,PRO,DEFENSIVE,1.0,0.25,Aegean:FLAT(0.30)|Orion:LONG(0.19),Regime: TREND (Orion 2x). Score: 0.12. Low Conviction (<0.35).,LOW_CONVICTION,9.805326,TOP,27.45,True
1704313980.0,TREND,NO_GO,HOLD,14.16,SAFE,PRO,DEFENSIVE,1.0,0.25,Aegean:FLAT(0.30)|Orion:LONG(0.21),Regime: TREND (Orion 2x). Score: 0.14. Low Conviction (<0.35).,LOW_CONVICTION,8.688440,TOP,28.50,True
1704314040.0,TREND,GO,BUY,39.11,SAFE,PRO,DEFENSIVE,1.0,0.25,Aegean:LONG(0.70)|Orion:LONG(0.24),Regime: TREND (Orion 2x). Score: 0.39. Bullish Consensus.,,6.626962,MID,29.47,True
1704314100.0,TREND,NO_GO,HOLD,18.67,SAFE,PRO,DEFENSIVE,1.0,0.25,Aegean:FLAT(0.30)|Orion:LONG(0.28),Regime: TREND (Orion 2x). Score: 0.19. Low Conviction (<0.35).,LOW_CONVICTION,9.804492,TOP,31.20,True
1704314160.0,TREND,GO,BUY,44.27,SAFE,PRO,DEFENSIVE,1.0,0.25,Aegean:LONG(0.70)|Orion:LONG(0.31),Regime: TREND (Orion 2x). Score: 0.44. Bullish Consensus.,,5.215028,MID,32.56,True
1704314220.0,TREND,NO_GO,HOLD,22.26,SAFE,PRO,DEFENSIVE,1.0,0.25,Aegean:FLAT(0.30)|Orion:LONG(0.33),Regime: TREND (Orion 2x). Score: 0.22. Low Conviction (<0.35).,LOW_CONVICTION,7.372229,TOP,33.35,True
1704314280.0,TREND,NO_GO,HOLD,24.17,SAFE,PRO,DEFENSIVE,1.0,0.25,Aegean:FLAT(0.30)|Orion:LONG(0.36),Regime: TREND (Orion 2x). Score: 0.24. Low Conviction (<0.35).,LOW_CONVICTION,8.187919,TOP,34.50,True
1704314340.0,TREND,NO_GO,HOLD,25.87,SAFE,PRO,DEFENSIVE,1.0,0.25,Aegean:FLAT(0.30)|Orion:LONG(0.39),Regime: TREND (Orion 2x). Score: 0.26. Low Conviction (<0.35).,LOW_CONVICTION,7.250972,TOP,35.52,True
1704314400.0,TREND,NO_GO,HOLD,27.46,SAFE,PRO,DEFENSIVE,1.0,0.25,Aegean:FLAT(0.30)|Orion:LONG(0.41),Regime: TREND (Orion 2x). Score: 0.27. Low Conviction (<0.35).,LOW_CONVICTION,6.629574,TOP,36.48,True
1704314460.0,TREND,NO_GO,HOLD,25.37,SAFE,PRO,DEFENSIVE,1.0,0.25,Aegean:FLAT(0.50)|Orion:LONG(0.38),Regime: TREND (Orion 2x). Score: 0.25. Low Conviction (<0.35).,LOW_CONVICTION,0.690297,MID,35.22,True
1704314520.0,TREND,NO_GO,HOLD,22.57,SAFE,PRO,DEFENSIVE,1.0,0.25,Aegean:FLAT(0.50)|Orion:LONG(0.34),Regime: TREND (Orion 2x). Score: 0.23. Low Conviction (<0.35).,LOW_CONVICTION,0.417150,MID,33.54,True
1704314580.0,TREND,NO_GO,HOLD,20.68,SAFE,PRO,DEFENSIVE,1.0,0.25,Aegean:FLAT(0.30)|Orion:LONG(0.31),Regime: TREND (Orion 2x). Score: 0.21. Low Conviction (<0.35).,LOW_CONVICTION,-7.601955,DIP,32.41,True
1704314640.0,TREND,NO_GO,HOLD,19.99,SAFE,PRO,DEFENSIVE,1.0,0.25,Aegean:FLAT(0.30)|Orion:SHORT(0.30),Regime: TREND (Orion 2x). Score: -0.20. Low Conviction (<0.35).,LOW_CONVICTION,-8.668222,DIP,31.99,True
1704314700.0,TREND,NO_GO,HOLD,4.30,SAFE,PRO,DEFENSIVE,1.0,0.25,Aegean:SHORT(0.70)|Orion:LONG(0.29),Regime: TREND (Orion 2x). Score: -0.04. Low Conviction (<0.35).,LOW_CONVICTION,-4.775666,MID,31.42,True
1704314760.0,TREND,NO_GO,HOLD,18.16,SAFE,PRO,DEFENSIVE,1.0,0.25,Aegean:FLAT(0.30)|Orion:SHORT(0.27),Regime: TREND (Orion 2x). Score: -0.18. Low Conviction (<0.35).,LOW_CONVICTION,-7.196328,DIP,30.89,True
1704314820.0,TREND,GO,SELL,40.68,SAFE,PRO,DEFENSIVE,1.0,0.25,Aegean:SHORT(0.70)|Orion:SHORT(0.26),Regime: TREND (Orion 2x). Score: -0.41. Bearish Consensus.,,-6.110882,MID,30.41,True
1704314880.0,TREND,NO_GO,HOLD,13.77,SAFE,PRO,DEFENSIVE,1.0,0.25,Aegean:FLAT(0.50)|Orion:LONG(0.21),Regime: TREND (Orion 2x). Score: 0.14. Low Conviction (<0.35).,LOW_CONVICTION,-3.304512,MID,28.26,True
1704314940.0,TREND,NO_GO,HOLD,10.45,SAFE,PRO,DEFENSIVE,1.0,0.25,Aegean:FLAT(0.50)|Orion:LONG(0.16),Regime: TREND (Orion 2x). Score: 0.10. Low Conviction (<0.35).,LOW_CONVICTION,-3.230065,MID,26.27,True
1704315000.0,TREND,NO_GO,HOLD,13.33,SAFE,PRO,DEFENSIVE,1.0,0.25,Aegean:FLAT(0.50)|Orion:LONG(0.20),Regime: TREND (Orion 2x). Score: 0.13. Low Conviction (<0.35).,LOW_CONVICTION,-1.930543,MID,24.95,False
1704315060.0,TREND,NO_GO,HOLD,13.33,SAFE,PRO,DEFENSIVE,1.0,0.25,Aegean:FLAT(0.50)|Orion:SHORT(0.20),Regime: TREND (Orion 2x). Score: -0.13. Low Conviction (<0.35).,LOW_CONVICTION,-3.444435,MID,23.93,False
1704315120.0,TREND,NO_GO,HOLD,13.33,SAFE,PRO,DEFENSIVE,1.0,0.25,Aegean:FLAT(0.50)|Orion:LONG(0.20),Regime: TREND (Orion 2x). Score: 0.13. Low Conviction (<0.35).,LOW_CONVICTION,-1.711658,MID,22.94,False
1704315180.0,TREND,NO_GO,HOLD,13.33,SAFE,PRO,DEFENSIVE,1.0,0.25,Aegean:FLAT(0.50)|Orion:LONG(0.20),Regime: TREND (Orion 2x). Score: 0.13. Low Conviction (<0.35).,LOW_CONVICTION,0.894154,MID,22.61,False
1704315240.0,TREND,NO_GO,HOLD,13.33,SAFE,PRO,DEFENSIVE,1.0,0.25,Aegean:FLAT(0.50)|Orion:LONG(0.20),Regime: TREND (Orion 2x). Score: 0.13. Low Conviction (<0.35).,LOW_CONVICTION,-1.696746,MID,22.30,False
1704315300.0,TREND,NO_GO,HOLD,13.33,SAFE,PRO,DEFENSIVE,1.0,0.25,Aegean:FLAT(0.50)|Orion:LONG(0.20),Regime: TREND (Orion 2x). Score: 0.13. Low Conviction (<0.35).,LOW_CONVICTION,0.876895,MID,21.99,False
1704315360.0,TREND,NO_GO,HOLD,13.33,SAFE,PRO,DEFENSIVE,1.0,0.25,Aegean:FLAT(0.50)|Orion:LONG(0.20),Regime: TREND (Orion 2x). Score: 0.13. Low Conviction (<0.35).,LOW_CONVICTION,1.114195,MID,21.88,False
1704315420.0,TREND,NO_GO,HOLD,13.33,SAFE,PRO,DEFENSIVE,1.0,0.25,Aegean:FLAT(0.50)|Orion:LONG(0.20),Regime: TREND (Orion 2x). Score: 0.13. Low Conviction (<0.35).,LOW_CONVICTION,3.321417,MID,22.58,False
1704315480.0,TREND,NO_GO,HOLD,13.33,SAFE,PRO,DEFENSIVE,1.0,0.25,Aegean:FLAT(0.50)|Orion:LONG(0.20),Regime: TREND (Orion 2x). Score: 0.13. Low Conviction (<0.35).,LOW_CONVICTION,3.493551,MID,23.23,False
1704315540.0,TREND,NO_GO,HOLD,13.33,SAFE,PRO,DEFENSIVE,1.0,0.25,Aegean:FLAT(0.50)|Orion:LONG(0.20),Regime: TREND (Orion 2x). Score: 0.13. Low Conviction (<0.35).,LOW_CONVICTION,-0.885238,MID,21.63,False
1704315600.0,TREND,NO_GO,HOLD,13.33,SAFE,PRO,DEFENSIVE,1.0,0.25,Aegean:FLAT(0.50)|Orion:SHORT(0.20),Regime: TREND (Orion 2x). Score: -0.13. Low Conviction (<0.35).,LOW_CONVICTION,-1.941815,MID,20.14,False
1704315660.0,TREND,NO_GO,HOLD,13.33,SAFE,PRO,DEFENSIVE,1.0,0.25,Aegean:FLAT(0.50)|Orion:LONG(0.20),Regime: TREND (Orion 2x). Score: 0.13. Low Conviction (<0.35).,LOW_CONVICTION,0.702364,MID,19.11,False
1704315720.0,TREND,NO_GO,HOLD,13.33,SAFE,PRO,DEFENSIVE,1.0,0.25,Aegean:FLAT(0.50)|Orion:LONG(0.20),Regime: TREND (Orion 2x). Score: 0.13. Low Conviction (<0.35).,LOW_CONVICTION,0.793442,MID,18.80,False
1704315780.0,TREND,NO_GO,HOLD,13.33,SAFE,PRO,DEFENSIVE,1.0,0.25,Aegean:FLAT(0.50)|Orion:LONG(0.20),Regime: TREND (Orion 2x). Score: 0.13. Low Conviction (<0.35).,LOW_CONVICTION,2.153573,MID,18.50,False
1704315840.0,TREND,NO_GO,HOLD,13.33,SAFE,PRO,DEFENSIVE,1.0,0.25,Aegean:FLAT(0.50)|Orion:LONG(0.20),Regime: TREND (Orion 2x). Score: 0.13. Low Conviction (<0.35).,LOW_CONVICTION,3.276232,TOP,18.55,False
1704315900.0,CHOP,NO_GO,HOLD,13.33,SAFE,PRO,DEFENSIVE,1.0,0.25,Aegean:FLAT(0.50)|Orion:LONG(0.20),Regime: CHOP (Reduced Weights). Score: 0.13. Low Conviction (<0.35).,LOW_CONVICTION,1.278051,MID,18.37,False
1704315960.0,CHOP,NO_GO,HOLD,13.33,SAFE,PRO,DEFENSIVE,1.0,0.25,Aegean:FLAT(0.50)|Orion:SHORT(0.20),Regime: CHOP (Reduced Weights). Score: -0.13. Low Conviction (<0.35).,LOW_CONVICTION,-2.494648,MID,17.13,False
1704316020.0,CHOP,NO_GO,HOLD,13.33,SAFE,PRO,DEFENSIVE,1.0,0.25,Aegean:FLAT(0.30)|Orion:SHORT(0.20),Regime: CHOP (Reduced Weights). Score: -0.13. Low Conviction (<0.35).,LOW_CONVICTION,-7.476042,DIP,17.36,False
1704316080.0,CHOP,NO_GO,HOLD,13.33,SAFE,PRO,DEFENSIVE,1.0,0.25,Aegean:FLAT(0.30)|Orion:SHORT(0.20),Regime: CHOP (Reduced Weights). Score: -0.13. Low Conviction (<0.35).,LOW_CONVICTION,-10.507258,DIP,18.49,False
1704316140.0,TREND,GO,SELL,36.67,SAFE,PRO,DEFENSIVE,1.0,0.25,Aegean:SHORT(0.70)|Orion:SHORT(0.20),Regime: TREND (Orion 2x). Score: -0.37. Bearish Consensus.,,-9.432821,MID,19.92,False
1704316200.0,CHOP,GO,SELL,36.67,SAFE,PRO,DEFENSIVE,1.0,0.25,Aegean:SHORT(0.70)|Orion:SHORT(0.20),Regime: CHOP (Reduced Weights). Score: -0.37. Bearish Consensus.,,-5.071817,MID,20.07,False
1704316260.0,CHOP,GO,SELL,36.67,SAFE,PRO,DEFENSIVE,1.0,0.25,Aegean:SHORT(0.70)|Orion:SHORT(0.20),Regime: CHOP (Reduced Weights). Score: -0.37. Bearish Consensus.,,-8.372207,MID,20.26,False
1704316320.0,CHOP,GO,SELL,36.67,SAFE,PRO,DEFENSIVE,1.0,0.25,Aegean:SHORT(0.70)|Orion:SHORT(0.20),Regime: CHOP (Reduced Weights). Score: -0.37. Bearish Consensus.,,-7.866614,MID,20.91,False
1704316380.0,CHOP,GO,SELL,36.67,SAFE,PRO,DEFENSIVE,1.0,0.25,Aegean:SHORT(0.70)|Orion:SHORT(0.20),Regime: CHOP (Reduced Weights). Score: -0.37. Bearish Consensus.,,-6.140927,MID,20.71,False
1704316440.0,CHOP,GO,SELL,36.67,SAFE,PRO,DEFENSIVE,1.0,0.25,Aegean:SHORT(0.70)|Orion:SHORT(0.20),Regime: CHOP (Reduced Weights). Score: -0.37. Bearish Consensus.,,-4.863127,MID,20.38,False
1704316500.0,CHOP,NO_GO,HOLD,13.33,SAFE,PRO,DEFENSIVE,1.0,0.25,Aegean:FLAT(0.30)|Orion:LONG(0.20),Regime: CHOP (Reduced Weights). Score: 0.13. Low Conviction (<0.35).,LOW_CONVICTION,12.435045,TOP,20.92,False
1704316560.0,TREND,NO_GO,HOLD,13.33,SAFE,PRO,DEFENSIVE,1.0,0.25,Aegean:FLAT(0.30)|Orion:LONG(0.20),Regime: TREND (Orion 2x). Score: 0.13. Low Conviction (<0.35).,LOW_CONVICTION,16.170113,TOP,22.18,False
1704316620.0,TREND,NO_GO,HOLD,13.33,SAFE,PRO,DEFENSIVE,1.0,0.25,Aegean:FLAT(0.30)|Orion:LONG(0.20),Regime: TREND (Orion 2x). Score: 0.13. Low Conviction (<0.35).,LOW_CONVICTION,13.307602,TOP,23.36,False
1704316680.0,TREND,GO,BUY,36.67,SAFE,PRO,DEFENSIVE,1.0,0.25,Aegean:LONG(0.70)|Orion:LONG(0.20),Regime: TREND (Orion 2x). Score: 0.37. Bullish Consensus.,,8.712225,MID,22.92,False
1704316740.0,TREND,GO,BUY,36.67,SAFE,PRO,DEFENSIVE,1.0,0.25,Aegean:LONG(0.70)|Orion:LONG(0.20),Regime: TREND (Orion 2x). Score: 0.37. Bullish Consensus.,,10.213583,MID,22.52,False
1704316800.0,TREND,GO,BUY,36.67,SAFE,PRO,DEFENSIVE,1.0,0.25,Aegean:LONG(0.70)|Orion:LONG(0.20),Regime: TREND (Orion 2x). Score: 0.37. Bullish Consensus.,,7.778522,MID,22.16,False
1704316860.0,TREND,GO,BUY,36.67,SAFE,PRO,DEFENSIVE,1.0,0.25,Aegean:LONG(0.70)|Orion:LONG(0.20),Regime: TREND (Orion 2x). Score: 0.37. Bullish Consensus.,,5.270334,MID,21.36,False
1704316920.0,CHOP,NO_GO,HOLD,13.33,SAFE,PRO,DEFENSIVE,1.0,0.25,Aegean:FLAT(0.50)|Orion:LONG(0.20),Regime: CHOP (Reduced Weights). Score: 0.13. Low Conviction (<0.35).,LOW_CONVICTION,2.279591,MID,20.21,False
1704316980.0,CHOP,NO_GO,HOLD,13.33,SAFE,PRO,DEFENSIVE,1.0,0.25,Aegean:FLAT(0.50)|Orion:LONG(0.20),Regime: CHOP (Reduced Weights). Score: 0.13. Low Conviction (<0.35).,LOW_CONVICTION,3.695176,MID,19.15,False
1704317040.0,CHOP,NO_GO,HOLD,13.33,SAFE,PRO,DEFENSIVE,1.0,0.25,Aegean:FLAT(0.30)|Orion:LONG(0.20),Regime: CHOP (Reduced Weights). Score: 0.13. Low Conviction (<0.35).,LOW_CONVICTION,8.663226,TOP,18.98,False
1704317100.0,CHOP,NO_GO,HOLD,13.33,SAFE,PRO,DEFENSIVE,1.0,0.25,Aegean:FLAT(0.50)|Orion:LONG(0.20),Regime: CHOP (Reduced Weights). Score: 0.13. Low Conviction (<0.35).,LOW_CONVICTION,3.093341,MID,18.86,False
1704317160.0,CHOP,GO,BUY,36.67,SAFE,PRO,DEFENSIVE,1.0,0.25,Aegean:LONG(0.70)|Orion:LONG(0.20),Regime: CHOP (Reduced Weights). Score: 0.37. Bullish Consensus.,,4.963278,MID,18.69,False
1704317220.0,CHOP,GO,BUY,36.67,SAFE,PRO,DEFENSIVE,1.0,0.25,Aegean:LONG(0.70)|Orion:LONG(0.20),Regime: CHOP (Reduced Weights). Score: 0.37. Bullish Consensus.,,6.262525,MID,18.94,False
1704317280.0,CHOP,NO_GO,HOLD,13.33,SAFE,PRO,DEFENSIVE,1.0,0.25,Aegean:FLAT(0.30)|Orion:LONG(0.20),Regime: CHOP (Reduced Weights). Score: 0.13. Low Conviction (<0.35).,LOW_CONVICTION,9.462033,TOP,20.03,False
1704317340.0,CHOP,NO_GO,HOLD,13.33,SAFE,PRO,DEFENSIVE,1.0,0.25,Aegean:FLAT(0.50)|Orion:LONG(0.20),Regime: CHOP (Reduced Weights). Score: 0.13. Low Conviction (<0.35).,LOW_CONVICTION,2.844910,MID,20.43,False
1704317400.0,CHOP,NO_GO,HOLD,13.33,SAFE,PRO,DEFENSIVE,1.0,0.25,Aegean:FLAT(0.50)|Orion:LONG(0.20),Regime: CHOP (Reduced Weights). Score: 0.13. Low Conviction (<0.35).,LOW_CONVICTION,1.085993,MID,19.62,False
1704317460.0,CHOP,NO_GO,HOLD,13.33,SAFE,PRO,DEFENSIVE,1.0,0.25,Aegean:FLAT(0.50)|Orion:LONG(0.20),Regime: CHOP (Reduced Weights). Score: 0.13. Low Conviction (<0.35).,LOW_CONVICTION,-1.521853,MID,18.91,False
1704317520.0,CHOP,NO_GO,HOLD,13.33,SAFE,PRO,DEFENSIVE,1.0,0.25,Aegean:FLAT(0.50)|Orion:LONG(0.20),Regime: CHOP (Reduced Weights). Score: 0.13. Low Conviction (<0.35).,LOW_CONVICTION,-1.618004,MID,18.21,False
1704317580.0,TREND,GO,BUY,36.67,SAFE,PRO,DEFENSIVE,1.0,0.25,Aegean:LONG(0.70)|Orion:LONG(0.20),Regime: TREND (Orion 2x). Score: 0.37. Bullish Consensus.,,5.252545,MID,18.59,False
1704317640.0,TREND,GO,BUY,36.67,SAFE,PRO,DEFENSIVE,1.0,0.25,Aegean:LONG(0.70)|Orion:LONG(0.20),Regime: TREND (Orion 2x). Score: 0.37. Bullish Consensus.,,5.252078,MID,18.94,False
1704317700.0,TREND,GO,BUY,36.67,SAFE,PRO,DEFENSIVE,1.0,0.25,Aegean:LONG(0.70)|Orion:LONG(0.20),Regime: TREND (Orion 2x). Score: 0.37. Bullish Consensus.,,4.799902,MID,19.58,False
1704317760.0,TREND,NO_GO,HOLD,13.33,SAFE,PRO,DEFENSIVE,1.0,0.25,Aegean:FLAT(0.50)|Orion:LONG(0.20),Regime: TREND (Orion 2x). Score: 0.13. Low Conviction (<0.35).,LOW_CONVICTION,4.023803,MID,20.08,False
1704317820.0,TREND,NO_GO,HOLD,13.33,SAFE,PRO,DEFENSIVE,1.0,0.25,Aegean:FLAT(0.50)|Orion:LONG(0.20),Regime: TREND (Orion 2x). Score: 0.13. Low Conviction (<0.35).,LOW_CONVICTION,0.441269,MID,19.93,False
1704317880.0,CHOP,NO_GO,HOLD,13.33,SAFE,PRO,DEFENSIVE,1.0,0.25,Aegean:FLAT(0.50)|Orion:LONG(0.20),Regime: CHOP (Reduced Weights). Score: 0.13. Low Conviction (<0.35).,LOW_CONVICTION,-0.221833,MID,19.04,False
1704317940.0,CHOP,NO_GO,HOLD,13.33,SAFE,PRO,DEFENSIVE,1.0,0.25,Aegean:FLAT(0.50)|Orion:LONG(0.20),Regime: CHOP (Reduced Weights). Score: 0.13. Low Conviction (<0.35).,LOW_CONVICTION,0.297705,MID,18.56,False
1704318000.0,CHOP,NO_GO,HOLD,13.33,SAFE,PRO,DEFENSIVE,1.0,0.25,Aegean:FLAT(0.50)|Orion:LONG(0.20),Regime: CHOP (Reduced Weights). Score: 0.13. Low Conviction (<0.35).,LOW_CONVICTION,2.540405,MID,18.25,False
1704318060.0,CHOP,NO_GO,HOLD,13.33,SAFE,PRO,DEFENSIVE,1.0,0.25,Aegean:FLAT(0.50)|Orion:LONG(0.20),Regime: CHOP (Reduced Weights). Score: 0.13. Low Conviction (<0.35).,LOW_CONVICTION,3.439647,MID,18.43,False
1704318120.0,CHOP,NO_GO,HOLD,13.33,SAFE,PRO,DEFENSIVE,1.0,0.25,Aegean:FLAT(0.50)|Orion:LONG(0.20),Regime: CHOP (Reduced Weights). Score: 0.13. Low Conviction (<0.35).,LOW_CONVICTION,2.886645,MID,18.58,False
1704318180.0,CHOP,NO_GO,HOLD,13.33,SAFE,PRO,DEFENSIVE,1.0,0.25,Aegean:FLAT(0.50)|Orion:LONG(0.20),Regime: CHOP (Reduced Weights). Score: 0.13. Low Conviction (<0.35).,LOW_CONVICTION,2.518158,MID,18.75,False
1704318240.0,CHOP,NO_GO,HOLD,13.33,SAFE,PRO,DEFENSIVE,1.0,0.25,Aegean:FLAT(0.50)|Orion:LONG(0.20),Regime: CHOP (Reduced Weights). Score: 0.13. Low Conviction (<0.35).,LOW_CONVICTION,4.179695,MID,19.42,False
1704318300.0,CHOP,NO_GO,HOLD,13.33,SAFE,PRO,DEFENSIVE,1.0,0.25,Aegean:FLAT(0.50)|Orion:LONG(0.20),Regime: CHOP (Reduced Weights). Score: 0.13. Low Conviction (<0.35).,LOW_CONVICTION,4.153041,MID,20.06,False
1704318360.0,CHOP,NO_GO,HOLD,13.33,SAFE,PRO,DEFENSIVE,1.0,0.25,Aegean:FLAT(0.30)|Orion:LONG(0.20),Regime: CHOP (Reduced Weights). Score: 0.13. Low Conviction (<0.35).,LOW_CONVICTION,7.100890,TOP,21.20,False
1704318420.0,TREND,NO_GO,HOLD,13.33,SAFE,PRO,DEFENSIVE,1.0,0.25,Aegean:FLAT(0.30)|Orion:LONG(0.20),Regime: TREND (Orion 2x). Score: 0.13. Low Conviction (<0.35).,LOW_CONVICTION,6.766219,TOP,22.63,False
1704318480.0,TREND,GO,BUY,36.67,SAFE,PRO,DEFENSIVE,1.0,0.25,Aegean:LONG(0.70)|Orion:LONG(0.20),Regime: TREND (Orion 2x). Score: 0.37. Bullish Consensus.,,4.979404,MID,23.58,False
1704318540.0,TREND,NO_GO,HOLD,13.33,SAFE,PRO,DEFENSIVE,1.0,0.25,Aegean:FLAT(0.30)|Orion:LONG(0.20),Regime: TREND (Orion 2x). Score: 0.13. Low Conviction (<0.35).,LOW_CONVICTION,6.430721,TOP,24.72,False
1704318600.0,TREND,NO_GO,HOLD,9.47,SAFE,PRO,DEFENSIVE,1.0,0.25,Aegean:FLAT(0.30)|Orion:LONG(0.14),Regime: TREND (Orion 2x). Score: 0.09. Low Conviction (<0.35).,LOW_CONVICTION,5.600792,TOP,25.68,True
1704318660.0,TREND,NO_GO,HOLD,12.43,SAFE,PRO,DEFENSIVE,1.0,0.25,Aegean:FLAT(0.30)|Orion:LONG(0.19),Regime: TREND (Orion 2x). Score: 0.12. Low Conviction (<0.35).,LOW_CONVICTION,9.767626,TOP,27.46,True
1704318720.0,TREND,NO_GO,HOLD,15.23,SAFE,PRO,DEFENSIVE,1.0,0.25,Aegean:FLAT(0.30)|Orion:LONG(0.23),Regime: TREND (Orion 2x). Score: 0.15. Low Conviction (<0.35).,LOW_CONVICTION,7.828656,TOP,29.14,True
1704318780.0,TREND,GO,BUY,40.86,SAFE,PRO,DEFENSIVE,1.0,0.25,Aegean:LONG(0.70)|Orion:LONG(0.26),Regime: TREND (Orion 2x). Score: 0.41. Bullish Consensus.,,5.743734,MID,30.52,True
1704318840.0,TREND,NO_GO,HOLD,17.91,SAFE,PRO,DEFENSIVE,1.0,0.25,Aegean:FLAT(0.30)|Orion:LONG(0.27),Regime: TREND (Orion 2x). Score: 0.18. Low Conviction (<0.35).,LOW_CONVICTION,5.459512,TOP,30.74,True
1704318900.0,TREND,NO_GO,HOLD,18.47,SAFE,PRO,DEFENSIVE,1.0,0.25,Aegean:FLAT(0.30)|Orion:LONG(0.28),Regime: TREND (Orion 2x). Score: 0.18. Low Conviction (<0.35).,LOW_CONVICTION,6.321121,TOP,31.08,True
1704318960.0,TREND,NO_GO,HOLD,19.29,SAFE,PRO,DEFENSIVE,1.0,0.25,Aegean:FLAT(0.30)|Orion:LONG(0.29),Regime: TREND (Orion 2x). Score: 0.19. Low Conviction (<0.35).,LOW_CONVICTION,5.550880,TOP,31.57,True
1704319020.0,TREND,NO_GO,HOLD,18.07,SAFE,PRO,DEFENSIVE,1.0,0.25,Aegean:FLAT(0.50)|Orion:LONG(0.27),Regime: TREND (Orion 2x). Score: 0.18. Low Conviction (<0.35).,LOW_CONVICTION,1.874163,MID,30.84,True
1704319080.0,TREND,NO_GO,HOLD,15.88,SAFE,PRO,DEFENSIVE,1.0,0.25,Aegean:FLAT(0.50)|Orion:LONG(0.24),Regime: TREND (Orion 2x). Score: 0.16. Low Conviction (<0.35).,LOW_CONVICTION,-1.376149,MID,29.53,True
1704319140.0,TREND,NO_GO,HOLD,13.93,SAFE,PRO,DEFENSIVE,1.0,0.25,Aegean:FLAT(0.50)|Orion:LONG(0.21),Regime: TREND (Orion 2x). Score: 0.14. Low Conviction (<0.35).,LOW_CONVICTION,1.606541,MID,28.36,True
1704319200.0,TREND,NO_GO,HOLD,11.01,SAFE,PRO,DEFENSIVE,1.0,0.25,Aegean:FLAT(0.50)|Orion:LONG(0.17),Regime: TREND (Orion 2x). Score: 0.11. Low Conviction (<0.35).,LOW_CONVICTION,0.667412,MID,26.61,True
1704319260.0,TREND,NO_GO,HOLD,8.54,SAFE,PRO,DEFENSIVE,1.0,0.25,Aegean:FLAT(0.50)|Orion:LONG(0.13),Regime: TREND (Orion 2x). Score: 0.09. Low Conviction (<0.35).,LOW_CONVICTION,1.922068,MID,25.12,True
1704319320.0,TREND,NO_GO,HOLD,13.33,SAFE,PRO,DEFENSIVE,1.0,0.25,Aegean:FLAT(0.50)|Orion:LONG(0.20),Regime: TREND (Orion 2x). Score: 0.13. Low Conviction (<0.35).,LOW_CONVICTION,-0.639839,MID,23.79,False
1704319380.0,TREND,NO_GO,HOLD,13.33,SAFE,PRO,DEFENSIVE,1.0,0.25,Aegean:FLAT(0.50)|Orion:LONG(0.20),Regime: TREND (Orion 2x). Score: 0.13. Low Conviction (<0.35).,LOW_CONVICTION,3.451598,MID,22.29,False
1704319440.0,CHOP,NO_GO,HOLD,13.33,SAFE,PRO,DEFENSIVE,1.0,0.25,Aegean:FLAT(0.50)|Orion:LONG(0.20),Regime: CHOP (Reduced Weights). Score: 0.13. Low Conviction (<0.35).,LOW_CONVICTION,-0.765956,MID,20.90,False
1704319500.0,CHOP,NO_GO,HOLD,13.33,SAFE,PRO,DEFENSIVE,1.0,0.25,Aegean:FLAT(0.50)|Orion:LONG(0.20),Regime: CHOP (Reduced Weights). Score: 0.13. Low Conviction (<0.35).,LOW_CONVICTION,-2.950171,MID,19.91,False
1704319560.0,CHOP,NO_GO,HOLD,13.33,SAFE,PRO,DEFENSIVE,1.0,0.25,Aegean:FLAT(0.50)|Orion:LONG(0.20),Regime: CHOP (Reduced Weights). Score: 0.13. Low Conviction (<0.35).,LOW_CONVICTION,-2.650646,MID,18.68,False
1704319620.0,CHOP,NO_GO,HOLD,13.33,SAFE,PRO,DEFENSIVE,1.0,0.25,Aegean:FLAT(0.50)|Orion:SHORT(0.20),Regime: CHOP (Reduced Weights). Score: -0.13. Low Conviction (<0.35).,LOW_CONVICTION,-3.966052,DIP,18.07,False
1704319680.0,CHOP,NO_GO,HOLD,13.33,SAFE,PRO,DEFENSIVE,1.0,0.25,Aegean:FLAT(0.50)|Orion:LONG(0.20),Regime: CHOP (Reduced Weights). Score: 0.13. Low Conviction (<0.35).,LOW_CONVICTION,-2.989673,MID,17.58,False
1704319740.0,CHOP,NO_GO,HOLD,13.33,SAFE,PRO,DEFENSIVE,1.0,0.25,Aegean:FLAT(0.50)|Orion:LONG(0.20),Regime: CHOP (Reduced Weights). Score: 0.13. Low Conviction (<0.35).,LOW_CONVICTION,1.367707,MID,16.89,False
1704319800.0,CHOP,NO_GO,HOLD,13.33,SAFE,PRO,DEFENSIVE,1.0,0.25,Aegean:FLAT(0.50)|Orion:LONG(0.20),Regime: CHOP (Reduced Weights). Score: 0.13. Low Conviction (<0.35).,LOW_CONVICTION,-0.850686,MID,16.22,False
1704319860.0,CHOP,NO_GO,HOLD,13.33,SAFE,PRO,DEFENSIVE,1.0,0.25,Aegean:FLAT(0.50)|Orion:LONG(0.20),Regime: CHOP (Reduced Weights). Score: 0.13. Low Conviction (<0.35).,LOW_CONVICTION,3.043699,MID,16.20,False
1704319920.0,CHOP,NO_GO,HOLD,13.33,SAFE,PRO,DEFENSIVE,1.0,0.25,Aegean:FLAT(0.50)|Orion:LONG(0.20),Regime: CHOP (Reduced Weights). Score: 0.13. Low Conviction (<0.35).,LOW_CONVICTION,2.287886,MID,16.21,False
1704319980.0,CHOP,NO_GO,HOLD,13.33,SAFE,PRO,DEFENSIVE,1.0,0.25,Aegean:FLAT(0.50)|Orion:LONG(0.20),Regime: CHOP (Reduced Weights). Score: 0.13. Low Conviction (<0.35).,LOW_CONVICTION,2.877000,MID,16.38,False
1704320040.0,CHOP,NO_GO,HOLD,13.33,SAFE,PRO,DEFENSIVE,1.0,0.25,Aegean:FLAT(0.50)|Orion:LONG(0.20),Regime: CHOP (Reduced Weights). Score: 0.13. Low Conviction (<0.35).,LOW_CONVICTION,1.742857,MID,16.55,False
1704320100.0,CHOP,NO_GO,HOLD,13.33,SAFE,PRO,DEFENSIVE,1.0,0.25,Aegean:FLAT(0.50)|Orion:LONG(0.20),Regime: CHOP (Reduced Weights). Score: 0.13. Low Conviction (<0.35).,LOW_CONVICTION,1.809928,MID,16.04,False
1704320160.0,CHOP,NO_GO,HOLD,13.33,SAFE,PRO,DEFENSIVE,1.0,0.25,Aegean:FLAT(0.50)|Orion:LONG(0.20),Regime: CHOP (Reduced Weights). Score: 0.13. Low Conviction (<0.35).,LOW_CONVICTION,-0.287598,MID,15.19,False
1704320220.0,CHOP,NO_GO,HOLD,13.33,SAFE,PRO,DEFENSIVE,1.0,0.25,Aegean:FLAT(0.50)|Orion:SHORT(0.20),Regime: CHOP (Reduced Weights). Score: -0.13. Low Conviction (<0.35).,LOW_CONVICTION,-2.871741,MID,14.86,False
1704320280.0,CHOP,GO,SELL,36.67,SAFE,PRO,DEFENSIVE,1.0,0.25,Aegean:SHORT(0.70)|Orion:SHORT(0.20),Regime: CHOP (Reduced Weights). Score: -0.37. Bearish Consensus.,,-4.524974,MID,15.32,False
1704320340.0,CHOP,NO_GO,HOLD,13.33,SAFE,PRO,DEFENSIVE,1.0,0.25,Aegean:FLAT(0.50)|Orion:SHORT(0.20),Regime: CHOP (Reduced Weights). Score: -0.13. Low Conviction (<0.35).,LOW_CONVICTION,-1.527557,MID,15.39,False
1704320400.0,CHOP,NO_GO,HOLD,13.33,SAFE,PRO,DEFENSIVE,1.0,0.25,Aegean:FLAT(0.50)|Orion:SHORT(0.20),Regime: CHOP (Reduced Weights). Score: -0.13. Low Conviction (<0.35).,LOW_CONVICTION,-3.054657,MID,15.63,False
1704320460.0,CHOP,NO_GO,HOLD,13.33,SAFE,PRO,DEFENSIVE,1.0,0.25,Aegean:FLAT(0.50)|Orion:SHORT(0.20),Regime: CHOP (Reduced Weights). Score: -0.13. Low Conviction (<0.35).,LOW_CONVICTION,-4.282636,MID,16.69,False
1704320520.0,CHOP,NO_GO,HOLD,13.33,SAFE,PRO,DEFENSIVE,1.0,0.25,Aegean:FLAT(0.30)|Orion:SHORT(0.20),Regime: CHOP (Reduced Weights). Score: -0.13. Low Conviction (<0.35).,LOW_CONVICTION,-11.164850,DIP,19.03,False
1704320580.0,TREND,NO_GO,HOLD,13.33,SAFE,PRO,DEFENSIVE,1.0,0.25,Aegean:FLAT(0.30)|Orion:SHORT(0.20),Regime: TREND (Orion 2x). Score: -0.13. Low Conviction (<0.35).,LOW_CONVICTION,-8.648736,DIP,21.16,False
1704320640.0,TREND,NO_GO,HOLD,13.33,SAFE,PRO,DEFENSIVE,1.0,0.25,Aegean:FLAT(0.30)|Orion:SHORT(0.20),Regime: TREND (Orion 2x). Score: -0.13. Low Conviction (<0.35).,LOW_CONVICTION,-8.663461,DIP,23.30,False
1704320700.0,TREND,NO_GO,HOLD,13.33,SAFE,PRO,DEFENSIVE,1.0,0.25,Aegean:FLAT(0.50)|Orion:SHORT(0.20),Regime: TREND (Orion 2x). Score: -0.13. Low Conviction (<0.35).,LOW_CONVICTION,-3.696083,MID,23.89,False
1704320760.0,TREND,GO,SELL,36.67,SAFE,PRO,DEFENSIVE,1.0,0.25,Aegean:SHORT(0.70)|Orion:SHORT(0.20),Regime: TREND (Orion 2x). Score: -0.37. Bearish Consensus.,,-4.924655,MID,24.44,False
1704320820.0,TREND,NO_GO,HOLD,9.55,SAFE,PRO,DEFENSIVE,1.0,0.25,Aegean:FLAT(0.30)|Orion:SHORT(0.14),Regime: TREND (Orion 2x). Score: -0.10. Low Conviction (<0.35).,LOW_CONVICTION,-9.370715,DIP,25.73,True
1704320880.0,TREND,NO_GO,HOLD,11.57,SAFE,PRO,DEFENSIVE,1.0,0.25,Aegean:FLAT(0.30)|Orion:SHORT(0.17),Regime: TREND (Orion 2x). Score: -0.12. Low Conviction (<0.35).,LOW_CONVICTION,-7.385228,DIP,26.94,True
1704320940.0,TREND,NO_GO,HOLD,15.75,SAFE,PRO,DEFENSIVE,1.0,0.25,Aegean:FLAT(0.30)|Orion:SHORT(0.24),Regime: TREND (Orion 2x). Score: -0.16. Low Conviction (<0.35).,LOW_CONVICTION,-14.222640,DIP,29.45,True
1704321000.0,TREND,NO_GO,HOLD,19.64,SAFE,PRO,DEFENSIVE,1.0,0.25,Aegean:FLAT(0.30)|Orion:SHORT(0.29),Regime: TREND (Orion 2x). Score: -0.20. Low Conviction (<0.35).,LOW_CONVICTION,-13.804720,DIP,31.78,True
1704321060.0,TREND,GO,SELL,43.63,SAFE,PRO,DEFENSIVE,1.0,0.25,Aegean:SHORT(0.70)|Orion:SHORT(0.30),Regime: TREND (Orion 2x). Score: -0.44. Bearish Consensus.,,-5.990973,MID,32.18,True
1704321120.0,TREND,GO,SELL,44.05,SAFE,PRO,DEFENSIVE,1.0,0.25,Aegean:SHORT(0.70)|Orion:SHORT(0.31),Regime: TREND (Orion 2x). Score: -0.44. Bearish Consensus.,,-9.833694,MID,32.43,True
1704321180.0,TREND,GO,SELL,44.45,SAFE,PRO,DEFENSIVE,1.0,0.25,Aegean:SHORT(0.70)|Orion:SHORT(0.32),Regime: TREND (Orion 2x). Score: -0.44. Bearish Consensus.,,-5.994039,MID,32.67,True
1704321240.0,TREND,GO,SELL,43.71,SAFE,PRO,DEFENSIVE,1.0,0.25,Aegean:SHORT(0.70)|Orion:SHORT(0.31),Regime: TREND (Orion 2x). Score: -0.44. Bearish Consensus.,,-4.874982,MID,32.23,True
1704321300.0,TREND,GO,SELL,44.59,SAFE,PRO,DEFENSIVE,1.0,0.25,Aegean:SHORT(0.70)|Orion:SHORT(0.32),Regime: TREND (Orion 2x). Score: -0.45. Bearish Consensus.,,-7.070588,MID,32.75,True
1704321360.0,TREND,GO,SELL,45.43,SAFE,PRO,DEFENSIVE,1.0,0.25,Aegean:SHORT(0.70)|Orion:SHORT(0.33),Regime: TREND (Orion 2x). Score: -0.45. Bearish Consensus.,,-6.339946,MID,33.26,True
1704321420.0,TREND,GO,SELL,46.19,SAFE,PRO,DEFENSIVE,1.0,0.25,Aegean:SHORT(0.70)|Orion:SHORT(0.34),Regime: TREND (Orion 2x). Score: -0.46. Bearish Consensus.,,-5.676066,MID,33.71,True
1704321480.0,TREND,GO,SELL,47.00,SAFE,PRO,DEFENSIVE,1.0,0.25,Aegean:SHORT(0.70)|Orion:SHORT(0.36),Regime: TREND (Orion 2x). Score: -0.47. Bearish Consensus.,,-5.191433,MID,34.20,True
1704321540.0,TREND,NO_GO,HOLD,25.41,SAFE,PRO,DEFENSIVE,1.0,0.25,Aegean:FLAT(0.30)|Orion:SHORT(0.38),Regime: TREND (Orion 2x). Score: -0.25. Low Conviction (<0.35).,LOW_CONVICTION,-8.485190,DIP,35.24,True
1704321600.0,TREND,NO_GO,HOLD,27.51,SAFE,PRO,DEFENSIVE,1.0,0.25,Aegean:FLAT(0.30)|Orion:SHORT(0.41),Regime: TREND (Orion 2x). Score: -0.28. Low Conviction (<0.35).,LOW_CONVICTION,-9.708309,DIP,36.51,True
1704321660.0,TREND,NO_GO,HOLD,29.31,SAFE,PRO,DEFENSIVE,1.0,0.25,Aegean:FLAT(0.30)|Orion:SHORT(0.44),Regime: TREND (Orion 2x). Score: -0.29. Low Conviction (<0.35).,LOW_CONVICTION,-6.508742,DIP,37.58,True
1704321720.0,TREND,GO,SELL,52.94,SAFE,PRO,DEFENSIVE,1.0,0.25,Aegean:SHORT(0.70)|Orion:SHORT(0.44),Regime: TREND (Orion 2x). Score: -0.53. Bearish Consensus.,,-4.394277,MID,37.76,True
1704321780.0,TREND,NO_GO,HOLD,30.50,SAFE,PRO,DEFENSIVE,1.0,0.25,Aegean:FLAT(0.30)|Orion:SHORT(0.46),Regime: TREND (Orion 2x). Score: -0.30. Low Conviction (<0.35).,LOW_CONVICTION,-6.887739,DIP,38.30,True
1704321840.0,TREND,NO_GO,HOLD,31.32,SAFE,PRO,DEFENSIVE,1.0,0.25,Aegean:FLAT(0.30)|Orion:SHORT(0.47),Regime: TREND (Orion 2x). Score: -0.31. Low Conviction (<0.35).,LOW_CONVICTION,-6.589012,DIP,38.79,True
1704321900.0,TREND,GO,SELL,56.80,SAFE,PRO,DEFENSIVE,1.0,0.25,Aegean:SHORT(0.70)|Orion:SHORT(0.50),Regime: TREND (Orion 2x). Score: -0.57. Bearish Consensus.,,-4.451173,MID,40.08,True
1704321960.0,TREND,NO_GO,HOLD,32.13,SAFE,PRO,DEFENSIVE,1.0,0.25,Aegean:FLAT(0.50)|Orion:SHORT(0.48),Regime: TREND (Orion 2x). Score: -0.32. Low Conviction (<0.35).,LOW_CONVICTION,1.330459,MID,39.28,True
1704322020.0,TREND,NO_GO,HOLD,29.36,SAFE,PRO,DEFENSIVE,1.0,0.25,Aegean:FLAT(0.50)|Orion:SHORT(0.44),Regime: TREND (Orion 2x). Score: -0.29. Low Conviction (<0.35).,LOW_CONVICTION,2.715892,MID,37.62,True
1704322080.0,TREND,NO_GO,HOLD,26.78,SAFE,PRO,DEFENSIVE,1.0,0.25,Aegean:FLAT(0.50)|Orion:SHORT(0.40),Regime: TREND (Orion 2x). Score: -0.27. Low Conviction (<0.35).,LOW_CONVICTION,0.855685,MID,36.07,True
1704322140.0,TREND,NO_GO,HOLD,24.34,SAFE,PRO,DEFENSIVE,1.0,0.25,Aegean:FLAT(0.50)|Orion:SHORT(0.37),Regime: TREND (Orion 2x). Score: -0.24. Low Conviction (<0.35).,LOW_CONVICTION,0.817330,MID,34.61,True
1704322200.0,TREND,NO_GO,HOLD,21.65,SAFE,PRO,DEFENSIVE,1.0,0.25,Aegean:FLAT(0.50)|Orion:SHORT(0.32),Regime: TREND (Orion 2x). Score: -0.22. Low Conviction (<0.35).,LOW_CONVICTION,1.434056,TOP,32.99,True
1704322260.0,TREND,NO_GO,HOLD,18.14,SAFE,PRO,DEFENSIVE,1.0,0.25,Aegean:FLAT(0.50)|Orion:SHORT(0.27),Regime: TREND (Orion 2x). Score: -0.18. Low Conviction (<0.35).,LOW_CONVICTION,3.331785,TOP,30.88,True
1704322320.0,TREND,NO_GO,HOLD,14.63,SAFE,PRO,DEFENSIVE,1.0,0.25,Aegean:FLAT(0.50)|Orion:SHORT(0.22),Regime: TREND (Orion 2x). Score: -0.15. Low Conviction (<0.35).,LOW_CONVICTION,2.817014,TOP,28.78,True
1704322380.0,TREND,NO_GO,HOLD,11.36,SAFE,PRO,DEFENSIVE,1.0,0.25,Aegean:FLAT(0.50)|Orion:SHORT(0.17),Regime: TREND (Orion 2x). Score: -0.11. Low Conviction (<0.35).,LOW_CONVICTION,3.135583,TOP,26.81,True
1704322440.0,TREND,NO_GO,HOLD,8.42,SAFE,PRO,DEFENSIVE,1.0,0.25,Aegean:FLAT(0.50)|Orion:SHORT(0.13),Regime: TREND (Orion 2x). Score: -0.08. Low Conviction (<0.35).,LOW_CONVICTION,2.494268,TOP,25.05,True
1704322500.0,TREND,NO_GO,HOLD,13.33,SAFE,PRO,DEFENSIVE,1.0,0.25,Aegean:FLAT(0.50)|Orion:SHORT(0.20),Regime: TREND (Orion 2x). Score: -0.13. Low Conviction (<0.35).,LOW_CONVICTION,0.014003,MID,24.18,False
1704322560.0,TREND,NO_GO,HOLD,13.33,SAFE,PRO,DEFENSIVE,1.0,0.25,Aegean:FLAT(0.50)|Orion:SHORT(0.20),Regime: TREND (Orion 2x). Score: -0.13. Low Conviction (<0.35).,LOW_CONVICTION,-0.401973,MID,23.44,False
1704322620.0,TREND,NO_GO,HOLD,13.33,SAFE,PRO,DEFENSIVE,1.0,0.25,Aegean:FLAT(0.50)|Orion:SHORT(0.20),Regime: TREND (Orion 2x). Score: -0.13. Low Conviction (<0.35).,LOW_CONVICTION,-0.325962,MID,22.78,False
1704322680.0,TREND,NO_GO,HOLD,13.33,SAFE,PRO,DEFENSIVE,1.0,0.25,Aegean:FLAT(0.50)|Orion:SHORT(0.20),Regime: TREND (Orion 2x). Score: -0.13. Low Conviction (<0.35).,LOW_CONVICTION,0.878070,TOP,21.61,False
1704322740.0,TREND,NO_GO,HOLD,13.33,SAFE,PRO,DEFENSIVE,1.0,0.25,Aegean:FLAT(0.50)|Orion:SHORT(0.20),Regime: TREND (Orion 2x). Score: -0.13. Low Conviction (<0.35).,LOW_CONVICTION,1.840106,TOP,20.13,False
1704322800.0,TREND,NO_GO,HOLD,13.33,SAFE,PRO,DEFENSIVE,1.0,0.25,Aegean:FLAT(0.50)|Orion:LONG(0.20),Regime: TREND (Orion 2x). Score: 0.13. Low Conviction (<0.35).,LOW_CONVICTION,3.846059,TOP,19.46,False
1704322860.0,TREND,NO_GO,HOLD,13.33,SAFE,PRO,DEFENSIVE,1.0,0.25,Aegean:FLAT(0.50)|Orion:SHORT(0.20),Regime: TREND (Orion 2x). Score: -0.13. Low Conviction (<0.35).,LOW_CONVICTION,-2.740738,MID,19.17,False
1704322920.0,TREND,GO,SELL,36.67,SAFE,PRO,DEFENSIVE,1.0,0.25,Aegean:SHORT(0.70)|Orion:SHORT(0.20),Regime: TREND (Orion 2x). Score: -0.37. Bearish Consensus.,,-5.167883,MID,19.80,False
1704322980.0,TREND,GO,SELL,36.67,SAFE,PRO,DEFENSIVE,1.0,0.25,Aegean:SHORT(0.70)|Orion:SHORT(0.20),Regime: TREND (Orion 2x). Score: -0.37. Bearish Consensus.,,-6.590338,MID,20.75,False
1704323040.0,TREND,GO,SELL,36.67,SAFE,PRO,DEFENSIVE,1.0,0.25,Aegean:SHORT(0.70)|Orion:SHORT(0.20),Regime: TREND (Orion 2x). Score: -0.37. Bearish Consensus.,,-4.594247,MID,21.66,False
1704323100.0,TREND,GO,SELL,36.67,SAFE,PRO,DEFENSIVE,1.0,0.25,Aegean:SHORT(0.70)|Orion:SHORT(0.20),Regime: TREND (Orion 2x). Score: -0.37. Bearish Consensus.,,-4.849679,MID,23.14,False
1704323160.0,TREND,GO,SELL,36.67,SAFE,PRO,DEFENSIVE,1.0,0.25,Aegean:SHORT(0.70)|Orion:SHORT(0.20),Regime: TREND (Orion 2x). Score: -0.37. Bearish Consensus.,,-5.322459,MID,24.53,False
1704323220.0,TREND,NO_GO,HOLD,33.13,SAFE,PRO,DEFENSIVE,1.0,0.25,Aegean:SHORT(0.70)|Orion:SHORT(0.15),Regime: TREND (Orion 2x). Score: -0.33. Low Conviction (<0.35).,LOW_CONVICTION,-4.757472,MID,25.88,True
1704323280.0,TREND,GO,SELL,36.13,SAFE,PRO,DEFENSIVE,1.0,0.25,Aegean:SHORT(0.70)|Orion:SHORT(0.19),Regime: TREND (Orion 2x). Score: -0.36. Bearish Consensus.,,-4.954974,MID,27.68,True
1704323340.0,TREND,NO_GO,HOLD,15.64,SAFE,PRO,DEFENSIVE,1.0,0.25,Aegean:FLAT(0.30)|Orion:SHORT(0.23),Regime: TREND (Orion 2x). Score: -0.16. Low Conviction (<0.35).,LOW_CONVICTION,-6.826085,DIP,29.38,True
1704323400.0,TREND,NO_GO,HOLD,19.06,SAFE,PRO,DEFENSIVE,1.0,0.25,Aegean:FLAT(0.30)|Orion:SHORT(0.29),Regime: TREND (Orion 2x). Score: -0.19. Low Conviction (<0.35).,LOW_CONVICTION,-7.453371,DIP,31.44,True
1704323460.0,TREND,NO_GO,HOLD,18.35,SAFE,PRO,DEFENSIVE,1.0,0.25,Aegean:FLAT(0.50)|Orion:SHORT(0.28),Regime: TREND (Orion 2x). Score: -0.18. Low Conviction (<0.35).,LOW_CONVICTION,0.012723,MID,31.01,True
1704323520.0,TREND,GO,SELL,40.93,SAFE,PRO,DEFENSIVE,1.0,0.25,Aegean:SHORT(0.70)|Orion:SHORT(0.26),Regime: TREND (Orion 2x). Score: -0.41. Bearish Consensus.,,-4.633974,MID,30.56,True
1704323580.0,TREND,GO,SELL,40.79,SAFE,PRO,DEFENSIVE,1.0,0.25,Aegean:SHORT(0.70)|Orion:SHORT(0.26),Regime: TREND (Orion 2x). Score: -0.41. Bearish Consensus.,,-4.733831,MID,30.48,True
1704323640.0,TREND,NO_GO,HOLD,17.38,SAFE,PRO,DEFENSIVE,1.0,0.25,Aegean:FLAT(0.50)|Orion:SHORT(0.26),Regime: TREND (Orion 2x). Score: -0.17. Low Conviction (<0.35).,LOW_CONVICTION,-3.650197,MID,30.43,True
1704323700.0,TREND,NO_GO,HOLD,17.70,SAFE,PRO,DEFENSIVE,1.0,0.25,Aegean:FLAT(0.30)|Orion:SHORT(0.27),Regime: TREND (Orion 2x). Score: -0.18. Low Conviction (<0.35).,LOW_CONVICTION,-4.613834,DIP,30.62,True
1704323760.0,TREND,NO_GO,HOLD,17.60,SAFE,PRO,DEFENSIVE,1.0,0.25,Aegean:FLAT(0.50)|Orion:SHORT(0.26),Regime: TREND (Orion 2x). Score: -0.18. Low Conviction (<0.35).,LOW_CONVICTION,-1.923926,MID,30.56,True
1704323820.0,TREND,NO_GO,HOLD,16.08,SAFE,PRO,DEFENSIVE,1.0,0.25,Aegean:FLAT(0.50)|Orion:SHORT(0.24),Regime: TREND (Orion 2x). Score: -0.16. Low Conviction (<0.35).,LOW_CONVICTION,0.405953,MID,29.65,True
1704323880.0,TREND,NO_GO,HOLD,13.36,SAFE,PRO,DEFENSIVE,1.0,0.25,Aegean:FLAT(0.50)|Orion:SHORT(0.20),Regime: TREND (Orion 2x). Score: -0.13. Low Conviction (<0.35).,LOW_CONVICTION,2.321199,MID,28.02,True
1704323940.0,TREND,NO_GO,HOLD,10.52,SAFE,PRO,DEFENSIVE,1.0,0.25,Aegean:FLAT(0.50)|Orion:SHORT(0.16),Regime: TREND (Orion 2x). Score: -0.11. Low Conviction (<0.35).,LOW_CONVICTION,2.591076,MID,26.31,True
1704324000.0,TREND,NO_GO,HOLD,13.33,SAFE,PRO,DEFENSIVE,1.0,0.25,Aegean:FLAT(0.50)|Orion:LONG(0.20),Regime: TREND (Orion 2x). Score: 0.13. Low Conviction (<0.35).,LOW_CONVICTION,3.646029,MID,24.79,False
1704324060.0,TREND,NO_GO,HOLD,13.33,SAFE,PRO,DEFENSIVE,1.0,0.25,Aegean:FLAT(0.30)|Orion:LONG(0.20),Regime: TREND (Orion 2x). Score: 0.13. Low Conviction (<0.35).,LOW_CONVICTION,4.640282,TOP,23.74,False
1704324120.0,CHOP,NO_GO,HOLD,13.33,SAFE,PRO,DEFENSIVE,1.0,0.25,Aegean:FLAT(0.50)|Orion:LONG(0.20),Regime: CHOP (Reduced Weights). Score: 0.13. Low Conviction (<0.35).,LOW_CONVICTION,2.352058,MID,22.77,False
1704324180.0,CHOP,NO_GO,HOLD,13.33,SAFE,PRO,DEFENSIVE,1.0,0.25,Aegean:FLAT(0.50)|Orion:SHORT(0.20),Regime: CHOP (Reduced Weights). Score: -0.13. Low Conviction (<0.35).,LOW_CONVICTION,1.439971,MID,21.64,False
1704324240.0,CHOP,NO_GO,HOLD,13.33,SAFE,PRO,DEFENSIVE,1.0,0.25,Aegean:FLAT(0.50)|Orion:LONG(0.20),Regime: CHOP (Reduced Weights). Score: 0.13. Low Conviction (<0.35).,LOW_CONVICTION,1.900907,MID,21.02,False
1704324300.0,CHOP,NO_GO,HOLD,13.33,SAFE,PRO,DEFENSIVE,1.0,0.25,Aegean:FLAT(0.30)|Orion:LONG(0.20),Regime: CHOP (Reduced Weights). Score: 0.13. Low Conviction (<0.35).,LOW_CONVICTION,7.351425,TOP,21.79,False
1704324360.0,TREND,NO_GO,HOLD,13.33,SAFE,PRO,DEFENSIVE,1.0,0.25,Aegean:FLAT(0.30)|Orion:LONG(0.20),Regime: TREND (Orion 2x). Score: 0.13. Low Conviction (<0.35).,LOW_CONVICTION,7.347250,TOP,23.03,False
1704324420.0,TREND,NO_GO,HOLD,13.33,SAFE,PRO,DEFENSIVE,1.0,0.25,Aegean:FLAT(0.30)|Orion:LONG(0.20),Regime: TREND (Orion 2x). Score: 0.13. Low Conviction (<0.35).,LOW_CONVICTION,7.948656,TOP,24.16,False
1704324480.0,TREND,NO_GO,HOLD,13.33,SAFE,PRO,DEFENSIVE,1.0,0.25,Aegean:FLAT(0.30)|Orion:LONG(0.20),Regime: TREND (Orion 2x). Score: 0.13. Low Conviction (<0.35).,LOW_CONVICTION,6.262117,TOP,24.99,False
1704324540.0,TREND,NO_GO,HOLD,9.57,SAFE,PRO,DEFENSIVE,1.0,0.25,Aegean:FLAT(0.30)|Orion:LONG(0.14),Regime: TREND (Orion 2x). Score: 0.10. Low Conviction (<0.35).,LOW_CONVICTION,5.491113,TOP,25.74,True
1704324600.0,TREND,NO_GO,HOLD,13.33,SAFE,PRO,DEFENSIVE,1.0,0.25,Aegean:FLAT(0.50)|Orion:LONG(0.20),Regime: TREND (Orion 2x). Score: 0.13. Low Conviction (<0.35).,LOW_CONVICTION,2.212955,MID,24.82,False
1704324660.0,TREND,NO_GO,HOLD,13.33,SAFE,PRO,DEFENSIVE,1.0,0.25,Aegean:FLAT(0.50)|Orion:LONG(0.20),Regime: TREND (Orion 2x). Score: 0.13. Low Conviction (<0.35).,LOW_CONVICTION,3.162991,MID,23.83,False
1704324720.0,TREND,NO_GO,HOLD,13.33,SAFE,PRO,DEFENSIVE,1.0,0.25,Aegean:FLAT(0.50)|Orion:LONG(0.20),Regime: TREND (Orion 2x). Score: 0.13. Low Conviction (<0.35).,LOW_CONVICTION,3.247406,MID,23.11,False
1704324780.0,TREND,NO_GO,HOLD,13.33,SAFE,PRO,DEFENSIVE,1.0,0.25,Aegean:FLAT(0.50)|Orion:LONG(0.20),Regime: TREND (Orion 2x). Score: 0.13. Low Conviction (<0.35).,LOW_CONVICTION,-1.626478,MID,22.03,False
1704324840.0,TREND,NO_GO,HOLD,13.33,SAFE,PRO,DEFENSIVE,1.0,0.25,Aegean:FLAT(0.50)|Orion:LONG(0.20),Regime: TREND (Orion 2x). Score: 0.13. Low Conviction (<0.35).,LOW_CONVICTION,-1.629326,MID,21.34,False
1704324900.0,TREND,NO_GO,HOLD,13.33,SAFE,PRO,DEFENSIVE,1.0,0.25,Aegean:FLAT(0.50)|Orion:SHORT(0.20),Regime: TREND (Orion 2x). Score: -0.13. Low Conviction (<0.35).,LOW_CONVICTION,-1.423765,MID,20.70,False
1704324960.0,TREND,NO_GO,HOLD,13.33,SAFE,PRO,DEFENSIVE,1.0,0.25,Aegean:FLAT(0.50)|Orion:LONG(0.20),Regime: TREND (Orion 2x). Score: 0.13. Low Conviction (<0.35).,LOW_CONVICTION,0.187089,MID,19.48,False
1704325020.0,CHOP,NO_GO,HOLD,13.33,SAFE,PRO,DEFENSIVE,1.0,0.25,Aegean:FLAT(0.50)|Orion:LONG(0.20),Regime: CHOP (Reduced Weights). Score: 0.13. Low Conviction (<0.35).,LOW_CONVICTION,-0.693554,MID,18.35,False
1704325080.0,CHOP,NO_GO,HOLD,13.33,SAFE,PRO,DEFENSIVE,1.0,0.25,Aegean:FLAT(0.50)|Orion:LONG(0.20),Regime: CHOP (Reduced Weights). Score: 0.13. Low Conviction (<0.35).,LOW_CONVICTION,0.960644,MID,17.40,False
1704325140.0,CHOP,NO_GO,HOLD,13.33,SAFE,PRO,DEFENSIVE,1.0,0.25,Aegean:FLAT(0.50)|Orion:LONG(0.20),Regime: CHOP (Reduced Weights). Score: 0.13. Low Conviction (<0.35).,LOW_CONVICTION,2.709575,MID,17.01,False
1704325200.0,CHOP,NO_GO,HOLD,13.33,SAFE,PRO,DEFENSIVE,1.0,0.25,Aegean:FLAT(0.50)|Orion:LONG(0.20),Regime: CHOP (Reduced Weights). Score: 0.13. Low Conviction (<0.35).,LOW_CONVICTION,3.837137,MID,17.11,False
1704325260.0,CHOP,NO_GO,HOLD,13.33,SAFE,PRO,DEFENSIVE,1.0,0.25,Aegean:FLAT(0.50)|Orion:LONG(0.20),Regime: CHOP (Reduced Weights). Score: 0.13. Low Conviction (<0.35).,LOW_CONVICTION,3.158659,MID,17.20,False
1704325320.0,CHOP,NO_GO,HOLD,13.33,SAFE,PRO,DEFENSIVE,1.0,0.25,Aegean:FLAT(0.50)|Orion:LONG(0.20),Regime: CHOP (Reduced Weights). Score: 0.13. Low Conviction (<0.35).,LOW_CONVICTION,1.449184,MID,16.55,False
1704325380.0,CHOP,NO_GO,HOLD,13.33,SAFE,PRO,DEFENSIVE,1.0,0.25,Aegean:FLAT(0.50)|Orion:LONG(0.20),Regime: CHOP (Reduced Weights). Score: 0.13. Low Conviction (<0.35).,LOW_CONVICTION,-0.775299,MID,15.75,False
1704325440.0,CHOP,NO_GO,HOLD,13.33,SAFE,PRO,DEFENSIVE,1.0,0.25,Aegean:FLAT(0.50)|Orion:LONG(0.20),Regime: CHOP (Reduced Weights). Score: 0.13. Low Conviction (<0.35).,LOW_CONVICTION,-2.063028,DIP,15.56,False
1704325500.0,CHOP,NO_GO,HOLD,13.33,SAFE,PRO,DEFENSIVE,1.0,0.25,Aegean:FLAT(0.50)|Orion:LONG(0.20),Regime: CHOP (Reduced Weights). Score: 0.13. Low Conviction (<0.35).,LOW_CONVICTION,0.709556,MID,14.83,False
1704325560.0,CHOP,NO_GO,HOLD,13.33,SAFE,PRO,DEFENSIVE,1.0,0.25,Aegean:FLAT(0.50)|Orion:LONG(0.20),Regime: CHOP (Reduced Weights). Score: 0.13. Low Conviction (<0.35).,LOW_CONVICTION,2.976537,MID,14.38,False
1704325620.0,CHOP,NO_GO,HOLD,13.33,SAFE,PRO,DEFENSIVE,1.0,0.25,Aegean:FLAT(0.50)|Orion:LONG(0.20),Regime: CHOP (Reduced Weights). Score: 0.13. Low Conviction (<0.35).,LOW_CONVICTION,3.556875,TOP,14.26,False
1704325680.0,CHOP,NO_GO,HOLD,13.33,SAFE,PRO,DEFENSIVE,1.0,0.25,Aegean:FLAT(0.50)|Orion:LONG(0.20),Regime: CHOP (Reduced Weights). Score: 0.13. Low Conviction (<0.35).,LOW_CONVICTION,3.254312,TOP,14.29,False
1704325740.0,CHOP,NO_GO,HOLD,13.33,SAFE,PRO,DEFENSIVE,1.0,0.25,Aegean:FLAT(0.30)|Orion:LONG(0.20),Regime: CHOP (Reduced Weights). Score: 0.13. Low Conviction (<0.35).,LOW_CONVICTION,6.618941,TOP,15.37,False
1704325800.0,CHOP,NO_GO,HOLD,13.33,SAFE,PRO,DEFENSIVE,1.0,0.25,Aegean:FLAT(0.30)|Orion:LONG(0.20),Regime: CHOP (Reduced Weights). Score: 0.13. Low Conviction (<0.35).,LOW_CONVICTION,4.724535,TOP,16.41,False
1704325860.0,CHOP,NO_GO,HOLD,13.33,SAFE,PRO,DEFENSIVE,1.0,0.25,Aegean:FLAT(0.50)|Orion:LONG(0.20),Regime: CHOP (Reduced Weights). Score: 0.13. Low Conviction (<0.35).,LOW_CONVICTION,1.754739,MID,16.07,False
1704325920.0,CHOP,NO_GO,HOLD,13.33,SAFE,PRO,DEFENSIVE,1.0,0.25,Aegean:FLAT(0.50)|Orion:LONG(0.20),Regime: CHOP (Reduced Weights). Score: 0.13. Low Conviction (<0.35).,LOW_CONVICTION,3.007829,MID,15.76,False
1704325980.0,CHOP,NO_GO,HOLD,13.33,SAFE,PRO,DEFENSIVE,1.0,0.25,Aegean:FLAT(0.50)|Orion:LONG(0.20),Regime: CHOP (Reduced Weights). Score: 0.13. Low Conviction (<0.35).,LOW_CONVICTION,4.245876,TOP,16.00,False
1704326040.0,CHOP,NO_GO,HOLD,13.33,SAFE,PRO,DEFENSIVE,1.0,0.25,Aegean:FLAT(0.30)|Orion:LONG(0.20),Regime: CHOP (Reduced Weights). Score: 0.13. Low Conviction (<0.35).,LOW_CONVICTION,6.335586,TOP,17.09,False
1704326100.0,CHOP,NO_GO,HOLD,13.33,SAFE,PRO,DEFENSIVE,1.0,0.25,Aegean:FLAT(0.30)|Orion:LONG(0.20),Regime: CHOP (Reduced Weights). Score: 0.13. Low Conviction (<0.35).,LOW_CONVICTION,5.687743,TOP,18.10,False
1704326160.0,CHOP,NO_GO,HOLD,13.33,SAFE,PRO,DEFENSIVE,1.0,0.25,Aegean:FLAT(0.50)|Orion:LONG(0.20),Regime: CHOP (Reduced Weights). Score: 0.13. Low Conviction (<0.35).,LOW_CONVICTION,2.789409,MID,17.91,False
1704326220.0,CHOP,NO_GO,HOLD,13.33,SAFE,PRO,DEFENSIVE,1.0,0.25,Aegean:FLAT(0.50)|Orion:LONG(0.20),Regime: CHOP (Reduced Weights). Score: 0.13. Low Conviction (<0.35).,LOW_CONVICTION,4.190639,TOP,17.79,False
1704326280.0,CHOP,NO_GO,HOLD,13.33,SAFE,PRO,DEFENSIVE,1.0,0.25,Aegean:FLAT(0.30)|Orion:LONG(0.20),Regime: CHOP (Reduced Weights). Score: 0.13. Low Conviction (<0.35).,LOW_CONVICTION,5.100537,TOP,17.89,False
1704326340.0,TREND,NO_GO,HOLD,13.33,SAFE,PRO,DEFENSIVE,1.0,0.25,Aegean:FLAT(0.30)|Orion:LONG(0.20),Regime: TREND (Orion 2x). Score: 0.13. Low Conviction (<0.35).,LOW_CONVICTION,6.086649,TOP,18.45,False
1704326400.0,CHOP,NO_GO,HOLD,13.33,SAFE,PRO,DEFENSIVE,1.0,0.25,Aegean:FLAT(0.50)|Orion:LONG(0.20),Regime: CHOP (Reduced Weights). Score: 0.13. Low Conviction (<0.35).,LOW_CONVICTION,1.959259,MID,17.58,False
1704326460.0,CHOP,NO_GO,HOLD,13.33,SAFE,PRO,DEFENSIVE,1.0,0.25,Aegean:FLAT(0.50)|Orion:LONG(0.20),Regime: CHOP (Reduced Weights). Score: 0.13. Low Conviction (<0.35).,LOW_CONVICTION,4.173989,TOP,17.00,False
1704326520.0,CHOP,NO_GO,HOLD,13.33,SAFE,PRO,DEFENSIVE,1.0,0.25,Aegean:FLAT(0.30)|Orion:LONG(0.20),Regime: CHOP (Reduced Weights). Score: 0.13. Low Conviction (<0.35).,LOW_CONVICTION,5.995275,TOP,16.62,False
1704326580.0,CHOP,NO_GO,HOLD,13.33,SAFE,PRO,DEFENSIVE,1.0,0.25,Aegean:FLAT(0.50)|Orion:LONG(0.20),Regime: CHOP (Reduced Weights). Score: 0.13. Low Conviction (<0.35).,LOW_CONVICTION,1.949709,MID,16.45,False
1704326640.0,CHOP,NO_GO,HOLD,13.33,SAFE,PRO,DEFENSIVE,1.0,0.25,Aegean:FLAT(0.50)|Orion:LONG(0.20),Regime: CHOP (Reduced Weights). Score: 0.13. Low Conviction (<0.35).,LOW_CONVICTION,1.762517,MID,15.57,False
1704326700.0,CHOP,NO_GO,HOLD,13.33,SAFE,PRO,DEFENSIVE,1.0,0.25,Aegean:FLAT(0.50)|Orion:LONG(0.20),Regime: CHOP (Reduced Weights). Score: 0.13. Low Conviction (<0.35).,LOW_CONVICTION,0.743806,MID,16.00,False
1704326760.0,CHOP,NO_GO,HOLD,13.33,SAFE,PRO,DEFENSIVE,1.0,0.25,Aegean:FLAT(0.50)|Orion:LONG(0.20),Regime: CHOP (Reduced Weights). Score: 0.13. Low Conviction (<0.35).,LOW_CONVICTION,-3.825999,DIP,15.35,False
1704326820.0,CHOP,NO_GO,HOLD,13.33,SAFE,PRO,DEFENSIVE,1.0,0.25,Aegean:FLAT(0.50)|Orion:LONG(0.20),Regime: CHOP (Reduced Weights). Score: 0.13. Low Conviction (<0.35).,LOW_CONVICTION,3.679993,MID,14.41,False
1704326880.0,CHOP,NO_GO,HOLD,13.33,SAFE,PRO,DEFENSIVE,1.0,0.25,Aegean:FLAT(0.30)|Orion:LONG(0.20),Regime: CHOP (Reduced Weights). Score: 0.13. Low Conviction (<0.35).,LOW_CONVICTION,5.417488,TOP,14.15,False
1704326940.0,CHOP,NO_GO,HOLD,13.33,SAFE,PRO,DEFENSIVE,1.0,0.25,Aegean:FLAT(0.30)|Orion:LONG(0.20),Regime: CHOP (Reduced Weights). Score: 0.13. Low Conviction (<0.35).,LOW_CONVICTION,7.143920,TOP,14.43,False
1704327000.0,CHOP,NO_GO,HOLD,13.33,SAFE,PRO,DEFENSIVE,1.0,0.25,Aegean:FLAT(0.30)|Orion:LONG(0.20),Regime: CHOP (Reduced Weights). Score: 0.13. Low Conviction (<0.35).,LOW_CONVICTION,7.022105,TOP,14.90,False
1704327060.0,CHOP,NO_GO,HOLD,13.33,SAFE,PRO,DEFENSIVE,1.0,0.25,Aegean:FLAT(0.30)|Orion:LONG(0.20),Regime: CHOP (Reduced Weights). Score: 0.13. Low Conviction (<0.35).,LOW_CONVICTION,8.145320,TOP,15.51,False
1704327120.0,CHOP,NO_GO,HOLD,13.33,SAFE,PRO,DEFENSIVE,1.0,0.25,Aegean:FLAT(0.30)|Orion:LONG(0.20),Regime: CHOP (Reduced Weights). Score: 0.13. Low Conviction (<0.35).,LOW_CONVICTION,6.041809,TOP,16.31,False
1704327180.0,CHOP,NO_GO,HOLD,13.33,SAFE,PRO,DEFENSIVE,1.0,0.25,Aegean:FLAT(0.30)|Orion:LONG(0.20),Regime: CHOP (Reduced Weights). Score: 0.13. Low Conviction (<0.35).,LOW_CONVICTION,6.733368,TOP,17.07,False
1704327240.0,CHOP,NO_GO,HOLD,13.33,SAFE,PRO,DEFENSIVE,1.0,0.25,Aegean:FLAT(0.30)|Orion:LONG(0.20),Regime: CHOP (Reduced Weights). Score: 0.13. Low Conviction (<0.35).,LOW_CONVICTION,8.765554,TOP,18.63,False
1704327300.0,CHOP,NO_GO,HOLD,13.33,SAFE,PRO,DEFENSIVE,1.0,0.25,Aegean:FLAT(0.30)|Orion:LONG(0.20),Regime: CHOP (Reduced Weights). Score: 0.13. Low Conviction (<0.35).,LOW_CONVICTION,8.503832,TOP,20.28,False
1704327360.0,TREND,GO,BUY,36.67,SAFE,PRO,DEFENSIVE,1.0,0.25,Aegean:LONG(0.70)|Orion:LONG(0.20),Regime: TREND (Orion 2x). Score: 0.37. Bullish Consensus.,,7.307043,MID,22.24,False
1704327420.0,TREND,NO_GO,HOLD,13.33,SAFE,PRO,DEFENSIVE,1.0,0.25,Aegean:FLAT(0.30)|Orion:LONG(0.20),Regime: TREND (Orion 2x). Score: 0.13. Low Conviction (<0.35).,LOW_CONVICTION,8.061537,TOP,24.05,False
1704327480.0,TREND,NO_GO,HOLD,32.77,SAFE,PRO,DEFENSIVE,1.0,0.25,Aegean:LONG(0.70)|Orion:LONG(0.14),Regime: TREND (Orion 2x). Score: 0.33. Low Conviction (<0.35).,LOW_CONVICTION,5.536716,MID,25.66,True
1704327540.0,TREND,NO_GO,HOLD,9.98,SAFE,PRO,DEFENSIVE,1.0,0.25,Aegean:FLAT(0.50)|Orion:LONG(0.15),Regime: TREND (Orion 2x). Score: 0.10. Low Conviction (<0.35).,LOW_CONVICTION,3.364998,MID,25.99,True
1704327600.0,TREND,NO_GO,HOLD,13.33,SAFE,PRO,DEFENSIVE,1.0,0.25,Aegean:FLAT(0.50)|Orion:LONG(0.20),Regime: TREND (Orion 2x). Score: 0.13. Low Conviction (<0.35).,LOW_CONVICTION,-1.363319,MID,24.78,False
1704327660.0,TREND,NO_GO,HOLD,13.33,SAFE,PRO,DEFENSIVE,1.0,0.25,Aegean:FLAT(0.50)|Orion:LONG(0.20),Regime: TREND (Orion 2x). Score: 0.13. Low Conviction (<0.35).,LOW_CONVICTION,-1.269033,MID,23.44,False
1704327720.0,TREND,NO_GO,HOLD,10.00,SAFE,PRO,DEFENSIVE,1.0,0.25,Aegean:SHORT(0.70)|Orion:LONG(0.20),Regime: TREND (Orion 2x). Score: -0.10. Low Conviction (<0.35).,LOW_CONVICTION,-5.850477,MID,22.60,False
1704327780.0,TREND,NO_GO,HOLD,13.33,SAFE,PRO,DEFENSIVE,1.0,0.25,Aegean:FLAT(0.50)|Orion:LONG(0.20),Regime: TREND (Orion 2x). Score: 0.13. Low Conviction (<0.35).,LOW_CONVICTION,-4.261713,MID,22.03,False
1704327840.0,TREND,NO_GO,HOLD,10.00,SAFE,PRO,DEFENSIVE,1.0,0.25,Aegean:SHORT(0.70)|Orion:LONG(0.20),Regime: TREND (Orion 2x). Score: -0.10. Low Conviction (<0.35).,LOW_CONVICTION,-4.641676,MID,21.93,False
1704327900.0,TREND,NO_GO,HOLD,13.33,SAFE,PRO,DEFENSIVE,1.0,0.25,Aegean:FLAT(0.50)|Orion:LONG(0.20),Regime: TREND (Orion 2x). Score: 0.13. Low Conviction (<0.35).,LOW_CONVICTION,-3.046747,MID,21.48,False
1704327960.0,TREND,NO_GO,HOLD,13.33,SAFE,PRO,DEFENSIVE,1.0,0.25,Aegean:FLAT(0.50)|Orion:LONG(0.20),Regime: TREND (Orion 2x). Score: 0.13. Low Conviction (<0.35).,LOW_CONVICTION,-2.892730,MID,20.76,False
1704328020.0,CHOP,NO_GO,HOLD,13.33,SAFE,PRO,DEFENSIVE,1.0,0.25,Aegean:FLAT(0.50)|Orion:LONG(0.20),Regime: CHOP (Reduced Weights). Score: 0.13. Low Conviction (<0.35).,LOW_CONVICTION,-0.555097,MID,19.31,False
1704328080.0,CHOP,NO_GO,HOLD,13.33,SAFE,PRO,DEFENSIVE,1.0,0.25,Aegean:FLAT(0.50)|Orion:LONG(0.20),Regime: CHOP (Reduced Weights). Score: 0.13. Low Conviction (<0.35).,LOW_CONVICTION,0.999336,MID,18.02,False
1704328140.0,CHOP,NO_GO,HOLD,13.33,SAFE,PRO,DEFENSIVE,1.0,0.25,Aegean:FLAT(0.50)|Orion:LONG(0.20),Regime: CHOP (Reduced Weights). Score: 0.13. Low Conviction (<0.35).,LOW_CONVICTION,2.432665,MID,17.46,False
1704328200.0,CHOP,NO_GO,HOLD,13.33,SAFE,PRO,DEFENSIVE,1.0,0.25,Aegean:FLAT(0.50)|Orion:LONG(0.20),Regime: CHOP (Reduced Weights). Score: 0.13. Low Conviction (<0.35).,LOW_CONVICTION,3.539405,MID,17.35,False
1704328260.0,CHOP,NO_GO,HOLD,13.33,SAFE,PRO,DEFENSIVE,1.0,0.25,Aegean:FLAT(0.50)|Orion:LONG(0.20),Regime: CHOP (Reduced Weights). Score: 0.13. Low Conviction (<0.35).,LOW_CONVICTION,-0.402311,MID,16.40,False
1704328320.0,CHOP,NO_GO,HOLD,13.33,SAFE,PRO,DEFENSIVE,1.0,0.25,Aegean:FLAT(0.50)|Orion:LONG(0.20),Regime: CHOP (Reduced Weights). Score: 0.13. Low Conviction (<0.35).,LOW_CONVICTION,-1.268323,MID,15.52,False
1704328380.0,CHOP,NO_GO,HOLD,13.33,SAFE,PRO,DEFENSIVE,1.0,0.25,Aegean:FLAT(0.50)|Orion:LONG(0.20),Regime: CHOP (Reduced Weights). Score: 0.13. Low Conviction (<0.35).,LOW_CONVICTION,-1.558270,MID,14.55,False
1704328440.0,CHOP,NO_GO,HOLD,13.33,SAFE,PRO,DEFENSIVE,1.0,0.25,Aegean:FLAT(0.50)|Orion:LONG(0.20),Regime: CHOP (Reduced Weights). Score: 0.13. Low Conviction (<0.35).,LOW_CONVICTION,-1.460359,MID,13.58,False
1704328500.0,CHOP,NO_GO,HOLD,13.33,SAFE,PRO,DEFENSIVE,1.0,0.25,Aegean:FLAT(0.50)|Orion:LONG(0.20),Regime: CHOP (Reduced Weights). Score: 0.13. Low Conviction (<0.35).,LOW_CONVICTION,-0.095555,MID,13.03,False
1704328560.0,CHOP,GO,BUY,36.67,SAFE,PRO,DEFENSIVE,1.0,0.25,Aegean:LONG(0.70)|Orion:LONG(0.20),Regime: CHOP (Reduced Weights). Score: 0.37. Bullish Consensus.,,7.107721,MID,14.54,False
1704328620.0,CHOP,GO,BUY,36.67,SAFE,PRO,DEFENSIVE,1.0,0.25,Aegean:LONG(0.70)|Orion:LONG(0.20),Regime: CHOP (Reduced Weights). Score: 0.37. Bullish Consensus.,,5.710868,MID,16.00,False
1704328680.0,CHOP,NO_GO,HOLD,13.33,SAFE,PRO,DEFENSIVE,1.0,0.25,Aegean:FLAT(0.50)|Orion:LONG(0.20),Regime: CHOP (Reduced Weights). Score: 0.13. Low Conviction (<0.35).,LOW_CONVICTION,0.945302,MID,16.69,False
1704328740.0,CHOP,NO_GO,HOLD,13.33,SAFE,PRO,DEFENSIVE,1.0,0.25,Aegean:FLAT(0.50)|Orion:LONG(0.20),Regime: CHOP (Reduced Weights). Score: 0.13. Low Conviction (<0.35).,LOW_CONVICTION,2.172008,MID,17.35,False
1704328800.0,CHOP,NO_GO,HOLD,13.33,SAFE,PRO,DEFENSIVE,1.0,0.25,Aegean:FLAT(0.50)|Orion:LONG(0.20),Regime: CHOP (Reduced Weights). Score: 0.13. Low Conviction (<0.35).,LOW_CONVICTION,-1.141571,MID,17.18,False
1704328860.0,CHOP,NO_GO,HOLD,13.33,SAFE,PRO,DEFENSIVE,1.0,0.25,Aegean:FLAT(0.50)|Orion:LONG(0.20),Regime: CHOP (Reduced Weights). Score: 0.13. Low Conviction (<0.35).,LOW_CONVICTION,1.327428,MID,16.91,False
1704328920.0,CHOP,NO_GO,HOLD,13.33,SAFE,PRO,DEFENSIVE,1.0,0.25,Aegean:FLAT(0.50)|Orion:LONG(0.20),Regime: CHOP (Reduced Weights). Score: 0.13. Low Conviction (<0.35).,LOW_CONVICTION,0.191807,MID,16.69,False
1704328980.0,CHOP,NO_GO,HOLD,13.33,SAFE,PRO,DEFENSIVE,1.0,0.25,Aegean:FLAT(0.50)|Orion:LONG(0.20),Regime: CHOP (Reduced Weights). Score: 0.13. Low Conviction (<0.35).,LOW_CONVICTION,-0.569719,MID,16.10,False
1704329040.0,CHOP,NO_GO,HOLD,13.33,SAFE,PRO,DEFENSIVE,1.0,0.25,Aegean:FLAT(0.50)|Orion:SHORT(0.20),Regime: CHOP (Reduced Weights). Score: -0.13. Low Conviction (<0.35).,LOW_CONVICTION,-2.490017,MID,15.42,False
1704329100.0,CHOP,NO_GO,HOLD,13.33,SAFE,PRO,DEFENSIVE,1.0,0.25,Aegean:FLAT(0.50)|Orion:SHORT(0.20),Regime: CHOP (Reduced Weights). Score: -0.13. Low Conviction (<0.35).,LOW_CONVICTION,-1.334047,MID,14.74,False
1704329160.0,CHOP,NO_GO,HOLD,13.33,SAFE,PRO,DEFENSIVE,1.0,0.25,Aegean:FLAT(0.50)|Orion:SHORT(0.20),Regime: CHOP (Reduced Weights). Score: -0.13. Low Conviction (<0.35).,LOW_CONVICTION,-1.988802,MID,14.11,False
1704329220.0,CHOP,NO_GO,HOLD,13.33,SAFE,PRO,DEFENSIVE,1.0,0.25,Aegean:FLAT(0.50)|Orion:SHORT(0.20),Regime: CHOP (Reduced Weights). Score: -0.13. Low Conviction (<0.35).,LOW_CONVICTION,-3.487169,DIP,14.28,False
1704329280.0,CHOP,NO_GO,HOLD,13.33,SAFE,PRO,DEFENSIVE,1.0,0.25,Aegean:FLAT(0.50)|Orion:SHORT(0.20),Regime: CHOP (Reduced Weights). Score: -0.13. Low Conviction (<0.35).,LOW_CONVICTION,-3.753481,DIP,14.59,False
1704329340.0,CHOP,NO_GO,HOLD,13.33,SAFE,PRO,DEFENSIVE,1.0,0.25,Aegean:FLAT(0.50)|Orion:SHORT(0.20),Regime: CHOP (Reduced Weights). Score: -0.13. Low Conviction (<0.35).,LOW_CONVICTION,-3.765842,DIP,15.15,False
1704329400.0,CHOP,NO_GO,HOLD,13.33,SAFE,PRO,DEFENSIVE,1.0,0.25,Aegean:FLAT(0.50)|Orion:SHORT(0.20),Regime: CHOP (Reduced Weights). Score: -0.13. Low Conviction (<0.35).,LOW_CONVICTION,-2.665412,MID,15.93,False
1704329460.0,CHOP,NO_GO,HOLD,13.33,SAFE,PRO,DEFENSIVE,1.0,0.25,Aegean:FLAT(0.50)|Orion:SHORT(0.20),Regime: CHOP (Reduced Weights). Score: -0.13. Low Conviction (<0.35).,LOW_CONVICTION,-0.727675,MID,15.13,False
1704329520.0,CHOP,NO_GO,HOLD,13.33,SAFE,PRO,DEFENSIVE,1.0,0.25,Aegean:FLAT(0.50)|Orion:SHORT(0.20),Regime: CHOP (Reduced Weights). Score: -0.13. Low Conviction (<0.35).,LOW_CONVICTION,-2.240043,MID,14.48,False
1704329580.0,CHOP,NO_GO,HOLD,13.33,SAFE,PRO,DEFENSIVE,1.0,0.25,Aegean:FLAT(0.50)|Orion:SHORT(0.20),Regime: CHOP (Reduced Weights). Score: -0.13. Low Conviction (<0.35).,LOW_CONVICTION,-3.917805,DIP,14.49,False
1704329640.0,CHOP,NO_GO,HOLD,13.33,SAFE,PRO,DEFENSIVE,1.0,0.25,Aegean:FLAT(0.50)|Orion:SHORT(0.20),Regime: CHOP (Reduced Weights). Score: -0.13. Low Conviction (<0.35).,LOW_CONVICTION,0.255537,MID,13.64,False
1704329700.0,CHOP,NO_GO,HOLD,13.33,SAFE,PRO,DEFENSIVE,1.0,0.25,Aegean:FLAT(0.50)|Orion:LONG(0.20),Regime: CHOP (Reduced Weights). Score: 0.13. Low Conviction (<0.35).,LOW_CONVICTION,2.611728,MID,13.42,False
1704329760.0,CHOP,NO_GO,HOLD,13.33,SAFE,PRO,DEFENSIVE,1.0,0.25,Aegean:FLAT(0.50)|Orion:SHORT(0.20),Regime: CHOP (Reduced Weights). Score: -0.13. Low Conviction (<0.35).,LOW_CONVICTION,-0.348831,MID,13.21,False
1704329820.0,CHOP,NO_GO,HOLD,13.33,SAFE,PRO,DEFENSIVE,1.0,0.25,Aegean:FLAT(0.50)|Orion:SHORT(0.20),Regime: CHOP (Reduced Weights). Score: -0.13. Low Conviction (<0.35).,LOW_CONVICTION,0.771456,MID,13.02,False
1704329880.0,CHOP,NO_GO,HOLD,13.33,SAFE,PRO,DEFENSIVE,1.0,0.25,Aegean:FLAT(0.50)|Orion:SHORT(0.20),Regime: CHOP (Reduced Weights). Score: -0.13. Low Conviction (<0.35).,LOW_CONVICTION,1.123983,MID,13.12,False
1704329940.0,CHOP,NO_GO,HOLD,13.33,SAFE,PRO,DEFENSIVE,1.0,0.25,Aegean:FLAT(0.50)|Orion:SHORT(0.20),Regime: CHOP (Reduced Weights). Score: -0.13. Low Conviction (<0.35).,LOW_CONVICTION,1.200305,MID,13.52,False
1704330000.0,CHOP,NO_GO,HOLD,13.33,SAFE,PRO,DEFENSIVE,1.0,0.25,Aegean:FLAT(0.50)|Orion:SHORT(0.20),Regime: CHOP (Reduced Weights). Score: -0.13. Low Conviction (<0.35).,LOW_CONVICTION,-0.438417,MID,12.93,False
1704330060.0,CHOP,NO_GO,HOLD,13.33,SAFE,PRO,DEFENSIVE,1.0,0.25,Aegean:FLAT(0.30)|Orion:LONG(0.20),Regime: CHOP (Reduced Weights). Score: 0.13. Low Conviction (<0.35).,LOW_CONVICTION,5.944763,TOP,14.19,False
1704330120.0,CHOP,NO_GO,HOLD,13.33,SAFE,PRO,DEFENSIVE,1.0,0.25,Aegean:FLAT(0.50)|Orion:LONG(0.20),Regime: CHOP (Reduced Weights). Score: 0.13. Low Conviction (<0.35).,LOW_CONVICTION,4.251675,MID,15.37,False
1704330180.0,CHOP,NO_GO,HOLD,13.33,SAFE,PRO,DEFENSIVE,1.0,0.25,Aegean:FLAT(0.50)|Orion:LONG(0.20),Regime: CHOP (Reduced Weights). Score: 0.13. Low Conviction (<0.35).,LOW_CONVICTION,2.993950,MID,16.02,False
1704330240.0,CHOP,NO_GO,HOLD,13.33,SAFE,PRO,DEFENSIVE,1.0,0.25,Aegean:FLAT(0.50)|Orion:LONG(0.20),Regime: CHOP (Reduced Weights). Score: 0.13. Low Conviction (<0.35).,LOW_CONVICTION,1.925553,MID,16.27,False
1704330300.0,CHOP,NO_GO,HOLD,13.33,SAFE,PRO,DEFENSIVE,1.0,0.25,Aegean:FLAT(0.50)|Orion:LONG(0.20),Regime: CHOP (Reduced Weights). Score: 0.13. Low Conviction (<0.35).,LOW_CONVICTION,0.231235,MID,15.91,False
1704330360.0,CHOP,NO_GO,HOLD,13.33,SAFE,PRO,DEFENSIVE,1.0,0.25,Aegean:FLAT(0.50)|Orion:SHORT(0.20),Regime: CHOP (Reduced Weights). Score: -0.13. Low Conviction (<0.35).,LOW_CONVICTION,-3.794293,MID,15.59,False
1704330420.0,CHOP,NO_GO,HOLD,13.33,SAFE,PRO,DEFENSIVE,1.0,0.25,Aegean:FLAT(0.30)|Orion:SHORT(0.20),Regime: CHOP (Reduced Weights). Score: -0.13. Low Conviction (<0.35).,LOW_CONVICTION,-4.618047,DIP,15.67,False
1704330480.0,CHOP,NO_GO,HOLD,13.33,SAFE,PRO,DEFENSIVE,1.0,0.25,Aegean:FLAT(0.30)|Orion:SHORT(0.20),Regime: CHOP (Reduced Weights). Score: -0.13. Low Conviction (<0.35).,LOW_CONVICTION,-5.080994,DIP,15.89,False
1704330540.0,CHOP,NO_GO,HOLD,13.33,SAFE,PRO,DEFENSIVE,1.0,0.25,Aegean:FLAT(0.50)|Orion:SHORT(0.20),Regime: CHOP (Reduced Weights). Score: -0.13. Low Conviction (<0.35).,LOW_CONVICTION,-3.179221,DIP,16.13,False
1704330600.0,CHOP,NO_GO,HOLD,13.33,SAFE,PRO,DEFENSIVE,1.0,0.25,Aegean:FLAT(0.50)|Orion:LONG(0.20),Regime: CHOP (Reduced Weights). Score: 0.13. Low Conviction (<0.35).,LOW_CONVICTION,1.920478,MID,15.48,False
1704330660.0,CHOP,NO_GO,HOLD,13.33,SAFE,PRO,DEFENSIVE,1.0,0.25,Aegean:FLAT(0.50)|Orion:LONG(0.20),Regime: CHOP (Reduced Weights). Score: 0.13. Low Conviction (<0.35).,LOW_CONVICTION,1.438053,MID,14.87,False
1704330720.0,CHOP,NO_GO,HOLD,13.33,SAFE,PRO,DEFENSIVE,1.0,0.25,Aegean:FLAT(0.50)|Orion:LONG(0.20),Regime: CHOP (Reduced Weights). Score: 0.13. Low Conviction (<0.35).,LOW_CONVICTION,1.244568,MID,14.59,False
1704330780.0,CHOP,NO_GO,HOLD,13.33,SAFE,PRO,DEFENSIVE,1.0,0.25,Aegean:FLAT(0.50)|Orion:LONG(0.20),Regime: CHOP (Reduced Weights). Score: 0.13. Low Conviction (<0.35).,LOW_CONVICTION,1.744199,MID,14.30,False
1704330840.0,CHOP,NO_GO,HOLD,13.33,SAFE,PRO,DEFENSIVE,1.0,0.25,Aegean:FLAT(0.50)|Orion:LONG(0.20),Regime: CHOP (Reduced Weights). Score: 0.13. Low Conviction (<0.35).,LOW_CONVICTION,2.348582,MID,14.28,False
1704330900.0,CHOP,NO_GO,HOLD,13.33,SAFE,PRO,DEFENSIVE,1.0,0.25,Aegean:FLAT(0.50)|Orion:SHORT(0.20),Regime: CHOP (Reduced Weights). Score: -0.13. Low Conviction (<0.35).,LOW_CONVICTION,-3.488556,MID,13.93,False
1704330960.0,CHOP,NO_GO,HOLD,13.33,SAFE,PRO,DEFENSIVE,1.0,0.25,Aegean:FLAT(0.30)|Orion:SHORT(0.20),Regime: CHOP (Reduced Weights). Score: -0.13. Low Conviction (<0.35).,LOW_CONVICTION,-5.825181,DIP,14.46,False
1704331020.0,CHOP,NO_GO,HOLD,13.33,SAFE,PRO,DEFENSIVE,1.0,0.25,Aegean:FLAT(0.30)|Orion:SHORT(0.20),Regime: CHOP (Reduced Weights). Score: -0.13. Low Conviction (<0.35).,LOW_CONVICTION,-9.686787,DIP,16.01,False
1704331080.0,CHOP,NO_GO,HOLD,13.33,SAFE,PRO,DEFENSIVE,1.0,0.25,Aegean:FLAT(0.30)|Orion:SHORT(0.20),Regime: CHOP (Reduced Weights). Score: -0.13. Low Conviction (<0.35).,LOW_CONVICTION,-13.337941,DIP,18.03,False
1704331140.0,CHOP,NO_GO,HOLD,13.33,SAFE,PRO,DEFENSIVE,1.0,0.25,Aegean:FLAT(0.30)|Orion:SHORT(0.20),Regime: CHOP (Reduced Weights). Score: -0.13. Low Conviction (<0.35).,LOW_CONVICTION,-10.341179,DIP,20.00,False
1704331200.0,TREND,NO_GO,HOLD,13.33,SAFE,PRO,DEFENSIVE,1.0,0.25,Aegean:FLAT(0.30)|Orion:SHORT(0.20),Regime: TREND (Orion 2x). Score: -0.13. Low Conviction (<0.35).,LOW_CONVICTION,-12.640062,DIP,21.99,False
1704331260.0,TREND,GO,SELL,36.67,SAFE,PRO,DEFENSIVE,1.0,0.25,Aegean:SHORT(0.70)|Orion:SHORT(0.20),Regime: TREND (Orion 2x). Score: -0.37. Bearish Consensus.,,-7.473523,MID,23.43,False
1704331320.0,TREND,NO_GO,HOLD,13.33,SAFE,PRO,DEFENSIVE,1.0,0.25,Aegean:FLAT(0.30)|Orion:SHORT(0.20),Regime: TREND (Orion 2x). Score: -0.13. Low Conviction (<0.35).,LOW_CONVICTION,-9.399191,DIP,24.79,False
1704331380.0,TREND,NO_GO,HOLD,11.32,SAFE,PRO,DEFENSIVE,1.0,0.25,Aegean:FLAT(0.30)|Orion:SHORT(0.17),Regime: TREND (Orion 2x). Score: -0.11. Low Conviction (<0.35).,LOW_CONVICTION,-12.936231,DIP,26.79,True
1704331440.0,TREND,NO_GO,HOLD,15.12,SAFE,PRO,DEFENSIVE,1.0,0.25,Aegean:FLAT(0.30)|Orion:SHORT(0.23),Regime: TREND (Orion 2x). Score: -0.15. Low Conviction (<0.35).,LOW_CONVICTION,-14.500927,DIP,29.07,True
1704331500.0,TREND,NO_GO,HOLD,18.75,SAFE,PRO,DEFENSIVE,1.0,0.25,Aegean:FLAT(0.30)|Orion:SHORT(0.28),Regime: TREND (Orion 2x). Score: -0.19. Low Conviction (<0.35).,LOW_CONVICTION,-11.131774,DIP,31.25,True
1704331560.0,TREND,NO_GO,HOLD,17.99,SAFE,PRO,DEFENSIVE,1.0,0.25,Aegean:FLAT(0.50)|Orion:SHORT(0.27),Regime: TREND (Orion 2x). Score: -0.18. Low Conviction (<0.35).,LOW_CONVICTION,-3.821258,MID,30.79,True
1704331620.0,TREND,GO,SELL,40.01,SAFE,PRO,DEFENSIVE,1.0,0.25,Aegean:SHORT(0.70)|Orion:SHORT(0.25),Regime: TREND (Orion 2x). Score: -0.40. Bearish Consensus.,,-5.910907,MID,30.01,True
1704331680.0,TREND,GO,SELL,39.58,SAFE,PRO,DEFENSIVE,1.0,0.25,Aegean:SHORT(0.70)|Orion:SHORT(0.24),Regime: TREND (Orion 2x). Score: -0.40. Bearish Consensus.,,-4.704548,MID,29.75,True
1704331740.0,TREND,NO_GO,HOLD,15.29,SAFE,PRO,DEFENSIVE,1.0,0.25,Aegean:FLAT(0.50)|Orion:SHORT(0.23),Regime: TREND (Orion 2x). Score: -0.15. Low Conviction (<0.35).,LOW_CONVICTION,-3.016004,MID,29.17,True
1704331800.0,TREND,NO_GO,HOLD,12.32,SAFE,PRO,DEFENSIVE,1.0,0.25,Aegean:FLAT(0.50)|Orion:SHORT(0.18),Regime: TREND (Orion 2x). Score: -0.12. Low Conviction (<0.35).,LOW_CONVICTION,0.828314,MID,27.39,True
1704331860.0,TREND,NO_GO,HOLD,9.50,SAFE,PRO,DEFENSIVE,1.0,0.25,Aegean:FLAT(0.50)|Orion:SHORT(0.14),Regime: TREND (Orion 2x). Score: -0.09. Low Conviction (<0.35).,LOW_CONVICTION,-1.607746,MID,25.70,True
1704331920.0,TREND,NO_GO,HOLD,13.33,SAFE,PRO,DEFENSIVE,1.0,0.25,Aegean:FLAT(0.50)|Orion:SHORT(0.20),Regime: TREND (Orion 2x). Score: -0.13. Low Conviction (<0.35).,LOW_CONVICTION,-3.381371,MID,24.73,False
1704331980.0,TREND,NO_GO,HOLD,13.33,SAFE,PRO,DEFENSIVE,1.0,0.25,Aegean:FLAT(0.50)|Orion:SHORT(0.20),Regime: TREND (Orion 2x). Score: -0.13. Low Conviction (<0.35).,LOW_CONVICTION,0.221841,MID,23.81,False
1704332040.0,TREND,NO_GO,HOLD,13.33,SAFE,PRO,DEFENSIVE,1.0,0.25,Aegean:FLAT(0.50)|Orion:SHORT(0.20),Regime: TREND (Orion 2x). Score: -0.13. Low Conviction (<0.35).,LOW_CONVICTION,-2.804295,MID,22.70,False
1704332100.0,TREND,GO,SELL,36.67,SAFE,PRO,DEFENSIVE,1.0,0.25,Aegean:SHORT(0.70)|Orion:SHORT(0.20),Regime: TREND (Orion 2x). Score: -0.37. Bearish Consensus.,,-6.122157,MID,22.51,False
1704332160.0,TREND,NO_GO,HOLD,13.33,SAFE,PRO,DEFENSIVE,1.0,0.25,Aegean:FLAT(0.50)|Orion:SHORT(0.20),Regime: TREND (Orion 2x). Score: -0.13. Low Conviction (<0.35).,LOW_CONVICTION,-2.881280,MID,22.47,False
1704332220.0,TREND,GO,SELL,36.67,SAFE,PRO,DEFENSIVE,1.0,0.25,Aegean:SHORT(0.70)|Orion:SHORT(0.20),Regime: TREND (Orion 2x). Score: -0.37. Bearish Consensus.,,-5.150046,MID,22.43,False
1704332280.0,TREND,NO_GO,HOLD,13.33,SAFE,PRO,DEFENSIVE,1.0,0.25,Aegean:FLAT(0.50)|Orion:SHORT(0.20),Regime: TREND (Orion 2x). Score: -0.13. Low Conviction (<0.35).,LOW_CONVICTION,-3.981468,MID,22.41,False
1704332340.0,TREND,GO,SELL,36.67,SAFE,PRO,DEFENSIVE,1.0,0.25,Aegean:SHORT(0.70)|Orion:SHORT(0.20),Regime: TREND (Orion 2x). Score: -0.37. Bearish Consensus.,,-5.746735,MID,22.78,False
1704332400.0,TREND,NO_GO,HOLD,13.33,SAFE,PRO,DEFENSIVE,1.0,0.25,Aegean:FLAT(0.50)|Orion:SHORT(0.20),Regime: TREND (Orion 2x). Score: -0.13. Low Conviction (<0.35).,LOW_CONVICTION,-4.072108,MID,23.30,False
1704332460.0,TREND,GO,SELL,36.67,SAFE,PRO,DEFENSIVE,1.0,0.25,Aegean:SHORT(0.70)|Orion:SHORT(0.20),Regime: TREND (Orion 2x). Score: -0.37. Bearish Consensus.,,-5.264817,MID,23.78,False
1704332520.0,TREND,NO_GO,HOLD,13.33,SAFE,PRO,DEFENSIVE,1.0,0.25,Aegean:FLAT(0.50)|Orion:SHORT(0.20),Regime: TREND (Orion 2x). Score: -0.13. Low Conviction (<0.35).,LOW_CONVICTION,-2.836377,MID,24.53,False
1704332580.0,TREND,NO_GO,HOLD,32.05,SAFE,PRO,DEFENSIVE,1.0,0.25,Aegean:SHORT(0.70)|Orion:SHORT(0.13),Regime: TREND (Orion 2x). Score: -0.32. Low Conviction (<0.35).,LOW_CONVICTION,-4.868074,MID,25.23,True
1704332640.0,TREND,NO_GO,HOLD,9.83,SAFE,PRO,DEFENSIVE,1.0,0.25,Aegean:FLAT(0.50)|Orion:SHORT(0.15),Regime: TREND (Orion 2x). Score: -0.10. Low Conviction (<0.35).,LOW_CONVICTION,-2.835820,MID,25.90,True
1704332700.0,TREND,NO_GO,HOLD,10.91,SAFE,PRO,DEFENSIVE,1.0,0.25,Aegean:FLAT(0.50)|Orion:SHORT(0.16),Regime: TREND (Orion 2x). Score: -0.11. Low Conviction (<0.35).,LOW_CONVICTION,-2.962949,MID,26.54,True
1704332760.0,TREND,NO_GO,HOLD,10.26,SAFE,PRO,DEFENSIVE,1.0,0.25,Aegean:FLAT(0.50)|Orion:SHORT(0.15),Regime: TREND (Orion 2x). Score: -0.10. Low Conviction (<0.35).,LOW_CONVICTION,0.142507,MID,26.15,True
1704332820.0,TREND,NO_GO,HOLD,8.72,SAFE,PRO,DEFENSIVE,1.0,0.25,Aegean:FLAT(0.50)|Orion:SHORT(0.13),Regime: TREND (Orion 2x). Score: -0.09. Low Conviction (<0.35).,LOW_CONVICTION,1.250346,MID,25.23,True
1704332880.0,TREND,NO_GO,HOLD,13.33,SAFE,PRO,DEFENSIVE,1.0,0.25,Aegean:FLAT(0.50)|Orion:SHORT(0.20),Regime: TREND (Orion 2x). Score: -0.13. Low Conviction (<0.35).,LOW_CONVICTION,3.320230,MID,23.54,False
1704332940.0,TREND,NO_GO,HOLD,13.33,SAFE,PRO,DEFENSIVE,1.0,0.25,Aegean:FLAT(0.30)|Orion:SHORT(0.20),Regime: TREND (Orion 2x). Score: -0.13. Low Conviction (<0.35).,LOW_CONVICTION,5.558214,TOP,22.97,False
1704333000.0,TREND,NO_GO,HOLD,13.33,SAFE,PRO,DEFENSIVE,1.0,0.25,Aegean:FLAT(0.50)|Orion:SHORT(0.20),Regime: TREND (Orion 2x). Score: -0.13. Low Conviction (<0.35).,LOW_CONVICTION,2.699068,MID,22.06,False
1704333060.0,TREND,NO_GO,HOLD,13.33,SAFE,PRO,DEFENSIVE,1.0,0.25,Aegean:FLAT(0.50)|Orion:SHORT(0.20),Regime: TREND (Orion 2x). Score: -0.13. Low Conviction (<0.35).,LOW_CONVICTION,0.970921,MID,21.09,False
1704333120.0,TREND,NO_GO,HOLD,13.33,SAFE,PRO,DEFENSIVE,1.0,0.25,Aegean:FLAT(0.50)|Orion:SHORT(0.20),Regime: TREND (Orion 2x). Score: -0.13. Low Conviction (<0.35).,LOW_CONVICTION,-1.767333,MID,20.10,False
1704333180.0,CHOP,NO_GO,HOLD,13.33,SAFE,PRO,DEFENSIVE,1.0,0.25,Aegean:FLAT(0.50)|Orion:SHORT(0.20),Regime: CHOP (Reduced Weights). Score: -0.13. Low Conviction (<0.35).,LOW_CONVICTION,-0.800755,MID,19.24,False
1704333240.0,CHOP,NO_GO,HOLD,13.33,SAFE,PRO,DEFENSIVE,1.0,0.25,Aegean:FLAT(0.50)|Orion:SHORT(0.20),Regime: CHOP (Reduced Weights). Score: -0.13. Low Conviction (<0.35).,LOW_CONVICTION,-2.242749,MID,19.23,False
1704333300.0,CHOP,NO_GO,HOLD,13.33,SAFE,PRO,DEFENSIVE,1.0,0.25,Aegean:FLAT(0.50)|Orion:SHORT(0.20),Regime: CHOP (Reduced Weights). Score: -0.13. Low Conviction (<0.35).,LOW_CONVICTION,2.127833,MID,18.20,False
1704333360.0,CHOP,NO_GO,HOLD,13.33,SAFE,PRO,DEFENSIVE,1.0,0.25,Aegean:FLAT(0.50)|Orion:SHORT(0.20),Regime: CHOP (Reduced Weights). Score: -0.13. Low Conviction (<0.35).,LOW_CONVICTION,-2.003054,MID,17.26,False
1704333420.0,CHOP,NO_GO,HOLD,13.33,SAFE,PRO,DEFENSIVE,1.0,0.25,Aegean:FLAT(0.50)|Orion:SHORT(0.20),Regime: CHOP (Reduced Weights). Score: -0.13. Low Conviction (<0.35).,LOW_CONVICTION,2.569962,MID,16.15,False
1704333480.0,CHOP,NO_GO,HOLD,13.33,SAFE,PRO,DEFENSIVE,1.0,0.25,Aegean:FLAT(0.50)|Orion:SHORT(0.20),Regime: CHOP (Reduced Weights). Score: -0.13. Low Conviction (<0.35).,LOW_CONVICTION,1.449711,MID,15.02,False
1704333540.0,CHOP,NO_GO,HOLD,13.33,SAFE,PRO,DEFENSIVE,1.0,0.25,Aegean:FLAT(0.50)|Orion:SHORT(0.20),Regime: CHOP (Reduced Weights). Score: -0.13. Low Conviction (<0.35).,LOW_CONVICTION,0.996918,MID,14.94,False
1704333600.0,CHOP,NO_GO,HOLD,13.33,SAFE,PRO,DEFENSIVE,1.0,0.25,Aegean:FLAT(0.50)|Orion:SHORT(0.20),Regime: CHOP (Reduced Weights). Score: -0.13. Low Conviction (<0.35).,LOW_CONVICTION,1.579603,MID,14.39,False
1704333660.0,CHOP,NO_GO,HOLD,13.33,SAFE,PRO,DEFENSIVE,1.0,0.25,Aegean:FLAT(0.50)|Orion:SHORT(0.20),Regime: CHOP (Reduced Weights). Score: -0.13. Low Conviction (<0.35).,LOW_CONVICTION,-0.849702,MID,14.30,False
1704333720.0,CHOP,NO_GO,HOLD,13.33,SAFE,PRO,DEFENSIVE,1.0,0.25,Aegean:FLAT(0.50)|Orion:LONG(0.20),Regime: CHOP (Reduced Weights). Score: 0.13. Low Conviction (<0.35).,LOW_CONVICTION,2.038600,MID,14.22,False
1704333780.0,CHOP,NO_GO,HOLD,13.33,SAFE,PRO,DEFENSIVE,1.0,0.25,Aegean:FLAT(0.50)|Orion:LONG(0.20),Regime: CHOP (Reduced Weights). Score: 0.13. Low Conviction (<0.35).,LOW_CONVICTION,2.566252,MID,13.92,False
1704333840.0,CHOP,NO_GO,HOLD,13.33,SAFE,PRO,DEFENSIVE,1.0,0.25,Aegean:FLAT(0.50)|Orion:LONG(0.20),Regime: CHOP (Reduced Weights). Score: 0.13. Low Conviction (<0.35).,LOW_CONVICTION,3.005804,MID,13.10,False
1704333900.0,CHOP,NO_GO,HOLD,13.33,SAFE,PRO,DEFENSIVE,1.0,0.25,Aegean:FLAT(0.30)|Orion:LONG(0.20),Regime: CHOP (Reduced Weights). Score: 0.13. Low Conviction (<0.35).,LOW_CONVICTION,5.683623,TOP,13.22,False
1704333960.0,CHOP,NO_GO,HOLD,13.33,SAFE,PRO,DEFENSIVE,1.0,0.25,Aegean:FLAT(0.30)|Orion:LONG(0.20),Regime: CHOP (Reduced Weights). Score: 0.13. Low Conviction (<0.35).,LOW_CONVICTION,5.403483,TOP,13.49,False
1704334020.0,CHOP,NO_GO,HOLD,13.33,SAFE,PRO,DEFENSIVE,1.0,0.25,Aegean:FLAT(0.50)|Orion:LONG(0.20),Regime: CHOP (Reduced Weights). Score: 0.13. Low Conviction (<0.35).,LOW_CONVICTION,4.093173,TOP,13.73,False
1704334080.0,CHOP,NO_GO,HOLD,13.33,SAFE,PRO,DEFENSIVE,1.0,0.25,Aegean:FLAT(0.50)|Orion:LONG(0.20),Regime: CHOP (Reduced Weights). Score: 0.13. Low Conviction (<0.35).,LOW_CONVICTION,2.732287,MID,13.97,False
1704334140.0,CHOP,NO_GO,HOLD,13.33,SAFE,PRO,DEFENSIVE,1.0,0.25,Aegean:FLAT(0.50)|Orion:LONG(0.20),Regime: CHOP (Reduced Weights). Score: 0.13. Low Conviction (<0.35).,LOW_CONVICTION,2.866294,TOP,14.13,False
1704334200.0,CHOP,NO_GO,HOLD,13.33,SAFE,PRO,DEFENSIVE,1.0,0.25,Aegean:FLAT(0.30)|Orion:LONG(0.20),Regime: CHOP (Reduced Weights). Score: 0.13. Low Conviction (<0.35).,LOW_CONVICTION,5.200554,TOP,15.28,False
1704334260.0,CHOP,NO_GO,HOLD,13.33,SAFE,PRO,DEFENSIVE,1.0,0.25,Aegean:FLAT(0.30)|Orion:LONG(0.20),Regime: CHOP (Reduced Weights). Score: 0.13. Low Conviction (<0.35).,LOW_CONVICTION,8.843933,TOP,17.47,False
1704334320.0,CHOP,NO_GO,HOLD,13.33,SAFE,PRO,DEFENSIVE,1.0,0.25,Aegean:FLAT(0.30)|Orion:LONG(0.20),Regime: CHOP (Reduced Weights). Score: 0.13. Low Conviction (<0.35).,LOW_CONVICTION,11.964376,TOP,20.26,False
1704334380.0,TREND,NO_GO,HOLD,13.33,SAFE,PRO,DEFENSIVE,1.0,0.25,Aegean:FLAT(0.30)|Orion:LONG(0.20),Regime: TREND (Orion 2x). Score: 0.13. Low Conviction (<0.35).,LOW_CONVICTION,9.918861,TOP,22.92,False
1704334440.0,TREND,NO_GO,HOLD,9.50,SAFE,PRO,DEFENSIVE,1.0,0.25,Aegean:FLAT(0.30)|Orion:LONG(0.14),Regime: TREND (Orion 2x). Score: 0.10. Low Conviction (<0.35).,LOW_CONVICTION,12.499058,TOP,25.70,True
1704334500.0,TREND,NO_GO,HOLD,14.01,SAFE,PRO,DEFENSIVE,1.0,0.25,Aegean:FLAT(0.30)|Orion:LONG(0.21),Regime: TREND (Orion 2x). Score: 0.14. Low Conviction (<0.35).,LOW_CONVICTION,11.152714,TOP,28.40,True
1704334560.0,TREND,NO_GO,HOLD,18.62,SAFE,PRO,DEFENSIVE,1.0,0.25,Aegean:FLAT(0.30)|Orion:LONG(0.28),Regime: TREND (Orion 2x). Score: 0.19. Low Conviction (<0.35).,LOW_CONVICTION,13.068369,TOP,31.17,True
1704334620.0,TREND,NO_GO,HOLD,23.25,SAFE,PRO,DEFENSIVE,1.0,0.25,Aegean:FLAT(0.30)|Orion:LONG(0.35),Regime: TREND (Orion 2x). Score: 0.23. Low Conviction (<0.35).,LOW_CONVICTION,12.382423,TOP,33.95,True
1704334680.0,TREND,NO_GO,HOLD,27.79,SAFE,PRO,DEFENSIVE,1.0,0.25,Aegean:FLAT(0.30)|Orion:LONG(0.42),Regime: TREND (Orion 2x). Score: 0.28. Low Conviction (<0.35).,LOW_CONVICTION,13.154652,TOP,36.67,True
1704334740.0,TREND,NO_GO,HOLD,31.04,SAFE,PRO,DEFENSIVE,1.0,0.25,Aegean:FLAT(0.30)|Orion:LONG(0.47),Regime: TREND (Orion 2x). Score: 0.31. Low Conviction (<0.35).,LOW_CONVICTION,9.016541,TOP,38.62,True
1704334800.0,TREND,NO_GO,HOLD,34.06,SAFE,PRO,DEFENSIVE,1.0,0.25,Aegean:FLAT(0.30)|Orion:LONG(0.51),Regime: TREND (Orion 2x). Score: 0.34. Low Conviction (<0.35).,LOW_CONVICTION,10.133971,TOP,40.44,True
1704334860.0,TREND,GO,BUY,36.96,SAFE,PRO,DEFENSIVE,1.0,0.25,Aegean:FLAT(0.30)|Orion:LONG(0.55),Regime: TREND (Orion 2x). Score: 0.37. Bullish Consensus.,,9.736019,TOP,42.18,True
1704334920.0,TREND,GO,BUY,39.64,SAFE,PRO,DEFENSIVE,1.0,0.25,Aegean:FLAT(0.30)|Orion:LONG(0.59),Regime: TREND (Orion 2x). Score: 0.40. Bullish Consensus.,,7.828863,TOP,43.79,True
1704334980.0,TREND,GO,BUY,38.14,SAFE,PRO,DEFENSIVE,1.0,0.25,Aegean:FLAT(0.50)|Orion:LONG(0.57),Regime: TREND (Orion 2x). Score: 0.38. Bullish Consensus.,,3.103653,MID,42.88,True
1704335040.0,TREND,GO,BUY,60.05,SAFE,PRO,DEFENSIVE,1.0,0.25,Aegean:LONG(0.70)|Orion:LONG(0.55),Regime: TREND (Orion 2x). Score: 0.60. Bullish Consensus.,,4.291027,MID,42.03,True
1704335100.0,TREND,NO_GO,HOLD,34.49,SAFE,PRO,DEFENSIVE,1.0,0.25,Aegean:FLAT(0.50)|Orion:LONG(0.52),Regime: TREND (Orion 2x). Score: 0.34. Low Conviction (<0.35).,LOW_CONVICTION,1.540150,MID,40.69,True
1704335160.0,TREND,NO_GO,HOLD,30.77,SAFE,PRO,DEFENSIVE,1.0,0.25,Aegean:FLAT(0.50)|Orion:LONG(0.46),Regime: TREND (Orion 2x). Score: 0.31. Low Conviction (<0.35).,LOW_CONVICTION,1.561675,MID,38.46,True
1704335220.0,TREND,NO_GO,HOLD,27.55,SAFE,PRO,DEFENSIVE,1.0,0.25,Aegean:FLAT(0.50)|Orion:LONG(0.41),Regime: TREND (Orion 2x). Score: 0.28. Low Conviction (<0.35).,LOW_CONVICTION,1.748191,MID,36.53,True
1704335280.0,TREND,NO_GO,HOLD,24.55,SAFE,PRO,DEFENSIVE,1.0,0.25,Aegean:FLAT(0.50)|Orion:LONG(0.37),Regime: TREND (Orion 2x). Score: 0.25. Low Conviction (<0.35).,LOW_CONVICTION,0.386335,MID,34.73,True
1704335340.0,TREND,NO_GO,HOLD,21.67,SAFE,PRO,DEFENSIVE,1.0,0.25,Aegean:FLAT(0.50)|Orion:LONG(0.33),Regime: TREND (Orion 2x). Score: 0.22. Low Conviction (<0.35).,LOW_CONVICTION,0.778581,MID,33.00,True
1704335400.0,TREND,NO_GO,HOLD,20.17,SAFE,PRO,DEFENSIVE,1.0,0.25,Aegean:FLAT(0.50)|Orion:LONG(0.30),Regime: TREND (Orion 2x). Score: 0.20. Low Conviction (<0.35).,LOW_CONVICTION,1.878900,MID,32.10,True
1704335460.0,TREND,NO_GO,HOLD,19.25,SAFE,PRO,DEFENSIVE,1.0,0.25,Aegean:FLAT(0.50)|Orion:LONG(0.29),Regime: TREND (Orion 2x). Score: 0.19. Low Conviction (<0.35).,LOW_CONVICTION,2.892135,MID,31.55,True
1704335520.0,TREND,NO_GO,HOLD,15.84,SAFE,PRO,DEFENSIVE,1.0,0.25,Aegean:FLAT(0.50)|Orion:LONG(0.24),Regime: TREND (Orion 2x). Score: 0.16. Low Conviction (<0.35).,LOW_CONVICTION,-1.650212,DIP,29.50,True
1704335580.0,TREND,NO_GO,HOLD,12.63,SAFE,PRO,DEFENSIVE,1.0,0.25,Aegean:FLAT(0.50)|Orion:LONG(0.19),Regime: TREND (Orion 2x). Score: 0.13. Low Conviction (<0.35).,LOW_CONVICTION,2.411238,MID,27.58,True
1704335640.0,TREND,NO_GO,HOLD,9.66,SAFE,PRO,DEFENSIVE,1.0,0.25,Aegean:FLAT(0.50)|Orion:LONG(0.14),Regime: TREND (Orion 2x). Score: 0.10. Low Conviction (<0.35).,LOW_CONVICTION,0.464531,MID,25.79,True
1704335700.0,TREND,NO_GO,HOLD,13.33,SAFE,PRO,DEFENSIVE,1.0,0.25,Aegean:FLAT(0.50)|Orion:LONG(0.20),Regime: TREND (Orion 2x). Score: 0.13. Low Conviction (<0.35).,LOW_CONVICTION,3.659474,MID,24.47,False
1704335760.0,TREND,NO_GO,HOLD,13.33,SAFE,PRO,DEFENSIVE,1.0,0.25,Aegean:FLAT(0.50)|Orion:LONG(0.20),Regime: TREND (Orion 2x). Score: 0.13. Low Conviction (<0.35).,LOW_CONVICTION,3.432006,MID,24.25,False
1704335820.0,TREND,NO_GO,HOLD,13.33,SAFE,PRO,DEFENSIVE,1.0,0.25,Aegean:FLAT(0.50)|Orion:LONG(0.20),Regime: TREND (Orion 2x). Score: 0.13. Low Conviction (<0.35).,LOW_CONVICTION,1.838325,MID,23.47,False
1704335880.0,TREND,NO_GO,HOLD,13.33,SAFE,PRO,DEFENSIVE,1.0,0.25,Aegean:FLAT(0.50)|Orion:LONG(0.20),Regime: TREND (Orion 2x). Score: 0.13. Low Conviction (<0.35).,LOW_CONVICTION,1.223295,MID,22.46,False
1704335940.0,TREND,NO_GO,HOLD,13.33,SAFE,PRO,DEFENSIVE,1.0,0.25,Aegean:FLAT(0.50)|Orion:LONG(0.20),Regime: TREND (Orion 2x). Score: 0.13. Low Conviction (<0.35).,LOW_CONVICTION,2.371514,MID,21.80,False
1704336000.0,TREND,NO_GO,HOLD,13.33,SAFE,PRO,DEFENSIVE,1.0,0.25,Aegean:FLAT(0.50)|Orion:LONG(0.20),Regime: TREND (Orion 2x). Score: 0.13. Low Conviction (<0.35).,LOW_CONVICTION,3.491762,MID,21.75,False
1704336060.0,TREND,NO_GO,HOLD,13.33,SAFE,PRO,DEFENSIVE,1.0,0.25,Aegean:FLAT(0.50)|Orion:LONG(0.20),Regime: TREND (Orion 2x). Score: 0.13. Low Conviction (<0.35).,LOW_CONVICTION,3.398677,TOP,22.15,False
1704336120.0,TREND,NO_GO,HOLD,13.33,SAFE,PRO,DEFENSIVE,1.0,0.25,Aegean:FLAT(0.50)|Orion:LONG(0.20),Regime: TREND (Orion 2x). Score: 0.13. Low Conviction (<0.35).,LOW_CONVICTION,3.719657,TOP,22.52,False
1704336180.0,TREND,NO_GO,HOLD,13.33,SAFE,PRO,DEFENSIVE,1.0,0.25,Aegean:FLAT(0.50)|Orion:LONG(0.20),Regime: TREND (Orion 2x). Score: 0.13. Low Conviction (<0.35).,LOW_CONVICTION,3.350801,TOP,22.87,False
1704336240.0,TREND,NO_GO,HOLD,13.33,SAFE,PRO,DEFENSIVE,1.0,0.25,Aegean:FLAT(0.50)|Orion:LONG(0.20),Regime: TREND (Orion 2x). Score: 0.13. Low Conviction (<0.35).,LOW_CONVICTION,3.300771,TOP,22.73,False
1704336300.0,TREND,NO_GO,HOLD,13.33,SAFE,PRO,DEFENSIVE,1.0,0.25,Aegean:FLAT(0.30)|Orion:LONG(0.20),Regime: TREND (Orion 2x). Score: 0.13. Low Conviction (<0.35).,LOW_CONVICTION,6.045955,TOP,23.90,False
1704336360.0,TREND,NO_GO,HOLD,10.90,SAFE,PRO,DEFENSIVE,1.0,0.25,Aegean:FLAT(0.30)|Orion:LONG(0.16),Regime: TREND (Orion 2x). Score: 0.11. Low Conviction (<0.35).,LOW_CONVICTION,13.432612,TOP,26.54,True
1704336420.0,TREND,NO_GO,HOLD,15.93,SAFE,PRO,DEFENSIVE,1.0,0.25,Aegean:FLAT(0.30)|Orion:LONG(0.24),Regime: TREND (Orion 2x). Score: 0.16. Low Conviction (<0.35).,LOW_CONVICTION,15.554301,TOP,29.56,True
1704336480.0,TREND,GO,BUY,43.92,SAFE,PRO,DEFENSIVE,1.0,0.25,Aegean:LONG(0.70)|Orion:LONG(0.31),Regime: TREND (Orion 2x). Score: 0.44. Bullish Consensus.,,12.040666,MID,32.35,True
1704336540.0,TREND,GO,BUY,48.29,SAFE,PRO,DEFENSIVE,1.0,0.25,Aegean:LONG(0.70)|Orion:LONG(0.37),Regime: TREND (Orion 2x). Score: 0.48. Bullish Consensus.,,10.125162,MID,34.97,True
1704336600.0,TREND,GO,BUY,51.77,SAFE,PRO,DEFENSIVE,1.0,0.25,Aegean:LONG(0.70)|Orion:LONG(0.43),Regime: TREND (Orion 2x). Score: 0.52. Bullish Consensus.,,6.894348,MID,37.06,True
1704336660.0,TREND,GO,BUY,55.02,SAFE,PRO,DEFENSIVE,1.0,0.25,Aegean:LONG(0.70)|Orion:LONG(0.48),Regime: TREND (Orion 2x). Score: 0.55. Bullish Consensus.,,8.984043,MID,39.01,True
1704336720.0,TREND,GO,BUY,58.33,SAFE,PRO,DEFENSIVE,1.0,0.25,Aegean:LONG(0.70)|Orion:LONG(0.52),Regime: TREND (Orion 2x). Score: 0.58. Bullish Consensus.,,7.020285,MID,41.00,True
1704336780.0,TREND,NO_GO,HOLD,34.64,SAFE,PRO,DEFENSIVE,1.0,0.25,Aegean:FLAT(0.50)|Orion:LONG(0.52),Regime: TREND (Orion 2x). Score: 0.35. Low Conviction (<0.35).,LOW_CONVICTION,1.275384,MID,40.78,True
1704336840.0,TREND,GO,BUY,57.71,SAFE,PRO,DEFENSIVE,1.0,0.25,Aegean:LONG(0.70)|Orion:LONG(0.52),Regime: TREND (Orion 2x). Score: 0.58. Bullish Consensus.,,5.515975,MID,40.63,True
1704336900.0,TREND,GO,BUY,58.07,SAFE,PRO,DEFENSIVE,1.0,0.25,Aegean:LONG(0.70)|Orion:LONG(0.52),Regime: TREND (Orion 2x). Score: 0.58. Bullish Consensus.,,6.215404,MID,40.84,True
1704336960.0,TREND,GO,BUY,35.78,SAFE,PRO,DEFENSIVE,1.0,0.25,Aegean:FLAT(0.30)|Orion:LONG(0.54),Regime: TREND (Orion 2x). Score: 0.36. Bullish Consensus.,,8.291913,TOP,41.47,True
1704337020.0,TREND,GO,BUY,38.15,SAFE,PRO,DEFENSIVE,1.0,0.25,Aegean:FLAT(0.30)|Orion:LONG(0.57),Regime: TREND (Orion 2x). Score: 0.38. Bullish Consensus.,,13.726575,TOP,42.89,True
1704337080.0,TREND,GO,BUY,41.12,SAFE,PRO,DEFENSIVE,1.0,0.25,Aegean:FLAT(0.30)|Orion:LONG(0.62),Regime: TREND (Orion 2x). Score: 0.41. Bullish Consensus.,,13.407462,TOP,44.67,True
1704337140.0,TREND,GO,BUY,66.00,SAFE,PRO,DEFENSIVE,1.0,0.25,Aegean:LONG(0.70)|Orion:LONG(0.64),Regime: TREND (Orion 2x). Score: 0.66. Bullish Consensus.,,8.880867,MID,45.60,True
1704337200.0,TREND,GO,BUY,66.39,SAFE,PRO,DEFENSIVE,1.0,0.25,Aegean:LONG(0.70)|Orion:LONG(0.65),Regime: TREND (Orion 2x). Score: 0.66. Bullish Consensus.,,6.446658,MID,45.84,True
1704337260.0,TREND,GO,BUY,65.92,SAFE,PRO,DEFENSIVE,1.0,0.25,Aegean:LONG(0.70)|Orion:LONG(0.64),Regime: TREND (Orion 2x). Score: 0.66. Bullish Consensus.,,4.718167,MID,45.55,True
1704337320.0,TREND,GO,BUY,65.63,SAFE,PRO,DEFENSIVE,1.0,0.25,Aegean:LONG(0.70)|Orion:LONG(0.63),Regime: TREND (Orion 2x). Score: 0.66. Bullish Consensus.,,5.130389,MID,45.38,True
1704337380.0,TREND,GO,BUY,40.63,SAFE,PRO,DEFENSIVE,1.0,0.25,Aegean:FLAT(0.50)|Orion:LONG(0.61),Regime: TREND (Orion 2x). Score: 0.41. Bullish Consensus.,,1.581578,MID,44.38,True
1704337440.0,TREND,GO,BUY,38.18,SAFE,PRO,DEFENSIVE,1.0,0.25,Aegean:FLAT(0.50)|Orion:LONG(0.57),Regime: TREND (Orion 2x). Score: 0.38. Bullish Consensus.,,4.121831,MID,42.91,True
1704337500.0,TREND,GO,BUY,35.80,SAFE,PRO,DEFENSIVE,1.0,0.25,Aegean:FLAT(0.50)|Orion:LONG(0.54),Regime: TREND (Orion 2x). Score: 0.36. Bullish Consensus.,,2.501623,MID,41.48,True
1704337560.0,TREND,NO_GO,HOLD,33.67,SAFE,PRO,DEFENSIVE,1.0,0.25,Aegean:FLAT(0.50)|Orion:LONG(0.50),Regime: TREND (Orion 2x). Score: 0.34. Low Conviction (<0.35).,LOW_CONVICTION,2.258563,MID,40.20,True
1704337620.0,TREND,GO,BUY,57.24,SAFE,PRO,DEFENSIVE,1.0,0.25,Aegean:LONG(0.70)|Orion:LONG(0.51),Regime: TREND (Orion 2x). Score: 0.57. Bullish Consensus.,,7.841739,MID,40.34,True
1704337680.0,TREND,GO,BUY,57.89,SAFE,PRO,DEFENSIVE,1.0,0.25,Aegean:LONG(0.70)|Orion:LONG(0.52),Regime: TREND (Orion 2x). Score: 0.58. Bullish Consensus.,,8.906249,MID,40.73,True
1704337740.0,TREND,GO,BUY,35.60,SAFE,PRO,DEFENSIVE,1.0,0.25,Aegean:FLAT(0.30)|Orion:LONG(0.53),Regime: TREND (Orion 2x). Score: 0.36. Bullish Consensus.,,10.376843,TOP,41.36,True
1704337800.0,TREND,GO,BUY,36.59,SAFE,PRO,DEFENSIVE,1.0,0.25,Aegean:FLAT(0.30)|Orion:LONG(0.55),Regime: TREND (Orion 2x). Score: 0.37. Bullish Consensus.,,9.880829,TOP,41.95,True
1704337860.0,TREND,GO,BUY,59.53,SAFE,PRO,DEFENSIVE,1.0,0.25,Aegean:LONG(0.70)|Orion:LONG(0.54),Regime: TREND (Orion 2x). Score: 0.60. Bullish Consensus.,,5.939841,MID,41.72,True
1704337920.0,TREND,GO,BUY,59.07,SAFE,PRO,DEFENSIVE,1.0,0.25,Aegean:LONG(0.70)|Orion:LONG(0.54),Regime: TREND (Orion 2x). Score: 0.59. Bullish Consensus.,,5.629365,MID,41.44,True
1704337980.0,TREND,NO_GO,HOLD,33.54,SAFE,PRO,DEFENSIVE,1.0,0.25,Aegean:FLAT(0.50)|Orion:LONG(0.50),Regime: TREND (Orion 2x). Score: 0.34. Low Conviction (<0.35).,LOW_CONVICTION,2.059542,MID,40.12,True
1704338040.0,TREND,NO_GO,HOLD,31.51,SAFE,PRO,DEFENSIVE,1.0,0.25,Aegean:FLAT(0.50)|Orion:LONG(0.47),Regime: TREND (Orion 2x). Score: 0.32. Low Conviction (<0.35).,LOW_CONVICTION,2.298724,MID,38.91,True
1704338100.0,TREND,NO_GO,HOLD,31.17,SAFE,PRO,DEFENSIVE,1.0,0.25,Aegean:FLAT(0.30)|Orion:LONG(0.47),Regime: TREND (Orion 2x). Score: 0.31. Low Conviction (<0.35).,LOW_CONVICTION,8.295609,TOP,38.70,True
1704338160.0,TREND,GO,BUY,54.16,SAFE,PRO,DEFENSIVE,1.0,0.25,Aegean:LONG(0.70)|Orion:LONG(0.46),Regime: TREND (Orion 2x). Score: 0.54. Bullish Consensus.,,5.330501,MID,38.50,True
1704338220.0,TREND,NO_GO,HOLD,28.23,SAFE,PRO,DEFENSIVE,1.0,0.25,Aegean:FLAT(0.50)|Orion:LONG(0.42),Regime: TREND (Orion 2x). Score: 0.28. Low Conviction (<0.35).,LOW_CONVICTION,1.836628,MID,36.94,True
1704338280.0,TREND,NO_GO,HOLD,25.90,SAFE,PRO,DEFENSIVE,1.0,0.25,Aegean:FLAT(0.50)|Orion:LONG(0.39),Regime: TREND (Orion 2x). Score: 0.26. Low Conviction (<0.35).,LOW_CONVICTION,1.408266,MID,35.54,True
1704338340.0,TREND,NO_GO,HOLD,24.62,SAFE,PRO,DEFENSIVE,1.0,0.25,Aegean:FLAT(0.50)|Orion:LONG(0.37),Regime: TREND (Orion 2x). Score: 0.25. Low Conviction (<0.35).,LOW_CONVICTION,2.783174,MID,34.77,True
1704338400.0,TREND,NO_GO,HOLD,21.27,SAFE,PRO,DEFENSIVE,1.0,0.25,Aegean:FLAT(0.50)|Orion:LONG(0.32),Regime: TREND (Orion 2x). Score: 0.21. Low Conviction (<0.35).,LOW_CONVICTION,-3.345923,MID,32.76,True
1704338460.0,TREND,NO_GO,HOLD,18.37,SAFE,PRO,DEFENSIVE,1.0,0.25,Aegean:FLAT(0.30)|Orion:LONG(0.28),Regime: TREND (Orion 2x). Score: 0.18. Low Conviction (<0.35).,LOW_CONVICTION,-6.436732,DIP,31.02,True
1704338520.0,TREND,NO_GO,HOLD,15.61,SAFE,PRO,DEFENSIVE,1.0,0.25,Aegean:FLAT(0.50)|Orion:LONG(0.23),Regime: TREND (Orion 2x). Score: 0.16. Low Conviction (<0.35).,LOW_CONVICTION,-4.047519,MID,29.37,True
1704338580.0,TREND,NO_GO,HOLD,13.05,SAFE,PRO,DEFENSIVE,1.0,0.25,Aegean:FLAT(0.50)|Orion:LONG(0.20),Regime: TREND (Orion 2x). Score: 0.13. Low Conviction (<0.35).,LOW_CONVICTION,-3.472538,MID,27.83,True
1704338640.0,TREND,NO_GO,HOLD,10.66,SAFE,PRO,DEFENSIVE,1.0,0.25,Aegean:FLAT(0.30)|Orion:LONG(0.16),Regime: TREND (Orion 2x). Score: 0.11. Low Conviction (<0.35).,LOW_CONVICTION,-4.765541,DIP,26.40,True
1704338700.0,TREND,NO_GO,HOLD,10.17,SAFE,PRO,DEFENSIVE,1.0,0.25,Aegean:FLAT(0.30)|Orion:SHORT(0.15),Regime: TREND (Orion 2x). Score: -0.10. Low Conviction (<0.35).,LOW_CONVICTION,-8.069155,DIP,26.10,True
1704338760.0,TREND,NO_GO,HOLD,9.72,SAFE,PRO,DEFENSIVE,1.0,0.25,Aegean:FLAT(0.30)|Orion:SHORT(0.15),Regime: TREND (Orion 2x). Score: -0.10. Low Conviction (<0.35).,LOW_CONVICTION,-6.637470,DIP,25.83,True
1704338820.0,TREND,NO_GO,HOLD,32.74,SAFE,PRO,DEFENSIVE,1.0,0.25,Aegean:SHORT(0.70)|Orion:SHORT(0.14),Regime: TREND (Orion 2x). Score: -0.33. Low Conviction (<0.35).,LOW_CONVICTION,-4.323564,MID,25.64,True
1704338880.0,TREND,NO_GO,HOLD,10.18,SAFE,PRO,DEFENSIVE,1.0,0.25,Aegean:FLAT(0.30)|Orion:SHORT(0.15),Regime: TREND (Orion 2x). Score: -0.10. Low Conviction (<0.35).,LOW_CONVICTION,-8.763041,DIP,26.11,True
1704338940.0,TREND,NO_GO,HOLD,10.92,SAFE,PRO,DEFENSIVE,1.0,0.25,Aegean:FLAT(0.30)|Orion:SHORT(0.16),Regime: TREND (Orion 2x). Score: -0.11. Low Conviction (<0.35).,LOW_CONVICTION,-6.223452,DIP,26.55,True
1704339000.0,TREND,NO_GO,HOLD,9.96,SAFE,PRO,DEFENSIVE,1.0,0.25,Aegean:FLAT(0.50)|Orion:SHORT(0.15),Regime: TREND (Orion 2x). Score: -0.10. Low Conviction (<0.35).,LOW_CONVICTION,-3.716365,MID,25.98,True
1704339060.0,TREND,NO_GO,HOLD,9.55,SAFE,PRO,DEFENSIVE,1.0,0.25,Aegean:FLAT(0.30)|Orion:SHORT(0.14),Regime: TREND (Orion 2x). Score: -0.10. Low Conviction (<0.35).,LOW_CONVICTION,-5.886341,DIP,25.73,True
1704339120.0,TREND,NO_GO,HOLD,9.28,SAFE,PRO,DEFENSIVE,1.0,0.25,Aegean:FLAT(0.50)|Orion:SHORT(0.14),Regime: TREND (Orion 2x). Score: -0.09. Low Conviction (<0.35).,LOW_CONVICTION,-3.276150,MID,25.57,True
1704339180.0,TREND,NO_GO,HOLD,9.89,SAFE,PRO,DEFENSIVE,1.0,0.25,Aegean:FLAT(0.30)|Orion:SHORT(0.15),Regime: TREND (Orion 2x). Score: -0.10. Low Conviction (<0.35).,LOW_CONVICTION,-7.462580,DIP,25.93,True
1704339240.0,TREND,NO_GO,HOLD,10.54,SAFE,PRO,DEFENSIVE,1.0,0.25,Aegean:FLAT(0.30)|Orion:SHORT(0.16),Regime: TREND (Orion 2x). Score: -0.11. Low Conviction (<0.35).,LOW_CONVICTION,-6.050141,DIP,26.32,True
1704339300.0,TREND,NO_GO,HOLD,9.47,SAFE,PRO,DEFENSIVE,1.0,0.25,Aegean:FLAT(0.50)|Orion:SHORT(0.14),Regime: TREND (Orion 2x). Score: -0.09. Low Conviction (<0.35).,LOW_CONVICTION,-3.147057,MID,25.68,True
1704339360.0,TREND,NO_GO,HOLD,13.33,SAFE,PRO,DEFENSIVE,1.0,0.25,Aegean:FLAT(0.50)|Orion:SHORT(0.20),Regime: TREND (Orion 2x). Score: -0.13. Low Conviction (<0.35).,LOW_CONVICTION,-2.282269,MID,24.37,False
1704339420.0,TREND,NO_GO,HOLD,13.33,SAFE,PRO,DEFENSIVE,1.0,0.25,Aegean:FLAT(0.50)|Orion:SHORT(0.20),Regime: TREND (Orion 2x). Score: -0.13. Low Conviction (<0.35).,LOW_CONVICTION,-2.924636,MID,23.39,False
1704339480.0,TREND,NO_GO,HOLD,13.33,SAFE,PRO,DEFENSIVE,1.0,0.25,Aegean:FLAT(0.50)|Orion:SHORT(0.20),Regime: TREND (Orion 2x). Score: -0.13. Low Conviction (<0.35).,LOW_CONVICTION,-1.762277,MID,22.54,False
1704339540.0,CHOP,NO_GO,HOLD,13.33,SAFE,PRO,DEFENSIVE,1.0,0.25,Aegean:FLAT(0.50)|Orion:SHORT(0.20),Regime: CHOP (Reduced Weights). Score: -0.13. Low Conviction (<0.35).,LOW_CONVICTION,-0.929306,MID,21.40,False
1704339600.0,CHOP,NO_GO,HOLD,13.33,SAFE,PRO,DEFENSIVE,1.0,0.25,Aegean:FLAT(0.50)|Orion:SHORT(0.20),Regime: CHOP (Reduced Weights). Score: -0.13. Low Conviction (<0.35).,LOW_CONVICTION,-1.844563,MID,20.38,False
1704339660.0,CHOP,NO_GO,HOLD,13.33,SAFE,PRO,DEFENSIVE,1.0,0.25,Aegean:FLAT(0.50)|Orion:SHORT(0.20),Regime: CHOP (Reduced Weights). Score: -0.13. Low Conviction (<0.35).,LOW_CONVICTION,-2.914190,MID,19.87,False
1704339720.0,CHOP,NO_GO,HOLD,13.33,SAFE,PRO,DEFENSIVE,1.0,0.25,Aegean:FLAT(0.50)|Orion:SHORT(0.20),Regime: CHOP (Reduced Weights). Score: -0.13. Low Conviction (<0.35).,LOW_CONVICTION,-2.839314,MID,19.50,False
1704339780.0,CHOP,NO_GO,HOLD,13.33,SAFE,PRO,DEFENSIVE,1.0,0.25,Aegean:FLAT(0.50)|Orion:SHORT(0.20),Regime: CHOP (Reduced Weights). Score: -0.13. Low Conviction (<0.35).,LOW_CONVICTION,-0.452740,MID,18.35,False
1704339840.0,CHOP,NO_GO,HOLD,13.33,SAFE,PRO,DEFENSIVE,1.0,0.25,Aegean:FLAT(0.50)|Orion:SHORT(0.20),Regime: CHOP (Reduced Weights). Score: -0.13. Low Conviction (<0.35).,LOW_CONVICTION,-2.565883,MID,17.28,False
1704339900.0,CHOP,NO_GO,HOLD,13.33,SAFE,PRO,DEFENSIVE,1.0,0.25,Aegean:FLAT(0.50)|Orion:SHORT(0.20),Regime: CHOP (Reduced Weights). Score: -0.13. Low Conviction (<0.35).,LOW_CONVICTION,-0.023475,MID,16.24,False
1704339960.0,CHOP,NO_GO,HOLD,13.33,SAFE,PRO,DEFENSIVE,1.0,0.25,Aegean:FLAT(0.50)|Orion:SHORT(0.20),Regime: CHOP (Reduced Weights). Score: -0.13. Low Conviction (<0.35).,LOW_CONVICTION,-0.359666,MID,15.27,False
1704340020.0,CHOP,NO_GO,HOLD,13.33,SAFE,PRO,DEFENSIVE,1.0,0.25,Aegean:FLAT(0.30)|Orion:LONG(0.20),Regime: CHOP (Reduced Weights). Score: 0.13. Low Conviction (<0.35).,LOW_CONVICTION,5.455981,TOP,16.26,False
1704340080.0,TREND,GO,BUY,36.67,SAFE,PRO,DEFENSIVE,1.0,0.25,Aegean:LONG(0.70)|Orion:LONG(0.20),Regime: TREND (Orion 2x). Score: 0.37. Bullish Consensus.,,5.970066,MID,18.05,False
1704340140.0,TREND,NO_GO,HOLD,13.33,SAFE,PRO,DEFENSIVE,1.0,0.25,Aegean:FLAT(0.50)|Orion:LONG(0.20),Regime: TREND (Orion 2x). Score: 0.13. Low Conviction (<0.35).,LOW_CONVICTION,3.200617,MID,18.89,False
1704340200.0,TREND,NO_GO,HOLD,13.33,SAFE,PRO,DEFENSIVE,1.0,0.25,Aegean:FLAT(0.50)|Orion:LONG(0.20),Regime: TREND (Orion 2x). Score: 0.13. Low Conviction (<0.35).,LOW_CONVICTION,4.064720,MID,19.67,False
1704340260.0,TREND,GO,BUY,36.67,SAFE,PRO,DEFENSIVE,1.0,0.25,Aegean:LONG(0.70)|Orion:LONG(0.20),Regime: TREND (Orion 2x). Score: 0.37. Bullish Consensus.,,4.623260,MID,20.66,False
1704340320.0,TREND,NO_GO,HOLD,13.33,SAFE,PRO,DEFENSIVE,1.0,0.25,Aegean:FLAT(0.50)|Orion:LONG(0.20),Regime: TREND (Orion 2x). Score: 0.13. Low Conviction (<0.35).,LOW_CONVICTION,3.890537,MID,21.01,False
1704340380.0,TREND,NO_GO,HOLD,13.33,SAFE,PRO,DEFENSIVE,1.0,0.25,Aegean:FLAT(0.50)|Orion:LONG(0.20),Regime: TREND (Orion 2x). Score: 0.13. Low Conviction (<0.35).,LOW_CONVICTION,2.901369,MID,21.33,False
1704340440.0,TREND,NO_GO,HOLD,13.33,SAFE,PRO,DEFENSIVE,1.0,0.25,Aegean:FLAT(0.50)|Orion:SHORT(0.20),Regime: TREND (Orion 2x). Score: -0.13. Low Conviction (<0.35).,LOW_CONVICTION,0.095743,MID,20.45,False
1704340500.0,CHOP,NO_GO,HOLD,13.33,SAFE,PRO,DEFENSIVE,1.0,0.25,Aegean:FLAT(0.50)|Orion:LONG(0.20),Regime: CHOP (Reduced Weights). Score: 0.13. Low Conviction (<0.35).,LOW_CONVICTION,3.304365,MID,19.94,False
1704340560.0,TREND,NO_GO,HOLD,13.33,SAFE,PRO,DEFENSIVE,1.0,0.25,Aegean:FLAT(0.50)|Orion:SHORT(0.20),Regime: TREND (Orion 2x). Score: -0.13. Low Conviction (<0.35).,LOW_CONVICTION,0.357715,MID,19.53,False
1704340620.0,CHOP,NO_GO,HOLD,13.33,SAFE,PRO,DEFENSIVE,1.0,0.25,Aegean:FLAT(0.50)|Orion:SHORT(0.20),Regime: CHOP (Reduced Weights). Score: -0.13. Low Conviction (<0.35).,LOW_CONVICTION,-1.081284,MID,18.48,False
1704340680.0,CHOP,NO_GO,HOLD,13.33,SAFE,PRO,DEFENSIVE,1.0,0.25,Aegean:FLAT(0.50)|Orion:SHORT(0.20),Regime: CHOP (Reduced Weights). Score: -0.13. Low Conviction (<0.35).,LOW_CONVICTION,-0.580709,MID,17.49,False
1704340740.0,CHOP,NO_GO,HOLD,13.33,SAFE,PRO,DEFENSIVE,1.0,0.25,Aegean:FLAT(0.50)|Orion:LONG(0.20),Regime: CHOP (Reduced Weights). Score: 0.13. Low Conviction (<0.35).,LOW_CONVICTION,1.720410,MID,17.78,False
1704340800.0,CHOP,NO_GO,HOLD,13.33,SAFE,PRO,DEFENSIVE,1.0,0.25,Aegean:FLAT(0.50)|Orion:SHORT(0.20),Regime: CHOP (Reduced Weights). Score: -0.13. Low Conviction (<0.35).,LOW_CONVICTION,-0.247298,MID,17.98,False
1704340860.0,CHOP,NO_GO,HOLD,13.33,SAFE,PRO,DEFENSIVE,1.0,0.25,Aegean:FLAT(0.30)|Orion:SHORT(0.20),Regime: CHOP (Reduced Weights). Score: -0.13. Low Conviction (<0.35).,LOW_CONVICTION,-7.034820,DIP,17.84,False
1704340920.0,CHOP,NO_GO,HOLD,13.33,SAFE,PRO,DEFENSIVE,1.0,0.25,Aegean:FLAT(0.30)|Orion:SHORT(0.20),Regime: CHOP (Reduced Weights). Score: -0.13. Low Conviction (<0.35).,LOW_CONVICTION,-11.048796,DIP,18.93,False
1704340980.0,CHOP,GO,SELL,36.67,SAFE,PRO,DEFENSIVE,1.0,0.25,Aegean:SHORT(0.70)|Orion:SHORT(0.20),Regime: CHOP (Reduced Weights). Score: -0.37. Bearish Consensus.,,-6.944064,MID,19.91,False
1704341040.0,TREND,NO_GO,HOLD,13.33,SAFE,PRO,DEFENSIVE,1.0,0.25,Aegean:FLAT(0.30)|Orion:SHORT(0.20),Regime: TREND (Orion 2x). Score: -0.13. Low Conviction (<0.35).,LOW_CONVICTION,-7.832053,DIP,20.82,False
1704341100.0,TREND,GO,SELL,36.67,SAFE,PRO,DEFENSIVE,1.0,0.25,Aegean:SHORT(0.70)|Orion:SHORT(0.20),Regime: TREND (Orion 2x). Score: -0.37. Bearish Consensus.,,-5.914234,MID,21.58,False
1704341160.0,TREND,NO_GO,HOLD,13.33,SAFE,PRO,DEFENSIVE,1.0,0.25,Aegean:FLAT(0.30)|Orion:SHORT(0.20),Regime: TREND (Orion 2x). Score: -0.13. Low Conviction (<0.35).,LOW_CONVICTION,-6.856463,DIP,22.24,False
1704341220.0,TREND,GO,SELL,36.67,SAFE,PRO,DEFENSIVE,1.0,0.25,Aegean:SHORT(0.70)|Orion:SHORT(0.20),Regime: TREND (Orion 2x). Score: -0.37. Bearish Consensus.,,-4.634819,MID,22.63,False
1704341280.0,TREND,NO_GO,HOLD,13.33,SAFE,PRO,DEFENSIVE,1.0,0.25,Aegean:FLAT(0.50)|Orion:SHORT(0.20),Regime: TREND (Orion 2x). Score: -0.13. Low Conviction (<0.35).,LOW_CONVICTION,0.811176,MID,21.05,False
1704341340.0,TREND,NO_GO,HOLD,13.33,SAFE,PRO,DEFENSIVE,1.0,0.25,Aegean:FLAT(0.50)|Orion:SHORT(0.20),Regime: TREND (Orion 2x). Score: -0.13. Low Conviction (<0.35).,LOW_CONVICTION,-0.147759,MID,19.57,False
1704341400.0,CHOP,NO_GO,HOLD,13.33,SAFE,PRO,DEFENSIVE,1.0,0.25,Aegean:FLAT(0.50)|Orion:SHORT(0.20),Regime: CHOP (Reduced Weights). Score: -0.13. Low Conviction (<0.35).,LOW_CONVICTION,0.611981,MID,18.42,False
1704341460.0,CHOP,NO_GO,HOLD,13.33,SAFE,PRO,DEFENSIVE,1.0,0.25,Aegean:FLAT(0.50)|Orion:SHORT(0.20),Regime: CHOP (Reduced Weights). Score: -0.13. Low Conviction (<0.35).,LOW_CONVICTION,-0.830380,MID,17.35,False
1704341520.0,CHOP,NO_GO,HOLD,13.33,SAFE,PRO,DEFENSIVE,1.0,0.25,Aegean:FLAT(0.50)|Orion:SHORT(0.20),Regime: CHOP (Reduced Weights). Score: -0.13. Low Conviction (<0.35).,LOW_CONVICTION,-2.696595,MID,17.55,False
1704341580.0,CHOP,NO_GO,HOLD,13.33,SAFE,PRO,DEFENSIVE,1.0,0.25,Aegean:FLAT(0.50)|Orion:SHORT(0.20),Regime: CHOP (Reduced Weights). Score: -0.13. Low Conviction (<0.35).,LOW_CONVICTION,-0.407791,MID,17.74,False
1704341640.0,CHOP,NO_GO,HOLD,13.33,SAFE,PRO,DEFENSIVE,1.0,0.25,Aegean:FLAT(0.50)|Orion:SHORT(0.20),Regime: CHOP (Reduced Weights). Score: -0.13. Low Conviction (<0.35).,LOW_CONVICTION,0.130627,MID,17.32,False
1704341700.0,CHOP,NO_GO,HOLD,13.33,SAFE,PRO,DEFENSIVE,1.0,0.25,Aegean:FLAT(0.50)|Orion:LONG(0.20),Regime: CHOP (Reduced Weights). Score: 0.13. Low Conviction (<0.35).,LOW_CONVICTION,1.989951,MID,16.41,False
1704341760.0,CHOP,NO_GO,HOLD,13.33,SAFE,PRO,DEFENSIVE,1.0,0.25,Aegean:FLAT(0.50)|Orion:LONG(0.20),Regime: CHOP (Reduced Weights). Score: 0.13. Low Conviction (<0.35).,LOW_CONVICTION,1.505970,MID,15.38,False
1704341820.0,CHOP,NO_GO,HOLD,13.33,SAFE,PRO,DEFENSIVE,1.0,0.25,Aegean:FLAT(0.50)|Orion:LONG(0.20),Regime: CHOP (Reduced Weights). Score: 0.13. Low Conviction (<0.35).,LOW_CONVICTION,2.146019,MID,14.78,False
1704341880.0,CHOP,NO_GO,HOLD,13.33,SAFE,PRO,DEFENSIVE,1.0,0.25,Aegean:FLAT(0.50)|Orion:LONG(0.20),Regime: CHOP (Reduced Weights). Score: 0.13. Low Conviction (<0.35).,LOW_CONVICTION,3.421239,MID,13.85,False
1704341940.0,CHOP,NO_GO,HOLD,13.33,SAFE,PRO,DEFENSIVE,1.0,0.25,Aegean:FLAT(0.50)|Orion:LONG(0.20),Regime: CHOP (Reduced Weights). Score: 0.13. Low Conviction (<0.35).,LOW_CONVICTION,3.572311,MID,13.22,False
1704342000.0,CHOP,NO_GO,HOLD,13.33,SAFE,PRO,DEFENSIVE,1.0,0.25,Aegean:FLAT(0.50)|Orion:LONG(0.20),Regime: CHOP (Reduced Weights). Score: 0.13. Low Conviction (<0.35).,LOW_CONVICTION,2.054041,MID,12.58,False
1704342060.0,CHOP,NO_GO,HOLD,13.33,SAFE,PRO,DEFENSIVE,1.0,0.25,Aegean:FLAT(0.50)|Orion:LONG(0.20),Regime: CHOP (Reduced Weights). Score: 0.13. Low Conviction (<0.35).,LOW_CONVICTION,2.763741,TOP,12.03,False
1704342120.0,CHOP,NO_GO,HOLD,13.33,SAFE,PRO,DEFENSIVE,1.0,0.25,Aegean:FLAT(0.50)|Orion:LONG(0.20),Regime: CHOP (Reduced Weights). Score: 0.13. Low Conviction (<0.35).,LOW_CONVICTION,2.890088,TOP,11.32,False
1704342180.0,CHOP,NO_GO,HOLD,13.33,SAFE,PRO,DEFENSIVE,1.0,0.25,Aegean:FLAT(0.50)|Orion:LONG(0.20),Regime: CHOP (Reduced Weights). Score: 0.13. Low Conviction (<0.35).,LOW_CONVICTION,3.815035,TOP,11.02,False
1704342240.0,CHOP,NO_GO,HOLD,13.33,SAFE,PRO,DEFENSIVE,1.0,0.25,Aegean:FLAT(0.30)|Orion:LONG(0.20),Regime: CHOP (Reduced Weights). Score: 0.13. Low Conviction (<0.35).,LOW_CONVICTION,5.421522,TOP,11.41,False
1704342300.0,CHOP,NO_GO,HOLD,13.33,SAFE,PRO,DEFENSIVE,1.0,0.25,Aegean:FLAT(0.30)|Orion:LONG(0.20),Regime: CHOP (Reduced Weights). Score: 0.13. Low Conviction (<0.35).,LOW_CONVICTION,4.762997,TOP,12.16,False
1704342360.0,CHOP,NO_GO,HOLD,13.33,SAFE,PRO,DEFENSIVE,1.0,0.25,Aegean:FLAT(0.30)|Orion:LONG(0.20),Regime: CHOP (Reduced Weights). Score: 0.13. Low Conviction (<0.35).,LOW_CONVICTION,5.862468,TOP,11.85,False
1704342420.0,CHOP,NO_GO,HOLD,13.33,SAFE,PRO,DEFENSIVE,1.0,0.25,Aegean:FLAT(0.30)|Orion:LONG(0.20),Regime: CHOP (Reduced Weights). Score: 0.13. Low Conviction (<0.35).,LOW_CONVICTION,5.271852,TOP,11.73,False
1704342480.0,CHOP,NO_GO,HOLD,13.33,SAFE,PRO,DEFENSIVE,1.0,0.25,Aegean:FLAT(0.30)|Orion:LONG(0.20),Regime: CHOP (Reduced Weights). Score: 0.13. Low Conviction (<0.35).,LOW_CONVICTION,5.158728,TOP,11.55,False
1704342540.0,CHOP,NO_GO,HOLD,13.33,SAFE,PRO,DEFENSIVE,1.0,0.25,Aegean:FLAT(0.50)|Orion:LONG(0.20),Regime: CHOP (Reduced Weights). Score: 0.13. Low Conviction (<0.35).,LOW_CONVICTION,4.199378,TOP,11.53,False
1704342600.0,CHOP,NO_GO,HOLD,13.33,SAFE,PRO,DEFENSIVE,1.0,0.25,Aegean:FLAT(0.30)|Orion:LONG(0.20),Regime: CHOP (Reduced Weights). Score: 0.13. Low Conviction (<0.35).,LOW_CONVICTION,5.414508,TOP,11.86,False
1704342660.0,CHOP,NO_GO,HOLD,13.33,SAFE,PRO,DEFENSIVE,1.0,0.25,Aegean:FLAT(0.50)|Orion:LONG(0.20),Regime: CHOP (Reduced Weights). Score: 0.13. Low Conviction (<0.35).,LOW_CONVICTION,-0.225440,MID,11.51,False
1704342720.0,CHOP,NO_GO,HOLD,13.33,SAFE,PRO,DEFENSIVE,1.0,0.25,Aegean:FLAT(0.50)|Orion:LONG(0.20),Regime: CHOP (Reduced Weights). Score: 0.13. Low Conviction (<0.35).,LOW_CONVICTION,-1.267881,MID,11.78,False
1704342780.0,CHOP,NO_GO,HOLD,13.33,SAFE,PRO,DEFENSIVE,1.0,0.25,Aegean:FLAT(0.50)|Orion:LONG(0.20),Regime: CHOP (Reduced Weights). Score: 0.13. Low Conviction (<0.35).,LOW_CONVICTION,0.570893,MID,12.24,False
1704342840.0,CHOP,NO_GO,HOLD,13.33,SAFE,PRO,DEFENSIVE,1.0,0.25,Aegean:FLAT(0.50)|Orion:LONG(0.20),Regime: CHOP (Reduced Weights). Score: 0.13. Low Conviction (<0.35).,LOW_CONVICTION,0.604877,MID,12.50,False
1704342900.0,CHOP,NO_GO,HOLD,13.33,SAFE,PRO,DEFENSIVE,1.0,0.25,Aegean:FLAT(0.50)|Orion:LONG(0.20),Regime: CHOP (Reduced Weights). Score: 0.13. Low Conviction (<0.35).,LOW_CONVICTION,1.297782,MID,12.99,False
1704342960.0,CHOP,NO_GO,HOLD,13.33,SAFE,PRO,DEFENSIVE,1.0,0.25,Aegean:FLAT(0.50)|Orion:LONG(0.20),Regime: CHOP (Reduced Weights). Score: 0.13. Low Conviction (<0.35).,LOW_CONVICTION,1.924527,MID,13.13,False
1704343020.0,CHOP,NO_GO,HOLD,13.33,SAFE,PRO,DEFENSIVE,1.0,0.25,Aegean:FLAT(0.50)|Orion:LONG(0.20),Regime: CHOP (Reduced Weights). Score: 0.13. Low Conviction (<0.35).,LOW_CONVICTION,1.704021,MID,13.31,False
1704343080.0,CHOP,NO_GO,HOLD,13.33,SAFE,PRO,DEFENSIVE,1.0,0.25,Aegean:FLAT(0.50)|Orion:LONG(0.20),Regime: CHOP (Reduced Weights). Score: 0.13. Low Conviction (<0.35).,LOW_CONVICTION,-1.731670,MID,14.49,False
1704343140.0,CHOP,NO_GO,HOLD,13.33,SAFE,PRO,DEFENSIVE,1.0,0.25,Aegean:FLAT(0.50)|Orion:LONG(0.20),Regime: CHOP (Reduced Weights). Score: 0.13. Low Conviction (<0.35).,LOW_CONVICTION,-1.981353,MID,15.65,False
1704343200.0,CHOP,NO_GO,HOLD,13.33,SAFE,PRO,DEFENSIVE,1.0,0.25,Aegean:FLAT(0.50)|Orion:LONG(0.20),Regime: CHOP (Reduced Weights). Score: 0.13. Low Conviction (<0.35).,LOW_CONVICTION,-0.326431,MID,16.85,False
1704343260.0,CHOP,NO_GO,HOLD,13.33,SAFE,PRO,DEFENSIVE,1.0,0.25,Aegean:FLAT(0.50)|Orion:LONG(0.20),Regime: CHOP (Reduced Weights). Score: 0.13. Low Conviction (<0.35).,LOW_CONVICTION,-0.328537,MID,17.90,False
1704343320.0,CHOP,NO_GO,HOLD,13.33,SAFE,PRO,DEFENSIVE,1.0,0.25,Aegean:FLAT(0.50)|Orion:LONG(0.20),Regime: CHOP (Reduced Weights). Score: 0.13. Low Conviction (<0.35).,LOW_CONVICTION,0.945611,MID,18.13,False
1704343380.0,CHOP,NO_GO,HOLD,13.33,SAFE,PRO,DEFENSIVE,1.0,0.25,Aegean:FLAT(0.50)|Orion:LONG(0.20),Regime: CHOP (Reduced Weights). Score: 0.13. Low Conviction (<0.35).,LOW_CONVICTION,2.066372,MID,17.61,False
1704343440.0,CHOP,NO_GO,HOLD,13.33,SAFE,PRO,DEFENSIVE,1.0,0.25,Aegean:FLAT(0.50)|Orion:LONG(0.20),Regime: CHOP (Reduced Weights). Score: 0.13. Low Conviction (<0.35).,LOW_CONVICTION,0.340870,MID,17.27,False
1704343500.0,CHOP,NO_GO,HOLD,13.33,SAFE,PRO,DEFENSIVE,1.0,0.25,Aegean:FLAT(0.30)|Orion:LONG(0.20),Regime: CHOP (Reduced Weights). Score: 0.13. Low Conviction (<0.35).,LOW_CONVICTION,5.007637,TOP,16.78,False
1704343560.0,CHOP,NO_GO,HOLD,13.33,SAFE,PRO,DEFENSIVE,1.0,0.25,Aegean:FLAT(0.30)|Orion:LONG(0.20),Regime: CHOP (Reduced Weights). Score: 0.13. Low Conviction (<0.35).,LOW_CONVICTION,6.910575,TOP,17.33,False
1704343620.0,CHOP,NO_GO,HOLD,13.33,SAFE,PRO,DEFENSIVE,1.0,0.25,Aegean:FLAT(0.30)|Orion:LONG(0.20),Regime: CHOP (Reduced Weights). Score: 0.13. Low Conviction (<0.35).,LOW_CONVICTION,8.794585,TOP,18.59,False
1704343680.0,TREND,GO,BUY,36.67,SAFE,PRO,DEFENSIVE,1.0,0.25,Aegean:LONG(0.70)|Orion:LONG(0.20),Regime: TREND (Orion 2x). Score: 0.37. Bullish Consensus.,,4.954944,MID,19.77,False
1704343740.0,TREND,GO,BUY,36.67,SAFE,PRO,DEFENSIVE,1.0,0.25,Aegean:LONG(0.70)|Orion:LONG(0.20),Regime: TREND (Orion 2x). Score: 0.37. Bullish Consensus.,,5.262370,MID,20.83,False
1704343800.0,TREND,NO_GO,HOLD,13.33,SAFE,PRO,DEFENSIVE,1.0,0.25,Aegean:FLAT(0.50)|Orion:LONG(0.20),Regime: TREND (Orion 2x). Score: 0.13. Low Conviction (<0.35).,LOW_CONVICTION,2.442610,MID,20.88,False
1704343860.0,TREND,NO_GO,HOLD,13.33,SAFE,PRO,DEFENSIVE,1.0,0.25,Aegean:FLAT(0.50)|Orion:LONG(0.20),Regime: TREND (Orion 2x). Score: 0.13. Low Conviction (<0.35).,LOW_CONVICTION,2.548167,MID,20.93,False
1704343920.0,TREND,NO_GO,HOLD,13.33,SAFE,PRO,DEFENSIVE,1.0,0.25,Aegean:FLAT(0.50)|Orion:LONG(0.20),Regime: TREND (Orion 2x). Score: 0.13. Low Conviction (<0.35).,LOW_CONVICTION,1.331810,MID,19.88,False
1704343980.0,CHOP,NO_GO,HOLD,13.33,SAFE,PRO,DEFENSIVE,1.0,0.25,Aegean:FLAT(0.50)|Orion:LONG(0.20),Regime: CHOP (Reduced Weights). Score: 0.13. Low Conviction (<0.35).,LOW_CONVICTION,-1.966078,MID,18.86,False
1704344040.0,CHOP,NO_GO,HOLD,13.33,SAFE,PRO,DEFENSIVE,1.0,0.25,Aegean:FLAT(0.50)|Orion:LONG(0.20),Regime: CHOP (Reduced Weights). Score: 0.13. Low Conviction (<0.35).,LOW_CONVICTION,-2.644498,MID,18.45,False
1704344100.0,CHOP,NO_GO,HOLD,13.33,SAFE,PRO,DEFENSIVE,1.0,0.25,Aegean:FLAT(0.50)|Orion:LONG(0.20),Regime: CHOP (Reduced Weights). Score: 0.13. Low Conviction (<0.35).,LOW_CONVICTION,1.473642,MID,17.53,False
1704344160.0,CHOP,NO_GO,HOLD,13.33,SAFE,PRO,DEFENSIVE,1.0,0.25,Aegean:FLAT(0.50)|Orion:LONG(0.20),Regime: CHOP (Reduced Weights). Score: 0.13. Low Conviction (<0.35).,LOW_CONVICTION,1.465726,MID,16.90,False
1704344220.0,CHOP,NO_GO,HOLD,13.33,SAFE,PRO,DEFENSIVE,1.0,0.25,Aegean:FLAT(0.50)|Orion:LONG(0.20),Regime: CHOP (Reduced Weights). Score: 0.13. Low Conviction (<0.35).,LOW_CONVICTION,1.954118,MID,16.72,False
1704344280.0,CHOP,NO_GO,HOLD,13.33,SAFE,PRO,DEFENSIVE,1.0,0.25,Aegean:FLAT(0.50)|Orion:LONG(0.20),Regime: CHOP (Reduced Weights). Score: 0.13. Low Conviction (<0.35).,LOW_CONVICTION,1.236902,MID,16.60,False
1704344340.0,CHOP,NO_GO,HOLD,13.33,SAFE,PRO,DEFENSIVE,1.0,0.25,Aegean:FLAT(0.50)|Orion:LONG(0.20),Regime: CHOP (Reduced Weights). Score: 0.13. Low Conviction (<0.35).,LOW_CONVICTION,1.430038,MID,16.14,False
1704344400.0,CHOP,NO_GO,HOLD,13.33,SAFE,PRO,DEFENSIVE,1.0,0.25,Aegean:FLAT(0.50)|Orion:LONG(0.20),Regime: CHOP (Reduced Weights). Score: 0.13. Low Conviction (<0.35).,LOW_CONVICTION,-1.885267,MID,15.36,False
1704344460.0,CHOP,NO_GO,HOLD,13.33,SAFE,PRO,DEFENSIVE,1.0,0.25,Aegean:FLAT(0.50)|Orion:LONG(0.20),Regime: CHOP (Reduced Weights). Score: 0.13. Low Conviction (<0.35).,LOW_CONVICTION,-0.777318,MID,14.81,False
1704344520.0,CHOP,NO_GO,HOLD,13.33,SAFE,PRO,DEFENSIVE,1.0,0.25,Aegean:FLAT(0.50)|Orion:LONG(0.20),Regime: CHOP (Reduced Weights). Score: 0.13. Low Conviction (<0.35).,LOW_CONVICTION,-2.082806,DIP,14.30,False
1704344580.0,CHOP,NO_GO,HOLD,13.33,SAFE,PRO,DEFENSIVE,1.0,0.25,Aegean:FLAT(0.50)|Orion:LONG(0.20),Regime: CHOP (Reduced Weights). Score: 0.13. Low Conviction (<0.35).,LOW_CONVICTION,3.075830,MID,14.35,False
1704344640.0,CHOP,NO_GO,HOLD,13.33,SAFE,PRO,DEFENSIVE,1.0,0.25,Aegean:FLAT(0.50)|Orion:LONG(0.20),Regime: CHOP (Reduced Weights). Score: 0.13. Low Conviction (<0.35).,LOW_CONVICTION,1.769663,MID,14.42,False
1704344700.0,CHOP,NO_GO,HOLD,13.33,SAFE,PRO,DEFENSIVE,1.0,0.25,Aegean:FLAT(0.50)|Orion:LONG(0.20),Regime: CHOP (Reduced Weights). Score: 0.13. Low Conviction (<0.35).,LOW_CONVICTION,3.601705,MID,14.85,False
1704344760.0,CHOP,NO_GO,HOLD,13.33,SAFE,PRO,DEFENSIVE,1.0,0.25,Aegean:FLAT(0.50)|Orion:LONG(0.20),Regime: CHOP (Reduced Weights). Score: 0.13. Low Conviction (<0.35).,LOW_CONVICTION,2.536992,MID,15.73,False
1704344820.0,CHOP,NO_GO,HOLD,13.33,SAFE,PRO,DEFENSIVE,1.0,0.25,Aegean:FLAT(0.50)|Orion:LONG(0.20),Regime: CHOP (Reduced Weights). Score: 0.13. Low Conviction (<0.35).,LOW_CONVICTION,-0.563010,MID,15.32,False
1704344880.0,CHOP,NO_GO,HOLD,13.33,SAFE,PRO,DEFENSIVE,1.0,0.25,Aegean:FLAT(0.50)|Orion:LONG(0.20),Regime: CHOP (Reduced Weights). Score: 0.13. Low Conviction (<0.35).,LOW_CONVICTION,0.739602,MID,14.75,False
1704344940.0,CHOP,NO_GO,HOLD,13.33,SAFE,PRO,DEFENSIVE,1.0,0.25,Aegean:FLAT(0.50)|Orion:LONG(0.20),Regime: CHOP (Reduced Weights). Score: 0.13. Low Conviction (<0.35).,LOW_CONVICTION,0.021905,MID,14.23,False
1704345000.0,CHOP,NO_GO,HOLD,13.33,SAFE,PRO,DEFENSIVE,1.0,0.25,Aegean:FLAT(0.50)|Orion:LONG(0.20),Regime: CHOP (Reduced Weights). Score: 0.13. Low Conviction (<0.35).,LOW_CONVICTION,0.027161,MID,13.49,False
1704345060.0,CHOP,NO_GO,HOLD,13.33,SAFE,PRO,DEFENSIVE,1.0,0.25,Aegean:FLAT(0.50)|Orion:LONG(0.20),Regime: CHOP (Reduced Weights). Score: 0.13. Low Conviction (<0.35).,LOW_CONVICTION,-0.726094,MID,13.09,False
1704345120.0,CHOP,NO_GO,HOLD,13.33,SAFE,PRO,DEFENSIVE,1.0,0.25,Aegean:FLAT(0.50)|Orion:LONG(0.20),Regime: CHOP (Reduced Weights). Score: 0.13. Low Conviction (<0.35).,LOW_CONVICTION,1.447469,MID,13.06,False
1704345180.0,CHOP,NO_GO,HOLD,13.33,SAFE,PRO,DEFENSIVE,1.0,0.25,Aegean:FLAT(0.50)|Orion:LONG(0.20),Regime: CHOP (Reduced Weights). Score: 0.13. Low Conviction (<0.35).,LOW_CONVICTION,2.650350,MID,13.61,False
1704345240.0,CHOP,NO_GO,HOLD,13.33,SAFE,PRO,DEFENSIVE,1.0,0.25,Aegean:FLAT(0.50)|Orion:LONG(0.20),Regime: CHOP (Reduced Weights). Score: 0.13. Low Conviction (<0.35).,LOW_CONVICTION,1.613413,MID,14.09,False
1704345300.0,CHOP,NO_GO,HOLD,13.33,SAFE,PRO,DEFENSIVE,1.0,0.25,Aegean:FLAT(0.30)|Orion:LONG(0.20),Regime: CHOP (Reduced Weights). Score: 0.13. Low Conviction (<0.35).,LOW_CONVICTION,4.872808,TOP,15.55,False
1704345360.0,CHOP,NO_GO,HOLD,13.33,SAFE,PRO,DEFENSIVE,1.0,0.25,Aegean:FLAT(0.50)|Orion:LONG(0.20),Regime: CHOP (Reduced Weights). Score: 0.13. Low Conviction (<0.35).,LOW_CONVICTION,1.656927,MID,16.64,False
1704345420.0,CHOP,NO_GO,HOLD,13.33,SAFE,PRO,DEFENSIVE,1.0,0.25,Aegean:FLAT(0.50)|Orion:LONG(0.20),Regime: CHOP (Reduced Weights). Score: 0.13. Low Conviction (<0.35).,LOW_CONVICTION,1.732874,MID,17.63,False
1704345480.0,CHOP,NO_GO,HOLD,13.33,SAFE,PRO,DEFENSIVE,1.0,0.25,Aegean:FLAT(0.50)|Orion:LONG(0.20),Regime: CHOP (Reduced Weights). Score: 0.13. Low Conviction (<0.35).,LOW_CONVICTION,2.609347,MID,18.66,False
1704345540.0,CHOP,NO_GO,HOLD,13.33,SAFE,PRO,DEFENSIVE,1.0,0.25,Aegean:FLAT(0.50)|Orion:LONG(0.20),Regime: CHOP (Reduced Weights). Score: 0.13. Low Conviction (<0.35).,LOW_CONVICTION,-0.417416,MID,18.41,False
1704345600.0,CHOP,NO_GO,HOLD,13.33,SAFE,PRO,DEFENSIVE,1.0,0.25,Aegean:FLAT(0.50)|Orion:SHORT(0.20),Regime: CHOP (Reduced Weights). Score: -0.13. Low Conviction (<0.35).,LOW_CONVICTION,-4.186516,DIP,17.97,False
1704345660.0,CHOP,NO_GO,HOLD,13.33,SAFE,PRO,DEFENSIVE,1.0,0.25,Aegean:FLAT(0.50)|Orion:SHORT(0.20),Regime: CHOP (Reduced Weights). Score: -0.13. Low Conviction (<0.35).,LOW_CONVICTION,-2.174106,MID,17.72,False
1704345720.0,CHOP,NO_GO,HOLD,13.33,SAFE,PRO,DEFENSIVE,1.0,0.25,Aegean:FLAT(0.50)|Orion:SHORT(0.20),Regime: CHOP (Reduced Weights). Score: -0.13. Low Conviction (<0.35).,LOW_CONVICTION,-3.917484,DIP,17.48,False
1704345780.0,CHOP,NO_GO,HOLD,13.33,SAFE,PRO,DEFENSIVE,1.0,0.25,Aegean:FLAT(0.30)|Orion:SHORT(0.20),Regime: CHOP (Reduced Weights). Score: -0.13. Low Conviction (<0.35).,LOW_CONVICTION,-5.588316,DIP,18.09,False
1704345840.0,CHOP,NO_GO,HOLD,13.33,SAFE,PRO,DEFENSIVE,1.0,0.25,Aegean:FLAT(0.30)|Orion:SHORT(0.20),Regime: CHOP (Reduced Weights). Score: -0.13. Low Conviction (<0.35).,LOW_CONVICTION,-4.886499,DIP,19.04,False
1704345900.0,CHOP,NO_GO,HOLD,13.33,SAFE,PRO,DEFENSIVE,1.0,0.25,Aegean:FLAT(0.30)|Orion:SHORT(0.20),Regime: CHOP (Reduced Weights). Score: -0.13. Low Conviction (<0.35).,LOW_CONVICTION,-4.556399,DIP,19.50,False
1704345960.0,CHOP,NO_GO,HOLD,13.33,SAFE,PRO,DEFENSIVE,1.0,0.25,Aegean:FLAT(0.50)|Orion:SHORT(0.20),Regime: CHOP (Reduced Weights). Score: -0.13. Low Conviction (<0.35).,LOW_CONVICTION,-3.680560,MID,19.94,False
1704346020.0,TREND,NO_GO,HOLD,13.33,SAFE,PRO,DEFENSIVE,1.0,0.25,Aegean:FLAT(0.30)|Orion:SHORT(0.20),Regime: TREND (Orion 2x). Score: -0.13. Low Conviction (<0.35).,LOW_CONVICTION,-4.437689,DIP,20.97,False
1704346080.0,TREND,NO_GO,HOLD,13.33,SAFE,PRO,DEFENSIVE,1.0,0.25,Aegean:FLAT(0.50)|Orion:SHORT(0.20),Regime: TREND (Orion 2x). Score: -0.13. Low Conviction (<0.35).,LOW_CONVICTION,-3.725344,DIP,21.89,False
1704346140.0,TREND,NO_GO,HOLD,13.33,SAFE,PRO,DEFENSIVE,1.0,0.25,Aegean:FLAT(0.50)|Orion:SHORT(0.20),Regime: TREND (Orion 2x). Score: -0.13. Low Conviction (<0.35).,LOW_CONVICTION,-3.319413,DIP,22.74,False
1704346200.0,TREND,NO_GO,HOLD,13.33,SAFE,PRO,DEFENSIVE,1.0,0.25,Aegean:FLAT(0.50)|Orion:SHORT(0.20),Regime: TREND (Orion 2x). Score: -0.13. Low Conviction (<0.35).,LOW_CONVICTION,-1.679750,MID,22.58,False
1704346260.0,TREND,NO_GO,HOLD,13.33,SAFE,PRO,DEFENSIVE,1.0,0.25,Aegean:FLAT(0.50)|Orion:SHORT(0.20),Regime: TREND (Orion 2x). Score: -0.13. Low Conviction (<0.35).,LOW_CONVICTION,-4.288581,DIP,23.02,False
1704346320.0,TREND,NO_GO,HOLD,13.33,SAFE,PRO,DEFENSIVE,1.0,0.25,Aegean:FLAT(0.50)|Orion:SHORT(0.20),Regime: TREND (Orion 2x). Score: -0.13. Low Conviction (<0.35).,LOW_CONVICTION,0.386469,MID,22.84,False
1704346380.0,TREND,NO_GO,HOLD,13.33,SAFE,PRO,DEFENSIVE,1.0,0.25,Aegean:FLAT(0.50)|Orion:SHORT(0.20),Regime: TREND (Orion 2x). Score: -0.13. Low Conviction (<0.35).,LOW_CONVICTION,0.665408,MID,22.49,False
1704346440.0,TREND,NO_GO,HOLD,13.33,SAFE,PRO,DEFENSIVE,1.0,0.25,Aegean:FLAT(0.50)|Orion:SHORT(0.20),Regime: TREND (Orion 2x). Score: -0.13. Low Conviction (<0.35).,LOW_CONVICTION,0.666061,MID,21.98,False
1704346500.0,TREND,NO_GO,HOLD,13.33,SAFE,PRO,DEFENSIVE,1.0,0.25,Aegean:FLAT(0.50)|Orion:LONG(0.20),Regime: TREND (Orion 2x). Score: 0.13. Low Conviction (<0.35).,LOW_CONVICTION,2.459629,MID,20.87,False
1704346560.0,TREND,NO_GO,HOLD,13.33,SAFE,PRO,DEFENSIVE,1.0,0.25,Aegean:FLAT(0.30)|Orion:LONG(0.20),Regime: TREND (Orion 2x). Score: 0.13. Low Conviction (<0.35).,LOW_CONVICTION,7.599720,TOP,21.64,False
1704346620.0,TREND,NO_GO,HOLD,13.33,SAFE,PRO,DEFENSIVE,1.0,0.25,Aegean:FLAT(0.30)|Orion:LONG(0.20),Regime: TREND (Orion 2x). Score: 0.13. Low Conviction (<0.35).,LOW_CONVICTION,9.973134,TOP,23.14,False
1704346680.0,TREND,NO_GO,HOLD,13.33,SAFE,PRO,DEFENSIVE,1.0,0.25,Aegean:FLAT(0.30)|Orion:LONG(0.20),Regime: TREND (Orion 2x). Score: 0.13. Low Conviction (<0.35).,LOW_CONVICTION,7.669909,TOP,24.58,False
1704346740.0,TREND,NO_GO,HOLD,10.83,SAFE,PRO,DEFENSIVE,1.0,0.25,Aegean:FLAT(0.30)|Orion:LONG(0.16),Regime: TREND (Orion 2x). Score: 0.11. Low Conviction (<0.35).,LOW_CONVICTION,11.018455,TOP,26.50,True
1704346800.0,TREND,GO,BUY,37.51,SAFE,PRO,DEFENSIVE,1.0,0.25,Aegean:LONG(0.70)|Orion:LONG(0.21),Regime: TREND (Orion 2x). Score: 0.38. Bullish Consensus.,,6.521599,MID,28.51,True
1704346860.0,TREND,GO,BUY,40.70,SAFE,PRO,DEFENSIVE,1.0,0.25,Aegean:LONG(0.70)|Orion:LONG(0.26),Regime: TREND (Orion 2x). Score: 0.41. Bullish Consensus.,,7.176428,MID,30.42,True
1704346920.0,TREND,NO_GO,HOLD,18.20,SAFE,PRO,DEFENSIVE,1.0,0.25,Aegean:FLAT(0.50)|Orion:LONG(0.27),Regime: TREND (Orion 2x). Score: 0.18. Low Conviction (<0.35).,LOW_CONVICTION,3.238726,MID,30.92,True
1704346980.0,TREND,GO,BUY,41.60,SAFE,PRO,DEFENSIVE,1.0,0.25,Aegean:LONG(0.70)|Orion:LONG(0.27),Regime: TREND (Orion 2x). Score: 0.42. Bullish Consensus.,,6.154588,MID,30.96,True
1704347040.0,TREND,GO,BUY,41.66,SAFE,PRO,DEFENSIVE,1.0,0.25,Aegean:LONG(0.70)|Orion:LONG(0.27),Regime: TREND (Orion 2x). Score: 0.42. Bullish Consensus.,,5.450250,MID,30.99,True
1704347100.0,TREND,GO,BUY,40.80,SAFE,PRO,DEFENSIVE,1.0,0.25,Aegean:LONG(0.70)|Orion:LONG(0.26),Regime: TREND (Orion 2x). Score: 0.41. Bullish Consensus.,,4.567649,MID,30.48,True
1704347160.0,TREND,NO_GO,HOLD,16.67,SAFE,PRO,DEFENSIVE,1.0,0.25,Aegean:FLAT(0.50)|Orion:LONG(0.25),Regime: TREND (Orion 2x). Score: 0.17. Low Conviction (<0.35).,LOW_CONVICTION,4.112070,MID,30.00,True
1704347220.0,TREND,NO_GO,HOLD,13.33,SAFE,PRO,DEFENSIVE,1.0,0.25,Aegean:FLAT(0.50)|Orion:LONG(0.20),Regime: TREND (Orion 2x). Score: 0.13. Low Conviction (<0.35).,LOW_CONVICTION,2.843045,MID,28.00,True
1704347280.0,TREND,NO_GO,HOLD,10.32,SAFE,PRO,DEFENSIVE,1.0,0.25,Aegean:FLAT(0.50)|Orion:LONG(0.15),Regime: TREND (Orion 2x). Score: 0.10. Low Conviction (<0.35).,LOW_CONVICTION,0.679911,MID,26.19,True
1704347340.0,TREND,NO_GO,HOLD,9.70,SAFE,PRO,DEFENSIVE,1.0,0.25,Aegean:FLAT(0.50)|Orion:SHORT(0.15),Regime: TREND (Orion 2x). Score: -0.10. Low Conviction (<0.35).,LOW_CONVICTION,-4.143854,MID,25.82,True
1704347400.0,TREND,NO_GO,HOLD,10.21,SAFE,PRO,DEFENSIVE,1.0,0.25,Aegean:FLAT(0.50)|Orion:SHORT(0.15),Regime: TREND (Orion 2x). Score: -0.10. Low Conviction (<0.35).,LOW_CONVICTION,-3.465999,MID,26.13,True
1704347460.0,TREND,NO_GO,HOLD,34.13,SAFE,PRO,DEFENSIVE,1.0,0.25,Aegean:SHORT(0.70)|Orion:SHORT(0.16),Regime: TREND (Orion 2x). Score: -0.34. Low Conviction (<0.35).,LOW_CONVICTION,-5.118090,MID,26.48,True
1704347520.0,TREND,NO_GO,HOLD,11.21,SAFE,PRO,DEFENSIVE,1.0,0.25,Aegean:FLAT(0.50)|Orion:SHORT(0.17),Regime: TREND (Orion 2x). Score: -0.11. Low Conviction (<0.35).,LOW_CONVICTION,-3.473004,MID,26.73,True
1704347580.0,TREND,NO_GO,HOLD,11.85,SAFE,PRO,DEFENSIVE,1.0,0.25,Aegean:FLAT(0.50)|Orion:SHORT(0.18),Regime: TREND (Orion 2x). Score: -0.12. Low Conviction (<0.35).,LOW_CONVICTION,-4.145744,DIP,27.11,True
1704347640.0,TREND,NO_GO,HOLD,12.44,SAFE,PRO,DEFENSIVE,1.0,0.25,Aegean:FLAT(0.50)|Orion:SHORT(0.19),Regime: TREND (Orion 2x). Score: -0.12. Low Conviction (<0.35).,LOW_CONVICTION,-3.624829,DIP,27.46,True
1704347700.0,TREND,NO_GO,HOLD,10.08,SAFE,PRO,DEFENSIVE,1.0,0.25,Aegean:FLAT(0.50)|Orion:LONG(0.15),Regime: TREND (Orion 2x). Score: 0.10. Low Conviction (<0.35).,LOW_CONVICTION,0.714020,MID,26.05,True
1704347760.0,TREND,NO_GO,HOLD,13.33,SAFE,PRO,DEFENSIVE,1.0,0.25,Aegean:FLAT(0.50)|Orion:LONG(0.20),Regime: TREND (Orion 2x). Score: 0.13. Low Conviction (<0.35).,LOW_CONVICTION,1.782617,MID,24.38,False
1704347820.0,TREND,NO_GO,HOLD,13.33,SAFE,PRO,DEFENSIVE,1.0,0.25,Aegean:FLAT(0.50)|Orion:LONG(0.20),Regime: TREND (Orion 2x). Score: 0.13. Low Conviction (<0.35).,LOW_CONVICTION,-0.702271,MID,22.94,False
1704347880.0,TREND,NO_GO,HOLD,13.33,SAFE,PRO,DEFENSIVE,1.0,0.25,Aegean:FLAT(0.50)|Orion:LONG(0.20),Regime: TREND (Orion 2x). Score: 0.13. Low Conviction (<0.35).,LOW_CONVICTION,0.325840,MID,21.61,False
1704347940.0,TREND,NO_GO,HOLD,13.33,SAFE,PRO,DEFENSIVE,1.0,0.25,Aegean:FLAT(0.50)|Orion:LONG(0.20),Regime: TREND (Orion 2x). Score: 0.13. Low Conviction (<0.35).,LOW_CONVICTION,1.100279,MID,20.16,False
1704348000.0,TREND,NO_GO,HOLD,13.33,SAFE,PRO,DEFENSIVE,1.0,0.25,Aegean:FLAT(0.50)|Orion:LONG(0.20),Regime: TREND (Orion 2x). Score: 0.13. Low Conviction (<0.35).,LOW_CONVICTION,1.347163,MID,19.47,False
1704348060.0,CHOP,NO_GO,HOLD,13.33,SAFE,PRO,DEFENSIVE,1.0,0.25,Aegean:FLAT(0.50)|Orion:LONG(0.20),Regime: CHOP (Reduced Weights). Score: 0.13. Low Conviction (<0.35).,LOW_CONVICTION,2.001544,MID,18.12,False
1704348120.0,CHOP,NO_GO,HOLD,13.33,SAFE,PRO,DEFENSIVE,1.0,0.25,Aegean:FLAT(0.50)|Orion:LONG(0.20),Regime: CHOP (Reduced Weights). Score: 0.13. Low Conviction (<0.35).,LOW_CONVICTION,2.271820,MID,16.87,False
1704348180.0,CHOP,NO_GO,HOLD,13.33,SAFE,PRO,DEFENSIVE,1.0,0.25,Aegean:FLAT(0.50)|Orion:LONG(0.20),Regime: CHOP (Reduced Weights). Score: 0.13. Low Conviction (<0.35).,LOW_CONVICTION,3.609181,MID,16.32,False
1704348240.0,CHOP,NO_GO,HOLD,13.33,SAFE,PRO,DEFENSIVE,1.0,0.25,Aegean:FLAT(0.50)|Orion:LONG(0.20),Regime: CHOP (Reduced Weights). Score: 0.13. Low Conviction (<0.35).,LOW_CONVICTION,4.254817,TOP,16.22,False
1704348300.0,CHOP,NO_GO,HOLD,13.33,SAFE,PRO,DEFENSIVE,1.0,0.25,Aegean:FLAT(0.50)|Orion:LONG(0.20),Regime: CHOP (Reduced Weights). Score: 0.13. Low Conviction (<0.35).,LOW_CONVICTION,1.292938,MID,15.26,False
1704348360.0,CHOP,NO_GO,HOLD,13.33,SAFE,PRO,DEFENSIVE,1.0,0.25,Aegean:FLAT(0.50)|Orion:LONG(0.20),Regime: CHOP (Reduced Weights). Score: 0.13. Low Conviction (<0.35).,LOW_CONVICTION,3.202902,TOP,14.36,False
1704348420.0,CHOP,NO_GO,HOLD,13.33,SAFE,PRO,DEFENSIVE,1.0,0.25,Aegean:FLAT(0.50)|Orion:LONG(0.20),Regime: CHOP (Reduced Weights). Score: 0.13. Low Conviction (<0.35).,LOW_CONVICTION,2.098362,MID,13.80,False
1704348480.0,CHOP,NO_GO,HOLD,13.33,SAFE,PRO,DEFENSIVE,1.0,0.25,Aegean:FLAT(0.50)|Orion:LONG(0.20),Regime: CHOP (Reduced Weights). Score: 0.13. Low Conviction (<0.35).,LOW_CONVICTION,-1.617749,MID,13.51,False
1704348540.0,CHOP,NO_GO,HOLD,13.33,SAFE,PRO,DEFENSIVE,1.0,0.25,Aegean:FLAT(0.50)|Orion:LONG(0.20),Regime: CHOP (Reduced Weights). Score: 0.13. Low Conviction (<0.35).,LOW_CONVICTION,-1.365741,MID,13.40,False
1704348600.0,CHOP,NO_GO,HOLD,13.33,SAFE,PRO,DEFENSIVE,1.0,0.25,Aegean:FLAT(0.50)|Orion:LONG(0.20),Regime: CHOP (Reduced Weights). Score: 0.13. Low Conviction (<0.35).,LOW_CONVICTION,-1.227046,MID,13.84,False
1704348660.0,CHOP,NO_GO,HOLD,13.33,SAFE,PRO,DEFENSIVE,1.0,0.25,Aegean:FLAT(0.50)|Orion:LONG(0.20),Regime: CHOP (Reduced Weights). Score: 0.13. Low Conviction (<0.35).,LOW_CONVICTION,1.489780,MID,12.94,False
1704348720.0,CHOP,NO_GO,HOLD,13.33,SAFE,PRO,DEFENSIVE,1.0,0.25,Aegean:FLAT(0.50)|Orion:LONG(0.20),Regime: CHOP (Reduced Weights). Score: 0.13. Low Conviction (<0.35).,LOW_CONVICTION,-1.870518,MID,12.33,False
1704348780.0,CHOP,NO_GO,HOLD,13.33,SAFE,PRO,DEFENSIVE,1.0,0.25,Aegean:FLAT(0.30)|Orion:SHORT(0.20),Regime: CHOP (Reduced Weights). Score: -0.13. Low Conviction (<0.35).,LOW_CONVICTION,-6.023808,DIP,13.25,False
1704348840.0,CHOP,NO_GO,HOLD,13.33,SAFE,PRO,DEFENSIVE,1.0,0.25,Aegean:FLAT(0.30)|Orion:SHORT(0.20),Regime: CHOP (Reduced Weights). Score: -0.13. Low Conviction (<0.35).,LOW_CONVICTION,-6.807640,DIP,14.66,False
1704348900.0,CHOP,NO_GO,HOLD,13.33,SAFE,PRO,DEFENSIVE,1.0,0.25,Aegean:FLAT(0.50)|Orion:SHORT(0.20),Regime: CHOP (Reduced Weights). Score: -0.13. Low Conviction (<0.35).,LOW_CONVICTION,-4.156566,MID,15.58,False
1704348960.0,CHOP,NO_GO,HOLD,13.33,SAFE,PRO,DEFENSIVE,1.0,0.25,Aegean:FLAT(0.50)|Orion:SHORT(0.20),Regime: CHOP (Reduced Weights). Score: -0.13. Low Conviction (<0.35).,LOW_CONVICTION,-2.335360,MID,15.64,False
1704349020.0,CHOP,NO_GO,HOLD,13.33,SAFE,PRO,DEFENSIVE,1.0,0.25,Aegean:FLAT(0.50)|Orion:SHORT(0.20),Regime: CHOP (Reduced Weights). Score: -0.13. Low Conviction (<0.35).,LOW_CONVICTION,-1.179089,MID,15.46,False
1704349080.0,CHOP,NO_GO,HOLD,13.33,SAFE,PRO,DEFENSIVE,1.0,0.25,Aegean:FLAT(0.50)|Orion:SHORT(0.20),Regime: CHOP (Reduced Weights). Score: -0.13. Low Conviction (<0.35).,LOW_CONVICTION,-3.714473,MID,15.80,False
1704349140.0,CHOP,NO_GO,HOLD,13.33,SAFE,PRO,DEFENSIVE,1.0,0.25,Aegean:FLAT(0.50)|Orion:SHORT(0.20),Regime: CHOP (Reduced Weights). Score: -0.13. Low Conviction (<0.35).,LOW_CONVICTION,-4.206777,DIP,16.37,False
1704349200.0,CHOP,NO_GO,HOLD,13.33,SAFE,PRO,DEFENSIVE,1.0,0.25,Aegean:FLAT(0.30)|Orion:SHORT(0.20),Regime: CHOP (Reduced Weights). Score: -0.13. Low Conviction (<0.35).,LOW_CONVICTION,-4.921799,DIP,17.21,False
1704349260.0,CHOP,NO_GO,HOLD,13.33,SAFE,PRO,DEFENSIVE,1.0,0.25,Aegean:FLAT(0.30)|Orion:SHORT(0.20),Regime: CHOP (Reduced Weights). Score: -0.13. Low Conviction (<0.35).,LOW_CONVICTION,-6.723720,DIP,18.59,False
1704349320.0,CHOP,NO_GO,HOLD,13.33,SAFE,PRO,DEFENSIVE,1.0,0.25,Aegean:FLAT(0.30)|Orion:SHORT(0.20),Regime: CHOP (Reduced Weights). Score: -0.13. Low Conviction (<0.35).,LOW_CONVICTION,-4.433720,DIP,19.88,False
1704349380.0,CHOP,NO_GO,HOLD,13.33,SAFE,PRO,DEFENSIVE,1.0,0.25,Aegean:FLAT(0.50)|Orion:SHORT(0.20),Regime: CHOP (Reduced Weights). Score: -0.13. Low Conviction (<0.35).,LOW_CONVICTION,-2.914667,MID,20.75,False
1704349440.0,TREND,NO_GO,HOLD,13.33,SAFE,PRO,DEFENSIVE,1.0,0.25,Aegean:FLAT(0.50)|Orion:SHORT(0.20),Regime: TREND (Orion 2x). Score: -0.13. Low Conviction (<0.35).,LOW_CONVICTION,-3.857070,DIP,21.36,False
1704349500.0,TREND,NO_GO,HOLD,13.33,SAFE,PRO,DEFENSIVE,1.0,0.25,Aegean:FLAT(0.50)|Orion:SHORT(0.20),Regime: TREND (Orion 2x). Score: -0.13. Low Conviction (<0.35).,LOW_CONVICTION,-3.031964,MID,21.93,False
1704349560.0,TREND,NO_GO,HOLD,13.33,SAFE,PRO,DEFENSIVE,1.0,0.25,Aegean:FLAT(0.50)|Orion:SHORT(0.20),Regime: TREND (Orion 2x). Score: -0.13. Low Conviction (<0.35).,LOW_CONVICTION,-2.428865,MID,21.26,False
1704349620.0,TREND,NO_GO,HOLD,13.33,SAFE,PRO,DEFENSIVE,1.0,0.25,Aegean:FLAT(0.50)|Orion:SHORT(0.20),Regime: TREND (Orion 2x). Score: -0.13. Low Conviction (<0.35).,LOW_CONVICTION,-1.545780,MID,20.60,False
1704349680.0,TREND,NO_GO,HOLD,13.33,SAFE,PRO,DEFENSIVE,1.0,0.25,Aegean:FLAT(0.50)|Orion:SHORT(0.20),Regime: TREND (Orion 2x). Score: -0.13. Low Conviction (<0.35).,LOW_CONVICTION,-0.870124,MID,19.98,False
1704349740.0,TREND,NO_GO,HOLD,13.33,SAFE,PRO,DEFENSIVE,1.0,0.25,Aegean:FLAT(0.50)|Orion:SHORT(0.20),Regime: TREND (Orion 2x). Score: -0.13. Low Conviction (<0.35).,LOW_CONVICTION,0.150202,MID,20.09,False
1704349800.0,TREND,NO_GO,HOLD,13.33,SAFE,PRO,DEFENSIVE,1.0,0.25,Aegean:FLAT(0.50)|Orion:SHORT(0.20),Regime: TREND (Orion 2x). Score: -0.13. Low Conviction (<0.35).,LOW_CONVICTION,1.578829,MID,19.41,False
1704349860.0,TREND,NO_GO,HOLD,13.33,SAFE,PRO,DEFENSIVE,1.0,0.25,Aegean:FLAT(0.50)|Orion:SHORT(0.20),Regime: TREND (Orion 2x). Score: -0.13. Low Conviction (<0.35).,LOW_CONVICTION,-1.395439,MID,19.87,False
1704349920.0,TREND,NO_GO,HOLD,13.33,SAFE,PRO,DEFENSIVE,1.0,0.25,Aegean:FLAT(0.50)|Orion:SHORT(0.20),Regime: TREND (Orion 2x). Score: -0.13. Low Conviction (<0.35).,LOW_CONVICTION,0.308496,MID,20.31,False
1704349980.0,TREND,NO_GO,HOLD,13.33,SAFE,PRO,DEFENSIVE,1.0,0.25,Aegean:FLAT(0.50)|Orion:SHORT(0.20),Regime: TREND (Orion 2x). Score: -0.13. Low Conviction (<0.35).,LOW_CONVICTION,1.074224,MID,20.15,False
1704350040.0,TREND,NO_GO,HOLD,13.33,SAFE,PRO,DEFENSIVE,1.0,0.25,Aegean:FLAT(0.50)|Orion:LONG(0.20),Regime: TREND (Orion 2x). Score: 0.13. Low Conviction (<0.35).,LOW_CONVICTION,3.335319,TOP,18.90,False
1704350100.0,CHOP,NO_GO,HOLD,13.33,SAFE,PRO,DEFENSIVE,1.0,0.25,Aegean:FLAT(0.50)|Orion:LONG(0.20),Regime: CHOP (Reduced Weights). Score: 0.13. Low Conviction (<0.35).,LOW_CONVICTION,2.262288,TOP,18.06,False
1704350160.0,CHOP,NO_GO,HOLD,13.33,SAFE,PRO,DEFENSIVE,1.0,0.25,Aegean:FLAT(0.50)|Orion:LONG(0.20),Regime: CHOP (Reduced Weights). Score: 0.13. Low Conviction (<0.35).,LOW_CONVICTION,3.253121,TOP,16.81,False
1704350220.0,CHOP,NO_GO,HOLD,13.33,SAFE,PRO,DEFENSIVE,1.0,0.25,Aegean:FLAT(0.30)|Orion:LONG(0.20),Regime: CHOP (Reduced Weights). Score: 0.13. Low Conviction (<0.35).,LOW_CONVICTION,4.812646,TOP,16.44,False
1704350280.0,CHOP,NO_GO,HOLD,13.33,SAFE,PRO,DEFENSIVE,1.0,0.25,Aegean:FLAT(0.30)|Orion:LONG(0.20),Regime: CHOP (Reduced Weights). Score: 0.13. Low Conviction (<0.35).,LOW_CONVICTION,6.651980,TOP,16.65,False
1704350340.0,CHOP,NO_GO,HOLD,13.33,SAFE,PRO,DEFENSIVE,1.0,0.25,Aegean:FLAT(0.30)|Orion:LONG(0.20),Regime: CHOP (Reduced Weights). Score: 0.13. Low Conviction (<0.35).,LOW_CONVICTION,4.824980,TOP,16.91,False
1704350400.0,CHOP,NO_GO,HOLD,13.33,SAFE,PRO,DEFENSIVE,1.0,0.25,Aegean:FLAT(0.50)|Orion:LONG(0.20),Regime: CHOP (Reduced Weights). Score: 0.13. Low Conviction (<0.35).,LOW_CONVICTION,3.036166,MID,16.09,False
1704350460.0,CHOP,NO_GO,HOLD,13.33,SAFE,PRO,DEFENSIVE,1.0,0.25,Aegean:FLAT(0.50)|Orion:LONG(0.20),Regime: CHOP (Reduced Weights). Score: 0.13. Low Conviction (<0.35).,LOW_CONVICTION,0.358552,MID,15.09,False
1704350520.0,CHOP,NO_GO,HOLD,13.33,SAFE,PRO,DEFENSIVE,1.0,0.25,Aegean:FLAT(0.50)|Orion:LONG(0.20),Regime: CHOP (Reduced Weights). Score: 0.13. Low Conviction (<0.35).,LOW_CONVICTION,1.705330,MID,14.20,False
1704350580.0,CHOP,NO_GO,HOLD,13.33,SAFE,PRO,DEFENSIVE,1.0,0.25,Aegean:FLAT(0.50)|Orion:LONG(0.20),Regime: CHOP (Reduced Weights). Score: 0.13. Low Conviction (<0.35).,LOW_CONVICTION,3.247753,MID,13.79,False
1704350640.0,CHOP,NO_GO,HOLD,13.33,SAFE,PRO,DEFENSIVE,1.0,0.25,Aegean:FLAT(0.50)|Orion:LONG(0.20),Regime: CHOP (Reduced Weights). Score: 0.13. Low Conviction (<0.35).,LOW_CONVICTION,3.331730,TOP,13.57,False
1704350700.0,CHOP,NO_GO,HOLD,13.33,SAFE,PRO,DEFENSIVE,1.0,0.25,Aegean:FLAT(0.50)|Orion:LONG(0.20),Regime: CHOP (Reduced Weights). Score: 0.13. Low Conviction (<0.35).,LOW_CONVICTION,2.973878,TOP,13.61,False
1704350760.0,CHOP,NO_GO,HOLD,13.33,SAFE,PRO,DEFENSIVE,1.0,0.25,Aegean:FLAT(0.50)|Orion:LONG(0.20),Regime: CHOP (Reduced Weights). Score: 0.13. Low Conviction (<0.35).,LOW_CONVICTION,2.706658,TOP,13.61,False
1704350820.0,CHOP,NO_GO,HOLD,13.33,SAFE,PRO,DEFENSIVE,1.0,0.25,Aegean:FLAT(0.50)|Orion:LONG(0.20),Regime: CHOP (Reduced Weights). Score: 0.13. Low Conviction (<0.35).,LOW_CONVICTION,0.851252,MID,12.70,False
1704350880.0,CHOP,NO_GO,HOLD,13.33,SAFE,PRO,DEFENSIVE,1.0,0.25,Aegean:FLAT(0.50)|Orion:LONG(0.20),Regime: CHOP (Reduced Weights). Score: 0.13. Low Conviction (<0.35).,LOW_CONVICTION,-0.615194,MID,12.40,False
1704350940.0,CHOP,NO_GO,HOLD,13.33,SAFE,PRO,DEFENSIVE,1.0,0.25,Aegean:FLAT(0.50)|Orion:SHORT(0.20),Regime: CHOP (Reduced Weights). Score: -0.13. Low Conviction (<0.35).,LOW_CONVICTION,-2.555643,MID,13.05,False
1704351000.0,CHOP,NO_GO,HOLD,13.33,SAFE,PRO,DEFENSIVE,1.0,0.25,Aegean:FLAT(0.50)|Orion:SHORT(0.20),Regime: CHOP (Reduced Weights). Score: -0.13. Low Conviction (<0.35).,LOW_CONVICTION,-3.682607,MID,14.01,False
1704351060.0,CHOP,NO_GO,HOLD,13.33,SAFE,PRO,DEFENSIVE,1.0,0.25,Aegean:FLAT(0.50)|Orion:SHORT(0.20),Regime: CHOP (Reduced Weights). Score: -0.13. Low Conviction (<0.35).,LOW_CONVICTION,-3.126117,MID,14.89,False
1704351120.0,CHOP,NO_GO,HOLD,13.33,SAFE,PRO,DEFENSIVE,1.0,0.25,Aegean:FLAT(0.50)|Orion:SHORT(0.20),Regime: CHOP (Reduced Weights). Score: -0.13. Low Conviction (<0.35).,LOW_CONVICTION,-2.363915,DIP,15.73,False
1704351180.0,CHOP,NO_GO,HOLD,13.33,SAFE,PRO,DEFENSIVE,1.0,0.25,Aegean:FLAT(0.50)|Orion:SHORT(0.20),Regime: CHOP (Reduced Weights). Score: -0.13. Low Conviction (<0.35).,LOW_CONVICTION,-1.998814,DIP,16.38,False
1704351240.0,CHOP,NO_GO,HOLD,13.33,SAFE,PRO,DEFENSIVE,1.0,0.25,Aegean:FLAT(0.50)|Orion:SHORT(0.20),Regime: CHOP (Reduced Weights). Score: -0.13. Low Conviction (<0.35).,LOW_CONVICTION,-1.515813,DIP,16.48,False
1704351300.0,CHOP,NO_GO,HOLD,13.33,SAFE,PRO,DEFENSIVE,1.0,0.25,Aegean:FLAT(0.50)|Orion:SHORT(0.20),Regime: CHOP (Reduced Weights). Score: -0.13. Low Conviction (<0.35).,LOW_CONVICTION,-0.726226,MID,16.66,False
1704351360.0,CHOP,NO_GO,HOLD,13.33,SAFE,PRO,DEFENSIVE,1.0,0.25,Aegean:FLAT(0.50)|Orion:SHORT(0.20),Regime: CHOP (Reduced Weights). Score: -0.13. Low Conviction (<0.35).,LOW_CONVICTION,-1.564879,DIP,16.46,False
1704351420.0,CHOP,NO_GO,HOLD,13.33,SAFE,PRO,DEFENSIVE,1.0,0.25,Aegean:FLAT(0.50)|Orion:SHORT(0.20),Regime: CHOP (Reduced Weights). Score: -0.13. Low Conviction (<0.35).,LOW_CONVICTION,-0.551676,MID,16.52,False
1704351480.0,CHOP,NO_GO,HOLD,13.33,SAFE,PRO,DEFENSIVE,1.0,0.25,Aegean:FLAT(0.50)|Orion:LONG(0.20),Regime: CHOP (Reduced Weights). Score: 0.13. Low Conviction (<0.35).,LOW_CONVICTION,-0.014955,MID,16.21,False
1704351540.0,CHOP,NO_GO,HOLD,13.33,SAFE,PRO,DEFENSIVE,1.0,0.25,Aegean:FLAT(0.50)|Orion:LONG(0.20),Regime: CHOP (Reduced Weights). Score: 0.13. Low Conviction (<0.35).,LOW_CONVICTION,-0.042006,MID,15.91,False
1704351600.0,CHOP,NO_GO,HOLD,13.33,SAFE,PRO,DEFENSIVE,1.0,0.25,Aegean:FLAT(0.50)|Orion:LONG(0.20),Regime: CHOP (Reduced Weights). Score: 0.13. Low Conviction (<0.35).,LOW_CONVICTION,2.450044,MID,15.48,False
1704351660.0,CHOP,NO_GO,HOLD,13.33,SAFE,PRO,DEFENSIVE,1.0,0.25,Aegean:FLAT(0.50)|Orion:LONG(0.20),Regime: CHOP (Reduced Weights). Score: 0.13. Low Conviction (<0.35).,LOW_CONVICTION,1.229738,MID,15.08,False
1704351720.0,CHOP,NO_GO,HOLD,13.33,SAFE,PRO,DEFENSIVE,1.0,0.25,Aegean:FLAT(0.50)|Orion:LONG(0.20),Regime: CHOP (Reduced Weights). Score: 0.13. Low Conviction (<0.35).,LOW_CONVICTION,-0.257097,MID,14.70,False
1704351780.0,CHOP,NO_GO,HOLD,13.33,SAFE,PRO,DEFENSIVE,1.0,0.25,Aegean:FLAT(0.50)|Orion:LONG(0.20),Regime: CHOP (Reduced Weights). Score: 0.13. Low Conviction (<0.35).,LOW_CONVICTION,3.448348,MID,15.61,False
1704351840.0,CHOP,NO_GO,HOLD,13.33,SAFE,PRO,DEFENSIVE,1.0,0.25,Aegean:FLAT(0.30)|Orion:LONG(0.20),Regime: CHOP (Reduced Weights). Score: 0.13. Low Conviction (<0.35).,LOW_CONVICTION,7.965015,TOP,18.22,False
1704351900.0,TREND,GO,BUY,36.67,SAFE,PRO,DEFENSIVE,1.0,0.25,Aegean:LONG(0.70)|Orion:LONG(0.20),Regime: TREND (Orion 2x). Score: 0.37. Bullish Consensus.,,5.987114,MID,20.62,False
1704351960.0,TREND,NO_GO,HOLD,13.33,SAFE,PRO,DEFENSIVE,1.0,0.25,Aegean:FLAT(0.30)|Orion:LONG(0.20),Regime: TREND (Orion 2x). Score: 0.13. Low Conviction (<0.35).,LOW_CONVICTION,7.757871,TOP,21.48,False
1704352020.0,TREND,NO_GO,HOLD,13.33,SAFE,PRO,DEFENSIVE,1.0,0.25,Aegean:FLAT(0.50)|Orion:LONG(0.20),Regime: TREND (Orion 2x). Score: 0.13. Low Conviction (<0.35).,LOW_CONVICTION,-1.370650,MID,22.67,False
1704352080.0,TREND,NO_GO,HOLD,13.33,SAFE,PRO,DEFENSIVE,1.0,0.25,Aegean:FLAT(0.50)|Orion:SHORT(0.20),Regime: TREND (Orion 2x). Score: -0.13. Low Conviction (<0.35).,LOW_CONVICTION,-3.570564,MID,23.78,False
1704352140.0,TREND,NO_GO,HOLD,32.17,SAFE,PRO,DEFENSIVE,1.0,0.25,Aegean:SHORT(0.70)|Orion:SHORT(0.13),Regime: TREND (Orion 2x). Score: -0.32. Low Conviction (<0.35).,LOW_CONVICTION,-4.370262,MID,25.30,True
1704352200.0,TREND,NO_GO,HOLD,9.27,SAFE,PRO,DEFENSIVE,1.0,0.25,Aegean:FLAT(0.50)|Orion:LONG(0.14),Regime: TREND (Orion 2x). Score: 0.09. Low Conviction (<0.35).,LOW_CONVICTION,-0.939458,MID,25.56,True
1704352260.0,TREND,NO_GO,HOLD,9.65,SAFE,PRO,DEFENSIVE,1.0,0.25,Aegean:FLAT(0.50)|Orion:LONG(0.14),Regime: TREND (Orion 2x). Score: 0.10. Low Conviction (<0.35).,LOW_CONVICTION,-0.925078,MID,25.79,True
1704352320.0,TREND,NO_GO,HOLD,34.17,SAFE,PRO,DEFENSIVE,1.0,0.25,Aegean:SHORT(0.70)|Orion:SHORT(0.16),Regime: TREND (Orion 2x). Score: -0.34. Low Conviction (<0.35).,LOW_CONVICTION,-5.071192,MID,26.50,True
1704352380.0,TREND,GO,SELL,36.79,SAFE,PRO,DEFENSIVE,1.0,0.25,Aegean:SHORT(0.70)|Orion:SHORT(0.20),Regime: TREND (Orion 2x). Score: -0.37. Bearish Consensus.,,-5.549890,MID,28.07,True
1704352440.0,TREND,GO,SELL,39.27,SAFE,PRO,DEFENSIVE,1.0,0.25,Aegean:SHORT(0.70)|Orion:SHORT(0.24),Regime: TREND (Orion 2x). Score: -0.39. Bearish Consensus.,,-6.067505,MID,29.56,True
1704352500.0,TREND,GO,SELL,42.22,SAFE,PRO,DEFENSIVE,1.0,0.25,Aegean:SHORT(0.70)|Orion:SHORT(0.28),Regime: TREND (Orion 2x). Score: -0.42. Bearish Consensus.,,-7.305432,MID,31.33,True
1704352560.0,TREND,GO,SELL,45.07,SAFE,PRO,DEFENSIVE,1.0,0.25,Aegean:SHORT(0.70)|Orion:SHORT(0.33),Regime: TREND (Orion 2x). Score: -0.45. Bearish Consensus.,,-8.050619,MID,33.04,True
1704352620.0,TREND,GO,SELL,47.61,SAFE,PRO,DEFENSIVE,1.0,0.25,Aegean:SHORT(0.70)|Orion:SHORT(0.36),Regime: TREND (Orion 2x). Score: -0.48. Bearish Consensus.,,-7.527691,MID,34.56,True
1704352680.0,TREND,NO_GO,HOLD,27.40,SAFE,PRO,DEFENSIVE,1.0,0.25,Aegean:FLAT(0.30)|Orion:SHORT(0.41),Regime: TREND (Orion 2x). Score: -0.27. Low Conviction (<0.35).,LOW_CONVICTION,-9.918274,DIP,36.44,True
1704352740.0,TREND,NO_GO,HOLD,30.86,SAFE,PRO,DEFENSIVE,1.0,0.25,Aegean:FLAT(0.30)|Orion:SHORT(0.46),Regime: TREND (Orion 2x). Score: -0.31. Low Conviction (<0.35).,LOW_CONVICTION,-14.330016,DIP,38.52,True
1704352800.0,TREND,NO_GO,HOLD,34.03,SAFE,PRO,DEFENSIVE,1.0,0.25,Aegean:FLAT(0.30)|Orion:SHORT(0.51),Regime: TREND (Orion 2x). Score: -0.34. Low Conviction (<0.35).,LOW_CONVICTION,-12.054376,DIP,40.42,True
1704352860.0,TREND,GO,SELL,36.81,SAFE,PRO,DEFENSIVE,1.0,0.25,Aegean:FLAT(0.30)|Orion:SHORT(0.55),Regime: TREND (Orion 2x). Score: -0.37. Bearish Consensus.,,-11.090075,DIP,42.08,True
1704352920.0,TREND,GO,SELL,62.51,SAFE,PRO,DEFENSIVE,1.0,0.25,Aegean:SHORT(0.70)|Orion:SHORT(0.59),Regime: TREND (Orion 2x). Score: -0.63. Bearish Consensus.,,-6.345819,MID,43.51,True
1704352980.0,TREND,GO,SELL,61.77,SAFE,PRO,DEFENSIVE,1.0,0.25,Aegean:SHORT(0.70)|Orion:SHORT(0.58),Regime: TREND (Orion 2x). Score: -0.62. Bearish Consensus.,,-5.687401,MID,43.06,True
1704353040.0,TREND,GO,SELL,37.74,SAFE,PRO,DEFENSIVE,1.0,0.25,Aegean:FLAT(0.50)|Orion:SHORT(0.57),Regime: TREND (Orion 2x). Score: -0.38. Bearish Consensus.,,-2.863839,MID,42.64,True
1704353100.0,TREND,GO,SELL,37.11,SAFE,PRO,DEFENSIVE,1.0,0.25,Aegean:FLAT(0.50)|Orion:SHORT(0.56),Regime: TREND (Orion 2x). Score: -0.37. Bearish Consensus.,,-2.592998,MID,42.26,True
1704353160.0,TREND,GO,SELL,36.48,SAFE,PRO,DEFENSIVE,1.0,0.25,Aegean:FLAT(0.50)|Orion:SHORT(0.55),Regime: TREND (Orion 2x). Score: -0.36. Bearish Consensus.,,-2.793332,MID,41.89,True
1704353220.0,TREND,GO,SELL,35.39,SAFE,PRO,DEFENSIVE,1.0,0.25,Aegean:FLAT(0.50)|Orion:SHORT(0.53),Regime: TREND (Orion 2x). Score: -0.35. Bearish Consensus.,,-1.834638,MID,41.23,True
1704353280.0,TREND,NO_GO,HOLD,33.67,SAFE,PRO,DEFENSIVE,1.0,0.25,Aegean:FLAT(0.50)|Orion:SHORT(0.51),Regime: TREND (Orion 2x). Score: -0.34. Low Conviction (<0.35).,LOW_CONVICTION,-0.065273,MID,40.20,True
1704353340.0,TREND,NO_GO,HOLD,32.08,SAFE,PRO,DEFENSIVE,1.0,0.25,Aegean:FLAT(0.50)|Orion:SHORT(0.48),Regime: TREND (Orion 2x). Score: -0.32. Low Conviction (<0.35).,LOW_CONVICTION,-0.250596,MID,39.25,True
1704353400.0,TREND,NO_GO,HOLD,28.72,SAFE,PRO,DEFENSIVE,1.0,0.25,Aegean:FLAT(0.50)|Orion:SHORT(0.43),Regime: TREND (Orion 2x). Score: -0.29. Low Conviction (<0.35).,LOW_CONVICTION,0.735188,MID,37.23,True
1704353460.0,TREND,NO_GO,HOLD,25.60,SAFE,PRO,DEFENSIVE,1.0,0.25,Aegean:FLAT(0.50)|Orion:SHORT(0.38),Regime: TREND (Orion 2x). Score: -0.26. Low Conviction (<0.35).,LOW_CONVICTION,2.553752,MID,35.36,True
1704353520.0,TREND,NO_GO,HOLD,23.37,SAFE,PRO,DEFENSIVE,1.0,0.25,Aegean:FLAT(0.30)|Orion:LONG(0.35),Regime: TREND (Orion 2x). Score: 0.23. Low Conviction (<0.35).,LOW_CONVICTION,7.261584,TOP,34.02,True
1704353580.0,TREND,GO,BUY,45.00,SAFE,PRO,DEFENSIVE,1.0,0.25,Aegean:LONG(0.70)|Orion:LONG(0.33),Regime: TREND (Orion 2x). Score: 0.45. Bullish Consensus.,,5.528003,MID,33.00,True
1704353640.0,TREND,NO_GO,HOLD,20.11,SAFE,PRO,DEFENSIVE,1.0,0.25,Aegean:FLAT(0.50)|Orion:SHORT(0.30),Regime: TREND (Orion 2x). Score: -0.20. Low Conviction (<0.35).,LOW_CONVICTION,3.165998,MID,32.07,True
1704353700.0,TREND,NO_GO,HOLD,17.67,SAFE,PRO,DEFENSIVE,1.0,0.25,Aegean:FLAT(0.50)|Orion:SHORT(0.26),Regime: TREND (Orion 2x). Score: -0.18. Low Conviction (<0.35).,LOW_CONVICTION,1.167183,MID,30.60,True
1704353760.0,TREND,NO_GO,HOLD,14.60,SAFE,PRO,DEFENSIVE,1.0,0.25,Aegean:FLAT(0.50)|Orion:SHORT(0.22),Regime: TREND (Orion 2x). Score: -0.15. Low Conviction (<0.35).,LOW_CONVICTION,0.523442,MID,28.76,True
1704353820.0,TREND,NO_GO,HOLD,11.53,SAFE,PRO,DEFENSIVE,1.0,0.25,Aegean:FLAT(0.50)|Orion:SHORT(0.17),Regime: TREND (Orion 2x). Score: -0.12. Low Conviction (<0.35).,LOW_CONVICTION,0.027051,MID,26.92,True
1704353880.0,TREND,NO_GO,HOLD,8.44,SAFE,PRO,DEFENSIVE,1.0,0.25,Aegean:FLAT(0.50)|Orion:SHORT(0.13),Regime: TREND (Orion 2x). Score: -0.08. Low Conviction (<0.35).,LOW_CONVICTION,0.588350,MID,25.06,True
1704353940.0,TREND,GO,SELL,36.67,SAFE,PRO,DEFENSIVE,1.0,0.25,Aegean:SHORT(0.70)|Orion:SHORT(0.20),Regime: TREND (Orion 2x). Score: -0.37. Bearish Consensus.,,-4.650265,MID,24.42,False
1704354000.0,TREND,NO_GO,HOLD,13.33,SAFE,PRO,DEFENSIVE,1.0,0.25,Aegean:FLAT(0.30)|Orion:SHORT(0.20),Regime: TREND (Orion 2x). Score: -0.13. Low Conviction (<0.35).,LOW_CONVICTION,-8.765311,DIP,24.82,False
1704354060.0,TREND,NO_GO,HOLD,11.82,SAFE,PRO,DEFENSIVE,1.0,0.25,Aegean:FLAT(0.30)|Orion:SHORT(0.18),Regime: TREND (Orion 2x). Score: -0.12. Low Conviction (<0.35).,LOW_CONVICTION,-22.065234,DIP,27.09,True
1704354120.0,TREND,GO,SELL,38.72,SAFE,PRO,DEFENSIVE,1.0,0.25,Aegean:SHORT(0.70)|Orion:SHORT(0.23),Regime: TREND (Orion 2x). Score: -0.39. Bearish Consensus.,,-14.825170,MID,29.23,True
1704354180.0,TREND,NO_GO,HOLD,14.90,SAFE,PRO,DEFENSIVE,1.0,0.25,Aegean:FLAT(0.50)|Orion:SHORT(0.22),Regime: TREND (Orion 2x). Score: -0.15. Low Conviction (<0.35).,LOW_CONVICTION,-1.291190,MID,28.94,True
1704354240.0,TREND,GO,SELL,37.71,SAFE,PRO,DEFENSIVE,1.0,0.25,Aegean:SHORT(0.70)|Orion:SHORT(0.22),Regime: TREND (Orion 2x). Score: -0.38. Bearish Consensus.,,-4.448501,MID,28.63,True
1704354300.0,TREND,GO,SELL,37.24,SAFE,PRO,DEFENSIVE,1.0,0.25,Aegean:SHORT(0.70)|Orion:SHORT(0.21),Regime: TREND (Orion 2x). Score: -0.37. Bearish Consensus.,,-5.244696,MID,28.35,True
1704354360.0,TREND,GO,SELL,38.36,SAFE,PRO,DEFENSIVE,1.0,0.25,Aegean:SHORT(0.70)|Orion:SHORT(0.23),Regime: TREND (Orion 2x). Score: -0.38. Bearish Consensus.,,-12.194201,MID,29.02,True
1704354420.0,TREND,GO,SELL,39.57,SAFE,PRO,DEFENSIVE,1.0,0.25,Aegean:SHORT(0.70)|Orion:SHORT(0.24),Regime: TREND (Orion 2x). Score: -0.40. Bearish Consensus.,,-9.985261,MID,29.74,True
1704354480.0,TREND,GO,SELL,40.71,SAFE,PRO,DEFENSIVE,1.0,0.25,Aegean:SHORT(0.70)|Orion:SHORT(0.26),Regime: TREND (Orion 2x). Score: -0.41. Bearish Consensus.,,-10.990907,MID,30.42,True
1704354540.0,TREND,GO,SELL,42.44,SAFE,PRO,DEFENSIVE,1.0,0.25,Aegean:SHORT(0.70)|Orion:SHORT(0.29),Regime: TREND (Orion 2x). Score: -0.42. Bearish Consensus.,,-10.954313,MID,31.46,True
1704354600.0,TREND,GO,SELL,44.14,SAFE,PRO,DEFENSIVE,1.0,0.25,Aegean:SHORT(0.70)|Orion:SHORT(0.31),Regime: TREND (Orion 2x). Score: -0.44. Bearish Consensus.,,-10.165399,MID,32.49,True
1704354660.0,TREND,NO_GO,HOLD,22.79,SAFE,PRO,DEFENSIVE,1.0,0.25,Aegean:FLAT(0.30)|Orion:SHORT(0.34),Regime: TREND (Orion 2x). Score: -0.23. Low Conviction (<0.35).,LOW_CONVICTION,-12.712161,DIP,33.67,True
1704354720.0,TREND,GO,SELL,46.71,SAFE,PRO,DEFENSIVE,1.0,0.25,Aegean:SHORT(0.70)|Orion:SHORT(0.35),Regime: TREND (Orion 2x). Score: -0.47. Bearish Consensus.,,-5.662118,MID,34.03,True
1704354780.0,TREND,GO,SELL,46.80,SAFE,PRO,DEFENSIVE,1.0,0.25,Aegean:SHORT(0.70)|Orion:SHORT(0.35),Regime: TREND (Orion 2x). Score: -0.47. Bearish Consensus.,,-7.310035,MID,34.08,True
1704354840.0,TREND,NO_GO,HOLD,24.34,SAFE,PRO,DEFENSIVE,1.0,0.25,Aegean:FLAT(0.30)|Orion:SHORT(0.37),Regime: TREND (Orion 2x). Score: -0.24. Low Conviction (<0.35).,LOW_CONVICTION,-9.016725,DIP,34.61,True
1704354900.0,TREND,NO_GO,HOLD,26.45,SAFE,PRO,DEFENSIVE,1.0,0.25,Aegean:FLAT(0.30)|Orion:SHORT(0.40),Regime: TREND (Orion 2x). Score: -0.26. Low Conviction (<0.35).,LOW_CONVICTION,-13.545876,DIP,35.87,True
1704354960.0,TREND,NO_GO,HOLD,28.37,SAFE,PRO,DEFENSIVE,1.0,0.25,Aegean:FLAT(0.30)|Orion:SHORT(0.43),Regime: TREND (Orion 2x). Score: -0.28. Low Conviction (<0.35).,LOW_CONVICTION,-13.691815,DIP,37.02,True
1704355020.0,TREND,GO,SELL,53.45,SAFE,PRO,DEFENSIVE,1.0,0.25,Aegean:SHORT(0.70)|Orion:SHORT(0.45),Regime: TREND (Orion 2x). Score: -0.53. Bearish Consensus.,,-8.771319,MID,38.07,True
1704355080.0,TREND,NO_GO,HOLD,31.76,SAFE,PRO,DEFENSIVE,1.0,0.25,Aegean:FLAT(0.30)|Orion:SHORT(0.48),Regime: TREND (Orion 2x). Score: -0.32. Low Conviction (<0.35).,LOW_CONVICTION,-9.618778,DIP,39.05,True
1704355140.0,TREND,NO_GO,HOLD,33.84,SAFE,PRO,DEFENSIVE,1.0,0.25,Aegean:FLAT(0.30)|Orion:SHORT(0.51),Regime: TREND (Orion 2x). Score: -0.34. Low Conviction (<0.35).,LOW_CONVICTION,-11.796304,DIP,40.30,True
1704355200.0,TREND,NO_GO,HOLD,33.35,SAFE,PRO,DEFENSIVE,1.0,0.25,Aegean:FLAT(0.50)|Orion:SHORT(0.50),Regime: TREND (Orion 2x). Score: -0.33. Low Conviction (<0.35).,LOW_CONVICTION,-2.391619,MID,40.01,True
1704355260.0,TREND,NO_GO,HOLD,31.22,SAFE,PRO,DEFENSIVE,1.0,0.25,Aegean:FLAT(0.50)|Orion:SHORT(0.47),Regime: TREND (Orion 2x). Score: -0.31. Low Conviction (<0.35).,LOW_CONVICTION,-0.278006,MID,38.73,True
1704355320.0,TREND,NO_GO,HOLD,28.86,SAFE,PRO,DEFENSIVE,1.0,0.25,Aegean:FLAT(0.50)|Orion:SHORT(0.43),Regime: TREND (Orion 2x). Score: -0.29. Low Conviction (<0.35).,LOW_CONVICTION,2.560574,MID,37.32,True
1704355380.0,TREND,NO_GO,HOLD,26.66,SAFE,PRO,DEFENSIVE,1.0,0.25,Aegean:FLAT(0.50)|Orion:SHORT(0.40),Regime: TREND (Orion 2x). Score: -0.27. Low Conviction (<0.35).,LOW_CONVICTION,0.418289,MID,36.00,True
1704355440.0,TREND,NO_GO,HOLD,23.93,SAFE,PRO,DEFENSIVE,1.0,0.25,Aegean:FLAT(0.50)|Orion:SHORT(0.36),Regime: TREND (Orion 2x). Score: -0.24. Low Conviction (<0.35).,LOW_CONVICTION,-0.507224,MID,34.36,True
1704355500.0,TREND,NO_GO,HOLD,21.62,SAFE,PRO,DEFENSIVE,1.0,0.25,Aegean:FLAT(0.50)|Orion:SHORT(0.32),Regime: TREND (Orion 2x). Score: -0.22. Low Conviction (<0.35).,LOW_CONVICTION,-1.093975,MID,32.97,True
1704355560.0,TREND,NO_GO,HOLD,19.43,SAFE,PRO,DEFENSIVE,1.0,0.25,Aegean:FLAT(0.50)|Orion:SHORT(0.29),Regime: TREND (Orion 2x). Score: -0.19. Low Conviction (<0.35).,LOW_CONVICTION,0.732991,MID,31.66,True
1704355620.0,TREND,NO_GO,HOLD,16.84,SAFE,PRO,DEFENSIVE,1.0,0.25,Aegean:FLAT(0.50)|Orion:SHORT(0.25),Regime: TREND (Orion 2x). Score: -0.17. Low Conviction (<0.35).,LOW_CONVICTION,-1.734844,MID,30.10,True
1704355680.0,TREND,NO_GO,HOLD,15.24,SAFE,PRO,DEFENSIVE,1.0,0.25,Aegean:FLAT(0.50)|Orion:SHORT(0.23),Regime: TREND (Orion 2x). Score: -0.15. Low Conviction (<0.35).,LOW_CONVICTION,-4.109030,MID,29.15,True
1704355740.0,TREND,GO,SELL,38.30,SAFE,PRO,DEFENSIVE,1.0,0.25,Aegean:SHORT(0.70)|Orion:SHORT(0.22),Regime: TREND (Orion 2x). Score: -0.38. Bearish Consensus.,,-7.264778,MID,28.98,True
1704355800.0,TREND,NO_GO,HOLD,13.30,SAFE,PRO,DEFENSIVE,1.0,0.25,Aegean:FLAT(0.50)|Orion:SHORT(0.20),Regime: TREND (Orion 2x). Score: -0.13. Low Conviction (<0.35).,LOW_CONVICTION,-0.244485,MID,27.98,True
1704355860.0,TREND,NO_GO,HOLD,11.40,SAFE,PRO,DEFENSIVE,1.0,0.25,Aegean:FLAT(0.50)|Orion:SHORT(0.17),Regime: TREND (Orion 2x). Score: -0.11. Low Conviction (<0.35).,LOW_CONVICTION,0.336003,MID,26.84,True
1704355920.0,TREND,NO_GO,HOLD,9.42,SAFE,PRO,DEFENSIVE,1.0,0.25,Aegean:FLAT(0.50)|Orion:SHORT(0.14),Regime: TREND (Orion 2x). Score: -0.09. Low Conviction (<0.35).,LOW_CONVICTION,0.326794,MID,25.65,True
1704355980.0,TREND,NO_GO,HOLD,13.33,SAFE,PRO,DEFENSIVE,1.0,0.25,Aegean:FLAT(0.50)|Orion:SHORT(0.20),Regime: TREND (Orion 2x). Score: -0.13. Low Conviction (<0.35).,LOW_CONVICTION,2.044811,MID,24.20,False
1704356040.0,TREND,NO_GO,HOLD,13.33,SAFE,PRO,DEFENSIVE,1.0,0.25,Aegean:FLAT(0.50)|Orion:SHORT(0.20),Regime: TREND (Orion 2x). Score: -0.13. Low Conviction (<0.35).,LOW_CONVICTION,-0.658183,MID,23.12,False
1704356100.0,TREND,GO,SELL,36.67,SAFE,PRO,DEFENSIVE,1.0,0.25,Aegean:SHORT(0.70)|Orion:SHORT(0.20),Regime: TREND (Orion 2x). Score: -0.37. Bearish Consensus.,,-4.955560,MID,22.96,False
1704356160.0,TREND,NO_GO,HOLD,13.33,SAFE,PRO,DEFENSIVE,1.0,0.25,Aegean:FLAT(0.30)|Orion:SHORT(0.20),Regime: TREND (Orion 2x). Score: -0.13. Low Conviction (<0.35).,LOW_CONVICTION,-7.489068,DIP,23.73,False
1704356220.0,TREND,NO_GO,HOLD,13.33,SAFE,PRO,DEFENSIVE,1.0,0.25,Aegean:FLAT(0.30)|Orion:SHORT(0.20),Regime: TREND (Orion 2x). Score: -0.13. Low Conviction (<0.35).,LOW_CONVICTION,-6.991942,DIP,24.51,False
1704356280.0,TREND,NO_GO,HOLD,33.40,SAFE,PRO,DEFENSIVE,1.0,0.25,Aegean:SHORT(0.70)|Orion:SHORT(0.15),Regime: TREND (Orion 2x). Score: -0.33. Low Conviction (<0.35).,LOW_CONVICTION,-8.109138,MID,26.04,True
1704356340.0,TREND,GO,SELL,35.74,SAFE,PRO,DEFENSIVE,1.0,0.25,Aegean:SHORT(0.70)|Orion:SHORT(0.19),Regime: TREND (Orion 2x). Score: -0.36. Bearish Consensus.,,-5.214967,MID,27.44,True
1704356400.0,TREND,NO_GO,HOLD,13.07,SAFE,PRO,DEFENSIVE,1.0,0.25,Aegean:LONG(0.70)|Orion:SHORT(0.15),Regime: TREND (Orion 2x). Score: 0.13. Low Conviction (<0.35).,LOW_CONVICTION,4.803620,MID,26.16,True
1704356460.0,TREND,NO_GO,HOLD,13.33,SAFE,PRO,DEFENSIVE,1.0,0.25,Aegean:FLAT(0.30)|Orion:LONG(0.20),Regime: TREND (Orion 2x). Score: 0.13. Low Conviction (<0.35).,LOW_CONVICTION,6.328586,TOP,24.51,False
1704356520.0,TREND,NO_GO,HOLD,13.33,SAFE,PRO,DEFENSIVE,1.0,0.25,Aegean:FLAT(0.30)|Orion:LONG(0.20),Regime: TREND (Orion 2x). Score: 0.13. Low Conviction (<0.35).,LOW_CONVICTION,7.379311,TOP,23.50,False
1704356580.0,TREND,GO,BUY,36.67,SAFE,PRO,DEFENSIVE,1.0,0.25,Aegean:LONG(0.70)|Orion:LONG(0.20),Regime: TREND (Orion 2x). Score: 0.37. Bullish Consensus.,,4.618435,MID,22.52,False
1704356640.0,TREND,GO,BUY,36.67,SAFE,PRO,DEFENSIVE,1.0,0.25,Aegean:LONG(0.70)|Orion:LONG(0.20),Regime: TREND (Orion 2x). Score: 0.37. Bullish Consensus.,,4.902238,MID,21.39,False
1704356700.0,TREND,NO_GO,HOLD,13.33,SAFE,PRO,DEFENSIVE,1.0,0.25,Aegean:FLAT(0.30)|Orion:LONG(0.20),Regime: TREND (Orion 2x). Score: 0.13. Low Conviction (<0.35).,LOW_CONVICTION,5.638586,TOP,20.83,False
1704356760.0,CHOP,NO_GO,HOLD,13.33,SAFE,PRO,DEFENSIVE,1.0,0.25,Aegean:FLAT(0.30)|Orion:LONG(0.20),Regime: CHOP (Reduced Weights). Score: 0.13. Low Conviction (<0.35).,LOW_CONVICTION,8.319477,TOP,20.90,False
1704356820.0,TREND,NO_GO,HOLD,13.33,SAFE,PRO,DEFENSIVE,1.0,0.25,Aegean:FLAT(0.30)|Orion:LONG(0.20),Regime: TREND (Orion 2x). Score: 0.13. Low Conviction (<0.35).,LOW_CONVICTION,7.483266,TOP,20.96,False
1704356880.0,CHOP,GO,BUY,36.67,SAFE,PRO,DEFENSIVE,1.0,0.25,Aegean:LONG(0.70)|Orion:LONG(0.20),Regime: CHOP (Reduced Weights). Score: 0.37. Bullish Consensus.,,5.184037,MID,20.80,False
1704356940.0,CHOP,NO_GO,HOLD,13.33,SAFE,PRO,DEFENSIVE,1.0,0.25,Aegean:FLAT(0.30)|Orion:LONG(0.20),Regime: CHOP (Reduced Weights). Score: 0.13. Low Conviction (<0.35).,LOW_CONVICTION,5.359278,TOP,20.29,False
1704357000.0,CHOP,NO_GO,HOLD,13.33,SAFE,PRO,DEFENSIVE,1.0,0.25,Aegean:FLAT(0.30)|Orion:LONG(0.20),Regime: CHOP (Reduced Weights). Score: 0.13. Low Conviction (<0.35).,LOW_CONVICTION,5.268172,TOP,20.06,False
1704357060.0,CHOP,NO_GO,HOLD,13.33,SAFE,PRO,DEFENSIVE,1.0,0.25,Aegean:FLAT(0.50)|Orion:LONG(0.20),Regime: CHOP (Reduced Weights). Score: 0.13. Low Conviction (<0.35).,LOW_CONVICTION,3.154711,MID,19.84,False
1704357120.0,CHOP,NO_GO,HOLD,13.33,SAFE,PRO,DEFENSIVE,1.0,0.25,Aegean:FLAT(0.50)|Orion:LONG(0.20),Regime: CHOP (Reduced Weights). Score: 0.13. Low Conviction (<0.35).,LOW_CONVICTION,-0.127844,MID,18.90,False
1704357180.0,CHOP,NO_GO,HOLD,13.33,SAFE,PRO,DEFENSIVE,1.0,0.25,Aegean:FLAT(0.50)|Orion:LONG(0.20),Regime: CHOP (Reduced Weights). Score: 0.13. Low Conviction (<0.35).,LOW_CONVICTION,0.003066,MID,17.99,False
1704357240.0,CHOP,NO_GO,HOLD,13.33,SAFE,PRO,DEFENSIVE,1.0,0.25,Aegean:FLAT(0.50)|Orion:SHORT(0.20),Regime: CHOP (Reduced Weights). Score: -0.13. Low Conviction (<0.35).,LOW_CONVICTION,-3.901282,MID,17.32,False
1704357300.0,CHOP,GO,SELL,36.67,SAFE,PRO,DEFENSIVE,1.0,0.25,Aegean:SHORT(0.70)|Orion:SHORT(0.20),Regime: CHOP (Reduced Weights). Score: -0.37. Bearish Consensus.,,-4.526392,MID,17.19,False
1704357360.0,CHOP,GO,SELL,36.67,SAFE,PRO,DEFENSIVE,1.0,0.25,Aegean:SHORT(0.70)|Orion:SHORT(0.20),Regime: CHOP (Reduced Weights). Score: -0.37. Bearish Consensus.,,-5.235571,MID,17.37,False
1704357420.0,CHOP,GO,SELL,36.67,SAFE,PRO,DEFENSIVE,1.0,0.25,Aegean:SHORT(0.70)|Orion:SHORT(0.20),Regime: CHOP (Reduced Weights). Score: -0.37. Bearish Consensus.,,-8.893182,MID,18.18,False
1704357480.0,CHOP,GO,SELL,36.67,SAFE,PRO,DEFENSIVE,1.0,0.25,Aegean:SHORT(0.70)|Orion:SHORT(0.20),Regime: CHOP (Reduced Weights). Score: -0.37. Bearish Consensus.,,-7.668908,MID,18.93,False
1704357540.0,CHOP,NO_GO,HOLD,13.33,SAFE,PRO,DEFENSIVE,1.0,0.25,Aegean:FLAT(0.30)|Orion:SHORT(0.20),Regime: CHOP (Reduced Weights). Score: -0.13. Low Conviction (<0.35).,LOW_CONVICTION,-7.911270,DIP,19.80,False
1704357600.0,CHOP,NO_GO,HOLD,13.33,SAFE,PRO,DEFENSIVE,1.0,0.25,Aegean:FLAT(0.30)|Orion:SHORT(0.20),Regime: CHOP (Reduced Weights). Score: -0.13. Low Conviction (<0.35).,LOW_CONVICTION,-6.580238,DIP,20.60,False
1704357660.0,CHOP,NO_GO,HOLD,13.33,SAFE,PRO,DEFENSIVE,1.0,0.25,Aegean:FLAT(0.50)|Orion:SHORT(0.20),Regime: CHOP (Reduced Weights). Score: -0.13. Low Conviction (<0.35).,LOW_CONVICTION,-2.874120,MID,20.36,False
1704357720.0,CHOP,NO_GO,HOLD,13.33,SAFE,PRO,DEFENSIVE,1.0,0.25,Aegean:FLAT(0.50)|Orion:SHORT(0.20),Regime: CHOP (Reduced Weights). Score: -0.13. Low Conviction (<0.35).,LOW_CONVICTION,-3.852544,MID,20.39,False
1704357780.0,CHOP,NO_GO,HOLD,13.33,SAFE,PRO,DEFENSIVE,1.0,0.25,Aegean:FLAT(0.50)|Orion:SHORT(0.20),Regime: CHOP (Reduced Weights). Score: -0.13. Low Conviction (<0.35).,LOW_CONVICTION,-4.246813,DIP,20.48,False
1704357840.0,CHOP,NO_GO,HOLD,13.33,SAFE,PRO,DEFENSIVE,1.0,0.25,Aegean:FLAT(0.30)|Orion:SHORT(0.20),Regime: CHOP (Reduced Weights). Score: -0.13. Low Conviction (<0.35).,LOW_CONVICTION,-4.726488,DIP,20.34,False
1704357900.0,CHOP,NO_GO,HOLD,13.33,SAFE,PRO,DEFENSIVE,1.0,0.25,Aegean:FLAT(0.30)|Orion:SHORT(0.20),Regime: CHOP (Reduced Weights). Score: -0.13. Low Conviction (<0.35).,LOW_CONVICTION,-4.311376,DIP,20.21,False
1704357960.0,CHOP,NO_GO,HOLD,13.33,SAFE,PRO,DEFENSIVE,1.0,0.25,Aegean:FLAT(0.50)|Orion:SHORT(0.20),Regime: CHOP (Reduced Weights). Score: -0.13. Low Conviction (<0.35).,LOW_CONVICTION,-3.688257,DIP,20.10,False
1704358020.0,CHOP,NO_GO,HOLD,13.33,SAFE,PRO,DEFENSIVE,1.0,0.25,Aegean:FLAT(0.50)|Orion:LONG(0.20),Regime: CHOP (Reduced Weights). Score: 0.13. Low Conviction (<0.35).,LOW_CONVICTION,2.756235,MID,19.43,False
1704358080.0,CHOP,NO_GO,HOLD,13.33,SAFE,PRO,DEFENSIVE,1.0,0.25,Aegean:FLAT(0.50)|Orion:SHORT(0.20),Regime: CHOP (Reduced Weights). Score: -0.13. Low Conviction (<0.35).,LOW_CONVICTION,-1.652233,MID,18.91,False
1704358140.0,CHOP,NO_GO,HOLD,13.33,SAFE,PRO,DEFENSIVE,1.0,0.25,Aegean:FLAT(0.50)|Orion:SHORT(0.20),Regime: CHOP (Reduced Weights). Score: -0.13. Low Conviction (<0.35).,LOW_CONVICTION,-1.655713,MID,18.51,False
1704358200.0,CHOP,NO_GO,HOLD,13.33,SAFE,PRO,DEFENSIVE,1.0,0.25,Aegean:FLAT(0.50)|Orion:SHORT(0.20),Regime: CHOP (Reduced Weights). Score: -0.13. Low Conviction (<0.35).,LOW_CONVICTION,0.263953,MID,18.85,False
1704358260.0,CHOP,NO_GO,HOLD,13.33,SAFE,PRO,DEFENSIVE,1.0,0.25,Aegean:FLAT(0.50)|Orion:LONG(0.20),Regime: CHOP (Reduced Weights). Score: 0.13. Low Conviction (<0.35).,LOW_CONVICTION,4.026396,MID,19.84,False
1704358320.0,TREND,GO,BUY,36.67,SAFE,PRO,DEFENSIVE,1.0,0.25,Aegean:LONG(0.70)|Orion:LONG(0.20),Regime: TREND (Orion 2x). Score: 0.37. Bullish Consensus.,,5.124571,MID,21.08,False
1704358380.0,TREND,NO_GO,HOLD,13.33,SAFE,PRO,DEFENSIVE,1.0,0.25,Aegean:FLAT(0.50)|Orion:LONG(0.20),Regime: TREND (Orion 2x). Score: 0.13. Low Conviction (<0.35).,LOW_CONVICTION,2.357345,MID,21.65,False
1704358440.0,TREND,NO_GO,HOLD,13.33,SAFE,PRO,DEFENSIVE,1.0,0.25,Aegean:FLAT(0.50)|Orion:LONG(0.20),Regime: TREND (Orion 2x). Score: 0.13. Low Conviction (<0.35).,LOW_CONVICTION,2.181015,MID,22.17,False
1704358500.0,TREND,NO_GO,HOLD,13.33,SAFE,PRO,DEFENSIVE,1.0,0.25,Aegean:FLAT(0.50)|Orion:LONG(0.20),Regime: TREND (Orion 2x). Score: 0.13. Low Conviction (<0.35).,LOW_CONVICTION,3.834116,TOP,22.89,False
1704358560.0,TREND,NO_GO,HOLD,13.33,SAFE,PRO,DEFENSIVE,1.0,0.25,Aegean:FLAT(0.50)|Orion:LONG(0.20),Regime: TREND (Orion 2x). Score: 0.13. Low Conviction (<0.35).,LOW_CONVICTION,2.711189,TOP,23.55,False
1704358620.0,TREND,NO_GO,HOLD,13.33,SAFE,PRO,DEFENSIVE,1.0,0.25,Aegean:FLAT(0.50)|Orion:LONG(0.20),Regime: TREND (Orion 2x). Score: 0.13. Low Conviction (<0.35).,LOW_CONVICTION,0.966284,MID,23.44,False
1704358680.0,TREND,NO_GO,HOLD,13.33,SAFE,PRO,DEFENSIVE,1.0,0.25,Aegean:FLAT(0.50)|Orion:SHORT(0.20),Regime: TREND (Orion 2x). Score: -0.13. Low Conviction (<0.35).,LOW_CONVICTION,-0.277167,MID,23.38,False
1704358740.0,TREND,NO_GO,HOLD,13.33,SAFE,PRO,DEFENSIVE,1.0,0.25,Aegean:FLAT(0.50)|Orion:SHORT(0.20),Regime: TREND (Orion 2x). Score: -0.13. Low Conviction (<0.35).,LOW_CONVICTION,0.070498,MID,23.28,False
1704358800.0,TREND,NO_GO,HOLD,13.33,SAFE,PRO,DEFENSIVE,1.0,0.25,Aegean:FLAT(0.50)|Orion:LONG(0.20),Regime: TREND (Orion 2x). Score: 0.13. Low Conviction (<0.35).,LOW_CONVICTION,3.107378,TOP,24.08,False
1704358860.0,TREND,NO_GO,HOLD,8.85,SAFE,PRO,DEFENSIVE,1.0,0.25,Aegean:FLAT(0.30)|Orion:LONG(0.13),Regime: TREND (Orion 2x). Score: 0.09. Low Conviction (<0.35).,LOW_CONVICTION,4.631198,TOP,25.31,True
1704358920.0,TREND,NO_GO,HOLD,11.55,SAFE,PRO,DEFENSIVE,1.0,0.25,Aegean:FLAT(0.30)|Orion:LONG(0.17),Regime: TREND (Orion 2x). Score: 0.12. Low Conviction (<0.35).,LOW_CONVICTION,4.512049,TOP,26.93,True
1704358980.0,TREND,NO_GO,HOLD,11.71,SAFE,PRO,DEFENSIVE,1.0,0.25,Aegean:FLAT(0.50)|Orion:LONG(0.18),Regime: TREND (Orion 2x). Score: 0.12. Low Conviction (<0.35).,LOW_CONVICTION,2.566302,MID,27.03,True
1704359040.0,TREND,NO_GO,HOLD,11.87,SAFE,PRO,DEFENSIVE,1.0,0.25,Aegean:FLAT(0.50)|Orion:LONG(0.18),Regime: TREND (Orion 2x). Score: 0.12. Low Conviction (<0.35).,LOW_CONVICTION,2.994050,MID,27.12,True
1704359100.0,TREND,NO_GO,HOLD,10.87,SAFE,PRO,DEFENSIVE,1.0,0.25,Aegean:FLAT(0.50)|Orion:LONG(0.16),Regime: TREND (Orion 2x). Score: 0.11. Low Conviction (<0.35).,LOW_CONVICTION,3.020713,MID,26.52,True
1704359160.0,TREND,NO_GO,HOLD,9.95,SAFE,PRO,DEFENSIVE,1.0,0.25,Aegean:FLAT(0.50)|Orion:LONG(0.15),Regime: TREND (Orion 2x). Score: 0.10. Low Conviction (<0.35).,LOW_CONVICTION,2.564241,MID,25.97,True
1704359220.0,TREND,NO_GO,HOLD,10.26,SAFE,PRO,DEFENSIVE,1.0,0.25,Aegean:FLAT(0.30)|Orion:LONG(0.15),Regime: TREND (Orion 2x). Score: 0.10. Low Conviction (<0.35).,LOW_CONVICTION,4.553377,TOP,26.16,True
1704359280.0,TREND,NO_GO,HOLD,11.37,SAFE,PRO,DEFENSIVE,1.0,0.25,Aegean:FLAT(0.30)|Orion:LONG(0.17),Regime: TREND (Orion 2x). Score: 0.11. Low Conviction (<0.35).,LOW_CONVICTION,5.966329,TOP,26.82,True
1704359340.0,TREND,NO_GO,HOLD,11.36,SAFE,PRO,DEFENSIVE,1.0,0.25,Aegean:FLAT(0.50)|Orion:LONG(0.17),Regime: TREND (Orion 2x). Score: 0.11. Low Conviction (<0.35).,LOW_CONVICTION,2.269208,MID,26.81,True
1704359400.0,TREND,NO_GO,HOLD,10.94,SAFE,PRO,DEFENSIVE,1.0,0.25,Aegean:FLAT(0.50)|Orion:LONG(0.16),Regime: TREND (Orion 2x). Score: 0.11. Low Conviction (<0.35).,LOW_CONVICTION,2.268956,MID,26.57,True
1704359460.0,TREND,NO_GO,HOLD,11.42,SAFE,PRO,DEFENSIVE,1.0,0.25,Aegean:FLAT(0.50)|Orion:LONG(0.17),Regime: TREND (Orion 2x). Score: 0.11. Low Conviction (<0.35).,LOW_CONVICTION,3.646312,MID,26.85,True
1704359520.0,TREND,NO_GO,HOLD,12.15,SAFE,PRO,DEFENSIVE,1.0,0.25,Aegean:FLAT(0.50)|Orion:LONG(0.18),Regime: TREND (Orion 2x). Score: 0.12. Low Conviction (<0.35).,LOW_CONVICTION,0.919547,MID,27.29,True
1704359580.0,TREND,NO_GO,HOLD,11.23,SAFE,PRO,DEFENSIVE,1.0,0.25,Aegean:FLAT(0.50)|Orion:LONG(0.17),Regime: TREND (Orion 2x). Score: 0.11. Low Conviction (<0.35).,LOW_CONVICTION,-0.928008,MID,26.74,True
1704359640.0,TREND,NO_GO,HOLD,9.59,SAFE,PRO,DEFENSIVE,1.0,0.25,Aegean:FLAT(0.50)|Orion:LONG(0.14),Regime: TREND (Orion 2x). Score: 0.10. Low Conviction (<0.35).,LOW_CONVICTION,-1.834170,MID,25.75,True
1704359700.0,TREND,NO_GO,HOLD,9.32,SAFE,PRO,DEFENSIVE,1.0,0.25,Aegean:FLAT(0.50)|Orion:LONG(0.14),Regime: TREND (Orion 2x). Score: 0.09. Low Conviction (<0.35).,LOW_CONVICTION,0.688740,MID,25.59,True
1704359760.0,TREND,NO_GO,HOLD,9.74,SAFE,PRO,DEFENSIVE,1.0,0.25,Aegean:FLAT(0.50)|Orion:LONG(0.15),Regime: TREND (Orion 2x). Score: 0.10. Low Conviction (<0.35).,LOW_CONVICTION,4.093446,TOP,25.85,True
1704359820.0,TREND,NO_GO,HOLD,10.29,SAFE,PRO,DEFENSIVE,1.0,0.25,Aegean:FLAT(0.50)|Orion:LONG(0.15),Regime: TREND (Orion 2x). Score: 0.10. Low Conviction (<0.35).,LOW_CONVICTION,4.042948,TOP,26.18,True
1704359880.0,TREND,NO_GO,HOLD,11.85,SAFE,PRO,DEFENSIVE,1.0,0.25,Aegean:FLAT(0.50)|Orion:LONG(0.18),Regime: TREND (Orion 2x). Score: 0.12. Low Conviction (<0.35).,LOW_CONVICTION,4.177971,MID,27.11,True
1704359940.0,TREND,NO_GO,HOLD,11.80,SAFE,PRO,DEFENSIVE,1.0,0.25,Aegean:FLAT(0.50)|Orion:LONG(0.18),Regime: TREND (Orion 2x). Score: 0.12. Low Conviction (<0.35).,LOW_CONVICTION,1.479998,MID,27.08,True
1704360000.0,TREND,NO_GO,HOLD,8.85,SAFE,PRO,DEFENSIVE,1.0,0.25,Aegean:FLAT(0.50)|Orion:LONG(0.13),Regime: TREND (Orion 2x). Score: 0.09. Low Conviction (<0.35).,LOW_CONVICTION,-2.153754,MID,25.31,True
1704360060.0,TREND,NO_GO,HOLD,13.33,SAFE,PRO,DEFENSIVE,1.0,0.25,Aegean:FLAT(0.50)|Orion:LONG(0.20),Regime: TREND (Orion 2x). Score: 0.13. Low Conviction (<0.35).,LOW_CONVICTION,1.039288,MID,23.56,False
1704360120.0,TREND,NO_GO,HOLD,13.33,SAFE,PRO,DEFENSIVE,1.0,0.25,Aegean:FLAT(0.50)|Orion:LONG(0.20),Regime: TREND (Orion 2x). Score: 0.13. Low Conviction (<0.35).,LOW_CONVICTION,3.660788,MID,22.73,False
1704360180.0,TREND,GO,BUY,36.67,SAFE,PRO,DEFENSIVE,1.0,0.25,Aegean:LONG(0.70)|Orion:LONG(0.20),Regime: TREND (Orion 2x). Score: 0.37. Bullish Consensus.,,5.808338,MID,23.08,False
1704360240.0,TREND,GO,BUY,36.67,SAFE,PRO,DEFENSIVE,1.0,0.25,Aegean:LONG(0.70)|Orion:LONG(0.20),Regime: TREND (Orion 2x). Score: 0.37. Bullish Consensus.,,4.958020,MID,23.41,False
1704360300.0,TREND,NO_GO,HOLD,13.33,SAFE,PRO,DEFENSIVE,1.0,0.25,Aegean:FLAT(0.30)|Orion:LONG(0.20),Regime: TREND (Orion 2x). Score: 0.13. Low Conviction (<0.35).,LOW_CONVICTION,6.010122,TOP,23.98,False
1704360360.0,TREND,NO_GO,HOLD,13.33,SAFE,PRO,DEFENSIVE,1.0,0.25,Aegean:FLAT(0.30)|Orion:LONG(0.20),Regime: TREND (Orion 2x). Score: 0.13. Low Conviction (<0.35).,LOW_CONVICTION,7.369161,TOP,24.90,False
1704360420.0,TREND,NO_GO,HOLD,10.43,SAFE,PRO,DEFENSIVE,1.0,0.25,Aegean:FLAT(0.30)|Orion:LONG(0.16),Regime: TREND (Orion 2x). Score: 0.10. Low Conviction (<0.35).,LOW_CONVICTION,7.256231,TOP,26.26,True
1704360480.0,TREND,GO,BUY,35.31,SAFE,PRO,DEFENSIVE,1.0,0.25,Aegean:LONG(0.70)|Orion:LONG(0.18),Regime: TREND (Orion 2x). Score: 0.35. Bullish Consensus.,,5.216291,MID,27.19,True
1704360540.0,TREND,GO,BUY,36.29,SAFE,PRO,DEFENSIVE,1.0,0.25,Aegean:LONG(0.70)|Orion:LONG(0.19),Regime: TREND (Orion 2x). Score: 0.36. Bullish Consensus.,,4.354160,MID,27.78,True
1704360600.0,TREND,NO_GO,HOLD,14.97,SAFE,PRO,DEFENSIVE,1.0,0.25,Aegean:FLAT(0.30)|Orion:LONG(0.22),Regime: TREND (Orion 2x). Score: 0.15. Low Conviction (<0.35).,LOW_CONVICTION,7.446868,TOP,28.98,True
1704360660.0,TREND,NO_GO,HOLD,17.19,SAFE,PRO,DEFENSIVE,1.0,0.25,Aegean:FLAT(0.30)|Orion:LONG(0.26),Regime: TREND (Orion 2x). Score: 0.17. Low Conviction (<0.35).,LOW_CONVICTION,7.573718,TOP,30.32,True
1704360720.0,TREND,NO_GO,HOLD,19.64,SAFE,PRO,DEFENSIVE,1.0,0.25,Aegean:FLAT(0.30)|Orion:LONG(0.29),Regime: TREND (Orion 2x). Score: 0.20. Low Conviction (<0.35).,LOW_CONVICTION,9.052765,TOP,31.78,True
1704360780.0,TREND,NO_GO,HOLD,22.62,SAFE,PRO,DEFENSIVE,1.0,0.25,Aegean:FLAT(0.30)|Orion:LONG(0.34),Regime: TREND (Orion 2x). Score: 0.23. Low Conviction (<0.35).,LOW_CONVICTION,10.487595,TOP,33.57,True
1704360840.0,TREND,NO_GO,HOLD,19.56,SAFE,PRO,DEFENSIVE,1.0,0.25,Aegean:FLAT(0.50)|Orion:LONG(0.29),Regime: TREND (Orion 2x). Score: 0.20. Low Conviction (<0.35).,LOW_CONVICTION,-1.159922,MID,31.73,True
1704360900.0,TREND,NO_GO,HOLD,7.23,SAFE,PRO,DEFENSIVE,1.0,0.25,Aegean:SHORT(0.70)|Orion:LONG(0.24),Regime: TREND (Orion 2x). Score: -0.07. Low Conviction (<0.35).,LOW_CONVICTION,-4.554081,MID,29.66,True
1704360960.0,TREND,NO_GO,HOLD,12.89,SAFE,PRO,DEFENSIVE,1.0,0.25,Aegean:FLAT(0.50)|Orion:LONG(0.19),Regime: TREND (Orion 2x). Score: 0.13. Low Conviction (<0.35).,LOW_CONVICTION,-3.695309,MID,27.73,True
1704361020.0,TREND,NO_GO,HOLD,10.74,SAFE,PRO,DEFENSIVE,1.0,0.25,Aegean:FLAT(0.50)|Orion:LONG(0.16),Regime: TREND (Orion 2x). Score: 0.11. Low Conviction (<0.35).,LOW_CONVICTION,-0.593351,MID,26.44,True
1704361080.0,TREND,NO_GO,HOLD,8.87,SAFE,PRO,DEFENSIVE,1.0,0.25,Aegean:FLAT(0.50)|Orion:LONG(0.13),Regime: TREND (Orion 2x). Score: 0.09. Low Conviction (<0.35).,LOW_CONVICTION,-1.265178,MID,25.32,True
1704361140.0,TREND,NO_GO,HOLD,13.33,SAFE,PRO,DEFENSIVE,1.0,0.25,Aegean:FLAT(0.50)|Orion:LONG(0.20),Regime: TREND (Orion 2x). Score: 0.13. Low Conviction (<0.35).,LOW_CONVICTION,-3.487895,MID,23.97,False
1704361200.0,CHOP,NO_GO,HOLD,13.33,SAFE,PRO,DEFENSIVE,1.0,0.25,Aegean:FLAT(0.50)|Orion:LONG(0.20),Regime: CHOP (Reduced Weights). Score: 0.13. Low Conviction (<0.35).,LOW_CONVICTION,-0.960823,MID,22.63,False
1704361260.0,CHOP,NO_GO,HOLD,13.33,SAFE,PRO,DEFENSIVE,1.0,0.25,Aegean:FLAT(0.50)|Orion:LONG(0.20),Regime: CHOP (Reduced Weights). Score: 0.13. Low Conviction (<0.35).,LOW_CONVICTION,-1.692089,MID,21.70,False
1704361320.0,CHOP,NO_GO,HOLD,13.33,SAFE,PRO,DEFENSIVE,1.0,0.25,Aegean:FLAT(0.50)|Orion:LONG(0.20),Regime: CHOP (Reduced Weights). Score: 0.13. Low Conviction (<0.35).,LOW_CONVICTION,1.442222,MID,21.20,False
1704361380.0,CHOP,NO_GO,HOLD,13.33,SAFE,PRO,DEFENSIVE,1.0,0.25,Aegean:FLAT(0.50)|Orion:LONG(0.20),Regime: CHOP (Reduced Weights). Score: 0.13. Low Conviction (<0.35).,LOW_CONVICTION,0.621355,MID,20.73,False
1704361440.0,CHOP,NO_GO,HOLD,13.33,SAFE,PRO,DEFENSIVE,1.0,0.25,Aegean:FLAT(0.50)|Orion:LONG(0.20),Regime: CHOP (Reduced Weights). Score: 0.13. Low Conviction (<0.35).,LOW_CONVICTION,-1.107336,MID,20.23,False
1704361500.0,CHOP,NO_GO,HOLD,13.33,SAFE,PRO,DEFENSIVE,1.0,0.25,Aegean:FLAT(0.50)|Orion:LONG(0.20),Regime: CHOP (Reduced Weights). Score: 0.13. Low Conviction (<0.35).,LOW_CONVICTION,0.436802,MID,19.94,False
1704361560.0,CHOP,NO_GO,HOLD,13.33,SAFE,PRO,DEFENSIVE,1.0,0.25,Aegean:FLAT(0.50)|Orion:LONG(0.20),Regime: CHOP (Reduced Weights). Score: 0.13. Low Conviction (<0.35).,LOW_CONVICTION,1.081272,MID,19.66,False
1704361620.0,CHOP,NO_GO,HOLD,13.33,SAFE,PRO,DEFENSIVE,1.0,0.25,Aegean:FLAT(0.50)|Orion:LONG(0.20),Regime: CHOP (Reduced Weights). Score: 0.13. Low Conviction (<0.35).,LOW_CONVICTION,-0.965901,MID,18.91,False
1704361680.0,CHOP,NO_GO,HOLD,13.33,SAFE,PRO,DEFENSIVE,1.0,0.25,Aegean:FLAT(0.50)|Orion:LONG(0.20),Regime: CHOP (Reduced Weights). Score: 0.13. Low Conviction (<0.35).,LOW_CONVICTION,-0.047113,MID,17.71,False
1704361740.0,CHOP,NO_GO,HOLD,13.33,SAFE,PRO,DEFENSIVE,1.0,0.25,Aegean:FLAT(0.50)|Orion:LONG(0.20),Regime: CHOP (Reduced Weights). Score: 0.13. Low Conviction (<0.35).,LOW_CONVICTION,-0.516849,MID,16.57,False
1704361800.0,CHOP,GO,BUY,36.67,SAFE,PRO,DEFENSIVE,1.0,0.25,Aegean:LONG(0.70)|Orion:LONG(0.20),Regime: CHOP (Reduced Weights). Score: 0.37. Bullish Consensus.,,5.034790,MID,17.17,False
1704361860.0,CHOP,NO_GO,HOLD,13.33,SAFE,PRO,DEFENSIVE,1.0,0.25,Aegean:FLAT(0.50)|Orion:LONG(0.20),Regime: CHOP (Reduced Weights). Score: 0.13. Low Conviction (<0.35).,LOW_CONVICTION,2.344220,MID,17.73,False
1704361920.0,CHOP,GO,BUY,36.67,SAFE,PRO,DEFENSIVE,1.0,0.25,Aegean:LONG(0.70)|Orion:LONG(0.20),Regime: CHOP (Reduced Weights). Score: 0.37. Bullish Consensus.,,4.392390,MID,18.25,False
1704361980.0,CHOP,NO_GO,HOLD,13.33,SAFE,PRO,DEFENSIVE,1.0,0.25,Aegean:FLAT(0.50)|Orion:LONG(0.20),Regime: CHOP (Reduced Weights). Score: 0.13. Low Conviction (<0.35).,LOW_CONVICTION,3.975503,MID,18.75,False
1704362040.0,CHOP,NO_GO,HOLD,13.33,SAFE,PRO,DEFENSIVE,1.0,0.25,Aegean:FLAT(0.30)|Orion:LONG(0.20),Regime: CHOP (Reduced Weights). Score: 0.13. Low Conviction (<0.35).,LOW_CONVICTION,4.612798,TOP,19.80,False
1704362100.0,CHOP,NO_GO,HOLD,13.33,SAFE,PRO,DEFENSIVE,1.0,0.25,Aegean:FLAT(0.30)|Orion:LONG(0.20),Regime: CHOP (Reduced Weights). Score: 0.13. Low Conviction (<0.35).,LOW_CONVICTION,6.353744,TOP,21.45,False
1704362160.0,CHOP,NO_GO,HOLD,13.33,SAFE,PRO,DEFENSIVE,1.0,0.25,Aegean:FLAT(0.50)|Orion:LONG(0.20),Regime: CHOP (Reduced Weights). Score: 0.13. Low Conviction (<0.35).,LOW_CONVICTION,3.356889,MID,22.81,False
1704362220.0,CHOP,NO_GO,HOLD,13.33,SAFE,PRO,DEFENSIVE,1.0,0.25,Aegean:FLAT(0.50)|Orion:LONG(0.20),Regime: CHOP (Reduced Weights). Score: 0.13. Low Conviction (<0.35).,LOW_CONVICTION,0.289877,MID,22.74,False
1704362280.0,CHOP,NO_GO,HOLD,13.33,SAFE,PRO,DEFENSIVE,1.0,0.25,Aegean:FLAT(0.50)|Orion:LONG(0.20),Regime: CHOP (Reduced Weights). Score: 0.13. Low Conviction (<0.35).,LOW_CONVICTION,1.072235,MID,22.54,False
1704362340.0,CHOP,NO_GO,HOLD,13.33,SAFE,PRO,DEFENSIVE,1.0,0.25,Aegean:FLAT(0.50)|Orion:LONG(0.20),Regime: CHOP (Reduced Weights). Score: 0.13. Low Conviction (<0.35).,LOW_CONVICTION,1.040264,MID,22.51,False
1704362400.0,CHOP,NO_GO,HOLD,13.33,SAFE,PRO,DEFENSIVE,1.0,0.25,Aegean:FLAT(0.50)|Orion:LONG(0.20),Regime: CHOP (Reduced Weights). Score: 0.13. Low Conviction (<0.35).,LOW_CONVICTION,0.226193,MID,22.83,False
1704362460.0,CHOP,NO_GO,HOLD,13.33,SAFE,PRO,DEFENSIVE,1.0,0.25,Aegean:FLAT(0.30)|Orion:LONG(0.20),Regime: CHOP (Reduced Weights). Score: 0.13. Low Conviction (<0.35).,LOW_CONVICTION,5.335794,TOP,21.56,False
1704362520.0,CHOP,NO_GO,HOLD,13.33,SAFE,PRO,DEFENSIVE,1.0,0.25,Aegean:FLAT(0.50)|Orion:LONG(0.20),Regime: CHOP (Reduced Weights). Score: 0.13. Low Conviction (<0.35).,LOW_CONVICTION,3.604291,MID,20.42,False
1704362580.0,CHOP,NO_GO,HOLD,13.33,SAFE,PRO,DEFENSIVE,1.0,0.25,Aegean:FLAT(0.30)|Orion:LONG(0.20),Regime: CHOP (Reduced Weights). Score: 0.13. Low Conviction (<0.35).,LOW_CONVICTION,6.806068,TOP,20.26,False
1704362640.0,CHOP,NO_GO,HOLD,13.33,SAFE,PRO,DEFENSIVE,1.0,0.25,Aegean:FLAT(0.30)|Orion:LONG(0.20),Regime: CHOP (Reduced Weights). Score: 0.13. Low Conviction (<0.35).,LOW_CONVICTION,4.475621,TOP,20.06,False
1704362700.0,CHOP,NO_GO,HOLD,13.33,SAFE,PRO,DEFENSIVE,1.0,0.25,Aegean:FLAT(0.50)|Orion:LONG(0.20),Regime: CHOP (Reduced Weights). Score: 0.13. Low Conviction (<0.35).,LOW_CONVICTION,2.893658,MID,19.54,False
1704362760.0,CHOP,NO_GO,HOLD,13.33,SAFE,PRO,DEFENSIVE,1.0,0.25,Aegean:FLAT(0.50)|Orion:LONG(0.20),Regime: CHOP (Reduced Weights). Score: 0.13. Low Conviction (<0.35).,LOW_CONVICTION,-1.508284,MID,18.93,False
1704362820.0,CHOP,NO_GO,HOLD,13.33,SAFE,PRO,DEFENSIVE,1.0,0.25,Aegean:FLAT(0.50)|Orion:SHORT(0.20),Regime: CHOP (Reduced Weights). Score: -0.13. Low Conviction (<0.35).,LOW_CONVICTION,-3.781220,MID,19.14,False
1704362880.0,CHOP,NO_GO,HOLD,13.33,SAFE,PRO,DEFENSIVE,1.0,0.25,Aegean:FLAT(0.30)|Orion:SHORT(0.20),Regime: CHOP (Reduced Weights). Score: -0.13. Low Conviction (<0.35).,LOW_CONVICTION,-5.342074,DIP,20.11,False
1704362940.0,TREND,NO_GO,HOLD,13.33,SAFE,PRO,DEFENSIVE,1.0,0.25,Aegean:FLAT(0.30)|Orion:SHORT(0.20),Regime: TREND (Orion 2x). Score: -0.13. Low Conviction (<0.35).,LOW_CONVICTION,-4.904660,DIP,20.97,False
1704363000.0,TREND,NO_GO,HOLD,13.33,SAFE,PRO,DEFENSIVE,1.0,0.25,Aegean:FLAT(0.30)|Orion:SHORT(0.20),Regime: TREND (Orion 2x). Score: -0.13. Low Conviction (<0.35).,LOW_CONVICTION,-6.176940,DIP,22.29,False
1704363060.0,TREND,NO_GO,HOLD,13.33,SAFE,PRO,DEFENSIVE,1.0,0.25,Aegean:FLAT(0.30)|Orion:SHORT(0.20),Regime: TREND (Orion 2x). Score: -0.13. Low Conviction (<0.35).,LOW_CONVICTION,-5.630201,DIP,23.62,False
1704363120.0,TREND,NO_GO,HOLD,8.41,SAFE,PRO,DEFENSIVE,1.0,0.25,Aegean:FLAT(0.30)|Orion:SHORT(0.13),Regime: TREND (Orion 2x). Score: -0.08. Low Conviction (<0.35).,LOW_CONVICTION,-5.956510,DIP,25.04,True
1704363180.0,TREND,NO_GO,HOLD,10.75,SAFE,PRO,DEFENSIVE,1.0,0.25,Aegean:FLAT(0.30)|Orion:SHORT(0.16),Regime: TREND (Orion 2x). Score: -0.11. Low Conviction (<0.35).,LOW_CONVICTION,-5.872250,DIP,26.45,True
1704363240.0,TREND,NO_GO,HOLD,12.86,SAFE,PRO,DEFENSIVE,1.0,0.25,Aegean:FLAT(0.50)|Orion:SHORT(0.19),Regime: TREND (Orion 2x). Score: -0.13. Low Conviction (<0.35).,LOW_CONVICTION,-4.161016,DIP,27.72,True
1704363300.0,TREND,NO_GO,HOLD,13.37,SAFE,PRO,DEFENSIVE,1.0,0.25,Aegean:FLAT(0.30)|Orion:SHORT(0.20),Regime: TREND (Orion 2x). Score: -0.13. Low Conviction (<0.35).,LOW_CONVICTION,-6.108874,DIP,28.02,True
1704363360.0,TREND,NO_GO,HOLD,16.39,SAFE,PRO,DEFENSIVE,1.0,0.25,Aegean:FLAT(0.30)|Orion:SHORT(0.25),Regime: TREND (Orion 2x). Score: -0.16. Low Conviction (<0.35).,LOW_CONVICTION,-10.703062,DIP,29.83,True
1704363420.0,TREND,NO_GO,HOLD,19.03,SAFE,PRO,DEFENSIVE,1.0,0.25,Aegean:FLAT(0.30)|Orion:SHORT(0.29),Regime: TREND (Orion 2x). Score: -0.19. Low Conviction (<0.35).,LOW_CONVICTION,-9.381615,DIP,31.42,True
1704363480.0,TREND,NO_GO,HOLD,21.53,SAFE,PRO,DEFENSIVE,1.0,0.25,Aegean:FLAT(0.30)|Orion:SHORT(0.32),Regime: TREND (Orion 2x). Score: -0.22. Low Conviction (<0.35).,LOW_CONVICTION,-8.491631,DIP,32.92,True
1704363540.0,TREND,NO_GO,HOLD,24.76,SAFE,PRO,DEFENSIVE,1.0,0.25,Aegean:FLAT(0.30)|Orion:SHORT(0.37),Regime: TREND (Orion 2x). Score: -0.25. Low Conviction (<0.35).,LOW_CONVICTION,-9.487945,DIP,34.86,True
1704363600.0,TREND,NO_GO,HOLD,28.03,SAFE,PRO,DEFENSIVE,1.0,0.25,Aegean:FLAT(0.30)|Orion:SHORT(0.42),Regime: TREND (Orion 2x). Score: -0.28. Low Conviction (<0.35).,LOW_CONVICTION,-11.440225,DIP,36.82,True
1704363660.0,TREND,NO_GO,HOLD,31.15,SAFE,PRO,DEFENSIVE,1.0,0.25,Aegean:FLAT(0.30)|Orion:SHORT(0.47),Regime: TREND (Orion 2x). Score: -0.31. Low Conviction (<0.35).,LOW_CONVICTION,-8.497675,DIP,38.69,True
1704363720.0,TREND,NO_GO,HOLD,33.90,SAFE,PRO,DEFENSIVE,1.0,0.25,Aegean:FLAT(0.30)|Orion:SHORT(0.51),Regime: TREND (Orion 2x). Score: -0.34. Low Conviction (<0.35).,LOW_CONVICTION,-7.481530,DIP,40.34,True
1704363780.0,TREND,GO,SELL,37.12,SAFE,PRO,DEFENSIVE,1.0,0.25,Aegean:FLAT(0.30)|Orion:SHORT(0.56),Regime: TREND (Orion 2x). Score: -0.37. Bearish Consensus.,,-11.113568,DIP,42.27,True
1704363840.0,TREND,GO,SELL,40.75,SAFE,PRO,DEFENSIVE,1.0,0.25,Aegean:FLAT(0.30)|Orion:SHORT(0.61),Regime: TREND (Orion 2x). Score: -0.41. Bearish Consensus.,,-11.521234,DIP,44.45,True
1704363900.0,TREND,GO,SELL,45.36,SAFE,PRO,DEFENSIVE,1.0,0.25,Aegean:FLAT(0.30)|Orion:SHORT(0.68),Regime: TREND (Orion 2x). Score: -0.45. Bearish Consensus.,,-19.723473,DIP,47.22,True
1704381300.0,TREND,GO,BUY,44.38,SAFE,PRO,DEFENSIVE,1.0,0.25,Aegean:FLAT(0.30)|Orion:LONG(0.67),Regime: TREND (Orion 2x). Score: 0.44. Bullish Consensus.,,28.832725,TOP,46.63,True
