Timestamp,Equity,Profile,Risk,LevCap,Mode,DD,WinRate20
1704056460.0,10000.0,PRO,0.005,3.0,NORMAL,0.0,0.0
1704056520.0,10000.0,PRO,0.005,3.0,NORMAL,0.0,0.0
1704056580.0,10000.0,PRO,0.005,3.0,NORMAL,0.0,0.0
1704056640.0,10000.0,PRO,0.005,3.0,NORMAL,0.0,0.0
1704056700.0,10000.0,PRO,0.005,3.0,NORMAL,0.0,0.0
1704056760.0,10000.0,PRO,0.005,3.0,NORMAL,0.0,0.0
1704056820.0,10000.0,PRO,0.005,3.0,NORMAL,0.0,0.0
1704056880.0,10000.0,PRO,0.005,3.0,NORMAL,0.0,0.0
1704056940.0,10000.0,PRO,0.005,3.0,NORMAL,0.0,0.0
1704057000.0,10000.0,PRO,0.005,3.0,NORMAL,0.0,0.0
1704057060.0,10000.0,PRO,0.005,3.0,NORMAL,0.0,0.0
1704057120.0,10000.0,PRO,0.005,3.0,NORMAL,0.0,0.0
1704057180.0,10000.0,PRO,0.005,3.0,NORMAL,0.0,0.0
1704057240.0,10000.0,PRO,0.005,3.0,NORMAL,0.0,0.0
1704057300.0,10000.0,PRO,0.005,3.0,NORMAL,0.0,0.0
1704057360.0,10000.0,PRO,0.005,3.0,NORMAL,0.0,0.0
1704057420.0,10000.0,PRO,0.005,3.0,NORMAL,0.0,0.0
1704057480.0,10000.0,PRO,0.005,3.0,NORMAL,0.0,0.0
1704057540.0,10000.0,PRO,0.005,3.0,NORMAL,0.0,0.0
1704057600.0,10000.0,PRO,0.005,3.0,NORMAL,0.0,0.0
1704057660.0,10000.0,PRO,0.005,3.0,NORMAL,0.0,0.0
1704057720.0,10000.0,PRO,0.005,3.0,NORMAL,0.0,0.0
1704057780.0,10000.0,PRO,0.005,3.0,NORMAL,0.0,0.0
1704057840.0,10000.0,PRO,0.005,3.0,NORMAL,0.0,0.0
1704057900.0,10000.0,PRO,0.005,3.0,NORMAL,0.0,0.0
1704057960.0,10000.0,PRO,0.005,3.0,NORMAL,0.0,0.0
1704058020.0,10000.0,PRO,0.005,3.0,NORMAL,0.0,0.0
1704058080.0,10000.0,PRO,0.005,3.0,NORMAL,0.0,0.0
1704058140.0,10000.0,PRO,0.005,3.0,NORMAL,0.0,0.0
1704058200.0,10000.0,PRO,0.005,3.0,NORMAL,0.0,0.0
1704058260.0,10000.0,PRO,0.005,3.0,NORMAL,0.0,0.0
1704058320.0,10000.0,PRO,0.005,3.0,NORMAL,0.0,0.0
1704058380.0,10000.0,PRO,0.005,3.0,NORMAL,0.0,0.0
1704058440.0,10000.0,PRO,0.005,3.0,NORMAL,0.0,0.0
1704058500.0,10000.0,PRO,0.005,3.0,NORMAL,0.0,0.0
1704058560.0,10000.0,PRO,0.005,3.0,NORMAL,0.0,0.0
1704058620.0,10000.0,PRO,0.005,3.0,NORMAL,0.0,0.0
1704058680.0,10000.0,PRO,0.005,3.0,NORMAL,0.0,0.0
1704058740.0,10000.0,PRO,0.005,3.0,NORMAL,0.0,0.0
1704058800.0,10000.0,PRO,0.005,3.0,NORMAL,0.0,0.0
1704058860.0,10000.0,PRO,0.005,3.0,NORMAL,0.0,0.0
1704058920.0,10000.0,PRO,0.005,3.0,NORMAL,0.0,0.0
1704058980.0,10000.0,PRO,0.005,3.0,NORMAL,0.0,0.0
1704059040.0,10000.0,PRO,0.005,3.0,NORMAL,0.0,0.0
1704059100.0,10000.0,PRO,0.005,3.0,NORMAL,0.0,0.0
1704059160.0,10000.0,PRO,0.005,3.0,NORMAL,0.0,0.0
1704059220.0,10000.0,PRO,0.005,3.0,NORMAL,0.0,0.0
1704059280.0,10000.0,PRO,0.005,3.0,NORMAL,0.0,0.0
1704059340.0,10000.0,PRO,0.005,3.0,NORMAL,0.0,0.0
1704059400.0,10000.0,PRO,0.005,3.0,NORMAL,0.0,0.0
1704059460.0,10000.0,PRO,0.005,3.0,NORMAL,0.0,0.0
1704059520.0,10000.0,PRO,0.005,3.0,NORMAL,0.0,0.0
1704059580.0,10000.0,PRO,0.005,3.0,NORMAL,0.0,0.0
1704059640.0,10000.0,PRO,0.005,3.0,NORMAL,0.0,0.0
1704059700.0,10000.0,PRO,0.005,3.0,NORMAL,0.0,0.0
1704059760.0,10000.0,PRO,0.005,3.0,NORMAL,0.0,0.0
1704059820.0,10000.0,PRO,0.005,3.0,NORMAL,0.0,0.0
1704059880.0,10000.0,PRO,0.005,3.0,NORMAL,0.0,0.0
1704059940.0,10000.0,PRO,0.005,3.0,NORMAL,0.0,0.0
1704060000.0,10000.0,PRO,0.005,3.0,NORMAL,0.0,0.0
1704060060.0,10000.0,PRO,0.005,3.0,NORMAL,0.0,0.0
1704060120.0,10000.0,PRO,0.005,3.0,NORMAL,0.0,0.0
1704060180.0,10000.0,PRO,0.005,3.0,NORMAL,0.0,0.0
1704060240.0,10000.0,PRO,0.005,3.0,NORMAL,0.0,0.0
1704060300.0,10000.0,PRO,0.005,3.0,NORMAL,0.0,0.0
1704060360.0,10000.0,PRO,0.005,3.0,NORMAL,0.0,0.0
1704060420.0,10000.0,PRO,0.005,3.0,NORMAL,0.0,0.0
1704060480.0,10000.0,PRO,0.005,3.0,NORMAL,0.0,0.0
1704060540.0,10000.0,PRO,0.005,3.0,NORMAL,0.0,0.0
1704060600.0,10000.0,PRO,0.005,3.0,NORMAL,0.0,0.0
1704060660.0,10000.0,PRO,0.005,3.0,NORMAL,0.0,0.0
1704060720.0,10000.0,PRO,0.005,3.0,NORMAL,0.0,0.0
1704060780.0,10000.0,PRO,0.005,3.0,NORMAL,0.0,0.0
1704060840.0,10000.0,PRO,0.005,3.0,NORMAL,0.0,0.0
1704060900.0,10000.0,PRO,0.005,3.0,NORMAL,0.0,0.0
1704060960.0,10000.0,PRO,0.005,3.0,NORMAL,0.0,0.0
1704061020.0,10000.0,PRO,0.005,3.0,NORMAL,0.0,0.0
1704061080.0,10000.0,PRO,0.005,3.0,NORMAL,0.0,0.0
1704061140.0,10000.0,PRO,0.005,3.0,NORMAL,0.0,0.0
1704061200.0,10000.0,PRO,0.005,3.0,NORMAL,0.0,0.0
1704061260.0,10000.0,PRO,0.005,3.0,NORMAL,0.0,0.0
1704061320.0,10000.0,PRO,0.005,3.0,NORMAL,0.0,0.0
1704061380.0,10000.0,PRO,0.005,3.0,NORMAL,0.0,0.0
1704061440.0,10000.0,PRO,0.005,3.0,NORMAL,0.0,0.0
1704061500.0,10000.0,PRO,0.005,3.0,NORMAL,0.0,0.0
1704061560.0,10000.0,PRO,0.005,3.0,NORMAL,0.0,0.0
1704061620.0,10000.0,PRO,0.005,3.0,NORMAL,0.0,0.0
1704061680.0,10000.0,PRO,0.005,3.0,NORMAL,0.0,0.0
1704061740.0,10000.0,PRO,0.005,3.0,NORMAL,0.0,0.0
1704061800.0,10000.0,PRO,0.005,3.0,NORMAL,0.0,0.0
1704061860.0,10000.0,PRO,0.005,3.0,NORMAL,0.0,0.0
1704061920.0,10000.0,PRO,0.005,3.0,NORMAL,0.0,0.0
1704061980.0,10000.0,PRO,0.005,3.0,NORMAL,0.0,0.0
1704062040.0,10000.0,PRO,0.005,3.0,NORMAL,0.0,0.0
1704062100.0,10000.0,PRO,0.005,3.0,NORMAL,0.0,0.0
1704062160.0,10000.0,PRO,0.005,3.0,NORMAL,0.0,0.0
1704062220.0,10000.0,PRO,0.005,3.0,NORMAL,0.0,0.0
1704062280.0,10000.0,PRO,0.005,3.0,NORMAL,0.0,0.0
1704062340.0,10000.0,PRO,0.005,3.0,NORMAL,0.0,0.0
1704062400.0,10000.0,PRO,0.005,3.0,NORMAL,0.0,0.0
1704062460.0,10000.0,PRO,0.005,3.0,NORMAL,0.0,0.0
1704062520.0,10000.0,PRO,0.005,3.0,NORMAL,0.0,0.0
1704062580.0,10000.0,PRO,0.005,3.0,NORMAL,0.0,0.0
1704062640.0,10000.0,PRO,0.005,3.0,NORMAL,0.0,0.0
1704062700.0,10000.0,PRO,0.005,3.0,NORMAL,0.0,0.0
1704062760.0,10000.0,PRO,0.005,3.0,NORMAL,0.0,0.0
1704062820.0,9999.2403574218,SCALE,0.01,3.0,NORMAL,7.596425781994185e-05,0.0
1704062880.0,9999.1164001605,SCALE,0.01,3.0,NORMAL,8.835998395006754e-05,0.0
1704062940.0,9999.4838554149,SCALE,0.01,3.0,NORMAL,5.161445851008466e-05,0.0
1704063000.0,10000.3159295727,PRO,0.005,3.0,NORMAL,0.0,0.0
1704063060.0,10005.4497034635,PRO,0.005,3.0,NORMAL,0.0,0.0
1704063120.0,10007.7778033806,PRO,0.005,3.0,NORMAL,0.0,0.0
1704063180.0,10004.1303388842,PRO,0.005,3.0,NORMAL,0.00036446297750215417,0.0
1704063240.0,10003.1168925816,PRO,0.005,3.0,NORMAL,0.00046572884516143633,0.0
1704063300.0,10002.8775166827,PRO,0.005,3.0,NORMAL,0.0004896478313342955,0.0
1704063360.0,10003.1610578766,PRO,0.005,3.0,NORMAL,0.00046131574808163473,0.0
1704063420.0,10001.900285922,PRO,0.005,3.0,NORMAL,0.000587294959388024,0.0
1704063480.0,10004.2466408277,PRO,0.005,3.0,NORMAL,0.00035284182185862814,0.0
1704063540.0,10004.5287098451,PRO,0.005,3.0,NORMAL,0.00032465684184179115,0.0
1704063600.0,10003.958388669,PRO,0.005,3.0,NORMAL,0.0003816446354665065,0.0
1704063660.0,10004.6977157073,PRO,0.005,3.0,NORMAL,0.0003077693903496316,0.0
1704063720.0,10003.4640318003,PRO,0.005,3.0,NORMAL,0.00043104190211370135,0.0
1704063780.0,10001.9453345229,PRO,0.005,3.0,NORMAL,0.0005827936003666191,0.0
1704063840.0,10003.8182374662,PRO,0.005,3.0,NORMAL,0.0003956488635333217,0.0
1704063900.0,10002.4856232984,PRO,0.005,3.0,NORMAL,0.0005288067127562343,0.0
1704063960.0,10002.5801370297,PRO,0.005,3.0,NORMAL,0.000519362685005408,0.0
1704064020.0,10003.0668385806,PRO,0.005,3.0,NORMAL,0.00047073035518525993,0.0
1704064080.0,10004.1117894603,PRO,0.005,3.0,NORMAL,0.0003663164782758235,0.0
1704064140.0,10003.4066169168,PRO,0.005,3.0,NORMAL,0.00043677892831755247,0.0
1704064200.0,10004.720976096,PRO,0.005,3.0,NORMAL,0.0003054451592209264,0.0
1704064260.0,10004.7778021089,PRO,0.005,3.0,NORMAL,0.00029976697431147745,0.0
1704064320.0,10004.7274536726,PRO,0.005,3.0,NORMAL,0.0003047979049825022,0.0
1704064380.0,10004.5837692462,PRO,0.005,3.0,NORMAL,0.00031915518081573056,0.0
1704064440.0,10005.3457678026,PRO,0.005,3.0,NORMAL,0.0002430145458643709,0.0
1704064500.0,10006.2329013615,PRO,0.005,3.0,NORMAL,0.00015437013585363395,0.0
1704064560.0,10006.7331469362,PRO,0.005,3.0,NORMAL,0.0001043844562624171,0.0
1704064620.0,10007.2495864524,PRO,0.005,3.0,NORMAL,5.278064107513968e-05,0.0
1704064680.0,10008.0118794441,PRO,0.005,3.0,NORMAL,0.0,0.0
1704064740.0,10007.7053722968,PRO,0.005,3.0,NORMAL,3.0626177405987986e-05,0.0
1704064800.0,10009.0503527472,PRO,0.005,3.0,NORMAL,0.0,0.0
1704064860.0,10009.8594609516,PRO,0.005,3.0,NORMAL,0.0,0.0
1704064920.0,10008.2618550138,PRO,0.005,3.0,NORMAL,0.00015960323359514553,0.0
1704064980.0,10008.2035568244,PRO,0.005,3.0,NORMAL,0.00016542731030948864,0.0
1704065040.0,10008.4182001581,PRO,0.005,3.0,NORMAL,0.00014398411877043196,0.0
1704065100.0,10007.9223711129,PRO,0.005,3.0,NORMAL,0.00019351818537084698,0.0
1704065160.0,10007.114735085,PRO,0.005,3.0,NORMAL,0.00027420223803410266,0.0
1704065220.0,10007.2542974172,PRO,0.005,3.0,NORMAL,0.00026025975135453186,0.0
1704065280.0,10006.616844992699,PRO,0.005,3.0,NORMAL,0.00032394220633673445,0.0
1704065340.0,10006.7687736075,PRO,0.005,3.0,NORMAL,0.00030876430944477146,0.0
1704065400.0,10007.1165016968,PRO,0.005,3.0,NORMAL,0.0002740257508609297,0.0
1704065460.0,10006.6748487468,PRO,0.005,3.0,NORMAL,0.00031814754415125353,0.0
1704065520.0,10005.7323613515,PRO,0.005,3.0,NORMAL,0.0004123034510324672,0.0
1704065580.0,10005.524784465,PRO,0.005,3.0,NORMAL,0.00043304069387883215,0.0
1704065640.0,10005.371678109,PRO,0.005,3.0,NORMAL,0.00044833624888606207,0.0
1704065700.0,10006.3391925048,PRO,0.005,3.0,NORMAL,0.00035168010705174696,0.0
1704065760.0,10005.6619913148,PRO,0.005,3.0,NORMAL,0.0004193335234299769,0.0
1704065820.0,10005.3172075785,PRO,0.005,3.0,NORMAL,0.0004537779367251971,0.0
1704065880.0,10005.5171291472,PRO,0.005,3.0,NORMAL,0.0004338054716292482,0.0
1704065940.0,10005.3172075785,PRO,0.005,3.0,NORMAL,0.0004537779367251971,0.0
1704066000.0,10005.8919452841,PRO,0.005,3.0,NORMAL,0.00039636077639026995,0.0
1704066060.0,10005.545394936,PRO,0.005,3.0,NORMAL,0.0004309816768586631,0.0
1704066120.0,10005.4252653336,PRO,0.005,3.0,NORMAL,0.00044298280463351343,0.0
1704066180.0,10005.1464351045,PRO,0.005,3.0,NORMAL,0.00047083836346415624,0.0
1704066240.0,10005.0230667138,PRO,0.005,3.0,NORMAL,0.00048316305105649025,0.0
1704066300.0,10005.3254517669,PRO,0.005,3.0,NORMAL,0.00045295432991723853,0.0
1704066360.0,10004.9170700058,PRO,0.005,3.0,NORMAL,0.0004937522814461389,0.0
1704066420.0,10004.2342745451,PRO,0.005,3.0,NORMAL,0.0005619645738727498,0.0
1704066480.0,10004.4021026661,PRO,0.005,3.0,NORMAL,0.0005451982924225939,0.0
1704066540.0,10004.1768596616,PRO,0.005,3.0,NORMAL,0.0005677004070005064,0.0
1704066600.0,10004.7884017797,PRO,0.005,3.0,NORMAL,0.0005066064305579917,0.0
1704066660.0,10005.3840443916,PRO,0.005,3.0,NORMAL,0.0004471008386740333,0.0
1704066720.0,10005.6078152196,PRO,0.005,3.0,NORMAL,0.00042474579674024987,0.0
1704066780.0,10005.383455521,PRO,0.005,3.0,NORMAL,0.0004471596677317576,0.0
1704066840.0,10005.5821993485,PRO,0.005,3.0,NORMAL,0.00042730486075107555,0.0
1704066900.0,10005.3357570024,PRO,0.005,3.0,NORMAL,0.0004519248214070631,0.0
1704066960.0,10005.0277776786,PRO,0.005,3.0,NORMAL,0.0004826924185946958,0.0
1704067020.0,10003.976054787,PRO,0.005,3.0,NORMAL,0.0005877611156832235,0.0
1704067080.0,10003.8450310785,PRO,0.005,3.0,NORMAL,0.0006008505810259735,0.0
1704067140.0,10003.7720111241,PRO,0.005,3.0,NORMAL,0.0006081453841832427,0.0
1704067200.0,10003.3294748682,PRO,0.005,3.0,NORMAL,0.0006523554210599711,0.0
1704067260.0,10002.6996777615,PRO,0.005,3.0,NORMAL,0.0007152730982917578,0.0
1704067320.0,10002.5377383465,PRO,0.005,3.0,NORMAL,0.0007314510891648523,0.0
1704067380.0,10001.2866827568,PRO,0.005,3.0,NORMAL,0.0008564334222916047,0.0
1704067440.0,10000.4257539396,PRO,0.005,3.0,NORMAL,0.0009424415046785468,0.0
1704067500.0,10000.0733148855,PRO,0.005,3.0,NORMAL,0.000977650695724183,0.0
1704067560.0,9999.639022818,SCALE,0.01,3.0,NORMAL,0.0010210371257927712,0.0
1704067620.0,9999.918736353,SCALE,0.01,3.0,NORMAL,0.0009930933233757236,0.0
1704067680.0,9999.7532637144,SCALE,0.01,3.0,NORMAL,0.001009624288595164,0.0
1704067740.0,10000.0509378027,PRO,0.005,3.0,NORMAL,0.000979886199917525,0.0
1704067800.0,9999.164981984999,SCALE,0.01,3.0,NORMAL,0.0010683945172577504,0.0
1704067860.0,9998.0087345619,SCALE,0.01,3.0,NORMAL,0.0011839053720914341,0.0
1704067920.0,9998.5116300543,SCALE,0.01,3.0,NORMAL,0.0011336653567983275,0.0
1704067980.0,9997.984296432,SCALE,0.01,3.0,NORMAL,0.0011863467779868113,0.0
1704068040.0,9997.7531647215,SCALE,0.01,3.0,NORMAL,0.0012094371831419667,0.0
1704068100.0,9997.1054070615,SCALE,0.01,3.0,NORMAL,0.0012741491466343449,0.0
1704068160.0,9996.1847078784,SCALE,0.01,3.0,NORMAL,0.0013661283783799408,0.0
1704068220.0,9997.3009121007,SCALE,0.01,3.0,NORMAL,0.0012546178994711464,0.0
1704068280.0,9998.1644908356,SCALE,0.01,3.0,NORMAL,0.0011683450863244449,0.0
1704068340.0,9998.611443621,SCALE,0.01,3.0,NORMAL,0.0011236938315147842,0.0
1704068400.0,9998.5978995972,SCALE,0.01,3.0,NORMAL,0.0011250468998422615,0.0
1704068460.0,9998.9897929815,SCALE,0.01,3.0,NORMAL,0.00108589616192946,0.0
1704068520.0,9998.5454901138,SCALE,0.01,3.0,NORMAL,0.0011302826859793615,0.0
1704068580.0,9998.3367354861,SCALE,0.01,3.0,NORMAL,0.001151137586941175,0.0
1704068640.0,9998.1674351886,SCALE,0.01,3.0,NORMAL,0.0011680509410358234,0.0
1704068700.0,9997.4001367968,SCALE,0.01,3.0,NORMAL,0.0012447052032453273,0.0
1704068760.0,9998.4707035476,SCALE,0.01,3.0,NORMAL,0.0011377539763098034,0.0
1704068820.0,9999.2842282815,SCALE,0.01,3.0,NORMAL,0.0010564816330693046,0.0
1704068880.0,9999.7432529142,SCALE,0.01,3.0,NORMAL,0.0010106243825762956,0.0
1704068940.0,9999.7632745146,SCALE,0.01,3.0,NORMAL,0.0010086241946138507,0.0
1704069000.0,10000.5941709312,PRO,0.005,3.0,NORMAL,0.0009256163941706666,0.0
1704069060.0,10000.8744733368,PRO,0.005,3.0,NORMAL,0.000897613762695713,0.0
1704069120.0,10001.1359318832,PRO,0.005,3.0,NORMAL,0.0008714936610679372,0.0
1704069180.0,10001.1150269769,PRO,0.005,3.0,NORMAL,0.0008735820926169685,0.0
1704069240.0,10001.4356670186,PRO,0.005,3.0,NORMAL,0.0008415496706882632,0.0
1704069300.0,10001.5313584911,PRO,0.005,3.0,NORMAL,0.00083198994880879,0.0
1704069360.0,10000.9389546675,PRO,0.005,3.0,NORMAL,0.0008911719808754464,0.0
1704069420.0,9999.8651491284,SCALE,0.01,3.0,NORMAL,0.0009984467676282722,0.0
1704069480.0,10000.0962808389,PRO,0.005,3.0,NORMAL,0.0009753563624731167,0.0
1704069540.0,9998.9362057569,SCALE,0.01,3.0,NORMAL,0.0010912496061820085,0.0
1704069600.0,9999.0183532056,SCALE,0.01,3.0,NORMAL,0.0010830429526300128,0.0
1704069660.0,9999.6434393475,SCALE,0.01,3.0,NORMAL,0.0010205959078600207,0.0
1704069720.0,9999.6175290411,SCALE,0.01,3.0,NORMAL,0.0010231843863997086,0.0
1704069780.0,9999.774463056,SCALE,0.01,3.0,NORMAL,0.0010075064425172707,0.0
1704069840.0,9999.1275887019,SCALE,0.01,3.0,NORMAL,0.0010721301624228804,0.0
1704069900.0,9998.5184020662,SCALE,0.01,3.0,NORMAL,0.001132988822634498,0.0
1704069960.0,9998.4150552759,SCALE,0.01,3.0,NORMAL,0.0011433133222643872,0.0
1704070020.0,9998.9894985462,SCALE,0.01,3.0,NORMAL,0.0010859255764583222,0.0
1704070080.0,9999.3696145185,SCALE,0.01,3.0,NORMAL,0.0010479514196998251,0.0
1704070140.0,9999.6828936777,SCALE,0.01,3.0,NORMAL,0.0010166543609926738,0.0
1704070200.0,9999.182648103,SCALE,0.01,3.0,NORMAL,0.001066629645526021,0.0
1704070260.0,9999.126705396,SCALE,0.01,3.0,NORMAL,0.001072218406009467,0.0
1704070320.0,9999.1269998313,SCALE,0.01,3.0,NORMAL,0.0010721889914806048,0.0
1704070380.0,9999.126705396,SCALE,0.01,3.0,NORMAL,0.001072218406009467,0.0
1704070440.0,9998.59083315,SCALE,0.01,3.0,NORMAL,0.001125752848534953,0.0
1704070500.0,9998.4283048644,SCALE,0.01,3.0,NORMAL,0.001141989668465772,0.0
1704070560.0,9997.984296432,SCALE,0.01,3.0,NORMAL,0.0011863467779868113,0.0
1704070620.0,9997.6727838846,SCALE,0.01,3.0,NORMAL,0.0012174673495207898,0.0
1704070680.0,9997.686916779,SCALE,0.01,3.0,NORMAL,0.001216055452135588,0.0
1704070740.0,9998.1291585996,SCALE,0.01,3.0,NORMAL,0.00117187482978754,0.0
1704070800.0,9998.7112571877,SCALE,0.01,3.0,NORMAL,0.0011137223062310589,0.0
1704070860.0,9999.0360193236,SCALE,0.01,3.0,NORMAL,0.0010812780808984652,0.0
1704070920.0,9998.5396014078,SCALE,0.01,3.0,NORMAL,0.0011308709765566044,0.0
1704070980.0,9999.1311219255,SCALE,0.01,3.0,NORMAL,0.0010717771880765345,0.0
1704071040.0,9999.2980667406,SCALE,0.01,3.0,NORMAL,0.0010550991502129652,0.0
1704071100.0,9999.1337718432,SCALE,0.01,3.0,NORMAL,0.001071512457316775,0.0
1704071160.0,9998.6008439502,SCALE,0.01,3.0,NORMAL,0.00112475275455364,0.0
1704071220.0,9998.901462391499,SCALE,0.01,3.0,NORMAL,0.001094720520587561,0.0
1704071280.0,9998.902934568,SCALE,0.01,3.0,NORMAL,0.0010945734479432504,0.0
1704071340.0,9999.2606734575,SCALE,0.01,3.0,NORMAL,0.0010588347953780952,0.0
1704071400.0,9998.9100010152,SCALE,0.01,3.0,NORMAL,0.0010938674992505585,0.0
1704071460.0,9998.9892041109,SCALE,0.01,3.0,NORMAL,0.0010859549909871843,0.0
1704071520.0,9998.8031210013,SCALE,0.01,3.0,NORMAL,0.0011045449732267937,0.0
1704071580.0,9998.2510548138,SCALE,0.01,3.0,NORMAL,0.0011596972148395167,0.0
1704071640.0,9998.3912060166,SCALE,0.01,3.0,NORMAL,0.00114569589910204,0.0
1704071700.0,9998.0849933046,SCALE,0.01,3.0,NORMAL,0.0011762870091166814,0.0
1704071760.0,9997.5264495405,SCALE,0.01,3.0,NORMAL,0.0012320863703641901,0.0
1704071820.0,9997.5885753888,SCALE,0.01,3.0,NORMAL,0.0012258799047748206,0.0
1704071880.0,9997.7696530983,SCALE,0.01,3.0,NORMAL,0.001207789969525868,0.0
1704071940.0,9997.5879865182,SCALE,0.01,3.0,NORMAL,0.001225938733832545,0.0
1704072000.0,9997.4001367968,SCALE,0.01,3.0,NORMAL,0.0012447052032453273,0.0
1704072060.0,9997.3191670893,SCALE,0.01,3.0,NORMAL,0.0012527941986818746,0.0
1704072120.0,9997.4010201027,SCALE,0.01,3.0,NORMAL,0.001244616959658741,0.0
1704072180.0,9997.7658254394,SCALE,0.01,3.0,NORMAL,0.001208172358401076,0.0
1704072240.0,9998.0455389744,SCALE,0.01,3.0,NORMAL,0.0011802285559838466,0.0
1704072300.0,9997.7652365688,SCALE,0.01,3.0,NORMAL,0.0012082311874586184,0.0
1704072360.0,9997.1498667918,SCALE,0.01,3.0,NORMAL,0.0012697075527763413,0.0
1704072420.0,9997.1486890506,SCALE,0.01,3.0,NORMAL,0.0012698252108917897,0.0
1704072480.0,9997.268818653,SCALE,0.01,3.0,NORMAL,0.0012578240831169396,0.0
1704072540.0,9997.6012361067,SCALE,0.01,3.0,NORMAL,0.0012246150800337482,0.0
1704072600.0,9997.3212281364,SCALE,0.01,3.0,NORMAL,0.0012525882969798396,0.0
1704072660.0,9996.7974277377,SCALE,0.01,3.0,NORMAL,0.0013049167438219775,0.0
1704072720.0,9995.8042974708,SCALE,0.01,3.0,NORMAL,0.0014041319496671183,0.0
1704072780.0,9995.4795353349,SCALE,0.01,3.0,NORMAL,0.0014365761749998937,0.0
1704072840.0,9995.4795353349,SCALE,0.01,3.0,NORMAL,0.0014365761749998937,0.0
1704072900.0,9993.8666187615,SCALE,0.01,3.0,NORMAL,0.0015977089640956896,0.0
1704072960.0,9992.3299609308,SCALE,0.01,3.0,NORMAL,0.0017512233902167325,0.0
1704073020.0,9991.1846076138,SCALE,0.01,3.0,NORMAL,0.0018656459074825168,0.0
1704073080.0,9989.5660967697,SCALE,0.01,3.0,NORMAL,0.0020273375726266936,0.0
1704073140.0,9990.9952857159,SCALE,0.01,3.0,NORMAL,0.0018845594495396098,0.0
1704073200.0,9991.4522493015,SCALE,0.01,3.0,NORMAL,0.0018389081007488175,0.0
1704073260.0,9990.6401967441,SCALE,0.01,3.0,NORMAL,0.0019200333713450056,0.0
1704073320.0,9991.1139431418,SCALE,0.01,3.0,NORMAL,0.0018727053944090704,0.0
1704073380.0,9991.4961201612,SCALE,0.01,3.0,NORMAL,0.0018345253359485383,0.0
1704073440.0,9991.5847451865,SCALE,0.01,3.0,NORMAL,0.0018256715627617567,0.0
1704073500.0,9991.6439266818,SCALE,0.01,3.0,NORMAL,0.0018197592424608272,0.0
1704073560.0,9991.4519548662,SCALE,0.01,3.0,NORMAL,0.0018389375152776796,0.0
1704073620.0,9992.425652403299,SCALE,0.01,3.0,NORMAL,0.0017416636683372593,0.0
1704073680.0,9992.2769625768,SCALE,0.01,3.0,NORMAL,0.001756518005411557,0.0
1704073740.0,9991.5697289862,SCALE,0.01,3.0,NORMAL,0.0018271717037335448,0.0
1704073800.0,9992.0408254662,SCALE,0.01,3.0,NORMAL,0.001780108457557369,0.0
1704073860.0,9991.7725949079,SCALE,0.01,3.0,NORMAL,0.0018069050933489743,0.0
1704073920.0,9992.2057092342,SCALE,0.01,3.0,NORMAL,0.001763636321395653,0.0
1704073980.0,9992.6885831262,SCALE,0.01,3.0,NORMAL,0.001715396494064991,0.0
1704074040.0,9992.557853853,SCALE,0.01,3.0,NORMAL,0.001728456544878879,0.0
1704074100.0,9992.9836072968,SCALE,0.01,3.0,NORMAL,0.0016859231361472933,0.0
1704074160.0,9993.2942365383,SCALE,0.01,3.0,NORMAL,0.0016548908081997194,0.0
1704074220.0,9993.679652346,SCALE,0.01,3.0,NORMAL,0.0016163871899218855,0.0
1704074280.0,9993.6793579107,SCALE,0.01,3.0,NORMAL,0.0016164166044507476,0.0
1704074340.0,9994.0562350947,SCALE,0.01,3.0,NORMAL,0.0015787660075097343,0.0
1704074400.0,9994.339187418,SCALE,0.01,3.0,NORMAL,0.001550498645275203,0.0
1704074460.0,9994.5208539981,SCALE,0.01,3.0,NORMAL,0.001532349880968526,0.0
1704074520.0,9994.7151812961,SCALE,0.01,3.0,NORMAL,0.001512936291920776,0.0
1704074580.0,9994.9327689828,SCALE,0.01,3.0,NORMAL,0.001491198955093098,0.0
1704074640.0,9995.5216395828,SCALE,0.01,3.0,NORMAL,0.001432369897372969,0.0
1704074700.0,9995.228087588699,SCALE,0.01,3.0,NORMAL,0.0014616961826465378,0.0
1704074760.0,9995.6467745853,SCALE,0.01,3.0,NORMAL,0.0014198687226072803,0.0
1704074820.0,9995.6005482432,SCALE,0.01,3.0,NORMAL,0.001424486803638457,0.0
1704074880.0,9995.4424364871,SCALE,0.01,3.0,NORMAL,0.0014402824056363435,0.0
1704074940.0,9995.9591704386,SCALE,0.01,3.0,NORMAL,0.0013886599074867155,0.0
1704075000.0,9995.9591704386,SCALE,0.01,3.0,NORMAL,0.0013886599074867155,0.0
1704075060.0,9995.6185087965,SCALE,0.01,3.0,NORMAL,0.0014226925173778655,0.0
1704075120.0,9995.8949835432,SCALE,0.01,3.0,NORMAL,0.0013950722747783017,0.0
1704075180.0,9995.8946891079,SCALE,0.01,3.0,NORMAL,0.0013951016893071638,0.0
1704075240.0,9995.7324552576,SCALE,0.01,3.0,NORMAL,0.0014113090947091205,0.0
1704075300.0,9995.7957588471,SCALE,0.01,3.0,NORMAL,0.0014049849710041206,0.0
1704075360.0,9995.7324552576,SCALE,0.01,3.0,NORMAL,0.0014113090947091205,0.0
1704075420.0,9996.4838541432,SCALE,0.01,3.0,NORMAL,0.0013362432170579911,0.0
1704075480.0,9996.2815770921,SCALE,0.01,3.0,NORMAL,0.0013564509983848372,0.0
1704075540.0,9996.3401697168,SCALE,0.01,3.0,NORMAL,0.0013505975071418136,0.0
1704075600.0,9995.809891741499,SCALE,0.01,3.0,NORMAL,0.001403573073618919,0.0
1704075660.0,9995.8110694827,SCALE,0.01,3.0,NORMAL,0.0014034554155034705,0.0
1704075720.0,9995.3067018138,SCALE,0.01,3.0,NORMAL,0.0014538425034407061,0.0
1704075780.0,9995.6564909502,SCALE,0.01,3.0,NORMAL,0.001418898043155011,0.0
1704075840.0,9996.0454399815,SCALE,0.01,3.0,NORMAL,0.0013800414505306495,0.0
1704075900.0,9996.0454399815,SCALE,0.01,3.0,NORMAL,0.0013800414505306495,0.0
1704075960.0,9996.0451455462,SCALE,0.01,3.0,NORMAL,0.0013800708650595116,0.0
1704076020.0,9996.0451455462,SCALE,0.01,3.0,NORMAL,0.0013800708650595116,0.0
1704076080.0,9996.0451455462,SCALE,0.01,3.0,NORMAL,0.0013800708650595116,0.0
1704076140.0,9996.0451455462,SCALE,0.01,3.0,NORMAL,0.0013800708650595116,0.0
1704076200.0,9995.3326121202,SCALE,0.01,3.0,NORMAL,0.0014512540249010182,0.0
1704076260.0,9995.0967694449,SCALE,0.01,3.0,NORMAL,0.0014748150625181501,0.0
1704076320.0,9994.4563726674,SCALE,0.01,3.0,NORMAL,0.0015387916627887925,0.0
1704076380.0,9994.4563726674,SCALE,0.01,3.0,NORMAL,0.0015387916627887925,0.0
1704076440.0,9994.271467299,SCALE,0.01,3.0,NORMAL,0.0015572639869129532,0.0
1704076500.0,9994.2717617343,SCALE,0.01,3.0,NORMAL,0.001557234572384091,0.0
1704076560.0,9994.2717617343,SCALE,0.01,3.0,NORMAL,0.001557234572384091,0.0
1704076620.0,9994.9271747121,SCALE,0.01,3.0,NORMAL,0.0014917578311414788,0.0
1704076680.0,9994.6053569292,SCALE,0.01,3.0,NORMAL,0.0015239079111856327,0.0
1704076740.0,9995.2698974013,SCALE,0.01,3.0,NORMAL,0.0014575193195482936,0.0
1704076800.0,9995.6579631267,SCALE,0.01,3.0,NORMAL,0.0014187509705107003,0.0
1704076860.0,9996.3410530227,SCALE,0.01,3.0,NORMAL,0.0013505092635552273,0.0
1704076920.0,9996.4282058715,SCALE,0.01,3.0,NORMAL,0.0013418025630125747,0.0
1704076980.0,9996.3475305993,SCALE,0.01,3.0,NORMAL,0.0013498621439202599,0.0
1704077040.0,9996.347236164,SCALE,0.01,3.0,NORMAL,0.001349891558449122,0.0
1704077100.0,9996.347236164,SCALE,0.01,3.0,NORMAL,0.001349891558449122,0.0
1704077160.0,9996.2815770921,SCALE,0.01,3.0,NORMAL,0.0013564509983848372,0.0
1704077220.0,9996.3778574352,SCALE,0.01,3.0,NORMAL,0.0013468324474476398,0.0
1704077280.0,9996.4467552954,SCALE,0.01,3.0,NORMAL,0.0013399494476944408,0.0
1704077340.0,9997.0621250724,SCALE,0.01,3.0,NORMAL,0.001278473082376718,0.0
1704077400.0,9996.7158691596,SCALE,0.01,3.0,NORMAL,0.001313064568316249,0.0
1704077460.0,9994.9148084295,SCALE,0.01,3.0,NORMAL,0.0014929932413536894,0.0
1704077520.0,9995.125329669,SCALE,0.01,3.0,NORMAL,0.0014719618532187029,0.0
1704077580.0,9995.1639006933,SCALE,0.01,3.0,NORMAL,0.0014681085499379423,0.0
1704077640.0,9995.4500918049,SCALE,0.01,3.0,NORMAL,0.0014395176278859275,0.0
1704077700.0,9995.1639006933,SCALE,0.01,3.0,NORMAL,0.0014681085499379423,0.0
1704077760.0,9995.2584144246,SCALE,0.01,3.0,NORMAL,0.0014586664861739177,0.0
1704077820.0,9995.0119720785,SCALE,0.01,3.0,NORMAL,0.0014832864468297237,0.0
1704077880.0,9995.0122665138,SCALE,0.01,3.0,NORMAL,0.0014832570323008614,0.0
1704077940.0,9995.0119720785,SCALE,0.01,3.0,NORMAL,0.0014832864468297237,0.0
1704078000.0,9995.1892221291,SCALE,0.01,3.0,NORMAL,0.0014655789004559788,0.0
1704078060.0,9995.396210145,SCALE,0.01,3.0,NORMAL,0.0014449004866673382,0.0
1704078120.0,9994.8491493576,SCALE,0.01,3.0,NORMAL,0.0014995526812894046,0.0
1704078180.0,9994.8491493576,SCALE,0.01,3.0,NORMAL,0.0014995526812894046,0.0
1704078240.0,9995.8599457425,SCALE,0.01,3.0,NORMAL,0.0013985726037125344,0.0
1704078300.0,9995.915005143599,SCALE,0.01,3.0,NORMAL,0.0013930720868158568,0.0
1704078360.0,9995.305818507899,SCALE,0.01,3.0,NORMAL,0.0014539307470274744,0.0
1704078420.0,9995.4562749462,SCALE,0.01,3.0,NORMAL,0.0014388999227798222,0.0
1704078480.0,9996.0006858159,SCALE,0.01,3.0,NORMAL,0.0013845124589175152,0.0
1704078540.0,9996.2630276682,SCALE,0.01,3.0,NORMAL,0.0013583041137031529,0.0
1704078600.0,9996.2621443623,SCALE,0.01,3.0,NORMAL,0.0013583923572897394,0.0
1704078660.0,9996.0795944763,SCALE,0.01,3.0,NORMAL,0.001376629365183003,0.0
1704078720.0,9996.0218851575,SCALE,0.01,3.0,NORMAL,0.0013823946128396218,0.0
1704078780.0,9996.4187839419,SCALE,0.01,3.0,NORMAL,0.0013427438279361636,0.0
1704078840.0,9997.157227674299,SCALE,0.01,3.0,NORMAL,0.001268972189554969,0.0
1704078900.0,9997.7622922158,SCALE,0.01,3.0,NORMAL,0.0012085253327472401,0.0
1704078960.0,9998.0476000215,SCALE,0.01,3.0,NORMAL,0.0011800226542818114,0.0
1704079020.0,9998.0449501038,SCALE,0.01,3.0,NORMAL,0.0011802873850415708,0.0
1704079080.0,9998.267248755299,SCALE,0.01,3.0,NORMAL,0.00115807941575228,0.0
1704079140.0,9998.4009223815,SCALE,0.01,3.0,NORMAL,0.0011447252196497705,0.0
1704079200.0,9998.4712924182,SCALE,0.01,3.0,NORMAL,0.0011376951472520792,0.0
1704079260.0,9998.2601823081,SCALE,0.01,3.0,NORMAL,0.00115878536444479,0.0
1704079320.0,9998.6953576815,SCALE,0.01,3.0,NORMAL,0.0011153106907896152,0.0
1704079380.0,9999.235646457,SCALE,0.01,3.0,NORMAL,0.0010613350303311966,0.0
1704079440.0,9999.1702818204,SCALE,0.01,3.0,NORMAL,0.0010678650557382314,0.0
1704079500.0,9998.9415055923,SCALE,0.01,3.0,NORMAL,0.0010907201446624898,0.0
1704079560.0,9999.3431153415,SCALE,0.01,3.0,NORMAL,0.0010505987272972372,0.0
1704079620.0,9999.4514675319,SCALE,0.01,3.0,NORMAL,0.0010397741806766915,0.0
1704079680.0,9999.5395036866,SCALE,0.01,3.0,NORMAL,0.0010309792365476341,0.0
1704079740.0,9999.4764945324,SCALE,0.01,3.0,NORMAL,0.00103727394572359,0.0
1704079800.0,9998.8302090489,SCALE,0.01,3.0,NORMAL,0.0011018388365716572,0.0
1704079860.0,9999.0483856062,SCALE,0.01,3.0,NORMAL,0.0010800426706862548,0.0
1704079920.0,9999.4111298958,SCALE,0.01,3.0,NORMAL,0.0010438039711306247,0.0
1704079980.0,9999.9643738245,SCALE,0.01,3.0,NORMAL,0.0009885340714024533,0.0
1704080040.0,9999.9646682598,SCALE,0.01,3.0,NORMAL,0.000988504656873591,0.0
1704080100.0,9999.9761512365,SCALE,0.01,3.0,NORMAL,0.0009873574902479671,0.0
1704080160.0,9999.4287960138,SCALE,0.01,3.0,NORMAL,0.0010420390993988956,0.0
1704080220.0,9999.5786635815,SCALE,0.01,3.0,NORMAL,0.0010270671042091493,0.0
1704080280.0,10000.3441953615,PRO,0.005,3.0,NORMAL,0.0009505893291728183,0.0
1704080340.0,10000.6957511097,PRO,0.005,3.0,NORMAL,0.0009154683817137686,0.0
1704080400.0,10001.1591922719,PRO,0.005,3.0,NORMAL,0.0008691699132880088,0.0
1704080460.0,10001.3455698168,PRO,0.005,3.0,NORMAL,0.0008505505165195373,0.0
1704080520.0,10002.0056937594,PRO,0.005,3.0,NORMAL,0.0007846031428151305,0.0
1704080580.0,10004.1942313443,PRO,0.005,3.0,NORMAL,0.0005659649497978211,0.0
1704080640.0,10003.2240670308,PRO,0.005,3.0,NORMAL,0.0006628858223918955,0.0
1704080700.0,10003.9975485639,PRO,0.005,3.0,NORMAL,0.0005856138550762863,0.0
1704080760.0,10003.9545610101,PRO,0.005,3.0,NORMAL,0.0005899083762899791,0.0
1704080820.0,10003.3503797745,PRO,0.005,3.0,NORMAL,0.0006502669895109399,0.0
1704080880.0,10002.8757500709,PRO,0.005,3.0,NORMAL,0.0006976832100334616,0.0
1704080940.0,10001.94739557,PRO,0.005,3.0,NORMAL,0.0007904272195294736,0.0
1704081000.0,10002.0495646191,PRO,0.005,3.0,NORMAL,0.000780220378015033,0.0
1704081060.0,10002.4541187213,PRO,0.005,3.0,NORMAL,0.0007398048153611588,0.0
1704081120.0,10002.4541187213,PRO,0.005,3.0,NORMAL,0.0007398048153611588,0.0
1704081180.0,10003.1118871815,PRO,0.005,3.0,NORMAL,0.0006740927578876494,0.0
1704081240.0,10002.7891860927,PRO,0.005,3.0,NORMAL,0.0007063310815183897,0.0
1704081300.0,10002.2435974818,PRO,0.005,3.0,NORMAL,0.0007608362034961454,0.0
1704081360.0,10002.0042215829,PRO,0.005,3.0,NORMAL,0.0007847502154594413,0.0
1704081420.0,10002.1714608333,PRO,0.005,3.0,NORMAL,0.000768042763066828,0.0
1704081480.0,10002.758564821499,PRO,0.005,3.0,NORMAL,0.0007093901925198721,0.0
1704081540.0,10002.3908151318,PRO,0.005,3.0,NORMAL,0.0007461289390661586,0.0
1704081600.0,10002.2247536226,PRO,0.005,3.0,NORMAL,0.0007627187333431415,0.0
1704081660.0,10001.8575928035,PRO,0.005,3.0,NORMAL,0.0007993986508317037,0.0
1704081720.0,10001.5239976086,PRO,0.005,3.0,NORMAL,0.0008327253120303438,0.0
1704081780.0,10001.523408738,PRO,0.005,3.0,NORMAL,0.0008327841410880681,0.0
1704081840.0,10001.5522633974,PRO,0.005,3.0,NORMAL,0.0008299015172597588,0.0
1704081900.0,10001.1951133785,PRO,0.005,3.0,NORMAL,0.0008655813407670077,0.0
1704081960.0,10001.0102080101,PRO,0.005,3.0,NORMAL,0.0008840536648911685,0.0
1704082020.0,10001.0087358336,PRO,0.005,3.0,NORMAL,0.0008842007375354793,0.0
1704082080.0,10001.0087358336,PRO,0.005,3.0,NORMAL,0.0008842007375354793,0.0
1704082140.0,10001.6688597762,PRO,0.005,3.0,NORMAL,0.0008182533638310726,0.0
1704082200.0,10001.8163718615,PRO,0.005,3.0,NORMAL,0.0008035166848722236,0.0
1704082260.0,10001.7842784138,PRO,0.005,3.0,NORMAL,0.0008067228685180167,0.0
1704082320.0,10001.9953885239,PRO,0.005,3.0,NORMAL,0.000785632651325306,0.0
1704082380.0,10003.2667601493,PRO,0.005,3.0,NORMAL,0.0006586207157072466,0.0
1704082440.0,10003.656592486499,PRO,0.005,3.0,NORMAL,0.0006196758794964802,0.0
1704082500.0,10004.3720702655,PRO,0.005,3.0,NORMAL,0.000548198574366352,0.0
1704082560.0,10003.719896076,PRO,0.005,3.0,NORMAL,0.0006133517557914806,0.0
1704082620.0,10004.5348929864,PRO,0.005,3.0,NORMAL,0.000531932339906671,0.0
1704082680.0,10004.5516757985,PRO,0.005,3.0,NORMAL,0.0005302557117615282,0.0
1704082740.0,10004.1845149794,PRO,0.005,3.0,NORMAL,0.0005669356292500904,0.0
1704082800.0,10005.3866943093,PRO,0.005,3.0,NORMAL,0.0004468361079142739,0.0
1704082860.0,10005.373444720799,PRO,0.005,3.0,NORMAL,0.0004481597617130708,0.0
1704082920.0,10004.485427856,PRO,0.005,3.0,NORMAL,0.0005368739807551494,0.0
1704082980.0,10003.9103957151,PRO,0.005,3.0,NORMAL,0.0005943205556189387,0.0
1704083040.0,10002.8468954115,PRO,0.005,3.0,NORMAL,0.000700565833861771,0.0
1704083100.0,10003.5076082247,PRO,0.005,3.0,NORMAL,0.0006345596310996399,0.0
1704083160.0,10003.5505957785,PRO,0.005,3.0,NORMAL,0.0006302651098859471,0.0
1704083220.0,10003.908334668,PRO,0.005,3.0,NORMAL,0.0005945264573209739,0.0
1704083280.0,10003.8777133968,PRO,0.005,3.0,NORMAL,0.0005975855683224561,0.0
1704083340.0,10003.0709606748,PRO,0.005,3.0,NORMAL,0.0006781813773991254,0.0
1704083400.0,10002.8795777298,PRO,0.005,3.0,NORMAL,0.0006973008211582536,0.0
1704083460.0,10003.2125840541,PRO,0.005,3.0,NORMAL,0.0006640329890175195,0.0
1704083520.0,10002.9620196138,PRO,0.005,3.0,NORMAL,0.0006890647530773956,0.0
1704083580.0,10002.6914335731,PRO,0.005,3.0,NORMAL,0.0007160967050998981,0.0
1704083640.0,10002.6914335731,PRO,0.005,3.0,NORMAL,0.0007160967050998981,0.0
1704083700.0,10002.2427141759,PRO,0.005,3.0,NORMAL,0.0007609244470827319,0.0
1704083760.0,10002.109334985,PRO,0.005,3.0,NORMAL,0.0007742492286563791,0.0
1704083820.0,10002.545099229,PRO,0.005,3.0,NORMAL,0.0007307157259432984,0.0
1704083880.0,10002.6879003495,PRO,0.005,3.0,NORMAL,0.0007164496794462439,0.0
1704083940.0,10002.124056749999,PRO,0.005,3.0,NORMAL,0.0007727785022134531,0.0
1704084000.0,10002.2633246469,PRO,0.005,3.0,NORMAL,0.0007588654300625628,0.0
1704084060.0,10001.966239429199,PRO,0.005,3.0,NORMAL,0.0007885446896824774,0.0
1704084120.0,10002.3463554015,PRO,0.005,3.0,NORMAL,0.0007505705329239804,0.0
1704084180.0,10003.1001097695,PRO,0.005,3.0,NORMAL,0.0006752693390419538,0.0
1704084240.0,10002.9652584021,PRO,0.005,3.0,NORMAL,0.0006887411932599119,0.0
1704084300.0,10002.8410067055,PRO,0.005,3.0,NORMAL,0.0007011541244390141,0.0
1704084360.0,10002.2527249761,PRO,0.005,3.0,NORMAL,0.0007599243531014186,0.0
1704084420.0,10002.138778515,PRO,0.005,3.0,NORMAL,0.0007713077757703454,0.0
1704084480.0,10001.7504183543,PRO,0.005,3.0,NORMAL,0.000810105539336801,0.0
1704084540.0,10001.6090894103,PRO,0.005,3.0,NORMAL,0.0008242245131897264,0.0
1704084600.0,10001.8422821679,PRO,0.005,3.0,NORMAL,0.0008009282063325358,0.0
1704084660.0,10001.6665042938,PRO,0.005,3.0,NORMAL,0.0008184886800619698,0.0
1704084720.0,10001.6085005397,PRO,0.005,3.0,NORMAL,0.0008242833422474507,0.0
1704084780.0,10001.7424686012,PRO,0.005,3.0,NORMAL,0.0008108997316160792,0.0
1704084840.0,10001.3220149928,PRO,0.005,3.0,NORMAL,0.0008529036788283279,0.0
1704084900.0,10001.5216421262,PRO,0.005,3.0,NORMAL,0.0008329606282612411,0.0
1704084960.0,10001.5213476909,PRO,0.005,3.0,NORMAL,0.0008329900427901032,0.0
1704085020.0,10001.3832575352,PRO,0.005,3.0,NORMAL,0.0008467854568253632,0.0
1704085080.0,10000.3777609857,PRO,0.005,3.0,NORMAL,0.0009472360728827145,0.0
1704085140.0,10000.3444897968,PRO,0.005,3.0,NORMAL,0.0009505599146439562,0.0
1704085200.0,10000.330945773,PRO,0.005,3.0,NORMAL,0.0009519129829716153,0.0
1704085260.0,10001.4218285595,PRO,0.005,3.0,NORMAL,0.0008429321535447844,0.0
1704085320.0,10001.5811180568,PRO,0.005,3.0,NORMAL,0.0008270188934314494,0.0
1704085380.0,10002.5071170753,PRO,0.005,3.0,NORMAL,0.0007345102001663345,0.0
1704085440.0,10002.6725897139,PRO,0.005,3.0,NORMAL,0.0007179792349468942,0.0
1704085500.0,10001.9108855928,PRO,0.005,3.0,NORMAL,0.0007940746211080173,0.0
1704085560.0,10001.8896862512,PRO,0.005,3.0,NORMAL,0.0007961924671860924,0.0
1704085620.0,10001.7733843077,PRO,0.005,3.0,NORMAL,0.0008078112060857347,0.0
1704085680.0,10001.9865554649,PRO,0.005,3.0,NORMAL,0.0007865150871909888,0.0
1704085740.0,10002.1111015968,PRO,0.005,3.0,NORMAL,0.0007740727414832062,0.0
1704085800.0,10001.9188353459,PRO,0.005,3.0,NORMAL,0.0007932804288289209,0.0
1704085860.0,10001.9453345229,PRO,0.005,3.0,NORMAL,0.0007906331212315087,0.0
1704085920.0,10002.0560421957,PRO,0.005,3.0,NORMAL,0.0007795732583800656,0.0
1704085980.0,10002.1108071615,PRO,0.005,3.0,NORMAL,0.0007741021560120683,0.0
1704086040.0,10001.7574848015,PRO,0.005,3.0,NORMAL,0.000809399590644291,0.0
1704086100.0,10001.7574848015,PRO,0.005,3.0,NORMAL,0.000809399590644291,0.0
1704086160.0,10002.1708719627,PRO,0.005,3.0,NORMAL,0.0007681015921245523,0.0
1704086220.0,10001.6968311297,PRO,0.005,3.0,NORMAL,0.0008154589835893496,0.0
1704086280.0,10001.5210532556,PRO,0.005,3.0,NORMAL,0.0008330194573189654,0.0
1704086340.0,10001.6397106815,PRO,0.005,3.0,NORMAL,0.0008211654021882441,0.0
1704086400.0,10001.7725010018,PRO,0.005,3.0,NORMAL,0.0008078994496723211,0.0
1704086460.0,10002.0648752547,PRO,0.005,3.0,NORMAL,0.0007786908225142009,0.0
1704086520.0,10002.0525089721,PRO,0.005,3.0,NORMAL,0.0007799262327264114,0.0
1704086580.0,10002.1602722919,PRO,0.005,3.0,NORMAL,0.0007691605151635899,0.0
1704086640.0,10002.1599778566,PRO,0.005,3.0,NORMAL,0.000769189929692452,0.0
1704086700.0,10002.1537947153,PRO,0.005,3.0,NORMAL,0.0007698076347985572,0.0
1704086760.0,10002.3463554015,PRO,0.005,3.0,NORMAL,0.0007505705329239804,0.0
1704086820.0,10003.286192879099,PRO,0.005,3.0,NORMAL,0.0006566793568025262,0.0
1704086880.0,10003.337130186,PRO,0.005,3.0,NORMAL,0.0006515906433095552,0.0
1704086940.0,10003.3500853392,PRO,0.005,3.0,NORMAL,0.0006502964040398021,0.0
1704087000.0,10003.0650719688,PRO,0.005,3.0,NORMAL,0.0006787696679763685,0.0
1704087060.0,10003.2434997606,PRO,0.005,3.0,NORMAL,0.0006609444634871751,0.0
1704087120.0,10003.2305446074,PRO,0.005,3.0,NORMAL,0.0006622387027569282,0.0
1704087180.0,10002.7994913282,PRO,0.005,3.0,NORMAL,0.0007053015730082143,0.0
1704087240.0,10002.9137322246,PRO,0.005,3.0,NORMAL,0.0006938887358104254,0.0
1704087300.0,10003.2302501721,PRO,0.005,3.0,NORMAL,0.0006622681172857903,0.0
1704087360.0,10003.683974969399,PRO,0.005,3.0,NORMAL,0.0006169403283124817,0.0
1704087420.0,10003.762589194499,PRO,0.005,3.0,NORMAL,0.0006090866491068315,0.0
1704087480.0,10003.6177270269,PRO,0.005,3.0,NORMAL,0.0006235585973059212,0.0
1704087540.0,10003.8774189615,PRO,0.005,3.0,NORMAL,0.0005976149828513183,0.0
1704087600.0,10003.6583590983,PRO,0.005,3.0,NORMAL,0.0006194993923233073,0.0
1704087660.0,10003.3486131627,PRO,0.005,3.0,NORMAL,0.0006504434766841129,0.0
1704087720.0,10003.5974109912,PRO,0.005,3.0,NORMAL,0.0006255881997972281,0.0
1704087780.0,10003.1313199113,PRO,0.005,3.0,NORMAL,0.0006721513989829289,0.0
1704087840.0,10003.2879594909,PRO,0.005,3.0,NORMAL,0.0006565028696291715,0.0
1704087900.0,10003.9421947275,PRO,0.005,3.0,NORMAL,0.0005911437865020079,0.0
1704087960.0,10004.0835236715,PRO,0.005,3.0,NORMAL,0.0005770248126492642,0.0
1704088020.0,10004.4604008555,PRO,0.005,3.0,NORMAL,0.0005393742157082509,0.0
1704088080.0,10004.7283369785,PRO,0.005,3.0,NORMAL,0.0005126069944455077,0.0
1704088140.0,10005.1146360921,PRO,0.005,3.0,NORMAL,0.00047401513258108716,0.0
1704088200.0,10005.6440307615,PRO,0.005,3.0,NORMAL,0.0004211278096905683,0.0
1704088260.0,10005.2318213415,PRO,0.005,3.0,NORMAL,0.0004623081500946767,0.0
1704088320.0,10005.2321157768,PRO,0.005,3.0,NORMAL,0.0004622787355658145,0.0
1704088380.0,10004.9962731015,PRO,0.005,3.0,NORMAL,0.00048583977318276457,0.0
1704088440.0,10005.4093658274,PRO,0.005,3.0,NORMAL,0.0004445711891920697,0.0
1704088500.0,10005.8377691889,PRO,0.005,3.0,NORMAL,0.0004017730497005429,0.0
1704088560.0,10006.0412239812,PRO,0.005,3.0,NORMAL,0.0003814476102582481,0.0
1704088620.0,10005.4720805463,PRO,0.005,3.0,NORMAL,0.00043830589454479436,0.0
1704088680.0,10005.3016025076,PRO,0.005,3.0,NORMAL,0.0004553369067548913,0.0
1704088740.0,10005.2315269062,PRO,0.005,3.0,NORMAL,0.00046233756462353884,0.0
1704088800.0,10005.6399086673,PRO,0.005,3.0,NORMAL,0.0004215396130946385,0.0
1704088860.0,10005.8351192712,PRO,0.005,3.0,NORMAL,0.0004020377804603023,0.0
1704088920.0,10005.0227722785,PRO,0.005,3.0,NORMAL,0.0004831924655853524,0.0
1704088980.0,10004.2696067811,PRO,0.005,3.0,NORMAL,0.0005584348304096547,0.0
1704089040.0,10003.9572109278,PRO,0.005,3.0,NORMAL,0.0005896436455302197,0.0
1704089100.0,10003.3156364091,PRO,0.005,3.0,NORMAL,0.0006537379039164925,0.0
1704089160.0,10003.2567493491,PRO,0.005,3.0,NORMAL,0.0006596208096883782,0.0
1704089220.0,10003.2570437844,PRO,0.005,3.0,NORMAL,0.000659591395159516,0.0
1704089280.0,10003.577683826099,PRO,0.005,3.0,NORMAL,0.0006275589732309924,0.0
1704089340.0,10003.577389390799,PRO,0.005,3.0,NORMAL,0.0006275883877598545,0.0
1704089400.0,10003.8094044072,PRO,0.005,3.0,NORMAL,0.0006044097390179308,0.0
1704089460.0,10003.8094044072,PRO,0.005,3.0,NORMAL,0.0006044097390179308,0.0
1704089520.0,10004.054080141499,PRO,0.005,3.0,NORMAL,0.0005799662655352979,0.0
1704089580.0,10004.196881262,PRO,0.005,3.0,NORMAL,0.0005657002190380617,0.0
1704089640.0,10003.9948986462,PRO,0.005,3.0,NORMAL,0.0005858785858360457,0.0
1704089700.0,10003.6421651568,PRO,0.005,3.0,NORMAL,0.000621117191410544,0.0
1704089760.0,10003.0365117447,PRO,0.005,3.0,NORMAL,0.0006816228772758157,0.0
1704089820.0,10002.1699886568,PRO,0.005,3.0,NORMAL,0.0007681898357111388,0.0
1704089880.0,10002.1111015968,PRO,0.005,3.0,NORMAL,0.0007740727414832062,0.0
1704089940.0,10002.0516256662,PRO,0.005,3.0,NORMAL,0.0007800144763129979,0.0
1704090000.0,10002.758270386199,PRO,0.005,3.0,NORMAL,0.0007094196070487343,0.0
1704090060.0,10003.4952419421,PRO,0.005,3.0,NORMAL,0.0006357950413116687,0.0
1704090120.0,10003.690452546,PRO,0.005,3.0,NORMAL,0.0006162932086775142,0.0
1704090180.0,10003.2720599847,PRO,0.005,3.0,NORMAL,0.0006580912541877278,0.0
1704090240.0,10002.9599585667,PRO,0.005,3.0,NORMAL,0.0006892706547794306,0.0
1704090300.0,10002.9019548126,PRO,0.005,3.0,NORMAL,0.0006950653169649116,0.0
1704090360.0,10002.901365942,PRO,0.005,3.0,NORMAL,0.0006951241460226359,0.0
1704090420.0,10002.6675843138,PRO,0.005,3.0,NORMAL,0.0007184792819375508,0.0
1704090480.0,10002.6672898785,PRO,0.005,3.0,NORMAL,0.000718508696466413,0.0
1704090540.0,10002.6672898785,PRO,0.005,3.0,NORMAL,0.000718508696466413,0.0
1704090600.0,10002.8530785528,PRO,0.005,3.0,NORMAL,0.0006999481287556658,0.0
1704090660.0,10002.6940834908,PRO,0.005,3.0,NORMAL,0.0007158319743401387,0.0
1704090720.0,10002.8136242226,PRO,0.005,3.0,NORMAL,0.0007038896756230127,0.0
1704090780.0,10001.9114744634,PRO,0.005,3.0,NORMAL,0.000794015792050293,0.0
1704090840.0,10002.201787669199,PRO,0.005,3.0,NORMAL,0.0007650130665943896,0.0
1704090900.0,10001.5593298446,PRO,0.005,3.0,NORMAL,0.000829195568567067,0.0
1704090960.0,10001.7571903662,PRO,0.005,3.0,NORMAL,0.0008094290051731532,0.0
1704091020.0,10001.7180304713,PRO,0.005,3.0,NORMAL,0.0008133411375114563,0.0
1704091080.0,10001.7960558258,PRO,0.005,3.0,NORMAL,0.0008055462873635305,0.0
1704091140.0,10001.6694486468,PRO,0.005,3.0,NORMAL,0.0008181945347733483,0.0
1704091200.0,10001.252528261999,PRO,0.005,3.0,NORMAL,0.0008598455076394328,0.0
1704091260.0,10000.7693599347,PRO,0.005,3.0,NORMAL,0.0009081147494987752,0.0
1704091320.0,10000.7693599347,PRO,0.005,3.0,NORMAL,0.0009081147494987752,0.0
1704091380.0,10001.0031415629,PRO,0.005,3.0,NORMAL,0.0008847596135838602,0.0
1704091440.0,10001.0031415629,PRO,0.005,3.0,NORMAL,0.0008847596135838602,0.0
1704091500.0,10000.8235360299,PRO,0.005,3.0,NORMAL,0.0009027024761885023,0.0
1704091560.0,10000.6798516035,PRO,0.005,3.0,NORMAL,0.0009170567662723249,0.0
1704091620.0,10001.0378849283,PRO,0.005,3.0,NORMAL,0.0008812886991783077,0.0
1704091680.0,10000.8247137711,PRO,0.005,3.0,NORMAL,0.0009025848180730536,0.0
1704091740.0,10000.931593785,PRO,0.005,3.0,NORMAL,0.0008919073440968186,0.0
1704091800.0,10001.0378849283,PRO,0.005,3.0,NORMAL,0.0008812886991783077,0.0
1704091860.0,10000.3892439624,PRO,0.005,3.0,NORMAL,0.0009460889062572722,0.0
1704091920.0,9999.931985941499,SCALE,0.01,3.0,NORMAL,0.0009917696695771084,0.0
1704091980.0,9999.7232313138,SCALE,0.01,3.0,NORMAL,0.001012624570538922,0.0
1704092040.0,10000.0053003312,PRO,0.005,3.0,NORMAL,0.0009844454518907954,0.0
1704092100.0,10000.3453731027,PRO,0.005,3.0,NORMAL,0.0009504716710573698,0.0
1704092160.0,10000.6006485078,PRO,0.005,3.0,NORMAL,0.0009249692745356993,0.0
1704092220.0,10000.166062005,PRO,0.005,3.0,NORMAL,0.0009683851191331496,0.0
1704092280.0,10000.3441953615,PRO,0.005,3.0,NORMAL,0.0009505893291728183,0.0
1704092340.0,10000.4416534458,PRO,0.005,3.0,NORMAL,0.0009408531201201722,0.0
1704092400.0,9999.6490336182,SCALE,0.01,3.0,NORMAL,0.0010200370318116398,0.0
1704092460.0,9998.9400334158,SCALE,0.01,3.0,NORMAL,0.0010908672173068005,0.0
1704092520.0,9998.7727941654,SCALE,0.01,3.0,NORMAL,0.0011075746696994138,0.0
1704092580.0,9998.3178916269,SCALE,0.01,3.0,NORMAL,0.0011530201167881712,0.0
1704092640.0,9999.401707966199,SCALE,0.01,3.0,NORMAL,0.0010447452360542139,0.0
1704092700.0,9998.7963489894,SCALE,0.01,3.0,NORMAL,0.0011052215073906232,0.0
1704092760.0,9997.9563250785,SCALE,0.01,3.0,NORMAL,0.0011891411582285341,0.0
1704092820.0,9998.7804494832,SCALE,0.01,3.0,NORMAL,0.0011068098919489978,0.0
1704092880.0,9999.147315867,SCALE,0.01,3.0,NORMAL,0.0010701593889892978,0.0
1704092940.0,9998.2507603785,SCALE,0.01,3.0,NORMAL,0.0011597266293683788,0.0
1704093000.0,9998.2693098024,SCALE,0.01,3.0,NORMAL,0.0011578735140502449,0.0
1704093060.0,9998.8184316369,SCALE,0.01,3.0,NORMAL,0.0011030154177259616,0.0
1704093120.0,9998.596721856,SCALE,0.01,3.0,NORMAL,0.00112516455795771,0.0
1704093180.0,9998.5978995972,SCALE,0.01,3.0,NORMAL,0.0011250468998422615,0.0
1704093240.0,9998.7539503062,SCALE,0.01,3.0,NORMAL,0.00110945719954641,0.0
1704093300.0,9998.742467329499,SCALE,0.01,3.0,NORMAL,0.001110604366172034,0.0
1704093360.0,9999.1214055606,SCALE,0.01,3.0,NORMAL,0.0010727478675289857,0.0
1704093420.0,9998.8799686146,SCALE,0.01,3.0,NORMAL,0.0010968677811943166,0.0
1704093480.0,9998.5722837261,SCALE,0.01,3.0,NORMAL,0.001127605963853087,0.0
1704093540.0,9998.7545391768,SCALE,0.01,3.0,NORMAL,0.0011093983704886857,0.0
1704093600.0,9999.3174994704,SCALE,0.01,3.0,NORMAL,0.001053157791308063,0.0
1704093660.0,9998.9859653226,SCALE,0.01,3.0,NORMAL,0.001086278550804668,0.0
1704093720.0,9999.086073324599,SCALE,0.01,3.0,NORMAL,0.0010762776109922625,0.0
1704093780.0,9998.7354008823,SCALE,0.01,3.0,NORMAL,0.001111310314864544,0.0
1704093840.0,9998.7354008823,SCALE,0.01,3.0,NORMAL,0.001111310314864544,0.0
1704093900.0,9998.1185589288,SCALE,0.01,3.0,NORMAL,0.0011729337528265775,0.0
1704093960.0,9997.8482673234,SCALE,0.01,3.0,NORMAL,0.001199936290320218,0.0
1704094020.0,9997.8482673234,SCALE,0.01,3.0,NORMAL,0.001199936290320218,0.0
1704094080.0,9998.3862006165,SCALE,0.01,3.0,NORMAL,0.0011461959460926966,0.0
1704094140.0,9997.7619977805,SCALE,0.01,3.0,NORMAL,0.0012085547472761022,0.0
1704094200.0,9997.7619977805,SCALE,0.01,3.0,NORMAL,0.0012085547472761022,0.0
1704094260.0,9997.9183429248,SCALE,0.01,3.0,NORMAL,0.0011929356324513886,0.0
1704094320.0,9997.4557850685,SCALE,0.01,3.0,NORMAL,0.0012391458572907437,0.0
1704094380.0,9997.605947071499,SCALE,0.01,3.0,NORMAL,0.0012241444475721353,0.0
1704094440.0,9997.5408768702,SCALE,0.01,3.0,NORMAL,0.0012306450584501263,0.0
1704094500.0,9997.5405824349,SCALE,0.01,3.0,NORMAL,0.0012306744729789884,0.0
1704094560.0,9997.5408768702,SCALE,0.01,3.0,NORMAL,0.0012306450584501263,0.0
1704094620.0,9997.4590238568,SCALE,0.01,3.0,NORMAL,0.0012388222974732599,0.0
1704094680.0,9997.4587294215,SCALE,0.01,3.0,NORMAL,0.0012388517120021222,0.0
1704094740.0,9997.50142254,SCALE,0.01,3.0,NORMAL,0.0012345866053174732,0.0
1704094800.0,9998.2071839541,SCALE,0.01,3.0,NORMAL,0.0011640799796396142,0.0
1704094860.0,9998.5198742427,SCALE,0.01,3.0,NORMAL,0.0011328417499901872,0.0
1704094920.0,9998.5658061495,SCALE,0.01,3.0,NORMAL,0.0011282530834880544,0.0
1704094980.0,9998.6296986096,SCALE,0.01,3.0,NORMAL,0.0011218701307253306,0.0
1704095040.0,9998.9685936399,SCALE,0.01,3.0,NORMAL,0.0010880140080073535,0.0
1704095100.0,9999.2518403985,SCALE,0.01,3.0,NORMAL,0.00105971723124396,0.0
1704095160.0,9998.2831482615,SCALE,0.01,3.0,NORMAL,0.0011564910311937235,0.0
1704095220.0,9998.5478455962,SCALE,0.01,3.0,NORMAL,0.0011300473697484642,0.0
1704095280.0,9998.4745312065,SCALE,0.01,3.0,NORMAL,0.0011373715874345954,0.0
1704095340.0,9998.4745312065,SCALE,0.01,3.0,NORMAL,0.0011373715874345954,0.0
1704095400.0,9998.4863086185,SCALE,0.01,3.0,NORMAL,0.001136195006280291,0.0
1704095460.0,9998.405338911,SCALE,0.01,3.0,NORMAL,0.0011442840017168382,0.0
1704095520.0,9998.2822649556,SCALE,0.01,3.0,NORMAL,0.00115657927478031,0.0
1704095580.0,9998.2822649556,SCALE,0.01,3.0,NORMAL,0.00115657927478031,0.0
1704095640.0,9998.2592990022,SCALE,0.01,3.0,NORMAL,0.0011588736080313765,0.0
1704095700.0,9998.1359306115,SCALE,0.01,3.0,NORMAL,0.0011711982956238922,0.0
1704095760.0,9998.0143288326,SCALE,0.01,3.0,NORMAL,0.0011833464960430533,0.0
1704095820.0,9998.0219841504,SCALE,0.01,3.0,NORMAL,0.0011825817182926372,0.0
1704095880.0,9998.3800174752,SCALE,0.01,3.0,NORMAL,0.0011468136511988017,0.0
1704095940.0,9997.6218465777,SCALE,0.01,3.0,NORMAL,0.001222556063013579,0.0
1704096000.0,9997.5476488821,SCALE,0.01,3.0,NORMAL,0.0012299685242862968,0.0
1704096060.0,9996.6640485468,SCALE,0.01,3.0,NORMAL,0.0013182415253956247,0.0
1704096120.0,9998.3862006165,SCALE,0.01,3.0,NORMAL,0.0011461959460926966,0.0
1704096180.0,9998.7780940008,SCALE,0.01,3.0,NORMAL,0.001107045208179895,0.0
1704096240.0,9998.5775835615,SCALE,0.01,3.0,NORMAL,0.0011270765023335683,0.0
1704096300.0,9997.9890073968,SCALE,0.01,3.0,NORMAL,0.0011858761455250167,0.0
1704096360.0,9997.8450285351,SCALE,0.01,3.0,NORMAL,0.0012002598501377015,0.0
1704096420.0,9997.8450285351,SCALE,0.01,3.0,NORMAL,0.0012002598501377015,0.0
1704096480.0,9997.8450285351,SCALE,0.01,3.0,NORMAL,0.0012002598501377015,0.0
1704096540.0,9997.8447340998,SCALE,0.01,3.0,NORMAL,0.0012002892646665638,0.0
1704096600.0,9997.0786134492,SCALE,0.01,3.0,NORMAL,0.001276825868760619,0.0
1704096660.0,9996.7921279023,SCALE,0.01,3.0,NORMAL,0.0013054462053414962,0.0
1704096720.0,9996.7517902662,SCALE,0.01,3.0,NORMAL,0.001309475995795248,0.0
1704096780.0,9997.3162227363,SCALE,0.01,3.0,NORMAL,0.001253088343970496,0.0
1704096840.0,9996.9793887531,SCALE,0.01,3.0,NORMAL,0.0012867385649864382,0.0
1704096900.0,9996.9785054472,SCALE,0.01,3.0,NORMAL,0.0012868268085730248,0.0
1704096960.0,9997.0918630377,SCALE,0.01,3.0,NORMAL,0.0012755022149618222,0.0
1704097020.0,9996.9787998825,SCALE,0.01,3.0,NORMAL,0.0012867973940441624,0.0
1704097080.0,9997.1051126262,SCALE,0.01,3.0,NORMAL,0.001274178561163207,0.0
1704097140.0,9996.9814498002,SCALE,0.01,3.0,NORMAL,0.001286532663284403,0.0
1704097200.0,9996.9814498002,SCALE,0.01,3.0,NORMAL,0.001286532663284403,0.0
1704097260.0,9996.6343105815,SCALE,0.01,3.0,NORMAL,0.0013212123928105206,0.0
1704097320.0,9996.6343105815,SCALE,0.01,3.0,NORMAL,0.0013212123928105206,0.0
1704097380.0,9996.5165364615,SCALE,0.01,3.0,NORMAL,0.0013329782043544737,0.0
1704097440.0,9997.0806744963,SCALE,0.01,3.0,NORMAL,0.001276619967058584,0.0
1704097500.0,9998.0593774335,SCALE,0.01,3.0,NORMAL,0.001178846073127507,0.0
1704097560.0,9997.681028073,SCALE,0.01,3.0,NORMAL,0.0012166437427126495,0.0
1704097620.0,9997.7234267562,SCALE,0.01,3.0,NORMAL,0.0012124080505568626,0.0
1704097680.0,9997.860633606,SCALE,0.01,3.0,NORMAL,0.0011987008801080073,0.0
1704097740.0,9997.9298259015,SCALE,0.01,3.0,NORMAL,0.0011917884658259462,0.0
1704097800.0,9997.3674544785,SCALE,0.01,3.0,NORMAL,0.001247970215948663,0.0
1704097860.0,9997.6618897785,SCALE,0.01,3.0,NORMAL,0.0012185556870886894,0.0
1704097920.0,9997.9071543834,SCALE,0.01,3.0,NORMAL,0.0011940533845481505,0.0
1704097980.0,9997.9086265599,SCALE,0.01,3.0,NORMAL,0.0011939063119038398,0.0
1704098040.0,9998.5451956785,SCALE,0.01,3.0,NORMAL,0.0011303121005082236,0.0
1704098100.0,9998.0222785857,SCALE,0.01,3.0,NORMAL,0.0011825523037637751,0.0
1704098160.0,9997.7758362396,SCALE,0.01,3.0,NORMAL,0.0012071722644197626,0.0
1704098220.0,9998.0470111509,SCALE,0.01,3.0,NORMAL,0.0011800814833395359,0.0
1704098280.0,9998.2092450012,SCALE,0.01,3.0,NORMAL,0.0011638740779375792,0.0
1704098340.0,9998.2092450012,SCALE,0.01,3.0,NORMAL,0.0011638740779375792,0.0
1704098400.0,9997.5871032123,SCALE,0.01,3.0,NORMAL,0.0012260269774191314,0.0
1704098460.0,9997.6085969892,SCALE,0.01,3.0,NORMAL,0.001223879716812376,0.0
1704098520.0,9997.6088914245,SCALE,0.01,3.0,NORMAL,0.0012238503022835138,0.0
1704098580.0,9997.6088914245,SCALE,0.01,3.0,NORMAL,0.0012238503022835138,0.0
1704098640.0,9997.6085969892,SCALE,0.01,3.0,NORMAL,0.001223879716812376,0.0
1704098700.0,9997.6085969892,SCALE,0.01,3.0,NORMAL,0.001223879716812376,0.0
1704098760.0,9996.7364796306,SCALE,0.01,3.0,NORMAL,0.00131100555129608,0.0
1704098820.0,9996.4585327074,SCALE,0.01,3.0,NORMAL,0.0013387728665399546,0.0
1704098880.0,9996.073411334999,SCALE,0.01,3.0,NORMAL,0.0013772470702891081,0.0
1704098940.0,9996.4776710019,SCALE,0.01,3.0,NORMAL,0.0013368609221640962,0.0
1704099000.0,9996.3981734709,SCALE,0.01,3.0,NORMAL,0.0013448028449563327,0.0
1704099060.0,9996.7090971477,SCALE,0.01,3.0,NORMAL,0.0013137411024800785,0.0
1704099120.0,9996.850720527,SCALE,0.01,3.0,NORMAL,0.001299592714098291,0.0
1704099180.0,9996.7090971477,SCALE,0.01,3.0,NORMAL,0.0013137411024800785,0.0
1704099240.0,9996.0934329354,SCALE,0.01,3.0,NORMAL,0.0013752468823264817,0.0
1704099300.0,9995.9317879557,SCALE,0.01,3.0,NORMAL,0.0013913954586707142,0.0
1704099360.0,9995.8955724138,SCALE,0.01,3.0,NORMAL,0.0013950134457205773,0.0
1704099420.0,9995.9862584862,SCALE,0.01,3.0,NORMAL,0.001385953770831579,0.0
1704099480.0,9996.0074578278,SCALE,0.01,3.0,NORMAL,0.0013838359247536857,0.0
1704099540.0,9995.9279602968,SCALE,0.01,3.0,NORMAL,0.001391777847545922,0.0
1704099600.0,9995.7501213756,SCALE,0.01,3.0,NORMAL,0.001409544222977391,0.0
1704099660.0,9995.3552836383,SCALE,0.01,3.0,NORMAL,0.0014489891061788141,0.0
1704099720.0,9995.354989203,SCALE,0.01,3.0,NORMAL,0.0014490185207076762,0.0
1704099780.0,9995.4574526874,SCALE,0.01,3.0,NORMAL,0.0014387822646643735,0.0
1704099840.0,9995.3541058971,SCALE,0.01,3.0,NORMAL,0.0014491067642942628,0.0
1704099900.0,9995.8405130127,SCALE,0.01,3.0,NORMAL,0.0014005139626174366,0.0
1704099960.0,9995.7395217048,SCALE,0.01,3.0,NORMAL,0.0014106031460164286,0.0
1704100020.0,9995.9853751803,SCALE,0.01,3.0,NORMAL,0.0013860420144181655,0.0
1704100080.0,9995.9591704386,SCALE,0.01,3.0,NORMAL,0.0013886599074867155,0.0
1704100140.0,9995.9865529215,SCALE,0.01,3.0,NORMAL,0.001385924356302717,0.0
1704100200.0,9995.8687788015,SCALE,0.01,3.0,NORMAL,0.0013976901678468517,0.0
1704100260.0,9995.9874362274,SCALE,0.01,3.0,NORMAL,0.0013858361127161304,0.0
1704100320.0,9995.8952779785,SCALE,0.01,3.0,NORMAL,0.0013950428602494394,0.0
1704100380.0,9995.8958668491,SCALE,0.01,3.0,NORMAL,0.0013949840311917152,0.0
1704100440.0,9995.2139546943,SCALE,0.01,3.0,NORMAL,0.0014631080800317396,0.0
1704100500.0,9994.8609267696,SCALE,0.01,3.0,NORMAL,0.0014983761001351001,0.0
1704100560.0,9994.8679932168,SCALE,0.01,3.0,NORMAL,0.0014976701514424085,0.0
1704100620.0,9994.6153677294,SCALE,0.01,3.0,NORMAL,0.0015229078172043196,0.0
1704100680.0,9994.8529770165,SCALE,0.01,3.0,NORMAL,0.0014991702924141966,0.0
1704100740.0,9994.7287253199,SCALE,0.01,3.0,NORMAL,0.0015115832235932988,0.0
1704100800.0,9994.2464402985,SCALE,0.01,3.0,NORMAL,0.0015597642218660548,0.0
1704100860.0,9994.0429855062,SCALE,0.01,3.0,NORMAL,0.0015800896613085312,0.0
1704100920.0,9994.2328962747,SCALE,0.01,3.0,NORMAL,0.0015611172901937138,0.0
1704100980.0,9993.6313649568,SCALE,0.01,3.0,NORMAL,0.0016212111726549153,0.0
1704101040.0,9993.0704657103,SCALE,0.01,3.0,NORMAL,0.0016772458501335028,0.0
1704101100.0,9992.9226591897,SCALE,0.01,3.0,NORMAL,0.001692011943621214,0.0
1704101160.0,9993.4552926474,SCALE,0.01,3.0,NORMAL,0.0016388010609132114,0.0
1704101220.0,9994.0718401656,SCALE,0.01,3.0,NORMAL,0.0015772070374802218,0.0
1704101280.0,9994.0435743768,SCALE,0.01,3.0,NORMAL,0.001580030832250807,0.0
1704101340.0,9994.8085172862,SCALE,0.01,3.0,NORMAL,0.0015036118862722001,0.0
1704101400.0,9994.5084877155,SCALE,0.01,3.0,NORMAL,0.0015335852911805546,0.0
1704101460.0,9993.6896631462,SCALE,0.01,3.0,NORMAL,0.0016153870959405721,0.0
1704101520.0,9993.2777481615,SCALE,0.01,3.0,NORMAL,0.0016565380218160001,0.0
1704101580.0,9992.8861492125,SCALE,0.01,3.0,NORMAL,0.0016956593451999393,0.0
1704101640.0,9992.7024215853,SCALE,0.01,3.0,NORMAL,0.0017140140112086517,0.0
1704101700.0,9992.717437785599,SCALE,0.01,3.0,NORMAL,0.0017125138702368634,0.0
1704101760.0,9992.4948446988,SCALE,0.01,3.0,NORMAL,0.0017347512540550165,0.0
1704101820.0,9992.4801229338,SCALE,0.01,3.0,NORMAL,0.0017362219804979426,0.0
1704101880.0,9991.9363009347,SCALE,0.01,3.0,NORMAL,0.001790550615302707,0.0
1704101940.0,9991.7608174959,SCALE,0.01,3.0,NORMAL,0.0018080816745032788,0.0
1704102000.0,9992.5325324172,SCALE,0.01,3.0,NORMAL,0.0017309861943608424,0.0
1704102060.0,9992.8658331768,SCALE,0.01,3.0,NORMAL,0.0016976889476912464,0.0
1704102120.0,9993.0993203697,SCALE,0.01,3.0,NORMAL,0.0016743632263051934,0.0
1704102180.0,9992.5713978768,SCALE,0.01,3.0,NORMAL,0.0017271034765514017,0.0
1704102240.0,9993.3066028209,SCALE,0.01,3.0,NORMAL,0.0016536553979876907,0.0
1704102300.0,9992.9836072968,SCALE,0.01,3.0,NORMAL,0.0016859231361472933,0.0
1704102360.0,9992.5719867474,SCALE,0.01,3.0,NORMAL,0.0017270446474936772,0.0
1704102420.0,9992.0411199015,SCALE,0.01,3.0,NORMAL,0.001780079043028507,0.0
1704102480.0,9993.1057979463,SCALE,0.01,3.0,NORMAL,0.001673716106670226,0.0
1704102540.0,9993.3837448695,SCALE,0.01,3.0,NORMAL,0.0016459487914263515,0.0
1704102600.0,9993.6095767446,SCALE,0.01,3.0,NORMAL,0.0016233878477905329,0.0
1704102660.0,9993.1749902418,SCALE,0.01,3.0,NORMAL,0.001666803692388165,0.0
1704102720.0,9993.4544093415,SCALE,0.01,3.0,NORMAL,0.001638889304499798,0.0
1704102780.0,9993.2073781248,SCALE,0.01,3.0,NORMAL,0.0016635680942135099,0.0
1704102840.0,9992.978896332,SCALE,0.01,3.0,NORMAL,0.001686393768608906,0.0
1704102900.0,9993.3540069042,SCALE,0.01,3.0,NORMAL,0.0016489196588412474,0.0
1704102960.0,9993.3987610698,SCALE,0.01,3.0,NORMAL,0.0016444486504543815,0.0
1704103020.0,9993.8192146782,SCALE,0.01,3.0,NORMAL,0.0016024447032421329,0.0
1704103080.0,9993.4064163876,SCALE,0.01,3.0,NORMAL,0.0016436838727041474,0.0
1704103140.0,9992.9924403558,SCALE,0.01,3.0,NORMAL,0.0016850407002814286,0.0
1704103200.0,9992.8784938947,SCALE,0.01,3.0,NORMAL,0.0016964241229503554,0.0
1704103260.0,9992.8066516815,SCALE,0.01,3.0,NORMAL,0.0017036012679921759,0.0
1704103320.0,9992.8469893176,SCALE,0.01,3.0,NORMAL,0.0016995714775382424,0.0
1704103380.0,9992.7860412105,SCALE,0.01,3.0,NORMAL,0.001705660285012345,0.0
1704103440.0,9993.1102144758,SCALE,0.01,3.0,NORMAL,0.0016732748887372938,0.0
1704103500.0,9992.1753823983,SCALE,0.01,3.0,NORMAL,0.0017666660178682731,0.0
1704103560.0,9991.739912589599,SCALE,0.01,3.0,NORMAL,0.0018101701060524917,0.0
1704103620.0,9992.0673246432,SCALE,0.01,3.0,NORMAL,0.001777461149959957,0.0
1704103680.0,9992.222197611,SCALE,0.01,3.0,NORMAL,0.0017619891077795542,0.0
1704103740.0,9992.8655387415,SCALE,0.01,3.0,NORMAL,0.0016977183622201085,0.0
1704103800.0,9992.8658331768,SCALE,0.01,3.0,NORMAL,0.0016976889476912464,0.0
1704103860.0,9992.7754415397,SCALE,0.01,3.0,NORMAL,0.0017067192080513825,0.0
1704103920.0,9992.7754415397,SCALE,0.01,3.0,NORMAL,0.0017067192080513825,0.0
1704103980.0,9992.3040506244,SCALE,0.01,3.0,NORMAL,0.0017538118687564204,0.0
1704104040.0,9992.5925972184,SCALE,0.01,3.0,NORMAL,0.0017249856304735083,0.0
1704104100.0,9992.7245042328,SCALE,0.01,3.0,NORMAL,0.0017118079215441718,0.0
1704104160.0,9993.1476077589,SCALE,0.01,3.0,NORMAL,0.0016695392435721636,0.0
1704104220.0,9993.0536828982,SCALE,0.01,3.0,NORMAL,0.001678922478278464,0.0
1704104280.0,9993.3481181982,SCALE,0.01,3.0,NORMAL,0.0016495079494183087,0.0
1704104340.0,9993.3831559989,SCALE,0.01,3.0,NORMAL,0.0016460076204840757,0.0
1704104400.0,9993.1081534287,SCALE,0.01,3.0,NORMAL,0.001673480790439329,0.0
1704104460.0,9992.5708090062,SCALE,0.01,3.0,NORMAL,0.0017271623056091259,0.0
1704104520.0,9992.3408550369,SCALE,0.01,3.0,NORMAL,0.0017501350526488329,0.0
1704104580.0,9992.8066516815,SCALE,0.01,3.0,NORMAL,0.0017036012679921759,0.0
1704104640.0,9992.0938238202,SCALE,0.01,3.0,NORMAL,0.0017748138423625448,0.0
1704104700.0,9991.7293129188,SCALE,0.01,3.0,NORMAL,0.0018112290290913475,0.0
1704104760.0,9991.9666277706,SCALE,0.01,3.0,NORMAL,0.0017875209188300868,0.0
1704104820.0,9991.9660389,SCALE,0.01,3.0,NORMAL,0.001787579747887811,0.0
1704104880.0,9992.6264572779,SCALE,0.01,3.0,NORMAL,0.0017216029596545423,0.0
1704104940.0,9992.4998500989,SCALE,0.01,3.0,NORMAL,0.0017342512070643598,0.0
1704105000.0,9992.4998500989,SCALE,0.01,3.0,NORMAL,0.0017342512070643598,0.0
1704105060.0,9992.5001445342,SCALE,0.01,3.0,NORMAL,0.0017342217925354977,0.0
1704105120.0,9992.5001445342,SCALE,0.01,3.0,NORMAL,0.0017342217925354977,0.0
1704105180.0,9991.9236402168,SCALE,0.01,3.0,NORMAL,0.001791815440043598,0.0
1704105240.0,9991.7328461424,SCALE,0.01,3.0,NORMAL,0.0018108760547450018,0.0
1704105300.0,9991.8529757448,SCALE,0.01,3.0,NORMAL,0.0017988749269701515,0.0
1704105360.0,9991.8532701801,SCALE,0.01,3.0,NORMAL,0.0017988455124412894,0.0
1704105420.0,9991.8176435088,SCALE,0.01,3.0,NORMAL,0.0018024046704332465,0.0
1704105480.0,9991.9589724528,SCALE,0.01,3.0,NORMAL,0.0017882856965805028,0.0
1704105540.0,9991.9863549357,SCALE,0.01,3.0,NORMAL,0.0017855501453965042,0.0
1704105600.0,9991.5111363615,SCALE,0.01,3.0,NORMAL,0.00183302519497675,0.0
1704105660.0,9991.5108419262,SCALE,0.01,3.0,NORMAL,0.0018330546095056122,0.0
1704105720.0,9991.4083784418,SCALE,0.01,3.0,NORMAL,0.0018432908655489151,0.0
1704105780.0,9991.4080840065,SCALE,0.01,3.0,NORMAL,0.0018433202800777772,0.0
1704105840.0,9991.1578140015,SCALE,0.01,3.0,NORMAL,0.001868322629608791,0.0
1704105900.0,9990.9196158438,SCALE,0.01,3.0,NORMAL,0.0018921189834566383,0.0
1704105960.0,9991.1360257893,SCALE,0.01,3.0,NORMAL,0.0018704993047445905,0.0
1704106020.0,9991.2735270744,SCALE,0.01,3.0,NORMAL,0.0018567627197668731,0.0
1704106080.0,9991.4077895712,SCALE,0.01,3.0,NORMAL,0.0018433496946066393,0.0
1704106140.0,9990.8106747828,SCALE,0.01,3.0,NORMAL,0.0019030023591349084,0.0
1704106200.0,9990.6278304615,SCALE,0.01,3.0,NORMAL,0.0019212687815570342,0.0
1704106260.0,9990.1420122165,SCALE,0.01,3.0,NORMAL,0.001969802754176318,0.0
1704106320.0,9990.058098156,SCALE,0.01,3.0,NORMAL,0.0019781858949014866,0.0
1704106380.0,9990.4988678001,SCALE,0.01,3.0,NORMAL,0.001934152345197931,0.0
1704106440.0,9990.9946968453,SCALE,0.01,3.0,NORMAL,0.0018846182785973342,0.0
1704106500.0,9991.6286160462,SCALE,0.01,3.0,NORMAL,0.0018212887979614774,0.0
1704106560.0,9991.4030786064,SCALE,0.01,3.0,NORMAL,0.0018438203270684339,0.0
1704106620.0,9991.4033730417,SCALE,0.01,3.0,NORMAL,0.0018437909125395716,0.0
1704106680.0,9991.6283216109,SCALE,0.01,3.0,NORMAL,0.0018213182124903397,0.0
1704106740.0,9991.7731837785,SCALE,0.01,3.0,NORMAL,0.00180684626429125,0.0
1704106800.0,9991.423100206799,SCALE,0.01,3.0,NORMAL,0.001841820139105989,0.0
1704106860.0,9990.402587457,SCALE,0.01,3.0,NORMAL,0.0019437708961351284,0.0
1704106920.0,9990.3010072785,SCALE,0.01,3.0,NORMAL,0.001953918908591845,0.0
1704106980.0,9990.2165043474,SCALE,0.01,3.0,NORMAL,0.0019623608783747378,0.0
1704107040.0,9989.9211857415,SCALE,0.01,3.0,NORMAL,0.0019918636508214796,0.0
1704107100.0,9990.1446621342,SCALE,0.01,3.0,NORMAL,0.0019695380234165585,0.0
1704107160.0,9989.6744489601,SCALE,0.01,3.0,NORMAL,0.0020165130260061475,0.0
1704107220.0,9990.0283601907,SCALE,0.01,3.0,NORMAL,0.0019811567623163823,0.0
1704107280.0,9989.8045893627,SCALE,0.01,3.0,NORMAL,0.0020035118042499842,0.0
1704107340.0,9990.0298323672,SCALE,0.01,3.0,NORMAL,0.0019810096896720718,0.0
1704107400.0,9990.0295379319,SCALE,0.01,3.0,NORMAL,0.001981039104200934,0.0
1704107460.0,9990.1920662175,SCALE,0.01,3.0,NORMAL,0.001964802284270115,0.0
1704107520.0,9990.7685705349,SCALE,0.01,3.0,NORMAL,0.001907208636762015,0.0
1704107580.0,9990.9234435027,SCALE,0.01,3.0,NORMAL,0.001891736594581612,0.0
1704107640.0,9991.6536430467,SCALE,0.01,3.0,NORMAL,0.001818788563008376,0.0
1704107700.0,9991.5341023149,SCALE,0.01,3.0,NORMAL,0.001830730861725684,0.0
1704107760.0,9991.6286160462,SCALE,0.01,3.0,NORMAL,0.0018212887979614774,0.0
1704107820.0,9991.1133542712,SCALE,0.01,3.0,NORMAL,0.0018727642234667946,0.0
1704107880.0,9991.438999713,SCALE,0.01,3.0,NORMAL,0.0018402317545474327,0.0
1704107940.0,9991.6880919768,SCALE,0.01,3.0,NORMAL,0.0018153470631318675,0.0
1704108000.0,9992.3187723894,SCALE,0.01,3.0,NORMAL,0.0017523411423133128,0.0
1704108060.0,9992.6096744658,SCALE,0.01,3.0,NORMAL,0.0017232795877995034,0.0
1704108120.0,9992.7860412105,SCALE,0.01,3.0,NORMAL,0.001705660285012345,0.0
1704108180.0,9992.6888775615,SCALE,0.01,3.0,NORMAL,0.001715367079536129,0.0
1704108240.0,9992.5375378173,SCALE,0.01,3.0,NORMAL,0.0017304861473703677,0.0
1704108300.0,9992.1315115386,SCALE,0.01,3.0,NORMAL,0.0017710487826683708,0.0
1704108360.0,9991.7734782138,SCALE,0.01,3.0,NORMAL,0.001806816849762388,0.0
1704108420.0,9991.660120623299,SCALE,0.01,3.0,NORMAL,0.0018181414433735903,0.0
1704108480.0,9991.7319628365,SCALE,0.01,3.0,NORMAL,0.0018109642983315881,0.0
1704108540.0,9992.0676190785,SCALE,0.01,3.0,NORMAL,0.0017774317354310948,0.0
1704108600.0,9992.1883375515,SCALE,0.01,3.0,NORMAL,0.0017653717785983385,0.0
1704108660.0,9992.4969057459,SCALE,0.01,3.0,NORMAL,0.0017345453523529815,0.0
1704108720.0,9993.7126290996,SCALE,0.01,3.0,NORMAL,0.001613092762689506,0.0
1704108780.0,9993.385217046,SCALE,0.01,3.0,NORMAL,0.0016458017187820407,0.0
1704108840.0,9993.2612597847,SCALE,0.01,3.0,NORMAL,0.0016581852354320991,0.0
1704108900.0,9992.8885046949,SCALE,0.01,3.0,NORMAL,0.001695424028969042,0.0
1704108960.0,9992.875843976999,SCALE,0.01,3.0,NORMAL,0.0016966888537101148,0.0
1704109020.0,9993.6310705215,SCALE,0.01,3.0,NORMAL,0.0016212405871837774,0.0
1704109080.0,9993.5721834615,SCALE,0.01,3.0,NORMAL,0.0016271234929558448,0.0
1704109140.0,9993.296886456,SCALE,0.01,3.0,NORMAL,0.00165462607743996,0.0
1704109200.0,9993.6934908051,SCALE,0.01,3.0,NORMAL,0.0016150047070653641,0.0
1704109260.0,9994.0429855062,SCALE,0.01,3.0,NORMAL,0.0015800896613085312,0.0
1704109320.0,9994.2646952871,SCALE,0.01,3.0,NORMAL,0.001557940521076783,0.0
1704109380.0,9994.3020885702,SCALE,0.01,3.0,NORMAL,0.001554204875911471,0.0
1704109440.0,9994.2255353922,SCALE,0.01,3.0,NORMAL,0.0015618526534152677,0.0
1704109500.0,9993.7046793465,SCALE,0.01,3.0,NORMAL,0.001613886954968784,0.0
1704109560.0,9993.579544344,SCALE,0.01,3.0,NORMAL,0.001626388129734291,0.0
1704109620.0,9993.579544344,SCALE,0.01,3.0,NORMAL,0.001626388129734291,0.0
1704109680.0,9993.7491390768,SCALE,0.01,3.0,NORMAL,0.0016094453611109622,0.0
1704109740.0,9994.171359296999,SCALE,0.01,3.0,NORMAL,0.0015672649267255406,0.0
1704109800.0,9993.1534964649,SCALE,0.01,3.0,NORMAL,0.0016689509529949206,0.0
1704109860.0,9992.752181151,SCALE,0.01,3.0,NORMAL,0.001709042955831311,0.0
1704109920.0,9993.2209221486,SCALE,0.01,3.0,NORMAL,0.0016622150258860323,0.0
1704109980.0,9993.2206277133,SCALE,0.01,3.0,NORMAL,0.0016622444404148947,0.0
1704110040.0,9993.0704657103,SCALE,0.01,3.0,NORMAL,0.0016772458501335028,0.0
1704110100.0,9992.1000069615,SCALE,0.01,3.0,NORMAL,0.0017741961372564395,0.0
1704110160.0,9991.5114307968,SCALE,0.01,3.0,NORMAL,0.001832995780447888,0.0
1704110220.0,9991.5114307968,SCALE,0.01,3.0,NORMAL,0.001832995780447888,0.0
1704110280.0,9991.7419736367,SCALE,0.01,3.0,NORMAL,0.0018099642043504568,0.0
1704110340.0,9991.7996829555,SCALE,0.01,3.0,NORMAL,0.001804198956693838,0.0
1704110400.0,9991.2390781443,SCALE,0.01,3.0,NORMAL,0.0018602042196435634,0.0
1704110460.0,9990.3902211744,SCALE,0.01,3.0,NORMAL,0.0019450063063471573,0.0
1704110520.0,9991.2402558855,SCALE,0.01,3.0,NORMAL,0.0018600865615281147,0.0
1704110580.0,9991.630382658,SCALE,0.01,3.0,NORMAL,0.0018211123107883045,0.0
1704110640.0,9991.703991483,SCALE,0.01,3.0,NORMAL,0.0018137586785733112,0.0
1704110700.0,9991.7042859183,SCALE,0.01,3.0,NORMAL,0.0018137292640444489,0.0
1704110760.0,9992.3941478262,SCALE,0.01,3.0,NORMAL,0.0017448110229251463,0.0
1704110820.0,9992.9473917549,SCALE,0.01,3.0,NORMAL,0.0016895411231969747,0.0
1704110880.0,9993.6902520168,SCALE,0.01,3.0,NORMAL,0.001615328266882848,0.0
1704110940.0,9992.9859627792,SCALE,0.01,3.0,NORMAL,0.001685687819916396,0.0
1704111000.0,9992.8837937301,SCALE,0.01,3.0,NORMAL,0.0016958946614308366,0.0
1704111060.0,9993.1917730539,SCALE,0.01,3.0,NORMAL,0.0016651270642430223,0.0
1704111120.0,9993.70320717,SCALE,0.01,3.0,NORMAL,0.0016140340276130948,0.0
1704111180.0,9993.6125210976,SCALE,0.01,3.0,NORMAL,0.0016230937025019114,0.0
1704111240.0,9993.6743525106,SCALE,0.01,3.0,NORMAL,0.0016169166514414042,0.0
1704111300.0,9993.5571672612,SCALE,0.01,3.0,NORMAL,0.0016286236339276329,0.0
1704111360.0,9993.5574616965,SCALE,0.01,3.0,NORMAL,0.0016285942193987708,0.0
1704111420.0,9993.4938636717,SCALE,0.01,3.0,NORMAL,0.0016349477576326327,0.0
1704111480.0,9993.0189395328,SCALE,0.01,3.0,NORMAL,0.0016823933926840165,0.0
1704111540.0,9992.5228160523,SCALE,0.01,3.0,NORMAL,0.0017319568738132936,0.0
1704111600.0,9992.5216383111,SCALE,0.01,3.0,NORMAL,0.0017320745319287423,0.0
1704111660.0,9991.7840778846,SCALE,0.01,3.0,NORMAL,0.0018057579267233503,0.0
1704111720.0,9991.3936566768,SCALE,0.01,3.0,NORMAL,0.001844761591991841,0.0
1704111780.0,9991.5111363615,SCALE,0.01,3.0,NORMAL,0.00183302519497675,0.0
1704111840.0,9991.978110747299,SCALE,0.01,3.0,NORMAL,0.0017863737522046444,0.0
1704111900.0,9991.977521876699,SCALE,0.01,3.0,NORMAL,0.0017864325812623689,0.0
1704111960.0,9991.977521876699,SCALE,0.01,3.0,NORMAL,0.0017864325812623689,0.0
1704112020.0,9992.1000069615,SCALE,0.01,3.0,NORMAL,0.0017741961372564395,0.0
1704112080.0,9991.977816311999,SCALE,0.01,3.0,NORMAL,0.0017864031667335066,0.0
1704112140.0,9991.977816311999,SCALE,0.01,3.0,NORMAL,0.0017864031667335066,0.0
1704112200.0,9991.5482352093,SCALE,0.01,3.0,NORMAL,0.0018293189643403005,0.0
1704112260.0,9991.8055716615,SCALE,0.01,3.0,NORMAL,0.0018036106661165948,0.0
1704112320.0,9992.0673246432,SCALE,0.01,3.0,NORMAL,0.001777461149959957,0.0
1704112380.0,9992.1812711043,SCALE,0.01,3.0,NORMAL,0.0017660777272910301,0.0
1704112440.0,9991.6836754473,SCALE,0.01,3.0,NORMAL,0.001815788281064618,0.0
1704112500.0,9991.2167010615,SCALE,0.01,3.0,NORMAL,0.0018624397238369054,0.0
1704112560.0,9990.5394998715,SCALE,0.01,3.0,NORMAL,0.0019300931402151354,0.0
1704112620.0,9990.323089926,SCALE,0.01,3.0,NORMAL,0.001951712818927365,0.0
1704112680.0,9990.0392542968,SCALE,0.01,3.0,NORMAL,0.0019800684247484827,0.0
1704112740.0,9989.2216074687,SCALE,0.01,3.0,NORMAL,0.0020617525713930514,0.0
1704112800.0,9989.5946569938,SCALE,0.01,3.0,NORMAL,0.0020244843633272463,0.0
1704112860.0,9989.4945489918,SCALE,0.01,3.0,NORMAL,0.0020344853031398335,0.0
1704112920.0,9989.6302836651,SCALE,0.01,3.0,NORMAL,0.002020925205335289,0.0
1704112980.0,9989.7777957504,SCALE,0.01,3.0,NORMAL,0.0020061885263762584,0.0
1704113040.0,9989.8693651287,SCALE,0.01,3.0,NORMAL,0.0019970406079008554,0.0
1704113100.0,9990.3333951615,SCALE,0.01,3.0,NORMAL,0.0019506833104171895,0.0
1704113160.0,9990.6855397803,SCALE,0.01,3.0,NORMAL,0.0019155035339005972,0.0
1704113220.0,9990.8642620074,SCALE,0.01,3.0,NORMAL,0.0018976489148823598,0.0
1704113280.0,9990.8262798537,SCALE,0.01,3.0,NORMAL,0.0019014433891053962,0.0
1704113340.0,9991.1195374125,SCALE,0.01,3.0,NORMAL,0.0018721465183606893,0.0
1704113400.0,9991.1957961552,SCALE,0.01,3.0,NORMAL,0.0018645281553859366,0.0
1704113460.0,9991.157519566199,SCALE,0.01,3.0,NORMAL,0.0018683520441378349,0.0
1704113520.0,9990.6278304615,SCALE,0.01,3.0,NORMAL,0.0019212687815570342,0.0
1704113580.0,9991.3062093927,SCALE,0.01,3.0,NORMAL,0.0018534977070633557,0.0
1704113640.0,9991.9825272768,SCALE,0.01,3.0,NORMAL,0.0017859325342717122,0.0
1704113700.0,9992.3661764727,SCALE,0.01,3.0,NORMAL,0.0017476054031668694,0.0
1704113760.0,9992.2501689645,SCALE,0.01,3.0,NORMAL,0.0017591947275378311,0.0
1704113820.0,9992.6323459839,SCALE,0.01,3.0,NORMAL,0.001721014669077299,0.0
1704113880.0,9992.663261690399,SCALE,0.01,3.0,NORMAL,0.0017179261435471365,0.0
1704113940.0,9993.0310113801,SCALE,0.01,3.0,NORMAL,0.001681187397000668,0.0
1704114000.0,9992.5711034415,SCALE,0.01,3.0,NORMAL,0.0017271328910802638,0.0
1704114060.0,9992.8472837529,SCALE,0.01,3.0,NORMAL,0.0016995420630093803,0.0
1704114120.0,9993.5395011432,SCALE,0.01,3.0,NORMAL,0.0016303885056593622,0.0
1704114180.0,9993.2659707495,SCALE,0.01,3.0,NORMAL,0.0016577146029703046,0.0
1704114240.0,9992.7477646215,SCALE,0.01,3.0,NORMAL,0.0017094841737642433,0.0
1704114300.0,9992.8514058471,SCALE,0.01,3.0,NORMAL,0.001699130259605492,0.0
1704114360.0,9992.3508658371,SCALE,0.01,3.0,NORMAL,0.0017491349586677013,0.0
1704114420.0,9992.6214518778,SCALE,0.01,3.0,NORMAL,0.001722103006645199,0.0
1704114480.0,9992.4209414385,SCALE,0.01,3.0,NORMAL,0.0017421343007988721,0.0
1704114540.0,9991.9236402168,SCALE,0.01,3.0,NORMAL,0.001791815440043598,0.0
1704114600.0,9991.5111363615,SCALE,0.01,3.0,NORMAL,0.00183302519497675,0.0
1704114660.0,9991.5703178568,SCALE,0.01,3.0,NORMAL,0.0018271128746758206,0.0
1704114720.0,9991.6448099877,SCALE,0.01,3.0,NORMAL,0.0018196709988742407,0.0
1704114780.0,9991.5114307968,SCALE,0.01,3.0,NORMAL,0.001832995780447888,0.0
1704114840.0,9991.5087808791,SCALE,0.01,3.0,NORMAL,0.0018332605112076474,0.0
1704114900.0,9990.9225601968,SCALE,0.01,3.0,NORMAL,0.0018918248381681985,0.0
1704114960.0,9991.1230706361,SCALE,0.01,3.0,NORMAL,0.0018717935440143436,0.0
1704115020.0,9991.4166226302,SCALE,0.01,3.0,NORMAL,0.0018424672587407747,0.0
1704115080.0,9991.4166226302,SCALE,0.01,3.0,NORMAL,0.0018424672587407747,0.0
1704115140.0,9991.3009095573,SCALE,0.01,3.0,NORMAL,0.0018540271685828745,0.0
1704115200.0,9991.1213040243,SCALE,0.01,3.0,NORMAL,0.0018719700311875165,0.0
1704115260.0,9990.6281248968,SCALE,0.01,3.0,NORMAL,0.0019212393670281721,0.0
1704115320.0,9990.7894754412,SCALE,0.01,3.0,NORMAL,0.0019051202052129837,0.0
1704115380.0,9991.0783164705,SCALE,0.01,3.0,NORMAL,0.0018762645524010276,0.0
1704115440.0,9990.920204714399,SCALE,0.01,3.0,NORMAL,0.0018920601543990958,0.0
1704115500.0,9990.9714364566,SCALE,0.01,3.0,NORMAL,0.0018869420263772627,0.0
1704115560.0,9991.5111363615,SCALE,0.01,3.0,NORMAL,0.00183302519497675,0.0
1704115620.0,9990.7040892042,SCALE,0.01,3.0,NORMAL,0.0019136504185822815,0.0
1704115680.0,9990.7037947689,SCALE,0.01,3.0,NORMAL,0.0019136798331111436,0.0
1704115740.0,9991.0026465984,SCALE,0.01,3.0,NORMAL,0.0018838240863182378,0.0
1704115800.0,9991.5111363615,SCALE,0.01,3.0,NORMAL,0.00183302519497675,0.0
1704115860.0,9992.3944422615,SCALE,0.01,3.0,NORMAL,0.0017447816083962842,0.0
1704115920.0,9991.7525733075,SCALE,0.01,3.0,NORMAL,0.0018089052813114192,0.0
1704115980.0,9991.4837538786,SCALE,0.01,3.0,NORMAL,0.0018357607461607487,0.0
1704116040.0,9991.4799262197,SCALE,0.01,3.0,NORMAL,0.0018361431350359567,0.0
1704116100.0,9991.4796317844,SCALE,0.01,3.0,NORMAL,0.0018361725495648188,0.0
1704116160.0,9991.6318548345,SCALE,0.01,3.0,NORMAL,0.0018209652381439938,0.0
1704116220.0,9991.2016848612,SCALE,0.01,3.0,NORMAL,0.0018639398648086936,0.0
1704116280.0,9991.2016848612,SCALE,0.01,3.0,NORMAL,0.0018639398648086936,0.0
1704116340.0,9991.256449827,SCALE,0.01,3.0,NORMAL,0.0018584687624406964,0.0
1704116400.0,9991.0108907868,SCALE,0.01,3.0,NORMAL,0.0018830004795100973,0.0
1704116460.0,9991.012068528,SCALE,0.01,3.0,NORMAL,0.001882882821394649,0.0
1704116520.0,9991.0332678696,SCALE,0.01,3.0,NORMAL,0.0018807649753167554,0.0
1704116580.0,9990.7458990168,SCALE,0.01,3.0,NORMAL,0.001909473555484219,0.0
1704116640.0,9990.3110180787,SCALE,0.01,3.0,NORMAL,0.0019529188146105315,0.0
1704116700.0,9990.172927923,SCALE,0.01,3.0,NORMAL,0.0019667142286459733,0.0
1704116760.0,9990.6864230862,SCALE,0.01,3.0,NORMAL,0.0019154152903140106,0.0
1704116820.0,9990.6867175215,SCALE,0.01,3.0,NORMAL,0.0019153858757851485,0.0
1704116880.0,9991.0718388939,SCALE,0.01,3.0,NORMAL,0.001876911672035995,0.0
1704116940.0,9991.0568226936,SCALE,0.01,3.0,NORMAL,0.0018784118130079647,0.0
1704117000.0,9990.9081328671,SCALE,0.01,3.0,NORMAL,0.0018932661500822624,0.0
1704117060.0,9990.9125493966,SCALE,0.01,3.0,NORMAL,0.0018928249321493301,0.0
1704117120.0,9990.8218633242,SCALE,0.01,3.0,NORMAL,0.0019018846070383284,0.0
1704117180.0,9991.3695129822,SCALE,0.01,3.0,NORMAL,0.001847173583358356,0.0
1704117240.0,9990.8754505488,SCALE,0.01,3.0,NORMAL,0.0018965311627857798,0.0
1704117300.0,9990.629302638,SCALE,0.01,3.0,NORMAL,0.0019211217089127235,0.0
1704117360.0,9990.629597073299,SCALE,0.01,3.0,NORMAL,0.001921092294384043,0.0
1704117420.0,9990.3336895968,SCALE,0.01,3.0,NORMAL,0.0019506538958883274,0.0
1704117480.0,9990.5736543663,SCALE,0.01,3.0,NORMAL,0.0019266810548673073,0.0
1704117540.0,9991.0535839053,SCALE,0.01,3.0,NORMAL,0.0018787353728254485,0.0
1704117600.0,9991.8211767324,SCALE,0.01,3.0,NORMAL,0.0018020516960870823,0.0
1704117660.0,9992.9238369309,SCALE,0.01,3.0,NORMAL,0.0016918942855057653,0.0
1704117720.0,9993.1596796062,SCALE,0.01,3.0,NORMAL,0.0016683332478888153,0.0
1704117780.0,9992.9830184262,SCALE,0.01,3.0,NORMAL,0.0016859819652050175,0.0
1704117840.0,9993.3525347277,SCALE,0.01,3.0,NORMAL,0.0016490667314855581,0.0
1704117900.0,9993.8077317015,SCALE,0.01,3.0,NORMAL,0.001603591869867757,0.0
1704117960.0,9993.0421999215,SCALE,0.01,3.0,NORMAL,0.001680069644904088,0.0
1704118020.0,9992.4562736745,SCALE,0.01,3.0,NORMAL,0.001738604557335777,0.0
1704118080.0,9992.3947366968,SCALE,0.01,3.0,NORMAL,0.0017447521938674221,0.0
1704118140.0,9992.1509442684,SCALE,0.01,3.0,NORMAL,0.0017691074237636503,0.0
1704118200.0,9992.453329321499,SCALE,0.01,3.0,NORMAL,0.0017388987026243986,0.0
1704118260.0,9992.4801229338,SCALE,0.01,3.0,NORMAL,0.0017362219804979426,0.0
1704118320.0,9992.6885831262,SCALE,0.01,3.0,NORMAL,0.001715396494064991,0.0
1704118380.0,9992.7512978451,SCALE,0.01,3.0,NORMAL,0.0017091311994178974,0.0
1704118440.0,9993.0719378868,SCALE,0.01,3.0,NORMAL,0.001677098777489192,0.0
1704118500.0,9992.770730574899,SCALE,0.01,3.0,NORMAL,0.0017071898405131769,0.0
1704118560.0,9992.8658331768,SCALE,0.01,3.0,NORMAL,0.0016976889476912464,0.0
1704118620.0,9992.6482454901,SCALE,0.01,3.0,NORMAL,0.0017194262845189245,0.0
1704118680.0,9992.6208630072,SCALE,0.01,3.0,NORMAL,0.0017221618357029231,0.0
1704118740.0,9992.6211574425,SCALE,0.01,3.0,NORMAL,0.001722132421174061,0.0
1704118800.0,9992.6885831262,SCALE,0.01,3.0,NORMAL,0.001715396494064991,0.0
1704118860.0,9993.2653818789,SCALE,0.01,3.0,NORMAL,0.0016577734320280288,0.0
1704118920.0,9993.2450658432,SCALE,0.01,3.0,NORMAL,0.0016598030345193358,0.0
1704118980.0,9994.6736659188,SCALE,0.01,3.0,NORMAL,0.0015170837404899764,0.0
1704119040.0,9993.9846873168,SCALE,0.01,3.0,NORMAL,0.0015859137380226926,0.0
1704119100.0,9993.8345253138,SCALE,0.01,3.0,NORMAL,0.0016009151477414825,0.0
1704119160.0,9993.6970240287,SCALE,0.01,3.0,NORMAL,0.0016146517327192001,0.0
1704119220.0,9994.8476771811,SCALE,0.01,3.0,NORMAL,0.0014996997539337153,0.0
1704119280.0,9994.7499246615,SCALE,0.01,3.0,NORMAL,0.0015094653775152237,0.0
1704119340.0,9993.8345253138,SCALE,0.01,3.0,NORMAL,0.0016009151477414825,0.0
1704119400.0,9993.3678453633,SCALE,0.01,3.0,NORMAL,0.001647537175984726,0.0
1704119460.0,9992.864066565,SCALE,0.01,3.0,NORMAL,0.0016978654348644192,0.0
1704119520.0,9992.6959440087,SCALE,0.01,3.0,NORMAL,0.001714661130843619,0.0
1704119580.0,9992.7468813156,SCALE,0.01,3.0,NORMAL,0.0017095724173508298,0.0
1704119640.0,9992.7486479274,SCALE,0.01,3.0,NORMAL,0.0017093959301776567,0.0
1704119700.0,9992.6564896785,SCALE,0.01,3.0,NORMAL,0.0017186026777107843,0.0
1704119760.0,9992.7739693632,SCALE,0.01,3.0,NORMAL,0.0017068662806956933,0.0
1704119820.0,9992.8054739403,SCALE,0.01,3.0,NORMAL,0.0017037189261076245,0.0
1704119880.0,9993.4231991997,SCALE,0.01,3.0,NORMAL,0.0016420072445590046,0.0
1704119940.0,9993.9187338096,SCALE,0.01,3.0,NORMAL,0.0015925025924874517,0.0
1704120000.0,9993.5185962369,SCALE,0.01,3.0,NORMAL,0.0016324769372083935,0.0
1704120060.0,9993.1499632413,SCALE,0.01,3.0,NORMAL,0.0016693039273412665,0.0
1704120120.0,9992.849639235299,SCALE,0.01,3.0,NORMAL,0.0016993067467786648,0.0
1704120180.0,9993.0843041694,SCALE,0.01,3.0,NORMAL,0.0016758633672769817,0.0
1704120240.0,9993.0845986047,SCALE,0.01,3.0,NORMAL,0.0016758339527481196,0.0
1704120300.0,9992.9756575437,SCALE,0.01,3.0,NORMAL,0.0016867173284263897,0.0
1704120360.0,9993.1976617599,SCALE,0.01,3.0,NORMAL,0.0016645387736659609,0.0
1704120420.0,9994.4228070432,SCALE,0.01,3.0,NORMAL,0.0015421449190788964,0.0
1704120480.0,9994.3374208062,SCALE,0.01,3.0,NORMAL,0.0015506751324483759,0.0
1704120540.0,9994.4231014785,SCALE,0.01,3.0,NORMAL,0.0015421155045500343,0.0
1704120600.0,9993.8604356202,SCALE,0.01,3.0,NORMAL,0.0015983266692017948,0.0
1704120660.0,9994.2632231106,SCALE,0.01,3.0,NORMAL,0.0015580875937210937,0.0
1704120720.0,9994.041807765,SCALE,0.01,3.0,NORMAL,0.0015802073194239798,0.0
1704120780.0,9993.7662163242,SCALE,0.01,3.0,NORMAL,0.0016077393184369573,0.0
1704120840.0,9993.7129235349,SCALE,0.01,3.0,NORMAL,0.0016130633481606436,0.0
1704120900.0,9994.1607596262,SCALE,0.01,3.0,NORMAL,0.0015683238497643964,0.0
1704120960.0,9994.3070939703,SCALE,0.01,3.0,NORMAL,0.001553704828920996,0.0
1704121020.0,9994.1151221547,SCALE,0.01,3.0,NORMAL,0.0015728831017376669,0.0
1704121080.0,9994.0951005543,SCALE,0.01,3.0,NORMAL,0.0015748832897002933,0.0
1704121140.0,9994.0951005543,SCALE,0.01,3.0,NORMAL,0.0015748832897002933,0.0
1704121200.0,9994.0229639058,SCALE,0.01,3.0,NORMAL,0.0015820898492709759,0.0
1704121260.0,9993.9855706227,SCALE,0.01,3.0,NORMAL,0.0015858254944361061,0.0
1704121320.0,9994.6103623293,SCALE,0.01,3.0,NORMAL,0.001523407864194976,0.0
1704121380.0,9994.5464698692,SCALE,0.01,3.0,NORMAL,0.0015297908169577001,0.0
1704121440.0,9994.548236481,SCALE,0.01,3.0,NORMAL,0.0015296143297845273,0.0
1704121500.0,9994.4554893615,SCALE,0.01,3.0,NORMAL,0.001538879906375379,0.0
1704121560.0,9994.3939523838,SCALE,0.01,3.0,NORMAL,0.0015450275429072058,0.0
1704121620.0,9993.5721834615,SCALE,0.01,3.0,NORMAL,0.0016271234929558448,0.0
1704121680.0,9993.3598956102,SCALE,0.01,3.0,NORMAL,0.0016483313682640042,0.0
1704121740.0,9993.1744013712,SCALE,0.01,3.0,NORMAL,0.0016668625214458894,0.0
1704121800.0,9993.5733612027,SCALE,0.01,3.0,NORMAL,0.0016270058348403962,0.0
1704121860.0,9993.1814678184,SCALE,0.01,3.0,NORMAL,0.0016661565727531978,0.0
1704121920.0,9993.1811733831,SCALE,0.01,3.0,NORMAL,0.0016661859872820599,0.0
1704121980.0,9993.0421999215,SCALE,0.01,3.0,NORMAL,0.001680069644904088,0.0
1704122040.0,9992.9836072968,SCALE,0.01,3.0,NORMAL,0.0016859231361472933,0.0
1704122100.0,9993.264498573,SCALE,0.01,3.0,NORMAL,0.0016578616756146153,0.0
1704122160.0,9993.0689935338,SCALE,0.01,3.0,NORMAL,0.0016773929227778136,0.0
1704122220.0,9992.954458202099,SCALE,0.01,3.0,NORMAL,0.0016888351745044648,0.0
1704122280.0,9993.0616326513,SCALE,0.01,3.0,NORMAL,0.0016781282859991858,0.0
1704122340.0,9993.1387746999,SCALE,0.01,3.0,NORMAL,0.0016704216794378465,0.0
1704122400.0,9992.5746366651,SCALE,0.01,3.0,NORMAL,0.0017267799167339178,0.0
1704122460.0,9991.7675895078,SCALE,0.01,3.0,NORMAL,0.001807405140339631,0.0
1704122520.0,9991.5111363615,SCALE,0.01,3.0,NORMAL,0.00183302519497675,0.0
1704122580.0,9991.221117591,SCALE,0.01,3.0,NORMAL,0.0018619985059039731,0.0
1704122640.0,9990.9858637863,SCALE,0.01,3.0,NORMAL,0.001885500714463199,0.0
1704122700.0,9990.7703371467,SCALE,0.01,3.0,NORMAL,0.0019070321495888419,0.0
1704122760.0,9991.7460957309,SCALE,0.01,3.0,NORMAL,0.0018095524009463866,0.0
1704122820.0,9992.1521220096,SCALE,0.01,3.0,NORMAL,0.0017689897656482016,0.0
1704122880.0,9992.0057876655,SCALE,0.01,3.0,NORMAL,0.0017836087864917837,0.0
1704122940.0,9992.0057876655,SCALE,0.01,3.0,NORMAL,0.0017836087864917837,0.0
1704123000.0,9992.0054932302,SCALE,0.01,3.0,NORMAL,0.0017836382010206458,0.0
1704123060.0,9991.7466846015,SCALE,0.01,3.0,NORMAL,0.0018094935718886622,0.0
1704123120.0,9991.2758825568,SCALE,0.01,3.0,NORMAL,0.0018565274035359759,0.0
1704123180.0,9993.3068972562,SCALE,0.01,3.0,NORMAL,0.0016536259834588286,0.0
1704123240.0,9993.6310705215,SCALE,0.01,3.0,NORMAL,0.0016212405871837774,0.0
1704123300.0,9994.333298712,SCALE,0.01,3.0,NORMAL,0.001551086935852446,0.0
1704123360.0,9993.6204708507,SCALE,0.01,3.0,NORMAL,0.001622299510222815,0.0
1704123420.0,9992.8867380831,SCALE,0.01,3.0,NORMAL,0.0016956005161422151,0.0
1704123480.0,9992.3617599432,SCALE,0.01,3.0,NORMAL,0.0017480466210998016,0.0
1704123540.0,9992.8720163181,SCALE,0.01,3.0,NORMAL,0.001697071242585141,0.0
1704123600.0,9993.2774537262,SCALE,0.01,3.0,NORMAL,0.0016565674363448622,0.0
1704123660.0,9992.5543206294,SCALE,0.01,3.0,NORMAL,0.0017288095192252249,0.0
1704123720.0,9991.9524948762,SCALE,0.01,3.0,NORMAL,0.0017889328162154702,0.0
1704123780.0,9990.6151697436,SCALE,0.01,3.0,NORMAL,0.001922533606298107,0.0
1704123840.0,9987.2135587227,SCALE,0.01,3.0,NORMAL,0.0022623596582191327,0.0
1704123900.0,9988.7646438831,SCALE,0.01,3.0,NORMAL,0.0021074039201840256,0.0
1704123960.0,9987.9711407496,SCALE,0.01,3.0,NORMAL,0.0021866760754620795,0.0
1704124020.0,9988.2985528032,SCALE,0.01,3.0,NORMAL,0.0021539671193695448,0.0
1704124080.0,9989.5681578168,SCALE,0.01,3.0,NORMAL,0.0020271316709246584,0.0
1704124140.0,9989.5675689462,SCALE,0.01,3.0,NORMAL,0.0020271904999823826,0.0
1704124200.0,9989.3906133309,SCALE,0.01,3.0,NORMAL,0.002044868631827447,0.0
1704124260.0,9989.4503836968,SCALE,0.01,3.0,NORMAL,0.0020388974824687932,0.0
1704124320.0,9989.122971643199,SCALE,0.01,3.0,NORMAL,0.002071606438561328,0.0
1704124380.0,9989.0844006189,SCALE,0.01,3.0,NORMAL,0.002075459741841907,0.0
1704124440.0,9988.9430716749,SCALE,0.01,3.0,NORMAL,0.0020895787156948323,0.0
1704124500.0,9988.7437389768,SCALE,0.01,3.0,NORMAL,0.002109492351733057,0.0
1704124560.0,9988.5664889262,SCALE,0.01,3.0,NORMAL,0.002127199898106802,0.0
1704124620.0,9989.0196248529,SCALE,0.01,3.0,NORMAL,0.0020819309381912175,0.0
1704124680.0,9989.4303620964,SCALE,0.01,3.0,NORMAL,0.002040897670431238,0.0
1704124740.0,9989.065851195,SCALE,0.01,3.0,NORMAL,0.002077312857160041,0.0
1704124800.0,9988.3965997581,SCALE,0.01,3.0,NORMAL,0.0021441720812591745,0.0
1704124860.0,9989.2507565634,SCALE,0.01,3.0,NORMAL,0.00205884053303588,0.0
1704124920.0,9989.2486955163,SCALE,0.01,3.0,NORMAL,0.002059046434737915,0.0
1704124980.0,9989.4023907429,SCALE,0.01,3.0,NORMAL,0.002043692050672961,0.0
1704125040.0,9989.6267504415,SCALE,0.01,3.0,NORMAL,0.002021278179681635,0.0
1704125100.0,9988.6127152683,SCALE,0.01,3.0,NORMAL,0.002122581817075807,0.0
1704125160.0,9989.027574606,SCALE,0.01,3.0,NORMAL,0.0020811367459119393,0.0
1704125220.0,9988.4448871473,SCALE,0.01,3.0,NORMAL,0.0021393480985261444,0.0
1704125280.0,9987.6569782845,SCALE,0.01,3.0,NORMAL,0.0022180613777558174,0.0
1704125340.0,9987.8012515815,SCALE,0.01,3.0,NORMAL,0.0022036482586142705,0.0
1704125400.0,9988.1545739415,SCALE,0.01,3.0,NORMAL,0.0021683508239822295,0.0
1704125460.0,9987.9249144075,SCALE,0.01,3.0,NORMAL,0.0021912941564930745,0.0
1704125520.0,9987.846889053,SCALE,0.01,3.0,NORMAL,0.0021990890066410002,0.0
1704125580.0,9987.8539555002,SCALE,0.01,3.0,NORMAL,0.0021983830579483084,0.0
1704125640.0,9987.3966974793,SCALE,0.01,3.0,NORMAL,0.0022440638212681448,0.0
1704125700.0,9987.0142260246,SCALE,0.01,3.0,NORMAL,0.002282273294257539,0.0
1704125760.0,9987.0360142368,SCALE,0.01,3.0,NORMAL,0.0022800966191217397,0.0
1704125820.0,9987.5356709409,SCALE,0.01,3.0,NORMAL,0.0022301801636461166,0.0
1704125880.0,9987.8639663004,SCALE,0.01,3.0,NORMAL,0.002197382963967177,0.0
1704125940.0,9989.1117831018,SCALE,0.01,3.0,NORMAL,0.002072724190657908,0.0
1704126000.0,9989.9341408947,SCALE,0.01,3.0,NORMAL,0.0019905694115515448,0.0
1704126060.0,9990.708505733699,SCALE,0.01,3.0,NORMAL,0.001913209200649531,0.0
1704126120.0,9991.1843131785,SCALE,0.01,3.0,NORMAL,0.001865675322011379,0.0
1704126180.0,9991.1165930595,SCALE,0.01,3.0,NORMAL,0.001872440663649311,0.0
1704126240.0,9992.2431025173,SCALE,0.01,3.0,NORMAL,0.001759900676230523,0.0
1704126300.0,9992.3764817082,SCALE,0.01,3.0,NORMAL,0.0017465758946568757,0.0
1704126360.0,9991.8647531568,SCALE,0.01,3.0,NORMAL,0.0017976983458156653,0.0
1704126420.0,9991.687503106199,SCALE,0.01,3.0,NORMAL,0.0018154058921895917,0.0
1704126480.0,9991.391890065,SCALE,0.01,3.0,NORMAL,0.001844938079165014,0.0
1704126540.0,9990.8327574303,SCALE,0.01,3.0,NORMAL,0.0019007962694704288,0.0
1704126600.0,9990.9817416921,SCALE,0.01,3.0,NORMAL,0.001885912517867269,0.0
1704126660.0,9991.0397454462,SCALE,0.01,3.0,NORMAL,0.001880117855681788,0.0
1704126720.0,9990.8748616782,SCALE,0.01,3.0,NORMAL,0.001896589991843504,0.0
1704126780.0,9990.6967283217,SCALE,0.01,3.0,NORMAL,0.0019143857818038354,0.0
1704126840.0,9990.6964338864,SCALE,0.01,3.0,NORMAL,0.0019144151963326975,0.0
1704126900.0,9990.392282221499,SCALE,0.01,3.0,NORMAL,0.0019448004046453038,0.0
1704126960.0,9990.0981413568,SCALE,0.01,3.0,NORMAL,0.0019741855189764155,0.0
1704127020.0,9990.785353347,SCALE,0.01,3.0,NORMAL,0.0019055320086168721,0.0
1704127080.0,9989.737163679,SCALE,0.01,3.0,NORMAL,0.0020102477313590538,0.0
1704127140.0,9989.2115966685,SCALE,0.01,3.0,NORMAL,0.0020627526653743647,0.0
1704127200.0,9989.8617098109,SCALE,0.01,3.0,NORMAL,0.0019978053856510897,0.0
1704127260.0,9989.7245029611,SCALE,0.01,3.0,NORMAL,0.0020115125560999448,0.0
1704127320.0,9989.4497948262,SCALE,0.01,3.0,NORMAL,0.0020389563115265174,0.0
1704127380.0,9989.1792087855,SCALE,0.01,3.0,NORMAL,0.0020659882635490202,0.0
1704127440.0,9989.2854999288,SCALE,0.01,3.0,NORMAL,0.0020553696186305093,0.0
1704127500.0,9989.7118422432,SCALE,0.01,3.0,NORMAL,0.0020127773808410175,0.0
1704127560.0,9990.4894458705,SCALE,0.01,3.0,NORMAL,0.0019350936101213381,0.0
1704127620.0,9989.5507861341,SCALE,0.01,3.0,NORMAL,0.0020288671281275257,0.0
1704127680.0,9989.6859319368,SCALE,0.01,3.0,NORMAL,0.0020153658593807054,0.0
1704127740.0,9989.8988086587,SCALE,0.01,3.0,NORMAL,0.0019940991550148218,0.0
1704127800.0,9989.5499028282,SCALE,0.01,3.0,NORMAL,0.002028955371714112,0.0
1704127860.0,9990.0978469215,SCALE,0.01,3.0,NORMAL,0.0019742149335052776,0.0
1704127920.0,9989.9688842601,SCALE,0.01,3.0,NORMAL,0.0019870984971459924,0.0
1704127980.0,9990.6496186737,SCALE,0.01,3.0,NORMAL,0.0019190921064214167,0.0
1704128040.0,9990.9908691864,SCALE,0.01,3.0,NORMAL,0.0018850006674725423,0.0
1704128100.0,9990.9911636217,SCALE,0.01,3.0,NORMAL,0.00188497125294368,0.0
1704128160.0,9990.9908691864,SCALE,0.01,3.0,NORMAL,0.0018850006674725423,0.0
1704128220.0,9990.9908691864,SCALE,0.01,3.0,NORMAL,0.0018850006674725423,0.0
1704128280.0,9990.9911636217,SCALE,0.01,3.0,NORMAL,0.00188497125294368,0.0
1704128340.0,9990.770631582,SCALE,0.01,3.0,NORMAL,0.0019070027350599798,0.0
1704128400.0,9990.1437788283,SCALE,0.01,3.0,NORMAL,0.0019696262670031448,0.0
1704128460.0,9990.0389598615,SCALE,0.01,3.0,NORMAL,0.0019800978392773448,0.0
1704128520.0,9990.3013017138,SCALE,0.01,3.0,NORMAL,0.0019538894940629827,0.0
1704128580.0,9989.595834735,SCALE,0.01,3.0,NORMAL,0.0020243667052117975,0.0
1704128640.0,9989.9415017772,SCALE,0.01,3.0,NORMAL,0.001989834048329991,0.0
1704128700.0,9989.6768044425,SCALE,0.01,3.0,NORMAL,0.0020162777097752506,0.0
1704128760.0,9989.5136872863,SCALE,0.01,3.0,NORMAL,0.0020325733587637936,0.0
1704128820.0,9989.3947354251,SCALE,0.01,3.0,NORMAL,0.002044456828423377,0.0
1704128880.0,9990.0065719785,SCALE,0.01,3.0,NORMAL,0.0019833334374520003,0.0
1704128940.0,9989.754829797,SCALE,0.01,3.0,NORMAL,0.002008482859627325,0.0
1704129000.0,9989.7545353617,SCALE,0.01,3.0,NORMAL,0.002008512274156187,0.0
1704129060.0,9989.5024987449,SCALE,0.01,3.0,NORMAL,0.0020336911108605553,0.0
1704129120.0,9989.123854949099,SCALE,0.01,3.0,NORMAL,0.0020715181949747417,0.0
1704129180.0,9989.2286739159,SCALE,0.01,3.0,NORMAL,0.00206104662270036,0.0
1704129240.0,9989.2283794806,SCALE,0.01,3.0,NORMAL,0.002061076037229222,0.0
1704129300.0,9989.203058044799,SCALE,0.01,3.0,NORMAL,0.0020636056867113675,0.0
1704129360.0,9990.3166123494,SCALE,0.01,3.0,NORMAL,0.0019523599385623323,0.0
1704129420.0,9989.6270448768,SCALE,0.01,3.0,NORMAL,0.002021248765152773,0.0
1704129480.0,9989.7448189968,SCALE,0.01,3.0,NORMAL,0.002009482953608638,0.0
1704129540.0,9989.9223634827,SCALE,0.01,3.0,NORMAL,0.001991745992706031,0.0
1704129600.0,9990.2474200539,SCALE,0.01,3.0,NORMAL,0.001959272352844393,0.0
1704129660.0,9990.7650373113,SCALE,0.01,3.0,NORMAL,0.0019075616111083606,0.0
1704129720.0,9990.0313045437,SCALE,0.01,3.0,NORMAL,0.001980862617027761,0.0
1704129780.0,9990.031598979,SCALE,0.01,3.0,NORMAL,0.0019808332024988987,0.0
1704129840.0,9990.0313045437,SCALE,0.01,3.0,NORMAL,0.001980862617027761,0.0
1704129900.0,9990.1508452755,SCALE,0.01,3.0,NORMAL,0.001968920318310453,0.0
1704129960.0,9989.754829797,SCALE,0.01,3.0,NORMAL,0.002008482859627325,0.0
1704130020.0,9989.9597567658,SCALE,0.01,3.0,NORMAL,0.001988010347540719,0.0
1704130080.0,9990.392576656799,SCALE,0.01,3.0,NORMAL,0.0019447709901164417,0.0
1704130140.0,9990.5951481432,SCALE,0.01,3.0,NORMAL,0.0019245337942605516,0.0
1704130200.0,9990.2618473836,SCALE,0.01,3.0,NORMAL,0.0019578310409303296,0.0
1704130260.0,9990.5951481432,SCALE,0.01,3.0,NORMAL,0.0019245337942605516,0.0
1704130320.0,9991.157519566199,SCALE,0.01,3.0,NORMAL,0.0018683520441378349,0.0
1704130380.0,9991.1578140015,SCALE,0.01,3.0,NORMAL,0.001868322629608791,0.0
1704130440.0,9991.1557529544,SCALE,0.01,3.0,NORMAL,0.0018685285313108262,0.0
1704130500.0,9990.979680645,SCALE,0.01,3.0,NORMAL,0.001886118419569304,0.0
1704130560.0,9990.8869335255,SCALE,0.01,3.0,NORMAL,0.0018953839961601557,0.0
1704130620.0,9991.0724277645,SCALE,0.01,3.0,NORMAL,0.0018768528429782706,0.0
1704130680.0,9991.0724277645,SCALE,0.01,3.0,NORMAL,0.0018768528429782706,0.0
1704130740.0,9991.2702882861,SCALE,0.01,3.0,NORMAL,0.0018570862795843567,0.0
1704130800.0,9990.8421793599,SCALE,0.01,3.0,NORMAL,0.0018998550045470214,0.0
1704130860.0,9990.8424737952,SCALE,0.01,3.0,NORMAL,0.0018998255900181593,0.0
1704130920.0,9990.858962172,SCALE,0.01,3.0,NORMAL,0.0018981783764018788,0.0
1704130980.0,9990.5975036256,SCALE,0.01,3.0,NORMAL,0.0019242984780296543,0.0
1704131040.0,9990.5972091903,SCALE,0.01,3.0,NORMAL,0.0019243278925585167,0.0
1704131100.0,9990.0896027331,SCALE,0.01,3.0,NORMAL,0.001975038540313418,0.0
1704131160.0,9988.6816131285,SCALE,0.01,3.0,NORMAL,0.002115698817322608,0.0
1704131220.0,9989.0352299238,SCALE,0.01,3.0,NORMAL,0.0020803719681615233,0.0
1704131280.0,9989.2092411861,SCALE,0.01,3.0,NORMAL,0.002062987981605262,0.0
1704131340.0,9988.5570669966,SCALE,0.01,3.0,NORMAL,0.0021281411630303905,0.0
1704131400.0,9988.5140794428,SCALE,0.01,3.0,NORMAL,0.002132435684243902,0.0
1704131460.0,9988.2134610015,SCALE,0.01,3.0,NORMAL,0.0021624679182101624,0.0
1704131520.0,9988.2694037085,SCALE,0.01,3.0,NORMAL,0.0021568791577267162,0.0
1704131580.0,9988.3901221815,SCALE,0.01,3.0,NORMAL,0.0021448192008941417,0.0
1704131640.0,9988.0303222449,SCALE,0.01,3.0,NORMAL,0.0021807637551611503,0.0
1704131700.0,9987.8474779236,SCALE,0.01,3.0,NORMAL,0.002199030177583276,0.0
1704131760.0,9987.8592553356,SCALE,0.01,3.0,NORMAL,0.0021978535964289714,0.0
1704131820.0,9988.4952355836,SCALE,0.01,3.0,NORMAL,0.0021343182140910796,0.0
1704131880.0,9988.185489648,SCALE,0.01,3.0,NORMAL,0.002165262298451885,0.0
1704131940.0,9988.1928505305,SCALE,0.01,3.0,NORMAL,0.0021645269352303315,0.0
1704132000.0,9987.2901119007,SCALE,0.01,3.0,NORMAL,0.002254711880715518,0.0
1704132060.0,9986.5802283924,SCALE,0.01,3.0,NORMAL,0.002325630309797265,0.0
1704132120.0,9986.0122626987,SCALE,0.01,3.0,NORMAL,0.0023823709359685444,0.0
1704132180.0,9984.3651916305,SCALE,0.01,3.0,NORMAL,0.0025469158104119865,0.0
1704132240.0,9984.1431874143,SCALE,0.01,3.0,NORMAL,0.002569094365172597,0.0
1704132300.0,9984.5500969989,SCALE,0.01,3.0,NORMAL,0.002528443486287826,0.0
1704132360.0,9984.9022416177,SCALE,0.01,3.0,NORMAL,0.0024932637097712334,0.0
1704132420.0,9982.7078153268,SCALE,0.01,3.0,NORMAL,0.002712490193365786,0.0
1704132480.0,9981.3569461704,SCALE,0.01,3.0,NORMAL,0.002847444051776082,0.0
1704132540.0,9982.385408673299,SCALE,0.01,3.0,NORMAL,0.0027446991024676643,0.0
1704132600.0,9982.0182478542,SCALE,0.01,3.0,NORMAL,0.0027813790199562264,0.0
1704132660.0,9982.0606465374,SCALE,0.01,3.0,NORMAL,0.002777143327800258,0.0
1704132720.0,9980.9079323379,SCALE,0.01,3.0,NORMAL,0.0028923012082877776,0.0
1704132780.0,9978.9093055215,SCALE,0.01,3.0,NORMAL,0.0030919670301902697,0.0
1704132840.0,9979.611239276699,SCALE,0.01,3.0,NORMAL,0.0030218427933878006,0.0
1704132900.0,9977.3588092317,SCALE,0.01,3.0,NORMAL,0.0032468639391676525,0.0
1704132960.0,9979.5862122762,SCALE,0.01,3.0,NORMAL,0.0030243430283409018,0.0
1704133020.0,9981.0878323062,SCALE,0.01,3.0,NORMAL,0.002874328931154092,0.0
1704133080.0,9980.086752286199,SCALE,0.01,3.0,NORMAL,0.0029743383292786924,0.0
1704133140.0,9979.9963606491,SCALE,0.01,3.0,NORMAL,0.002983368589638647,0.0
1704133200.0,9979.7634623268,SCALE,0.01,3.0,NORMAL,0.0030066354819669756,0.0
1704133260.0,9978.3863884287,SCALE,0.01,3.0,NORMAL,0.0031442072334458213,0.0
1704133320.0,9979.902141353099,SCALE,0.01,3.0,NORMAL,0.0029927812388739912,0.0
1704133380.0,9978.7918258368,SCALE,0.01,3.0,NORMAL,0.0031037034272053607,0.0
1704133440.0,9979.1675252796,SCALE,0.01,3.0,NORMAL,0.0030661704883799775,0.0
1704133500.0,9978.7329387768,SCALE,0.01,3.0,NORMAL,0.0031095863329774283,0.0
1704133560.0,9979.4316337437,SCALE,0.01,3.0,NORMAL,0.003039785655992443,0.0
1704133620.0,9979.7926114215,SCALE,0.01,3.0,NORMAL,0.003003723443609804,0.0
1704133680.0,9979.4887541919,SCALE,0.01,3.0,NORMAL,0.0030340792373935483,0.0
1704133740.0,9980.821662795,SCALE,0.01,3.0,NORMAL,0.002900919665243662,0.0
1704133800.0,9980.8322624658,SCALE,0.01,3.0,NORMAL,0.002899860742204806,0.0
1704133860.0,9980.8820220315,SCALE,0.01,3.0,NORMAL,0.0028948896868274654,0.0
1704133920.0,9980.7972246651,SCALE,0.01,3.0,NORMAL,0.0029033610711390392,0.0
1704133980.0,9981.3687235824,SCALE,0.01,3.0,NORMAL,0.0028462674706215955,0.0
1704134040.0,9981.2647879215,SCALE,0.01,3.0,NORMAL,0.002856650799309209,0.0
1704134100.0,9981.4679482785,SCALE,0.01,3.0,NORMAL,0.0028363547743957764,0.0
1704134160.0,9981.4944474555,SCALE,0.01,3.0,NORMAL,0.0028337074667983643,0.0
1704134220.0,9980.5581432015,SCALE,0.01,3.0,NORMAL,0.002927245668573473,0.0
1704134280.0,9979.8517929168,SCALE,0.01,3.0,NORMAL,0.002997811123309056,0.0
1704134340.0,9980.0396426382,SCALE,0.01,3.0,NORMAL,0.0029790446538962736,0.0
1704134400.0,9980.087046721499,SCALE,0.01,3.0,NORMAL,0.0029743089147498303,0.0
1704134460.0,9979.7337243615,SCALE,0.01,3.0,NORMAL,0.0030096063493818713,0.0
1704134520.0,9978.651674634,SCALE,0.01,3.0,NORMAL,0.0031177047429428377,0.0
1704134580.0,9978.4935628779,SCALE,0.01,3.0,NORMAL,0.003133500344940724,0.0
1704134640.0,9978.1994220132,SCALE,0.01,3.0,NORMAL,0.003162885459272017,0.0
1704134700.0,9977.4960160815,SCALE,0.01,3.0,NORMAL,0.003233156768718797,0.0
1704134760.0,9978.2615478615,SCALE,0.01,3.0,NORMAL,0.003156678993682466,0.0
1704134820.0,9978.2023663662,SCALE,0.01,3.0,NORMAL,0.0031625913139833955,0.0
1704134880.0,9978.9678981462,SCALE,0.01,3.0,NORMAL,0.0030861135389470646,0.0
1704134940.0,9978.6292975512,SCALE,0.01,3.0,NORMAL,0.0031199402471361794,0.0
1704135000.0,9978.5235952785,SCALE,0.01,3.0,NORMAL,0.003130500062996966,0.0
1704135060.0,9978.5235952785,SCALE,0.01,3.0,NORMAL,0.003130500062996966,0.0
1704135120.0,9978.0106889859,SCALE,0.01,3.0,NORMAL,0.003181740172271386,0.0
1704135180.0,9978.4387979121,SCALE,0.01,3.0,NORMAL,0.0031389714473087213,0.0
1704135240.0,9978.6737572815,SCALE,0.01,3.0,NORMAL,0.0031154986532783576,0.0
1704135300.0,9978.817736143199,SCALE,0.01,3.0,NORMAL,0.0031011149486658545,0.0
1704135360.0,9979.9407123774,SCALE,0.01,3.0,NORMAL,0.0029889279355932307,0.0
1704135420.0,9980.2637079015,SCALE,0.01,3.0,NORMAL,0.0029566601974336283,0.0
1704135480.0,9979.4069011785,SCALE,0.01,3.0,NORMAL,0.003042256476416682,0.0
1704135540.0,9979.4069011785,SCALE,0.01,3.0,NORMAL,0.003042256476416682,0.0
1704135600.0,9978.4385034768,SCALE,0.01,3.0,NORMAL,0.0031390008618375834,0.0
1704135660.0,9979.6265499123,SCALE,0.01,3.0,NORMAL,0.0030203132378869685,0.0
1704135720.0,9978.9072444744,SCALE,0.01,3.0,NORMAL,0.003092172931892305,0.0
1704135780.0,9978.118746741,SCALE,0.01,3.0,NORMAL,0.003170945040179702,0.0
1704135840.0,9978.3710777931,SCALE,0.01,3.0,NORMAL,0.0031457367889466533,0.0
1704135900.0,9977.7769073577,SCALE,0.01,3.0,NORMAL,0.003205095308186301,0.0
1704135960.0,9977.6726772615,SCALE,0.01,3.0,NORMAL,0.0032155080514027767,0.0
1704136020.0,9977.294327901,SCALE,0.01,3.0,NORMAL,0.0032533057209881006,0.0
1704136080.0,9977.2310243115,SCALE,0.01,3.0,NORMAL,0.0032596298446929185,0.0
1704136140.0,9977.7162536859,SCALE,0.01,3.0,NORMAL,0.003211154701131541,0.0
1704136200.0,9978.210610554599,SCALE,0.01,3.0,NORMAL,0.003161767707175437,0.0
1704136260.0,9978.089303211,SCALE,0.01,3.0,NORMAL,0.003173886493065736,0.0
1704136320.0,9977.9688791733,SCALE,0.01,3.0,NORMAL,0.0031859170353694486,0.0
1704136380.0,9977.9688791733,SCALE,0.01,3.0,NORMAL,0.0031859170353694486,0.0
1704136440.0,9977.3870750205,SCALE,0.01,3.0,NORMAL,0.0032440401443970673,0.0
1704136500.0,9977.4730501281,SCALE,0.01,3.0,NORMAL,0.003235451101970045,0.0
1704136560.0,9978.3213182274,SCALE,0.01,3.0,NORMAL,0.003150707844323994,0.0
1704136620.0,9977.4530285277,SCALE,0.01,3.0,NORMAL,0.00323745128993249,0.0
1704136680.0,9977.7280310979,SCALE,0.01,3.0,NORMAL,0.0032099781199770553,0.0
1704136740.0,9977.3202382074,SCALE,0.01,3.0,NORMAL,0.0032507172424484127,0.0
1704136800.0,9977.2837282302,SCALE,0.01,3.0,NORMAL,0.0032543646440269564,0.0
1704136860.0,9976.9786932594,SCALE,0.01,3.0,NORMAL,0.0032848380959261494,0.0
1704136920.0,9976.7896657968,SCALE,0.01,3.0,NORMAL,0.0033037222234543803,0.0
1704136980.0,9976.7893713615,SCALE,0.01,3.0,NORMAL,0.0033037516379832424,0.0
1704137040.0,9976.5237907209,SCALE,0.01,3.0,NORMAL,0.0033302835430150885,0.0
1704137100.0,9976.4024833773,SCALE,0.01,3.0,NORMAL,0.0033424023289053873,0.0
1704137160.0,9976.756689043199,SCALE,0.01,3.0,NORMAL,0.00330701665068676,0.0
1704137220.0,9976.7101682658,SCALE,0.01,3.0,NORMAL,0.003311664146246617,0.0
1704137280.0,9974.7286186968,SCALE,0.01,3.0,NORMAL,0.0035096239254752857,0.0
1704137340.0,9974.9635780662,SCALE,0.01,3.0,NORMAL,0.003486151131444922,0.0
1704137400.0,9972.34737543718,SCALE,0.01,3.0,NORMAL,0.0037475137049380173,0.0
1704137460.0,9972.34737543718,SCALE,0.01,3.0,NORMAL,0.0037475137049380173,0.0
1704137520.0,9972.34737543718,SCALE,0.01,3.0,NORMAL,0.0037475137049380173,0.0
1704137580.0,9972.34737543718,SCALE,0.01,3.0,NORMAL,0.0037475137049380173,0.0
1704137640.0,9972.34737543718,SCALE,0.01,3.0,NORMAL,0.0037475137049380173,0.0
1704137700.0,9972.34737543718,SCALE,0.01,3.0,NORMAL,0.0037475137049380173,0.0
1704137760.0,7475.030101983006,SCALE,0.0,3.0,COOLDOWN,0.25323326155146814,0.0
1704137820.0,7475.724157158005,SCALE,0.0,3.0,COOLDOWN,0.25316392439666524,0.0
1704137880.0,7477.574012583005,SCALE,0.0,3.0,COOLDOWN,0.2529791210602931,0.0
1704137940.0,7479.048951708006,SCALE,0.0,3.0,COOLDOWN,0.252831772425604,0.0
1704138000.0,7475.148557133005,SCALE,0.0,3.0,COOLDOWN,0.2532214277040039,0.0
1704138060.0,7476.017419908006,SCALE,0.0,3.0,COOLDOWN,0.2531346270073118,0.0
1704138120.0,7477.228997583005,SCALE,0.0,3.0,COOLDOWN,0.2530135885771794,0.0
1704138180.0,7478.272092933005,SCALE,0.0,3.0,COOLDOWN,0.25290938178445976,0.0
1704138240.0,7479.006974883006,SCALE,0.0,3.0,COOLDOWN,0.2528359659734919,0.0
1704138300.0,7480.2674296830055,SCALE,0.0,3.0,COOLDOWN,0.2527100446451339,0.0
1704138360.0,7481.282348808006,SCALE,0.0,3.0,COOLDOWN,0.2526086526996266,0.0
1704138420.0,7482.834916308006,SCALE,0.0,3.0,COOLDOWN,0.2524535488736382,0.0
1704138480.0,7484.300080008005,SCALE,0.0,3.0,COOLDOWN,0.2523071768185944,0.0
1704138540.0,7482.8561922330055,SCALE,0.0,3.0,COOLDOWN,0.2524514233767636,0.0
1704138600.0,7484.2546530330055,SCALE,0.0,3.0,COOLDOWN,0.252311715041651,0.0
1704138660.0,7485.386302233005,SCALE,0.0,3.0,COOLDOWN,0.252198661586264,0.0
1704138720.0,7485.499007133006,SCALE,0.0,3.0,COOLDOWN,0.25218740219741437,0.0
1704138780.0,7486.6502071830055,SCALE,0.0,3.0,COOLDOWN,0.25207239558273703,0.0
1704138840.0,7486.640431758005,SCALE,0.0,3.0,COOLDOWN,0.2520733721623822,0.0
1704138900.0,7483.9527649080055,SCALE,0.0,3.0,COOLDOWN,0.25234187411892656,0.0
1704138960.0,7483.030999833006,SCALE,0.0,3.0,COOLDOWN,0.2524339598348745,0.0
1704139020.0,7484.104571508005,SCALE,0.0,3.0,COOLDOWN,0.25232670841149657,0.0
1704139080.0,7486.620880908005,SCALE,0.0,3.0,COOLDOWN,0.2520753253216724,0.0
1704139140.0,7486.074032133005,SCALE,0.0,3.0,COOLDOWN,0.25212995633593727,0.0
1704139200.0,7491.176228958006,SCALE,0.0,3.0,COOLDOWN,0.25162023920705007,0.0
1704139260.0,7490.853639933005,SCALE,0.0,3.0,COOLDOWN,0.25165246633533883,0.0
1704139320.0,7490.0819563830055,SCALE,0.0,3.0,COOLDOWN,0.25172955868144115,0.0
1704139380.0,7493.616060033006,SCALE,0.0,3.0,COOLDOWN,0.2513764964168023,0.0
1704139440.0,7495.771253733005,SCALE,0.0,3.0,COOLDOWN,0.2511611893279858,0.0
1704139500.0,7495.770678708006,SCALE,0.0,3.0,COOLDOWN,0.2511612467738472,0.0
1704139560.0,7495.616572008005,SCALE,0.0,3.0,COOLDOWN,0.2511766422647232,0.0
1704139620.0,7495.622322258006,SCALE,0.0,3.0,COOLDOWN,0.2511760678061084,0.0
1704139680.0,7495.9914883080055,SCALE,0.0,3.0,COOLDOWN,0.25113918756304004,0.0
1704139740.0,7496.111093508006,SCALE,0.0,3.0,COOLDOWN,0.25112723882385274,0.0
1704139800.0,7498.265137158006,SCALE,0.0,3.0,COOLDOWN,0.2509120466267592,0.0
1704139860.0,7497.351997458006,SCALE,0.0,3.0,COOLDOWN,0.25100327065478495,0.0
1704139920.0,7497.004682358006,SCALE,0.0,3.0,COOLDOWN,0.2510379679551172,0.0
1704139980.0,7498.359441258005,SCALE,0.0,3.0,COOLDOWN,0.250902625505477,0.0
1704140040.0,7493.318772108006,SCALE,0.0,3.0,COOLDOWN,0.251406195927186,0.0
1704140100.0,7494.875939808006,SCALE,0.0,3.0,COOLDOWN,0.2512506325343058,0.0
1704140160.0,7493.894372133005,SCALE,0.0,3.0,COOLDOWN,0.2513486926198474,0.0
1704140220.0,7493.532106383006,SCALE,0.0,3.0,COOLDOWN,0.25138488351257793,0.0
1704140280.0,7493.0186090580055,SCALE,0.0,3.0,COOLDOWN,0.2514361826668771,0.0
1704140340.0,7491.076174608006,SCALE,0.0,3.0,COOLDOWN,0.251630234786947,0.0
1704140400.0,7492.440133908005,SCALE,0.0,3.0,COOLDOWN,0.25149397320352324,0.0
1704140460.0,7490.244688458005,SCALE,0.0,3.0,COOLDOWN,0.25171330150264315,0.0
1704140520.0,7489.412627283005,SCALE,0.0,3.0,COOLDOWN,0.25179642566420063,0.0
1704140580.0,7489.803069258005,SCALE,0.0,3.0,COOLDOWN,0.25175741992425765,0.0
1704140640.0,7493.015733933005,SCALE,0.0,3.0,COOLDOWN,0.2514364698961845,0.0
1704140700.0,7495.204854108006,SCALE,0.0,3.0,COOLDOWN,0.25121777350154084,0.0
1704140760.0,7494.1680840330055,SCALE,0.0,3.0,COOLDOWN,0.2513213483897842,0.0
1704140820.0,7495.205429133006,SCALE,0.0,3.0,COOLDOWN,0.25121771605567933,0.0
1704140880.0,7496.540637183006,SCALE,0.0,3.0,COOLDOWN,0.25108432676532927,0.0
1704140940.0,7496.514761058005,SCALE,0.0,3.0,COOLDOWN,0.2510869118290958,0.0
1704141000.0,7498.054678008005,SCALE,0.0,3.0,COOLDOWN,0.2509330718120599,0.0
1704141060.0,7498.054678008005,SCALE,0.0,3.0,COOLDOWN,0.2509330718120599,0.0
1704141120.0,7495.061097858005,SCALE,0.0,3.0,COOLDOWN,0.25123213496691016,0.0
1704141180.0,7496.123744058005,SCALE,0.0,3.0,COOLDOWN,0.2511259750149003,0.0
1704141240.0,7495.160577183005,SCALE,0.0,3.0,COOLDOWN,0.2512221968328746,0.0
1704141300.0,7496.310052158005,SCALE,0.0,3.0,COOLDOWN,0.2511073625557817,0.0
1704141360.0,7494.877664883005,SCALE,0.0,3.0,COOLDOWN,0.25125046019672137,0.0
1704141420.0,7494.094480833006,SCALE,0.0,3.0,COOLDOWN,0.25132870146005326,0.0
1704141480.0,7494.947242908006,SCALE,0.0,3.0,COOLDOWN,0.25124350924748257,0.0
1704141540.0,7494.814412133005,SCALE,0.0,3.0,COOLDOWN,0.2512567792414839,0.0
1704141600.0,7497.315195858006,SCALE,0.0,3.0,COOLDOWN,0.2510069471899195,0.0
1704141660.0,7497.490578483005,SCALE,0.0,3.0,COOLDOWN,0.250989426202169,0.0
1704141720.0,7496.648166858005,SCALE,0.0,3.0,COOLDOWN,0.2510735843892331,0.0
1704141780.0,7498.450870233006,SCALE,0.0,3.0,COOLDOWN,0.25089349161350205,0.0
1704141840.0,7502.290312158006,SCALE,0.0,3.0,COOLDOWN,0.2505099255964188,0.0
1704141900.0,7501.580156283006,SCALE,0.0,3.0,COOLDOWN,0.25058087123534317,0.0
1704141960.0,7503.621495033006,SCALE,0.0,3.0,COOLDOWN,0.2503769384270991,0.0
1704142020.0,7502.9780420580055,SCALE,0.0,3.0,COOLDOWN,0.2504412203460921,0.0
1704142080.0,7502.290887183006,SCALE,0.0,3.0,COOLDOWN,0.25050986815055737,0.0
1704142140.0,7500.105217158006,SCALE,0.0,3.0,COOLDOWN,0.2507282198700322,0.0
1704142200.0,7499.132274858006,SCALE,0.0,3.0,COOLDOWN,0.2508254182676516,0.0
1704142260.0,7496.252549658006,SCALE,0.0,3.0,COOLDOWN,0.25111310714192936,0.0
1704142320.0,7496.3922807330055,SCALE,0.0,3.0,COOLDOWN,0.25109914779759046,0.0
1704142380.0,7496.253124683006,SCALE,0.0,3.0,COOLDOWN,0.2511130496960679,0.0
1704142440.0,7495.686150033006,SCALE,0.0,3.0,COOLDOWN,0.2511696913154844,0.0
1704142500.0,7496.252549658006,SCALE,0.0,3.0,COOLDOWN,0.25111310714192936,0.0
1704142560.0,7496.885652183006,SCALE,0.0,3.0,COOLDOWN,0.251049859248443,0.0
1704142620.0,7495.045572183006,SCALE,0.0,3.0,COOLDOWN,0.25123368600517,0.0
1704142680.0,7493.913347958005,SCALE,0.0,3.0,COOLDOWN,0.25134679690641865,0.0
1704142740.0,7495.841981808006,SCALE,0.0,3.0,COOLDOWN,0.2511541234870241,0.0
1704142800.0,7498.035702183006,SCALE,0.0,3.0,COOLDOWN,0.25093496752548855,0.0
1704142860.0,7498.160482608006,SCALE,0.0,3.0,COOLDOWN,0.2509225017735481,0.0
1704142920.0,7497.397999458005,SCALE,0.0,3.0,COOLDOWN,0.25099867498586687,0.0
1704142980.0,7496.334203208005,SCALE,0.0,3.0,COOLDOWN,0.25110494982959963,0.0
1704143040.0,7498.637753358005,SCALE,0.0,3.0,COOLDOWN,0.25087482170852204,0.0
1704143100.0,7498.2639871080055,SCALE,0.0,3.0,COOLDOWN,0.25091216151848217,0.0
1704143160.0,7498.726882233005,SCALE,0.0,3.0,COOLDOWN,0.25086591759999305,0.0
1704143220.0,7499.997687483005,SCALE,0.0,3.0,COOLDOWN,0.25073896224612846,0.0
1704143280.0,7498.318614483005,SCALE,0.0,3.0,COOLDOWN,0.25090670416164185,0.0
1704143340.0,7496.351453958006,SCALE,0.0,3.0,COOLDOWN,0.2511032264537553,0.0
1704143400.0,7497.038033808006,SCALE,0.0,3.0,COOLDOWN,0.25103463609515153,0.0
1704143460.0,7497.115087158006,SCALE,0.0,3.0,COOLDOWN,0.25102693834971357,0.0
1704143520.0,7499.6670481080055,SCALE,0.0,3.0,COOLDOWN,0.25077199361647784,0.0
1704143580.0,7497.461827233005,SCALE,0.0,3.0,COOLDOWN,0.25099229849524285,0.0
1704143640.0,7497.952323558005,SCALE,0.0,3.0,COOLDOWN,0.2509432971754028,0.0
1704143700.0,7497.953473608006,SCALE,0.0,3.0,COOLDOWN,0.25094318228367984,0.0
1704143760.0,7501.117836183005,SCALE,0.0,3.0,COOLDOWN,0.2506270577079709,0.0
1704143820.0,7500.008612958006,SCALE,0.0,3.0,COOLDOWN,0.25073787077476034,0.0
1704143880.0,7499.250730008005,SCALE,0.0,3.0,COOLDOWN,0.25081358442018736,0.0
1704143940.0,7499.873482083006,SCALE,0.0,3.0,COOLDOWN,0.2507513705522075,0.0
1704144000.0,7499.729150808005,SCALE,0.0,3.0,COOLDOWN,0.2507657894634383,0.0
1704144060.0,7497.825243033006,SCALE,0.0,3.0,COOLDOWN,0.2509559927107892,0.0
1704144120.0,7497.934497783005,SCALE,0.0,3.0,COOLDOWN,0.25094507799710863,0.0
1704144180.0,7496.379630183005,SCALE,0.0,3.0,COOLDOWN,0.25110041160654295,0.0
1704144240.0,7495.046722233005,SCALE,0.0,3.0,COOLDOWN,0.2512335711134471,0.0
1704144300.0,7495.667174208005,SCALE,0.0,3.0,COOLDOWN,0.2511715870289132,0.0
1704144360.0,7495.2888077580055,SCALE,0.0,3.0,COOLDOWN,0.2512093864057652,0.0
1704144420.0,7492.745472183005,SCALE,0.0,3.0,COOLDOWN,0.2514634694510788,0.0
1704144480.0,7493.376849633006,SCALE,0.0,3.0,COOLDOWN,0.2514003938951768,0.0
1704144540.0,7494.018577533006,SCALE,0.0,3.0,COOLDOWN,0.2513362843137683,0.0
1704144600.0,7492.957081383006,SCALE,0.0,3.0,COOLDOWN,0.25144232937405514,0.0
1704144660.0,7490.7363348330055,SCALE,0.0,3.0,COOLDOWN,0.2516641852910801,0.0
1704144720.0,7491.888684933006,SCALE,0.0,3.0,COOLDOWN,0.2515490637846798,0.0
1704144780.0,7491.7748299830055,SCALE,0.0,3.0,COOLDOWN,0.2515604380652523,0.0
1704144840.0,7491.356786808005,SCALE,0.0,3.0,COOLDOWN,0.25160220120654625,0.0
1704144900.0,7490.878366008005,SCALE,0.0,3.0,COOLDOWN,0.25164999616329525,0.0
1704144960.0,7489.525332183006,SCALE,0.0,3.0,COOLDOWN,0.251785166275351,0.0
1704145020.0,7488.507537933006,SCALE,0.0,3.0,COOLDOWN,0.2518868454501657,0.0
1704145080.0,7486.573153833006,SCALE,0.0,3.0,COOLDOWN,0.252080093328175,0.0
1704145140.0,7487.111377233005,SCALE,0.0,3.0,COOLDOWN,0.25202632400183234,0.0
1704145200.0,7488.816326358005,SCALE,0.0,3.0,COOLDOWN,0.25185599702255246,0.0
1704145260.0,7486.288516458006,SCALE,0.0,3.0,COOLDOWN,0.2521085290296062,0.0
1704145320.0,7485.327074658006,SCALE,0.0,3.0,COOLDOWN,0.25220457850999606,0.0
1704145380.0,7484.383458633005,SCALE,0.0,3.0,COOLDOWN,0.25229884716868023,0.0
1704145440.0,7484.105721558006,SCALE,0.0,3.0,COOLDOWN,0.2523265935197736,0.0
1704145500.0,7484.695122183006,SCALE,0.0,3.0,COOLDOWN,0.2522677115117595,0.0
1704145560.0,7484.204050833006,SCALE,0.0,3.0,COOLDOWN,0.252316770277461,0.0
1704145620.0,7485.302923608006,SCALE,0.0,3.0,COOLDOWN,0.2522069912361781,0.0
1704145680.0,7487.872710333006,SCALE,0.0,3.0,COOLDOWN,0.2519502656812365,0.0
1704145740.0,7486.573153833006,SCALE,0.0,3.0,COOLDOWN,0.252080093328175,0.0
1704145800.0,7486.253439933005,SCALE,0.0,3.0,COOLDOWN,0.25211203322715636,0.0
1704145860.0,7487.914112133006,SCALE,0.0,3.0,COOLDOWN,0.25194612957921014,0.0
1704145920.0,7489.938200133006,SCALE,0.0,3.0,COOLDOWN,0.2517439201468104,0.0
1704145980.0,7489.279221483006,SCALE,0.0,3.0,COOLDOWN,0.2518097531040633,0.0
1704146040.0,7491.1325270580055,SCALE,0.0,3.0,COOLDOWN,0.2516246050925223,0.0
1704146100.0,7491.365987208005,SCALE,0.0,3.0,COOLDOWN,0.2516012820727626,0.0
1704146160.0,7490.330367183005,SCALE,0.0,3.0,COOLDOWN,0.251704742069283,0.0
1704146220.0,7490.203286658006,SCALE,0.0,3.0,COOLDOWN,0.25171743760466947,0.0
1704146280.0,7490.550026733005,SCALE,0.0,3.0,COOLDOWN,0.25168279775019875,0.0
1704146340.0,7491.894435183005,SCALE,0.0,3.0,COOLDOWN,0.2515484893260651,0.0
1704146400.0,7493.950149558005,SCALE,0.0,3.0,COOLDOWN,0.2513431203712841,0.0
1704146460.0,7493.779942158006,SCALE,0.0,3.0,COOLDOWN,0.2513601243462813,0.0
1704146520.0,7489.518431883005,SCALE,0.0,3.0,COOLDOWN,0.25178585562568884,0.0
1704146580.0,7488.738697983005,SCALE,0.0,3.0,COOLDOWN,0.2518637522138519,0.0
1704146640.0,7488.604717158006,SCALE,0.0,3.0,COOLDOWN,0.25187713709957604,0.0
1704146700.0,7488.602417058006,SCALE,0.0,3.0,COOLDOWN,0.2518773668830219,0.0
1704146760.0,7488.141247008006,SCALE,0.0,3.0,COOLDOWN,0.2519234384639267,0.0
1704146820.0,7487.695027608005,SCALE,0.0,3.0,COOLDOWN,0.251968016452433,0.0
1704146880.0,7489.083712983005,SCALE,0.0,3.0,COOLDOWN,0.2518292846969656,0.0
1704146940.0,7488.604717158006,SCALE,0.0,3.0,COOLDOWN,0.25187713709957604,0.0
1704147000.0,7488.748473408005,SCALE,0.0,3.0,COOLDOWN,0.2518627756342068,0.0
1704147060.0,7486.482299883005,SCALE,0.0,3.0,COOLDOWN,0.2520891697742884,0.0
1704147120.0,7488.0245169330055,SCALE,0.0,3.0,COOLDOWN,0.25193509997380653,0.0
1704147180.0,7486.1188840830055,SCALE,0.0,3.0,COOLDOWN,0.252125475558742,0.0
1704147240.0,7486.131534633006,SCALE,0.0,3.0,COOLDOWN,0.25212421174978944,0.0
1704147300.0,7487.331611808006,SCALE,0.0,3.0,COOLDOWN,0.25200432223688657,0.0
1704147360.0,7486.452398583006,SCALE,0.0,3.0,COOLDOWN,0.2520921569590852,0.0
1704147420.0,7484.527789908006,SCALE,0.0,3.0,COOLDOWN,0.25228442825744934,0.0
1704147480.0,7483.122428808006,SCALE,0.0,3.0,COOLDOWN,0.2524248259428996,0.0
1704147540.0,7482.164437158005,SCALE,0.0,3.0,COOLDOWN,0.2525205307481207,0.0
1704147600.0,7478.943722133005,SCALE,0.0,3.0,COOLDOWN,0.2528422850182544,0.0
1704147660.0,7479.2893121580055,SCALE,0.0,3.0,COOLDOWN,0.2528077600555066,0.0
1704147720.0,7481.476132233005,SCALE,0.0,3.0,COOLDOWN,0.25258929344430886,0.0
1704147780.0,7483.175331108006,SCALE,0.0,3.0,COOLDOWN,0.2524195409236437,0.0
1704147840.0,7483.953339933006,SCALE,0.0,3.0,COOLDOWN,0.25234181667306504,0.0
1704147900.0,7482.611806608005,SCALE,0.0,3.0,COOLDOWN,0.2524758378678914,0.0
1704147960.0,7482.302443158005,SCALE,0.0,3.0,COOLDOWN,0.2525067437413661,0.0
1704148020.0,7484.350107183006,SCALE,0.0,3.0,COOLDOWN,0.25230217902864577,0.0
1704148080.0,7484.030968308006,SCALE,0.0,3.0,COOLDOWN,0.2523340614817656,0.0
1704148140.0,7483.377739908005,SCALE,0.0,3.0,COOLDOWN,0.25239931998040377,0.0
1704148200.0,7486.522551633006,SCALE,0.0,3.0,COOLDOWN,0.25208514856398495,0.0
1704148260.0,7484.524914783005,SCALE,0.0,3.0,COOLDOWN,0.25228471548675674,0.0
1704148320.0,7485.0395621580055,SCALE,0.0,3.0,COOLDOWN,0.2522333014407347,0.0
1704148380.0,7485.2712972330055,SCALE,0.0,3.0,COOLDOWN,0.25221015075855935,0.0
1704148440.0,7485.038987133005,SCALE,0.0,3.0,COOLDOWN,0.25223335888659615,0.0
1704148500.0,7485.4984321080055,SCALE,0.0,3.0,COOLDOWN,0.2521874596432759,0.0
1704148560.0,7486.055056308006,SCALE,0.0,3.0,COOLDOWN,0.2521318520493659,0.0
1704148620.0,7486.407546633006,SCALE,0.0,3.0,COOLDOWN,0.2520966377362804,0.0
1704148680.0,7486.764637158006,SCALE,0.0,3.0,COOLDOWN,0.25206096385630306,0.0
1704148740.0,7486.812364233006,SCALE,0.0,3.0,COOLDOWN,0.2520561958498005,0.0
1704148800.0,7485.914750208006,SCALE,0.0,3.0,COOLDOWN,0.25214586883956636,0.0
1704148860.0,7485.037262058006,SCALE,0.0,3.0,COOLDOWN,0.2522335312241806,0.0
1704148920.0,7483.065501333005,SCALE,0.0,3.0,COOLDOWN,0.2524305130831859,0.0
1704148980.0,7482.685984833005,SCALE,0.0,3.0,COOLDOWN,0.2524684273517609,0.0
1704149040.0,7481.995379808005,SCALE,0.0,3.0,COOLDOWN,0.252537419831395,0.0
1704149100.0,7484.694547158006,SCALE,0.0,3.0,COOLDOWN,0.252267768957621,0.0
1704149160.0,7485.301198533006,SCALE,0.0,3.0,COOLDOWN,0.2522071635737625,0.0
1704149220.0,7485.176418108005,SCALE,0.0,3.0,COOLDOWN,0.25221962932570313,0.0
1704149280.0,7484.656020483006,SCALE,0.0,3.0,COOLDOWN,0.2522716178303399,0.0
1704149340.0,7483.045375458006,SCALE,0.0,3.0,COOLDOWN,0.2524325236883376,0.0
1704149400.0,7482.894718908005,SCALE,0.0,3.0,COOLDOWN,0.2524475745040446,0.0
1704149460.0,7482.8032899330055,SCALE,0.0,3.0,COOLDOWN,0.25245670839601947,0.0
1704149520.0,7482.802714908005,SCALE,0.0,3.0,COOLDOWN,0.252456765841881,0.0
1704149580.0,7483.152905133005,SCALE,0.0,3.0,COOLDOWN,0.25242178131224136,0.0
1704149640.0,7483.152905133005,SCALE,0.0,3.0,COOLDOWN,0.25242178131224136,0.0
1704149700.0,7484.6554454580055,SCALE,0.0,3.0,COOLDOWN,0.2522716752762014,0.0
1704149760.0,7485.102814908006,SCALE,0.0,3.0,COOLDOWN,0.25222698239597213,0.0
1704149820.0,7485.374226708005,SCALE,0.0,3.0,COOLDOWN,0.25219986794935495,0.0
1704149880.0,7486.760611983005,SCALE,0.0,3.0,COOLDOWN,0.2520613659773335,0.0
1704149940.0,7486.760611983005,SCALE,0.0,3.0,COOLDOWN,0.2520613659773335,0.0
1704150000.0,7490.378094258005,SCALE,0.0,3.0,COOLDOWN,0.25169997406278044,0.0
1704150060.0,7491.869709108006,SCALE,0.0,3.0,COOLDOWN,0.2515509594981085,0.0
1704150120.0,7491.138277308005,SCALE,0.0,3.0,COOLDOWN,0.2516240306339076,0.0
1704150180.0,7494.239387133005,SCALE,0.0,3.0,COOLDOWN,0.2513142251029611,0.0
1704150240.0,7495.479141033005,SCALE,0.0,3.0,COOLDOWN,0.2511903718256162,0.0
1704150300.0,7496.390555658006,SCALE,0.0,3.0,COOLDOWN,0.25109932013517483,0.0
1704150360.0,7495.5061672080055,SCALE,0.0,3.0,COOLDOWN,0.2511876718701268,0.0
1704150420.0,7493.089337133006,SCALE,0.0,3.0,COOLDOWN,0.2514291168259154,0.0
1704150480.0,7493.089912158005,SCALE,0.0,3.0,COOLDOWN,0.251429059380054,0.0
1704150540.0,7493.919673233006,SCALE,0.0,3.0,COOLDOWN,0.25134616500194235,0.0
1704150600.0,7493.785117383005,SCALE,0.0,3.0,COOLDOWN,0.2513596073335281,0.0
1704150660.0,7492.756397658005,SCALE,0.0,3.0,COOLDOWN,0.25146237797971077,0.0
1704150720.0,7494.509073858006,SCALE,0.0,3.0,COOLDOWN,0.2512872829939282,0.0
1704150780.0,7495.463040333006,SCALE,0.0,3.0,COOLDOWN,0.25119198030973755,0.0
1704150840.0,7495.0375218330055,SCALE,0.0,3.0,COOLDOWN,0.2512344902472307,0.0
1704150900.0,7492.514887158006,SCALE,0.0,3.0,COOLDOWN,0.2514865052415311,0.0
1704150960.0,7494.465946983006,SCALE,0.0,3.0,COOLDOWN,0.251291591433539,0.0
1704151020.0,7497.397424433006,SCALE,0.0,3.0,COOLDOWN,0.25099873243172827,0.0
1704151080.0,7499.618170983005,SCALE,0.0,3.0,COOLDOWN,0.25077687651470343,0.0
1704151140.0,7498.623377733005,SCALE,0.0,3.0,COOLDOWN,0.25087625785505896,0.0
1704151200.0,7500.389854533006,SCALE,0.0,3.0,COOLDOWN,0.25069978416860095,0.0
1704151260.0,7501.945872183006,SCALE,0.0,3.0,COOLDOWN,0.25054433566744366,0.0
1704151320.0,7502.503646433005,SCALE,0.0,3.0,COOLDOWN,0.25048861318181087,0.0
1704151380.0,7501.013756658006,SCALE,0.0,3.0,COOLDOWN,0.2506374554088982,0.0
1704151440.0,7503.503614908005,SCALE,0.0,3.0,COOLDOWN,0.250388714828702,0.0
1704151500.0,7507.6679459580055,SCALE,0.0,3.0,COOLDOWN,0.24997269189988416,0.0
1704151560.0,7507.522464633005,SCALE,0.0,3.0,COOLDOWN,0.2499872257028379,0.0
1704151620.0,7511.831126958005,SCALE,0.0,3.0,COOLDOWN,0.2495567838627893,0.0
1704151680.0,7512.662613108006,SCALE,0.0,3.0,COOLDOWN,0.24947371714709324,0.0
1704151740.0,7513.2152121330055,SCALE,0.0,3.0,COOLDOWN,0.24941851167421367,0.0
1704151800.0,7512.870772158006,SCALE,0.0,3.0,COOLDOWN,0.24945292174523848,0.0
1704151860.0,7513.445797158006,SCALE,0.0,3.0,COOLDOWN,0.24939547588376126,0.0
1704151920.0,7515.630892158006,SCALE,0.0,3.0,COOLDOWN,0.24917718161014796,0.0
1704151980.0,7515.015040383006,SCALE,0.0,3.0,COOLDOWN,0.24923870612779003,0.0
1704152040.0,7514.535469533005,SCALE,0.0,3.0,COOLDOWN,0.24928661597626206,0.0
1704152100.0,7511.483236833005,SCALE,0.0,3.0,COOLDOWN,0.24959153860898298,0.0
1704152160.0,7513.859240133005,SCALE,0.0,3.0,COOLDOWN,0.24935417230935925,0.0
1704152220.0,7516.323797283006,SCALE,0.0,3.0,COOLDOWN,0.24910795934706795,0.0
1704152280.0,7519.482409608006,SCALE,0.0,3.0,COOLDOWN,0.24879240922997373,0.0
1704152340.0,7519.541062158006,SCALE,0.0,3.0,COOLDOWN,0.24878654975210301,0.0
1704152400.0,7517.2122109080055,SCALE,0.0,3.0,COOLDOWN,0.2490192054910857,0.0
1704152460.0,7518.854482308006,SCALE,0.0,3.0,COOLDOWN,0.24885514011070684,0.0
1704152520.0,7516.651561533005,SCALE,0.0,3.0,COOLDOWN,0.24907521520602596,0.0
1704152580.0,7518.539943633005,SCALE,0.0,3.0,COOLDOWN,0.24888656299693487,0.0
1704152640.0,7518.671049333006,SCALE,0.0,3.0,COOLDOWN,0.24887346534051805,0.0
1704152700.0,7518.267956808006,SCALE,0.0,3.0,COOLDOWN,0.24891373488941354,0.0
1704152760.0,7518.940161033006,SCALE,0.0,3.0,COOLDOWN,0.2488465806773467,0.0
1704152820.0,7518.763628358006,SCALE,0.0,3.0,COOLDOWN,0.24886421655682017,0.0
1704152880.0,7518.086823933006,SCALE,0.0,3.0,COOLDOWN,0.24893183033577887,0.0
1704152940.0,7518.046572183006,SCALE,0.0,3.0,COOLDOWN,0.24893585154608225,0.0
1704153000.0,7519.770497133005,SCALE,0.0,3.0,COOLDOWN,0.24876362885337372,0.0
1704153060.0,7522.415612133005,SCALE,0.0,3.0,COOLDOWN,0.2484993778905786,0.0
1704153120.0,7521.931441083006,SCALE,0.0,3.0,COOLDOWN,0.24854774730594234,0.0
1704153180.0,7521.944091633006,SCALE,0.0,3.0,COOLDOWN,0.24854648349698982,0.0
1704153240.0,7521.264987108006,SCALE,0.0,3.0,COOLDOWN,0.2486143270593944,0.0
1704153300.0,7521.920515608005,SCALE,0.0,3.0,COOLDOWN,0.24854883877731046,0.0
1704153360.0,7521.567450258005,SCALE,0.0,3.0,COOLDOWN,0.24858411053625748,0.0
1704153420.0,7521.600801708006,SCALE,0.0,3.0,COOLDOWN,0.24858077867629172,0.0
1704153480.0,7522.766952408006,SCALE,0.0,3.0,COOLDOWN,0.24846427846921598,0.0
1704153540.0,7524.115386033006,SCALE,0.0,3.0,COOLDOWN,0.24832956792405195,0.0
1704153600.0,7523.813497908006,SCALE,0.0,3.0,COOLDOWN,0.24835972700132747,0.0
1704153660.0,7526.211927183005,SCALE,0.0,3.0,COOLDOWN,0.24812012031310618,0.0
1704153720.0,7523.276999583006,SCALE,0.0,3.0,COOLDOWN,0.2484133239900857,0.0
1704153780.0,7525.929014883005,SCALE,0.0,3.0,COOLDOWN,0.24814838367695297,0.0
1704153840.0,7529.007698733006,SCALE,0.0,3.0,COOLDOWN,0.247840818534604,0.0
1704153900.0,7532.478549633005,SCALE,0.0,3.0,COOLDOWN,0.24749407531472772,0.0
1704153960.0,7534.021916733006,SCALE,0.0,3.0,COOLDOWN,0.24733989062252285,0.0
1704154020.0,7538.576689758005,SCALE,0.0,3.0,COOLDOWN,0.24688486195376208,0.0
1704154080.0,7536.342142608006,SCALE,0.0,3.0,COOLDOWN,0.24710809657146238,0.0
1704154140.0,7536.702108258006,SCALE,0.0,3.0,COOLDOWN,0.24707213546217766,0.0
1704154200.0,7538.542763283005,SCALE,0.0,3.0,COOLDOWN,0.24688825125958924,0.0
1704154260.0,7542.204522483005,SCALE,0.0,3.0,COOLDOWN,0.24652243601370244,0.0
1704154320.0,7542.541487133005,SCALE,0.0,3.0,COOLDOWN,0.24648877273887684,0.0
1704154380.0,7547.315919708005,SCALE,0.0,3.0,COOLDOWN,0.2460117997510317,0.0
1704154440.0,7550.022562383006,SCALE,0.0,3.0,COOLDOWN,0.2457414020810585,0.0
1704154500.0,7544.782359558006,SCALE,0.0,3.0,COOLDOWN,0.24626490621670016,0.0
1704154560.0,7542.1976221830055,SCALE,0.0,3.0,COOLDOWN,0.24652312536404017,0.0
1704154620.0,7549.135298808005,SCALE,0.0,3.0,COOLDOWN,0.24583004104531786,0.0
1704154680.0,7552.693553508006,SCALE,0.0,3.0,COOLDOWN,0.24547456605449694,0.0
1704154740.0,7545.755876883006,SCALE,0.0,3.0,COOLDOWN,0.24616765037321925,0.0
1704154800.0,7548.292312158005,SCALE,0.0,3.0,COOLDOWN,0.24591425667824343,0.0
1704154860.0,7554.866572983005,SCALE,0.0,3.0,COOLDOWN,0.24525747814397464,0.0
1704154920.0,7555.653207183005,SCALE,0.0,3.0,COOLDOWN,0.24517889220547387,0.0
1704154980.0,7559.291965383006,SCALE,0.0,3.0,COOLDOWN,0.2448153747940461,0.0
1704155040.0,7557.028666983006,SCALE,0.0,3.0,COOLDOWN,0.24504148170482037,0.0
1704155100.0,7554.388152183005,SCALE,0.0,3.0,COOLDOWN,0.24530527310072367,0.0
1704155160.0,7557.262702158006,SCALE,0.0,3.0,COOLDOWN,0.24501810123919915,0.0
1704155220.0,7549.557367158006,SCALE,0.0,3.0,COOLDOWN,0.24578787578299352,0.0
1704155280.0,7550.840822958005,SCALE,0.0,3.0,COOLDOWN,0.24565965662017647,0.0
1704155340.0,7548.855261633005,SCALE,0.0,3.0,COOLDOWN,0.24585801717985722,0.0
1704155400.0,7549.9426339080055,SCALE,0.0,3.0,COOLDOWN,0.24574938705580385,0.0
1704155460.0,7550.519959008006,SCALE,0.0,3.0,COOLDOWN,0.24569171141088073,0.0
1704155520.0,7553.3525321580055,SCALE,0.0,3.0,COOLDOWN,0.2454087330972441,0.0
1704155580.0,7554.970077483005,SCALE,0.0,3.0,COOLDOWN,0.24524713788890876,0.0
1704155640.0,7551.981672558006,SCALE,0.0,3.0,COOLDOWN,0.24554568403100568,0.0
1704155700.0,7550.139867483005,SCALE,0.0,3.0,COOLDOWN,0.2457296831253172,0.0
1704155760.0,7548.555673608005,SCALE,0.0,3.0,COOLDOWN,0.24588794647368686,0.0
1704155820.0,7547.870818833006,SCALE,0.0,3.0,COOLDOWN,0.24595636449470615,0.0
1704155880.0,7546.912252158006,SCALE,0.0,3.0,COOLDOWN,0.24605212674578864,0.0
1704155940.0,7547.447600433005,SCALE,0.0,3.0,COOLDOWN,0.2459986446487534,0.0
1704156000.0,7549.035819483005,SCALE,0.0,3.0,COOLDOWN,0.2458399791793534,0.0
1704156060.0,7552.955189883005,SCALE,0.0,3.0,COOLDOWN,0.24544842818752488,0.0
1704156120.0,7555.256439933006,SCALE,0.0,3.0,COOLDOWN,0.24521852984989306,0.0
1704156180.0,7557.556539933005,SCALE,0.0,3.0,COOLDOWN,0.24498874640398435,0.0
1704156240.0,7555.883217183005,SCALE,0.0,3.0,COOLDOWN,0.24515591386088298,0.0
1704156300.0,7553.127122358005,SCALE,0.0,3.0,COOLDOWN,0.2454312518749432,0.0
1704156360.0,7553.387608683006,SCALE,0.0,3.0,COOLDOWN,0.24540522889969393,0.0
1704156420.0,7559.677232133005,SCALE,0.0,3.0,COOLDOWN,0.24477688606685644,0.0
1704156480.0,7559.792812158005,SCALE,0.0,3.0,COOLDOWN,0.24476533944869955,0.0
1704156540.0,7554.358825908005,SCALE,0.0,3.0,COOLDOWN,0.24530820283965904,0.0
1704156600.0,7558.804919208005,SCALE,0.0,3.0,COOLDOWN,0.24486403143871735,0.0
1704156660.0,7557.512838033005,SCALE,0.0,3.0,COOLDOWN,0.2449931122894566,0.0
1704156720.0,7557.722722158005,SCALE,0.0,3.0,COOLDOWN,0.24497214455001745,0.0
1704156780.0,7560.091825158005,SCALE,0.0,3.0,COOLDOWN,0.24473546760073142,0.0
1704156840.0,7561.862327133005,SCALE,0.0,3.0,COOLDOWN,0.24455859179324313,0.0
1704156900.0,7562.351673408006,SCALE,0.0,3.0,COOLDOWN,0.24450970536512598,0.0
1704156960.0,7564.039946808006,SCALE,0.0,3.0,COOLDOWN,0.24434104431582893,0.0
1704157020.0,7573.363402158006,SCALE,0.0,3.0,COOLDOWN,0.24340961711783773,0.0
1704157080.0,7572.602069058005,SCALE,0.0,3.0,COOLDOWN,0.24348567543843358,0.0
1704157140.0,10066.725926282168,PRO,0.0,3.0,COOLDOWN,0.0,0.05
1704157200.0,10066.725926282168,PRO,0.0,3.0,COOLDOWN,0.0,0.1
1704157260.0,10066.725926282168,PRO,0.0,3.0,COOLDOWN,0.0,0.15
1704157320.0,10066.725926282168,PRO,0.0,3.0,COOLDOWN,0.0,0.2
1704157380.0,10066.725926282168,PRO,0.0,3.0,SAFE,0.0,0.25
1704157440.0,10066.725926282168,PRO,0.0,3.0,NORMAL,0.0,0.3
1704157500.0,10066.725926282168,PRO,0.0,3.0,NORMAL,0.0,0.35
1704157560.0,10066.725926282168,PRO,0.0,3.0,NORMAL,0.0,0.4
1704157620.0,10066.725926282168,PRO,0.0,3.0,NORMAL,0.0,0.45
1704157680.0,10066.725926282168,PRO,0.0,3.0,NORMAL,0.0,0.5
1704157740.0,10066.725926282168,PRO,0.0,3.0,NORMAL,0.0,0.5
1704157800.0,10066.725926282168,PRO,0.0,3.0,NORMAL,0.0,0.5
1704157860.0,10066.725926282168,PRO,0.0,3.0,NORMAL,0.0,0.5
1704157920.0,10066.725926282168,PRO,0.0,3.0,NORMAL,0.0,0.5
1704157980.0,10066.725926282168,PRO,0.0,3.0,NORMAL,0.0,0.5
1704158040.0,10066.725926282168,PRO,0.0,3.0,NORMAL,0.0,0.5
1704158100.0,10066.725926282168,PRO,0.0,3.0,NORMAL,0.0,0.5
1704158160.0,10066.725926282168,PRO,0.005,3.0,NORMAL,0.0,0.5
1704158220.0,10066.725926282168,PRO,0.005,3.0,NORMAL,0.0,0.5
1704158280.0,10066.725926282168,PRO,0.005,3.0,NORMAL,0.0,0.5
1704158340.0,10066.725926282168,PRO,0.005,3.0,NORMAL,0.0,0.5
1704158400.0,10066.725926282168,PRO,0.005,3.0,NORMAL,0.0,0.5
1704158460.0,10066.725926282168,PRO,0.005,3.0,NORMAL,0.0,0.5
1704158520.0,10066.725926282168,PRO,0.005,3.0,NORMAL,0.0,0.5
1704158580.0,10066.725926282168,PRO,0.005,3.0,NORMAL,0.0,0.5
1704158640.0,10066.725926282168,PRO,0.005,3.0,NORMAL,0.0,0.5
1704158700.0,10066.725926282168,PRO,0.005,3.0,NORMAL,0.0,0.5
1704158760.0,10066.725926282168,PRO,0.005,3.0,NORMAL,0.0,0.5
1704158820.0,8806.871541393732,SCALE,0.005,3.0,COOLDOWN,0.12515036111186992,0.5
1704158880.0,8803.746721107733,SCALE,0.005,3.0,COOLDOWN,0.1254607718957615,0.5
1704158940.0,8803.917125217733,SCALE,0.005,3.0,COOLDOWN,0.1254438444348126,0.5
1704159000.0,8803.957351761732,SCALE,0.005,3.0,COOLDOWN,0.12543984844403136,0.5
1704159060.0,8805.076152516733,SCALE,0.005,3.0,COOLDOWN,0.12532870995042442,0.5
1704159120.0,8804.330005995733,SCALE,0.005,3.0,COOLDOWN,0.12540283002943162,0.5
1704159180.0,8803.973274768732,SCALE,0.005,3.0,COOLDOWN,0.12543826669768035,0.5
1704159240.0,8803.030185792732,SCALE,0.005,3.0,COOLDOWN,0.12553195048155474,0.5
1704159300.0,8801.706341403733,SCALE,0.005,3.0,COOLDOWN,0.12566345742817206,0.5
1704159360.0,8801.552698353733,SCALE,0.005,3.0,COOLDOWN,0.125678719892962,0.5
1704159420.0,8800.613799642733,SCALE,0.005,3.0,COOLDOWN,0.12577198742779658,0.5
1704159480.0,8800.690621167732,SCALE,0.005,3.0,COOLDOWN,0.1257643561954017,0.5
1704159540.0,8800.837280442733,SCALE,0.005,3.0,COOLDOWN,0.12574978747901125,0.5
1704159600.0,8803.623806667732,SCALE,0.005,3.0,COOLDOWN,0.12547298186759348,0.5
1704159660.0,8801.706620754732,SCALE,0.005,3.0,COOLDOWN,0.12566342967823613,0.5
1704159720.0,8800.580277522733,SCALE,0.005,3.0,COOLDOWN,0.1257753174201144,0.5
1704159780.0,8801.780090067732,SCALE,0.005,3.0,COOLDOWN,0.12565613144507295,0.5
1704159840.0,8800.464346857732,SCALE,0.005,3.0,COOLDOWN,0.1257868336435469,0.5
1704159900.0,8800.418533293732,SCALE,0.005,3.0,COOLDOWN,0.12579138463304793,0.5
1704159960.0,8800.023810330733,SCALE,0.005,3.0,COOLDOWN,0.12583059529259005,0.5
1704160020.0,8799.133239342733,SCALE,0.005,3.0,COOLDOWN,0.12591906208849982,0.5
1704160080.0,8799.719876442732,SCALE,0.005,3.0,COOLDOWN,0.12586078722293825,0.5
1704160140.0,8797.246502688733,SCALE,0.005,3.0,COOLDOWN,0.12610648515612044,0.5
1704160200.0,8798.169478392732,SCALE,0.005,3.0,COOLDOWN,0.12601479936763685,0.5
1704160260.0,8798.133162762733,SCALE,0.005,3.0,COOLDOWN,0.1260184068593144,0.5
1704160320.0,8799.719876442732,SCALE,0.005,3.0,COOLDOWN,0.12586078722293825,0.5
1704160380.0,8799.890001201733,SCALE,0.005,3.0,COOLDOWN,0.1258438875119253,0.5
1704160440.0,8800.069623894733,SCALE,0.005,3.0,COOLDOWN,0.12582604430308902,0.5
1704160500.0,8801.620021944733,SCALE,0.005,3.0,COOLDOWN,0.12567203215839043,0.5
1704160560.0,8802.142408314732,SCALE,0.005,3.0,COOLDOWN,0.12562013977810466,0.5
1704160620.0,8803.125444483732,SCALE,0.005,3.0,COOLDOWN,0.1255224877533849,0.5
1704160680.0,8801.426990403732,SCALE,0.005,3.0,COOLDOWN,0.1256912073641539,0.5
1704160740.0,8801.842105989732,SCALE,0.005,3.0,COOLDOWN,0.12564997095928504,0.5
1704160800.0,8802.719826831732,SCALE,0.005,3.0,COOLDOWN,0.12556278066043047,0.5
1704160860.0,8802.879615603733,SCALE,0.005,3.0,COOLDOWN,0.12554690769704874,0.5
1704160920.0,8803.999813113733,SCALE,0.005,3.0,COOLDOWN,0.12543563045376205,0.5
1704160980.0,8804.231115741733,SCALE,0.005,3.0,COOLDOWN,0.12541265350676908,0.5
1704161040.0,8804.414369997732,SCALE,0.005,3.0,COOLDOWN,0.1253944495487652,0.5
1704161100.0,8804.133901593732,SCALE,0.005,3.0,COOLDOWN,0.12542231048449087,0.5
1704161160.0,8803.877178024732,SCALE,0.005,3.0,COOLDOWN,0.12544781267565813,0.5
1704161220.0,8804.412973242732,SCALE,0.005,3.0,COOLDOWN,0.12539458829844513,0.5
1704161280.0,8804.649862890732,SCALE,0.005,3.0,COOLDOWN,0.1253710563527326,0.5
1704161340.0,8805.293766945733,SCALE,0.005,3.0,COOLDOWN,0.12530709275029459,0.5
1704161400.0,8804.022161193732,SCALE,0.005,3.0,COOLDOWN,0.12543341045888354,0.5
1704161460.0,8805.251305593732,SCALE,0.005,3.0,COOLDOWN,0.1253113107405639,0.5
1704161520.0,8805.700781352733,SCALE,0.005,3.0,COOLDOWN,0.12526666109356926,0.5
1704161580.0,8804.289500100733,SCALE,0.005,3.0,COOLDOWN,0.12540685377014898,0.5
1704161640.0,8805.317511780733,SCALE,0.005,3.0,COOLDOWN,0.12530473400573613,0.5
1704161700.0,8805.977618193732,SCALE,0.005,3.0,COOLDOWN,0.1252391609070114,0.5
1704161760.0,8804.848760802732,SCALE,0.005,3.0,COOLDOWN,0.12535129839831363,0.5
1704161820.0,8803.444742676733,SCALE,0.005,3.0,COOLDOWN,0.12549076957655772,0.5
1704161880.0,8803.128237993733,SCALE,0.005,3.0,COOLDOWN,0.12552221025402502,0.5
1704161940.0,8803.719624060732,SCALE,0.005,3.0,COOLDOWN,0.1254634636395518,0.5
1704162000.0,8804.573041365733,SCALE,0.005,3.0,COOLDOWN,0.1253786875851275,0.5
1704162060.0,8805.715028253733,SCALE,0.005,3.0,COOLDOWN,0.12526524584683413,0.5
1704162120.0,8807.039990046733,SCALE,0.005,3.0,COOLDOWN,0.1251336279004728,0.5
1704162180.0,8806.764270609732,SCALE,0.005,3.0,COOLDOWN,0.12516101708728683,0.5
1704162240.0,8805.570883137732,SCALE,0.005,3.0,COOLDOWN,0.1252795648138008,0.5
1704162300.0,8806.652250858733,SCALE,0.005,3.0,COOLDOWN,0.12517214481161543,0.5
1704162360.0,8807.262632793732,SCALE,0.005,3.0,COOLDOWN,0.1251115112014954,0.5
1704162420.0,8807.821334793733,SCALE,0.005,3.0,COOLDOWN,0.12505601132953192,0.5
1704162480.0,8808.268296393733,SCALE,0.005,3.0,COOLDOWN,0.12501161143196107,0.5
1704162540.0,8808.659108442733,SCALE,0.005,3.0,COOLDOWN,0.12497278927152268,0.5
1704162600.0,8808.659108442733,SCALE,0.005,3.0,COOLDOWN,0.12497278927152268,0.5
1704162660.0,8808.595695765733,SCALE,0.005,3.0,COOLDOWN,0.12497908850699053,0.5
1704162720.0,8809.155515169732,SCALE,0.005,3.0,COOLDOWN,0.1249234776352832,0.5
1704162780.0,8810.087430105732,SCALE,0.005,3.0,COOLDOWN,0.12483090384884814,0.5
1704162840.0,8809.864508007733,SCALE,0.005,3.0,COOLDOWN,0.12485304829776146,0.5
1704162900.0,8809.903896498732,SCALE,0.005,3.0,COOLDOWN,0.12484913555678813,0.5
1704162960.0,8809.886856087733,SCALE,0.005,3.0,COOLDOWN,0.12485082830288297,0.5
1704163020.0,8810.482153068733,SCALE,0.005,3.0,COOLDOWN,0.12479169318930583,0.5
1704163080.0,8810.809552440733,SCALE,0.005,3.0,COOLDOWN,0.12475917026433529,0.5
1704163140.0,8810.940568059732,SCALE,0.005,3.0,COOLDOWN,0.12474615554435993,0.5
1704163200.0,8812.238153454733,SCALE,0.005,3.0,COOLDOWN,0.12461725709172466,0.5
1704163260.0,8812.570301793732,SCALE,0.005,3.0,COOLDOWN,0.12458426241784247,0.5
1704163320.0,8812.188149625732,SCALE,0.005,3.0,COOLDOWN,0.1246222243302655,0.5
1704163380.0,8813.774863305733,SCALE,0.005,3.0,COOLDOWN,0.12446460469388917,0.5
1704163440.0,8814.099748518733,SCALE,0.005,3.0,COOLDOWN,0.12443233151834242,0.5
1704163500.0,8813.194651278733,SCALE,0.005,3.0,COOLDOWN,0.12452224131092324,0.5
1704163560.0,8812.290950793733,SCALE,0.005,3.0,COOLDOWN,0.12461201235382413,0.5
1704163620.0,8812.682042193732,SCALE,0.005,3.0,COOLDOWN,0.1245731624434498,0.5
1704163680.0,8812.880102052732,SCALE,0.005,3.0,COOLDOWN,0.12455348773883877,0.5
1704163740.0,8811.672188328732,SCALE,0.005,3.0,COOLDOWN,0.12467347846202377,0.5
1704163800.0,8810.888608773732,SCALE,0.005,3.0,COOLDOWN,0.12475131703245254,0.5
1704163860.0,8812.779256341733,SCALE,0.005,3.0,COOLDOWN,0.12456350546572802,0.5
1704163920.0,8812.562479965733,SCALE,0.005,3.0,COOLDOWN,0.12458503941604991,0.5
1704163980.0,8812.863061641732,SCALE,0.005,3.0,COOLDOWN,0.12455518048493361,0.5
1704164040.0,8812.936530954732,SCALE,0.005,3.0,COOLDOWN,0.12454788225177042,0.5
1704164100.0,8813.910907242733,SCALE,0.005,3.0,COOLDOWN,0.12445109047506607,0.5
1704164160.0,8814.630236067733,SCALE,0.005,3.0,COOLDOWN,0.12437963438991309,0.5
1704164220.0,8815.220784081732,SCALE,0.005,3.0,COOLDOWN,0.1243209710252478,0.5
1704164280.0,8816.174488395733,SCALE,0.005,3.0,COOLDOWN,0.12422623274380608,0.5
1704164340.0,8816.452163289732,SCALE,0.005,3.0,COOLDOWN,0.12419864930744028,0.5
1704164400.0,8814.485811600733,SCALE,0.005,3.0,COOLDOWN,0.12439398110681567,0.5
1704164460.0,8813.794697226733,SCALE,0.005,3.0,COOLDOWN,0.12446263444843446,0.5
1704164520.0,8812.703831571733,SCALE,0.005,3.0,COOLDOWN,0.12457099794844315,0.5
1704164580.0,8811.807394212732,SCALE,0.005,3.0,COOLDOWN,0.12466004749300859,0.5
1704164640.0,8809.776791793733,SCALE,0.005,3.0,COOLDOWN,0.12486176177765977,0.5
1704164700.0,8811.899300691732,SCALE,0.005,3.0,COOLDOWN,0.12465091776407064,0.5
1704164760.0,8811.090579546733,SCALE,0.005,3.0,COOLDOWN,0.12473125382873759,0.5
1704164820.0,8810.717645961733,SCALE,0.005,3.0,COOLDOWN,0.12476829999327324,0.5
1704164880.0,8811.522735543733,SCALE,0.005,3.0,COOLDOWN,0.12468832467777391,0.5
1704164940.0,8810.872965117733,SCALE,0.005,3.0,COOLDOWN,0.12475287102886742,0.5
1704165000.0,8812.411909776733,SCALE,0.005,3.0,COOLDOWN,0.12459999663154407,0.5
1704165060.0,8812.011599793732,SCALE,0.005,3.0,COOLDOWN,0.12463976228980597,0.5
1704165120.0,8813.059724745732,SCALE,0.005,3.0,COOLDOWN,0.12453564453000251,0.5
1704165180.0,8813.185153344733,SCALE,0.005,3.0,COOLDOWN,0.12452318480874655,0.5
1704165240.0,8812.862223588732,SCALE,0.005,3.0,COOLDOWN,0.12455526373474153,0.5
1704165300.0,8814.184112520732,SCALE,0.005,3.0,COOLDOWN,0.124423951037676,0.5
1704165360.0,8813.967056793732,SCALE,0.005,3.0,COOLDOWN,0.12444551273793382,0.5
1704165420.0,8814.415135797732,SCALE,0.005,3.0,COOLDOWN,0.12440100184061914,0.5
1704165480.0,8812.456885287733,SCALE,0.005,3.0,COOLDOWN,0.12459552889185099,0.5
1704165540.0,8812.109372643732,SCALE,0.005,3.0,COOLDOWN,0.12463004981221235,0.5
1704165600.0,8812.337043708732,SCALE,0.005,3.0,COOLDOWN,0.1246074336143872,0.5
1704165660.0,8811.676099242732,SCALE,0.005,3.0,COOLDOWN,0.12467308996292005,0.5
1704165720.0,8812.441800333732,SCALE,0.005,3.0,COOLDOWN,0.12459702738839405,0.5
1704165780.0,8814.489443163733,SCALE,0.005,3.0,COOLDOWN,0.12439362035764785,0.5
1704165840.0,8815.143403854732,SCALE,0.005,3.0,COOLDOWN,0.1243286577575147,0.5
1704165900.0,8814.893105358733,SCALE,0.005,3.0,COOLDOWN,0.12435352170015426,0.5
1704165960.0,8812.663884378733,SCALE,0.005,3.0,COOLDOWN,0.12457496618928848,0.5
1704166020.0,8814.144724029733,SCALE,0.005,3.0,COOLDOWN,0.12442786377864933,0.5
1704166080.0,8814.402844353732,SCALE,0.005,3.0,COOLDOWN,0.12440222283780232,0.5
1704166140.0,8814.713203314732,SCALE,0.005,3.0,COOLDOWN,0.12437139265892662,0.5
1704166200.0,8816.015258325733,SCALE,0.005,3.0,COOLDOWN,0.12424205020731562,0.5
1704166260.0,8816.062189293732,SCALE,0.005,3.0,COOLDOWN,0.12423738821807076,0.5
1704166320.0,8815.523041863733,SCALE,0.005,3.0,COOLDOWN,0.12429094559451545,0.5
1704166380.0,8815.810773393732,SCALE,0.005,3.0,COOLDOWN,0.12426236316045433,0.5
1704166440.0,8814.972999744732,SCALE,0.005,3.0,COOLDOWN,0.12434558521846358,0.5
1704166500.0,8814.749239593733,SCALE,0.005,3.0,COOLDOWN,0.12436781291718482,0.5
1704166560.0,8815.076918316732,SCALE,0.005,3.0,COOLDOWN,0.12433526224227835,0.5
1704166620.0,8814.698956413733,SCALE,0.005,3.0,COOLDOWN,0.12437280790566158,0.5
1704166680.0,8815.507118856733,SCALE,0.005,3.0,COOLDOWN,0.12429252734086645,0.5
1704166740.0,8815.850161884733,SCALE,0.005,3.0,COOLDOWN,0.12425845041948083,0.5
1704166800.0,8816.389868016733,SCALE,0.005,3.0,COOLDOWN,0.12420483754316411,0.5
1704166860.0,8818.380802593732,SCALE,0.005,3.0,COOLDOWN,0.12400706374942236,0.5
1704166920.0,8818.004796147732,SCALE,0.005,3.0,COOLDOWN,0.1240444151632538,0.5
1704166980.0,8818.467401403732,SCALE,0.005,3.0,COOLDOWN,0.12399846126926807,0.5
1704167040.0,8817.543587646733,SCALE,0.005,3.0,COOLDOWN,0.12409023030755958,0.5
1704167100.0,8817.908420052732,SCALE,0.005,3.0,COOLDOWN,0.12405398889116749,0.5
1704167160.0,8817.047460270733,SCALE,0.005,3.0,COOLDOWN,0.12413951419386315,0.5
1704167220.0,8816.291815815732,SCALE,0.005,3.0,COOLDOWN,0.12421457777069383,0.5
1704167280.0,8815.697915589733,SCALE,0.005,3.0,COOLDOWN,0.12427357413459085,0.5
1704167340.0,8815.641486687733,SCALE,0.005,3.0,COOLDOWN,0.12427917962165919,0.5
1704167400.0,8817.598340442732,SCALE,0.005,3.0,COOLDOWN,0.12408479132010729,0.5
1704167460.0,8817.072043158732,SCALE,0.005,3.0,COOLDOWN,0.12413707219949678,0.5
1704167520.0,8816.771461482733,SCALE,0.005,3.0,COOLDOWN,0.1241669311306131,0.5
1704167580.0,8816.397410493733,SCALE,0.005,3.0,COOLDOWN,0.12420408829489259,0.5
1704167640.0,8816.481774495733,SCALE,0.005,3.0,COOLDOWN,0.12419570781422616,0.5
1704167700.0,8816.053529412733,SCALE,0.005,3.0,COOLDOWN,0.12423824846608612,0.5
1704167760.0,8816.075039439733,SCALE,0.005,3.0,COOLDOWN,0.12423611172101556,0.5
1704167820.0,8816.034254193732,SCALE,0.005,3.0,COOLDOWN,0.12424016321166902,0.5
1704167880.0,8816.599381266733,SCALE,0.005,3.0,COOLDOWN,0.12418402509117783,0.5
1704167940.0,8817.106403331733,SCALE,0.005,3.0,COOLDOWN,0.12413365895737102,0.5
1704168000.0,8816.791574754732,SCALE,0.005,3.0,COOLDOWN,0.12416493313522246,0.5
1704168060.0,8817.190487982733,SCALE,0.005,3.0,COOLDOWN,0.12412530622664052,0.5
1704168120.0,8816.389868016733,SCALE,0.005,3.0,COOLDOWN,0.12420483754316411,0.5
1704168180.0,8817.606162270733,SCALE,0.005,3.0,COOLDOWN,0.12408401432189965,0.5
1704168240.0,8816.210804025732,SCALE,0.005,3.0,COOLDOWN,0.12422262525212854,0.5
1704168300.0,8815.699591695733,SCALE,0.005,3.0,COOLDOWN,0.12427340763497499,0.5
1704168360.0,8813.696365674732,SCALE,0.005,3.0,COOLDOWN,0.1244724024259001,0.5
1704168420.0,8814.131315181732,SCALE,0.005,3.0,COOLDOWN,0.12442919577557654,0.5
1704168480.0,8812.880660754732,SCALE,0.005,3.0,COOLDOWN,0.12455343223896675,0.5
1704168540.0,8812.734560181732,SCALE,0.005,3.0,COOLDOWN,0.12456794545548519,0.5
1704168600.0,8813.307509082733,SCALE,0.005,3.0,COOLDOWN,0.12451103033678655,0.5
1704168660.0,8813.967056793732,SCALE,0.005,3.0,COOLDOWN,0.12444551273793382,0.5
1704168720.0,8814.190258242732,SCALE,0.005,3.0,COOLDOWN,0.12442334053908441,0.5
1704168780.0,8815.531422393733,SCALE,0.005,3.0,COOLDOWN,0.12429011309643599,0.5
1704168840.0,8816.760566793733,SCALE,0.005,3.0,COOLDOWN,0.12416801337811634,0.5
1704168900.0,8815.681433880733,SCALE,0.005,3.0,COOLDOWN,0.12427521138081385,0.5
1704168960.0,8814.374350551732,SCALE,0.005,3.0,COOLDOWN,0.12440505333127241,0.5
1704169020.0,8815.278051036732,SCALE,0.005,3.0,COOLDOWN,0.12431528228837153,0.5
1704169080.0,8814.774381183732,SCALE,0.005,3.0,COOLDOWN,0.12436531542294663,0.5
1704169140.0,8813.658653289733,SCALE,0.005,3.0,COOLDOWN,0.12447614866725758,0.5
1704169200.0,8814.525758793732,SCALE,0.005,3.0,COOLDOWN,0.12439001286597032,0.5
1704169260.0,8814.963781161732,SCALE,0.005,3.0,COOLDOWN,0.12434650096635096,0.5
1704169320.0,8814.315128139733,SCALE,0.005,3.0,COOLDOWN,0.12441093631770045,0.5
1704169380.0,8814.922995915733,SCALE,0.005,3.0,COOLDOWN,0.12435055245700423,0.5
1704169440.0,8814.146400135733,SCALE,0.005,3.0,COOLDOWN,0.12442769727903348,0.5
1704169500.0,8814.689179128733,SCALE,0.005,3.0,COOLDOWN,0.12437377915342097,0.5
1704169560.0,8814.313452033732,SCALE,0.005,3.0,COOLDOWN,0.12441110281731649,0.5
1704169620.0,8814.585539907732,SCALE,0.005,3.0,COOLDOWN,0.12438407437967026,0.5
1704169680.0,8814.690017181732,SCALE,0.005,3.0,COOLDOWN,0.12437369590361304,0.5
1704169740.0,8815.985926470732,SCALE,0.005,3.0,COOLDOWN,0.12424496395059381,0.5
1704169800.0,8815.084460793732,SCALE,0.005,3.0,COOLDOWN,0.12433451299400683,0.5
1704169860.0,8814.212885673733,SCALE,0.005,3.0,COOLDOWN,0.12442109279426981,0.5
1704169920.0,8813.516463630733,SCALE,0.005,3.0,COOLDOWN,0.12449027338467228,0.5
1704169980.0,8813.964821985732,SCALE,0.005,3.0,COOLDOWN,0.12444573473742168,0.5
1704170040.0,8813.436010542733,SCALE,0.005,3.0,COOLDOWN,0.12449826536623497,0.5
1704170100.0,8813.520374544732,SCALE,0.005,3.0,COOLDOWN,0.12448988488556856,0.5
1704170160.0,8813.080955421732,SCALE,0.005,3.0,COOLDOWN,0.12453353553486786,0.5
1704170220.0,8813.717875701732,SCALE,0.005,3.0,COOLDOWN,0.12447026568082953,0.5
1704170280.0,8813.107214415733,SCALE,0.005,3.0,COOLDOWN,0.12453092704088546,0.5
1704170340.0,8811.620229042732,SCALE,0.005,3.0,COOLDOWN,0.12467863995011638,0.5
1704170400.0,8812.449622161732,SCALE,0.005,3.0,COOLDOWN,0.1245962503901866,0.5
1704170460.0,8812.880102052732,SCALE,0.005,3.0,COOLDOWN,0.12455348773883877,0.5
1704170520.0,8812.384254027733,SCALE,0.005,3.0,COOLDOWN,0.12460274387520624,0.5
1704170580.0,8812.007130177732,SCALE,0.005,3.0,COOLDOWN,0.1246402062887817,0.5
1704170640.0,8812.148761134733,SCALE,0.005,3.0,COOLDOWN,0.12462613707123883,0.5
1704170700.0,8812.139263200732,SCALE,0.005,3.0,COOLDOWN,0.12462708056906231,0.5
1704170760.0,8812.584828045732,SCALE,0.005,3.0,COOLDOWN,0.12458281942117141,0.5
1704170820.0,8812.094008338732,SCALE,0.005,3.0,COOLDOWN,0.12463157605869132,0.5
1704170880.0,8812.433978505733,SCALE,0.005,3.0,COOLDOWN,0.1245978043866015,0.5
1704170940.0,8812.026126045732,SCALE,0.005,3.0,COOLDOWN,0.12463831929313492,0.5
1704171000.0,8811.723309561732,SCALE,0.005,3.0,COOLDOWN,0.1246684002237391,0.5
1704171060.0,8811.746495694733,SCALE,0.005,3.0,COOLDOWN,0.1246660969790525,0.5
1704171120.0,8811.825831378732,SCALE,0.005,3.0,COOLDOWN,0.12465821599723381,0.5
1704171180.0,8811.544804272733,SCALE,0.005,3.0,COOLDOWN,0.12468613243283133,0.5
1704171240.0,8811.469658853732,SCALE,0.005,3.0,COOLDOWN,0.12469359716561054,0.5
1704171300.0,8811.064320552732,SCALE,0.005,3.0,COOLDOWN,0.12473386232272,0.5
1704171360.0,8811.177457707732,SCALE,0.005,3.0,COOLDOWN,0.1247226235986474,0.5
1704171420.0,8810.670714993732,SCALE,0.005,3.0,COOLDOWN,0.12477296198251829,0.5
1704171480.0,8810.809831791732,SCALE,0.005,3.0,COOLDOWN,0.12475914251439937,0.5
1704171540.0,8810.888608773732,SCALE,0.005,3.0,COOLDOWN,0.12475131703245254,0.5
1704171600.0,8810.196097644732,SCALE,0.005,3.0,COOLDOWN,0.12482010912375127,0.5
1704171660.0,8810.056422144733,SCALE,0.005,3.0,COOLDOWN,0.12483398409174201,0.5
1704171720.0,8810.223753393733,SCALE,0.005,3.0,COOLDOWN,0.12481736188008893,0.5
1704171780.0,8809.942726287733,SCALE,0.005,3.0,COOLDOWN,0.12484527831568663,0.5
1704171840.0,8809.326198630733,SCALE,0.005,3.0,COOLDOWN,0.12490652242439823,0.5
1704171900.0,8809.994964924732,SCALE,0.005,3.0,COOLDOWN,0.1248400890776581,0.5
1704171960.0,8811.005377491732,SCALE,0.005,3.0,COOLDOWN,0.12473971755921212,0.5
1704172020.0,8811.745378290732,SCALE,0.005,3.0,COOLDOWN,0.12466620797879652,0.5
1704172080.0,8812.513872891732,SCALE,0.005,3.0,COOLDOWN,0.12458986790491082,0.5
1704172140.0,8813.257225902733,SCALE,0.005,3.0,COOLDOWN,0.1245160253252633,0.5
1704172200.0,8813.642730282732,SCALE,0.005,3.0,COOLDOWN,0.12447773041360857,0.5
1704172260.0,8813.480986053732,SCALE,0.005,3.0,COOLDOWN,0.12449379762654207,0.5
1704172320.0,8813.644127037733,SCALE,0.005,3.0,COOLDOWN,0.12447759166392863,0.5
1704172380.0,8814.469888593732,SCALE,0.005,3.0,COOLDOWN,0.12439556285316665,0.5
1704172440.0,8814.637499193732,SCALE,0.005,3.0,COOLDOWN,0.12437891289157767,0.5
1704172500.0,8814.936684114733,SCALE,0.005,3.0,COOLDOWN,0.12434919271014111,0.5
1704172560.0,8812.321679403733,SCALE,0.005,3.0,COOLDOWN,0.12460895986086618,0.5
1704172620.0,8812.849652793733,SCALE,0.005,3.0,COOLDOWN,0.12455651248186063,0.5
1704172680.0,8813.019498201733,SCALE,0.005,3.0,COOLDOWN,0.12453964052078377,0.5
1704172740.0,8812.905243642732,SCALE,0.005,3.0,COOLDOWN,0.1245509902446004,0.5
1704172800.0,8813.400812316733,SCALE,0.005,3.0,COOLDOWN,0.12450176185816866,0.5
1704172860.0,8813.129003793732,SCALE,0.005,3.0,COOLDOWN,0.12452876254587897,0.5
1704172920.0,8812.883454264733,SCALE,0.005,3.0,COOLDOWN,0.12455315473960688,0.5
1704172980.0,8812.884012966733,SCALE,0.005,3.0,COOLDOWN,0.12455309923973487,0.5
1704173040.0,8813.190461013732,SCALE,0.005,3.0,COOLDOWN,0.12452265755996306,0.5
1704173100.0,8812.923401457732,SCALE,0.005,3.0,COOLDOWN,0.12454918649876154,0.5
1704173160.0,8813.731284549733,SCALE,0.005,3.0,COOLDOWN,0.12446893368390233,0.5
1704173220.0,8812.765847493733,SCALE,0.005,3.0,COOLDOWN,0.12456483746265522,0.5
1704173280.0,8812.910271960733,SCALE,0.005,3.0,COOLDOWN,0.12455049074575265,0.5
1704173340.0,8813.159173701733,SCALE,0.005,3.0,COOLDOWN,0.12452576555279285,0.5
1704173400.0,8812.422245763732,SCALE,0.005,3.0,COOLDOWN,0.12459896988391285,0.5
1704173460.0,8812.261898289733,SCALE,0.005,3.0,COOLDOWN,0.12461489834716623,0.5
1704173520.0,8812.673661663732,SCALE,0.005,3.0,COOLDOWN,0.12457399494152926,0.5
1704173580.0,8812.782608553733,SCALE,0.005,3.0,COOLDOWN,0.1245631724664963,0.5
1704173640.0,8813.224821186732,SCALE,0.005,3.0,COOLDOWN,0.1245192443178373,0.5
1704173700.0,8813.224541835732,SCALE,0.005,3.0,COOLDOWN,0.12451927206777322,0.5
1704173760.0,8812.792385838733,SCALE,0.005,3.0,COOLDOWN,0.1245622012187369,0.5
1704173820.0,8813.268399942732,SCALE,0.005,3.0,COOLDOWN,0.12451491532782415,0.5
1704173880.0,8813.966777442733,SCALE,0.005,3.0,COOLDOWN,0.12444554048786974,0.5
1704173940.0,8814.011473602732,SCALE,0.005,3.0,COOLDOWN,0.12444110049811274,0.5
1704174000.0,8813.439083403733,SCALE,0.005,3.0,COOLDOWN,0.12449796011693919,0.5
1704174060.0,8813.240464842733,SCALE,0.005,3.0,COOLDOWN,0.12451769032142222,0.5
1704174120.0,8812.670030100733,SCALE,0.005,3.0,COOLDOWN,0.12457435569069689,0.5
1704174180.0,8812.999664280733,SCALE,0.005,3.0,COOLDOWN,0.12454161076623849,0.5
1704174240.0,8812.827584064733,SCALE,0.005,3.0,COOLDOWN,0.12455870472680321,0.5
1704174300.0,8812.347100344732,SCALE,0.005,3.0,COOLDOWN,0.12460643461669188,0.5
1704174360.0,8812.600192350732,SCALE,0.005,3.0,COOLDOWN,0.12458129317469244,0.5
1704174420.0,8813.921243229732,SCALE,0.005,3.0,COOLDOWN,0.12445006372743483,0.5
1704174480.0,8814.191096295732,SCALE,0.005,3.0,COOLDOWN,0.12442325728927649,0.5
1704174540.0,8813.675973051733,SCALE,0.005,3.0,COOLDOWN,0.12447442817122664,0.5
1704174600.0,8813.683515528732,SCALE,0.005,3.0,COOLDOWN,0.1244736789229553,0.5
1704174660.0,8812.391517153732,SCALE,0.005,3.0,COOLDOWN,0.1246020223768708,0.5
1704174720.0,8811.209303721733,SCALE,0.005,3.0,COOLDOWN,0.12471946010594542,0.5
1704174780.0,8809.665330744732,SCALE,0.005,3.0,COOLDOWN,0.12487283400211652,0.5
1704174840.0,8810.337449250732,SCALE,0.005,3.0,COOLDOWN,0.1248060676561445,0.5
1704174900.0,8810.495561916732,SCALE,0.005,3.0,COOLDOWN,0.12479036119237881,0.5
1704174960.0,8811.085271877733,SCALE,0.005,3.0,COOLDOWN,0.12473178107752127,0.5
1704175020.0,8811.228578940732,SCALE,0.005,3.0,COOLDOWN,0.12471754536036271,0.5
1704175080.0,8810.994482802733,SCALE,0.005,3.0,COOLDOWN,0.12474079980671537,0.5
1704175140.0,8810.879669541733,SCALE,0.005,3.0,COOLDOWN,0.12475220503040382,0.5
1704175200.0,8810.546962500732,SCALE,0.005,3.0,COOLDOWN,0.12478525520415822,0.5
1704175260.0,8810.362032138732,SCALE,0.005,3.0,COOLDOWN,0.12480362566177813,0.5
1704175320.0,8810.167603842732,SCALE,0.005,3.0,COOLDOWN,0.12482293961722137,0.5
1704175380.0,8809.761427488733,SCALE,0.005,3.0,COOLDOWN,0.12486328802413875,0.5
1704175440.0,8810.798378400732,SCALE,0.005,3.0,COOLDOWN,0.12476028026177463,0.5
1704175500.0,8810.936657145732,SCALE,0.005,3.0,COOLDOWN,0.12474654404346365,0.5
1704175560.0,8811.067393413732,SCALE,0.005,3.0,COOLDOWN,0.1247335570734242,0.5
1704175620.0,8810.167883193733,SCALE,0.005,3.0,COOLDOWN,0.12482291186728527,0.5
1704175680.0,8810.718763365732,SCALE,0.005,3.0,COOLDOWN,0.1247681889935294,0.5
1704175740.0,8810.810390493732,SCALE,0.005,3.0,COOLDOWN,0.12475908701452737,0.5
1704175800.0,8811.583913412733,SCALE,0.005,3.0,COOLDOWN,0.12468224744179392,0.5
1704175860.0,8811.702078885732,SCALE,0.005,3.0,COOLDOWN,0.12467050921887375,0.5
1704175920.0,8811.915223698732,SCALE,0.005,3.0,COOLDOWN,0.12464933601771964,0.5
1704175980.0,8812.458282042733,SCALE,0.005,3.0,COOLDOWN,0.12459539014217105,0.5
1704176040.0,8812.570860495733,SCALE,0.005,3.0,COOLDOWN,0.12458420691797045,0.5
1704176100.0,8811.584751465733,SCALE,0.005,3.0,COOLDOWN,0.124682164191986,0.5
1704176160.0,8812.321400052733,SCALE,0.005,3.0,COOLDOWN,0.1246089876108021,0.5
1704176220.0,8812.234801242732,SCALE,0.005,3.0,COOLDOWN,0.12461759009095655,0.5
1704176280.0,8812.402411842733,SCALE,0.005,3.0,COOLDOWN,0.12460094012936739,0.5
1704176340.0,8812.290671442732,SCALE,0.005,3.0,COOLDOWN,0.12461204010376023,0.5
1704176400.0,8811.730293336732,SCALE,0.005,3.0,COOLDOWN,0.12466770647533958,0.5
1704176460.0,8812.146805677732,SCALE,0.005,3.0,COOLDOWN,0.12462633132079078,0.5
1704176520.0,8812.187870274733,SCALE,0.005,3.0,COOLDOWN,0.12462225208020142,0.5
1704176580.0,8812.322517456732,SCALE,0.005,3.0,COOLDOWN,0.12460887661105824,0.5
1704176640.0,8812.600751052732,SCALE,0.005,3.0,COOLDOWN,0.12458123767482043,0.5
1704176700.0,8812.791268434732,SCALE,0.005,3.0,COOLDOWN,0.12456231221848092,0.5
1704176760.0,8813.603900493732,SCALE,0.005,3.0,COOLDOWN,0.12448158765471007,0.5
1704176820.0,8813.296335042733,SCALE,0.005,3.0,COOLDOWN,0.12451214033422589,0.5
1704176880.0,8813.003295843733,SCALE,0.005,3.0,COOLDOWN,0.12454125001707067,0.5
1704176940.0,8812.855239813733,SCALE,0.005,3.0,COOLDOWN,0.12455595748314105,0.5
1704177000.0,8812.178931042732,SCALE,0.005,3.0,COOLDOWN,0.12462314007815288,0.5
1704177060.0,8811.980033130732,SCALE,0.005,3.0,COOLDOWN,0.12464289803257185,0.5
1704177120.0,8811.883657035733,SCALE,0.005,3.0,COOLDOWN,0.12465247176048554,0.5
1704177180.0,8811.820244358732,SCALE,0.005,3.0,COOLDOWN,0.12465877099595339,0.5
1704177240.0,8811.572180670732,SCALE,0.005,3.0,COOLDOWN,0.12468341293910527,0.5
1704177300.0,8812.194574698733,SCALE,0.005,3.0,COOLDOWN,0.12462158608173782,0.5
1704177360.0,8812.553820084733,SCALE,0.005,3.0,COOLDOWN,0.12458589966406529,0.5
1704177420.0,8812.932620040732,SCALE,0.005,3.0,COOLDOWN,0.12454827075087416,0.5
1704177480.0,8812.171388565732,SCALE,0.005,3.0,COOLDOWN,0.12462388932642442,0.5
1704177540.0,8812.280614806732,SCALE,0.005,3.0,COOLDOWN,0.12461303910145553,0.5
1704177600.0,8813.631556242732,SCALE,0.005,3.0,COOLDOWN,0.12447884041104791,0.5
1704177660.0,8814.050862093733,SCALE,0.005,3.0,COOLDOWN,0.12443718775713923,0.5
1704177720.0,8814.190258242732,SCALE,0.005,3.0,COOLDOWN,0.12442334053908441,0.5
1704177780.0,8814.041922861732,SCALE,0.005,3.0,COOLDOWN,0.12443807575509071,0.5
1704177840.0,8814.106732293732,SCALE,0.005,3.0,COOLDOWN,0.1244316377699429,0.5
1704177900.0,8813.631835593733,SCALE,0.005,3.0,COOLDOWN,0.12447881266111181,0.5
1704177960.0,8813.625131169732,SCALE,0.005,3.0,COOLDOWN,0.12447947865957541,0.5
1704178020.0,8813.295776340732,SCALE,0.005,3.0,COOLDOWN,0.12451219583409791,0.5
1704178080.0,8812.714446909733,SCALE,0.005,3.0,COOLDOWN,0.12456994345087581,0.5
1704178140.0,8813.770114338733,SCALE,0.005,3.0,COOLDOWN,0.12446507644280083,0.5
1704178200.0,8814.332727252733,SCALE,0.005,3.0,COOLDOWN,0.12440918807173361,0.5
1704178260.0,8813.967056793732,SCALE,0.005,3.0,COOLDOWN,0.12444551273793382,0.5
1704178320.0,8813.264768379733,SCALE,0.005,3.0,COOLDOWN,0.12451527607699178,0.5
1704178380.0,8812.514431593732,SCALE,0.005,3.0,COOLDOWN,0.1245898124050388,0.5
1704178440.0,8812.977595551733,SCALE,0.005,3.0,COOLDOWN,0.12454380301118106,0.5
1704178500.0,8812.977874902732,SCALE,0.005,3.0,COOLDOWN,0.12454377526124515,0.5
1704178560.0,8813.078999964733,SCALE,0.005,3.0,COOLDOWN,0.12453372978441964,0.5
1704178620.0,8812.514710944733,SCALE,0.005,3.0,COOLDOWN,0.1245897846551027,0.5
1704178680.0,8812.067749344733,SCALE,0.005,3.0,COOLDOWN,0.12463418455267354,0.5
1704178740.0,8810.579925918733,SCALE,0.005,3.0,COOLDOWN,0.1247819807117122,0.5
1704178800.0,8811.165724965733,SCALE,0.005,3.0,COOLDOWN,0.12472378909595856,0.5
1704178860.0,8811.832815153732,SCALE,0.005,3.0,COOLDOWN,0.1246575222488343,0.5
1704178920.0,8812.147923081733,SCALE,0.005,3.0,COOLDOWN,0.12462622032104675,0.5
1704178980.0,8812.379505060733,SCALE,0.005,3.0,COOLDOWN,0.12460321562411789,0.5
1704179040.0,8812.554658137733,SCALE,0.005,3.0,COOLDOWN,0.12458581641425737,0.5
1704179100.0,8812.698803253732,SCALE,0.005,3.0,COOLDOWN,0.12457149744729089,0.5
1704179160.0,8813.352205242732,SCALE,0.005,3.0,COOLDOWN,0.12450659034702956,0.5
1704179220.0,8813.352484593732,SCALE,0.005,3.0,COOLDOWN,0.12450656259709365,0.5
1704179280.0,8813.820676869733,SCALE,0.005,3.0,COOLDOWN,0.12446005370438816,0.5
1704179340.0,8815.246763724732,SCALE,0.005,3.0,COOLDOWN,0.1243183902812015,0.5
1704179400.0,8816.820906609733,SCALE,0.005,3.0,COOLDOWN,0.12416201939194427,0.5
1704179460.0,8815.853793447732,SCALE,0.005,3.0,COOLDOWN,0.1242580896703132,0.5
1704179520.0,8816.140686924733,SCALE,0.005,3.0,COOLDOWN,0.12422959048605983,0.5
1704179580.0,8815.260451923732,SCALE,0.005,3.0,COOLDOWN,0.12431703053433837,0.5
1704179640.0,8815.344257223733,SCALE,0.005,3.0,COOLDOWN,0.12430870555354379,0.5
1704179700.0,8815.866084891733,SCALE,0.005,3.0,COOLDOWN,0.12425686867312984,0.5
1704179760.0,8814.501734607733,SCALE,0.005,3.0,COOLDOWN,0.12439239936046467,0.5
1704179820.0,8815.312411209732,SCALE,0.005,3.0,COOLDOWN,0.12431186904624576,0.5
1704179880.0,8815.588968699733,SCALE,0.005,3.0,COOLDOWN,0.1242843966096238,0.5
1704179940.0,8815.783117644733,SCALE,0.005,3.0,COOLDOWN,0.1242651104041165,0.5
1704180000.0,8816.965889778732,SCALE,0.005,3.0,COOLDOWN,0.12414761717516987,0.5
1704180060.0,8816.035092246733,SCALE,0.005,3.0,COOLDOWN,0.1242400799618609,0.5
1704180120.0,8817.039638442733,SCALE,0.005,3.0,COOLDOWN,0.1241402911920706,0.5
1704180180.0,8817.767068446732,SCALE,0.005,3.0,COOLDOWN,0.12406803035877426,0.5
1704180240.0,8819.133932889732,SCALE,0.005,3.0,COOLDOWN,0.12393224992201564,0.5
1704180300.0,8821.230462144733,SCALE,0.005,3.0,COOLDOWN,0.12372398665247264,0.5
1704180360.0,8821.427683950733,SCALE,0.005,3.0,COOLDOWN,0.12370439519766953,0.5
1704180420.0,8819.833427793732,SCALE,0.005,3.0,COOLDOWN,0.12386276408231738,0.5
1704180480.0,8818.548413193732,SCALE,0.005,3.0,COOLDOWN,0.12399041378783336,0.5
1704180540.0,8818.746752403733,SCALE,0.005,3.0,COOLDOWN,0.12397071133328624,0.5
1704180600.0,8817.444138690733,SCALE,0.005,3.0,COOLDOWN,0.12410010928476907,0.5
1704180660.0,8817.243005970733,SCALE,0.005,3.0,COOLDOWN,0.1241200892386759,0.5
1704180720.0,8815.037250474732,SCALE,0.005,3.0,COOLDOWN,0.12433920273318778,0.5
1704180780.0,8814.630236067733,SCALE,0.005,3.0,COOLDOWN,0.12437963438991309,0.5
1704180840.0,8816.385398400733,SCALE,0.005,3.0,COOLDOWN,0.12420528154213985,0.5
1704180900.0,8815.115189403732,SCALE,0.005,3.0,COOLDOWN,0.12433146050104887,0.5
1704180960.0,8814.970485585733,SCALE,0.005,3.0,COOLDOWN,0.12434583496788736,0.5
1704181020.0,8816.928456744732,SCALE,0.005,3.0,COOLDOWN,0.12415133566659142,0.5
1704181080.0,8817.791930685733,SCALE,0.005,3.0,COOLDOWN,0.1240655606144718,0.5
1704181140.0,8817.347762595733,SCALE,0.005,3.0,COOLDOWN,0.12410968301268276,0.5
1704181200.0,8817.765951042733,SCALE,0.005,3.0,COOLDOWN,0.12406814135851811,0.5
1704181260.0,8816.834315457732,SCALE,0.005,3.0,COOLDOWN,0.12416068739501725,0.5
1704181320.0,8818.685015832732,SCALE,0.005,3.0,COOLDOWN,0.12397684406913824,0.5
1704181380.0,8819.541505998732,SCALE,0.005,3.0,COOLDOWN,0.12389176276541831,0.5
1704181440.0,8820.571473135733,SCALE,0.005,3.0,COOLDOWN,0.12378944875145353,0.5
1704181500.0,8819.304336999732,SCALE,0.005,3.0,COOLDOWN,0.12391532246106676,0.5
1704181560.0,8819.939860524732,SCALE,0.005,3.0,COOLDOWN,0.12385219135670839,0.5
1704181620.0,8818.746473052732,SCALE,0.005,3.0,COOLDOWN,0.12397073908322233,0.5
1704181680.0,8819.705764386732,SCALE,0.005,3.0,COOLDOWN,0.12387544580306104,0.5
1704181740.0,8820.519793200732,SCALE,0.005,3.0,COOLDOWN,0.12379458248961023,0.5
1704181800.0,8819.523068832732,SCALE,0.005,3.0,COOLDOWN,0.12389359426119309,0.5
1704181860.0,8818.994816091732,SCALE,0.005,3.0,COOLDOWN,0.12394606939013454,0.5
1704181920.0,8819.945168193732,SCALE,0.005,3.0,COOLDOWN,0.12385166410792472,0.5
1704181980.0,8819.146783035732,SCALE,0.005,3.0,COOLDOWN,0.12393097342496044,0.5
1704182040.0,8818.596182214733,SCALE,0.005,3.0,COOLDOWN,0.1239856685487804,0.5
1704182100.0,8819.029734966733,SCALE,0.005,3.0,COOLDOWN,0.12394260064813677,0.5
1704182160.0,8819.027500158732,SCALE,0.005,3.0,COOLDOWN,0.12394282264762464,0.5
1704182220.0,8819.609667642733,SCALE,0.005,3.0,COOLDOWN,0.12388499178103862,0.5
1704182280.0,8818.327725903733,SCALE,0.005,3.0,COOLDOWN,0.12401233623725881,0.5
1704182340.0,8818.591153896732,SCALE,0.005,3.0,COOLDOWN,0.12398616804762815,0.5
1704182400.0,8819.469712791733,SCALE,0.005,3.0,COOLDOWN,0.12389889449896546,0.5
1704182460.0,8819.746828983732,SCALE,0.005,3.0,COOLDOWN,0.12387136656247166,0.5
1704182520.0,8818.776642960733,SCALE,0.005,3.0,COOLDOWN,0.12396774209013621,0.5
1704182580.0,8818.280236233733,SCALE,0.005,3.0,COOLDOWN,0.12401705372637568,0.5
1704182640.0,8817.878250144733,SCALE,0.005,3.0,COOLDOWN,0.12405698588425343,0.5
1704182700.0,8817.393855510732,SCALE,0.005,3.0,COOLDOWN,0.12410510427324582,0.5
1704182760.0,8816.279245020733,SCALE,0.005,3.0,COOLDOWN,0.12421582651781293,0.5
1704182820.0,8815.140610344733,SCALE,0.005,3.0,COOLDOWN,0.1243289352568744,0.5
1704182880.0,8815.636737720732,SCALE,0.005,3.0,COOLDOWN,0.12427965137057102,0.5
1704182940.0,8816.289022305733,SCALE,0.005,3.0,COOLDOWN,0.12421485527005353,0.5
1704183000.0,8816.791016052732,SCALE,0.005,3.0,COOLDOWN,0.12416498863509448,0.5
1704183060.0,8818.542826173732,SCALE,0.005,3.0,COOLDOWN,0.12399096878655294,0.5
1704183120.0,8820.168369642732,SCALE,0.005,3.0,COOLDOWN,0.12382949190907531,0.5
1704183180.0,8822.021863527732,SCALE,0.005,3.0,COOLDOWN,0.12364537108383643,0.5
1704183240.0,8823.922567731732,SCALE,0.005,3.0,COOLDOWN,0.12345656051941677,0.5
1704183300.0,8822.953778463732,SCALE,0.005,3.0,COOLDOWN,0.12355279729740137,0.5
1704183360.0,8823.291234471733,SCALE,0.005,3.0,COOLDOWN,0.12351927537473534,0.5
1704183420.0,8824.467581532732,SCALE,0.005,3.0,COOLDOWN,0.1234024203943164,0.5
1704183480.0,8826.090331491732,SCALE,0.005,3.0,COOLDOWN,0.12324122101619846,0.5
1704183540.0,8826.183634725732,SCALE,0.005,3.0,COOLDOWN,0.12323195253758057,0.5
1704183600.0,8826.928943193732,SCALE,0.005,3.0,COOLDOWN,0.12315791570838129,0.5
1704183660.0,8829.503162658733,SCALE,0.005,3.0,COOLDOWN,0.1229022000483095,0.5
1704183720.0,8828.604769842732,SCALE,0.005,3.0,COOLDOWN,0.1229914438424269,0.5
1704183780.0,8829.238058559733,SCALE,0.005,3.0,COOLDOWN,0.1229285347375562,0.5
1704183840.0,8828.213678442733,SCALE,0.005,3.0,COOLDOWN,0.12303029375280122,0.5
1704183900.0,8826.151509360732,SCALE,0.005,3.0,COOLDOWN,0.12323514378021846,0.5
1704183960.0,8826.146760393733,SCALE,0.005,3.0,COOLDOWN,0.12323561552913011,0.5
1704184020.0,8827.547426307732,SCALE,0.005,3.0,COOLDOWN,0.12309647735011774,0.5
1704184080.0,8826.748761798732,SCALE,0.005,3.0,COOLDOWN,0.12317581441708957,0.5
1704184140.0,8826.775858845733,SCALE,0.005,3.0,COOLDOWN,0.12317312267329923,0.5
1704184200.0,8826.604337331732,SCALE,0.005,3.0,COOLDOWN,0.12319016113399213,0.5
1704184260.0,8828.855068338733,SCALE,0.005,3.0,COOLDOWN,0.12296657989978715,0.5
1704184320.0,8826.011554509732,SCALE,0.005,3.0,COOLDOWN,0.12324904649814529,0.5
1704184380.0,8826.078878100732,SCALE,0.005,3.0,COOLDOWN,0.12324235876357371,0.5
1704184440.0,8825.427431568733,SCALE,0.005,3.0,COOLDOWN,0.12330707161428309,0.5
1704184500.0,8826.178606407733,SCALE,0.005,3.0,COOLDOWN,0.12323245203642813,0.5
1704184560.0,8827.632628362733,SCALE,0.005,3.0,COOLDOWN,0.12308801361964321,0.5
1704184620.0,8825.632754553733,SCALE,0.005,3.0,COOLDOWN,0.12328667541133644,0.5
1704184680.0,8826.118825293732,SCALE,0.005,3.0,COOLDOWN,0.12323839052272836,0.5
1704184740.0,8824.989129849733,SCALE,0.005,3.0,COOLDOWN,0.12335061126383837,0.5
1704184800.0,8824.267286865732,SCALE,0.005,3.0,COOLDOWN,0.1234223170984153,0.5
1704184860.0,8824.276784799733,SCALE,0.005,3.0,COOLDOWN,0.12342137360059181,0.5
1704184920.0,8824.750005393733,SCALE,0.005,3.0,COOLDOWN,0.12337436520903876,0.5
1704184980.0,8823.625896969732,SCALE,0.005,3.0,COOLDOWN,0.12348603095142936,0.5
1704185040.0,8824.517306010732,SCALE,0.005,3.0,COOLDOWN,0.12339748090571165,0.5
1704185100.0,8823.385934460732,SCALE,0.005,3.0,COOLDOWN,0.12350986814643769,0.5
1704185160.0,8823.386493162732,SCALE,0.005,3.0,COOLDOWN,0.12350981264656567,0.5
1704185220.0,8823.478120290732,SCALE,0.005,3.0,COOLDOWN,0.12350071066756364,0.5
1704185280.0,8824.023692793733,SCALE,0.005,3.0,COOLDOWN,0.12344651504259126,0.5
1704185340.0,8825.986971621733,SCALE,0.005,3.0,COOLDOWN,0.12325148849251166,0.5
1704185400.0,8826.141173373733,SCALE,0.005,3.0,COOLDOWN,0.12323617052784969,0.5
1704185460.0,8826.705741744732,SCALE,0.005,3.0,COOLDOWN,0.1231800879072307,0.5
1704185520.0,8826.420803724732,SCALE,0.005,3.0,COOLDOWN,0.12320839284193212,0.5
1704185580.0,8826.934250862732,SCALE,0.005,3.0,COOLDOWN,0.12315738845959763,0.5
1704185640.0,8828.079869313733,SCALE,0.005,3.0,COOLDOWN,0.12304358597213647,0.5
1704185700.0,8827.904157534733,SCALE,0.005,3.0,COOLDOWN,0.123061040681869,0.5
1704185760.0,8827.578154917732,SCALE,0.005,3.0,COOLDOWN,0.12309342485715978,0.5
1704185820.0,8827.532620704733,SCALE,0.005,3.0,COOLDOWN,0.12309794809672471,0.5
1704185880.0,8827.077278574732,SCALE,0.005,3.0,COOLDOWN,0.12314318049237499,0.5
1704185940.0,8827.076999223733,SCALE,0.005,3.0,COOLDOWN,0.12314320824231091,0.5
1704186000.0,8827.484292981733,SCALE,0.005,3.0,COOLDOWN,0.1231027488356495,0.5
1704186060.0,8827.667826588733,SCALE,0.005,3.0,COOLDOWN,0.12308451712770951,0.5
1704186120.0,8827.996064013732,SCALE,0.005,3.0,COOLDOWN,0.12305191095293105,0.5
1704186180.0,8828.524037403733,SCALE,0.005,3.0,COOLDOWN,0.12299946357392551,0.5
1704186240.0,8829.209564757732,SCALE,0.005,3.0,COOLDOWN,0.12293136523102646,0.5
1704186300.0,8829.219621393733,SCALE,0.005,3.0,COOLDOWN,0.12293036623333098,0.5
1704186360.0,8830.306855485733,SCALE,0.005,3.0,COOLDOWN,0.12282236348249011,0.5
1704186420.0,8827.934606793733,SCALE,0.005,3.0,COOLDOWN,0.12305801593884697,0.5
1704186480.0,8827.891586739732,SCALE,0.005,3.0,COOLDOWN,0.12306228942898828,0.5
1704186540.0,8826.324427629732,SCALE,0.005,3.0,COOLDOWN,0.12321796656984581,0.5
1704186600.0,8826.225258024733,SCALE,0.005,3.0,COOLDOWN,0.1232278177971192,0.5
1704186660.0,8826.000659820733,SCALE,0.005,3.0,COOLDOWN,0.12325012874564854,0.5
1704186720.0,8825.573811492732,SCALE,0.005,3.0,COOLDOWN,0.12329253064782875,0.5
1704186780.0,8825.737790529733,SCALE,0.005,3.0,COOLDOWN,0.12327624143540737,0.5
1704186840.0,8825.171825403733,SCALE,0.005,3.0,COOLDOWN,0.12333246280570631,0.5
1704186900.0,8825.699519442733,SCALE,0.005,3.0,COOLDOWN,0.12328004317663686,0.5
1704186960.0,8826.035019993733,SCALE,0.005,3.0,COOLDOWN,0.12324671550352277,0.5
1704187020.0,8826.801000435733,SCALE,0.005,3.0,COOLDOWN,0.12317062517906086,0.5
1704187080.0,8826.317443854732,SCALE,0.005,3.0,COOLDOWN,0.12321866031824533,0.5
1704187140.0,8825.926352454733,SCALE,0.005,3.0,COOLDOWN,0.12325751022861964,0.5
1704187200.0,8826.848210754733,SCALE,0.005,3.0,COOLDOWN,0.1231659354398799,0.5
1704187260.0,8826.945983604732,SCALE,0.005,3.0,COOLDOWN,0.12315622296228645,0.5
1704187320.0,8826.978947022733,SCALE,0.005,3.0,COOLDOWN,0.12315294846984046,0.5
1704187380.0,8827.592960520733,SCALE,0.005,3.0,COOLDOWN,0.12309195411055264,0.5
1704187440.0,8827.592681169732,SCALE,0.005,3.0,COOLDOWN,0.12309198186048874,0.5
1704187500.0,8827.198796259732,SCALE,0.005,3.0,COOLDOWN,0.12313110927022293,0.5
1704187560.0,8826.669984816732,SCALE,0.005,3.0,COOLDOWN,0.1231836398990364,0.5
1704187620.0,8828.965411983732,SCALE,0.005,3.0,COOLDOWN,0.12295561867507443,0.5
1704187680.0,8829.533891268733,SCALE,0.005,3.0,COOLDOWN,0.12289914755535154,0.5
1704187740.0,8829.083298105732,SCALE,0.005,3.0,COOLDOWN,0.12294390820209018,0.5
1704187800.0,8828.547502887732,SCALE,0.005,3.0,COOLDOWN,0.12299713257930317,0.5
1704187860.0,8828.928537651733,SCALE,0.005,3.0,COOLDOWN,0.12295928166662398,0.5
1704187920.0,8827.965614754732,SCALE,0.005,3.0,COOLDOWN,0.12305493569595309,0.5
1704187980.0,8826.649592193733,SCALE,0.005,3.0,COOLDOWN,0.12318566564436295,0.5
1704188040.0,8827.127282403733,SCALE,0.005,3.0,COOLDOWN,0.12313821325383416,0.5
1704188100.0,8826.487289262732,SCALE,0.005,3.0,COOLDOWN,0.12320178835716845,0.5
1704188160.0,8826.649033491733,SCALE,0.005,3.0,COOLDOWN,0.12318572114423496,0.5
1704188220.0,8825.699798793732,SCALE,0.005,3.0,COOLDOWN,0.12328001542670095,0.5
1704188280.0,8824.566471786733,SCALE,0.005,3.0,COOLDOWN,0.12339259691697875,0.5
1704188340.0,8825.449220946732,SCALE,0.005,3.0,COOLDOWN,0.1233049071192766,0.5
1704188400.0,8824.861466442733,SCALE,0.005,3.0,COOLDOWN,0.12336329298458201,0.5
1704188460.0,8825.196687642732,SCALE,0.005,3.0,COOLDOWN,0.12332999306140402,0.5
1704188520.0,8824.488253506732,SCALE,0.005,3.0,COOLDOWN,0.12340036689905376,0.5
1704188580.0,8823.521140344732,SCALE,0.005,3.0,COOLDOWN,0.1234964371774225,0.5
1704188640.0,8824.327626681732,SCALE,0.005,3.0,COOLDOWN,0.12341632311224322,0.5
1704188700.0,8824.135153842732,SCALE,0.005,3.0,COOLDOWN,0.12343544281813469,0.5
1704188760.0,8824.163368293732,SCALE,0.005,3.0,COOLDOWN,0.12343264007460052,0.5
1704188820.0,8825.659292898732,SCALE,0.005,3.0,COOLDOWN,0.1232840391674183,0.5
1704188880.0,8826.459912864733,SCALE,0.005,3.0,COOLDOWN,0.12320450785089453,0.5
1704188940.0,8826.314091642733,SCALE,0.005,3.0,COOLDOWN,0.12321899331747703,0.5
1704189000.0,8826.649592193733,SCALE,0.005,3.0,COOLDOWN,0.12318566564436295,0.5
1704189060.0,8826.260176899732,SCALE,0.005,3.0,COOLDOWN,0.1232243490551216,0.5
1704189120.0,8826.202351242733,SCALE,0.005,3.0,COOLDOWN,0.1232300932918697,0.5
1704189180.0,8824.634912781732,SCALE,0.005,3.0,COOLDOWN,0.12338579818266332,0.5
1704189240.0,8824.149400743732,SCALE,0.005,3.0,COOLDOWN,0.12343402757139955,0.5
1704189300.0,8824.634912781732,SCALE,0.005,3.0,COOLDOWN,0.12338579818266332,0.5
1704189360.0,8824.414784193732,SCALE,0.005,3.0,COOLDOWN,0.12340766513221693,0.5
1704189420.0,8824.395229623733,SCALE,0.005,3.0,COOLDOWN,0.12340960762773555,0.5
1704189480.0,8825.191379973732,SCALE,0.005,3.0,COOLDOWN,0.1233305203101877,0.5
1704189540.0,8824.679608941733,SCALE,0.005,3.0,COOLDOWN,0.12338135819290615,0.5
1704189600.0,8825.081036328733,SCALE,0.005,3.0,COOLDOWN,0.1233414815349004,0.5
1704189660.0,8825.264849286732,SCALE,0.005,3.0,COOLDOWN,0.12332322207702451,0.5
1704189720.0,8824.749726042732,SCALE,0.005,3.0,COOLDOWN,0.12337439295897486,0.5
1704189780.0,8824.302485091732,SCALE,0.005,3.0,COOLDOWN,0.1234188206064816,0.5
1704189840.0,8822.933944542732,SCALE,0.005,3.0,COOLDOWN,0.12355476754285609,0.5
1704189900.0,8823.237599079732,SCALE,0.005,3.0,COOLDOWN,0.12352460336244397,0.5
1704189960.0,8823.541253616733,SCALE,0.005,3.0,COOLDOWN,0.12349443918203169,0.5
1704190020.0,8822.915228025733,SCALE,0.005,3.0,COOLDOWN,0.12355662678856677,0.5
1704190080.0,8821.620994842733,SCALE,0.005,3.0,COOLDOWN,0.12368519224197015,0.5
1704190140.0,8822.743985862733,SCALE,0.005,3.0,COOLDOWN,0.12357363749932357,0.5
1704190200.0,8822.123826642732,SCALE,0.005,3.0,COOLDOWN,0.12363524235720316,0.5
1704190260.0,8822.626658442732,SCALE,0.005,3.0,COOLDOWN,0.12358529247243599,0.5
1704190320.0,8822.894835402732,SCALE,0.005,3.0,COOLDOWN,0.1235586525338935,0.5
1704190380.0,8822.508213618732,SCALE,0.005,3.0,COOLDOWN,0.12359705844529227,0.5
1704190440.0,8825.212051947732,SCALE,0.005,3.0,COOLDOWN,0.12332846681492504,0.5
1704190500.0,8825.085505944733,SCALE,0.005,3.0,COOLDOWN,0.12334103753592468,0.5
1704190560.0,8825.449220946732,SCALE,0.005,3.0,COOLDOWN,0.1233049071192766,0.5
1704190620.0,8825.420447793733,SCALE,0.005,3.0,COOLDOWN,0.1233077653626826,0.5
1704190680.0,8824.508925480732,SCALE,0.005,3.0,COOLDOWN,0.12339831340379111,0.5
1704190740.0,8824.104704583733,SCALE,0.005,3.0,COOLDOWN,0.12343846756115655,0.5
1704190800.0,8824.148003988732,SCALE,0.005,3.0,COOLDOWN,0.1234341663210795,0.5
1704190860.0,8823.450185190732,SCALE,0.005,3.0,COOLDOWN,0.1235034856611619,0.5
1704190920.0,8823.445156872733,SCALE,0.005,3.0,COOLDOWN,0.12350398516000946,0.5
1704190980.0,8824.155825816733,SCALE,0.005,3.0,COOLDOWN,0.12343338932287186,0.5
1704191040.0,8825.041927188733,SCALE,0.005,3.0,COOLDOWN,0.12334536652593782,0.5
1704191100.0,8822.794827744732,SCALE,0.005,3.0,COOLDOWN,0.12356858701097499,0.5
1704191160.0,8822.378594754733,SCALE,0.005,3.0,COOLDOWN,0.1236099344155877,0.5
1704191220.0,8822.914389972733,SCALE,0.005,3.0,COOLDOWN,0.1235567100383747,0.5
1704191280.0,8824.023692793733,SCALE,0.005,3.0,COOLDOWN,0.12344651504259126,0.5
1704191340.0,8823.965587785733,SCALE,0.005,3.0,COOLDOWN,0.12345228702927545,0.5
1704191400.0,8823.325594644733,SCALE,0.005,3.0,COOLDOWN,0.12351586213260957,0.5
1704191460.0,8823.721993713732,SCALE,0.005,3.0,COOLDOWN,0.12347648497345158,0.5
1704191520.0,8823.850495173732,SCALE,0.005,3.0,COOLDOWN,0.12346372000290001,0.5
1704191580.0,8823.038701167732,SCALE,0.005,3.0,COOLDOWN,0.12354436131686294,0.5
1704191640.0,8822.593415673733,SCALE,0.005,3.0,COOLDOWN,0.12358859471481774,0.5
1704191700.0,8822.455695630733,SCALE,0.005,3.0,COOLDOWN,0.1236022754332567,0.5
1704191760.0,8822.988697338733,SCALE,0.005,3.0,COOLDOWN,0.1235493285554036,0.5
1704191820.0,8823.370849506733,SCALE,0.005,3.0,COOLDOWN,0.12351136664298057,0.5
1704191880.0,8822.255400963733,SCALE,0.005,3.0,COOLDOWN,0.1236221721373556,0.5
1704191940.0,8821.649488644733,SCALE,0.005,3.0,COOLDOWN,0.12368236174850006,0.5
1704192000.0,8821.731059136733,SCALE,0.005,3.0,COOLDOWN,0.12367425876719333,0.5
1704192060.0,8821.453942944732,SCALE,0.005,3.0,COOLDOWN,0.12370178670368731,0.5
1704192120.0,8821.142187228732,SCALE,0.005,3.0,COOLDOWN,0.12373275563224295,0.5
1704192180.0,8821.453384242732,SCALE,0.005,3.0,COOLDOWN,0.12370184220355933,0.5
1704192240.0,8822.100640509732,SCALE,0.005,3.0,COOLDOWN,0.12363754560188958,0.5
1704192300.0,8821.377680121732,SCALE,0.005,3.0,COOLDOWN,0.12370936243621036,0.5
1704192360.0,8820.727350993733,SCALE,0.005,3.0,COOLDOWN,0.12377396428717571,0.5
1704192420.0,8819.833707144733,SCALE,0.005,3.0,COOLDOWN,0.12386273633238129,0.5
1704192480.0,8819.274446442732,SCALE,0.005,3.0,COOLDOWN,0.1239182917042168,0.5
1704192540.0,8819.889018642732,SCALE,0.005,3.0,COOLDOWN,0.12385724184505696,0.5
1704192600.0,8820.326761659733,SCALE,0.005,3.0,COOLDOWN,0.12381375769537352,0.5
1704192660.0,8819.051244993732,SCALE,0.005,3.0,COOLDOWN,0.1239404639030662,0.5
1704192720.0,8818.724683674733,SCALE,0.005,3.0,COOLDOWN,0.12397290357822882,0.5
1704192780.0,8820.057467295732,SCALE,0.005,3.0,COOLDOWN,0.12384050863366004,0.5
1704192840.0,8820.236251935732,SCALE,0.005,3.0,COOLDOWN,0.12382274867463171,0.5
1704192900.0,8819.781189156733,SCALE,0.005,3.0,COOLDOWN,0.1238679533203459,0.5
1704192960.0,8821.036592550732,SCALE,0.005,3.0,COOLDOWN,0.12374324510804403,0.5
1704193020.0,8820.844399062733,SCALE,0.005,3.0,COOLDOWN,0.12376233706399939,0.5
1704193080.0,8821.341923193733,SCALE,0.005,3.0,COOLDOWN,0.1237129144280159,0.5
1704193140.0,8822.207631942732,SCALE,0.005,3.0,COOLDOWN,0.12362691737640857,0.5
1704193200.0,8822.906288793733,SCALE,0.005,3.0,COOLDOWN,0.12355751478651825,0.5
1704193260.0,8823.297100842732,SCALE,0.005,3.0,COOLDOWN,0.12351869262607984,0.5
1704193320.0,8823.326712048733,SCALE,0.005,3.0,COOLDOWN,0.12351575113286573,0.5
1704193380.0,8823.744900495733,SCALE,0.005,3.0,COOLDOWN,0.12347420947870108,0.5
1704193440.0,8823.807754470732,SCALE,0.005,3.0,COOLDOWN,0.12346796574310523,0.5
1704193500.0,8824.582394793733,SCALE,0.005,3.0,COOLDOWN,0.12339101517062775,0.5
1704193560.0,8824.932421596732,SCALE,0.005,3.0,COOLDOWN,0.1233562445008428,0.5
1704193620.0,8823.978437931732,SCALE,0.005,3.0,COOLDOWN,0.12345101053222043,0.5
1704193680.0,8822.937855456732,SCALE,0.005,3.0,COOLDOWN,0.12355437904375235,0.5
1704193740.0,8822.693423331732,SCALE,0.005,3.0,COOLDOWN,0.12357866023773642,0.5
1704193800.0,8821.603954431732,SCALE,0.005,3.0,COOLDOWN,0.12368688498806515,0.5
1704193860.0,8821.260911403733,SCALE,0.005,3.0,COOLDOWN,0.1237209619094506,0.5
1704193920.0,8823.028644531732,SCALE,0.005,3.0,COOLDOWN,0.12354536031455825,0.5
1704193980.0,8822.464634862732,SCALE,0.005,3.0,COOLDOWN,0.12360138743530541,0.5
1704194040.0,8821.509533793733,SCALE,0.005,3.0,COOLDOWN,0.1236962644664269,0.5
1704194100.0,8821.621553544732,SCALE,0.005,3.0,COOLDOWN,0.12368513674209831,0.5
1704194160.0,8821.230462144733,SCALE,0.005,3.0,COOLDOWN,0.12372398665247264,0.5
1704194220.0,8820.545772843732,SCALE,0.005,3.0,COOLDOWN,0.12379200174556393,0.5
1704194280.0,8821.394161830733,SCALE,0.005,3.0,COOLDOWN,0.12370772518998736,0.5
1704194340.0,8821.815702489732,SCALE,0.005,3.0,COOLDOWN,0.123665850536591,0.5
1704194400.0,8822.068235793733,SCALE,0.005,3.0,COOLDOWN,0.1236407645944634,0.5
1704194460.0,8820.752492583733,SCALE,0.005,3.0,COOLDOWN,0.12377146679293734,0.5
1704194520.0,8820.113058144732,SCALE,0.005,3.0,COOLDOWN,0.12383498639639963,0.5
1704194580.0,8819.750739897732,SCALE,0.005,3.0,COOLDOWN,0.12387097806336794,0.5
1704194640.0,8821.006981344732,SCALE,0.005,3.0,COOLDOWN,0.12374618660125815,0.5
1704194700.0,8820.950552442733,SCALE,0.005,3.0,COOLDOWN,0.1237517920883263,0.5
1704194760.0,8819.978410962733,SCALE,0.005,3.0,COOLDOWN,0.1238483618655428,0.5
1704194820.0,8819.670845511733,SCALE,0.005,3.0,COOLDOWN,0.12387891454505863,0.5
1704194880.0,8819.829516879732,SCALE,0.005,3.0,COOLDOWN,0.12386315258142111,0.5
1704194940.0,8819.737610400733,SCALE,0.005,3.0,COOLDOWN,0.12387228231035906,0.5
1704195000.0,8820.297988506733,SCALE,0.005,3.0,COOLDOWN,0.1238166159387797,0.5
1704195060.0,8821.124029413733,SCALE,0.005,3.0,COOLDOWN,0.12373455937808163,0.5
1704195120.0,8819.623635192733,SCALE,0.005,3.0,COOLDOWN,0.12388360428423958,0.5
1704195180.0,8819.089795431732,SCALE,0.005,3.0,COOLDOWN,0.12393663441190081,0.5
1704195240.0,8818.212912642732,SCALE,0.005,3.0,COOLDOWN,0.12402374146094745,0.5
1704195300.0,8818.450919694733,SCALE,0.005,3.0,COOLDOWN,0.1240000985154909,0.5
1704195360.0,8818.079662215732,SCALE,0.005,3.0,COOLDOWN,0.12403697818041069,0.5
1704195420.0,8817.190487982733,SCALE,0.005,3.0,COOLDOWN,0.12412530622664052,0.5
1704195480.0,8816.222816118732,SCALE,0.005,3.0,COOLDOWN,0.12422143200488128,0.5
1704195540.0,8814.860979993733,SCALE,0.005,3.0,COOLDOWN,0.12435671294279216,0.5
1704195600.0,8815.195921842733,SCALE,0.005,3.0,COOLDOWN,0.12432344076955008,0.5
1704195660.0,8815.024400328732,SCALE,0.005,3.0,COOLDOWN,0.12434047923024298,0.5
1704195720.0,8814.303395397732,SCALE,0.005,3.0,COOLDOWN,0.1244121018150118,0.5
1704195780.0,8813.267841240733,SCALE,0.005,3.0,COOLDOWN,0.12451497082769598,0.5
1704195840.0,8812.737633042732,SCALE,0.005,3.0,COOLDOWN,0.12456764020618939,0.5
1704195900.0,8813.885486301733,SCALE,0.005,3.0,COOLDOWN,0.12445361571924037,0.5
1704195960.0,8814.757340772732,SCALE,0.005,3.0,COOLDOWN,0.12436700816904145,0.5
1704196020.0,8815.132788516732,SCALE,0.005,3.0,COOLDOWN,0.12432971225508202,0.5
1704196080.0,8815.863291381733,SCALE,0.005,3.0,COOLDOWN,0.12425714617248972,0.5
1704196140.0,8815.028590593733,SCALE,0.005,3.0,COOLDOWN,0.12434006298120316,0.5
1704196200.0,8814.907072908733,SCALE,0.005,3.0,COOLDOWN,0.12435213420335522,0.5
1704196260.0,8813.908113732732,SCALE,0.005,3.0,COOLDOWN,0.12445136797442595,0.5
1704196320.0,8813.763689265732,SCALE,0.005,3.0,COOLDOWN,0.12446571469132851,0.5
1704196380.0,8813.587139433732,SCALE,0.005,3.0,COOLDOWN,0.12448325265086899,0.5
1704196440.0,8814.189420189732,SCALE,0.005,3.0,COOLDOWN,0.12442342378889233,0.5
1704196500.0,8816.202144144732,SCALE,0.005,3.0,COOLDOWN,0.12422348550014392,0.5
1704196560.0,8817.610631886733,SCALE,0.005,3.0,COOLDOWN,0.12408357032292391,0.5
1704196620.0,8817.486041340733,SCALE,0.005,3.0,COOLDOWN,0.12409594679437178,0.5
1704196680.0,8817.349718052732,SCALE,0.005,3.0,COOLDOWN,0.12410948876313098,0.5
1704196740.0,8817.989431842732,SCALE,0.005,3.0,COOLDOWN,0.12404594140973278,0.5
1704196800.0,8817.813161361733,SCALE,0.005,3.0,COOLDOWN,0.12406345161933716,0.5
1704196860.0,8817.317033985733,SCALE,0.005,3.0,COOLDOWN,0.12411273550564071,0.5
1704196920.0,8816.968683288733,SCALE,0.005,3.0,COOLDOWN,0.12414733967580999,0.5
1704196980.0,8817.563700918732,SCALE,0.005,3.0,COOLDOWN,0.12408823231216896,0.5
1704197040.0,8818.178831820733,SCALE,0.005,3.0,COOLDOWN,0.12402712695313713,0.5
1704197100.0,8819.513291547733,SCALE,0.005,3.0,COOLDOWN,0.12389456550895231,0.5
1704197160.0,8818.467401403732,SCALE,0.005,3.0,COOLDOWN,0.12399846126926807,0.5
1704197220.0,8818.248110868733,SCALE,0.005,3.0,COOLDOWN,0.12402024496901358,0.5
1704197280.0,8817.654489993733,SCALE,0.005,3.0,COOLDOWN,0.12407921358297486,0.5
1704197340.0,8817.175403028732,SCALE,0.005,3.0,COOLDOWN,0.12412680472318358,0.5
1704197400.0,8815.889550375732,SCALE,0.005,3.0,COOLDOWN,0.1242545376785075,0.5
1704197460.0,8816.691846447733,SCALE,0.005,3.0,COOLDOWN,0.12417483986236787,0.5
1704197520.0,8815.349006190732,SCALE,0.005,3.0,COOLDOWN,0.12430823380463213,0.5
1704197580.0,8815.587013242732,SCALE,0.005,3.0,COOLDOWN,0.12428459085917576,0.5
1704197640.0,8816.351038227733,SCALE,0.005,3.0,COOLDOWN,0.12420869478426562,0.5
1704197700.0,8816.351596929733,SCALE,0.005,3.0,COOLDOWN,0.1242086392843936,0.5
1704197760.0,8816.973152904733,SCALE,0.005,3.0,COOLDOWN,0.12414689567683425,0.5
1704197820.0,8816.894934624732,SCALE,0.005,3.0,COOLDOWN,0.12415466565890926,0.5
1704197880.0,8816.780959416732,SCALE,0.005,3.0,COOLDOWN,0.1241659876327898,0.5
1704197940.0,8815.811332095733,SCALE,0.005,3.0,COOLDOWN,0.12426230766058233,0.5
1704198000.0,8815.196201193732,SCALE,0.005,3.0,COOLDOWN,0.12432341301961417,0.5
1704198060.0,8816.767271217732,SCALE,0.005,3.0,COOLDOWN,0.12416734737965292,0.5
1704198120.0,8817.563700918732,SCALE,0.005,3.0,COOLDOWN,0.12408823231216896,0.5
1704198180.0,8817.623202681732,SCALE,0.005,3.0,COOLDOWN,0.12408232157580482,0.5
1704198240.0,8817.749189982733,SCALE,0.005,3.0,COOLDOWN,0.12406980635467703,0.5
1704198300.0,8818.080500268732,SCALE,0.005,3.0,COOLDOWN,0.12403689493060276,0.5
1704198360.0,8818.981965945732,SCALE,0.005,3.0,COOLDOWN,0.12394734588718974,0.5
1704198420.0,8818.080779619733,SCALE,0.005,3.0,COOLDOWN,0.12403686718066666,0.5
1704198480.0,8818.188050403733,SCALE,0.005,3.0,COOLDOWN,0.12402621120524973,0.5
1704198540.0,8818.436672793732,SCALE,0.005,3.0,COOLDOWN,0.12400151376222603,0.5
1704198600.0,8818.081617672733,SCALE,0.005,3.0,COOLDOWN,0.12403678393085873,0.5
1704198660.0,8818.938945891732,SCALE,0.005,3.0,COOLDOWN,0.12395161937733087,0.5
1704198720.0,8821.058940630732,SCALE,0.005,3.0,COOLDOWN,0.12374102511316554,0.5
1704198780.0,8821.260911403733,SCALE,0.005,3.0,COOLDOWN,0.1237209619094506,0.5
1704198840.0,8821.900066491733,SCALE,0.005,3.0,COOLDOWN,0.12365747005592441,0.5
1704198900.0,8821.062013491732,SCALE,0.005,3.0,COOLDOWN,0.12374071986386974,0.5
1704198960.0,8820.528732432733,SCALE,0.005,3.0,COOLDOWN,0.12379369449165877,0.5
1704199020.0,8819.784262017733,SCALE,0.005,3.0,COOLDOWN,0.12386764807105011,0.5
1704199080.0,8821.006422642733,SCALE,0.005,3.0,COOLDOWN,0.12374624210112997,0.5
1704199140.0,8820.056629242732,SCALE,0.005,3.0,COOLDOWN,0.12384059188346797,0.5
1704199200.0,8819.344842894732,SCALE,0.005,3.0,COOLDOWN,0.12391129872034941,0.5
1704199260.0,8819.274725793732,SCALE,0.005,3.0,COOLDOWN,0.12391826395428088,0.5
1704199320.0,8819.308247913732,SCALE,0.005,3.0,COOLDOWN,0.12391493396196304,0.5
1704199380.0,8820.485991729733,SCALE,0.005,3.0,COOLDOWN,0.12379794023186398,0.5
1704199440.0,8818.585008174732,SCALE,0.005,3.0,COOLDOWN,0.12398677854621974,0.5
1704199500.0,8818.936711083732,SCALE,0.005,3.0,COOLDOWN,0.12395184137681875,0.5
1704199560.0,8817.705890577732,SCALE,0.005,3.0,COOLDOWN,0.12407410759475426,0.5
1704199620.0,8816.984326944732,SCALE,0.005,3.0,COOLDOWN,0.1241457856793951,0.5
1704199680.0,8816.272540596732,SCALE,0.005,3.0,COOLDOWN,0.12421649251627653,0.5
1704199740.0,8816.350758876733,SCALE,0.005,3.0,COOLDOWN,0.12420872253420152,0.5
1704199800.0,8815.699312344732,SCALE,0.005,3.0,COOLDOWN,0.12427343538491109,0.5
1704199860.0,8814.199476825732,SCALE,0.005,3.0,COOLDOWN,0.12442242479119703,0.5
1704199920.0,8815.023841626733,SCALE,0.005,3.0,COOLDOWN,0.1243405347301148,0.5
1704199980.0,8814.286913688733,SCALE,0.005,3.0,COOLDOWN,0.12441373906123462,0.5
1704200040.0,8814.574645218732,SCALE,0.005,3.0,COOLDOWN,0.1243851566271735,0.5
1704200100.0,8814.052538199732,SCALE,0.005,3.0,COOLDOWN,0.12443702125752337,0.5
1704200160.0,8813.934093375732,SCALE,0.005,3.0,COOLDOWN,0.12444878723037964,0.5
1704200220.0,8814.722980599732,SCALE,0.005,3.0,COOLDOWN,0.12437042141116722,0.5
1704200280.0,8814.469609242733,SCALE,0.005,3.0,COOLDOWN,0.12439559060310257,0.5
1704200340.0,8814.301998642732,SCALE,0.005,3.0,COOLDOWN,0.12441224056469175,0.5
1704200400.0,8814.105056187733,SCALE,0.005,3.0,COOLDOWN,0.12443180426955876,0.5
1704200460.0,8813.966777442733,SCALE,0.005,3.0,COOLDOWN,0.12444554048786974,0.5
1704200520.0,8815.775295816733,SCALE,0.005,3.0,COOLDOWN,0.12426588740232394,0.5
1704200580.0,8816.318074809733,SCALE,0.005,3.0,COOLDOWN,0.12421196927671144,0.5
1704200640.0,8816.791295403733,SCALE,0.005,3.0,COOLDOWN,0.12416496088515838,0.5
1704200700.0,8817.023436084733,SCALE,0.005,3.0,COOLDOWN,0.12414190068835751,0.5
1704200760.0,8817.263398593732,SCALE,0.005,3.0,COOLDOWN,0.12411806349334936,0.5
1704200820.0,8816.908343472733,SCALE,0.005,3.0,COOLDOWN,0.12415333366198206,0.5
1704200880.0,8817.598619793733,SCALE,0.005,3.0,COOLDOWN,0.12408476357017119,0.5
1704200940.0,8817.866517402732,SCALE,0.005,3.0,COOLDOWN,0.12405815138156479,0.5
1704201000.0,8817.997253670732,SCALE,0.005,3.0,COOLDOWN,0.12404516441152533,0.5
1704201060.0,8817.243564672732,SCALE,0.005,3.0,COOLDOWN,0.12412003373880406,0.5
1704201120.0,8818.778598417732,SCALE,0.005,3.0,COOLDOWN,0.12396754784058443,0.5
1704201180.0,8819.305454403733,SCALE,0.005,3.0,COOLDOWN,0.12391521146132274,0.5
1704201240.0,8819.073593073732,SCALE,0.005,3.0,COOLDOWN,0.12393824390818771,0.5
1704201300.0,8819.130301326733,SCALE,0.005,3.0,COOLDOWN,0.12393261067118327,0.5
1704201360.0,8819.833427793732,SCALE,0.005,3.0,COOLDOWN,0.12386276408231738,0.5
1704201420.0,8819.833427793732,SCALE,0.005,3.0,COOLDOWN,0.12386276408231738,0.5
1704201480.0,8820.643825044732,SCALE,0.005,3.0,COOLDOWN,0.12378226151803438,0.5
1704201540.0,8820.814229154732,SCALE,0.005,3.0,COOLDOWN,0.12376533405708551,0.5
1704201600.0,8816.241253284732,SCALE,0.005,3.0,COOLDOWN,0.1242196005091065,0.5
1704201660.0,8817.280159653732,SCALE,0.005,3.0,COOLDOWN,0.12411639849719044,0.5
1704201720.0,8818.414045362733,SCALE,0.005,3.0,COOLDOWN,0.12400376150704044,0.5
1704201780.0,8818.940901348733,SCALE,0.005,3.0,COOLDOWN,0.12395142512777893,0.5
1704201840.0,8820.336259593732,SCALE,0.005,3.0,COOLDOWN,0.12381281419755022,0.5
1704201900.0,8820.535157505732,SCALE,0.005,3.0,COOLDOWN,0.12379305624313125,0.5
1704201960.0,8820.168928344732,SCALE,0.005,3.0,COOLDOWN,0.1238294364092033,0.5
1704202020.0,8820.065568474733,SCALE,0.005,3.0,COOLDOWN,0.1238397038855165,0.5
1704202080.0,8820.587675493733,SCALE,0.005,3.0,COOLDOWN,0.12378783925516663,0.5
1704202140.0,8820.535157505732,SCALE,0.005,3.0,COOLDOWN,0.12379305624313125,0.5
1704202200.0,8820.671201442732,SCALE,0.005,3.0,COOLDOWN,0.12377954202430815,0.5
1704202260.0,8821.379076876732,SCALE,0.005,3.0,COOLDOWN,0.12370922368653042,0.5
1704202320.0,8821.555068006732,SCALE,0.005,3.0,COOLDOWN,0.12369174122686197,0.5
1704202380.0,8821.379635578733,SCALE,0.005,3.0,COOLDOWN,0.12370916818665842,0.5
1704202440.0,8821.096653015733,SCALE,0.005,3.0,COOLDOWN,0.12373727887180788,0.5
1704202500.0,8822.245064976732,SCALE,0.005,3.0,COOLDOWN,0.12362319888498702,0.5
1704202560.0,8822.316578832733,SCALE,0.005,3.0,COOLDOWN,0.12361609490137561,0.5
1704202620.0,8822.193385041732,SCALE,0.005,3.0,COOLDOWN,0.12362833262314371,0.5
1704202680.0,8821.932191856733,SCALE,0.005,3.0,COOLDOWN,0.12365427881328651,0.5
1704202740.0,8822.706552828733,SCALE,0.005,3.0,COOLDOWN,0.12357735599074514,0.5
1704202800.0,8824.231529937733,SCALE,0.005,3.0,COOLDOWN,0.12342586909022082,0.5
1704202860.0,8824.912308324732,SCALE,0.005,3.0,COOLDOWN,0.12335824249623344,0.5
1704202920.0,8824.333772403732,SCALE,0.005,3.0,COOLDOWN,0.12341571261365164,0.5
1704202980.0,8825.475200589732,SCALE,0.005,3.0,COOLDOWN,0.1233023263752303,0.5
1704203040.0,8824.372322841733,SCALE,0.005,3.0,COOLDOWN,0.12341188312248606,0.5
1704203100.0,8825.330776122733,SCALE,0.005,3.0,COOLDOWN,0.12331667309213268,0.5
1704203160.0,8824.151635551732,SCALE,0.005,3.0,COOLDOWN,0.12343380557191168,0.5
1704203220.0,8823.383140950733,SCALE,0.005,3.0,COOLDOWN,0.12351014564579739,0.5
1704203280.0,8823.996595746732,SCALE,0.005,3.0,COOLDOWN,0.12344920678638158,0.5
1704203340.0,8823.654670122733,SCALE,0.005,3.0,COOLDOWN,0.12348317270802317,0.5
1704203400.0,8823.889324962733,SCALE,0.005,3.0,COOLDOWN,0.1234598627617985,0.5
1704203460.0,8822.852653401733,SCALE,0.005,3.0,COOLDOWN,0.1235628427742267,0.5
1704203520.0,8822.962158993732,SCALE,0.005,3.0,COOLDOWN,0.12355196479932191,0.5
1704203580.0,8822.345072634733,SCALE,0.005,3.0,COOLDOWN,0.12361326440790553,0.5
1704203640.0,8823.632601393732,SCALE,0.005,3.0,COOLDOWN,0.12348536495296575,0.5
1704203700.0,8824.054421403733,SCALE,0.005,3.0,COOLDOWN,0.1234434625496333,0.5
1704203760.0,8823.414148911732,SCALE,0.005,3.0,COOLDOWN,0.12350706540290352,0.5
1704203820.0,8822.700686457732,SCALE,0.005,3.0,COOLDOWN,0.1235779387394008,0.5
1704203880.0,8824.054142052732,SCALE,0.005,3.0,COOLDOWN,0.12344349029956939,0.5
1704203940.0,8823.686516136733,SCALE,0.005,3.0,COOLDOWN,0.1234800092153212,0.5
1704204000.0,8825.027121585732,SCALE,0.005,3.0,COOLDOWN,0.12334683727254497,0.5
1704204060.0,8824.207226400733,SCALE,0.005,3.0,COOLDOWN,0.12342828333465126,0.5
1704204120.0,8824.444395399732,SCALE,0.005,3.0,COOLDOWN,0.12340472363900282,0.5
1704204180.0,8823.856361544733,SCALE,0.005,3.0,COOLDOWN,0.12346313725424433,0.5
1704204240.0,8823.729256839733,SCALE,0.005,3.0,COOLDOWN,0.12347576347511598,0.5
1704204300.0,8823.988215216732,SCALE,0.005,3.0,COOLDOWN,0.12345003928446104,0.5
1704204360.0,8825.409273753732,SCALE,0.005,3.0,COOLDOWN,0.12330887536012194,0.5
1704204420.0,8825.755668993732,SCALE,0.005,3.0,COOLDOWN,0.12327446543950461,0.5
1704204480.0,8826.376386915732,SCALE,0.005,3.0,COOLDOWN,0.1232128050817532,0.5
1704204540.0,8825.829976359733,SCALE,0.005,3.0,COOLDOWN,0.12326708395653332,0.5
1704204600.0,8826.704903691732,SCALE,0.005,3.0,COOLDOWN,0.12318017115703862,0.5
1704204660.0,8826.873631695733,SCALE,0.005,3.0,COOLDOWN,0.1231634101957056,0.5
1704204720.0,8826.816923442733,SCALE,0.005,3.0,COOLDOWN,0.12316904343270987,0.5
1704204780.0,8828.046067842732,SCALE,0.005,3.0,COOLDOWN,0.1230469437143904,0.5
1704204840.0,8827.341544620733,SCALE,0.005,3.0,COOLDOWN,0.12311692905293622,0.5
1704204900.0,8827.216674723733,SCALE,0.005,3.0,COOLDOWN,0.12312933327431999,0.5
1704204960.0,8827.097112495732,SCALE,0.005,3.0,COOLDOWN,0.12314121024692028,0.5
1704205020.0,8825.482463715733,SCALE,0.005,3.0,COOLDOWN,0.12330160487689468,0.5
1704205080.0,8824.750005393733,SCALE,0.005,3.0,COOLDOWN,0.12337436520903876,0.5
1704205140.0,8824.332654999733,SCALE,0.005,3.0,COOLDOWN,0.12341582361339548,0.5
1704205200.0,8825.278258134733,SCALE,0.005,3.0,COOLDOWN,0.12332189008009731,0.5
1704205260.0,8823.805799013733,SCALE,0.005,3.0,COOLDOWN,0.12346815999265699,0.5
1704205320.0,8823.903571863733,SCALE,0.005,3.0,COOLDOWN,0.12345844751506338,0.5
1704205380.0,8824.526524593732,SCALE,0.005,3.0,COOLDOWN,0.12339656515782427,0.5
1704205440.0,8824.334051754733,SCALE,0.005,3.0,COOLDOWN,0.12341568486371554,0.5
1704205500.0,8822.435582358732,SCALE,0.005,3.0,COOLDOWN,0.12360427342864751,0.5
1704205560.0,8822.123826642732,SCALE,0.005,3.0,COOLDOWN,0.12363524235720316,0.5
1704205620.0,8823.002385537733,SCALE,0.005,3.0,COOLDOWN,0.12354796880854048,0.5
1704205680.0,8823.960838818732,SCALE,0.005,3.0,COOLDOWN,0.12345275877818729,0.5
1704205740.0,8823.689309646732,SCALE,0.005,3.0,COOLDOWN,0.1234797317159615,0.5
1704205800.0,8824.634633430733,SCALE,0.005,3.0,COOLDOWN,0.12338582593259924,0.5
1704205860.0,8821.819892754733,SCALE,0.005,3.0,COOLDOWN,0.12366543428755118,0.5
1704205920.0,8821.996721937732,SCALE,0.005,3.0,COOLDOWN,0.1236478685780748,0.5
1704205980.0,8819.833707144733,SCALE,0.005,3.0,COOLDOWN,0.12386273633238129,0.5
1704206040.0,8820.702768105733,SCALE,0.005,3.0,COOLDOWN,0.12377640628154209,0.5
1704206100.0,8818.101451593733,SCALE,0.005,3.0,COOLDOWN,0.12403481368540402,0.5
1704206160.0,8819.723363499732,SCALE,0.005,3.0,COOLDOWN,0.1238736975570942,0.5
1704206220.0,8818.242803199733,SCALE,0.005,3.0,COOLDOWN,0.12402077221779724,0.5
1704206280.0,8816.781518118732,SCALE,0.005,3.0,COOLDOWN,0.12416593213291778,0.5
1704206340.0,8815.932570429732,SCALE,0.005,3.0,COOLDOWN,0.12425026418836636,0.5
1704206400.0,8817.954233616732,SCALE,0.005,3.0,COOLDOWN,0.12404943790166648,0.5
1704206460.0,8819.050965642733,SCALE,0.005,3.0,COOLDOWN,0.12394049165300212,0.5
1704206520.0,8819.800464375732,SCALE,0.005,3.0,COOLDOWN,0.12386603857476321,0.5
1704206580.0,8820.531805293733,SCALE,0.005,3.0,COOLDOWN,0.12379338924236297,0.5
1704206640.0,8820.517837743733,SCALE,0.005,3.0,COOLDOWN,0.123794776739162,0.5
1704206700.0,8818.157601144732,SCALE,0.005,3.0,COOLDOWN,0.12402923594827177,0.5
1704206760.0,8816.810011920732,SCALE,0.005,3.0,COOLDOWN,0.1241631016394477,0.5
1704206820.0,8815.549021506733,SCALE,0.005,3.0,COOLDOWN,0.12428836485046915,0.5
1704206880.0,8813.998064754733,SCALE,0.005,3.0,COOLDOWN,0.12444243249503976,0.5
1704206940.0,8811.508767993733,SCALE,0.005,3.0,COOLDOWN,0.12468971217457295,0.5
1704207000.0,8812.056575304732,SCALE,0.005,3.0,COOLDOWN,0.12463529455011288,0.5
1704207060.0,8814.277136403733,SCALE,0.005,3.0,COOLDOWN,0.12441471030899402,0.5
1704207120.0,8814.853716867732,SCALE,0.005,3.0,COOLDOWN,0.12435743444112776,0.5
1704207180.0,8812.542366693733,SCALE,0.005,3.0,COOLDOWN,0.12458703741144055,0.5
1704207240.0,8810.884977210733,SCALE,0.005,3.0,COOLDOWN,0.12475167778162016,0.5
1704207300.0,8810.233810029733,SCALE,0.005,3.0,COOLDOWN,0.12481636288239362,0.5
1704207360.0,8808.452668053733,SCALE,0.005,3.0,COOLDOWN,0.12499329647421317,0.5
1704207420.0,8811.396748242732,SCALE,0.005,3.0,COOLDOWN,0.12470083989890171,0.5
1704207480.0,8812.409395617733,SCALE,0.005,3.0,COOLDOWN,0.12460024638096787,0.5
1704207540.0,8813.093526216733,SCALE,0.005,3.0,COOLDOWN,0.12453228678774858,0.5
1704207600.0,8814.332447901732,SCALE,0.005,3.0,COOLDOWN,0.12440921582166971,0.5
1704207660.0,8814.793097700733,SCALE,0.005,3.0,COOLDOWN,0.12436345617723575,0.5
1704207720.0,8814.556487403732,SCALE,0.005,3.0,COOLDOWN,0.12438696037301236,0.5
1704207780.0,8812.567508283733,SCALE,0.005,3.0,COOLDOWN,0.12458453991720217,0.5
1704207840.0,8810.900341515733,SCALE,0.005,3.0,COOLDOWN,0.12475015153514118,0.5
1704207900.0,8811.754876224732,SCALE,0.005,3.0,COOLDOWN,0.12466526448097322,0.5
1704207960.0,8811.203996052733,SCALE,0.005,3.0,COOLDOWN,0.12471998735472908,0.5
1704208020.0,8810.646411456732,SCALE,0.005,3.0,COOLDOWN,0.12477537622694873,0.5
1704208080.0,8810.522938314733,SCALE,0.005,3.0,COOLDOWN,0.12478764169865257,0.5
1704208140.0,8812.007409528733,SCALE,0.005,3.0,COOLDOWN,0.12464017853884561,0.5
1704208200.0,8813.664519660733,SCALE,0.005,3.0,COOLDOWN,0.1244755659186019,0.5
1704208260.0,8813.156659542732,SCALE,0.005,3.0,COOLDOWN,0.12452601530221681,0.5
1704208320.0,8811.244781298732,SCALE,0.005,3.0,COOLDOWN,0.12471593586407581,0.5
1704208380.0,8808.223879584733,SCALE,0.005,3.0,COOLDOWN,0.12501602367178216,0.5
1704208440.0,8808.677824959732,SCALE,0.005,3.0,COOLDOWN,0.12497093002581199,0.5
1704208500.0,8808.045094944733,SCALE,0.005,3.0,COOLDOWN,0.1250337836308105,0.5
1704208560.0,8807.545615356732,SCALE,0.005,3.0,COOLDOWN,0.12508340051634595,0.5
1704208620.0,8804.357661744732,SCALE,0.005,3.0,COOLDOWN,0.12540008278576945,0.5
1704208680.0,8803.627438230733,SCALE,0.005,3.0,COOLDOWN,0.12547262111842566,0.5
1704208740.0,8801.395423740732,SCALE,0.005,3.0,COOLDOWN,0.12569434310691976,0.5
1704208800.0,8806.257248544733,SCALE,0.005,3.0,COOLDOWN,0.12521138322109365,0.5
1704208860.0,8807.958496134732,SCALE,0.005,3.0,COOLDOWN,0.12504238611096496,0.5
1704208920.0,8808.154600536733,SCALE,0.005,3.0,COOLDOWN,0.1250229056559057,0.5
1704208980.0,8808.131414403733,SCALE,0.005,3.0,COOLDOWN,0.12502520890059213,0.5
1704209040.0,8808.879795732733,SCALE,0.005,3.0,COOLDOWN,0.12495086682209705,0.5
1704209100.0,8808.447360384733,SCALE,0.005,3.0,COOLDOWN,0.12499382372299683,0.5
1704209160.0,8805.753858042732,SCALE,0.005,3.0,COOLDOWN,0.12526138860573283,0.5
1704209220.0,8805.586526793733,SCALE,0.005,3.0,COOLDOWN,0.1252780108173857,0.5
1704209280.0,8804.343973545732,SCALE,0.005,3.0,COOLDOWN,0.12540144253263258,0.5
1704209340.0,8805.977897544733,SCALE,0.005,3.0,COOLDOWN,0.1252391331570753,0.5
1704209400.0,8803.446418782733,SCALE,0.005,3.0,COOLDOWN,0.12549060307694188,0.5
1704209460.0,8805.865598442733,SCALE,0.005,3.0,COOLDOWN,0.12525028863133997,0.5
1704209520.0,8807.137762896733,SCALE,0.005,3.0,COOLDOWN,0.12512391542287918,0.5
1704209580.0,8809.357765293733,SCALE,0.005,3.0,COOLDOWN,0.12490338668163234,0.5
1704209640.0,8808.433113483732,SCALE,0.005,3.0,COOLDOWN,0.12499523896973197,0.5
1704209700.0,8810.645573403732,SCALE,0.005,3.0,COOLDOWN,0.12477545947675665,0.5
1704209760.0,8810.165089683733,SCALE,0.005,3.0,COOLDOWN,0.12482318936664515,0.5
1704209820.0,8811.323278929733,SCALE,0.005,3.0,COOLDOWN,0.12470813813206488,0.5
1704209880.0,8811.731969442733,SCALE,0.005,3.0,COOLDOWN,0.12466753997572354,0.5
1704209940.0,8811.732248793733,SCALE,0.005,3.0,COOLDOWN,0.12466751222578762,0.5
1704210000.0,8812.989048942733,SCALE,0.005,3.0,COOLDOWN,0.12454266526380581,0.5
1704210060.0,8812.660532166732,SCALE,0.005,3.0,COOLDOWN,0.12457529918852038,0.5
1704210120.0,8812.458561393732,SCALE,0.005,3.0,COOLDOWN,0.12459536239223513,0.5
1704210180.0,8813.448581337732,SCALE,0.005,3.0,COOLDOWN,0.12449701661911587,0.5
1704210240.0,8813.815927902733,SCALE,0.005,3.0,COOLDOWN,0.12446052545329982,0.5
1704210300.0,8813.381816448733,SCALE,0.005,3.0,COOLDOWN,0.12450364885381546,0.5
1704210360.0,8811.986178852732,SCALE,0.005,3.0,COOLDOWN,0.12464228753398025,0.5
1704210420.0,8812.358833086733,SCALE,0.005,3.0,COOLDOWN,0.12460526911938052,0.5
1704210480.0,8812.353804768733,SCALE,0.005,3.0,COOLDOWN,0.12460576861822828,0.5
1704210540.0,8812.310505363732,SCALE,0.005,3.0,COOLDOWN,0.12461006985830551,0.5
1704210600.0,8812.849652793733,SCALE,0.005,3.0,COOLDOWN,0.12455651248186063,0.5
1704210660.0,8813.568702267732,SCALE,0.005,3.0,COOLDOWN,0.12448508414664376,0.5
1704210720.0,8813.129283144732,SCALE,0.005,3.0,COOLDOWN,0.12452873479594306,0.5
1704210780.0,8813.911465944733,SCALE,0.005,3.0,COOLDOWN,0.12445103497519405,0.5
1704210840.0,8814.199197474733,SCALE,0.005,3.0,COOLDOWN,0.12442245254113293,0.5
1704210900.0,8813.596078665732,SCALE,0.005,3.0,COOLDOWN,0.12448236465291751,0.5
1704210960.0,8811.681127560732,SCALE,0.005,3.0,COOLDOWN,0.12467259046407231,0.5
1704211020.0,8810.651998476733,SCALE,0.005,3.0,COOLDOWN,0.12477482122822897,0.5
1704211080.0,8810.231854572732,SCALE,0.005,3.0,COOLDOWN,0.12481655713194557,0.5
1704211140.0,8811.028842975733,SCALE,0.005,3.0,COOLDOWN,0.1247373865645896,0.5
1704211200.0,8813.128724442733,SCALE,0.005,3.0,COOLDOWN,0.12452879029581489,0.5
1704211260.0,8810.739994041733,SCALE,0.005,3.0,COOLDOWN,0.12476607999839474,0.5
1704211320.0,8812.935972252732,SCALE,0.005,3.0,COOLDOWN,0.12454793775164244,0.5
1704211380.0,8812.290950793733,SCALE,0.005,3.0,COOLDOWN,0.12461201235382413,0.5
1704211440.0,8812.744058115733,SCALE,0.005,3.0,COOLDOWN,0.1245670019576617,0.5
1704211500.0,8812.682321544733,SCALE,0.005,3.0,COOLDOWN,0.1245731346935137,0.5
1704211560.0,8811.204275403732,SCALE,0.005,3.0,COOLDOWN,0.12471995960479317,0.5
1704211620.0,8809.325919279732,SCALE,0.005,3.0,COOLDOWN,0.12490655017433433,0.5
1704211680.0,8808.157673397733,SCALE,0.005,3.0,COOLDOWN,0.1250226004066099,0.5
1704211740.0,8808.494012001733,SCALE,0.005,3.0,COOLDOWN,0.12498918948368788,0.5
1704211800.0,8808.735371265733,SCALE,0.005,3.0,COOLDOWN,0.12496521353899961,0.5
1704211860.0,8807.095301544732,SCALE,0.005,3.0,COOLDOWN,0.1251281334131485,0.5
1704211920.0,8806.858691247733,SCALE,0.005,3.0,COOLDOWN,0.12515163760892492,0.5
1704211980.0,8808.098171634732,SCALE,0.005,3.0,COOLDOWN,0.12502851114297403,0.5
1704212040.0,8808.131135052732,SCALE,0.005,3.0,COOLDOWN,0.12502523665052823,0.5
1704212100.0,8806.703930793732,SCALE,0.005,3.0,COOLDOWN,0.1251670110734589,0.5
1704212160.0,8807.684732154732,SCALE,0.005,3.0,COOLDOWN,0.12506958104822705,0.5
1704212220.0,8806.403069766733,SCALE,0.005,3.0,COOLDOWN,0.12519689775451112,0.5
1704212280.0,8805.059112105733,SCALE,0.005,3.0,COOLDOWN,0.12533040269651924,0.5
1704212340.0,8805.616976052732,SCALE,0.005,3.0,COOLDOWN,0.12527498607436385,0.5
1704212400.0,8804.651538996732,SCALE,0.005,3.0,COOLDOWN,0.12537088985311676,0.5
1704212460.0,8804.779202403732,SCALE,0.005,3.0,COOLDOWN,0.1253582081323731,0.5
1704212520.0,8802.905036544733,SCALE,0.005,3.0,COOLDOWN,0.12554438245287444,0.5
1704212580.0,8804.063784492733,SCALE,0.005,3.0,COOLDOWN,0.12542927571842216,0.5
1704212640.0,8803.499495472732,SCALE,0.005,3.0,COOLDOWN,0.1254853305891054,0.5
1704212700.0,8805.474507042733,SCALE,0.005,3.0,COOLDOWN,0.12528913854171447,0.5
1704212760.0,8808.480323802733,SCALE,0.005,3.0,COOLDOWN,0.12499054923055102,0.5
1704212820.0,8808.375846528732,SCALE,0.005,3.0,COOLDOWN,0.12500092770660823,0.5
1704212880.0,8810.022620673733,SCALE,0.005,3.0,COOLDOWN,0.12483734183399577,0.5
1704212940.0,8811.150919362733,SCALE,0.005,3.0,COOLDOWN,0.12472525984256554,0.5
1704213000.0,8810.087150754733,SCALE,0.005,3.0,COOLDOWN,0.12483093159878406,0.5
1704213060.0,8810.516792592733,SCALE,0.005,3.0,COOLDOWN,0.12478825219724415,0.5
1704213120.0,8812.438448121733,SCALE,0.005,3.0,COOLDOWN,0.12459736038762576,0.5
1704213180.0,8811.845944650733,SCALE,0.005,3.0,COOLDOWN,0.12465621800184301,0.5
1704213240.0,8812.458282042733,SCALE,0.005,3.0,COOLDOWN,0.12459539014217105,0.5
1704213300.0,8811.938689182733,SCALE,0.005,3.0,COOLDOWN,0.12464700502309713,0.5
1704213360.0,8811.568269756732,SCALE,0.005,3.0,COOLDOWN,0.124683801438209,0.5
1704213420.0,8809.719804189732,SCALE,0.005,3.0,COOLDOWN,0.12486742276460013,0.5
1704213480.0,8808.722241768732,SCALE,0.005,3.0,COOLDOWN,0.12496651778599091,0.5
1704213540.0,8809.664492691732,SCALE,0.005,3.0,COOLDOWN,0.12487291725192444,0.5
1704213600.0,8810.993644749733,SCALE,0.005,3.0,COOLDOWN,0.1247408830565233,0.5
1704213660.0,8811.823596570732,SCALE,0.005,3.0,COOLDOWN,0.12465843799672169,0.5
1704213720.0,8811.762977403732,SCALE,0.005,3.0,COOLDOWN,0.12466445973282966,0.5
1704213780.0,8812.784843361733,SCALE,0.005,3.0,COOLDOWN,0.12456295046700844,0.5
1704213840.0,8812.457723340733,SCALE,0.005,3.0,COOLDOWN,0.12459544564204306,0.5
1704213900.0,8812.019142270732,SCALE,0.005,3.0,COOLDOWN,0.12463901304153444,0.5
1704213960.0,8813.035141857732,SCALE,0.005,3.0,COOLDOWN,0.12453808652436887,0.5
1704214020.0,8815.418843940732,SCALE,0.005,3.0,COOLDOWN,0.12430129632063677,0.5
1704214080.0,8814.581908344733,SCALE,0.005,3.0,COOLDOWN,0.1243844351288379,0.5
1704214140.0,8816.940748188732,SCALE,0.005,3.0,COOLDOWN,0.12415011466940824,0.5
1704214200.0,8815.267994400732,SCALE,0.005,3.0,COOLDOWN,0.12431628128606684,0.5
1704214260.0,8815.431135384733,SCALE,0.005,3.0,COOLDOWN,0.1243000753234534,0.5
1704214320.0,8814.579114834733,SCALE,0.005,3.0,COOLDOWN,0.12438471262819778,0.5
1704214380.0,8814.876064947732,SCALE,0.005,3.0,COOLDOWN,0.12435521444624928,0.5
1704214440.0,8814.579114834733,SCALE,0.005,3.0,COOLDOWN,0.12438471262819778,0.5
1704214500.0,8815.103177310733,SCALE,0.005,3.0,COOLDOWN,0.12433265374829595,0.5
1704214560.0,8815.536171360733,SCALE,0.005,3.0,COOLDOWN,0.12428964134752435,0.5
1704214620.0,8816.193763614732,SCALE,0.005,3.0,COOLDOWN,0.12422431799822338,0.5
1704214680.0,8815.440353967733,SCALE,0.005,3.0,COOLDOWN,0.12429915957556602,0.5
1704214740.0,8815.862173977732,SCALE,0.005,3.0,COOLDOWN,0.12425725717223374,0.5
1704214800.0,8814.469609242733,SCALE,0.005,3.0,COOLDOWN,0.12439559060310257,0.5
1704214860.0,8816.539320801732,SCALE,0.005,3.0,COOLDOWN,0.12418999132741398,0.5
1704214920.0,8815.003449003732,SCALE,0.005,3.0,COOLDOWN,0.12434256047544154,0.5
1704214980.0,8814.460670010732,SCALE,0.005,3.0,COOLDOWN,0.12439647860105404,0.5
1704215040.0,8815.171897656732,SCALE,0.005,3.0,COOLDOWN,0.12432582726404462,0.5
1704215100.0,8814.630515418732,SCALE,0.005,3.0,COOLDOWN,0.12437960663997719,0.5
1704215160.0,8814.861259344732,SCALE,0.005,3.0,COOLDOWN,0.12435668519285624,0.5
1704215220.0,8815.466333610733,SCALE,0.005,3.0,COOLDOWN,0.12429657883151972,0.5
1704215280.0,8815.211844849733,SCALE,0.005,3.0,COOLDOWN,0.12432185902319909,0.5
1704215340.0,8815.431414735733,SCALE,0.005,3.0,COOLDOWN,0.1243000475735175,0.5
1704215400.0,8814.119023737732,SCALE,0.005,3.0,COOLDOWN,0.12443041677275972,0.5
1704215460.0,8814.048906636732,SCALE,0.005,3.0,COOLDOWN,0.12443738200669119,0.5
1704215520.0,8813.736592218733,SCALE,0.005,3.0,COOLDOWN,0.12446840643511867,0.5
1704215580.0,8812.458561393732,SCALE,0.005,3.0,COOLDOWN,0.12459536239223513,0.5
1704215640.0,8812.570022442733,SCALE,0.005,3.0,COOLDOWN,0.12458429016777839,0.5
1704215700.0,8813.294379585732,SCALE,0.005,3.0,COOLDOWN,0.12451233458377785,0.5
1704215760.0,8813.605855950733,SCALE,0.005,3.0,COOLDOWN,0.12448139340515811,0.5
1704215820.0,8812.606058721733,SCALE,0.005,3.0,COOLDOWN,0.12458071042603677,0.5
1704215880.0,8813.804474511733,SCALE,0.005,3.0,COOLDOWN,0.12446166320067506,0.5
1704215940.0,8813.317565718733,SCALE,0.005,3.0,COOLDOWN,0.12451003133909125,0.5
1704216000.0,8813.017263393733,SCALE,0.005,3.0,COOLDOWN,0.12453986252027163,0.5
1704216060.0,8813.126489634733,SCALE,0.005,3.0,COOLDOWN,0.12452901229530276,0.5
1704216120.0,8812.765847493733,SCALE,0.005,3.0,COOLDOWN,0.12456483746265522,0.5
1704216180.0,8811.793985364733,SCALE,0.005,3.0,COOLDOWN,0.12466137948993562,0.5
1704216240.0,8811.047559492732,SCALE,0.005,3.0,COOLDOWN,0.12473552731887892,0.5
1704216300.0,8812.148202432732,SCALE,0.005,3.0,COOLDOWN,0.12462619257111084,0.5
1704216360.0,8811.939247884733,SCALE,0.005,3.0,COOLDOWN,0.12464694952322512,0.5
1704216420.0,8811.880304823733,SCALE,0.005,3.0,COOLDOWN,0.12465280475971724,0.5
1704216480.0,8811.565476246733,SCALE,0.005,3.0,COOLDOWN,0.1246840789375687,0.5
1704216540.0,8811.676657944732,SCALE,0.005,3.0,COOLDOWN,0.12467303446304803,0.5
1704216600.0,8810.331024177733,SCALE,0.005,3.0,COOLDOWN,0.12480670590467201,0.5
1704216660.0,8810.270684361732,SCALE,0.005,3.0,COOLDOWN,0.12481269989084408,0.5
1704216720.0,8808.721962417732,SCALE,0.005,3.0,COOLDOWN,0.12496654553592683,0.5
1704216780.0,8807.414879088732,SCALE,0.005,3.0,COOLDOWN,0.1250963874863854,0.5
1704216840.0,8807.964362505732,SCALE,0.005,3.0,COOLDOWN,0.12504180336230927,0.5
1704216900.0,8807.790326832732,SCALE,0.005,3.0,COOLDOWN,0.12505909157242598,0.5
1704216960.0,8808.275000817732,SCALE,0.005,3.0,COOLDOWN,0.12501094543349767,0.5
1704217020.0,8808.794873028732,SCALE,0.005,3.0,COOLDOWN,0.12495930280263566,0.5
1704217080.0,8807.655959001733,SCALE,0.005,3.0,COOLDOWN,0.12507243929163303,0.5
1704217140.0,8806.496093649732,SCALE,0.005,3.0,COOLDOWN,0.12518765702582935,0.5
1704217200.0,8806.335466824732,SCALE,0.005,3.0,COOLDOWN,0.12520361323901882,0.5
1704217260.0,8805.375616788733,SCALE,0.005,3.0,COOLDOWN,0.12529896201905194,0.5
1704217320.0,8806.636886553733,SCALE,0.005,3.0,COOLDOWN,0.1251736710580944,0.5
1704217380.0,8807.852342754733,SCALE,0.005,3.0,COOLDOWN,0.12505293108663787,0.5
1704217440.0,8807.800942170732,SCALE,0.005,3.0,COOLDOWN,0.12505803707485863,0.5
1704217500.0,8808.771128193732,SCALE,0.005,3.0,COOLDOWN,0.1249616615471941,0.5
1704217560.0,8806.592190393732,SCALE,0.005,3.0,COOLDOWN,0.12517811104785156,0.5
1704217620.0,8805.960577782733,SCALE,0.005,3.0,COOLDOWN,0.12524085365310622,0.5
1704217680.0,8805.530097891733,SCALE,0.005,3.0,COOLDOWN,0.12528361630445406,0.5
1704217740.0,8805.677315868732,SCALE,0.005,3.0,COOLDOWN,0.12526899208819178,0.5
1704217800.0,8806.120925256733,SCALE,0.005,3.0,COOLDOWN,0.12522492518985268,0.5
1704217860.0,8805.896327052733,SCALE,0.005,3.0,COOLDOWN,0.125247236138382,0.5
1704217920.0,8805.754137393733,SCALE,0.005,3.0,COOLDOWN,0.12526136085579673,0.5
1704217980.0,8805.753858042732,SCALE,0.005,3.0,COOLDOWN,0.12526138860573283,0.5
1704218040.0,8805.769222347733,SCALE,0.005,3.0,COOLDOWN,0.12525986235925365,0.5
1704218100.0,8806.836343167732,SCALE,0.005,3.0,COOLDOWN,0.1251538576038036,0.5
1704218160.0,8807.671602657732,SCALE,0.005,3.0,COOLDOWN,0.12507088529521815,0.5
1704218220.0,8807.028536655733,SCALE,0.005,3.0,COOLDOWN,0.12513476564784806,0.5
1704218280.0,8805.361090536733,SCALE,0.005,3.0,COOLDOWN,0.125300405015723,0.5
1704218340.0,8804.920274658733,SCALE,0.005,3.0,COOLDOWN,0.12534419441470224,0.5
1704218400.0,8805.112188795732,SCALE,0.005,3.0,COOLDOWN,0.1253251302086828,0.5
1704218460.0,8806.699740528733,SCALE,0.005,3.0,COOLDOWN,0.12516742732249855,0.5
1704218520.0,8807.095022193733,SCALE,0.005,3.0,COOLDOWN,0.1251281611630844,0.5
1704218580.0,8809.195741713733,SCALE,0.005,3.0,COOLDOWN,0.12491948164450176,0.5
1704218640.0,8808.491497842733,SCALE,0.005,3.0,COOLDOWN,0.12498943923311168,0.5
1704218700.0,8807.572712403733,SCALE,0.005,3.0,COOLDOWN,0.12508070877255562,0.5
1704218760.0,8806.460895423732,SCALE,0.005,3.0,COOLDOWN,0.12519115351776303,0.5
1704218820.0,8806.581854406733,SCALE,0.005,3.0,COOLDOWN,0.1251791377954828,0.5
1704218880.0,8806.983281793733,SCALE,0.005,3.0,COOLDOWN,0.12513926113747706,0.5
1704218940.0,8806.214507841732,SCALE,0.005,3.0,COOLDOWN,0.12521562896129887,0.5
1704219000.0,8805.558032991732,SCALE,0.005,3.0,COOLDOWN,0.12528084131085598,0.5
1704219060.0,8805.446851293733,SCALE,0.005,3.0,COOLDOWN,0.12529188578537664,0.5
1704219120.0,8805.618372807732,SCALE,0.005,3.0,COOLDOWN,0.1252748473246839,0.5
1704219180.0,8806.372341156732,SCALE,0.005,3.0,COOLDOWN,0.12519995024746927,0.5
1704219240.0,8806.529615769732,SCALE,0.005,3.0,COOLDOWN,0.1251843270335115,0.5
1704219300.0,8806.424300442732,SCALE,0.005,3.0,COOLDOWN,0.12519478875937667,0.5
1704219360.0,8805.617534754732,SCALE,0.005,3.0,COOLDOWN,0.12527493057449185,0.5
1704219420.0,8804.301512193733,SCALE,0.005,3.0,COOLDOWN,0.1254056605229017,0.5
1704219480.0,8805.058832754732,SCALE,0.005,3.0,COOLDOWN,0.12533043044645534,0.5
1704219540.0,8805.492106155732,SCALE,0.005,3.0,COOLDOWN,0.12528739029574762,0.5
1704219600.0,8808.044536242733,SCALE,0.005,3.0,COOLDOWN,0.1250338391306825,0.5
1704219660.0,8808.689837052732,SCALE,0.005,3.0,COOLDOWN,0.12496973677856472,0.5
1704219720.0,8807.597574642732,SCALE,0.005,3.0,COOLDOWN,0.12507823902825332,0.5
1704219780.0,8808.323887242732,SCALE,0.005,3.0,COOLDOWN,0.12500608919470085,0.5
1704219840.0,8809.968147228732,SCALE,0.005,3.0,COOLDOWN,0.12484275307151234,0.5
1704219900.0,8809.552752291733,SCALE,0.005,3.0,COOLDOWN,0.1248840172263171,0.5
1704219960.0,8810.023179375732,SCALE,0.005,3.0,COOLDOWN,0.12483728633412393,0.5
1704220020.0,8809.365866472732,SCALE,0.005,3.0,COOLDOWN,0.12490258193348898,0.5
1704220080.0,8809.475651415733,SCALE,0.005,3.0,COOLDOWN,0.12489167620864809,0.5
1704220140.0,8809.382627532732,SCALE,0.005,3.0,COOLDOWN,0.12490091693733006,0.5
1704220200.0,8810.055863442733,SCALE,0.005,3.0,COOLDOWN,0.12483403959161403,0.5
1704220260.0,8811.340878042733,SCALE,0.005,3.0,COOLDOWN,0.12470638988609804,0.5
1704220320.0,8812.122781491733,SCALE,0.005,3.0,COOLDOWN,0.12462871781528513,0.5
1704220380.0,8813.241861597733,SCALE,0.005,3.0,COOLDOWN,0.12451755157174228,0.5
1704220440.0,8812.503257553732,SCALE,0.005,3.0,COOLDOWN,0.12459092240247814,0.5
1704220500.0,8813.158335648732,SCALE,0.005,3.0,COOLDOWN,0.12452584880260095,0.5
1704220560.0,8812.235359944732,SCALE,0.005,3.0,COOLDOWN,0.12461753459108454,0.5
1704220620.0,8811.916620453732,SCALE,0.005,3.0,COOLDOWN,0.1246491972680397,0.5
1704220680.0,8811.564638193733,SCALE,0.005,3.0,COOLDOWN,0.12468416218737662,0.5
1704220740.0,8811.340878042733,SCALE,0.005,3.0,COOLDOWN,0.12470638988609804,0.5
1704220800.0,8810.582440077733,SCALE,0.005,3.0,COOLDOWN,0.12478173096228842,0.5
1704220860.0,8810.503104393732,SCALE,0.005,3.0,COOLDOWN,0.12478961194410727,0.5
1704220920.0,8809.871491782733,SCALE,0.005,3.0,COOLDOWN,0.12485235454936194,0.5
1704220980.0,8808.906054726733,SCALE,0.005,3.0,COOLDOWN,0.12494825832811483,0.5
1704221040.0,8808.041463381733,SCALE,0.005,3.0,COOLDOWN,0.1250341443799783,0.5
1704221100.0,8809.240158522733,SCALE,0.005,3.0,COOLDOWN,0.12491506940468068,0.5
1704221160.0,8810.446954842733,SCALE,0.005,3.0,COOLDOWN,0.12479518968123952,0.5
1704221220.0,8810.443881981733,SCALE,0.005,3.0,COOLDOWN,0.12479549493053532,0.5
1704221280.0,8810.495003214732,SCALE,0.005,3.0,COOLDOWN,0.12479041669225083,0.5
1704221340.0,8810.836928838733,SCALE,0.005,3.0,COOLDOWN,0.12475645077060905,0.5
1704221400.0,8809.956414486733,SCALE,0.005,3.0,COOLDOWN,0.12484391856882351,0.5
1704221460.0,8810.332979634733,SCALE,0.005,3.0,COOLDOWN,0.12480651165512005,0.5
1704221520.0,8809.467270885732,SCALE,0.005,3.0,COOLDOWN,0.12489250870672755,0.5
1704221580.0,8809.627618359733,SCALE,0.005,3.0,COOLDOWN,0.12487658024347399,0.5
1704221640.0,8809.268093622733,SCALE,0.005,3.0,COOLDOWN,0.12491229441108243,0.5
1704221700.0,8812.122502140732,SCALE,0.005,3.0,COOLDOWN,0.12462874556522123,0.5
1704221760.0,8810.867378097733,SCALE,0.005,3.0,COOLDOWN,0.124753426027587,0.5
1704221820.0,8809.944402393732,SCALE,0.005,3.0,COOLDOWN,0.12484511181607078,0.5
1704221880.0,8809.734330441732,SCALE,0.005,3.0,COOLDOWN,0.12486597976792907,0.5
1704221940.0,8810.187158412733,SCALE,0.005,3.0,COOLDOWN,0.12482099712170257,0.5
1704222000.0,8810.558974593732,SCALE,0.005,3.0,COOLDOWN,0.12478406195691094,0.5
1704222060.0,8810.511205572733,SCALE,0.005,3.0,COOLDOWN,0.12478880719596373,0.5
1704222120.0,8810.344991727732,SCALE,0.005,3.0,COOLDOWN,0.12480531840787297,0.5
1704222180.0,8811.933102162733,SCALE,0.005,3.0,COOLDOWN,0.1246475600218167,0.5
1704222240.0,8811.934498917732,SCALE,0.005,3.0,COOLDOWN,0.12464742127213695,0.5
1704222300.0,8811.788398344732,SCALE,0.005,3.0,COOLDOWN,0.12466193448865538,0.5
1704222360.0,8811.204554754733,SCALE,0.005,3.0,COOLDOWN,0.12471993185485707,0.5
1704222420.0,8810.270684361732,SCALE,0.005,3.0,COOLDOWN,0.12481269989084408,0.5
1704222480.0,8810.324599104733,SCALE,0.005,3.0,COOLDOWN,0.12480734415319951,0.5
1704222540.0,8809.248818403732,SCALE,0.005,3.0,COOLDOWN,0.1249142091566653,0.5
1704222600.0,8809.457214249733,SCALE,0.005,3.0,COOLDOWN,0.12489350770442287,0.5
1704222660.0,8809.626221604733,SCALE,0.005,3.0,COOLDOWN,0.12487671899315393,0.5
1704222720.0,8809.621751988732,SCALE,0.005,3.0,COOLDOWN,0.12487716299212967,0.5
1704222780.0,8809.332623703733,SCALE,0.005,3.0,COOLDOWN,0.12490588417587072,0.5
1704222840.0,8809.249097754733,SCALE,0.005,3.0,COOLDOWN,0.12491418140672922,0.5
1704222900.0,8809.218369144732,SCALE,0.005,3.0,COOLDOWN,0.12491723389968735,0.5
1704222960.0,8810.155312398732,SCALE,0.005,3.0,COOLDOWN,0.12482416061440454,0.5
1704223020.0,8810.377117092732,SCALE,0.005,3.0,COOLDOWN,0.12480212716523507,0.5
1704223080.0,8809.654156704733,SCALE,0.005,3.0,COOLDOWN,0.12487394399955568,0.5
1704223140.0,8808.911083044733,SCALE,0.005,3.0,COOLDOWN,0.12494775882926708,0.5
1704223200.0,8808.659387793732,SCALE,0.005,3.0,COOLDOWN,0.12497276152158676,0.5
1704223260.0,8808.096216177732,SCALE,0.005,3.0,COOLDOWN,0.125028705392526,0.5
1704223320.0,8807.750658990733,SCALE,0.005,3.0,COOLDOWN,0.12506303206333522,0.5
1704223380.0,8804.813562576732,SCALE,0.005,3.0,COOLDOWN,0.12535479489024734,0.5
1704223440.0,8804.940667281733,SCALE,0.005,3.0,COOLDOWN,0.1253421686693755,0.5
1704223500.0,8803.072367793733,SCALE,0.005,3.0,COOLDOWN,0.12552776024122136,0.5
1704223560.0,8802.779328594732,SCALE,0.005,3.0,COOLDOWN,0.1255568699240663,0.5
1704223620.0,8800.876668933732,SCALE,0.005,3.0,COOLDOWN,0.12574587473803794,0.5
1704223680.0,8801.960550813732,SCALE,0.005,3.0,COOLDOWN,0.12563820498642878,0.5
1704223740.0,8802.345775842732,SCALE,0.005,3.0,COOLDOWN,0.12559993782470993,0.5
1704223800.0,8801.211890133733,SCALE,0.005,3.0,COOLDOWN,0.12571257481485976,0.5
1704223860.0,8801.254072134732,SCALE,0.005,3.0,COOLDOWN,0.12570838457452654,0.5
1704223920.0,8804.100938175732,SCALE,0.005,3.0,COOLDOWN,0.1254255849769367,0.5
1704223980.0,8804.612988558732,SCALE,0.005,3.0,COOLDOWN,0.12537471934428215,0.5
1704224040.0,8805.556356885732,SCALE,0.005,3.0,COOLDOWN,0.12528100781047186,0.5
1704224100.0,8805.251584944732,SCALE,0.005,3.0,COOLDOWN,0.12531128299062796,0.5
1704224160.0,8804.793728655732,SCALE,0.005,3.0,COOLDOWN,0.12535676513570204,0.5
1704224220.0,8805.443499081732,SCALE,0.005,3.0,COOLDOWN,0.12529221878460853,0.5
1704224280.0,8806.725440820732,SCALE,0.005,3.0,COOLDOWN,0.12516487432838833,0.5
1704224340.0,8805.810007593733,SCALE,0.005,3.0,COOLDOWN,0.12525581086860038,0.5
1704224400.0,8805.701340054733,SCALE,0.005,3.0,COOLDOWN,0.12526660559369726,0.5
1704224460.0,8806.274568306733,SCALE,0.005,3.0,COOLDOWN,0.1252096627250627,0.5
1704224520.0,8804.860214193732,SCALE,0.005,3.0,COOLDOWN,0.1253501606509384,0.5
1704224580.0,8804.836190007733,SCALE,0.005,3.0,COOLDOWN,0.12535254714543273,0.5
1704224640.0,8804.713834269733,SCALE,0.005,3.0,COOLDOWN,0.12536470161739274,0.5
1704224700.0,8805.921468642733,SCALE,0.005,3.0,COOLDOWN,0.12524473864414365,0.5
1704224760.0,8806.683817521733,SCALE,0.005,3.0,COOLDOWN,0.12516900906884953,0.5
1704224820.0,8806.608113400733,SCALE,0.005,3.0,COOLDOWN,0.12517652930150058,0.5
1704224880.0,8807.317944291734,SCALE,0.005,3.0,COOLDOWN,0.1251060167141709,0.5
1704224940.0,8806.734659403732,SCALE,0.005,3.0,COOLDOWN,0.12516395858050094,0.5
1704225000.0,8806.975739316733,SCALE,0.005,3.0,COOLDOWN,0.1251400103857486,0.5
1704225060.0,8807.173240473732,SCALE,0.005,3.0,COOLDOWN,0.12512039118100957,0.5
1704225120.0,8807.070998007732,SCALE,0.005,3.0,COOLDOWN,0.12513054765757894,0.5
1704225180.0,8805.047100012733,SCALE,0.005,3.0,COOLDOWN,0.12533159594376653,0.5
1704225240.0,8803.686660642732,SCALE,0.005,3.0,COOLDOWN,0.12546673813199763,0.5
1704225300.0,8802.848886993732,SCALE,0.005,3.0,COOLDOWN,0.12554996019000686,0.5
1704225360.0,8806.191880410732,SCALE,0.005,3.0,COOLDOWN,0.12521787670611345,0.5
1704225420.0,8808.437024397732,SCALE,0.005,3.0,COOLDOWN,0.12499485047062825,0.5
1704225480.0,8807.191118937733,SCALE,0.005,3.0,COOLDOWN,0.12511861518510664,0.5
1704225540.0,8806.969034892732,SCALE,0.005,3.0,COOLDOWN,0.1251406763842122,0.5
1704225600.0,8805.337625052733,SCALE,0.005,3.0,COOLDOWN,0.12530273601034553,0.5
1704225660.0,8805.630943602733,SCALE,0.005,3.0,COOLDOWN,0.12527359857756465,0.5
1704225720.0,8805.504118248733,SCALE,0.005,3.0,COOLDOWN,0.12528619704850036,0.5
1704225780.0,8808.131414403733,SCALE,0.005,3.0,COOLDOWN,0.12502520890059213,0.5
1704225840.0,8807.864075496733,SCALE,0.005,3.0,COOLDOWN,0.12505176558932668,0.5
1704225900.0,8807.856533019733,SCALE,0.005,3.0,COOLDOWN,0.12505251483759822,0.5
1704225960.0,8808.358526766733,SCALE,0.005,3.0,COOLDOWN,0.12500264820263898,0.5
1704226020.0,8809.054390107733,SCALE,0.005,3.0,COOLDOWN,0.12493352311210854,0.5
1704226080.0,8808.929799561733,SCALE,0.005,3.0,COOLDOWN,0.1249458995835564,0.5
1704226140.0,8809.045171524733,SCALE,0.005,3.0,COOLDOWN,0.12493443885999592,0.5
1704226200.0,8808.536752704733,SCALE,0.005,3.0,COOLDOWN,0.12498494374348267,0.5
1704226260.0,8808.679221714732,SCALE,0.005,3.0,COOLDOWN,0.12497079127613205,0.5
1704226320.0,8808.905775375733,SCALE,0.005,3.0,COOLDOWN,0.12494828607805075,0.5
1704226380.0,8808.491777193733,SCALE,0.005,3.0,COOLDOWN,0.12498941148317576,0.5
1704226440.0,8808.485352120733,SCALE,0.005,3.0,COOLDOWN,0.12499004973170326,0.5
1704226500.0,8808.659387793732,SCALE,0.005,3.0,COOLDOWN,0.12497276152158676,0.5
1704226560.0,8810.076535416732,SCALE,0.005,3.0,COOLDOWN,0.12483198609635139,0.5
1704226620.0,8810.163413577733,SCALE,0.005,3.0,COOLDOWN,0.124823355866261,0.5
1704226680.0,8809.286810139733,SCALE,0.005,3.0,COOLDOWN,0.12491043516537174,0.5
1704226740.0,8809.231777992733,SCALE,0.005,3.0,COOLDOWN,0.12491590190276014,0.5
1704226800.0,8808.549602850733,SCALE,0.005,3.0,COOLDOWN,0.12498366724642747,0.5
1704226860.0,8806.039913466733,SCALE,0.005,3.0,COOLDOWN,0.12523297267128738,0.5
1704226920.0,8805.938788404732,SCALE,0.005,3.0,COOLDOWN,0.1252430181481129,0.5
1704226980.0,8805.728716452732,SCALE,0.005,3.0,COOLDOWN,0.1252638860999712,0.5
1704227040.0,8806.455308403732,SCALE,0.005,3.0,COOLDOWN,0.12519170851648262,0.5
1704227100.0,8806.923500679732,SCALE,0.005,3.0,COOLDOWN,0.1251451996237773,0.5
1704227160.0,8806.300827300733,SCALE,0.005,3.0,COOLDOWN,0.1252070542310805,0.5
1704227220.0,8805.175601472733,SCALE,0.005,3.0,COOLDOWN,0.12531883097321495,0.5
1704227280.0,8805.174204717732,SCALE,0.005,3.0,COOLDOWN,0.12531896972289489,0.5
1704227340.0,8804.592316584733,SCALE,0.005,3.0,COOLDOWN,0.1253767728395448,0.5
1704227400.0,8805.430090233733,SCALE,0.005,3.0,COOLDOWN,0.12529355078153556,0.5
1704227460.0,8804.568013047732,SCALE,0.005,3.0,COOLDOWN,0.12537918708397525,0.5
1704227520.0,8804.034731988733,SCALE,0.005,3.0,COOLDOWN,0.12543216171176427,0.5
1704227580.0,8804.481972939733,SCALE,0.005,3.0,COOLDOWN,0.12538773406425752,0.5
1704227640.0,8804.096189208733,SCALE,0.005,3.0,COOLDOWN,0.12542605672584836,0.5
1704227700.0,8804.188375038733,SCALE,0.005,3.0,COOLDOWN,0.1254168992469743,0.5
1704227760.0,8803.811251188732,SCALE,0.005,3.0,COOLDOWN,0.12545436166054977,0.5
1704227820.0,8803.194444180732,SCALE,0.005,3.0,COOLDOWN,0.12551563351919748,0.5
1704227880.0,8802.957275181732,SCALE,0.005,3.0,COOLDOWN,0.1255391932148459,0.5
1704227940.0,8801.675892144733,SCALE,0.005,3.0,COOLDOWN,0.12566648217119408,0.5
1704228000.0,8801.885126043733,SCALE,0.005,3.0,COOLDOWN,0.12564569746914372,0.5
1704228060.0,8802.669543651733,SCALE,0.005,3.0,COOLDOWN,0.12556777564890703,0.5
1704228120.0,8803.181314683732,SCALE,0.005,3.0,COOLDOWN,0.12551693776618858,0.5
1704228180.0,8801.593204248733,SCALE,0.005,3.0,COOLDOWN,0.12567469615224466,0.5
1704228240.0,8801.159651496733,SCALE,0.005,3.0,COOLDOWN,0.1257177640528883,0.5
1704228300.0,8802.252472608732,SCALE,0.005,3.0,COOLDOWN,0.12560920630332784,0.5
1704228360.0,8803.907068581733,SCALE,0.005,3.0,COOLDOWN,0.12544484343250792,0.5
1704228420.0,8805.329803224733,SCALE,0.005,3.0,COOLDOWN,0.12530351300855297,0.5
1704228480.0,8802.346334544733,SCALE,0.005,3.0,COOLDOWN,0.12559988232483793,0.5
1704228540.0,8801.284800744732,SCALE,0.005,3.0,COOLDOWN,0.1257053320815686,0.5
1704228600.0,8801.706062052732,SCALE,0.005,3.0,COOLDOWN,0.12566348517810816,0.5
1704228660.0,8801.513868564733,SCALE,0.005,3.0,COOLDOWN,0.1256825771340635,0.5
1704228720.0,8800.213489659733,SCALE,0.005,3.0,COOLDOWN,0.12581175308605846,0.5
1704228780.0,8800.739507592732,SCALE,0.005,3.0,COOLDOWN,0.12575949995660488,0.5
1704228840.0,8801.340391593732,SCALE,0.005,3.0,COOLDOWN,0.12569980984430817,0.5
1704228900.0,8801.799365286732,SCALE,0.005,3.0,COOLDOWN,0.12565421669949026,0.5
1704228960.0,8801.014947678732,SCALE,0.005,3.0,COOLDOWN,0.12573213851972695,0.5
1704229020.0,8801.472803967732,SCALE,0.005,3.0,COOLDOWN,0.12568665637465287,0.5
1704229080.0,8800.837559793732,SCALE,0.005,3.0,COOLDOWN,0.12574975972907534,0.5
1704229140.0,8799.951458421732,SCALE,0.005,3.0,COOLDOWN,0.12583778252600938,0.5
1704229200.0,8800.332493185733,SCALE,0.005,3.0,COOLDOWN,0.1257999316133302,0.5
1704229260.0,8798.375639430733,SCALE,0.005,3.0,COOLDOWN,0.12599431991488227,0.5
1704229320.0,8798.690747358733,SCALE,0.005,3.0,COOLDOWN,0.12596301798709492,0.5
1704229380.0,8797.988179593733,SCALE,0.005,3.0,COOLDOWN,0.12603280907608896,0.5
1704229440.0,8799.858155187732,SCALE,0.005,3.0,COOLDOWN,0.12584705100462729,0.5
1704229500.0,8799.320683863732,SCALE,0.005,3.0,COOLDOWN,0.1259004418814561,0.5
1704229560.0,8798.008292865732,SCALE,0.005,3.0,COOLDOWN,0.12603081108069836,0.5
1704229620.0,8797.978961010733,SCALE,0.005,3.0,COOLDOWN,0.12603372482397637,0.5
1704229680.0,8797.578651027732,SCALE,0.005,3.0,COOLDOWN,0.12607349048223826,0.5
1704229740.0,8797.009054338732,SCALE,0.005,3.0,COOLDOWN,0.126130072601705,0.5
1704229800.0,8797.954657473732,SCALE,0.005,3.0,COOLDOWN,0.1260361390684068,0.5
1704229860.0,8799.000268266733,SCALE,0.005,3.0,COOLDOWN,0.12593227105802715,0.5
1704229920.0,8800.227736560733,SCALE,0.005,3.0,COOLDOWN,0.12581033783932333,0.5
1704229980.0,8800.706544174733,SCALE,0.005,3.0,COOLDOWN,0.1257627744490507,0.5
1704230040.0,8801.507722842733,SCALE,0.005,3.0,COOLDOWN,0.1256831876326551,0.5
1704230100.0,8803.069853634732,SCALE,0.005,3.0,COOLDOWN,0.1255280099906453,0.5
1704230160.0,8802.573726258732,SCALE,0.005,3.0,COOLDOWN,0.12557729387694888,0.5
1704230220.0,8802.258618330732,SCALE,0.005,3.0,COOLDOWN,0.12560859580473624,0.5
1704230280.0,8802.603896166733,SCALE,0.005,3.0,COOLDOWN,0.12557429688386276,0.5
1704230340.0,8803.966290993732,SCALE,0.005,3.0,COOLDOWN,0.12543896044607988,0.5
1704230400.0,8803.407309642733,SCALE,0.005,3.0,COOLDOWN,0.12549448806797928,0.5
1704230460.0,8803.754263584733,SCALE,0.005,3.0,COOLDOWN,0.12546002264748995,0.5
1704230520.0,8802.936044505732,SCALE,0.005,3.0,COOLDOWN,0.12554130220998058,0.5
1704230580.0,8803.207853028733,SCALE,0.005,3.0,COOLDOWN,0.12551430152227025,0.5
1704230640.0,8803.666826721732,SCALE,0.005,3.0,COOLDOWN,0.12546870837745233,0.5
1704230700.0,8802.774579627732,SCALE,0.005,3.0,COOLDOWN,0.12555734167297797,0.5
1704230760.0,8803.168185186732,SCALE,0.005,3.0,COOLDOWN,0.12551824201317968,0.5
1704230820.0,8802.813688767732,SCALE,0.005,3.0,COOLDOWN,0.12555345668194057,0.5
1704230880.0,8801.947700667732,SCALE,0.005,3.0,COOLDOWN,0.12563948148348397,0.5
1704230940.0,8800.421606154732,SCALE,0.005,3.0,COOLDOWN,0.1257910793837521,0.5
1704231000.0,8801.200716093732,SCALE,0.005,3.0,COOLDOWN,0.1257136848122991,0.5
1704231060.0,8802.341026875732,SCALE,0.005,3.0,COOLDOWN,0.1256004095736216,0.5
1704231120.0,8803.914052356733,SCALE,0.005,3.0,COOLDOWN,0.12544414968410839,0.5
1704231180.0,8804.402357904733,SCALE,0.005,3.0,COOLDOWN,0.12539564279601229,0.5
1704231240.0,8804.182229316733,SCALE,0.005,3.0,COOLDOWN,0.1254175097455659,0.5
1704231300.0,8803.638332919732,SCALE,0.005,3.0,COOLDOWN,0.12547153887092244,0.5
1704231360.0,8802.603058113733,SCALE,0.005,3.0,COOLDOWN,0.1255743801336707,0.5
1704231420.0,8802.222582051732,SCALE,0.005,3.0,COOLDOWN,0.12561217554647786,0.5
1704231480.0,8802.138218049733,SCALE,0.005,3.0,COOLDOWN,0.12562055602714428,0.5
1704231540.0,8803.076837409733,SCALE,0.005,3.0,COOLDOWN,0.1255273162422456,0.5
1704231600.0,8804.022161193732,SCALE,0.005,3.0,COOLDOWN,0.12543341045888354,0.5
1704231660.0,8804.423867931733,SCALE,0.005,3.0,COOLDOWN,0.1253935060509417,0.5
1704231720.0,8805.152974041732,SCALE,0.005,3.0,COOLDOWN,0.12532107871802953,0.5
1704231780.0,8804.870270829733,SCALE,0.005,3.0,COOLDOWN,0.1253491616532429,0.5
1704231840.0,8804.297042577733,SCALE,0.005,3.0,COOLDOWN,0.12540610452187745,0.5
1704231900.0,8804.297321928732,SCALE,0.005,3.0,COOLDOWN,0.12540607677194152,0.5
1704231960.0,8804.531697417733,SCALE,0.005,3.0,COOLDOWN,0.12538279457565277,0.5
1704232020.0,8805.399920325732,SCALE,0.005,3.0,COOLDOWN,0.12529654777462168,0.5
1704232080.0,8806.144949442732,SCALE,0.005,3.0,COOLDOWN,0.12522253869535832,0.5
1704232140.0,8807.025184443732,SCALE,0.005,3.0,COOLDOWN,0.12513509864707995,0.5
1704232200.0,8806.033767744733,SCALE,0.005,3.0,COOLDOWN,0.12523358316987898,0.5
1704232260.0,8806.747509549732,SCALE,0.005,3.0,COOLDOWN,0.12516268208344575,0.5
1704232320.0,8806.962051117733,SCALE,0.005,3.0,COOLDOWN,0.12514137013261173,0.5
1704232380.0,8806.993617780732,SCALE,0.005,3.0,COOLDOWN,0.12513823438984584,0.5
1704232440.0,8806.857573843732,SCALE,0.005,3.0,COOLDOWN,0.12515174860866896,0.5
1704232500.0,8806.677113097732,SCALE,0.005,3.0,COOLDOWN,0.12516967506731314,0.5
1704232560.0,8806.489947927732,SCALE,0.005,3.0,COOLDOWN,0.12518826752442094,0.5
1704232620.0,8807.113459359733,SCALE,0.005,3.0,COOLDOWN,0.12512632966730963,0.5
1704232680.0,8807.111783253733,SCALE,0.005,3.0,COOLDOWN,0.12512649616692548,0.5
1704232740.0,8809.210826667733,SCALE,0.005,3.0,COOLDOWN,0.1249179831479587,0.5
1704232800.0,8808.131414403733,SCALE,0.005,3.0,COOLDOWN,0.12502520890059213,0.5
1704232860.0,8808.858844407732,SCALE,0.005,3.0,COOLDOWN,0.12495294806729579,0.5
1704232920.0,8809.184847024733,SCALE,0.005,3.0,COOLDOWN,0.12492056389200501,0.5
1704232980.0,8808.718889556732,SCALE,0.005,3.0,COOLDOWN,0.12496685078522263,0.5
1704233040.0,8808.659667144733,SCALE,0.005,3.0,COOLDOWN,0.12497273377165066,0.5
1704233100.0,8810.950065993733,SCALE,0.005,3.0,COOLDOWN,0.12474521204653645,0.5
1704233160.0,8810.907604641732,SCALE,0.005,3.0,COOLDOWN,0.12474943003680575,0.5
1704233220.0,8810.605626210732,SCALE,0.005,3.0,COOLDOWN,0.124779427717602,0.5
1704233280.0,8810.783852148732,SCALE,0.005,3.0,COOLDOWN,0.12476172325844569,0.5
1704233340.0,8812.746851625732,SCALE,0.005,3.0,COOLDOWN,0.124566724458302,0.5
1704233400.0,8812.757746314732,SCALE,0.005,3.0,COOLDOWN,0.12456564221079876,0.5
1704233460.0,8811.763256754732,SCALE,0.005,3.0,COOLDOWN,0.12466443198289376,0.5
1704233520.0,8810.769884598732,SCALE,0.005,3.0,COOLDOWN,0.12476311075524472,0.5
1704233580.0,8809.890767001732,SCALE,0.005,3.0,COOLDOWN,0.12485043980377925,0.5
1704233640.0,8810.156429802732,SCALE,0.005,3.0,COOLDOWN,0.1248240496146607,0.5
1704233700.0,8810.382983463733,SCALE,0.005,3.0,COOLDOWN,0.1248015444165794,0.5
1704233760.0,8810.579367216733,SCALE,0.005,3.0,COOLDOWN,0.12478203621158422,0.5
1704233820.0,8810.391643344732,SCALE,0.005,3.0,COOLDOWN,0.12480068416856402,0.5
1704233880.0,8811.229137642733,SCALE,0.005,3.0,COOLDOWN,0.12471748986049071,0.5
1704233940.0,8811.483347052732,SCALE,0.005,3.0,COOLDOWN,0.12469223741874742,0.5
1704234000.0,8810.112012993732,SCALE,0.005,3.0,COOLDOWN,0.12482846185448178,0.5
1704234060.0,8810.401420629732,SCALE,0.005,3.0,COOLDOWN,0.12479971292080462,0.5
1704234120.0,8809.320332259733,SCALE,0.005,3.0,COOLDOWN,0.12490710517305391,0.5
1704234180.0,8808.044815593732,SCALE,0.005,3.0,COOLDOWN,0.1250338113807466,0.5
1704234240.0,8807.724679347733,SCALE,0.005,3.0,COOLDOWN,0.12506561280738152,0.5
1704234300.0,8807.726914155732,SCALE,0.005,3.0,COOLDOWN,0.12506539080789383,0.5
1704234360.0,8807.626906497733,SCALE,0.005,3.0,COOLDOWN,0.12507532528497514,0.5
1704234420.0,8807.159552274732,SCALE,0.005,3.0,COOLDOWN,0.1251217509278727,0.5
1704234480.0,8807.776359282732,SCALE,0.005,3.0,COOLDOWN,0.12506047906922502,0.5
1704234540.0,8807.579416827732,SCALE,0.005,3.0,COOLDOWN,0.12508004277409218,0.5
1704234600.0,8807.039151993733,SCALE,0.005,3.0,COOLDOWN,0.12513371115028074,0.5
1704234660.0,8805.133419471733,SCALE,0.005,3.0,COOLDOWN,0.12532302121354813,0.5
1704234720.0,8805.896606403732,SCALE,0.005,3.0,COOLDOWN,0.1252472083884461,0.5
1704234780.0,8804.126917818732,SCALE,0.005,3.0,COOLDOWN,0.1254230042328904,0.5
1704234840.0,8805.198228903733,SCALE,0.005,3.0,COOLDOWN,0.12531658322840034,0.5
1704234900.0,8804.216868840733,SCALE,0.005,3.0,COOLDOWN,0.12541406875350422,0.5
1704234960.0,8804.415766752732,SCALE,0.005,3.0,COOLDOWN,0.12539431079908525,0.5
1704235020.0,8804.822501808732,SCALE,0.005,3.0,COOLDOWN,0.12535390689229586,0.5
1704235080.0,8804.331402750733,SCALE,0.005,3.0,COOLDOWN,0.12540269127975168,0.5
1704235140.0,8805.444616485733,SCALE,0.005,3.0,COOLDOWN,0.1252921077848645,0.5
1704235200.0,8805.526745679732,SCALE,0.005,3.0,COOLDOWN,0.12528394930368594,0.5
1704235260.0,8805.526466328733,SCALE,0.005,3.0,COOLDOWN,0.12528397705362188,0.5
1704235320.0,8804.313244935733,SCALE,0.005,3.0,COOLDOWN,0.12540449502559053,0.5
1704235380.0,8804.313244935733,SCALE,0.005,3.0,COOLDOWN,0.12540449502559053,0.5
1704235440.0,8803.836951480733,SCALE,0.005,3.0,COOLDOWN,0.12545180866643937,0.5
1704235500.0,8803.601179236732,SCALE,0.005,3.0,COOLDOWN,0.12547522961240806,0.5
1704235560.0,8804.848481451732,SCALE,0.005,3.0,COOLDOWN,0.12535132614824956,0.5
1704235620.0,8807.211790911733,SCALE,0.005,3.0,COOLDOWN,0.125116561689844,0.5
1704235680.0,8807.982799671732,SCALE,0.005,3.0,COOLDOWN,0.1250399718665345,0.5
1704235740.0,8807.298389721733,SCALE,0.005,3.0,COOLDOWN,0.1251079592096897,0.5
1704235800.0,8808.131414403733,SCALE,0.005,3.0,COOLDOWN,0.12502520890059213,0.5
1704235860.0,8806.508943795732,SCALE,0.005,3.0,COOLDOWN,0.12518638052877415,0.5
1704235920.0,8805.866157144732,SCALE,0.005,3.0,COOLDOWN,0.12525023313146816,0.5
1704235980.0,8804.809651662732,SCALE,0.005,3.0,COOLDOWN,0.12535518338935106,0.5
1704236040.0,8804.806578801732,SCALE,0.005,3.0,COOLDOWN,0.12535548863864684,0.5
1704236100.0,8806.304458863733,SCALE,0.005,3.0,COOLDOWN,0.12520669348191268,0.5
1704236160.0,8806.210317576733,SCALE,0.005,3.0,COOLDOWN,0.1252160452103385,0.5
1704236220.0,8805.150739233732,SCALE,0.005,3.0,COOLDOWN,0.1253213007175174,0.5
1704236280.0,8805.566413521732,SCALE,0.005,3.0,COOLDOWN,0.12528000881277654,0.5
1704236340.0,8805.355503516732,SCALE,0.005,3.0,COOLDOWN,0.12530096001444277,0.5
1704236400.0,8804.817194139732,SCALE,0.005,3.0,COOLDOWN,0.12535443414107952,0.5
1704236460.0,8805.467243916733,SCALE,0.005,3.0,COOLDOWN,0.1252898600400499,0.5
1704236520.0,8805.337904403732,SCALE,0.005,3.0,COOLDOWN,0.1253027082604096,0.5
1704236580.0,8804.769704469732,SCALE,0.005,3.0,COOLDOWN,0.1253591516301964,0.5
1704236640.0,8804.169658521732,SCALE,0.005,3.0,COOLDOWN,0.1254187584926852,0.5
1704236700.0,8804.404592712732,SCALE,0.005,3.0,COOLDOWN,0.1253954207965246,0.5
1704236760.0,8805.021399720732,SCALE,0.005,3.0,COOLDOWN,0.1253341489378769,0.5
1704236820.0,8804.826971424733,SCALE,0.005,3.0,COOLDOWN,0.12535346289332014,0.5
1704236880.0,8805.254657805732,SCALE,0.005,3.0,COOLDOWN,0.12531097774133218,0.5
1704236940.0,8805.610271628733,SCALE,0.005,3.0,COOLDOWN,0.1252756520728273,0.5
1704237000.0,8805.846602574733,SCALE,0.005,3.0,COOLDOWN,0.12525217562698676,0.5
1704237060.0,8805.176718876732,SCALE,0.005,3.0,COOLDOWN,0.12531871997347108,0.5
1704237120.0,8805.312204111733,SCALE,0.005,3.0,COOLDOWN,0.12530526125451982,0.5
1704237180.0,8805.583453932733,SCALE,0.005,3.0,COOLDOWN,0.12527831606668152,0.5
1704237240.0,8805.452997015733,SCALE,0.005,3.0,COOLDOWN,0.12529127528678505,0.5
1704237300.0,8805.032573760733,SCALE,0.005,3.0,COOLDOWN,0.12533303894043757,0.5
1704237360.0,8805.463612353733,SCALE,0.005,3.0,COOLDOWN,0.12529022078921773,0.5
1704237420.0,8806.394130534733,SCALE,0.005,3.0,COOLDOWN,0.1251977857524626,0.5
1704237480.0,8807.073512166733,SCALE,0.005,3.0,COOLDOWN,0.12513029790815497,0.5
1704237540.0,8806.176236754733,SCALE,0.005,3.0,COOLDOWN,0.12521943070252836,0.5
1704237600.0,8805.032573760733,SCALE,0.005,3.0,COOLDOWN,0.12533303894043757,0.5
1704237660.0,8805.872861568732,SCALE,0.005,3.0,COOLDOWN,0.12524956713300453,0.5
1704237720.0,8805.872582217733,SCALE,0.005,3.0,COOLDOWN,0.12524959488294046,0.5
1704237780.0,8806.398879501732,SCALE,0.005,3.0,COOLDOWN,0.12519731400355094,0.5
1704237840.0,8806.771254384732,SCALE,0.005,3.0,COOLDOWN,0.12516032333888732,0.5
1704237900.0,8806.590234936733,SCALE,0.005,3.0,COOLDOWN,0.12517830529740334,0.5
1704237960.0,8805.321143343732,SCALE,0.005,3.0,COOLDOWN,0.1253043732565685,0.5
1704238020.0,8805.062184966733,SCALE,0.005,3.0,COOLDOWN,0.12533009744722345,0.5
1704238080.0,8804.810769066733,SCALE,0.005,3.0,COOLDOWN,0.12535507238960703,0.5
1704238140.0,8804.957428341733,SCALE,0.005,3.0,COOLDOWN,0.12534050367321659,0.5
1704238200.0,8804.535887682732,SCALE,0.005,3.0,COOLDOWN,0.12538237832661314,0.5
1704238260.0,8804.580863193733,SCALE,0.005,3.0,COOLDOWN,0.12537791058692005,0.5
1704238320.0,8803.272383109732,SCALE,0.005,3.0,COOLDOWN,0.12550789128705855,0.5
1704238380.0,8804.297601279732,SCALE,0.005,3.0,COOLDOWN,0.1254060490220056,0.5
1704238440.0,8803.686939993733,SCALE,0.005,3.0,COOLDOWN,0.12546671038206153,0.5
1704238500.0,8803.851198381732,SCALE,0.005,3.0,COOLDOWN,0.12545039341970443,0.5
1704238560.0,8803.681073622733,SCALE,0.005,3.0,COOLDOWN,0.1254672931307172,0.5
1704238620.0,8802.066704193732,SCALE,0.005,3.0,COOLDOWN,0.12562766001075568,0.5
1704238680.0,8801.398775952732,SCALE,0.005,3.0,COOLDOWN,0.12569401010768808,0.5
1704238740.0,8801.802438147732,SCALE,0.005,3.0,COOLDOWN,0.12565391145019447,0.5
1704238800.0,8802.517297356733,SCALE,0.005,3.0,COOLDOWN,0.12558289936401704,0.5
1704238860.0,8802.544394403732,SCALE,0.005,3.0,COOLDOWN,0.1255802076202269,0.5
1704238920.0,8802.282363165732,SCALE,0.005,3.0,COOLDOWN,0.12560623706017782,0.5
1704238980.0,8801.727851430733,SCALE,0.005,3.0,COOLDOWN,0.12566132068310149,0.5
1704239040.0,8801.166076569732,SCALE,0.005,3.0,COOLDOWN,0.12571712580436079,0.5
1704239100.0,8801.165797218733,SCALE,0.005,3.0,COOLDOWN,0.1257171535542967,0.5
1704239160.0,8801.434812231733,SCALE,0.005,3.0,COOLDOWN,0.12569043036594627,0.5
1704239220.0,8800.608212622732,SCALE,0.005,3.0,COOLDOWN,0.12577254242651634,0.5
1704239280.0,8801.117190144732,SCALE,0.005,3.0,COOLDOWN,0.1257219820431576,0.5
1704239340.0,8801.137024065732,SCALE,0.005,3.0,COOLDOWN,0.12572001179770287,0.5
1704239400.0,8802.231521283733,SCALE,0.005,3.0,COOLDOWN,0.1256112875485264,0.5
1704239460.0,8803.011469275732,SCALE,0.005,3.0,COOLDOWN,0.12553380972726544,0.5
1704239520.0,8803.747000458732,SCALE,0.005,3.0,COOLDOWN,0.12546074414582556,0.5
1704239580.0,8805.215269314733,SCALE,0.005,3.0,COOLDOWN,0.1253148904823055,0.5
1704239640.0,8804.680870851733,SCALE,0.005,3.0,COOLDOWN,0.12536797610983855,0.5
1704239700.0,8804.346208353732,SCALE,0.005,3.0,COOLDOWN,0.1254012205331447,0.5
1704239760.0,8804.166306309733,SCALE,0.005,3.0,COOLDOWN,0.12541909149191688,0.5
1704239820.0,8803.806781572732,SCALE,0.005,3.0,COOLDOWN,0.12545480565952552,0.5
1704239880.0,8803.995064146733,SCALE,0.005,3.0,COOLDOWN,0.1254361022026737,0.5
1704239940.0,8804.382803334733,SCALE,0.005,3.0,COOLDOWN,0.12539758529153108,0.5
1704240000.0,8805.865877793733,SCALE,0.005,3.0,COOLDOWN,0.12525026088140406,0.5
1704240060.0,8806.089079242733,SCALE,0.005,3.0,COOLDOWN,0.12522808868255464,0.5
1704240120.0,8806.033767744733,SCALE,0.005,3.0,COOLDOWN,0.12523358316987898,0.5
1704240180.0,8806.099135878732,SCALE,0.005,3.0,COOLDOWN,0.12522708968485935,0.5
1704240240.0,8804.623045194732,SCALE,0.005,3.0,COOLDOWN,0.12537372034658684,0.5
1704240300.0,8805.201860466732,SCALE,0.005,3.0,COOLDOWN,0.12531622247923271,0.5
1704240360.0,8805.809728242732,SCALE,0.005,3.0,COOLDOWN,0.12525583861853648,0.5
1704240420.0,8807.014289754732,SCALE,0.005,3.0,COOLDOWN,0.1251361808945832,0.5
1704240480.0,8806.033209042733,SCALE,0.005,3.0,COOLDOWN,0.12523363866975099,0.5
1704240540.0,8806.267863882733,SCALE,0.005,3.0,COOLDOWN,0.1252103287235263,0.5
1704240600.0,8806.596380658733,SCALE,0.005,3.0,COOLDOWN,0.12517769479881174,0.5
1704240660.0,8804.865801213733,SCALE,0.005,3.0,COOLDOWN,0.12534960565221864,0.5
1704240720.0,8805.369750417733,SCALE,0.005,3.0,COOLDOWN,0.12529954476770763,0.5
1704240780.0,8805.269184057732,SCALE,0.005,3.0,COOLDOWN,0.12530953474466114,0.5
1704240840.0,8806.032929691733,SCALE,0.005,3.0,COOLDOWN,0.1252336664196869,0.5
1704240900.0,8805.474786393732,SCALE,0.005,3.0,COOLDOWN,0.12528911079177857,0.5
1704240960.0,8805.195435393733,SCALE,0.005,3.0,COOLDOWN,0.12531686072776022,0.5
1704241020.0,8804.867197968733,SCALE,0.005,3.0,COOLDOWN,0.1253494669025387,0.5
1704241080.0,8804.376378261733,SCALE,0.005,3.0,COOLDOWN,0.12539822354005858,0.5
1704241140.0,8804.559911868733,SCALE,0.005,3.0,COOLDOWN,0.1253799918321186,0.5
1704241200.0,8804.940667281733,SCALE,0.005,3.0,COOLDOWN,0.1253421686693755,0.5
1704241260.0,8804.779202403732,SCALE,0.005,3.0,COOLDOWN,0.1253582081323731,0.5
1704241320.0,8804.219662350733,SCALE,0.005,3.0,COOLDOWN,0.12541379125414434,0.5
1704241380.0,8804.058476823733,SCALE,0.005,3.0,COOLDOWN,0.12542980296720582,0.5
1704241440.0,8805.058553403733,SCALE,0.005,3.0,COOLDOWN,0.12533045819639127,0.5
1704241500.0,8804.442025746732,SCALE,0.005,3.0,COOLDOWN,0.12539170230510305,0.5
1704241560.0,8803.686939993733,SCALE,0.005,3.0,COOLDOWN,0.12546671038206153,0.5
1704241620.0,8802.564507675732,SCALE,0.005,3.0,COOLDOWN,0.12557820962483626,0.5
1704241680.0,8802.320075550733,SCALE,0.005,3.0,COOLDOWN,0.12560249081882016,0.5
1704241740.0,8803.016776944733,SCALE,0.005,3.0,COOLDOWN,0.12553328247848178,0.5
1704241800.0,8803.382168052733,SCALE,0.005,3.0,COOLDOWN,0.12549698556221767,0.5
1704241860.0,8805.518365149732,SCALE,0.005,3.0,COOLDOWN,0.12528478180176542,0.5
1704241920.0,8806.041868923732,SCALE,0.005,3.0,COOLDOWN,0.1252327784217356,0.5
1704241980.0,8805.957225570732,SCALE,0.005,3.0,COOLDOWN,0.12524118665233813,0.5
1704242040.0,8805.879845343732,SCALE,0.005,3.0,COOLDOWN,0.12524887338460503,0.5
1704242100.0,8806.120366554733,SCALE,0.005,3.0,COOLDOWN,0.12522498068972468,0.5
1704242160.0,8805.474786393732,SCALE,0.005,3.0,COOLDOWN,0.12528911079177857,0.5
1704242220.0,8805.833473077733,SCALE,0.005,3.0,COOLDOWN,0.12525347987397786,0.5
1704242280.0,8805.896047701732,SCALE,0.005,3.0,COOLDOWN,0.1252472638883181,0.5
1704242340.0,8806.437429939733,SCALE,0.005,3.0,COOLDOWN,0.12519348451238538,0.5
1704242400.0,8807.348952252732,SCALE,0.005,3.0,COOLDOWN,0.12510293647127704,0.5
1704242460.0,8807.510696481733,SCALE,0.005,3.0,COOLDOWN,0.12508686925834353,0.5
1704242520.0,8807.262632793732,SCALE,0.005,3.0,COOLDOWN,0.1251115112014954,0.5
1704242580.0,8807.877204993732,SCALE,0.005,3.0,COOLDOWN,0.12505046134233558,0.5
1704242640.0,8809.982394129733,SCALE,0.005,3.0,COOLDOWN,0.1248413378247772,0.5
1704242700.0,8809.110539658732,SCALE,0.005,3.0,COOLDOWN,0.12492794537497628,0.5
1704242760.0,8810.224032744733,SCALE,0.005,3.0,COOLDOWN,0.12481733413015302,0.5
1704242820.0,8810.950345344732,SCALE,0.005,3.0,COOLDOWN,0.12474518429660053,0.5
1704242880.0,8810.366222403733,SCALE,0.005,3.0,COOLDOWN,0.12480320941273831,0.5
1704242940.0,8811.068510817733,SCALE,0.005,3.0,COOLDOWN,0.12473344607368018,0.5
1704243000.0,8810.924645052732,SCALE,0.005,3.0,COOLDOWN,0.12474773729071092,0.5
1704243060.0,8811.544804272733,SCALE,0.005,3.0,COOLDOWN,0.12468613243283133,0.5
1704243120.0,8809.357765293733,SCALE,0.005,3.0,COOLDOWN,0.12490338668163234,0.5
1704243180.0,8809.785172323733,SCALE,0.005,3.0,COOLDOWN,0.12486092927958031,0.5
1704243240.0,8807.211790911733,SCALE,0.005,3.0,COOLDOWN,0.125116561689844,0.5
1704243300.0,8808.320814381732,SCALE,0.005,3.0,COOLDOWN,0.12500639444399664,0.5
1704243360.0,8809.217810442733,SCALE,0.005,3.0,COOLDOWN,0.12491728939955918,0.5
1704243420.0,8809.050758544732,SCALE,0.005,3.0,COOLDOWN,0.12493388386127634,0.5
1704243480.0,8809.654156704733,SCALE,0.005,3.0,COOLDOWN,0.12487394399955568,0.5
1704243540.0,8809.654156704733,SCALE,0.005,3.0,COOLDOWN,0.12487394399955568,0.5
1704243600.0,8809.458611004733,SCALE,0.005,3.0,COOLDOWN,0.12489336895474293,0.5
1704243660.0,8809.944123042733,SCALE,0.005,3.0,COOLDOWN,0.1248451395660067,0.5
1704243720.0,8810.032397958732,SCALE,0.005,3.0,COOLDOWN,0.12483637058623655,0.5
1704243780.0,8810.765694333733,SCALE,0.005,3.0,COOLDOWN,0.12476352700428436,0.5
1704243840.0,8811.452897793732,SCALE,0.005,3.0,COOLDOWN,0.12469526216176946,0.5
1704243900.0,8810.730775458733,SCALE,0.005,3.0,COOLDOWN,0.12476699574628214,0.5
1704243960.0,8811.039178962732,SCALE,0.005,3.0,COOLDOWN,0.12473635981695838,0.5
1704244020.0,8811.391161222733,SCALE,0.005,3.0,COOLDOWN,0.12470139489762129,0.5
1704244080.0,8811.664366500732,SCALE,0.005,3.0,COOLDOWN,0.12467425546023123,0.5
1704244140.0,8811.452618442732,SCALE,0.005,3.0,COOLDOWN,0.12469528991170538,0.5
1704244200.0,8811.461278323733,SCALE,0.005,3.0,COOLDOWN,0.12469442966368982,0.5
1704244260.0,8811.230255046732,SCALE,0.005,3.0,COOLDOWN,0.12471737886074687,0.5
1704244320.0,8811.201481893733,SCALE,0.005,3.0,COOLDOWN,0.12472023710415286,0.5
1704244380.0,8811.201202542732,SCALE,0.005,3.0,COOLDOWN,0.12472026485408896,0.5
1704244440.0,8810.954535609733,SCALE,0.005,3.0,COOLDOWN,0.12474476804756071,0.5
1704244500.0,8810.112012993732,SCALE,0.005,3.0,COOLDOWN,0.12482846185448178,0.5
1704244560.0,8810.533553652733,SCALE,0.005,3.0,COOLDOWN,0.12478658720108524,0.5
1704244620.0,8810.391084642732,SCALE,0.005,3.0,COOLDOWN,0.12480073966843604,0.5
1704244680.0,8810.893357740733,SCALE,0.005,3.0,COOLDOWN,0.1247508452835407,0.5
1704244740.0,8810.726864544733,SCALE,0.005,3.0,COOLDOWN,0.12476738424538586,0.5
1704244800.0,8811.117676593733,SCALE,0.005,3.0,COOLDOWN,0.12472856208494745,0.5
1704244860.0,8812.042328403733,SCALE,0.005,3.0,COOLDOWN,0.12463670979684784,0.5
1704244920.0,8811.826669431732,SCALE,0.005,3.0,COOLDOWN,0.12465813274742589,0.5
1704244980.0,8811.032753889733,SCALE,0.005,3.0,COOLDOWN,0.12473699806548588,0.5
1704245040.0,8811.507091887732,SCALE,0.005,3.0,COOLDOWN,0.12468987867418899,0.5
1704245100.0,8810.796702294732,SCALE,0.005,3.0,COOLDOWN,0.12476044676139049,0.5
1704245160.0,8810.795026188733,SCALE,0.005,3.0,COOLDOWN,0.12476061326100635,0.5
1704245220.0,8810.948110536732,SCALE,0.005,3.0,COOLDOWN,0.12474540629608839,0.5
1704245280.0,8810.399744523733,SCALE,0.005,3.0,COOLDOWN,0.12479987942042048,0.5
1704245340.0,8810.399744523733,SCALE,0.005,3.0,COOLDOWN,0.12479987942042048,0.5
1704245400.0,8809.438218381732,SCALE,0.005,3.0,COOLDOWN,0.12489539470006965,0.5
1704245460.0,8809.194903660733,SCALE,0.005,3.0,COOLDOWN,0.12491956489430969,0.5
1704245520.0,8809.798301820732,SCALE,0.005,3.0,COOLDOWN,0.1248596250325892,0.5
1704245580.0,8810.086871403733,SCALE,0.005,3.0,COOLDOWN,0.12483095934871997,0.5
1704245640.0,8810.259230970732,SCALE,0.005,3.0,COOLDOWN,0.12481383763821934,0.5
1704245700.0,8810.950065993733,SCALE,0.005,3.0,COOLDOWN,0.12474521204653645,0.5
1704245760.0,8811.413509302733,SCALE,0.005,3.0,COOLDOWN,0.1246991749027428,0.5
1704245820.0,8811.204554754733,SCALE,0.005,3.0,COOLDOWN,0.12471993185485707,0.5
1704245880.0,8811.054543267732,SCALE,0.005,3.0,COOLDOWN,0.1247348335704794,0.5
1704245940.0,8811.206230860733,SCALE,0.005,3.0,COOLDOWN,0.12471976535524121,0.5
1704246000.0,8812.253797110732,SCALE,0.005,3.0,COOLDOWN,0.12461570309530977,0.5
1704246060.0,8812.511358732732,SCALE,0.005,3.0,COOLDOWN,0.1245901176543346,0.5
1704246120.0,8811.663528447732,SCALE,0.005,3.0,COOLDOWN,0.12467433871003915,0.5
1704246180.0,8812.764730089733,SCALE,0.005,3.0,COOLDOWN,0.12456494846239906,0.5
1704246240.0,8812.612204443732,SCALE,0.005,3.0,COOLDOWN,0.12458009992744518,0.5
1704246300.0,8812.345424238732,SCALE,0.005,3.0,COOLDOWN,0.12460660111630774,0.5
1704246360.0,8811.785884185732,SCALE,0.005,3.0,COOLDOWN,0.12466218423807916,0.5
1704246420.0,8812.123340193733,SCALE,0.005,3.0,COOLDOWN,0.12462866231541313,0.5
1704246480.0,8811.993721329733,SCALE,0.005,3.0,COOLDOWN,0.12464153828570873,0.5
1704246540.0,8812.044004509733,SCALE,0.005,3.0,COOLDOWN,0.12463654329723198,0.5
1704246600.0,8812.600751052732,SCALE,0.005,3.0,COOLDOWN,0.12458123767482043,0.5
1704246660.0,8813.240464842733,SCALE,0.005,3.0,COOLDOWN,0.12451769032142222,0.5
1704246720.0,8814.524920740732,SCALE,0.005,3.0,COOLDOWN,0.12439009611577825,0.5
1704246780.0,8814.615151113732,SCALE,0.005,3.0,COOLDOWN,0.12438113288645615,0.5
1704246840.0,8814.172938480733,SCALE,0.005,3.0,COOLDOWN,0.12442506103511516,0.5
1704246900.0,8813.576244744732,SCALE,0.005,3.0,COOLDOWN,0.12448433489837223,0.5
1704246960.0,8814.023206344733,SCALE,0.005,3.0,COOLDOWN,0.12443993500080139,0.5
1704247020.0,8813.877105771733,SCALE,0.005,3.0,COOLDOWN,0.12445444821731982,0.5
1704247080.0,8814.245011038733,SCALE,0.005,3.0,COOLDOWN,0.12441790155163192,0.5
1704247140.0,8814.737506851732,SCALE,0.005,3.0,COOLDOWN,0.12436897841449616,0.5
1704247200.0,8814.960149598732,SCALE,0.005,3.0,COOLDOWN,0.12434686171551877,0.5
1704247260.0,8815.115468754733,SCALE,0.005,3.0,COOLDOWN,0.12433143275111277,0.5
1704247320.0,8814.906514206732,SCALE,0.005,3.0,COOLDOWN,0.12435218970322723,0.5
1704247380.0,8815.838149791733,SCALE,0.005,3.0,COOLDOWN,0.12425964366672809,0.5
1704247440.0,8815.749316173733,SCALE,0.005,3.0,COOLDOWN,0.12426846814637024,0.5
1704247500.0,8816.570049411732,SCALE,0.005,3.0,COOLDOWN,0.12418693883445603,0.5
1704247560.0,8816.745761190732,SCALE,0.005,3.0,COOLDOWN,0.12416948412472349,0.5
1704247620.0,8816.745481839733,SCALE,0.005,3.0,COOLDOWN,0.1241695118746594,0.5
1704247680.0,8815.673891403732,SCALE,0.005,3.0,COOLDOWN,0.12427596062908537,0.5
1704247740.0,8815.293415341732,SCALE,0.005,3.0,COOLDOWN,0.12431375604189256,0.5
1704247800.0,8815.426665768733,SCALE,0.005,3.0,COOLDOWN,0.12430051932242914,0.5
1704247860.0,8816.258293695733,SCALE,0.005,3.0,COOLDOWN,0.12421790776301149,0.5
1704247920.0,8815.953521754733,SCALE,0.005,3.0,COOLDOWN,0.12424818294316763,0.5
1704247980.0,8814.246407793733,SCALE,0.005,3.0,COOLDOWN,0.12441776280195198,0.5
1704248040.0,8813.534062743733,SCALE,0.005,3.0,COOLDOWN,0.12448852513870544,0.5
1704248100.0,8812.958879034733,SCALE,0.005,3.0,COOLDOWN,0.12454566225689175,0.5
1704248160.0,8812.290671442732,SCALE,0.005,3.0,COOLDOWN,0.12461204010376023,0.5
1704248220.0,8812.468618029732,SCALE,0.005,3.0,COOLDOWN,0.12459436339453982,0.5
1704248280.0,8813.967056793732,SCALE,0.005,3.0,COOLDOWN,0.12444551273793382,0.5
1704248340.0,8812.949939802733,SCALE,0.005,3.0,COOLDOWN,0.12454655025484322,0.5
1704248400.0,8812.691819478732,SCALE,0.005,3.0,COOLDOWN,0.12457219119569041,0.5
1704248460.0,8813.180125026733,SCALE,0.005,3.0,COOLDOWN,0.12452368430759429,0.5
1704248520.0,8814.065108994733,SCALE,0.005,3.0,COOLDOWN,0.1244357725104041,0.5
1704248580.0,8814.336079464732,SCALE,0.005,3.0,COOLDOWN,0.12440885507250189,0.5
1704248640.0,8813.845259757732,SCALE,0.005,3.0,COOLDOWN,0.1244576117100218,0.5
1704248700.0,8813.737430271733,SCALE,0.005,3.0,COOLDOWN,0.12446832318531073,0.5
1704248760.0,8814.689179128733,SCALE,0.005,3.0,COOLDOWN,0.12437377915342097,0.5
1704248820.0,8814.328257636733,SCALE,0.005,3.0,COOLDOWN,0.12440963207070935,0.5
1704248880.0,8814.460111308732,SCALE,0.005,3.0,COOLDOWN,0.12439653410092605,0.5
1704248940.0,8814.882769371732,SCALE,0.005,3.0,COOLDOWN,0.12435454844778566,0.5
1704249000.0,8814.556487403732,SCALE,0.005,3.0,COOLDOWN,0.12438696037301236,0.5
1704249060.0,8815.372471674733,SCALE,0.005,3.0,COOLDOWN,0.12430590281000961,0.5
1704249120.0,8815.193687034733,SCALE,0.005,3.0,COOLDOWN,0.12432366276903795,0.5
1704249180.0,8815.306265487732,SCALE,0.005,3.0,COOLDOWN,0.12431247954483736,0.5
1704249240.0,8815.759093458733,SCALE,0.005,3.0,COOLDOWN,0.12426749689861084,0.5
1704249300.0,8814.328257636733,SCALE,0.005,3.0,COOLDOWN,0.12440963207070935,0.5
1704249360.0,8813.300804658733,SCALE,0.005,3.0,COOLDOWN,0.12451169633525015,0.5
1704249420.0,8813.299966605733,SCALE,0.005,3.0,COOLDOWN,0.12451177958505809,0.5
1704249480.0,8813.439083403733,SCALE,0.005,3.0,COOLDOWN,0.12449796011693919,0.5
1704249540.0,8813.321197281732,SCALE,0.005,3.0,COOLDOWN,0.12450967058992361,0.5
1704249600.0,8813.321476632733,SCALE,0.005,3.0,COOLDOWN,0.12450964283998751,0.5
1704249660.0,8812.899377271733,SCALE,0.005,3.0,COOLDOWN,0.1245515729932559,0.5
1704249720.0,8813.540208465733,SCALE,0.005,3.0,COOLDOWN,0.12448791464011384,0.5
1704249780.0,8813.581831764732,SCALE,0.005,3.0,COOLDOWN,0.12448377989965265,0.5
1704249840.0,8813.418690780733,SCALE,0.005,3.0,COOLDOWN,0.1244999858622659,0.5
1704249900.0,8813.347176924732,SCALE,0.005,3.0,COOLDOWN,0.12450708984587731,0.5
1704249960.0,8812.730928618732,SCALE,0.005,3.0,COOLDOWN,0.12456830620465299,0.5
1704250020.0,8812.608572880732,SCALE,0.005,3.0,COOLDOWN,0.12458046067661298,0.5
1704250080.0,8813.050785513733,SCALE,0.005,3.0,COOLDOWN,0.1245365325279538,0.5
1704250140.0,8813.051064864732,SCALE,0.005,3.0,COOLDOWN,0.12453650477801789,0.5
1704250200.0,8813.074530348733,SCALE,0.005,3.0,COOLDOWN,0.12453417378339536,0.5
1704250260.0,8812.601309754733,SCALE,0.005,3.0,COOLDOWN,0.12458118217494842,0.5
1704250320.0,8812.673941014733,SCALE,0.005,3.0,COOLDOWN,0.12457396719159317,0.5
1704250380.0,8812.386488835733,SCALE,0.005,3.0,COOLDOWN,0.12460252187571837,0.5
1704250440.0,8812.568625687732,SCALE,0.005,3.0,COOLDOWN,0.12458442891745833,0.5
1704250500.0,8812.728693810732,SCALE,0.005,3.0,COOLDOWN,0.12456852820414085,0.5
1704250560.0,8813.011397022732,SCALE,0.005,3.0,COOLDOWN,0.12454044526892731,0.5
1704250620.0,8813.347456275733,SCALE,0.005,3.0,COOLDOWN,0.12450706209594121,0.5
1704250680.0,8813.684912283732,SCALE,0.005,3.0,COOLDOWN,0.12447354017327536,0.5
1704250740.0,8813.536018200732,SCALE,0.005,3.0,COOLDOWN,0.12448833088915366,0.5
1704250800.0,8813.714523489733,SCALE,0.005,3.0,COOLDOWN,0.12447059868006125,0.5
1704250860.0,8813.953647945733,SCALE,0.005,3.0,COOLDOWN,0.12444684473486084,0.5
1704250920.0,8813.713126734732,SCALE,0.005,3.0,COOLDOWN,0.12447073742974119,0.5
1704250980.0,8813.408354793732,SCALE,0.005,3.0,COOLDOWN,0.12450101260989732,0.5
1704251040.0,8813.496909060732,SCALE,0.005,3.0,COOLDOWN,0.12449221588019108,0.5
1704251100.0,8813.147161608733,SCALE,0.005,3.0,COOLDOWN,0.12452695880004011,0.5
1704251160.0,8812.825907958733,SCALE,0.005,3.0,COOLDOWN,0.12455887122641907,0.5
1704251220.0,8812.645447212733,SCALE,0.005,3.0,COOLDOWN,0.12457679768506326,0.5
1704251280.0,8812.461354903733,SCALE,0.005,3.0,COOLDOWN,0.12459508489287525,0.5
1704251340.0,8811.715767084732,SCALE,0.005,3.0,COOLDOWN,0.12466914947201062,0.5
1704251400.0,8811.452897793732,SCALE,0.005,3.0,COOLDOWN,0.12469526216176946,0.5
1704251460.0,8811.867454677733,SCALE,0.005,3.0,COOLDOWN,0.12465408125677244,0.5
1704251520.0,8812.269161415732,SCALE,0.005,3.0,COOLDOWN,0.12461417684883079,0.5
1704251580.0,8813.199120894733,SCALE,0.005,3.0,COOLDOWN,0.12452179731194751,0.5
1704251640.0,8813.911745295733,SCALE,0.005,3.0,COOLDOWN,0.12445100722525813,0.5
1704251700.0,8813.940797799733,SCALE,0.005,3.0,COOLDOWN,0.12444812123191604,0.5
1704251760.0,8813.491322040732,SCALE,0.005,3.0,COOLDOWN,0.12449277087891066,0.5
1704251820.0,8814.525479442733,SCALE,0.005,3.0,COOLDOWN,0.12439004061590624,0.5
1704251880.0,8814.288869145732,SCALE,0.005,3.0,COOLDOWN,0.12441354481168286,0.5
1704251940.0,8813.837996631732,SCALE,0.005,3.0,COOLDOWN,0.12445833320835742,0.5
1704252000.0,8813.160570456732,SCALE,0.005,3.0,COOLDOWN,0.12452562680311309,0.5
1704252060.0,8812.524208878733,SCALE,0.005,3.0,COOLDOWN,0.1245888411572794,0.5
1704252120.0,8812.432861101732,SCALE,0.005,3.0,COOLDOWN,0.12459791538634551,0.5
1704252180.0,8812.433140452733,SCALE,0.005,3.0,COOLDOWN,0.12459788763640943,0.5
1704252240.0,8812.432861101732,SCALE,0.005,3.0,COOLDOWN,0.12459791538634551,0.5
1704252300.0,8813.193533874732,SCALE,0.005,3.0,COOLDOWN,0.12452235231066727,0.5
1704252360.0,8813.257784604733,SCALE,0.005,3.0,COOLDOWN,0.1245159698253913,0.5
1704252420.0,8812.601309754733,SCALE,0.005,3.0,COOLDOWN,0.12458118217494842,0.5
1704252480.0,8812.227538116733,SCALE,0.005,3.0,COOLDOWN,0.12461831158929199,0.5
1704252540.0,8812.383136623732,SCALE,0.005,3.0,COOLDOWN,0.12460285487495026,0.5
1704252600.0,8811.948466467733,SCALE,0.005,3.0,COOLDOWN,0.12464603377533773,0.5
1704252660.0,8811.643973877732,SCALE,0.005,3.0,COOLDOWN,0.12467628120555795,0.5
1704252720.0,8811.453735846733,SCALE,0.005,3.0,COOLDOWN,0.12469517891196136,0.5
1704252780.0,8811.556537014732,SCALE,0.005,3.0,COOLDOWN,0.12468496693552016,0.5
1704252840.0,8811.383339394733,SCALE,0.005,3.0,COOLDOWN,0.12470217189582873,0.5
1704252900.0,8811.052587810733,SCALE,0.005,3.0,COOLDOWN,0.12473502782003117,0.5
1704252960.0,8810.873244468732,SCALE,0.005,3.0,COOLDOWN,0.12475284327893152,0.5
1704253020.0,8810.733848319733,SCALE,0.005,3.0,COOLDOWN,0.12476669049698634,0.5
1704253080.0,8810.994482802733,SCALE,0.005,3.0,COOLDOWN,0.12474079980671537,0.5
1704253140.0,8810.994762153732,SCALE,0.005,3.0,COOLDOWN,0.12474077205677946,0.5
1704253200.0,8811.557933769733,SCALE,0.005,3.0,COOLDOWN,0.12468482818584022,0.5
1704253260.0,8811.095887215733,SCALE,0.005,3.0,COOLDOWN,0.12473072657995393,0.5
1704253320.0,8811.555978312732,SCALE,0.005,3.0,COOLDOWN,0.12468502243539217,0.5
1704253380.0,8811.556257663733,SCALE,0.005,3.0,COOLDOWN,0.12468499468545607,0.5
1704253440.0,8811.592293942733,SCALE,0.005,3.0,COOLDOWN,0.12468141494371446,0.5
1704253500.0,8811.731969442733,SCALE,0.005,3.0,COOLDOWN,0.12466753997572354,0.5
1704253560.0,8811.644253228733,SCALE,0.005,3.0,COOLDOWN,0.12467625345562185,0.5
1704253620.0,8811.702637587732,SCALE,0.005,3.0,COOLDOWN,0.12467045371900173,0.5
1704253680.0,8811.702637587732,SCALE,0.005,3.0,COOLDOWN,0.12467045371900173,0.5
1704253740.0,8812.201279122732,SCALE,0.005,3.0,COOLDOWN,0.12462092008327438,0.5
1704253800.0,8811.222991920733,SCALE,0.005,3.0,COOLDOWN,0.12471810035908229,0.5
1704253860.0,8811.121866858732,SCALE,0.005,3.0,COOLDOWN,0.12472814583590781,0.5
1704253920.0,8811.615200724733,SCALE,0.005,3.0,COOLDOWN,0.12467913944896394,0.5
1704253980.0,8811.659896884732,SCALE,0.005,3.0,COOLDOWN,0.12467469945920695,0.5
1704254040.0,8812.047356721732,SCALE,0.005,3.0,COOLDOWN,0.12463621029800026,0.5
1704254100.0,8812.267764660732,SCALE,0.005,3.0,COOLDOWN,0.12461431559851073,0.5
1704254160.0,8812.349614503732,SCALE,0.005,3.0,COOLDOWN,0.1246061848672681,0.5
1704254220.0,8812.477557261733,SCALE,0.005,3.0,COOLDOWN,0.12459347539658834,0.5
1704254280.0,8812.764730089733,SCALE,0.005,3.0,COOLDOWN,0.12456494846239906,0.5
1704254340.0,8813.204149212732,SCALE,0.005,3.0,COOLDOWN,0.12452129781309994,0.5
1704254400.0,8812.800766368733,SCALE,0.005,3.0,COOLDOWN,0.12456136872065744,0.5
1704254460.0,8812.607455476733,SCALE,0.005,3.0,COOLDOWN,0.12458057167635683,0.5
1704254520.0,8812.607734827732,SCALE,0.005,3.0,COOLDOWN,0.12458054392642091,0.5
1704254580.0,8812.607734827732,SCALE,0.005,3.0,COOLDOWN,0.12458054392642091,0.5
1704254640.0,8812.322517456732,SCALE,0.005,3.0,COOLDOWN,0.12460887661105824,0.5
1704254700.0,8811.974725461732,SCALE,0.005,3.0,COOLDOWN,0.12464342528135551,0.5
1704254760.0,8811.919413963733,SCALE,0.005,3.0,COOLDOWN,0.12464891976867983,0.5
1704254820.0,8812.120826034732,SCALE,0.005,3.0,COOLDOWN,0.12462891206483709,0.5
1704254880.0,8811.763256754732,SCALE,0.005,3.0,COOLDOWN,0.12466443198289376,0.5
1704254940.0,8811.248692212732,SCALE,0.005,3.0,COOLDOWN,0.12471554736497209,0.5
1704255000.0,8811.114883083732,SCALE,0.005,3.0,COOLDOWN,0.12472883958430733,0.5
1704255060.0,8812.213570566733,SCALE,0.005,3.0,COOLDOWN,0.12461969908609102,0.5
1704255120.0,8811.610451757733,SCALE,0.005,3.0,COOLDOWN,0.1246796111978756,0.5
1704255180.0,8811.885891843733,SCALE,0.005,3.0,COOLDOWN,0.12465224976099766,0.5
1704255240.0,8812.026405396733,SCALE,0.005,3.0,COOLDOWN,0.12463829154319882,0.5
1704255300.0,8812.235080593733,SCALE,0.005,3.0,COOLDOWN,0.12461756234102046,0.5
1704255360.0,8812.683997650733,SCALE,0.005,3.0,COOLDOWN,0.12457296819389785,0.5
1704255420.0,8812.701038061732,SCALE,0.005,3.0,COOLDOWN,0.12457127544780303,0.5
1704255480.0,8812.482306228732,SCALE,0.005,3.0,COOLDOWN,0.1245930036476767,0.5
1704255540.0,8812.880102052732,SCALE,0.005,3.0,COOLDOWN,0.12455348773883877,0.5
1704255600.0,8812.714446909733,SCALE,0.005,3.0,COOLDOWN,0.12456994345087581,0.5
1704255660.0,8812.988490240732,SCALE,0.005,3.0,COOLDOWN,0.12454272076367782,0.5
1704255720.0,8812.904964291733,SCALE,0.005,3.0,COOLDOWN,0.12455101799453631,0.5
1704255780.0,8813.310023241733,SCALE,0.005,3.0,COOLDOWN,0.12451078058736277,0.5
1704255840.0,8813.199958947733,SCALE,0.005,3.0,COOLDOWN,0.12452171406213958,0.5
1704255900.0,8812.773948672733,SCALE,0.005,3.0,COOLDOWN,0.12456403271451168,0.5
1704255960.0,8813.019218850732,SCALE,0.005,3.0,COOLDOWN,0.12453966827071987,0.5
1704256020.0,8813.361423825732,SCALE,0.005,3.0,COOLDOWN,0.12450567459914218,0.5
1704256080.0,8813.182080483733,SCALE,0.005,3.0,COOLDOWN,0.12452349005804234,0.5
1704256140.0,8811.645370632732,SCALE,0.005,3.0,COOLDOWN,0.124676142455878,0.5
1704256200.0,8811.397306944733,SCALE,0.005,3.0,COOLDOWN,0.1247007843990297,0.5
1704256260.0,8811.204834105733,SCALE,0.005,3.0,COOLDOWN,0.12471990410492115,0.5
1704256320.0,8811.204554754733,SCALE,0.005,3.0,COOLDOWN,0.12471993185485707,0.5
1704256380.0,8810.809552440733,SCALE,0.005,3.0,COOLDOWN,0.12475917026433529,0.5
1704256440.0,8809.875123345733,SCALE,0.005,3.0,COOLDOWN,0.12485199380019413,0.5
1704256500.0,8809.505541972732,SCALE,0.005,3.0,COOLDOWN,0.12488870696549806,0.5
1704256560.0,8809.559456715733,SCALE,0.005,3.0,COOLDOWN,0.1248833512278535,0.5
1704256620.0,8809.888532193732,SCALE,0.005,3.0,COOLDOWN,0.12485066180326711,0.5
1704256680.0,8810.462039796732,SCALE,0.005,3.0,COOLDOWN,0.12479369118469665,0.5
1704256740.0,8810.196935697733,SCALE,0.005,3.0,COOLDOWN,0.12482002587394317,0.5
1704256800.0,8810.558695242733,SCALE,0.005,3.0,COOLDOWN,0.12478408970684686,0.5
1704256860.0,8810.411477265732,SCALE,0.005,3.0,COOLDOWN,0.12479871392310932,0.5
1704256920.0,8810.000272593732,SCALE,0.005,3.0,COOLDOWN,0.12483956182887444,0.5
1704256980.0,8810.196935697733,SCALE,0.005,3.0,COOLDOWN,0.12482002587394317,0.5
1704257040.0,8810.337449250732,SCALE,0.005,3.0,COOLDOWN,0.1248060676561445,0.5
1704257100.0,8810.924645052732,SCALE,0.005,3.0,COOLDOWN,0.12474773729071092,0.5
1704257160.0,8811.196174224733,SCALE,0.005,3.0,COOLDOWN,0.12472076435293653,0.5
1704257220.0,8811.419375673733,SCALE,0.005,3.0,COOLDOWN,0.12469859215408712,0.5
1704257280.0,8811.651516354732,SCALE,0.005,3.0,COOLDOWN,0.12467553195728641,0.5
1704257340.0,8809.968147228732,SCALE,0.005,3.0,COOLDOWN,0.12484275307151234,0.5
1704257400.0,8810.336890548733,SCALE,0.005,3.0,COOLDOWN,0.12480612315601633,0.5
1704257460.0,8810.427958974733,SCALE,0.005,3.0,COOLDOWN,0.12479707667688632,0.5
1704257520.0,8810.110336887732,SCALE,0.005,3.0,COOLDOWN,0.12482862835409764,0.5
1704257580.0,8810.427679623732,SCALE,0.005,3.0,COOLDOWN,0.1247971044268224,0.5
1704257640.0,8810.486622684733,SCALE,0.005,3.0,COOLDOWN,0.1247912491903301,0.5
1704257700.0,8810.701164252732,SCALE,0.005,3.0,COOLDOWN,0.12476993723949624,0.5
1704257760.0,8810.701164252732,SCALE,0.005,3.0,COOLDOWN,0.12476993723949624,0.5
1704257820.0,8810.874361872733,SCALE,0.005,3.0,COOLDOWN,0.12475273227918748,0.5
1704257880.0,8810.645573403732,SCALE,0.005,3.0,COOLDOWN,0.12477545947675665,0.5
1704257940.0,8810.990571888733,SCALE,0.005,3.0,COOLDOWN,0.1247411883058191,0.5
1704258000.0,8809.398829890733,SCALE,0.005,3.0,COOLDOWN,0.12489930744104298,0.5
1704258060.0,8809.559456715733,SCALE,0.005,3.0,COOLDOWN,0.1248833512278535,0.5
1704258120.0,8810.039940435732,SCALE,0.005,3.0,COOLDOWN,0.12483562133796501,0.5
1704258180.0,8810.336890548733,SCALE,0.005,3.0,COOLDOWN,0.12480612315601633,0.5
1704258240.0,8810.644455999733,SCALE,0.005,3.0,COOLDOWN,0.12477557047650051,0.5
1704258300.0,8810.332141581732,SCALE,0.005,3.0,COOLDOWN,0.12480659490492817,0.5
1704258360.0,8810.698091391732,SCALE,0.005,3.0,COOLDOWN,0.12477024248879204,0.5
1704258420.0,8810.391643344732,SCALE,0.005,3.0,COOLDOWN,0.12480068416856402,0.5
1704258480.0,8810.672949801732,SCALE,0.005,3.0,COOLDOWN,0.12477273998303041,0.5
1704258540.0,8810.608699071732,SCALE,0.005,3.0,COOLDOWN,0.1247791224683062,0.5
1704258600.0,8810.726305842732,SCALE,0.005,3.0,COOLDOWN,0.12476743974525786,0.5
1704258660.0,8811.185000184732,SCALE,0.005,3.0,COOLDOWN,0.12472187435037586,0.5
1704258720.0,8811.885891843733,SCALE,0.005,3.0,COOLDOWN,0.12465224976099766,0.5
1704258780.0,8812.277541945732,SCALE,0.005,3.0,COOLDOWN,0.12461334435075133,0.5
1704258840.0,8812.290671442732,SCALE,0.005,3.0,COOLDOWN,0.12461204010376023,0.5
1704258900.0,8812.616115357732,SCALE,0.005,3.0,COOLDOWN,0.12457971142834146,0.5
1704258960.0,8813.315330910733,SCALE,0.005,3.0,COOLDOWN,0.12451025333857911,0.5
1704259020.0,8813.437686648733,SCALE,0.005,3.0,COOLDOWN,0.12449809886661913,0.5
1704259080.0,8812.989048942733,SCALE,0.005,3.0,COOLDOWN,0.12454266526380581,0.5
1704259140.0,8812.701317412733,SCALE,0.005,3.0,COOLDOWN,0.12457124769786693,0.5
1704259200.0,8812.162169982732,SCALE,0.005,3.0,COOLDOWN,0.1246248050743118,0.5
1704259260.0,8812.602427158732,SCALE,0.005,3.0,COOLDOWN,0.12458107117520457,0.5
1704259320.0,8813.114198190733,SCALE,0.005,3.0,COOLDOWN,0.12453023329248594,0.5
1704259380.0,8812.948543047733,SCALE,0.005,3.0,COOLDOWN,0.12454668900452316,0.5
1704259440.0,8812.948543047733,SCALE,0.005,3.0,COOLDOWN,0.12454668900452316,0.5
1704259500.0,8812.949381100732,SCALE,0.005,3.0,COOLDOWN,0.12454660575471524,0.5
1704259560.0,8813.369804355732,SCALE,0.005,3.0,COOLDOWN,0.12450484210106272,0.5
1704259620.0,8813.687426442733,SCALE,0.005,3.0,COOLDOWN,0.1244732904238514,0.5
1704259680.0,8813.687705793733,SCALE,0.005,3.0,COOLDOWN,0.12447326267391548,0.5
1704259740.0,8813.940797799733,SCALE,0.005,3.0,COOLDOWN,0.12444812123191604,0.5
1704259800.0,8812.228934871733,SCALE,0.005,3.0,COOLDOWN,0.12461817283961205,0.5
1704259860.0,8813.545795485732,SCALE,0.005,3.0,COOLDOWN,0.12448735964139426,0.5
1704259920.0,8813.721227913733,SCALE,0.005,3.0,COOLDOWN,0.12446993268159764,0.5
1704259980.0,8813.541325869732,SCALE,0.005,3.0,COOLDOWN,0.12448780364037,0.5
1704260040.0,8813.669547978732,SCALE,0.005,3.0,COOLDOWN,0.12447506641975434,0.5
1704260100.0,8813.389917627732,SCALE,0.005,3.0,COOLDOWN,0.12450284410567208,0.5
1704260160.0,8813.855316393732,SCALE,0.005,3.0,COOLDOWN,0.12445661271232648,0.5
1704260220.0,8813.831571558732,SCALE,0.005,3.0,COOLDOWN,0.12445897145688492,0.5
1704260280.0,8813.730446496733,SCALE,0.005,3.0,COOLDOWN,0.12446901693371025,0.5
1704260340.0,8813.220351570733,SCALE,0.005,3.0,COOLDOWN,0.12451968831681286,0.5
1704260400.0,8813.495232954732,SCALE,0.005,3.0,COOLDOWN,0.12449238237980693,0.5
1704260460.0,8814.081590703732,SCALE,0.005,3.0,COOLDOWN,0.12443413526418128,0.5
1704260520.0,8813.227335345733,SCALE,0.005,3.0,COOLDOWN,0.12451899456841334,0.5
1704260580.0,8812.849932144733,SCALE,0.005,3.0,COOLDOWN,0.12455648473192471,0.5
1704260640.0,8812.596840138733,SCALE,0.005,3.0,COOLDOWN,0.12458162617392415,0.5
1704260700.0,8811.777503655732,SCALE,0.005,3.0,COOLDOWN,0.12466301673615862,0.5
1704260760.0,8812.318885893732,SCALE,0.005,3.0,COOLDOWN,0.12460923736022606,0.5
1704260820.0,8812.748807082733,SCALE,0.005,3.0,COOLDOWN,0.12456653020875005,0.5
1704260880.0,8813.406678687732,SCALE,0.005,3.0,COOLDOWN,0.12450117910951317,0.5
1704260940.0,8812.332853443733,SCALE,0.005,3.0,COOLDOWN,0.12460784986342684,0.5
1704261000.0,8812.395148716732,SCALE,0.005,3.0,COOLDOWN,0.12460166162770299,0.5
1704261060.0,8812.061044920732,SCALE,0.005,3.0,COOLDOWN,0.12463485055113714,0.5
1704261120.0,8811.794264715732,SCALE,0.005,3.0,COOLDOWN,0.1246613517399997,0.5
1704261180.0,8811.985620150732,SCALE,0.005,3.0,COOLDOWN,0.12464234303385227,0.5
1704261240.0,8811.792588609733,SCALE,0.005,3.0,COOLDOWN,0.12466151823961556,0.5
1704261300.0,8811.724706316732,SCALE,0.005,3.0,COOLDOWN,0.12466826147405916,0.5
1704261360.0,8811.810746424733,SCALE,0.005,3.0,COOLDOWN,0.1246597144937767,0.5
1704261420.0,8811.257352093733,SCALE,0.005,3.0,COOLDOWN,0.12471468711695653,0.5
1704261480.0,8810.838325593733,SCALE,0.005,3.0,COOLDOWN,0.12475631202092911,0.5
1704261540.0,8810.674346556732,SCALE,0.005,3.0,COOLDOWN,0.12477260123335047,0.5
1704261600.0,8811.295343829732,SCALE,0.005,3.0,COOLDOWN,0.12471091312566314,0.5
1704261660.0,8811.279979524732,SCALE,0.005,3.0,COOLDOWN,0.12471243937214212,0.5
1704261720.0,8811.215728794732,SCALE,0.005,3.0,COOLDOWN,0.12471882185741791,0.5
1704261780.0,8811.233048556733,SCALE,0.005,3.0,COOLDOWN,0.12471710136138699,0.5
1704261840.0,8811.535026987733,SCALE,0.005,3.0,COOLDOWN,0.12468710368059073,0.5
1704261900.0,8811.511002801733,SCALE,0.005,3.0,COOLDOWN,0.12468949017508509,0.5
1704261960.0,8811.644253228733,SCALE,0.005,3.0,COOLDOWN,0.12467625345562185,0.5
1704262020.0,8810.874082521732,SCALE,0.005,3.0,COOLDOWN,0.12475276002912358,0.5
1704262080.0,8810.838325593733,SCALE,0.005,3.0,COOLDOWN,0.12475631202092911,0.5
1704262140.0,8810.632443906732,SCALE,0.005,3.0,COOLDOWN,0.12477676372374777,0.5
1704262200.0,8810.468185518732,SCALE,0.005,3.0,COOLDOWN,0.12479308068610505,0.5
1704262260.0,8810.704516464733,SCALE,0.005,3.0,COOLDOWN,0.12476960424026436,0.5
1704262320.0,8810.924924403733,SCALE,0.005,3.0,COOLDOWN,0.12474770954077483,0.5
1704262380.0,8811.452897793732,SCALE,0.005,3.0,COOLDOWN,0.12469526216176946,0.5
1704262440.0,8811.565196895732,SCALE,0.005,3.0,COOLDOWN,0.12468410668750479,0.5
1704262500.0,8811.935616321733,SCALE,0.005,3.0,COOLDOWN,0.12464731027239292,0.5
1704262560.0,8811.935616321733,SCALE,0.005,3.0,COOLDOWN,0.12464731027239292,0.5
1704262620.0,8812.060765569733,SCALE,0.005,3.0,COOLDOWN,0.12463487830107306,0.5
1704262680.0,8813.079838017733,SCALE,0.005,3.0,COOLDOWN,0.1245336465346117,0.5
1704262740.0,8813.438804052732,SCALE,0.005,3.0,COOLDOWN,0.12449798786687527,0.5
1704262800.0,8813.830733505732,SCALE,0.005,3.0,COOLDOWN,0.12445905470669284,0.5
1704262860.0,8814.106452942733,SCALE,0.005,3.0,COOLDOWN,0.12443166551987882,0.5
1704262920.0,8814.165675354732,SCALE,0.005,3.0,COOLDOWN,0.12442578253345077,0.5
1704262980.0,8813.891073321733,SCALE,0.005,3.0,COOLDOWN,0.12445306072052079,0.5
1704263040.0,8813.934652077733,SCALE,0.005,3.0,COOLDOWN,0.12444873173050763,0.5
1704263100.0,8814.309261768733,SCALE,0.005,3.0,COOLDOWN,0.12441151906635613,0.5
1704263160.0,8813.660888097733,SCALE,0.005,3.0,COOLDOWN,0.12447592666776972,0.5
1704263220.0,8813.658653289733,SCALE,0.005,3.0,COOLDOWN,0.12447614866725758,0.5
1704263280.0,8813.949737031733,SCALE,0.005,3.0,COOLDOWN,0.12444723323396457,0.5
1704263340.0,8813.864534976732,SCALE,0.005,3.0,COOLDOWN,0.1244556969644391,0.5
1704263400.0,8812.908875205732,SCALE,0.005,3.0,COOLDOWN,0.1245506294954326,0.5
1704263460.0,8813.160011754733,SCALE,0.005,3.0,COOLDOWN,0.12452568230298493,0.5
1704263520.0,8813.159173701733,SCALE,0.005,3.0,COOLDOWN,0.12452576555279285,0.5
1704263580.0,8813.116153647732,SCALE,0.005,3.0,COOLDOWN,0.12453003904293417,0.5
1704263640.0,8812.849652793733,SCALE,0.005,3.0,COOLDOWN,0.12455651248186063,0.5
1704263700.0,8812.178931042732,SCALE,0.005,3.0,COOLDOWN,0.12462314007815288,0.5
1704263760.0,8812.032271767732,SCALE,0.005,3.0,COOLDOWN,0.12463770879454332,0.5
1704263820.0,8812.060206867733,SCALE,0.005,3.0,COOLDOWN,0.12463493380094506,0.5
1704263880.0,8813.566746810733,SCALE,0.005,3.0,COOLDOWN,0.12448527839619553,0.5
1704263940.0,8813.535738849732,SCALE,0.005,3.0,COOLDOWN,0.12448835863908958,0.5
1704264000.0,8812.941559272733,SCALE,0.005,3.0,COOLDOWN,0.12454738275292268,0.5
1704264060.0,8812.857753972732,SCALE,0.005,3.0,COOLDOWN,0.12455570773371727,0.5
1704264120.0,8812.801045719732,SCALE,0.005,3.0,COOLDOWN,0.12456134097072152,0.5
1704264180.0,8813.321197281732,SCALE,0.005,3.0,COOLDOWN,0.12450967058992361,0.5
1704264240.0,8813.042125632732,SCALE,0.005,3.0,COOLDOWN,0.12453739277596935,0.5
1704264300.0,8813.603621142733,SCALE,0.005,3.0,COOLDOWN,0.12448161540464599,0.5
1704264360.0,8813.264768379733,SCALE,0.005,3.0,COOLDOWN,0.12451527607699178,0.5
1704264420.0,8813.264768379733,SCALE,0.005,3.0,COOLDOWN,0.12451527607699178,0.5
1704264480.0,8813.455006410732,SCALE,0.005,3.0,COOLDOWN,0.12449637837058837,0.5
1704264540.0,8813.773466550732,SCALE,0.005,3.0,COOLDOWN,0.12446474344356911,0.5
1704264600.0,8814.525479442733,SCALE,0.005,3.0,COOLDOWN,0.12439004061590624,0.5
1704264660.0,8814.190816944732,SCALE,0.005,3.0,COOLDOWN,0.12442328503921239,0.5
1704264720.0,8814.104776836732,SCALE,0.005,3.0,COOLDOWN,0.12443183201949486,0.5
1704264780.0,8813.916494262732,SCALE,0.005,3.0,COOLDOWN,0.12445053547634649,0.5
1704264840.0,8814.104776836732,SCALE,0.005,3.0,COOLDOWN,0.12443183201949486,0.5
1704264900.0,8816.011626762733,SCALE,0.005,3.0,COOLDOWN,0.12424241095648342,0.5
1704264960.0,8814.866567013732,SCALE,0.005,3.0,COOLDOWN,0.12435615794407258,0.5
1704265020.0,8815.245366969733,SCALE,0.005,3.0,COOLDOWN,0.12431852903088125,0.5
1704265080.0,8815.245366969733,SCALE,0.005,3.0,COOLDOWN,0.12431852903088125,0.5
1704265140.0,8814.998700036733,SCALE,0.005,3.0,COOLDOWN,0.12434303222435318,0.5
1704265200.0,8813.941077150732,SCALE,0.005,3.0,COOLDOWN,0.12444809348198012,0.5
1704265260.0,8813.790506961732,SCALE,0.005,3.0,COOLDOWN,0.12446305069747428,0.5
1704265320.0,8813.718713754732,SCALE,0.005,3.0,COOLDOWN,0.1244701824310216,0.5
1704265380.0,8814.222662958733,SCALE,0.005,3.0,COOLDOWN,0.12442012154651041,0.5
1704265440.0,8814.141930519732,SCALE,0.005,3.0,COOLDOWN,0.1244281412780092,0.5
1704265500.0,8814.062036133733,SCALE,0.005,3.0,COOLDOWN,0.12443607775969989,0.5
1704265560.0,8813.947222872732,SCALE,0.005,3.0,COOLDOWN,0.12444748298338854,0.5
1704265620.0,8814.246407793733,SCALE,0.005,3.0,COOLDOWN,0.12441776280195198,0.5
1704265680.0,8815.414374324733,SCALE,0.005,3.0,COOLDOWN,0.12430174031961232,0.5
1704265740.0,8816.205496356732,SCALE,0.005,3.0,COOLDOWN,0.1242231525009122,0.5
1704265800.0,8816.284832040732,SCALE,0.005,3.0,COOLDOWN,0.12421527151909335,0.5
1704265860.0,8815.419681993733,SCALE,0.005,3.0,COOLDOWN,0.12430121307082866,0.5
1704265920.0,8815.474155438733,SCALE,0.005,3.0,COOLDOWN,0.12429580183331226,0.5
1704265980.0,8815.473876087732,SCALE,0.005,3.0,COOLDOWN,0.12429582958324836,0.5
1704266040.0,8815.748198769732,SCALE,0.005,3.0,COOLDOWN,0.12426857914611428,0.5
1704266100.0,8815.394819754732,SCALE,0.005,3.0,COOLDOWN,0.12430368281513111,0.5
1704266160.0,8814.712644612733,SCALE,0.005,3.0,COOLDOWN,0.12437144815879844,0.5
1704266220.0,8815.070213892732,SCALE,0.005,3.0,COOLDOWN,0.12433592824074197,0.5
1704266280.0,8814.932493849732,SCALE,0.005,3.0,COOLDOWN,0.12434960895918093,0.5
1704266340.0,8814.755664666733,SCALE,0.005,3.0,COOLDOWN,0.12436717466865731,0.5
1704266400.0,8814.678284439733,SCALE,0.005,3.0,COOLDOWN,0.12437486140092421,0.5
1704266460.0,8814.296411622732,SCALE,0.005,3.0,COOLDOWN,0.12441279556341132,0.5
1704266520.0,8814.836117754732,SCALE,0.005,3.0,COOLDOWN,0.12435918268709462,0.5
1704266580.0,8815.309617699733,SCALE,0.005,3.0,COOLDOWN,0.12431214654560546,0.5
1704266640.0,8815.419402642732,SCALE,0.005,3.0,COOLDOWN,0.12430124082076476,0.5
1704266700.0,8815.811890797733,SCALE,0.005,3.0,COOLDOWN,0.12426225216071031,0.5
1704266760.0,8815.822785486733,SCALE,0.005,3.0,COOLDOWN,0.12426116991320707,0.5
1704266820.0,8815.823064837732,SCALE,0.005,3.0,COOLDOWN,0.12426114216327115,0.5
1704266880.0,8815.313249262732,SCALE,0.005,3.0,COOLDOWN,0.12431178579643784,0.5
1704266940.0,8815.897372203732,SCALE,0.005,3.0,COOLDOWN,0.12425376068030004,0.5
1704267000.0,8815.699591695733,SCALE,0.005,3.0,COOLDOWN,0.12427340763497499,0.5
1704267060.0,8815.699591695733,SCALE,0.005,3.0,COOLDOWN,0.12427340763497499,0.5
1704267120.0,8815.211286147733,SCALE,0.005,3.0,COOLDOWN,0.1243219145230711,0.5
1704267180.0,8815.211286147733,SCALE,0.005,3.0,COOLDOWN,0.1243219145230711,0.5
1704267240.0,8814.850923357733,SCALE,0.005,3.0,COOLDOWN,0.12435771194048746,0.5
1704267300.0,8814.525479442733,SCALE,0.005,3.0,COOLDOWN,0.12439004061590624,0.5
1704267360.0,8814.748960242732,SCALE,0.005,3.0,COOLDOWN,0.12436784066712091,0.5
1704267420.0,8814.658450518733,SCALE,0.005,3.0,COOLDOWN,0.12437683164637893,0.5
1704267480.0,8814.346974153732,SCALE,0.005,3.0,COOLDOWN,0.12440777282499865,0.5
1704267540.0,8814.246687144732,SCALE,0.005,3.0,COOLDOWN,0.12441773505201606,0.5
1704267600.0,8813.698321131733,SCALE,0.005,3.0,COOLDOWN,0.12447220817634815,0.5
1704267660.0,8813.257505253732,SCALE,0.005,3.0,COOLDOWN,0.12451599757532739,0.5
1704267720.0,8810.170397352733,SCALE,0.005,3.0,COOLDOWN,0.12482266211786149,0.5
1704267780.0,8809.590464676732,SCALE,0.005,3.0,COOLDOWN,0.12488027098495963,0.5
1704267840.0,8810.063685270732,SCALE,0.005,3.0,COOLDOWN,0.12483326259340657,0.5
1704267900.0,8808.165495225732,SCALE,0.005,3.0,COOLDOWN,0.12502182340840245,0.5
1704267960.0,8807.610145437733,SCALE,0.005,3.0,COOLDOWN,0.12507699028113406,0.5
1704268020.0,8807.394765816733,SCALE,0.005,3.0,COOLDOWN,0.12509838548177601,0.5
1704268080.0,8806.455308403732,SCALE,0.005,3.0,COOLDOWN,0.12519170851648262,0.5
1704268140.0,8807.674116816732,SCALE,0.005,3.0,COOLDOWN,0.12507063554579437,0.5
1704268200.0,8807.374093842733,SCALE,0.005,3.0,COOLDOWN,0.12510043897703865,0.5
1704268260.0,8806.765946715732,SCALE,0.005,3.0,COOLDOWN,0.12516085058767099,0.5
1704268320.0,8806.988868813733,SCALE,0.005,3.0,COOLDOWN,0.1251387061387575,0.5
1704268380.0,8806.279317273733,SCALE,0.005,3.0,COOLDOWN,0.12520919097615107,0.5
1704268440.0,8804.804064642733,SCALE,0.005,3.0,COOLDOWN,0.12535573838807063,0.5
1704268500.0,8805.141800001733,SCALE,0.005,3.0,COOLDOWN,0.12532218871546869,0.5
1704268560.0,8806.681582713732,SCALE,0.005,3.0,COOLDOWN,0.1251692310683374,0.5
1704268620.0,8806.752537867733,SCALE,0.005,3.0,COOLDOWN,0.12516218258459802,0.5
1704268680.0,8806.817626650733,SCALE,0.005,3.0,COOLDOWN,0.1251557168495143,0.5
1704268740.0,8806.194673920732,SCALE,0.005,3.0,COOLDOWN,0.12521759920675357,0.5
1704268800.0,8806.784104530732,SCALE,0.005,3.0,COOLDOWN,0.12515904684183213,0.5
1704268860.0,8806.306134969733,SCALE,0.005,3.0,COOLDOWN,0.12520652698229684,0.5
1704268920.0,8807.122677942732,SCALE,0.005,3.0,COOLDOWN,0.12512541391942225,0.5
1704268980.0,8806.909812480733,SCALE,0.005,3.0,COOLDOWN,0.12514655937064026,0.5
1704269040.0,8807.359288239733,SCALE,0.005,3.0,COOLDOWN,0.12510190972364563,0.5
1704269100.0,8807.802618276732,SCALE,0.005,3.0,COOLDOWN,0.12505787057524279,0.5
1704269160.0,8807.877484344732,SCALE,0.005,3.0,COOLDOWN,0.12505043359239967,0.5
1704269220.0,8807.823848952732,SCALE,0.005,3.0,COOLDOWN,0.12505576158010814,0.5
1704269280.0,8808.827277744733,SCALE,0.005,3.0,COOLDOWN,0.12495608381006167,0.5
1704269340.0,8809.023382146732,SCALE,0.005,3.0,COOLDOWN,0.12493660335500259,0.5
1704269400.0,8808.939018144732,SCALE,0.005,3.0,COOLDOWN,0.124944983835669,0.5
1704269460.0,8809.154956467732,SCALE,0.005,3.0,COOLDOWN,0.12492353313515521,0.5
1704269520.0,8806.306134969733,SCALE,0.005,3.0,COOLDOWN,0.12520652698229684,0.5
1704269580.0,8807.374093842733,SCALE,0.005,3.0,COOLDOWN,0.12510043897703865,0.5
1704269640.0,8807.674116816732,SCALE,0.005,3.0,COOLDOWN,0.12507063554579437,0.5
1704269700.0,8808.225835041732,SCALE,0.005,3.0,COOLDOWN,0.12501582942223038,0.5
1704269760.0,8809.131211632732,SCALE,0.005,3.0,COOLDOWN,0.12492589187971365,0.5
1704269820.0,8808.690116403732,SCALE,0.005,3.0,COOLDOWN,0.1249697090286288,0.5
1704269880.0,8810.267890851732,SCALE,0.005,3.0,COOLDOWN,0.12481297739020396,0.5
1704269940.0,8810.038264329733,SCALE,0.005,3.0,COOLDOWN,0.12483578783758087,0.5
1704270000.0,8810.069830992732,SCALE,0.005,3.0,COOLDOWN,0.12483265209481499,0.5
1704270060.0,8809.580966742733,SCALE,0.005,3.0,COOLDOWN,0.12488121448278293,0.5
1704270120.0,8809.812828072732,SCALE,0.005,3.0,COOLDOWN,0.12485818203591816,0.5
1704270180.0,8809.066122849732,SCALE,0.005,3.0,COOLDOWN,0.12493235761479736,0.5
1704270240.0,8808.761350908733,SCALE,0.005,3.0,COOLDOWN,0.12496263279495332,0.5
1704270300.0,8809.108304850732,SCALE,0.005,3.0,COOLDOWN,0.12492816737446416,0.5
1704270360.0,8809.907528061733,SCALE,0.005,3.0,COOLDOWN,0.12484877480762033,0.5
1704270420.0,8810.192745432732,SCALE,0.005,3.0,COOLDOWN,0.12482044212298299,0.5
1704270480.0,8810.391084642732,SCALE,0.005,3.0,COOLDOWN,0.12480073966843604,0.5
1704270540.0,8810.465950710732,SCALE,0.005,3.0,COOLDOWN,0.12479330268559292,0.5
1704270600.0,8810.111733642732,SCALE,0.005,3.0,COOLDOWN,0.1248284896044177,0.5
1704270660.0,8809.929876141732,SCALE,0.005,3.0,COOLDOWN,0.12484655481274183,0.5
1704270720.0,8810.059495005733,SCALE,0.005,3.0,COOLDOWN,0.12483367884244621,0.5
1704270780.0,8810.144697060732,SCALE,0.005,3.0,COOLDOWN,0.12482521511197188,0.5
1704270840.0,8810.277668136732,SCALE,0.005,3.0,COOLDOWN,0.12481200614244456,0.5
1704270900.0,8810.203919472733,SCALE,0.005,3.0,COOLDOWN,0.12481933212554365,0.5
1704270960.0,8810.065920078732,SCALE,0.005,3.0,COOLDOWN,0.12483304059391871,0.5
1704271020.0,8809.730419527732,SCALE,0.005,3.0,COOLDOWN,0.1248663682670328,0.5
1704271080.0,8809.784334270733,SCALE,0.005,3.0,COOLDOWN,0.12486101252938824,0.5
1704271140.0,8809.656670863733,SCALE,0.005,3.0,COOLDOWN,0.1248736942501319,0.5
1704271200.0,8807.326604172733,SCALE,0.005,3.0,COOLDOWN,0.12510515646615553,0.5
1704271260.0,8807.206762593732,SCALE,0.005,3.0,COOLDOWN,0.12511706118869173,0.5
1704271320.0,8806.698623124732,SCALE,0.005,3.0,COOLDOWN,0.12516753832224256,0.5
1704271380.0,8807.095022193733,SCALE,0.005,3.0,COOLDOWN,0.1251281611630844,0.5
1704271440.0,8807.293361403732,SCALE,0.005,3.0,COOLDOWN,0.12510845870853746,0.5
1704271500.0,8807.206483242733,SCALE,0.005,3.0,COOLDOWN,0.12511708893862766,0.5
1704271560.0,8807.951512359732,SCALE,0.005,3.0,COOLDOWN,0.12504307985936447,0.5
1704271620.0,8807.221568196732,SCALE,0.005,3.0,COOLDOWN,0.12511559044208478,0.5
1704271680.0,8807.949836253732,SCALE,0.005,3.0,COOLDOWN,0.12504324635898034,0.5
1704271740.0,8808.380036793733,SCALE,0.005,3.0,COOLDOWN,0.1250005114575684,0.5
1704271800.0,8808.515522028732,SCALE,0.005,3.0,COOLDOWN,0.12498705273861732,0.5
1704271860.0,8808.709950324732,SCALE,0.005,3.0,COOLDOWN,0.12496773878317409,0.5
1704271920.0,8808.638715819732,SCALE,0.005,3.0,COOLDOWN,0.1249748150168494,0.5
1704271980.0,8808.436186344732,SCALE,0.005,3.0,COOLDOWN,0.12499493372043617,0.5
1704272040.0,8809.056624915733,SCALE,0.005,3.0,COOLDOWN,0.12493330111262067,0.5
1704272100.0,8809.535711880733,SCALE,0.005,3.0,COOLDOWN,0.12488570997241194,0.5
1704272160.0,8810.904252429733,SCALE,0.005,3.0,COOLDOWN,0.12474976303603746,0.5
1704272220.0,8810.223753393733,SCALE,0.005,3.0,COOLDOWN,0.12481736188008893,0.5
1704272280.0,8811.016272180732,SCALE,0.005,3.0,COOLDOWN,0.12473863531170888,0.5
1704272340.0,8811.452897793732,SCALE,0.005,3.0,COOLDOWN,0.12469526216176946,0.5
1704272400.0,8811.631961784733,SCALE,0.005,3.0,COOLDOWN,0.12467747445280503,0.5
1704272460.0,8811.452897793732,SCALE,0.005,3.0,COOLDOWN,0.12469526216176946,0.5
1704272520.0,8812.542646044732,SCALE,0.005,3.0,COOLDOWN,0.12458700966150463,0.5
1704272580.0,8812.429229538733,SCALE,0.005,3.0,COOLDOWN,0.12459827613551315,0.5
1704272640.0,8812.680924789733,SCALE,0.005,3.0,COOLDOWN,0.12457327344319365,0.5
1704272700.0,8812.545160203732,SCALE,0.005,3.0,COOLDOWN,0.12458675991208085,0.5
1704272760.0,8812.905522993733,SCALE,0.005,3.0,COOLDOWN,0.1245509624946643,0.5
1704272820.0,8812.601309754733,SCALE,0.005,3.0,COOLDOWN,0.12458118217494842,0.5
1704272880.0,8812.428950187732,SCALE,0.005,3.0,COOLDOWN,0.12459830388544925,0.5
1704272940.0,8813.109728574733,SCALE,0.005,3.0,COOLDOWN,0.12453067729146168,0.5
1704273000.0,8813.585742678733,SCALE,0.005,3.0,COOLDOWN,0.12448339140054875,0.5
1704273060.0,8813.910907242733,SCALE,0.005,3.0,COOLDOWN,0.12445109047506607,0.5
1704273120.0,8813.750280417733,SCALE,0.005,3.0,COOLDOWN,0.12446704668825555,0.5
1704273180.0,8814.266800416732,SCALE,0.005,3.0,COOLDOWN,0.12441573705662544,0.5
1704273240.0,8814.286354986732,SCALE,0.005,3.0,COOLDOWN,0.12441379456110664,0.5
1704273300.0,8813.289071916732,SCALE,0.005,3.0,COOLDOWN,0.12451286183256151,0.5
1704273360.0,8813.089335951732,SCALE,0.005,3.0,COOLDOWN,0.1245327030367884,0.5
1704273420.0,8811.969138441733,SCALE,0.005,3.0,COOLDOWN,0.12464398028007509,0.5
1704273480.0,8813.225379888732,SCALE,0.005,3.0,COOLDOWN,0.12451918881796528,0.5
1704273540.0,8813.418970131732,SCALE,0.005,3.0,COOLDOWN,0.12449995811232999,0.5
1704273600.0,8812.808588196733,SCALE,0.005,3.0,COOLDOWN,0.12456059172245,0.5
1704273660.0,8814.241100124733,SCALE,0.005,3.0,COOLDOWN,0.12441829005073564,0.5
1704273720.0,8813.965380687732,SCALE,0.005,3.0,COOLDOWN,0.12444567923754968,0.5
1704273780.0,8813.672062137732,SCALE,0.005,3.0,COOLDOWN,0.12447481667033056,0.5
1704273840.0,8814.028234662732,SCALE,0.005,3.0,COOLDOWN,0.12443943550195383,0.5
1704273900.0,8813.967056793732,SCALE,0.005,3.0,COOLDOWN,0.12444551273793382,0.5
1704273960.0,8814.277136403733,SCALE,0.005,3.0,COOLDOWN,0.12441471030899402,0.5
1704274020.0,8815.560474897733,SCALE,0.005,3.0,COOLDOWN,0.1242872271030939,0.5
1704274080.0,8815.895696097732,SCALE,0.005,3.0,COOLDOWN,0.1242539271799159,0.5
1704274140.0,8815.765518531733,SCALE,0.005,3.0,COOLDOWN,0.12426685865008334,0.5
1704274200.0,8815.115468754733,SCALE,0.005,3.0,COOLDOWN,0.12433143275111277,0.5
1704274260.0,8815.339228905732,SCALE,0.005,3.0,COOLDOWN,0.12430920505239153,0.5
1704274320.0,8814.459831957733,SCALE,0.005,3.0,COOLDOWN,0.12439656185086197,0.5
1704274380.0,8814.459831957733,SCALE,0.005,3.0,COOLDOWN,0.12439656185086197,0.5
1704274440.0,8814.039408702733,SCALE,0.005,3.0,COOLDOWN,0.12443832550451449,0.5
1704274500.0,8814.514305402732,SCALE,0.005,3.0,COOLDOWN,0.12439115061334557,0.5
1704274560.0,8816.480936442733,SCALE,0.005,3.0,COOLDOWN,0.1241957910640341,0.5
1704274620.0,8817.248872341732,SCALE,0.005,3.0,COOLDOWN,0.1241195064900204,0.5
1704274680.0,8817.110034894733,SCALE,0.005,3.0,COOLDOWN,0.12413329820820322,0.5
1704274740.0,8819.610226344732,SCALE,0.005,3.0,COOLDOWN,0.1238849362811668,0.5
1704274800.0,8818.310964843733,SCALE,0.005,3.0,COOLDOWN,0.12401400123341773,0.5
1704274860.0,8818.966601640732,SCALE,0.005,3.0,COOLDOWN,0.12394887213366872,0.5
1704274920.0,8818.157321793733,SCALE,0.005,3.0,COOLDOWN,0.12402926369820769,0.5
1704274980.0,8817.451122465733,SCALE,0.005,3.0,COOLDOWN,0.12409941553636955,0.5
1704275040.0,8817.458664942733,SCALE,0.005,3.0,COOLDOWN,0.12409866628809801,0.5
1704275100.0,8817.070925754733,SCALE,0.005,3.0,COOLDOWN,0.12413718319924064,0.5
1704275160.0,8816.768667972732,SCALE,0.005,3.0,COOLDOWN,0.12416720862997298,0.5
1704275220.0,8817.015055554733,SCALE,0.005,3.0,COOLDOWN,0.12414273318643697,0.5
1704275280.0,8815.749316173733,SCALE,0.005,3.0,COOLDOWN,0.12426846814637024,0.5
1704275340.0,8816.104929996733,SCALE,0.005,3.0,COOLDOWN,0.12423314247786553,0.5
1704275400.0,8816.033974842732,SCALE,0.005,3.0,COOLDOWN,0.12424019096160492,0.5
1704275460.0,8816.004922338732,SCALE,0.005,3.0,COOLDOWN,0.12424307695494703,0.5
1704275520.0,8815.498458975733,SCALE,0.005,3.0,COOLDOWN,0.12429338758888182,0.5
1704275580.0,8817.498332784733,SCALE,0.005,3.0,COOLDOWN,0.1240947257971886,0.5
1704275640.0,8817.213953466733,SCALE,0.005,3.0,COOLDOWN,0.124122975232018,0.5
1704275700.0,8815.642883442733,SCALE,0.005,3.0,COOLDOWN,0.12427904087197925,0.5
1704275760.0,8815.301237169733,SCALE,0.005,3.0,COOLDOWN,0.12431297904368492,0.5
1704275820.0,8815.302075222733,SCALE,0.005,3.0,COOLDOWN,0.124312895793877,0.5
1704275880.0,8815.194804438732,SCALE,0.005,3.0,COOLDOWN,0.1243235517692941,0.5
1704275940.0,8815.494268710732,SCALE,0.005,3.0,COOLDOWN,0.12429380383792164,0.5
1704276000.0,8814.638616597733,SCALE,0.005,3.0,COOLDOWN,0.12437880189183363,0.5
1704276060.0,8815.464098802733,SCALE,0.005,3.0,COOLDOWN,0.12429680083100758,0.5
1704276120.0,8815.922793144733,SCALE,0.005,3.0,COOLDOWN,0.12425123543612558,0.5
1704276180.0,8816.220581310732,SCALE,0.005,3.0,COOLDOWN,0.12422165400436914,0.5
1704276240.0,8816.336511975733,SCALE,0.005,3.0,COOLDOWN,0.12421013778093666,0.5
1704276300.0,8816.340143538733,SCALE,0.005,3.0,COOLDOWN,0.12420977703176886,0.5
1704276360.0,8816.136496659732,SCALE,0.005,3.0,COOLDOWN,0.12423000673509965,0.5
1704276420.0,8815.560195546732,SCALE,0.005,3.0,COOLDOWN,0.12428725485303,0.5
1704276480.0,8816.206893111732,SCALE,0.005,3.0,COOLDOWN,0.12422301375123226,0.5
1704276540.0,8816.529822867733,SCALE,0.005,3.0,COOLDOWN,0.12419093482523728,0.5
1704276600.0,8816.023638855733,SCALE,0.005,3.0,COOLDOWN,0.12424121770923616,0.5
1704276660.0,8816.089845042732,SCALE,0.005,3.0,COOLDOWN,0.12423464097440859,0.5
1704276720.0,8816.589603981733,SCALE,0.005,3.0,COOLDOWN,0.12418499633893723,0.5
1704276780.0,8816.589603981733,SCALE,0.005,3.0,COOLDOWN,0.12418499633893723,0.5
1704276840.0,8816.023918206733,SCALE,0.005,3.0,COOLDOWN,0.12424118995930024,0.5
1704276900.0,8816.507754138733,SCALE,0.005,3.0,COOLDOWN,0.12419312707017986,0.5
1704276960.0,8815.953242403732,SCALE,0.005,3.0,COOLDOWN,0.12424821069310373,0.5
1704277020.0,8815.461863994733,SCALE,0.005,3.0,COOLDOWN,0.12429702283049544,0.5
1704277080.0,8814.958752843733,SCALE,0.005,3.0,COOLDOWN,0.12434700046519853,0.5
1704277140.0,8815.255423605733,SCALE,0.005,3.0,COOLDOWN,0.12431753003318594,0.5
1704277200.0,8815.414653675733,SCALE,0.005,3.0,COOLDOWN,0.12430171256967641,0.5
1704277260.0,8814.448657917732,SCALE,0.005,3.0,COOLDOWN,0.1243976718483013,0.5
1704277320.0,8814.448937268733,SCALE,0.005,3.0,COOLDOWN,0.1243976440983652,0.5
1704277380.0,8813.296614393732,SCALE,0.005,3.0,COOLDOWN,0.12451211258428999,0.5
1704277440.0,8813.168392284733,SCALE,0.005,3.0,COOLDOWN,0.12452484980490547,0.5
1704277500.0,8813.649714057732,SCALE,0.005,3.0,COOLDOWN,0.12447703666520905,0.5
1704277560.0,8812.983182571732,SCALE,0.005,3.0,COOLDOWN,0.12454324801246149,0.5
1704277620.0,8813.394945945733,SCALE,0.005,3.0,COOLDOWN,0.12450234460682434,0.5
1704277680.0,8813.676811104733,SCALE,0.005,3.0,COOLDOWN,0.12447434492141872,0.5
1704277740.0,8813.802798405733,SCALE,0.005,3.0,COOLDOWN,0.12446182970029092,0.5
1704277800.0,8813.317565718733,SCALE,0.005,3.0,COOLDOWN,0.12451003133909125,0.5
1704277860.0,8813.776539411732,SCALE,0.005,3.0,COOLDOWN,0.12446443819427332,0.5
1704277920.0,8814.005327880732,SCALE,0.005,3.0,COOLDOWN,0.12444171099670433,0.5
1704277980.0,8814.005327880732,SCALE,0.005,3.0,COOLDOWN,0.12444171099670433,0.5
1704278040.0,8814.513746700732,SCALE,0.005,3.0,COOLDOWN,0.12439120611321759,0.5
1704278100.0,8813.268679293733,SCALE,0.005,3.0,COOLDOWN,0.12451488757788805,0.5
1704278160.0,8813.128445091732,SCALE,0.005,3.0,COOLDOWN,0.12452881804575099,0.5
1704278220.0,8812.204072632732,SCALE,0.005,3.0,COOLDOWN,0.1246206425839145,0.5
1704278280.0,8810.223474042732,SCALE,0.005,3.0,COOLDOWN,0.12481738963002503,0.5
1704278340.0,8809.273680642733,SCALE,0.005,3.0,COOLDOWN,0.12491173941236285,0.5
1704278400.0,8809.528169403733,SCALE,0.005,3.0,COOLDOWN,0.12488645922068348,0.5
1704278460.0,8808.410765403733,SCALE,0.005,3.0,COOLDOWN,0.12499745896461047,0.5
1704278520.0,8807.676072273733,SCALE,0.005,3.0,COOLDOWN,0.12507044129624242,0.5
1704278580.0,8808.100685793732,SCALE,0.005,3.0,COOLDOWN,0.12502826139355025,0.5
1704278640.0,8807.828877270733,SCALE,0.005,3.0,COOLDOWN,0.1250552620812604,0.5
1704278700.0,8808.611618772733,SCALE,0.005,3.0,COOLDOWN,0.12497750676063955,0.5
1704278760.0,8807.262912144732,SCALE,0.005,3.0,COOLDOWN,0.1251114834515595,0.5
1704278820.0,8807.820776091732,SCALE,0.005,3.0,COOLDOWN,0.12505606682940393,0.5
1704278880.0,8808.372773667732,SCALE,0.005,3.0,COOLDOWN,0.12500123295590404,0.5
1704278940.0,8808.380036793733,SCALE,0.005,3.0,COOLDOWN,0.1250005114575684,0.5
1704279000.0,8809.343797743733,SCALE,0.005,3.0,COOLDOWN,0.12490477417843138,0.5
1704279060.0,8809.667565552732,SCALE,0.005,3.0,COOLDOWN,0.12487261200262866,0.5
1704279120.0,8809.920657558732,SCALE,0.005,3.0,COOLDOWN,0.12484747056062921,0.5
1704279180.0,8808.380316144732,SCALE,0.005,3.0,COOLDOWN,0.1250004837076325,0.5
1704279240.0,8808.228069849732,SCALE,0.005,3.0,COOLDOWN,0.1250156074227425,0.5
1704279300.0,8808.226393743733,SCALE,0.005,3.0,COOLDOWN,0.12501577392235838,0.5
1704279360.0,8808.704922006733,SCALE,0.005,3.0,COOLDOWN,0.12496823828202167,0.5
1704279420.0,8808.808840578733,SCALE,0.005,3.0,COOLDOWN,0.12495791530583644,0.5
1704279480.0,8810.353372257732,SCALE,0.005,3.0,COOLDOWN,0.12480448590979351,0.5
1704279540.0,8810.109498834732,SCALE,0.005,3.0,COOLDOWN,0.12482871160390556,0.5
1704279600.0,8810.458408233733,SCALE,0.005,3.0,COOLDOWN,0.12479405193386427,0.5
1704279660.0,8810.728540650733,SCALE,0.005,3.0,COOLDOWN,0.12476721774577,0.5
1704279720.0,8810.404772841732,SCALE,0.005,3.0,COOLDOWN,0.12479937992157292,0.5
1704279780.0,8807.917710888732,SCALE,0.005,3.0,COOLDOWN,0.12504643760161824,0.5
1704279840.0,8808.326122050732,SCALE,0.005,3.0,COOLDOWN,0.12500586719521298,0.5
1704279900.0,8807.999281380733,SCALE,0.005,3.0,COOLDOWN,0.1250383346203115,0.5
1704279960.0,8807.971346280732,SCALE,0.005,3.0,COOLDOWN,0.12504110961390977,0.5
1704280020.0,8805.447130644732,SCALE,0.005,3.0,COOLDOWN,0.1252918580354407,0.5
1704280080.0,8803.908465336732,SCALE,0.005,3.0,COOLDOWN,0.12544470468282815,0.5
1704280140.0,8804.139767964733,SCALE,0.005,3.0,COOLDOWN,0.1254217277358352,0.5
1704280200.0,8802.778769892733,SCALE,0.005,3.0,COOLDOWN,0.12555692542393815,0.5
1704280260.0,8801.729248185733,SCALE,0.005,3.0,COOLDOWN,0.12566118193342155,0.5
1704280320.0,8802.232918038733,SCALE,0.005,3.0,COOLDOWN,0.12561114879884647,0.5
1704280380.0,8801.284800744732,SCALE,0.005,3.0,COOLDOWN,0.1257053320815686,0.5
1704280440.0,8798.513638824732,SCALE,0.005,3.0,COOLDOWN,0.1259806114465074,0.5
1704280500.0,8801.118866250732,SCALE,0.005,3.0,COOLDOWN,0.12572181554354173,0.5
1704280560.0,8801.528115465733,SCALE,0.005,3.0,COOLDOWN,0.12568116188732836,0.5
1704280620.0,8800.978632048733,SCALE,0.005,3.0,COOLDOWN,0.1257357460114045,0.5
1704280680.0,8801.983736946733,SCALE,0.005,3.0,COOLDOWN,0.12563590174174216,0.5
1704280740.0,8800.555135932733,SCALE,0.005,3.0,COOLDOWN,0.1257778149143528,0.5
1704280800.0,8800.085826252733,SCALE,0.005,3.0,COOLDOWN,0.12582443480680214,0.5
1704280860.0,8799.332975307732,SCALE,0.005,3.0,COOLDOWN,0.12589922088427294,0.5
1704280920.0,8799.185198628733,SCALE,0.005,3.0,COOLDOWN,0.12591390060040722,0.5
1704280980.0,8796.704561748733,SCALE,0.005,3.0,COOLDOWN,0.126160320031925,0.5
1704281040.0,8792.889465141732,SCALE,0.005,3.0,COOLDOWN,0.12653930090762763,0.5
1704281100.0,8793.770538195733,SCALE,0.005,3.0,COOLDOWN,0.12645177760954118,0.5
1704281160.0,8793.325532052733,SCALE,0.005,3.0,COOLDOWN,0.12649598325756006,0.5
1704281220.0,8793.308491641732,SCALE,0.005,3.0,COOLDOWN,0.12649767600365505,0.5
1704281280.0,8791.898886495732,SCALE,0.005,3.0,COOLDOWN,0.1266377021806189,0.5
1704281340.0,8787.941600229733,SCALE,0.005,3.0,COOLDOWN,0.12703080777373604,0.5
1704281400.0,8788.667912829733,SCALE,0.005,3.0,COOLDOWN,0.12695865794018354,0.5
1704281460.0,8789.319359361732,SCALE,0.005,3.0,COOLDOWN,0.12689394508947419,0.5
1704281520.0,8789.791183200732,SCALE,0.005,3.0,COOLDOWN,0.12684707544760107,0.5
1704281580.0,8791.243529049732,SCALE,0.005,3.0,COOLDOWN,0.126702803530432,0.5
1704281640.0,8791.730717193732,SCALE,0.005,3.0,COOLDOWN,0.1266544076420799,0.5
1704281700.0,8791.649426052732,SCALE,0.005,3.0,COOLDOWN,0.12666248287345053,0.5
1704281760.0,8791.923190032732,SCALE,0.005,3.0,COOLDOWN,0.12663528793618847,0.5
1704281820.0,8792.464013568733,SCALE,0.005,3.0,COOLDOWN,0.12658156406012772,0.5
1704281880.0,8791.310293938732,SCALE,0.005,3.0,COOLDOWN,0.12669617129573243,0.5
1704281940.0,8790.082825644733,SCALE,0.005,3.0,COOLDOWN,0.12681810451443606,0.5
1704282000.0,8790.079473432732,SCALE,0.005,3.0,COOLDOWN,0.12681843751366795,0.5
1704282060.0,8789.976392913732,SCALE,0.005,3.0,COOLDOWN,0.12682867724004523,0.5
1704282120.0,8790.558001695732,SCALE,0.005,3.0,COOLDOWN,0.12677090187333123,0.5
1704282180.0,8790.613592544732,SCALE,0.005,3.0,COOLDOWN,0.12676537963607082,0.5
1704282240.0,8791.863967620733,SCALE,0.005,3.0,COOLDOWN,0.1266411709226165,0.5
1704282300.0,8789.999020344732,SCALE,0.005,3.0,COOLDOWN,0.12682642949523062,0.5
1704282360.0,8790.383966022733,SCALE,0.005,3.0,COOLDOWN,0.12678819008344772,0.5
1704282420.0,8789.909628024732,SCALE,0.005,3.0,COOLDOWN,0.1268353094747448,0.5
1704282480.0,8788.467897513732,SCALE,0.005,3.0,COOLDOWN,0.12697852689434655,0.5
1704282540.0,8787.100195017732,SCALE,0.005,3.0,COOLDOWN,0.1271143905809131,0.5
1704282600.0,8786.168838783733,SCALE,0.005,3.0,COOLDOWN,0.12720690886747613,0.5
1704282660.0,8778.852915444733,SCALE,0.005,3.0,COOLDOWN,0.12793365194090175,0.5
1704282720.0,10038.94440574571,PRO,0.005,3.0,COOLDOWN,0.0027597374498819667,0.5
1704282780.0,10038.94440574571,PRO,0.005,3.0,COOLDOWN,0.0027597374498819667,0.45
1704282840.0,10038.94440574571,PRO,0.005,3.0,COOLDOWN,0.0027597374498819667,0.45
1704282900.0,10038.94440574571,PRO,0.005,3.0,COOLDOWN,0.0027597374498819667,0.4
1704282960.0,10038.94440574571,PRO,0.005,3.0,SAFE,0.0027597374498819667,0.4
1704283020.0,10036.947005376347,PRO,0.0025,3.0,NORMAL,0.0029581535370973304,0.35
1704283080.0,10037.924543923147,PRO,0.0025,3.0,NORMAL,0.0028610476305733455,0.35
1704283140.0,10037.681668277148,PRO,0.0025,3.0,NORMAL,0.002885174208348285,0.35
1704283200.0,10039.806902036347,PRO,0.0025,3.0,NORMAL,0.002674059514776367,0.35
1704283260.0,10053.910503972147,PRO,0.0025,3.0,NORMAL,0.0012730477022884368,0.35
1704283320.0,10049.105159016348,PRO,0.0025,3.0,NORMAL,0.001750397040195159,0.35
1704283380.0,10047.782995736348,PRO,0.0025,3.0,NORMAL,0.0018817369902128392,0.35
1704283440.0,10048.286423776548,PRO,0.0025,3.0,NORMAL,0.001831727876635474,0.35
1704283500.0,10049.808348682547,PRO,0.0025,3.0,NORMAL,0.0016805441732999388,0.35
1704283560.0,10051.554322779148,PRO,0.0025,3.0,NORMAL,0.0015071040588688737,0.35
1704283620.0,10053.272991329748,PRO,0.0025,3.0,NORMAL,0.0013363763999273256,0.35
1704283680.0,10062.733788165147,PRO,0.0025,3.0,NORMAL,0.0003965676771429726,0.35
1704283740.0,10062.75168768614,PRO,0.0025,3.0,NORMAL,0.0003947895894983122,0.35
1704283800.0,10062.75168768614,PRO,0.005,3.0,NORMAL,0.0003947895894983122,0.4
1704283860.0,10062.75168768614,PRO,0.005,3.0,NORMAL,0.0003947895894983122,0.45
1704283920.0,10065.428115279574,PRO,0.005,3.0,NORMAL,0.00012892086385365122,0.45
1704283980.0,10064.961641936374,PRO,0.005,3.0,NORMAL,0.0001752590026503163,0.5
1704284040.0,10055.932093897172,PRO,0.005,3.0,NORMAL,0.0010722286932253985,0.5
1704284100.0,10042.454755720773,PRO,0.005,3.0,NORMAL,0.0024110292402048624,0.5
1704284160.0,10038.738357164373,PRO,0.005,3.0,NORMAL,0.002780205731510489,0.5
1704284220.0,10039.402161404372,PRO,0.005,3.0,NORMAL,0.0027142653011401714,0.5
1704284280.0,10042.056473176774,PRO,0.005,3.0,NORMAL,0.002450593498427089,0.5
1704284340.0,10050.324758444372,PRO,0.005,3.0,NORMAL,0.001629245492317962,0.5
1704284400.0,10051.437837463172,PRO,0.005,3.0,NORMAL,0.0015186753797559536,0.5
1704284460.0,10043.083257644374,PRO,0.005,3.0,NORMAL,0.0023485956418132234,0.5
1704284520.0,10043.562705343173,PRO,0.005,3.0,NORMAL,0.0023009686673321453,0.5
1704284580.0,10037.917955469573,PRO,0.005,3.0,NORMAL,0.002861702108863759,0.5
1704284640.0,10037.290057004373,PRO,0.005,3.0,NORMAL,0.0029240757614095773,0.5
1704284700.0,10041.996730795174,PRO,0.005,3.0,NORMAL,0.002456528137160405,0.5
1704284760.0,10042.540145084373,PRO,0.005,3.0,NORMAL,0.0024025469030254493,0.5
1704284820.0,10050.923389177173,PRO,0.005,3.0,NORMAL,0.0015697792132929815,0.5
1704284880.0,10041.769528707573,PRO,0.005,3.0,NORMAL,0.002479097748100896,0.5
1704284940.0,10042.527170728774,PRO,0.005,3.0,NORMAL,0.002403835738709863,0.5
1704285000.0,10047.368114013572,PRO,0.005,3.0,NORMAL,0.001922950163772365,0.5
1704285060.0,10046.220637865974,PRO,0.005,3.0,NORMAL,0.002036937189544322,0.5
1704285120.0,10049.902639293574,PRO,0.005,3.0,NORMAL,0.0016711776114488248,0.5
1704285180.0,10046.869657375173,PRO,0.005,3.0,NORMAL,0.0019724654323958783,0.5
1704285240.0,10044.182758849172,PRO,0.005,3.0,NORMAL,0.0022393743107816293,0.5
1704285300.0,10044.266036108373,PRO,0.005,3.0,NORMAL,0.0022311017840624067,0.5
1704285360.0,10040.774124076774,PRO,0.005,3.0,NORMAL,0.002577978420733553,0.5
1704285420.0,10040.549034093574,PRO,0.005,3.0,NORMAL,0.002600338221213673,0.5
1704285480.0,10044.450392649573,PRO,0.005,3.0,NORMAL,0.0022127883281731673,0.5
1704285540.0,10046.337708795572,PRO,0.005,3.0,NORMAL,0.0020253076954609714,0.5
1704285600.0,10048.759085625574,PRO,0.005,3.0,NORMAL,0.0017847749892233114,0.5
1704285660.0,10047.726870032373,PRO,0.005,3.0,NORMAL,0.0018873123584493786,0.5
1704285720.0,10044.532462991972,PRO,0.005,3.0,NORMAL,0.0022046356931455856,0.5
1704285780.0,10045.645542010772,PRO,0.005,3.0,NORMAL,0.002094065580583577,0.5
1704285840.0,10047.140610196773,PRO,0.005,3.0,NORMAL,0.0019455497476355856,0.5
1704285900.0,10044.229828604373,PRO,0.005,3.0,NORMAL,0.002234698534809816,0.5
1704285960.0,10042.071861365974,PRO,0.005,3.0,NORMAL,0.0024490648793593947,0.5
1704286020.0,10039.643544764373,PRO,0.005,3.0,NORMAL,0.0026902869628236264,0.5
1704286080.0,10036.633494265174,PRO,0.005,3.0,NORMAL,0.002989296841630413,0.5
1704286140.0,10037.407731392374,PRO,0.005,3.0,NORMAL,0.0029123863214802256,0.5
1704286200.0,10037.860626921572,PRO,0.005,3.0,NORMAL,0.0028673969642139746,0.5
1704286260.0,10039.340910376774,PRO,0.005,3.0,NORMAL,0.0027203498044878574,0.5
1704286320.0,10037.449671751174,PRO,0.005,3.0,NORMAL,0.0029082200851977043,0.5
1704286380.0,10033.423397306373,PRO,0.005,3.0,NORMAL,0.0033081787683172242,0.5
1704286440.0,10034.92554362744,PRO,0.005,3.0,NORMAL,0.003158959813508382,0.5
1704286500.0,10034.92554362744,PRO,0.005,3.0,NORMAL,0.003158959813508382,0.45
1704286560.0,10034.92554362744,PRO,0.005,3.0,NORMAL,0.003158959813508382,0.45
1704286620.0,10034.92554362744,PRO,0.005,3.0,NORMAL,0.003158959813508382,0.4
1704286680.0,10034.92554362744,PRO,0.005,3.0,NORMAL,0.003158959813508382,0.4
1704286740.0,10034.92554362744,PRO,0.005,3.0,NORMAL,0.003158959813508382,0.4
1704286800.0,10034.92554362744,PRO,0.005,3.0,NORMAL,0.003158959813508382,0.4
1704286860.0,8775.746759082771,SCALE,0.005,3.0,COOLDOWN,0.12824220870351838,0.4
1704286920.0,8779.478356272772,SCALE,0.005,3.0,COOLDOWN,0.12787152242306066,0.4
1704286980.0,8777.411783922771,SCALE,0.005,3.0,COOLDOWN,0.12807680985863146,0.4
1704287040.0,8776.297452810772,SCALE,0.005,3.0,COOLDOWN,0.12818750435058046,0.4
1704287100.0,8779.117404774772,SCALE,0.005,3.0,COOLDOWN,0.12790737832105997,0.4
1704287160.0,8780.063468358772,SCALE,0.005,3.0,COOLDOWN,0.12781339904806413,0.4
1704287220.0,8778.769102758772,SCALE,0.005,3.0,COOLDOWN,0.12794197765539678,0.4
1704287280.0,8777.415608184772,SCALE,0.005,3.0,COOLDOWN,0.12807642996729152,0.4
1704287340.0,8780.064056706771,SCALE,0.005,3.0,COOLDOWN,0.12781334060324273,0.4
1704287400.0,8780.707709418772,SCALE,0.005,3.0,COOLDOWN,0.12774940196850548,0.4
1704287460.0,8780.416477158771,SCALE,0.005,3.0,COOLDOWN,0.12777833215515536,0.4
1704287520.0,8780.507376924772,SCALE,0.005,3.0,COOLDOWN,0.12776930243023124,0.4
1704287580.0,8778.065732724772,SCALE,0.005,3.0,COOLDOWN,0.12801184843951768,0.4
1704287640.0,8776.352463348772,SCALE,0.005,3.0,COOLDOWN,0.12818203975976875,0.4
1704287700.0,8779.191242448771,SCALE,0.005,3.0,COOLDOWN,0.12790004349595996,0.4
1704287760.0,8780.641520268771,SCALE,0.005,3.0,COOLDOWN,0.12775597701092595,0.4
1704287820.0,8780.236442670772,SCALE,0.005,3.0,COOLDOWN,0.12779621627053883,0.4
1704287880.0,8778.566711046771,SCALE,0.005,3.0,COOLDOWN,0.1279620826739979,0.4
1704287940.0,8777.163795240771,SCALE,0.005,3.0,COOLDOWN,0.12810144435089998,0.4
1704288000.0,8775.572902248772,SCALE,0.005,3.0,COOLDOWN,0.12825947914827587,0.4
1704288060.0,8775.82677441077,SCALE,0.005,3.0,COOLDOWN,0.12823426020779238,0.4
1704288120.0,8770.406912634771,SCALE,0.005,3.0,COOLDOWN,0.1287726539035867,0.4
1704288180.0,8775.11605002677,SCALE,0.005,3.0,COOLDOWN,0.12830486155218226,0.4
1704288240.0,8774.548294206772,SCALE,0.005,3.0,COOLDOWN,0.12836126080494392,0.4
1704288300.0,8773.069775682772,SCALE,0.005,3.0,COOLDOWN,0.12850813264141062,0.4
1704288360.0,8774.089676940772,SCALE,0.005,3.0,COOLDOWN,0.12840681854331473,0.4
1704288420.0,8773.996129608771,SCALE,0.005,3.0,COOLDOWN,0.12841611126993563,0.4
1704288480.0,8775.271079724771,SCALE,0.005,3.0,COOLDOWN,0.1282894613417131,0.4
1704288540.0,8774.246765856771,SCALE,0.005,3.0,COOLDOWN,0.12839121377597035,0.4
1704288600.0,8775.179885784772,SCALE,0.005,3.0,COOLDOWN,0.1282985202890478,0.4
1704288660.0,8773.415135958772,SCALE,0.005,3.0,COOLDOWN,0.12847382553118142,0.4
1704288720.0,8772.480250986771,SCALE,0.005,3.0,COOLDOWN,0.1285666943525685,0.4
1704288780.0,8774.149688436772,SCALE,0.005,3.0,COOLDOWN,0.12840085717152025,0.4
1704288840.0,8773.120961958772,SCALE,0.005,3.0,COOLDOWN,0.12850304794193887,0.4
1704288900.0,8776.298041158772,SCALE,0.005,3.0,COOLDOWN,0.12818744590575887,0.4
1704288960.0,8778.065144376771,SCALE,0.005,3.0,COOLDOWN,0.12801190688433928,0.4
1704289020.0,8778.39432508277,SCALE,0.005,3.0,COOLDOWN,0.1279792070067018,0.4
1704289080.0,8778.93031011077,SCALE,0.005,3.0,COOLDOWN,0.1279259637743018,0.4
1704289140.0,8778.59201001077,SCALE,0.005,3.0,COOLDOWN,0.12795956954667284,0.4
1704289200.0,8780.570624334772,SCALE,0.005,3.0,COOLDOWN,0.12776301961191838,0.4
1704289260.0,8778.954138204772,SCALE,0.005,3.0,COOLDOWN,0.12792359675903034,0.4
1704289320.0,8778.278126352772,SCALE,0.005,3.0,COOLDOWN,0.12799074985895081,0.4
1704289380.0,8776.533380358771,SCALE,0.005,3.0,COOLDOWN,0.12816406797715307,0.4
1704289440.0,8776.238912184772,SCALE,0.005,3.0,COOLDOWN,0.12819331961032115,0.4
1704289500.0,8775.692631066771,SCALE,0.005,3.0,COOLDOWN,0.1282475856270977,0.4
1704289560.0,8776.855206714772,SCALE,0.005,3.0,COOLDOWN,0.12813209865978437,0.4
1704289620.0,8775.507007272772,SCALE,0.005,3.0,COOLDOWN,0.12826602496828554,0.4
1704289680.0,8772.044873466772,SCALE,0.005,3.0,COOLDOWN,0.12860994352048946,0.4
1704289740.0,8772.343460076772,SCALE,0.005,3.0,COOLDOWN,0.12858028277357061,0.4
1704289800.0,8769.594404046771,SCALE,0.005,3.0,COOLDOWN,0.12885336620209864,0.4
1704289860.0,8772.156659586772,SCALE,0.005,3.0,COOLDOWN,0.12859883900440164,0.4
1704289920.0,8773.189210326771,SCALE,0.005,3.0,COOLDOWN,0.12849626834264322,0.4
1704289980.0,8773.767262236772,SCALE,0.005,3.0,COOLDOWN,0.12843884630550484,0.4
1704290040.0,8773.884931836772,SCALE,0.005,3.0,COOLDOWN,0.12842715734120186,0.4
1704290100.0,8773.708721610772,SCALE,0.005,3.0,COOLDOWN,0.12844466156524553,0.4
1704290160.0,8771.591257158772,SCALE,0.005,3.0,COOLDOWN,0.12865500447787728,0.4
1704290220.0,8772.01986867677,SCALE,0.005,3.0,COOLDOWN,0.1286124274254039,0.4
1704290280.0,8772.788545338772,SCALE,0.005,3.0,COOLDOWN,0.12853606926609473,0.4
1704290340.0,8776.044757344771,SCALE,0.005,3.0,COOLDOWN,0.12821260640142113,0.4
1704290400.0,8774.415327558772,SCALE,0.005,3.0,COOLDOWN,0.12837446933460622,0.4
1704290460.0,8773.442494140772,SCALE,0.005,3.0,COOLDOWN,0.12847110784698096,0.4
1704290520.0,8772.091058784772,SCALE,0.005,3.0,COOLDOWN,0.12860535560200048,0.4
1704290580.0,8772.352579470771,SCALE,0.005,3.0,COOLDOWN,0.12857937687883725,0.4
1704290640.0,8770.989965502771,SCALE,0.005,3.0,COOLDOWN,0.12871473508546555,0.4
1704290700.0,8771.409751800771,SCALE,0.005,3.0,COOLDOWN,0.12867303470531471,0.4
1704290760.0,8772.355521210771,SCALE,0.005,3.0,COOLDOWN,0.12857908465472967,0.4
1704290820.0,8771.838951666772,SCALE,0.005,3.0,COOLDOWN,0.12863039920801958,0.4
1704290880.0,8770.731386556772,SCALE,0.005,3.0,COOLDOWN,0.1287404215845212,0.4
1704290940.0,8771.563310628771,SCALE,0.005,3.0,COOLDOWN,0.12865778060689934,0.4
1704291000.0,8770.885239558771,SCALE,0.005,3.0,COOLDOWN,0.1287251382636952,0.4
1704291060.0,8770.50546092477,SCALE,0.005,3.0,COOLDOWN,0.128762864395983,0.4
1704291120.0,8770.12715316077,SCALE,0.005,3.0,COOLDOWN,0.12880044441621702,0.4
1704291180.0,8769.21580210877,SCALE,0.005,3.0,COOLDOWN,0.12889097544474346,0.4
1704291240.0,8769.11960721077,SCALE,0.005,3.0,COOLDOWN,0.12890053117306116,0.4
1704291300.0,8766.29583098477,SCALE,0.005,3.0,COOLDOWN,0.12918103709392142,0.4
1704291360.0,8765.472437958771,SCALE,0.005,3.0,COOLDOWN,0.12926283062163132,0.4
1704291420.0,8768.531553384772,SCALE,0.005,3.0,COOLDOWN,0.1289589467721651,0.4
1704291480.0,8771.277079326772,SCALE,0.005,3.0,COOLDOWN,0.12868621401256625,0.4
1704291540.0,8770.885239558771,SCALE,0.005,3.0,COOLDOWN,0.1287251382636952,0.4
1704291600.0,8771.061449784771,SCALE,0.005,3.0,COOLDOWN,0.12870763403965152,0.4
1704291660.0,8770.674610974771,SCALE,0.005,3.0,COOLDOWN,0.12874606150979748,0.4
1704291720.0,8768.59097653277,SCALE,0.005,3.0,COOLDOWN,0.1289530438451922,0.4
1704291780.0,8768.06087498477,SCALE,0.005,3.0,COOLDOWN,0.12900570262937702,0.4
1704291840.0,8764.889385090772,SCALE,0.005,3.0,COOLDOWN,0.12932074943975247,0.4
1704291900.0,8764.71964669277,SCALE,0.005,3.0,COOLDOWN,0.1293376107707596,0.4
1704291960.0,8764.001567958772,SCALE,0.005,3.0,COOLDOWN,0.12940894267541825,0.4
1704292020.0,8763.001376358772,SCALE,0.005,3.0,COOLDOWN,0.12950829887199342,0.4
1704292080.0,8764.731413652771,SCALE,0.005,3.0,COOLDOWN,0.12933644187432924,0.4
1704292140.0,8763.463523712771,SCALE,0.005,3.0,COOLDOWN,0.12946239046469363,0.4
1704292200.0,8767.648737210771,SCALE,0.005,3.0,COOLDOWN,0.12904664322684808,0.4
1704292260.0,8764.820254200771,SCALE,0.005,3.0,COOLDOWN,0.1293276167062805,0.4
1704292320.0,8766.049607346771,SCALE,0.005,3.0,COOLDOWN,0.12920549625172534,0.4
1704292380.0,8766.19816521677,SCALE,0.005,3.0,COOLDOWN,0.1291907389342929,0.4
1704292440.0,8765.137079598771,SCALE,0.005,3.0,COOLDOWN,0.12929614416989477,0.4
1704292500.0,8764.23661298477,SCALE,0.005,3.0,COOLDOWN,0.12938559396922325,0.4
1704292560.0,8763.207592332772,SCALE,0.005,3.0,COOLDOWN,0.1294878139620525,0.4
1704292620.0,8762.648367558771,SCALE,0.005,3.0,COOLDOWN,0.12954336576490239,0.4
1704292680.0,8763.13493135477,SCALE,0.005,3.0,COOLDOWN,0.12949503189750972,0.4
1704292740.0,8764.569323778771,SCALE,0.005,3.0,COOLDOWN,0.1293525434226566,0.4
1704292800.0,8766.386730750772,SCALE,0.005,3.0,COOLDOWN,0.1291720073689973,0.4
1704292860.0,8766.316128990771,SCALE,0.005,3.0,COOLDOWN,0.12917902074757912,0.4
1704292920.0,8766.928305084772,SCALE,0.005,3.0,COOLDOWN,0.12911820891079293,0.4
1704292980.0,8770.04684365877,SCALE,0.005,3.0,COOLDOWN,0.1288084221343538,0.4
1704293040.0,8770.767275784772,SCALE,0.005,3.0,COOLDOWN,0.12873685645040878,0.4
1704293100.0,8769.803561760771,SCALE,0.005,3.0,COOLDOWN,0.12883258906805015,0.4
1704293160.0,8768.675992818771,SCALE,0.005,3.0,COOLDOWN,0.12894459856848325,0.4
1704293220.0,8767.85171727077,SCALE,0.005,3.0,COOLDOWN,0.12902647976342554,0.4
1704293280.0,8768.646575418772,SCALE,0.005,3.0,COOLDOWN,0.1289475208095589,0.4
1704293340.0,8768.707763610772,SCALE,0.005,3.0,COOLDOWN,0.12894144254812143,0.4
1704293400.0,8769.328764924772,SCALE,0.005,3.0,COOLDOWN,0.12887975403901247,0.4
1704293460.0,8768.501547636772,SCALE,0.005,3.0,COOLDOWN,0.12896192745806234,0.4
1704293520.0,8767.456641588771,SCALE,0.005,3.0,COOLDOWN,0.12906572546107267,0.4
1704293580.0,8766.590004984771,SCALE,0.005,3.0,COOLDOWN,0.12915181468316397,0.4
1704293640.0,8767.64961973277,SCALE,0.005,3.0,COOLDOWN,0.1290465555596159,0.4
1704293700.0,8767.00214275877,SCALE,0.005,3.0,COOLDOWN,0.1291108740856929,0.4
1704293760.0,8768.098529256771,SCALE,0.005,3.0,COOLDOWN,0.12900196216080004,0.4
1704293820.0,8766.180514776772,SCALE,0.005,3.0,COOLDOWN,0.12919249227893823,0.4
1704293880.0,8766.092850924771,SCALE,0.005,3.0,COOLDOWN,0.12920120055734396,0.4
1704293940.0,8765.766023610771,SCALE,0.005,3.0,COOLDOWN,0.12923366665569547,0.4
1704294000.0,8768.123239872772,SCALE,0.005,3.0,COOLDOWN,0.12899950747829636,0.4
1704294060.0,8767.912905462772,SCALE,0.005,3.0,COOLDOWN,0.12902040150198787,0.4
1704294120.0,8770.531936584772,SCALE,0.005,3.0,COOLDOWN,0.12876023437901474,0.4
1704294180.0,8771.70892675877,SCALE,0.005,3.0,COOLDOWN,0.1286433155135745,0.4
1704294240.0,8770.82640475877,SCALE,0.005,3.0,COOLDOWN,0.12873098274584668,0.4
1704294300.0,8773.587521922771,SCALE,0.005,3.0,COOLDOWN,0.12845670119847769,0.4
1704294360.0,8774.035548924772,SCALE,0.005,3.0,COOLDOWN,0.12841219546689406,0.4
1704294420.0,8771.100280752771,SCALE,0.005,3.0,COOLDOWN,0.12870377668143151,0.4
1704294480.0,8772.206963340772,SCALE,0.005,3.0,COOLDOWN,0.1285938419721621,0.4
1704294540.0,8772.944163384771,SCALE,0.005,3.0,COOLDOWN,0.12852061061080414,0.4
1704294600.0,8772.974463306771,SCALE,0.005,3.0,COOLDOWN,0.1285176007024961,0.4
1704294660.0,8773.95965203277,SCALE,0.005,3.0,COOLDOWN,0.12841973484886965,0.4
1704294720.0,8773.176560844771,SCALE,0.005,3.0,COOLDOWN,0.12849752490630575,0.4
1704294780.0,8772.258737964772,SCALE,0.005,3.0,COOLDOWN,0.12858869882786877,0.4
1704294840.0,8772.70617661877,SCALE,0.005,3.0,COOLDOWN,0.1285442515411069,0.4
1704294900.0,8772.134596536771,SCALE,0.005,3.0,COOLDOWN,0.1286010306852085,0.4
1704294960.0,8772.002218236772,SCALE,0.005,3.0,COOLDOWN,0.12861418077004924,0.4
1704295020.0,8774.144981652771,SCALE,0.005,3.0,COOLDOWN,0.12840132473009241,0.4
1704295080.0,8773.386895254771,SCALE,0.005,3.0,COOLDOWN,0.12847663088261424,0.4
1704295140.0,8773.29658383677,SCALE,0.005,3.0,COOLDOWN,0.1284856021627168,0.4
1704295200.0,8771.805415830771,SCALE,0.005,3.0,COOLDOWN,0.128633730562846,0.4
1704295260.0,8769.974771028772,SCALE,0.005,3.0,COOLDOWN,0.12881558162498924,0.4
1704295320.0,8771.01408777077,SCALE,0.005,3.0,COOLDOWN,0.12871233884778346,0.4
1704295380.0,8770.296597384771,SCALE,0.005,3.0,COOLDOWN,0.12878361230762073,0.4
1704295440.0,8771.35503543677,SCALE,0.005,3.0,COOLDOWN,0.12867847007371563,0.4
1704295500.0,8773.414841784772,SCALE,0.005,3.0,COOLDOWN,0.12847385475359221,0.4
1704295560.0,8772.767364810772,SCALE,0.005,3.0,COOLDOWN,0.12853817327966924,0.4
1704295620.0,8773.106841606772,SCALE,0.005,3.0,COOLDOWN,0.1285044506176552,0.4
1704295680.0,8772.561737184771,SCALE,0.005,3.0,COOLDOWN,0.12855859974478875,0.4
1704295740.0,8772.821492826772,SCALE,0.005,3.0,COOLDOWN,0.1285327963560899,0.4
1704295800.0,8772.41523853277,SCALE,0.005,3.0,COOLDOWN,0.12857315250534598,0.4
1704295860.0,8771.50271078477,SCALE,0.005,3.0,COOLDOWN,0.1286638004235154,0.4
1704295920.0,8772.316984416771,SCALE,0.005,3.0,COOLDOWN,0.12858291279053888,0.4
1704295980.0,8774.66625798077,SCALE,0.005,3.0,COOLDOWN,0.12834954261823034,0.4
1704296040.0,8775.121050984772,SCALE,0.005,3.0,COOLDOWN,0.1283043647711993,0.4
1704296100.0,8772.93945660077,SCALE,0.005,3.0,COOLDOWN,0.1285210781693763,0.4
1704296160.0,8772.004277454771,SCALE,0.005,3.0,COOLDOWN,0.12861397621317402,0.4
1704296220.0,8773.16185214477,SCALE,0.005,3.0,COOLDOWN,0.12849898602684368,0.4
1704296280.0,8773.889344446772,SCALE,0.005,3.0,COOLDOWN,0.1284267190050405,0.4
1704296340.0,8773.233630600771,SCALE,0.005,3.0,COOLDOWN,0.12849185575861885,0.4
1704296400.0,8772.629103030771,SCALE,0.005,3.0,COOLDOWN,0.1285519078127253,0.4
1704296460.0,8771.899845684771,SCALE,0.005,3.0,COOLDOWN,0.12862435016899287,0.4
1704296520.0,8773.132728918772,SCALE,0.005,3.0,COOLDOWN,0.12850187904550853,0.4
1704296580.0,8772.062523906772,SCALE,0.005,3.0,COOLDOWN,0.12860819017584393,0.4
1704296640.0,8772.214023516772,SCALE,0.005,3.0,COOLDOWN,0.12859314063430394,0.4
1704296700.0,8771.875723416772,SCALE,0.005,3.0,COOLDOWN,0.12862674640667496,0.4
1704296760.0,8771.071157526772,SCALE,0.005,3.0,COOLDOWN,0.12870666970009637,0.4
1704296820.0,8772.654401994772,SCALE,0.005,3.0,COOLDOWN,0.12854939468540005,0.4
1704296880.0,8773.108018302772,SCALE,0.005,3.0,COOLDOWN,0.1285043337280122,0.4
1704296940.0,8772.764717244772,SCALE,0.005,3.0,COOLDOWN,0.12853843628136602,0.4
1704297000.0,8771.21471443877,SCALE,0.005,3.0,COOLDOWN,0.1286924091636469,0.4
1704297060.0,8772.68617278677,SCALE,0.005,3.0,COOLDOWN,0.1285462386650384,0.4
1704297120.0,8772.11724027077,SCALE,0.005,3.0,COOLDOWN,0.1286027548074432,0.4
1704297180.0,8783.031684018772,SCALE,0.005,3.0,COOLDOWN,0.12751854492352202,0.4
1704297240.0,8784.92822379677,SCALE,0.005,3.0,COOLDOWN,0.12733014804136913,0.4
1704297300.0,8786.45557520477,SCALE,0.005,3.0,COOLDOWN,0.1271784252847167,0.4
1704297360.0,8789.241402984771,SCALE,0.005,3.0,COOLDOWN,0.12690168905484406,0.4
1704297420.0,8786.685030924771,SCALE,0.005,3.0,COOLDOWN,0.1271556318043259,0.4
1704297480.0,8789.456150004771,SCALE,0.005,3.0,COOLDOWN,0.12688035669499118,0.4
1704297540.0,8789.888879958771,SCALE,0.005,3.0,COOLDOWN,0.12683737052876703,0.4
1704297600.0,8789.372898762771,SCALE,0.005,3.0,COOLDOWN,0.12688862663723555,0.4
1704297660.0,8795.41905698477,SCALE,0.005,3.0,COOLDOWN,0.1262880184289387,0.4
1704297720.0,8803.190545716772,SCALE,0.005,3.0,COOLDOWN,0.1255160207815495,0.4
1704297780.0,8804.689068072772,SCALE,0.005,3.0,COOLDOWN,0.12536716182115132,0.4
1704297840.0,8803.584444702772,SCALE,0.005,3.0,COOLDOWN,0.12547689197354536,0.4
1704297900.0,8799.317450832772,SCALE,0.005,3.0,COOLDOWN,0.1259007630415815,0.4
1704297960.0,8798.502883026771,SCALE,0.005,3.0,COOLDOWN,0.12598167989696882,0.4
1704298020.0,8800.537390410771,SCALE,0.005,3.0,COOLDOWN,0.12577957770417064,0.4
1704298080.0,8799.243907332771,SCALE,0.005,3.0,COOLDOWN,0.1259080686442709,0.4
1704298140.0,8793.992313084771,SCALE,0.005,3.0,COOLDOWN,0.12642974712111205,0.4
1704298200.0,8798.82647442677,SCALE,0.005,3.0,COOLDOWN,0.1259495352451357,0.4
1704298260.0,8797.96542712877,SCALE,0.005,3.0,COOLDOWN,0.1260350692414226,0.4
1704298320.0,8799.153595914771,SCALE,0.005,3.0,COOLDOWN,0.12591703992437342,0.4
1704298380.0,8798.890604358772,SCALE,0.005,3.0,COOLDOWN,0.12594316475959044,0.4
1704298440.0,8797.916005896772,SCALE,0.005,3.0,COOLDOWN,0.12603997860642976,0.4
1704298500.0,8798.713511610771,SCALE,0.005,3.0,COOLDOWN,0.1259607566508665,0.4
1704298560.0,8799.45541843877,SCALE,0.005,3.0,COOLDOWN,0.1258870577309364,0.4
1704298620.0,8797.183806810772,SCALE,0.005,3.0,COOLDOWN,0.12611271318680492,0.4
1704298680.0,8794.317963702772,SCALE,0.005,3.0,COOLDOWN,0.12639739791240356,0.4
1704298740.0,8798.06691715877,SCALE,0.005,3.0,COOLDOWN,0.12602498750971133,0.4
1704298800.0,8795.358162966771,SCALE,0.005,3.0,COOLDOWN,0.1262940674679654,0.4
1704298860.0,8798.286959310772,SCALE,0.005,3.0,COOLDOWN,0.1260031291464647,0.4
1704298920.0,8796.36041378477,SCALE,0.005,3.0,COOLDOWN,0.12619450671451501,0.4
1704298980.0,8797.872468144771,SCALE,0.005,3.0,COOLDOWN,0.12604430352322193,0.4
1704299040.0,8798.59584201077,SCALE,0.005,3.0,COOLDOWN,0.1259724456151695,0.4
1704299100.0,8800.006406340772,SCALE,0.005,3.0,COOLDOWN,0.12583232415558768,0.4
1704299160.0,8799.360106062772,SCALE,0.005,3.0,COOLDOWN,0.1258965257920217,0.4
1704299220.0,8800.253806674771,SCALE,0.005,3.0,COOLDOWN,0.12580774810814077,0.4
1704299280.0,8802.013555542771,SCALE,0.005,3.0,COOLDOWN,0.12563293964698996,0.4
1704299340.0,8802.667210170772,SCALE,0.005,3.0,COOLDOWN,0.12556800745028698,0.4
1704299400.0,8800.038177132772,SCALE,0.005,3.0,COOLDOWN,0.12582916813522585,0.4
1704299460.0,8801.589650808772,SCALE,0.005,3.0,COOLDOWN,0.12567504914089134,0.4
1704299520.0,8801.77086199277,SCALE,0.005,3.0,COOLDOWN,0.12565704813586487,0.4
1704299580.0,8799.08564172077,SCALE,0.005,3.0,COOLDOWN,0.12592379030125844,0.4
1704299640.0,8796.401009796771,SCALE,0.005,3.0,COOLDOWN,0.12619047402183045,0.4
1704299700.0,8796.385712748772,SCALE,0.005,3.0,COOLDOWN,0.12619199358718977,0.4
1704299760.0,8796.003286548772,SCALE,0.005,3.0,COOLDOWN,0.12622998272117436,0.4
1704299820.0,8794.36032475877,SCALE,0.005,3.0,COOLDOWN,0.12639318988525458,0.4
1704299880.0,8787.35398260077,SCALE,0.005,3.0,COOLDOWN,0.12708918004226358,0.4
1704299940.0,8788.770136236772,SCALE,0.005,3.0,COOLDOWN,0.1269485033568774,0.4
1704300000.0,8788.796906070771,SCALE,0.005,3.0,COOLDOWN,0.1269458441174985,0.4
1704300060.0,8790.634316874772,SCALE,0.005,3.0,COOLDOWN,0.12676332093990772,0.4
1704300120.0,8787.79083099077,SCALE,0.005,3.0,COOLDOWN,0.12704578476228887,0.4
1704300180.0,8787.96557034677,SCALE,0.005,3.0,COOLDOWN,0.12702842665029898,0.4
1704300240.0,8788.441543878771,SCALE,0.005,3.0,COOLDOWN,0.12698114478969347,0.4
1704300300.0,8784.971761548772,SCALE,0.005,3.0,COOLDOWN,0.12732582312457696,0.4
1704300360.0,8786.12727702077,SCALE,0.005,3.0,COOLDOWN,0.12721103749512197,0.4
1704300420.0,8788.828676862771,SCALE,0.005,3.0,COOLDOWN,0.12694268809713669,0.4
1704300480.0,8789.611473876772,SCALE,0.005,3.0,COOLDOWN,0.12686492726211118,0.4
1704300540.0,8789.52881098277,SCALE,0.005,3.0,COOLDOWN,0.12687313875953415,0.4
1704300600.0,8789.665601892772,SCALE,0.005,3.0,COOLDOWN,0.12685955033853186,0.4
1704300660.0,8788.585100790771,SCALE,0.005,3.0,COOLDOWN,0.12696688425324382,0.4
1704300720.0,8788.077650640771,SCALE,0.005,3.0,COOLDOWN,0.12701729291180036,0.4
1704300780.0,8788.31534323277,SCALE,0.005,3.0,COOLDOWN,0.12699368120390842,0.4
1704300840.0,8790.946435488771,SCALE,0.005,3.0,COOLDOWN,0.12673231596209417,0.4
1704300900.0,8791.947803784771,SCALE,0.005,3.0,COOLDOWN,0.12663284287587598,0.4
1704300960.0,8790.43574942477,SCALE,0.005,3.0,COOLDOWN,0.1267830460671691,0.4
1704301020.0,8788.241211384771,SCALE,0.005,3.0,COOLDOWN,0.12700104525141923,0.4
1704301080.0,8788.593043488772,SCALE,0.005,3.0,COOLDOWN,0.12696609524815328,0.4
1704301140.0,8789.672956242772,SCALE,0.005,3.0,COOLDOWN,0.1268588197782629,0.4
1704301200.0,8790.243065454772,SCALE,0.005,3.0,COOLDOWN,0.12680218674621507,0.4
1704301260.0,8789.704727034772,SCALE,0.005,3.0,COOLDOWN,0.12685566375790108,0.4
1704301320.0,8788.197085284772,SCALE,0.005,3.0,COOLDOWN,0.1270054286130328,0.4
1704301380.0,8787.441058104772,SCALE,0.005,3.0,COOLDOWN,0.12708053020867927,0.4
1704301440.0,8787.739938888772,SCALE,0.005,3.0,COOLDOWN,0.12705084023934982,0.4
1704301500.0,8786.829764532771,SCALE,0.005,3.0,COOLDOWN,0.12714125437823326,0.4
1704301560.0,8785.416258462772,SCALE,0.005,3.0,COOLDOWN,0.12728166806192248,0.4
1704301620.0,8785.769855610772,SCALE,0.005,3.0,COOLDOWN,0.1272465427241921,0.4
1704301680.0,8787.126291924771,SCALE,0.005,3.0,COOLDOWN,0.1271117981881898,0.4
1704301740.0,8786.397622926772,SCALE,0.005,3.0,COOLDOWN,0.1271841820996358,0.4
1704301800.0,8787.273967272771,SCALE,0.005,3.0,COOLDOWN,0.12709712853798957,0.4
1704301860.0,8786.798287914771,SCALE,0.005,3.0,COOLDOWN,0.1271443811761843,0.4
1704301920.0,8786.579128284771,SCALE,0.005,3.0,COOLDOWN,0.12716615187219854,0.4
1704301980.0,8787.273084750772,SCALE,0.005,3.0,COOLDOWN,0.12709721620522177,0.4
1704302040.0,8787.465180372772,SCALE,0.005,3.0,COOLDOWN,0.12707813397099718,0.4
1704302100.0,8787.370456344772,SCALE,0.005,3.0,COOLDOWN,0.1270875435872611,0.4
1704302160.0,8779.945504584772,SCALE,0.005,3.0,COOLDOWN,0.1278251172347779,0.4
1704302220.0,8783.319680364772,SCALE,0.005,3.0,COOLDOWN,0.12748993618339052,0.4
1704302280.0,8781.76879503677,SCALE,0.005,3.0,COOLDOWN,0.1276439967329036,0.4
1704302340.0,8778.651433158771,SCALE,0.005,3.0,COOLDOWN,0.12795366661969976,0.4
1704302400.0,8781.38607466277,SCALE,0.005,3.0,COOLDOWN,0.12768201508929902,0.4
1704302460.0,8780.80155092477,SCALE,0.005,3.0,COOLDOWN,0.12774008001947396,0.4
1704302520.0,8780.828026584772,SCALE,0.005,3.0,COOLDOWN,0.12773745000250572,0.4
1704302580.0,8781.606410988772,SCALE,0.005,3.0,COOLDOWN,0.12766012750364159,0.4
1704302640.0,8782.593070584771,SCALE,0.005,3.0,COOLDOWN,0.12756211553796135,0.4
1704302700.0,8781.875580198772,SCALE,0.005,3.0,COOLDOWN,0.12763338899779858,0.4
1704302760.0,8782.306250934771,SCALE,0.005,3.0,COOLDOWN,0.12759060738844982,0.4
1704302820.0,8783.509128420772,SCALE,0.005,3.0,COOLDOWN,0.12747111695086272,0.4
1704302880.0,8784.240739158771,SCALE,0.005,3.0,COOLDOWN,0.12739844081530913,0.4
1704302940.0,8783.581495224771,SCALE,0.005,3.0,COOLDOWN,0.1274639282378165,0.4
1704303000.0,8784.274863342771,SCALE,0.005,3.0,COOLDOWN,0.12739505101566131,0.4
1704303060.0,8784.151898610771,SCALE,0.005,3.0,COOLDOWN,0.12740726598335786,0.4
1704303120.0,8785.475681610771,SCALE,0.005,3.0,COOLDOWN,0.1272757651349496,0.4
1704303180.0,8787.182184984771,SCALE,0.005,3.0,COOLDOWN,0.12710624593014588,0.4
1704303240.0,8786.036671428772,SCALE,0.005,3.0,COOLDOWN,0.12722003799763512,0.4
1704303300.0,8785.182095958771,SCALE,0.005,3.0,COOLDOWN,0.12730492910088545,0.4
1704303360.0,8784.331638924772,SCALE,0.005,3.0,COOLDOWN,0.127389411090385,0.4
1704303420.0,8784.36929319677,SCALE,0.005,3.0,COOLDOWN,0.1273856706218082,0.4
1704303480.0,8785.299471384771,SCALE,0.005,3.0,COOLDOWN,0.12729326935899327,0.4
1704303540.0,8784.52255785077,SCALE,0.005,3.0,COOLDOWN,0.1273704457458036,0.4
1704303600.0,8785.479211698772,SCALE,0.005,3.0,COOLDOWN,0.12727541446602042,0.4
1704303660.0,8785.047364266771,SCALE,0.005,3.0,COOLDOWN,0.12731831296501234,0.4
1704303720.0,8786.302016376772,SCALE,0.005,3.0,COOLDOWN,0.12719367938313192,0.4
1704303780.0,8786.193466170771,SCALE,0.005,3.0,COOLDOWN,0.12720446245270153,0.4
1704303840.0,8783.110522650772,SCALE,0.005,3.0,COOLDOWN,0.12751071331743905,0.4
1704303900.0,8784.21455767277,SCALE,0.005,3.0,COOLDOWN,0.1274010416098666,0.4
1704303960.0,8781.649066218772,SCALE,0.005,3.0,COOLDOWN,0.1276558902540818,0.4
1704304020.0,8780.690353152771,SCALE,0.005,3.0,COOLDOWN,0.12775112609074019,0.4
1704304080.0,8780.10818280677,SCALE,0.005,3.0,COOLDOWN,0.12780895724162916,0.4
1704304140.0,8780.752718040772,SCALE,0.005,3.0,COOLDOWN,0.12774493093965952,0.4
1704304200.0,8780.79301987877,SCALE,0.005,3.0,COOLDOWN,0.12774092746938592,0.4
1704304260.0,8780.507082750772,SCALE,0.005,3.0,COOLDOWN,0.12776933165264204,0.4
1704304320.0,8781.43490754677,SCALE,0.005,3.0,COOLDOWN,0.1276771641691133,0.4
1704304380.0,8780.062585836771,SCALE,0.005,3.0,COOLDOWN,0.12781348671529652,0.4
1704304440.0,8780.387648106771,SCALE,0.005,3.0,COOLDOWN,0.1277811959514096,0.4
1704304500.0,8781.554636364772,SCALE,0.005,3.0,COOLDOWN,0.12766527064793493,0.4
1704304560.0,8783.202304938772,SCALE,0.005,3.0,COOLDOWN,0.1275015959252827,0.4
1704304620.0,8783.422641264771,SCALE,0.005,3.0,COOLDOWN,0.12747970833962546,0.4
1704304680.0,8785.773974046771,SCALE,0.005,3.0,COOLDOWN,0.12724613361044154,0.4
1704304740.0,8787.123350184771,SCALE,0.005,3.0,COOLDOWN,0.12711209041229737,0.4
1704304800.0,8785.933122180772,SCALE,0.005,3.0,COOLDOWN,0.12723032428622177,0.4
1704304860.0,8785.298588862772,SCALE,0.005,3.0,COOLDOWN,0.12729335702622546,0.4
1704304920.0,8785.89811547477,SCALE,0.005,3.0,COOLDOWN,0.12723380175310198,0.4
1704304980.0,8786.240828184771,SCALE,0.005,3.0,COOLDOWN,0.1271997576445696,0.4
1704305040.0,8786.946551610772,SCALE,0.005,3.0,COOLDOWN,0.12712965308116247,0.4
1704305100.0,8788.220325030772,SCALE,0.005,3.0,COOLDOWN,0.12700312004258293,0.4
1704305160.0,8790.340437048771,SCALE,0.005,3.0,COOLDOWN,0.1267925141282544,0.4
1704305220.0,8789.252581596771,SCALE,0.005,3.0,COOLDOWN,0.1269005786032353,0.4
1704305280.0,8788.583924094772,SCALE,0.005,3.0,COOLDOWN,0.1269670011428868,0.4
1704305340.0,8787.298972062772,SCALE,0.005,3.0,COOLDOWN,0.12709464463307513,0.4
1704305400.0,8785.769855610772,SCALE,0.005,3.0,COOLDOWN,0.1272465427241921,0.4
1704305460.0,8786.98567675277,SCALE,0.005,3.0,COOLDOWN,0.12712576650053187,0.4
1704305520.0,8787.01274076077,SCALE,0.005,3.0,COOLDOWN,0.1271230780387422,0.4
1704305580.0,8787.068045472772,SCALE,0.005,3.0,COOLDOWN,0.1271175842255197,0.4
1704305640.0,8786.299662984771,SCALE,0.005,3.0,COOLDOWN,0.1271939131624181,0.4
1704305700.0,8786.791521912772,SCALE,0.005,3.0,COOLDOWN,0.12714505329163167,0.4
1704305760.0,8788.65923263877,SCALE,0.005,3.0,COOLDOWN,0.126959520205733,0.4
1704305820.0,8788.05882350477,SCALE,0.005,3.0,COOLDOWN,0.12701916314608888,0.4
1704305880.0,8790.260715894772,SCALE,0.005,3.0,COOLDOWN,0.12680043340156957,0.4
1704305940.0,8789.10902468477,SCALE,0.005,3.0,COOLDOWN,0.12691483913968496,0.4
1704306000.0,8789.188745838772,SCALE,0.005,3.0,COOLDOWN,0.1269069198663696,0.4
1704306060.0,8787.69904870277,SCALE,0.005,3.0,COOLDOWN,0.12705490215444518,0.4
1704306120.0,8787.338685552771,SCALE,0.005,3.0,COOLDOWN,0.12709069960762293,0.4
1704306180.0,8788.072649682772,SCALE,0.005,3.0,COOLDOWN,0.12701778969278316,0.4
1704306240.0,8788.359175158772,SCALE,0.005,3.0,COOLDOWN,0.12698932706470545,0.4
1704306300.0,8786.299662984771,SCALE,0.005,3.0,COOLDOWN,0.1271939131624181,0.4
1704306360.0,8783.322327930771,SCALE,0.005,3.0,COOLDOWN,0.12748967318169374,0.4
1704306420.0,8784.33193309877,SCALE,0.005,3.0,COOLDOWN,0.1273893818679744,0.4
1704306480.0,8782.65278790677,SCALE,0.005,3.0,COOLDOWN,0.12755618338857763,0.4
1704306540.0,8782.508348472771,SCALE,0.005,3.0,COOLDOWN,0.12757053159225948,0.4
1704306600.0,8781.97795275077,SCALE,0.005,3.0,COOLDOWN,0.12762321959885511,0.4
1704306660.0,8782.11974461877,SCALE,0.005,3.0,COOLDOWN,0.12760913439687005,0.4
1704306720.0,8781.822923052772,SCALE,0.005,3.0,COOLDOWN,0.12763861980932412,0.4
1704306780.0,8780.213202924771,SCALE,0.005,3.0,COOLDOWN,0.1277985248409887,0.4
1704306840.0,8779.499830974772,SCALE,0.005,3.0,COOLDOWN,0.12786938918707538,0.4
1704306900.0,8776.886683332772,SCALE,0.005,3.0,COOLDOWN,0.12812897186183334,0.4
1704306960.0,8778.549354780771,SCALE,0.005,3.0,COOLDOWN,0.12796380679623262,0.4
1704307020.0,8779.982864682772,SCALE,0.005,3.0,COOLDOWN,0.12782140598861172,0.4
1704307080.0,8779.592495784771,SCALE,0.005,3.0,COOLDOWN,0.12786018412768685,0.4
1704307140.0,8779.68692563877,SCALE,0.005,3.0,COOLDOWN,0.12785080373383376,0.4
1704307200.0,8780.502964314772,SCALE,0.005,3.0,COOLDOWN,0.1277697407663926,0.4
1704307260.0,8780.827732410771,SCALE,0.005,3.0,COOLDOWN,0.12773747922491652,0.4
1704307320.0,8780.612985390771,SCALE,0.005,3.0,COOLDOWN,0.1277588115847694,0.4
1704307380.0,8779.46041165877,SCALE,0.005,3.0,COOLDOWN,0.12787330499011695,0.4
1704307440.0,8780.985115500771,SCALE,0.005,3.0,COOLDOWN,0.12772184523516134,0.4
1704307500.0,8779.828129158772,SCALE,0.005,3.0,COOLDOWN,0.1278367769766701,0.4
1704307560.0,8779.01915065877,SCALE,0.005,3.0,COOLDOWN,0.12791713860625306,0.4
1704307620.0,8777.386484958772,SCALE,0.005,3.0,COOLDOWN,0.12807932298595653,0.4
1704307680.0,8779.330680924772,SCALE,0.005,3.0,COOLDOWN,0.1278861920732609,0.4
1704307740.0,8778.664082640771,SCALE,0.005,3.0,COOLDOWN,0.12795241005603722,0.4
1704307800.0,8780.092885758771,SCALE,0.005,3.0,COOLDOWN,0.12781047680698848,0.4
1704307860.0,8780.343816180772,SCALE,0.005,3.0,COOLDOWN,0.12778555009061238,0.4
1704307920.0,8778.474928758771,SCALE,0.005,3.0,COOLDOWN,0.12797120006615423,0.4
1704307980.0,8779.075926240772,SCALE,0.005,3.0,COOLDOWN,0.12791149868097676,0.4
1704308040.0,8779.224484110771,SCALE,0.005,3.0,COOLDOWN,0.12789674136354434,0.4
1704308100.0,8777.415314010772,SCALE,0.005,3.0,COOLDOWN,0.12807645918970229,0.4
1704308160.0,8768.665990902771,SCALE,0.005,3.0,COOLDOWN,0.128945592130449,0.4
1704308220.0,8767.531361784771,SCALE,0.005,3.0,COOLDOWN,0.12905830296874027,0.4
1704308280.0,8770.473101784772,SCALE,0.005,3.0,COOLDOWN,0.12876607886116623,0.4
1704308340.0,8767.993803312771,SCALE,0.005,3.0,COOLDOWN,0.12901236533902968,0.4
1704308400.0,8770.116562896772,SCALE,0.005,3.0,COOLDOWN,0.12880149642300417,0.4
1704308460.0,8769.109605294772,SCALE,0.005,3.0,COOLDOWN,0.12890152473502672,0.4
1704308520.0,8767.456053240772,SCALE,0.005,3.0,COOLDOWN,0.1290657839058941,0.4
1704308580.0,8768.113532130772,SCALE,0.005,3.0,COOLDOWN,0.12900047181785132,0.4
1704308640.0,8769.590579784772,SCALE,0.005,3.0,COOLDOWN,0.12885374609343844,0.4
1704308700.0,8772.541733352771,SCALE,0.005,3.0,COOLDOWN,0.12856058686872024,0.4
1704308760.0,8772.444655932772,SCALE,0.005,3.0,COOLDOWN,0.12857023026427014,0.4
1704308820.0,8772.121064532772,SCALE,0.005,3.0,COOLDOWN,0.12860237491610324,0.4
1704308880.0,8773.646356722771,SCALE,0.005,3.0,COOLDOWN,0.1284508567163262,0.4
1704308940.0,8772.932984772771,SCALE,0.005,3.0,COOLDOWN,0.12852172106241289,0.4
1704309000.0,8774.606246484771,SCALE,0.005,3.0,COOLDOWN,0.12835550399002482,0.4
1704309060.0,8774.572710648772,SCALE,0.005,3.0,COOLDOWN,0.12835883534485104,0.4
1704309120.0,8774.244412464772,SCALE,0.005,3.0,COOLDOWN,0.12839144755525633,0.4
1704309180.0,8774.235293070771,SCALE,0.005,3.0,COOLDOWN,0.1283923534499899,0.4
1704309240.0,8773.709309958771,SCALE,0.005,3.0,COOLDOWN,0.12844460312042413,0.4
1704309300.0,8775.76235030477,SCALE,0.005,3.0,COOLDOWN,0.12824065991574826,0.4
1704309360.0,8775.228130320771,SCALE,0.005,3.0,COOLDOWN,0.12829372781368367,0.4
1704309420.0,8774.253237684772,SCALE,0.005,3.0,COOLDOWN,0.1283905708829336,0.4
1704309480.0,8775.637032180772,SCALE,0.005,3.0,COOLDOWN,0.12825310866273082,0.4
1704309540.0,8774.76804218477,SCALE,0.005,3.0,COOLDOWN,0.12833943166410827,0.4
1704309600.0,8776.579859850772,SCALE,0.005,3.0,COOLDOWN,0.12815945083625332,0.4
1704309660.0,8776.956402570771,SCALE,0.005,3.0,COOLDOWN,0.1281220461504839,0.4
1704309720.0,8777.886580758772,SCALE,0.005,3.0,COOLDOWN,0.12802964488766896,0.4
1704309780.0,8779.330386750771,SCALE,0.005,3.0,COOLDOWN,0.1278862212956717,0.4
1704309840.0,8778.592598358771,SCALE,0.005,3.0,COOLDOWN,0.12795951110185125,0.4
1704309900.0,8779.092694158771,SCALE,0.005,3.0,COOLDOWN,0.12790983300356365,0.4
1704309960.0,8779.811655414771,SCALE,0.005,3.0,COOLDOWN,0.1278384134316726,0.4
1704310020.0,8778.978260472772,SCALE,0.005,3.0,COOLDOWN,0.12792120052134826,0.4
1704310080.0,8779.537485246772,SCALE,0.005,3.0,COOLDOWN,0.12786564871849837,0.4
1704310140.0,8780.285275554772,SCALE,0.005,3.0,COOLDOWN,0.1277913653503531,0.4
1704310200.0,8779.624854924772,SCALE,0.005,3.0,COOLDOWN,0.12785696966250343,0.4
1704310260.0,8781.29723411477,SCALE,0.005,3.0,COOLDOWN,0.12769084025734775,0.4
1704310320.0,8780.41618298477,SCALE,0.005,3.0,COOLDOWN,0.12777836137756615,0.4
1704310380.0,8780.994234894772,SCALE,0.005,3.0,COOLDOWN,0.12772093934042777,0.4
1704310440.0,8787.649627470772,SCALE,0.005,3.0,COOLDOWN,0.12705981151945234,0.4
1704310500.0,8788.594220184772,SCALE,0.005,3.0,COOLDOWN,0.12696597835851028,0.4
1704310560.0,8785.431849684772,SCALE,0.005,3.0,COOLDOWN,0.12728011927415236,0.4
1704310620.0,8784.50255401877,SCALE,0.005,3.0,COOLDOWN,0.1273724328697351,0.4
1704310680.0,8783.556490434772,SCALE,0.005,3.0,COOLDOWN,0.12746641214273077,0.4
1704310740.0,8783.641800894771,SCALE,0.005,3.0,COOLDOWN,0.1274579376436112,0.4
1704310800.0,8783.908616712772,SCALE,0.005,3.0,COOLDOWN,0.1274314329170542,0.4
1704310860.0,8783.287027050772,SCALE,0.005,3.0,COOLDOWN,0.12749317987098457,0.4
1704310920.0,8781.847927842771,SCALE,0.005,3.0,COOLDOWN,0.12763613590440984,0.4
1704310980.0,8780.991587328772,SCALE,0.005,3.0,COOLDOWN,0.12772120234212458,0.4
1704311040.0,8780.69564828477,SCALE,0.005,3.0,COOLDOWN,0.12775060008734662,0.4
1704311100.0,8781.116317104772,SCALE,0.005,3.0,COOLDOWN,0.12770881203996343,0.4
1704311160.0,8779.79871175877,SCALE,0.005,3.0,COOLDOWN,0.12783969921774593,0.4
1704311220.0,8779.534543506772,SCALE,0.005,3.0,COOLDOWN,0.12786594094260598,0.4
1704311280.0,8779.770765228772,SCALE,0.005,3.0,COOLDOWN,0.1278424753467678,0.4
1704311340.0,8779.69692755477,SCALE,0.005,3.0,COOLDOWN,0.127849810171868,0.4
1704311400.0,8778.238707036771,SCALE,0.005,3.0,COOLDOWN,0.12799466566199239,0.4
1704311460.0,8779.11946399277,SCALE,0.005,3.0,COOLDOWN,0.12790717376418478,0.4
1704311520.0,8777.486798292772,SCALE,0.005,3.0,COOLDOWN,0.12806935814388826,0.4
1704311580.0,8778.475222932771,SCALE,0.005,3.0,COOLDOWN,0.12797117084374343,0.4
1704311640.0,8778.638489502771,SCALE,0.005,3.0,COOLDOWN,0.1279549524057731,0.4
1704311700.0,8778.51758398877,SCALE,0.005,3.0,COOLDOWN,0.12796696281659445,0.4
1704311760.0,8778.311956362772,SCALE,0.005,3.0,COOLDOWN,0.12798738928171377,0.4
1704311820.0,8777.356773384772,SCALE,0.005,3.0,COOLDOWN,0.128082274449443,0.4
1704311880.0,8777.68389487277,SCALE,0.005,3.0,COOLDOWN,0.1280497791286809,0.4
1704311940.0,8778.023665842771,SCALE,0.005,3.0,COOLDOWN,0.12801602724425606,0.4
1704312000.0,8779.263020904771,SCALE,0.005,3.0,COOLDOWN,0.12789291322773513,0.4
1704312060.0,8779.18094635877,SCALE,0.005,3.0,COOLDOWN,0.1279010662803365,0.4
1704312120.0,8780.555621460771,SCALE,0.005,3.0,COOLDOWN,0.1277645099548671,0.4
1704312180.0,8779.21095210677,SCALE,0.005,3.0,COOLDOWN,0.12789808559443927,0.4
1704312240.0,8779.420109820772,SCALE,0.005,3.0,COOLDOWN,0.12787730846039058,0.4
1704312300.0,8778.410798826771,SCALE,0.005,3.0,COOLDOWN,0.12797757055169928,0.4
1704312360.0,8777.005823802772,SCALE,0.005,3.0,COOLDOWN,0.12811713678547657,0.4
1704312420.0,8777.70948801077,SCALE,0.005,3.0,COOLDOWN,0.12804723677894503,0.4
1704312480.0,8777.53327778477,SCALE,0.005,3.0,COOLDOWN,0.1280647410029887,0.4
1704312540.0,8778.501404418772,SCALE,0.005,3.0,COOLDOWN,0.12796857004918596,0.4
1704312600.0,8775.866487900772,SCALE,0.005,3.0,COOLDOWN,0.12823031518234002,0.4
1704312660.0,8778.585832356772,SCALE,0.005,3.0,COOLDOWN,0.1279601832172986,0.4
1704312720.0,8777.385014088772,SCALE,0.005,3.0,COOLDOWN,0.12807946909801032,0.4
1704312780.0,8777.297938584772,SCALE,0.005,3.0,COOLDOWN,0.1280881189315945,0.4
1704312840.0,8778.304896186772,SCALE,0.005,3.0,COOLDOWN,0.12798809061957195,0.4
1704312900.0,8778.888537402772,SCALE,0.005,3.0,COOLDOWN,0.12793011335662918,0.4
1704312960.0,8779.710165384771,SCALE,0.005,3.0,COOLDOWN,0.12784849516338387,0.4
1704313020.0,8779.551899772772,SCALE,0.005,3.0,COOLDOWN,0.12786421682037125,0.4
1704313080.0,8781.651419610771,SCALE,0.005,3.0,COOLDOWN,0.12765565647479582,0.4
1704313140.0,8780.88038955677,SCALE,0.005,3.0,COOLDOWN,0.12773224841339098,0.4
1704313200.0,8780.769191784771,SCALE,0.005,3.0,COOLDOWN,0.1277432944846572,0.4
1704313260.0,8780.651522184771,SCALE,0.005,3.0,COOLDOWN,0.1277549834489602,0.4
1704313320.0,8782.310663544771,SCALE,0.005,3.0,COOLDOWN,0.12759016905228845,0.4
1704313380.0,8781.160737378772,SCALE,0.005,3.0,COOLDOWN,0.12770439945593906,0.4
1704313440.0,8781.357833958771,SCALE,0.005,3.0,COOLDOWN,0.12768482044073168,0.4
1704313500.0,8781.443144418772,SCALE,0.005,3.0,COOLDOWN,0.12767634594161192,0.4
1704313560.0,8781.65406717677,SCALE,0.005,3.0,COOLDOWN,0.127655393473099,0.4
1704313620.0,8782.638667554771,SCALE,0.005,3.0,COOLDOWN,0.12755758606429396,0.4
1704313680.0,8782.652199558772,SCALE,0.005,3.0,COOLDOWN,0.12755624183339906,0.4
1704313740.0,8781.651713784771,SCALE,0.005,3.0,COOLDOWN,0.12765562725238502,0.4
1704313800.0,8781.630827430772,SCALE,0.005,3.0,COOLDOWN,0.1276577020435487,0.4
1704313860.0,8782.946373558772,SCALE,0.005,3.0,COOLDOWN,0.12752701942264158,0.4
1704313920.0,8784.03393483677,SCALE,0.005,3.0,COOLDOWN,0.12741898417007164,0.4
1704313980.0,8783.980689342772,SCALE,0.005,3.0,COOLDOWN,0.1274242734264186,0.4
1704314040.0,8783.59708644677,SCALE,0.005,3.0,COOLDOWN,0.12746237945004638,0.4
1704314100.0,8784.769369836771,SCALE,0.005,3.0,COOLDOWN,0.1273459281431781,0.4
1704314160.0,8783.620914540772,SCALE,0.005,3.0,COOLDOWN,0.1274600124347749,0.4
1704314220.0,8784.447249306771,SCALE,0.005,3.0,COOLDOWN,0.12737792668295742,0.4
1704314280.0,8784.922928664771,SCALE,0.005,3.0,COOLDOWN,0.1273306740447627,0.4
1704314340.0,8784.89939474477,SCALE,0.005,3.0,COOLDOWN,0.12733301183762338,0.4
1704314400.0,8784.919104402772,SCALE,0.005,3.0,COOLDOWN,0.1273310539361025,0.4
1704314460.0,8783.307325056772,SCALE,0.005,3.0,COOLDOWN,0.12749116352464226,0.4
1704314520.0,8783.216131116771,SCALE,0.005,3.0,COOLDOWN,0.12750022247197718,0.4
1704314580.0,8780.75565978077,SCALE,0.005,3.0,COOLDOWN,0.12774463871555214,0.4
1704314640.0,8780.182314654772,SCALE,0.005,3.0,COOLDOWN,0.12780159319411816,0.4
1704314700.0,8781.101314230771,SCALE,0.005,3.0,COOLDOWN,0.12771030238291214,0.4
1704314760.0,8780.227323276771,SCALE,0.005,3.0,COOLDOWN,0.12779712216527236,0.4
1704314820.0,8780.34734626877,SCALE,0.005,3.0,COOLDOWN,0.1277851994216834,0.4
1704314880.0,8781.053952216771,SCALE,0.005,3.0,COOLDOWN,0.1277150071910441,0.4
1704314940.0,8780.926574874771,SCALE,0.005,3.0,COOLDOWN,0.12772766049490203,0.4
1704315000.0,8781.287820546771,SCALE,0.005,3.0,COOLDOWN,0.12769177537449192,0.4
1704315060.0,8780.739186036772,SCALE,0.005,3.0,COOLDOWN,0.12774627517055445,0.4
1704315120.0,8781.17132764277,SCALE,0.005,3.0,COOLDOWN,0.1277033474491519,0.4
1704315180.0,8781.946181958772,SCALE,0.005,3.0,COOLDOWN,0.12762637561921678,0.4
1704315240.0,8781.18397712477,SCALE,0.005,3.0,COOLDOWN,0.12770209088548937,0.4
1704315300.0,8781.945593610772,SCALE,0.005,3.0,COOLDOWN,0.12762643406403834,0.4
1704315360.0,8782.041494334771,SCALE,0.005,3.0,COOLDOWN,0.12761690755813146,0.4
1704315420.0,8782.798404036772,SCALE,0.005,3.0,COOLDOWN,0.1275417182952526,0.4
1704315480.0,8782.93372407677,SCALE,0.005,3.0,COOLDOWN,0.1275282759863043,0.4
1704315540.0,8781.681719532771,SCALE,0.005,3.0,COOLDOWN,0.12765264656648778,0.4
1704315600.0,8781.326945688772,SCALE,0.005,3.0,COOLDOWN,0.12768788879386112,0.4
1704315660.0,8782.120038792771,SCALE,0.005,3.0,COOLDOWN,0.12760910517445925,0.4
1704315720.0,8782.14563193077,SCALE,0.005,3.0,COOLDOWN,0.12760656282472338,0.4
1704315780.0,8782.593070584771,SCALE,0.005,3.0,COOLDOWN,0.12756211553796135,0.4
1704315840.0,8783.004914184772,SCALE,0.005,3.0,COOLDOWN,0.1275212041629009,0.4
1704315900.0,8782.488344640771,SCALE,0.005,3.0,COOLDOWN,0.127572518716191,0.4
1704315960.0,8781.38048535677,SCALE,0.005,3.0,COOLDOWN,0.12768257031510338,0.4
1704316020.0,8779.768706010771,SCALE,0.005,3.0,COOLDOWN,0.12784267990364317,0.4
1704316080.0,8778.592304184771,SCALE,0.005,3.0,COOLDOWN,0.12795954032426204,0.4
1704316140.0,8778.614661408772,SCALE,0.005,3.0,COOLDOWN,0.12795731942104435,0.4
1704316200.0,8779.710753732772,SCALE,0.005,3.0,COOLDOWN,0.12784843671856227,0.4
1704316260.0,8778.564063480771,SCALE,0.005,3.0,COOLDOWN,0.1279623456756947,0.4
1704316320.0,8778.472869540772,SCALE,0.005,3.0,COOLDOWN,0.12797140462302942,0.4
1704316380.0,8778.766749366772,SCALE,0.005,3.0,COOLDOWN,0.12794221143468276,0.4
1704316440.0,8779.004441958772,SCALE,0.005,3.0,COOLDOWN,0.1279185997267908,0.4
1704316500.0,8784.181316010772,SCALE,0.005,3.0,COOLDOWN,0.12740434374228204,0.4
1704316560.0,8785.71749263877,SCALE,0.005,3.0,COOLDOWN,0.12725174431330705,0.4
1704316620.0,8785.318592694772,SCALE,0.005,3.0,COOLDOWN,0.12729136990229398,0.4
1704316680.0,8784.290160390772,SCALE,0.005,3.0,COOLDOWN,0.1273935314503018,0.4
1704316740.0,8785.010592516772,SCALE,0.005,3.0,COOLDOWN,0.12732196576635696,0.4
1704316800.0,8784.526382112772,SCALE,0.005,3.0,COOLDOWN,0.12737006585446364,0.4
1704316860.0,8783.978630124771,SCALE,0.005,3.0,COOLDOWN,0.12742447798329395,0.4
1704316920.0,8783.160238056771,SCALE,0.005,3.0,COOLDOWN,0.1275057747300211,0.4
1704316980.0,8783.65297950677,SCALE,0.005,3.0,COOLDOWN,0.12745682719200246,0.4
1704317040.0,8785.31476843277,SCALE,0.005,3.0,COOLDOWN,0.12729174979363395,0.4
1704317100.0,8783.831543124772,SCALE,0.005,3.0,COOLDOWN,0.1274390891886726,0.4
1704317160.0,8784.50255401877,SCALE,0.005,3.0,COOLDOWN,0.1273724328697351,0.4
1704317220.0,8785.06413218477,SCALE,0.005,3.0,COOLDOWN,0.12731664728759923,0.4
1704317280.0,8786.234062182772,SCALE,0.005,3.0,COOLDOWN,0.12720042976001694,0.4
1704317340.0,8784.475784184771,SCALE,0.005,3.0,COOLDOWN,0.12737509210911396,0.4
1704317400.0,8784.005105784772,SCALE,0.005,3.0,COOLDOWN,0.12742184796632572,0.4
1704317460.0,8783.24025338477,SCALE,0.005,3.0,COOLDOWN,0.12749782623429512,0.4
1704317520.0,8783.18141858477,SCALE,0.005,3.0,COOLDOWN,0.1275036707164466,0.4
1704317580.0,8785.240636584771,SCALE,0.005,3.0,COOLDOWN,0.12729911384114476,0.4
1704317640.0,8785.410374982772,SCALE,0.005,3.0,COOLDOWN,0.12728225251013764,0.4
1704317700.0,8785.427142900771,SCALE,0.005,3.0,COOLDOWN,0.12728058683272453,0.4
1704317760.0,8785.343891658771,SCALE,0.005,3.0,COOLDOWN,0.1272888567749689,0.4
1704317820.0,8784.358408758771,SCALE,0.005,3.0,COOLDOWN,0.12738675185100615,0.4
1704317880.0,8784.14130834677,SCALE,0.005,3.0,COOLDOWN,0.1274083179901452,0.4
1704317940.0,8784.288101172771,SCALE,0.005,3.0,COOLDOWN,0.12739373600717718,0.4
1704318000.0,8785.00559155877,SCALE,0.005,3.0,COOLDOWN,0.12732246254733992,0.4
1704318060.0,8785.358600358772,SCALE,0.005,3.0,COOLDOWN,0.12728739565443098,0.4
1704318120.0,8785.298000514771,SCALE,0.005,3.0,COOLDOWN,0.12729341547104706,0.4
1704318180.0,8785.277408334772,SCALE,0.005,3.0,COOLDOWN,0.12729546103979997,0.4
1704318240.0,8785.854283548771,SCALE,0.005,3.0,COOLDOWN,0.12723815589230478,0.4
1704318300.0,8785.94665418477,SCALE,0.005,3.0,COOLDOWN,0.12722898005532704,0.4
1704318360.0,8786.94684578477,SCALE,0.005,3.0,COOLDOWN,0.12712962385875187,0.4
1704318420.0,8787.02862615677,SCALE,0.005,3.0,COOLDOWN,0.1271215000285613,0.4
1704318480.0,8786.67620570477,SCALE,0.005,3.0,COOLDOWN,0.12715650847664864,0.4
1704318540.0,8787.293088582772,SCALE,0.005,3.0,COOLDOWN,0.12709522908129028,0.4
1704318600.0,8787.202777164772,SCALE,0.005,3.0,COOLDOWN,0.1271042003613928,0.4
1704318660.0,8788.652760810772,SCALE,0.005,3.0,COOLDOWN,0.1269601630987696,0.4
1704318720.0,8788.347114024771,SCALE,0.005,3.0,COOLDOWN,0.1269905251835466,0.4
1704318780.0,8787.93821216477,SCALE,0.005,3.0,COOLDOWN,0.12703114433449944,0.4
1704318840.0,8788.123835958771,SCALE,0.005,3.0,COOLDOWN,0.1270127049933114,0.4
1704318900.0,8788.581570702772,SCALE,0.005,3.0,COOLDOWN,0.12696723492217282,0.4
1704318960.0,8788.52155920677,SCALE,0.005,3.0,COOLDOWN,0.12697319629396747,0.4
1704319020.0,8787.52842778277,SCALE,0.005,3.0,COOLDOWN,0.1270718511526845,0.4
1704319080.0,8786.594131158772,SCALE,0.005,3.0,COOLDOWN,0.12716466152924982,0.4
1704319140.0,8787.465180372772,SCALE,0.005,3.0,COOLDOWN,0.12707813397099718,0.4
1704319200.0,8787.211308210772,SCALE,0.005,3.0,COOLDOWN,0.12710335291148087,0.4
1704319260.0,8787.601971282771,SCALE,0.005,3.0,COOLDOWN,0.12706454554999508,0.4
1704319320.0,8786.877126546771,SCALE,0.005,3.0,COOLDOWN,0.12713654957010131,0.4
1704319380.0,8788.155606750772,SCALE,0.005,3.0,COOLDOWN,0.12700954897294958,0.4
1704319440.0,8786.924488560771,SCALE,0.005,3.0,COOLDOWN,0.12713184476196934,0.4
1704319500.0,8786.240828184771,SCALE,0.005,3.0,COOLDOWN,0.1271997576445696,0.4
1704319560.0,8786.257890276771,SCALE,0.005,3.0,COOLDOWN,0.12719806274474565,0.4
1704319620.0,8785.797213792772,SCALE,0.005,3.0,COOLDOWN,0.12724382503999168,0.4
1704319680.0,8785.94665418477,SCALE,0.005,3.0,COOLDOWN,0.12722898005532704,0.4
1704319740.0,8787.195128640771,SCALE,0.005,3.0,COOLDOWN,0.12710496014407258,0.4
1704319800.0,8786.534708010771,SCALE,0.005,3.0,COOLDOWN,0.1271705644562229,0.4
1704319860.0,8787.711404010772,SCALE,0.005,3.0,COOLDOWN,0.12705367481319327,0.4
1704319920.0,8787.609031458771,SCALE,0.005,3.0,COOLDOWN,0.12706384421213693,0.4
1704319980.0,8787.861726924772,SCALE,0.005,3.0,COOLDOWN,0.12703874216129624,0.4
1704320040.0,8787.596381976771,SCALE,0.005,3.0,COOLDOWN,0.12706510077579947,0.4
1704320100.0,8787.666689562771,SCALE,0.005,3.0,COOLDOWN,0.12705811661962843,0.4
1704320160.0,8787.052160076772,SCALE,0.005,3.0,COOLDOWN,0.12711916223570063,0.4
1704320220.0,8786.241122358771,SCALE,0.005,3.0,COOLDOWN,0.1271997284221588,0.4
1704320280.0,8785.648950096771,SCALE,0.005,3.0,COOLDOWN,0.1272585531350135,0.4
1704320340.0,8786.456163552772,SCALE,0.005,3.0,COOLDOWN,0.1271783668398951,0.4
1704320400.0,8785.94665418477,SCALE,0.005,3.0,COOLDOWN,0.12722898005532704,0.4
1704320460.0,8785.476269958772,SCALE,0.005,3.0,COOLDOWN,0.127275706690128,0.4
1704320520.0,8783.224073814772,SCALE,0.005,3.0,COOLDOWN,0.12749943346688664,0.4
1704320580.0,8783.68445612477,SCALE,0.005,3.0,COOLDOWN,0.12745370039405143,0.4
1704320640.0,8783.427348048772,SCALE,0.005,3.0,COOLDOWN,0.1274792407810533,0.4
1704320700.0,8784.727008780772,SCALE,0.005,3.0,COOLDOWN,0.1273501361703271,0.4
1704320760.0,8784.24044498477,SCALE,0.005,3.0,COOLDOWN,0.12739847003771992,0.4
1704320820.0,8782.715152794772,SCALE,0.005,3.0,COOLDOWN,0.12754998823749697,0.4
1704320880.0,8783.065219854772,SCALE,0.005,3.0,COOLDOWN,0.1275152135686956,0.4
1704320940.0,8780.73418507877,SCALE,0.005,3.0,COOLDOWN,0.1277467719515374,0.4
1704321000.0,8780.474135262772,SCALE,0.005,3.0,COOLDOWN,0.12777260456264686,0.4
1704321060.0,8782.475400984771,SCALE,0.005,3.0,COOLDOWN,0.12757380450226433,0.4
1704321120.0,8781.10396179677,SCALE,0.005,3.0,COOLDOWN,0.12771003938121536,0.4
1704321180.0,8782.004428410772,SCALE,0.005,3.0,COOLDOWN,0.12762058958188685,0.4
1704321240.0,8782.182992028771,SCALE,0.005,3.0,COOLDOWN,0.1276028515785572,0.4
1704321300.0,8781.36018735077,SCALE,0.005,3.0,COOLDOWN,0.1276845866614457,0.4
1704321360.0,8781.357833958771,SCALE,0.005,3.0,COOLDOWN,0.12768482044073168,0.4
1704321420.0,8781.35753978477,SCALE,0.005,3.0,COOLDOWN,0.12768484966314247,0.4
1704321480.0,8781.357833958771,SCALE,0.005,3.0,COOLDOWN,0.12768482044073168,0.4
1704321540.0,8780.18260882877,SCALE,0.005,3.0,COOLDOWN,0.12780156397170753,0.4
1704321600.0,8779.563078384772,SCALE,0.005,3.0,COOLDOWN,0.12786310636876252,0.4
1704321660.0,8780.251151370772,SCALE,0.005,3.0,COOLDOWN,0.1277947551500009,0.4
1704321720.0,8780.73859768877,SCALE,0.005,3.0,COOLDOWN,0.12774633361537605,0.4
1704321780.0,8779.81430298077,SCALE,0.005,3.0,COOLDOWN,0.12783815042997582,0.4
1704321840.0,8779.690161552771,SCALE,0.005,3.0,COOLDOWN,0.12785048228731538,0.4
1704321900.0,8780.157015690771,SCALE,0.005,3.0,COOLDOWN,0.1278041063214434,0.4
1704321960.0,8781.802625046772,SCALE,0.005,3.0,COOLDOWN,0.1276406361556664,0.4
1704322020.0,8782.272715098772,SCALE,0.005,3.0,COOLDOWN,0.12759393874327607,0.4
1704322080.0,8781.80321339477,SCALE,0.005,3.0,COOLDOWN,0.127640577710845,0.4
1704322140.0,8781.80321339477,SCALE,0.005,3.0,COOLDOWN,0.127640577710845,0.4
1704322200.0,8782.041494334771,SCALE,0.005,3.0,COOLDOWN,0.12761690755813146,0.4
1704322260.0,8782.667790780772,SCALE,0.005,3.0,COOLDOWN,0.12755469304562891,0.4
1704322320.0,8782.611897720772,SCALE,0.005,3.0,COOLDOWN,0.12756024530367283,0.4
1704322380.0,8782.787813772771,SCALE,0.005,3.0,COOLDOWN,0.12754277030203995,0.4
1704322440.0,8782.683382002771,SCALE,0.005,3.0,COOLDOWN,0.1275531442578588,0.4
1704322500.0,8781.978246924771,SCALE,0.005,3.0,COOLDOWN,0.12762319037644432,0.4
1704322560.0,8781.833807490772,SCALE,0.005,3.0,COOLDOWN,0.12763753858012616,0.4
1704322620.0,8781.833513316771,SCALE,0.005,3.0,COOLDOWN,0.12763756780253696,0.4
1704322680.0,8782.212115254772,SCALE,0.005,3.0,COOLDOWN,0.12759995855989215,0.4
1704322740.0,8782.524822216772,SCALE,0.005,3.0,COOLDOWN,0.12756889513725697,0.4
1704322800.0,8783.189067108771,SCALE,0.005,3.0,COOLDOWN,0.12750291093376684,0.4
1704322860.0,8781.222219744772,SCALE,0.005,3.0,COOLDOWN,0.1276982919720908,0.4
1704322920.0,8780.401180110772,SCALE,0.005,3.0,COOLDOWN,0.1277798517205147,0.4
1704322980.0,8779.804595238771,SCALE,0.005,3.0,COOLDOWN,0.12783911476953078,0.4
1704323040.0,8780.253504762772,SCALE,0.005,3.0,COOLDOWN,0.12779452137071493,0.4
1704323100.0,8780.029638348771,SCALE,0.005,3.0,COOLDOWN,0.12781675962530134,0.4
1704323160.0,8779.710165384771,SCALE,0.005,3.0,COOLDOWN,0.12784849516338387,0.4
1704323220.0,8779.735170174772,SCALE,0.005,3.0,COOLDOWN,0.12784601125846942,0.4
1704323280.0,8779.487181492772,SCALE,0.005,3.0,COOLDOWN,0.12787064575073792,0.4
1704323340.0,8778.75821832077,SCALE,0.005,3.0,COOLDOWN,0.1279430588845949,0.4
1704323400.0,8778.404032824772,SCALE,0.005,3.0,COOLDOWN,0.12797824266714666,0.4
1704323460.0,8780.46325082477,SCALE,0.005,3.0,COOLDOWN,0.127773685791845,0.4
1704323520.0,8779.046508840771,SCALE,0.005,3.0,COOLDOWN,0.1279144209220526,0.4
1704323580.0,8778.88294809677,SCALE,0.005,3.0,COOLDOWN,0.12793066858243374,0.4
1704323640.0,8779.061805888772,SCALE,0.005,3.0,COOLDOWN,0.1279129013566931,0.4
1704323700.0,8778.65672829077,SCALE,0.005,3.0,COOLDOWN,0.12795314061630617,0.4
1704323760.0,8779.351861452771,SCALE,0.005,3.0,COOLDOWN,0.1278840880596864,0.4
1704323820.0,8780.01492964877,SCALE,0.005,3.0,COOLDOWN,0.12781822074583926,0.4
1704323880.0,8780.594746602772,SCALE,0.005,3.0,COOLDOWN,0.1277606233742363,0.4
1704323940.0,8780.733890904772,SCALE,0.005,3.0,COOLDOWN,0.12774680117394804,0.4
1704324000.0,8781.14985294077,SCALE,0.005,3.0,COOLDOWN,0.12770548068513718,0.4
1704324060.0,8781.574051848771,SCALE,0.005,3.0,COOLDOWN,0.127663341968825,0.4
1704324120.0,8780.985115500771,SCALE,0.005,3.0,COOLDOWN,0.12772184523516134,0.4
1704324180.0,8780.77007430677,SCALE,0.005,3.0,COOLDOWN,0.12774320681742501,0.4
1704324240.0,8780.964229146772,SCALE,0.005,3.0,COOLDOWN,0.12772392002632502,0.4
1704324300.0,8782.736921670772,SCALE,0.005,3.0,COOLDOWN,0.1275478257791009,0.4
1704324360.0,8782.961376432771,SCALE,0.005,3.0,COOLDOWN,0.12752552907969306,0.4
1704324420.0,8783.353804548771,SCALE,0.005,3.0,COOLDOWN,0.1274865463837427,0.4
1704324480.0,8783.06669072477,SCALE,0.005,3.0,COOLDOWN,0.12751506745664198,0.4
1704324540.0,8783.017563666772,SCALE,0.005,3.0,COOLDOWN,0.12751994759923835,0.4
1704324600.0,8782.179167766772,SCALE,0.005,3.0,COOLDOWN,0.12760323146989697,0.4
1704324660.0,8782.53658917677,SCALE,0.005,3.0,COOLDOWN,0.12756772624082682,0.4
1704324720.0,8782.659259734772,SCALE,0.005,3.0,COOLDOWN,0.12755554049554088,0.4
1704324780.0,8781.24722453477,SCALE,0.005,3.0,COOLDOWN,0.1276958080671765,0.4
1704324840.0,8781.18427129877,SCALE,0.005,3.0,COOLDOWN,0.12770206166307857,0.4
1704324900.0,8781.19692078077,SCALE,0.005,3.0,COOLDOWN,0.12770080509941603,0.4
1704324960.0,8781.65259630677,SCALE,0.005,3.0,COOLDOWN,0.1276555395851528,0.4
1704325020.0,8781.393723186771,SCALE,0.005,3.0,COOLDOWN,0.12768125530661928,0.4
1704325080.0,8781.89058307277,SCALE,0.005,3.0,COOLDOWN,0.12763189865485006,0.4
1704325140.0,8782.472459244771,SCALE,0.005,3.0,COOLDOWN,0.1275740967263719,0.4
1704325200.0,8782.860768924771,SCALE,0.005,3.0,COOLDOWN,0.12753552314417213,0.4
1704325260.0,8782.747511934771,SCALE,0.005,3.0,COOLDOWN,0.12754677377231374,0.4
1704325320.0,8782.30036745477,SCALE,0.005,3.0,COOLDOWN,0.127591191836665,0.4
1704325380.0,8781.664951614772,SCALE,0.005,3.0,COOLDOWN,0.1276543122439009,0.4
1704325440.0,8781.23987018477,SCALE,0.005,3.0,COOLDOWN,0.12769653862744546,0.4
1704325500.0,8782.029139026772,SCALE,0.005,3.0,COOLDOWN,0.1276181348993832,0.4
1704325560.0,8782.750747848771,SCALE,0.005,3.0,COOLDOWN,0.12754645232579537,0.4
1704325620.0,8783.012562708771,SCALE,0.005,3.0,COOLDOWN,0.1275204443802213,0.4
1704325680.0,8783.009032620772,SCALE,0.005,3.0,COOLDOWN,0.12752079504915032,0.4
1704325740.0,8784.136895736772,SCALE,0.005,3.0,COOLDOWN,0.1274087563263064,0.4
1704325800.0,8783.788005372771,SCALE,0.005,3.0,COOLDOWN,0.12744341410546478,0.4
1704325860.0,8782.981086090771,SCALE,0.005,3.0,COOLDOWN,0.12752357117817237,0.4
1704325920.0,8783.41646361077,SCALE,0.005,3.0,COOLDOWN,0.12748032201025142,0.4
1704325980.0,8783.890966272771,SCALE,0.005,3.0,COOLDOWN,0.1274331862616997,0.4
1704326040.0,8784.653171106771,SCALE,0.005,3.0,COOLDOWN,0.1273574709954273,0.4
1704326100.0,8784.653465280771,SCALE,0.005,3.0,COOLDOWN,0.1273574417730165,0.4
1704326160.0,8783.938916634772,SCALE,0.005,3.0,COOLDOWN,0.12742842300874616,0.4
1704326220.0,8784.465488094771,SCALE,0.005,3.0,COOLDOWN,0.12737611489349052,0.4
1704326280.0,8784.872624910771,SCALE,0.005,3.0,COOLDOWN,0.12733567107700225,0.4
1704326340.0,8785.335654786772,SCALE,0.005,3.0,COOLDOWN,0.12728967500247007,0.4
1704326400.0,8784.248387682772,SCALE,0.005,3.0,COOLDOWN,0.12739768103262938,0.4
1704326460.0,8784.97823337677,SCALE,0.005,3.0,COOLDOWN,0.12732518023154038,0.4
1704326520.0,8785.659246186771,SCALE,0.005,3.0,COOLDOWN,0.12725753035063694,0.4
1704326580.0,8784.58992369677,SCALE,0.005,3.0,COOLDOWN,0.12736375381374015,0.4
1704326640.0,8784.625224576772,SCALE,0.005,3.0,COOLDOWN,0.12736024712444916,0.4
1704326700.0,8784.366939804771,SCALE,0.005,3.0,COOLDOWN,0.1273859044010942,0.4
1704326760.0,8782.98520452677,SCALE,0.005,3.0,COOLDOWN,0.12752316206442177,0.4
1704326820.0,8785.185331872772,SCALE,0.005,3.0,COOLDOWN,0.12730460765436707,0.4
1704326880.0,8785.82927875877,SCALE,0.005,3.0,COOLDOWN,0.12724063979721922,0.4
1704326940.0,8786.504996436772,SCALE,0.005,3.0,COOLDOWN,0.12717351591970938,0.4
1704327000.0,8786.68473675077,SCALE,0.005,3.0,COOLDOWN,0.1271556610267367,0.4
1704327060.0,8787.24072561077,SCALE,0.005,3.0,COOLDOWN,0.1271004306704052,0.4
1704327120.0,8786.80211217677,SCALE,0.005,3.0,COOLDOWN,0.12714400128484452,0.4
1704327180.0,8787.192186900771,SCALE,0.005,3.0,COOLDOWN,0.12710525236818015,0.4
1704327240.0,8788.018227492772,SCALE,0.005,3.0,COOLDOWN,0.12702319583877328,0.4
1704327300.0,8788.204439634772,SCALE,0.005,3.0,COOLDOWN,0.12700469805276385,0.4
1704327360.0,8788.079709858772,SCALE,0.005,3.0,COOLDOWN,0.12701708835492498,0.4
1704327420.0,8788.537738776771,SCALE,0.005,3.0,COOLDOWN,0.1269715890613758,0.4
1704327480.0,8788.006754706772,SCALE,0.005,3.0,COOLDOWN,0.12702433551279282,0.4
1704327540.0,8787.506658906772,SCALE,0.005,3.0,COOLDOWN,0.1270740136110804,0.4
1704327600.0,8786.142868242772,SCALE,0.005,3.0,COOLDOWN,0.1272094887073517,0.4
1704327660.0,8786.12286441077,SCALE,0.005,3.0,COOLDOWN,0.12721147583128337,0.4
1704327720.0,8784.657583716771,SCALE,0.005,3.0,COOLDOWN,0.1273570326592659,0.4
1704327780.0,8784.967643112772,SCALE,0.005,3.0,COOLDOWN,0.12732623223832754,0.4
1704327840.0,8784.740834958771,SCALE,0.005,3.0,COOLDOWN,0.12734876271702156,0.4
1704327900.0,8785.11149419877,SCALE,0.005,3.0,COOLDOWN,0.12731194247946728,0.4
1704327960.0,8785.074722448771,SCALE,0.005,3.0,COOLDOWN,0.1273155952808119,0.4
1704328020.0,8785.711609158772,SCALE,0.005,3.0,COOLDOWN,0.12725232876152204,0.4
1704328080.0,8786.198172954772,SCALE,0.005,3.0,COOLDOWN,0.12720399489412937,0.4
1704328140.0,8786.66326204877,SCALE,0.005,3.0,COOLDOWN,0.12715779426272197,0.4
1704328200.0,8787.060396948771,SCALE,0.005,3.0,COOLDOWN,0.12711834400819946,0.4
1704328260.0,8785.955773578771,SCALE,0.005,3.0,COOLDOWN,0.12722807416059348,0.4
1704328320.0,8785.68601602077,SCALE,0.005,3.0,COOLDOWN,0.12725487111125808,0.4
1704328380.0,8785.574524074771,SCALE,0.005,3.0,COOLDOWN,0.1272659464049351,0.4
1704328440.0,8785.558932852771,SCALE,0.005,3.0,COOLDOWN,0.12726749519270522,0.4
1704328500.0,8785.923120264772,SCALE,0.005,3.0,COOLDOWN,0.12723131784818753,0.4
1704328560.0,8788.155900924772,SCALE,0.005,3.0,COOLDOWN,0.12700951975053879,0.4
1704328620.0,8787.941742252771,SCALE,0.005,3.0,COOLDOWN,0.12703079366557027,0.4
1704328680.0,8786.647082478772,SCALE,0.005,3.0,COOLDOWN,0.12715940149531352,0.4
1704328740.0,8787.031862070771,SCALE,0.005,3.0,COOLDOWN,0.12712117858204292,0.4
1704328800.0,8786.086975182772,SCALE,0.005,3.0,COOLDOWN,0.1272150409653956,0.4
1704328860.0,8786.829764532771,SCALE,0.005,3.0,COOLDOWN,0.12714125437823326,0.4
1704328920.0,8786.496465390772,SCALE,0.005,3.0,COOLDOWN,0.12717436336962132,0.4
1704328980.0,8786.267598018772,SCALE,0.005,3.0,COOLDOWN,0.12719709840519053,0.4
1704329040.0,8785.652480184772,SCALE,0.005,3.0,COOLDOWN,0.12725820246608432,0.4
1704329100.0,8785.908411564771,SCALE,0.005,3.0,COOLDOWN,0.12723277896872545,0.4
1704329160.0,8785.711314984772,SCALE,0.005,3.0,COOLDOWN,0.12725235798393283,0.4
1704329220.0,8785.202982312772,SCALE,0.005,3.0,COOLDOWN,0.12730285430972157,0.4
1704329280.0,8785.031773044771,SCALE,0.005,3.0,COOLDOWN,0.12731986175278248,0.4
1704329340.0,8784.921163620771,SCALE,0.005,3.0,COOLDOWN,0.12733084937922728,0.4
1704329400.0,8785.16150377877,SCALE,0.005,3.0,COOLDOWN,0.12730697466963853,0.4
1704329460.0,8785.672778190772,SCALE,0.005,3.0,COOLDOWN,0.12725618611974202,0.4
1704329520.0,8785.192097874771,SCALE,0.005,3.0,COOLDOWN,0.1273039355389197,0.4
1704329580.0,8784.624636228771,SCALE,0.005,3.0,COOLDOWN,0.12736030556927075,0.4
1704329640.0,8785.80221475077,SCALE,0.005,3.0,COOLDOWN,0.1272433282590089,0.4
1704329700.0,8786.535002184772,SCALE,0.005,3.0,COOLDOWN,0.1271705352338121,0.4
1704329760.0,8785.706608200771,SCALE,0.005,3.0,COOLDOWN,0.127252825542505,0.4
1704329820.0,8786.031670470771,SCALE,0.005,3.0,COOLDOWN,0.12722053477861808,0.4
1704329880.0,8786.15316433277,SCALE,0.005,3.0,COOLDOWN,0.12720846592297533,0.4
1704329940.0,8786.182287558771,SCALE,0.005,3.0,COOLDOWN,0.12720557290431028,0.4
1704330000.0,8785.711020810772,SCALE,0.005,3.0,COOLDOWN,0.1272523872063436,0.4
1704330060.0,8787.640213902772,SCALE,0.005,3.0,COOLDOWN,0.1270607466365965,0.4
1704330120.0,8787.298383714771,SCALE,0.005,3.0,COOLDOWN,0.1270947030778967,0.4
1704330180.0,8787.030391200771,SCALE,0.005,3.0,COOLDOWN,0.1271213246940967,0.4
1704330240.0,8786.795934522772,SCALE,0.005,3.0,COOLDOWN,0.12714461495547028,0.4
1704330300.0,8786.328492036771,SCALE,0.005,3.0,COOLDOWN,0.12719104936616385,0.4
1704330360.0,8785.104728196771,SCALE,0.005,3.0,COOLDOWN,0.12731261459491464,0.4
1704330420.0,8784.748483482772,SCALE,0.005,3.0,COOLDOWN,0.1273480029343418,0.4
1704330480.0,8784.479020098772,SCALE,0.005,3.0,COOLDOWN,0.1273747706625956,0.4
1704330540.0,8784.92498788277,SCALE,0.005,3.0,COOLDOWN,0.1273304694878875,0.4
1704330600.0,8786.384385096771,SCALE,0.005,3.0,COOLDOWN,0.12718549710811994,0.4
1704330660.0,8786.28642515477,SCALE,0.005,3.0,COOLDOWN,0.1271952281709022,0.4
1704330720.0,8786.266715496771,SCALE,0.005,3.0,COOLDOWN,0.12719718607242292,0.4
1704330780.0,8786.457340248771,SCALE,0.005,3.0,COOLDOWN,0.12717824995025212,0.4
1704330840.0,8786.702681364772,SCALE,0.005,3.0,COOLDOWN,0.1271538784596804,0.4
1704330900.0,8785.013828430772,SCALE,0.005,3.0,COOLDOWN,0.12732164431983858,0.4
1704330960.0,8784.185140272772,SCALE,0.005,3.0,COOLDOWN,0.12740396385094224,0.4
1704331020.0,8782.794873948771,SCALE,0.005,3.0,COOLDOWN,0.12754206896418177,0.4
1704331080.0,8781.389898924772,SCALE,0.005,3.0,COOLDOWN,0.12768163519795905,0.4
1704331140.0,8781.904115076772,SCALE,0.005,3.0,COOLDOWN,0.12763055442395513,0.4
1704331200.0,8780.90480599877,SCALE,0.005,3.0,COOLDOWN,0.1277298229532981,0.4
1704331260.0,8782.122098010772,SCALE,0.005,3.0,COOLDOWN,0.12760890061758387,0.4
1704331320.0,8781.302823420772,SCALE,0.005,3.0,COOLDOWN,0.1276902850315432,0.4
1704331380.0,8779.921382316772,SCALE,0.005,3.0,COOLDOWN,0.12782751347246,0.4
1704331440.0,8779.062688410771,SCALE,0.005,3.0,COOLDOWN,0.1279128136894609,0.4
1704331500.0,8779.672805286771,SCALE,0.005,3.0,COOLDOWN,0.12785220640955008,0.4
1704331560.0,8781.593173158772,SCALE,0.005,3.0,COOLDOWN,0.12766144251212572,0.4
1704331620.0,8780.831850846771,SCALE,0.005,3.0,COOLDOWN,0.12773707011116592,0.4
1704331680.0,8781.028359078771,SCALE,0.005,3.0,COOLDOWN,0.12771754954077996,0.4
1704331740.0,8781.41637458477,SCALE,0.005,3.0,COOLDOWN,0.12767900518099098,0.4
1704331800.0,8782.525410564771,SCALE,0.005,3.0,COOLDOWN,0.12756883669243557,0.4
1704331860.0,8781.787622172771,SCALE,0.005,3.0,COOLDOWN,0.12764212649861512,0.4
1704331920.0,8781.181035384772,SCALE,0.005,3.0,COOLDOWN,0.12770238310959678,0.4
1704331980.0,8782.218292908772,SCALE,0.005,3.0,COOLDOWN,0.1275993448892662,0.4
1704332040.0,8781.304882638771,SCALE,0.005,3.0,COOLDOWN,0.127690080474668,0.4
1704332100.0,8780.180843784772,SCALE,0.005,3.0,COOLDOWN,0.12780173930617195,0.4
1704332160.0,8781.008355246771,SCALE,0.005,3.0,COOLDOWN,0.12771953666471145,0.4
1704332220.0,8780.225264058772,SCALE,0.005,3.0,COOLDOWN,0.12779732672214758,0.4
1704332280.0,8780.435304294771,SCALE,0.005,3.0,COOLDOWN,0.12777646192086686,0.4
1704332340.0,8779.763410878772,SCALE,0.005,3.0,COOLDOWN,0.12784320590703677,0.4
1704332400.0,8780.150543862772,SCALE,0.005,3.0,COOLDOWN,0.12780474921447998,0.4
1704332460.0,8779.65544902077,SCALE,0.005,3.0,COOLDOWN,0.1278539305317848,0.4
1704332520.0,8780.245267890772,SCALE,0.005,3.0,COOLDOWN,0.12779533959821607,0.4
1704332580.0,8779.529542548771,SCALE,0.005,3.0,COOLDOWN,0.12786643772358894,0.4
1704332640.0,8780.004633558772,SCALE,0.005,3.0,COOLDOWN,0.12781924353021562,0.4
1704332700.0,8779.85725238477,SCALE,0.005,3.0,COOLDOWN,0.12783388395800524,0.4
1704332760.0,8780.722123944772,SCALE,0.005,3.0,COOLDOWN,0.12774797007037836,0.4
1704332820.0,8781.063071610772,SCALE,0.005,3.0,COOLDOWN,0.12771410129631056,0.4
1704332880.0,8781.748202856772,SCALE,0.005,3.0,COOLDOWN,0.12764604230165652,0.4
1704332940.0,8782.566594924772,SCALE,0.005,3.0,COOLDOWN,0.12756474555492942,0.4
1704333000.0,8781.844986102771,SCALE,0.005,3.0,COOLDOWN,0.12763642812851742,0.4
1704333060.0,8781.390193098772,SCALE,0.005,3.0,COOLDOWN,0.12768160597554826,0.4
1704333120.0,8780.576801988771,SCALE,0.005,3.0,COOLDOWN,0.1277624059412926,0.4
1704333180.0,8780.828320758772,SCALE,0.005,3.0,COOLDOWN,0.12773742078009492,0.4
1704333240.0,8780.325283218772,SCALE,0.005,3.0,COOLDOWN,0.1277873911024901,0.4
1704333300.0,8781.59258481077,SCALE,0.005,3.0,COOLDOWN,0.1276615009569473,0.4
1704333360.0,8780.351170530772,SCALE,0.005,3.0,COOLDOWN,0.12778481953034343,0.4
1704333420.0,8781.676424400772,SCALE,0.005,3.0,COOLDOWN,0.12765317256988135,0.4
1704333480.0,8781.41637458477,SCALE,0.005,3.0,COOLDOWN,0.12767900518099098,0.4
1704333540.0,8781.298999158771,SCALE,0.005,3.0,COOLDOWN,0.12769066492288317,0.4
1704333600.0,8781.532867488771,SCALE,0.005,3.0,COOLDOWN,0.127667433106331,0.4
1704333660.0,8780.812435362772,SCALE,0.005,3.0,COOLDOWN,0.12773899879027584,0.4
1704333720.0,8781.651713784771,SCALE,0.005,3.0,COOLDOWN,0.12765562725238502,0.4
1704333780.0,8781.85734141077,SCALE,0.005,3.0,COOLDOWN,0.12763520078726567,0.4
1704333840.0,8782.08091365077,SCALE,0.005,3.0,COOLDOWN,0.12761299175509005,0.4
1704333900.0,8783.03521410677,SCALE,0.005,3.0,COOLDOWN,0.12751819425459304,0.4
1704333960.0,8783.100520734772,SCALE,0.005,3.0,COOLDOWN,0.12751170687940477,0.4
1704334020.0,8782.858709706772,SCALE,0.005,3.0,COOLDOWN,0.12753572770104732,0.4
1704334080.0,8782.566594924772,SCALE,0.005,3.0,COOLDOWN,0.12756474555492942,0.4
1704334140.0,8782.710740184772,SCALE,0.005,3.0,COOLDOWN,0.12755042657365834,0.4
1704334200.0,8783.501185722771,SCALE,0.005,3.0,COOLDOWN,0.12747190595595326,0.4
1704334260.0,8784.767310618772,SCALE,0.005,3.0,COOLDOWN,0.1273461327000533,0.4
1704334320.0,8786.012254986772,SCALE,0.005,3.0,COOLDOWN,0.127222463457728,0.4
1704334380.0,8785.713962550772,SCALE,0.005,3.0,COOLDOWN,0.12725209498223602,0.4
1704334440.0,8786.780049126772,SCALE,0.005,3.0,COOLDOWN,0.1271461929656512,0.4
1704334500.0,8786.748572508772,SCALE,0.005,3.0,COOLDOWN,0.12714931976360225,0.4
1704334560.0,8787.652569210772,SCALE,0.005,3.0,COOLDOWN,0.12705951929534476,0.4
1704334620.0,8787.829367784772,SCALE,0.005,3.0,COOLDOWN,0.1270419566264795,0.4
1704334680.0,8788.418598306771,SCALE,0.005,3.0,COOLDOWN,0.12698342413773256,0.4
1704334740.0,8787.535193784772,SCALE,0.005,3.0,COOLDOWN,0.12707117903723694,0.4
1704334800.0,8788.135602918772,SCALE,0.005,3.0,COOLDOWN,0.1270115360968811,0.4
1704334860.0,8788.322697582771,SCALE,0.005,3.0,COOLDOWN,0.12699295064363944,0.4
1704334920.0,8788.00557801077,SCALE,0.005,3.0,COOLDOWN,0.12702445240243598,0.4
1704334980.0,8786.785932606772,SCALE,0.005,3.0,COOLDOWN,0.12714560851743603,0.4
1704335040.0,8787.241019784771,SCALE,0.005,3.0,COOLDOWN,0.1271004014479944,0.4
1704335100.0,8786.535002184772,SCALE,0.005,3.0,COOLDOWN,0.1271705352338121,0.4
1704335160.0,8786.593836984772,SCALE,0.005,3.0,COOLDOWN,0.12716469075166062,0.4
1704335220.0,8786.711212410772,SCALE,0.005,3.0,COOLDOWN,0.12715303100976844,0.4
1704335280.0,8786.358497784771,SCALE,0.005,3.0,COOLDOWN,0.1271880686802666,0.4
1704335340.0,8786.476461558772,SCALE,0.005,3.0,COOLDOWN,0.12717635049355283,0.4
1704335400.0,8786.830058706772,SCALE,0.005,3.0,COOLDOWN,0.12714122515582246,0.4
1704335460.0,8787.18189081077,SCALE,0.005,3.0,COOLDOWN,0.12710627515255668,0.4
1704335520.0,8785.868992248772,SCALE,0.005,3.0,COOLDOWN,0.12723669477176686,0.4
1704335580.0,8787.064809558771,SCALE,0.005,3.0,COOLDOWN,0.1271179056720381,0.4
1704335640.0,8786.56000697477,SCALE,0.005,3.0,COOLDOWN,0.12716805132889783,0.4
1704335700.0,8787.535487958772,SCALE,0.005,3.0,COOLDOWN,0.12707114981482615,0.4
1704335760.0,8787.599617890772,SCALE,0.005,3.0,COOLDOWN,0.1270647793292811,0.4
1704335820.0,8787.203071338772,SCALE,0.005,3.0,COOLDOWN,0.127104171138982,0.4
1704335880.0,8787.064809558771,SCALE,0.005,3.0,COOLDOWN,0.1271179056720381,0.4
1704335940.0,8787.460179414771,SCALE,0.005,3.0,COOLDOWN,0.12707863075198014,0.4
1704336000.0,8787.861432750771,SCALE,0.005,3.0,COOLDOWN,0.12703877138370703,0.4
1704336060.0,8787.952332516772,SCALE,0.005,3.0,COOLDOWN,0.12702974165878292,0.4
1704336120.0,8788.155606750772,SCALE,0.005,3.0,COOLDOWN,0.12700954897294958,0.4
1704336180.0,8788.155606750772,SCALE,0.005,3.0,COOLDOWN,0.12700954897294958,0.4
1704336240.0,8788.25797930277,SCALE,0.005,3.0,COOLDOWN,0.12699937957400612,0.4
1704336300.0,8789.204337060772,SCALE,0.005,3.0,COOLDOWN,0.12690537107859945,0.4
1704336360.0,8791.658924916772,SCALE,0.005,3.0,COOLDOWN,0.12666153928323967,0.4
1704336420.0,8792.703536790772,SCALE,0.005,3.0,COOLDOWN,0.12655777050264014,0.4
1704336480.0,8792.078711214772,SCALE,0.005,3.0,COOLDOWN,0.12661983890308887,0.4
1704336540.0,8791.85719819277,SCALE,0.005,3.0,COOLDOWN,0.1266418433783893,0.4
1704336600.0,8791.182657210771,SCALE,0.005,3.0,COOLDOWN,0.12670885036625598,0.4
1704336660.0,8792.056059816772,SCALE,0.005,3.0,COOLDOWN,0.12662208902871716,0.4
1704336720.0,8791.707757800772,SCALE,0.005,3.0,COOLDOWN,0.12665668836305394,0.4
1704336780.0,8790.161285082771,SCALE,0.005,3.0,COOLDOWN,0.12681031057640565,0.4
1704336840.0,8791.508013654771,SCALE,0.005,3.0,COOLDOWN,0.1266765303799583,0.4
1704336900.0,8791.90456020677,SCALE,0.005,3.0,COOLDOWN,0.12663713857025735,0.4
1704336960.0,8792.732365842772,SCALE,0.005,3.0,COOLDOWN,0.1265549067063859,0.4
1704337020.0,8794.66685406677,SCALE,0.005,3.0,COOLDOWN,0.1263627401332454,0.4
1704337080.0,8794.954262064772,SCALE,0.005,3.0,COOLDOWN,0.1263341898379353,0.4
1704337140.0,8793.962601510771,SCALE,0.005,3.0,COOLDOWN,0.12643269858459852,0.4
1704337200.0,8793.475743540772,SCALE,0.005,3.0,COOLDOWN,0.12648106167440196,0.4
1704337260.0,8793.12508813277,SCALE,0.005,3.0,COOLDOWN,0.1265158947880249,0.4
1704337320.0,8793.366604986772,SCALE,0.005,3.0,COOLDOWN,0.126491903188793,0.4
1704337380.0,8792.430543318771,SCALE,0.005,3.0,COOLDOWN,0.1265848888998231,0.4
1704337440.0,8793.247464516771,SCALE,0.005,3.0,COOLDOWN,0.12650373826514977,0.4
1704337500.0,8792.869450926772,SCALE,0.005,3.0,COOLDOWN,0.126541289062973,0.4
1704337560.0,8792.87033344877,SCALE,0.005,3.0,COOLDOWN,0.1265412013957408,0.4
1704337620.0,8794.654204584771,SCALE,0.005,3.0,COOLDOWN,0.12636399669690793,0.4
1704337680.0,8795.216076924771,SCALE,0.005,3.0,COOLDOWN,0.12630818189236126,0.4
1704337740.0,8795.939450790771,SCALE,0.005,3.0,COOLDOWN,0.12623632398430884,0.4
1704337800.0,8796.098598924771,SCALE,0.005,3.0,COOLDOWN,0.12622051466008907,0.4
1704337860.0,8795.14547516477,SCALE,0.005,3.0,COOLDOWN,0.12631519527094306,0.4
1704337920.0,8795.248436064772,SCALE,0.005,3.0,COOLDOWN,0.12630496742717784,0.4
1704337980.0,8794.301195784772,SCALE,0.005,3.0,COOLDOWN,0.12639906358981667,0.4
1704338040.0,8794.455342960771,SCALE,0.005,3.0,COOLDOWN,0.12638375104657987,0.4
1704338100.0,8796.376593354771,SCALE,0.005,3.0,COOLDOWN,0.1261928994819233,0.4
1704338160.0,8795.696757240772,SCALE,0.005,3.0,COOLDOWN,0.12626043247318358,0.4
1704338220.0,8794.77158001077,SCALE,0.005,3.0,COOLDOWN,0.12635233695501571,0.4
1704338280.0,8794.70127242477,SCALE,0.005,3.0,COOLDOWN,0.12635932111118675,0.4
1704338340.0,8795.17548091277,SCALE,0.005,3.0,COOLDOWN,0.12631221458504582,0.4
1704338400.0,8793.36601663877,SCALE,0.005,3.0,COOLDOWN,0.1264919616336146,0.4
1704338460.0,8792.316992154772,SCALE,0.005,3.0,COOLDOWN,0.12659616875037533,0.4
1704338520.0,8792.865626664772,SCALE,0.005,3.0,COOLDOWN,0.1265416689543128,0.4
1704338580.0,8792.926226508771,SCALE,0.005,3.0,COOLDOWN,0.12653564913769688,0.4
1704338640.0,8792.443781148771,SCALE,0.005,3.0,COOLDOWN,0.12658357389133898,0.4
1704338700.0,8791.33268595077,SCALE,0.005,3.0,COOLDOWN,0.12669394693676977,0.4
1704338760.0,8791.558611582772,SCALE,0.005,3.0,COOLDOWN,0.12667150412530795,0.4
1704338820.0,8792.065473384771,SCALE,0.005,3.0,COOLDOWN,0.126621153911573,0.4
1704338880.0,8790.562538418772,SCALE,0.005,3.0,COOLDOWN,0.12677045120813255,0.4
1704338940.0,8791.075577874772,SCALE,0.005,3.0,COOLDOWN,0.12671948732377164,0.4
1704339000.0,8791.684518054772,SCALE,0.005,3.0,COOLDOWN,0.12665899693350383,0.4
1704339060.0,8790.897896778772,SCALE,0.005,3.0,COOLDOWN,0.1267371376598691,0.4
1704339120.0,8791.499776782772,SCALE,0.005,3.0,COOLDOWN,0.12667734860745944,0.4
1704339180.0,8790.137456988772,SCALE,0.005,3.0,COOLDOWN,0.12681267759167694,0.4
1704339240.0,8790.362205924772,SCALE,0.005,3.0,COOLDOWN,0.1267903516698583,0.4
1704339300.0,8791.09764092477,SCALE,0.005,3.0,COOLDOWN,0.12671729564296494,0.4
1704339360.0,8791.31121124877,SCALE,0.005,3.0,COOLDOWN,0.12669608017275505,0.4
1704339420.0,8791.051455606772,SCALE,0.005,3.0,COOLDOWN,0.12672188356145372,0.4
1704339480.0,8791.304445246771,SCALE,0.005,3.0,COOLDOWN,0.12669675228820243,0.4
1704339540.0,8791.500070956772,SCALE,0.005,3.0,COOLDOWN,0.12667731938504864,0.4
1704339600.0,8791.182951384772,SCALE,0.005,3.0,COOLDOWN,0.12670882114384519,0.4
1704339660.0,8790.803172750771,SCALE,0.005,3.0,COOLDOWN,0.12674654727613302,0.4
1704339720.0,8790.721686552772,SCALE,0.005,3.0,COOLDOWN,0.12675464188391278,0.4
1704339780.0,8791.391814924771,SCALE,0.005,3.0,COOLDOWN,0.1266880732322075,0.4
1704339840.0,8790.71815646477,SCALE,0.005,3.0,COOLDOWN,0.12675499255284195,0.4
1704339900.0,8791.427998326772,SCALE,0.005,3.0,COOLDOWN,0.12668447887568426,0.4
1704339960.0,8791.359455784772,SCALE,0.005,3.0,COOLDOWN,0.12669128769739071,0.4
1704340020.0,8793.15656475077,SCALE,0.005,3.0,COOLDOWN,0.12651276799007388,0.4
1704340080.0,8793.490452240772,SCALE,0.005,3.0,COOLDOWN,0.12647960055386406,0.4
1704340140.0,8792.813852040772,SCALE,0.005,3.0,COOLDOWN,0.1265468120986061,0.4
1704340200.0,8793.155682228771,SCALE,0.005,3.0,COOLDOWN,0.12651285565730608,0.4
1704340260.0,8793.449856228772,SCALE,0.005,3.0,COOLDOWN,0.12648363324654863,0.4
1704340320.0,8793.340423500771,SCALE,0.005,3.0,COOLDOWN,0.12649450398335046,0.4
1704340380.0,8793.15244631477,SCALE,0.005,3.0,COOLDOWN,0.12651317710382448,0.4
1704340440.0,8792.409951138772,SCALE,0.005,3.0,COOLDOWN,0.126586934468576,0.4
1704340500.0,8793.39013890677,SCALE,0.005,3.0,COOLDOWN,0.1264895653959325,0.4
1704340560.0,8792.558509008772,SCALE,0.005,3.0,COOLDOWN,0.12657217715114358,0.4
1704340620.0,8792.123131488772,SCALE,0.005,3.0,COOLDOWN,0.1266154263190645,0.4
1704340680.0,8792.25550978877,SCALE,0.005,3.0,COOLDOWN,0.1266022762342238,0.4
1704340740.0,8792.912694504772,SCALE,0.005,3.0,COOLDOWN,0.12653699336859164,0.4
1704340800.0,8792.33434842077,SCALE,0.005,3.0,COOLDOWN,0.1265944446281408,0.4
1704340860.0,8790.241594584772,SCALE,0.005,3.0,COOLDOWN,0.1268023328582689,0.4
1704340920.0,8788.796023548772,SCALE,0.005,3.0,COOLDOWN,0.12694593178473074,0.4
1704340980.0,8789.729143476772,SCALE,0.005,3.0,COOLDOWN,0.1268532382978082,0.4
1704341040.0,8789.228165154771,SCALE,0.005,3.0,COOLDOWN,0.1269030040633282,0.4
1704341100.0,8789.59470595877,SCALE,0.005,3.0,COOLDOWN,0.1268665929395245,0.4
1704341160.0,8789.139912954772,SCALE,0.005,3.0,COOLDOWN,0.12691177078655533,0.4
1704341220.0,8789.594117610772,SCALE,0.005,3.0,COOLDOWN,0.12686665138434589,0.4
1704341280.0,8791.150298070772,SCALE,0.005,3.0,COOLDOWN,0.12671206483143924,0.4
1704341340.0,8790.890248254771,SCALE,0.005,3.0,COOLDOWN,0.12673789744254885,0.4
1704341400.0,8791.104701100772,SCALE,0.005,3.0,COOLDOWN,0.1267165943051066,0.4
1704341460.0,8790.68932741277,SCALE,0.005,3.0,COOLDOWN,0.1267578563490962,0.4
1704341520.0,8790.060971748771,SCALE,0.005,3.0,COOLDOWN,0.12682027541847393,0.4
1704341580.0,8790.693151674772,SCALE,0.005,3.0,COOLDOWN,0.12675747645775623,0.4
1704341640.0,8790.862301724772,SCALE,0.005,3.0,COOLDOWN,0.12674067357157073,0.4
1704341700.0,8791.444766244771,SCALE,0.005,3.0,COOLDOWN,0.12668281319827115,0.4
1704341760.0,8791.34857134677,SCALE,0.005,3.0,COOLDOWN,0.12669236892658886,0.4
1704341820.0,8791.595677506772,SCALE,0.005,3.0,COOLDOWN,0.12666782210155256,0.4
1704341880.0,8792.056648164771,SCALE,0.005,3.0,COOLDOWN,0.12662203058389576,0.4
1704341940.0,8792.197557510772,SCALE,0.005,3.0,COOLDOWN,0.1266080330491429,0.4
1704342000.0,8791.826015748771,SCALE,0.005,3.0,COOLDOWN,0.12664494095392956,0.4
1704342060.0,8792.104010178771,SCALE,0.005,3.0,COOLDOWN,0.1266173257757638,0.4
1704342120.0,8792.237859348772,SCALE,0.005,3.0,COOLDOWN,0.1266040295788691,0.4
1704342180.0,8792.59498658477,SCALE,0.005,3.0,COOLDOWN,0.12656855357220975,0.4
1704342240.0,8793.217752942772,SCALE,0.005,3.0,COOLDOWN,0.1265066897286362,0.4
1704342300.0,8793.17245014677,SCALE,0.005,3.0,COOLDOWN,0.12651118997989297,0.4
1704342360.0,8793.68843134277,SCALE,0.005,3.0,COOLDOWN,0.12645993387142446,0.4
1704342420.0,8793.685195428772,SCALE,0.005,3.0,COOLDOWN,0.12646025531794267,0.4
1704342480.0,8793.791686416771,SCALE,0.005,3.0,COOLDOWN,0.1264496768052486,0.4
1704342540.0,8793.65401298477,SCALE,0.005,3.0,COOLDOWN,0.1264633528934831,0.4
1704342600.0,8794.158815568771,SCALE,0.005,3.0,COOLDOWN,0.12641320723662333,0.4
1704342660.0,8792.573806056771,SCALE,0.005,3.0,COOLDOWN,0.12657065758578426,0.4
1704342720.0,8792.241389436771,SCALE,0.005,3.0,COOLDOWN,0.12660367890994012,0.4
1704342780.0,8792.75707645877,SCALE,0.005,3.0,COOLDOWN,0.1265524520238824,0.4
1704342840.0,8792.80414429877,SCALE,0.005,3.0,COOLDOWN,0.12654777643816126,0.4
1704342900.0,8793.01918549277,SCALE,0.005,3.0,COOLDOWN,0.12652641485589758,0.4
1704342960.0,8793.242169384772,SCALE,0.005,3.0,COOLDOWN,0.12650426426854336,0.4
1704343020.0,8793.233344164772,SCALE,0.005,3.0,COOLDOWN,0.1265051409408661,0.4
1704343080.0,8792.23550595677,SCALE,0.005,3.0,COOLDOWN,0.12660426335815528,0.4
1704343140.0,8792.095773306772,SCALE,0.005,3.0,COOLDOWN,0.12661814400326496,0.4
1704343200.0,8792.506440210771,SCALE,0.005,3.0,COOLDOWN,0.1265773495178477,0.4
1704343260.0,8792.467020894772,SCALE,0.005,3.0,COOLDOWN,0.1265812653208891,0.4
1704343320.0,8792.869745100772,SCALE,0.005,3.0,COOLDOWN,0.12654125984056222,0.4
1704343380.0,8793.233638338772,SCALE,0.005,3.0,COOLDOWN,0.1265051117184553,0.4
1704343440.0,8792.768843418771,SCALE,0.005,3.0,COOLDOWN,0.12655128312745206,0.4
1704343500.0,8794.211178540772,SCALE,0.005,3.0,COOLDOWN,0.12640800564750843,0.4
1704343560.0,8794.955438760771,SCALE,0.005,3.0,COOLDOWN,0.1263340729482923,0.4
1704343620.0,8795.772065784771,SCALE,0.005,3.0,COOLDOWN,0.12625295153602975,0.4
1704343680.0,8794.839534204772,SCALE,0.005,3.0,COOLDOWN,0.1263455865781307,0.4
1704343740.0,8795.084581146772,SCALE,0.005,3.0,COOLDOWN,0.12632124430996977,0.4
1704343800.0,8794.360030584772,SCALE,0.005,3.0,COOLDOWN,0.12639321910766518,0.4
1704343860.0,8794.451812872772,SCALE,0.005,3.0,COOLDOWN,0.12638410171550887,0.4
1704343920.0,8794.163816526772,SCALE,0.005,3.0,COOLDOWN,0.12641271045564037,0.4
1704343980.0,8793.187747194772,SCALE,0.005,3.0,COOLDOWN,0.12650967041453345,0.4
1704344040.0,8792.932109988771,SCALE,0.005,3.0,COOLDOWN,0.12653506468948172,0.4
1704344100.0,8794.124397210771,SCALE,0.005,3.0,COOLDOWN,0.12641662625868194,0.4
1704344160.0,8794.170288354771,SCALE,0.005,3.0,COOLDOWN,0.12641206756260379,0.4
1704344220.0,8794.373562588771,SCALE,0.005,3.0,COOLDOWN,0.12639187487677045,0.4
1704344280.0,8794.212355236772,SCALE,0.005,3.0,COOLDOWN,0.1264078887578654,0.4
1704344340.0,8794.300901610772,SCALE,0.005,3.0,COOLDOWN,0.12639909281222747,0.4
1704344400.0,8793.32453810477,SCALE,0.005,3.0,COOLDOWN,0.12649608199353138,0.4
1704344460.0,8793.614005320771,SCALE,0.005,3.0,COOLDOWN,0.1264673271413461,0.4
1704344520.0,8793.195101544772,SCALE,0.005,3.0,COOLDOWN,0.1265089398542645,0.4
1704344580.0,8794.739809218772,SCALE,0.005,3.0,COOLDOWN,0.12635549297537738,0.4
1704344640.0,8794.425925560772,SCALE,0.005,3.0,COOLDOWN,0.12638667328765554,0.4
1704344700.0,8795.054281224771,SCALE,0.005,3.0,COOLDOWN,0.1263242542182778,0.4
1704344760.0,8794.831297332772,SCALE,0.005,3.0,COOLDOWN,0.12634640480563186,0.4
1704344820.0,8793.95054037677,SCALE,0.005,3.0,COOLDOWN,0.12643389670343963,0.4
1704344880.0,8794.333554924771,SCALE,0.005,3.0,COOLDOWN,0.12639584912463345,0.4
1704344940.0,8794.143812694772,SCALE,0.005,3.0,COOLDOWN,0.12641469757957186,0.4
1704345000.0,8794.114101120771,SCALE,0.005,3.0,COOLDOWN,0.1264176490430585,0.4
1704345060.0,8793.875526006772,SCALE,0.005,3.0,COOLDOWN,0.12644134841818266,0.4
1704345120.0,8794.535946636772,SCALE,0.005,3.0,COOLDOWN,0.1263757441060323,0.4
1704345180.0,8794.951026150771,SCALE,0.005,3.0,COOLDOWN,0.12633451128445367,0.4
1704345240.0,8794.713039384771,SCALE,0.005,3.0,COOLDOWN,0.12635815221475644,0.4
1704345300.0,8795.77177161077,SCALE,0.005,3.0,COOLDOWN,0.12625298075844055,0.4
1704345360.0,8794.921608750772,SCALE,0.005,3.0,COOLDOWN,0.1263374335255293,0.4
1704345420.0,8794.97367754877,SCALE,0.005,3.0,COOLDOWN,0.12633226115882537,0.4
1704345480.0,8795.292562164772,SCALE,0.005,3.0,COOLDOWN,0.12630058406556427,0.4
1704345540.0,8794.442693478772,SCALE,0.005,3.0,COOLDOWN,0.1263850076102424,0.4
1704345600.0,8793.265409130772,SCALE,0.005,3.0,COOLDOWN,0.12650195569809347,0.4
1704345660.0,8793.771976758771,SCALE,0.005,3.0,COOLDOWN,0.12645163470676932,0.4
1704345720.0,8793.17686275677,SCALE,0.005,3.0,COOLDOWN,0.1265107516437316,0.4
1704345780.0,8792.536151784772,SCALE,0.005,3.0,COOLDOWN,0.12657439805436108,0.4
1704345840.0,8792.617637982772,SCALE,0.005,3.0,COOLDOWN,0.1265663034465813,0.4
1704345900.0,8792.59086814877,SCALE,0.005,3.0,COOLDOWN,0.12656896268596035,0.4
1704345960.0,8792.743838628772,SCALE,0.005,3.0,COOLDOWN,0.12655376703236634,0.4
1704346020.0,8792.382887130772,SCALE,0.005,3.0,COOLDOWN,0.12658962293036566,0.4
1704346080.0,8792.477316984772,SCALE,0.005,3.0,COOLDOWN,0.12658024253651257,0.4
1704346140.0,8792.478493680772,SCALE,0.005,3.0,COOLDOWN,0.12658012564686957,0.4
1704346200.0,8792.889160584771,SCALE,0.005,3.0,COOLDOWN,0.1265393311614523,0.4
1704346260.0,8792.028113286771,SCALE,0.005,3.0,COOLDOWN,0.1266248651577392,0.4
1704346320.0,8793.326303148771,SCALE,0.005,3.0,COOLDOWN,0.1264959066590668,0.4
1704346380.0,8793.418673784772,SCALE,0.005,3.0,COOLDOWN,0.1264867308220889,0.4
1704346440.0,8793.462505710771,SCALE,0.005,3.0,COOLDOWN,0.1264823766828861,0.4
1704346500.0,8794.037027532771,SCALE,0.005,3.0,COOLDOWN,0.12642530531467688,0.4
1704346560.0,8795.701169850772,SCALE,0.005,3.0,COOLDOWN,0.12625999413702219,0.4
1704346620.0,8796.654587784771,SCALE,0.005,3.0,COOLDOWN,0.12616528430375756,0.4
1704346680.0,8796.238331574772,SCALE,0.005,3.0,COOLDOWN,0.1262066340149792,0.4
1704346740.0,8797.478569158771,SCALE,0.005,3.0,COOLDOWN,0.12608343233122607,0.4
1704346800.0,8796.419542758771,SCALE,0.005,3.0,COOLDOWN,0.12618863300995273,0.4
1704346860.0,8796.805204872771,SCALE,0.005,3.0,COOLDOWN,0.12615032242944976,0.4
1704346920.0,8795.831194758772,SCALE,0.005,3.0,COOLDOWN,0.12624707783146746,0.4
1704346980.0,8796.820796094771,SCALE,0.005,3.0,COOLDOWN,0.12614877364167962,0.4
1704347040.0,8796.796968000772,SCALE,0.005,3.0,COOLDOWN,0.1261511406569509,0.4
1704347100.0,8796.68018092277,SCALE,0.005,3.0,COOLDOWN,0.1261627419540217,0.4
1704347160.0,8796.656058654771,SCALE,0.005,3.0,COOLDOWN,0.12616513819170377,0.4
1704347220.0,8796.392772924772,SCALE,0.005,3.0,COOLDOWN,0.1261912922493316,0.4
1704347280.0,8795.80442492477,SCALE,0.005,3.0,COOLDOWN,0.12624973707084652,0.4
1704347340.0,8794.333849098772,SCALE,0.005,3.0,COOLDOWN,0.12639581990222265,0.4
1704347400.0,8794.416511992771,SCALE,0.005,3.0,COOLDOWN,0.12638760840479987,0.4
1704347460.0,8793.817573728771,SCALE,0.005,3.0,COOLDOWN,0.12644710523310196,0.4
1704347520.0,8794.183526184772,SCALE,0.005,3.0,COOLDOWN,0.12641075255411965,0.4
1704347580.0,8793.868760004772,SCALE,0.005,3.0,COOLDOWN,0.12644202053363002,0.4
1704347640.0,8793.92906567477,SCALE,0.005,3.0,COOLDOWN,0.12643602993942493,0.4
1704347700.0,8795.14547516477,SCALE,0.005,3.0,COOLDOWN,0.12631519527094306,0.4
1704347760.0,8795.497601442772,SCALE,0.005,3.0,COOLDOWN,0.12628021604526632,0.4
1704347820.0,8794.788936276771,SCALE,0.005,3.0,COOLDOWN,0.126350612832781,0.4
1704347880.0,8795.068695750771,SCALE,0.005,3.0,COOLDOWN,0.12632282232015069,0.4
1704347940.0,8795.293738860772,SCALE,0.005,3.0,COOLDOWN,0.12630046717592125,0.4
1704348000.0,8795.412585156771,SCALE,0.005,3.0,COOLDOWN,0.12628866132197528,0.4
1704348060.0,8795.642335050772,SCALE,0.005,3.0,COOLDOWN,0.12626583861917368,0.4
1704348120.0,8795.77177161077,SCALE,0.005,3.0,COOLDOWN,0.12625298075844055,0.4
1704348180.0,8796.253334448771,SCALE,0.005,3.0,COOLDOWN,0.12620514367203067,0.4
1704348240.0,8796.55839288677,SCALE,0.005,3.0,COOLDOWN,0.12617484003207527,0.4
1704348300.0,8795.77177161077,SCALE,0.005,3.0,COOLDOWN,0.12625298075844055,0.4
1704348360.0,8796.392478750771,SCALE,0.005,3.0,COOLDOWN,0.1261913214717424,0.4
1704348420.0,8796.147431808771,SCALE,0.005,3.0,COOLDOWN,0.1262156637399033,0.4
1704348480.0,8795.061341400771,SCALE,0.005,3.0,COOLDOWN,0.12632355288041963,0.4
1704348540.0,8795.099878194771,SCALE,0.005,3.0,COOLDOWN,0.12631972474461045,0.4
1704348600.0,8795.085169494772,SCALE,0.005,3.0,COOLDOWN,0.12632118586514818,0.4
1704348660.0,8795.914446000772,SCALE,0.005,3.0,COOLDOWN,0.12623880788922312,0.4
1704348720.0,8794.922197098771,SCALE,0.005,3.0,COOLDOWN,0.12633737508070791,0.4
1704348780.0,8793.58517626877,SCALE,0.005,3.0,COOLDOWN,0.12647019093760034,0.4
1704348840.0,8793.177451104772,SCALE,0.005,3.0,COOLDOWN,0.12651069319891,0.4
1704348900.0,8793.829634862772,SCALE,0.005,3.0,COOLDOWN,0.12644590711426082,0.4
1704348960.0,8794.289134650771,SCALE,0.005,3.0,COOLDOWN,0.1264002617086578,0.4
1704349020.0,8794.569188298772,SCALE,0.005,3.0,COOLDOWN,0.1263724419736167,0.4
1704349080.0,8793.776389368772,SCALE,0.005,3.0,COOLDOWN,0.12645119637060795,0.4
1704349140.0,8793.493688154771,SCALE,0.005,3.0,COOLDOWN,0.12647927910734585,0.4
1704349200.0,8793.15685892477,SCALE,0.005,3.0,COOLDOWN,0.12651273876766309,0.4
1704349260.0,8792.43583845077,SCALE,0.005,3.0,COOLDOWN,0.12658436289642952,0.4
1704349320.0,8792.965351650771,SCALE,0.005,3.0,COOLDOWN,0.1265317625570661,0.4
1704349380.0,8793.303651750772,SCALE,0.005,3.0,COOLDOWN,0.12649815678469506,0.4
1704349440.0,8792.92446146477,SCALE,0.005,3.0,COOLDOWN,0.12653582447216147,0.4
1704349500.0,8793.065370810771,SCALE,0.005,3.0,COOLDOWN,0.12652182693740863,0.4
1704349560.0,8793.157153098771,SCALE,0.005,3.0,COOLDOWN,0.1265127095452523,0.4
1704349620.0,8793.346601154772,SCALE,0.005,3.0,COOLDOWN,0.12649389031272448,0.4
1704349680.0,8793.480156150772,SCALE,0.005,3.0,COOLDOWN,0.1264806233382406,0.4
1704349740.0,8793.77138841077,SCALE,0.005,3.0,COOLDOWN,0.1264516931515909,0.4
1704349800.0,8794.205000886772,SCALE,0.005,3.0,COOLDOWN,0.12640861931813438,0.4
1704349860.0,8793.34012932677,SCALE,0.005,3.0,COOLDOWN,0.12649453320576126,0.4
1704349920.0,8793.819044598771,SCALE,0.005,3.0,COOLDOWN,0.12644695912104817,0.4
1704349980.0,8794.065856584772,SCALE,0.005,3.0,COOLDOWN,0.12642244151842266,0.4
1704350040.0,8794.820412894771,SCALE,0.005,3.0,COOLDOWN,0.12634748603482998,0.4
1704350100.0,8794.594193088771,SCALE,0.005,3.0,COOLDOWN,0.1263699580687024,0.4
1704350160.0,8794.952497020771,SCALE,0.005,3.0,COOLDOWN,0.12633436517239988,0.4
1704350220.0,8795.535549888771,SCALE,0.005,3.0,COOLDOWN,0.12627644635427873,0.4
1704350280.0,8796.249804360772,SCALE,0.005,3.0,COOLDOWN,0.12620549434095965,0.4
1704350340.0,8795.883557730771,SCALE,0.005,3.0,COOLDOWN,0.12624187624235272,0.4
1704350400.0,8795.477597610772,SCALE,0.005,3.0,COOLDOWN,0.12628220316919783,0.4
1704350460.0,8794.742456784772,SCALE,0.005,3.0,COOLDOWN,0.1263552299736806,0.4
1704350520.0,8795.178716826771,SCALE,0.005,3.0,COOLDOWN,0.12631189313852745,0.4
1704350580.0,8795.71146594077,SCALE,0.005,3.0,COOLDOWN,0.12625897135264583,0.4
1704350640.0,8795.817074406772,SCALE,0.005,3.0,COOLDOWN,0.1262484805071838,0.4
1704350700.0,8795.817074406772,SCALE,0.005,3.0,COOLDOWN,0.1262484805071838,0.4
1704350760.0,8795.817074406772,SCALE,0.005,3.0,COOLDOWN,0.1262484805071838,0.4
1704350820.0,8795.30168155877,SCALE,0.005,3.0,COOLDOWN,0.1262996781708309,0.4
1704350880.0,8794.87454091077,SCALE,0.005,3.0,COOLDOWN,0.12634210911125066,0.4
1704350940.0,8794.256775510772,SCALE,0.005,3.0,COOLDOWN,0.12640347617384104,0.4
1704351000.0,8793.85022704277,SCALE,0.005,3.0,COOLDOWN,0.1264438615455079,0.4
1704351060.0,8793.893764794771,SCALE,0.005,3.0,COOLDOWN,0.12643953662871574,0.4
1704351120.0,8794.010257698772,SCALE,0.005,3.0,COOLDOWN,0.12642796455405575,0.4
1704351180.0,8794.045264404771,SCALE,0.005,3.0,COOLDOWN,0.12642448708717574,0.4
1704351240.0,8794.148813652771,SCALE,0.005,3.0,COOLDOWN,0.1264142007985891,0.4
1704351300.0,8794.35738301877,SCALE,0.005,3.0,COOLDOWN,0.12639348210936216,0.4
1704351360.0,8794.082624502771,SCALE,0.005,3.0,COOLDOWN,0.12642077584100953,0.4
1704351420.0,8794.333554924771,SCALE,0.005,3.0,COOLDOWN,0.12639584912463345,0.4
1704351480.0,8794.477406010772,SCALE,0.005,3.0,COOLDOWN,0.126381559365773,0.4
1704351540.0,8794.461814788772,SCALE,0.005,3.0,COOLDOWN,0.12638310815354312,0.4
1704351600.0,8795.21578275077,SCALE,0.005,3.0,COOLDOWN,0.12630821111477206,0.4
1704351660.0,8794.921608750772,SCALE,0.005,3.0,COOLDOWN,0.1263374335255293,0.4
1704351720.0,8794.505352540771,SCALE,0.005,3.0,COOLDOWN,0.12637878323675114,0.4
1704351780.0,8795.634686526771,SCALE,0.005,3.0,COOLDOWN,0.12626659840185345,0.4
1704351840.0,8797.134091404772,SCALE,0.005,3.0,COOLDOWN,0.12611765177422288,0.4
1704351900.0,8796.759313728771,SCALE,0.005,3.0,COOLDOWN,0.12615488112552792,0.4
1704351960.0,8797.486217682772,SCALE,0.005,3.0,COOLDOWN,0.12608267254854633,0.4
1704352020.0,8794.89748648277,SCALE,0.005,3.0,COOLDOWN,0.1263398297632116,0.4
1704352080.0,8794.183526184772,SCALE,0.005,3.0,COOLDOWN,0.12641075255411965,0.4
1704352140.0,8793.84022512677,SCALE,0.005,3.0,COOLDOWN,0.12644485510747366,0.4
1704352200.0,8794.753929570772,SCALE,0.005,3.0,COOLDOWN,0.12635409029966105,0.4
1704352260.0,8794.740397566771,SCALE,0.005,3.0,COOLDOWN,0.12635543453055598,0.4
1704352320.0,8793.43750092077,SCALE,0.005,3.0,COOLDOWN,0.12648486058780056,0.4
1704352380.0,8793.155682228771,SCALE,0.005,3.0,COOLDOWN,0.12651285565730608,0.4
1704352440.0,8792.827972392772,SCALE,0.005,3.0,COOLDOWN,0.12654540942288978,0.4
1704352500.0,8792.274336924771,SCALE,0.005,3.0,COOLDOWN,0.1266004059999353,0.4
1704352560.0,8791.841018622772,SCALE,0.005,3.0,COOLDOWN,0.12664345061098084,0.4
1704352620.0,8791.780124604771,SCALE,0.005,3.0,COOLDOWN,0.1266494996500077,0.4
1704352680.0,8790.812880492771,SCALE,0.005,3.0,COOLDOWN,0.12674558293657806,0.4
1704352740.0,8789.150209044772,SCALE,0.005,3.0,COOLDOWN,0.12691074800217877,0.4
1704352800.0,8789.416730688772,SCALE,0.005,3.0,COOLDOWN,0.12688427249803258,0.4
1704352860.0,8789.368780326771,SCALE,0.005,3.0,COOLDOWN,0.12688903575098612,0.4
1704352920.0,8790.518706492772,SCALE,0.005,3.0,COOLDOWN,0.12677480534733535,0.4
1704352980.0,8790.53753362877,SCALE,0.005,3.0,COOLDOWN,0.12677293511304702,0.4
1704353040.0,8791.24237453277,SCALE,0.005,3.0,COOLDOWN,0.1267029182168723,0.4
1704353100.0,8791.241786184772,SCALE,0.005,3.0,COOLDOWN,0.1267029766616937,0.4
1704353160.0,8791.093228314772,SCALE,0.005,3.0,COOLDOWN,0.12671773397912614,0.4
1704353220.0,8791.298561766771,SCALE,0.005,3.0,COOLDOWN,0.1266973367364176,0.4
1704353280.0,8791.778653734771,SCALE,0.005,3.0,COOLDOWN,0.1266496457620615,0.4
1704353340.0,8791.711287888771,SCALE,0.005,3.0,COOLDOWN,0.12665633769412496,0.4
1704353400.0,8792.009286150771,SCALE,0.005,3.0,COOLDOWN,0.1266267353920277,0.4
1704353460.0,8792.59498658477,SCALE,0.005,3.0,COOLDOWN,0.12656855357220975,0.4
1704353520.0,8794.124985558772,SCALE,0.005,3.0,COOLDOWN,0.12641656781386038,0.4
1704353580.0,8793.805218420772,SCALE,0.005,3.0,COOLDOWN,0.1264483325743537,0.4
1704353640.0,8793.242463558772,SCALE,0.005,3.0,COOLDOWN,0.12650423504613256,0.4
1704353700.0,8792.71265618477,SCALE,0.005,3.0,COOLDOWN,0.12655686460790677,0.4
1704353760.0,8792.553213876772,SCALE,0.005,3.0,COOLDOWN,0.12657270315453714,0.4
1704353820.0,8792.418188010772,SCALE,0.005,3.0,COOLDOWN,0.12658611624107485,0.4
1704353880.0,8792.592044844772,SCALE,0.005,3.0,COOLDOWN,0.12656884579631716,0.4
1704353940.0,8791.006446984771,SCALE,0.005,3.0,COOLDOWN,0.12672635459029966,0.4
1704354000.0,8789.592646740772,SCALE,0.005,3.0,COOLDOWN,0.1268667974963997,0.4
1704354060.0,8785.218279360772,SCALE,0.005,3.0,COOLDOWN,0.12730133474436225,0.4
1704354120.0,8786.828293662771,SCALE,0.005,3.0,COOLDOWN,0.12714140049028705,0.4
1704354180.0,8790.602840256772,SCALE,0.005,3.0,COOLDOWN,0.12676644773785878,0.4
1704354240.0,8789.582056476771,SCALE,0.005,3.0,COOLDOWN,0.12686784950318702,0.4
1704354300.0,8789.219928282771,SCALE,0.005,3.0,COOLDOWN,0.12690382229082933,0.4
1704354360.0,8786.866830456771,SCALE,0.005,3.0,COOLDOWN,0.12713757235447784,0.4
1704354420.0,8787.176007330772,SCALE,0.005,3.0,COOLDOWN,0.12710685960077167,0.4
1704354480.0,8786.564713758771,SCALE,0.005,3.0,COOLDOWN,0.12716758377032567,0.4
1704354540.0,8786.271128106771,SCALE,0.005,3.0,COOLDOWN,0.12719674773626155,0.4
1704354600.0,8786.192289474771,SCALE,0.005,3.0,COOLDOWN,0.12720457934234453,0.4
1704354660.0,8785.080311754771,SCALE,0.005,3.0,COOLDOWN,0.12731504005500752,0.4
1704354720.0,8786.878303242771,SCALE,0.005,3.0,COOLDOWN,0.1271364326804583,0.4
1704354780.0,8786.19611373677,SCALE,0.005,3.0,COOLDOWN,0.12720419945100475,0.4
1704354840.0,8785.442734122771,SCALE,0.005,3.0,COOLDOWN,0.1272790380449544,0.4
1704354900.0,8783.769766584772,SCALE,0.005,3.0,COOLDOWN,0.12744522589493168,0.4
1704354960.0,8783.324975496771,SCALE,0.005,3.0,COOLDOWN,0.12748941017999696,0.4
1704355020.0,8784.422538690771,SCALE,0.005,3.0,COOLDOWN,0.1273803813654611,0.4
1704355080.0,8783.86919739677,SCALE,0.005,3.0,COOLDOWN,0.1274353487200958,0.4
1704355140.0,8782.919015376772,SCALE,0.005,3.0,COOLDOWN,0.12752973710684204,0.4
1704355200.0,8785.475975784771,SCALE,0.005,3.0,COOLDOWN,0.1272757359125388,0.4
1704355260.0,8786.081680050771,SCALE,0.005,3.0,COOLDOWN,0.12721556696878936,0.4
1704355320.0,8786.950670046772,SCALE,0.005,3.0,COOLDOWN,0.1271292439674119,0.4
1704355380.0,8786.378501616771,SCALE,0.005,3.0,COOLDOWN,0.1271860815563351,0.4
1704355440.0,8786.104919796771,SCALE,0.005,3.0,COOLDOWN,0.12721325839833947,0.4
1704355500.0,8785.905763998771,SCALE,0.005,3.0,COOLDOWN,0.12723304197042223,0.4
1704355560.0,8786.442043200772,SCALE,0.005,3.0,COOLDOWN,0.12717976951561144,0.4
1704355620.0,8785.711020810772,SCALE,0.005,3.0,COOLDOWN,0.1272523872063436,0.4
1704355680.0,8784.92528205677,SCALE,0.005,3.0,COOLDOWN,0.1273304402654767,0.4
1704355740.0,8783.835661560772,SCALE,0.005,3.0,COOLDOWN,0.12743868007492204,0.4
1704355800.0,8785.80221475077,SCALE,0.005,3.0,COOLDOWN,0.1272433282590089,0.4
1704355860.0,8786.005194810772,SCALE,0.005,3.0,COOLDOWN,0.12722316479558615,0.4
1704355920.0,8786.005783158771,SCALE,0.005,3.0,COOLDOWN,0.12722310635076475,0.4
1704355980.0,8786.534708010771,SCALE,0.005,3.0,COOLDOWN,0.1271705644562229,0.4
1704356040.0,8785.749263430771,SCALE,0.005,3.0,COOLDOWN,0.12724858829294522,0.4
1704356100.0,8784.39929894477,SCALE,0.005,3.0,COOLDOWN,0.12738268993591095,0.4
1704356160.0,8783.468238234771,SCALE,0.005,3.0,COOLDOWN,0.1274751788659581,0.4
1704356220.0,8783.40499082477,SCALE,0.005,3.0,COOLDOWN,0.12748146168427096,0.4
1704356280.0,8782.822232130771,SCALE,0.005,3.0,COOLDOWN,0.12753935127998134,0.4
1704356340.0,8783.449116924772,SCALE,0.005,3.0,COOLDOWN,0.1274770783226572,0.4
1704356400.0,8786.302016376772,SCALE,0.005,3.0,COOLDOWN,0.12719367938313192,0.4
1704356460.0,8786.94684578477,SCALE,0.005,3.0,COOLDOWN,0.12712962385875187,0.4
1704356520.0,8787.533722914772,SCALE,0.005,3.0,COOLDOWN,0.12707132514929073,0.4
1704356580.0,8786.877420720772,SCALE,0.005,3.0,COOLDOWN,0.12713652034769052,0.4
1704356640.0,8787.093638610771,SCALE,0.005,3.0,COOLDOWN,0.12711504187578385,0.4
1704356700.0,8787.417818358772,SCALE,0.005,3.0,COOLDOWN,0.12708283877912913,0.4
1704356760.0,8788.418009958772,SCALE,0.005,3.0,COOLDOWN,0.12698348258255396,0.4
1704356820.0,8788.392122646772,SCALE,0.005,3.0,COOLDOWN,0.12698605415470063,0.4
1704356880.0,8787.896145282772,SCALE,0.005,3.0,COOLDOWN,0.12703532313923763,0.4
1704356940.0,8788.101184560772,SCALE,0.005,3.0,COOLDOWN,0.1270149551189397,0.4
1704357000.0,8788.208263896771,SCALE,0.005,3.0,COOLDOWN,0.12700431816142405,0.4
1704357060.0,8787.746704890771,SCALE,0.005,3.0,COOLDOWN,0.12705016812390243,0.4
1704357120.0,8786.811819918772,SCALE,0.005,3.0,COOLDOWN,0.12714303694528936,0.4
1704357180.0,8786.833294620772,SCALE,0.005,3.0,COOLDOWN,0.1271409037093041,0.4
1704357240.0,8785.593645384772,SCALE,0.005,3.0,COOLDOWN,0.12726404694823581,0.4
1704357300.0,8785.276819986771,SCALE,0.005,3.0,COOLDOWN,0.12729551948462156,0.4
1704357360.0,8784.94675675877,SCALE,0.005,3.0,COOLDOWN,0.1273283070294914,0.4
1704357420.0,8783.651802810771,SCALE,0.005,3.0,COOLDOWN,0.12745694408164546,0.4
1704357480.0,8783.749174404771,SCALE,0.005,3.0,COOLDOWN,0.12744727146368476,0.4
1704357540.0,8783.500303200772,SCALE,0.005,3.0,COOLDOWN,0.12747199362318548,0.4
1704357600.0,8783.690927952772,SCALE,0.005,3.0,COOLDOWN,0.12745305750101468,0.4
1704357660.0,8784.659642934772,SCALE,0.005,3.0,COOLDOWN,0.12735682810239052,0.4
1704357720.0,8784.261331338772,SCALE,0.005,3.0,COOLDOWN,0.12739639524655605,0.4
1704357780.0,8784.020697006772,SCALE,0.005,3.0,COOLDOWN,0.1274202991785556,0.4
1704357840.0,8783.743585098771,SCALE,0.005,3.0,COOLDOWN,0.12744782668948915,0.4
1704357900.0,8783.743585098771,SCALE,0.005,3.0,COOLDOWN,0.12744782668948915,0.4
1704357960.0,8783.794477200772,SCALE,0.005,3.0,COOLDOWN,0.127442771212428,0.4
1704358020.0,8785.660717056771,SCALE,0.005,3.0,COOLDOWN,0.12725738423858315,0.4
1704358080.0,8784.358114584771,SCALE,0.005,3.0,COOLDOWN,0.12738678107341694,0.4
1704358140.0,8784.348112668771,SCALE,0.005,3.0,COOLDOWN,0.1273877746353827,0.4
1704358200.0,8784.896453004772,SCALE,0.005,3.0,COOLDOWN,0.12733330406173077,0.4
1704358260.0,8786.066383002772,SCALE,0.005,3.0,COOLDOWN,0.12721708653414868,0.4
1704358320.0,8786.534708010771,SCALE,0.005,3.0,COOLDOWN,0.1271705644562229,0.4
1704358380.0,8785.81486423277,SCALE,0.005,3.0,COOLDOWN,0.12724207169534635,0.4
1704358440.0,8785.802508924771,SCALE,0.005,3.0,COOLDOWN,0.1272432990365981,0.4
1704358500.0,8786.358497784771,SCALE,0.005,3.0,COOLDOWN,0.1271880686802666,0.4
1704358560.0,8786.12315858477,SCALE,0.005,3.0,COOLDOWN,0.12721144660887257,0.4
1704358620.0,8785.652186010771,SCALE,0.005,3.0,COOLDOWN,0.12725823168849512,0.4
1704358680.0,8785.30917912677,SCALE,0.005,3.0,COOLDOWN,0.1272923050194383,0.4
1704358740.0,8785.465973868771,SCALE,0.005,3.0,COOLDOWN,0.12727672947450452,0.4
1704358800.0,8786.419097628772,SCALE,0.005,3.0,COOLDOWN,0.12718204886365053,0.4
1704358860.0,8786.993031102771,SCALE,0.005,3.0,COOLDOWN,0.12712503594026292,0.4
1704358920.0,8787.079224084771,SCALE,0.005,3.0,COOLDOWN,0.12711647377391097,0.4
1704358980.0,8786.615311686772,SCALE,0.005,3.0,COOLDOWN,0.12716255751567535,0.4
1704359040.0,8786.82947035877,SCALE,0.005,3.0,COOLDOWN,0.12714128360064406,0.4
1704359100.0,8786.945963262771,SCALE,0.005,3.0,COOLDOWN,0.12712971152598407,0.4
1704359160.0,8786.893306116772,SCALE,0.005,3.0,COOLDOWN,0.1271349423375096,0.4
1704359220.0,8787.57314223077,SCALE,0.005,3.0,COOLDOWN,0.12706740934624933,0.4
1704359280.0,8788.14766405277,SCALE,0.005,3.0,COOLDOWN,0.12701033797804012,0.4
1704359340.0,8787.18336168077,SCALE,0.005,3.0,COOLDOWN,0.1271061290405029,0.4
1704359400.0,8787.24072561077,SCALE,0.005,3.0,COOLDOWN,0.1271004306704052,0.4
1704359460.0,8787.714051576771,SCALE,0.005,3.0,COOLDOWN,0.12705341181149649,0.4
1704359520.0,8786.979499098772,SCALE,0.005,3.0,COOLDOWN,0.12712638017115765,0.4
1704359580.0,8786.41086075677,SCALE,0.005,3.0,COOLDOWN,0.12718286709115187,0.4
1704359640.0,8786.09727127277,SCALE,0.005,3.0,COOLDOWN,0.12721401818101924,0.4
1704359700.0,8786.815938354772,SCALE,0.005,3.0,COOLDOWN,0.1271426278315388,0.4
1704359760.0,8787.861726924772,SCALE,0.005,3.0,COOLDOWN,0.12703874216129624,0.4
1704359820.0,8787.96851208677,SCALE,0.005,3.0,COOLDOWN,0.1270281344261914,0.4
1704359880.0,8788.124130132772,SCALE,0.005,3.0,COOLDOWN,0.1270126757709006,0.4
1704359940.0,8787.417524184772,SCALE,0.005,3.0,COOLDOWN,0.12708286800153992,0.4
1704360000.0,8786.358203610771,SCALE,0.005,3.0,COOLDOWN,0.12718809790267738,0.4
1704360060.0,8787.273084750772,SCALE,0.005,3.0,COOLDOWN,0.12709721620522177,0.4
1704360120.0,8788.108538910772,SCALE,0.005,3.0,COOLDOWN,0.12701422455867073,0.4
1704360180.0,8788.87397965877,SCALE,0.005,3.0,COOLDOWN,0.12693818784588012,0.4
1704360240.0,8788.78219737077,SCALE,0.005,3.0,COOLDOWN,0.12694730523803643,0.4
1704360300.0,8789.254052466771,SCALE,0.005,3.0,COOLDOWN,0.12690043249118152,0.4
1704360360.0,8789.88829161077,SCALE,0.005,3.0,COOLDOWN,0.12683742897358863,0.4
1704360420.0,8790.043909656772,SCALE,0.005,3.0,COOLDOWN,0.12682197031829784,0.4
1704360480.0,8789.627065098772,SCALE,0.005,3.0,COOLDOWN,0.12686337847434107,0.4
1704360540.0,8789.525280894772,SCALE,0.005,3.0,COOLDOWN,0.12687348942846313,0.4
1704360600.0,8790.63225765677,SCALE,0.005,3.0,COOLDOWN,0.1267635254967831,0.4
1704360660.0,8790.89995599677,SCALE,0.005,3.0,COOLDOWN,0.12673693310299392,0.4
1704360720.0,8791.565083410771,SCALE,0.005,3.0,COOLDOWN,0.1266708612322714,0.4
1704360780.0,8792.274336924771,SCALE,0.005,3.0,COOLDOWN,0.1266004059999353,0.4
1704360840.0,8788.996356042771,SCALE,0.005,3.0,COOLDOWN,0.12692603132300498,0.4
1704360900.0,8787.909088938772,SCALE,0.005,3.0,COOLDOWN,0.1270340373531643,0.4
1704360960.0,8788.030876974772,SCALE,0.005,3.0,COOLDOWN,0.12702193927511074,0.4
1704361020.0,8788.873391310772,SCALE,0.005,3.0,COOLDOWN,0.12693824629070152,0.4
1704361080.0,8788.651584114772,SCALE,0.005,3.0,COOLDOWN,0.12696027998841258,0.4
1704361140.0,8787.94703738477,SCALE,0.005,3.0,COOLDOWN,0.12703026766217668,0.4
1704361200.0,8788.636581240771,SCALE,0.005,3.0,COOLDOWN,0.1269617703313613,0.4
1704361260.0,8788.38417994877,SCALE,0.005,3.0,COOLDOWN,0.12698684315979117,0.4
1704361320.0,8789.293177608772,SCALE,0.005,3.0,COOLDOWN,0.12689654591055072,0.4
1704361380.0,8789.086373286771,SCALE,0.005,3.0,COOLDOWN,0.12691708926531323,0.4
1704361440.0,8788.57303965677,SCALE,0.005,3.0,COOLDOWN,0.12696808237208496,0.4
1704361500.0,8789.016359874771,SCALE,0.005,3.0,COOLDOWN,0.12692404419907347,0.4
1704361560.0,8789.241991332772,SCALE,0.005,3.0,COOLDOWN,0.12690163061002246,0.4
1704361620.0,8788.653054984772,SCALE,0.005,3.0,COOLDOWN,0.1269601338763588,0.4
1704361680.0,8788.888982532771,SCALE,0.005,3.0,COOLDOWN,0.1269366975029314,0.4
1704361740.0,8788.74366057677,SCALE,0.005,3.0,COOLDOWN,0.12695113337384564,0.4
1704361800.0,8790.452811516772,SCALE,0.005,3.0,COOLDOWN,0.12678135116734499,0.4
1704361860.0,8789.755030788772,SCALE,0.005,3.0,COOLDOWN,0.12685066672566153,0.4
1704361920.0,8790.445162992772,SCALE,0.005,3.0,COOLDOWN,0.12678211095002473,0.4
1704361980.0,8790.439279512771,SCALE,0.005,3.0,COOLDOWN,0.12678269539823991,0.4
1704362040.0,8790.767577696772,SCALE,0.005,3.0,COOLDOWN,0.12675008318783462,0.4
1704362100.0,8791.462122510771,SCALE,0.005,3.0,COOLDOWN,0.12668108907603645,0.4
1704362160.0,8790.725510814771,SCALE,0.005,3.0,COOLDOWN,0.126754261992573,0.4
1704362220.0,8789.880054738771,SCALE,0.005,3.0,COOLDOWN,0.12683824720108977,0.4
1704362280.0,8790.115982286772,SCALE,0.005,3.0,COOLDOWN,0.12681481082766222,0.4
1704362340.0,8790.11627646077,SCALE,0.005,3.0,COOLDOWN,0.12681478160525161,0.4
1704362400.0,8789.913884748772,SCALE,0.005,3.0,COOLDOWN,0.12683488662385256,0.4
1704362460.0,8791.515662178772,SCALE,0.005,3.0,COOLDOWN,0.12667577059727853,0.4
1704362520.0,8791.153239810772,SCALE,0.005,3.0,COOLDOWN,0.12671177260733163,0.4
1704362580.0,8792.246390394772,SCALE,0.005,3.0,COOLDOWN,0.12660318212895716,0.4
1704362640.0,8791.736292678772,SCALE,0.005,3.0,COOLDOWN,0.12665385378921049,0.4
1704362700.0,8791.392109098771,SCALE,0.005,3.0,COOLDOWN,0.1266880440097967,0.4
1704362760.0,8790.12068907077,SCALE,0.005,3.0,COOLDOWN,0.12681434326909025,0.4
1704362820.0,8789.365838586771,SCALE,0.005,3.0,COOLDOWN,0.1268893279750937,0.4
1704362880.0,8788.770430410772,SCALE,0.005,3.0,COOLDOWN,0.1269484741344666,0.4
1704362940.0,8788.770724584772,SCALE,0.005,3.0,COOLDOWN,0.1269484449120558,0.4
1704363000.0,8788.238857992772,SCALE,0.005,3.0,COOLDOWN,0.1270012790307052,0.4
1704363060.0,8788.23944634077,SCALE,0.005,3.0,COOLDOWN,0.1270012205858838,0.4
1704363120.0,8787.987339222771,SCALE,0.005,3.0,COOLDOWN,0.1270262641919029,0.4
1704363180.0,8787.772003854772,SCALE,0.005,3.0,COOLDOWN,0.1270476549965772,0.4
1704363240.0,8788.105891344772,SCALE,0.005,3.0,COOLDOWN,0.12701448756036754,0.4
1704363300.0,8787.384282522771,SCALE,0.005,3.0,COOLDOWN,0.12708617013395554,0.4
1704363360.0,8785.802508924771,SCALE,0.005,3.0,COOLDOWN,0.1272432990365981,0.4
1704363420.0,8785.891349472771,SCALE,0.005,3.0,COOLDOWN,0.12723447386854936,0.4
1704363480.0,8785.876052424772,SCALE,0.005,3.0,COOLDOWN,0.12723599343390868,0.4
1704363540.0,8785.332418872771,SCALE,0.005,3.0,COOLDOWN,0.12728999644898845,0.4
1704363600.0,8784.44519008877,SCALE,0.005,3.0,COOLDOWN,0.1273781312398328,0.4
1704363660.0,8785.035891480771,SCALE,0.005,3.0,COOLDOWN,0.12731945263903188,0.4
1704363720.0,8785.09560880277,SCALE,0.005,3.0,COOLDOWN,0.1273135204896482,0.4
1704363780.0,8783.743290924771,SCALE,0.005,3.0,COOLDOWN,0.12744785591189994,0.4
1704363840.0,8783.299382358771,SCALE,0.005,3.0,COOLDOWN,0.12749195252973283,0.4
1704363900.0,8780.431480032772,SCALE,0.005,3.0,COOLDOWN,0.12777684181220664,0.4
1704363960.0,8782.007370150772,SCALE,0.005,3.0,COOLDOWN,0.12762029735777927,0.4
1704364020.0,8784.30898752677,SCALE,0.005,3.0,COOLDOWN,0.12739166121601347,0.4
1704364080.0,8784.53697237677,SCALE,0.005,3.0,COOLDOWN,0.1273690138476765,0.4
1704364140.0,8783.61120679877,SCALE,0.005,3.0,COOLDOWN,0.12746097677433005,0.4
1704364200.0,8784.127482168771,SCALE,0.005,3.0,COOLDOWN,0.12740969144345074,0.4
1704364260.0,8782.930488162772,SCALE,0.005,3.0,COOLDOWN,0.1275285974328225,0.4
1704364320.0,8785.59129199277,SCALE,0.005,3.0,COOLDOWN,0.127264280727522,0.4
1704364380.0,8787.388695132771,SCALE,0.005,3.0,COOLDOWN,0.12708573179779417,0.4
1704364440.0,8786.751514248772,SCALE,0.005,3.0,COOLDOWN,0.12714902753949464,0.4
1704364500.0,8786.853004278772,SCALE,0.005,3.0,COOLDOWN,0.12713894580778337,0.4
1704364560.0,8786.390562750772,SCALE,0.005,3.0,COOLDOWN,0.12718488343749398,0.4
1704364620.0,8787.543136482771,SCALE,0.005,3.0,COOLDOWN,0.12707039003214657,0.4
1704364680.0,8789.006357958771,SCALE,0.005,3.0,COOLDOWN,0.12692503776103922,0.4
1704364740.0,8789.124027558772,SCALE,0.005,3.0,COOLDOWN,0.12691334879673624,0.4
1704364800.0,8790.480758046771,SCALE,0.005,3.0,COOLDOWN,0.12677857503832313,0.4
1704364860.0,8792.588808930772,SCALE,0.005,3.0,COOLDOWN,0.12656916724283554,0.4
1704364920.0,8791.864258368772,SCALE,0.005,3.0,COOLDOWN,0.12664114204053095,0.4
1704364980.0,8791.252082274772,SCALE,0.005,3.0,COOLDOWN,0.12670195387731717,0.4
1704365040.0,8790.300429384772,SCALE,0.005,3.0,COOLDOWN,0.12679648837611737,0.4
1704365100.0,8789.888879958771,SCALE,0.005,3.0,COOLDOWN,0.12683737052876703,0.4
1704365160.0,8790.714626376772,SCALE,0.005,3.0,COOLDOWN,0.12675534322177096,0.4
1704365220.0,8791.826309922772,SCALE,0.005,3.0,COOLDOWN,0.12664491173151876,0.4
1704365280.0,8791.819543920772,SCALE,0.005,3.0,COOLDOWN,0.12664558384696611,0.4
1704365340.0,8791.726584936772,SCALE,0.005,3.0,COOLDOWN,0.12665481812876545,0.4
1704365400.0,8790.775226220772,SCALE,0.005,3.0,COOLDOWN,0.12674932340515488,0.4
1704365460.0,8791.182951384772,SCALE,0.005,3.0,COOLDOWN,0.12670882114384519,0.4
1704365520.0,8791.064105088772,SCALE,0.005,3.0,COOLDOWN,0.12672062699779119,0.4
1704365580.0,8790.93878696477,SCALE,0.005,3.0,COOLDOWN,0.1267330757447739,0.4
1704365640.0,8791.794539130771,SCALE,0.005,3.0,COOLDOWN,0.1266480677518806,0.4
1704365700.0,8791.82542740077,SCALE,0.005,3.0,COOLDOWN,0.12664499939875112,0.4
1704365760.0,8791.16794851077,SCALE,0.005,3.0,COOLDOWN,0.1267103114867939,0.4
1704365820.0,8791.734233460771,SCALE,0.005,3.0,COOLDOWN,0.12665405834608587,0.4
1704365880.0,8791.94750961077,SCALE,0.005,3.0,COOLDOWN,0.12663287209828678,0.4
1704365940.0,8792.043704508771,SCALE,0.005,3.0,COOLDOWN,0.1266233163699691,0.4
1704366000.0,8792.654703906772,SCALE,0.005,3.0,COOLDOWN,0.12656262142282587,0.4
1704366060.0,8793.125970654772,SCALE,0.005,3.0,COOLDOWN,0.12651580712079255,0.4
1704366120.0,8793.712847784771,SCALE,0.005,3.0,COOLDOWN,0.1264575084113316,0.4
1704366180.0,8792.703536790772,SCALE,0.005,3.0,COOLDOWN,0.12655777050264014,0.4
1704366240.0,8793.12508813277,SCALE,0.005,3.0,COOLDOWN,0.1265158947880249,0.4
1704366300.0,8793.01212531677,SCALE,0.005,3.0,COOLDOWN,0.12652711619375573,0.4
1704366360.0,8791.221782352772,SCALE,0.005,3.0,COOLDOWN,0.1267049637856252,0.4
1704366420.0,8791.156181550772,SCALE,0.005,3.0,COOLDOWN,0.12671148038322405,0.4
1704366480.0,8791.82984001077,SCALE,0.005,3.0,COOLDOWN,0.12664456106258976,0.4
1704366540.0,8791.346217954771,SCALE,0.005,3.0,COOLDOWN,0.12669260270587485,0.4
1704366600.0,8792.438780190772,SCALE,0.005,3.0,COOLDOWN,0.12658407067232175,0.4
1704366660.0,8791.495658346772,SCALE,0.005,3.0,COOLDOWN,0.12667775772121004,0.4
1704366720.0,8790.21511892477,SCALE,0.005,3.0,COOLDOWN,0.12680496287523713,0.4
1704366780.0,8790.938492790772,SCALE,0.005,3.0,COOLDOWN,0.1267331049671845,0.4
1704366840.0,8790.94731801077,SCALE,0.005,3.0,COOLDOWN,0.12673222829486194,0.4
1704366900.0,8790.759046650772,SCALE,0.005,3.0,COOLDOWN,0.1267509306377466,0.4
1704366960.0,8789.172272094771,SCALE,0.005,3.0,COOLDOWN,0.12690855632137207,0.4
1704367020.0,8788.744543098772,SCALE,0.005,3.0,COOLDOWN,0.12695104570661325,0.4
1704367080.0,8791.526546616771,SCALE,0.005,3.0,COOLDOWN,0.12667468936808057,0.4
1704367140.0,8791.359161610771,SCALE,0.005,3.0,COOLDOWN,0.1266913169198015,0.4
1704367200.0,8792.157549846772,SCALE,0.005,3.0,COOLDOWN,0.1266120072970059,0.4
1704367260.0,8792.667353388772,SCALE,0.005,3.0,COOLDOWN,0.12656136485916333,0.4
1704367320.0,8792.974176870772,SCALE,0.005,3.0,COOLDOWN,0.12653088588474334,0.4
1704367380.0,8793.703140042771,SCALE,0.005,3.0,COOLDOWN,0.12645847275088656,0.4
1704367440.0,8793.006536010771,SCALE,0.005,3.0,COOLDOWN,0.12652767141956012,0.4
1704367500.0,8792.948289558772,SCALE,0.005,3.0,COOLDOWN,0.12653345745689001,0.4
1704367560.0,8792.369060952771,SCALE,0.005,3.0,COOLDOWN,0.12659099638367138,0.4
1704367620.0,8792.945053644771,SCALE,0.005,3.0,COOLDOWN,0.1265337789034084,0.4
1704367680.0,8793.11096778077,SCALE,0.005,3.0,COOLDOWN,0.12651729746374124,0.4
1704367740.0,8793.110673606772,SCALE,0.005,3.0,COOLDOWN,0.12651732668615187,0.4
1704367800.0,8793.889646358772,SCALE,0.005,3.0,COOLDOWN,0.12643994574246634,0.4
1704367860.0,8794.919549532771,SCALE,0.005,3.0,COOLDOWN,0.1263376380824047,0.4
1704367920.0,8796.596047158771,SCALE,0.005,3.0,COOLDOWN,0.12617109956349826,0.4
1704367980.0,8795.808543360772,SCALE,0.005,3.0,COOLDOWN,0.12624932795709576,0.4
1704368040.0,8796.00652246277,SCALE,0.005,3.0,COOLDOWN,0.12622966127465618,0.4
1704368100.0,8796.008287506771,SCALE,0.005,3.0,COOLDOWN,0.1262294859401916,0.4
1704368160.0,8796.23156557277,SCALE,0.005,3.0,COOLDOWN,0.12620730613042674,0.4
1704368220.0,8794.79305471277,SCALE,0.005,3.0,COOLDOWN,0.12635020371903044,0.4
1704368280.0,8795.360222184772,SCALE,0.005,3.0,COOLDOWN,0.12629386291109002,0.4
1704368340.0,8794.79305471277,SCALE,0.005,3.0,COOLDOWN,0.12635020371903044,0.4
1704368400.0,8794.565069862772,SCALE,0.005,3.0,COOLDOWN,0.12637285108736726,0.4
1704368460.0,8793.55369965077,SCALE,0.005,3.0,COOLDOWN,0.12647331773555137,0.4
1704368520.0,8793.723143874771,SCALE,0.005,3.0,COOLDOWN,0.12645648562695505,0.4
1704368580.0,8794.47505261877,SCALE,0.005,3.0,COOLDOWN,0.12638179314505918,0.4
1704368640.0,8794.418865384772,SCALE,0.005,3.0,COOLDOWN,0.1263873746255137,0.4
1704368700.0,8795.21578275077,SCALE,0.005,3.0,COOLDOWN,0.12630821111477206,0.4
1704368760.0,8794.793937234772,SCALE,0.005,3.0,COOLDOWN,0.12635011605179805,0.4
1704368820.0,8795.611446780771,SCALE,0.005,3.0,COOLDOWN,0.1262689069723033,0.4
1704368880.0,8795.261085546772,SCALE,0.005,3.0,COOLDOWN,0.1263037108635153,0.4
1704368940.0,8794.982796942772,SCALE,0.005,3.0,COOLDOWN,0.12633135526409184,0.4
1704369000.0,8794.946907714771,SCALE,0.005,3.0,COOLDOWN,0.12633492039820424,0.4
1704369060.0,8794.434456606772,SCALE,0.005,3.0,COOLDOWN,0.12638582583774358,0.4
1704369120.0,8795.23725745277,SCALE,0.005,3.0,COOLDOWN,0.12630607787878675,0.4
1704369180.0,8794.76157809477,SCALE,0.005,3.0,COOLDOWN,0.12635333051698147,0.4
1704369240.0,8795.091347148771,SCALE,0.005,3.0,COOLDOWN,0.1263205721945224,0.4
1704369300.0,8794.02496639877,SCALE,0.005,3.0,COOLDOWN,0.12642650343351802,0.4
1704369360.0,8794.124397210771,SCALE,0.005,3.0,COOLDOWN,0.12641662625868194,0.4
1704369420.0,8794.678621026771,SCALE,0.005,3.0,COOLDOWN,0.12636157123681505,0.4
1704369480.0,8795.076050100772,SCALE,0.005,3.0,COOLDOWN,0.12632209175988174,0.4
1704369540.0,8795.075461752771,SCALE,0.005,3.0,COOLDOWN,0.1263221502047033,0.4
1704369600.0,8795.469654912771,SCALE,0.005,3.0,COOLDOWN,0.12628299217428837,0.4
1704369660.0,8796.301578984772,SCALE,0.005,3.0,COOLDOWN,0.12620035119666634,0.4
1704369720.0,8794.215296976772,SCALE,0.005,3.0,COOLDOWN,0.12640759653375783,0.4
1704369780.0,8793.336599238772,SCALE,0.005,3.0,COOLDOWN,0.12649488387469024,0.4
1704369840.0,8793.910826886771,SCALE,0.005,3.0,COOLDOWN,0.12643784172889183,0.4
1704369900.0,8793.313653666772,SCALE,0.005,3.0,COOLDOWN,0.12649716322272933,0.4
1704369960.0,8794.007021784771,SCALE,0.005,3.0,COOLDOWN,0.12642828600057415,0.4
1704370020.0,8794.180584444772,SCALE,0.005,3.0,COOLDOWN,0.12641104477822726,0.4
1704370080.0,8794.85600794877,SCALE,0.005,3.0,COOLDOWN,0.12634395012312838,0.4
1704370140.0,8795.641158354772,SCALE,0.005,3.0,COOLDOWN,0.1262659555088167,0.4
1704370200.0,8796.53662401077,SCALE,0.005,3.0,COOLDOWN,0.12617700249047134,0.4
1704370260.0,8796.120661974772,SCALE,0.005,3.0,COOLDOWN,0.12621832297928218,0.4
1704370320.0,8796.907283250772,SCALE,0.005,3.0,COOLDOWN,0.1261401822529169,0.4
1704370380.0,8796.642232476772,SCALE,0.005,3.0,COOLDOWN,0.1261665116450093,0.4
1704370440.0,8797.066725558772,SCALE,0.005,3.0,COOLDOWN,0.12612434370628633,0.4
1704370500.0,8799.78224575277,SCALE,0.005,3.0,COOLDOWN,0.1258545916325849,0.4
1704370560.0,8801.564940192771,SCALE,0.005,3.0,COOLDOWN,0.12567750382339501,0.4
1704370620.0,8800.881573990771,SCALE,0.005,3.0,COOLDOWN,0.12574538748358444,0.4
1704370680.0,8800.634467830772,SCALE,0.005,3.0,COOLDOWN,0.12576993430862057,0.4
1704370740.0,8801.178395556772,SCALE,0.005,3.0,COOLDOWN,0.1257159020711302,0.4
1704370800.0,8800.698597762772,SCALE,0.005,3.0,COOLDOWN,0.1257635638230755,0.4
1704370860.0,8800.596519384771,SCALE,0.005,3.0,COOLDOWN,0.12577370399960836,0.4
1704370920.0,8800.460905170772,SCALE,0.005,3.0,COOLDOWN,0.12578717553096744,0.4
1704370980.0,8799.919919184771,SCALE,0.005,3.0,COOLDOWN,0.12584091554435042,0.4
1704371040.0,8800.063770270772,SCALE,0.005,3.0,COOLDOWN,0.12582662578548998,0.4
1704371100.0,8798.91678584477,SCALE,0.005,3.0,COOLDOWN,0.12594056396503317,0.4
1704371160.0,8795.216076924771,SCALE,0.005,3.0,COOLDOWN,0.12630818189236126,0.4
1704371220.0,8794.137635040772,SCALE,0.005,3.0,COOLDOWN,0.12641531125019784,0.4
1704371280.0,8795.735294034772,SCALE,0.005,3.0,COOLDOWN,0.12625660433737437,0.4
1704371340.0,8794.922197098771,SCALE,0.005,3.0,COOLDOWN,0.12633737508070791,0.4
1704371400.0,8794.379151894771,SCALE,0.005,3.0,COOLDOWN,0.1263913196509661,0.4
1704371460.0,8795.091935496772,SCALE,0.005,3.0,COOLDOWN,0.1263205137497008,0.4
1704371520.0,8798.59584201077,SCALE,0.005,3.0,COOLDOWN,0.1259724456151695,0.4
1704371580.0,8798.464934580772,SCALE,0.005,3.0,COOLDOWN,0.12598544958795643,0.4
1704371640.0,8797.855111878771,SCALE,0.005,3.0,COOLDOWN,0.12604602764545664,0.4
1704371700.0,8798.026026972771,SCALE,0.005,3.0,COOLDOWN,0.12602904942480653,0.4
1704371760.0,8798.292842790772,SCALE,0.005,3.0,COOLDOWN,0.12600254469824954,0.4
1704371820.0,8799.334512924772,SCALE,0.005,3.0,COOLDOWN,0.12589906814175755,0.4
1704371880.0,8799.642218928771,SCALE,0.005,3.0,COOLDOWN,0.12586850150010537,0.4
1704371940.0,8799.265970382772,SCALE,0.005,3.0,COOLDOWN,0.125905876963464,0.4
1704372000.0,8798.803823028771,SCALE,0.005,3.0,COOLDOWN,0.12595178537076399,0.4
1704372060.0,8798.84500738877,SCALE,0.005,3.0,COOLDOWN,0.125947694233258,0.4
1704372120.0,8799.474539748771,SCALE,0.005,3.0,COOLDOWN,0.1258851582742371,0.4
1704372180.0,8798.77322893277,SCALE,0.005,3.0,COOLDOWN,0.12595482450148282,0.4
1704372240.0,8797.746267498771,SCALE,0.005,3.0,COOLDOWN,0.12605683993743685,0.4
1704372300.0,8798.751165882772,SCALE,0.005,3.0,COOLDOWN,0.12595701618228952,0.4
1704372360.0,8799.890501784772,SCALE,0.005,3.0,COOLDOWN,0.12584383778542607,0.4
1704372420.0,8799.018570048771,SCALE,0.005,3.0,COOLDOWN,0.1259304530109111,0.4
1704372480.0,8800.46414108477,SCALE,0.005,3.0,COOLDOWN,0.12578685408444926,0.4
1704372540.0,8799.48248244677,SCALE,0.005,3.0,COOLDOWN,0.12588436926914673,0.4
1704372600.0,8799.874322214771,SCALE,0.005,3.0,COOLDOWN,0.12584544501801778,0.4
1704372660.0,8799.482188272772,SCALE,0.005,3.0,COOLDOWN,0.12588439849155733,0.4
1704372720.0,8800.138196292772,SCALE,0.005,3.0,COOLDOWN,0.12581923251556837,0.4
1704372780.0,8801.096321010771,SCALE,0.005,3.0,COOLDOWN,0.12572405512373155,0.4
1704372840.0,8800.587988338772,SCALE,0.005,3.0,COOLDOWN,0.12577455144952032,0.4
1704372900.0,8800.966296102772,SCALE,0.005,3.0,COOLDOWN,0.12573697142928628,0.4
1704372960.0,8800.688301672772,SCALE,0.005,3.0,COOLDOWN,0.12576458660745204,0.4
1704373020.0,8799.601328742772,SCALE,0.005,3.0,COOLDOWN,0.12587256341520056,0.4
1704373080.0,8800.382654886771,SCALE,0.005,3.0,COOLDOWN,0.12579494869222904,0.4
1704373140.0,8801.011893072771,SCALE,0.005,3.0,COOLDOWN,0.12573244195561892,0.4
1704373200.0,8800.665061926771,SCALE,0.005,3.0,COOLDOWN,0.1257668951779019,0.4
1704373260.0,8800.900695300772,SCALE,0.005,3.0,COOLDOWN,0.12574348802688515,0.4
1704373320.0,8799.154184262772,SCALE,0.005,3.0,COOLDOWN,0.12591698147955183,0.4
1704373380.0,8798.602608012772,SCALE,0.005,3.0,COOLDOWN,0.12597177349972194,0.4
1704373440.0,8799.449240784772,SCALE,0.005,3.0,COOLDOWN,0.12588767140156218,0.4
1704373500.0,8800.089069234771,SCALE,0.005,3.0,COOLDOWN,0.1258241126581649,0.4
1704373560.0,8798.899723752771,SCALE,0.005,3.0,COOLDOWN,0.12594225886485708,0.4
1704373620.0,8798.502883026771,SCALE,0.005,3.0,COOLDOWN,0.12598167989696882,0.4
1704373680.0,8798.74616492477,SCALE,0.005,3.0,COOLDOWN,0.12595751296327248,0.4
1704373740.0,8798.480525802772,SCALE,0.005,3.0,COOLDOWN,0.12598390080018632,0.4
1704373800.0,8798.641438980772,SCALE,0.005,3.0,COOLDOWN,0.12596791614150196,0.4
1704373860.0,8798.467287972771,SCALE,0.005,3.0,COOLDOWN,0.12598521580867042,0.4
1704373920.0,8798.478466584771,SCALE,0.005,3.0,COOLDOWN,0.1259841053570617,0.4
1704373980.0,8798.478760758771,SCALE,0.005,3.0,COOLDOWN,0.1259840761346509,0.4
1704374040.0,8798.694096126772,SCALE,0.005,3.0,COOLDOWN,0.12596268532997643,0.4
1704374100.0,8798.403452214772,SCALE,0.005,3.0,COOLDOWN,0.1259915570718047,0.4
1704374160.0,8798.33490967277,SCALE,0.005,3.0,COOLDOWN,0.12599836589351132,0.4
1704374220.0,8797.86334875077,SCALE,0.005,3.0,COOLDOWN,0.12604520941795547,0.4
1704374280.0,8797.86364292477,SCALE,0.005,3.0,COOLDOWN,0.12604518019554467,0.4
1704374340.0,8797.926301986772,SCALE,0.005,3.0,COOLDOWN,0.1260389558220532,0.4
1704374400.0,8797.69596374477,SCALE,0.005,3.0,COOLDOWN,0.1260618369696764,0.4
1704374460.0,8798.654676810771,SCALE,0.005,3.0,COOLDOWN,0.125966601133018,0.4
1704374520.0,8798.654382636772,SCALE,0.005,3.0,COOLDOWN,0.12596663035542863,0.4
1704374580.0,8797.37913834677,SCALE,0.005,3.0,COOLDOWN,0.12609330950606215,0.4
1704374640.0,8797.06701973277,SCALE,0.005,3.0,COOLDOWN,0.1261243144838757,0.4
1704374700.0,8797.684785132771,SCALE,0.005,3.0,COOLDOWN,0.12606294742128515,0.4
1704374760.0,8798.276663220771,SCALE,0.005,3.0,COOLDOWN,0.12600415193084125,0.4
1704374820.0,8797.069961472771,SCALE,0.005,3.0,COOLDOWN,0.12612402225976813,0.4
1704374880.0,8796.830798010771,SCALE,0.005,3.0,COOLDOWN,0.1261477800797139,0.4
1704374940.0,8796.905224032771,SCALE,0.005,3.0,COOLDOWN,0.12614038680979228,0.4
1704375000.0,8796.066239784772,SCALE,0.005,3.0,COOLDOWN,0.1262237291252723,0.4
1704375060.0,8795.357868792771,SCALE,0.005,3.0,COOLDOWN,0.1262940966903762,0.4
1704375120.0,8796.438075720771,SCALE,0.005,3.0,COOLDOWN,0.12618679199807503,0.4
1704375180.0,8797.131149664772,SCALE,0.005,3.0,COOLDOWN,0.12611794399833046,0.4
1704375240.0,8796.545743404771,SCALE,0.005,3.0,COOLDOWN,0.1261760965957378,0.4
1704375300.0,8797.477098288771,SCALE,0.005,3.0,COOLDOWN,0.12608357844327986,0.4
1704375360.0,8797.534168044771,SCALE,0.005,3.0,COOLDOWN,0.12607790929559295,0.4
1704375420.0,8797.361193732771,SCALE,0.005,3.0,COOLDOWN,0.12609509207311825,0.4
1704375480.0,8797.39943635277,SCALE,0.005,3.0,COOLDOWN,0.12609129315971984,0.4
1704375540.0,8798.480525802772,SCALE,0.005,3.0,COOLDOWN,0.12598390080018632,0.4
1704375600.0,8797.76597715677,SCALE,0.005,3.0,COOLDOWN,0.12605488203591617,0.4
1704375660.0,8797.735383060772,SCALE,0.005,3.0,COOLDOWN,0.1260579211666348,0.4
1704375720.0,8799.009156480772,SCALE,0.005,3.0,COOLDOWN,0.12593138812805527,0.4
1704375780.0,8799.334512924772,SCALE,0.005,3.0,COOLDOWN,0.12589906814175755,0.4
1704375840.0,8798.625259410772,SCALE,0.005,3.0,COOLDOWN,0.12596952337409367,0.4
1704375900.0,8798.654676810771,SCALE,0.005,3.0,COOLDOWN,0.125966601133018,0.4
1704375960.0,8799.481894098772,SCALE,0.005,3.0,COOLDOWN,0.12588442771396813,0.4
1704376020.0,8799.922860924771,SCALE,0.005,3.0,COOLDOWN,0.12584062332024284,0.4
1704376080.0,8800.41972081077,SCALE,0.005,3.0,COOLDOWN,0.12579126666847362,0.4
1704376140.0,8800.569455376772,SCALE,0.005,3.0,COOLDOWN,0.12577639246139802,0.4
1704376200.0,8800.903637040772,SCALE,0.005,3.0,COOLDOWN,0.12574319580277757,0.4
1704376260.0,8802.714278010772,SCALE,0.005,3.0,COOLDOWN,0.1255633318645658,0.4
1704376320.0,8803.89156235877,SCALE,0.005,3.0,COOLDOWN,0.12544638377671474,0.4
1704376380.0,8803.29821340077,SCALE,0.005,3.0,COOLDOWN,0.12550532537921244,0.4
1704376440.0,8803.858909044771,SCALE,0.005,3.0,COOLDOWN,0.1254496274643088,0.4
1704376500.0,8803.747122924771,SCALE,0.005,3.0,COOLDOWN,0.12546073198039662,0.4
1704376560.0,8802.773701158772,SCALE,0.005,3.0,COOLDOWN,0.12555742893759272,0.4
1704376620.0,8802.164466804772,SCALE,0.005,3.0,COOLDOWN,0.12561794855027134,0.4
1704376680.0,8801.596710984772,SCALE,0.005,3.0,COOLDOWN,0.1256743478030332,0.4
1704376740.0,8800.087010016772,SCALE,0.005,3.0,COOLDOWN,0.1258243172150401,0.4
1704376800.0,8799.890795958772,SCALE,0.005,3.0,COOLDOWN,0.12584380856301527,0.4
1704376860.0,8798.867070438771,SCALE,0.005,3.0,COOLDOWN,0.12594550255245113,0.4
1704376920.0,8798.971502208771,SCALE,0.005,3.0,COOLDOWN,0.12593512859663225,0.4
1704376980.0,8798.216651724772,SCALE,0.005,3.0,COOLDOWN,0.12601011330263573,0.4
1704377040.0,8799.589267608771,SCALE,0.005,3.0,COOLDOWN,0.1258737615340417,0.4
1704377100.0,8799.596033610771,SCALE,0.005,3.0,COOLDOWN,0.12587308941859432,0.4
1704377160.0,8799.94963075877,SCALE,0.005,3.0,COOLDOWN,0.12583796408086398,0.4
1704377220.0,8800.117015764772,SCALE,0.005,3.0,COOLDOWN,0.12582133652914285,0.4
1704377280.0,8800.354120008771,SCALE,0.005,3.0,COOLDOWN,0.1257977832660725,0.4
1704377340.0,8799.199487058771,SCALE,0.005,3.0,COOLDOWN,0.12591248122829526,0.4
1704377400.0,8798.854420956772,SCALE,0.005,3.0,COOLDOWN,0.12594675911611367,0.4
1704377460.0,8799.501015408772,SCALE,0.005,3.0,COOLDOWN,0.12588252825726884,0.4
1704377520.0,8798.954145942771,SCALE,0.005,3.0,COOLDOWN,0.12593685271886698,0.4
1704377580.0,8798.478466584771,SCALE,0.005,3.0,COOLDOWN,0.1259841053570617,0.4
1704377640.0,8798.810000682772,SCALE,0.005,3.0,COOLDOWN,0.12595117170013803,0.4
1704377700.0,8800.017290778771,SCALE,0.005,3.0,COOLDOWN,0.12583124292638972,0.4
1704377760.0,8801.674078746772,SCALE,0.005,3.0,COOLDOWN,0.12566666230900397,0.4
1704377820.0,8801.340779604772,SCALE,0.005,3.0,COOLDOWN,0.12569977130039206,0.4
1704377880.0,8802.185647332772,SCALE,0.005,3.0,COOLDOWN,0.12561584453669686,0.4
1704377940.0,8801.149860678772,SCALE,0.005,3.0,COOLDOWN,0.12571873664497366,0.4
1704378000.0,8800.812737274771,SCALE,0.005,3.0,COOLDOWN,0.12575222552770168,0.4
1704378060.0,8801.590827504771,SCALE,0.005,3.0,COOLDOWN,0.12567493225124834,0.4
1704378120.0,8802.141521232772,SCALE,0.005,3.0,COOLDOWN,0.12562022789831043,0.4
1704378180.0,8801.662605960772,SCALE,0.005,3.0,COOLDOWN,0.12566780198302352,0.4
1704378240.0,8801.159274246771,SCALE,0.005,3.0,COOLDOWN,0.1257178015278295,0.4
1704378300.0,8800.851274068771,SCALE,0.005,3.0,COOLDOWN,0.12574839739189247,0.4
1704378360.0,8799.666929544772,SCALE,0.005,3.0,COOLDOWN,0.1258660468176017,0.4
1704378420.0,8799.291563520772,SCALE,0.005,3.0,COOLDOWN,0.12590333461372813,0.4
1704378480.0,8798.943261504772,SCALE,0.005,3.0,COOLDOWN,0.12593793394806493,0.4
1704378540.0,8799.640453884771,SCALE,0.005,3.0,COOLDOWN,0.12586867683456995,0.4
1704378600.0,8799.828725244772,SCALE,0.005,3.0,COOLDOWN,0.12584997449168514,0.4
1704378660.0,8798.833828776771,SCALE,0.005,3.0,COOLDOWN,0.12594880468486674,0.4
1704378720.0,8798.778229890771,SCALE,0.005,3.0,COOLDOWN,0.12595432772049986,0.4
1704378780.0,8798.044559934771,SCALE,0.005,3.0,COOLDOWN,0.12602720841292883,0.4
1704378840.0,8797.912475808771,SCALE,0.005,3.0,COOLDOWN,0.12604032927535894,0.4
1704378900.0,8798.541713994771,SCALE,0.005,3.0,COOLDOWN,0.1259778225387488,0.4
1704378960.0,8798.260777824771,SCALE,0.005,3.0,COOLDOWN,0.12600572994102216,0.4
1704379020.0,8798.764992060771,SCALE,0.005,3.0,COOLDOWN,0.125955642728984,0.4
1704379080.0,8799.099467898772,SCALE,0.005,3.0,COOLDOWN,0.12592241684795275,0.4
1704379140.0,8797.831283784772,SCALE,0.005,3.0,COOLDOWN,0.12604839466072792,0.4
1704379200.0,8798.86089278477,SCALE,0.005,3.0,COOLDOWN,0.12594611622307708,0.4
1704379260.0,8798.949439158772,SCALE,0.005,3.0,COOLDOWN,0.12593732027743895,0.4
1704379320.0,8800.63182026477,SCALE,0.005,3.0,COOLDOWN,0.12577019731031752,0.4
1704379380.0,8801.241937140772,SCALE,0.005,3.0,COOLDOWN,0.12570959003040652,0.4
1704379440.0,8803.363814202772,SCALE,0.005,3.0,COOLDOWN,0.1254988087816134,0.4
1704379500.0,8803.675638642771,SCALE,0.005,3.0,COOLDOWN,0.12546783302621065,0.4
1704379560.0,8801.831756010772,SCALE,0.005,3.0,COOLDOWN,0.125650999096838,0.4
1704379620.0,8803.893033228771,SCALE,0.005,3.0,COOLDOWN,0.12544623766466095,0.4
1704379680.0,8803.01727723077,SCALE,0.005,3.0,COOLDOWN,0.1255332327814858,0.4
1704379740.0,8803.436181006771,SCALE,0.005,3.0,COOLDOWN,0.12549162006856718,0.4
1704379800.0,8804.522565588772,SCALE,0.005,3.0,COOLDOWN,0.12538370170564006,0.4
1704379860.0,8807.126888010771,SCALE,0.005,3.0,COOLDOWN,0.12512499570320484,0.4
1704379920.0,8809.476749922771,SCALE,0.005,3.0,COOLDOWN,0.12489156708607473,0.4
1704379980.0,8808.844275822772,SCALE,0.005,3.0,COOLDOWN,0.12495439526920303,0.4
1704380040.0,8807.61962946077,SCALE,0.005,3.0,COOLDOWN,0.12507604816518622,0.4
1704380100.0,8810.068922184772,SCALE,0.005,3.0,COOLDOWN,0.12483274237322002,0.4
1704380160.0,8808.177383364771,SCALE,0.005,3.0,COOLDOWN,0.12502064247439015,0.4
1704380220.0,8807.656401210772,SCALE,0.005,3.0,COOLDOWN,0.12507239536384143,0.4
1704380280.0,8807.910861720771,SCALE,0.005,3.0,COOLDOWN,0.12504711797853635,0.4
1704380340.0,8809.776807402772,SCALE,0.005,3.0,COOLDOWN,0.1248617602271021,0.4
1704380400.0,8812.363185210772,SCALE,0.005,3.0,COOLDOWN,0.124604836791723,0.4
1704380460.0,8811.48095738477,SCALE,0.005,3.0,COOLDOWN,0.12469247480158459,0.4
1704380520.0,8811.788075040771,SCALE,0.005,3.0,COOLDOWN,0.1246619666047538,0.4
1704380580.0,8810.480765784772,SCALE,0.005,3.0,COOLDOWN,0.12479183099815958,0.4
1704380640.0,8808.896932968772,SCALE,0.005,3.0,COOLDOWN,0.1249491644576775,0.4
1704380700.0,8809.662373716772,SCALE,0.005,3.0,COOLDOWN,0.12487312774488671,0.4
1704380760.0,8807.933807292771,SCALE,0.005,3.0,COOLDOWN,0.12504483863049726,0.4
1704380820.0,8808.323293668771,SCALE,0.005,3.0,COOLDOWN,0.1250061481586545,0.4
1704380880.0,8809.226407848771,SCALE,0.005,3.0,COOLDOWN,0.12491643535762922,0.4
1704380940.0,8810.774939784771,SCALE,0.005,3.0,COOLDOWN,0.1247626085874023,0.4
1704381000.0,8810.95821018677,SCALE,0.005,3.0,COOLDOWN,0.12474440302550045,0.4
1704381060.0,8810.48105995877,SCALE,0.005,3.0,COOLDOWN,0.12479180177574897,0.4
1704381120.0,8811.623925948772,SCALE,0.005,3.0,COOLDOWN,0.12467827270995635,0.4
1704381180.0,8812.876224666772,SCALE,0.005,3.0,COOLDOWN,0.12455387290736208,0.4
1704381240.0,8814.03438770477,SCALE,0.005,3.0,COOLDOWN,0.12443882427621032,0.4
1704381300.0,8818.717343610771,SCALE,0.005,3.0,COOLDOWN,0.12397363271936318,0.4
1704381360.0,8817.311486064771,SCALE,0.005,3.0,COOLDOWN,0.12411328662037284,0.4
1704381420.0,8814.631560924772,SCALE,0.005,3.0,COOLDOWN,0.12437950278237266,0.4
1704381480.0,8816.312176986772,SCALE,0.005,3.0,COOLDOWN,0.12421255514971563,0.4
1704381540.0,8816.029181598771,SCALE,0.005,3.0,COOLDOWN,0.12424066710886435,0.4
1704381600.0,8816.23363252877,SCALE,0.005,3.0,COOLDOWN,0.124220357533388,0.4
1704381660.0,8814.599790132772,SCALE,0.005,3.0,COOLDOWN,0.12438265880273448,0.4
1704381720.0,8814.157940784771,SCALE,0.005,3.0,COOLDOWN,0.12442655086369217,0.4
1704381780.0,8812.305232932771,SCALE,0.005,3.0,COOLDOWN,0.1246105936066423,0.4
1704381840.0,8813.265122694771,SCALE,0.005,3.0,COOLDOWN,0.12451524088034091,0.4
1704381900.0,8815.169899344772,SCALE,0.005,3.0,COOLDOWN,0.12432602577068666,0.4
1704381960.0,8815.39258906277,SCALE,0.005,3.0,COOLDOWN,0.12430390440574342,0.4
1704382020.0,8816.691073098771,SCALE,0.005,3.0,COOLDOWN,0.1241749166846602,0.4
1704382080.0,8822.045628246771,SCALE,0.005,3.0,COOLDOWN,0.12364301036405397,0.4
1704382140.0,8823.836559558771,SCALE,0.005,3.0,COOLDOWN,0.12346510432736292,0.4
1704382200.0,8827.072473558772,SCALE,0.005,3.0,COOLDOWN,0.12314365780903143,0.4
1704382260.0,8826.071987784771,SCALE,0.005,3.0,COOLDOWN,0.1232430432280174,0.4
1704382320.0,8825.839001976772,SCALE,0.005,3.0,COOLDOWN,0.12326618737733719,0.4
1704382380.0,8822.071515558771,SCALE,0.005,3.0,COOLDOWN,0.1236404387919073,0.4
1704382440.0,8821.34166986477,SCALE,0.005,3.0,COOLDOWN,0.12371293959299648,0.4
1704382500.0,8824.483154010772,SCALE,0.005,3.0,COOLDOWN,0.1234008734685181,0.4
1704382560.0,8825.954612358772,SCALE,0.005,3.0,COOLDOWN,0.12325470296990958,0.4
1704382620.0,8825.34773139677,SCALE,0.005,3.0,COOLDOWN,0.1233149888033022,0.4
1704382680.0,8825.339494524771,SCALE,0.005,3.0,COOLDOWN,0.12331580703080336,0.4
1704382740.0,8825.65602574877,SCALE,0.005,3.0,COOLDOWN,0.12328436371682841,0.4
1704382800.0,8822.07945825677,SCALE,0.005,3.0,COOLDOWN,0.12363964978681694,0.4
1704382860.0,8821.644963258772,SCALE,0.005,3.0,COOLDOWN,0.12368281128750548,0.4
1704382920.0,8821.038964818772,SCALE,0.005,3.0,COOLDOWN,0.12374300945366572,0.4
1704382980.0,8823.60416209877,SCALE,0.005,3.0,COOLDOWN,0.1234881900318613,0.4
1704383040.0,8823.189082584771,SCALE,0.005,3.0,COOLDOWN,0.12352942285343993,0.4
1704383100.0,8822.600734584772,SCALE,0.005,3.0,COOLDOWN,0.12358786767495467,0.4
1704383160.0,8818.749996924771,SCALE,0.005,3.0,COOLDOWN,0.12397038903176916,0.4
1704383220.0,8819.482196010771,SCALE,0.005,3.0,COOLDOWN,0.12389765445139397,0.4
1704383280.0,8820.01641599477,SCALE,0.005,3.0,COOLDOWN,0.12384458655345856,0.4
1704383340.0,8820.60093973277,SCALE,0.005,3.0,COOLDOWN,0.12378652162328362,0.4
1704383400.0,8821.451690940772,SCALE,0.005,3.0,COOLDOWN,0.12370201041137308,0.4
1704383460.0,8820.33588895877,SCALE,0.005,3.0,COOLDOWN,0.12381285101537604,0.4
1704383520.0,8819.71253425277,SCALE,0.005,3.0,COOLDOWN,0.12387477330377097,0.4
1704383580.0,8819.82726211277,SCALE,0.005,3.0,COOLDOWN,0.12386337656357557,0.4
1704383640.0,8820.51504092477,SCALE,0.005,3.0,COOLDOWN,0.12379505456722477,0.4
1704383700.0,8820.729493770772,SCALE,0.005,3.0,COOLDOWN,0.1237737514297825,0.4
1704383760.0,8821.985616750771,SCALE,0.005,3.0,COOLDOWN,0.12364897173584845,0.4
1704383820.0,8821.98649927277,SCALE,0.005,3.0,COOLDOWN,0.12364888406861625,0.4
1704383880.0,8821.418449278772,SCALE,0.005,3.0,COOLDOWN,0.12370531254378869,0.4
1704383940.0,8820.809214924771,SCALE,0.005,3.0,COOLDOWN,0.1237658321564673,0.4
1704384000.0,8822.541605610772,SCALE,0.005,3.0,COOLDOWN,0.12359374137951695,0.4
1704384060.0,8822.959626864771,SCALE,0.005,3.0,COOLDOWN,0.12355221633383073,0.4
1704384120.0,8821.44904337477,SCALE,0.005,3.0,COOLDOWN,0.12370227341307004,0.4
1704384180.0,8821.20429060677,SCALE,0.005,3.0,COOLDOWN,0.12372658645882016,0.4
1704384240.0,8819.544855072772,SCALE,0.005,3.0,COOLDOWN,0.12389143007790251,0.4
1704384300.0,8819.747540958771,SCALE,0.005,3.0,COOLDOWN,0.12387129583689077,0.4
1704384360.0,8817.23088238877,SCALE,0.005,3.0,COOLDOWN,0.12412129356092041,0.4
1704384420.0,8814.36386258477,SCALE,0.005,3.0,COOLDOWN,0.12440609517616204,0.4
1704384480.0,8817.034079982772,SCALE,0.005,3.0,COOLDOWN,0.124140843353717,0.4
1704384540.0,8816.321884728772,SCALE,0.005,3.0,COOLDOWN,0.12421159081016067,0.4
1704384600.0,8818.50200824277,SCALE,0.005,3.0,COOLDOWN,0.12399502352403766,0.4
1704384660.0,8815.391412366771,SCALE,0.005,3.0,COOLDOWN,0.12430402129538641,0.4
1704384720.0,8814.834246810771,SCALE,0.005,3.0,COOLDOWN,0.1243593685413609,0.4
1704384780.0,8815.550854674771,SCALE,0.005,3.0,COOLDOWN,0.12428818274875585,0.4
1704384840.0,8817.188227158771,SCALE,0.005,3.0,COOLDOWN,0.1241255308104802,0.4
1704384900.0,8817.515348646772,SCALE,0.005,3.0,COOLDOWN,0.12409303548971791,0.4
1704384960.0,8818.61938366877,SCALE,0.005,3.0,COOLDOWN,0.12398336378214547,0.4
1704385020.0,8820.220866924772,SCALE,0.005,3.0,COOLDOWN,0.12382427697798204,0.4
1704385080.0,8820.186742740772,SCALE,0.005,3.0,COOLDOWN,0.12382766677762987,0.4
1704385140.0,8819.58927534677,SCALE,0.005,3.0,COOLDOWN,0.12388701749387833,0.4
1704385200.0,8818.91738193077,SCALE,0.005,3.0,COOLDOWN,0.12395376148004822,0.4
1704385260.0,8817.835115784772,SCALE,0.005,3.0,COOLDOWN,0.12406127072922458,0.4
1704385320.0,8816.691367272771,SCALE,0.005,3.0,COOLDOWN,0.1241748874622494,0.4
1704385380.0,8815.601452602772,SCALE,0.005,3.0,COOLDOWN,0.12428315649410551,0.4
1704385440.0,8814.42681582077,SCALE,0.005,3.0,COOLDOWN,0.12439984158025996,0.4
1704385500.0,8815.928868264771,SCALE,0.005,3.0,COOLDOWN,0.12425063195093262,0.4
1704385560.0,8816.102725098772,SCALE,0.005,3.0,COOLDOWN,0.12423336150617494,0.4
1704385620.0,8816.469265902771,SCALE,0.005,3.0,COOLDOWN,0.12419695038237125,0.4
1704385680.0,8816.305705158771,SCALE,0.005,3.0,COOLDOWN,0.12421319804275238,0.4
1704385740.0,8815.657934010771,SCALE,0.005,3.0,COOLDOWN,0.1242775457912402,0.4
1704385800.0,8813.540175384771,SCALE,0.005,3.0,COOLDOWN,0.12448791792628275,0.4
1704385860.0,8814.908967006771,SCALE,0.005,3.0,COOLDOWN,0.1243519460490285,0.4
1704385920.0,8814.337092750771,SCALE,0.005,3.0,COOLDOWN,0.1244087544155409,0.4
1704385980.0,8814.131465124772,SCALE,0.005,3.0,COOLDOWN,0.12442918088066024,0.4
1704386040.0,8814.205596972772,SCALE,0.005,3.0,COOLDOWN,0.12442181683314943,0.4
1704386100.0,8814.075277890772,SCALE,0.005,3.0,COOLDOWN,0.12443476236111495,0.4
1704386160.0,8814.827186634771,SCALE,0.005,3.0,COOLDOWN,0.12436006987921906,0.4
1704386220.0,8815.383763842772,SCALE,0.005,3.0,COOLDOWN,0.12430478107806599,0.4
1704386280.0,8816.324238120771,SCALE,0.005,3.0,COOLDOWN,0.12421135703087469,0.4
1704386340.0,8816.305705158771,SCALE,0.005,3.0,COOLDOWN,0.12421319804275238,0.4
1704386400.0,8815.705296024771,SCALE,0.005,3.0,COOLDOWN,0.12427284098310826,0.4
1704386460.0,8815.281391290771,SCALE,0.005,3.0,COOLDOWN,0.12431495047700963,0.4
1704386520.0,8814.581257170772,SCALE,0.005,3.0,COOLDOWN,0.12438449981461219,0.4
1704386580.0,8816.717254584772,SCALE,0.005,3.0,COOLDOWN,0.12417231589010275,0.4
1704386640.0,8817.49887490277,SCALE,0.005,3.0,COOLDOWN,0.12409467194472042,0.4
1704386700.0,8817.502110816771,SCALE,0.005,3.0,COOLDOWN,0.12409435049820204,0.4
1704386760.0,8817.243531870772,SCALE,0.005,3.0,COOLDOWN,0.1241200369972577,0.4
1704386820.0,8818.372277508772,SCALE,0.005,3.0,COOLDOWN,0.12400791060718158,0.4
1704386880.0,8820.08642940677,SCALE,0.005,3.0,COOLDOWN,0.12383763161969832,0.4
1704386940.0,8818.893848010772,SCALE,0.005,3.0,COOLDOWN,0.12395609927290871,0.4
1704387000.0,8818.96327307477,SCALE,0.005,3.0,COOLDOWN,0.12394920278397006,0.4
1704387060.0,8818.809420072772,SCALE,0.005,3.0,COOLDOWN,0.12396448610479607,0.4
1704387120.0,8817.456219672771,SCALE,0.005,3.0,COOLDOWN,0.1240989091942802,0.4
1704387180.0,8816.110079448772,SCALE,0.005,3.0,COOLDOWN,0.12423263094590598,0.4
1704387240.0,8816.583993762772,SCALE,0.005,3.0,COOLDOWN,0.12418555364217584,0.4
1704387300.0,8816.540750184771,SCALE,0.005,3.0,COOLDOWN,0.12418984933655722,0.4
1704387360.0,8817.29383562477,SCALE,0.005,3.0,COOLDOWN,0.12411503996501834,0.4
1704387420.0,8816.734022502771,SCALE,0.005,3.0,COOLDOWN,0.12417065021268962,0.4
1704387480.0,8816.69077892477,SCALE,0.005,3.0,COOLDOWN,0.124174945907071,0.4
1704387540.0,8816.826393138772,SCALE,0.005,3.0,COOLDOWN,0.12416147437571172,0.4
1704387600.0,8817.631547376772,SCALE,0.005,3.0,COOLDOWN,0.12408149263746872,0.4
1704387660.0,8816.01153115877,SCALE,0.005,3.0,COOLDOWN,0.12424242045350985,0.4
1704387720.0,8815.305513558771,SCALE,0.005,3.0,COOLDOWN,0.12431255423932756,0.4
1704387780.0,8814.834540984772,SCALE,0.005,3.0,COOLDOWN,0.12435933931895012,0.4
1704387840.0,8815.867680072772,SCALE,0.005,3.0,COOLDOWN,0.1242567102123701,0.4
1704387900.0,8817.768632460771,SCALE,0.005,3.0,COOLDOWN,0.12406787499405583,0.4
1704387960.0,8817.685675392771,SCALE,0.005,3.0,COOLDOWN,0.12407611571388939,0.4
1704388020.0,8818.042214280771,SCALE,0.005,3.0,COOLDOWN,0.12404069815205146,0.4
1704388080.0,8818.072220028771,SCALE,0.005,3.0,COOLDOWN,0.1240377174661542,0.4
1704388140.0,8819.926398750771,SCALE,0.005,3.0,COOLDOWN,0.1238535286111503,0.4
1704388200.0,8819.717829384772,SCALE,0.005,3.0,COOLDOWN,0.12387424730037722,0.4
1704388260.0,8820.584465988772,SCALE,0.005,3.0,COOLDOWN,0.12378815807828594,0.4
1704388320.0,8822.497479510772,SCALE,0.005,3.0,COOLDOWN,0.12359812474113054,0.4
1704388380.0,8822.836367958771,SCALE,0.005,3.0,COOLDOWN,0.12356446052393809,0.4
1704388440.0,8823.865682784772,SCALE,0.005,3.0,COOLDOWN,0.12346221130869788,0.4
1704388500.0,8822.117406702771,SCALE,0.005,3.0,COOLDOWN,0.12363588009582914,0.4
1704388560.0,8823.123187608771,SCALE,0.005,3.0,COOLDOWN,0.1235359686734496,0.4
1704388620.0,8821.288424370772,SCALE,0.005,3.0,COOLDOWN,0.12371822884934341,0.4
1704388680.0,8821.845589926772,SCALE,0.005,3.0,COOLDOWN,0.12366288160336893,0.4
1704388740.0,8822.507481426772,SCALE,0.005,3.0,COOLDOWN,0.12359713117916478,0.4
1704388800.0,8824.296941868772,SCALE,0.005,3.0,COOLDOWN,0.12341937125452752,0.4
1704388860.0,8823.669762900772,SCALE,0.005,3.0,COOLDOWN,0.12348167343426225,0.4
1704388920.0,8823.542091384772,SCALE,0.005,3.0,COOLDOWN,0.12349435596053099,0.4
1704388980.0,8824.383134850772,SCALE,0.005,3.0,COOLDOWN,0.12341080908817557,0.4
1704389040.0,8824.666130238771,SCALE,0.005,3.0,COOLDOWN,0.12338269712902705,0.4
1704389100.0,8824.731436866772,SCALE,0.005,3.0,COOLDOWN,0.1233762097538388,0.4
1704389160.0,8824.191039228772,SCALE,0.005,3.0,COOLDOWN,0.12342989132240018,0.4
1704389220.0,8821.777635732771,SCALE,0.005,3.0,COOLDOWN,0.12366963198025396,0.4
1704389280.0,8821.482579210771,SCALE,0.005,3.0,COOLDOWN,0.12369894205824362,0.4
1704389340.0,8821.824115224772,SCALE,0.005,3.0,COOLDOWN,0.12366501483935421,0.4
1704389400.0,8822.687515914771,SCALE,0.005,3.0,COOLDOWN,0.12357924706378132,0.4
1704389460.0,8821.693796142772,SCALE,0.005,3.0,COOLDOWN,0.12367796036731973,0.4
1704389520.0,8819.623987878771,SCALE,0.005,3.0,COOLDOWN,0.12388356924940891,0.4
1704389580.0,8820.783915960772,SCALE,0.005,3.0,COOLDOWN,0.12376834528379238,0.4
1704389640.0,8821.230766266772,SCALE,0.005,3.0,COOLDOWN,0.12372395644185191,0.4
1704389700.0,8820.455911950772,SCALE,0.005,3.0,COOLDOWN,0.12380092827178688,0.4
1704389760.0,8820.064072182771,SCALE,0.005,3.0,COOLDOWN,0.12383985252291582,0.4
1704389820.0,8819.600159784772,SCALE,0.005,3.0,COOLDOWN,0.1238859362646802,0.4
1704389880.0,8819.601042306771,SCALE,0.005,3.0,COOLDOWN,0.123885848597448,0.4
1704389940.0,8820.186742740772,SCALE,0.005,3.0,COOLDOWN,0.12382766677762987,0.4
1704390000.0,8817.029373198771,SCALE,0.005,3.0,COOLDOWN,0.12414131091228917,0.4
1704390060.0,8816.540750184771,SCALE,0.005,3.0,COOLDOWN,0.12418984933655722,0.4
1704390120.0,8816.025357336772,SCALE,0.005,3.0,COOLDOWN,0.12424104700020414,0.4
1704390180.0,8815.891508166771,SCALE,0.005,3.0,COOLDOWN,0.12425434319709883,0.4
1704390240.0,8814.313558830772,SCALE,0.005,3.0,COOLDOWN,0.1244110922084014,0.4
1704390300.0,8815.240501104772,SCALE,0.005,3.0,COOLDOWN,0.12431901239210484,0.4
1704390360.0,8816.622236382771,SCALE,0.005,3.0,COOLDOWN,0.12418175472877743,0.4
1704390420.0,8816.947887000772,SCALE,0.005,3.0,COOLDOWN,0.12414940552006895,0.4
1704390480.0,8817.134687490772,SCALE,0.005,3.0,COOLDOWN,0.12413084928923793,0.4
1704390540.0,8816.34688951877,SCALE,0.005,3.0,COOLDOWN,0.12420910690524639,0.4
1704390600.0,8816.690484750772,SCALE,0.005,3.0,COOLDOWN,0.12417497512948161,0.4
1704390660.0,8819.352465276772,SCALE,0.005,3.0,COOLDOWN,0.12391054153453791,0.4
1704390720.0,8819.869328994771,SCALE,0.005,3.0,COOLDOWN,0.1238591977588372,0.4
1704390780.0,8820.738024816772,SCALE,0.005,3.0,COOLDOWN,0.12377290397987055,0.4
1704390840.0,8819.305985784771,SCALE,0.005,3.0,COOLDOWN,0.12391515867543766,0.4
1704390900.0,8819.111242596771,SCALE,0.005,3.0,COOLDOWN,0.12393450391135905,0.4
1704390960.0,8819.030344746772,SCALE,0.005,3.0,COOLDOWN,0.12394254007431722,0.4
1704391020.0,8818.802359896772,SCALE,0.005,3.0,COOLDOWN,0.12396518744265424,0.4
1704391080.0,8818.894142184772,SCALE,0.005,3.0,COOLDOWN,0.12395607005049791,0.4
1704391140.0,8819.012105958771,SCALE,0.005,3.0,COOLDOWN,0.12394435186378432,0.4
1704391200.0,8819.509554192771,SCALE,0.005,3.0,COOLDOWN,0.12389493676719351,0.4
1704391260.0,8820.587113554771,SCALE,0.005,3.0,COOLDOWN,0.12378789507658915,0.4
1704391320.0,8820.706842372772,SCALE,0.005,3.0,COOLDOWN,0.12377600155541078,0.4
1704391380.0,8822.105051394772,SCALE,0.005,3.0,COOLDOWN,0.12363710743708088,0.4
1704391440.0,8821.13251215077,SCALE,0.005,3.0,COOLDOWN,0.12373371672704499,0.4
1704391500.0,8820.812156664771,SCALE,0.005,3.0,COOLDOWN,0.12376553993235972,0.4
1704391560.0,8821.891481070772,SCALE,0.005,3.0,COOLDOWN,0.12365832290729077,0.4
1704391620.0,8821.265478798772,SCALE,0.005,3.0,COOLDOWN,0.1237205081973825,0.4
1704391680.0,8821.574655672772,SCALE,0.005,3.0,COOLDOWN,0.1236897954436765,0.4
1704391740.0,8820.784798482771,SCALE,0.005,3.0,COOLDOWN,0.12376825761656018,0.4
1704391800.0,8820.157619514772,SCALE,0.005,3.0,COOLDOWN,0.12383055979629491,0.4
1704391860.0,8819.729007996772,SCALE,0.005,3.0,COOLDOWN,0.12387313684876847,0.4
1704391920.0,8819.607219960772,SCALE,0.005,3.0,COOLDOWN,0.12388523492682203,0.4
1704391980.0,8818.282260264772,SCALE,0.005,3.0,COOLDOWN,0.12401685266487332,0.4
1704392040.0,8818.659097158772,SCALE,0.005,3.0,COOLDOWN,0.12397941875669309,0.4
1704392100.0,8818.658802984772,SCALE,0.005,3.0,COOLDOWN,0.12397944797910389,0.4
1704392160.0,8820.12967298477,SCALE,0.005,3.0,COOLDOWN,0.12383333592531695,0.4
1704392220.0,8820.662127924772,SCALE,0.005,3.0,COOLDOWN,0.12378044336184595,0.4
1704392280.0,8820.776561610772,SCALE,0.005,3.0,COOLDOWN,0.12376907584406134,0.4
1704392340.0,8818.97180412077,SCALE,0.005,3.0,COOLDOWN,0.12394835533405811,0.4
1704392400.0,8817.514171950772,SCALE,0.005,3.0,COOLDOWN,0.1240931523793609,0.4
1704392460.0,8816.66077317677,SCALE,0.005,3.0,COOLDOWN,0.12417792659296824,0.4
1704392520.0,8816.540750184771,SCALE,0.005,3.0,COOLDOWN,0.12418984933655722,0.4
1704392580.0,8820.412080024771,SCALE,0.005,3.0,COOLDOWN,0.12380528241098983,0.4
1704392640.0,8819.894922132771,SCALE,0.005,3.0,COOLDOWN,0.12385665540910133,0.4
1704392700.0,8820.30147060077,SCALE,0.005,3.0,COOLDOWN,0.12381627003743464,0.4
1704392760.0,8819.599865610771,SCALE,0.005,3.0,COOLDOWN,0.123885965487091,0.4
1704392820.0,8819.230677240772,SCALE,0.005,3.0,COOLDOWN,0.12392263961259146,0.4
1704392880.0,8819.632518924771,SCALE,0.005,3.0,COOLDOWN,0.12388272179949696,0.4
1704392940.0,8818.607616708772,SCALE,0.005,3.0,COOLDOWN,0.12398453267857562,0.4
1704393000.0,8819.551915248772,SCALE,0.005,3.0,COOLDOWN,0.12389072874004435,0.4
1704393060.0,8819.655758670771,SCALE,0.005,3.0,COOLDOWN,0.12388041322904708,0.4
1704393120.0,8819.880507606771,SCALE,0.005,3.0,COOLDOWN,0.12385808730722846,0.4
1704393180.0,8819.841088290772,SCALE,0.005,3.0,COOLDOWN,0.12386200311026986,0.4
1704393240.0,8819.379823458772,SCALE,0.005,3.0,COOLDOWN,0.12390782385033745,0.4
1704393300.0,8819.71253425277,SCALE,0.005,3.0,COOLDOWN,0.12387477330377097,0.4
1704393360.0,8819.012105958771,SCALE,0.005,3.0,COOLDOWN,0.12394435186378432,0.4
1704393420.0,8818.822069554772,SCALE,0.005,3.0,COOLDOWN,0.12396322954113353,0.4
1704393480.0,8818.60791088277,SCALE,0.005,3.0,COOLDOWN,0.123984503456165,0.4
1704393540.0,8821.364909610771,SCALE,0.005,3.0,COOLDOWN,0.1237106310225466,0.4
1704393600.0,8821.188993558771,SCALE,0.005,3.0,COOLDOWN,0.1237281060241795,0.4
1704393660.0,8821.953845958771,SCALE,0.005,3.0,COOLDOWN,0.12365212775621029,0.4
1704393720.0,8821.609074030772,SCALE,0.005,3.0,COOLDOWN,0.1236863764216179,0.4
1704393780.0,8821.288130196772,SCALE,0.005,3.0,COOLDOWN,0.12371825807175421,0.4
1704393840.0,8821.682323356772,SCALE,0.005,3.0,COOLDOWN,0.12367910004133928,0.4
1704393900.0,8822.895202758771,SCALE,0.005,3.0,COOLDOWN,0.1235586160417866,0.4
1704393960.0,8822.508658122772,SCALE,0.005,3.0,COOLDOWN,0.12359701428952179,0.4
1704394020.0,8821.986205098772,SCALE,0.005,3.0,COOLDOWN,0.12364891329102687,0.4
1704394080.0,8822.518365864771,SCALE,0.005,3.0,COOLDOWN,0.12359604994996683,0.4
1704394140.0,8822.130350358771,SCALE,0.005,3.0,COOLDOWN,0.1236345943097558,0.4
1704394200.0,8821.985910924772,SCALE,0.005,3.0,COOLDOWN,0.12364894251343765,0.4
1704394260.0,8820.981600888772,SCALE,0.005,3.0,COOLDOWN,0.12374870782376342,0.4
1704394320.0,8821.04367160277,SCALE,0.005,3.0,COOLDOWN,0.12374254189509372,0.4
1704394380.0,8821.471400598772,SCALE,0.005,3.0,COOLDOWN,0.12370005250985237,0.4
1704394440.0,8821.103388924772,SCALE,0.005,3.0,COOLDOWN,0.12373660974570985,0.4
1704394500.0,8820.89481955877,SCALE,0.005,3.0,COOLDOWN,0.12375732843493695,0.4
1704394560.0,8820.95188931477,SCALE,0.005,3.0,COOLDOWN,0.12375165928725004,0.4
1704394620.0,8821.486697646771,SCALE,0.005,3.0,COOLDOWN,0.12369853294449304,0.4
1704394680.0,8821.013960028771,SCALE,0.005,3.0,COOLDOWN,0.12374549335858018,0.4
1704394740.0,8820.746261688771,SCALE,0.005,3.0,COOLDOWN,0.12377208575236938,0.4
1704394800.0,8821.541708184772,SCALE,0.005,3.0,COOLDOWN,0.12369306835368134,0.4
1704394860.0,8821.677616572772,SCALE,0.005,3.0,COOLDOWN,0.12367956759991144,0.4
1704394920.0,8823.00375296477,SCALE,0.005,3.0,COOLDOWN,0.12354783297221716,0.4
1704394980.0,8824.441969650772,SCALE,0.005,3.0,COOLDOWN,0.12340496460602408,0.4
1704395040.0,8824.538752896771,SCALE,0.005,3.0,COOLDOWN,0.12339535043288498,0.4
1704395100.0,8823.862741044772,SCALE,0.005,3.0,COOLDOWN,0.12346250353280545,0.4
1704395160.0,8824.633182750771,SCALE,0.005,3.0,COOLDOWN,0.12338597003903187,0.4
1704395220.0,8824.370485368772,SCALE,0.005,3.0,COOLDOWN,0.12341206565183811,0.4
1704395280.0,8823.884215746772,SCALE,0.005,3.0,COOLDOWN,0.12346037029682017,0.4
1704395340.0,8823.83891295077,SCALE,0.005,3.0,COOLDOWN,0.12346487054807692,0.4
1704395400.0,8824.49815688477,SCALE,0.005,3.0,COOLDOWN,0.12339938312556957,0.4
1704395460.0,8824.623475008771,SCALE,0.005,3.0,COOLDOWN,0.12338693437858683,0.4
1704395520.0,8824.88646656477,SCALE,0.005,3.0,COOLDOWN,0.1233608095433698,0.4
1704395580.0,8825.380384710772,SCALE,0.005,3.0,COOLDOWN,0.12331174511570799,0.4
1704395640.0,8825.58718903277,SCALE,0.005,3.0,COOLDOWN,0.12329120176094566,0.4
1704395700.0,8826.689753184772,SCALE,0.005,3.0,COOLDOWN,0.12318167616542681,0.4
1704395760.0,8824.836751158771,SCALE,0.005,3.0,COOLDOWN,0.12336574813078774,0.4
1704395820.0,8826.865963410772,SCALE,0.005,3.0,COOLDOWN,0.12316417194138314,0.4
1704395880.0,8829.366736584772,SCALE,0.005,3.0,COOLDOWN,0.12291575222753441,0.4
1704395940.0,8829.718862862772,SCALE,0.005,3.0,COOLDOWN,0.12288077300185785,0.4
1704396000.0,10082.410930520868,PRO,0.005,3.0,COOLDOWN,0.0,0.45
1704396060.0,10082.410930520868,PRO,0.005,3.0,COOLDOWN,0.0,0.45
1704396120.0,10082.410930520868,PRO,0.005,3.0,COOLDOWN,0.0,0.5
1704396180.0,10082.410930520868,PRO,0.005,3.0,COOLDOWN,0.0,0.5
1704396240.0,10082.410930520868,PRO,0.005,3.0,SAFE,0.0,0.5
1704396300.0,9451.77059602755,SCALE,0.01,3.0,SAFE,0.06254856490566958,0.5
1704396360.0,9451.792636376551,SCALE,0.01,3.0,SAFE,0.06254637888596139,0.5
1704396420.0,9452.772223242751,SCALE,0.01,3.0,SAFE,0.06244922088744785,0.5
1704396480.0,9453.028033486951,SCALE,0.01,3.0,SAFE,0.062423848955480116,0.5
1704396540.0,9452.60457439455,SCALE,0.01,3.0,SAFE,0.06246584874058298,0.5
1704396600.0,9453.028175682752,SCALE,0.01,3.0,SAFE,0.062423834852127116,0.5
1704396660.0,9452.33155845855,SCALE,0.01,3.0,SAFE,0.062492927178258384,0.5
1704396720.0,9450.188809948351,SCALE,0.01,3.0,SAFE,0.06270545060395144,0.5
1704396780.0,9450.342239216552,SCALE,0.01,3.0,SAFE,0.0626902330861119,0.5
1704396840.0,9450.49140261075,SCALE,0.01,3.0,SAFE,0.06267543866886124,0.5
1704396900.0,9450.263178351752,SCALE,0.01,3.0,SAFE,0.06269807455035543,0.5
1704396960.0,9450.711379513352,SCALE,0.01,3.0,SAFE,0.0626536207818383,0.5
1704397020.0,9449.474844836552,SCALE,0.01,3.0,SAFE,0.06277626353914319,0.5
1704397080.0,9448.743674032952,SCALE,0.01,3.0,SAFE,0.06284878298004261,0.5
1704397140.0,9448.876342714351,SCALE,0.01,3.0,SAFE,0.0628356245517348,0.5
1704397200.0,9448.753769934752,SCALE,0.01,3.0,SAFE,0.06284778164198274,0.5
1704397260.0,9448.152423896552,SCALE,0.01,3.0,SAFE,0.06290742472163342,0.5
1704397320.0,9448.332301583552,SCALE,0.01,3.0,SAFE,0.06288958398014415,0.5
1704397380.0,9448.32106811535,SCALE,0.01,3.0,SAFE,0.06289069814502783,0.5
1704397440.0,9448.553558248352,SCALE,0.01,3.0,SAFE,0.06286763916294476,0.5
1704397500.0,9448.007952963751,SCALE,0.01,3.0,SAFE,0.06292175372823673,0.5
1704397560.0,9446.320799796751,SCALE,0.01,3.0,SAFE,0.06308909001105904,0.5
1704397620.0,9446.655955297352,SCALE,0.01,3.0,SAFE,0.06305584840814177,0.5
1704397680.0,9446.771560482752,SCALE,0.01,3.0,SAFE,0.06304438238218864,0.5
1704397740.0,9447.36892503855,SCALE,0.01,3.0,SAFE,0.06298513419642084,0.5
1704397800.0,9448.289216256151,SCALE,0.01,3.0,SAFE,0.06289385729608991,0.5
1704397860.0,9448.069808136752,SCALE,0.01,3.0,SAFE,0.06291561876970087,0.5
1704397920.0,9447.454242518552,SCALE,0.01,3.0,SAFE,0.06297667218464714,0.5
1704397980.0,9446.91489384915,SCALE,0.01,3.0,SAFE,0.06303016620240914,0.5
1704398040.0,9446.57234416695,SCALE,0.01,3.0,SAFE,0.06306414117968002,0.5
1704398100.0,9447.141269562751,SCALE,0.01,3.0,SAFE,0.06300771366450321,0.5
1704398160.0,9446.572486362751,SCALE,0.01,3.0,SAFE,0.06306412707632703,0.5
1704398220.0,9446.420621248351,SCALE,0.01,3.0,SAFE,0.06307918945728394,0.5
1704398280.0,9446.598934781552,SCALE,0.01,3.0,SAFE,0.06306150385267711,0.5
1704398340.0,9446.522433441152,SCALE,0.01,3.0,SAFE,0.06306909145656739,0.5
1704398400.0,9447.156768904952,SCALE,0.01,3.0,SAFE,0.063006176399031,0.5
1704398460.0,9446.601067718551,SCALE,0.01,3.0,SAFE,0.06306129230238285,0.5
1704398520.0,9447.04727813895,SCALE,0.01,3.0,SAFE,0.06301703598080716,0.5
1704398580.0,9447.34517833995,SCALE,0.01,3.0,SAFE,0.06298748945636448,0.5
1704398640.0,9447.001348895552,SCALE,0.01,3.0,SAFE,0.06302159136381182,0.5
1704398700.0,9447.21222526695,SCALE,0.01,3.0,SAFE,0.06300067609137829,0.5
1704398760.0,9446.587274725951,SCALE,0.01,3.0,SAFE,0.06306266032761962,0.5
1704398820.0,9445.861365166951,SCALE,0.01,3.0,SAFE,0.06313465794445969,0.5
1704398880.0,9445.719595954351,SCALE,0.01,3.0,SAFE,0.06314871898735673,0.5
1704398940.0,9446.008822211552,SCALE,0.01,3.0,SAFE,0.0631200327674443,0.5
1704399000.0,9446.212162205551,SCALE,0.01,3.0,SAFE,0.06309986497271738,0.5
1704399060.0,9446.089020642752,SCALE,0.01,3.0,SAFE,0.06311207847637713,0.5
1704399120.0,9446.29875944775,SCALE,0.01,3.0,SAFE,0.06309127603076724,0.5
1704399180.0,9446.422327597951,SCALE,0.01,3.0,SAFE,0.06307902021704849,0.5
1704399240.0,9446.927833666952,SCALE,0.01,3.0,SAFE,0.06302888279729,0.5
1704399300.0,9446.73032370075,SCALE,0.01,3.0,SAFE,0.06304847235454594,0.5
1704399360.0,9446.66320728315,SCALE,0.01,3.0,SAFE,0.06305512913714116,0.5
1704399420.0,9447.515244516751,SCALE,0.01,3.0,SAFE,0.06297062184622908,0.5
1704399480.0,9447.030925621952,SCALE,0.01,3.0,SAFE,0.063018657866397,0.5
1704399540.0,9446.959116742952,SCALE,0.01,3.0,SAFE,0.06302578005963975,0.5
1704399600.0,9447.867890100752,SCALE,0.01,3.0,SAFE,0.06293564553089832,0.5
1704399660.0,9448.035681144751,SCALE,0.01,3.0,SAFE,0.06291900357441037,0.5
1704399720.0,9447.567999158551,SCALE,0.01,3.0,SAFE,0.06296538950228245,0.5
1704399780.0,9447.868032296552,SCALE,0.01,3.0,SAFE,0.06293563142754532,0.5
1704399840.0,9447.60041980095,SCALE,0.01,3.0,SAFE,0.06296217393780856,0.5
1704399900.0,9447.748587824552,SCALE,0.01,3.0,SAFE,0.06294747824402835,0.5
1704399960.0,9446.905082338952,SCALE,0.01,3.0,SAFE,0.06303113933376302,0.5
1704400020.0,9447.750151978351,SCALE,0.01,3.0,SAFE,0.06294732310714592,0.5
1704400080.0,9447.452536168952,SCALE,0.01,3.0,SAFE,0.0629768414248826,0.5
1704400140.0,9448.152139504951,SCALE,0.01,3.0,SAFE,0.06290745292833942,0.5
1704400200.0,9448.380363763952,SCALE,0.01,3.0,SAFE,0.06288481704684505,0.5
1704400260.0,9448.492982837552,SCALE,0.01,3.0,SAFE,0.06287364719130399,0.5
1704400320.0,9448.648402846951,SCALE,0.01,3.0,SAFE,0.06285823222652318,0.5
1704400380.0,9448.99137911655,SCALE,0.01,3.0,SAFE,0.06282421493919348,0.5
1704400440.0,9448.957820907752,SCALE,0.01,3.0,SAFE,0.062827543330491,0.5
1704400500.0,9448.653948483152,SCALE,0.01,3.0,SAFE,0.06285768219575784,0.5
1704400560.0,9448.676984202752,SCALE,0.01,3.0,SAFE,0.06285539745257901,0.5
1704400620.0,9451.60195180875,SCALE,0.01,3.0,SAFE,0.06256529148227535,0.5
1704400680.0,9454.10886376275,SCALE,0.01,3.0,SAFE,0.06231664936966203,0.5
1704400740.0,9453.413384104952,SCALE,0.01,3.0,SAFE,0.06238562886896948,0.5
1704400800.0,9452.37435939435,SCALE,0.01,3.0,SAFE,0.06248868206901862,0.5
1704400860.0,9452.545136550152,SCALE,0.01,3.0,SAFE,0.06247174394211841,0.5
1704400920.0,9453.041399892152,SCALE,0.01,3.0,SAFE,0.06242252324030217,0.5
1704400980.0,9451.918053072151,SCALE,0.01,3.0,SAFE,0.06253393972865419,0.5
1704401040.0,9451.81808942475,SCALE,0.01,3.0,SAFE,0.06254385438578229,0.5
1704401100.0,9451.867715758952,SCALE,0.01,3.0,SAFE,0.06253893231560056,0.5
1704401160.0,9451.197404757751,SCALE,0.01,3.0,SAFE,0.06260541552143492,0.5
1704401220.0,9450.83807597115,SCALE,0.01,3.0,SAFE,0.06264105469435464,0.5
1704401280.0,9451.492603238552,SCALE,0.01,3.0,SAFE,0.06257613696069833,0.5
1704401340.0,9450.489127477951,SCALE,0.01,3.0,SAFE,0.0626756643225085,0.5
1704401400.0,9450.212841038552,SCALE,0.01,3.0,SAFE,0.0627030671373018,0.5
1704401460.0,9449.385972461552,SCALE,0.01,3.0,SAFE,0.0627850781347406,0.5
1704401520.0,9450.349349006552,SCALE,0.01,3.0,SAFE,0.0626895279184641,0.5
1704401580.0,9449.85863130075,SCALE,0.01,3.0,SAFE,0.06273819858951518,0.5
1704401640.0,9449.641071726752,SCALE,0.01,3.0,SAFE,0.06275977671953768,0.5
1704401700.0,9449.419388474551,SCALE,0.01,3.0,SAFE,0.06278176384679608,0.5
1704401760.0,9449.119639728151,SCALE,0.01,3.0,SAFE,0.06281149371482721,0.5
1704401820.0,9449.141964468752,SCALE,0.01,3.0,SAFE,0.06280927948841301,0.5
1704401880.0,9449.489491003951,SCALE,0.01,3.0,SAFE,0.0627748108937888,0.5
1704401940.0,9448.757751417152,SCALE,0.01,3.0,SAFE,0.06284738674810002,0.5
1704402000.0,9449.548644456752,SCALE,0.01,3.0,SAFE,0.062768943898959,0.5
