Bar,Timestamp,Equity,Balance,UnrealizedPnL,PositionQty,Type
0,1704056460.0,10000.00,10000.00,0.00,0.00000000,BAR
1,1704056520.0,10000.00,10000.00,0.00,0.00000000,BAR
2,1704056580.0,10000.00,10000.00,0.00,0.00000000,BAR
3,1704056640.0,10000.00,10000.00,0.00,0.00000000,BAR
4,1704056700.0,10000.00,10000.00,0.00,0.00000000,BAR
5,1704056760.0,10000.00,10000.00,0.00,0.00000000,BAR
6,1704056820.0,10000.00,10000.00,0.00,0.00000000,BAR
7,1704056880.0,10000.00,10000.00,0.00,0.00000000,BAR
8,1704056940.0,10000.00,10000.00,0.00,0.00000000,BAR
9,1704057000.0,10000.00,10000.00,0.00,0.00000000,BAR
10,1704057060.0,10000.00,10000.00,0.00,0.00000000,BAR
11,1704057120.0,10000.00,10000.00,0.00,0.00000000,BAR
12,1704057180.0,10000.00,10000.00,0.00,0.00000000,BAR
13,1704057240.0,10000.00,10000.00,0.00,0.00000000,BAR
14,1704057300.0,10000.00,10000.00,0.00,0.00000000,BAR
15,1704057360.0,10000.00,10000.00,0.00,0.00000000,BAR
16,1704057420.0,10000.00,10000.00,0.00,0.00000000,BAR
17,1704057480.0,10000.00,10000.00,0.00,0.00000000,BAR
18,1704057540.0,10000.00,10000.00,0.00,0.00000000,BAR
19,1704057600.0,10000.00,10000.00,0.00,0.00000000,BAR
20,1704057660.0,10000.00,10000.00,0.00,0.00000000,BAR
21,1704057720.0,10000.00,10000.00,0.00,0.00000000,BAR
22,1704057780.0,10000.00,10000.00,0.00,0.00000000,BAR
23,1704057840.0,10000.00,10000.00,0.00,0.00000000,BAR
24,1704057900.0,10000.00,10000.00,0.00,0.00000000,BAR
25,1704057960.0,10000.00,10000.00,0.00,0.00000000,BAR
26,1704058020.0,10000.00,10000.00,0.00,0.00000000,BAR
27,1704058080.0,10000.00,10000.00,0.00,0.00000000,BAR
28,1704058140.0,10000.00,10000.00,0.00,0.00000000,BAR
29,1704058200.0,10000.00,10000.00,0.00,0.00000000,BAR
30,1704058260.0,10000.00,10000.00,0.00,0.00000000,BAR
31,1704058320.0,10000.00,10000.00,0.00,0.00000000,BAR
32,1704058380.0,10000.00,10000.00,0.00,0.00000000,BAR
33,1704058440.0,10000.00,10000.00,0.00,0.00000000,BAR
34,1704058500.0,10000.00,10000.00,0.00,0.00000000,BAR
35,1704058560.0,10000.00,10000.00,0.00,0.00000000,BAR
36,1704058620.0,10000.00,10000.00,0.00,0.00000000,BAR
37,1704058680.0,10000.00,10000.00,0.00,0.00000000,BAR
38,1704058740.0,10000.00,10000.00,0.00,0.00000000,BAR
39,1704058800.0,10000.00,10000.00,0.00,0.00000000,BAR
40,1704058860.0,10000.00,10000.00,0.00,0.00000000,BAR
41,1704058920.0,10000.00,10000.00,0.00,0.00000000,BAR
42,1704058980.0,10000.00,10000.00,0.00,0.00000000,BAR
43,1704059040.0,10000.00,10000.00,0.00,0.00000000,BAR
44,1704059100.0,10000.00,10000.00,0.00,0.00000000,BAR
45,1704059160.0,10000.00,10000.00,0.00,0.00000000,BAR
46,1704059220.0,10000.00,10000.00,0.00,0.00000000,BAR
47,1704059280.0,10000.00,10000.00,0.00,0.00000000,BAR
48,1704059340.0,10000.00,10000.00,0.00,0.00000000,BAR
49,1704059400.0,10000.00,10000.00,0.00,0.00000000,BAR
50,1704059460.0,10000.00,10000.00,0.00,0.00000000,BAR
51,1704059520.0,10000.00,10000.00,0.00,0.00000000,BAR
52,1704059580.0,10000.00,10000.00,0.00,0.00000000,BAR
53,1704059640.0,10000.00,10000.00,0.00,0.00000000,BAR
54,1704059700.0,10000.00,10000.00,0.00,0.00000000,BAR
55,1704059760.0,10000.00,10000.00,0.00,0.00000000,BAR
56,1704059820.0,10000.00,10000.00,0.00,0.00000000,BAR
57,1704059880.0,10000.00,10000.00,0.00,0.00000000,BAR
58,1704059940.0,10000.00,10000.00,0.00,0.00000000,BAR
59,1704060000.0,10000.00,10000.00,0.00,0.00000000,BAR
60,1704060060.0,10000.00,10000.00,0.00,0.00000000,BAR
61,1704060120.0,10000.00,10000.00,0.00,0.00000000,BAR
62,1704060180.0,10000.00,10000.00,0.00,0.00000000,BAR
63,1704060240.0,10000.00,10000.00,0.00,0.00000000,BAR
64,1704060300.0,10000.00,10000.00,0.00,0.00000000,BAR
65,1704060360.0,10000.00,10000.00,0.00,0.00000000,BAR
66,1704060420.0,10000.00,10000.00,0.00,0.00000000,BAR
67,1704060480.0,10000.00,10000.00,0.00,0.00000000,BAR
68,1704060540.0,10000.00,10000.00,0.00,0.00000000,BAR
69,1704060600.0,10000.00,10000.00,0.00,0.00000000,BAR
70,1704060660.0,10000.00,10000.00,0.00,0.00000000,BAR
71,1704060720.0,10000.00,10000.00,0.00,0.00000000,BAR
72,1704060780.0,10000.00,10000.00,0.00,0.00000000,BAR
73,1704060840.0,10000.00,10000.00,0.00,0.00000000,BAR
74,1704060900.0,10000.00,10000.00,0.00,0.00000000,BAR
75,1704060960.0,10000.00,10000.00,0.00,0.00000000,BAR
76,1704061020.0,10000.00,10000.00,0.00,0.00000000,BAR
77,1704061080.0,10000.00,10000.00,0.00,0.00000000,BAR
78,1704061140.0,10000.00,10000.00,0.00,0.00000000,BAR
79,1704061200.0,10000.00,10000.00,0.00,0.00000000,BAR
80,1704061260.0,10000.00,10000.00,0.00,0.00000000,BAR
81,1704061320.0,10000.00,10000.00,0.00,0.00000000,BAR
82,1704061380.0,10000.00,10000.00,0.00,0.00000000,BAR
83,1704061440.0,10000.00,10000.00,0.00,0.00000000,BAR
84,1704061500.0,10000.00,10000.00,0.00,0.00000000,BAR
85,1704061560.0,10000.00,10000.00,0.00,0.00000000,BAR
86,1704061620.0,10000.00,10000.00,0.00,0.00000000,BAR
87,1704061680.0,10000.00,10000.00,0.00,0.00000000,BAR
88,1704061740.0,10000.00,10000.00,0.00,0.00000000,BAR
89,1704061800.0,10000.00,10000.00,0.00,0.00000000,BAR
90,1704061860.0,10000.00,10000.00,0.00,0.00000000,BAR
91,1704061920.0,10000.00,10000.00,0.00,0.00000000,BAR
92,1704061980.0,10000.00,10000.00,0.00,0.00000000,BAR
93,1704062040.0,10000.00,10000.00,0.00,0.00000000,BAR
94,1704062100.0,10000.00,10000.00,0.00,0.00000000,BAR
95,1704062160.0,10000.00,10000.00,0.00,0.00000000,BAR
96,1704062220.0,10000.00,10000.00,0.00,0.00000000,BAR
97,1704062280.0,10000.00,10000.00,0.00,0.00000000,BAR
98,1704062340.0,10000.00,10000.00,0.00,0.00000000,BAR
99,1704062400.0,10000.00,10000.00,0.00,0.00000000,BAR
100,1704062460.0,10000.00,10000.00,0.00,0.00000000,BAR
101,1704062520.0,10000.00,10000.00,0.00,0.00000000,BAR
102,1704062580.0,10000.00,10000.00,0.00,0.00000000,BAR
103,1704062640.0,10000.00,10000.00,0.00,0.00000000,BAR
104,1704062700.0,10000.00,10000.00,0.00,0.00000000,BAR
105,1704062760.0,9998.75,9998.75,0.00,-0.02947005,POST_TRADE
106,1704062760.0,9998.75,9998.75,0.00,-0.02947005,BAR
107,1704062820.0,9998.11,9998.75,-0.64,-0.02947005,BAR
108,1704062880.0,9997.99,9998.75,-0.76,-0.02947005,BAR
109,1704062940.0,9998.36,9998.75,-0.39,-0.02947005,BAR
110,1704063000.0,9999.19,9998.75,0.44,-0.02947005,BAR
111,1704063060.0,10004.33,9998.75,5.58,-0.02947005,BAR
112,1704063120.0,10006.66,9998.75,7.91,-0.02947005,BAR
113,1704063180.0,10003.01,9998.75,4.26,-0.02947005,BAR
114,1704063240.0,10001.99,9998.75,3.24,-0.02947005,BAR
115,1704063300.0,10001.76,9998.75,3.01,-0.02947005,BAR
116,1704063360.0,10002.04,9998.75,3.29,-0.02947005,BAR
117,1704063420.0,10000.78,9998.75,2.03,-0.02947005,BAR
118,1704063480.0,10003.13,9998.75,4.38,-0.02947005,BAR
119,1704063540.0,10003.41,9998.75,4.66,-0.02947005,BAR
120,1704063600.0,10002.84,9998.75,4.09,-0.02947005,BAR
121,1704063660.0,10003.58,9998.75,4.83,-0.02947005,BAR
122,1704063720.0,10002.34,9998.75,3.59,-0.02947005,BAR
123,1704063780.0,10000.82,9998.75,2.07,-0.02947005,BAR
124,1704063840.0,10002.70,9998.75,3.95,-0.02947005,BAR
125,1704063900.0,10001.36,9998.75,2.61,-0.02947005,BAR
126,1704063960.0,10001.46,9998.75,2.71,-0.02947005,BAR
127,1704064020.0,10001.94,9998.75,3.19,-0.02947005,BAR
128,1704064080.0,10002.99,9998.75,4.24,-0.02947005,BAR
129,1704064140.0,10002.28,9998.75,3.53,-0.02947005,BAR
130,1704064200.0,10003.60,9998.75,4.85,-0.02947005,BAR
131,1704064260.0,10003.66,9998.75,4.91,-0.02947005,BAR
132,1704064320.0,10003.61,9998.75,4.86,-0.02947005,BAR
133,1704064380.0,10003.46,9998.75,4.71,-0.02947005,BAR
134,1704064440.0,10004.23,9998.75,5.48,-0.02947005,BAR
135,1704064500.0,10005.11,9998.75,6.36,-0.02947005,BAR
136,1704064560.0,10005.61,9998.75,6.86,-0.02947005,BAR
137,1704064620.0,10006.13,9998.75,7.38,-0.02947005,BAR
138,1704064680.0,10006.89,9998.75,8.14,-0.02947005,BAR
139,1704064740.0,10006.59,9998.75,7.84,-0.02947005,BAR
140,1704064800.0,10007.93,9998.75,9.18,-0.02947005,BAR
141,1704064860.0,10008.74,9998.75,9.99,-0.02947005,BAR
142,1704064920.0,10007.14,9998.75,8.39,-0.02947005,BAR
143,1704064980.0,10007.09,9998.75,8.34,-0.02947005,BAR
144,1704065040.0,10007.30,9998.75,8.55,-0.02947005,BAR
145,1704065100.0,10006.80,9998.75,8.05,-0.02947005,BAR
146,1704065160.0,10006.00,9998.75,7.25,-0.02947005,BAR
147,1704065220.0,10006.14,9998.75,7.39,-0.02947005,BAR
148,1704065280.0,10005.50,9998.75,6.75,-0.02947005,BAR
149,1704065340.0,10005.65,9998.75,6.90,-0.02947005,BAR
150,1704065400.0,10006.00,9998.75,7.25,-0.02947005,BAR
151,1704065460.0,10005.56,9998.75,6.81,-0.02947005,BAR
152,1704065520.0,10004.61,9998.75,5.86,-0.02947005,BAR
153,1704065580.0,10004.40,9998.75,5.65,-0.02947005,BAR
154,1704065640.0,10004.25,9998.75,5.50,-0.02947005,BAR
155,1704065700.0,10005.22,9998.75,6.47,-0.02947005,BAR
156,1704065760.0,10004.54,9998.75,5.79,-0.02947005,BAR
157,1704065820.0,10004.20,9998.75,5.45,-0.02947005,BAR
158,1704065880.0,10004.40,9998.75,5.65,-0.02947005,BAR
159,1704065940.0,10004.20,9998.75,5.45,-0.02947005,BAR
160,1704066000.0,10004.77,9998.75,6.02,-0.02947005,BAR
161,1704066060.0,10004.43,9998.75,5.68,-0.02947005,BAR
162,1704066120.0,10004.31,9998.75,5.56,-0.02947005,BAR
163,1704066180.0,10004.03,9998.75,5.28,-0.02947005,BAR
164,1704066240.0,10003.90,9998.75,5.15,-0.02947005,BAR
165,1704066300.0,10004.21,9998.75,5.46,-0.02947005,BAR
166,1704066360.0,10003.80,9998.75,5.05,-0.02947005,BAR
167,1704066420.0,10003.11,9998.75,4.36,-0.02947005,BAR
168,1704066480.0,10003.28,9998.75,4.53,-0.02947005,BAR
169,1704066540.0,10003.06,9998.75,4.31,-0.02947005,BAR
170,1704066600.0,10003.67,9998.75,4.92,-0.02947005,BAR
171,1704066660.0,10004.26,9998.75,5.51,-0.02947005,BAR
172,1704066720.0,10004.49,9998.75,5.74,-0.02947005,BAR
173,1704066780.0,10004.26,9998.75,5.51,-0.02947005,BAR
174,1704066840.0,10004.46,9998.75,5.71,-0.02947005,BAR
175,1704066900.0,10004.22,9998.75,5.47,-0.02947005,BAR
176,1704066960.0,10003.91,9998.75,5.16,-0.02947005,BAR
177,1704067020.0,10002.85,9998.75,4.10,-0.02947005,BAR
178,1704067080.0,10002.72,9998.75,3.97,-0.02947005,BAR
179,1704067140.0,10002.65,9998.75,3.90,-0.02947005,BAR
180,1704067200.0,10002.21,9998.75,3.46,-0.02947005,BAR
181,1704067260.0,10001.58,9998.75,2.83,-0.02947005,BAR
182,1704067320.0,10001.42,9998.75,2.67,-0.02947005,BAR
183,1704067380.0,10000.16,9998.75,1.41,-0.02947005,BAR
184,1704067440.0,9999.30,9998.75,0.55,-0.02947005,BAR
185,1704067500.0,9998.95,9998.75,0.20,-0.02947005,BAR
186,1704067560.0,9998.51,9998.75,-0.24,-0.02947005,BAR
187,1704067620.0,9998.79,9998.75,0.04,-0.02947005,BAR
188,1704067680.0,9998.63,9998.75,-0.12,-0.02947005,BAR
189,1704067740.0,9998.93,9998.75,0.18,-0.02947005,BAR
190,1704067800.0,9998.04,9998.75,-0.71,-0.02947005,BAR
191,1704067860.0,9996.88,9998.75,-1.87,-0.02947005,BAR
192,1704067920.0,9997.39,9998.75,-1.36,-0.02947005,BAR
193,1704067980.0,9996.86,9998.75,-1.89,-0.02947005,BAR
194,1704068040.0,9996.63,9998.75,-2.12,-0.02947005,BAR
195,1704068100.0,9995.98,9998.75,-2.77,-0.02947005,BAR
196,1704068160.0,9995.06,9998.75,-3.69,-0.02947005,BAR
197,1704068220.0,9996.17,9998.75,-2.58,-0.02947005,BAR
198,1704068280.0,9997.04,9998.75,-1.71,-0.02947005,BAR
199,1704068340.0,9997.49,9998.75,-1.26,-0.02947005,BAR
200,1704068400.0,9997.47,9998.75,-1.28,-0.02947005,BAR
201,1704068460.0,9997.86,9998.75,-0.89,-0.02947005,BAR
202,1704068520.0,9997.42,9998.75,-1.33,-0.02947005,BAR
203,1704068580.0,9997.21,9998.75,-1.54,-0.02947005,BAR
204,1704068640.0,9997.04,9998.75,-1.71,-0.02947005,BAR
205,1704068700.0,9996.27,9998.75,-2.48,-0.02947005,BAR
206,1704068760.0,9997.34,9998.75,-1.41,-0.02947005,BAR
207,1704068820.0,9998.16,9998.75,-0.59,-0.02947005,BAR
208,1704068880.0,9998.62,9998.75,-0.13,-0.02947005,BAR
209,1704068940.0,9998.64,9998.75,-0.11,-0.02947005,BAR
210,1704069000.0,9999.47,9998.75,0.72,-0.02947005,BAR
211,1704069060.0,9999.75,9998.75,1.00,-0.02947005,BAR
212,1704069120.0,10000.01,9998.75,1.26,-0.02947005,BAR
213,1704069180.0,9999.99,9998.75,1.24,-0.02947005,BAR
214,1704069240.0,10000.31,9998.75,1.56,-0.02947005,BAR
215,1704069300.0,10000.41,9998.75,1.66,-0.02947005,BAR
216,1704069360.0,9999.81,9998.75,1.06,-0.02947005,BAR
217,1704069420.0,9998.74,9998.75,-0.01,-0.02947005,BAR
218,1704069480.0,9998.97,9998.75,0.22,-0.02947005,BAR
219,1704069540.0,9997.81,9998.75,-0.94,-0.02947005,BAR
220,1704069600.0,9997.89,9998.75,-0.86,-0.02947005,BAR
221,1704069660.0,9998.52,9998.75,-0.23,-0.02947005,BAR
222,1704069720.0,9998.49,9998.75,-0.26,-0.02947005,BAR
223,1704069780.0,9998.65,9998.75,-0.10,-0.02947005,BAR
224,1704069840.0,9998.00,9998.75,-0.75,-0.02947005,BAR
225,1704069900.0,9997.39,9998.75,-1.36,-0.02947005,BAR
226,1704069960.0,9997.29,9998.75,-1.46,-0.02947005,BAR
227,1704070020.0,9997.86,9998.75,-0.89,-0.02947005,BAR
228,1704070080.0,9998.24,9998.75,-0.51,-0.02947005,BAR
229,1704070140.0,9998.56,9998.75,-0.19,-0.02947005,BAR
230,1704070200.0,9998.06,9998.75,-0.69,-0.02947005,BAR
231,1704070260.0,9998.00,9998.75,-0.75,-0.02947005,BAR
232,1704070320.0,9998.00,9998.75,-0.75,-0.02947005,BAR
233,1704070380.0,9998.00,9998.75,-0.75,-0.02947005,BAR
234,1704070440.0,9997.46,9998.75,-1.29,-0.02947005,BAR
235,1704070500.0,9997.30,9998.75,-1.45,-0.02947005,BAR
236,1704070560.0,9996.86,9998.75,-1.89,-0.02947005,BAR
237,1704070620.0,9996.55,9998.75,-2.20,-0.02947005,BAR
238,1704070680.0,9996.56,9998.75,-2.19,-0.02947005,BAR
239,1704070740.0,9997.00,9998.75,-1.75,-0.02947005,BAR
240,1704070800.0,9997.59,9998.75,-1.16,-0.02947005,BAR
241,1704070860.0,9997.91,9998.75,-0.84,-0.02947005,BAR
242,1704070920.0,9997.41,9998.75,-1.34,-0.02947005,BAR
243,1704070980.0,9998.01,9998.75,-0.74,-0.02947005,BAR
244,1704071040.0,9998.17,9998.75,-0.58,-0.02947005,BAR
245,1704071100.0,9998.01,9998.75,-0.74,-0.02947005,BAR
246,1704071160.0,9997.47,9998.75,-1.28,-0.02947005,BAR
247,1704071220.0,9997.78,9998.75,-0.97,-0.02947005,BAR
248,1704071280.0,9997.78,9998.75,-0.97,-0.02947005,BAR
249,1704071340.0,9998.14,9998.75,-0.61,-0.02947005,BAR
250,1704071400.0,9997.78,9998.75,-0.97,-0.02947005,BAR
251,1704071460.0,9997.86,9998.75,-0.89,-0.02947005,BAR
252,1704071520.0,9997.68,9998.75,-1.07,-0.02947005,BAR
253,1704071580.0,9997.12,9998.75,-1.63,-0.02947005,BAR
254,1704071640.0,9997.26,9998.75,-1.49,-0.02947005,BAR
255,1704071700.0,9996.96,9998.75,-1.79,-0.02947005,BAR
256,1704071760.0,9996.40,9998.75,-2.35,-0.02947005,BAR
257,1704071820.0,9996.46,9998.75,-2.29,-0.02947005,BAR
258,1704071880.0,9996.64,9998.75,-2.11,-0.02947005,BAR
259,1704071940.0,9996.46,9998.75,-2.29,-0.02947005,BAR
260,1704072000.0,9996.27,9998.75,-2.48,-0.02947005,BAR
261,1704072060.0,9996.19,9998.75,-2.56,-0.02947005,BAR
262,1704072120.0,9996.27,9998.75,-2.48,-0.02947005,BAR
263,1704072180.0,9996.64,9998.75,-2.11,-0.02947005,BAR
264,1704072240.0,9996.92,9998.75,-1.83,-0.02947005,BAR
265,1704072300.0,9996.64,9998.75,-2.11,-0.02947005,BAR
266,1704072360.0,9996.02,9998.75,-2.73,-0.02947005,BAR
267,1704072420.0,9996.02,9998.75,-2.73,-0.02947005,BAR
268,1704072480.0,9996.14,9998.75,-2.61,-0.02947005,BAR
269,1704072540.0,9996.47,9998.75,-2.28,-0.02947005,BAR
270,1704072600.0,9996.19,9998.75,-2.56,-0.02947005,BAR
271,1704072660.0,9995.67,9998.75,-3.08,-0.02947005,BAR
272,1704072720.0,9994.68,9998.75,-4.07,-0.02947005,BAR
273,1704072780.0,9994.35,9998.75,-4.40,-0.02947005,BAR
274,1704072840.0,9994.35,9998.75,-4.40,-0.02947005,BAR
275,1704072900.0,9992.74,9998.75,-6.01,-0.02947005,BAR
276,1704072960.0,9991.20,9998.75,-7.55,-0.02947005,BAR
277,1704073020.0,9990.05,9998.75,-8.70,-0.02947005,BAR
278,1704073080.0,9988.43,9998.75,-10.32,-0.02947005,BAR
279,1704073140.0,9989.86,9998.75,-8.89,-0.02947005,BAR
280,1704073200.0,9990.32,9998.75,-8.43,-0.02947005,BAR
281,1704073260.0,9989.51,9998.75,-9.24,-0.02947005,BAR
282,1704073320.0,9989.98,9998.75,-8.77,-0.02947005,BAR
283,1704073380.0,9990.36,9998.75,-8.39,-0.02947005,BAR
284,1704073440.0,9990.45,9998.75,-8.30,-0.02947005,BAR
285,1704073500.0,9990.51,9998.75,-8.24,-0.02947005,BAR
286,1704073560.0,9990.32,9998.75,-8.43,-0.02947005,BAR
287,1704073620.0,9991.29,9998.75,-7.46,-0.02947005,BAR
288,1704073680.0,9991.15,9998.75,-7.60,-0.02947005,BAR
289,1704073740.0,9990.44,9998.75,-8.31,-0.02947005,BAR
290,1704073800.0,9990.91,9998.75,-7.84,-0.02947005,BAR
291,1704073860.0,9990.64,9998.75,-8.11,-0.02947005,BAR
292,1704073920.0,9991.07,9998.75,-7.68,-0.02947005,BAR
293,1704073980.0,9991.56,9998.75,-7.19,-0.02947005,BAR
294,1704074040.0,9991.43,9998.75,-7.32,-0.02947005,BAR
295,1704074100.0,9991.85,9998.75,-6.90,-0.02947005,BAR
296,1704074160.0,9992.16,9998.75,-6.59,-0.02947005,BAR
297,1704074220.0,9992.55,9998.75,-6.20,-0.02947005,BAR
298,1704074280.0,9992.55,9998.75,-6.20,-0.02947005,BAR
299,1704074340.0,9992.93,9998.75,-5.82,-0.02947005,BAR
300,1704074400.0,9993.21,9998.75,-5.54,-0.02947005,BAR
301,1704074460.0,9993.39,9998.75,-5.36,-0.02947005,BAR
302,1704074520.0,9993.59,9998.75,-5.16,-0.02947005,BAR
303,1704074580.0,9993.80,9998.75,-4.95,-0.02947005,BAR
304,1704074640.0,9994.39,9998.75,-4.36,-0.02947005,BAR
305,1704074700.0,9994.10,9998.75,-4.65,-0.02947005,BAR
306,1704074760.0,9994.52,9998.75,-4.23,-0.02947005,BAR
307,1704074820.0,9994.47,9998.75,-4.28,-0.02947005,BAR
308,1704074880.0,9994.31,9998.75,-4.44,-0.02947005,BAR
309,1704074940.0,9994.83,9998.75,-3.92,-0.02947005,BAR
310,1704075000.0,9994.83,9998.75,-3.92,-0.02947005,BAR
311,1704075060.0,9994.49,9998.75,-4.26,-0.02947005,BAR
312,1704075120.0,9994.77,9998.75,-3.98,-0.02947005,BAR
313,1704075180.0,9994.77,9998.75,-3.98,-0.02947005,BAR
314,1704075240.0,9994.60,9998.75,-4.15,-0.02947005,BAR
315,1704075300.0,9994.67,9998.75,-4.08,-0.02947005,BAR
316,1704075360.0,9994.60,9998.75,-4.15,-0.02947005,BAR
317,1704075420.0,9995.36,9998.75,-3.39,-0.02947005,BAR
318,1704075480.0,9995.15,9998.75,-3.60,-0.02947005,BAR
319,1704075540.0,9995.21,9998.75,-3.54,-0.02947005,BAR
320,1704075600.0,9994.68,9998.75,-4.07,-0.02947005,BAR
321,1704075660.0,9994.68,9998.75,-4.07,-0.02947005,BAR
322,1704075720.0,9994.18,9998.75,-4.57,-0.02947005,BAR
323,1704075780.0,9994.53,9998.75,-4.22,-0.02947005,BAR
324,1704075840.0,9994.92,9998.75,-3.83,-0.02947005,BAR
325,1704075900.0,9994.92,9998.75,-3.83,-0.02947005,BAR
326,1704075960.0,9994.92,9998.75,-3.83,-0.02947005,BAR
327,1704076020.0,9994.92,9998.75,-3.83,-0.02947005,BAR
328,1704076080.0,9994.92,9998.75,-3.83,-0.02947005,BAR
329,1704076140.0,9994.92,9998.75,-3.83,-0.02947005,BAR
330,1704076200.0,9994.20,9998.75,-4.55,-0.02947005,BAR
331,1704076260.0,9993.97,9998.75,-4.78,-0.02947005,BAR
332,1704076320.0,9993.33,9998.75,-5.42,-0.02947005,BAR
333,1704076380.0,9993.33,9998.75,-5.42,-0.02947005,BAR
334,1704076440.0,9993.14,9998.75,-5.61,-0.02947005,BAR
335,1704076500.0,9993.14,9998.75,-5.61,-0.02947005,BAR
336,1704076560.0,9993.14,9998.75,-5.61,-0.02947005,BAR
337,1704076620.0,9993.80,9998.75,-4.95,-0.02947005,BAR
338,1704076680.0,9993.48,9998.75,-5.27,-0.02947005,BAR
339,1704076740.0,9994.14,9998.75,-4.61,-0.02947005,BAR
340,1704076800.0,9994.53,9998.75,-4.22,-0.02947005,BAR
341,1704076860.0,9995.21,9998.75,-3.54,-0.02947005,BAR
342,1704076920.0,9995.30,9998.75,-3.45,-0.02947005,BAR
343,1704076980.0,9995.22,9998.75,-3.53,-0.02947005,BAR
344,1704077040.0,9995.22,9998.75,-3.53,-0.02947005,BAR
345,1704077100.0,9995.22,9998.75,-3.53,-0.02947005,BAR
346,1704077160.0,9995.15,9998.75,-3.60,-0.02947005,BAR
347,1704077220.0,9995.25,9998.75,-3.50,-0.02947005,BAR
348,1704077280.0,9995.32,9998.75,-3.43,-0.02947005,BAR
349,1704077340.0,9995.93,9998.75,-2.82,-0.02947005,BAR
350,1704077400.0,9995.59,9998.75,-3.16,-0.02947005,BAR
351,1704077460.0,9993.79,9998.75,-4.96,-0.02947005,BAR
352,1704077520.0,9994.00,9998.75,-4.75,-0.02947005,BAR
353,1704077580.0,9994.03,9998.75,-4.72,-0.02947005,BAR
354,1704077640.0,9994.32,9998.75,-4.43,-0.02947005,BAR
355,1704077700.0,9994.03,9998.75,-4.72,-0.02947005,BAR
356,1704077760.0,9994.13,9998.75,-4.62,-0.02947005,BAR
357,1704077820.0,9993.88,9998.75,-4.87,-0.02947005,BAR
358,1704077880.0,9993.88,9998.75,-4.87,-0.02947005,BAR
359,1704077940.0,9993.88,9998.75,-4.87,-0.02947005,BAR
360,1704078000.0,9994.06,9998.75,-4.69,-0.02947005,BAR
361,1704078060.0,9994.27,9998.75,-4.48,-0.02947005,BAR
362,1704078120.0,9993.72,9998.75,-5.03,-0.02947005,BAR
363,1704078180.0,9993.72,9998.75,-5.03,-0.02947005,BAR
364,1704078240.0,9994.73,9998.75,-4.02,-0.02947005,BAR
365,1704078300.0,9994.79,9998.75,-3.96,-0.02947005,BAR
366,1704078360.0,9994.18,9998.75,-4.57,-0.02947005,BAR
367,1704078420.0,9994.33,9998.75,-4.42,-0.02947005,BAR
368,1704078480.0,9994.87,9998.75,-3.88,-0.02947005,BAR
369,1704078540.0,9995.13,9998.75,-3.62,-0.02947005,BAR
370,1704078600.0,9995.13,9998.75,-3.62,-0.02947005,BAR
371,1704078660.0,9994.95,9998.75,-3.80,-0.02947005,BAR
372,1704078720.0,9994.89,9998.75,-3.86,-0.02947005,BAR
373,1704078780.0,9995.29,9998.75,-3.46,-0.02947005,BAR
374,1704078840.0,9996.03,9998.75,-2.72,-0.02947005,BAR
375,1704078900.0,9996.64,9998.75,-2.11,-0.02947005,BAR
376,1704078960.0,9996.92,9998.75,-1.83,-0.02947005,BAR
377,1704079020.0,9996.92,9998.75,-1.83,-0.02947005,BAR
378,1704079080.0,9997.14,9998.75,-1.61,-0.02947005,BAR
379,1704079140.0,9997.27,9998.75,-1.48,-0.02947005,BAR
380,1704079200.0,9997.34,9998.75,-1.41,-0.02947005,BAR
381,1704079260.0,9997.13,9998.75,-1.62,-0.02947005,BAR
382,1704079320.0,9997.57,9998.75,-1.18,-0.02947005,BAR
383,1704079380.0,9998.11,9998.75,-0.64,-0.02947005,BAR
384,1704079440.0,9998.04,9998.75,-0.71,-0.02947005,BAR
385,1704079500.0,9997.82,9998.75,-0.93,-0.02947005,BAR
386,1704079560.0,9998.22,9998.75,-0.53,-0.02947005,BAR
387,1704079620.0,9998.33,9998.75,-0.42,-0.02947005,BAR
388,1704079680.0,9998.41,9998.75,-0.34,-0.02947005,BAR
389,1704079740.0,9998.35,9998.75,-0.40,-0.02947005,BAR
390,1704079800.0,9997.70,9998.75,-1.05,-0.02947005,BAR
391,1704079860.0,9997.92,9998.75,-0.83,-0.02947005,BAR
392,1704079920.0,9998.29,9998.75,-0.46,-0.02947005,BAR
393,1704079980.0,9998.84,9998.75,0.09,-0.02947005,BAR
394,1704080040.0,9998.84,9998.75,0.09,-0.02947005,BAR
395,1704080100.0,9998.85,9998.75,0.10,-0.02947005,BAR
396,1704080160.0,9998.30,9998.75,-0.45,-0.02947005,BAR
397,1704080220.0,9998.45,9998.75,-0.30,-0.02947005,BAR
398,1704080280.0,9999.22,9998.75,0.47,-0.02947005,BAR
399,1704080340.0,9999.57,9998.75,0.82,-0.02947005,BAR
400,1704080400.0,10000.04,9998.75,1.29,-0.02947005,BAR
401,1704080460.0,10000.22,9998.75,1.47,-0.02947005,BAR
402,1704080520.0,10000.88,9998.75,2.13,-0.02947005,BAR
403,1704080580.0,10003.07,9998.75,4.32,-0.02947005,BAR
404,1704080640.0,10002.10,9998.75,3.35,-0.02947005,BAR
405,1704080700.0,10002.88,9998.75,4.13,-0.02947005,BAR
406,1704080760.0,10002.83,9998.75,4.08,-0.02947005,BAR
407,1704080820.0,10002.23,9998.75,3.48,-0.02947005,BAR
408,1704080880.0,10001.75,9998.75,3.00,-0.02947005,BAR
409,1704080940.0,10000.82,9998.75,2.07,-0.02947005,BAR
410,1704081000.0,10000.93,9998.75,2.18,-0.02947005,BAR
411,1704081060.0,10001.33,9998.75,2.58,-0.02947005,BAR
412,1704081120.0,10001.33,9998.75,2.58,-0.02947005,BAR
413,1704081180.0,10001.99,9998.75,3.24,-0.02947005,BAR
414,1704081240.0,10001.67,9998.75,2.92,-0.02947005,BAR
415,1704081300.0,10001.12,9998.75,2.37,-0.02947005,BAR
416,1704081360.0,10000.88,9998.75,2.13,-0.02947005,BAR
417,1704081420.0,10001.05,9998.75,2.30,-0.02947005,BAR
418,1704081480.0,10001.64,9998.75,2.89,-0.02947005,BAR
419,1704081540.0,10001.27,9998.75,2.52,-0.02947005,BAR
420,1704081600.0,10001.10,9998.75,2.35,-0.02947005,BAR
421,1704081660.0,10000.73,9998.75,1.98,-0.02947005,BAR
422,1704081720.0,10000.40,9998.75,1.65,-0.02947005,BAR
423,1704081780.0,10000.40,9998.75,1.65,-0.02947005,BAR
424,1704081840.0,10000.43,9998.75,1.68,-0.02947005,BAR
425,1704081900.0,10000.07,9998.75,1.32,-0.02947005,BAR
426,1704081960.0,9999.89,9998.75,1.14,-0.02947005,BAR
427,1704082020.0,9999.88,9998.75,1.13,-0.02947005,BAR
428,1704082080.0,9999.88,9998.75,1.13,-0.02947005,BAR
429,1704082140.0,10000.55,9998.75,1.80,-0.02947005,BAR
430,1704082200.0,10000.69,9998.75,1.94,-0.02947005,BAR
431,1704082260.0,10000.66,9998.75,1.91,-0.02947005,BAR
432,1704082320.0,10000.87,9998.75,2.12,-0.02947005,BAR
433,1704082380.0,10002.14,9998.75,3.39,-0.02947005,BAR
434,1704082440.0,10002.53,9998.75,3.78,-0.02947005,BAR
435,1704082500.0,10003.25,9998.75,4.50,-0.02947005,BAR
436,1704082560.0,10002.60,9998.75,3.85,-0.02947005,BAR
437,1704082620.0,10003.41,9998.75,4.66,-0.02947005,BAR
438,1704082680.0,10003.43,9998.75,4.68,-0.02947005,BAR
439,1704082740.0,10003.06,9998.75,4.31,-0.02947005,BAR
440,1704082800.0,10004.27,9998.75,5.52,-0.02947005,BAR
441,1704082860.0,10004.25,9998.75,5.50,-0.02947005,BAR
442,1704082920.0,10003.36,9998.75,4.61,-0.02947005,BAR
443,1704082980.0,10002.79,9998.75,4.04,-0.02947005,BAR
444,1704083040.0,10001.72,9998.75,2.97,-0.02947005,BAR
445,1704083100.0,10002.39,9998.75,3.64,-0.02947005,BAR
446,1704083160.0,10002.43,9998.75,3.68,-0.02947005,BAR
447,1704083220.0,10002.79,9998.75,4.04,-0.02947005,BAR
448,1704083280.0,10002.76,9998.75,4.01,-0.02947005,BAR
449,1704083340.0,10001.95,9998.75,3.20,-0.02947005,BAR
450,1704083400.0,10001.76,9998.75,3.01,-0.02947005,BAR
451,1704083460.0,10002.09,9998.75,3.34,-0.02947005,BAR
452,1704083520.0,10001.84,9998.75,3.09,-0.02947005,BAR
453,1704083580.0,10001.57,9998.75,2.82,-0.02947005,BAR
454,1704083640.0,10001.57,9998.75,2.82,-0.02947005,BAR
455,1704083700.0,10001.12,9998.75,2.37,-0.02947005,BAR
456,1704083760.0,10000.99,9998.75,2.24,-0.02947005,BAR
457,1704083820.0,10001.42,9998.75,2.67,-0.02947005,BAR
458,1704083880.0,10001.57,9998.75,2.82,-0.02947005,BAR
459,1704083940.0,10001.00,9998.75,2.25,-0.02947005,BAR
460,1704084000.0,10001.14,9998.75,2.39,-0.02947005,BAR
461,1704084060.0,10000.84,9998.75,2.09,-0.02947005,BAR
462,1704084120.0,10001.22,9998.75,2.47,-0.02947005,BAR
463,1704084180.0,10001.98,9998.75,3.23,-0.02947005,BAR
464,1704084240.0,10001.84,9998.75,3.09,-0.02947005,BAR
465,1704084300.0,10001.72,9998.75,2.97,-0.02947005,BAR
466,1704084360.0,10001.13,9998.75,2.38,-0.02947005,BAR
467,1704084420.0,10001.02,9998.75,2.27,-0.02947005,BAR
468,1704084480.0,10000.63,9998.75,1.88,-0.02947005,BAR
469,1704084540.0,10000.49,9998.75,1.74,-0.02947005,BAR
470,1704084600.0,10000.72,9998.75,1.97,-0.02947005,BAR
471,1704084660.0,10000.54,9998.75,1.79,-0.02947005,BAR
472,1704084720.0,10000.48,9998.75,1.73,-0.02947005,BAR
473,1704084780.0,10000.62,9998.75,1.87,-0.02947005,BAR
474,1704084840.0,10000.20,9998.75,1.45,-0.02947005,BAR
475,1704084900.0,10000.40,9998.75,1.65,-0.02947005,BAR
476,1704084960.0,10000.40,9998.75,1.65,-0.02947005,BAR
477,1704085020.0,10000.26,9998.75,1.51,-0.02947005,BAR
478,1704085080.0,9999.25,9998.75,0.50,-0.02947005,BAR
479,1704085140.0,9999.22,9998.75,0.47,-0.02947005,BAR
480,1704085200.0,9999.21,9998.75,0.46,-0.02947005,BAR
481,1704085260.0,10000.30,9998.75,1.55,-0.02947005,BAR
482,1704085320.0,10000.46,9998.75,1.71,-0.02947005,BAR
483,1704085380.0,10001.38,9998.75,2.63,-0.02947005,BAR
484,1704085440.0,10001.55,9998.75,2.80,-0.02947005,BAR
485,1704085500.0,10000.79,9998.75,2.04,-0.02947005,BAR
486,1704085560.0,10000.77,9998.75,2.02,-0.02947005,BAR
487,1704085620.0,10000.65,9998.75,1.90,-0.02947005,BAR
488,1704085680.0,10000.86,9998.75,2.11,-0.02947005,BAR
489,1704085740.0,10000.99,9998.75,2.24,-0.02947005,BAR
490,1704085800.0,10000.80,9998.75,2.05,-0.02947005,BAR
491,1704085860.0,10000.82,9998.75,2.07,-0.02947005,BAR
492,1704085920.0,10000.93,9998.75,2.18,-0.02947005,BAR
493,1704085980.0,10000.99,9998.75,2.24,-0.02947005,BAR
494,1704086040.0,10000.63,9998.75,1.88,-0.02947005,BAR
495,1704086100.0,10000.63,9998.75,1.88,-0.02947005,BAR
496,1704086160.0,10001.05,9998.75,2.30,-0.02947005,BAR
497,1704086220.0,10000.57,9998.75,1.82,-0.02947005,BAR
498,1704086280.0,10000.40,9998.75,1.65,-0.02947005,BAR
499,1704086340.0,10000.52,9998.75,1.77,-0.02947005,BAR
500,1704086400.0,10000.65,9998.75,1.90,-0.02947005,BAR
501,1704086460.0,10000.94,9998.75,2.19,-0.02947005,BAR
502,1704086520.0,10000.93,9998.75,2.18,-0.02947005,BAR
503,1704086580.0,10001.04,9998.75,2.29,-0.02947005,BAR
504,1704086640.0,10001.04,9998.75,2.29,-0.02947005,BAR
505,1704086700.0,10001.03,9998.75,2.28,-0.02947005,BAR
506,1704086760.0,10001.22,9998.75,2.47,-0.02947005,BAR
507,1704086820.0,10002.16,9998.75,3.41,-0.02947005,BAR
508,1704086880.0,10002.22,9998.75,3.47,-0.02947005,BAR
509,1704086940.0,10002.23,9998.75,3.48,-0.02947005,BAR
510,1704087000.0,10001.94,9998.75,3.19,-0.02947005,BAR
511,1704087060.0,10002.12,9998.75,3.37,-0.02947005,BAR
512,1704087120.0,10002.11,9998.75,3.36,-0.02947005,BAR
513,1704087180.0,10001.68,9998.75,2.93,-0.02947005,BAR
514,1704087240.0,10001.79,9998.75,3.04,-0.02947005,BAR
515,1704087300.0,10002.11,9998.75,3.36,-0.02947005,BAR
516,1704087360.0,10002.56,9998.75,3.81,-0.02947005,BAR
517,1704087420.0,10002.64,9998.75,3.89,-0.02947005,BAR
518,1704087480.0,10002.50,9998.75,3.75,-0.02947005,BAR
519,1704087540.0,10002.76,9998.75,4.01,-0.02947005,BAR
520,1704087600.0,10002.54,9998.75,3.79,-0.02947005,BAR
521,1704087660.0,10002.23,9998.75,3.48,-0.02947005,BAR
522,1704087720.0,10002.48,9998.75,3.73,-0.02947005,BAR
523,1704087780.0,10002.01,9998.75,3.26,-0.02947005,BAR
524,1704087840.0,10002.17,9998.75,3.42,-0.02947005,BAR
525,1704087900.0,10002.82,9998.75,4.07,-0.02947005,BAR
526,1704087960.0,10002.96,9998.75,4.21,-0.02947005,BAR
527,1704088020.0,10003.34,9998.75,4.59,-0.02947005,BAR
528,1704088080.0,10003.61,9998.75,4.86,-0.02947005,BAR
529,1704088140.0,10003.99,9998.75,5.24,-0.02947005,BAR
530,1704088200.0,10004.52,9998.75,5.77,-0.02947005,BAR
531,1704088260.0,10004.11,9998.75,5.36,-0.02947005,BAR
532,1704088320.0,10004.11,9998.75,5.36,-0.02947005,BAR
533,1704088380.0,10003.88,9998.75,5.13,-0.02947005,BAR
534,1704088440.0,10004.29,9998.75,5.54,-0.02947005,BAR
535,1704088500.0,10004.72,9998.75,5.97,-0.02947005,BAR
536,1704088560.0,10004.92,9998.75,6.17,-0.02947005,BAR
537,1704088620.0,10004.35,9998.75,5.60,-0.02947005,BAR
538,1704088680.0,10004.18,9998.75,5.43,-0.02947005,BAR
539,1704088740.0,10004.11,9998.75,5.36,-0.02947005,BAR
540,1704088800.0,10004.52,9998.75,5.77,-0.02947005,BAR
541,1704088860.0,10004.72,9998.75,5.97,-0.02947005,BAR
542,1704088920.0,10003.90,9998.75,5.15,-0.02947005,BAR
543,1704088980.0,10003.15,9998.75,4.40,-0.02947005,BAR
544,1704089040.0,10002.84,9998.75,4.09,-0.02947005,BAR
545,1704089100.0,10002.19,9998.75,3.44,-0.02947005,BAR
546,1704089160.0,10002.13,9998.75,3.38,-0.02947005,BAR
547,1704089220.0,10002.13,9998.75,3.38,-0.02947005,BAR
548,1704089280.0,10002.46,9998.75,3.71,-0.02947005,BAR
549,1704089340.0,10002.46,9998.75,3.71,-0.02947005,BAR
550,1704089400.0,10002.69,9998.75,3.94,-0.02947005,BAR
551,1704089460.0,10002.69,9998.75,3.94,-0.02947005,BAR
552,1704089520.0,10002.93,9998.75,4.18,-0.02947005,BAR
553,1704089580.0,10003.08,9998.75,4.33,-0.02947005,BAR
554,1704089640.0,10002.87,9998.75,4.12,-0.02947005,BAR
555,1704089700.0,10002.52,9998.75,3.77,-0.02947005,BAR
556,1704089760.0,10001.91,9998.75,3.16,-0.02947005,BAR
557,1704089820.0,10001.05,9998.75,2.30,-0.02947005,BAR
558,1704089880.0,10000.99,9998.75,2.24,-0.02947005,BAR
559,1704089940.0,10000.93,9998.75,2.18,-0.02947005,BAR
560,1704090000.0,10001.64,9998.75,2.89,-0.02947005,BAR
561,1704090060.0,10002.37,9998.75,3.62,-0.02947005,BAR
562,1704090120.0,10002.57,9998.75,3.82,-0.02947005,BAR
563,1704090180.0,10002.15,9998.75,3.40,-0.02947005,BAR
564,1704090240.0,10001.84,9998.75,3.09,-0.02947005,BAR
565,1704090300.0,10001.78,9998.75,3.03,-0.02947005,BAR
566,1704090360.0,10001.78,9998.75,3.03,-0.02947005,BAR
567,1704090420.0,10001.54,9998.75,2.79,-0.02947005,BAR
568,1704090480.0,10001.54,9998.75,2.79,-0.02947005,BAR
569,1704090540.0,10001.54,9998.75,2.79,-0.02947005,BAR
570,1704090600.0,10001.73,9998.75,2.98,-0.02947005,BAR
571,1704090660.0,10001.57,9998.75,2.82,-0.02947005,BAR
572,1704090720.0,10001.69,9998.75,2.94,-0.02947005,BAR
573,1704090780.0,10000.79,9998.75,2.04,-0.02947005,BAR
574,1704090840.0,10001.08,9998.75,2.33,-0.02947005,BAR
575,1704090900.0,10000.44,9998.75,1.69,-0.02947005,BAR
576,1704090960.0,10000.63,9998.75,1.88,-0.02947005,BAR
577,1704091020.0,10000.59,9998.75,1.84,-0.02947005,BAR
578,1704091080.0,10000.67,9998.75,1.92,-0.02947005,BAR
579,1704091140.0,10000.55,9998.75,1.80,-0.02947005,BAR
580,1704091200.0,10000.13,9998.75,1.38,-0.02947005,BAR
581,1704091260.0,9999.65,9998.75,0.90,-0.02947005,BAR
582,1704091320.0,9999.65,9998.75,0.90,-0.02947005,BAR
583,1704091380.0,9999.88,9998.75,1.13,-0.02947005,BAR
584,1704091440.0,9999.88,9998.75,1.13,-0.02947005,BAR
585,1704091500.0,9999.70,9998.75,0.95,-0.02947005,BAR
586,1704091560.0,9999.56,9998.75,0.81,-0.02947005,BAR
587,1704091620.0,9999.91,9998.75,1.16,-0.02947005,BAR
588,1704091680.0,9999.70,9998.75,0.95,-0.02947005,BAR
589,1704091740.0,9999.81,9998.75,1.06,-0.02947005,BAR
590,1704091800.0,9999.91,9998.75,1.16,-0.02947005,BAR
591,1704091860.0,9999.26,9998.75,0.51,-0.02947005,BAR
592,1704091920.0,9998.81,9998.75,0.06,-0.02947005,BAR
593,1704091980.0,9998.60,9998.75,-0.15,-0.02947005,BAR
594,1704092040.0,9998.88,9998.75,0.13,-0.02947005,BAR
595,1704092100.0,9999.22,9998.75,0.47,-0.02947005,BAR
596,1704092160.0,9999.48,9998.75,0.73,-0.02947005,BAR
597,1704092220.0,9999.04,9998.75,0.29,-0.02947005,BAR
598,1704092280.0,9999.22,9998.75,0.47,-0.02947005,BAR
599,1704092340.0,9999.32,9998.75,0.57,-0.02947005,BAR
600,1704092400.0,9998.52,9998.75,-0.23,-0.02947005,BAR
601,1704092460.0,9997.81,9998.75,-0.94,-0.02947005,BAR
602,1704092520.0,9997.65,9998.75,-1.10,-0.02947005,BAR
603,1704092580.0,9997.19,9998.75,-1.56,-0.02947005,BAR
604,1704092640.0,9998.28,9998.75,-0.47,-0.02947005,BAR
605,1704092700.0,9997.67,9998.75,-1.08,-0.02947005,BAR
606,1704092760.0,9996.83,9998.75,-1.92,-0.02947005,BAR
607,1704092820.0,9997.65,9998.75,-1.10,-0.02947005,BAR
608,1704092880.0,9998.02,9998.75,-0.73,-0.02947005,BAR
609,1704092940.0,9997.12,9998.75,-1.63,-0.02947005,BAR
610,1704093000.0,9997.14,9998.75,-1.61,-0.02947005,BAR
611,1704093060.0,9997.69,9998.75,-1.06,-0.02947005,BAR
612,1704093120.0,9997.47,9998.75,-1.28,-0.02947005,BAR
613,1704093180.0,9997.47,9998.75,-1.28,-0.02947005,BAR
614,1704093240.0,9997.63,9998.75,-1.12,-0.02947005,BAR
615,1704093300.0,9997.62,9998.75,-1.13,-0.02947005,BAR
616,1704093360.0,9998.00,9998.75,-0.75,-0.02947005,BAR
617,1704093420.0,9997.75,9998.75,-1.00,-0.02947005,BAR
618,1704093480.0,9997.45,9998.75,-1.30,-0.02947005,BAR
619,1704093540.0,9997.63,9998.75,-1.12,-0.02947005,BAR
620,1704093600.0,9998.19,9998.75,-0.56,-0.02947005,BAR
621,1704093660.0,9997.86,9998.75,-0.89,-0.02947005,BAR
622,1704093720.0,9997.96,9998.75,-0.79,-0.02947005,BAR
623,1704093780.0,9997.61,9998.75,-1.14,-0.02947005,BAR
624,1704093840.0,9997.61,9998.75,-1.14,-0.02947005,BAR
625,1704093900.0,9996.99,9998.75,-1.76,-0.02947005,BAR
626,1704093960.0,9996.72,9998.75,-2.03,-0.02947005,BAR
627,1704094020.0,9996.72,9998.75,-2.03,-0.02947005,BAR
628,1704094080.0,9997.26,9998.75,-1.49,-0.02947005,BAR
629,1704094140.0,9996.63,9998.75,-2.12,-0.02947005,BAR
630,1704094200.0,9996.63,9998.75,-2.12,-0.02947005,BAR
631,1704094260.0,9996.79,9998.75,-1.96,-0.02947005,BAR
632,1704094320.0,9996.33,9998.75,-2.42,-0.02947005,BAR
633,1704094380.0,9996.48,9998.75,-2.27,-0.02947005,BAR
634,1704094440.0,9996.41,9998.75,-2.34,-0.02947005,BAR
635,1704094500.0,9996.41,9998.75,-2.34,-0.02947005,BAR
636,1704094560.0,9996.41,9998.75,-2.34,-0.02947005,BAR
637,1704094620.0,9996.33,9998.75,-2.42,-0.02947005,BAR
638,1704094680.0,9996.33,9998.75,-2.42,-0.02947005,BAR
639,1704094740.0,9996.37,9998.75,-2.38,-0.02947005,BAR
640,1704094800.0,9997.08,9998.75,-1.67,-0.02947005,BAR
641,1704094860.0,9997.39,9998.75,-1.36,-0.02947005,BAR
642,1704094920.0,9997.44,9998.75,-1.31,-0.02947005,BAR
643,1704094980.0,9997.50,9998.75,-1.25,-0.02947005,BAR
644,1704095040.0,9997.84,9998.75,-0.91,-0.02947005,BAR
645,1704095100.0,9998.13,9998.75,-0.62,-0.02947005,BAR
646,1704095160.0,9997.16,9998.75,-1.59,-0.02947005,BAR
647,1704095220.0,9997.42,9998.75,-1.33,-0.02947005,BAR
648,1704095280.0,9997.35,9998.75,-1.40,-0.02947005,BAR
649,1704095340.0,9997.35,9998.75,-1.40,-0.02947005,BAR
650,1704095400.0,9997.36,9998.75,-1.39,-0.02947005,BAR
651,1704095460.0,9997.28,9998.75,-1.47,-0.02947005,BAR
652,1704095520.0,9997.16,9998.75,-1.59,-0.02947005,BAR
653,1704095580.0,9997.16,9998.75,-1.59,-0.02947005,BAR
654,1704095640.0,9997.13,9998.75,-1.62,-0.02947005,BAR
655,1704095700.0,9997.01,9998.75,-1.74,-0.02947005,BAR
656,1704095760.0,9996.89,9998.75,-1.86,-0.02947005,BAR
657,1704095820.0,9996.90,9998.75,-1.85,-0.02947005,BAR
658,1704095880.0,9997.25,9998.75,-1.50,-0.02947005,BAR
659,1704095940.0,9996.49,9998.75,-2.26,-0.02947005,BAR
660,1704096000.0,9996.42,9998.75,-2.33,-0.02947005,BAR
661,1704096060.0,9995.54,9998.75,-3.21,-0.02947005,BAR
662,1704096120.0,9997.26,9998.75,-1.49,-0.02947005,BAR
663,1704096180.0,9997.65,9998.75,-1.10,-0.02947005,BAR
664,1704096240.0,9997.45,9998.75,-1.30,-0.02947005,BAR
665,1704096300.0,9996.86,9998.75,-1.89,-0.02947005,BAR
666,1704096360.0,9996.72,9998.75,-2.03,-0.02947005,BAR
667,1704096420.0,9996.72,9998.75,-2.03,-0.02947005,BAR
668,1704096480.0,9996.72,9998.75,-2.03,-0.02947005,BAR
669,1704096540.0,9996.72,9998.75,-2.03,-0.02947005,BAR
670,1704096600.0,9995.95,9998.75,-2.80,-0.02947005,BAR
671,1704096660.0,9995.66,9998.75,-3.09,-0.02947005,BAR
672,1704096720.0,9995.62,9998.75,-3.13,-0.02947005,BAR
673,1704096780.0,9996.19,9998.75,-2.56,-0.02947005,BAR
674,1704096840.0,9995.85,9998.75,-2.90,-0.02947005,BAR
675,1704096900.0,9995.85,9998.75,-2.90,-0.02947005,BAR
676,1704096960.0,9995.96,9998.75,-2.79,-0.02947005,BAR
677,1704097020.0,9995.85,9998.75,-2.90,-0.02947005,BAR
678,1704097080.0,9995.98,9998.75,-2.77,-0.02947005,BAR
679,1704097140.0,9995.85,9998.75,-2.90,-0.02947005,BAR
680,1704097200.0,9995.85,9998.75,-2.90,-0.02947005,BAR
681,1704097260.0,9995.51,9998.75,-3.24,-0.02947005,BAR
682,1704097320.0,9995.51,9998.75,-3.24,-0.02947005,BAR
683,1704097380.0,9995.39,9998.75,-3.36,-0.02947005,BAR
684,1704097440.0,9995.95,9998.75,-2.80,-0.02947005,BAR
685,1704097500.0,9996.93,9998.75,-1.82,-0.02947005,BAR
686,1704097560.0,9996.55,9998.75,-2.20,-0.02947005,BAR
687,1704097620.0,9996.60,9998.75,-2.15,-0.02947005,BAR
688,1704097680.0,9996.73,9998.75,-2.02,-0.02947005,BAR
689,1704097740.0,9996.80,9998.75,-1.95,-0.02947005,BAR
690,1704097800.0,9996.24,9998.75,-2.51,-0.02947005,BAR
691,1704097860.0,9996.53,9998.75,-2.22,-0.02947005,BAR
692,1704097920.0,9996.78,9998.75,-1.97,-0.02947005,BAR
693,1704097980.0,9996.78,9998.75,-1.97,-0.02947005,BAR
694,1704098040.0,9997.42,9998.75,-1.33,-0.02947005,BAR
695,1704098100.0,9996.90,9998.75,-1.85,-0.02947005,BAR
696,1704098160.0,9996.65,9998.75,-2.10,-0.02947005,BAR
697,1704098220.0,9996.92,9998.75,-1.83,-0.02947005,BAR
698,1704098280.0,9997.08,9998.75,-1.67,-0.02947005,BAR
699,1704098340.0,9997.08,9998.75,-1.67,-0.02947005,BAR
700,1704098400.0,9996.46,9998.75,-2.29,-0.02947005,BAR
701,1704098460.0,9996.48,9998.75,-2.27,-0.02947005,BAR
702,1704098520.0,9996.48,9998.75,-2.27,-0.02947005,BAR
703,1704098580.0,9996.48,9998.75,-2.27,-0.02947005,BAR
704,1704098640.0,9996.48,9998.75,-2.27,-0.02947005,BAR
705,1704098700.0,9996.48,9998.75,-2.27,-0.02947005,BAR
706,1704098760.0,9995.61,9998.75,-3.14,-0.02947005,BAR
707,1704098820.0,9995.33,9998.75,-3.42,-0.02947005,BAR
708,1704098880.0,9994.94,9998.75,-3.81,-0.02947005,BAR
709,1704098940.0,9995.35,9998.75,-3.40,-0.02947005,BAR
710,1704099000.0,9995.27,9998.75,-3.48,-0.02947005,BAR
711,1704099060.0,9995.58,9998.75,-3.17,-0.02947005,BAR
712,1704099120.0,9995.72,9998.75,-3.03,-0.02947005,BAR
713,1704099180.0,9995.58,9998.75,-3.17,-0.02947005,BAR
714,1704099240.0,9994.96,9998.75,-3.79,-0.02947005,BAR
715,1704099300.0,9994.80,9998.75,-3.95,-0.02947005,BAR
716,1704099360.0,9994.77,9998.75,-3.98,-0.02947005,BAR
717,1704099420.0,9994.86,9998.75,-3.89,-0.02947005,BAR
718,1704099480.0,9994.88,9998.75,-3.87,-0.02947005,BAR
719,1704099540.0,9994.80,9998.75,-3.95,-0.02947005,BAR
720,1704099600.0,9994.62,9998.75,-4.13,-0.02947005,BAR
721,1704099660.0,9994.23,9998.75,-4.52,-0.02947005,BAR
722,1704099720.0,9994.23,9998.75,-4.52,-0.02947005,BAR
723,1704099780.0,9994.33,9998.75,-4.42,-0.02947005,BAR
724,1704099840.0,9994.22,9998.75,-4.53,-0.02947005,BAR
725,1704099900.0,9994.71,9998.75,-4.04,-0.02947005,BAR
726,1704099960.0,9994.61,9998.75,-4.14,-0.02947005,BAR
727,1704100020.0,9994.86,9998.75,-3.89,-0.02947005,BAR
728,1704100080.0,9994.83,9998.75,-3.92,-0.02947005,BAR
729,1704100140.0,9994.86,9998.75,-3.89,-0.02947005,BAR
730,1704100200.0,9994.74,9998.75,-4.01,-0.02947005,BAR
731,1704100260.0,9994.86,9998.75,-3.89,-0.02947005,BAR
732,1704100320.0,9994.77,9998.75,-3.98,-0.02947005,BAR
733,1704100380.0,9994.77,9998.75,-3.98,-0.02947005,BAR
734,1704100440.0,9994.08,9998.75,-4.67,-0.02947005,BAR
735,1704100500.0,9993.73,9998.75,-5.02,-0.02947005,BAR
736,1704100560.0,9993.74,9998.75,-5.01,-0.02947005,BAR
737,1704100620.0,9993.49,9998.75,-5.26,-0.02947005,BAR
738,1704100680.0,9993.72,9998.75,-5.03,-0.02947005,BAR
739,1704100740.0,9993.60,9998.75,-5.15,-0.02947005,BAR
740,1704100800.0,9993.12,9998.75,-5.63,-0.02947005,BAR
741,1704100860.0,9992.91,9998.75,-5.84,-0.02947005,BAR
742,1704100920.0,9993.10,9998.75,-5.65,-0.02947005,BAR
743,1704100980.0,9992.50,9998.75,-6.25,-0.02947005,BAR
744,1704101040.0,9991.94,9998.75,-6.81,-0.02947005,BAR
745,1704101100.0,9991.79,9998.75,-6.96,-0.02947005,BAR
746,1704101160.0,9992.32,9998.75,-6.43,-0.02947005,BAR
747,1704101220.0,9992.94,9998.75,-5.81,-0.02947005,BAR
748,1704101280.0,9992.91,9998.75,-5.84,-0.02947005,BAR
749,1704101340.0,9993.68,9998.75,-5.07,-0.02947005,BAR
750,1704101400.0,9993.38,9998.75,-5.37,-0.02947005,BAR
751,1704101460.0,9992.56,9998.75,-6.19,-0.02947005,BAR
752,1704101520.0,9992.15,9998.75,-6.60,-0.02947005,BAR
753,1704101580.0,9991.75,9998.75,-7.00,-0.02947005,BAR
754,1704101640.0,9991.57,9998.75,-7.18,-0.02947005,BAR
755,1704101700.0,9991.59,9998.75,-7.16,-0.02947005,BAR
756,1704101760.0,9991.36,9998.75,-7.39,-0.02947005,BAR
757,1704101820.0,9991.35,9998.75,-7.40,-0.02947005,BAR
758,1704101880.0,9990.80,9998.75,-7.95,-0.02947005,BAR
759,1704101940.0,9990.63,9998.75,-8.12,-0.02947005,BAR
760,1704102000.0,9991.40,9998.75,-7.35,-0.02947005,BAR
761,1704102060.0,9991.73,9998.75,-7.02,-0.02947005,BAR
762,1704102120.0,9991.97,9998.75,-6.78,-0.02947005,BAR
763,1704102180.0,9991.44,9998.75,-7.31,-0.02947005,BAR
764,1704102240.0,9992.18,9998.75,-6.57,-0.02947005,BAR
765,1704102300.0,9991.85,9998.75,-6.90,-0.02947005,BAR
766,1704102360.0,9991.44,9998.75,-7.31,-0.02947005,BAR
767,1704102420.0,9990.91,9998.75,-7.84,-0.02947005,BAR
768,1704102480.0,9991.97,9998.75,-6.78,-0.02947005,BAR
769,1704102540.0,9992.25,9998.75,-6.50,-0.02947005,BAR
770,1704102600.0,9992.48,9998.75,-6.27,-0.02947005,BAR
771,1704102660.0,9992.04,9998.75,-6.71,-0.02947005,BAR
772,1704102720.0,9992.32,9998.75,-6.43,-0.02947005,BAR
773,1704102780.0,9992.08,9998.75,-6.67,-0.02947005,BAR
774,1704102840.0,9991.85,9998.75,-6.90,-0.02947005,BAR
775,1704102900.0,9992.22,9998.75,-6.53,-0.02947005,BAR
776,1704102960.0,9992.27,9998.75,-6.48,-0.02947005,BAR
777,1704103020.0,9992.69,9998.75,-6.06,-0.02947005,BAR
778,1704103080.0,9992.28,9998.75,-6.47,-0.02947005,BAR
779,1704103140.0,9991.86,9998.75,-6.89,-0.02947005,BAR
780,1704103200.0,9991.75,9998.75,-7.00,-0.02947005,BAR
781,1704103260.0,9991.68,9998.75,-7.07,-0.02947005,BAR
782,1704103320.0,9991.72,9998.75,-7.03,-0.02947005,BAR
783,1704103380.0,9991.65,9998.75,-7.10,-0.02947005,BAR
784,1704103440.0,9991.98,9998.75,-6.77,-0.02947005,BAR
785,1704103500.0,9991.04,9998.75,-7.71,-0.02947005,BAR
786,1704103560.0,9990.61,9998.75,-8.14,-0.02947005,BAR
787,1704103620.0,9990.94,9998.75,-7.81,-0.02947005,BAR
788,1704103680.0,9991.09,9998.75,-7.66,-0.02947005,BAR
789,1704103740.0,9991.73,9998.75,-7.02,-0.02947005,BAR
790,1704103800.0,9991.73,9998.75,-7.02,-0.02947005,BAR
791,1704103860.0,9991.64,9998.75,-7.11,-0.02947005,BAR
792,1704103920.0,9991.64,9998.75,-7.11,-0.02947005,BAR
793,1704103980.0,9991.17,9998.75,-7.58,-0.02947005,BAR
794,1704104040.0,9991.46,9998.75,-7.29,-0.02947005,BAR
795,1704104100.0,9991.59,9998.75,-7.16,-0.02947005,BAR
796,1704104160.0,9992.02,9998.75,-6.73,-0.02947005,BAR
797,1704104220.0,9991.92,9998.75,-6.83,-0.02947005,BAR
798,1704104280.0,9992.22,9998.75,-6.53,-0.02947005,BAR
799,1704104340.0,9992.25,9998.75,-6.50,-0.02947005,BAR
800,1704104400.0,9991.98,9998.75,-6.77,-0.02947005,BAR
801,1704104460.0,9991.44,9998.75,-7.31,-0.02947005,BAR
802,1704104520.0,9991.21,9998.75,-7.54,-0.02947005,BAR
803,1704104580.0,9991.68,9998.75,-7.07,-0.02947005,BAR
804,1704104640.0,9990.96,9998.75,-7.79,-0.02947005,BAR
805,1704104700.0,9990.60,9998.75,-8.15,-0.02947005,BAR
806,1704104760.0,9990.83,9998.75,-7.92,-0.02947005,BAR
807,1704104820.0,9990.83,9998.75,-7.92,-0.02947005,BAR
808,1704104880.0,9991.49,9998.75,-7.26,-0.02947005,BAR
809,1704104940.0,9991.37,9998.75,-7.38,-0.02947005,BAR
810,1704105000.0,9991.37,9998.75,-7.38,-0.02947005,BAR
811,1704105060.0,9991.37,9998.75,-7.38,-0.02947005,BAR
812,1704105120.0,9991.37,9998.75,-7.38,-0.02947005,BAR
813,1704105180.0,9990.79,9998.75,-7.96,-0.02947005,BAR
814,1704105240.0,9990.60,9998.75,-8.15,-0.02947005,BAR
815,1704105300.0,9990.72,9998.75,-8.03,-0.02947005,BAR
816,1704105360.0,9990.72,9998.75,-8.03,-0.02947005,BAR
817,1704105420.0,9990.69,9998.75,-8.06,-0.02947005,BAR
818,1704105480.0,9990.83,9998.75,-7.92,-0.02947005,BAR
819,1704105540.0,9990.85,9998.75,-7.90,-0.02947005,BAR
820,1704105600.0,9990.38,9998.75,-8.37,-0.02947005,BAR
821,1704105660.0,9990.38,9998.75,-8.37,-0.02947005,BAR
822,1704105720.0,9990.28,9998.75,-8.47,-0.02947005,BAR
823,1704105780.0,9990.28,9998.75,-8.47,-0.02947005,BAR
824,1704105840.0,9990.02,9998.75,-8.73,-0.02947005,BAR
825,1704105900.0,9989.79,9998.75,-8.96,-0.02947005,BAR
826,1704105960.0,9990.00,9998.75,-8.75,-0.02947005,BAR
827,1704106020.0,9990.14,9998.75,-8.61,-0.02947005,BAR
828,1704106080.0,9990.28,9998.75,-8.47,-0.02947005,BAR
829,1704106140.0,9989.68,9998.75,-9.07,-0.02947005,BAR
830,1704106200.0,9989.49,9998.75,-9.26,-0.02947005,BAR
831,1704106260.0,9989.01,9998.75,-9.74,-0.02947005,BAR
832,1704106320.0,9988.92,9998.75,-9.83,-0.02947005,BAR
833,1704106380.0,9989.37,9998.75,-9.38,-0.02947005,BAR
834,1704106440.0,9989.86,9998.75,-8.89,-0.02947005,BAR
835,1704106500.0,9990.50,9998.75,-8.25,-0.02947005,BAR
836,1704106560.0,9990.27,9998.75,-8.48,-0.02947005,BAR
837,1704106620.0,9990.27,9998.75,-8.48,-0.02947005,BAR
838,1704106680.0,9990.50,9998.75,-8.25,-0.02947005,BAR
839,1704106740.0,9990.64,9998.75,-8.11,-0.02947005,BAR
840,1704106800.0,9990.29,9998.75,-8.46,-0.02947005,BAR
841,1704106860.0,9989.27,9998.75,-9.48,-0.02947005,BAR
842,1704106920.0,9989.17,9998.75,-9.58,-0.02947005,BAR
843,1704106980.0,9989.08,9998.75,-9.67,-0.02947005,BAR
844,1704107040.0,9988.79,9998.75,-9.96,-0.02947005,BAR
845,1704107100.0,9989.01,9998.75,-9.74,-0.02947005,BAR
846,1704107160.0,9988.54,9998.75,-10.21,-0.02947005,BAR
847,1704107220.0,9988.89,9998.75,-9.86,-0.02947005,BAR
848,1704107280.0,9988.67,9998.75,-10.08,-0.02947005,BAR
849,1704107340.0,9988.90,9998.75,-9.85,-0.02947005,BAR
850,1704107400.0,9988.90,9998.75,-9.85,-0.02947005,BAR
851,1704107460.0,9989.06,9998.75,-9.69,-0.02947005,BAR
852,1704107520.0,9989.64,9998.75,-9.11,-0.02947005,BAR
853,1704107580.0,9989.79,9998.75,-8.96,-0.02947005,BAR
854,1704107640.0,9990.52,9998.75,-8.23,-0.02947005,BAR
855,1704107700.0,9990.40,9998.75,-8.35,-0.02947005,BAR
856,1704107760.0,9990.50,9998.75,-8.25,-0.02947005,BAR
857,1704107820.0,9989.98,9998.75,-8.77,-0.02947005,BAR
858,1704107880.0,9990.31,9998.75,-8.44,-0.02947005,BAR
859,1704107940.0,9990.56,9998.75,-8.19,-0.02947005,BAR
860,1704108000.0,9991.19,9998.75,-7.56,-0.02947005,BAR
861,1704108060.0,9991.48,9998.75,-7.27,-0.02947005,BAR
862,1704108120.0,9991.65,9998.75,-7.10,-0.02947005,BAR
863,1704108180.0,9991.56,9998.75,-7.19,-0.02947005,BAR
864,1704108240.0,9991.41,9998.75,-7.34,-0.02947005,BAR
865,1704108300.0,9991.00,9998.75,-7.75,-0.02947005,BAR
866,1704108360.0,9990.64,9998.75,-8.11,-0.02947005,BAR
867,1704108420.0,9990.53,9998.75,-8.22,-0.02947005,BAR
868,1704108480.0,9990.60,9998.75,-8.15,-0.02947005,BAR
869,1704108540.0,9990.94,9998.75,-7.81,-0.02947005,BAR
870,1704108600.0,9991.06,9998.75,-7.69,-0.02947005,BAR
871,1704108660.0,9991.37,9998.75,-7.38,-0.02947005,BAR
872,1704108720.0,9992.58,9998.75,-6.17,-0.02947005,BAR
873,1704108780.0,9992.25,9998.75,-6.50,-0.02947005,BAR
874,1704108840.0,9992.13,9998.75,-6.62,-0.02947005,BAR
875,1704108900.0,9991.76,9998.75,-6.99,-0.02947005,BAR
876,1704108960.0,9991.74,9998.75,-7.01,-0.02947005,BAR
877,1704109020.0,9992.50,9998.75,-6.25,-0.02947005,BAR
878,1704109080.0,9992.44,9998.75,-6.31,-0.02947005,BAR
879,1704109140.0,9992.17,9998.75,-6.58,-0.02947005,BAR
880,1704109200.0,9992.56,9998.75,-6.19,-0.02947005,BAR
881,1704109260.0,9992.91,9998.75,-5.84,-0.02947005,BAR
882,1704109320.0,9993.13,9998.75,-5.62,-0.02947005,BAR
883,1704109380.0,9993.17,9998.75,-5.58,-0.02947005,BAR
884,1704109440.0,9993.10,9998.75,-5.65,-0.02947005,BAR
885,1704109500.0,9992.57,9998.75,-6.18,-0.02947005,BAR
886,1704109560.0,9992.45,9998.75,-6.30,-0.02947005,BAR
887,1704109620.0,9992.45,9998.75,-6.30,-0.02947005,BAR
888,1704109680.0,9992.62,9998.75,-6.13,-0.02947005,BAR
889,1704109740.0,9993.04,9998.75,-5.71,-0.02947005,BAR
890,1704109800.0,9992.02,9998.75,-6.73,-0.02947005,BAR
891,1704109860.0,9991.62,9998.75,-7.13,-0.02947005,BAR
892,1704109920.0,9992.09,9998.75,-6.66,-0.02947005,BAR
893,1704109980.0,9992.09,9998.75,-6.66,-0.02947005,BAR
894,1704110040.0,9991.94,9998.75,-6.81,-0.02947005,BAR
895,1704110100.0,9990.97,9998.75,-7.78,-0.02947005,BAR
896,1704110160.0,9990.38,9998.75,-8.37,-0.02947005,BAR
897,1704110220.0,9990.38,9998.75,-8.37,-0.02947005,BAR
898,1704110280.0,9990.61,9998.75,-8.14,-0.02947005,BAR
899,1704110340.0,9990.67,9998.75,-8.08,-0.02947005,BAR
900,1704110400.0,9990.11,9998.75,-8.64,-0.02947005,BAR
901,1704110460.0,9989.26,9998.75,-9.49,-0.02947005,BAR
902,1704110520.0,9990.11,9998.75,-8.64,-0.02947005,BAR
903,1704110580.0,9990.50,9998.75,-8.25,-0.02947005,BAR
904,1704110640.0,9990.57,9998.75,-8.18,-0.02947005,BAR
905,1704110700.0,9990.57,9998.75,-8.18,-0.02947005,BAR
906,1704110760.0,9991.26,9998.75,-7.49,-0.02947005,BAR
907,1704110820.0,9991.82,9998.75,-6.93,-0.02947005,BAR
908,1704110880.0,9992.56,9998.75,-6.19,-0.02947005,BAR
909,1704110940.0,9991.85,9998.75,-6.90,-0.02947005,BAR
910,1704111000.0,9991.75,9998.75,-7.00,-0.02947005,BAR
911,1704111060.0,9992.06,9998.75,-6.69,-0.02947005,BAR
912,1704111120.0,9992.57,9998.75,-6.18,-0.02947005,BAR
913,1704111180.0,9992.48,9998.75,-6.27,-0.02947005,BAR
914,1704111240.0,9992.54,9998.75,-6.21,-0.02947005,BAR
915,1704111300.0,9992.43,9998.75,-6.32,-0.02947005,BAR
916,1704111360.0,9992.43,9998.75,-6.32,-0.02947005,BAR
917,1704111420.0,9992.36,9998.75,-6.39,-0.02947005,BAR
918,1704111480.0,9991.89,9998.75,-6.86,-0.02947005,BAR
919,1704111540.0,9991.39,9998.75,-7.36,-0.02947005,BAR
920,1704111600.0,9991.39,9998.75,-7.36,-0.02947005,BAR
921,1704111660.0,9990.65,9998.75,-8.10,-0.02947005,BAR
922,1704111720.0,9990.26,9998.75,-8.49,-0.02947005,BAR
923,1704111780.0,9990.38,9998.75,-8.37,-0.02947005,BAR
924,1704111840.0,9990.85,9998.75,-7.90,-0.02947005,BAR
925,1704111900.0,9990.85,9998.75,-7.90,-0.02947005,BAR
926,1704111960.0,9990.85,9998.75,-7.90,-0.02947005,BAR
927,1704112020.0,9990.97,9998.75,-7.78,-0.02947005,BAR
928,1704112080.0,9990.85,9998.75,-7.90,-0.02947005,BAR
929,1704112140.0,9990.85,9998.75,-7.90,-0.02947005,BAR
930,1704112200.0,9990.42,9998.75,-8.33,-0.02947005,BAR
931,1704112260.0,9990.67,9998.75,-8.08,-0.02947005,BAR
932,1704112320.0,9990.94,9998.75,-7.81,-0.02947005,BAR
933,1704112380.0,9991.05,9998.75,-7.70,-0.02947005,BAR
934,1704112440.0,9990.55,9998.75,-8.20,-0.02947005,BAR
935,1704112500.0,9990.08,9998.75,-8.67,-0.02947005,BAR
936,1704112560.0,9989.41,9998.75,-9.34,-0.02947005,BAR
937,1704112620.0,9989.19,9998.75,-9.56,-0.02947005,BAR
938,1704112680.0,9988.91,9998.75,-9.84,-0.02947005,BAR
939,1704112740.0,9988.09,9998.75,-10.66,-0.02947005,BAR
940,1704112800.0,9988.46,9998.75,-10.29,-0.02947005,BAR
941,1704112860.0,9988.36,9998.75,-10.39,-0.02947005,BAR
942,1704112920.0,9988.50,9998.75,-10.25,-0.02947005,BAR
943,1704112980.0,9988.64,9998.75,-10.11,-0.02947005,BAR
944,1704113040.0,9988.74,9998.75,-10.01,-0.02947005,BAR
945,1704113100.0,9989.20,9998.75,-9.55,-0.02947005,BAR
946,1704113160.0,9989.55,9998.75,-9.20,-0.02947005,BAR
947,1704113220.0,9989.73,9998.75,-9.02,-0.02947005,BAR
948,1704113280.0,9989.69,9998.75,-9.06,-0.02947005,BAR
949,1704113340.0,9989.99,9998.75,-8.76,-0.02947005,BAR
950,1704113400.0,9990.06,9998.75,-8.69,-0.02947005,BAR
951,1704113460.0,9990.02,9998.75,-8.73,-0.02947005,BAR
952,1704113520.0,9989.49,9998.75,-9.26,-0.02947005,BAR
953,1704113580.0,9990.17,9998.75,-8.58,-0.02947005,BAR
954,1704113640.0,9990.85,9998.75,-7.90,-0.02947005,BAR
955,1704113700.0,9991.23,9998.75,-7.52,-0.02947005,BAR
956,1704113760.0,9991.12,9998.75,-7.63,-0.02947005,BAR
957,1704113820.0,9991.50,9998.75,-7.25,-0.02947005,BAR
958,1704113880.0,9991.53,9998.75,-7.22,-0.02947005,BAR
959,1704113940.0,9991.90,9998.75,-6.85,-0.02947005,BAR
960,1704114000.0,9991.44,9998.75,-7.31,-0.02947005,BAR
961,1704114060.0,9991.72,9998.75,-7.03,-0.02947005,BAR
962,1704114120.0,9992.41,9998.75,-6.34,-0.02947005,BAR
963,1704114180.0,9992.13,9998.75,-6.62,-0.02947005,BAR
964,1704114240.0,9991.62,9998.75,-7.13,-0.02947005,BAR
965,1704114300.0,9991.72,9998.75,-7.03,-0.02947005,BAR
966,1704114360.0,9991.22,9998.75,-7.53,-0.02947005,BAR
967,1704114420.0,9991.49,9998.75,-7.26,-0.02947005,BAR
968,1704114480.0,9991.29,9998.75,-7.46,-0.02947005,BAR
969,1704114540.0,9990.79,9998.75,-7.96,-0.02947005,BAR
970,1704114600.0,9990.38,9998.75,-8.37,-0.02947005,BAR
971,1704114660.0,9990.44,9998.75,-8.31,-0.02947005,BAR
972,1704114720.0,9990.51,9998.75,-8.24,-0.02947005,BAR
973,1704114780.0,9990.38,9998.75,-8.37,-0.02947005,BAR
974,1704114840.0,9990.38,9998.75,-8.37,-0.02947005,BAR
975,1704114900.0,9989.79,9998.75,-8.96,-0.02947005,BAR
976,1704114960.0,9989.99,9998.75,-8.76,-0.02947005,BAR
977,1704115020.0,9990.28,9998.75,-8.47,-0.02947005,BAR
978,1704115080.0,9990.28,9998.75,-8.47,-0.02947005,BAR
979,1704115140.0,9990.17,9998.75,-8.58,-0.02947005,BAR
980,1704115200.0,9989.99,9998.75,-8.76,-0.02947005,BAR
981,1704115260.0,9989.49,9998.75,-9.26,-0.02947005,BAR
982,1704115320.0,9989.66,9998.75,-9.09,-0.02947005,BAR
983,1704115380.0,9989.95,9998.75,-8.80,-0.02947005,BAR
984,1704115440.0,9989.79,9998.75,-8.96,-0.02947005,BAR
985,1704115500.0,9989.84,9998.75,-8.91,-0.02947005,BAR
986,1704115560.0,9990.38,9998.75,-8.37,-0.02947005,BAR
987,1704115620.0,9989.57,9998.75,-9.18,-0.02947005,BAR
988,1704115680.0,9989.57,9998.75,-9.18,-0.02947005,BAR
989,1704115740.0,9989.87,9998.75,-8.88,-0.02947005,BAR
990,1704115800.0,9990.38,9998.75,-8.37,-0.02947005,BAR
991,1704115860.0,9991.26,9998.75,-7.49,-0.02947005,BAR
992,1704115920.0,9990.62,9998.75,-8.13,-0.02947005,BAR
993,1704115980.0,9990.35,9998.75,-8.40,-0.02947005,BAR
994,1704116040.0,9990.35,9998.75,-8.40,-0.02947005,BAR
995,1704116100.0,9990.35,9998.75,-8.40,-0.02947005,BAR
996,1704116160.0,9990.50,9998.75,-8.25,-0.02947005,BAR
997,1704116220.0,9990.07,9998.75,-8.68,-0.02947005,BAR
998,1704116280.0,9990.07,9998.75,-8.68,-0.02947005,BAR
999,1704116340.0,9990.12,9998.75,-8.63,-0.02947005,BAR
1000,1704116400.0,9989.88,9998.75,-8.87,-0.02947005,BAR
1001,1704116460.0,9989.88,9998.75,-8.87,-0.02947005,BAR
1002,1704116520.0,9989.90,9998.75,-8.85,-0.02947005,BAR
1003,1704116580.0,9989.61,9998.75,-9.14,-0.02947005,BAR
1004,1704116640.0,9989.18,9998.75,-9.57,-0.02947005,BAR
1005,1704116700.0,9989.04,9998.75,-9.71,-0.02947005,BAR
1006,1704116760.0,9989.55,9998.75,-9.20,-0.02947005,BAR
1007,1704116820.0,9989.55,9998.75,-9.20,-0.02947005,BAR
1008,1704116880.0,9989.94,9998.75,-8.81,-0.02947005,BAR
1009,1704116940.0,9989.92,9998.75,-8.83,-0.02947005,BAR
1010,1704117000.0,9989.77,9998.75,-8.98,-0.02947005,BAR
1011,1704117060.0,9989.78,9998.75,-8.97,-0.02947005,BAR
1012,1704117120.0,9989.69,9998.75,-9.06,-0.02947005,BAR
1013,1704117180.0,9990.24,9998.75,-8.51,-0.02947005,BAR
1014,1704117240.0,9989.74,9998.75,-9.01,-0.02947005,BAR
1015,1704117300.0,9989.50,9998.75,-9.25,-0.02947005,BAR
1016,1704117360.0,9989.50,9998.75,-9.25,-0.02947005,BAR
1017,1704117420.0,9989.20,9998.75,-9.55,-0.02947005,BAR
1018,1704117480.0,9989.44,9998.75,-9.31,-0.02947005,BAR
1019,1704117540.0,9989.92,9998.75,-8.83,-0.02947005,BAR
1020,1704117600.0,9990.69,9998.75,-8.06,-0.02947005,BAR
1021,1704117660.0,9991.79,9998.75,-6.96,-0.02947005,BAR
1022,1704117720.0,9992.03,9998.75,-6.72,-0.02947005,BAR
1023,1704117780.0,9991.85,9998.75,-6.90,-0.02947005,BAR
1024,1704117840.0,9992.22,9998.75,-6.53,-0.02947005,BAR
1025,1704117900.0,9992.68,9998.75,-6.07,-0.02947005,BAR
1026,1704117960.0,9991.91,9998.75,-6.84,-0.02947005,BAR
1027,1704118020.0,9991.32,9998.75,-7.43,-0.02947005,BAR
1028,1704118080.0,9991.26,9998.75,-7.49,-0.02947005,BAR
1029,1704118140.0,9991.02,9998.75,-7.73,-0.02947005,BAR
1030,1704118200.0,9991.32,9998.75,-7.43,-0.02947005,BAR
1031,1704118260.0,9991.35,9998.75,-7.40,-0.02947005,BAR
1032,1704118320.0,9991.56,9998.75,-7.19,-0.02947005,BAR
1033,1704118380.0,9991.62,9998.75,-7.13,-0.02947005,BAR
1034,1704118440.0,9991.94,9998.75,-6.81,-0.02947005,BAR
1035,1704118500.0,9991.64,9998.75,-7.11,-0.02947005,BAR
1036,1704118560.0,9991.73,9998.75,-7.02,-0.02947005,BAR
1037,1704118620.0,9991.52,9998.75,-7.23,-0.02947005,BAR
1038,1704118680.0,9991.49,9998.75,-7.26,-0.02947005,BAR
1039,1704118740.0,9991.49,9998.75,-7.26,-0.02947005,BAR
1040,1704118800.0,9991.56,9998.75,-7.19,-0.02947005,BAR
1041,1704118860.0,9992.13,9998.75,-6.62,-0.02947005,BAR
1042,1704118920.0,9992.11,9998.75,-6.64,-0.02947005,BAR
1043,1704118980.0,9993.54,9998.75,-5.21,-0.02947005,BAR
1044,1704119040.0,9992.85,9998.75,-5.90,-0.02947005,BAR
1045,1704119100.0,9992.70,9998.75,-6.05,-0.02947005,BAR
1046,1704119160.0,9992.57,9998.75,-6.18,-0.02947005,BAR
1047,1704119220.0,9993.72,9998.75,-5.03,-0.02947005,BAR
1048,1704119280.0,9993.62,9998.75,-5.13,-0.02947005,BAR
1049,1704119340.0,9992.70,9998.75,-6.05,-0.02947005,BAR
1050,1704119400.0,9992.24,9998.75,-6.51,-0.02947005,BAR
1051,1704119460.0,9991.73,9998.75,-7.02,-0.02947005,BAR
1052,1704119520.0,9991.56,9998.75,-7.19,-0.02947005,BAR
1053,1704119580.0,9991.62,9998.75,-7.13,-0.02947005,BAR
1054,1704119640.0,9991.62,9998.75,-7.13,-0.02947005,BAR
1055,1704119700.0,9991.52,9998.75,-7.23,-0.02947005,BAR
1056,1704119760.0,9991.64,9998.75,-7.11,-0.02947005,BAR
1057,1704119820.0,9991.67,9998.75,-7.08,-0.02947005,BAR
1058,1704119880.0,9992.29,9998.75,-6.46,-0.02947005,BAR
1059,1704119940.0,9992.79,9998.75,-5.96,-0.02947005,BAR
1060,1704120000.0,9992.39,9998.75,-6.36,-0.02947005,BAR
1061,1704120060.0,9992.02,9998.75,-6.73,-0.02947005,BAR
1062,1704120120.0,9991.72,9998.75,-7.03,-0.02947005,BAR
1063,1704120180.0,9991.95,9998.75,-6.80,-0.02947005,BAR
1064,1704120240.0,9991.95,9998.75,-6.80,-0.02947005,BAR
1065,1704120300.0,9991.84,9998.75,-6.91,-0.02947005,BAR
1066,1704120360.0,9992.07,9998.75,-6.68,-0.02947005,BAR
1067,1704120420.0,9993.29,9998.75,-5.46,-0.02947005,BAR
1068,1704120480.0,9993.21,9998.75,-5.54,-0.02947005,BAR
1069,1704120540.0,9993.29,9998.75,-5.46,-0.02947005,BAR
1070,1704120600.0,9992.73,9998.75,-6.02,-0.02947005,BAR
1071,1704120660.0,9993.13,9998.75,-5.62,-0.02947005,BAR
1072,1704120720.0,9992.91,9998.75,-5.84,-0.02947005,BAR
1073,1704120780.0,9992.64,9998.75,-6.11,-0.02947005,BAR
1074,1704120840.0,9992.58,9998.75,-6.17,-0.02947005,BAR
1075,1704120900.0,9993.03,9998.75,-5.72,-0.02947005,BAR
1076,1704120960.0,9993.18,9998.75,-5.57,-0.02947005,BAR
1077,1704121020.0,9992.98,9998.75,-5.77,-0.02947005,BAR
1078,1704121080.0,9992.96,9998.75,-5.79,-0.02947005,BAR
1079,1704121140.0,9992.96,9998.75,-5.79,-0.02947005,BAR
1080,1704121200.0,9992.89,9998.75,-5.86,-0.02947005,BAR
1081,1704121260.0,9992.86,9998.75,-5.89,-0.02947005,BAR
1082,1704121320.0,9993.48,9998.75,-5.27,-0.02947005,BAR
1083,1704121380.0,9993.42,9998.75,-5.33,-0.02947005,BAR
1084,1704121440.0,9993.42,9998.75,-5.33,-0.02947005,BAR
1085,1704121500.0,9993.33,9998.75,-5.42,-0.02947005,BAR
1086,1704121560.0,9993.26,9998.75,-5.49,-0.02947005,BAR
1087,1704121620.0,9992.44,9998.75,-6.31,-0.02947005,BAR
1088,1704121680.0,9992.23,9998.75,-6.52,-0.02947005,BAR
1089,1704121740.0,9992.04,9998.75,-6.71,-0.02947005,BAR
1090,1704121800.0,9992.44,9998.75,-6.31,-0.02947005,BAR
1091,1704121860.0,9992.05,9998.75,-6.70,-0.02947005,BAR
1092,1704121920.0,9992.05,9998.75,-6.70,-0.02947005,BAR
1093,1704121980.0,9991.91,9998.75,-6.84,-0.02947005,BAR
1094,1704122040.0,9991.85,9998.75,-6.90,-0.02947005,BAR
1095,1704122100.0,9992.13,9998.75,-6.62,-0.02947005,BAR
1096,1704122160.0,9991.94,9998.75,-6.81,-0.02947005,BAR
1097,1704122220.0,9991.82,9998.75,-6.93,-0.02947005,BAR
1098,1704122280.0,9991.93,9998.75,-6.82,-0.02947005,BAR
1099,1704122340.0,9992.01,9998.75,-6.74,-0.02947005,BAR
1100,1704122400.0,9991.44,9998.75,-7.31,-0.02947005,BAR
1101,1704122460.0,9990.64,9998.75,-8.11,-0.02947005,BAR
1102,1704122520.0,9990.38,9998.75,-8.37,-0.02947005,BAR
1103,1704122580.0,9990.09,9998.75,-8.66,-0.02947005,BAR
1104,1704122640.0,9989.85,9998.75,-8.90,-0.02947005,BAR
1105,1704122700.0,9989.64,9998.75,-9.11,-0.02947005,BAR
1106,1704122760.0,9990.61,9998.75,-8.14,-0.02947005,BAR
1107,1704122820.0,9991.02,9998.75,-7.73,-0.02947005,BAR
1108,1704122880.0,9990.87,9998.75,-7.88,-0.02947005,BAR
1109,1704122940.0,9990.87,9998.75,-7.88,-0.02947005,BAR
1110,1704123000.0,9990.87,9998.75,-7.88,-0.02947005,BAR
1111,1704123060.0,9990.61,9998.75,-8.14,-0.02947005,BAR
1112,1704123120.0,9990.14,9998.75,-8.61,-0.02947005,BAR
1113,1704123180.0,9992.18,9998.75,-6.57,-0.02947005,BAR
1114,1704123240.0,9992.50,9998.75,-6.25,-0.02947005,BAR
1115,1704123300.0,9993.20,9998.75,-5.55,-0.02947005,BAR
1116,1704123360.0,9992.49,9998.75,-6.26,-0.02947005,BAR
1117,1704123420.0,9991.76,9998.75,-6.99,-0.02947005,BAR
1118,1704123480.0,9991.23,9998.75,-7.52,-0.02947005,BAR
1119,1704123540.0,9991.74,9998.75,-7.01,-0.02947005,BAR
1120,1704123600.0,9992.15,9998.75,-6.60,-0.02947005,BAR
1121,1704123660.0,9991.42,9998.75,-7.33,-0.02947005,BAR
1122,1704123720.0,9990.82,9998.75,-7.93,-0.02947005,BAR
1123,1704123780.0,9989.48,9998.75,-9.27,-0.02947005,BAR
1124,1704123840.0,9986.08,9998.75,-12.67,-0.02947005,BAR
1125,1704123900.0,9987.63,9998.75,-11.12,-0.02947005,BAR
1126,1704123960.0,9986.84,9998.75,-11.91,-0.02947005,BAR
1127,1704124020.0,9987.16,9998.75,-11.59,-0.02947005,BAR
1128,1704124080.0,9988.43,9998.75,-10.32,-0.02947005,BAR
1129,1704124140.0,9988.43,9998.75,-10.32,-0.02947005,BAR
1130,1704124200.0,9988.26,9998.75,-10.49,-0.02947005,BAR
1131,1704124260.0,9988.32,9998.75,-10.43,-0.02947005,BAR
1132,1704124320.0,9987.99,9998.75,-10.76,-0.02947005,BAR
1133,1704124380.0,9987.95,9998.75,-10.80,-0.02947005,BAR
1134,1704124440.0,9987.81,9998.75,-10.94,-0.02947005,BAR
1135,1704124500.0,9987.61,9998.75,-11.14,-0.02947005,BAR
1136,1704124560.0,9987.43,9998.75,-11.32,-0.02947005,BAR
1137,1704124620.0,9987.88,9998.75,-10.87,-0.02947005,BAR
1138,1704124680.0,9988.30,9998.75,-10.45,-0.02947005,BAR
1139,1704124740.0,9987.93,9998.75,-10.82,-0.02947005,BAR
1140,1704124800.0,9987.26,9998.75,-11.49,-0.02947005,BAR
1141,1704124860.0,9988.12,9998.75,-10.63,-0.02947005,BAR
1142,1704124920.0,9988.11,9998.75,-10.64,-0.02947005,BAR
1143,1704124980.0,9988.27,9998.75,-10.48,-0.02947005,BAR
1144,1704125040.0,9988.49,9998.75,-10.26,-0.02947005,BAR
1145,1704125100.0,9987.48,9998.75,-11.27,-0.02947005,BAR
1146,1704125160.0,9987.89,9998.75,-10.86,-0.02947005,BAR
1147,1704125220.0,9987.31,9998.75,-11.44,-0.02947005,BAR
1148,1704125280.0,9986.52,9998.75,-12.23,-0.02947005,BAR
1149,1704125340.0,9986.67,9998.75,-12.08,-0.02947005,BAR
1150,1704125400.0,9987.02,9998.75,-11.73,-0.02947005,BAR
1151,1704125460.0,9986.79,9998.75,-11.96,-0.02947005,BAR
1152,1704125520.0,9986.71,9998.75,-12.04,-0.02947005,BAR
1153,1704125580.0,9986.72,9998.75,-12.03,-0.02947005,BAR
1154,1704125640.0,9986.26,9998.75,-12.49,-0.02947005,BAR
1155,1704125700.0,9985.88,9998.75,-12.87,-0.02947005,BAR
1156,1704125760.0,9985.90,9998.75,-12.85,-0.02947005,BAR
1157,1704125820.0,9986.40,9998.75,-12.35,-0.02947005,BAR
1158,1704125880.0,9986.73,9998.75,-12.02,-0.02947005,BAR
1159,1704125940.0,9987.98,9998.75,-10.77,-0.02947005,BAR
1160,1704126000.0,9988.80,9998.75,-9.95,-0.02947005,BAR
1161,1704126060.0,9989.58,9998.75,-9.17,-0.02947005,BAR
1162,1704126120.0,9990.05,9998.75,-8.70,-0.02947005,BAR
1163,1704126180.0,9989.98,9998.75,-8.77,-0.02947005,BAR
1164,1704126240.0,9991.11,9998.75,-7.64,-0.02947005,BAR
1165,1704126300.0,9991.24,9998.75,-7.51,-0.02947005,BAR
1166,1704126360.0,9990.73,9998.75,-8.02,-0.02947005,BAR
1167,1704126420.0,9990.56,9998.75,-8.19,-0.02947005,BAR
1168,1704126480.0,9990.26,9998.75,-8.49,-0.02947005,BAR
1169,1704126540.0,9989.70,9998.75,-9.05,-0.02947005,BAR
1170,1704126600.0,9989.85,9998.75,-8.90,-0.02947005,BAR
1171,1704126660.0,9989.91,9998.75,-8.84,-0.02947005,BAR
1172,1704126720.0,9989.74,9998.75,-9.01,-0.02947005,BAR
1173,1704126780.0,9989.56,9998.75,-9.19,-0.02947005,BAR
1174,1704126840.0,9989.56,9998.75,-9.19,-0.02947005,BAR
1175,1704126900.0,9989.26,9998.75,-9.49,-0.02947005,BAR
1176,1704126960.0,9988.96,9998.75,-9.79,-0.02947005,BAR
1177,1704127020.0,9989.65,9998.75,-9.10,-0.02947005,BAR
1178,1704127080.0,9988.60,9998.75,-10.15,-0.02947005,BAR
1179,1704127140.0,9988.08,9998.75,-10.67,-0.02947005,BAR
1180,1704127200.0,9988.73,9998.75,-10.02,-0.02947005,BAR
1181,1704127260.0,9988.59,9998.75,-10.16,-0.02947005,BAR
1182,1704127320.0,9988.32,9998.75,-10.43,-0.02947005,BAR
1183,1704127380.0,9988.04,9998.75,-10.71,-0.02947005,BAR
1184,1704127440.0,9988.15,9998.75,-10.60,-0.02947005,BAR
1185,1704127500.0,9988.58,9998.75,-10.17,-0.02947005,BAR
1186,1704127560.0,9989.36,9998.75,-9.39,-0.02947005,BAR
1187,1704127620.0,9988.42,9998.75,-10.33,-0.02947005,BAR
1188,1704127680.0,9988.55,9998.75,-10.20,-0.02947005,BAR
1189,1704127740.0,9988.76,9998.75,-9.99,-0.02947005,BAR
1190,1704127800.0,9988.42,9998.75,-10.33,-0.02947005,BAR
1191,1704127860.0,9988.96,9998.75,-9.79,-0.02947005,BAR
1192,1704127920.0,9988.83,9998.75,-9.92,-0.02947005,BAR
1193,1704127980.0,9989.52,9998.75,-9.23,-0.02947005,BAR
1194,1704128040.0,9989.86,9998.75,-8.89,-0.02947005,BAR
1195,1704128100.0,9989.86,9998.75,-8.89,-0.02947005,BAR
1196,1704128160.0,9989.86,9998.75,-8.89,-0.02947005,BAR
1197,1704128220.0,9989.86,9998.75,-8.89,-0.02947005,BAR
1198,1704128280.0,9989.86,9998.75,-8.89,-0.02947005,BAR
1199,1704128340.0,9989.64,9998.75,-9.11,-0.02947005,BAR
1200,1704128400.0,9989.01,9998.75,-9.74,-0.02947005,BAR
1201,1704128460.0,9988.90,9998.75,-9.85,-0.02947005,BAR
1202,1704128520.0,9989.17,9998.75,-9.58,-0.02947005,BAR
1203,1704128580.0,9988.46,9998.75,-10.29,-0.02947005,BAR
1204,1704128640.0,9988.81,9998.75,-9.94,-0.02947005,BAR
1205,1704128700.0,9988.54,9998.75,-10.21,-0.02947005,BAR
1206,1704128760.0,9988.38,9998.75,-10.37,-0.02947005,BAR
1207,1704128820.0,9988.26,9998.75,-10.49,-0.02947005,BAR
1208,1704128880.0,9988.87,9998.75,-9.88,-0.02947005,BAR
1209,1704128940.0,9988.62,9998.75,-10.13,-0.02947005,BAR
1210,1704129000.0,9988.62,9998.75,-10.13,-0.02947005,BAR
1211,1704129060.0,9988.37,9998.75,-10.38,-0.02947005,BAR
1212,1704129120.0,9987.99,9998.75,-10.76,-0.02947005,BAR
1213,1704129180.0,9988.09,9998.75,-10.66,-0.02947005,BAR
1214,1704129240.0,9988.09,9998.75,-10.66,-0.02947005,BAR
1215,1704129300.0,9988.07,9998.75,-10.68,-0.02947005,BAR
1216,1704129360.0,9989.18,9998.75,-9.57,-0.02947005,BAR
1217,1704129420.0,9988.49,9998.75,-10.26,-0.02947005,BAR
1218,1704129480.0,9988.61,9998.75,-10.14,-0.02947005,BAR
1219,1704129540.0,9988.79,9998.75,-9.96,-0.02947005,BAR
1220,1704129600.0,9989.11,9998.75,-9.64,-0.02947005,BAR
1221,1704129660.0,9989.63,9998.75,-9.12,-0.02947005,BAR
1222,1704129720.0,9988.90,9998.75,-9.85,-0.02947005,BAR
1223,1704129780.0,9988.90,9998.75,-9.85,-0.02947005,BAR
1224,1704129840.0,9988.90,9998.75,-9.85,-0.02947005,BAR
1225,1704129900.0,9989.02,9998.75,-9.73,-0.02947005,BAR
1226,1704129960.0,9988.62,9998.75,-10.13,-0.02947005,BAR
1227,1704130020.0,9988.83,9998.75,-9.92,-0.02947005,BAR
1228,1704130080.0,9989.26,9998.75,-9.49,-0.02947005,BAR
1229,1704130140.0,9989.46,9998.75,-9.29,-0.02947005,BAR
1230,1704130200.0,9989.13,9998.75,-9.62,-0.02947005,BAR
1231,1704130260.0,9989.46,9998.75,-9.29,-0.02947005,BAR
1232,1704130320.0,9990.02,9998.75,-8.73,-0.02947005,BAR
1233,1704130380.0,9990.02,9998.75,-8.73,-0.02947005,BAR
1234,1704130440.0,9990.02,9998.75,-8.73,-0.02947005,BAR
1235,1704130500.0,9989.85,9998.75,-8.90,-0.02947005,BAR
1236,1704130560.0,9989.75,9998.75,-9.00,-0.02947005,BAR
1237,1704130620.0,9989.94,9998.75,-8.81,-0.02947005,BAR
1238,1704130680.0,9989.94,9998.75,-8.81,-0.02947005,BAR
1239,1704130740.0,9990.14,9998.75,-8.61,-0.02947005,BAR
1240,1704130800.0,9989.71,9998.75,-9.04,-0.02947005,BAR
1241,1704130860.0,9989.71,9998.75,-9.04,-0.02947005,BAR
1242,1704130920.0,9989.73,9998.75,-9.02,-0.02947005,BAR
1243,1704130980.0,9989.46,9998.75,-9.29,-0.02947005,BAR
1244,1704131040.0,9989.46,9998.75,-9.29,-0.02947005,BAR
1245,1704131100.0,9988.96,9998.75,-9.79,-0.02947005,BAR
1246,1704131160.0,9987.55,9998.75,-11.20,-0.02947005,BAR
1247,1704131220.0,9987.90,9998.75,-10.85,-0.02947005,BAR
1248,1704131280.0,9988.07,9998.75,-10.68,-0.02947005,BAR
1249,1704131340.0,9987.42,9998.75,-11.33,-0.02947005,BAR
1250,1704131400.0,9987.38,9998.75,-11.37,-0.02947005,BAR
1251,1704131460.0,9987.08,9998.75,-11.67,-0.02947005,BAR
1252,1704131520.0,9987.13,9998.75,-11.62,-0.02947005,BAR
1253,1704131580.0,9987.25,9998.75,-11.50,-0.02947005,BAR
1254,1704131640.0,9986.89,9998.75,-11.86,-0.02947005,BAR
1255,1704131700.0,9986.71,9998.75,-12.04,-0.02947005,BAR
1256,1704131760.0,9986.72,9998.75,-12.03,-0.02947005,BAR
1257,1704131820.0,9987.36,9998.75,-11.39,-0.02947005,BAR
1258,1704131880.0,9987.05,9998.75,-11.70,-0.02947005,BAR
1259,1704131940.0,9987.06,9998.75,-11.69,-0.02947005,BAR
1260,1704132000.0,9986.15,9998.75,-12.60,-0.02947005,BAR
1261,1704132060.0,9985.44,9998.75,-13.31,-0.02947005,BAR
1262,1704132120.0,9984.87,9998.75,-13.88,-0.02947005,BAR
1263,1704132180.0,9983.23,9998.75,-15.52,-0.02947005,BAR
1264,1704132240.0,9983.00,9998.75,-15.75,-0.02947005,BAR
1265,1704132300.0,9983.41,9998.75,-15.34,-0.02947005,BAR
1266,1704132360.0,9983.76,9998.75,-14.99,-0.02947005,BAR
1267,1704132420.0,9981.57,9998.75,-17.18,-0.02947005,BAR
1268,1704132480.0,9980.22,9998.75,-18.53,-0.02947005,BAR
1269,1704132540.0,9981.24,9998.75,-17.51,-0.02947005,BAR
1270,1704132600.0,9980.88,9998.75,-17.87,-0.02947005,BAR
1271,1704132660.0,9980.92,9998.75,-17.83,-0.02947005,BAR
1272,1704132720.0,9979.77,9998.75,-18.98,-0.02947005,BAR
1273,1704132780.0,9977.77,9998.75,-20.98,-0.02947005,BAR
1274,1704132840.0,9978.47,9998.75,-20.28,-0.02947005,BAR
1275,1704132900.0,9976.21,9998.75,-22.54,-0.02947005,BAR
1276,1704132960.0,9978.44,9998.75,-20.31,-0.02947005,BAR
1277,1704133020.0,9979.95,9998.75,-18.80,-0.02947005,BAR
1278,1704133080.0,9978.94,9998.75,-19.81,-0.02947005,BAR
1279,1704133140.0,9978.85,9998.75,-19.90,-0.02947005,BAR
1280,1704133200.0,9978.62,9998.75,-20.13,-0.02947005,BAR
1281,1704133260.0,9977.24,9998.75,-21.51,-0.02947005,BAR
1282,1704133320.0,9978.76,9998.75,-19.99,-0.02947005,BAR
1283,1704133380.0,9977.65,9998.75,-21.10,-0.02947005,BAR
1284,1704133440.0,9978.02,9998.75,-20.73,-0.02947005,BAR
1285,1704133500.0,9977.59,9998.75,-21.16,-0.02947005,BAR
1286,1704133560.0,9978.29,9998.75,-20.46,-0.02947005,BAR
1287,1704133620.0,9978.65,9998.75,-20.10,-0.02947005,BAR
1288,1704133680.0,9978.35,9998.75,-20.40,-0.02947005,BAR
1289,1704133740.0,9979.68,9998.75,-19.07,-0.02947005,BAR
1290,1704133800.0,9979.69,9998.75,-19.06,-0.02947005,BAR
1291,1704133860.0,9979.74,9998.75,-19.01,-0.02947005,BAR
1292,1704133920.0,9979.65,9998.75,-19.10,-0.02947005,BAR
1293,1704133980.0,9980.23,9998.75,-18.52,-0.02947005,BAR
1294,1704134040.0,9980.12,9998.75,-18.63,-0.02947005,BAR
1295,1704134100.0,9980.33,9998.75,-18.42,-0.02947005,BAR
1296,1704134160.0,9980.35,9998.75,-18.40,-0.02947005,BAR
1297,1704134220.0,9979.42,9998.75,-19.33,-0.02947005,BAR
1298,1704134280.0,9978.71,9998.75,-20.04,-0.02947005,BAR
1299,1704134340.0,9978.90,9998.75,-19.85,-0.02947005,BAR
1300,1704134400.0,9978.94,9998.75,-19.81,-0.02947005,BAR
1301,1704134460.0,9978.59,9998.75,-20.16,-0.02947005,BAR
1302,1704134520.0,9977.51,9998.75,-21.24,-0.02947005,BAR
1303,1704134580.0,9977.35,9998.75,-21.40,-0.02947005,BAR
1304,1704134640.0,9977.05,9998.75,-21.70,-0.02947005,BAR
1305,1704134700.0,9976.35,9998.75,-22.40,-0.02947005,BAR
1306,1704134760.0,9977.12,9998.75,-21.63,-0.02947005,BAR
1307,1704134820.0,9977.06,9998.75,-21.69,-0.02947005,BAR
1308,1704134880.0,9977.82,9998.75,-20.93,-0.02947005,BAR
1309,1704134940.0,9977.49,9998.75,-21.26,-0.02947005,BAR
1310,1704135000.0,9977.38,9998.75,-21.37,-0.02947005,BAR
1311,1704135060.0,9977.38,9998.75,-21.37,-0.02947005,BAR
1312,1704135120.0,9976.87,9998.75,-21.88,-0.02947005,BAR
1313,1704135180.0,9977.29,9998.75,-21.46,-0.02947005,BAR
1314,1704135240.0,9977.53,9998.75,-21.22,-0.02947005,BAR
1315,1704135300.0,9977.67,9998.75,-21.08,-0.02947005,BAR
1316,1704135360.0,9978.80,9998.75,-19.95,-0.02947005,BAR
1317,1704135420.0,9979.12,9998.75,-19.63,-0.02947005,BAR
1318,1704135480.0,9978.26,9998.75,-20.49,-0.02947005,BAR
1319,1704135540.0,9978.26,9998.75,-20.49,-0.02947005,BAR
1320,1704135600.0,9977.29,9998.75,-21.46,-0.02947005,BAR
1321,1704135660.0,9978.48,9998.75,-20.27,-0.02947005,BAR
1322,1704135720.0,9977.76,9998.75,-20.99,-0.02947005,BAR
1323,1704135780.0,9976.97,9998.75,-21.78,-0.02947005,BAR
1324,1704135840.0,9977.23,9998.75,-21.52,-0.02947005,BAR
1325,1704135900.0,9976.63,9998.75,-22.12,-0.02947005,BAR
1326,1704135960.0,9976.53,9998.75,-22.22,-0.02947005,BAR
1327,1704136020.0,9976.15,9998.75,-22.60,-0.02947005,BAR
1328,1704136080.0,9976.09,9998.75,-22.66,-0.02947005,BAR
1329,1704136140.0,9976.57,9998.75,-22.18,-0.02947005,BAR
1330,1704136200.0,9977.07,9998.75,-21.68,-0.02947005,BAR
1331,1704136260.0,9976.94,9998.75,-21.81,-0.02947005,BAR
1332,1704136320.0,9976.82,9998.75,-21.93,-0.02947005,BAR
1333,1704136380.0,9976.82,9998.75,-21.93,-0.02947005,BAR
1334,1704136440.0,9976.24,9998.75,-22.51,-0.02947005,BAR
1335,1704136500.0,9976.33,9998.75,-22.42,-0.02947005,BAR
1336,1704136560.0,9977.18,9998.75,-21.57,-0.02947005,BAR
1337,1704136620.0,9976.31,9998.75,-22.44,-0.02947005,BAR
1338,1704136680.0,9976.58,9998.75,-22.17,-0.02947005,BAR
1339,1704136740.0,9976.17,9998.75,-22.58,-0.02947005,BAR
1340,1704136800.0,9976.14,9998.75,-22.61,-0.02947005,BAR
1341,1704136860.0,9975.83,9998.75,-22.92,-0.02947005,BAR
1342,1704136920.0,9975.64,9998.75,-23.11,-0.02947005,BAR
1343,1704136980.0,9975.64,9998.75,-23.11,-0.02947005,BAR
1344,1704137040.0,9975.38,9998.75,-23.37,-0.02947005,BAR
1345,1704137100.0,9975.26,9998.75,-23.49,-0.02947005,BAR
1346,1704137160.0,9975.61,9998.75,-23.14,-0.02947005,BAR
1347,1704137220.0,9975.56,9998.75,-23.19,-0.02947005,BAR
1348,1704137280.0,9971.20,9971.20,0.00,0.00000000,BAR
1349,1704137340.0,9971.20,9971.20,0.00,0.00000000,BAR
1350,1704137400.0,9971.20,9971.20,0.00,0.00000000,BAR
1351,1704137460.0,9971.20,9971.20,0.00,0.00000000,BAR
1352,1704137520.0,9971.20,9971.20,0.00,0.00000000,BAR
1353,1704137580.0,9971.20,9971.20,0.00,0.00000000,BAR
1354,1704137640.0,9971.20,9971.20,0.00,0.00000000,BAR
1355,1704137700.0,9971.20,9971.20,0.00,0.00000000,BAR
1356,1704137760.0,9971.20,9971.20,0.00,0.00000000,BAR
1357,1704137820.0,9971.20,9971.20,0.00,0.00000000,BAR
1358,1704137880.0,9971.20,9971.20,0.00,0.00000000,BAR
1359,1704137940.0,9971.20,9971.20,0.00,0.00000000,BAR
1360,1704138000.0,9971.20,9971.20,0.00,0.00000000,BAR
1361,1704138060.0,9971.20,9971.20,0.00,0.00000000,BAR
1362,1704138120.0,9971.20,9971.20,0.00,0.00000000,BAR
1363,1704138180.0,9971.20,9971.20,0.00,0.00000000,BAR
1364,1704138240.0,9971.20,9971.20,0.00,0.00000000,BAR
1365,1704138300.0,9971.20,9971.20,0.00,0.00000000,BAR
1366,1704138360.0,9971.20,9971.20,0.00,0.00000000,BAR
1367,1704138420.0,9971.20,9971.20,0.00,0.00000000,BAR
1368,1704138480.0,9971.20,9971.20,0.00,0.00000000,BAR
1369,1704138540.0,9971.20,9971.20,0.00,0.00000000,BAR
1370,1704138600.0,9971.20,9971.20,0.00,0.00000000,BAR
1371,1704138660.0,9971.20,9971.20,0.00,0.00000000,BAR
1372,1704138720.0,9971.20,9971.20,0.00,0.00000000,BAR
1373,1704138780.0,9971.20,9971.20,0.00,0.00000000,BAR
1374,1704138840.0,9971.20,9971.20,0.00,0.00000000,BAR
1375,1704138900.0,9971.20,9971.20,0.00,0.00000000,BAR
1376,1704138960.0,9971.20,9971.20,0.00,0.00000000,BAR
1377,1704139020.0,9971.20,9971.20,0.00,0.00000000,BAR
1378,1704139080.0,9971.20,9971.20,0.00,0.00000000,BAR
1379,1704139140.0,9971.20,9971.20,0.00,0.00000000,BAR
1380,1704139200.0,9971.20,9971.20,0.00,0.00000000,BAR
1381,1704139260.0,8723.55,8723.55,0.00,0.02855786,POST_TRADE
1382,1704139260.0,8723.55,8723.55,0.00,0.02855786,BAR
1383,1704139320.0,8721.92,8723.55,-1.63,0.02855786,BAR
1384,1704139380.0,8723.68,8723.55,0.13,0.02855786,BAR
1385,1704139440.0,8724.75,8723.55,1.20,0.02855786,BAR
1386,1704139500.0,8724.75,8723.55,1.20,0.02855786,BAR
1387,1704139560.0,8724.67,8723.55,1.12,0.02855786,BAR
1388,1704139620.0,8724.68,8723.55,1.12,0.02855786,BAR
1389,1704139680.0,8724.86,8723.55,1.31,0.02855786,BAR
1390,1704139740.0,8724.92,8723.55,1.37,0.02855786,BAR
1391,1704139800.0,8725.99,8723.55,2.44,0.02855786,BAR
1392,1704139860.0,8725.53,8723.55,1.98,0.02855786,BAR
1393,1704139920.0,8725.36,8723.55,1.81,0.02855786,BAR
1394,1704139980.0,8726.04,8723.55,2.48,0.02855786,BAR
1395,1704140040.0,8723.53,8723.55,-0.02,0.02855786,BAR
1396,1704140100.0,8724.31,8723.55,0.75,0.02855786,BAR
1397,1704140160.0,8723.82,8723.55,0.26,0.02855786,BAR
1398,1704140220.0,8723.64,8723.55,0.09,0.02855786,BAR
1399,1704140280.0,8723.38,8723.55,-0.17,0.02855786,BAR
1400,1704140340.0,8722.42,8723.55,-1.13,0.02855786,BAR
1401,1704140400.0,8723.10,8723.55,-0.46,0.02855786,BAR
1402,1704140460.0,8722.01,8723.55,-1.55,0.02855786,BAR
1403,1704140520.0,8721.59,8723.55,-1.96,0.02855786,BAR
1404,1704140580.0,8721.79,8723.55,-1.77,0.02855786,BAR
1405,1704140640.0,8723.38,8723.55,-0.17,0.02855786,BAR
1406,1704140700.0,8724.47,8723.55,0.92,0.02855786,BAR
1407,1704140760.0,8723.95,8723.55,0.40,0.02855786,BAR
1408,1704140820.0,8724.47,8723.55,0.92,0.02855786,BAR
1409,1704140880.0,8725.13,8723.55,1.58,0.02855786,BAR
1410,1704140940.0,8725.12,8723.55,1.57,0.02855786,BAR
1411,1704141000.0,8725.88,8723.55,2.33,0.02855786,BAR
1412,1704141060.0,8725.88,8723.55,2.33,0.02855786,BAR
1413,1704141120.0,8724.40,8723.55,0.84,0.02855786,BAR
1414,1704141180.0,8724.92,8723.55,1.37,0.02855786,BAR
1415,1704141240.0,8724.45,8723.55,0.89,0.02855786,BAR
1416,1704141300.0,8725.02,8723.55,1.46,0.02855786,BAR
1417,1704141360.0,8724.31,8723.55,0.75,0.02855786,BAR
1418,1704141420.0,8723.92,8723.55,0.36,0.02855786,BAR
1419,1704141480.0,8724.34,8723.55,0.79,0.02855786,BAR
1420,1704141540.0,8724.27,8723.55,0.72,0.02855786,BAR
1421,1704141600.0,8725.52,8723.55,1.96,0.02855786,BAR
1422,1704141660.0,8725.60,8723.55,2.05,0.02855786,BAR
1423,1704141720.0,8725.19,8723.55,1.63,0.02855786,BAR
1424,1704141780.0,8726.08,8723.55,2.53,0.02855786,BAR
1425,1704141840.0,8727.99,8723.55,4.43,0.02855786,BAR
1426,1704141900.0,8727.63,8723.55,4.08,0.02855786,BAR
1427,1704141960.0,8728.65,8723.55,5.10,0.02855786,BAR
1428,1704142020.0,8728.33,8723.55,4.78,0.02855786,BAR
1429,1704142080.0,8727.99,8723.55,4.44,0.02855786,BAR
1430,1704142140.0,8726.90,8723.55,3.35,0.02855786,BAR
1431,1704142200.0,8726.42,8723.55,2.87,0.02855786,BAR
1432,1704142260.0,8724.99,8723.55,1.44,0.02855786,BAR
1433,1704142320.0,8725.06,8723.55,1.51,0.02855786,BAR
1434,1704142380.0,8724.99,8723.55,1.44,0.02855786,BAR
1435,1704142440.0,8724.71,8723.55,1.15,0.02855786,BAR
1436,1704142500.0,8724.99,8723.55,1.44,0.02855786,BAR
1437,1704142560.0,8725.30,8723.55,1.75,0.02855786,BAR
1438,1704142620.0,8724.39,8723.55,0.84,0.02855786,BAR
1439,1704142680.0,8723.83,8723.55,0.27,0.02855786,BAR
1440,1704142740.0,8724.79,8723.55,1.23,0.02855786,BAR
1441,1704142800.0,8725.87,8723.55,2.32,0.02855786,BAR
1442,1704142860.0,8725.94,8723.55,2.38,0.02855786,BAR
1443,1704142920.0,8725.56,8723.55,2.01,0.02855786,BAR
1444,1704142980.0,8725.03,8723.55,1.48,0.02855786,BAR
1445,1704143040.0,8726.17,8723.55,2.62,0.02855786,BAR
1446,1704143100.0,8725.99,8723.55,2.44,0.02855786,BAR
1447,1704143160.0,8726.22,8723.55,2.66,0.02855786,BAR
1448,1704143220.0,8726.85,8723.55,3.30,0.02855786,BAR
1449,1704143280.0,8726.02,8723.55,2.46,0.02855786,BAR
1450,1704143340.0,8725.04,8723.55,1.49,0.02855786,BAR
1451,1704143400.0,8725.38,8723.55,1.83,0.02855786,BAR
1452,1704143460.0,8725.42,8723.55,1.86,0.02855786,BAR
1453,1704143520.0,8726.68,8723.55,3.13,0.02855786,BAR
1454,1704143580.0,8725.59,8723.55,2.04,0.02855786,BAR
1455,1704143640.0,8725.83,8723.55,2.28,0.02855786,BAR
1456,1704143700.0,8725.83,8723.55,2.28,0.02855786,BAR
1457,1704143760.0,8727.41,8723.55,3.85,0.02855786,BAR
1458,1704143820.0,8726.85,8723.55,3.30,0.02855786,BAR
1459,1704143880.0,8726.48,8723.55,2.93,0.02855786,BAR
1460,1704143940.0,8726.79,8723.55,3.23,0.02855786,BAR
1461,1704144000.0,8726.72,8723.55,3.16,0.02855786,BAR
1462,1704144060.0,8725.77,8723.55,2.22,0.02855786,BAR
1463,1704144120.0,8725.82,8723.55,2.27,0.02855786,BAR
1464,1704144180.0,8725.05,8723.55,1.50,0.02855786,BAR
1465,1704144240.0,8724.39,8723.55,0.84,0.02855786,BAR
1466,1704144300.0,8724.70,8723.55,1.15,0.02855786,BAR
1467,1704144360.0,8724.51,8723.55,0.96,0.02855786,BAR
1468,1704144420.0,8723.25,8723.55,-0.31,0.02855786,BAR
1469,1704144480.0,8723.56,8723.55,0.01,0.02855786,BAR
1470,1704144540.0,8723.88,8723.55,0.33,0.02855786,BAR
1471,1704144600.0,8723.35,8723.55,-0.20,0.02855786,BAR
1472,1704144660.0,8722.25,8723.55,-1.30,0.02855786,BAR
1473,1704144720.0,8722.82,8723.55,-0.73,0.02855786,BAR
1474,1704144780.0,8722.77,8723.55,-0.79,0.02855786,BAR
1475,1704144840.0,8722.56,8723.55,-1.00,0.02855786,BAR
1476,1704144900.0,8722.32,8723.55,-1.23,0.02855786,BAR
1477,1704144960.0,8721.65,8723.55,-1.90,0.02855786,BAR
1478,1704145020.0,8721.14,8723.55,-2.41,0.02855786,BAR
1479,1704145080.0,8720.18,8723.55,-3.37,0.02855786,BAR
1480,1704145140.0,8720.45,8723.55,-3.10,0.02855786,BAR
1481,1704145200.0,8721.30,8723.55,-2.26,0.02855786,BAR
1482,1704145260.0,8720.04,8723.55,-3.51,0.02855786,BAR
1483,1704145320.0,8719.56,8723.55,-3.99,0.02855786,BAR
1484,1704145380.0,8719.09,8723.55,-4.46,0.02855786,BAR
1485,1704145440.0,8718.96,8723.55,-4.60,0.02855786,BAR
1486,1704145500.0,8719.25,8723.55,-4.30,0.02855786,BAR
1487,1704145560.0,8719.01,8723.55,-4.55,0.02855786,BAR
1488,1704145620.0,8719.55,8723.55,-4.00,0.02855786,BAR
1489,1704145680.0,8720.83,8723.55,-2.73,0.02855786,BAR
1490,1704145740.0,8720.18,8723.55,-3.37,0.02855786,BAR
1491,1704145800.0,8720.02,8723.55,-3.53,0.02855786,BAR
1492,1704145860.0,8720.85,8723.55,-2.71,0.02855786,BAR
1493,1704145920.0,8721.85,8723.55,-1.70,0.02855786,BAR
1494,1704145980.0,8721.53,8723.55,-2.03,0.02855786,BAR
1495,1704146040.0,8722.45,8723.55,-1.11,0.02855786,BAR
1496,1704146100.0,8722.56,8723.55,-0.99,0.02855786,BAR
1497,1704146160.0,8722.05,8723.55,-1.51,0.02855786,BAR
1498,1704146220.0,8721.98,8723.55,-1.57,0.02855786,BAR
1499,1704146280.0,8722.16,8723.55,-1.40,0.02855786,BAR
1500,1704146340.0,8722.82,8723.55,-0.73,0.02855786,BAR
1501,1704146400.0,8723.85,8723.55,0.29,0.02855786,BAR
1502,1704146460.0,8723.76,8723.55,0.21,0.02855786,BAR
1503,1704146520.0,8721.64,8723.55,-1.91,0.02855786,BAR
1504,1704146580.0,8721.26,8723.55,-2.30,0.02855786,BAR
1505,1704146640.0,8721.19,8723.55,-2.36,0.02855786,BAR
1506,1704146700.0,8721.19,8723.55,-2.36,0.02855786,BAR
1507,1704146760.0,8720.96,8723.55,-2.59,0.02855786,BAR
1508,1704146820.0,8720.74,8723.55,-2.81,0.02855786,BAR
1509,1704146880.0,8721.43,8723.55,-2.12,0.02855786,BAR
1510,1704146940.0,8721.19,8723.55,-2.36,0.02855786,BAR
1511,1704147000.0,8721.26,8723.55,-2.29,0.02855786,BAR
1512,1704147060.0,8720.14,8723.55,-3.42,0.02855786,BAR
1513,1704147120.0,8720.90,8723.55,-2.65,0.02855786,BAR
1514,1704147180.0,8719.96,8723.55,-3.60,0.02855786,BAR
1515,1704147240.0,8719.96,8723.55,-3.59,0.02855786,BAR
1516,1704147300.0,8720.56,8723.55,-2.99,0.02855786,BAR
1517,1704147360.0,8720.12,8723.55,-3.43,0.02855786,BAR
1518,1704147420.0,8719.17,8723.55,-4.39,0.02855786,BAR
1519,1704147480.0,8718.47,8723.55,-5.08,0.02855786,BAR
1520,1704147540.0,8717.99,8723.55,-5.56,0.02855786,BAR
1521,1704147600.0,8716.39,8723.55,-7.16,0.02855786,BAR
1522,1704147660.0,8716.56,8723.55,-6.99,0.02855786,BAR
1523,1704147720.0,8717.65,8723.55,-5.90,0.02855786,BAR
1524,1704147780.0,8718.49,8723.55,-5.06,0.02855786,BAR
1525,1704147840.0,8718.88,8723.55,-4.67,0.02855786,BAR
1526,1704147900.0,8718.21,8723.55,-5.34,0.02855786,BAR
1527,1704147960.0,8718.06,8723.55,-5.49,0.02855786,BAR
1528,1704148020.0,8719.08,8723.55,-4.48,0.02855786,BAR
1529,1704148080.0,8718.92,8723.55,-4.63,0.02855786,BAR
1530,1704148140.0,8718.59,8723.55,-4.96,0.02855786,BAR
1531,1704148200.0,8720.16,8723.55,-3.40,0.02855786,BAR
1532,1704148260.0,8719.16,8723.55,-4.39,0.02855786,BAR
1533,1704148320.0,8719.42,8723.55,-4.13,0.02855786,BAR
1534,1704148380.0,8719.54,8723.55,-4.02,0.02855786,BAR
1535,1704148440.0,8719.42,8723.55,-4.13,0.02855786,BAR
1536,1704148500.0,8719.65,8723.55,-3.90,0.02855786,BAR
1537,1704148560.0,8719.92,8723.55,-3.63,0.02855786,BAR
1538,1704148620.0,8720.10,8723.55,-3.45,0.02855786,BAR
1539,1704148680.0,8720.28,8723.55,-3.28,0.02855786,BAR
1540,1704148740.0,8720.30,8723.55,-3.25,0.02855786,BAR
1541,1704148800.0,8719.85,8723.55,-3.70,0.02855786,BAR
1542,1704148860.0,8719.42,8723.55,-4.13,0.02855786,BAR
1543,1704148920.0,8718.44,8723.55,-5.11,0.02855786,BAR
1544,1704148980.0,8718.25,8723.55,-5.30,0.02855786,BAR
1545,1704149040.0,8717.91,8723.55,-5.64,0.02855786,BAR
1546,1704149100.0,8719.25,8723.55,-4.30,0.02855786,BAR
1547,1704149160.0,8719.55,8723.55,-4.00,0.02855786,BAR
1548,1704149220.0,8719.49,8723.55,-4.06,0.02855786,BAR
1549,1704149280.0,8719.23,8723.55,-4.32,0.02855786,BAR
1550,1704149340.0,8718.43,8723.55,-5.12,0.02855786,BAR
1551,1704149400.0,8718.35,8723.55,-5.20,0.02855786,BAR
1552,1704149460.0,8718.31,8723.55,-5.24,0.02855786,BAR
1553,1704149520.0,8718.31,8723.55,-5.24,0.02855786,BAR
1554,1704149580.0,8718.48,8723.55,-5.07,0.02855786,BAR
1555,1704149640.0,8718.48,8723.55,-5.07,0.02855786,BAR
1556,1704149700.0,8719.23,8723.55,-4.32,0.02855786,BAR
1557,1704149760.0,8719.45,8723.55,-4.10,0.02855786,BAR
1558,1704149820.0,8719.59,8723.55,-3.97,0.02855786,BAR
1559,1704149880.0,8720.27,8723.55,-3.28,0.02855786,BAR
1560,1704149940.0,8720.27,8723.55,-3.28,0.02855786,BAR
1561,1704150000.0,8722.07,8723.55,-1.48,0.02855786,BAR
1562,1704150060.0,8722.81,8723.55,-0.74,0.02855786,BAR
1563,1704150120.0,8722.45,8723.55,-1.10,0.02855786,BAR
1564,1704150180.0,8723.99,8723.55,0.44,0.02855786,BAR
1565,1704150240.0,8724.60,8723.55,1.05,0.02855786,BAR
1566,1704150300.0,8725.06,8723.55,1.50,0.02855786,BAR
1567,1704150360.0,8724.62,8723.55,1.07,0.02855786,BAR
1568,1704150420.0,8723.42,8723.55,-0.13,0.02855786,BAR
1569,1704150480.0,8723.42,8723.55,-0.13,0.02855786,BAR
1570,1704150540.0,8723.83,8723.55,0.28,0.02855786,BAR
1571,1704150600.0,8723.76,8723.55,0.21,0.02855786,BAR
1572,1704150660.0,8723.25,8723.55,-0.30,0.02855786,BAR
1573,1704150720.0,8724.12,8723.55,0.57,0.02855786,BAR
1574,1704150780.0,8724.60,8723.55,1.04,0.02855786,BAR
1575,1704150840.0,8724.39,8723.55,0.83,0.02855786,BAR
1576,1704150900.0,8723.13,8723.55,-0.42,0.02855786,BAR
1577,1704150960.0,8724.10,8723.55,0.55,0.02855786,BAR
1578,1704151020.0,8725.56,8723.55,2.00,0.02855786,BAR
1579,1704151080.0,8726.66,8723.55,3.11,0.02855786,BAR
1580,1704151140.0,8726.17,8723.55,2.61,0.02855786,BAR
1581,1704151200.0,8727.04,8723.55,3.49,0.02855786,BAR
1582,1704151260.0,8727.82,8723.55,4.26,0.02855786,BAR
1583,1704151320.0,8728.09,8723.55,4.54,0.02855786,BAR
1584,1704151380.0,8727.35,8723.55,3.80,0.02855786,BAR
1585,1704151440.0,8728.59,8723.55,5.04,0.02855786,BAR
1586,1704151500.0,8730.66,8723.55,7.11,0.02855786,BAR
1587,1704151560.0,8730.59,8723.55,7.03,0.02855786,BAR
1588,1704151620.0,8732.73,8723.55,9.17,0.02855786,BAR
1589,1704151680.0,8733.14,8723.55,9.59,0.02855786,BAR
1590,1704151740.0,8733.41,8723.55,9.86,0.02855786,BAR
1591,1704151800.0,8733.24,8723.55,9.69,0.02855786,BAR
1592,1704151860.0,8733.53,8723.55,9.97,0.02855786,BAR
1593,1704151920.0,8734.61,8723.55,11.06,0.02855786,BAR
1594,1704151980.0,8734.31,8723.55,10.75,0.02855786,BAR
1595,1704152040.0,8734.07,8723.55,10.52,0.02855786,BAR
1596,1704152100.0,8732.55,8723.55,9.00,0.02855786,BAR
1597,1704152160.0,8733.73,8723.55,10.18,0.02855786,BAR
1598,1704152220.0,8734.96,8723.55,11.40,0.02855786,BAR
1599,1704152280.0,8736.53,8723.55,12.97,0.02855786,BAR
1600,1704152340.0,8736.55,8723.55,13.00,0.02855786,BAR
1601,1704152400.0,8735.40,8723.55,11.85,0.02855786,BAR
1602,1704152460.0,8736.21,8723.55,12.66,0.02855786,BAR
1603,1704152520.0,8735.12,8723.55,11.57,0.02855786,BAR
1604,1704152580.0,8736.06,8723.55,12.50,0.02855786,BAR
1605,1704152640.0,8736.12,8723.55,12.57,0.02855786,BAR
1606,1704152700.0,8735.92,8723.55,12.37,0.02855786,BAR
1607,1704152760.0,8736.26,8723.55,12.70,0.02855786,BAR
1608,1704152820.0,8736.17,8723.55,12.62,0.02855786,BAR
1609,1704152880.0,8735.83,8723.55,12.28,0.02855786,BAR
1610,1704152940.0,8735.81,8723.55,12.26,0.02855786,BAR
1611,1704153000.0,8736.67,8723.55,13.12,0.02855786,BAR
1612,1704153060.0,8737.98,8723.55,14.43,0.02855786,BAR
1613,1704153120.0,8737.74,8723.55,14.19,0.02855786,BAR
1614,1704153180.0,8737.75,8723.55,14.20,0.02855786,BAR
1615,1704153240.0,8737.41,8723.55,13.86,0.02855786,BAR
1616,1704153300.0,8737.74,8723.55,14.18,0.02855786,BAR
1617,1704153360.0,8737.56,8723.55,14.01,0.02855786,BAR
1618,1704153420.0,8737.58,8723.55,14.03,0.02855786,BAR
1619,1704153480.0,8738.16,8723.55,14.60,0.02855786,BAR
1620,1704153540.0,8738.83,8723.55,15.27,0.02855786,BAR
1621,1704153600.0,8738.68,8723.55,15.12,0.02855786,BAR
1622,1704153660.0,8739.87,8723.55,16.32,0.02855786,BAR
1623,1704153720.0,8738.41,8723.55,14.86,0.02855786,BAR
1624,1704153780.0,8739.73,8723.55,16.17,0.02855786,BAR
1625,1704153840.0,8741.26,8723.55,17.70,0.02855786,BAR
1626,1704153900.0,8742.98,8723.55,19.43,0.02855786,BAR
1627,1704153960.0,8743.75,8723.55,20.19,0.02855786,BAR
1628,1704154020.0,8746.01,8723.55,22.46,0.02855786,BAR
1629,1704154080.0,8744.90,8723.55,21.35,0.02855786,BAR
1630,1704154140.0,8745.08,8723.55,21.52,0.02855786,BAR
1631,1704154200.0,8745.99,8723.55,22.44,0.02855786,BAR
1632,1704154260.0,8747.81,8723.55,24.26,0.02855786,BAR
1633,1704154320.0,8747.98,8723.55,24.42,0.02855786,BAR
1634,1704154380.0,8750.35,8723.55,26.80,0.02855786,BAR
1635,1704154440.0,8751.69,8723.55,28.14,0.02855786,BAR
1636,1704154500.0,8749.09,8723.55,25.54,0.02855786,BAR
1637,1704154560.0,8747.81,8723.55,24.25,0.02855786,BAR
1638,1704154620.0,8751.25,8723.55,27.70,0.02855786,BAR
1639,1704154680.0,8753.02,8723.55,29.47,0.02855786,BAR
1640,1704154740.0,8749.57,8723.55,26.02,0.02855786,BAR
1641,1704154800.0,8750.83,8723.55,27.28,0.02855786,BAR
1642,1704154860.0,8754.10,8723.55,30.55,0.02855786,BAR
1643,1704154920.0,8754.49,8723.55,30.94,0.02855786,BAR
1644,1704154980.0,8756.30,8723.55,32.74,0.02855786,BAR
1645,1704155040.0,8755.17,8723.55,31.62,0.02855786,BAR
1646,1704155100.0,8753.86,8723.55,30.31,0.02855786,BAR
1647,1704155160.0,8755.29,8723.55,31.74,0.02855786,BAR
1648,1704155220.0,8751.46,8723.55,27.91,0.02855786,BAR
1649,1704155280.0,8752.10,8723.55,28.55,0.02855786,BAR
1650,1704155340.0,8751.11,8723.55,27.56,0.02855786,BAR
1651,1704155400.0,8751.65,8723.55,28.10,0.02855786,BAR
1652,1704155460.0,8751.94,8723.55,28.39,0.02855786,BAR
1653,1704155520.0,8753.35,8723.55,29.79,0.02855786,BAR
1654,1704155580.0,8754.15,8723.55,30.60,0.02855786,BAR
1655,1704155640.0,8752.67,8723.55,29.11,0.02855786,BAR
1656,1704155700.0,8751.75,8723.55,28.20,0.02855786,BAR
1657,1704155760.0,8750.96,8723.55,27.41,0.02855786,BAR
1658,1704155820.0,8750.62,8723.55,27.07,0.02855786,BAR
1659,1704155880.0,8750.15,8723.55,26.60,0.02855786,BAR
1660,1704155940.0,8750.41,8723.55,26.86,0.02855786,BAR
1661,1704156000.0,8751.20,8723.55,27.65,0.02855786,BAR
1662,1704156060.0,8753.15,8723.55,29.60,0.02855786,BAR
1663,1704156120.0,8754.29,8723.55,30.74,0.02855786,BAR
1664,1704156180.0,8755.43,8723.55,31.88,0.02855786,BAR
1665,1704156240.0,8754.60,8723.55,31.05,0.02855786,BAR
1666,1704156300.0,8753.23,8723.55,29.68,0.02855786,BAR
1667,1704156360.0,8753.36,8723.55,29.81,0.02855786,BAR
1668,1704156420.0,8756.49,8723.55,32.94,0.02855786,BAR
1669,1704156480.0,8756.55,8723.55,32.99,0.02855786,BAR
1670,1704156540.0,8753.85,8723.55,30.29,0.02855786,BAR
1671,1704156600.0,8756.05,8723.55,32.50,0.02855786,BAR
1672,1704156660.0,8755.41,8723.55,31.86,0.02855786,BAR
1673,1704156720.0,8755.52,8723.55,31.96,0.02855786,BAR
1674,1704156780.0,8756.69,8723.55,33.14,0.02855786,BAR
1675,1704156840.0,8757.57,8723.55,34.02,0.02855786,BAR
1676,1704156900.0,8757.82,8723.55,34.26,0.02855786,BAR
1677,1704156960.0,8758.65,8723.55,35.10,0.02855786,BAR
1678,1704157020.0,8763.29,8723.55,39.73,0.02855786,BAR
1679,1704157080.0,8762.91,8723.55,39.35,0.02855786,BAR
1680,1704157140.0,8763.86,8723.55,40.30,0.02855786,BAR
1681,1704157200.0,8763.69,8723.55,40.14,0.02855786,BAR
1682,1704157260.0,8765.38,8723.55,41.82,0.02855786,BAR
1683,1704157320.0,8766.27,8723.55,42.72,0.02855786,BAR
1684,1704157380.0,8765.43,8723.55,41.87,0.02855786,BAR
1685,1704157440.0,8765.91,8723.55,42.36,0.02855786,BAR
1686,1704157500.0,8766.36,8723.55,42.81,0.02855786,BAR
1687,1704157560.0,8768.46,8723.55,44.91,0.02855786,BAR
1688,1704157620.0,8768.89,8723.55,45.33,0.02855786,BAR
1689,1704157680.0,8771.74,8723.55,48.19,0.02855786,BAR
1690,1704157740.0,8767.67,8723.55,44.11,0.02855786,BAR
1691,1704157800.0,8766.86,8723.55,43.31,0.02855786,BAR
1692,1704157860.0,8762.03,8723.55,38.48,0.02855786,BAR
1693,1704157920.0,8761.29,8723.55,37.73,0.02855786,BAR
1694,1704157980.0,8758.75,8723.55,35.19,0.02855786,BAR
1695,1704158040.0,8757.72,8723.55,34.17,0.02855786,BAR
1696,1704158100.0,8758.29,8723.55,34.74,0.02855786,BAR
1697,1704158160.0,8760.32,8723.55,36.77,0.02855786,BAR
1698,1704158220.0,8759.54,8723.55,35.99,0.02855786,BAR
1699,1704158280.0,8760.38,8723.55,36.83,0.02855786,BAR
1700,1704158340.0,8761.15,8723.55,37.59,0.02855786,BAR
1701,1704158400.0,8760.43,8723.55,36.87,0.02855786,BAR
1702,1704158460.0,8759.74,8723.55,36.19,0.02855786,BAR
1703,1704158520.0,8759.74,8723.55,36.18,0.02855786,BAR
1704,1704158580.0,8761.43,8723.55,37.88,0.02855786,BAR
1705,1704158640.0,8760.88,8723.55,37.33,0.02855786,BAR
1706,1704158700.0,8761.97,8723.55,38.42,0.02855786,BAR
1707,1704158760.0,8763.42,8723.55,39.86,0.02855786,BAR
1708,1704158820.0,8763.29,8723.55,39.73,0.02855786,BAR
1709,1704158880.0,8760.09,8723.55,36.54,0.02855786,BAR
1710,1704158940.0,8760.26,8723.55,36.71,0.02855786,BAR
1711,1704159000.0,8760.31,8723.55,36.75,0.02855786,BAR
1712,1704159060.0,8761.45,8723.55,37.90,0.02855786,BAR
1713,1704159120.0,8760.69,8723.55,37.13,0.02855786,BAR
1714,1704159180.0,8760.32,8723.55,36.77,0.02855786,BAR
1715,1704159240.0,8759.36,8723.55,35.81,0.02855786,BAR
1716,1704159300.0,8758.00,8723.55,34.45,0.02855786,BAR
1717,1704159360.0,8757.85,8723.55,34.29,0.02855786,BAR
1718,1704159420.0,8756.89,8723.55,33.33,0.02855786,BAR
1719,1704159480.0,8756.97,8723.55,33.41,0.02855786,BAR
1720,1704159540.0,8757.12,8723.55,33.56,0.02855786,BAR
1721,1704159600.0,8759.96,8723.55,36.41,0.02855786,BAR
1722,1704159660.0,8758.00,8723.55,34.45,0.02855786,BAR
1723,1704159720.0,8756.85,8723.55,33.30,0.02855786,BAR
1724,1704159780.0,8758.08,8723.55,34.53,0.02855786,BAR
1725,1704159840.0,8756.73,8723.55,33.18,0.02855786,BAR
1726,1704159900.0,8756.69,8723.55,33.14,0.02855786,BAR
1727,1704159960.0,8756.28,8723.55,32.73,0.02855786,BAR
1728,1704160020.0,8755.37,8723.55,31.82,0.02855786,BAR
1729,1704160080.0,8755.97,8723.55,32.42,0.02855786,BAR
1730,1704160140.0,8753.45,8723.55,29.89,0.02855786,BAR
1731,1704160200.0,8754.39,8723.55,30.84,0.02855786,BAR
1732,1704160260.0,8754.35,8723.55,30.80,0.02855786,BAR
1733,1704160320.0,8755.97,8723.55,32.42,0.02855786,BAR
1734,1704160380.0,8756.15,8723.55,32.60,0.02855786,BAR
1735,1704160440.0,8756.33,8723.55,32.78,0.02855786,BAR
1736,1704160500.0,8757.92,8723.55,34.36,0.02855786,BAR
1737,1704160560.0,8758.45,8723.55,34.90,0.02855786,BAR
1738,1704160620.0,8759.46,8723.55,35.90,0.02855786,BAR
1739,1704160680.0,8757.72,8723.55,34.17,0.02855786,BAR
1740,1704160740.0,8758.14,8723.55,34.59,0.02855786,BAR
1741,1704160800.0,8759.04,8723.55,35.49,0.02855786,BAR
1742,1704160860.0,8759.20,8723.55,35.65,0.02855786,BAR
1743,1704160920.0,8760.35,8723.55,36.80,0.02855786,BAR
1744,1704160980.0,8760.59,8723.55,37.03,0.02855786,BAR
1745,1704161040.0,8760.77,8723.55,37.22,0.02855786,BAR
1746,1704161100.0,8760.49,8723.55,36.93,0.02855786,BAR
1747,1704161160.0,8760.22,8723.55,36.67,0.02855786,BAR
1748,1704161220.0,8760.77,8723.55,37.22,0.02855786,BAR
1749,1704161280.0,8761.01,8723.55,37.46,0.02855786,BAR
1750,1704161340.0,8761.67,8723.55,38.12,0.02855786,BAR
1751,1704161400.0,8760.37,8723.55,36.82,0.02855786,BAR
1752,1704161460.0,8761.63,8723.55,38.08,0.02855786,BAR
1753,1704161520.0,8762.09,8723.55,38.54,0.02855786,BAR
1754,1704161580.0,8760.65,8723.55,37.09,0.02855786,BAR
1755,1704161640.0,8761.70,8723.55,38.14,0.02855786,BAR
1756,1704161700.0,8762.37,8723.55,38.82,0.02855786,BAR
1757,1704161760.0,8761.22,8723.55,37.66,0.02855786,BAR
1758,1704161820.0,8759.78,8723.55,36.23,0.02855786,BAR
1759,1704161880.0,8759.46,8723.55,35.91,0.02855786,BAR
1760,1704161940.0,8760.06,8723.55,36.51,0.02855786,BAR
1761,1704162000.0,8760.94,8723.55,37.38,0.02855786,BAR
1762,1704162060.0,8762.10,8723.55,38.55,0.02855786,BAR
1763,1704162120.0,8763.46,8723.55,39.90,0.02855786,BAR
1764,1704162180.0,8763.18,8723.55,39.62,0.02855786,BAR
1765,1704162240.0,8761.96,8723.55,38.40,0.02855786,BAR
1766,1704162300.0,8763.06,8723.55,39.51,0.02855786,BAR
1767,1704162360.0,8763.68,8723.55,40.13,0.02855786,BAR
1768,1704162420.0,8764.26,8723.55,40.70,0.02855786,BAR
1769,1704162480.0,8764.71,8723.55,41.16,0.02855786,BAR
1770,1704162540.0,8765.11,8723.55,41.56,0.02855786,BAR
1771,1704162600.0,8765.11,8723.55,41.56,0.02855786,BAR
1772,1704162660.0,8765.05,8723.55,41.49,0.02855786,BAR
1773,1704162720.0,8765.62,8723.55,42.07,0.02855786,BAR
1774,1704162780.0,8766.57,8723.55,43.02,0.02855786,BAR
1775,1704162840.0,8766.34,8723.55,42.79,0.02855786,BAR
1776,1704162900.0,8766.38,8723.55,42.83,0.02855786,BAR
1777,1704162960.0,8766.37,8723.55,42.81,0.02855786,BAR
1778,1704163020.0,8766.98,8723.55,43.42,0.02855786,BAR
1779,1704163080.0,8767.31,8723.55,43.76,0.02855786,BAR
1780,1704163140.0,8767.44,8723.55,43.89,0.02855786,BAR
1781,1704163200.0,8768.77,8723.55,45.22,0.02855786,BAR
1782,1704163260.0,8769.11,8723.55,45.56,0.02855786,BAR
1783,1704163320.0,8768.72,8723.55,45.17,0.02855786,BAR
1784,1704163380.0,8770.34,8723.55,46.79,0.02855786,BAR
1785,1704163440.0,8770.67,8723.55,47.12,0.02855786,BAR
1786,1704163500.0,8769.75,8723.55,46.20,0.02855786,BAR
1787,1704163560.0,8768.83,8723.55,45.27,0.02855786,BAR
1788,1704163620.0,8769.23,8723.55,45.67,0.02855786,BAR
1789,1704163680.0,8769.43,8723.55,45.87,0.02855786,BAR
1790,1704163740.0,8768.19,8723.55,44.64,0.02855786,BAR
1791,1704163800.0,8767.39,8723.55,43.84,0.02855786,BAR
1792,1704163860.0,8769.32,8723.55,45.77,0.02855786,BAR
1793,1704163920.0,8769.10,8723.55,45.55,0.02855786,BAR
1794,1704163980.0,8769.41,8723.55,45.86,0.02855786,BAR
1795,1704164040.0,8769.49,8723.55,45.93,0.02855786,BAR
1796,1704164100.0,8770.48,8723.55,46.93,0.02855786,BAR
1797,1704164160.0,8771.22,8723.55,47.66,0.02855786,BAR
1798,1704164220.0,8771.82,8723.55,48.27,0.02855786,BAR
1799,1704164280.0,8772.80,8723.55,49.24,0.02855786,BAR
1800,1704164340.0,8773.08,8723.55,49.53,0.02855786,BAR
1801,1704164400.0,10017.22,10017.22,0.00,0.00000000,BAR
1802,1704164460.0,10017.22,10017.22,0.00,0.00000000,BAR
1803,1704164520.0,10017.22,10017.22,0.00,0.00000000,BAR
1804,1704164580.0,10017.22,10017.22,0.00,0.00000000,BAR
1805,1704164640.0,10017.22,10017.22,0.00,0.00000000,BAR
1806,1704164700.0,10017.22,10017.22,0.00,0.00000000,BAR
1807,1704164760.0,10017.22,10017.22,0.00,0.00000000,BAR
1808,1704164820.0,10017.22,10017.22,0.00,0.00000000,BAR
1809,1704164880.0,10017.22,10017.22,0.00,0.00000000,BAR
1810,1704164940.0,10017.22,10017.22,0.00,0.00000000,BAR
1811,1704165000.0,10017.22,10017.22,0.00,0.00000000,BAR
1812,1704165060.0,10017.22,10017.22,0.00,0.00000000,BAR
1813,1704165120.0,10017.22,10017.22,0.00,0.00000000,BAR
1814,1704165180.0,10017.22,10017.22,0.00,0.00000000,BAR
1815,1704165240.0,10017.22,10017.22,0.00,0.00000000,BAR
1816,1704165300.0,10017.22,10017.22,0.00,0.00000000,BAR
1817,1704165360.0,10017.22,10017.22,0.00,0.00000000,BAR
1818,1704165420.0,10017.22,10017.22,0.00,0.00000000,BAR
1819,1704165480.0,10017.22,10017.22,0.00,0.00000000,BAR
1820,1704165540.0,10017.22,10017.22,0.00,0.00000000,BAR
1821,1704165600.0,10017.22,10017.22,0.00,0.00000000,BAR
1822,1704165660.0,10017.22,10017.22,0.00,0.00000000,BAR
1823,1704165720.0,10017.22,10017.22,0.00,0.00000000,BAR
1824,1704165780.0,10017.22,10017.22,0.00,0.00000000,BAR
1825,1704165840.0,10017.22,10017.22,0.00,0.00000000,BAR
1826,1704165900.0,10017.22,10017.22,0.00,0.00000000,BAR
1827,1704165960.0,10017.22,10017.22,0.00,0.00000000,BAR
1828,1704166020.0,10017.22,10017.22,0.00,0.00000000,BAR
1829,1704166080.0,10017.22,10017.22,0.00,0.00000000,BAR
1830,1704166140.0,10017.22,10017.22,0.00,0.00000000,BAR
1831,1704166200.0,10017.22,10017.22,0.00,0.00000000,BAR
1832,1704166260.0,10017.22,10017.22,0.00,0.00000000,BAR
1833,1704166320.0,10017.22,10017.22,0.00,0.00000000,BAR
1834,1704166380.0,10017.22,10017.22,0.00,0.00000000,BAR
1835,1704166440.0,10017.22,10017.22,0.00,0.00000000,BAR
1836,1704166500.0,10017.22,10017.22,0.00,0.00000000,BAR
1837,1704166560.0,10017.22,10017.22,0.00,0.00000000,BAR
1838,1704166620.0,10017.22,10017.22,0.00,0.00000000,BAR
1839,1704166680.0,10017.22,10017.22,0.00,0.00000000,BAR
1840,1704166740.0,10017.22,10017.22,0.00,0.00000000,BAR
1841,1704166800.0,10017.22,10017.22,0.00,0.00000000,BAR
1842,1704166860.0,10017.22,10017.22,0.00,0.00000000,BAR
1843,1704166920.0,10017.22,10017.22,0.00,0.00000000,BAR
1844,1704166980.0,8763.81,8763.81,0.00,0.02752191,POST_TRADE
1845,1704166980.0,8763.81,8763.81,0.00,0.02752191,BAR
1846,1704167040.0,8761.65,8763.81,-2.16,0.02752191,BAR
1847,1704167100.0,8762.01,8763.81,-1.80,0.02752191,BAR
1848,1704167160.0,8761.16,8763.81,-2.65,0.02752191,BAR
1849,1704167220.0,8760.42,8763.81,-3.39,0.02752191,BAR
1850,1704167280.0,8759.83,8763.81,-3.98,0.02752191,BAR
1851,1704167340.0,8759.78,8763.81,-4.04,0.02752191,BAR
1852,1704167400.0,8761.71,8763.81,-2.11,0.02752191,BAR
1853,1704167460.0,8761.19,8763.81,-2.63,0.02752191,BAR
1854,1704167520.0,8760.89,8763.81,-2.92,0.02752191,BAR
1855,1704167580.0,8760.52,8763.81,-3.29,0.02752191,BAR
1856,1704167640.0,8760.61,8763.81,-3.21,0.02752191,BAR
1857,1704167700.0,8760.18,8763.81,-3.63,0.02752191,BAR
1858,1704167760.0,8760.21,8763.81,-3.61,0.02752191,BAR
1859,1704167820.0,8760.16,8763.81,-3.65,0.02752191,BAR
1860,1704167880.0,8760.72,8763.81,-3.09,0.02752191,BAR
1861,1704167940.0,8761.22,8763.81,-2.59,0.02752191,BAR
1862,1704168000.0,8760.91,8763.81,-2.90,0.02752191,BAR
1863,1704168060.0,8761.30,8763.81,-2.51,0.02752191,BAR
1864,1704168120.0,8760.52,8763.81,-3.30,0.02752191,BAR
1865,1704168180.0,8761.71,8763.81,-2.10,0.02752191,BAR
1866,1704168240.0,8760.34,8763.81,-3.47,0.02752191,BAR
1867,1704168300.0,8759.84,8763.81,-3.98,0.02752191,BAR
1868,1704168360.0,8757.86,8763.81,-5.95,0.02752191,BAR
1869,1704168420.0,8758.29,8763.81,-5.52,0.02752191,BAR
1870,1704168480.0,8757.06,8763.81,-6.76,0.02752191,BAR
1871,1704168540.0,8756.91,8763.81,-6.90,0.02752191,BAR
1872,1704168600.0,8757.48,8763.81,-6.33,0.02752191,BAR
1873,1704168660.0,8758.13,8763.81,-5.68,0.02752191,BAR
1874,1704168720.0,8758.35,8763.81,-5.46,0.02752191,BAR
1875,1704168780.0,8759.67,8763.81,-4.14,0.02752191,BAR
1876,1704168840.0,8760.88,8763.81,-2.93,0.02752191,BAR
1877,1704168900.0,8759.82,8763.81,-4.00,0.02752191,BAR
1878,1704168960.0,8758.53,8763.81,-5.28,0.02752191,BAR
1879,1704169020.0,8759.42,8763.81,-4.39,0.02752191,BAR
1880,1704169080.0,8758.92,8763.81,-4.89,0.02752191,BAR
1881,1704169140.0,8757.82,8763.81,-5.99,0.02752191,BAR
1882,1704169200.0,8758.68,8763.81,-5.13,0.02752191,BAR
1883,1704169260.0,8759.11,8763.81,-4.70,0.02752191,BAR
1884,1704169320.0,8758.47,8763.81,-5.34,0.02752191,BAR
1885,1704169380.0,8759.07,8763.81,-4.74,0.02752191,BAR
1886,1704169440.0,8758.30,8763.81,-5.51,0.02752191,BAR
1887,1704169500.0,8758.84,8763.81,-4.97,0.02752191,BAR
1888,1704169560.0,8758.47,8763.81,-5.34,0.02752191,BAR
1889,1704169620.0,8758.74,8763.81,-5.08,0.02752191,BAR
1890,1704169680.0,8758.84,8763.81,-4.97,0.02752191,BAR
1891,1704169740.0,8760.12,8763.81,-3.70,0.02752191,BAR
1892,1704169800.0,8759.23,8763.81,-4.58,0.02752191,BAR
1893,1704169860.0,8758.37,8763.81,-5.44,0.02752191,BAR
1894,1704169920.0,8757.68,8763.81,-6.13,0.02752191,BAR
1895,1704169980.0,8758.13,8763.81,-5.69,0.02752191,BAR
1896,1704170040.0,8757.61,8763.81,-6.21,0.02752191,BAR
1897,1704170100.0,8757.69,8763.81,-6.12,0.02752191,BAR
1898,1704170160.0,8757.26,8763.81,-6.56,0.02752191,BAR
1899,1704170220.0,8757.88,8763.81,-5.93,0.02752191,BAR
1900,1704170280.0,8757.28,8763.81,-6.53,0.02752191,BAR
1901,1704170340.0,8755.82,8763.81,-8.00,0.02752191,BAR
1902,1704170400.0,8756.63,8763.81,-7.18,0.02752191,BAR
1903,1704170460.0,8757.06,8763.81,-6.76,0.02752191,BAR
1904,1704170520.0,8756.57,8763.81,-7.24,0.02752191,BAR
1905,1704170580.0,8756.20,8763.81,-7.62,0.02752191,BAR
1906,1704170640.0,8756.34,8763.81,-7.48,0.02752191,BAR
1907,1704170700.0,8756.33,8763.81,-7.49,0.02752191,BAR
1908,1704170760.0,8756.77,8763.81,-7.05,0.02752191,BAR
1909,1704170820.0,8756.28,8763.81,-7.53,0.02752191,BAR
1910,1704170880.0,8756.62,8763.81,-7.20,0.02752191,BAR
1911,1704170940.0,8756.22,8763.81,-7.60,0.02752191,BAR
1912,1704171000.0,8755.92,8763.81,-7.90,0.02752191,BAR
1913,1704171060.0,8755.94,8763.81,-7.87,0.02752191,BAR
1914,1704171120.0,8756.02,8763.81,-7.79,0.02752191,BAR
1915,1704171180.0,8755.74,8763.81,-8.07,0.02752191,BAR
1916,1704171240.0,8755.67,8763.81,-8.15,0.02752191,BAR
1917,1704171300.0,8755.27,8763.81,-8.54,0.02752191,BAR
1918,1704171360.0,8755.38,8763.81,-8.43,0.02752191,BAR
1919,1704171420.0,8754.88,8763.81,-8.93,0.02752191,BAR
1920,1704171480.0,8755.02,8763.81,-8.80,0.02752191,BAR
1921,1704171540.0,8755.10,8763.81,-8.72,0.02752191,BAR
1922,1704171600.0,8754.41,8763.81,-9.40,0.02752191,BAR
1923,1704171660.0,8754.28,8763.81,-9.54,0.02752191,BAR
1924,1704171720.0,8754.44,8763.81,-9.37,0.02752191,BAR
1925,1704171780.0,8754.16,8763.81,-9.65,0.02752191,BAR
1926,1704171840.0,8753.56,8763.81,-10.26,0.02752191,BAR
1927,1704171900.0,8754.21,8763.81,-9.60,0.02752191,BAR
1928,1704171960.0,8755.21,8763.81,-8.60,0.02752191,BAR
1929,1704172020.0,8755.94,8763.81,-7.87,0.02752191,BAR
1930,1704172080.0,8756.70,8763.81,-7.12,0.02752191,BAR
1931,1704172140.0,8757.43,8763.81,-6.38,0.02752191,BAR
1932,1704172200.0,8757.81,8763.81,-6.00,0.02752191,BAR
1933,1704172260.0,8757.65,8763.81,-6.16,0.02752191,BAR
1934,1704172320.0,8757.81,8763.81,-6.00,0.02752191,BAR
1935,1704172380.0,8758.62,8763.81,-5.19,0.02752191,BAR
1936,1704172440.0,8758.79,8763.81,-5.02,0.02752191,BAR
1937,1704172500.0,8759.08,8763.81,-4.73,0.02752191,BAR
1938,1704172560.0,8756.51,8763.81,-7.31,0.02752191,BAR
1939,1704172620.0,8757.03,8763.81,-6.79,0.02752191,BAR
1940,1704172680.0,8757.19,8763.81,-6.62,0.02752191,BAR
1941,1704172740.0,8757.08,8763.81,-6.73,0.02752191,BAR
1942,1704172800.0,8757.57,8763.81,-6.24,0.02752191,BAR
1943,1704172860.0,8757.30,8763.81,-6.51,0.02752191,BAR
1944,1704172920.0,8757.06,8763.81,-6.75,0.02752191,BAR
1945,1704172980.0,8757.06,8763.81,-6.75,0.02752191,BAR
1946,1704173040.0,8757.36,8763.81,-6.45,0.02752191,BAR
1947,1704173100.0,8757.10,8763.81,-6.71,0.02752191,BAR
1948,1704173160.0,8757.90,8763.81,-5.92,0.02752191,BAR
1949,1704173220.0,8756.94,8763.81,-6.87,0.02752191,BAR
1950,1704173280.0,8757.09,8763.81,-6.73,0.02752191,BAR
1951,1704173340.0,8757.33,8763.81,-6.48,0.02752191,BAR
1952,1704173400.0,8756.61,8763.81,-7.21,0.02752191,BAR
1953,1704173460.0,8756.45,8763.81,-7.36,0.02752191,BAR
1954,1704173520.0,8756.85,8763.81,-6.96,0.02752191,BAR
1955,1704173580.0,8756.96,8763.81,-6.85,0.02752191,BAR
1956,1704173640.0,8757.40,8763.81,-6.42,0.02752191,BAR
1957,1704173700.0,8757.40,8763.81,-6.42,0.02752191,BAR
1958,1704173760.0,8756.97,8763.81,-6.84,0.02752191,BAR
1959,1704173820.0,8757.44,8763.81,-6.37,0.02752191,BAR
1960,1704173880.0,8758.13,8763.81,-5.68,0.02752191,BAR
1961,1704173940.0,8758.17,8763.81,-5.64,0.02752191,BAR
1962,1704174000.0,8757.61,8763.81,-6.20,0.02752191,BAR
1963,1704174060.0,8757.41,8763.81,-6.40,0.02752191,BAR
1964,1704174120.0,8756.85,8763.81,-6.96,0.02752191,BAR
1965,1704174180.0,8757.18,8763.81,-6.64,0.02752191,BAR
1966,1704174240.0,8757.01,8763.81,-6.81,0.02752191,BAR
1967,1704174300.0,8756.53,8763.81,-7.28,0.02752191,BAR
1968,1704174360.0,8756.78,8763.81,-7.03,0.02752191,BAR
1969,1704174420.0,8758.08,8763.81,-5.73,0.02752191,BAR
1970,1704174480.0,8758.35,8763.81,-5.46,0.02752191,BAR
1971,1704174540.0,8757.84,8763.81,-5.97,0.02752191,BAR
1972,1704174600.0,8757.85,8763.81,-5.96,0.02752191,BAR
1973,1704174660.0,8756.58,8763.81,-7.24,0.02752191,BAR
1974,1704174720.0,8755.41,8763.81,-8.40,0.02752191,BAR
1975,1704174780.0,8753.89,8763.81,-9.92,0.02752191,BAR
1976,1704174840.0,8754.55,8763.81,-9.26,0.02752191,BAR
1977,1704174900.0,8754.71,8763.81,-9.10,0.02752191,BAR
1978,1704174960.0,8755.29,8763.81,-8.52,0.02752191,BAR
1979,1704175020.0,8755.43,8763.81,-8.38,0.02752191,BAR
1980,1704175080.0,8755.20,8763.81,-8.61,0.02752191,BAR
1981,1704175140.0,8755.09,8763.81,-8.73,0.02752191,BAR
1982,1704175200.0,8754.76,8763.81,-9.05,0.02752191,BAR
1983,1704175260.0,8754.58,8763.81,-9.24,0.02752191,BAR
1984,1704175320.0,8754.39,8763.81,-9.43,0.02752191,BAR
1985,1704175380.0,8753.98,8763.81,-9.83,0.02752191,BAR
1986,1704175440.0,8755.01,8763.81,-8.81,0.02752191,BAR
1987,1704175500.0,8755.14,8763.81,-8.67,0.02752191,BAR
1988,1704175560.0,8755.27,8763.81,-8.54,0.02752191,BAR
1989,1704175620.0,8754.39,8763.81,-9.43,0.02752191,BAR
1990,1704175680.0,8754.93,8763.81,-8.88,0.02752191,BAR
1991,1704175740.0,8755.02,8763.81,-8.79,0.02752191,BAR
1992,1704175800.0,8755.78,8763.81,-8.03,0.02752191,BAR
1993,1704175860.0,8755.90,8763.81,-7.92,0.02752191,BAR
1994,1704175920.0,8756.11,8763.81,-7.71,0.02752191,BAR
1995,1704175980.0,8756.64,8763.81,-7.17,0.02752191,BAR
1996,1704176040.0,8756.75,8763.81,-7.06,0.02752191,BAR
1997,1704176100.0,8755.78,8763.81,-8.03,0.02752191,BAR
1998,1704176160.0,8756.51,8763.81,-7.31,0.02752191,BAR
1999,1704176220.0,8756.42,8763.81,-7.39,0.02752191,BAR
2000,1704176280.0,8756.59,8763.81,-7.23,0.02752191,BAR
2001,1704176340.0,8756.48,8763.81,-7.34,0.02752191,BAR
2002,1704176400.0,8755.92,8763.81,-7.89,0.02752191,BAR
2003,1704176460.0,8756.33,8763.81,-7.48,0.02752191,BAR
2004,1704176520.0,8756.38,8763.81,-7.44,0.02752191,BAR
2005,1704176580.0,8756.51,8763.81,-7.30,0.02752191,BAR
2006,1704176640.0,8756.78,8763.81,-7.03,0.02752191,BAR
2007,1704176700.0,8756.97,8763.81,-6.84,0.02752191,BAR
2008,1704176760.0,8757.77,8763.81,-6.04,0.02752191,BAR
2009,1704176820.0,8757.47,8763.81,-6.35,0.02752191,BAR
2010,1704176880.0,8757.18,8763.81,-6.63,0.02752191,BAR
2011,1704176940.0,8757.03,8763.81,-6.78,0.02752191,BAR
2012,1704177000.0,8756.37,8763.81,-7.45,0.02752191,BAR
2013,1704177060.0,8756.17,8763.81,-7.64,0.02752191,BAR
2014,1704177120.0,8756.08,8763.81,-7.74,0.02752191,BAR
2015,1704177180.0,8756.01,8763.81,-7.80,0.02752191,BAR
2016,1704177240.0,8755.77,8763.81,-8.04,0.02752191,BAR
2017,1704177300.0,8756.38,8763.81,-7.43,0.02752191,BAR
2018,1704177360.0,8756.74,8763.81,-7.08,0.02752191,BAR
2019,1704177420.0,8757.11,8763.81,-6.70,0.02752191,BAR
2020,1704177480.0,8756.36,8763.81,-7.45,0.02752191,BAR
2021,1704177540.0,8756.47,8763.81,-7.35,0.02752191,BAR
2022,1704177600.0,8757.80,8763.81,-6.02,0.02752191,BAR
2023,1704177660.0,8758.21,8763.81,-5.60,0.02752191,BAR
2024,1704177720.0,8758.35,8763.81,-5.46,0.02752191,BAR
2025,1704177780.0,8758.20,8763.81,-5.61,0.02752191,BAR
2026,1704177840.0,8758.27,8763.81,-5.55,0.02752191,BAR
2027,1704177900.0,8757.80,8763.81,-6.01,0.02752191,BAR
2028,1704177960.0,8757.79,8763.81,-6.02,0.02752191,BAR
2029,1704178020.0,8757.47,8763.81,-6.35,0.02752191,BAR
2030,1704178080.0,8756.89,8763.81,-6.92,0.02752191,BAR
2031,1704178140.0,8757.93,8763.81,-5.88,0.02752191,BAR
2032,1704178200.0,8758.49,8763.81,-5.32,0.02752191,BAR
2033,1704178260.0,8758.13,8763.81,-5.68,0.02752191,BAR
2034,1704178320.0,8757.44,8763.81,-6.38,0.02752191,BAR
2035,1704178380.0,8756.70,8763.81,-7.12,0.02752191,BAR
2036,1704178440.0,8757.15,8763.81,-6.66,0.02752191,BAR
2037,1704178500.0,8757.15,8763.81,-6.66,0.02752191,BAR
2038,1704178560.0,8757.25,8763.81,-6.56,0.02752191,BAR
2039,1704178620.0,8756.70,8763.81,-7.12,0.02752191,BAR
2040,1704178680.0,8756.26,8763.81,-7.56,0.02752191,BAR
2041,1704178740.0,8754.79,8763.81,-9.02,0.02752191,BAR
2042,1704178800.0,8755.37,8763.81,-8.44,0.02752191,BAR
2043,1704178860.0,8756.03,8763.81,-7.79,0.02752191,BAR
2044,1704178920.0,8756.34,8763.81,-7.48,0.02752191,BAR
2045,1704178980.0,8756.56,8763.81,-7.25,0.02752191,BAR
2046,1704179040.0,8756.74,8763.81,-7.08,0.02752191,BAR
2047,1704179100.0,8756.88,8763.81,-6.93,0.02752191,BAR
2048,1704179160.0,8757.52,8763.81,-6.29,0.02752191,BAR
2049,1704179220.0,8757.52,8763.81,-6.29,0.02752191,BAR
2050,1704179280.0,8757.98,8763.81,-5.83,0.02752191,BAR
2051,1704179340.0,8759.39,8763.81,-4.42,0.02752191,BAR
2052,1704179400.0,8760.94,8763.81,-2.87,0.02752191,BAR
2053,1704179460.0,8759.99,8763.81,-3.83,0.02752191,BAR
2054,1704179520.0,8760.27,8763.81,-3.54,0.02752191,BAR
2055,1704179580.0,8759.40,8763.81,-4.41,0.02752191,BAR
2056,1704179640.0,8759.49,8763.81,-4.33,0.02752191,BAR
2057,1704179700.0,8760.00,8763.81,-3.81,0.02752191,BAR
2058,1704179760.0,8758.66,8763.81,-5.16,0.02752191,BAR
2059,1704179820.0,8759.45,8763.81,-4.36,0.02752191,BAR
2060,1704179880.0,8759.73,8763.81,-4.09,0.02752191,BAR
2061,1704179940.0,8759.92,8763.81,-3.90,0.02752191,BAR
2062,1704180000.0,8761.08,8763.81,-2.73,0.02752191,BAR
2063,1704180060.0,8760.17,8763.81,-3.65,0.02752191,BAR
2064,1704180120.0,8761.16,8763.81,-2.66,0.02752191,BAR
2065,1704180180.0,8761.87,8763.81,-1.94,0.02752191,BAR
2066,1704180240.0,8763.22,8763.81,-0.59,0.02752191,BAR
2067,1704180300.0,8765.28,8763.81,1.47,0.02752191,BAR
2068,1704180360.0,8765.48,8763.81,1.67,0.02752191,BAR
2069,1704180420.0,8763.91,8763.81,0.09,0.02752191,BAR
2070,1704180480.0,8762.64,8763.81,-1.17,0.02752191,BAR
2071,1704180540.0,8762.84,8763.81,-0.98,0.02752191,BAR
2072,1704180600.0,8761.55,8763.81,-2.26,0.02752191,BAR
2073,1704180660.0,8761.36,8763.81,-2.46,0.02752191,BAR
2074,1704180720.0,8759.18,8763.81,-4.63,0.02752191,BAR
2075,1704180780.0,8758.78,8763.81,-5.03,0.02752191,BAR
2076,1704180840.0,8760.51,8763.81,-3.30,0.02752191,BAR
2077,1704180900.0,8759.26,8763.81,-4.55,0.02752191,BAR
2078,1704180960.0,8759.12,8763.81,-4.70,0.02752191,BAR
2079,1704181020.0,8761.05,8763.81,-2.77,0.02752191,BAR
2080,1704181080.0,8761.90,8763.81,-1.92,0.02752191,BAR
2081,1704181140.0,8761.46,8763.81,-2.35,0.02752191,BAR
2082,1704181200.0,8761.87,8763.81,-1.94,0.02752191,BAR
2083,1704181260.0,8760.95,8763.81,-2.86,0.02752191,BAR
2084,1704181320.0,8762.78,8763.81,-1.04,0.02752191,BAR
2085,1704181380.0,8763.62,8763.81,-0.19,0.02752191,BAR
2086,1704181440.0,8764.64,8763.81,0.82,0.02752191,BAR
2087,1704181500.0,8763.39,8763.81,-0.43,0.02752191,BAR
2088,1704181560.0,8764.01,8763.81,0.20,0.02752191,BAR
2089,1704181620.0,8762.84,8763.81,-0.98,0.02752191,BAR
2090,1704181680.0,8763.78,8763.81,-0.03,0.02752191,BAR
2091,1704181740.0,8764.58,8763.81,0.77,0.02752191,BAR
2092,1704181800.0,8763.60,8763.81,-0.21,0.02752191,BAR
2093,1704181860.0,8763.08,8763.81,-0.73,0.02752191,BAR
2094,1704181920.0,8764.02,8763.81,0.21,0.02752191,BAR
2095,1704181980.0,8763.23,8763.81,-0.58,0.02752191,BAR
2096,1704182040.0,8762.69,8763.81,-1.12,0.02752191,BAR
2097,1704182100.0,8763.12,8763.81,-0.70,0.02752191,BAR
2098,1704182160.0,8763.11,8763.81,-0.70,0.02752191,BAR
2099,1704182220.0,8763.69,8763.81,-0.13,0.02752191,BAR
2100,1704182280.0,8762.42,8763.81,-1.39,0.02752191,BAR
2101,1704182340.0,8762.68,8763.81,-1.13,0.02752191,BAR
2102,1704182400.0,8763.55,8763.81,-0.26,0.02752191,BAR
2103,1704182460.0,8763.82,8763.81,0.01,0.02752191,BAR
2104,1704182520.0,8762.87,8763.81,-0.95,0.02752191,BAR
2105,1704182580.0,8762.38,8763.81,-1.44,0.02752191,BAR
2106,1704182640.0,8761.98,8763.81,-1.83,0.02752191,BAR
2107,1704182700.0,8761.50,8763.81,-2.31,0.02752191,BAR
2108,1704182760.0,8760.41,8763.81,-3.41,0.02752191,BAR
2109,1704182820.0,8759.28,8763.81,-4.53,0.02752191,BAR
2110,1704182880.0,8759.77,8763.81,-4.04,0.02752191,BAR
2111,1704182940.0,8760.42,8763.81,-3.40,0.02752191,BAR
2112,1704183000.0,8760.91,8763.81,-2.90,0.02752191,BAR
2113,1704183060.0,8762.64,8763.81,-1.18,0.02752191,BAR
2114,1704183120.0,8764.24,8763.81,0.42,0.02752191,BAR
2115,1704183180.0,8766.06,8763.81,2.25,0.02752191,BAR
2116,1704183240.0,8767.94,8763.81,4.12,0.02752191,BAR
2117,1704183300.0,8766.98,8763.81,3.17,0.02752191,BAR
2118,1704183360.0,8767.31,8763.81,3.50,0.02752191,BAR
2119,1704183420.0,8768.47,8763.81,4.66,0.02752191,BAR
2120,1704183480.0,8770.07,8763.81,6.26,0.02752191,BAR
2121,1704183540.0,8770.16,8763.81,6.35,0.02752191,BAR
2122,1704183600.0,8770.90,8763.81,7.09,0.02752191,BAR
2123,1704183660.0,8773.43,8763.81,9.62,0.02752191,BAR
2124,1704183720.0,8772.55,8763.81,8.74,0.02752191,BAR
2125,1704183780.0,8773.17,8763.81,9.36,0.02752191,BAR
2126,1704183840.0,8772.16,8763.81,8.35,0.02752191,BAR
2127,1704183900.0,8770.13,8763.81,6.32,0.02752191,BAR
2128,1704183960.0,8770.13,8763.81,6.31,0.02752191,BAR
2129,1704184020.0,8771.51,8763.81,7.69,0.02752191,BAR
2130,1704184080.0,8770.72,8763.81,6.91,0.02752191,BAR
2131,1704184140.0,8770.75,8763.81,6.93,0.02752191,BAR
2132,1704184200.0,8770.58,8763.81,6.77,0.02752191,BAR
2133,1704184260.0,8772.80,8763.81,8.98,0.02752191,BAR
2134,1704184320.0,8769.99,8763.81,6.18,0.02752191,BAR
2135,1704184380.0,8770.06,8763.81,6.25,0.02752191,BAR
2136,1704184440.0,8769.42,8763.81,5.61,0.02752191,BAR
2137,1704184500.0,8770.16,8763.81,6.35,0.02752191,BAR
2138,1704184560.0,8771.59,8763.81,7.78,0.02752191,BAR
2139,1704184620.0,8769.62,8763.81,5.81,0.02752191,BAR
2140,1704184680.0,8770.10,8763.81,6.29,0.02752191,BAR
2141,1704184740.0,8768.99,8763.81,5.17,0.02752191,BAR
2142,1704184800.0,8768.28,8763.81,4.46,0.02752191,BAR
2143,1704184860.0,8768.29,8763.81,4.47,0.02752191,BAR
2144,1704184920.0,8768.75,8763.81,4.94,0.02752191,BAR
2145,1704184980.0,8767.64,8763.81,3.83,0.02752191,BAR
2146,1704185040.0,8768.52,8763.81,4.71,0.02752191,BAR
2147,1704185100.0,8767.41,8763.81,3.59,0.02752191,BAR
2148,1704185160.0,8767.41,8763.81,3.60,0.02752191,BAR
2149,1704185220.0,8767.50,8763.81,3.69,0.02752191,BAR
2150,1704185280.0,8768.04,8763.81,4.22,0.02752191,BAR
2151,1704185340.0,8769.97,8763.81,6.16,0.02752191,BAR
2152,1704185400.0,8770.12,8763.81,6.31,0.02752191,BAR
2153,1704185460.0,8770.68,8763.81,6.87,0.02752191,BAR
2154,1704185520.0,8770.40,8763.81,6.58,0.02752191,BAR
2155,1704185580.0,8770.90,8763.81,7.09,0.02752191,BAR
2156,1704185640.0,8772.03,8763.81,8.22,0.02752191,BAR
2157,1704185700.0,8771.86,8763.81,8.05,0.02752191,BAR
2158,1704185760.0,8771.54,8763.81,7.73,0.02752191,BAR
2159,1704185820.0,8771.49,8763.81,7.68,0.02752191,BAR
2160,1704185880.0,8771.04,8763.81,7.23,0.02752191,BAR
2161,1704185940.0,8771.04,8763.81,7.23,0.02752191,BAR
2162,1704186000.0,8771.45,8763.81,7.63,0.02752191,BAR
2163,1704186060.0,8771.63,8763.81,7.81,0.02752191,BAR
2164,1704186120.0,8771.95,8763.81,8.14,0.02752191,BAR
2165,1704186180.0,8772.47,8763.81,8.66,0.02752191,BAR
2166,1704186240.0,8773.15,8763.81,9.33,0.02752191,BAR
2167,1704186300.0,8773.16,8763.81,9.34,0.02752191,BAR
2168,1704186360.0,8774.23,8763.81,10.41,0.02752191,BAR
2169,1704186420.0,8771.89,8763.81,8.08,0.02752191,BAR
2170,1704186480.0,8771.85,8763.81,8.03,0.02752191,BAR
2171,1704186540.0,8770.30,8763.81,6.49,0.02752191,BAR
2172,1704186600.0,8770.21,8763.81,6.39,0.02752191,BAR
2173,1704186660.0,8769.98,8763.81,6.17,0.02752191,BAR
2174,1704186720.0,8769.56,8763.81,5.75,0.02752191,BAR
2175,1704186780.0,8769.72,8763.81,5.91,0.02752191,BAR
2176,1704186840.0,8769.17,8763.81,5.35,0.02752191,BAR
2177,1704186900.0,8769.69,8763.81,5.87,0.02752191,BAR
2178,1704186960.0,8770.02,8763.81,6.20,0.02752191,BAR
2179,1704187020.0,8770.77,8763.81,6.96,0.02752191,BAR
2180,1704187080.0,8770.30,8763.81,6.48,0.02752191,BAR
2181,1704187140.0,8769.91,8763.81,6.10,0.02752191,BAR
2182,1704187200.0,8770.82,8763.81,7.01,0.02752191,BAR
2183,1704187260.0,8770.92,8763.81,7.10,0.02752191,BAR
2184,1704187320.0,8770.95,8763.81,7.13,0.02752191,BAR
2185,1704187380.0,8771.55,8763.81,7.74,0.02752191,BAR
2186,1704187440.0,8771.55,8763.81,7.74,0.02752191,BAR
2187,1704187500.0,8771.16,8763.81,7.35,0.02752191,BAR
2188,1704187560.0,8770.64,8763.81,6.83,0.02752191,BAR
2189,1704187620.0,8772.90,8763.81,9.09,0.02752191,BAR
2190,1704187680.0,8773.46,8763.81,9.65,0.02752191,BAR
2191,1704187740.0,8773.02,8763.81,9.21,0.02752191,BAR
2192,1704187800.0,8772.49,8763.81,8.68,0.02752191,BAR
2193,1704187860.0,8772.87,8763.81,9.06,0.02752191,BAR
2194,1704187920.0,8771.92,8763.81,8.11,0.02752191,BAR
2195,1704187980.0,8770.62,8763.81,6.81,0.02752191,BAR
2196,1704188040.0,8771.09,8763.81,7.28,0.02752191,BAR
2197,1704188100.0,8770.46,8763.81,6.65,0.02752191,BAR
2198,1704188160.0,8770.62,8763.81,6.81,0.02752191,BAR
2199,1704188220.0,8769.69,8763.81,5.87,0.02752191,BAR
2200,1704188280.0,8768.57,8763.81,4.76,0.02752191,BAR
2201,1704188340.0,8769.44,8763.81,5.63,0.02752191,BAR
2202,1704188400.0,8768.86,8763.81,5.05,0.02752191,BAR
2203,1704188460.0,8769.19,8763.81,5.38,0.02752191,BAR
2204,1704188520.0,8768.49,8763.81,4.68,0.02752191,BAR
2205,1704188580.0,8767.54,8763.81,3.73,0.02752191,BAR
2206,1704188640.0,8768.34,8763.81,4.52,0.02752191,BAR
2207,1704188700.0,8768.15,8763.81,4.33,0.02752191,BAR
2208,1704188760.0,8768.17,8763.81,4.36,0.02752191,BAR
2209,1704188820.0,8769.65,8763.81,5.83,0.02752191,BAR
2210,1704188880.0,8770.44,8763.81,6.62,0.02752191,BAR
2211,1704188940.0,8770.29,8763.81,6.48,0.02752191,BAR
2212,1704189000.0,8770.62,8763.81,6.81,0.02752191,BAR
2213,1704189060.0,8770.24,8763.81,6.43,0.02752191,BAR
2214,1704189120.0,8770.18,8763.81,6.37,0.02752191,BAR
2215,1704189180.0,8768.64,8763.81,4.83,0.02752191,BAR
2216,1704189240.0,8768.16,8763.81,4.35,0.02752191,BAR
2217,1704189300.0,8768.64,8763.81,4.83,0.02752191,BAR
2218,1704189360.0,8768.42,8763.81,4.61,0.02752191,BAR
2219,1704189420.0,8768.40,8763.81,4.59,0.02752191,BAR
2220,1704189480.0,8769.19,8763.81,5.37,0.02752191,BAR
2221,1704189540.0,8768.68,8763.81,4.87,0.02752191,BAR
2222,1704189600.0,8769.08,8763.81,5.26,0.02752191,BAR
2223,1704189660.0,8769.26,8763.81,5.45,0.02752191,BAR
2224,1704189720.0,8768.75,8763.81,4.94,0.02752191,BAR
2225,1704189780.0,8768.31,8763.81,4.50,0.02752191,BAR
2226,1704189840.0,8766.96,8763.81,3.15,0.02752191,BAR
2227,1704189900.0,8767.26,8763.81,3.45,0.02752191,BAR
2228,1704189960.0,8767.56,8763.81,3.75,0.02752191,BAR
2229,1704190020.0,8766.94,8763.81,3.13,0.02752191,BAR
2230,1704190080.0,8765.67,8763.81,1.86,0.02752191,BAR
2231,1704190140.0,8766.78,8763.81,2.96,0.02752191,BAR
2232,1704190200.0,8766.16,8763.81,2.35,0.02752191,BAR
2233,1704190260.0,8766.66,8763.81,2.85,0.02752191,BAR
2234,1704190320.0,8766.92,8763.81,3.11,0.02752191,BAR
2235,1704190380.0,8766.54,8763.81,2.73,0.02752191,BAR
2236,1704190440.0,8769.21,8763.81,5.39,0.02752191,BAR
2237,1704190500.0,8769.08,8763.81,5.27,0.02752191,BAR
2238,1704190560.0,8769.44,8763.81,5.63,0.02752191,BAR
2239,1704190620.0,8769.41,8763.81,5.60,0.02752191,BAR
2240,1704190680.0,8768.51,8763.81,4.70,0.02752191,BAR
2241,1704190740.0,8768.12,8763.81,4.30,0.02752191,BAR
2242,1704190800.0,8768.16,8763.81,4.35,0.02752191,BAR
2243,1704190860.0,8767.47,8763.81,3.66,0.02752191,BAR
2244,1704190920.0,8767.47,8763.81,3.65,0.02752191,BAR
2245,1704190980.0,8768.17,8763.81,4.35,0.02752191,BAR
2246,1704191040.0,8769.04,8763.81,5.23,0.02752191,BAR
2247,1704191100.0,8766.83,8763.81,3.01,0.02752191,BAR
2248,1704191160.0,8766.42,8763.81,2.60,0.02752191,BAR
2249,1704191220.0,8766.94,8763.81,3.13,0.02752191,BAR
2250,1704191280.0,8768.04,8763.81,4.22,0.02752191,BAR
2251,1704191340.0,8767.98,8763.81,4.17,0.02752191,BAR
2252,1704191400.0,8767.35,8763.81,3.54,0.02752191,BAR
2253,1704191460.0,8767.74,8763.81,3.93,0.02752191,BAR
2254,1704191520.0,8767.87,8763.81,4.05,0.02752191,BAR
2255,1704191580.0,8767.07,8763.81,3.25,0.02752191,BAR
2256,1704191640.0,8766.63,8763.81,2.81,0.02752191,BAR
2257,1704191700.0,8766.49,8763.81,2.68,0.02752191,BAR
2258,1704191760.0,8767.02,8763.81,3.20,0.02752191,BAR
2259,1704191820.0,8767.39,8763.81,3.58,0.02752191,BAR
2260,1704191880.0,8766.29,8763.81,2.48,0.02752191,BAR
2261,1704191940.0,8765.70,8763.81,1.88,0.02752191,BAR
2262,1704192000.0,8765.78,8763.81,1.96,0.02752191,BAR
2263,1704192060.0,8765.50,8763.81,1.69,0.02752191,BAR
2264,1704192120.0,8765.20,8763.81,1.38,0.02752191,BAR
2265,1704192180.0,8765.50,8763.81,1.69,0.02752191,BAR
2266,1704192240.0,8766.14,8763.81,2.33,0.02752191,BAR
2267,1704192300.0,8765.43,8763.81,1.62,0.02752191,BAR
2268,1704192360.0,8764.79,8763.81,0.98,0.02752191,BAR
2269,1704192420.0,8763.91,8763.81,0.10,0.02752191,BAR
2270,1704192480.0,8763.36,8763.81,-0.46,0.02752191,BAR
2271,1704192540.0,8763.96,8763.81,0.15,0.02752191,BAR
2272,1704192600.0,8764.39,8763.81,0.58,0.02752191,BAR
2273,1704192660.0,8763.14,8763.81,-0.68,0.02752191,BAR
2274,1704192720.0,8762.82,8763.81,-1.00,0.02752191,BAR
2275,1704192780.0,8764.13,8763.81,0.32,0.02752191,BAR
2276,1704192840.0,8764.30,8763.81,0.49,0.02752191,BAR
2277,1704192900.0,8763.86,8763.81,0.04,0.02752191,BAR
2278,1704192960.0,8765.09,8763.81,1.28,0.02752191,BAR
2279,1704193020.0,8764.90,8763.81,1.09,0.02752191,BAR
2280,1704193080.0,8765.39,8763.81,1.58,0.02752191,BAR
2281,1704193140.0,8766.25,8763.81,2.43,0.02752191,BAR
2282,1704193200.0,8766.94,8763.81,3.12,0.02752191,BAR
2283,1704193260.0,8767.32,8763.81,3.51,0.02752191,BAR
2284,1704193320.0,8767.35,8763.81,3.54,0.02752191,BAR
2285,1704193380.0,8767.76,8763.81,3.95,0.02752191,BAR
2286,1704193440.0,8767.82,8763.81,4.01,0.02752191,BAR
2287,1704193500.0,8768.59,8763.81,4.77,0.02752191,BAR
2288,1704193560.0,8768.93,8763.81,5.12,0.02752191,BAR
2289,1704193620.0,8767.99,8763.81,4.18,0.02752191,BAR
2290,1704193680.0,8766.97,8763.81,3.15,0.02752191,BAR
2291,1704193740.0,8766.73,8763.81,2.91,0.02752191,BAR
2292,1704193800.0,8765.65,8763.81,1.84,0.02752191,BAR
2293,1704193860.0,8765.31,8763.81,1.50,0.02752191,BAR
2294,1704193920.0,8767.06,8763.81,3.24,0.02752191,BAR
2295,1704193980.0,8766.50,8763.81,2.69,0.02752191,BAR
2296,1704194040.0,8765.56,8763.81,1.75,0.02752191,BAR
2297,1704194100.0,8765.67,8763.81,1.86,0.02752191,BAR
2298,1704194160.0,8765.28,8763.81,1.47,0.02752191,BAR
2299,1704194220.0,8764.61,8763.81,0.80,0.02752191,BAR
2300,1704194280.0,8765.45,8763.81,1.63,0.02752191,BAR
2301,1704194340.0,8765.86,8763.81,2.05,0.02752191,BAR
2302,1704194400.0,8766.11,8763.81,2.30,0.02752191,BAR
2303,1704194460.0,8764.81,8763.81,1.00,0.02752191,BAR
2304,1704194520.0,8764.18,8763.81,0.37,0.02752191,BAR
2305,1704194580.0,8763.83,8763.81,0.01,0.02752191,BAR
2306,1704194640.0,8765.06,8763.81,1.25,0.02752191,BAR
2307,1704194700.0,8765.01,8763.81,1.20,0.02752191,BAR
2308,1704194760.0,8764.05,8763.81,0.24,0.02752191,BAR
2309,1704194820.0,8763.75,8763.81,-0.07,0.02752191,BAR
2310,1704194880.0,8763.90,8763.81,0.09,0.02752191,BAR
2311,1704194940.0,8763.81,8763.81,0.00,0.02752191,BAR
2312,1704195000.0,8764.37,8763.81,0.55,0.02752191,BAR
2313,1704195060.0,8765.18,8763.81,1.37,0.02752191,BAR
2314,1704195120.0,8763.70,8763.81,-0.11,0.02752191,BAR
2315,1704195180.0,8763.18,8763.81,-0.64,0.02752191,BAR
2316,1704195240.0,8762.31,8763.81,-1.50,0.02752191,BAR
2317,1704195300.0,8762.55,8763.81,-1.27,0.02752191,BAR
2318,1704195360.0,8762.18,8763.81,-1.63,0.02752191,BAR
2319,1704195420.0,8761.30,8763.81,-2.51,0.02752191,BAR
2320,1704195480.0,8760.35,8763.81,-3.46,0.02752191,BAR
2321,1704195540.0,8759.01,8763.81,-4.80,0.02752191,BAR
2322,1704195600.0,8759.34,8763.81,-4.47,0.02752191,BAR
2323,1704195660.0,8759.17,8763.81,-4.64,0.02752191,BAR
2324,1704195720.0,8758.46,8763.81,-5.35,0.02752191,BAR
2325,1704195780.0,8757.44,8763.81,-6.37,0.02752191,BAR
2326,1704195840.0,8756.92,8763.81,-6.90,0.02752191,BAR
2327,1704195900.0,8758.05,8763.81,-5.77,0.02752191,BAR
2328,1704195960.0,8758.91,8763.81,-4.91,0.02752191,BAR
2329,1704196020.0,8759.28,8763.81,-4.54,0.02752191,BAR
2330,1704196080.0,8760.00,8763.81,-3.82,0.02752191,BAR
2331,1704196140.0,8759.17,8763.81,-4.64,0.02752191,BAR
2332,1704196200.0,8759.05,8763.81,-4.76,0.02752191,BAR
2333,1704196260.0,8758.07,8763.81,-5.74,0.02752191,BAR
2334,1704196320.0,8757.93,8763.81,-5.89,0.02752191,BAR
2335,1704196380.0,8757.75,8763.81,-6.06,0.02752191,BAR
2336,1704196440.0,8758.35,8763.81,-5.47,0.02752191,BAR
2337,1704196500.0,8760.33,8763.81,-3.48,0.02752191,BAR
2338,1704196560.0,8761.72,8763.81,-2.09,0.02752191,BAR
2339,1704196620.0,8761.60,8763.81,-2.22,0.02752191,BAR
2340,1704196680.0,8761.46,8763.81,-2.35,0.02752191,BAR
2341,1704196740.0,8762.09,8763.81,-1.72,0.02752191,BAR
2342,1704196800.0,8761.92,8763.81,-1.90,0.02752191,BAR
2343,1704196860.0,8761.43,8763.81,-2.38,0.02752191,BAR
2344,1704196920.0,8761.09,8763.81,-2.73,0.02752191,BAR
2345,1704196980.0,8761.67,8763.81,-2.14,0.02752191,BAR
2346,1704197040.0,8762.28,8763.81,-1.54,0.02752191,BAR
2347,1704197100.0,8763.59,8763.81,-0.22,0.02752191,BAR
2348,1704197160.0,8762.56,8763.81,-1.25,0.02752191,BAR
2349,1704197220.0,8762.35,8763.81,-1.47,0.02752191,BAR
2350,1704197280.0,8761.76,8763.81,-2.05,0.02752191,BAR
2351,1704197340.0,8761.29,8763.81,-2.52,0.02752191,BAR
2352,1704197400.0,8760.02,8763.81,-3.79,0.02752191,BAR
2353,1704197460.0,8760.81,8763.81,-3.00,0.02752191,BAR
2354,1704197520.0,8759.49,8763.81,-4.32,0.02752191,BAR
2355,1704197580.0,8759.72,8763.81,-4.09,0.02752191,BAR
2356,1704197640.0,8760.48,8763.81,-3.34,0.02752191,BAR
2357,1704197700.0,8760.48,8763.81,-3.34,0.02752191,BAR
2358,1704197760.0,8761.09,8763.81,-2.72,0.02752191,BAR
2359,1704197820.0,8761.01,8763.81,-2.80,0.02752191,BAR
2360,1704197880.0,8760.90,8763.81,-2.91,0.02752191,BAR
2361,1704197940.0,8759.95,8763.81,-3.87,0.02752191,BAR
2362,1704198000.0,8759.34,8763.81,-4.47,0.02752191,BAR
2363,1704198060.0,8760.89,8763.81,-2.93,0.02752191,BAR
2364,1704198120.0,8761.67,8763.81,-2.14,0.02752191,BAR
2365,1704198180.0,8761.73,8763.81,-2.08,0.02752191,BAR
2366,1704198240.0,8761.85,8763.81,-1.96,0.02752191,BAR
2367,1704198300.0,8762.18,8763.81,-1.63,0.02752191,BAR
2368,1704198360.0,8763.07,8763.81,-0.74,0.02752191,BAR
2369,1704198420.0,8762.18,8763.81,-1.63,0.02752191,BAR
2370,1704198480.0,8762.29,8763.81,-1.53,0.02752191,BAR
2371,1704198540.0,8762.53,8763.81,-1.28,0.02752191,BAR
2372,1704198600.0,8762.18,8763.81,-1.63,0.02752191,BAR
2373,1704198660.0,8763.03,8763.81,-0.79,0.02752191,BAR
2374,1704198720.0,8765.12,8763.81,1.30,0.02752191,BAR
2375,1704198780.0,8765.31,8763.81,1.50,0.02752191,BAR
2376,1704198840.0,8765.94,8763.81,2.13,0.02752191,BAR
2377,1704198900.0,8765.12,8763.81,1.31,0.02752191,BAR
2378,1704198960.0,8764.59,8763.81,0.78,0.02752191,BAR
2379,1704199020.0,8763.86,8763.81,0.05,0.02752191,BAR
2380,1704199080.0,8765.06,8763.81,1.25,0.02752191,BAR
2381,1704199140.0,8764.13,8763.81,0.31,0.02752191,BAR
2382,1704199200.0,8763.43,8763.81,-0.39,0.02752191,BAR
2383,1704199260.0,8763.36,8763.81,-0.46,0.02752191,BAR
2384,1704199320.0,8763.39,8763.81,-0.42,0.02752191,BAR
2385,1704199380.0,8764.55,8763.81,0.74,0.02752191,BAR
2386,1704199440.0,8762.68,8763.81,-1.14,0.02752191,BAR
2387,1704199500.0,8763.02,8763.81,-0.79,0.02752191,BAR
2388,1704199560.0,8761.81,8763.81,-2.00,0.02752191,BAR
2389,1704199620.0,8761.10,8763.81,-2.71,0.02752191,BAR
2390,1704199680.0,8760.40,8763.81,-3.41,0.02752191,BAR
2391,1704199740.0,8760.48,8763.81,-3.34,0.02752191,BAR
2392,1704199800.0,8759.83,8763.81,-3.98,0.02752191,BAR
2393,1704199860.0,8758.36,8763.81,-5.46,0.02752191,BAR
2394,1704199920.0,8759.17,8763.81,-4.64,0.02752191,BAR
2395,1704199980.0,8758.44,8763.81,-5.37,0.02752191,BAR
2396,1704200040.0,8758.73,8763.81,-5.09,0.02752191,BAR
2397,1704200100.0,8758.21,8763.81,-5.60,0.02752191,BAR
2398,1704200160.0,8758.10,8763.81,-5.72,0.02752191,BAR
2399,1704200220.0,8758.87,8763.81,-4.94,0.02752191,BAR
2400,1704200280.0,8758.62,8763.81,-5.19,0.02752191,BAR
2401,1704200340.0,8758.46,8763.81,-5.35,0.02752191,BAR
2402,1704200400.0,8758.26,8763.81,-5.55,0.02752191,BAR
2403,1704200460.0,8758.13,8763.81,-5.68,0.02752191,BAR
2404,1704200520.0,8759.91,8763.81,-3.90,0.02752191,BAR
2405,1704200580.0,8760.44,8763.81,-3.37,0.02752191,BAR
2406,1704200640.0,8760.91,8763.81,-2.90,0.02752191,BAR
2407,1704200700.0,8761.14,8763.81,-2.67,0.02752191,BAR
2408,1704200760.0,8761.38,8763.81,-2.44,0.02752191,BAR
2409,1704200820.0,8761.03,8763.81,-2.79,0.02752191,BAR
2410,1704200880.0,8761.71,8763.81,-2.11,0.02752191,BAR
2411,1704200940.0,8761.97,8763.81,-1.84,0.02752191,BAR
2412,1704201000.0,8762.10,8763.81,-1.71,0.02752191,BAR
2413,1704201060.0,8761.36,8763.81,-2.46,0.02752191,BAR
2414,1704201120.0,8762.87,8763.81,-0.94,0.02752191,BAR
2415,1704201180.0,8763.39,8763.81,-0.43,0.02752191,BAR
2416,1704201240.0,8763.16,8763.81,-0.65,0.02752191,BAR
2417,1704201300.0,8763.22,8763.81,-0.60,0.02752191,BAR
2418,1704201360.0,8763.91,8763.81,0.09,0.02752191,BAR
2419,1704201420.0,8763.91,8763.81,0.09,0.02752191,BAR
2420,1704201480.0,8764.71,8763.81,0.89,0.02752191,BAR
2421,1704201540.0,8764.87,8763.81,1.06,0.02752191,BAR
2422,1704201600.0,8760.37,8763.81,-3.44,0.02752191,BAR
2423,1704201660.0,8761.39,8763.81,-2.42,0.02752191,BAR
2424,1704201720.0,8762.51,8763.81,-1.30,0.02752191,BAR
2425,1704201780.0,8763.03,8763.81,-0.78,0.02752191,BAR
2426,1704201840.0,8764.40,8763.81,0.59,0.02752191,BAR
2427,1704201900.0,8764.60,8763.81,0.79,0.02752191,BAR
2428,1704201960.0,8764.24,8763.81,0.43,0.02752191,BAR
2429,1704202020.0,8764.14,8763.81,0.32,0.02752191,BAR
2430,1704202080.0,8764.65,8763.81,0.84,0.02752191,BAR
2431,1704202140.0,8764.60,8763.81,0.79,0.02752191,BAR
2432,1704202200.0,8764.73,8763.81,0.92,0.02752191,BAR
2433,1704202260.0,8765.43,8763.81,1.62,0.02752191,BAR
2434,1704202320.0,8765.60,8763.81,1.79,0.02752191,BAR
2435,1704202380.0,8765.43,8763.81,1.62,0.02752191,BAR
2436,1704202440.0,8765.15,8763.81,1.34,0.02752191,BAR
2437,1704202500.0,8766.28,8763.81,2.47,0.02752191,BAR
2438,1704202560.0,8766.35,8763.81,2.54,0.02752191,BAR
2439,1704202620.0,8766.23,8763.81,2.42,0.02752191,BAR
2440,1704202680.0,8765.98,8763.81,2.16,0.02752191,BAR
2441,1704202740.0,8766.74,8763.81,2.93,0.02752191,BAR
2442,1704202800.0,8768.24,8763.81,4.43,0.02752191,BAR
2443,1704202860.0,8768.91,8763.81,5.10,0.02752191,BAR
2444,1704202920.0,8768.34,8763.81,4.53,0.02752191,BAR
2445,1704202980.0,8769.47,8763.81,5.65,0.02752191,BAR
2446,1704203040.0,8768.38,8763.81,4.57,0.02752191,BAR
2447,1704203100.0,8769.32,8763.81,5.51,0.02752191,BAR
2448,1704203160.0,8768.16,8763.81,4.35,0.02752191,BAR
2449,1704203220.0,8767.41,8763.81,3.59,0.02752191,BAR
2450,1704203280.0,8768.01,8763.81,4.20,0.02752191,BAR
2451,1704203340.0,8767.67,8763.81,3.86,0.02752191,BAR
2452,1704203400.0,8767.90,8763.81,4.09,0.02752191,BAR
2453,1704203460.0,8766.88,8763.81,3.07,0.02752191,BAR
2454,1704203520.0,8766.99,8763.81,3.18,0.02752191,BAR
2455,1704203580.0,8766.38,8763.81,2.57,0.02752191,BAR
2456,1704203640.0,8767.65,8763.81,3.84,0.02752191,BAR
2457,1704203700.0,8768.07,8763.81,4.25,0.02752191,BAR
2458,1704203760.0,8767.44,8763.81,3.62,0.02752191,BAR
2459,1704203820.0,8766.73,8763.81,2.92,0.02752191,BAR
2460,1704203880.0,8768.07,8763.81,4.25,0.02752191,BAR
2461,1704203940.0,8767.70,8763.81,3.89,0.02752191,BAR
2462,1704204000.0,8769.02,8763.81,5.21,0.02752191,BAR
2463,1704204060.0,8768.22,8763.81,4.40,0.02752191,BAR
2464,1704204120.0,8768.45,8763.81,4.64,0.02752191,BAR
2465,1704204180.0,8767.87,8763.81,4.06,0.02752191,BAR
2466,1704204240.0,8767.75,8763.81,3.93,0.02752191,BAR
2467,1704204300.0,8768.00,8763.81,4.19,0.02752191,BAR
2468,1704204360.0,8769.40,8763.81,5.59,0.02752191,BAR
2469,1704204420.0,8769.74,8763.81,5.93,0.02752191,BAR
2470,1704204480.0,8770.35,8763.81,6.54,0.02752191,BAR
2471,1704204540.0,8769.82,8763.81,6.00,0.02752191,BAR
2472,1704204600.0,8770.68,8763.81,6.86,0.02752191,BAR
2473,1704204660.0,8770.84,8763.81,7.03,0.02752191,BAR
2474,1704204720.0,8770.79,8763.81,6.98,0.02752191,BAR
2475,1704204780.0,8772.00,8763.81,8.19,0.02752191,BAR
2476,1704204840.0,8771.30,8763.81,7.49,0.02752191,BAR
2477,1704204900.0,8771.18,8763.81,7.37,0.02752191,BAR
2478,1704204960.0,8771.06,8763.81,7.25,0.02752191,BAR
2479,1704205020.0,8769.47,8763.81,5.66,0.02752191,BAR
2480,1704205080.0,8768.75,8763.81,4.94,0.02752191,BAR
2481,1704205140.0,8768.34,8763.81,4.53,0.02752191,BAR
2482,1704205200.0,8769.27,8763.81,5.46,0.02752191,BAR
2483,1704205260.0,8767.82,8763.81,4.01,0.02752191,BAR
2484,1704205320.0,8767.92,8763.81,4.10,0.02752191,BAR
2485,1704205380.0,8768.53,8763.81,4.72,0.02752191,BAR
2486,1704205440.0,8768.34,8763.81,4.53,0.02752191,BAR
2487,1704205500.0,8766.47,8763.81,2.66,0.02752191,BAR
2488,1704205560.0,8766.16,8763.81,2.35,0.02752191,BAR
2489,1704205620.0,8767.03,8763.81,3.22,0.02752191,BAR
2490,1704205680.0,8767.97,8763.81,4.16,0.02752191,BAR
2491,1704205740.0,8767.71,8763.81,3.89,0.02752191,BAR
2492,1704205800.0,8768.64,8763.81,4.83,0.02752191,BAR
2493,1704205860.0,8765.86,8763.81,2.05,0.02752191,BAR
2494,1704205920.0,8766.04,8763.81,2.23,0.02752191,BAR
2495,1704205980.0,8763.91,8763.81,0.10,0.02752191,BAR
2496,1704206040.0,8764.76,8763.81,0.95,0.02752191,BAR
2497,1704206100.0,8762.20,8763.81,-1.61,0.02752191,BAR
2498,1704206160.0,8763.80,8763.81,-0.01,0.02752191,BAR
2499,1704206220.0,8762.34,8763.81,-1.47,0.02752191,BAR
2500,1704206280.0,8760.90,8763.81,-2.91,0.02752191,BAR
2501,1704206340.0,8760.06,8763.81,-3.75,0.02752191,BAR
2502,1704206400.0,8762.06,8763.81,-1.76,0.02752191,BAR
2503,1704206460.0,8763.14,8763.81,-0.68,0.02752191,BAR
2504,1704206520.0,8763.88,8763.81,0.06,0.02752191,BAR
2505,1704206580.0,8764.60,8763.81,0.78,0.02752191,BAR
2506,1704206640.0,8764.58,8763.81,0.77,0.02752191,BAR
2507,1704206700.0,8762.26,8763.81,-1.56,0.02752191,BAR
2508,1704206760.0,8760.93,8763.81,-2.88,0.02752191,BAR
2509,1704206820.0,8759.69,8763.81,-4.13,0.02752191,BAR
2510,1704206880.0,8758.16,8763.81,-5.65,0.02752191,BAR
2511,1704206940.0,8755.71,8763.81,-8.11,0.02752191,BAR
2512,1704207000.0,8756.25,8763.81,-7.57,0.02752191,BAR
2513,1704207060.0,8758.43,8763.81,-5.38,0.02752191,BAR
2514,1704207120.0,8759.00,8763.81,-4.81,0.02752191,BAR
2515,1704207180.0,8756.72,8763.81,-7.09,0.02752191,BAR
2516,1704207240.0,8755.09,8763.81,-8.72,0.02752191,BAR
2517,1704207300.0,8754.45,8763.81,-9.36,0.02752191,BAR
2518,1704207360.0,8752.70,8763.81,-11.12,0.02752191,BAR
2519,1704207420.0,8755.60,8763.81,-8.22,0.02752191,BAR
2520,1704207480.0,8756.59,8763.81,-7.22,0.02752191,BAR
2521,1704207540.0,8757.27,8763.81,-6.55,0.02752191,BAR
2522,1704207600.0,8758.49,8763.81,-5.32,0.02752191,BAR
2523,1704207660.0,8758.94,8763.81,-4.87,0.02752191,BAR
2524,1704207720.0,8758.71,8763.81,-5.10,0.02752191,BAR
2525,1704207780.0,8756.75,8763.81,-7.06,0.02752191,BAR
2526,1704207840.0,8755.11,8763.81,-8.71,0.02752191,BAR
2527,1704207900.0,8755.95,8763.81,-7.86,0.02752191,BAR
2528,1704207960.0,8755.41,8763.81,-8.41,0.02752191,BAR
2529,1704208020.0,8754.86,8763.81,-8.96,0.02752191,BAR
2530,1704208080.0,8754.74,8763.81,-9.08,0.02752191,BAR
2531,1704208140.0,8756.20,8763.81,-7.62,0.02752191,BAR
2532,1704208200.0,8757.83,8763.81,-5.98,0.02752191,BAR
2533,1704208260.0,8757.33,8763.81,-6.48,0.02752191,BAR
2534,1704208320.0,8755.45,8763.81,-8.37,0.02752191,BAR
2535,1704208380.0,8752.47,8763.81,-11.34,0.02752191,BAR
2536,1704208440.0,8752.92,8763.81,-10.90,0.02752191,BAR
2537,1704208500.0,8752.29,8763.81,-11.52,0.02752191,BAR
2538,1704208560.0,8751.80,8763.81,-12.01,0.02752191,BAR
2539,1704208620.0,8748.66,8763.81,-15.15,0.02752191,BAR
2540,1704208680.0,8747.94,8763.81,-15.87,0.02752191,BAR
2541,1704208740.0,8745.74,8763.81,-18.07,0.02752191,BAR
2542,1704208800.0,8750.53,8763.81,-13.28,0.02752191,BAR
2543,1704208860.0,8752.21,8763.81,-11.60,0.02752191,BAR
2544,1704208920.0,8752.40,8763.81,-11.41,0.02752191,BAR
2545,1704208980.0,8752.38,8763.81,-11.43,0.02752191,BAR
2546,1704209040.0,8753.12,8763.81,-10.70,0.02752191,BAR
2547,1704209100.0,8752.69,8763.81,-11.12,0.02752191,BAR
2548,1704209160.0,8750.04,8763.81,-13.78,0.02752191,BAR
2549,1704209220.0,8749.87,8763.81,-13.94,0.02752191,BAR
2550,1704209280.0,8748.65,8763.81,-15.17,0.02752191,BAR
2551,1704209340.0,8750.26,8763.81,-13.56,0.02752191,BAR
2552,1704209400.0,8747.76,8763.81,-16.05,0.02752191,BAR
2553,1704209460.0,8750.15,8763.81,-13.67,0.02752191,BAR
2554,1704209520.0,8751.40,8763.81,-12.41,0.02752191,BAR
2555,1704209580.0,8753.59,8763.81,-10.23,0.02752191,BAR
2556,1704209640.0,8752.68,8763.81,-11.14,0.02752191,BAR
2557,1704209700.0,8754.86,8763.81,-8.96,0.02752191,BAR
2558,1704209760.0,8754.38,8763.81,-9.43,0.02752191,BAR
2559,1704209820.0,8755.52,8763.81,-8.29,0.02752191,BAR
2560,1704209880.0,8755.93,8763.81,-7.89,0.02752191,BAR
2561,1704209940.0,8755.93,8763.81,-7.89,0.02752191,BAR
2562,1704210000.0,8757.16,8763.81,-6.65,0.02752191,BAR
2563,1704210060.0,8756.84,8763.81,-6.97,0.02752191,BAR
2564,1704210120.0,8756.64,8763.81,-7.17,0.02752191,BAR
2565,1704210180.0,8757.62,8763.81,-6.20,0.02752191,BAR
2566,1704210240.0,8757.98,8763.81,-5.83,0.02752191,BAR
2567,1704210300.0,8757.55,8763.81,-6.26,0.02752191,BAR
2568,1704210360.0,8756.18,8763.81,-7.64,0.02752191,BAR
2569,1704210420.0,8756.54,8763.81,-7.27,0.02752191,BAR
2570,1704210480.0,8756.54,8763.81,-7.27,0.02752191,BAR
2571,1704210540.0,8756.50,8763.81,-7.32,0.02752191,BAR
2572,1704210600.0,8757.03,8763.81,-6.79,0.02752191,BAR
2573,1704210660.0,8757.74,8763.81,-6.08,0.02752191,BAR
2574,1704210720.0,8757.30,8763.81,-6.51,0.02752191,BAR
2575,1704210780.0,8758.07,8763.81,-5.74,0.02752191,BAR
2576,1704210840.0,8758.36,8763.81,-5.46,0.02752191,BAR
2577,1704210900.0,8757.76,8763.81,-6.05,0.02752191,BAR
2578,1704210960.0,8755.88,8763.81,-7.94,0.02752191,BAR
2579,1704211020.0,8754.86,8763.81,-8.95,0.02752191,BAR
2580,1704211080.0,8754.45,8763.81,-9.36,0.02752191,BAR
2581,1704211140.0,8755.23,8763.81,-8.58,0.02752191,BAR
2582,1704211200.0,8757.30,8763.81,-6.51,0.02752191,BAR
2583,1704211260.0,8754.95,8763.81,-8.86,0.02752191,BAR
2584,1704211320.0,8757.11,8763.81,-6.70,0.02752191,BAR
2585,1704211380.0,8756.48,8763.81,-7.34,0.02752191,BAR
2586,1704211440.0,8756.92,8763.81,-6.89,0.02752191,BAR
2587,1704211500.0,8756.86,8763.81,-6.95,0.02752191,BAR
2588,1704211560.0,8755.41,8763.81,-8.41,0.02752191,BAR
2589,1704211620.0,8753.56,8763.81,-10.26,0.02752191,BAR
2590,1704211680.0,8752.40,8763.81,-11.41,0.02752191,BAR
2591,1704211740.0,8752.74,8763.81,-11.08,0.02752191,BAR
2592,1704211800.0,8752.97,8763.81,-10.84,0.02752191,BAR
2593,1704211860.0,8751.36,8763.81,-12.45,0.02752191,BAR
2594,1704211920.0,8751.13,8763.81,-12.69,0.02752191,BAR
2595,1704211980.0,8752.35,8763.81,-11.47,0.02752191,BAR
2596,1704212040.0,8752.38,8763.81,-11.43,0.02752191,BAR
2597,1704212100.0,8750.97,8763.81,-12.84,0.02752191,BAR
2598,1704212160.0,8751.94,8763.81,-11.87,0.02752191,BAR
2599,1704212220.0,8750.68,8763.81,-13.14,0.02752191,BAR
2600,1704212280.0,8749.35,8763.81,-14.46,0.02752191,BAR
2601,1704212340.0,8749.90,8763.81,-13.91,0.02752191,BAR
2602,1704212400.0,8748.95,8763.81,-14.86,0.02752191,BAR
2603,1704212460.0,8749.08,8763.81,-14.74,0.02752191,BAR
2604,1704212520.0,8747.23,8763.81,-16.58,0.02752191,BAR
2605,1704212580.0,8748.37,8763.81,-15.44,0.02752191,BAR
2606,1704212640.0,8747.82,8763.81,-16.00,0.02752191,BAR
2607,1704212700.0,8749.76,8763.81,-14.05,0.02752191,BAR
2608,1704212760.0,8752.72,8763.81,-11.09,0.02752191,BAR
2609,1704212820.0,8752.62,8763.81,-11.19,0.02752191,BAR
2610,1704212880.0,8754.24,8763.81,-9.57,0.02752191,BAR
2611,1704212940.0,8755.35,8763.81,-8.46,0.02752191,BAR
2612,1704213000.0,8754.31,8763.81,-9.51,0.02752191,BAR
2613,1704213060.0,8754.73,8763.81,-9.08,0.02752191,BAR
2614,1704213120.0,8756.62,8763.81,-7.19,0.02752191,BAR
2615,1704213180.0,8756.04,8763.81,-7.77,0.02752191,BAR
2616,1704213240.0,8756.64,8763.81,-7.17,0.02752191,BAR
2617,1704213300.0,8756.13,8763.81,-7.68,0.02752191,BAR
2618,1704213360.0,8755.76,8763.81,-8.05,0.02752191,BAR
2619,1704213420.0,8753.94,8763.81,-9.87,0.02752191,BAR
2620,1704213480.0,8752.96,8763.81,-10.85,0.02752191,BAR
2621,1704213540.0,8753.89,8763.81,-9.92,0.02752191,BAR
2622,1704213600.0,8755.20,8763.81,-8.61,0.02752191,BAR
2623,1704213660.0,8756.02,8763.81,-7.80,0.02752191,BAR
2624,1704213720.0,8755.96,8763.81,-7.86,0.02752191,BAR
2625,1704213780.0,8756.96,8763.81,-6.85,0.02752191,BAR
2626,1704213840.0,8756.64,8763.81,-7.17,0.02752191,BAR
2627,1704213900.0,8756.21,8763.81,-7.60,0.02752191,BAR
2628,1704213960.0,8757.21,8763.81,-6.60,0.02752191,BAR
2629,1704214020.0,8759.56,8763.81,-4.25,0.02752191,BAR
2630,1704214080.0,8758.73,8763.81,-5.08,0.02752191,BAR
2631,1704214140.0,8761.06,8763.81,-2.75,0.02752191,BAR
2632,1704214200.0,8759.41,8763.81,-4.40,0.02752191,BAR
2633,1704214260.0,8759.57,8763.81,-4.24,0.02752191,BAR
2634,1704214320.0,8758.73,8763.81,-5.08,0.02752191,BAR
2635,1704214380.0,8759.02,8763.81,-4.79,0.02752191,BAR
2636,1704214440.0,8758.73,8763.81,-5.08,0.02752191,BAR
2637,1704214500.0,8759.25,8763.81,-4.57,0.02752191,BAR
2638,1704214560.0,8759.67,8763.81,-4.14,0.02752191,BAR
2639,1704214620.0,8760.32,8763.81,-3.49,0.02752191,BAR
2640,1704214680.0,8759.58,8763.81,-4.23,0.02752191,BAR
2641,1704214740.0,8760.00,8763.81,-3.82,0.02752191,BAR
2642,1704214800.0,8758.62,8763.81,-5.19,0.02752191,BAR
2643,1704214860.0,8760.66,8763.81,-3.15,0.02752191,BAR
2644,1704214920.0,8759.15,8763.81,-4.66,0.02752191,BAR
2645,1704214980.0,8758.61,8763.81,-5.20,0.02752191,BAR
2646,1704215040.0,8759.32,8763.81,-4.50,0.02752191,BAR
2647,1704215100.0,8758.78,8763.81,-5.03,0.02752191,BAR
2648,1704215160.0,8759.01,8763.81,-4.80,0.02752191,BAR
2649,1704215220.0,8759.61,8763.81,-4.21,0.02752191,BAR
2650,1704215280.0,8759.35,8763.81,-4.46,0.02752191,BAR
2651,1704215340.0,8759.57,8763.81,-4.24,0.02752191,BAR
2652,1704215400.0,8758.28,8763.81,-5.53,0.02752191,BAR
2653,1704215460.0,8758.21,8763.81,-5.60,0.02752191,BAR
2654,1704215520.0,8757.90,8763.81,-5.91,0.02752191,BAR
2655,1704215580.0,8756.64,8763.81,-7.17,0.02752191,BAR
2656,1704215640.0,8756.75,8763.81,-7.06,0.02752191,BAR
2657,1704215700.0,8757.47,8763.81,-6.35,0.02752191,BAR
2658,1704215760.0,8757.77,8763.81,-6.04,0.02752191,BAR
2659,1704215820.0,8756.79,8763.81,-7.03,0.02752191,BAR
2660,1704215880.0,8757.97,8763.81,-5.84,0.02752191,BAR
2661,1704215940.0,8757.49,8763.81,-6.32,0.02752191,BAR
2662,1704216000.0,8757.19,8763.81,-6.62,0.02752191,BAR
2663,1704216060.0,8757.30,8763.81,-6.51,0.02752191,BAR
2664,1704216120.0,8756.94,8763.81,-6.87,0.02752191,BAR
2665,1704216180.0,8755.99,8763.81,-7.83,0.02752191,BAR
2666,1704216240.0,8755.25,8763.81,-8.56,0.02752191,BAR
2667,1704216300.0,8756.34,8763.81,-7.48,0.02752191,BAR
2668,1704216360.0,8756.13,8763.81,-7.68,0.02752191,BAR
2669,1704216420.0,8756.07,8763.81,-7.74,0.02752191,BAR
2670,1704216480.0,8755.76,8763.81,-8.05,0.02752191,BAR
2671,1704216540.0,8755.87,8763.81,-7.94,0.02752191,BAR
2672,1704216600.0,8754.55,8763.81,-9.27,0.02752191,BAR
2673,1704216660.0,8754.49,8763.81,-9.33,0.02752191,BAR
2674,1704216720.0,8752.96,8763.81,-10.85,0.02752191,BAR
2675,1704216780.0,8751.67,8763.81,-12.14,0.02752191,BAR
2676,1704216840.0,8752.21,8763.81,-11.60,0.02752191,BAR
2677,1704216900.0,8752.04,8763.81,-11.77,0.02752191,BAR
2678,1704216960.0,8752.52,8763.81,-11.29,0.02752191,BAR
2679,1704217020.0,8753.03,8763.81,-10.78,0.02752191,BAR
2680,1704217080.0,8751.91,8763.81,-11.90,0.02752191,BAR
2681,1704217140.0,8750.77,8763.81,-13.05,0.02752191,BAR
2682,1704217200.0,8750.61,8763.81,-13.20,0.02752191,BAR
2683,1704217260.0,8749.66,8763.81,-14.15,0.02752191,BAR
2684,1704217320.0,8750.91,8763.81,-12.91,0.02752191,BAR
2685,1704217380.0,8752.10,8763.81,-11.71,0.02752191,BAR
2686,1704217440.0,8752.05,8763.81,-11.76,0.02752191,BAR
2687,1704217500.0,8753.01,8763.81,-10.80,0.02752191,BAR
2688,1704217560.0,8750.86,8763.81,-12.95,0.02752191,BAR
2689,1704217620.0,8750.24,8763.81,-13.57,0.02752191,BAR
2690,1704217680.0,8749.82,8763.81,-14.00,0.02752191,BAR
2691,1704217740.0,8749.96,8763.81,-13.85,0.02752191,BAR
2692,1704217800.0,8750.40,8763.81,-13.41,0.02752191,BAR
2693,1704217860.0,8750.18,8763.81,-13.64,0.02752191,BAR
2694,1704217920.0,8750.04,8763.81,-13.78,0.02752191,BAR
2695,1704217980.0,8750.04,8763.81,-13.78,0.02752191,BAR
2696,1704218040.0,8750.05,8763.81,-13.76,0.02752191,BAR
2697,1704218100.0,8751.10,8763.81,-12.71,0.02752191,BAR
2698,1704218160.0,8751.93,8763.81,-11.89,0.02752191,BAR
2699,1704218220.0,8751.29,8763.81,-12.52,0.02752191,BAR
2700,1704218280.0,8749.65,8763.81,-14.16,0.02752191,BAR
2701,1704218340.0,8749.22,8763.81,-14.60,0.02752191,BAR
2702,1704218400.0,8749.40,8763.81,-14.41,0.02752191,BAR
2703,1704218460.0,8750.97,8763.81,-12.84,0.02752191,BAR
2704,1704218520.0,8751.36,8763.81,-12.46,0.02752191,BAR
2705,1704218580.0,8753.43,8763.81,-10.39,0.02752191,BAR
2706,1704218640.0,8752.73,8763.81,-11.08,0.02752191,BAR
2707,1704218700.0,8751.83,8763.81,-11.98,0.02752191,BAR
2708,1704218760.0,8750.73,8763.81,-13.08,0.02752191,BAR
2709,1704218820.0,8750.85,8763.81,-12.96,0.02752191,BAR
2710,1704218880.0,8751.25,8763.81,-12.57,0.02752191,BAR
2711,1704218940.0,8750.49,8763.81,-13.32,0.02752191,BAR
2712,1704219000.0,8749.84,8763.81,-13.97,0.02752191,BAR
2713,1704219060.0,8749.73,8763.81,-14.08,0.02752191,BAR
2714,1704219120.0,8749.90,8763.81,-13.91,0.02752191,BAR
2715,1704219180.0,8750.65,8763.81,-13.17,0.02752191,BAR
2716,1704219240.0,8750.80,8763.81,-13.01,0.02752191,BAR
2717,1704219300.0,8750.70,8763.81,-13.12,0.02752191,BAR
2718,1704219360.0,8749.90,8763.81,-13.91,0.02752191,BAR
2719,1704219420.0,8748.61,8763.81,-15.21,0.02752191,BAR
2720,1704219480.0,8749.35,8763.81,-14.46,0.02752191,BAR
2721,1704219540.0,8749.78,8763.81,-14.03,0.02752191,BAR
2722,1704219600.0,8752.29,8763.81,-11.52,0.02752191,BAR
2723,1704219660.0,8752.93,8763.81,-10.88,0.02752191,BAR
2724,1704219720.0,8751.85,8763.81,-11.96,0.02752191,BAR
2725,1704219780.0,8752.57,8763.81,-11.24,0.02752191,BAR
2726,1704219840.0,8754.19,8763.81,-9.62,0.02752191,BAR
2727,1704219900.0,8753.78,8763.81,-10.03,0.02752191,BAR
2728,1704219960.0,8754.24,8763.81,-9.57,0.02752191,BAR
2729,1704220020.0,8753.60,8763.81,-10.22,0.02752191,BAR
2730,1704220080.0,8753.70,8763.81,-10.11,0.02752191,BAR
2731,1704220140.0,8753.61,8763.81,-10.20,0.02752191,BAR
2732,1704220200.0,8754.27,8763.81,-9.54,0.02752191,BAR
2733,1704220260.0,8755.54,8763.81,-8.27,0.02752191,BAR
2734,1704220320.0,8756.31,8763.81,-7.50,0.02752191,BAR
2735,1704220380.0,8757.41,8763.81,-6.40,0.02752191,BAR
2736,1704220440.0,8756.69,8763.81,-7.13,0.02752191,BAR
2737,1704220500.0,8757.33,8763.81,-6.48,0.02752191,BAR
2738,1704220560.0,8756.42,8763.81,-7.39,0.02752191,BAR
2739,1704220620.0,8756.11,8763.81,-7.70,0.02752191,BAR
2740,1704220680.0,8755.76,8763.81,-8.05,0.02752191,BAR
2741,1704220740.0,8755.54,8763.81,-8.27,0.02752191,BAR
2742,1704220800.0,8754.79,8763.81,-9.02,0.02752191,BAR
2743,1704220860.0,8754.72,8763.81,-9.10,0.02752191,BAR
2744,1704220920.0,8754.09,8763.81,-9.72,0.02752191,BAR
2745,1704220980.0,8753.14,8763.81,-10.67,0.02752191,BAR
2746,1704221040.0,8752.29,8763.81,-11.52,0.02752191,BAR
2747,1704221100.0,8753.47,8763.81,-10.34,0.02752191,BAR
2748,1704221160.0,8754.66,8763.81,-9.15,0.02752191,BAR
2749,1704221220.0,8754.66,8763.81,-9.16,0.02752191,BAR
2750,1704221280.0,8754.71,8763.81,-9.11,0.02752191,BAR
2751,1704221340.0,8755.04,8763.81,-8.77,0.02752191,BAR
2752,1704221400.0,8754.18,8763.81,-9.64,0.02752191,BAR
2753,1704221460.0,8754.55,8763.81,-9.27,0.02752191,BAR
2754,1704221520.0,8753.70,8763.81,-10.12,0.02752191,BAR
2755,1704221580.0,8753.85,8763.81,-9.96,0.02752191,BAR
2756,1704221640.0,8753.50,8763.81,-10.31,0.02752191,BAR
2757,1704221700.0,8756.31,8763.81,-7.50,0.02752191,BAR
2758,1704221760.0,8755.07,8763.81,-8.74,0.02752191,BAR
2759,1704221820.0,8754.17,8763.81,-9.65,0.02752191,BAR
2760,1704221880.0,8753.96,8763.81,-9.85,0.02752191,BAR
2761,1704221940.0,8754.40,8763.81,-9.41,0.02752191,BAR
2762,1704222000.0,8754.77,8763.81,-9.04,0.02752191,BAR
2763,1704222060.0,8754.72,8763.81,-9.09,0.02752191,BAR
2764,1704222120.0,8754.56,8763.81,-9.25,0.02752191,BAR
2765,1704222180.0,8756.12,8763.81,-7.69,0.02752191,BAR
2766,1704222240.0,8756.13,8763.81,-7.69,0.02752191,BAR
2767,1704222300.0,8755.98,8763.81,-7.83,0.02752191,BAR
2768,1704222360.0,8755.41,8763.81,-8.41,0.02752191,BAR
2769,1704222420.0,8754.49,8763.81,-9.33,0.02752191,BAR
2770,1704222480.0,8754.54,8763.81,-9.27,0.02752191,BAR
2771,1704222540.0,8753.48,8763.81,-10.33,0.02752191,BAR
2772,1704222600.0,8753.69,8763.81,-10.13,0.02752191,BAR
2773,1704222660.0,8753.85,8763.81,-9.96,0.02752191,BAR
2774,1704222720.0,8753.85,8763.81,-9.97,0.02752191,BAR
2775,1704222780.0,8753.56,8763.81,-10.25,0.02752191,BAR
2776,1704222840.0,8753.48,8763.81,-10.33,0.02752191,BAR
2777,1704222900.0,8753.45,8763.81,-10.36,0.02752191,BAR
2778,1704222960.0,8754.37,8763.81,-9.44,0.02752191,BAR
2779,1704223020.0,8754.59,8763.81,-9.22,0.02752191,BAR
2780,1704223080.0,8753.88,8763.81,-9.93,0.02752191,BAR
2781,1704223140.0,8753.15,8763.81,-10.67,0.02752191,BAR
2782,1704223200.0,8752.90,8763.81,-10.91,0.02752191,BAR
2783,1704223260.0,8752.34,8763.81,-11.47,0.02752191,BAR
2784,1704223320.0,8752.00,8763.81,-11.81,0.02752191,BAR
2785,1704223380.0,8749.11,8763.81,-14.70,0.02752191,BAR
2786,1704223440.0,8749.24,8763.81,-14.58,0.02752191,BAR
2787,1704223500.0,8747.39,8763.81,-16.42,0.02752191,BAR
2788,1704223560.0,8747.11,8763.81,-16.71,0.02752191,BAR
2789,1704223620.0,8745.23,8763.81,-18.58,0.02752191,BAR
2790,1704223680.0,8746.30,8763.81,-17.51,0.02752191,BAR
2791,1704223740.0,8746.68,8763.81,-17.13,0.02752191,BAR
2792,1704223800.0,8745.56,8763.81,-18.25,0.02752191,BAR
2793,1704223860.0,8745.60,8763.81,-18.21,0.02752191,BAR
2794,1704223920.0,8748.41,8763.81,-15.40,0.02752191,BAR
2795,1704223980.0,8748.91,8763.81,-14.90,0.02752191,BAR
2796,1704224040.0,8749.84,8763.81,-13.97,0.02752191,BAR
2797,1704224100.0,8749.54,8763.81,-14.27,0.02752191,BAR
2798,1704224160.0,8749.09,8763.81,-14.72,0.02752191,BAR
2799,1704224220.0,8749.73,8763.81,-14.08,0.02752191,BAR
2800,1704224280.0,8750.99,8763.81,-12.82,0.02752191,BAR
2801,1704224340.0,8750.09,8763.81,-13.72,0.02752191,BAR
2802,1704224400.0,8749.98,8763.81,-13.83,0.02752191,BAR
2803,1704224460.0,8750.55,8763.81,-13.26,0.02752191,BAR
2804,1704224520.0,8749.16,8763.81,-14.66,0.02752191,BAR
2805,1704224580.0,8749.13,8763.81,-14.68,0.02752191,BAR
2806,1704224640.0,8749.01,8763.81,-14.80,0.02752191,BAR
2807,1704224700.0,8750.20,8763.81,-13.61,0.02752191,BAR
2808,1704224760.0,8750.95,8763.81,-12.86,0.02752191,BAR
2809,1704224820.0,8750.88,8763.81,-12.93,0.02752191,BAR
2810,1704224880.0,8751.58,8763.81,-12.24,0.02752191,BAR
2811,1704224940.0,8751.00,8763.81,-12.81,0.02752191,BAR
2812,1704225000.0,8751.24,8763.81,-12.57,0.02752191,BAR
2813,1704225060.0,8751.43,8763.81,-12.38,0.02752191,BAR
2814,1704225120.0,8751.33,8763.81,-12.48,0.02752191,BAR
2815,1704225180.0,8749.34,8763.81,-14.47,0.02752191,BAR
2816,1704225240.0,8748.00,8763.81,-15.81,0.02752191,BAR
2817,1704225300.0,8747.17,8763.81,-16.64,0.02752191,BAR
2818,1704225360.0,8750.47,8763.81,-13.34,0.02752191,BAR
2819,1704225420.0,8752.68,8763.81,-11.13,0.02752191,BAR
2820,1704225480.0,8751.45,8763.81,-12.36,0.02752191,BAR
2821,1704225540.0,8751.23,8763.81,-12.58,0.02752191,BAR
2822,1704225600.0,8749.63,8763.81,-14.19,0.02752191,BAR
2823,1704225660.0,8749.92,8763.81,-13.90,0.02752191,BAR
2824,1704225720.0,8749.79,8763.81,-14.02,0.02752191,BAR
2825,1704225780.0,8752.38,8763.81,-11.43,0.02752191,BAR
2826,1704225840.0,8752.12,8763.81,-11.70,0.02752191,BAR
2827,1704225900.0,8752.11,8763.81,-11.70,0.02752191,BAR
2828,1704225960.0,8752.60,8763.81,-11.21,0.02752191,BAR
2829,1704226020.0,8753.29,8763.81,-10.52,0.02752191,BAR
2830,1704226080.0,8753.17,8763.81,-10.65,0.02752191,BAR
2831,1704226140.0,8753.28,8763.81,-10.53,0.02752191,BAR
2832,1704226200.0,8752.78,8763.81,-11.03,0.02752191,BAR
2833,1704226260.0,8752.92,8763.81,-10.89,0.02752191,BAR
2834,1704226320.0,8753.14,8763.81,-10.67,0.02752191,BAR
2835,1704226380.0,8752.73,8763.81,-11.08,0.02752191,BAR
2836,1704226440.0,8752.73,8763.81,-11.09,0.02752191,BAR
2837,1704226500.0,8752.90,8763.81,-10.91,0.02752191,BAR
2838,1704226560.0,8754.30,8763.81,-9.52,0.02752191,BAR
2839,1704226620.0,8754.38,8763.81,-9.43,0.02752191,BAR
2840,1704226680.0,8753.52,8763.81,-10.30,0.02752191,BAR
2841,1704226740.0,8753.46,8763.81,-10.35,0.02752191,BAR
2842,1704226800.0,8752.79,8763.81,-11.02,0.02752191,BAR
2843,1704226860.0,8750.32,8763.81,-13.49,0.02752191,BAR
2844,1704226920.0,8750.22,8763.81,-13.59,0.02752191,BAR
2845,1704226980.0,8750.01,8763.81,-13.80,0.02752191,BAR
2846,1704227040.0,8750.73,8763.81,-13.09,0.02752191,BAR
2847,1704227100.0,8751.19,8763.81,-12.62,0.02752191,BAR
2848,1704227160.0,8750.58,8763.81,-13.24,0.02752191,BAR
2849,1704227220.0,8749.47,8763.81,-14.35,0.02752191,BAR
2850,1704227280.0,8749.47,8763.81,-14.35,0.02752191,BAR
2851,1704227340.0,8748.89,8763.81,-14.92,0.02752191,BAR
2852,1704227400.0,8749.72,8763.81,-14.10,0.02752191,BAR
2853,1704227460.0,8748.87,8763.81,-14.94,0.02752191,BAR
2854,1704227520.0,8748.34,8763.81,-15.47,0.02752191,BAR
2855,1704227580.0,8748.78,8763.81,-15.03,0.02752191,BAR
2856,1704227640.0,8748.40,8763.81,-15.41,0.02752191,BAR
2857,1704227700.0,8748.49,8763.81,-15.32,0.02752191,BAR
2858,1704227760.0,8748.12,8763.81,-15.69,0.02752191,BAR
2859,1704227820.0,8747.52,8763.81,-16.30,0.02752191,BAR
2860,1704227880.0,8747.28,8763.81,-16.53,0.02752191,BAR
2861,1704227940.0,8746.02,8763.81,-17.79,0.02752191,BAR
2862,1704228000.0,8746.23,8763.81,-17.59,0.02752191,BAR
2863,1704228060.0,8747.00,8763.81,-16.82,0.02752191,BAR
2864,1704228120.0,8747.50,8763.81,-16.31,0.02752191,BAR
2865,1704228180.0,8745.94,8763.81,-17.88,0.02752191,BAR
2866,1704228240.0,8745.51,8763.81,-18.30,0.02752191,BAR
2867,1704228300.0,8746.59,8763.81,-17.23,0.02752191,BAR
2868,1704228360.0,8748.22,8763.81,-15.60,0.02752191,BAR
2869,1704228420.0,8749.62,8763.81,-14.19,0.02752191,BAR
2870,1704228480.0,8746.68,8763.81,-17.13,0.02752191,BAR
2871,1704228540.0,8745.63,8763.81,-18.18,0.02752191,BAR
2872,1704228600.0,8746.05,8763.81,-17.76,0.02752191,BAR
2873,1704228660.0,8745.86,8763.81,-17.95,0.02752191,BAR
2874,1704228720.0,8744.58,8763.81,-19.23,0.02752191,BAR
2875,1704228780.0,8745.10,8763.81,-18.72,0.02752191,BAR
2876,1704228840.0,8745.69,8763.81,-18.12,0.02752191,BAR
2877,1704228900.0,8746.14,8763.81,-17.67,0.02752191,BAR
2878,1704228960.0,8745.37,8763.81,-18.45,0.02752191,BAR
2879,1704229020.0,8745.82,8763.81,-17.99,0.02752191,BAR
2880,1704229080.0,8745.19,8763.81,-18.62,0.02752191,BAR
2881,1704229140.0,8744.32,8763.81,-19.49,0.02752191,BAR
2882,1704229200.0,8744.70,8763.81,-19.12,0.02752191,BAR
2883,1704229260.0,8742.77,8763.81,-21.05,0.02752191,BAR
2884,1704229320.0,8743.08,8763.81,-20.74,0.02752191,BAR
2885,1704229380.0,8742.39,8763.81,-21.43,0.02752191,BAR
2886,1704229440.0,8744.23,8763.81,-19.58,0.02752191,BAR
2887,1704229500.0,8743.70,8763.81,-20.11,0.02752191,BAR
2888,1704229560.0,8742.41,8763.81,-21.41,0.02752191,BAR
2889,1704229620.0,8742.38,8763.81,-21.44,0.02752191,BAR
2890,1704229680.0,8741.98,8763.81,-21.83,0.02752191,BAR
2891,1704229740.0,8741.42,8763.81,-22.39,0.02752191,BAR
2892,1704229800.0,8742.35,8763.81,-21.46,0.02752191,BAR
2893,1704229860.0,8743.38,8763.81,-20.43,0.02752191,BAR
2894,1704229920.0,8744.59,8763.81,-19.22,0.02752191,BAR
2895,1704229980.0,8745.06,8763.81,-18.75,0.02752191,BAR
2896,1704230040.0,8745.85,8763.81,-17.96,0.02752191,BAR
2897,1704230100.0,8747.39,8763.81,-16.42,0.02752191,BAR
2898,1704230160.0,8746.90,8763.81,-16.91,0.02752191,BAR
2899,1704230220.0,8746.59,8763.81,-17.22,0.02752191,BAR
2900,1704230280.0,8746.93,8763.81,-16.88,0.02752191,BAR
2901,1704230340.0,8748.28,8763.81,-15.54,0.02752191,BAR
2902,1704230400.0,8747.72,8763.81,-16.09,0.02752191,BAR
2903,1704230460.0,8748.07,8763.81,-15.75,0.02752191,BAR
2904,1704230520.0,8747.26,8763.81,-16.55,0.02752191,BAR
2905,1704230580.0,8747.53,8763.81,-16.28,0.02752191,BAR
2906,1704230640.0,8747.98,8763.81,-15.83,0.02752191,BAR
2907,1704230700.0,8747.10,8763.81,-16.71,0.02752191,BAR
2908,1704230760.0,8747.49,8763.81,-16.32,0.02752191,BAR
2909,1704230820.0,8747.14,8763.81,-16.67,0.02752191,BAR
2910,1704230880.0,8746.29,8763.81,-17.53,0.02752191,BAR
2911,1704230940.0,8744.78,8763.81,-19.03,0.02752191,BAR
2912,1704231000.0,8745.55,8763.81,-18.26,0.02752191,BAR
2913,1704231060.0,8746.67,8763.81,-17.14,0.02752191,BAR
2914,1704231120.0,8748.22,8763.81,-15.59,0.02752191,BAR
2915,1704231180.0,8748.71,8763.81,-15.11,0.02752191,BAR
2916,1704231240.0,8748.49,8763.81,-15.32,0.02752191,BAR
2917,1704231300.0,8747.95,8763.81,-15.86,0.02752191,BAR
2918,1704231360.0,8746.93,8763.81,-16.88,0.02752191,BAR
2919,1704231420.0,8746.56,8763.81,-17.26,0.02752191,BAR
2920,1704231480.0,8746.47,8763.81,-17.34,0.02752191,BAR
2921,1704231540.0,8747.40,8763.81,-16.41,0.02752191,BAR
2922,1704231600.0,8748.33,8763.81,-15.48,0.02752191,BAR
2923,1704231660.0,8748.73,8763.81,-15.09,0.02752191,BAR
2924,1704231720.0,8749.44,8763.81,-14.37,0.02752191,BAR
2925,1704231780.0,8749.17,8763.81,-14.65,0.02752191,BAR
2926,1704231840.0,8748.60,8763.81,-15.21,0.02752191,BAR
2927,1704231900.0,8748.60,8763.81,-15.21,0.02752191,BAR
2928,1704231960.0,8748.83,8763.81,-14.98,0.02752191,BAR
2929,1704232020.0,8749.69,8763.81,-14.13,0.02752191,BAR
2930,1704232080.0,8750.42,8763.81,-13.39,0.02752191,BAR
2931,1704232140.0,8751.29,8763.81,-12.52,0.02752191,BAR
2932,1704232200.0,8750.31,8763.81,-13.50,0.02752191,BAR
2933,1704232260.0,8751.02,8763.81,-12.80,0.02752191,BAR
2934,1704232320.0,8751.23,8763.81,-12.59,0.02752191,BAR
2935,1704232380.0,8751.26,8763.81,-12.55,0.02752191,BAR
2936,1704232440.0,8751.12,8763.81,-12.69,0.02752191,BAR
2937,1704232500.0,8750.95,8763.81,-12.87,0.02752191,BAR
2938,1704232560.0,8750.76,8763.81,-13.05,0.02752191,BAR
2939,1704232620.0,8751.38,8763.81,-12.44,0.02752191,BAR
2940,1704232680.0,8751.37,8763.81,-12.44,0.02752191,BAR
2941,1704232740.0,8753.44,8763.81,-10.37,0.02752191,BAR
2942,1704232800.0,8752.38,8763.81,-11.43,0.02752191,BAR
2943,1704232860.0,8753.10,8763.81,-10.72,0.02752191,BAR
2944,1704232920.0,8753.42,8763.81,-10.40,0.02752191,BAR
2945,1704232980.0,8752.96,8763.81,-10.86,0.02752191,BAR
2946,1704233040.0,8752.90,8763.81,-10.91,0.02752191,BAR
2947,1704233100.0,8755.16,8763.81,-8.66,0.02752191,BAR
2948,1704233160.0,8755.11,8763.81,-8.70,0.02752191,BAR
2949,1704233220.0,8754.82,8763.81,-9.00,0.02752191,BAR
2950,1704233280.0,8754.99,8763.81,-8.82,0.02752191,BAR
2951,1704233340.0,8756.93,8763.81,-6.89,0.02752191,BAR
2952,1704233400.0,8756.94,8763.81,-6.88,0.02752191,BAR
2953,1704233460.0,8755.96,8763.81,-7.86,0.02752191,BAR
2954,1704233520.0,8754.98,8763.81,-8.83,0.02752191,BAR
2955,1704233580.0,8754.11,8763.81,-9.70,0.02752191,BAR
2956,1704233640.0,8754.37,8763.81,-9.44,0.02752191,BAR
2957,1704233700.0,8754.60,8763.81,-9.22,0.02752191,BAR
2958,1704233760.0,8754.79,8763.81,-9.02,0.02752191,BAR
2959,1704233820.0,8754.61,8763.81,-9.21,0.02752191,BAR
2960,1704233880.0,8755.43,8763.81,-8.38,0.02752191,BAR
2961,1704233940.0,8755.68,8763.81,-8.13,0.02752191,BAR
2962,1704234000.0,8754.33,8763.81,-9.48,0.02752191,BAR
2963,1704234060.0,8754.62,8763.81,-9.20,0.02752191,BAR
2964,1704234120.0,8753.55,8763.81,-10.26,0.02752191,BAR
2965,1704234180.0,8752.29,8763.81,-11.52,0.02752191,BAR
2966,1704234240.0,8751.98,8763.81,-11.83,0.02752191,BAR
2967,1704234300.0,8751.98,8763.81,-11.83,0.02752191,BAR
2968,1704234360.0,8751.88,8763.81,-11.93,0.02752191,BAR
2969,1704234420.0,8751.42,8763.81,-12.39,0.02752191,BAR
2970,1704234480.0,8752.03,8763.81,-11.78,0.02752191,BAR
2971,1704234540.0,8751.84,8763.81,-11.98,0.02752191,BAR
2972,1704234600.0,8751.30,8763.81,-12.51,0.02752191,BAR
2973,1704234660.0,8749.43,8763.81,-14.39,0.02752191,BAR
2974,1704234720.0,8750.18,8763.81,-13.64,0.02752191,BAR
2975,1704234780.0,8748.43,8763.81,-15.38,0.02752191,BAR
2976,1704234840.0,8749.49,8763.81,-14.32,0.02752191,BAR
2977,1704234900.0,8748.52,8763.81,-15.29,0.02752191,BAR
2978,1704234960.0,8748.72,8763.81,-15.09,0.02752191,BAR
2979,1704235020.0,8749.12,8763.81,-14.69,0.02752191,BAR
2980,1704235080.0,8748.64,8763.81,-15.18,0.02752191,BAR
2981,1704235140.0,8749.73,8763.81,-14.08,0.02752191,BAR
2982,1704235200.0,8749.81,8763.81,-14.00,0.02752191,BAR
2983,1704235260.0,8749.81,8763.81,-14.00,0.02752191,BAR
2984,1704235320.0,8748.62,8763.81,-15.20,0.02752191,BAR
2985,1704235380.0,8748.62,8763.81,-15.20,0.02752191,BAR
2986,1704235440.0,8748.15,8763.81,-15.66,0.02752191,BAR
2987,1704235500.0,8747.92,8763.81,-15.90,0.02752191,BAR
2988,1704235560.0,8749.14,8763.81,-14.67,0.02752191,BAR
2989,1704235620.0,8751.47,8763.81,-12.34,0.02752191,BAR
2990,1704235680.0,8752.23,8763.81,-11.58,0.02752191,BAR
2991,1704235740.0,8751.56,8763.81,-12.25,0.02752191,BAR
2992,1704235800.0,8752.38,8763.81,-11.43,0.02752191,BAR
2993,1704235860.0,8750.78,8763.81,-13.03,0.02752191,BAR
2994,1704235920.0,8750.15,8763.81,-13.67,0.02752191,BAR
2995,1704235980.0,8749.11,8763.81,-14.71,0.02752191,BAR
2996,1704236040.0,8749.10,8763.81,-14.71,0.02752191,BAR
2997,1704236100.0,8750.58,8763.81,-13.23,0.02752191,BAR
2998,1704236160.0,8750.49,8763.81,-13.33,0.02752191,BAR
2999,1704236220.0,8749.44,8763.81,-14.37,0.02752191,BAR
3000,1704236280.0,8749.85,8763.81,-13.96,0.02752191,BAR
3001,1704236340.0,8749.64,8763.81,-14.17,0.02752191,BAR
3002,1704236400.0,8749.11,8763.81,-14.70,0.02752191,BAR
3003,1704236460.0,8749.75,8763.81,-14.06,0.02752191,BAR
3004,1704236520.0,8749.63,8763.81,-14.19,0.02752191,BAR
3005,1704236580.0,8749.07,8763.81,-14.75,0.02752191,BAR
3006,1704236640.0,8748.48,8763.81,-15.34,0.02752191,BAR
3007,1704236700.0,8748.71,8763.81,-15.11,0.02752191,BAR
3008,1704236760.0,8749.31,8763.81,-14.50,0.02752191,BAR
3009,1704236820.0,8749.12,8763.81,-14.69,0.02752191,BAR
3010,1704236880.0,8749.54,8763.81,-14.27,0.02752191,BAR
3011,1704236940.0,8749.90,8763.81,-13.92,0.02752191,BAR
3012,1704237000.0,8750.13,8763.81,-13.69,0.02752191,BAR
3013,1704237060.0,8749.47,8763.81,-14.35,0.02752191,BAR
3014,1704237120.0,8749.60,8763.81,-14.21,0.02752191,BAR
3015,1704237180.0,8749.87,8763.81,-13.94,0.02752191,BAR
3016,1704237240.0,8749.74,8763.81,-14.07,0.02752191,BAR
3017,1704237300.0,8749.33,8763.81,-14.49,0.02752191,BAR
3018,1704237360.0,8749.75,8763.81,-14.06,0.02752191,BAR
3019,1704237420.0,8750.67,8763.81,-13.15,0.02752191,BAR
3020,1704237480.0,8751.34,8763.81,-12.48,0.02752191,BAR
3021,1704237540.0,8750.45,8763.81,-13.36,0.02752191,BAR
3022,1704237600.0,8749.33,8763.81,-14.49,0.02752191,BAR
3023,1704237660.0,8750.15,8763.81,-13.66,0.02752191,BAR
3024,1704237720.0,8750.15,8763.81,-13.66,0.02752191,BAR
3025,1704237780.0,8750.67,8763.81,-13.14,0.02752191,BAR
3026,1704237840.0,8751.04,8763.81,-12.77,0.02752191,BAR
3027,1704237900.0,8750.86,8763.81,-12.95,0.02752191,BAR
3028,1704237960.0,8749.61,8763.81,-14.20,0.02752191,BAR
3029,1704238020.0,8749.36,8763.81,-14.46,0.02752191,BAR
3030,1704238080.0,8749.11,8763.81,-14.71,0.02752191,BAR
3031,1704238140.0,8749.25,8763.81,-14.56,0.02752191,BAR
3032,1704238200.0,8748.84,8763.81,-14.98,0.02752191,BAR
3033,1704238260.0,8748.88,8763.81,-14.93,0.02752191,BAR
3034,1704238320.0,8747.59,8763.81,-16.22,0.02752191,BAR
3035,1704238380.0,8748.60,8763.81,-15.21,0.02752191,BAR
3036,1704238440.0,8748.00,8763.81,-15.81,0.02752191,BAR
3037,1704238500.0,8748.16,8763.81,-15.65,0.02752191,BAR
3038,1704238560.0,8747.99,8763.81,-15.82,0.02752191,BAR
3039,1704238620.0,8746.40,8763.81,-17.41,0.02752191,BAR
3040,1704238680.0,8745.75,8763.81,-18.07,0.02752191,BAR
3041,1704238740.0,8746.14,8763.81,-17.67,0.02752191,BAR
3042,1704238800.0,8746.85,8763.81,-16.97,0.02752191,BAR
3043,1704238860.0,8746.87,8763.81,-16.94,0.02752191,BAR
3044,1704238920.0,8746.62,8763.81,-17.20,0.02752191,BAR
3045,1704238980.0,8746.07,8763.81,-17.74,0.02752191,BAR
3046,1704239040.0,8745.52,8763.81,-18.30,0.02752191,BAR
3047,1704239100.0,8745.52,8763.81,-18.30,0.02752191,BAR
3048,1704239160.0,8745.78,8763.81,-18.03,0.02752191,BAR
3049,1704239220.0,8744.97,8763.81,-18.85,0.02752191,BAR
3050,1704239280.0,8745.47,8763.81,-18.34,0.02752191,BAR
3051,1704239340.0,8745.49,8763.81,-18.32,0.02752191,BAR
3052,1704239400.0,8746.57,8763.81,-17.25,0.02752191,BAR
3053,1704239460.0,8747.33,8763.81,-16.48,0.02752191,BAR
3054,1704239520.0,8748.06,8763.81,-15.75,0.02752191,BAR
3055,1704239580.0,8749.51,8763.81,-14.31,0.02752191,BAR
3056,1704239640.0,8748.98,8763.81,-14.83,0.02752191,BAR
3057,1704239700.0,8748.65,8763.81,-15.16,0.02752191,BAR
3058,1704239760.0,8748.47,8763.81,-15.34,0.02752191,BAR
3059,1704239820.0,8748.12,8763.81,-15.69,0.02752191,BAR
3060,1704239880.0,8748.30,8763.81,-15.51,0.02752191,BAR
3061,1704239940.0,8748.69,8763.81,-15.13,0.02752191,BAR
3062,1704240000.0,8750.15,8763.81,-13.67,0.02752191,BAR
3063,1704240060.0,8750.37,8763.81,-13.45,0.02752191,BAR
3064,1704240120.0,8750.31,8763.81,-13.50,0.02752191,BAR
3065,1704240180.0,8750.38,8763.81,-13.44,0.02752191,BAR
3066,1704240240.0,8748.92,8763.81,-14.89,0.02752191,BAR
3067,1704240300.0,8749.49,8763.81,-14.32,0.02752191,BAR
3068,1704240360.0,8750.09,8763.81,-13.72,0.02752191,BAR
3069,1704240420.0,8751.28,8763.81,-12.53,0.02752191,BAR
3070,1704240480.0,8750.31,8763.81,-13.50,0.02752191,BAR
3071,1704240540.0,8750.54,8763.81,-13.27,0.02752191,BAR
3072,1704240600.0,8750.87,8763.81,-12.95,0.02752191,BAR
3073,1704240660.0,8749.16,8763.81,-14.65,0.02752191,BAR
3074,1704240720.0,8749.66,8763.81,-14.15,0.02752191,BAR
3075,1704240780.0,8749.56,8763.81,-14.25,0.02752191,BAR
3076,1704240840.0,8750.31,8763.81,-13.50,0.02752191,BAR
3077,1704240900.0,8749.76,8763.81,-14.05,0.02752191,BAR
3078,1704240960.0,8749.49,8763.81,-14.33,0.02752191,BAR
3079,1704241020.0,8749.16,8763.81,-14.65,0.02752191,BAR
3080,1704241080.0,8748.68,8763.81,-15.13,0.02752191,BAR
3081,1704241140.0,8748.86,8763.81,-14.95,0.02752191,BAR
3082,1704241200.0,8749.24,8763.81,-14.58,0.02752191,BAR
3083,1704241260.0,8749.08,8763.81,-14.74,0.02752191,BAR
3084,1704241320.0,8748.53,8763.81,-15.29,0.02752191,BAR
3085,1704241380.0,8748.37,8763.81,-15.45,0.02752191,BAR
3086,1704241440.0,8749.35,8763.81,-14.46,0.02752191,BAR
3087,1704241500.0,8748.74,8763.81,-15.07,0.02752191,BAR
3088,1704241560.0,8748.00,8763.81,-15.81,0.02752191,BAR
3089,1704241620.0,8746.89,8763.81,-16.92,0.02752191,BAR
3090,1704241680.0,8746.65,8763.81,-17.16,0.02752191,BAR
3091,1704241740.0,8747.34,8763.81,-16.47,0.02752191,BAR
3092,1704241800.0,8747.70,8763.81,-16.11,0.02752191,BAR
3093,1704241860.0,8749.80,8763.81,-14.01,0.02752191,BAR
3094,1704241920.0,8750.32,8763.81,-13.49,0.02752191,BAR
3095,1704241980.0,8750.24,8763.81,-13.58,0.02752191,BAR
3096,1704242040.0,8750.16,8763.81,-13.65,0.02752191,BAR
3097,1704242100.0,8750.40,8763.81,-13.42,0.02752191,BAR
3098,1704242160.0,8749.76,8763.81,-14.05,0.02752191,BAR
3099,1704242220.0,8750.12,8763.81,-13.70,0.02752191,BAR
3100,1704242280.0,8750.18,8763.81,-13.64,0.02752191,BAR
3101,1704242340.0,8750.71,8763.81,-13.10,0.02752191,BAR
3102,1704242400.0,8751.61,8763.81,-12.20,0.02752191,BAR
3103,1704242460.0,8751.77,8763.81,-12.05,0.02752191,BAR
3104,1704242520.0,8751.52,8763.81,-12.29,0.02752191,BAR
3105,1704242580.0,8752.13,8763.81,-11.68,0.02752191,BAR
3106,1704242640.0,8754.20,8763.81,-9.61,0.02752191,BAR
3107,1704242700.0,8753.34,8763.81,-10.47,0.02752191,BAR
3108,1704242760.0,8754.44,8763.81,-9.37,0.02752191,BAR
3109,1704242820.0,8755.16,8763.81,-8.66,0.02752191,BAR
3110,1704242880.0,8754.58,8763.81,-9.23,0.02752191,BAR
3111,1704242940.0,8755.27,8763.81,-8.54,0.02752191,BAR
3112,1704243000.0,8755.13,8763.81,-8.68,0.02752191,BAR
3113,1704243060.0,8755.74,8763.81,-8.07,0.02752191,BAR
3114,1704243120.0,8753.59,8763.81,-10.23,0.02752191,BAR
3115,1704243180.0,8754.01,8763.81,-9.80,0.02752191,BAR
3116,1704243240.0,8751.47,8763.81,-12.34,0.02752191,BAR
3117,1704243300.0,8752.57,8763.81,-11.25,0.02752191,BAR
3118,1704243360.0,8753.45,8763.81,-10.36,0.02752191,BAR
3119,1704243420.0,8753.28,8763.81,-10.53,0.02752191,BAR
3120,1704243480.0,8753.88,8763.81,-9.93,0.02752191,BAR
3121,1704243540.0,8753.88,8763.81,-9.93,0.02752191,BAR
3122,1704243600.0,8753.69,8763.81,-10.13,0.02752191,BAR
3123,1704243660.0,8754.16,8763.81,-9.65,0.02752191,BAR
3124,1704243720.0,8754.25,8763.81,-9.56,0.02752191,BAR
3125,1704243780.0,8754.97,8763.81,-8.84,0.02752191,BAR
3126,1704243840.0,8755.65,8763.81,-8.16,0.02752191,BAR
3127,1704243900.0,8754.94,8763.81,-8.87,0.02752191,BAR
3128,1704243960.0,8755.24,8763.81,-8.57,0.02752191,BAR
3129,1704244020.0,8755.59,8763.81,-8.22,0.02752191,BAR
3130,1704244080.0,8755.86,8763.81,-7.95,0.02752191,BAR
3131,1704244140.0,8755.65,8763.81,-8.16,0.02752191,BAR
3132,1704244200.0,8755.66,8763.81,-8.15,0.02752191,BAR
3133,1704244260.0,8755.43,8763.81,-8.38,0.02752191,BAR
3134,1704244320.0,8755.40,8763.81,-8.41,0.02752191,BAR
3135,1704244380.0,8755.40,8763.81,-8.41,0.02752191,BAR
3136,1704244440.0,8755.16,8763.81,-8.65,0.02752191,BAR
3137,1704244500.0,8754.33,8763.81,-9.48,0.02752191,BAR
3138,1704244560.0,8754.75,8763.81,-9.07,0.02752191,BAR
3139,1704244620.0,8754.61,8763.81,-9.21,0.02752191,BAR
3140,1704244680.0,8755.10,8763.81,-8.71,0.02752191,BAR
3141,1704244740.0,8754.94,8763.81,-8.88,0.02752191,BAR
3142,1704244800.0,8755.32,8763.81,-8.49,0.02752191,BAR
3143,1704244860.0,8756.23,8763.81,-7.58,0.02752191,BAR
3144,1704244920.0,8756.02,8763.81,-7.79,0.02752191,BAR
3145,1704244980.0,8755.24,8763.81,-8.58,0.02752191,BAR
3146,1704245040.0,8755.70,8763.81,-8.11,0.02752191,BAR
3147,1704245100.0,8755.00,8763.81,-8.81,0.02752191,BAR
3148,1704245160.0,8755.00,8763.81,-8.81,0.02752191,BAR
3149,1704245220.0,8755.15,8763.81,-8.66,0.02752191,BAR
3150,1704245280.0,8754.61,8763.81,-9.20,0.02752191,BAR
3151,1704245340.0,8754.61,8763.81,-9.20,0.02752191,BAR
3152,1704245400.0,8753.67,8763.81,-10.15,0.02752191,BAR
3153,1704245460.0,8753.43,8763.81,-10.39,0.02752191,BAR
3154,1704245520.0,8754.02,8763.81,-9.79,0.02752191,BAR
3155,1704245580.0,8754.31,8763.81,-9.51,0.02752191,BAR
3156,1704245640.0,8754.48,8763.81,-9.34,0.02752191,BAR
3157,1704245700.0,8755.16,8763.81,-8.66,0.02752191,BAR
3158,1704245760.0,8755.61,8763.81,-8.20,0.02752191,BAR
3159,1704245820.0,8755.41,8763.81,-8.41,0.02752191,BAR
3160,1704245880.0,8755.26,8763.81,-8.55,0.02752191,BAR
3161,1704245940.0,8755.41,8763.81,-8.40,0.02752191,BAR
3162,1704246000.0,8756.44,8763.81,-7.37,0.02752191,BAR
3163,1704246060.0,8756.69,8763.81,-7.12,0.02752191,BAR
3164,1704246120.0,8755.86,8763.81,-7.95,0.02752191,BAR
3165,1704246180.0,8756.94,8763.81,-6.87,0.02752191,BAR
3166,1704246240.0,8756.79,8763.81,-7.02,0.02752191,BAR
3167,1704246300.0,8756.53,8763.81,-7.28,0.02752191,BAR
3168,1704246360.0,8755.98,8763.81,-7.83,0.02752191,BAR
3169,1704246420.0,8756.31,8763.81,-7.50,0.02752191,BAR
3170,1704246480.0,8756.18,8763.81,-7.63,0.02752191,BAR
3171,1704246540.0,8756.23,8763.81,-7.58,0.02752191,BAR
3172,1704246600.0,8756.78,8763.81,-7.03,0.02752191,BAR
3173,1704246660.0,8757.41,8763.81,-6.40,0.02752191,BAR
3174,1704246720.0,8758.68,8763.81,-5.14,0.02752191,BAR
3175,1704246780.0,8758.77,8763.81,-5.05,0.02752191,BAR
3176,1704246840.0,8758.33,8763.81,-5.48,0.02752191,BAR
3177,1704246900.0,8757.74,8763.81,-6.07,0.02752191,BAR
3178,1704246960.0,8758.18,8763.81,-5.63,0.02752191,BAR
3179,1704247020.0,8758.04,8763.81,-5.77,0.02752191,BAR
3180,1704247080.0,8758.40,8763.81,-5.41,0.02752191,BAR
3181,1704247140.0,8758.89,8763.81,-4.93,0.02752191,BAR
3182,1704247200.0,8759.11,8763.81,-4.71,0.02752191,BAR
3183,1704247260.0,8759.26,8763.81,-4.55,0.02752191,BAR
3184,1704247320.0,8759.05,8763.81,-4.76,0.02752191,BAR
3185,1704247380.0,8759.97,8763.81,-3.84,0.02752191,BAR
3186,1704247440.0,8759.88,8763.81,-3.93,0.02752191,BAR
3187,1704247500.0,8760.69,8763.81,-3.12,0.02752191,BAR
3188,1704247560.0,8760.87,8763.81,-2.95,0.02752191,BAR
3189,1704247620.0,8760.87,8763.81,-2.95,0.02752191,BAR
3190,1704247680.0,8759.81,8763.81,-4.00,0.02752191,BAR
3191,1704247740.0,8759.44,8763.81,-4.38,0.02752191,BAR
3192,1704247800.0,8759.57,8763.81,-4.25,0.02752191,BAR
3193,1704247860.0,8760.39,8763.81,-3.43,0.02752191,BAR
3194,1704247920.0,8760.09,8763.81,-3.73,0.02752191,BAR
3195,1704247980.0,8758.40,8763.81,-5.41,0.02752191,BAR
3196,1704248040.0,8757.70,8763.81,-6.11,0.02752191,BAR
3197,1704248100.0,8757.14,8763.81,-6.68,0.02752191,BAR
3198,1704248160.0,8756.48,8763.81,-7.34,0.02752191,BAR
3199,1704248220.0,8756.65,8763.81,-7.16,0.02752191,BAR
3200,1704248280.0,8758.13,8763.81,-5.68,0.02752191,BAR
3201,1704248340.0,8757.13,8763.81,-6.69,0.02752191,BAR
3202,1704248400.0,8756.87,8763.81,-6.94,0.02752191,BAR
3203,1704248460.0,8757.35,8763.81,-6.46,0.02752191,BAR
3204,1704248520.0,8758.22,8763.81,-5.59,0.02752191,BAR
3205,1704248580.0,8758.49,8763.81,-5.32,0.02752191,BAR
3206,1704248640.0,8758.01,8763.81,-5.80,0.02752191,BAR
3207,1704248700.0,8757.90,8763.81,-5.91,0.02752191,BAR
3208,1704248760.0,8758.84,8763.81,-4.97,0.02752191,BAR
3209,1704248820.0,8758.48,8763.81,-5.33,0.02752191,BAR
3210,1704248880.0,8758.61,8763.81,-5.20,0.02752191,BAR
3211,1704248940.0,8759.03,8763.81,-4.78,0.02752191,BAR
3212,1704249000.0,8758.71,8763.81,-5.10,0.02752191,BAR
3213,1704249060.0,8759.51,8763.81,-4.30,0.02752191,BAR
3214,1704249120.0,8759.34,8763.81,-4.48,0.02752191,BAR
3215,1704249180.0,8759.45,8763.81,-4.37,0.02752191,BAR
3216,1704249240.0,8759.89,8763.81,-3.92,0.02752191,BAR
3217,1704249300.0,8758.48,8763.81,-5.33,0.02752191,BAR
3218,1704249360.0,8757.47,8763.81,-6.34,0.02752191,BAR
3219,1704249420.0,8757.47,8763.81,-6.34,0.02752191,BAR
3220,1704249480.0,8757.61,8763.81,-6.20,0.02752191,BAR
3221,1704249540.0,8757.49,8763.81,-6.32,0.02752191,BAR
3222,1704249600.0,8757.49,8763.81,-6.32,0.02752191,BAR
3223,1704249660.0,8757.08,8763.81,-6.74,0.02752191,BAR
3224,1704249720.0,8757.71,8763.81,-6.11,0.02752191,BAR
3225,1704249780.0,8757.75,8763.81,-6.06,0.02752191,BAR
3226,1704249840.0,8757.59,8763.81,-6.22,0.02752191,BAR
3227,1704249900.0,8757.52,8763.81,-6.30,0.02752191,BAR
3228,1704249960.0,8756.91,8763.81,-6.90,0.02752191,BAR
3229,1704250020.0,8756.79,8763.81,-7.02,0.02752191,BAR
3230,1704250080.0,8757.23,8763.81,-6.59,0.02752191,BAR
3231,1704250140.0,8757.23,8763.81,-6.59,0.02752191,BAR
3232,1704250200.0,8757.25,8763.81,-6.56,0.02752191,BAR
3233,1704250260.0,8756.78,8763.81,-7.03,0.02752191,BAR
3234,1704250320.0,8756.85,8763.81,-6.96,0.02752191,BAR
3235,1704250380.0,8756.57,8763.81,-7.24,0.02752191,BAR
3236,1704250440.0,8756.75,8763.81,-7.06,0.02752191,BAR
3237,1704250500.0,8756.91,8763.81,-6.90,0.02752191,BAR
3238,1704250560.0,8757.19,8763.81,-6.63,0.02752191,BAR
3239,1704250620.0,8757.52,8763.81,-6.30,0.02752191,BAR
3240,1704250680.0,8757.85,8763.81,-5.96,0.02752191,BAR
3241,1704250740.0,8757.70,8763.81,-6.11,0.02752191,BAR
3242,1704250800.0,8757.88,8763.81,-5.93,0.02752191,BAR
3243,1704250860.0,8758.12,8763.81,-5.70,0.02752191,BAR
3244,1704250920.0,8757.88,8763.81,-5.93,0.02752191,BAR
3245,1704250980.0,8757.58,8763.81,-6.24,0.02752191,BAR
3246,1704251040.0,8757.67,8763.81,-6.15,0.02752191,BAR
3247,1704251100.0,8757.32,8763.81,-6.49,0.02752191,BAR
3248,1704251160.0,8757.00,8763.81,-6.81,0.02752191,BAR
3249,1704251220.0,8756.83,8763.81,-6.99,0.02752191,BAR
3250,1704251280.0,8756.64,8763.81,-7.17,0.02752191,BAR
3251,1704251340.0,8755.91,8763.81,-7.90,0.02752191,BAR
3252,1704251400.0,8755.65,8763.81,-8.16,0.02752191,BAR
3253,1704251460.0,8756.06,8763.81,-7.75,0.02752191,BAR
3254,1704251520.0,8756.46,8763.81,-7.36,0.02752191,BAR
3255,1704251580.0,8757.37,8763.81,-6.44,0.02752191,BAR
3256,1704251640.0,8758.07,8763.81,-5.74,0.02752191,BAR
3257,1704251700.0,8758.10,8763.81,-5.71,0.02752191,BAR
3258,1704251760.0,8757.66,8763.81,-6.15,0.02752191,BAR
3259,1704251820.0,8758.68,8763.81,-5.13,0.02752191,BAR
3260,1704251880.0,8758.45,8763.81,-5.37,0.02752191,BAR
3261,1704251940.0,8758.00,8763.81,-5.81,0.02752191,BAR
3262,1704252000.0,8757.33,8763.81,-6.48,0.02752191,BAR
3263,1704252060.0,8756.71,8763.81,-7.11,0.02752191,BAR
3264,1704252120.0,8756.62,8763.81,-7.20,0.02752191,BAR
3265,1704252180.0,8756.62,8763.81,-7.20,0.02752191,BAR
3266,1704252240.0,8756.62,8763.81,-7.20,0.02752191,BAR
3267,1704252300.0,8757.37,8763.81,-6.45,0.02752191,BAR
3268,1704252360.0,8757.43,8763.81,-6.38,0.02752191,BAR
3269,1704252420.0,8756.78,8763.81,-7.03,0.02752191,BAR
3270,1704252480.0,8756.41,8763.81,-7.40,0.02752191,BAR
3271,1704252540.0,8756.57,8763.81,-7.25,0.02752191,BAR
3272,1704252600.0,8756.14,8763.81,-7.67,0.02752191,BAR
3273,1704252660.0,8755.84,8763.81,-7.97,0.02752191,BAR
3274,1704252720.0,8755.65,8763.81,-8.16,0.02752191,BAR
3275,1704252780.0,8755.75,8763.81,-8.06,0.02752191,BAR
3276,1704252840.0,8755.58,8763.81,-8.23,0.02752191,BAR
3277,1704252900.0,8755.26,8763.81,-8.56,0.02752191,BAR
3278,1704252960.0,8755.08,8763.81,-8.73,0.02752191,BAR
3279,1704253020.0,8754.94,8763.81,-8.87,0.02752191,BAR
3280,1704253080.0,8755.20,8763.81,-8.61,0.02752191,BAR
3281,1704253140.0,8755.20,8763.81,-8.61,0.02752191,BAR
3282,1704253200.0,8755.75,8763.81,-8.06,0.02752191,BAR
3283,1704253260.0,8755.30,8763.81,-8.51,0.02752191,BAR
3284,1704253320.0,8755.75,8763.81,-8.06,0.02752191,BAR
3285,1704253380.0,8755.75,8763.81,-8.06,0.02752191,BAR
3286,1704253440.0,8755.79,8763.81,-8.02,0.02752191,BAR
3287,1704253500.0,8755.93,8763.81,-7.89,0.02752191,BAR
3288,1704253560.0,8755.84,8763.81,-7.97,0.02752191,BAR
3289,1704253620.0,8755.90,8763.81,-7.92,0.02752191,BAR
3290,1704253680.0,8755.90,8763.81,-7.92,0.02752191,BAR
3291,1704253740.0,8756.39,8763.81,-7.42,0.02752191,BAR
3292,1704253800.0,8755.42,8763.81,-8.39,0.02752191,BAR
3293,1704253860.0,8755.33,8763.81,-8.49,0.02752191,BAR
3294,1704253920.0,8755.81,8763.81,-8.00,0.02752191,BAR
3295,1704253980.0,8755.86,8763.81,-7.96,0.02752191,BAR
3296,1704254040.0,8756.24,8763.81,-7.58,0.02752191,BAR
3297,1704254100.0,8756.45,8763.81,-7.36,0.02752191,BAR
3298,1704254160.0,8756.53,8763.81,-7.28,0.02752191,BAR
3299,1704254220.0,8756.66,8763.81,-7.15,0.02752191,BAR
3300,1704254280.0,8756.94,8763.81,-6.87,0.02752191,BAR
3301,1704254340.0,8757.38,8763.81,-6.44,0.02752191,BAR
3302,1704254400.0,8756.98,8763.81,-6.83,0.02752191,BAR
3303,1704254460.0,8756.79,8763.81,-7.02,0.02752191,BAR
3304,1704254520.0,8756.79,8763.81,-7.02,0.02752191,BAR
3305,1704254580.0,8756.79,8763.81,-7.02,0.02752191,BAR
3306,1704254640.0,8756.51,8763.81,-7.30,0.02752191,BAR
3307,1704254700.0,8756.17,8763.81,-7.65,0.02752191,BAR
3308,1704254760.0,8756.11,8763.81,-7.70,0.02752191,BAR
3309,1704254820.0,8756.31,8763.81,-7.50,0.02752191,BAR
3310,1704254880.0,8755.96,8763.81,-7.86,0.02752191,BAR
3311,1704254940.0,8755.45,8763.81,-8.36,0.02752191,BAR
3312,1704255000.0,8755.32,8763.81,-8.49,0.02752191,BAR
3313,1704255060.0,8756.40,8763.81,-7.41,0.02752191,BAR
3314,1704255120.0,8755.81,8763.81,-8.01,0.02752191,BAR
3315,1704255180.0,8756.08,8763.81,-7.74,0.02752191,BAR
3316,1704255240.0,8756.22,8763.81,-7.60,0.02752191,BAR
3317,1704255300.0,8756.42,8763.81,-7.39,0.02752191,BAR
3318,1704255360.0,8756.86,8763.81,-6.95,0.02752191,BAR
3319,1704255420.0,8756.88,8763.81,-6.93,0.02752191,BAR
3320,1704255480.0,8756.67,8763.81,-7.15,0.02752191,BAR
3321,1704255540.0,8757.06,8763.81,-6.76,0.02752191,BAR
3322,1704255600.0,8756.89,8763.81,-6.92,0.02752191,BAR
3323,1704255660.0,8757.16,8763.81,-6.65,0.02752191,BAR
3324,1704255720.0,8757.08,8763.81,-6.73,0.02752191,BAR
3325,1704255780.0,8757.48,8763.81,-6.33,0.02752191,BAR
3326,1704255840.0,8757.37,8763.81,-6.44,0.02752191,BAR
3327,1704255900.0,8756.95,8763.81,-6.86,0.02752191,BAR
3328,1704255960.0,8757.19,8763.81,-6.62,0.02752191,BAR
3329,1704256020.0,8757.53,8763.81,-6.28,0.02752191,BAR
3330,1704256080.0,8757.35,8763.81,-6.46,0.02752191,BAR
3331,1704256140.0,8755.84,8763.81,-7.97,0.02752191,BAR
3332,1704256200.0,8755.60,8763.81,-8.22,0.02752191,BAR
3333,1704256260.0,8755.41,8763.81,-8.41,0.02752191,BAR
3334,1704256320.0,8755.41,8763.81,-8.41,0.02752191,BAR
3335,1704256380.0,8755.02,8763.81,-8.80,0.02752191,BAR
3336,1704256440.0,8754.10,8763.81,-9.72,0.02752191,BAR
3337,1704256500.0,8753.73,8763.81,-10.08,0.02752191,BAR
3338,1704256560.0,8753.79,8763.81,-10.03,0.02752191,BAR
3339,1704256620.0,8754.11,8763.81,-9.70,0.02752191,BAR
3340,1704256680.0,8754.68,8763.81,-9.14,0.02752191,BAR
3341,1704256740.0,8754.41,8763.81,-9.40,0.02752191,BAR
3342,1704256800.0,8754.77,8763.81,-9.04,0.02752191,BAR
3343,1704256860.0,8754.63,8763.81,-9.19,0.02752191,BAR
3344,1704256920.0,8754.22,8763.81,-9.59,0.02752191,BAR
3345,1704256980.0,8754.41,8763.81,-9.40,0.02752191,BAR
3346,1704257040.0,8754.55,8763.81,-9.26,0.02752191,BAR
3347,1704257100.0,8755.13,8763.81,-8.68,0.02752191,BAR
3348,1704257160.0,8755.40,8763.81,-8.41,0.02752191,BAR
3349,1704257220.0,8755.62,8763.81,-8.19,0.02752191,BAR
3350,1704257280.0,8755.85,8763.81,-7.97,0.02752191,BAR
3351,1704257340.0,8754.19,8763.81,-9.62,0.02752191,BAR
3352,1704257400.0,8754.55,8763.81,-9.26,0.02752191,BAR
3353,1704257460.0,8754.64,8763.81,-9.17,0.02752191,BAR
3354,1704257520.0,8754.33,8763.81,-9.48,0.02752191,BAR
3355,1704257580.0,8754.64,8763.81,-9.17,0.02752191,BAR
3356,1704257640.0,8754.70,8763.81,-9.11,0.02752191,BAR
3357,1704257700.0,8754.91,8763.81,-8.90,0.02752191,BAR
3358,1704257760.0,8754.91,8763.81,-8.90,0.02752191,BAR
3359,1704257820.0,8755.08,8763.81,-8.73,0.02752191,BAR
3360,1704257880.0,8754.86,8763.81,-8.96,0.02752191,BAR
3361,1704257940.0,8755.20,8763.81,-8.62,0.02752191,BAR
3362,1704258000.0,8753.63,8763.81,-10.19,0.02752191,BAR
3363,1704258060.0,8753.79,8763.81,-10.03,0.02752191,BAR
3364,1704258120.0,8754.26,8763.81,-9.55,0.02752191,BAR
3365,1704258180.0,8754.55,8763.81,-9.26,0.02752191,BAR
3366,1704258240.0,8754.85,8763.81,-8.96,0.02752191,BAR
3367,1704258300.0,8754.55,8763.81,-9.27,0.02752191,BAR
3368,1704258360.0,8754.91,8763.81,-8.91,0.02752191,BAR
3369,1704258420.0,8754.61,8763.81,-9.21,0.02752191,BAR
3370,1704258480.0,8754.88,8763.81,-8.93,0.02752191,BAR
3371,1704258540.0,8754.82,8763.81,-8.99,0.02752191,BAR
3372,1704258600.0,8754.94,8763.81,-8.88,0.02752191,BAR
3373,1704258660.0,8755.39,8763.81,-8.43,0.02752191,BAR
3374,1704258720.0,8756.08,8763.81,-7.74,0.02752191,BAR
3375,1704258780.0,8756.46,8763.81,-7.35,0.02752191,BAR
3376,1704258840.0,8756.48,8763.81,-7.34,0.02752191,BAR
3377,1704258900.0,8756.80,8763.81,-7.02,0.02752191,BAR
3378,1704258960.0,8757.49,8763.81,-6.33,0.02752191,BAR
3379,1704259020.0,8757.61,8763.81,-6.21,0.02752191,BAR
3380,1704259080.0,8757.16,8763.81,-6.65,0.02752191,BAR
3381,1704259140.0,8756.88,8763.81,-6.93,0.02752191,BAR
3382,1704259200.0,8756.35,8763.81,-7.46,0.02752191,BAR
3383,1704259260.0,8756.78,8763.81,-7.03,0.02752191,BAR
3384,1704259320.0,8757.29,8763.81,-6.52,0.02752191,BAR
3385,1704259380.0,8757.12,8763.81,-6.69,0.02752191,BAR
3386,1704259440.0,8757.12,8763.81,-6.69,0.02752191,BAR
3387,1704259500.0,8757.13,8763.81,-6.69,0.02752191,BAR
3388,1704259560.0,8757.54,8763.81,-6.27,0.02752191,BAR
3389,1704259620.0,8757.85,8763.81,-5.96,0.02752191,BAR
3390,1704259680.0,8757.85,8763.81,-5.96,0.02752191,BAR
3391,1704259740.0,8758.10,8763.81,-5.71,0.02752191,BAR
3392,1704259800.0,8756.42,8763.81,-7.40,0.02752191,BAR
3393,1704259860.0,8757.71,8763.81,-6.10,0.02752191,BAR
3394,1704259920.0,8757.89,8763.81,-5.93,0.02752191,BAR
3395,1704259980.0,8757.71,8763.81,-6.10,0.02752191,BAR
3396,1704260040.0,8757.84,8763.81,-5.98,0.02752191,BAR
3397,1704260100.0,8757.56,8763.81,-6.25,0.02752191,BAR
3398,1704260160.0,8758.02,8763.81,-5.79,0.02752191,BAR
3399,1704260220.0,8757.99,8763.81,-5.82,0.02752191,BAR
3400,1704260280.0,8757.90,8763.81,-5.92,0.02752191,BAR
3401,1704260340.0,8757.39,8763.81,-6.42,0.02752191,BAR
3402,1704260400.0,8757.66,8763.81,-6.15,0.02752191,BAR
3403,1704260460.0,8758.24,8763.81,-5.57,0.02752191,BAR
3404,1704260520.0,8757.40,8763.81,-6.41,0.02752191,BAR
3405,1704260580.0,8757.03,8763.81,-6.79,0.02752191,BAR
3406,1704260640.0,8756.78,8763.81,-7.03,0.02752191,BAR
3407,1704260700.0,8755.97,8763.81,-7.84,0.02752191,BAR
3408,1704260760.0,8756.50,8763.81,-7.31,0.02752191,BAR
3409,1704260820.0,8756.93,8763.81,-6.88,0.02752191,BAR
3410,1704260880.0,8757.58,8763.81,-6.24,0.02752191,BAR
3411,1704260940.0,8756.52,8763.81,-7.29,0.02752191,BAR
3412,1704261000.0,8756.58,8763.81,-7.23,0.02752191,BAR
3413,1704261060.0,8756.25,8763.81,-7.56,0.02752191,BAR
3414,1704261120.0,8755.99,8763.81,-7.83,0.02752191,BAR
3415,1704261180.0,8756.18,8763.81,-7.64,0.02752191,BAR
3416,1704261240.0,8755.99,8763.81,-7.83,0.02752191,BAR
3417,1704261300.0,8755.92,8763.81,-7.89,0.02752191,BAR
3418,1704261360.0,8756.00,8763.81,-7.81,0.02752191,BAR
3419,1704261420.0,8755.46,8763.81,-8.35,0.02752191,BAR
3420,1704261480.0,8755.05,8763.81,-8.77,0.02752191,BAR
3421,1704261540.0,8754.88,8763.81,-8.93,0.02752191,BAR
3422,1704261600.0,8755.50,8763.81,-8.32,0.02752191,BAR
3423,1704261660.0,8755.48,8763.81,-8.33,0.02752191,BAR
3424,1704261720.0,8755.42,8763.81,-8.40,0.02752191,BAR
3425,1704261780.0,8755.43,8763.81,-8.38,0.02752191,BAR
3426,1704261840.0,8755.73,8763.81,-8.08,0.02752191,BAR
3427,1704261900.0,8755.71,8763.81,-8.10,0.02752191,BAR
3428,1704261960.0,8755.84,8763.81,-7.97,0.02752191,BAR
3429,1704262020.0,8755.08,8763.81,-8.73,0.02752191,BAR
3430,1704262080.0,8755.05,8763.81,-8.77,0.02752191,BAR
3431,1704262140.0,8754.84,8763.81,-8.97,0.02752191,BAR
3432,1704262200.0,8754.68,8763.81,-9.13,0.02752191,BAR
3433,1704262260.0,8754.91,8763.81,-8.90,0.02752191,BAR
3434,1704262320.0,8755.13,8763.81,-8.68,0.02752191,BAR
3435,1704262380.0,8755.65,8763.81,-8.16,0.02752191,BAR
3436,1704262440.0,8755.76,8763.81,-8.05,0.02752191,BAR
3437,1704262500.0,8756.13,8763.81,-7.69,0.02752191,BAR
3438,1704262560.0,8756.13,8763.81,-7.69,0.02752191,BAR
3439,1704262620.0,8756.25,8763.81,-7.56,0.02752191,BAR
3440,1704262680.0,8757.25,8763.81,-6.56,0.02752191,BAR
3441,1704262740.0,8757.61,8763.81,-6.21,0.02752191,BAR
3442,1704262800.0,8757.99,8763.81,-5.82,0.02752191,BAR
3443,1704262860.0,8758.27,8763.81,-5.55,0.02752191,BAR
3444,1704262920.0,8758.32,8763.81,-5.49,0.02752191,BAR
3445,1704262980.0,8758.05,8763.81,-5.76,0.02752191,BAR
3446,1704263040.0,8758.10,8763.81,-5.72,0.02752191,BAR
3447,1704263100.0,8758.47,8763.81,-5.35,0.02752191,BAR
3448,1704263160.0,8757.83,8763.81,-5.99,0.02752191,BAR
3449,1704263220.0,8757.82,8763.81,-5.99,0.02752191,BAR
3450,1704263280.0,8758.11,8763.81,-5.70,0.02752191,BAR
3451,1704263340.0,8758.03,8763.81,-5.79,0.02752191,BAR
3452,1704263400.0,8757.09,8763.81,-6.73,0.02752191,BAR
3453,1704263460.0,8757.33,8763.81,-6.48,0.02752191,BAR
3454,1704263520.0,8757.33,8763.81,-6.48,0.02752191,BAR
3455,1704263580.0,8757.29,8763.81,-6.52,0.02752191,BAR
3456,1704263640.0,8757.03,8763.81,-6.79,0.02752191,BAR
3457,1704263700.0,8756.37,8763.81,-7.45,0.02752191,BAR
3458,1704263760.0,8756.22,8763.81,-7.59,0.02752191,BAR
3459,1704263820.0,8756.25,8763.81,-7.56,0.02752191,BAR
3460,1704263880.0,8757.73,8763.81,-6.08,0.02752191,BAR
3461,1704263940.0,8757.70,8763.81,-6.11,0.02752191,BAR
3462,1704264000.0,8757.12,8763.81,-6.70,0.02752191,BAR
3463,1704264060.0,8757.04,8763.81,-6.78,0.02752191,BAR
3464,1704264120.0,8756.98,8763.81,-6.83,0.02752191,BAR
3465,1704264180.0,8757.49,8763.81,-6.32,0.02752191,BAR
3466,1704264240.0,8757.22,8763.81,-6.60,0.02752191,BAR
3467,1704264300.0,8757.77,8763.81,-6.04,0.02752191,BAR
3468,1704264360.0,8757.44,8763.81,-6.38,0.02752191,BAR
3469,1704264420.0,8757.44,8763.81,-6.38,0.02752191,BAR
3470,1704264480.0,8757.62,8763.81,-6.19,0.02752191,BAR
3471,1704264540.0,8757.94,8763.81,-5.88,0.02752191,BAR
3472,1704264600.0,8758.68,8763.81,-5.13,0.02752191,BAR
3473,1704264660.0,8758.35,8763.81,-5.46,0.02752191,BAR
3474,1704264720.0,8758.26,8763.81,-5.55,0.02752191,BAR
3475,1704264780.0,8758.08,8763.81,-5.73,0.02752191,BAR
3476,1704264840.0,8758.26,8763.81,-5.55,0.02752191,BAR
3477,1704264900.0,8760.14,8763.81,-3.67,0.02752191,BAR
3478,1704264960.0,8759.01,8763.81,-4.80,0.02752191,BAR
3479,1704265020.0,8759.39,8763.81,-4.43,0.02752191,BAR
3480,1704265080.0,8759.39,8763.81,-4.43,0.02752191,BAR
3481,1704265140.0,8759.14,8763.81,-4.67,0.02752191,BAR
3482,1704265200.0,8758.10,8763.81,-5.71,0.02752191,BAR
3483,1704265260.0,8757.95,8763.81,-5.86,0.02752191,BAR
3484,1704265320.0,8757.88,8763.81,-5.93,0.02752191,BAR
3485,1704265380.0,8758.38,8763.81,-5.43,0.02752191,BAR
3486,1704265440.0,8758.30,8763.81,-5.51,0.02752191,BAR
3487,1704265500.0,8758.22,8763.81,-5.59,0.02752191,BAR
3488,1704265560.0,8758.11,8763.81,-5.70,0.02752191,BAR
3489,1704265620.0,8758.40,8763.81,-5.41,0.02752191,BAR
3490,1704265680.0,8759.55,8763.81,-4.26,0.02752191,BAR
3491,1704265740.0,8760.33,8763.81,-3.48,0.02752191,BAR
3492,1704265800.0,8760.41,8763.81,-3.40,0.02752191,BAR
3493,1704265860.0,8759.56,8763.81,-4.25,0.02752191,BAR
3494,1704265920.0,8759.61,8763.81,-4.20,0.02752191,BAR
3495,1704265980.0,8759.61,8763.81,-4.20,0.02752191,BAR
3496,1704266040.0,8759.88,8763.81,-3.93,0.02752191,BAR
3497,1704266100.0,8759.53,8763.81,-4.28,0.02752191,BAR
3498,1704266160.0,8758.86,8763.81,-4.95,0.02752191,BAR
3499,1704266220.0,8759.22,8763.81,-4.60,0.02752191,BAR
3500,1704266280.0,8759.08,8763.81,-4.73,0.02752191,BAR
3501,1704266340.0,8758.91,8763.81,-4.91,0.02752191,BAR
3502,1704266400.0,8758.83,8763.81,-4.98,0.02752191,BAR
3503,1704266460.0,8758.45,8763.81,-5.36,0.02752191,BAR
3504,1704266520.0,8758.98,8763.81,-4.83,0.02752191,BAR
3505,1704266580.0,8759.45,8763.81,-4.36,0.02752191,BAR
3506,1704266640.0,8759.56,8763.81,-4.25,0.02752191,BAR
3507,1704266700.0,8759.95,8763.81,-3.87,0.02752191,BAR
3508,1704266760.0,8759.96,8763.81,-3.86,0.02752191,BAR
3509,1704266820.0,8759.96,8763.81,-3.86,0.02752191,BAR
3510,1704266880.0,8759.45,8763.81,-4.36,0.02752191,BAR
3511,1704266940.0,8760.03,8763.81,-3.78,0.02752191,BAR
3512,1704267000.0,8759.84,8763.81,-3.98,0.02752191,BAR
3513,1704267060.0,8759.84,8763.81,-3.98,0.02752191,BAR
3514,1704267120.0,8759.35,8763.81,-4.46,0.02752191,BAR
3515,1704267180.0,8759.35,8763.81,-4.46,0.02752191,BAR
3516,1704267240.0,8759.00,8763.81,-4.81,0.02752191,BAR
3517,1704267300.0,8758.68,8763.81,-5.13,0.02752191,BAR
3518,1704267360.0,8758.90,8763.81,-4.91,0.02752191,BAR
3519,1704267420.0,8758.81,8763.81,-5.00,0.02752191,BAR
3520,1704267480.0,8758.50,8763.81,-5.31,0.02752191,BAR
3521,1704267540.0,8758.40,8763.81,-5.41,0.02752191,BAR
3522,1704267600.0,8757.86,8763.81,-5.95,0.02752191,BAR
3523,1704267660.0,8757.43,8763.81,-6.38,0.02752191,BAR
3524,1704267720.0,8754.39,8763.81,-9.43,0.02752191,BAR
3525,1704267780.0,8753.82,8763.81,-10.00,0.02752191,BAR
3526,1704267840.0,8754.28,8763.81,-9.53,0.02752191,BAR
3527,1704267900.0,8752.41,8763.81,-11.40,0.02752191,BAR
3528,1704267960.0,8751.87,8763.81,-11.95,0.02752191,BAR
3529,1704268020.0,8751.65,8763.81,-12.16,0.02752191,BAR
3530,1704268080.0,8750.73,8763.81,-13.09,0.02752191,BAR
3531,1704268140.0,8751.93,8763.81,-11.88,0.02752191,BAR
3532,1704268200.0,8751.63,8763.81,-12.18,0.02752191,BAR
3533,1704268260.0,8751.03,8763.81,-12.78,0.02752191,BAR
3534,1704268320.0,8751.25,8763.81,-12.56,0.02752191,BAR
3535,1704268380.0,8750.55,8763.81,-13.26,0.02752191,BAR
3536,1704268440.0,8749.10,8763.81,-14.71,0.02752191,BAR
3537,1704268500.0,8749.43,8763.81,-14.38,0.02752191,BAR
3538,1704268560.0,8750.95,8763.81,-12.86,0.02752191,BAR
3539,1704268620.0,8751.02,8763.81,-12.79,0.02752191,BAR
3540,1704268680.0,8751.08,8763.81,-12.73,0.02752191,BAR
3541,1704268740.0,8750.47,8763.81,-13.34,0.02752191,BAR
3542,1704268800.0,8751.05,8763.81,-12.76,0.02752191,BAR
3543,1704268860.0,8750.58,8763.81,-13.23,0.02752191,BAR
3544,1704268920.0,8751.39,8763.81,-12.43,0.02752191,BAR
3545,1704268980.0,8751.18,8763.81,-12.64,0.02752191,BAR
3546,1704269040.0,8751.62,8763.81,-12.19,0.02752191,BAR
3547,1704269100.0,8752.06,8763.81,-11.76,0.02752191,BAR
3548,1704269160.0,8752.13,8763.81,-11.68,0.02752191,BAR
3549,1704269220.0,8752.08,8763.81,-11.74,0.02752191,BAR
3550,1704269280.0,8753.06,8763.81,-10.75,0.02752191,BAR
3551,1704269340.0,8753.26,8763.81,-10.56,0.02752191,BAR
3552,1704269400.0,8753.17,8763.81,-10.64,0.02752191,BAR
3553,1704269460.0,8753.39,8763.81,-10.43,0.02752191,BAR
3554,1704269520.0,8750.58,8763.81,-13.23,0.02752191,BAR
3555,1704269580.0,8751.63,8763.81,-12.18,0.02752191,BAR
3556,1704269640.0,8751.93,8763.81,-11.88,0.02752191,BAR
3557,1704269700.0,8752.47,8763.81,-11.34,0.02752191,BAR
3558,1704269760.0,8753.36,8763.81,-10.45,0.02752191,BAR
3559,1704269820.0,8752.93,8763.81,-10.88,0.02752191,BAR
3560,1704269880.0,8754.48,8763.81,-9.33,0.02752191,BAR
3561,1704269940.0,8754.26,8763.81,-9.56,0.02752191,BAR
3562,1704270000.0,8754.29,8763.81,-9.52,0.02752191,BAR
3563,1704270060.0,8753.81,8763.81,-10.01,0.02752191,BAR
3564,1704270120.0,8754.04,8763.81,-9.78,0.02752191,BAR
3565,1704270180.0,8753.30,8763.81,-10.51,0.02752191,BAR
3566,1704270240.0,8753.00,8763.81,-10.81,0.02752191,BAR
3567,1704270300.0,8753.34,8763.81,-10.47,0.02752191,BAR
3568,1704270360.0,8754.13,8763.81,-9.68,0.02752191,BAR
3569,1704270420.0,8754.41,8763.81,-9.40,0.02752191,BAR
3570,1704270480.0,8754.61,8763.81,-9.21,0.02752191,BAR
3571,1704270540.0,8754.68,8763.81,-9.13,0.02752191,BAR
3572,1704270600.0,8754.33,8763.81,-9.48,0.02752191,BAR
3573,1704270660.0,8754.15,8763.81,-9.66,0.02752191,BAR
3574,1704270720.0,8754.28,8763.81,-9.53,0.02752191,BAR
3575,1704270780.0,8754.36,8763.81,-9.45,0.02752191,BAR
3576,1704270840.0,8754.49,8763.81,-9.32,0.02752191,BAR
3577,1704270900.0,8754.42,8763.81,-9.39,0.02752191,BAR
3578,1704270960.0,8754.28,8763.81,-9.53,0.02752191,BAR
3579,1704271020.0,8753.95,8763.81,-9.86,0.02752191,BAR
3580,1704271080.0,8754.01,8763.81,-9.81,0.02752191,BAR
3581,1704271140.0,8753.88,8763.81,-9.93,0.02752191,BAR
3582,1704271200.0,8751.59,8763.81,-12.23,0.02752191,BAR
3583,1704271260.0,8751.47,8763.81,-12.34,0.02752191,BAR
3584,1704271320.0,8750.97,8763.81,-12.85,0.02752191,BAR
3585,1704271380.0,8751.36,8763.81,-12.46,0.02752191,BAR
3586,1704271440.0,8751.55,8763.81,-12.26,0.02752191,BAR
3587,1704271500.0,8751.47,8763.81,-12.35,0.02752191,BAR
3588,1704271560.0,8752.20,8763.81,-11.61,0.02752191,BAR
3589,1704271620.0,8751.48,8763.81,-12.33,0.02752191,BAR
3590,1704271680.0,8752.20,8763.81,-11.61,0.02752191,BAR
3591,1704271740.0,8752.62,8763.81,-11.19,0.02752191,BAR
3592,1704271800.0,8752.76,8763.81,-11.06,0.02752191,BAR
3593,1704271860.0,8752.95,8763.81,-10.86,0.02752191,BAR
3594,1704271920.0,8752.88,8763.81,-10.93,0.02752191,BAR
3595,1704271980.0,8752.68,8763.81,-11.13,0.02752191,BAR
3596,1704272040.0,8753.29,8763.81,-10.52,0.02752191,BAR
3597,1704272100.0,8753.76,8763.81,-10.05,0.02752191,BAR
3598,1704272160.0,8755.11,8763.81,-8.70,0.02752191,BAR
3599,1704272220.0,8754.44,8763.81,-9.37,0.02752191,BAR
3600,1704272280.0,8755.22,8763.81,-8.59,0.02752191,BAR
3601,1704272340.0,8755.65,8763.81,-8.16,0.02752191,BAR
3602,1704272400.0,8755.83,8763.81,-7.99,0.02752191,BAR
3603,1704272460.0,8755.65,8763.81,-8.16,0.02752191,BAR
3604,1704272520.0,8756.72,8763.81,-7.09,0.02752191,BAR
3605,1704272580.0,8756.61,8763.81,-7.20,0.02752191,BAR
3606,1704272640.0,8756.86,8763.81,-6.95,0.02752191,BAR
3607,1704272700.0,8756.73,8763.81,-7.09,0.02752191,BAR
3608,1704272760.0,8757.08,8763.81,-6.73,0.02752191,BAR
3609,1704272820.0,8756.78,8763.81,-7.03,0.02752191,BAR
3610,1704272880.0,8756.61,8763.81,-7.20,0.02752191,BAR
3611,1704272940.0,8757.28,8763.81,-6.53,0.02752191,BAR
3612,1704273000.0,8757.75,8763.81,-6.06,0.02752191,BAR
3613,1704273060.0,8758.07,8763.81,-5.74,0.02752191,BAR
3614,1704273120.0,8757.91,8763.81,-5.90,0.02752191,BAR
3615,1704273180.0,8758.42,8763.81,-5.39,0.02752191,BAR
3616,1704273240.0,8758.44,8763.81,-5.37,0.02752191,BAR
3617,1704273300.0,8757.46,8763.81,-6.35,0.02752191,BAR
3618,1704273360.0,8757.26,8763.81,-6.55,0.02752191,BAR
3619,1704273420.0,8756.16,8763.81,-7.65,0.02752191,BAR
3620,1704273480.0,8757.40,8763.81,-6.42,0.02752191,BAR
3621,1704273540.0,8757.59,8763.81,-6.22,0.02752191,BAR
3622,1704273600.0,8756.99,8763.81,-6.83,0.02752191,BAR
3623,1704273660.0,8758.40,8763.81,-5.41,0.02752191,BAR
3624,1704273720.0,8758.13,8763.81,-5.69,0.02752191,BAR
3625,1704273780.0,8757.84,8763.81,-5.98,0.02752191,BAR
3626,1704273840.0,8758.19,8763.81,-5.62,0.02752191,BAR
3627,1704273900.0,8758.13,8763.81,-5.68,0.02752191,BAR
3628,1704273960.0,8758.43,8763.81,-5.38,0.02752191,BAR
3629,1704274020.0,8759.70,8763.81,-4.11,0.02752191,BAR
3630,1704274080.0,8760.03,8763.81,-3.78,0.02752191,BAR
3631,1704274140.0,8759.90,8763.81,-3.91,0.02752191,BAR
3632,1704274200.0,8759.26,8763.81,-4.55,0.02752191,BAR
3633,1704274260.0,8759.48,8763.81,-4.33,0.02752191,BAR
3634,1704274320.0,8758.61,8763.81,-5.20,0.02752191,BAR
3635,1704274380.0,8758.61,8763.81,-5.20,0.02752191,BAR
3636,1704274440.0,8758.20,8763.81,-5.61,0.02752191,BAR
3637,1704274500.0,8758.67,8763.81,-5.15,0.02752191,BAR
3638,1704274560.0,8760.60,8763.81,-3.21,0.02752191,BAR
3639,1704274620.0,8761.36,8763.81,-2.45,0.02752191,BAR
3640,1704274680.0,8761.22,8763.81,-2.59,0.02752191,BAR
3641,1704274740.0,8763.69,8763.81,-0.12,0.02752191,BAR
3642,1704274800.0,8762.41,8763.81,-1.41,0.02752191,BAR
3643,1704274860.0,8763.05,8763.81,-0.76,0.02752191,BAR
3644,1704274920.0,8762.26,8763.81,-1.56,0.02752191,BAR
3645,1704274980.0,8761.56,8763.81,-2.25,0.02752191,BAR
3646,1704275040.0,8761.57,8763.81,-2.24,0.02752191,BAR
3647,1704275100.0,8761.19,8763.81,-2.63,0.02752191,BAR
3648,1704275160.0,8760.89,8763.81,-2.92,0.02752191,BAR
3649,1704275220.0,8761.13,8763.81,-2.68,0.02752191,BAR
3650,1704275280.0,8759.88,8763.81,-3.93,0.02752191,BAR
3651,1704275340.0,8760.23,8763.81,-3.58,0.02752191,BAR
3652,1704275400.0,8760.16,8763.81,-3.65,0.02752191,BAR
3653,1704275460.0,8760.14,8763.81,-3.68,0.02752191,BAR
3654,1704275520.0,8759.64,8763.81,-4.18,0.02752191,BAR
3655,1704275580.0,8761.61,8763.81,-2.21,0.02752191,BAR
3656,1704275640.0,8761.33,8763.81,-2.49,0.02752191,BAR
3657,1704275700.0,8759.78,8763.81,-4.03,0.02752191,BAR
3658,1704275760.0,8759.44,8763.81,-4.37,0.02752191,BAR
3659,1704275820.0,8759.44,8763.81,-4.37,0.02752191,BAR
3660,1704275880.0,8759.34,8763.81,-4.48,0.02752191,BAR
3661,1704275940.0,8759.63,8763.81,-4.18,0.02752191,BAR
3662,1704276000.0,8758.79,8763.81,-5.02,0.02752191,BAR
3663,1704276060.0,8759.60,8763.81,-4.21,0.02752191,BAR
3664,1704276120.0,8760.06,8763.81,-3.76,0.02752191,BAR
3665,1704276180.0,8760.35,8763.81,-3.46,0.02752191,BAR
3666,1704276240.0,8760.46,8763.81,-3.35,0.02752191,BAR
3667,1704276300.0,8760.47,8763.81,-3.35,0.02752191,BAR
3668,1704276360.0,8760.27,8763.81,-3.55,0.02752191,BAR
3669,1704276420.0,8759.70,8763.81,-4.12,0.02752191,BAR
3670,1704276480.0,8760.33,8763.81,-3.48,0.02752191,BAR
3671,1704276540.0,8760.65,8763.81,-3.16,0.02752191,BAR
3672,1704276600.0,8760.15,8763.81,-3.66,0.02752191,BAR
3673,1704276660.0,8760.22,8763.81,-3.59,0.02752191,BAR
3674,1704276720.0,8760.71,8763.81,-3.10,0.02752191,BAR
3675,1704276780.0,8760.71,8763.81,-3.10,0.02752191,BAR
3676,1704276840.0,8760.15,8763.81,-3.66,0.02752191,BAR
3677,1704276900.0,8760.63,8763.81,-3.18,0.02752191,BAR
3678,1704276960.0,8760.09,8763.81,-3.73,0.02752191,BAR
3679,1704277020.0,8759.60,8763.81,-4.21,0.02752191,BAR
3680,1704277080.0,8759.11,8763.81,-4.71,0.02752191,BAR
3681,1704277140.0,8759.40,8763.81,-4.42,0.02752191,BAR
3682,1704277200.0,8759.55,8763.81,-4.26,0.02752191,BAR
3683,1704277260.0,8758.60,8763.81,-5.21,0.02752191,BAR
3684,1704277320.0,8758.60,8763.81,-5.21,0.02752191,BAR
3685,1704277380.0,8757.47,8763.81,-6.35,0.02752191,BAR
3686,1704277440.0,8757.34,8763.81,-6.47,0.02752191,BAR
3687,1704277500.0,8757.82,8763.81,-6.00,0.02752191,BAR
3688,1704277560.0,8757.16,8763.81,-6.65,0.02752191,BAR
3689,1704277620.0,8757.56,8763.81,-6.25,0.02752191,BAR
3690,1704277680.0,8757.84,8763.81,-5.97,0.02752191,BAR
3691,1704277740.0,8757.97,8763.81,-5.85,0.02752191,BAR
3692,1704277800.0,8757.49,8763.81,-6.32,0.02752191,BAR
3693,1704277860.0,8757.94,8763.81,-5.87,0.02752191,BAR
3694,1704277920.0,8758.17,8763.81,-5.65,0.02752191,BAR
3695,1704277980.0,8758.17,8763.81,-5.65,0.02752191,BAR
3696,1704278040.0,8758.67,8763.81,-5.15,0.02752191,BAR
3697,1704278100.0,8757.44,8763.81,-6.37,0.02752191,BAR
3698,1704278160.0,8757.30,8763.81,-6.51,0.02752191,BAR
3699,1704278220.0,8756.39,8763.81,-7.42,0.02752191,BAR
3700,1704278280.0,8754.44,8763.81,-9.37,0.02752191,BAR
3701,1704278340.0,8753.50,8763.81,-10.31,0.02752191,BAR
3702,1704278400.0,8753.76,8763.81,-10.06,0.02752191,BAR
3703,1704278460.0,8752.65,8763.81,-11.16,0.02752191,BAR
3704,1704278520.0,8751.93,8763.81,-11.88,0.02752191,BAR
3705,1704278580.0,8752.35,8763.81,-11.46,0.02752191,BAR
3706,1704278640.0,8752.08,8763.81,-11.73,0.02752191,BAR
3707,1704278700.0,8752.85,8763.81,-10.96,0.02752191,BAR
3708,1704278760.0,8751.52,8763.81,-12.29,0.02752191,BAR
3709,1704278820.0,8752.07,8763.81,-11.74,0.02752191,BAR
3710,1704278880.0,8752.62,8763.81,-11.20,0.02752191,BAR
3711,1704278940.0,8752.62,8763.81,-11.19,0.02752191,BAR
3712,1704279000.0,8753.57,8763.81,-10.24,0.02752191,BAR
3713,1704279060.0,8753.89,8763.81,-9.92,0.02752191,BAR
3714,1704279120.0,8754.14,8763.81,-9.67,0.02752191,BAR
3715,1704279180.0,8752.62,8763.81,-11.19,0.02752191,BAR
3716,1704279240.0,8752.47,8763.81,-11.34,0.02752191,BAR
3717,1704279300.0,8752.47,8763.81,-11.34,0.02752191,BAR
3718,1704279360.0,8752.94,8763.81,-10.87,0.02752191,BAR
3719,1704279420.0,8753.05,8763.81,-10.77,0.02752191,BAR
3720,1704279480.0,8754.57,8763.81,-9.24,0.02752191,BAR
3721,1704279540.0,8754.33,8763.81,-9.49,0.02752191,BAR
3722,1704279600.0,8754.67,8763.81,-9.14,0.02752191,BAR
3723,1704279660.0,8754.94,8763.81,-8.88,0.02752191,BAR
3724,1704279720.0,8754.62,8763.81,-9.19,0.02752191,BAR
3725,1704279780.0,8752.17,8763.81,-11.64,0.02752191,BAR
3726,1704279840.0,8752.57,8763.81,-11.24,0.02752191,BAR
3727,1704279900.0,8752.25,8763.81,-11.56,0.02752191,BAR
3728,1704279960.0,8752.22,8763.81,-11.59,0.02752191,BAR
3729,1704280020.0,8749.73,8763.81,-14.08,0.02752191,BAR
3730,1704280080.0,8748.22,8763.81,-15.59,0.02752191,BAR
3731,1704280140.0,8748.45,8763.81,-15.37,0.02752191,BAR
3732,1704280200.0,8747.11,8763.81,-16.71,0.02752191,BAR
3733,1704280260.0,8746.07,8763.81,-17.74,0.02752191,BAR
3734,1704280320.0,8746.57,8763.81,-17.25,0.02752191,BAR
3735,1704280380.0,8745.63,8763.81,-18.18,0.02752191,BAR
3736,1704280440.0,8742.90,8763.81,-20.91,0.02752191,BAR
3737,1704280500.0,8745.47,8763.81,-18.34,0.02752191,BAR
3738,1704280560.0,8745.87,8763.81,-17.94,0.02752191,BAR
3739,1704280620.0,8745.33,8763.81,-18.48,0.02752191,BAR
3740,1704280680.0,8746.32,8763.81,-17.49,0.02752191,BAR
3741,1704280740.0,8744.91,8763.81,-18.90,0.02752191,BAR
3742,1704280800.0,8744.45,8763.81,-19.36,0.02752191,BAR
3743,1704280860.0,8743.71,8763.81,-20.10,0.02752191,BAR
3744,1704280920.0,8743.57,8763.81,-20.25,0.02752191,BAR
3745,1704280980.0,8741.12,8763.81,-22.69,0.02752191,BAR
3746,1704281040.0,9988.47,9988.47,0.00,0.00000000,BAR
3747,1704281100.0,9988.47,9988.47,0.00,0.00000000,BAR
3748,1704281160.0,9988.47,9988.47,0.00,0.00000000,BAR
3749,1704281220.0,9988.47,9988.47,0.00,0.00000000,BAR
3750,1704281280.0,9988.47,9988.47,0.00,0.00000000,BAR
3751,1704281340.0,9988.47,9988.47,0.00,0.00000000,BAR
3752,1704281400.0,9988.47,9988.47,0.00,0.00000000,BAR
3753,1704281460.0,9988.47,9988.47,0.00,0.00000000,BAR
3754,1704281520.0,9988.47,9988.47,0.00,0.00000000,BAR
3755,1704281580.0,9988.47,9988.47,0.00,0.00000000,BAR
3756,1704281640.0,9988.47,9988.47,0.00,0.00000000,BAR
3757,1704281700.0,9988.47,9988.47,0.00,0.00000000,BAR
3758,1704281760.0,9988.47,9988.47,0.00,0.00000000,BAR
3759,1704281820.0,9988.47,9988.47,0.00,0.00000000,BAR
3760,1704281880.0,9988.47,9988.47,0.00,0.00000000,BAR
3761,1704281940.0,9988.47,9988.47,0.00,0.00000000,BAR
3762,1704282000.0,9988.47,9988.47,0.00,0.00000000,BAR
3763,1704282060.0,9988.47,9988.47,0.00,0.00000000,BAR
3764,1704282120.0,9988.47,9988.47,0.00,0.00000000,BAR
3765,1704282180.0,9988.47,9988.47,0.00,0.00000000,BAR
3766,1704282240.0,9988.47,9988.47,0.00,0.00000000,BAR
3767,1704282300.0,9988.47,9988.47,0.00,0.00000000,BAR
3768,1704282360.0,9988.47,9988.47,0.00,0.00000000,BAR
3769,1704282420.0,9988.47,9988.47,0.00,0.00000000,BAR
3770,1704282480.0,9988.47,9988.47,0.00,0.00000000,BAR
3771,1704282540.0,9988.47,9988.47,0.00,0.00000000,BAR
3772,1704282600.0,9988.47,9988.47,0.00,0.00000000,BAR
3773,1704282660.0,9988.47,9988.47,0.00,0.00000000,BAR
3774,1704282720.0,9988.47,9988.47,0.00,0.00000000,BAR
3775,1704282780.0,9988.47,9988.47,0.00,0.00000000,BAR
3776,1704282840.0,9987.22,9987.22,0.00,-0.02835575,POST_TRADE
3777,1704282840.0,9987.22,9987.22,0.00,-0.02835575,BAR
3778,1704282900.0,9999.05,9987.22,11.83,-0.02835575,BAR
3779,1704282960.0,9997.68,9987.22,10.46,-0.02835575,BAR
3780,1704283020.0,9995.10,9987.22,7.88,-0.02835575,BAR
3781,1704283080.0,9997.03,9987.22,9.81,-0.02835575,BAR
3782,1704283140.0,9996.55,9987.22,9.33,-0.02835575,BAR
3783,1704283200.0,10000.74,9987.22,13.52,-0.02835575,BAR
3784,1704283260.0,10034.76,10034.76,0.00,0.00000000,BAR
3785,1704283320.0,10034.76,10034.76,0.00,0.00000000,BAR
3786,1704283380.0,10034.76,10034.76,0.00,0.00000000,BAR
3787,1704283440.0,10034.76,10034.76,0.00,0.00000000,BAR
3788,1704283500.0,10034.76,10034.76,0.00,0.00000000,BAR
3789,1704283560.0,10034.76,10034.76,0.00,0.00000000,BAR
3790,1704283620.0,10034.76,10034.76,0.00,0.00000000,BAR
3791,1704283680.0,10034.76,10034.76,0.00,0.00000000,BAR
3792,1704283740.0,10034.76,10034.76,0.00,0.00000000,BAR
3793,1704283800.0,10034.76,10034.76,0.00,0.00000000,BAR
3794,1704283860.0,10034.76,10034.76,0.00,0.00000000,BAR
3795,1704283920.0,10034.76,10034.76,0.00,0.00000000,BAR
3796,1704283980.0,10034.76,10034.76,0.00,0.00000000,BAR
3797,1704284040.0,10034.76,10034.76,0.00,0.00000000,BAR
3798,1704284100.0,10034.76,10034.76,0.00,0.00000000,BAR
3799,1704284160.0,10034.76,10034.76,0.00,0.00000000,BAR
3800,1704284220.0,10034.76,10034.76,0.00,0.00000000,BAR
3801,1704284280.0,10034.76,10034.76,0.00,0.00000000,BAR
3802,1704284340.0,10034.76,10034.76,0.00,0.00000000,BAR
3803,1704284400.0,10034.76,10034.76,0.00,0.00000000,BAR
3804,1704284460.0,10034.76,10034.76,0.00,0.00000000,BAR
3805,1704284520.0,10034.76,10034.76,0.00,0.00000000,BAR
3806,1704284580.0,10034.76,10034.76,0.00,0.00000000,BAR
3807,1704284640.0,10034.76,10034.76,0.00,0.00000000,BAR
3808,1704284700.0,10034.76,10034.76,0.00,0.00000000,BAR
3809,1704284760.0,10034.76,10034.76,0.00,0.00000000,BAR
3810,1704284820.0,10034.76,10034.76,0.00,0.00000000,BAR
3811,1704284880.0,10034.76,10034.76,0.00,0.00000000,BAR
3812,1704284940.0,10034.76,10034.76,0.00,0.00000000,BAR
3813,1704285000.0,10034.76,10034.76,0.00,0.00000000,BAR
3814,1704285060.0,10033.51,10033.51,0.00,-0.02975779,POST_TRADE
3815,1704285060.0,10033.51,10033.51,0.00,-0.02975779,BAR
3816,1704285120.0,10035.89,10033.51,2.38,-0.02975779,BAR
3817,1704285180.0,10032.89,10033.51,-0.62,-0.02975779,BAR
3818,1704285240.0,10030.24,10033.51,-3.27,-0.02975779,BAR
3819,1704285300.0,10030.33,10033.51,-3.18,-0.02975779,BAR
3820,1704285360.0,10026.88,10033.51,-6.63,-0.02975779,BAR
3821,1704285420.0,10026.66,10033.51,-6.85,-0.02975779,BAR
3822,1704285480.0,10030.51,10033.51,-3.00,-0.02975779,BAR
3823,1704285540.0,10032.37,10033.51,-1.14,-0.02975779,BAR
3824,1704285600.0,10034.76,10033.51,1.25,-0.02975779,BAR
3825,1704285660.0,10033.74,10033.51,0.23,-0.02975779,BAR
3826,1704285720.0,10030.59,10033.51,-2.92,-0.02975779,BAR
3827,1704285780.0,10031.69,10033.51,-1.82,-0.02975779,BAR
3828,1704285840.0,10033.16,10033.51,-0.35,-0.02975779,BAR
3829,1704285900.0,10030.29,10033.51,-3.22,-0.02975779,BAR
3830,1704285960.0,10028.16,10033.51,-5.35,-0.02975779,BAR
3831,1704286020.0,10025.77,10033.51,-7.74,-0.02975779,BAR
3832,1704286080.0,10022.80,10033.51,-10.71,-0.02975779,BAR
3833,1704286140.0,10023.56,10033.51,-9.95,-0.02975779,BAR
3834,1704286200.0,10024.01,10033.51,-9.50,-0.02975779,BAR
3835,1704286260.0,10025.47,10033.51,-8.04,-0.02975779,BAR
3836,1704286320.0,10023.60,10033.51,-9.91,-0.02975779,BAR
3837,1704286380.0,10019.63,10033.51,-13.88,-0.02975779,BAR
3838,1704286440.0,10015.14,10033.51,-18.37,-0.02975779,BAR
3839,1704286500.0,10017.25,10033.51,-16.26,-0.02975779,BAR
3840,1704286560.0,10017.44,10033.51,-16.07,-0.02975779,BAR
3841,1704286620.0,10016.96,10033.51,-16.55,-0.02975779,BAR
3842,1704286680.0,10015.71,10033.51,-17.80,-0.02975779,BAR
3843,1704286740.0,10014.54,10033.51,-18.97,-0.02975779,BAR
3844,1704286800.0,10019.10,10033.51,-14.41,-0.02975779,BAR
3845,1704286860.0,10022.58,10033.51,-10.93,-0.02975779,BAR
3846,1704286920.0,10018.80,10033.51,-14.71,-0.02975779,BAR
3847,1704286980.0,10020.89,10033.51,-12.62,-0.02975779,BAR
3848,1704287040.0,10022.02,10033.51,-11.49,-0.02975779,BAR
3849,1704287100.0,10019.17,10033.51,-14.34,-0.02975779,BAR
3850,1704287160.0,10018.21,10033.51,-15.30,-0.02975779,BAR
3851,1704287220.0,10019.52,10033.51,-13.99,-0.02975779,BAR
3852,1704287280.0,10020.89,10033.51,-12.62,-0.02975779,BAR
3853,1704287340.0,10018.21,10033.51,-15.30,-0.02975779,BAR
3854,1704287400.0,10017.56,10033.51,-15.95,-0.02975779,BAR
3855,1704287460.0,10017.85,10033.51,-15.66,-0.02975779,BAR
3856,1704287520.0,10017.76,10033.51,-15.75,-0.02975779,BAR
3857,1704287580.0,10020.23,10033.51,-13.28,-0.02975779,BAR
3858,1704287640.0,10021.96,10033.51,-11.55,-0.02975779,BAR
3859,1704287700.0,10019.09,10033.51,-14.42,-0.02975779,BAR
3860,1704287760.0,10017.62,10033.51,-15.89,-0.02975779,BAR
3861,1704287820.0,10018.03,10033.51,-15.48,-0.02975779,BAR
3862,1704287880.0,10019.72,10033.51,-13.79,-0.02975779,BAR
3863,1704287940.0,10021.14,10033.51,-12.37,-0.02975779,BAR
3864,1704288000.0,10022.75,10033.51,-10.76,-0.02975779,BAR
3865,1704288060.0,10022.49,10033.51,-11.02,-0.02975779,BAR
3866,1704288120.0,10027.98,10033.51,-5.53,-0.02975779,BAR
3867,1704288180.0,10023.21,10033.51,-10.30,-0.02975779,BAR
3868,1704288240.0,10023.79,10033.51,-9.72,-0.02975779,BAR
3869,1704288300.0,10025.28,10033.51,-8.23,-0.02975779,BAR
3870,1704288360.0,10024.25,10033.51,-9.26,-0.02975779,BAR
3871,1704288420.0,10024.35,10033.51,-9.16,-0.02975779,BAR
3872,1704288480.0,10023.06,10033.51,-10.45,-0.02975779,BAR
3873,1704288540.0,10024.09,10033.51,-9.42,-0.02975779,BAR
3874,1704288600.0,10023.15,10033.51,-10.36,-0.02975779,BAR
3875,1704288660.0,10024.93,10033.51,-8.58,-0.02975779,BAR
3876,1704288720.0,10025.88,10033.51,-7.63,-0.02975779,BAR
3877,1704288780.0,10024.19,10033.51,-9.32,-0.02975779,BAR
3878,1704288840.0,10025.23,10033.51,-8.28,-0.02975779,BAR
3879,1704288900.0,10022.02,10033.51,-11.49,-0.02975779,BAR
3880,1704288960.0,10020.23,10033.51,-13.28,-0.02975779,BAR
3881,1704289020.0,10019.90,10033.51,-13.61,-0.02975779,BAR
3882,1704289080.0,10019.36,10033.51,-14.15,-0.02975779,BAR
3883,1704289140.0,10019.70,10033.51,-13.81,-0.02975779,BAR
3884,1704289200.0,10017.70,10033.51,-15.81,-0.02975779,BAR
3885,1704289260.0,10019.33,10033.51,-14.18,-0.02975779,BAR
3886,1704289320.0,10020.01,10033.51,-13.49,-0.02975779,BAR
3887,1704289380.0,10021.78,10033.51,-11.73,-0.02975779,BAR
3888,1704289440.0,10022.08,10033.51,-11.43,-0.02975779,BAR
3889,1704289500.0,10022.63,10033.51,-10.88,-0.02975779,BAR
3890,1704289560.0,10021.45,10033.51,-12.06,-0.02975779,BAR
3891,1704289620.0,10022.82,10033.51,-10.69,-0.02975779,BAR
3892,1704289680.0,10026.32,10033.51,-7.19,-0.02975779,BAR
3893,1704289740.0,10026.02,10033.51,-7.49,-0.02975779,BAR
3894,1704289800.0,10028.80,10033.51,-4.71,-0.02975779,BAR
3895,1704289860.0,10026.21,10033.51,-7.30,-0.02975779,BAR
3896,1704289920.0,10025.16,10033.51,-8.35,-0.02975779,BAR
3897,1704289980.0,10024.58,10033.51,-8.93,-0.02975779,BAR
3898,1704290040.0,10024.46,10033.51,-9.05,-0.02975779,BAR
3899,1704290100.0,10024.64,10033.51,-8.87,-0.02975779,BAR
3900,1704290160.0,10026.78,10033.51,-6.73,-0.02975779,BAR
3901,1704290220.0,10026.35,10033.51,-7.16,-0.02975779,BAR
3902,1704290280.0,10025.57,10033.51,-7.94,-0.02975779,BAR
3903,1704290340.0,10022.27,10033.51,-11.24,-0.02975779,BAR
3904,1704290400.0,10023.92,10033.51,-9.59,-0.02975779,BAR
3905,1704290460.0,10024.91,10033.51,-8.60,-0.02975779,BAR
3906,1704290520.0,10026.27,10033.51,-7.24,-0.02975779,BAR
3907,1704290580.0,10026.01,10033.51,-7.50,-0.02975779,BAR
3908,1704290640.0,10027.39,10033.51,-6.12,-0.02975779,BAR
3909,1704290700.0,10026.96,10033.51,-6.55,-0.02975779,BAR
3910,1704290760.0,10026.01,10033.51,-7.50,-0.02975779,BAR
3911,1704290820.0,10026.53,10033.51,-6.98,-0.02975779,BAR
3912,1704290880.0,10027.65,10033.51,-5.86,-0.02975779,BAR
3913,1704290940.0,10026.81,10033.51,-6.70,-0.02975779,BAR
3914,1704291000.0,10027.49,10033.51,-6.02,-0.02975779,BAR
3915,1704291060.0,10027.88,10033.51,-5.63,-0.02975779,BAR
3916,1704291120.0,10028.26,10033.51,-5.25,-0.02975779,BAR
3917,1704291180.0,10029.18,10033.51,-4.33,-0.02975779,BAR
3918,1704291240.0,10029.28,10033.51,-4.23,-0.02975779,BAR
3919,1704291300.0,10032.14,10033.51,-1.37,-0.02975779,BAR
3920,1704291360.0,10032.97,10033.51,-0.54,-0.02975779,BAR
3921,1704291420.0,10029.87,10033.51,-3.64,-0.02975779,BAR
3922,1704291480.0,10027.10,10033.51,-6.41,-0.02975779,BAR
3923,1704291540.0,10027.49,10033.51,-6.02,-0.02975779,BAR
3924,1704291600.0,10027.32,10033.51,-6.19,-0.02975779,BAR
3925,1704291660.0,10027.71,10033.51,-5.80,-0.02975779,BAR
3926,1704291720.0,10029.81,10033.51,-3.70,-0.02975779,BAR
3927,1704291780.0,10030.35,10033.51,-3.16,-0.02975779,BAR
3928,1704291840.0,10033.56,10033.51,0.05,-0.02975779,BAR
3929,1704291900.0,10033.73,10033.51,0.22,-0.02975779,BAR
3930,1704291960.0,10034.46,10033.51,0.95,-0.02975779,BAR
3931,1704292020.0,10035.47,10033.51,1.96,-0.02975779,BAR
3932,1704292080.0,10033.72,10033.51,0.21,-0.02975779,BAR
3933,1704292140.0,10035.00,10033.51,1.49,-0.02975779,BAR
3934,1704292200.0,10030.77,10033.51,-2.74,-0.02975779,BAR
3935,1704292260.0,10033.63,10033.51,0.12,-0.02975779,BAR
3936,1704292320.0,10032.38,10033.51,-1.12,-0.02975779,BAR
3937,1704292380.0,10032.23,10033.51,-1.28,-0.02975779,BAR
3938,1704292440.0,10033.31,10033.51,-0.20,-0.02975779,BAR
3939,1704292500.0,10034.22,10033.51,0.71,-0.02975779,BAR
3940,1704292560.0,10035.26,10033.51,1.75,-0.02975779,BAR
3941,1704292620.0,10035.83,10033.51,2.32,-0.02975779,BAR
3942,1704292680.0,10035.33,10033.51,1.82,-0.02975779,BAR
3943,1704292740.0,10033.88,10033.51,0.37,-0.02975779,BAR
3944,1704292800.0,10032.04,10033.51,-1.47,-0.02975779,BAR
3945,1704292860.0,10032.12,10033.51,-1.39,-0.02975779,BAR
3946,1704292920.0,10031.50,10033.51,-2.01,-0.02975779,BAR
3947,1704292980.0,10028.34,10033.51,-5.17,-0.02975779,BAR
3948,1704293040.0,10027.61,10033.51,-5.90,-0.02975779,BAR
3949,1704293100.0,10028.59,10033.51,-4.92,-0.02975779,BAR
3950,1704293160.0,10029.73,10033.51,-3.78,-0.02975779,BAR
3951,1704293220.0,10030.56,10033.51,-2.95,-0.02975779,BAR
3952,1704293280.0,10029.76,10033.51,-3.75,-0.02975779,BAR
3953,1704293340.0,10029.70,10033.51,-3.81,-0.02975779,BAR
3954,1704293400.0,10029.07,10033.51,-4.44,-0.02975779,BAR
3955,1704293460.0,10029.90,10033.51,-3.61,-0.02975779,BAR
3956,1704293520.0,10030.96,10033.51,-2.55,-0.02975779,BAR
3957,1704293580.0,10031.84,10033.51,-1.67,-0.02975779,BAR
3958,1704293640.0,10030.77,10033.51,-2.74,-0.02975779,BAR
3959,1704293700.0,10031.42,10033.51,-2.09,-0.02975779,BAR
3960,1704293760.0,10030.31,10033.51,-3.20,-0.02975779,BAR
3961,1704293820.0,10032.25,10033.51,-1.26,-0.02975779,BAR
3962,1704293880.0,10032.34,10033.51,-1.17,-0.02975779,BAR
3963,1704293940.0,10032.67,10033.51,-0.84,-0.02975779,BAR
3964,1704294000.0,10030.29,10033.51,-3.22,-0.02975779,BAR
3965,1704294060.0,10030.50,10033.51,-3.01,-0.02975779,BAR
3966,1704294120.0,10027.85,10033.51,-5.66,-0.02975779,BAR
3967,1704294180.0,10026.66,10033.51,-6.85,-0.02975779,BAR
3968,1704294240.0,10027.55,10033.51,-5.96,-0.02975779,BAR
3969,1704294300.0,10024.76,10033.51,-8.75,-0.02975779,BAR
3970,1704294360.0,10024.31,10033.51,-9.20,-0.02975779,BAR
3971,1704294420.0,10027.28,10033.51,-6.23,-0.02975779,BAR
3972,1704294480.0,10026.16,10033.51,-7.35,-0.02975779,BAR
3973,1704294540.0,10025.41,10033.51,-8.10,-0.02975779,BAR
3974,1704294600.0,10025.38,10033.51,-8.13,-0.02975779,BAR
3975,1704294660.0,10024.38,10033.51,-9.13,-0.02975779,BAR
3976,1704294720.0,10025.18,10033.51,-8.33,-0.02975779,BAR
3977,1704294780.0,10026.10,10033.51,-7.41,-0.02975779,BAR
3978,1704294840.0,10025.65,10033.51,-7.86,-0.02975779,BAR
3979,1704294900.0,10026.23,10033.51,-7.28,-0.02975779,BAR
3980,1704294960.0,10026.36,10033.51,-7.15,-0.02975779,BAR
3981,1704295020.0,10024.20,10033.51,-9.31,-0.02975779,BAR
3982,1704295080.0,10024.96,10033.51,-8.55,-0.02975779,BAR
3983,1704295140.0,10025.05,10033.51,-8.46,-0.02975779,BAR
3984,1704295200.0,10026.56,10033.51,-6.95,-0.02975779,BAR
3985,1704295260.0,10028.41,10033.51,-5.10,-0.02975779,BAR
3986,1704295320.0,10027.36,10033.51,-6.15,-0.02975779,BAR
3987,1704295380.0,10028.09,10033.51,-5.42,-0.02975779,BAR
3988,1704295440.0,10027.02,10033.51,-6.49,-0.02975779,BAR
3989,1704295500.0,10024.93,10033.51,-8.58,-0.02975779,BAR
3990,1704295560.0,10025.59,10033.51,-7.92,-0.02975779,BAR
3991,1704295620.0,10025.25,10033.51,-8.26,-0.02975779,BAR
3992,1704295680.0,10025.80,10033.51,-7.71,-0.02975779,BAR
3993,1704295740.0,10025.53,10033.51,-7.98,-0.02975779,BAR
3994,1704295800.0,10025.95,10033.51,-7.56,-0.02975779,BAR
3995,1704295860.0,10026.87,10033.51,-6.64,-0.02975779,BAR
3996,1704295920.0,10026.05,10033.51,-7.46,-0.02975779,BAR
3997,1704295980.0,10023.67,10033.51,-9.84,-0.02975779,BAR
3998,1704296040.0,10023.21,10033.51,-10.30,-0.02975779,BAR
3999,1704296100.0,10025.42,10033.51,-8.09,-0.02975779,BAR
4000,1704296160.0,10026.36,10033.51,-7.15,-0.02975779,BAR
4001,1704296220.0,10025.19,10033.51,-8.32,-0.02975779,BAR
4002,1704296280.0,10024.45,10033.51,-9.06,-0.02975779,BAR
4003,1704296340.0,10025.12,10033.51,-8.39,-0.02975779,BAR
4004,1704296400.0,10025.73,10033.51,-7.78,-0.02975779,BAR
4005,1704296460.0,10026.47,10033.51,-7.04,-0.02975779,BAR
4006,1704296520.0,10025.22,10033.51,-8.29,-0.02975779,BAR
4007,1704296580.0,10026.30,10033.51,-7.21,-0.02975779,BAR
4008,1704296640.0,10026.15,10033.51,-7.36,-0.02975779,BAR
4009,1704296700.0,10026.49,10033.51,-7.02,-0.02975779,BAR
4010,1704296760.0,10027.31,10033.51,-6.20,-0.02975779,BAR
4011,1704296820.0,10025.70,10033.51,-7.81,-0.02975779,BAR
4012,1704296880.0,10025.24,10033.51,-8.27,-0.02975779,BAR
4013,1704296940.0,10025.59,10033.51,-7.92,-0.02975779,BAR
4014,1704297000.0,10027.16,10033.51,-6.35,-0.02975779,BAR
4015,1704297060.0,10025.67,10033.51,-7.84,-0.02975779,BAR
4016,1704297120.0,10026.25,10033.51,-7.26,-0.02975779,BAR
4017,1704297180.0,10015.21,10033.51,-18.30,-0.02975779,BAR
4018,1704297240.0,10013.29,10033.51,-20.22,-0.02975779,BAR
4019,1704297300.0,10011.74,10033.51,-21.77,-0.02975779,BAR
4020,1704297360.0,10005.86,10005.86,0.00,0.00000000,BAR
4021,1704297420.0,10005.86,10005.86,0.00,0.00000000,BAR
4022,1704297480.0,10005.86,10005.86,0.00,0.00000000,BAR
4023,1704297540.0,10005.86,10005.86,0.00,0.00000000,BAR
4024,1704297600.0,10005.86,10005.86,0.00,0.00000000,BAR
4025,1704297660.0,10005.86,10005.86,0.00,0.00000000,BAR
4026,1704297720.0,10005.86,10005.86,0.00,0.00000000,BAR
4027,1704297780.0,10005.86,10005.86,0.00,0.00000000,BAR
4028,1704297840.0,10005.86,10005.86,0.00,0.00000000,BAR
4029,1704297900.0,10005.86,10005.86,0.00,0.00000000,BAR
4030,1704297960.0,10005.86,10005.86,0.00,0.00000000,BAR
4031,1704298020.0,10005.86,10005.86,0.00,0.00000000,BAR
4032,1704298080.0,10005.86,10005.86,0.00,0.00000000,BAR
4033,1704298140.0,10005.86,10005.86,0.00,0.00000000,BAR
4034,1704298200.0,10005.86,10005.86,0.00,0.00000000,BAR
4035,1704298260.0,10005.86,10005.86,0.00,0.00000000,BAR
4036,1704298320.0,10005.86,10005.86,0.00,0.00000000,BAR
4037,1704298380.0,10005.86,10005.86,0.00,0.00000000,BAR
4038,1704298440.0,10005.86,10005.86,0.00,0.00000000,BAR
4039,1704298500.0,10005.86,10005.86,0.00,0.00000000,BAR
4040,1704298560.0,10005.86,10005.86,0.00,0.00000000,BAR
4041,1704298620.0,10005.86,10005.86,0.00,0.00000000,BAR
4042,1704298680.0,10005.86,10005.86,0.00,0.00000000,BAR
4043,1704298740.0,10005.86,10005.86,0.00,0.00000000,BAR
4044,1704298800.0,10005.86,10005.86,0.00,0.00000000,BAR
4045,1704298860.0,10005.86,10005.86,0.00,0.00000000,BAR
4046,1704298920.0,10005.86,10005.86,0.00,0.00000000,BAR
4047,1704298980.0,10005.86,10005.86,0.00,0.00000000,BAR
4048,1704299040.0,10005.86,10005.86,0.00,0.00000000,BAR
4049,1704299100.0,10005.86,10005.86,0.00,0.00000000,BAR
4050,1704299160.0,8753.88,8753.88,0.00,0.02884179,POST_TRADE
4051,1704299160.0,8753.88,8753.88,0.00,0.02884179,BAR
4052,1704299220.0,8753.51,8753.88,-0.37,0.02884179,BAR
4053,1704299280.0,8755.23,8753.88,1.35,0.02884179,BAR
4054,1704299340.0,8755.87,8753.88,1.99,0.02884179,BAR
4055,1704299400.0,8753.29,8753.88,-0.58,0.02884179,BAR
4056,1704299460.0,8754.82,8753.88,0.94,0.02884179,BAR
4057,1704299520.0,8754.99,8753.88,1.11,0.02884179,BAR
4058,1704299580.0,8752.36,8753.88,-1.52,0.02884179,BAR
4059,1704299640.0,8749.73,8753.88,-4.15,0.02884179,BAR
4060,1704299700.0,8749.71,8753.88,-4.17,0.02884179,BAR
4061,1704299760.0,8749.34,8753.88,-4.54,0.02884179,BAR
4062,1704299820.0,8747.73,8753.88,-6.15,0.02884179,BAR
4063,1704299880.0,8740.86,8753.88,-13.02,0.02884179,BAR
4064,1704299940.0,8742.25,8753.88,-11.63,0.02884179,BAR
4065,1704300000.0,8742.27,8753.88,-11.61,0.02884179,BAR
4066,1704300060.0,8744.07,8753.88,-9.80,0.02884179,BAR
4067,1704300120.0,8741.29,8753.88,-12.59,0.02884179,BAR
4068,1704300180.0,8741.46,8753.88,-12.42,0.02884179,BAR
4069,1704300240.0,8741.93,8753.88,-11.95,0.02884179,BAR
4070,1704300300.0,8738.52,8753.88,-15.36,0.02884179,BAR
4071,1704300360.0,8739.66,8753.88,-14.22,0.02884179,BAR
4072,1704300420.0,8742.30,8753.88,-11.57,0.02884179,BAR
4073,1704300480.0,8743.07,8753.88,-10.81,0.02884179,BAR
4074,1704300540.0,8742.99,8753.88,-10.89,0.02884179,BAR
4075,1704300600.0,8743.13,8753.88,-10.75,0.02884179,BAR
4076,1704300660.0,8742.07,8753.88,-11.81,0.02884179,BAR
4077,1704300720.0,8741.57,8753.88,-12.31,0.02884179,BAR
4078,1704300780.0,8741.80,8753.88,-12.08,0.02884179,BAR
4079,1704300840.0,8744.38,8753.88,-9.50,0.02884179,BAR
4080,1704300900.0,8745.36,8753.88,-8.52,0.02884179,BAR
4081,1704300960.0,8743.88,8753.88,-10.00,0.02884179,BAR
4082,1704301020.0,8741.73,8753.88,-12.15,0.02884179,BAR
4083,1704301080.0,8742.07,8753.88,-11.81,0.02884179,BAR
4084,1704301140.0,8743.13,8753.88,-10.75,0.02884179,BAR
4085,1704301200.0,8743.69,8753.88,-10.19,0.02884179,BAR
4086,1704301260.0,8743.16,8753.88,-10.72,0.02884179,BAR
4087,1704301320.0,8741.69,8753.88,-12.19,0.02884179,BAR
4088,1704301380.0,8740.94,8753.88,-12.94,0.02884179,BAR
4089,1704301440.0,8741.24,8753.88,-12.64,0.02884179,BAR
4090,1704301500.0,8740.34,8753.88,-13.53,0.02884179,BAR
4091,1704301560.0,8738.96,8753.88,-14.92,0.02884179,BAR
4092,1704301620.0,8739.31,8753.88,-14.57,0.02884179,BAR
4093,1704301680.0,8740.64,8753.88,-13.24,0.02884179,BAR
4094,1704301740.0,8739.92,8753.88,-13.96,0.02884179,BAR
4095,1704301800.0,8740.78,8753.88,-13.10,0.02884179,BAR
4096,1704301860.0,8740.31,8753.88,-13.57,0.02884179,BAR
4097,1704301920.0,8740.10,8753.88,-13.78,0.02884179,BAR
4098,1704301980.0,8740.78,8753.88,-13.10,0.02884179,BAR
4099,1704302040.0,8740.97,8753.88,-12.91,0.02884179,BAR
4100,1704302100.0,8740.87,8753.88,-13.00,0.02884179,BAR
4101,1704302160.0,8733.60,8753.88,-20.28,0.02884179,BAR
4102,1704302220.0,8736.90,8753.88,-16.98,0.02884179,BAR
4103,1704302280.0,8735.38,8753.88,-18.50,0.02884179,BAR
4104,1704302340.0,8732.33,8753.88,-21.55,0.02884179,BAR
4105,1704302400.0,8735.01,8753.88,-18.87,0.02884179,BAR
4106,1704302460.0,8734.43,8753.88,-19.44,0.02884179,BAR
4107,1704302520.0,8734.46,8753.88,-19.42,0.02884179,BAR
4108,1704302580.0,8735.22,8753.88,-18.66,0.02884179,BAR
4109,1704302640.0,8736.19,8753.88,-17.69,0.02884179,BAR
4110,1704302700.0,8735.49,8753.88,-18.39,0.02884179,BAR
4111,1704302760.0,8735.91,8753.88,-17.97,0.02884179,BAR
4112,1704302820.0,8737.09,8753.88,-16.79,0.02884179,BAR
4113,1704302880.0,8737.81,8753.88,-16.07,0.02884179,BAR
4114,1704302940.0,8737.16,8753.88,-16.72,0.02884179,BAR
4115,1704303000.0,8737.84,8753.88,-16.04,0.02884179,BAR
4116,1704303060.0,8737.72,8753.88,-16.16,0.02884179,BAR
4117,1704303120.0,8739.02,8753.88,-14.86,0.02884179,BAR
4118,1704303180.0,8740.69,8753.88,-13.19,0.02884179,BAR
4119,1704303240.0,8739.57,8753.88,-14.31,0.02884179,BAR
4120,1704303300.0,8738.73,8753.88,-15.15,0.02884179,BAR
4121,1704303360.0,8737.90,8753.88,-15.98,0.02884179,BAR
4122,1704303420.0,8737.93,8753.88,-15.95,0.02884179,BAR
4123,1704303480.0,8738.84,8753.88,-15.03,0.02884179,BAR
4124,1704303540.0,8738.08,8753.88,-15.80,0.02884179,BAR
4125,1704303600.0,8739.02,8753.88,-14.86,0.02884179,BAR
4126,1704303660.0,8738.60,8753.88,-15.28,0.02884179,BAR
4127,1704303720.0,8739.83,8753.88,-14.05,0.02884179,BAR
4128,1704303780.0,8739.72,8753.88,-14.16,0.02884179,BAR
4129,1704303840.0,8736.70,8753.88,-17.18,0.02884179,BAR
4130,1704303900.0,8737.78,8753.88,-16.10,0.02884179,BAR
4131,1704303960.0,8735.27,8753.88,-18.61,0.02884179,BAR
4132,1704304020.0,8734.33,8753.88,-19.55,0.02884179,BAR
4133,1704304080.0,8733.75,8753.88,-20.12,0.02884179,BAR
4134,1704304140.0,8734.39,8753.88,-19.49,0.02884179,BAR
4135,1704304200.0,8734.43,8753.88,-19.45,0.02884179,BAR
4136,1704304260.0,8734.15,8753.88,-19.73,0.02884179,BAR
4137,1704304320.0,8735.06,8753.88,-18.82,0.02884179,BAR
4138,1704304380.0,8733.71,8753.88,-20.17,0.02884179,BAR
4139,1704304440.0,8734.03,8753.88,-19.85,0.02884179,BAR
4140,1704304500.0,8735.17,8753.88,-18.71,0.02884179,BAR
4141,1704304560.0,8736.79,8753.88,-17.09,0.02884179,BAR
4142,1704304620.0,8737.00,8753.88,-16.88,0.02884179,BAR
4143,1704304680.0,8739.31,8753.88,-14.57,0.02884179,BAR
4144,1704304740.0,8740.63,8753.88,-13.25,0.02884179,BAR
4145,1704304800.0,8739.47,8753.88,-14.41,0.02884179,BAR
4146,1704304860.0,8738.84,8753.88,-15.04,0.02884179,BAR
4147,1704304920.0,8739.43,8753.88,-14.45,0.02884179,BAR
4148,1704304980.0,8739.77,8753.88,-14.11,0.02884179,BAR
4149,1704305040.0,8740.46,8753.88,-13.42,0.02884179,BAR
4150,1704305100.0,8741.71,8753.88,-12.17,0.02884179,BAR
4151,1704305160.0,8743.79,8753.88,-10.09,0.02884179,BAR
4152,1704305220.0,8742.72,8753.88,-11.16,0.02884179,BAR
4153,1704305280.0,8742.06,8753.88,-11.81,0.02884179,BAR
4154,1704305340.0,8740.80,8753.88,-13.07,0.02884179,BAR
4155,1704305400.0,8739.31,8753.88,-14.57,0.02884179,BAR
4156,1704305460.0,8740.50,8753.88,-13.38,0.02884179,BAR
4157,1704305520.0,8740.52,8753.88,-13.36,0.02884179,BAR
4158,1704305580.0,8740.58,8753.88,-13.30,0.02884179,BAR
4159,1704305640.0,8739.83,8753.88,-14.05,0.02884179,BAR
4160,1704305700.0,8740.31,8753.88,-13.57,0.02884179,BAR
4161,1704305760.0,8742.14,8753.88,-11.74,0.02884179,BAR
4162,1704305820.0,8741.55,8753.88,-12.33,0.02884179,BAR
4163,1704305880.0,8743.71,8753.88,-10.17,0.02884179,BAR
4164,1704305940.0,8742.58,8753.88,-11.30,0.02884179,BAR
4165,1704306000.0,8742.66,8753.88,-11.22,0.02884179,BAR
4166,1704306060.0,8741.20,8753.88,-12.68,0.02884179,BAR
4167,1704306120.0,8740.84,8753.88,-13.04,0.02884179,BAR
4168,1704306180.0,8741.56,8753.88,-12.32,0.02884179,BAR
4169,1704306240.0,8741.84,8753.88,-12.04,0.02884179,BAR
4170,1704306300.0,8739.83,8753.88,-14.05,0.02884179,BAR
4171,1704306360.0,8736.91,8753.88,-16.97,0.02884179,BAR
4172,1704306420.0,8737.90,8753.88,-15.98,0.02884179,BAR
4173,1704306480.0,8736.25,8753.88,-17.63,0.02884179,BAR
4174,1704306540.0,8736.11,8753.88,-17.77,0.02884179,BAR
4175,1704306600.0,8735.59,8753.88,-18.29,0.02884179,BAR
4176,1704306660.0,8735.73,8753.88,-18.15,0.02884179,BAR
4177,1704306720.0,8735.44,8753.88,-18.44,0.02884179,BAR
4178,1704306780.0,8733.86,8753.88,-20.02,0.02884179,BAR
4179,1704306840.0,8733.16,8753.88,-20.72,0.02884179,BAR
4180,1704306900.0,8730.60,8753.88,-23.28,0.02884179,BAR
4181,1704306960.0,8732.23,8753.88,-21.65,0.02884179,BAR
4182,1704307020.0,8733.63,8753.88,-20.25,0.02884179,BAR
4183,1704307080.0,8733.25,8753.88,-20.63,0.02884179,BAR
4184,1704307140.0,8733.34,8753.88,-20.54,0.02884179,BAR
4185,1704307200.0,8734.14,8753.88,-19.74,0.02884179,BAR
4186,1704307260.0,8734.46,8753.88,-19.42,0.02884179,BAR
4187,1704307320.0,8734.25,8753.88,-19.63,0.02884179,BAR
4188,1704307380.0,8733.12,8753.88,-20.76,0.02884179,BAR
4189,1704307440.0,8734.61,8753.88,-19.26,0.02884179,BAR
4190,1704307500.0,8733.48,8753.88,-20.40,0.02884179,BAR
4191,1704307560.0,8732.69,8753.88,-21.19,0.02884179,BAR
4192,1704307620.0,8731.09,8753.88,-22.79,0.02884179,BAR
4193,1704307680.0,8732.99,8753.88,-20.89,0.02884179,BAR
4194,1704307740.0,8732.34,8753.88,-21.54,0.02884179,BAR
4195,1704307800.0,8733.74,8753.88,-20.14,0.02884179,BAR
4196,1704307860.0,8733.99,8753.88,-19.89,0.02884179,BAR
4197,1704307920.0,8732.15,8753.88,-21.73,0.02884179,BAR
4198,1704307980.0,8732.74,8753.88,-21.14,0.02884179,BAR
4199,1704308040.0,8732.89,8753.88,-20.99,0.02884179,BAR
4200,1704308100.0,8731.11,8753.88,-22.76,0.02884179,BAR
4201,1704308160.0,9977.15,9977.15,0.00,0.00000000,BAR
4202,1704308220.0,9977.15,9977.15,0.00,0.00000000,BAR
4203,1704308280.0,9977.15,9977.15,0.00,0.00000000,BAR
4204,1704308340.0,9977.15,9977.15,0.00,0.00000000,BAR
4205,1704308400.0,9977.15,9977.15,0.00,0.00000000,BAR
4206,1704308460.0,9977.15,9977.15,0.00,0.00000000,BAR
4207,1704308520.0,9977.15,9977.15,0.00,0.00000000,BAR
4208,1704308580.0,9977.15,9977.15,0.00,0.00000000,BAR
4209,1704308640.0,9977.15,9977.15,0.00,0.00000000,BAR
4210,1704308700.0,9977.15,9977.15,0.00,0.00000000,BAR
4211,1704308760.0,9977.15,9977.15,0.00,0.00000000,BAR
4212,1704308820.0,9977.15,9977.15,0.00,0.00000000,BAR
4213,1704308880.0,9977.15,9977.15,0.00,0.00000000,BAR
4214,1704308940.0,9977.15,9977.15,0.00,0.00000000,BAR
4215,1704309000.0,9977.15,9977.15,0.00,0.00000000,BAR
4216,1704309060.0,9977.15,9977.15,0.00,0.00000000,BAR
4217,1704309120.0,9977.15,9977.15,0.00,0.00000000,BAR
4218,1704309180.0,9977.15,9977.15,0.00,0.00000000,BAR
4219,1704309240.0,9977.15,9977.15,0.00,0.00000000,BAR
4220,1704309300.0,9977.15,9977.15,0.00,0.00000000,BAR
4221,1704309360.0,9977.15,9977.15,0.00,0.00000000,BAR
4222,1704309420.0,9977.15,9977.15,0.00,0.00000000,BAR
4223,1704309480.0,9977.15,9977.15,0.00,0.00000000,BAR
4224,1704309540.0,9977.15,9977.15,0.00,0.00000000,BAR
4225,1704309600.0,9977.15,9977.15,0.00,0.00000000,BAR
4226,1704309660.0,9977.15,9977.15,0.00,0.00000000,BAR
4227,1704309720.0,9977.15,9977.15,0.00,0.00000000,BAR
4228,1704309780.0,9977.15,9977.15,0.00,0.00000000,BAR
4229,1704309840.0,9977.15,9977.15,0.00,0.00000000,BAR
4230,1704309900.0,9977.15,9977.15,0.00,0.00000000,BAR
4231,1704309960.0,9977.15,9977.15,0.00,0.00000000,BAR
4232,1704310020.0,9977.15,9977.15,0.00,0.00000000,BAR
4233,1704310080.0,9977.15,9977.15,0.00,0.00000000,BAR
4234,1704310140.0,9977.15,9977.15,0.00,0.00000000,BAR
4235,1704310200.0,9977.15,9977.15,0.00,0.00000000,BAR
4236,1704310260.0,9977.15,9977.15,0.00,0.00000000,BAR
4237,1704310320.0,9977.15,9977.15,0.00,0.00000000,BAR
4238,1704310380.0,9977.15,9977.15,0.00,0.00000000,BAR
4239,1704310440.0,9977.15,9977.15,0.00,0.00000000,BAR
4240,1704310500.0,9977.15,9977.15,0.00,0.00000000,BAR
4241,1704310560.0,9352.95,9352.95,0.00,0.01453840,POST_TRADE
4242,1704310560.0,9352.95,9352.95,0.00,0.01453840,BAR
4243,1704310620.0,9351.87,9352.95,-1.08,0.01453840,BAR
4244,1704310680.0,9351.40,9352.95,-1.55,0.01453840,BAR
4245,1704310740.0,9351.44,9352.95,-1.51,0.01453840,BAR
4246,1704310800.0,9351.58,9352.95,-1.38,0.01453840,BAR
4247,1704310860.0,9351.27,9352.95,-1.68,0.01453840,BAR
4248,1704310920.0,9350.56,9352.95,-2.39,0.01453840,BAR
4249,1704310980.0,9350.13,9352.95,-2.82,0.01453840,BAR
4250,1704311040.0,9349.99,9352.95,-2.96,0.01453840,BAR
4251,1704311100.0,9350.20,9352.95,-2.76,0.01453840,BAR
4252,1704311160.0,9349.55,9352.95,-3.41,0.01453840,BAR
4253,1704311220.0,9349.41,9352.95,-3.54,0.01453840,BAR
4254,1704311280.0,9349.53,9352.95,-3.42,0.01453840,BAR
4255,1704311340.0,9349.49,9352.95,-3.46,0.01453840,BAR
4256,1704311400.0,9348.77,9352.95,-4.18,0.01453840,BAR
4257,1704311460.0,9349.21,9352.95,-3.74,0.01453840,BAR
4258,1704311520.0,9348.40,9352.95,-4.55,0.01453840,BAR
4259,1704311580.0,9348.89,9352.95,-4.06,0.01453840,BAR
4260,1704311640.0,9348.97,9352.95,-3.98,0.01453840,BAR
4261,1704311700.0,9348.91,9352.95,-4.04,0.01453840,BAR
4262,1704311760.0,9348.81,9352.95,-4.14,0.01453840,BAR
4263,1704311820.0,9348.34,9352.95,-4.61,0.01453840,BAR
4264,1704311880.0,9348.50,9352.95,-4.45,0.01453840,BAR
4265,1704311940.0,9348.67,9352.95,-4.28,0.01453840,BAR
4266,1704312000.0,9349.28,9352.95,-3.67,0.01453840,BAR
4267,1704312060.0,9349.24,9352.95,-3.71,0.01453840,BAR
4268,1704312120.0,9349.92,9352.95,-3.03,0.01453840,BAR
4269,1704312180.0,9349.25,9352.95,-3.70,0.01453840,BAR
4270,1704312240.0,9349.36,9352.95,-3.59,0.01453840,BAR
4271,1704312300.0,9348.86,9352.95,-4.09,0.01453840,BAR
4272,1704312360.0,9348.16,9352.95,-4.79,0.01453840,BAR
4273,1704312420.0,9348.51,9352.95,-4.44,0.01453840,BAR
4274,1704312480.0,9348.43,9352.95,-4.53,0.01453840,BAR
4275,1704312540.0,9348.90,9352.95,-4.05,0.01453840,BAR
4276,1704312600.0,9347.60,9352.95,-5.35,0.01453840,BAR
4277,1704312660.0,9348.95,9352.95,-4.01,0.01453840,BAR
4278,1704312720.0,9348.35,9352.95,-4.60,0.01453840,BAR
4279,1704312780.0,9348.31,9352.95,-4.64,0.01453840,BAR
4280,1704312840.0,9348.81,9352.95,-4.15,0.01453840,BAR
4281,1704312900.0,9349.10,9352.95,-3.86,0.01453840,BAR
4282,1704312960.0,9349.50,9352.95,-3.45,0.01453840,BAR
4283,1704313020.0,9349.42,9352.95,-3.53,0.01453840,BAR
4284,1704313080.0,9350.46,9352.95,-2.49,0.01453840,BAR
4285,1704313140.0,9350.08,9352.95,-2.87,0.01453840,BAR
4286,1704313200.0,9350.02,9352.95,-2.93,0.01453840,BAR
4287,1704313260.0,9349.97,9352.95,-2.99,0.01453840,BAR
4288,1704313320.0,9350.79,9352.95,-2.17,0.01453840,BAR
4289,1704313380.0,9350.22,9352.95,-2.73,0.01453840,BAR
4290,1704313440.0,9350.32,9352.95,-2.64,0.01453840,BAR
4291,1704313500.0,9350.36,9352.95,-2.59,0.01453840,BAR
4292,1704313560.0,9350.46,9352.95,-2.49,0.01453840,BAR
4293,1704313620.0,9350.95,9352.95,-2.00,0.01453840,BAR
4294,1704313680.0,9350.96,9352.95,-2.00,0.01453840,BAR
4295,1704313740.0,9350.46,9352.95,-2.49,0.01453840,BAR
4296,1704313800.0,9350.45,9352.95,-2.50,0.01453840,BAR
4297,1704313860.0,9351.10,9352.95,-1.85,0.01453840,BAR
4298,1704313920.0,9351.64,9352.95,-1.31,0.01453840,BAR
4299,1704313980.0,9351.61,9352.95,-1.34,0.01453840,BAR
4300,1704314040.0,9351.42,9352.95,-1.53,0.01453840,BAR
4301,1704314100.0,9352.00,9352.95,-0.95,0.01453840,BAR
4302,1704314160.0,9351.43,9352.95,-1.52,0.01453840,BAR
4303,1704314220.0,9351.84,9352.95,-1.11,0.01453840,BAR
4304,1704314280.0,9352.08,9352.95,-0.87,0.01453840,BAR
4305,1704314340.0,9352.07,9352.95,-0.89,0.01453840,BAR
4306,1704314400.0,9352.08,9352.95,-0.88,0.01453840,BAR
4307,1704314460.0,9351.28,9352.95,-1.67,0.01453840,BAR
4308,1704314520.0,9351.23,9352.95,-1.72,0.01453840,BAR
4309,1704314580.0,9350.02,9352.95,-2.93,0.01453840,BAR
4310,1704314640.0,9349.73,9352.95,-3.22,0.01453840,BAR
4311,1704314700.0,9350.19,9352.95,-2.76,0.01453840,BAR
4312,1704314760.0,9349.76,9352.95,-3.20,0.01453840,BAR
4313,1704314820.0,9349.82,9352.95,-3.14,0.01453840,BAR
4314,1704314880.0,9350.17,9352.95,-2.79,0.01453840,BAR
4315,1704314940.0,9350.10,9352.95,-2.85,0.01453840,BAR
4316,1704315000.0,9350.28,9352.95,-2.67,0.01453840,BAR
4317,1704315060.0,9350.01,9352.95,-2.94,0.01453840,BAR
4318,1704315120.0,9350.22,9352.95,-2.73,0.01453840,BAR
4319,1704315180.0,9350.61,9352.95,-2.35,0.01453840,BAR
4320,1704315240.0,9350.23,9352.95,-2.72,0.01453840,BAR
4321,1704315300.0,9350.61,9352.95,-2.35,0.01453840,BAR
4322,1704315360.0,9350.65,9352.95,-2.30,0.01453840,BAR
4323,1704315420.0,9351.03,9352.95,-1.92,0.01453840,BAR
4324,1704315480.0,9351.09,9352.95,-1.86,0.01453840,BAR
4325,1704315540.0,9350.48,9352.95,-2.48,0.01453840,BAR
4326,1704315600.0,9350.30,9352.95,-2.65,0.01453840,BAR
4327,1704315660.0,9350.69,9352.95,-2.26,0.01453840,BAR
4328,1704315720.0,9350.71,9352.95,-2.25,0.01453840,BAR
4329,1704315780.0,9350.93,9352.95,-2.03,0.01453840,BAR
4330,1704315840.0,9351.13,9352.95,-1.82,0.01453840,BAR
4331,1704315900.0,9350.87,9352.95,-2.08,0.01453840,BAR
4332,1704315960.0,9350.33,9352.95,-2.63,0.01453840,BAR
4333,1704316020.0,9349.53,9352.95,-3.42,0.01453840,BAR
4334,1704316080.0,9348.95,9352.95,-4.00,0.01453840,BAR
4335,1704316140.0,9348.96,9352.95,-3.99,0.01453840,BAR
4336,1704316200.0,9349.50,9352.95,-3.45,0.01453840,BAR
4337,1704316260.0,9348.94,9352.95,-4.02,0.01453840,BAR
4338,1704316320.0,9348.89,9352.95,-4.06,0.01453840,BAR
4339,1704316380.0,9349.04,9352.95,-3.92,0.01453840,BAR
4340,1704316440.0,9349.15,9352.95,-3.80,0.01453840,BAR
4341,1704316500.0,9351.71,9352.95,-1.24,0.01453840,BAR
4342,1704316560.0,9352.47,9352.95,-0.48,0.01453840,BAR
4343,1704316620.0,9352.27,9352.95,-0.68,0.01453840,BAR
4344,1704316680.0,9351.76,9352.95,-1.19,0.01453840,BAR
4345,1704316740.0,9352.12,9352.95,-0.83,0.01453840,BAR
4346,1704316800.0,9351.88,9352.95,-1.07,0.01453840,BAR
4347,1704316860.0,9351.61,9352.95,-1.34,0.01453840,BAR
4348,1704316920.0,9351.21,9352.95,-1.75,0.01453840,BAR
4349,1704316980.0,9351.45,9352.95,-1.50,0.01453840,BAR
4350,1704317040.0,9352.27,9352.95,-0.68,0.01453840,BAR
4351,1704317100.0,9351.54,9352.95,-1.41,0.01453840,BAR
4352,1704317160.0,9351.87,9352.95,-1.08,0.01453840,BAR
4353,1704317220.0,9352.15,9352.95,-0.80,0.01453840,BAR
4354,1704317280.0,9352.73,9352.95,-0.23,0.01453840,BAR
4355,1704317340.0,9351.86,9352.95,-1.10,0.01453840,BAR
4356,1704317400.0,9351.62,9352.95,-1.33,0.01453840,BAR
4357,1704317460.0,9351.25,9352.95,-1.71,0.01453840,BAR
4358,1704317520.0,9351.22,9352.95,-1.74,0.01453840,BAR
4359,1704317580.0,9352.23,9352.95,-0.72,0.01453840,BAR
4360,1704317640.0,9352.32,9352.95,-0.63,0.01453840,BAR
4361,1704317700.0,9352.33,9352.95,-0.63,0.01453840,BAR
4362,1704317760.0,9352.29,9352.95,-0.67,0.01453840,BAR
4363,1704317820.0,9351.80,9352.95,-1.15,0.01453840,BAR
4364,1704317880.0,9351.69,9352.95,-1.26,0.01453840,BAR
4365,1704317940.0,9351.76,9352.95,-1.19,0.01453840,BAR
4366,1704318000.0,9352.12,9352.95,-0.83,0.01453840,BAR
4367,1704318060.0,9352.29,9352.95,-0.66,0.01453840,BAR
4368,1704318120.0,9352.26,9352.95,-0.69,0.01453840,BAR
4369,1704318180.0,9352.25,9352.95,-0.70,0.01453840,BAR
4370,1704318240.0,9352.54,9352.95,-0.41,0.01453840,BAR
4371,1704318300.0,9352.58,9352.95,-0.37,0.01453840,BAR
4372,1704318360.0,9353.08,9352.95,0.13,0.01453840,BAR
4373,1704318420.0,9353.12,9352.95,0.17,0.01453840,BAR
4374,1704318480.0,9352.94,9352.95,-0.01,0.01453840,BAR
4375,1704318540.0,9353.25,9352.95,0.30,0.01453840,BAR
4376,1704318600.0,9353.20,9352.95,0.25,0.01453840,BAR
4377,1704318660.0,9353.92,9352.95,0.97,0.01453840,BAR
4378,1704318720.0,9353.77,9352.95,0.82,0.01453840,BAR
4379,1704318780.0,9353.57,9352.95,0.62,0.01453840,BAR
4380,1704318840.0,9353.66,9352.95,0.71,0.01453840,BAR
4381,1704318900.0,9353.89,9352.95,0.93,0.01453840,BAR
4382,1704318960.0,9353.86,9352.95,0.90,0.01453840,BAR
4383,1704319020.0,9353.37,9352.95,0.41,0.01453840,BAR
4384,1704319080.0,9352.90,9352.95,-0.05,0.01453840,BAR
4385,1704319140.0,9353.33,9352.95,0.38,0.01453840,BAR
4386,1704319200.0,9353.21,9352.95,0.26,0.01453840,BAR
4387,1704319260.0,9353.40,9352.95,0.45,0.01453840,BAR
4388,1704319320.0,9353.04,9352.95,0.09,0.01453840,BAR
4389,1704319380.0,9353.68,9352.95,0.72,0.01453840,BAR
4390,1704319440.0,9353.07,9352.95,0.11,0.01453840,BAR
4391,1704319500.0,9352.73,9352.95,-0.22,0.01453840,BAR
4392,1704319560.0,9352.74,9352.95,-0.21,0.01453840,BAR
4393,1704319620.0,9352.51,9352.95,-0.44,0.01453840,BAR
4394,1704319680.0,9352.58,9352.95,-0.37,0.01453840,BAR
4395,1704319740.0,9353.20,9352.95,0.25,0.01453840,BAR
4396,1704319800.0,9352.87,9352.95,-0.08,0.01453840,BAR
4397,1704319860.0,9353.46,9352.95,0.50,0.01453840,BAR
4398,1704319920.0,9353.41,9352.95,0.45,0.01453840,BAR
4399,1704319980.0,9353.53,9352.95,0.58,0.01453840,BAR
4400,1704320040.0,9353.40,9352.95,0.45,0.01453840,BAR
4401,1704320100.0,9353.43,9352.95,0.48,0.01453840,BAR
4402,1704320160.0,9353.13,9352.95,0.18,0.01453840,BAR
4403,1704320220.0,9352.73,9352.95,-0.22,0.01453840,BAR
4404,1704320280.0,9352.44,9352.95,-0.52,0.01453840,BAR
4405,1704320340.0,9352.84,9352.95,-0.12,0.01453840,BAR
4406,1704320400.0,9352.58,9352.95,-0.37,0.01453840,BAR
4407,1704320460.0,9352.35,9352.95,-0.60,0.01453840,BAR
4408,1704320520.0,9351.24,9352.95,-1.71,0.01453840,BAR
4409,1704320580.0,9351.47,9352.95,-1.49,0.01453840,BAR
4410,1704320640.0,9351.34,9352.95,-1.61,0.01453840,BAR
4411,1704320700.0,9351.98,9352.95,-0.97,0.01453840,BAR
4412,1704320760.0,9351.74,9352.95,-1.21,0.01453840,BAR
4413,1704320820.0,9350.99,9352.95,-1.97,0.01453840,BAR
4414,1704320880.0,9351.16,9352.95,-1.79,0.01453840,BAR
4415,1704320940.0,9350.01,9352.95,-2.94,0.01453840,BAR
4416,1704321000.0,9349.88,9352.95,-3.07,0.01453840,BAR
4417,1704321060.0,9350.87,9352.95,-2.08,0.01453840,BAR
4418,1704321120.0,9350.19,9352.95,-2.76,0.01453840,BAR
4419,1704321180.0,9350.64,9352.95,-2.32,0.01453840,BAR
4420,1704321240.0,9350.72,9352.95,-2.23,0.01453840,BAR
4421,1704321300.0,9350.32,9352.95,-2.64,0.01453840,BAR
4422,1704321360.0,9350.32,9352.95,-2.64,0.01453840,BAR
4423,1704321420.0,9350.32,9352.95,-2.64,0.01453840,BAR
4424,1704321480.0,9350.32,9352.95,-2.64,0.01453840,BAR
4425,1704321540.0,9349.73,9352.95,-3.22,0.01453840,BAR
4426,1704321600.0,9349.43,9352.95,-3.52,0.01453840,BAR
4427,1704321660.0,9349.77,9352.95,-3.18,0.01453840,BAR
4428,1704321720.0,9350.01,9352.95,-2.94,0.01453840,BAR
4429,1704321780.0,9349.55,9352.95,-3.40,0.01453840,BAR
4430,1704321840.0,9349.49,9352.95,-3.46,0.01453840,BAR
4431,1704321900.0,9349.72,9352.95,-3.23,0.01453840,BAR
4432,1704321960.0,9350.54,9352.95,-2.42,0.01453840,BAR
4433,1704322020.0,9350.77,9352.95,-2.18,0.01453840,BAR
4434,1704322080.0,9350.54,9352.95,-2.42,0.01453840,BAR
4435,1704322140.0,9350.54,9352.95,-2.42,0.01453840,BAR
4436,1704322200.0,9350.65,9352.95,-2.30,0.01453840,BAR
4437,1704322260.0,9350.96,9352.95,-1.99,0.01453840,BAR
4438,1704322320.0,9350.94,9352.95,-2.02,0.01453840,BAR
4439,1704322380.0,9351.02,9352.95,-1.93,0.01453840,BAR
4440,1704322440.0,9350.97,9352.95,-1.98,0.01453840,BAR
4441,1704322500.0,9350.62,9352.95,-2.33,0.01453840,BAR
4442,1704322560.0,9350.55,9352.95,-2.40,0.01453840,BAR
4443,1704322620.0,9350.55,9352.95,-2.40,0.01453840,BAR
4444,1704322680.0,9350.74,9352.95,-2.21,0.01453840,BAR
4445,1704322740.0,9350.89,9352.95,-2.06,0.01453840,BAR
4446,1704322800.0,9351.22,9352.95,-1.73,0.01453840,BAR
4447,1704322860.0,9350.25,9352.95,-2.70,0.01453840,BAR
4448,1704322920.0,9349.84,9352.95,-3.11,0.01453840,BAR
4449,1704322980.0,9349.55,9352.95,-3.40,0.01453840,BAR
4450,1704323040.0,9349.77,9352.95,-3.18,0.01453840,BAR
4451,1704323100.0,9349.66,9352.95,-3.29,0.01453840,BAR
4452,1704323160.0,9349.50,9352.95,-3.45,0.01453840,BAR
4453,1704323220.0,9349.51,9352.95,-3.44,0.01453840,BAR
4454,1704323280.0,9349.39,9352.95,-3.56,0.01453840,BAR
4455,1704323340.0,9349.03,9352.95,-3.92,0.01453840,BAR
4456,1704323400.0,9348.86,9352.95,-4.10,0.01453840,BAR
4457,1704323460.0,9349.87,9352.95,-3.08,0.01453840,BAR
4458,1704323520.0,9349.17,9352.95,-3.78,0.01453840,BAR
4459,1704323580.0,9349.09,9352.95,-3.86,0.01453840,BAR
4460,1704323640.0,9349.18,9352.95,-3.77,0.01453840,BAR
4461,1704323700.0,9348.98,9352.95,-3.97,0.01453840,BAR
4462,1704323760.0,9349.32,9352.95,-3.63,0.01453840,BAR
4463,1704323820.0,9349.65,9352.95,-3.30,0.01453840,BAR
4464,1704323880.0,9349.94,9352.95,-3.01,0.01453840,BAR
4465,1704323940.0,9350.01,9352.95,-2.94,0.01453840,BAR
4466,1704324000.0,9350.21,9352.95,-2.74,0.01453840,BAR
4467,1704324060.0,9350.42,9352.95,-2.53,0.01453840,BAR
4468,1704324120.0,9350.13,9352.95,-2.82,0.01453840,BAR
4469,1704324180.0,9350.03,9352.95,-2.93,0.01453840,BAR
4470,1704324240.0,9350.12,9352.95,-2.83,0.01453840,BAR
4471,1704324300.0,9351.00,9352.95,-1.95,0.01453840,BAR
4472,1704324360.0,9351.11,9352.95,-1.84,0.01453840,BAR
4473,1704324420.0,9351.30,9352.95,-1.65,0.01453840,BAR
4474,1704324480.0,9351.16,9352.95,-1.79,0.01453840,BAR
4475,1704324540.0,9351.14,9352.95,-1.82,0.01453840,BAR
4476,1704324600.0,9350.72,9352.95,-2.23,0.01453840,BAR
4477,1704324660.0,9350.90,9352.95,-2.05,0.01453840,BAR
4478,1704324720.0,9350.96,9352.95,-1.99,0.01453840,BAR
4479,1704324780.0,9350.26,9352.95,-2.69,0.01453840,BAR
4480,1704324840.0,9350.23,9352.95,-2.72,0.01453840,BAR
4481,1704324900.0,9350.24,9352.95,-2.72,0.01453840,BAR
4482,1704324960.0,9350.46,9352.95,-2.49,0.01453840,BAR
4483,1704325020.0,9350.33,9352.95,-2.62,0.01453840,BAR
4484,1704325080.0,9350.58,9352.95,-2.37,0.01453840,BAR
4485,1704325140.0,9350.87,9352.95,-2.09,0.01453840,BAR
4486,1704325200.0,9351.06,9352.95,-1.89,0.01453840,BAR
4487,1704325260.0,9351.00,9352.95,-1.95,0.01453840,BAR
4488,1704325320.0,9350.78,9352.95,-2.17,0.01453840,BAR
4489,1704325380.0,9350.47,9352.95,-2.48,0.01453840,BAR
4490,1704325440.0,9350.26,9352.95,-2.69,0.01453840,BAR
4491,1704325500.0,9350.65,9352.95,-2.30,0.01453840,BAR
4492,1704325560.0,9351.00,9352.95,-1.95,0.01453840,BAR
4493,1704325620.0,9351.13,9352.95,-1.82,0.01453840,BAR
4494,1704325680.0,9351.13,9352.95,-1.82,0.01453840,BAR
4495,1704325740.0,9351.69,9352.95,-1.26,0.01453840,BAR
4496,1704325800.0,9351.52,9352.95,-1.44,0.01453840,BAR
4497,1704325860.0,9351.12,9352.95,-1.83,0.01453840,BAR
4498,1704325920.0,9351.33,9352.95,-1.62,0.01453840,BAR
4499,1704325980.0,9351.57,9352.95,-1.38,0.01453840,BAR
4500,1704326040.0,9351.94,9352.95,-1.01,0.01453840,BAR
4501,1704326100.0,9351.94,9352.95,-1.01,0.01453840,BAR
4502,1704326160.0,9351.59,9352.95,-1.36,0.01453840,BAR
4503,1704326220.0,9351.85,9352.95,-1.10,0.01453840,BAR
4504,1704326280.0,9352.05,9352.95,-0.90,0.01453840,BAR
4505,1704326340.0,9352.28,9352.95,-0.67,0.01453840,BAR
4506,1704326400.0,9351.74,9352.95,-1.21,0.01453840,BAR
4507,1704326460.0,9352.10,9352.95,-0.85,0.01453840,BAR
4508,1704326520.0,9352.44,9352.95,-0.51,0.01453840,BAR
4509,1704326580.0,9351.91,9352.95,-1.04,0.01453840,BAR
4510,1704326640.0,9351.93,9352.95,-1.02,0.01453840,BAR
4511,1704326700.0,9351.80,9352.95,-1.15,0.01453840,BAR
4512,1704326760.0,9351.12,9352.95,-1.83,0.01453840,BAR
4513,1704326820.0,9352.21,9352.95,-0.74,0.01453840,BAR
4514,1704326880.0,9352.53,9352.95,-0.43,0.01453840,BAR
4515,1704326940.0,9352.86,9352.95,-0.09,0.01453840,BAR
4516,1704327000.0,9352.95,9352.95,-0.00,0.01453840,BAR
4517,1704327060.0,9353.22,9352.95,0.27,0.01453840,BAR
4518,1704327120.0,9353.01,9352.95,0.05,0.01453840,BAR
4519,1704327180.0,9353.20,9352.95,0.25,0.01453840,BAR
4520,1704327240.0,9353.61,9352.95,0.66,0.01453840,BAR
4521,1704327300.0,9353.70,9352.95,0.75,0.01453840,BAR
4522,1704327360.0,9353.64,9352.95,0.69,0.01453840,BAR
4523,1704327420.0,9353.86,9352.95,0.91,0.01453840,BAR
4524,1704327480.0,9353.60,9352.95,0.65,0.01453840,BAR
4525,1704327540.0,9353.35,9352.95,0.40,0.01453840,BAR
4526,1704327600.0,9352.68,9352.95,-0.27,0.01453840,BAR
4527,1704327660.0,9352.67,9352.95,-0.28,0.01453840,BAR
4528,1704327720.0,9351.95,9352.95,-1.01,0.01453840,BAR
4529,1704327780.0,9352.10,9352.95,-0.85,0.01453840,BAR
4530,1704327840.0,9351.99,9352.95,-0.96,0.01453840,BAR
4531,1704327900.0,9352.17,9352.95,-0.78,0.01453840,BAR
4532,1704327960.0,9352.15,9352.95,-0.80,0.01453840,BAR
4533,1704328020.0,9352.47,9352.95,-0.48,0.01453840,BAR
4534,1704328080.0,9352.71,9352.95,-0.24,0.01453840,BAR
4535,1704328140.0,9352.94,9352.95,-0.01,0.01453840,BAR
4536,1704328200.0,9353.13,9352.95,0.18,0.01453840,BAR
4537,1704328260.0,9352.59,9352.95,-0.36,0.01453840,BAR
4538,1704328320.0,9352.45,9352.95,-0.50,0.01453840,BAR
4539,1704328380.0,9352.40,9352.95,-0.55,0.01453840,BAR
4540,1704328440.0,9352.39,9352.95,-0.56,0.01453840,BAR
4541,1704328500.0,9352.57,9352.95,-0.38,0.01453840,BAR
4542,1704328560.0,9353.68,9352.95,0.72,0.01453840,BAR
4543,1704328620.0,9353.57,9352.95,0.62,0.01453840,BAR
4544,1704328680.0,9352.93,9352.95,-0.02,0.01453840,BAR
4545,1704328740.0,9353.12,9352.95,0.17,0.01453840,BAR
4546,1704328800.0,9352.65,9352.95,-0.30,0.01453840,BAR
4547,1704328860.0,9353.02,9352.95,0.07,0.01453840,BAR
4548,1704328920.0,9352.86,9352.95,-0.10,0.01453840,BAR
4549,1704328980.0,9352.74,9352.95,-0.21,0.01453840,BAR
4550,1704329040.0,9352.44,9352.95,-0.51,0.01453840,BAR
4551,1704329100.0,9352.56,9352.95,-0.39,0.01453840,BAR
4552,1704329160.0,9352.47,9352.95,-0.48,0.01453840,BAR
4553,1704329220.0,9352.22,9352.95,-0.74,0.01453840,BAR
4554,1704329280.0,9352.13,9352.95,-0.82,0.01453840,BAR
4555,1704329340.0,9352.08,9352.95,-0.88,0.01453840,BAR
4556,1704329400.0,9352.20,9352.95,-0.76,0.01453840,BAR
4557,1704329460.0,9352.45,9352.95,-0.50,0.01453840,BAR
4558,1704329520.0,9352.21,9352.95,-0.74,0.01453840,BAR
4559,1704329580.0,9351.93,9352.95,-1.02,0.01453840,BAR
4560,1704329640.0,9352.51,9352.95,-0.44,0.01453840,BAR
4561,1704329700.0,9352.87,9352.95,-0.08,0.01453840,BAR
4562,1704329760.0,9352.46,9352.95,-0.49,0.01453840,BAR
4563,1704329820.0,9352.63,9352.95,-0.33,0.01453840,BAR
4564,1704329880.0,9352.69,9352.95,-0.27,0.01453840,BAR
4565,1704329940.0,9352.70,9352.95,-0.25,0.01453840,BAR
4566,1704330000.0,9352.47,9352.95,-0.48,0.01453840,BAR
4567,1704330060.0,9353.42,9352.95,0.47,0.01453840,BAR
4568,1704330120.0,9353.25,9352.95,0.30,0.01453840,BAR
4569,1704330180.0,9353.12,9352.95,0.17,0.01453840,BAR
4570,1704330240.0,9353.00,9352.95,0.05,0.01453840,BAR
4571,1704330300.0,9352.77,9352.95,-0.18,0.01453840,BAR
4572,1704330360.0,9352.17,9352.95,-0.78,0.01453840,BAR
4573,1704330420.0,9351.99,9352.95,-0.96,0.01453840,BAR
4574,1704330480.0,9351.86,9352.95,-1.09,0.01453840,BAR
4575,1704330540.0,9352.08,9352.95,-0.87,0.01453840,BAR
4576,1704330600.0,9352.80,9352.95,-0.15,0.01453840,BAR
4577,1704330660.0,9352.75,9352.95,-0.20,0.01453840,BAR
4578,1704330720.0,9352.74,9352.95,-0.21,0.01453840,BAR
4579,1704330780.0,9352.84,9352.95,-0.12,0.01453840,BAR
4580,1704330840.0,9352.96,9352.95,0.01,0.01453840,BAR
4581,1704330900.0,9352.12,9352.95,-0.83,0.01453840,BAR
4582,1704330960.0,9351.71,9352.95,-1.24,0.01453840,BAR
4583,1704331020.0,9351.03,9352.95,-1.93,0.01453840,BAR
4584,1704331080.0,9350.33,9352.95,-2.62,0.01453840,BAR
4585,1704331140.0,9350.59,9352.95,-2.37,0.01453840,BAR
4586,1704331200.0,9350.09,9352.95,-2.86,0.01453840,BAR
4587,1704331260.0,9350.69,9352.95,-2.26,0.01453840,BAR
4588,1704331320.0,9350.29,9352.95,-2.66,0.01453840,BAR
4589,1704331380.0,9349.61,9352.95,-3.35,0.01453840,BAR
4590,1704331440.0,9349.18,9352.95,-3.77,0.01453840,BAR
4591,1704331500.0,9349.48,9352.95,-3.47,0.01453840,BAR
4592,1704331560.0,9350.43,9352.95,-2.52,0.01453840,BAR
4593,1704331620.0,9350.06,9352.95,-2.90,0.01453840,BAR
4594,1704331680.0,9350.15,9352.95,-2.80,0.01453840,BAR
4595,1704331740.0,9350.34,9352.95,-2.61,0.01453840,BAR
4596,1704331800.0,9350.89,9352.95,-2.06,0.01453840,BAR
4597,1704331860.0,9350.53,9352.95,-2.42,0.01453840,BAR
4598,1704331920.0,9350.23,9352.95,-2.72,0.01453840,BAR
4599,1704331980.0,9350.74,9352.95,-2.21,0.01453840,BAR
4600,1704332040.0,9350.29,9352.95,-2.66,0.01453840,BAR
4601,1704332100.0,9349.73,9352.95,-3.22,0.01453840,BAR
4602,1704332160.0,9350.14,9352.95,-2.81,0.01453840,BAR
4603,1704332220.0,9349.76,9352.95,-3.20,0.01453840,BAR
4604,1704332280.0,9349.86,9352.95,-3.09,0.01453840,BAR
4605,1704332340.0,9349.53,9352.95,-3.42,0.01453840,BAR
4606,1704332400.0,9349.72,9352.95,-3.23,0.01453840,BAR
4607,1704332460.0,9349.47,9352.95,-3.48,0.01453840,BAR
4608,1704332520.0,9349.77,9352.95,-3.19,0.01453840,BAR
4609,1704332580.0,9349.41,9352.95,-3.54,0.01453840,BAR
4610,1704332640.0,9349.65,9352.95,-3.31,0.01453840,BAR
4611,1704332700.0,9349.57,9352.95,-3.38,0.01453840,BAR
4612,1704332760.0,9350.00,9352.95,-2.95,0.01453840,BAR
4613,1704332820.0,9350.17,9352.95,-2.78,0.01453840,BAR
4614,1704332880.0,9350.51,9352.95,-2.44,0.01453840,BAR
4615,1704332940.0,9350.91,9352.95,-2.04,0.01453840,BAR
4616,1704333000.0,9350.56,9352.95,-2.40,0.01453840,BAR
4617,1704333060.0,9350.33,9352.95,-2.62,0.01453840,BAR
4618,1704333120.0,9349.93,9352.95,-3.02,0.01453840,BAR
4619,1704333180.0,9350.05,9352.95,-2.90,0.01453840,BAR
4620,1704333240.0,9349.81,9352.95,-3.15,0.01453840,BAR
4621,1704333300.0,9350.43,9352.95,-2.52,0.01453840,BAR
4622,1704333360.0,9349.82,9352.95,-3.13,0.01453840,BAR
4623,1704333420.0,9350.47,9352.95,-2.48,0.01453840,BAR
4624,1704333480.0,9350.34,9352.95,-2.61,0.01453840,BAR
4625,1704333540.0,9350.29,9352.95,-2.67,0.01453840,BAR
4626,1704333600.0,9350.40,9352.95,-2.55,0.01453840,BAR
4627,1704333660.0,9350.05,9352.95,-2.91,0.01453840,BAR
4628,1704333720.0,9350.46,9352.95,-2.49,0.01453840,BAR
4629,1704333780.0,9350.56,9352.95,-2.39,0.01453840,BAR
4630,1704333840.0,9350.67,9352.95,-2.28,0.01453840,BAR
4631,1704333900.0,9351.14,9352.95,-1.81,0.01453840,BAR
4632,1704333960.0,9351.18,9352.95,-1.78,0.01453840,BAR
4633,1704334020.0,9351.06,9352.95,-1.89,0.01453840,BAR
4634,1704334080.0,9350.91,9352.95,-2.04,0.01453840,BAR
4635,1704334140.0,9350.98,9352.95,-1.97,0.01453840,BAR
4636,1704334200.0,9351.38,9352.95,-1.58,0.01453840,BAR
4637,1704334260.0,9352.00,9352.95,-0.95,0.01453840,BAR
4638,1704334320.0,9352.62,9352.95,-0.34,0.01453840,BAR
4639,1704334380.0,9352.47,9352.95,-0.48,0.01453840,BAR
4640,1704334440.0,9353.00,9352.95,0.04,0.01453840,BAR
4641,1704334500.0,9352.98,9352.95,0.03,0.01453840,BAR
4642,1704334560.0,9353.43,9352.95,0.47,0.01453840,BAR
4643,1704334620.0,9353.51,9352.95,0.56,0.01453840,BAR
4644,1704334680.0,9353.81,9352.95,0.85,0.01453840,BAR
4645,1704334740.0,9353.37,9352.95,0.42,0.01453840,BAR
4646,1704334800.0,9353.67,9352.95,0.71,0.01453840,BAR
4647,1704334860.0,9353.76,9352.95,0.81,0.01453840,BAR
4648,1704334920.0,9353.60,9352.95,0.65,0.01453840,BAR
4649,1704334980.0,9353.00,9352.95,0.05,0.01453840,BAR
4650,1704335040.0,9353.22,9352.95,0.27,0.01453840,BAR
4651,1704335100.0,9352.87,9352.95,-0.08,0.01453840,BAR
4652,1704335160.0,9352.90,9352.95,-0.05,0.01453840,BAR
4653,1704335220.0,9352.96,9352.95,0.01,0.01453840,BAR
4654,1704335280.0,9352.79,9352.95,-0.16,0.01453840,BAR
4655,1704335340.0,9352.85,9352.95,-0.11,0.01453840,BAR
4656,1704335400.0,9353.02,9352.95,0.07,0.01453840,BAR
4657,1704335460.0,9353.19,9352.95,0.24,0.01453840,BAR
4658,1704335520.0,9352.55,9352.95,-0.41,0.01453840,BAR
4659,1704335580.0,9353.14,9352.95,0.18,0.01453840,BAR
4660,1704335640.0,9352.89,9352.95,-0.07,0.01453840,BAR
4661,1704335700.0,9353.37,9352.95,0.42,0.01453840,BAR
4662,1704335760.0,9353.40,9352.95,0.45,0.01453840,BAR
4663,1704335820.0,9353.20,9352.95,0.25,0.01453840,BAR
4664,1704335880.0,9353.14,9352.95,0.18,0.01453840,BAR
4665,1704335940.0,9353.33,9352.95,0.38,0.01453840,BAR
4666,1704336000.0,9353.53,9352.95,0.58,0.01453840,BAR
4667,1704336060.0,9353.57,9352.95,0.62,0.01453840,BAR
4668,1704336120.0,9353.68,9352.95,0.72,0.01453840,BAR
4669,1704336180.0,9353.68,9352.95,0.72,0.01453840,BAR
4670,1704336240.0,9353.73,9352.95,0.77,0.01453840,BAR
4671,1704336300.0,9354.19,9352.95,1.24,0.01453840,BAR
4672,1704336360.0,9355.41,9352.95,2.45,0.01453840,BAR
4673,1704336420.0,9355.92,9352.95,2.97,0.01453840,BAR
4674,1704336480.0,9355.61,9352.95,2.66,0.01453840,BAR
4675,1704336540.0,9355.50,9352.95,2.55,0.01453840,BAR
4676,1704336600.0,9355.17,9352.95,2.22,0.01453840,BAR
4677,1704336660.0,9355.60,9352.95,2.65,0.01453840,BAR
4678,1704336720.0,9355.43,9352.95,2.48,0.01453840,BAR
4679,1704336780.0,9354.67,9352.95,1.71,0.01453840,BAR
4680,1704336840.0,9355.33,9352.95,2.38,0.01453840,BAR
4681,1704336900.0,9355.53,9352.95,2.58,0.01453840,BAR
4682,1704336960.0,9355.94,9352.95,2.99,0.01453840,BAR
4683,1704337020.0,9356.89,9352.95,3.94,0.01453840,BAR
4684,1704337080.0,9357.04,9352.95,4.08,0.01453840,BAR
4685,1704337140.0,9356.55,9352.95,3.59,0.01453840,BAR
4686,1704337200.0,9356.30,9352.95,3.35,0.01453840,BAR
4687,1704337260.0,9356.13,9352.95,3.18,0.01453840,BAR
4688,1704337320.0,9356.25,9352.95,3.30,0.01453840,BAR
4689,1704337380.0,9355.79,9352.95,2.84,0.01453840,BAR
4690,1704337440.0,9356.19,9352.95,3.24,0.01453840,BAR
4691,1704337500.0,9356.00,9352.95,3.05,0.01453840,BAR
4692,1704337560.0,9356.01,9352.95,3.05,0.01453840,BAR
4693,1704337620.0,9356.89,9352.95,3.93,0.01453840,BAR
4694,1704337680.0,9357.16,9352.95,4.21,0.01453840,BAR
4695,1704337740.0,9357.52,9352.95,4.57,0.01453840,BAR
4696,1704337800.0,9357.60,9352.95,4.65,0.01453840,BAR
4697,1704337860.0,9357.13,9352.95,4.18,0.01453840,BAR
4698,1704337920.0,9357.18,9352.95,4.23,0.01453840,BAR
4699,1704337980.0,9356.71,9352.95,3.76,0.01453840,BAR
4700,1704338040.0,9356.79,9352.95,3.84,0.01453840,BAR
4701,1704338100.0,9357.74,9352.95,4.79,0.01453840,BAR
4702,1704338160.0,9357.40,9352.95,4.45,0.01453840,BAR
4703,1704338220.0,9356.94,9352.95,3.99,0.01453840,BAR
4704,1704338280.0,9356.91,9352.95,3.96,0.01453840,BAR
4705,1704338340.0,9357.14,9352.95,4.19,0.01453840,BAR
4706,1704338400.0,9356.25,9352.95,3.30,0.01453840,BAR
4707,1704338460.0,9355.73,9352.95,2.78,0.01453840,BAR
4708,1704338520.0,9356.00,9352.95,3.05,0.01453840,BAR
4709,1704338580.0,9356.03,9352.95,3.08,0.01453840,BAR
4710,1704338640.0,9355.79,9352.95,2.84,0.01453840,BAR
4711,1704338700.0,9355.25,9352.95,2.29,0.01453840,BAR
4712,1704338760.0,9355.36,9352.95,2.40,0.01453840,BAR
4713,1704338820.0,9355.61,9352.95,2.66,0.01453840,BAR
4714,1704338880.0,9354.86,9352.95,1.91,0.01453840,BAR
4715,1704338940.0,9355.12,9352.95,2.17,0.01453840,BAR
4716,1704339000.0,9355.42,9352.95,2.47,0.01453840,BAR
4717,1704339060.0,9355.03,9352.95,2.08,0.01453840,BAR
4718,1704339120.0,9355.33,9352.95,2.38,0.01453840,BAR
4719,1704339180.0,9354.65,9352.95,1.70,0.01453840,BAR
4720,1704339240.0,9354.77,9352.95,1.81,0.01453840,BAR
4721,1704339300.0,9355.13,9352.95,2.18,0.01453840,BAR
4722,1704339360.0,9355.23,9352.95,2.28,0.01453840,BAR
4723,1704339420.0,9355.11,9352.95,2.15,0.01453840,BAR
4724,1704339480.0,9355.23,9352.95,2.28,0.01453840,BAR
4725,1704339540.0,9355.33,9352.95,2.38,0.01453840,BAR
4726,1704339600.0,9355.17,9352.95,2.22,0.01453840,BAR
4727,1704339660.0,9354.98,9352.95,2.03,0.01453840,BAR
4728,1704339720.0,9354.94,9352.95,1.99,0.01453840,BAR
4729,1704339780.0,9355.27,9352.95,2.32,0.01453840,BAR
4730,1704339840.0,9354.94,9352.95,1.99,0.01453840,BAR
4731,1704339900.0,9355.29,9352.95,2.34,0.01453840,BAR
4732,1704339960.0,9355.26,9352.95,2.31,0.01453840,BAR
4733,1704340020.0,9356.15,9352.95,3.19,0.01453840,BAR
4734,1704340080.0,9356.31,9352.95,3.36,0.01453840,BAR
4735,1704340140.0,9355.98,9352.95,3.03,0.01453840,BAR
4736,1704340200.0,9356.15,9352.95,3.19,0.01453840,BAR
4737,1704340260.0,9356.29,9352.95,3.34,0.01453840,BAR
4738,1704340320.0,9356.24,9352.95,3.29,0.01453840,BAR
4739,1704340380.0,9356.14,9352.95,3.19,0.01453840,BAR
4740,1704340440.0,9355.78,9352.95,2.83,0.01453840,BAR
4741,1704340500.0,9356.26,9352.95,3.31,0.01453840,BAR
4742,1704340560.0,9355.85,9352.95,2.90,0.01453840,BAR
4743,1704340620.0,9355.64,9352.95,2.68,0.01453840,BAR
4744,1704340680.0,9355.70,9352.95,2.75,0.01453840,BAR
4745,1704340740.0,9356.03,9352.95,3.07,0.01453840,BAR
4746,1704340800.0,9355.74,9352.95,2.79,0.01453840,BAR
4747,1704340860.0,9354.71,9352.95,1.75,0.01453840,BAR
4748,1704340920.0,9353.99,9352.95,1.04,0.01453840,BAR
4749,1704340980.0,9354.45,9352.95,1.50,0.01453840,BAR
4750,1704341040.0,9354.21,9352.95,1.25,0.01453840,BAR
4751,1704341100.0,9354.39,9352.95,1.43,0.01453840,BAR
4752,1704341160.0,9354.16,9352.95,1.21,0.01453840,BAR
4753,1704341220.0,9354.39,9352.95,1.43,0.01453840,BAR
4754,1704341280.0,9355.16,9352.95,2.20,0.01453840,BAR
4755,1704341340.0,9355.03,9352.95,2.07,0.01453840,BAR
4756,1704341400.0,9355.13,9352.95,2.18,0.01453840,BAR
4757,1704341460.0,9354.93,9352.95,1.98,0.01453840,BAR
4758,1704341520.0,9354.62,9352.95,1.66,0.01453840,BAR
4759,1704341580.0,9354.93,9352.95,1.98,0.01453840,BAR
4760,1704341640.0,9355.01,9352.95,2.06,0.01453840,BAR
4761,1704341700.0,9355.30,9352.95,2.35,0.01453840,BAR
4762,1704341760.0,9355.25,9352.95,2.30,0.01453840,BAR
4763,1704341820.0,9355.38,9352.95,2.42,0.01453840,BAR
4764,1704341880.0,9355.60,9352.95,2.65,0.01453840,BAR
4765,1704341940.0,9355.67,9352.95,2.72,0.01453840,BAR
4766,1704342000.0,9355.49,9352.95,2.54,0.01453840,BAR
4767,1704342060.0,9355.63,9352.95,2.67,0.01453840,BAR
4768,1704342120.0,9355.69,9352.95,2.74,0.01453840,BAR
4769,1704342180.0,9355.87,9352.95,2.92,0.01453840,BAR
4770,1704342240.0,9356.18,9352.95,3.22,0.01453840,BAR
4771,1704342300.0,9356.15,9352.95,3.20,0.01453840,BAR
4772,1704342360.0,9356.41,9352.95,3.46,0.01453840,BAR
4773,1704342420.0,9356.41,9352.95,3.46,0.01453840,BAR
4774,1704342480.0,9356.46,9352.95,3.51,0.01453840,BAR
4775,1704342540.0,9356.39,9352.95,3.44,0.01453840,BAR
4776,1704342600.0,9356.64,9352.95,3.69,0.01453840,BAR
4777,1704342660.0,9355.86,9352.95,2.91,0.01453840,BAR
4778,1704342720.0,9355.69,9352.95,2.74,0.01453840,BAR
4779,1704342780.0,9355.95,9352.95,3.00,0.01453840,BAR
4780,1704342840.0,9355.97,9352.95,3.02,0.01453840,BAR
4781,1704342900.0,9356.08,9352.95,3.13,0.01453840,BAR
4782,1704342960.0,9356.19,9352.95,3.24,0.01453840,BAR
4783,1704343020.0,9356.18,9352.95,3.23,0.01453840,BAR
4784,1704343080.0,9355.69,9352.95,2.74,0.01453840,BAR
4785,1704343140.0,9355.62,9352.95,2.67,0.01453840,BAR
4786,1704343200.0,9355.83,9352.95,2.87,0.01453840,BAR
4787,1704343260.0,9355.81,9352.95,2.85,0.01453840,BAR
4788,1704343320.0,9356.01,9352.95,3.05,0.01453840,BAR
4789,1704343380.0,9356.18,9352.95,3.23,0.01453840,BAR
4790,1704343440.0,9355.96,9352.95,3.00,0.01453840,BAR
4791,1704343500.0,9356.67,9352.95,3.72,0.01453840,BAR
4792,1704343560.0,9357.04,9352.95,4.08,0.01453840,BAR
4793,1704343620.0,9357.44,9352.95,4.49,0.01453840,BAR
4794,1704343680.0,9356.98,9352.95,4.03,0.01453840,BAR
4795,1704343740.0,9357.10,9352.95,4.15,0.01453840,BAR
4796,1704343800.0,9356.74,9352.95,3.79,0.01453840,BAR
4797,1704343860.0,9356.79,9352.95,3.83,0.01453840,BAR
4798,1704343920.0,9356.64,9352.95,3.69,0.01453840,BAR
4799,1704343980.0,9356.16,9352.95,3.21,0.01453840,BAR
4800,1704344040.0,9356.04,9352.95,3.08,0.01453840,BAR
4801,1704344100.0,9356.63,9352.95,3.67,0.01453840,BAR
4802,1704344160.0,9356.65,9352.95,3.70,0.01453840,BAR
4803,1704344220.0,9356.75,9352.95,3.80,0.01453840,BAR
4804,1704344280.0,9356.67,9352.95,3.72,0.01453840,BAR
4805,1704344340.0,9356.71,9352.95,3.76,0.01453840,BAR
4806,1704344400.0,9356.23,9352.95,3.28,0.01453840,BAR
4807,1704344460.0,9356.37,9352.95,3.42,0.01453840,BAR
4808,1704344520.0,9356.17,9352.95,3.21,0.01453840,BAR
4809,1704344580.0,9356.93,9352.95,3.98,0.01453840,BAR
4810,1704344640.0,9356.77,9352.95,3.82,0.01453840,BAR
4811,1704344700.0,9357.08,9352.95,4.13,0.01453840,BAR
4812,1704344760.0,9356.97,9352.95,4.02,0.01453840,BAR
4813,1704344820.0,9356.54,9352.95,3.59,0.01453840,BAR
4814,1704344880.0,9356.73,9352.95,3.78,0.01453840,BAR
4815,1704344940.0,9356.63,9352.95,3.68,0.01453840,BAR
4816,1704345000.0,9356.62,9352.95,3.67,0.01453840,BAR
4817,1704345060.0,9356.50,9352.95,3.55,0.01453840,BAR
4818,1704345120.0,9356.83,9352.95,3.88,0.01453840,BAR
4819,1704345180.0,9357.03,9352.95,4.08,0.01453840,BAR
4820,1704345240.0,9356.92,9352.95,3.96,0.01453840,BAR
4821,1704345300.0,9357.44,9352.95,4.49,0.01453840,BAR
4822,1704345360.0,9357.02,9352.95,4.07,0.01453840,BAR
4823,1704345420.0,9357.04,9352.95,4.09,0.01453840,BAR
4824,1704345480.0,9357.20,9352.95,4.25,0.01453840,BAR
4825,1704345540.0,9356.78,9352.95,3.83,0.01453840,BAR
4826,1704345600.0,9356.20,9352.95,3.25,0.01453840,BAR
4827,1704345660.0,9356.45,9352.95,3.50,0.01453840,BAR
4828,1704345720.0,9356.16,9352.95,3.20,0.01453840,BAR
4829,1704345780.0,9355.84,9352.95,2.89,0.01453840,BAR
4830,1704345840.0,9355.88,9352.95,2.93,0.01453840,BAR
4831,1704345900.0,9355.87,9352.95,2.92,0.01453840,BAR
4832,1704345960.0,9355.94,9352.95,2.99,0.01453840,BAR
4833,1704346020.0,9355.76,9352.95,2.81,0.01453840,BAR
4834,1704346080.0,9355.81,9352.95,2.86,0.01453840,BAR
4835,1704346140.0,9355.81,9352.95,2.86,0.01453840,BAR
4836,1704346200.0,9356.01,9352.95,3.06,0.01453840,BAR
4837,1704346260.0,9355.59,9352.95,2.64,0.01453840,BAR
4838,1704346320.0,9356.23,9352.95,3.28,0.01453840,BAR
4839,1704346380.0,9356.28,9352.95,3.32,0.01453840,BAR
4840,1704346440.0,9356.30,9352.95,3.35,0.01453840,BAR
4841,1704346500.0,9356.58,9352.95,3.63,0.01453840,BAR
4842,1704346560.0,9357.40,9352.95,4.45,0.01453840,BAR
4843,1704346620.0,9357.88,9352.95,4.92,0.01453840,BAR
4844,1704346680.0,9357.67,9352.95,4.72,0.01453840,BAR
4845,1704346740.0,9358.28,9352.95,5.33,0.01453840,BAR
4846,1704346800.0,9357.76,9352.95,4.81,0.01453840,BAR
4847,1704346860.0,9357.95,9352.95,5.00,0.01453840,BAR
4848,1704346920.0,9357.47,9352.95,4.52,0.01453840,BAR
4849,1704346980.0,9357.96,9352.95,5.01,0.01453840,BAR
4850,1704347040.0,9357.95,9352.95,4.99,0.01453840,BAR
4851,1704347100.0,9357.89,9352.95,4.94,0.01453840,BAR
4852,1704347160.0,9357.88,9352.95,4.92,0.01453840,BAR
4853,1704347220.0,9357.75,9352.95,4.79,0.01453840,BAR
4854,1704347280.0,9357.46,9352.95,4.50,0.01453840,BAR
4855,1704347340.0,9356.73,9352.95,3.78,0.01453840,BAR
4856,1704347400.0,9356.77,9352.95,3.82,0.01453840,BAR
4857,1704347460.0,9356.47,9352.95,3.52,0.01453840,BAR
4858,1704347520.0,9356.65,9352.95,3.70,0.01453840,BAR
4859,1704347580.0,9356.50,9352.95,3.55,0.01453840,BAR
4860,1704347640.0,9356.53,9352.95,3.58,0.01453840,BAR
4861,1704347700.0,9357.13,9352.95,4.18,0.01453840,BAR
4862,1704347760.0,9357.30,9352.95,4.35,0.01453840,BAR
4863,1704347820.0,9356.95,9352.95,4.00,0.01453840,BAR
4864,1704347880.0,9357.09,9352.95,4.14,0.01453840,BAR
4865,1704347940.0,9357.20,9352.95,4.25,0.01453840,BAR
4866,1704348000.0,9357.26,9352.95,4.31,0.01453840,BAR
4867,1704348060.0,9357.38,9352.95,4.42,0.01453840,BAR
4868,1704348120.0,9357.44,9352.95,4.49,0.01453840,BAR
4869,1704348180.0,9357.68,9352.95,4.73,0.01453840,BAR
4870,1704348240.0,9357.83,9352.95,4.88,0.01453840,BAR
4871,1704348300.0,9357.44,9352.95,4.49,0.01453840,BAR
4872,1704348360.0,9357.75,9352.95,4.79,0.01453840,BAR
4873,1704348420.0,9357.62,9352.95,4.67,0.01453840,BAR
4874,1704348480.0,9357.09,9352.95,4.14,0.01453840,BAR
4875,1704348540.0,9357.11,9352.95,4.16,0.01453840,BAR
4876,1704348600.0,9357.10,9352.95,4.15,0.01453840,BAR
4877,1704348660.0,9357.51,9352.95,4.56,0.01453840,BAR
4878,1704348720.0,9357.02,9352.95,4.07,0.01453840,BAR
4879,1704348780.0,9356.36,9352.95,3.41,0.01453840,BAR
4880,1704348840.0,9356.16,9352.95,3.21,0.01453840,BAR
4881,1704348900.0,9356.48,9352.95,3.53,0.01453840,BAR
4882,1704348960.0,9356.71,9352.95,3.75,0.01453840,BAR
4883,1704349020.0,9356.84,9352.95,3.89,0.01453840,BAR
4884,1704349080.0,9356.45,9352.95,3.50,0.01453840,BAR
4885,1704349140.0,9356.31,9352.95,3.36,0.01453840,BAR
4886,1704349200.0,9356.15,9352.95,3.19,0.01453840,BAR
4887,1704349260.0,9355.79,9352.95,2.84,0.01453840,BAR
4888,1704349320.0,9356.05,9352.95,3.10,0.01453840,BAR
4889,1704349380.0,9356.22,9352.95,3.27,0.01453840,BAR
4890,1704349440.0,9356.03,9352.95,3.08,0.01453840,BAR
4891,1704349500.0,9356.10,9352.95,3.15,0.01453840,BAR
4892,1704349560.0,9356.15,9352.95,3.19,0.01453840,BAR
4893,1704349620.0,9356.24,9352.95,3.29,0.01453840,BAR
4894,1704349680.0,9356.31,9352.95,3.35,0.01453840,BAR
4895,1704349740.0,9356.45,9352.95,3.50,0.01453840,BAR
4896,1704349800.0,9356.66,9352.95,3.71,0.01453840,BAR
4897,1704349860.0,9356.24,9352.95,3.29,0.01453840,BAR
4898,1704349920.0,9356.47,9352.95,3.52,0.01453840,BAR
4899,1704349980.0,9356.60,9352.95,3.64,0.01453840,BAR
4900,1704350040.0,9356.97,9352.95,4.02,0.01453840,BAR
4901,1704350100.0,9356.86,9352.95,3.91,0.01453840,BAR
4902,1704350160.0,9357.03,9352.95,4.08,0.01453840,BAR
4903,1704350220.0,9357.32,9352.95,4.37,0.01453840,BAR
4904,1704350280.0,9357.68,9352.95,4.72,0.01453840,BAR
4905,1704350340.0,9357.49,9352.95,4.54,0.01453840,BAR
4906,1704350400.0,9357.29,9352.95,4.34,0.01453840,BAR
4907,1704350460.0,9356.93,9352.95,3.98,0.01453840,BAR
4908,1704350520.0,9357.15,9352.95,4.19,0.01453840,BAR
4909,1704350580.0,9357.41,9352.95,4.46,0.01453840,BAR
4910,1704350640.0,9357.46,9352.95,4.51,0.01453840,BAR
4911,1704350700.0,9357.46,9352.95,4.51,0.01453840,BAR
4912,1704350760.0,9357.46,9352.95,4.51,0.01453840,BAR
4913,1704350820.0,9357.21,9352.95,4.25,0.01453840,BAR
4914,1704350880.0,9357.00,9352.95,4.04,0.01453840,BAR
4915,1704350940.0,9356.69,9352.95,3.74,0.01453840,BAR
4916,1704351000.0,9356.49,9352.95,3.54,0.01453840,BAR
4917,1704351060.0,9356.51,9352.95,3.56,0.01453840,BAR
4918,1704351120.0,9356.57,9352.95,3.62,0.01453840,BAR
4919,1704351180.0,9356.59,9352.95,3.63,0.01453840,BAR
4920,1704351240.0,9356.64,9352.95,3.69,0.01453840,BAR
4921,1704351300.0,9356.74,9352.95,3.79,0.01453840,BAR
4922,1704351360.0,9356.60,9352.95,3.65,0.01453840,BAR
4923,1704351420.0,9356.73,9352.95,3.78,0.01453840,BAR
4924,1704351480.0,9356.80,9352.95,3.85,0.01453840,BAR
4925,1704351540.0,9356.79,9352.95,3.84,0.01453840,BAR
4926,1704351600.0,9357.16,9352.95,4.21,0.01453840,BAR
4927,1704351660.0,9357.02,9352.95,4.07,0.01453840,BAR
4928,1704351720.0,9356.81,9352.95,3.86,0.01453840,BAR
4929,1704351780.0,9357.37,9352.95,4.42,0.01453840,BAR
4930,1704351840.0,9358.11,9352.95,5.16,0.01453840,BAR
4931,1704351900.0,9357.93,9352.95,4.98,0.01453840,BAR
4932,1704351960.0,9358.29,9352.95,5.33,0.01453840,BAR
4933,1704352020.0,9357.01,9352.95,4.06,0.01453840,BAR
4934,1704352080.0,9356.65,9352.95,3.70,0.01453840,BAR
4935,1704352140.0,9356.48,9352.95,3.53,0.01453840,BAR
4936,1704352200.0,9356.94,9352.95,3.98,0.01453840,BAR
4937,1704352260.0,9356.93,9352.95,3.98,0.01453840,BAR
4938,1704352320.0,9356.29,9352.95,3.33,0.01453840,BAR
4939,1704352380.0,9356.15,9352.95,3.19,0.01453840,BAR
4940,1704352440.0,9355.98,9352.95,3.03,0.01453840,BAR
4941,1704352500.0,9355.71,9352.95,2.76,0.01453840,BAR
4942,1704352560.0,9355.50,9352.95,2.54,0.01453840,BAR
4943,1704352620.0,9355.47,9352.95,2.51,0.01453840,BAR
4944,1704352680.0,9354.99,9352.95,2.04,0.01453840,BAR
4945,1704352740.0,9354.17,9352.95,1.21,0.01453840,BAR
4946,1704352800.0,9354.30,9352.95,1.35,0.01453840,BAR
4947,1704352860.0,9354.27,9352.95,1.32,0.01453840,BAR
4948,1704352920.0,9354.84,9352.95,1.89,0.01453840,BAR
4949,1704352980.0,9354.85,9352.95,1.90,0.01453840,BAR
4950,1704353040.0,9355.20,9352.95,2.25,0.01453840,BAR
4951,1704353100.0,9355.20,9352.95,2.25,0.01453840,BAR
4952,1704353160.0,9355.13,9352.95,2.17,0.01453840,BAR
4953,1704353220.0,9355.23,9352.95,2.28,0.01453840,BAR
4954,1704353280.0,9355.47,9352.95,2.51,0.01453840,BAR
4955,1704353340.0,9355.43,9352.95,2.48,0.01453840,BAR
4956,1704353400.0,9355.58,9352.95,2.63,0.01453840,BAR
4957,1704353460.0,9355.87,9352.95,2.92,0.01453840,BAR
4958,1704353520.0,9356.63,9352.95,3.67,0.01453840,BAR
4959,1704353580.0,9356.47,9352.95,3.52,0.01453840,BAR
4960,1704353640.0,9356.19,9352.95,3.24,0.01453840,BAR
4961,1704353700.0,9355.93,9352.95,2.98,0.01453840,BAR
4962,1704353760.0,9355.85,9352.95,2.90,0.01453840,BAR
4963,1704353820.0,9355.78,9352.95,2.83,0.01453840,BAR
4964,1704353880.0,9355.87,9352.95,2.92,0.01453840,BAR
4965,1704353940.0,9355.08,9352.95,2.13,0.01453840,BAR
4966,1704354000.0,9354.39,9352.95,1.43,0.01453840,BAR
4967,1704354060.0,9352.22,9352.95,-0.73,0.01453840,BAR
4968,1704354120.0,9353.02,9352.95,0.07,0.01453840,BAR
4969,1704354180.0,9354.88,9352.95,1.93,0.01453840,BAR
4970,1704354240.0,9354.38,9352.95,1.43,0.01453840,BAR
4971,1704354300.0,9354.20,9352.95,1.25,0.01453840,BAR
4972,1704354360.0,9353.04,9352.95,0.09,0.01453840,BAR
4973,1704354420.0,9353.19,9352.95,0.24,0.01453840,BAR
4974,1704354480.0,9352.89,9352.95,-0.06,0.01453840,BAR
4975,1704354540.0,9352.74,9352.95,-0.21,0.01453840,BAR
4976,1704354600.0,9352.70,9352.95,-0.25,0.01453840,BAR
4977,1704354660.0,9352.16,9352.95,-0.80,0.01453840,BAR
4978,1704354720.0,9353.04,9352.95,0.09,0.01453840,BAR
4979,1704354780.0,9352.71,9352.95,-0.25,0.01453840,BAR
4980,1704354840.0,9352.33,9352.95,-0.62,0.01453840,BAR
4981,1704354900.0,9351.51,9352.95,-1.44,0.01453840,BAR
4982,1704354960.0,9351.29,9352.95,-1.66,0.01453840,BAR
4983,1704355020.0,9351.83,9352.95,-1.12,0.01453840,BAR
4984,1704355080.0,9351.56,9352.95,-1.40,0.01453840,BAR
4985,1704355140.0,9351.09,9352.95,-1.86,0.01453840,BAR
4986,1704355200.0,9352.35,9352.95,-0.60,0.01453840,BAR
4987,1704355260.0,9352.65,9352.95,-0.30,0.01453840,BAR
4988,1704355320.0,9353.08,9352.95,0.13,0.01453840,BAR
4989,1704355380.0,9352.80,9352.95,-0.16,0.01453840,BAR
4990,1704355440.0,9352.66,9352.95,-0.29,0.01453840,BAR
4991,1704355500.0,9352.56,9352.95,-0.39,0.01453840,BAR
4992,1704355560.0,9352.83,9352.95,-0.12,0.01453840,BAR
4993,1704355620.0,9352.47,9352.95,-0.48,0.01453840,BAR
4994,1704355680.0,9352.08,9352.95,-0.87,0.01453840,BAR
4995,1704355740.0,9351.54,9352.95,-1.41,0.01453840,BAR
4996,1704355800.0,9352.51,9352.95,-0.44,0.01453840,BAR
4997,1704355860.0,9352.61,9352.95,-0.34,0.01453840,BAR
4998,1704355920.0,9352.61,9352.95,-0.34,0.01453840,BAR
4999,1704355980.0,9352.87,9352.95,-0.08,0.01453840,BAR
5000,1704356040.0,9352.49,9352.95,-0.47,0.01453840,BAR
5001,1704356100.0,9351.82,9352.95,-1.13,0.01453840,BAR
5002,1704356160.0,9351.36,9352.95,-1.59,0.01453840,BAR
5003,1704356220.0,9351.33,9352.95,-1.62,0.01453840,BAR
5004,1704356280.0,9351.04,9352.95,-1.91,0.01453840,BAR
5005,1704356340.0,9351.35,9352.95,-1.60,0.01453840,BAR
5006,1704356400.0,9352.76,9352.95,-0.19,0.01453840,BAR
5007,1704356460.0,9353.08,9352.95,0.13,0.01453840,BAR
5008,1704356520.0,9353.37,9352.95,0.42,0.01453840,BAR
5009,1704356580.0,9353.04,9352.95,0.09,0.01453840,BAR
5010,1704356640.0,9353.15,9352.95,0.20,0.01453840,BAR
5011,1704356700.0,9353.31,9352.95,0.36,0.01453840,BAR
5012,1704356760.0,9353.80,9352.95,0.85,0.01453840,BAR
5013,1704356820.0,9353.79,9352.95,0.84,0.01453840,BAR
5014,1704356880.0,9353.55,9352.95,0.59,0.01453840,BAR
5015,1704356940.0,9353.65,9352.95,0.70,0.01453840,BAR
5016,1704357000.0,9353.70,9352.95,0.75,0.01453840,BAR
5017,1704357060.0,9353.47,9352.95,0.52,0.01453840,BAR
5018,1704357120.0,9353.01,9352.95,0.06,0.01453840,BAR
5019,1704357180.0,9353.02,9352.95,0.07,0.01453840,BAR
5020,1704357240.0,9352.41,9352.95,-0.54,0.01453840,BAR
5021,1704357300.0,9352.25,9352.95,-0.70,0.01453840,BAR
5022,1704357360.0,9352.09,9352.95,-0.86,0.01453840,BAR
5023,1704357420.0,9351.45,9352.95,-1.50,0.01453840,BAR
5024,1704357480.0,9351.50,9352.95,-1.45,0.01453840,BAR
5025,1704357540.0,9351.37,9352.95,-1.58,0.01453840,BAR
5026,1704357600.0,9351.47,9352.95,-1.48,0.01453840,BAR
5027,1704357660.0,9351.95,9352.95,-1.00,0.01453840,BAR
5028,1704357720.0,9351.75,9352.95,-1.20,0.01453840,BAR
5029,1704357780.0,9351.63,9352.95,-1.32,0.01453840,BAR
5030,1704357840.0,9351.49,9352.95,-1.46,0.01453840,BAR
5031,1704357900.0,9351.49,9352.95,-1.46,0.01453840,BAR
5032,1704357960.0,9351.52,9352.95,-1.43,0.01453840,BAR
5033,1704358020.0,9352.44,9352.95,-0.51,0.01453840,BAR
5034,1704358080.0,9351.80,9352.95,-1.15,0.01453840,BAR
5035,1704358140.0,9351.79,9352.95,-1.16,0.01453840,BAR
5036,1704358200.0,9352.06,9352.95,-0.89,0.01453840,BAR
5037,1704358260.0,9352.64,9352.95,-0.31,0.01453840,BAR
5038,1704358320.0,9352.87,9352.95,-0.08,0.01453840,BAR
5039,1704358380.0,9352.52,9352.95,-0.43,0.01453840,BAR
5040,1704358440.0,9352.51,9352.95,-0.44,0.01453840,BAR
5041,1704358500.0,9352.79,9352.95,-0.16,0.01453840,BAR
5042,1704358560.0,9352.67,9352.95,-0.28,0.01453840,BAR
5043,1704358620.0,9352.44,9352.95,-0.51,0.01453840,BAR
5044,1704358680.0,9352.27,9352.95,-0.68,0.01453840,BAR
5045,1704358740.0,9352.35,9352.95,-0.61,0.01453840,BAR
5046,1704358800.0,9352.82,9352.95,-0.14,0.01453840,BAR
5047,1704358860.0,9353.10,9352.95,0.15,0.01453840,BAR
5048,1704358920.0,9353.14,9352.95,0.19,0.01453840,BAR
5049,1704358980.0,9352.91,9352.95,-0.04,0.01453840,BAR
5050,1704359040.0,9353.02,9352.95,0.07,0.01453840,BAR
5051,1704359100.0,9353.08,9352.95,0.13,0.01453840,BAR
5052,1704359160.0,9353.05,9352.95,0.10,0.01453840,BAR
5053,1704359220.0,9353.39,9352.95,0.44,0.01453840,BAR
5054,1704359280.0,9353.67,9352.95,0.72,0.01453840,BAR
5055,1704359340.0,9353.19,9352.95,0.24,0.01453840,BAR
5056,1704359400.0,9353.22,9352.95,0.27,0.01453840,BAR
5057,1704359460.0,9353.46,9352.95,0.50,0.01453840,BAR
5058,1704359520.0,9353.09,9352.95,0.14,0.01453840,BAR
5059,1704359580.0,9352.81,9352.95,-0.14,0.01453840,BAR
5060,1704359640.0,9352.66,9352.95,-0.29,0.01453840,BAR
5061,1704359700.0,9353.01,9352.95,0.06,0.01453840,BAR
5062,1704359760.0,9353.53,9352.95,0.58,0.01453840,BAR
5063,1704359820.0,9353.58,9352.95,0.63,0.01453840,BAR
5064,1704359880.0,9353.66,9352.95,0.71,0.01453840,BAR
5065,1704359940.0,9353.31,9352.95,0.36,0.01453840,BAR
5066,1704360000.0,9352.79,9352.95,-0.17,0.01453840,BAR
5067,1704360060.0,9353.24,9352.95,0.29,0.01453840,BAR
5068,1704360120.0,9353.65,9352.95,0.70,0.01453840,BAR
5069,1704360180.0,9354.03,9352.95,1.08,0.01453840,BAR
5070,1704360240.0,9353.98,9352.95,1.03,0.01453840,BAR
5071,1704360300.0,9354.22,9352.95,1.27,0.01453840,BAR
5072,1704360360.0,9354.53,9352.95,1.58,0.01453840,BAR
5073,1704360420.0,9354.61,9352.95,1.66,0.01453840,BAR
5074,1704360480.0,9354.40,9352.95,1.45,0.01453840,BAR
5075,1704360540.0,9354.35,9352.95,1.40,0.01453840,BAR
5076,1704360600.0,9354.90,9352.95,1.95,0.01453840,BAR
5077,1704360660.0,9355.03,9352.95,2.08,0.01453840,BAR
5078,1704360720.0,9355.36,9352.95,2.41,0.01453840,BAR
5079,1704360780.0,9355.71,9352.95,2.76,0.01453840,BAR
5080,1704360840.0,9354.09,9352.95,1.14,0.01453840,BAR
5081,1704360900.0,9353.55,9352.95,0.60,0.01453840,BAR
5082,1704360960.0,9353.61,9352.95,0.66,0.01453840,BAR
5083,1704361020.0,9354.03,9352.95,1.08,0.01453840,BAR
5084,1704361080.0,9353.92,9352.95,0.97,0.01453840,BAR
5085,1704361140.0,9353.57,9352.95,0.62,0.01453840,BAR
5086,1704361200.0,9353.91,9352.95,0.96,0.01453840,BAR
5087,1704361260.0,9353.79,9352.95,0.84,0.01453840,BAR
5088,1704361320.0,9354.24,9352.95,1.29,0.01453840,BAR
5089,1704361380.0,9354.14,9352.95,1.18,0.01453840,BAR
5090,1704361440.0,9353.88,9352.95,0.93,0.01453840,BAR
5091,1704361500.0,9354.10,9352.95,1.15,0.01453840,BAR
5092,1704361560.0,9354.21,9352.95,1.26,0.01453840,BAR
5093,1704361620.0,9353.92,9352.95,0.97,0.01453840,BAR
5094,1704361680.0,9354.04,9352.95,1.09,0.01453840,BAR
5095,1704361740.0,9353.97,9352.95,1.01,0.01453840,BAR
5096,1704361800.0,9354.81,9352.95,1.86,0.01453840,BAR
5097,1704361860.0,9354.47,9352.95,1.51,0.01453840,BAR
5098,1704361920.0,9354.81,9352.95,1.85,0.01453840,BAR
5099,1704361980.0,9354.80,9352.95,1.85,0.01453840,BAR
5100,1704362040.0,9354.97,9352.95,2.01,0.01453840,BAR
5101,1704362100.0,9355.31,9352.95,2.36,0.01453840,BAR
5102,1704362160.0,9354.95,9352.95,1.99,0.01453840,BAR
5103,1704362220.0,9354.53,9352.95,1.58,0.01453840,BAR
5104,1704362280.0,9354.64,9352.95,1.69,0.01453840,BAR
5105,1704362340.0,9354.64,9352.95,1.69,0.01453840,BAR
5106,1704362400.0,9354.54,9352.95,1.59,0.01453840,BAR
5107,1704362460.0,9355.34,9352.95,2.38,0.01453840,BAR
5108,1704362520.0,9355.16,9352.95,2.20,0.01453840,BAR
5109,1704362580.0,9355.70,9352.95,2.74,0.01453840,BAR
5110,1704362640.0,9355.44,9352.95,2.49,0.01453840,BAR
5111,1704362700.0,9355.27,9352.95,2.32,0.01453840,BAR
5112,1704362760.0,9354.65,9352.95,1.69,0.01453840,BAR
5113,1704362820.0,9354.27,9352.95,1.32,0.01453840,BAR
5114,1704362880.0,9353.98,9352.95,1.03,0.01453840,BAR
5115,1704362940.0,9353.98,9352.95,1.03,0.01453840,BAR
5116,1704363000.0,9353.72,9352.95,0.76,0.01453840,BAR
5117,1704363060.0,9353.72,9352.95,0.76,0.01453840,BAR
5118,1704363120.0,9353.59,9352.95,0.64,0.01453840,BAR
5119,1704363180.0,9353.49,9352.95,0.53,0.01453840,BAR
5120,1704363240.0,9353.65,9352.95,0.70,0.01453840,BAR
5121,1704363300.0,9353.29,9352.95,0.34,0.01453840,BAR
5122,1704363360.0,9352.51,9352.95,-0.44,0.01453840,BAR
5123,1704363420.0,9352.56,9352.95,-0.40,0.01453840,BAR
5124,1704363480.0,9352.55,9352.95,-0.40,0.01453840,BAR
5125,1704363540.0,9352.28,9352.95,-0.67,0.01453840,BAR
5126,1704363600.0,9351.84,9352.95,-1.11,0.01453840,BAR
5127,1704363660.0,9352.13,9352.95,-0.82,0.01453840,BAR
5128,1704363720.0,9352.16,9352.95,-0.79,0.01453840,BAR
5129,1704363780.0,9351.49,9352.95,-1.46,0.01453840,BAR
5130,1704363840.0,9351.28,9352.95,-1.68,0.01453840,BAR
5131,1704363900.0,9349.86,9352.95,-3.09,0.01453840,BAR
5132,1704363960.0,9350.64,9352.95,-2.32,0.01453840,BAR
5133,1704364020.0,9351.77,9352.95,-1.18,0.01453840,BAR
5134,1704364080.0,9351.89,9352.95,-1.07,0.01453840,BAR
5135,1704364140.0,9351.43,9352.95,-1.52,0.01453840,BAR
5136,1704364200.0,9351.68,9352.95,-1.27,0.01453840,BAR
5137,1704364260.0,9351.09,9352.95,-1.86,0.01453840,BAR
5138,1704364320.0,9352.41,9352.95,-0.54,0.01453840,BAR
5139,1704364380.0,9353.30,9352.95,0.34,0.01453840,BAR
5140,1704364440.0,9352.98,9352.95,0.03,0.01453840,BAR
5141,1704364500.0,9353.03,9352.95,0.08,0.01453840,BAR
5142,1704364560.0,9352.80,9352.95,-0.15,0.01453840,BAR
5143,1704364620.0,9353.37,9352.95,0.42,0.01453840,BAR
5144,1704364680.0,9354.10,9352.95,1.14,0.01453840,BAR
5145,1704364740.0,9354.15,9352.95,1.20,0.01453840,BAR
5146,1704364800.0,9354.82,9352.95,1.87,0.01453840,BAR
5147,1704364860.0,9355.87,9352.95,2.91,0.01453840,BAR
5148,1704364920.0,9355.51,9352.95,2.56,0.01453840,BAR
5149,1704364980.0,9355.21,9352.95,2.25,0.01453840,BAR
5150,1704365040.0,9354.74,9352.95,1.78,0.01453840,BAR
5151,1704365100.0,9354.53,9352.95,1.58,0.01453840,BAR
5152,1704365160.0,9354.94,9352.95,1.99,0.01453840,BAR
5153,1704365220.0,9355.49,9352.95,2.54,0.01453840,BAR
5154,1704365280.0,9355.49,9352.95,2.53,0.01453840,BAR
5155,1704365340.0,9355.44,9352.95,2.49,0.01453840,BAR
5156,1704365400.0,9354.97,9352.95,2.02,0.01453840,BAR
5157,1704365460.0,9355.17,9352.95,2.22,0.01453840,BAR
5158,1704365520.0,9355.11,9352.95,2.16,0.01453840,BAR
5159,1704365580.0,9355.05,9352.95,2.10,0.01453840,BAR
5160,1704365640.0,9355.47,9352.95,2.52,0.01453840,BAR
5161,1704365700.0,9355.49,9352.95,2.54,0.01453840,BAR
5162,1704365760.0,9355.16,9352.95,2.21,0.01453840,BAR
5163,1704365820.0,9355.44,9352.95,2.49,0.01453840,BAR
5164,1704365880.0,9355.55,9352.95,2.60,0.01453840,BAR
5165,1704365940.0,9355.60,9352.95,2.64,0.01453840,BAR
5166,1704366000.0,9355.90,9352.95,2.95,0.01453840,BAR
5167,1704366060.0,9356.13,9352.95,3.18,0.01453840,BAR
5168,1704366120.0,9356.42,9352.95,3.47,0.01453840,BAR
5169,1704366180.0,9355.92,9352.95,2.97,0.01453840,BAR
5170,1704366240.0,9356.13,9352.95,3.18,0.01453840,BAR
5171,1704366300.0,9356.08,9352.95,3.12,0.01453840,BAR
5172,1704366360.0,9355.19,9352.95,2.24,0.01453840,BAR
5173,1704366420.0,9355.16,9352.95,2.21,0.01453840,BAR
5174,1704366480.0,9355.49,9352.95,2.54,0.01453840,BAR
5175,1704366540.0,9355.25,9352.95,2.30,0.01453840,BAR
5176,1704366600.0,9355.79,9352.95,2.84,0.01453840,BAR
5177,1704366660.0,9355.33,9352.95,2.37,0.01453840,BAR
5178,1704366720.0,9354.69,9352.95,1.74,0.01453840,BAR
5179,1704366780.0,9355.05,9352.95,2.10,0.01453840,BAR
5180,1704366840.0,9355.05,9352.95,2.10,0.01453840,BAR
5181,1704366900.0,9354.96,9352.95,2.01,0.01453840,BAR
5182,1704366960.0,9354.18,9352.95,1.23,0.01453840,BAR
5183,1704367020.0,9353.97,9352.95,1.01,0.01453840,BAR
5184,1704367080.0,9355.34,9352.95,2.39,0.01453840,BAR
5185,1704367140.0,9355.26,9352.95,2.31,0.01453840,BAR
5186,1704367200.0,9355.65,9352.95,2.70,0.01453840,BAR
5187,1704367260.0,9355.91,9352.95,2.95,0.01453840,BAR
5188,1704367320.0,9356.06,9352.95,3.10,0.01453840,BAR
5189,1704367380.0,9356.42,9352.95,3.46,0.01453840,BAR
5190,1704367440.0,9356.07,9352.95,3.12,0.01453840,BAR
5191,1704367500.0,9356.04,9352.95,3.09,0.01453840,BAR
5192,1704367560.0,9355.76,9352.95,2.81,0.01453840,BAR
5193,1704367620.0,9356.04,9352.95,3.09,0.01453840,BAR
5194,1704367680.0,9356.12,9352.95,3.17,0.01453840,BAR
5195,1704367740.0,9356.12,9352.95,3.17,0.01453840,BAR
5196,1704367800.0,9356.51,9352.95,3.56,0.01453840,BAR
5197,1704367860.0,9357.02,9352.95,4.07,0.01453840,BAR
5198,1704367920.0,9357.85,9352.95,4.89,0.01453840,BAR
5199,1704367980.0,9357.46,9352.95,4.51,0.01453840,BAR
5200,1704368040.0,9357.56,9352.95,4.60,0.01453840,BAR
5201,1704368100.0,9357.56,9352.95,4.60,0.01453840,BAR
5202,1704368160.0,9357.67,9352.95,4.71,0.01453840,BAR
5203,1704368220.0,9356.96,9352.95,4.00,0.01453840,BAR
5204,1704368280.0,9357.24,9352.95,4.28,0.01453840,BAR
5205,1704368340.0,9356.96,9352.95,4.00,0.01453840,BAR
5206,1704368400.0,9356.84,9352.95,3.89,0.01453840,BAR
5207,1704368460.0,9356.34,9352.95,3.39,0.01453840,BAR
5208,1704368520.0,9356.43,9352.95,3.47,0.01453840,BAR
5209,1704368580.0,9356.80,9352.95,3.85,0.01453840,BAR
5210,1704368640.0,9356.77,9352.95,3.82,0.01453840,BAR
5211,1704368700.0,9357.16,9352.95,4.21,0.01453840,BAR
5212,1704368760.0,9356.96,9352.95,4.00,0.01453840,BAR
5213,1704368820.0,9357.36,9352.95,4.41,0.01453840,BAR
5214,1704368880.0,9357.19,9352.95,4.23,0.01453840,BAR
5215,1704368940.0,9357.05,9352.95,4.10,0.01453840,BAR
5216,1704369000.0,9357.03,9352.95,4.08,0.01453840,BAR
5217,1704369060.0,9356.78,9352.95,3.83,0.01453840,BAR
5218,1704369120.0,9357.18,9352.95,4.22,0.01453840,BAR
5219,1704369180.0,9356.94,9352.95,3.99,0.01453840,BAR
5220,1704369240.0,9357.10,9352.95,4.15,0.01453840,BAR
5221,1704369300.0,9356.58,9352.95,3.62,0.01453840,BAR
5222,1704369360.0,9356.63,9352.95,3.67,0.01453840,BAR
5223,1704369420.0,9356.90,9352.95,3.95,0.01453840,BAR
5224,1704369480.0,9357.10,9352.95,4.14,0.01453840,BAR
5225,1704369540.0,9357.10,9352.95,4.14,0.01453840,BAR
5226,1704369600.0,9357.29,9352.95,4.34,0.01453840,BAR
5227,1704369660.0,9357.70,9352.95,4.75,0.01453840,BAR
5228,1704369720.0,9356.67,9352.95,3.72,0.01453840,BAR
5229,1704369780.0,9356.24,9352.95,3.28,0.01453840,BAR
5230,1704369840.0,9356.52,9352.95,3.57,0.01453840,BAR
5231,1704369900.0,9356.22,9352.95,3.27,0.01453840,BAR
5232,1704369960.0,9356.57,9352.95,3.61,0.01453840,BAR
5233,1704370020.0,9356.65,9352.95,3.70,0.01453840,BAR
5234,1704370080.0,9356.99,9352.95,4.03,0.01453840,BAR
5235,1704370140.0,9357.37,9352.95,4.42,0.01453840,BAR
5236,1704370200.0,9357.82,9352.95,4.87,0.01453840,BAR
5237,1704370260.0,9357.61,9352.95,4.66,0.01453840,BAR
5238,1704370320.0,9358.00,9352.95,5.05,0.01453840,BAR
5239,1704370380.0,9357.87,9352.95,4.92,0.01453840,BAR
5240,1704370440.0,9358.08,9352.95,5.13,0.01453840,BAR
5241,1704370500.0,9359.42,9352.95,6.47,0.01453840,BAR
5242,1704370560.0,9360.30,9352.95,7.35,0.01453840,BAR
5243,1704370620.0,9359.96,9352.95,7.01,0.01453840,BAR
5244,1704370680.0,9359.84,9352.95,6.89,0.01453840,BAR
5245,1704370740.0,9360.11,9352.95,7.16,0.01453840,BAR
5246,1704370800.0,9359.87,9352.95,6.92,0.01453840,BAR
5247,1704370860.0,9359.82,9352.95,6.87,0.01453840,BAR
5248,1704370920.0,9359.76,9352.95,6.80,0.01453840,BAR
5249,1704370980.0,9359.49,9352.95,6.54,0.01453840,BAR
5250,1704371040.0,9359.56,9352.95,6.61,0.01453840,BAR
5251,1704371100.0,9358.99,9352.95,6.04,0.01453840,BAR
5252,1704371160.0,9357.16,9352.95,4.21,0.01453840,BAR
5253,1704371220.0,9356.63,9352.95,3.68,0.01453840,BAR
5254,1704371280.0,9357.42,9352.95,4.47,0.01453840,BAR
5255,1704371340.0,9357.02,9352.95,4.07,0.01453840,BAR
5256,1704371400.0,9356.75,9352.95,3.80,0.01453840,BAR
5257,1704371460.0,9357.10,9352.95,4.15,0.01453840,BAR
5258,1704371520.0,9358.83,9352.95,5.88,0.01453840,BAR
5259,1704371580.0,9358.77,9352.95,5.82,0.01453840,BAR
5260,1704371640.0,9358.47,9352.95,5.52,0.01453840,BAR
5261,1704371700.0,9358.55,9352.95,5.60,0.01453840,BAR
5262,1704371760.0,9358.69,9352.95,5.73,0.01453840,BAR
5263,1704371820.0,9359.20,9352.95,6.25,0.01453840,BAR
5264,1704371880.0,9359.35,9352.95,6.40,0.01453840,BAR
5265,1704371940.0,9359.17,9352.95,6.21,0.01453840,BAR
5266,1704372000.0,9358.94,9352.95,5.99,0.01453840,BAR
5267,1704372060.0,9358.96,9352.95,6.01,0.01453840,BAR
5268,1704372120.0,9359.27,9352.95,6.32,0.01453840,BAR
5269,1704372180.0,9358.92,9352.95,5.97,0.01453840,BAR
5270,1704372240.0,9358.42,9352.95,5.46,0.01453840,BAR
5271,1704372300.0,9358.91,9352.95,5.96,0.01453840,BAR
5272,1704372360.0,9359.47,9352.95,6.52,0.01453840,BAR
5273,1704372420.0,9359.04,9352.95,6.09,0.01453840,BAR
5274,1704372480.0,9359.76,9352.95,6.81,0.01453840,BAR
5275,1704372540.0,9359.27,9352.95,6.32,0.01453840,BAR
5276,1704372600.0,9359.47,9352.95,6.51,0.01453840,BAR
5277,1704372660.0,9359.27,9352.95,6.32,0.01453840,BAR
5278,1704372720.0,9359.60,9352.95,6.65,0.01453840,BAR
5279,1704372780.0,9360.07,9352.95,7.12,0.01453840,BAR
5280,1704372840.0,9359.82,9352.95,6.87,0.01453840,BAR
5281,1704372900.0,9360.01,9352.95,7.05,0.01453840,BAR
5282,1704372960.0,9359.87,9352.95,6.92,0.01453840,BAR
5283,1704373020.0,9359.33,9352.95,6.38,0.01453840,BAR
5284,1704373080.0,9359.72,9352.95,6.77,0.01453840,BAR
5285,1704373140.0,9360.03,9352.95,7.08,0.01453840,BAR
5286,1704373200.0,9359.86,9352.95,6.91,0.01453840,BAR
5287,1704373260.0,9359.97,9352.95,7.02,0.01453840,BAR
5288,1704373320.0,9359.11,9352.95,6.16,0.01453840,BAR
5289,1704373380.0,9358.84,9352.95,5.89,0.01453840,BAR
5290,1704373440.0,9359.26,9352.95,6.30,0.01453840,BAR
5291,1704373500.0,9359.57,9352.95,6.62,0.01453840,BAR
5292,1704373560.0,9358.99,9352.95,6.03,0.01453840,BAR
5293,1704373620.0,9358.79,9352.95,5.84,0.01453840,BAR
5294,1704373680.0,9358.91,9352.95,5.96,0.01453840,BAR
5295,1704373740.0,9358.78,9352.95,5.83,0.01453840,BAR
5296,1704373800.0,9358.86,9352.95,5.91,0.01453840,BAR
5297,1704373860.0,9358.77,9352.95,5.82,0.01453840,BAR
5298,1704373920.0,9358.78,9352.95,5.82,0.01453840,BAR
5299,1704373980.0,9358.78,9352.95,5.82,0.01453840,BAR
5300,1704374040.0,9358.88,9352.95,5.93,0.01453840,BAR
5301,1704374100.0,9358.74,9352.95,5.79,0.01453840,BAR
5302,1704374160.0,9358.71,9352.95,5.75,0.01453840,BAR
5303,1704374220.0,9358.47,9352.95,5.52,0.01453840,BAR
5304,1704374280.0,9358.47,9352.95,5.52,0.01453840,BAR
5305,1704374340.0,9358.50,9352.95,5.55,0.01453840,BAR
5306,1704374400.0,9358.39,9352.95,5.44,0.01453840,BAR
5307,1704374460.0,9358.86,9352.95,5.91,0.01453840,BAR
5308,1704374520.0,9358.86,9352.95,5.91,0.01453840,BAR
5309,1704374580.0,9358.23,9352.95,5.28,0.01453840,BAR
5310,1704374640.0,9358.08,9352.95,5.13,0.01453840,BAR
5311,1704374700.0,9358.38,9352.95,5.43,0.01453840,BAR
5312,1704374760.0,9358.68,9352.95,5.73,0.01453840,BAR
5313,1704374820.0,9358.08,9352.95,5.13,0.01453840,BAR
5314,1704374880.0,9357.96,9352.95,5.01,0.01453840,BAR
5315,1704374940.0,9358.00,9352.95,5.05,0.01453840,BAR
5316,1704375000.0,9357.58,9352.95,4.63,0.01453840,BAR
5317,1704375060.0,9357.23,9352.95,4.28,0.01453840,BAR
5318,1704375120.0,9357.77,9352.95,4.82,0.01453840,BAR
5319,1704375180.0,9358.11,9352.95,5.16,0.01453840,BAR
5320,1704375240.0,9357.82,9352.95,4.87,0.01453840,BAR
5321,1704375300.0,9358.28,9352.95,5.33,0.01453840,BAR
5322,1704375360.0,9358.31,9352.95,5.36,0.01453840,BAR
5323,1704375420.0,9358.22,9352.95,5.27,0.01453840,BAR
5324,1704375480.0,9358.24,9352.95,5.29,0.01453840,BAR
5325,1704375540.0,9358.78,9352.95,5.83,0.01453840,BAR
5326,1704375600.0,9358.42,9352.95,5.47,0.01453840,BAR
5327,1704375660.0,9358.41,9352.95,5.46,0.01453840,BAR
5328,1704375720.0,9359.04,9352.95,6.09,0.01453840,BAR
5329,1704375780.0,9359.20,9352.95,6.25,0.01453840,BAR
5330,1704375840.0,9358.85,9352.95,5.90,0.01453840,BAR
5331,1704375900.0,9358.86,9352.95,5.91,0.01453840,BAR
5332,1704375960.0,9359.27,9352.95,6.32,0.01453840,BAR
5333,1704376020.0,9359.49,9352.95,6.54,0.01453840,BAR
5334,1704376080.0,9359.74,9352.95,6.78,0.01453840,BAR
5335,1704376140.0,9359.81,9352.95,6.86,0.01453840,BAR
5336,1704376200.0,9359.98,9352.95,7.02,0.01453840,BAR
5337,1704376260.0,9360.87,9352.95,7.92,0.01453840,BAR
5338,1704376320.0,9361.45,9352.95,8.50,0.01453840,BAR
5339,1704376380.0,9361.16,9352.95,8.21,0.01453840,BAR
5340,1704376440.0,9361.44,9352.95,8.48,0.01453840,BAR
5341,1704376500.0,9361.38,9352.95,8.43,0.01453840,BAR
5342,1704376560.0,9360.90,9352.95,7.95,0.01453840,BAR
5343,1704376620.0,9360.60,9352.95,7.65,0.01453840,BAR
5344,1704376680.0,9360.32,9352.95,7.37,0.01453840,BAR
5345,1704376740.0,9359.57,9352.95,6.62,0.01453840,BAR
5346,1704376800.0,9359.47,9352.95,6.52,0.01453840,BAR
5347,1704376860.0,9358.97,9352.95,6.02,0.01453840,BAR
5348,1704376920.0,9359.02,9352.95,6.07,0.01453840,BAR
5349,1704376980.0,9358.65,9352.95,5.70,0.01453840,BAR
5350,1704377040.0,9359.33,9352.95,6.37,0.01453840,BAR
5351,1704377100.0,9359.33,9352.95,6.38,0.01453840,BAR
5352,1704377160.0,9359.50,9352.95,6.55,0.01453840,BAR
5353,1704377220.0,9359.59,9352.95,6.63,0.01453840,BAR
5354,1704377280.0,9359.70,9352.95,6.75,0.01453840,BAR
5355,1704377340.0,9359.13,9352.95,6.18,0.01453840,BAR
5356,1704377400.0,9358.96,9352.95,6.01,0.01453840,BAR
5357,1704377460.0,9359.28,9352.95,6.33,0.01453840,BAR
5358,1704377520.0,9359.01,9352.95,6.06,0.01453840,BAR
5359,1704377580.0,9358.78,9352.95,5.82,0.01453840,BAR
5360,1704377640.0,9358.94,9352.95,5.99,0.01453840,BAR
5361,1704377700.0,9359.54,9352.95,6.59,0.01453840,BAR
5362,1704377760.0,9360.36,9352.95,7.40,0.01453840,BAR
5363,1704377820.0,9360.19,9352.95,7.24,0.01453840,BAR
5364,1704377880.0,9360.61,9352.95,7.66,0.01453840,BAR
5365,1704377940.0,9360.10,9352.95,7.15,0.01453840,BAR
5366,1704378000.0,9359.93,9352.95,6.98,0.01453840,BAR
5367,1704378060.0,9360.32,9352.95,7.36,0.01453840,BAR
5368,1704378120.0,9360.59,9352.95,7.64,0.01453840,BAR
5369,1704378180.0,9360.35,9352.95,7.40,0.01453840,BAR
5370,1704378240.0,9360.10,9352.95,7.15,0.01453840,BAR
5371,1704378300.0,9359.95,9352.95,7.00,0.01453840,BAR
5372,1704378360.0,9359.36,9352.95,6.41,0.01453840,BAR
5373,1704378420.0,9359.18,9352.95,6.23,0.01453840,BAR
5374,1704378480.0,9359.01,9352.95,6.05,0.01453840,BAR
5375,1704378540.0,9359.35,9352.95,6.40,0.01453840,BAR
5376,1704378600.0,9359.44,9352.95,6.49,0.01453840,BAR
5377,1704378660.0,9358.95,9352.95,6.00,0.01453840,BAR
5378,1704378720.0,9358.93,9352.95,5.97,0.01453840,BAR
5379,1704378780.0,9358.56,9352.95,5.61,0.01453840,BAR
5380,1704378840.0,9358.50,9352.95,5.55,0.01453840,BAR
5381,1704378900.0,9358.81,9352.95,5.86,0.01453840,BAR
5382,1704378960.0,9358.67,9352.95,5.72,0.01453840,BAR
5383,1704379020.0,9358.92,9352.95,5.97,0.01453840,BAR
5384,1704379080.0,9359.08,9352.95,6.13,0.01453840,BAR
5385,1704379140.0,9358.46,9352.95,5.50,0.01453840,BAR
5386,1704379200.0,9358.97,9352.95,6.01,0.01453840,BAR
5387,1704379260.0,9359.01,9352.95,6.06,0.01453840,BAR
5388,1704379320.0,9359.84,9352.95,6.89,0.01453840,BAR
5389,1704379380.0,9360.14,9352.95,7.19,0.01453840,BAR
5390,1704379440.0,9361.19,9352.95,8.24,0.01453840,BAR
5391,1704379500.0,9361.35,9352.95,8.39,0.01453840,BAR
5392,1704379560.0,9360.43,9352.95,7.48,0.01453840,BAR
5393,1704379620.0,9361.45,9352.95,8.50,0.01453840,BAR
5394,1704379680.0,9361.02,9352.95,8.07,0.01453840,BAR
5395,1704379740.0,9361.23,9352.95,8.27,0.01453840,BAR
5396,1704379800.0,9361.76,9352.95,8.81,0.01453840,BAR
5397,1704379860.0,9363.05,9352.95,10.10,0.01453840,BAR
5398,1704379920.0,9364.21,9352.95,11.26,0.01453840,BAR
5399,1704379980.0,9363.90,9352.95,10.95,0.01453840,BAR
5400,1704380040.0,9363.29,9352.95,10.34,0.01453840,BAR
5401,1704380100.0,9364.51,9352.95,11.55,0.01453840,BAR
5402,1704380160.0,9363.57,9352.95,10.62,0.01453840,BAR
5403,1704380220.0,9363.31,9352.95,10.36,0.01453840,BAR
5404,1704380280.0,9363.44,9352.95,10.49,0.01453840,BAR
5405,1704380340.0,9364.36,9352.95,11.41,0.01453840,BAR
5406,1704380400.0,9365.64,9352.95,12.69,0.01453840,BAR
5407,1704380460.0,9365.20,9352.95,12.25,0.01453840,BAR
5408,1704380520.0,9365.35,9352.95,12.40,0.01453840,BAR
5409,1704380580.0,9364.71,9352.95,11.76,0.01453840,BAR
5410,1704380640.0,9363.93,9352.95,10.97,0.01453840,BAR
5411,1704380700.0,9364.30,9352.95,11.35,0.01453840,BAR
5412,1704380760.0,9363.45,9352.95,10.50,0.01453840,BAR
5413,1704380820.0,9363.64,9352.95,10.69,0.01453840,BAR
5414,1704380880.0,9364.09,9352.95,11.14,0.01453840,BAR
5415,1704380940.0,9364.85,9352.95,11.90,0.01453840,BAR
5416,1704381000.0,9364.94,9352.95,11.99,0.01453840,BAR
5417,1704381060.0,9364.71,9352.95,11.76,0.01453840,BAR
5418,1704381120.0,9365.27,9352.95,12.32,0.01453840,BAR
5419,1704381180.0,9365.89,9352.95,12.94,0.01453840,BAR
5420,1704381240.0,9366.46,9352.95,13.51,0.01453840,BAR
5421,1704381300.0,9368.78,9352.95,15.83,0.01453840,BAR
5422,1704381360.0,9368.08,9352.95,15.13,0.01453840,BAR
5423,1704381420.0,9366.76,9352.95,13.81,0.01453840,BAR
5424,1704381480.0,9367.59,9352.95,14.64,0.01453840,BAR
5425,1704381540.0,9367.45,9352.95,14.50,0.01453840,BAR
5426,1704381600.0,9367.55,9352.95,14.60,0.01453840,BAR
5427,1704381660.0,9366.74,9352.95,13.79,0.01453840,BAR
5428,1704381720.0,9366.53,9352.95,13.57,0.01453840,BAR
5429,1704381780.0,9365.61,9352.95,12.66,0.01453840,BAR
5430,1704381840.0,9366.08,9352.95,13.13,0.01453840,BAR
5431,1704381900.0,9367.03,9352.95,14.07,0.01453840,BAR
5432,1704381960.0,9367.14,9352.95,14.18,0.01453840,BAR
5433,1704382020.0,9367.78,9352.95,14.83,0.01453840,BAR
5434,1704382080.0,9370.42,9352.95,17.47,0.01453840,BAR
5435,1704382140.0,9371.31,9352.95,18.36,0.01453840,BAR
5436,1704382200.0,9372.91,9352.95,19.96,0.01453840,BAR
5437,1704382260.0,9372.41,9352.95,19.46,0.01453840,BAR
5438,1704382320.0,9372.30,9352.95,19.35,0.01453840,BAR
5439,1704382380.0,9370.44,9352.95,17.48,0.01453840,BAR
5440,1704382440.0,9370.08,9352.95,17.12,0.01453840,BAR
5441,1704382500.0,9371.63,9352.95,18.68,0.01453840,BAR
5442,1704382560.0,9372.36,9352.95,19.40,0.01453840,BAR
5443,1704382620.0,9372.06,9352.95,19.10,0.01453840,BAR
5444,1704382680.0,9372.05,9352.95,19.10,0.01453840,BAR
5445,1704382740.0,9372.21,9352.95,19.26,0.01453840,BAR
5446,1704382800.0,9370.44,9352.95,17.49,0.01453840,BAR
5447,1704382860.0,9370.23,9352.95,17.27,0.01453840,BAR
5448,1704382920.0,9369.93,9352.95,16.97,0.01453840,BAR
5449,1704382980.0,9371.19,9352.95,18.24,0.01453840,BAR
5450,1704383040.0,9370.99,9352.95,18.04,0.01453840,BAR
5451,1704383100.0,9370.70,9352.95,17.75,0.01453840,BAR
5452,1704383160.0,9368.80,9352.95,15.84,0.01453840,BAR
5453,1704383220.0,9369.16,9352.95,16.21,0.01453840,BAR
5454,1704383280.0,9369.42,9352.95,16.47,0.01453840,BAR
5455,1704383340.0,9369.71,9352.95,16.76,0.01453840,BAR
5456,1704383400.0,9370.13,9352.95,17.18,0.01453840,BAR
5457,1704383460.0,9369.58,9352.95,16.63,0.01453840,BAR
5458,1704383520.0,9369.27,9352.95,16.32,0.01453840,BAR
5459,1704383580.0,9369.33,9352.95,16.38,0.01453840,BAR
5460,1704383640.0,9369.67,9352.95,16.72,0.01453840,BAR
5461,1704383700.0,9369.77,9352.95,16.82,0.01453840,BAR
5462,1704383760.0,9370.39,9352.95,17.44,0.01453840,BAR
5463,1704383820.0,9370.39,9352.95,17.44,0.01453840,BAR
5464,1704383880.0,9370.11,9352.95,17.16,0.01453840,BAR
5465,1704383940.0,9369.81,9352.95,16.86,0.01453840,BAR
5466,1704384000.0,9370.67,9352.95,17.72,0.01453840,BAR
5467,1704384060.0,9370.88,9352.95,17.92,0.01453840,BAR
5468,1704384120.0,9370.13,9352.95,17.18,0.01453840,BAR
5469,1704384180.0,9370.01,9352.95,17.06,0.01453840,BAR
5470,1704384240.0,9369.19,9352.95,16.24,0.01453840,BAR
5471,1704384300.0,9369.29,9352.95,16.34,0.01453840,BAR
5472,1704384360.0,9368.04,9352.95,15.09,0.01453840,BAR
5473,1704384420.0,9366.63,9352.95,13.68,0.01453840,BAR
5474,1704384480.0,9367.95,9352.95,15.00,0.01453840,BAR
5475,1704384540.0,9367.60,9352.95,14.64,0.01453840,BAR
5476,1704384600.0,9368.67,9352.95,15.72,0.01453840,BAR
5477,1704384660.0,9367.14,9352.95,14.18,0.01453840,BAR
5478,1704384720.0,9366.86,9352.95,13.91,0.01453840,BAR
5479,1704384780.0,9367.21,9352.95,14.26,0.01453840,BAR
5480,1704384840.0,9368.02,9352.95,15.07,0.01453840,BAR
5481,1704384900.0,9368.19,9352.95,15.23,0.01453840,BAR
5482,1704384960.0,9368.73,9352.95,15.78,0.01453840,BAR
5483,1704385020.0,9369.52,9352.95,16.57,0.01453840,BAR
5484,1704385080.0,9369.51,9352.95,16.55,0.01453840,BAR
5485,1704385140.0,9369.21,9352.95,16.26,0.01453840,BAR
5486,1704385200.0,9368.88,9352.95,15.93,0.01453840,BAR
5487,1704385260.0,9368.34,9352.95,15.39,0.01453840,BAR
5488,1704385320.0,9367.78,9352.95,14.83,0.01453840,BAR
5489,1704385380.0,9367.24,9352.95,14.29,0.01453840,BAR
5490,1704385440.0,9366.66,9352.95,13.71,0.01453840,BAR
5491,1704385500.0,9367.40,9352.95,14.45,0.01453840,BAR
5492,1704385560.0,9367.49,9352.95,14.53,0.01453840,BAR
5493,1704385620.0,9367.67,9352.95,14.72,0.01453840,BAR
5494,1704385680.0,9367.59,9352.95,14.64,0.01453840,BAR
5495,1704385740.0,9367.27,9352.95,14.32,0.01453840,BAR
5496,1704385800.0,9366.22,9352.95,13.27,0.01453840,BAR
5497,1704385860.0,9366.90,9352.95,13.94,0.01453840,BAR
5498,1704385920.0,9366.61,9352.95,13.66,0.01453840,BAR
5499,1704385980.0,9366.51,9352.95,13.56,0.01453840,BAR
5500,1704386040.0,9366.55,9352.95,13.60,0.01453840,BAR
5501,1704386100.0,9366.49,9352.95,13.53,0.01453840,BAR
5502,1704386160.0,9366.86,9352.95,13.90,0.01453840,BAR
5503,1704386220.0,9367.13,9352.95,14.18,0.01453840,BAR
5504,1704386280.0,9367.60,9352.95,14.64,0.01453840,BAR
5505,1704386340.0,9367.59,9352.95,14.64,0.01453840,BAR
5506,1704386400.0,9367.29,9352.95,14.34,0.01453840,BAR
5507,1704386460.0,9367.08,9352.95,14.13,0.01453840,BAR
5508,1704386520.0,9366.74,9352.95,13.78,0.01453840,BAR
5509,1704386580.0,9367.79,9352.95,14.84,0.01453840,BAR
5510,1704386640.0,9368.18,9352.95,15.22,0.01453840,BAR
5511,1704386700.0,9368.18,9352.95,15.23,0.01453840,BAR
5512,1704386760.0,9368.05,9352.95,15.10,0.01453840,BAR
5513,1704386820.0,9368.61,9352.95,15.66,0.01453840,BAR
5514,1704386880.0,9369.46,9352.95,16.50,0.01453840,BAR
5515,1704386940.0,9368.87,9352.95,15.91,0.01453840,BAR
5516,1704387000.0,9368.90,9352.95,15.95,0.01453840,BAR
5517,1704387060.0,9368.82,9352.95,15.87,0.01453840,BAR
5518,1704387120.0,9368.16,9352.95,15.20,0.01453840,BAR
5519,1704387180.0,9367.49,9352.95,14.54,0.01453840,BAR
5520,1704387240.0,9367.72,9352.95,14.77,0.01453840,BAR
5521,1704387300.0,9367.70,9352.95,14.75,0.01453840,BAR
5522,1704387360.0,9368.08,9352.95,15.12,0.01453840,BAR
5523,1704387420.0,9367.80,9352.95,14.85,0.01453840,BAR
5524,1704387480.0,9367.78,9352.95,14.83,0.01453840,BAR
5525,1704387540.0,9367.84,9352.95,14.89,0.01453840,BAR
5526,1704387600.0,9368.24,9352.95,15.29,0.01453840,BAR
5527,1704387660.0,9367.44,9352.95,14.49,0.01453840,BAR
5528,1704387720.0,9367.09,9352.95,14.14,0.01453840,BAR
5529,1704387780.0,9366.86,9352.95,13.91,0.01453840,BAR
5530,1704387840.0,9367.37,9352.95,14.42,0.01453840,BAR
5531,1704387900.0,9368.31,9352.95,15.36,0.01453840,BAR
5532,1704387960.0,9368.27,9352.95,15.32,0.01453840,BAR
5533,1704388020.0,9368.45,9352.95,15.49,0.01453840,BAR
5534,1704388080.0,9368.46,9352.95,15.51,0.01453840,BAR
5535,1704388140.0,9369.38,9352.95,16.42,0.01453840,BAR
5536,1704388200.0,9369.27,9352.95,16.32,0.01453840,BAR
5537,1704388260.0,9369.70,9352.95,16.75,0.01453840,BAR
5538,1704388320.0,9370.65,9352.95,17.70,0.01453840,BAR
5539,1704388380.0,9370.81,9352.95,17.86,0.01453840,BAR
5540,1704388440.0,9371.32,9352.95,18.37,0.01453840,BAR
5541,1704388500.0,9370.46,9352.95,17.51,0.01453840,BAR
5542,1704388560.0,9370.96,9352.95,18.00,0.01453840,BAR
5543,1704388620.0,9370.05,9352.95,17.10,0.01453840,BAR
5544,1704388680.0,9370.33,9352.95,17.37,0.01453840,BAR
5545,1704388740.0,9370.65,9352.95,17.70,0.01453840,BAR
5546,1704388800.0,9371.54,9352.95,18.58,0.01453840,BAR
5547,1704388860.0,9371.23,9352.95,18.27,0.01453840,BAR
5548,1704388920.0,9371.16,9352.95,18.21,0.01453840,BAR
5549,1704388980.0,9371.58,9352.95,18.63,0.01453840,BAR
5550,1704389040.0,9371.72,9352.95,18.77,0.01453840,BAR
5551,1704389100.0,9371.75,9352.95,18.80,0.01453840,BAR
5552,1704389160.0,9371.48,9352.95,18.53,0.01453840,BAR
5553,1704389220.0,9370.29,9352.95,17.34,0.01453840,BAR
5554,1704389280.0,9370.15,9352.95,17.19,0.01453840,BAR
5555,1704389340.0,9370.31,9352.95,17.36,0.01453840,BAR
5556,1704389400.0,9370.74,9352.95,17.79,0.01453840,BAR
5557,1704389460.0,9370.25,9352.95,17.30,0.01453840,BAR
5558,1704389520.0,9369.23,9352.95,16.28,0.01453840,BAR
5559,1704389580.0,9369.80,9352.95,16.85,0.01453840,BAR
5560,1704389640.0,9370.02,9352.95,17.07,0.01453840,BAR
5561,1704389700.0,9369.64,9352.95,16.69,0.01453840,BAR
5562,1704389760.0,9369.44,9352.95,16.49,0.01453840,BAR
5563,1704389820.0,9369.22,9352.95,16.26,0.01453840,BAR
5564,1704389880.0,9369.22,9352.95,16.26,0.01453840,BAR
5565,1704389940.0,9369.51,9352.95,16.55,0.01453840,BAR
5566,1704390000.0,9367.95,9352.95,14.99,0.01453840,BAR
5567,1704390060.0,9367.70,9352.95,14.75,0.01453840,BAR
5568,1704390120.0,9367.45,9352.95,14.50,0.01453840,BAR
5569,1704390180.0,9367.38,9352.95,14.43,0.01453840,BAR
5570,1704390240.0,9366.60,9352.95,13.65,0.01453840,BAR
5571,1704390300.0,9367.06,9352.95,14.11,0.01453840,BAR
5572,1704390360.0,9367.74,9352.95,14.79,0.01453840,BAR
5573,1704390420.0,9367.90,9352.95,14.95,0.01453840,BAR
5574,1704390480.0,9368.00,9352.95,15.04,0.01453840,BAR
5575,1704390540.0,9367.61,9352.95,14.66,0.01453840,BAR
5576,1704390600.0,9367.78,9352.95,14.83,0.01453840,BAR
5577,1704390660.0,9369.09,9352.95,16.14,0.01453840,BAR
5578,1704390720.0,9369.35,9352.95,16.40,0.01453840,BAR
5579,1704390780.0,9369.78,9352.95,16.83,0.01453840,BAR
5580,1704390840.0,9369.07,9352.95,16.12,0.01453840,BAR
5581,1704390900.0,9368.97,9352.95,16.02,0.01453840,BAR
5582,1704390960.0,9368.93,9352.95,15.98,0.01453840,BAR
5583,1704391020.0,9368.82,9352.95,15.87,0.01453840,BAR
5584,1704391080.0,9368.87,9352.95,15.91,0.01453840,BAR
5585,1704391140.0,9368.92,9352.95,15.97,0.01453840,BAR
5586,1704391200.0,9369.17,9352.95,16.22,0.01453840,BAR
5587,1704391260.0,9369.70,9352.95,16.75,0.01453840,BAR
5588,1704391320.0,9369.76,9352.95,16.81,0.01453840,BAR
5589,1704391380.0,9370.45,9352.95,17.50,0.01453840,BAR
5590,1704391440.0,9369.97,9352.95,17.02,0.01453840,BAR
5591,1704391500.0,9369.81,9352.95,16.86,0.01453840,BAR
5592,1704391560.0,9370.35,9352.95,17.40,0.01453840,BAR
5593,1704391620.0,9370.04,9352.95,17.09,0.01453840,BAR
5594,1704391680.0,9370.19,9352.95,17.24,0.01453840,BAR
5595,1704391740.0,9369.80,9352.95,16.85,0.01453840,BAR
5596,1704391800.0,9369.49,9352.95,16.54,0.01453840,BAR
5597,1704391860.0,9369.28,9352.95,16.33,0.01453840,BAR
5598,1704391920.0,9369.22,9352.95,16.27,0.01453840,BAR
5599,1704391980.0,9368.56,9352.95,15.61,0.01453840,BAR
5600,1704392040.0,9368.75,9352.95,15.80,0.01453840,BAR
5601,1704392100.0,9368.75,9352.95,15.80,0.01453840,BAR
5602,1704392160.0,9369.48,9352.95,16.53,0.01453840,BAR
5603,1704392220.0,9369.74,9352.95,16.79,0.01453840,BAR
5604,1704392280.0,9369.80,9352.95,16.84,0.01453840,BAR
5605,1704392340.0,9368.90,9352.95,15.95,0.01453840,BAR
5606,1704392400.0,9368.18,9352.95,15.23,0.01453840,BAR
5607,1704392460.0,9367.76,9352.95,14.81,0.01453840,BAR
5608,1704392520.0,9367.70,9352.95,14.75,0.01453840,BAR
5609,1704392580.0,9369.62,9352.95,16.66,0.01453840,BAR
5610,1704392640.0,9369.36,9352.95,16.41,0.01453840,BAR
5611,1704392700.0,9369.56,9352.95,16.61,0.01453840,BAR
5612,1704392760.0,9369.22,9352.95,16.26,0.01453840,BAR
5613,1704392820.0,9369.03,9352.95,16.08,0.01453840,BAR
5614,1704392880.0,9369.23,9352.95,16.28,0.01453840,BAR
5615,1704392940.0,9368.72,9352.95,15.77,0.01453840,BAR
5616,1704393000.0,9369.19,9352.95,16.24,0.01453840,BAR
5617,1704393060.0,9369.24,9352.95,16.29,0.01453840,BAR
5618,1704393120.0,9369.35,9352.95,16.40,0.01453840,BAR
5619,1704393180.0,9369.33,9352.95,16.38,0.01453840,BAR
5620,1704393240.0,9369.11,9352.95,16.15,0.01453840,BAR
5621,1704393300.0,9369.27,9352.95,16.32,0.01453840,BAR
5622,1704393360.0,9368.92,9352.95,15.97,0.01453840,BAR
5623,1704393420.0,9368.83,9352.95,15.88,0.01453840,BAR
5624,1704393480.0,9368.73,9352.95,15.77,0.01453840,BAR
5625,1704393540.0,9370.09,9352.95,17.14,0.01453840,BAR
5626,1704393600.0,9370.00,9352.95,17.05,0.01453840,BAR
5627,1704393660.0,9370.38,9352.95,17.43,0.01453840,BAR
5628,1704393720.0,9370.21,9352.95,17.26,0.01453840,BAR
5629,1704393780.0,9370.05,9352.95,17.10,0.01453840,BAR
5630,1704393840.0,9370.24,9352.95,17.29,0.01453840,BAR
5631,1704393900.0,9370.84,9352.95,17.89,0.01453840,BAR
5632,1704393960.0,9370.65,9352.95,17.70,0.01453840,BAR
5633,1704394020.0,9370.39,9352.95,17.44,0.01453840,BAR
5634,1704394080.0,9370.66,9352.95,17.71,0.01453840,BAR
5635,1704394140.0,9370.47,9352.95,17.51,0.01453840,BAR
5636,1704394200.0,9370.39,9352.95,17.44,0.01453840,BAR
5637,1704394260.0,9369.90,9352.95,16.95,0.01453840,BAR
5638,1704394320.0,9369.93,9352.95,16.98,0.01453840,BAR
5639,1704394380.0,9370.14,9352.95,17.19,0.01453840,BAR
5640,1704394440.0,9369.96,9352.95,17.01,0.01453840,BAR
5641,1704394500.0,9369.86,9352.95,16.90,0.01453840,BAR
5642,1704394560.0,9369.88,9352.95,16.93,0.01453840,BAR
5643,1704394620.0,9370.15,9352.95,17.20,0.01453840,BAR
5644,1704394680.0,9369.91,9352.95,16.96,0.01453840,BAR
5645,1704394740.0,9369.78,9352.95,16.83,0.01453840,BAR
5646,1704394800.0,9370.18,9352.95,17.22,0.01453840,BAR
5647,1704394860.0,9370.24,9352.95,17.29,0.01453840,BAR
5648,1704394920.0,9370.90,9352.95,17.95,0.01453840,BAR
5649,1704394980.0,9371.61,9352.95,18.66,0.01453840,BAR
5650,1704395040.0,9371.66,9352.95,18.70,0.01453840,BAR
5651,1704395100.0,9371.32,9352.95,18.37,0.01453840,BAR
5652,1704395160.0,9371.70,9352.95,18.75,0.01453840,BAR
5653,1704395220.0,9371.57,9352.95,18.62,0.01453840,BAR
5654,1704395280.0,9371.33,9352.95,18.38,0.01453840,BAR
5655,1704395340.0,9371.31,9352.95,18.36,0.01453840,BAR
5656,1704395400.0,9371.64,9352.95,18.68,0.01453840,BAR
5657,1704395460.0,9371.70,9352.95,18.75,0.01453840,BAR
5658,1704395520.0,9371.83,9352.95,18.88,0.01453840,BAR
5659,1704395580.0,9372.07,9352.95,19.12,0.01453840,BAR
5660,1704395640.0,9372.17,9352.95,19.22,0.01453840,BAR
5661,1704395700.0,9372.72,9352.95,19.77,0.01453840,BAR
5662,1704395760.0,9371.80,9352.95,18.85,0.01453840,BAR
5663,1704395820.0,9372.81,9352.95,19.85,0.01453840,BAR
5664,1704395880.0,9374.04,9352.95,21.09,0.01453840,BAR
5665,1704395940.0,9374.22,9352.95,21.26,0.01453840,BAR
5666,1704396000.0,9373.85,9352.95,20.90,0.01453840,BAR
5667,1704396060.0,9374.56,9352.95,21.60,0.01453840,BAR
5668,1704396120.0,9374.03,9352.95,21.08,0.01453840,BAR
5669,1704396180.0,9373.69,9352.95,20.74,0.01453840,BAR
5670,1704396240.0,9373.60,9352.95,20.64,0.01453840,BAR
5671,1704396300.0,9373.80,9352.95,20.85,0.01453840,BAR
5672,1704396360.0,9373.83,9352.95,20.87,0.01453840,BAR
5673,1704396420.0,9374.83,9352.95,21.88,0.01453840,BAR
5674,1704396480.0,9375.09,9352.95,22.14,0.01453840,BAR
5675,1704396540.0,9374.66,9352.95,21.70,0.01453840,BAR
5676,1704396600.0,9375.09,9352.95,22.14,0.01453840,BAR
5677,1704396660.0,9374.38,9352.95,21.42,0.01453840,BAR
5678,1704396720.0,9372.19,9352.95,19.23,0.01453840,BAR
5679,1704396780.0,9372.34,9352.95,19.39,0.01453840,BAR
5680,1704396840.0,9372.50,9352.95,19.54,0.01453840,BAR
5681,1704396900.0,9372.26,9352.95,19.31,0.01453840,BAR
5682,1704396960.0,9372.72,9352.95,19.77,0.01453840,BAR
5683,1704397020.0,9371.46,9352.95,18.50,0.01453840,BAR
5684,1704397080.0,9370.71,9352.95,17.76,0.01453840,BAR
5685,1704397140.0,9370.84,9352.95,17.89,0.01453840,BAR
5686,1704397200.0,9370.72,9352.95,17.77,0.01453840,BAR
5687,1704397260.0,9370.10,9352.95,17.15,0.01453840,BAR
5688,1704397320.0,9370.29,9352.95,17.34,0.01453840,BAR
5689,1704397380.0,9370.28,9352.95,17.32,0.01453840,BAR
5690,1704397440.0,9370.51,9352.95,17.56,0.01453840,BAR
5691,1704397500.0,9369.96,9352.95,17.00,0.01453840,BAR
5692,1704397560.0,9368.23,9352.95,15.28,0.01453840,BAR
5693,1704397620.0,9368.57,9352.95,15.62,0.01453840,BAR
5694,1704397680.0,9368.69,9352.95,15.74,0.01453840,BAR
5695,1704397740.0,9369.30,9352.95,16.35,0.01453840,BAR
5696,1704397800.0,9370.24,9352.95,17.29,0.01453840,BAR
5697,1704397860.0,9370.02,9352.95,17.07,0.01453840,BAR
5698,1704397920.0,9369.39,9352.95,16.44,0.01453840,BAR
5699,1704397980.0,9368.84,9352.95,15.89,0.01453840,BAR
5700,1704398040.0,9368.49,9352.95,15.54,0.01453840,BAR
5701,1704398100.0,9369.07,9352.95,16.12,0.01453840,BAR
5702,1704398160.0,9368.49,9352.95,15.54,0.01453840,BAR
5703,1704398220.0,9368.33,9352.95,15.38,0.01453840,BAR
5704,1704398280.0,9368.52,9352.95,15.56,0.01453840,BAR
5705,1704398340.0,9368.44,9352.95,15.49,0.01453840,BAR
5706,1704398400.0,9369.09,9352.95,16.13,0.01453840,BAR
5707,1704398460.0,9368.52,9352.95,15.57,0.01453840,BAR
5708,1704398520.0,9368.97,9352.95,16.02,0.01453840,BAR
5709,1704398580.0,9369.28,9352.95,16.33,0.01453840,BAR
5710,1704398640.0,9368.93,9352.95,15.97,0.01453840,BAR
5711,1704398700.0,9369.14,9352.95,16.19,0.01453840,BAR
5712,1704398760.0,9368.50,9352.95,15.55,0.01453840,BAR
5713,1704398820.0,9367.76,9352.95,14.81,0.01453840,BAR
5714,1704398880.0,9367.62,9352.95,14.66,0.01453840,BAR
5715,1704398940.0,9367.91,9352.95,14.96,0.01453840,BAR
5716,1704399000.0,9368.12,9352.95,15.17,0.01453840,BAR
5717,1704399060.0,9367.99,9352.95,15.04,0.01453840,BAR
5718,1704399120.0,9368.21,9352.95,15.26,0.01453840,BAR
5719,1704399180.0,9368.34,9352.95,15.38,0.01453840,BAR
5720,1704399240.0,9368.85,9352.95,15.90,0.01453840,BAR
5721,1704399300.0,9368.65,9352.95,15.70,0.01453840,BAR
5722,1704399360.0,9368.58,9352.95,15.63,0.01453840,BAR
5723,1704399420.0,9369.45,9352.95,16.50,0.01453840,BAR
5724,1704399480.0,9368.96,9352.95,16.01,0.01453840,BAR
5725,1704399540.0,9368.88,9352.95,15.93,0.01453840,BAR
5726,1704399600.0,9369.81,9352.95,16.86,0.01453840,BAR
5727,1704399660.0,9369.98,9352.95,17.03,0.01453840,BAR
5728,1704399720.0,9369.51,9352.95,16.55,0.01453840,BAR
5729,1704399780.0,9369.81,9352.95,16.86,0.01453840,BAR
5730,1704399840.0,9369.54,9352.95,16.59,0.01453840,BAR
5731,1704399900.0,9369.69,9352.95,16.74,0.01453840,BAR
5732,1704399960.0,9368.83,9352.95,15.88,0.01453840,BAR
5733,1704400020.0,9369.69,9352.95,16.74,0.01453840,BAR
5734,1704400080.0,9369.39,9352.95,16.44,0.01453840,BAR
5735,1704400140.0,9370.10,9352.95,17.15,0.01453840,BAR
5736,1704400200.0,9370.34,9352.95,17.38,0.01453840,BAR
5737,1704400260.0,9370.45,9352.95,17.50,0.01453840,BAR
5738,1704400320.0,9370.61,9352.95,17.66,0.01453840,BAR
5739,1704400380.0,9370.96,9352.95,18.01,0.01453840,BAR
5740,1704400440.0,9370.93,9352.95,17.98,0.01453840,BAR
5741,1704400500.0,9370.62,9352.95,17.66,0.01453840,BAR
5742,1704400560.0,9370.64,9352.95,17.69,0.01453840,BAR
5743,1704400620.0,9373.63,9352.95,20.68,0.01453840,BAR
5744,1704400680.0,10000.17,10000.17,0.00,0.00000000,BAR
5745,1704400740.0,10000.17,10000.17,0.00,0.00000000,BAR
5746,1704400800.0,10000.17,10000.17,0.00,0.00000000,BAR
5747,1704400860.0,10000.17,10000.17,0.00,0.00000000,BAR
5748,1704400920.0,10000.17,10000.17,0.00,0.00000000,BAR
5749,1704400980.0,10000.17,10000.17,0.00,0.00000000,BAR
5750,1704401040.0,10000.17,10000.17,0.00,0.00000000,BAR
5751,1704401100.0,10000.17,10000.17,0.00,0.00000000,BAR
5752,1704401160.0,10000.17,10000.17,0.00,0.00000000,BAR
5753,1704401220.0,10000.17,10000.17,0.00,0.00000000,BAR
5754,1704401280.0,10000.17,10000.17,0.00,0.00000000,BAR
5755,1704401340.0,10000.17,10000.17,0.00,0.00000000,BAR
5756,1704401400.0,10000.17,10000.17,0.00,0.00000000,BAR
5757,1704401460.0,10000.17,10000.17,0.00,0.00000000,BAR
5758,1704401520.0,10000.17,10000.17,0.00,0.00000000,BAR
5759,1704401580.0,10000.17,10000.17,0.00,0.00000000,BAR
5760,1704401640.0,10000.17,10000.17,0.00,0.00000000,BAR
5761,1704401700.0,10000.17,10000.17,0.00,0.00000000,BAR
5762,1704401760.0,10000.17,10000.17,0.00,0.00000000,BAR
5763,1704401820.0,10000.17,10000.17,0.00,0.00000000,BAR
5764,1704401880.0,10000.17,10000.17,0.00,0.00000000,BAR
5765,1704401940.0,10000.17,10000.17,0.00,0.00000000,BAR
